unit_id,delay,duration,lib_id,abs_max_value,x_deg,y_deg,theta_deg,sigma_deg,xi,yi,theta_idx,theta_rad,sigma_idx,sigma,frequency_idx,frequency,source_file
0,0.15,0.2,ab4a70858e,0.10706720501184464,4.477611940298516,-9.858490566037737,22.515923572829195,17.91,36,32,1,0.3141592653589793,3,5.0,8,0.09,/user/raabe14/u19361/workspace-allen/results/VISp_1/trial_0/phase_0/lib_ab4a70858e/lib_ab4a70858e__delay_0.15__dur_0.2.h5
1,0.0,0.0,ab4a70858e,0.09167712181806564,-45.67164179104478,-25.99056603773585,45.02251307527088,7.16,8,41,2,0.6283185307179586,0,2.0,10,1.1,/user/raabe14/u19361/workspace-allen/results/VISp_1/trial_0/phase_0/lib_ab4a70858e/lib_ab4a70858e__delay_0.0__dur_0.0.h5
10,0.12,0.2,ab4a70858e,0.10943644493818283,-9.850746268656714,-15.235849056603776,45.02251307527088,17.91,28,35,2,0.6283185307179586,3,5.0,5,0.06,/user/raabe14/u19361/workspace-allen/results/VISp_1/trial_0/phase_0/lib_ab4a70858e/lib_ab4a70858e__delay_0.12__dur_0.2.h5
100,0.09,0.2,ab4a70858e,0.143500417470932,6.268656716417908,-6.273584905660378,22.515923572829195,7.16,37,30,1,0.3141592653589793,0,2.0,9,0.1,/user/raabe14/u19361/workspace-allen/results/VISp_1/trial_0/phase_0/lib_ab4a70858e/lib_ab4a70858e__delay_0.09__dur_0.2.h5
101,0.12,0.0,ab4a70858e,0.20866337418556213,-0.8955223880596961,-17.028301886792452,22.515923572829163,10.74,33,36,9,2.827433388230814,1,3.0,8,0.09,/user/raabe14/u19361/workspace-allen/results/VISp_1/trial_0/phase_0/lib_ab4a70858e/lib_ab4a70858e__delay_0.12__dur_0.0.h5
102,0.09,0.2,ab4a70858e,0.15067075192928314,-0.8955223880596961,-8.066037735849058,45.02251307527088,10.74,33,31,2,0.6283185307179586,1,3.0,9,0.1,/user/raabe14/u19361/workspace-allen/results/VISp_1/trial_0/phase_0/lib_ab4a70858e/lib_ab4a70858e__delay_0.09__dur_0.2.h5
103,0.12,0.0,ab4a70858e,0.1875963807106018,-0.8955223880596961,-11.650943396226417,112.48408527317332,7.16,33,33,5,1.5707963267948966,0,2.0,11,1.2,/user/raabe14/u19361/workspace-allen/results/VISp_1/trial_0/phase_0/lib_ab4a70858e/lib_ab4a70858e__delay_0.12__dur_0.0.h5
104,0.15,0.0,ab4a70858e,0.20460407435894012,6.268656716417908,-13.443396226415096,67.51591472682667,14.32,37,34,3,0.9424777960769379,2,4.0,8,0.09,/user/raabe14/u19361/workspace-allen/results/VISp_1/trial_0/phase_0/lib_ab4a70858e/lib_ab4a70858e__delay_0.15__dur_0.0.h5
105,0.15,0.0,ab4a70858e,0.16496169567108154,-0.8955223880596961,-11.650943396226417,0.0,7.16,33,33,0,0.0,0,2.0,11,1.2,/user/raabe14/u19361/workspace-allen/results/VISp_1/trial_0/phase_0/lib_ab4a70858e/lib_ab4a70858e__delay_0.15__dur_0.0.h5
106,0.15,0.0,ab4a70858e,0.15500394999980927,2.6865671641791096,-15.235849056603776,45.02251307527088,10.74,35,35,2,0.6283185307179586,1,3.0,8,0.09,/user/raabe14/u19361/workspace-allen/results/VISp_1/trial_0/phase_0/lib_ab4a70858e/lib_ab4a70858e__delay_0.15__dur_0.0.h5
107,0.12,0.0,ab4a70858e,0.22336150705814362,4.477611940298516,-8.066037735849058,67.51591472682667,10.74,36,31,3,0.9424777960769379,1,3.0,7,0.08,/user/raabe14/u19361/workspace-allen/results/VISp_1/trial_0/phase_0/lib_ab4a70858e/lib_ab4a70858e__delay_0.12__dur_0.0.h5
108,0.15,0.0,ab4a70858e,0.136297345161438,13.43283582089552,-11.650943396226417,112.48408527317332,10.74,41,33,5,1.5707963267948966,1,3.0,6,0.07,/user/raabe14/u19361/workspace-allen/results/VISp_1/trial_0/phase_0/lib_ab4a70858e/lib_ab4a70858e__delay_0.15__dur_0.0.h5
109,0.15,0.0,ab4a70858e,0.1797497421503067,6.268656716417908,-15.235849056603776,22.515923572829195,17.91,37,35,1,0.3141592653589793,3,5.0,8,0.09,/user/raabe14/u19361/workspace-allen/results/VISp_1/trial_0/phase_0/lib_ab4a70858e/lib_ab4a70858e__delay_0.15__dur_0.0.h5
11,0.15,0.2,ab4a70858e,0.1810828149318695,-20.59701492537313,4.481132075471699,157.4840764271708,17.91,22,24,7,2.199114857512855,3,5.0,12,1.3,/user/raabe14/u19361/workspace-allen/results/VISp_1/trial_0/phase_0/lib_ab4a70858e/lib_ab4a70858e__delay_0.15__dur_0.2.h5
110,0.15,0.0,ab4a70858e,0.23207685351371765,0.8955223880597032,-9.858490566037737,22.515923572829195,17.91,34,32,1,0.3141592653589793,3,5.0,7,0.08,/user/raabe14/u19361/workspace-allen/results/VISp_1/trial_0/phase_0/lib_ab4a70858e/lib_ab4a70858e__delay_0.15__dur_0.0.h5
111,0.12,0.0,ab4a70858e,0.18281003832817078,4.477611940298516,-6.273584905660378,180.0,14.32,36,30,8,2.5132741228718345,2,4.0,5,0.06,/user/raabe14/u19361/workspace-allen/results/VISp_1/trial_0/phase_0/lib_ab4a70858e/lib_ab4a70858e__delay_0.12__dur_0.0.h5
112,0.09,0.2,ab4a70858e,0.14149045944213867,6.268656716417908,-4.481132075471699,180.0,14.32,37,29,8,2.5132741228718345,2,4.0,9,0.1,/user/raabe14/u19361/workspace-allen/results/VISp_1/trial_0/phase_0/lib_ab4a70858e/lib_ab4a70858e__delay_0.09__dur_0.2.h5
113,0.09,0.0,ab4a70858e,0.17058350145816803,0.8955223880597032,-15.235849056603776,22.515923572829195,10.74,34,35,1,0.3141592653589793,1,3.0,9,0.1,/user/raabe14/u19361/workspace-allen/results/VISp_1/trial_0/phase_0/lib_ab4a70858e/lib_ab4a70858e__delay_0.09__dur_0.0.h5
114,0.12,0.0,ab4a70858e,0.15046627819538116,-8.059701492537314,-9.858490566037737,157.4840764271708,14.32,29,32,7,2.199114857512855,2,4.0,8,0.09,/user/raabe14/u19361/workspace-allen/results/VISp_1/trial_0/phase_0/lib_ab4a70858e/lib_ab4a70858e__delay_0.12__dur_0.0.h5
115,0.15,0.0,ab4a70858e,0.171121746301651,0.8955223880597032,-8.066037735849058,22.515923572829195,14.32,34,31,1,0.3141592653589793,2,4.0,9,0.1,/user/raabe14/u19361/workspace-allen/results/VISp_1/trial_0/phase_0/lib_ab4a70858e/lib_ab4a70858e__delay_0.15__dur_0.0.h5
116,0.15,0.0,ab4a70858e,0.1292431503534317,11.641791044776127,-8.066037735849058,112.48408527317332,10.74,40,31,5,1.5707963267948966,1,3.0,5,0.06,/user/raabe14/u19361/workspace-allen/results/VISp_1/trial_0/phase_0/lib_ab4a70858e/lib_ab4a70858e__delay_0.15__dur_0.0.h5
117,0.12,0.0,ab4a70858e,0.17004843056201935,0.8955223880597032,-2.6886792452830193,180.0,17.91,34,28,8,2.5132741228718345,3,5.0,6,0.07,/user/raabe14/u19361/workspace-allen/results/VISp_1/trial_0/phase_0/lib_ab4a70858e/lib_ab4a70858e__delay_0.12__dur_0.0.h5
118,0.09,0.0,ab4a70858e,0.1951923817396164,0.8955223880597032,-11.650943396226417,67.51591472682667,17.91,34,33,3,0.9424777960769379,3,5.0,6,0.07,/user/raabe14/u19361/workspace-allen/results/VISp_1/trial_0/phase_0/lib_ab4a70858e/lib_ab4a70858e__delay_0.09__dur_0.0.h5
119,0.03,0.2,ab4a70858e,0.1114373505115509,-2.6865671641791025,-11.650943396226417,112.48408527317332,14.32,32,33,5,1.5707963267948966,2,4.0,11,1.2,/user/raabe14/u19361/workspace-allen/results/VISp_1/trial_0/phase_0/lib_ab4a70858e/lib_ab4a70858e__delay_0.03__dur_0.2.h5
12,0.12,0.2,ab4a70858e,0.12717382609844208,11.641791044776127,-9.858490566037737,67.51591472682667,21.49,40,32,3,0.9424777960769379,4,6.0,3,0.04,/user/raabe14/u19361/workspace-allen/results/VISp_1/trial_0/phase_0/lib_ab4a70858e/lib_ab4a70858e__delay_0.12__dur_0.2.h5
120,0.12,0.0,ab4a70858e,0.19386087357997894,-4.477611940298509,-4.481132075471699,67.51591472682667,14.32,31,29,3,0.9424777960769379,2,4.0,9,0.1,/user/raabe14/u19361/workspace-allen/results/VISp_1/trial_0/phase_0/lib_ab4a70858e/lib_ab4a70858e__delay_0.12__dur_0.0.h5
121,0.09,0.0,ab4a70858e,0.143839493393898,-2.6865671641791025,-6.273584905660378,134.9774869247291,14.32,32,30,6,1.8849555921538759,2,4.0,9,0.1,/user/raabe14/u19361/workspace-allen/results/VISp_1/trial_0/phase_0/lib_ab4a70858e/lib_ab4a70858e__delay_0.09__dur_0.0.h5
122,0.15,0.2,ab4a70858e,0.18853163719177246,0.8955223880597032,-13.443396226415096,0.0,7.16,34,34,0,0.0,0,2.0,9,0.1,/user/raabe14/u19361/workspace-allen/results/VISp_1/trial_0/phase_0/lib_ab4a70858e/lib_ab4a70858e__delay_0.15__dur_0.2.h5
123,0.0,0.2,ab4a70858e,0.1386909782886505,-22.388059701492537,-15.235849056603776,157.4840764271708,10.74,21,35,7,2.199114857512855,1,3.0,12,1.3,/user/raabe14/u19361/workspace-allen/results/VISp_1/trial_0/phase_0/lib_ab4a70858e/lib_ab4a70858e__delay_0.0__dur_0.2.h5
124,0.09,0.2,ab4a70858e,0.15604548156261444,-6.268656716417908,-0.8962264150943398,22.515923572829195,10.74,30,27,1,0.3141592653589793,1,3.0,9,0.1,/user/raabe14/u19361/workspace-allen/results/VISp_1/trial_0/phase_0/lib_ab4a70858e/lib_ab4a70858e__delay_0.09__dur_0.2.h5
125,0.09,0.0,ab4a70858e,0.17920058965682983,-8.059701492537314,-6.273584905660378,112.48408527317332,14.32,29,30,5,1.5707963267948966,2,4.0,6,0.07,/user/raabe14/u19361/workspace-allen/results/VISp_1/trial_0/phase_0/lib_ab4a70858e/lib_ab4a70858e__delay_0.09__dur_0.0.h5
126,0.12,0.0,ab4a70858e,0.11645928025245667,2.6865671641791096,-8.066037735849058,112.48408527317332,7.16,35,31,5,1.5707963267948966,0,2.0,7,0.08,/user/raabe14/u19361/workspace-allen/results/VISp_1/trial_0/phase_0/lib_ab4a70858e/lib_ab4a70858e__delay_0.12__dur_0.0.h5
127,0.12,0.0,ab4a70858e,0.2039663940668106,9.85074626865672,-9.858490566037737,157.4840764271708,10.74,39,32,7,2.199114857512855,1,3.0,8,0.09,/user/raabe14/u19361/workspace-allen/results/VISp_1/trial_0/phase_0/lib_ab4a70858e/lib_ab4a70858e__delay_0.12__dur_0.0.h5
128,0.06,0.0,ab4a70858e,0.11395977437496185,-15.223880597014926,0.8962264150943398,67.51591472682667,10.74,25,26,3,0.9424777960769379,1,3.0,12,1.3,/user/raabe14/u19361/workspace-allen/results/VISp_1/trial_0/phase_0/lib_ab4a70858e/lib_ab4a70858e__delay_0.06__dur_0.0.h5
129,0.12,0.0,ab4a70858e,0.23039834201335907,-2.6865671641791025,-9.858490566037737,0.0,10.74,32,32,0,0.0,1,3.0,7,0.08,/user/raabe14/u19361/workspace-allen/results/VISp_1/trial_0/phase_0/lib_ab4a70858e/lib_ab4a70858e__delay_0.12__dur_0.0.h5
13,0.09,0.2,ab4a70858e,0.20550483465194702,-40.298507462686565,8.066037735849058,67.51591472682667,14.32,11,22,3,0.9424777960769379,2,4.0,12,1.3,/user/raabe14/u19361/workspace-allen/results/VISp_1/trial_0/phase_0/lib_ab4a70858e/lib_ab4a70858e__delay_0.09__dur_0.2.h5
130,0.15,0.0,ab4a70858e,0.17907603085041046,-0.8955223880596961,-15.235849056603776,67.51591472682667,7.16,33,35,3,0.9424777960769379,0,2.0,12,1.3,/user/raabe14/u19361/workspace-allen/results/VISp_1/trial_0/phase_0/lib_ab4a70858e/lib_ab4a70858e__delay_0.15__dur_0.0.h5
131,0.15,0.2,ab4a70858e,0.16820745170116425,-0.8955223880596961,-6.273584905660378,22.515923572829195,17.91,33,30,1,0.3141592653589793,3,5.0,9,0.1,/user/raabe14/u19361/workspace-allen/results/VISp_1/trial_0/phase_0/lib_ab4a70858e/lib_ab4a70858e__delay_0.15__dur_0.2.h5
132,0.09,0.0,ab4a70858e,0.16002950072288513,0.8955223880597032,-15.235849056603776,0.0,14.32,34,35,0,0.0,2,4.0,9,0.1,/user/raabe14/u19361/workspace-allen/results/VISp_1/trial_0/phase_0/lib_ab4a70858e/lib_ab4a70858e__delay_0.09__dur_0.0.h5
133,0.09,0.0,ab4a70858e,0.14540040493011475,8.059701492537314,-13.443396226415096,45.02251307527088,10.74,38,34,2,0.6283185307179586,1,3.0,9,0.1,/user/raabe14/u19361/workspace-allen/results/VISp_1/trial_0/phase_0/lib_ab4a70858e/lib_ab4a70858e__delay_0.09__dur_0.0.h5
134,0.15,0.0,ab4a70858e,0.1932244449853897,-2.6865671641791025,-13.443396226415096,22.515923572829163,7.16,32,34,9,2.827433388230814,0,2.0,6,0.07,/user/raabe14/u19361/workspace-allen/results/VISp_1/trial_0/phase_0/lib_ab4a70858e/lib_ab4a70858e__delay_0.15__dur_0.0.h5
135,0.15,0.0,ab4a70858e,0.18474267423152924,9.85074626865672,-11.650943396226417,90.0,14.32,39,33,4,1.2566370614359172,2,4.0,6,0.07,/user/raabe14/u19361/workspace-allen/results/VISp_1/trial_0/phase_0/lib_ab4a70858e/lib_ab4a70858e__delay_0.15__dur_0.0.h5
136,0.0,0.2,ab4a70858e,0.11903845518827438,-20.59701492537313,-2.6886792452830193,180.0,17.91,22,28,8,2.5132741228718345,3,5.0,11,1.2,/user/raabe14/u19361/workspace-allen/results/VISp_1/trial_0/phase_0/lib_ab4a70858e/lib_ab4a70858e__delay_0.0__dur_0.2.h5
137,0.0,0.0,ab4a70858e,0.09563247114419937,36.71641791044776,-9.858490566037737,180.0,17.91,54,32,8,2.5132741228718345,3,5.0,8,0.09,/user/raabe14/u19361/workspace-allen/results/VISp_1/trial_0/phase_0/lib_ab4a70858e/lib_ab4a70858e__delay_0.0__dur_0.0.h5
138,0.12,0.2,ab4a70858e,0.19569608569145203,-22.388059701492537,8.066037735849058,157.4840764271708,14.32,21,22,7,2.199114857512855,2,4.0,12,1.3,/user/raabe14/u19361/workspace-allen/results/VISp_1/trial_0/phase_0/lib_ab4a70858e/lib_ab4a70858e__delay_0.12__dur_0.2.h5
139,0.15,0.0,ab4a70858e,0.17026196420192719,11.641791044776127,-6.273584905660378,134.9774869247291,10.74,40,30,6,1.8849555921538759,1,3.0,8,0.09,/user/raabe14/u19361/workspace-allen/results/VISp_1/trial_0/phase_0/lib_ab4a70858e/lib_ab4a70858e__delay_0.15__dur_0.0.h5
14,0.12,0.0,ab4a70858e,0.11653535813093185,13.43283582089552,-4.481132075471699,180.0,14.32,41,29,8,2.5132741228718345,2,4.0,6,0.07,/user/raabe14/u19361/workspace-allen/results/VISp_1/trial_0/phase_0/lib_ab4a70858e/lib_ab4a70858e__delay_0.12__dur_0.0.h5
140,0.12,0.0,ab4a70858e,0.12298829853534698,4.477611940298516,-13.443396226415096,134.9774869247291,10.74,36,34,6,1.8849555921538759,1,3.0,9,0.1,/user/raabe14/u19361/workspace-allen/results/VISp_1/trial_0/phase_0/lib_ab4a70858e/lib_ab4a70858e__delay_0.12__dur_0.0.h5
141,0.09,0.2,ab4a70858e,0.18079297244548798,4.477611940298516,-8.066037735849058,22.515923572829195,7.16,36,31,1,0.3141592653589793,0,2.0,9,0.1,/user/raabe14/u19361/workspace-allen/results/VISp_1/trial_0/phase_0/lib_ab4a70858e/lib_ab4a70858e__delay_0.09__dur_0.2.h5
142,0.12,0.2,ab4a70858e,0.14559490978717804,-4.477611940298509,-11.650943396226417,157.4840764271708,10.74,31,33,7,2.199114857512855,1,3.0,9,0.1,/user/raabe14/u19361/workspace-allen/results/VISp_1/trial_0/phase_0/lib_ab4a70858e/lib_ab4a70858e__delay_0.12__dur_0.2.h5
143,0.12,0.2,ab4a70858e,0.15545563399791718,-2.6865671641791025,-15.235849056603776,22.515923572829163,10.74,32,35,9,2.827433388230814,1,3.0,9,0.1,/user/raabe14/u19361/workspace-allen/results/VISp_1/trial_0/phase_0/lib_ab4a70858e/lib_ab4a70858e__delay_0.12__dur_0.2.h5
144,0.15,0.2,ab4a70858e,0.1554677039384842,-2.6865671641791025,-6.273584905660378,45.02251307527088,14.32,32,30,2,0.6283185307179586,2,4.0,9,0.1,/user/raabe14/u19361/workspace-allen/results/VISp_1/trial_0/phase_0/lib_ab4a70858e/lib_ab4a70858e__delay_0.15__dur_0.2.h5
145,0.03,0.2,ab4a70858e,0.13048285245895386,-8.059701492537314,-8.066037735849058,134.9774869247291,21.49,29,31,6,1.8849555921538759,4,6.0,9,0.1,/user/raabe14/u19361/workspace-allen/results/VISp_1/trial_0/phase_0/lib_ab4a70858e/lib_ab4a70858e__delay_0.03__dur_0.2.h5
146,0.12,0.0,ab4a70858e,0.13860078155994415,4.477611940298516,-18.82075471698113,67.51591472682667,14.32,36,37,3,0.9424777960769379,2,4.0,9,0.1,/user/raabe14/u19361/workspace-allen/results/VISp_1/trial_0/phase_0/lib_ab4a70858e/lib_ab4a70858e__delay_0.12__dur_0.0.h5
147,0.09,0.0,ab4a70858e,0.21636225283145905,6.268656716417908,-11.650943396226417,90.0,14.32,37,33,4,1.2566370614359172,2,4.0,6,0.07,/user/raabe14/u19361/workspace-allen/results/VISp_1/trial_0/phase_0/lib_ab4a70858e/lib_ab4a70858e__delay_0.09__dur_0.0.h5
148,0.06,0.2,ab4a70858e,0.15634788572788239,-4.477611940298509,-4.481132075471699,22.515923572829163,10.74,31,29,9,2.827433388230814,1,3.0,9,0.1,/user/raabe14/u19361/workspace-allen/results/VISp_1/trial_0/phase_0/lib_ab4a70858e/lib_ab4a70858e__delay_0.06__dur_0.2.h5
149,0.15,0.0,ab4a70858e,0.271648108959198,-0.8955223880596961,-8.066037735849058,22.515923572829195,14.32,33,31,1,0.3141592653589793,2,4.0,3,0.04,/user/raabe14/u19361/workspace-allen/results/VISp_1/trial_0/phase_0/lib_ab4a70858e/lib_ab4a70858e__delay_0.15__dur_0.0.h5
15,0.09,0.0,ab4a70858e,0.15915176272392273,6.268656716417908,0.8962264150943398,180.0,14.32,37,26,8,2.5132741228718345,2,4.0,8,0.09,/user/raabe14/u19361/workspace-allen/results/VISp_1/trial_0/phase_0/lib_ab4a70858e/lib_ab4a70858e__delay_0.09__dur_0.0.h5
150,0.15,0.0,ab4a70858e,0.16992661356925964,-0.8955223880596961,-6.273584905660378,22.515923572829195,17.91,33,30,1,0.3141592653589793,3,5.0,2,0.03,/user/raabe14/u19361/workspace-allen/results/VISp_1/trial_0/phase_0/lib_ab4a70858e/lib_ab4a70858e__delay_0.15__dur_0.0.h5
151,0.09,0.0,ab4a70858e,0.20592814683914185,4.477611940298516,-15.235849056603776,45.02251307527088,10.74,36,35,2,0.6283185307179586,1,3.0,9,0.1,/user/raabe14/u19361/workspace-allen/results/VISp_1/trial_0/phase_0/lib_ab4a70858e/lib_ab4a70858e__delay_0.09__dur_0.0.h5
152,0.15,0.2,ab4a70858e,0.11399192363023758,-0.8955223880596961,-2.6886792452830193,22.515923572829195,21.49,33,28,1,0.3141592653589793,4,6.0,9,0.1,/user/raabe14/u19361/workspace-allen/results/VISp_1/trial_0/phase_0/lib_ab4a70858e/lib_ab4a70858e__delay_0.15__dur_0.2.h5
153,0.12,0.0,ab4a70858e,0.2217436581850052,-2.6865671641791025,-6.273584905660378,22.515923572829195,14.32,32,30,1,0.3141592653589793,2,4.0,9,0.1,/user/raabe14/u19361/workspace-allen/results/VISp_1/trial_0/phase_0/lib_ab4a70858e/lib_ab4a70858e__delay_0.12__dur_0.0.h5
154,0.09,0.0,ab4a70858e,0.18934319913387299,-2.6865671641791025,-4.481132075471699,45.02251307527088,14.32,32,29,2,0.6283185307179586,2,4.0,6,0.07,/user/raabe14/u19361/workspace-allen/results/VISp_1/trial_0/phase_0/lib_ab4a70858e/lib_ab4a70858e__delay_0.09__dur_0.0.h5
155,0.15,0.0,ab4a70858e,0.1567467302083969,-0.8955223880596961,-13.443396226415096,22.515923572829195,7.16,33,34,1,0.3141592653589793,0,2.0,9,0.1,/user/raabe14/u19361/workspace-allen/results/VISp_1/trial_0/phase_0/lib_ab4a70858e/lib_ab4a70858e__delay_0.15__dur_0.0.h5
156,0.15,0.2,ab4a70858e,0.1597735434770584,-8.059701492537314,-11.650943396226417,180.0,14.32,29,33,8,2.5132741228718345,2,4.0,5,0.06,/user/raabe14/u19361/workspace-allen/results/VISp_1/trial_0/phase_0/lib_ab4a70858e/lib_ab4a70858e__delay_0.15__dur_0.2.h5
157,0.15,0.0,ab4a70858e,0.24827075004577637,-4.477611940298509,-6.273584905660378,0.0,14.32,31,30,0,0.0,2,4.0,4,0.05,/user/raabe14/u19361/workspace-allen/results/VISp_1/trial_0/phase_0/lib_ab4a70858e/lib_ab4a70858e__delay_0.15__dur_0.0.h5
158,0.15,0.2,ab4a70858e,0.12288730591535568,-6.268656716417908,-11.650943396226417,157.4840764271708,7.16,30,33,7,2.199114857512855,0,2.0,9,0.1,/user/raabe14/u19361/workspace-allen/results/VISp_1/trial_0/phase_0/lib_ab4a70858e/lib_ab4a70858e__delay_0.15__dur_0.2.h5
159,0.09,0.0,ab4a70858e,0.1495235413312912,-2.6865671641791025,-11.650943396226417,22.515923572829195,14.32,32,33,1,0.3141592653589793,2,4.0,9,0.1,/user/raabe14/u19361/workspace-allen/results/VISp_1/trial_0/phase_0/lib_ab4a70858e/lib_ab4a70858e__delay_0.09__dur_0.0.h5
16,0.09,0.2,ab4a70858e,0.10004211962223053,-17.014925373134325,25.990566037735846,180.0,17.91,24,12,8,2.5132741228718345,3,5.0,12,1.3,/user/raabe14/u19361/workspace-allen/results/VISp_1/trial_0/phase_0/lib_ab4a70858e/lib_ab4a70858e__delay_0.09__dur_0.2.h5
160,0.09,0.0,ab4a70858e,0.13373678922653198,8.059701492537314,-13.443396226415096,157.4840764271708,7.16,38,34,7,2.199114857512855,0,2.0,12,1.3,/user/raabe14/u19361/workspace-allen/results/VISp_1/trial_0/phase_0/lib_ab4a70858e/lib_ab4a70858e__delay_0.09__dur_0.0.h5
161,0.15,0.2,ab4a70858e,0.19178196787834167,-0.8955223880596961,-13.443396226415096,112.48408527317332,10.74,33,34,5,1.5707963267948966,1,3.0,5,0.06,/user/raabe14/u19361/workspace-allen/results/VISp_1/trial_0/phase_0/lib_ab4a70858e/lib_ab4a70858e__delay_0.15__dur_0.2.h5
162,0.15,0.0,ab4a70858e,0.11741374433040619,9.85074626865672,-13.443396226415096,22.515923572829195,10.74,39,34,1,0.3141592653589793,1,3.0,9,0.1,/user/raabe14/u19361/workspace-allen/results/VISp_1/trial_0/phase_0/lib_ab4a70858e/lib_ab4a70858e__delay_0.15__dur_0.0.h5
163,0.09,0.2,ab4a70858e,0.21580840647220612,-2.6865671641791025,-9.858490566037737,157.4840764271708,14.32,32,32,7,2.199114857512855,2,4.0,6,0.07,/user/raabe14/u19361/workspace-allen/results/VISp_1/trial_0/phase_0/lib_ab4a70858e/lib_ab4a70858e__delay_0.09__dur_0.2.h5
164,0.15,0.0,ab4a70858e,0.1835026741027832,4.477611940298516,-8.066037735849058,180.0,10.74,36,31,8,2.5132741228718345,1,3.0,9,0.1,/user/raabe14/u19361/workspace-allen/results/VISp_1/trial_0/phase_0/lib_ab4a70858e/lib_ab4a70858e__delay_0.15__dur_0.0.h5
165,0.12,0.0,ab4a70858e,0.10370582342147827,0.8955223880597032,-22.40566037735849,67.51591472682667,10.74,34,39,3,0.9424777960769379,1,3.0,9,0.1,/user/raabe14/u19361/workspace-allen/results/VISp_1/trial_0/phase_0/lib_ab4a70858e/lib_ab4a70858e__delay_0.12__dur_0.0.h5
166,0.09,0.0,ab4a70858e,0.1435818076133728,4.477611940298516,-9.858490566037737,90.0,10.74,36,32,4,1.2566370614359172,1,3.0,9,0.1,/user/raabe14/u19361/workspace-allen/results/VISp_1/trial_0/phase_0/lib_ab4a70858e/lib_ab4a70858e__delay_0.09__dur_0.0.h5
167,0.0,0.2,ab4a70858e,0.10578152537345886,-2.6865671641791025,-11.650943396226417,134.9774869247291,14.32,32,33,6,1.8849555921538759,2,4.0,7,0.08,/user/raabe14/u19361/workspace-allen/results/VISp_1/trial_0/phase_0/lib_ab4a70858e/lib_ab4a70858e__delay_0.0__dur_0.2.h5
168,0.15,0.0,ab4a70858e,0.15843603014945984,-8.059701492537314,-6.273584905660378,45.02251307527088,14.32,29,30,2,0.6283185307179586,2,4.0,0,0.01,/user/raabe14/u19361/workspace-allen/results/VISp_1/trial_0/phase_0/lib_ab4a70858e/lib_ab4a70858e__delay_0.15__dur_0.0.h5
169,0.15,0.0,ab4a70858e,0.17045193910598755,0.8955223880597032,-9.858490566037737,0.0,10.74,34,32,0,0.0,1,3.0,11,1.2,/user/raabe14/u19361/workspace-allen/results/VISp_1/trial_0/phase_0/lib_ab4a70858e/lib_ab4a70858e__delay_0.15__dur_0.0.h5
17,0.15,0.0,ab4a70858e,0.15203168988227844,11.641791044776127,-11.650943396226417,67.51591472682667,17.91,40,33,3,0.9424777960769379,3,5.0,8,0.09,/user/raabe14/u19361/workspace-allen/results/VISp_1/trial_0/phase_0/lib_ab4a70858e/lib_ab4a70858e__delay_0.15__dur_0.0.h5
170,0.12,0.0,ab4a70858e,0.19441869854927063,4.477611940298516,-11.650943396226417,112.48408527317332,10.74,36,33,5,1.5707963267948966,1,3.0,5,0.06,/user/raabe14/u19361/workspace-allen/results/VISp_1/trial_0/phase_0/lib_ab4a70858e/lib_ab4a70858e__delay_0.12__dur_0.0.h5
171,0.15,0.2,ab4a70858e,0.14092828333377838,29.55223880597015,29.575471698113205,0.0,21.49,50,10,0,0.0,4,6.0,11,1.2,/user/raabe14/u19361/workspace-allen/results/VISp_1/trial_0/phase_0/lib_ab4a70858e/lib_ab4a70858e__delay_0.15__dur_0.2.h5
172,0.15,0.0,ab4a70858e,0.189603790640831,-2.6865671641791025,-8.066037735849058,134.9774869247291,14.32,32,31,6,1.8849555921538759,2,4.0,6,0.07,/user/raabe14/u19361/workspace-allen/results/VISp_1/trial_0/phase_0/lib_ab4a70858e/lib_ab4a70858e__delay_0.15__dur_0.0.h5
173,0.09,0.2,ab4a70858e,0.27177324891090393,-2.6865671641791025,-8.066037735849058,22.515923572829195,10.74,32,31,1,0.3141592653589793,1,3.0,7,0.08,/user/raabe14/u19361/workspace-allen/results/VISp_1/trial_0/phase_0/lib_ab4a70858e/lib_ab4a70858e__delay_0.09__dur_0.2.h5
174,0.09,0.0,ab4a70858e,0.12097188085317612,8.059701492537314,-8.066037735849058,22.515923572829163,10.74,38,31,9,2.827433388230814,1,3.0,8,0.09,/user/raabe14/u19361/workspace-allen/results/VISp_1/trial_0/phase_0/lib_ab4a70858e/lib_ab4a70858e__delay_0.09__dur_0.0.h5
175,0.15,0.2,ab4a70858e,0.1241738349199295,-22.388059701492537,4.481132075471699,157.4840764271708,17.91,21,24,7,2.199114857512855,3,5.0,12,1.3,/user/raabe14/u19361/workspace-allen/results/VISp_1/trial_0/phase_0/lib_ab4a70858e/lib_ab4a70858e__delay_0.15__dur_0.2.h5
176,0.12,0.0,ab4a70858e,0.11759476363658905,-2.6865671641791025,-8.066037735849058,22.515923572829195,10.74,32,31,1,0.3141592653589793,1,3.0,6,0.07,/user/raabe14/u19361/workspace-allen/results/VISp_1/trial_0/phase_0/lib_ab4a70858e/lib_ab4a70858e__delay_0.12__dur_0.0.h5
177,0.12,0.2,ab4a70858e,0.11638528853654861,-4.477611940298509,-2.6886792452830193,0.0,17.91,31,28,0,0.0,3,5.0,5,0.06,/user/raabe14/u19361/workspace-allen/results/VISp_1/trial_0/phase_0/lib_ab4a70858e/lib_ab4a70858e__delay_0.12__dur_0.2.h5
178,0.15,0.2,ab4a70858e,0.18044926226139069,-0.8955223880596961,-8.066037735849058,22.515923572829195,7.16,33,31,1,0.3141592653589793,0,2.0,9,0.1,/user/raabe14/u19361/workspace-allen/results/VISp_1/trial_0/phase_0/lib_ab4a70858e/lib_ab4a70858e__delay_0.15__dur_0.2.h5
179,0.06,0.2,ab4a70858e,0.11529650539159775,4.477611940298516,-6.273584905660378,22.515923572829163,14.32,36,30,9,2.827433388230814,2,4.0,5,0.06,/user/raabe14/u19361/workspace-allen/results/VISp_1/trial_0/phase_0/lib_ab4a70858e/lib_ab4a70858e__delay_0.06__dur_0.2.h5
18,0.15,0.0,ab4a70858e,0.14773786067962646,6.268656716417908,-4.481132075471699,22.515923572829163,14.32,37,29,9,2.827433388230814,2,4.0,9,0.1,/user/raabe14/u19361/workspace-allen/results/VISp_1/trial_0/phase_0/lib_ab4a70858e/lib_ab4a70858e__delay_0.15__dur_0.0.h5
180,0.15,0.2,ab4a70858e,0.1515037566423416,6.268656716417908,-13.443396226415096,0.0,10.74,37,34,0,0.0,1,3.0,9,0.1,/user/raabe14/u19361/workspace-allen/results/VISp_1/trial_0/phase_0/lib_ab4a70858e/lib_ab4a70858e__delay_0.15__dur_0.2.h5
181,0.09,0.0,ab4a70858e,0.12278201431035995,0.8955223880597032,-9.858490566037737,22.515923572829195,7.16,34,32,1,0.3141592653589793,0,2.0,9,0.1,/user/raabe14/u19361/workspace-allen/results/VISp_1/trial_0/phase_0/lib_ab4a70858e/lib_ab4a70858e__delay_0.09__dur_0.0.h5
182,0.0,0.2,ab4a70858e,0.1300642341375351,24.179104477611943,-27.78301886792453,0.0,17.91,47,42,0,0.0,3,5.0,11,1.2,/user/raabe14/u19361/workspace-allen/results/VISp_1/trial_0/phase_0/lib_ab4a70858e/lib_ab4a70858e__delay_0.0__dur_0.2.h5
183,0.09,0.2,ab4a70858e,0.1748223751783371,-0.8955223880596961,-9.858490566037737,45.02251307527088,14.32,33,32,2,0.6283185307179586,2,4.0,9,0.1,/user/raabe14/u19361/workspace-allen/results/VISp_1/trial_0/phase_0/lib_ab4a70858e/lib_ab4a70858e__delay_0.09__dur_0.2.h5
184,0.12,0.0,ab4a70858e,0.1127508357167244,-0.8955223880596961,-8.066037735849058,180.0,7.16,33,31,8,2.5132741228718345,0,2.0,7,0.08,/user/raabe14/u19361/workspace-allen/results/VISp_1/trial_0/phase_0/lib_ab4a70858e/lib_ab4a70858e__delay_0.12__dur_0.0.h5
185,0.15,0.2,ab4a70858e,0.10682935267686844,-4.477611940298509,-11.650943396226417,90.0,7.16,31,33,4,1.2566370614359172,0,2.0,9,0.1,/user/raabe14/u19361/workspace-allen/results/VISp_1/trial_0/phase_0/lib_ab4a70858e/lib_ab4a70858e__delay_0.15__dur_0.2.h5
186,0.03,0.2,ab4a70858e,0.10397768020629883,-15.223880597014926,2.6886792452830193,0.0,14.32,25,25,0,0.0,2,4.0,11,1.2,/user/raabe14/u19361/workspace-allen/results/VISp_1/trial_0/phase_0/lib_ab4a70858e/lib_ab4a70858e__delay_0.03__dur_0.2.h5
187,0.12,0.0,ab4a70858e,0.1842738538980484,-2.6865671641791025,-9.858490566037737,0.0,7.16,32,32,0,0.0,0,2.0,11,1.2,/user/raabe14/u19361/workspace-allen/results/VISp_1/trial_0/phase_0/lib_ab4a70858e/lib_ab4a70858e__delay_0.12__dur_0.0.h5
188,0.09,0.0,ab4a70858e,0.18386469781398773,-6.268656716417908,-9.858490566037737,134.9774869247291,14.32,30,32,6,1.8849555921538759,2,4.0,6,0.07,/user/raabe14/u19361/workspace-allen/results/VISp_1/trial_0/phase_0/lib_ab4a70858e/lib_ab4a70858e__delay_0.09__dur_0.0.h5
189,0.09,0.0,ab4a70858e,0.13437464833259583,-0.8955223880596961,-13.443396226415096,67.51591472682667,14.32,33,34,3,0.9424777960769379,2,4.0,9,0.1,/user/raabe14/u19361/workspace-allen/results/VISp_1/trial_0/phase_0/lib_ab4a70858e/lib_ab4a70858e__delay_0.09__dur_0.0.h5
19,0.12,0.2,ab4a70858e,0.10879437625408173,-15.223880597014926,-11.650943396226417,180.0,17.91,25,33,8,2.5132741228718345,3,5.0,12,1.3,/user/raabe14/u19361/workspace-allen/results/VISp_1/trial_0/phase_0/lib_ab4a70858e/lib_ab4a70858e__delay_0.12__dur_0.2.h5
190,0.06,0.2,ab4a70858e,0.10555451363325119,-15.223880597014926,-2.6886792452830193,90.0,7.16,25,28,4,1.2566370614359172,0,2.0,12,1.3,/user/raabe14/u19361/workspace-allen/results/VISp_1/trial_0/phase_0/lib_ab4a70858e/lib_ab4a70858e__delay_0.06__dur_0.2.h5
191,0.12,0.0,ab4a70858e,0.2119002342224121,-2.6865671641791025,-9.858490566037737,45.02251307527088,10.74,32,32,2,0.6283185307179586,1,3.0,9,0.1,/user/raabe14/u19361/workspace-allen/results/VISp_1/trial_0/phase_0/lib_ab4a70858e/lib_ab4a70858e__delay_0.12__dur_0.0.h5
192,0.06,0.0,ab4a70858e,0.13087525963783264,2.6865671641791096,-9.858490566037737,0.0,14.32,35,32,0,0.0,2,4.0,4,0.05,/user/raabe14/u19361/workspace-allen/results/VISp_1/trial_0/phase_0/lib_ab4a70858e/lib_ab4a70858e__delay_0.06__dur_0.0.h5
193,0.03,0.2,ab4a70858e,0.1720966100692749,-11.64179104477612,15.235849056603776,180.0,14.32,27,18,8,2.5132741228718345,2,4.0,12,1.3,/user/raabe14/u19361/workspace-allen/results/VISp_1/trial_0/phase_0/lib_ab4a70858e/lib_ab4a70858e__delay_0.03__dur_0.2.h5
194,0.15,0.0,ab4a70858e,0.18655908107757568,2.6865671641791096,-6.273584905660378,22.515923572829195,10.74,35,30,1,0.3141592653589793,1,3.0,6,0.07,/user/raabe14/u19361/workspace-allen/results/VISp_1/trial_0/phase_0/lib_ab4a70858e/lib_ab4a70858e__delay_0.15__dur_0.0.h5
195,0.15,0.0,ab4a70858e,0.11020343750715256,13.43283582089552,-15.235849056603776,67.51591472682667,28.65,41,35,3,0.9424777960769379,5,8.0,6,0.07,/user/raabe14/u19361/workspace-allen/results/VISp_1/trial_0/phase_0/lib_ab4a70858e/lib_ab4a70858e__delay_0.15__dur_0.0.h5
196,0.09,0.2,ab4a70858e,0.12656724452972412,0.8955223880597032,-8.066037735849058,134.9774869247291,14.32,34,31,6,1.8849555921538759,2,4.0,8,0.09,/user/raabe14/u19361/workspace-allen/results/VISp_1/trial_0/phase_0/lib_ab4a70858e/lib_ab4a70858e__delay_0.09__dur_0.2.h5
197,0.12,0.0,ab4a70858e,0.11735502630472183,-2.6865671641791025,-9.858490566037737,67.51591472682667,14.32,32,32,3,0.9424777960769379,2,4.0,9,0.1,/user/raabe14/u19361/workspace-allen/results/VISp_1/trial_0/phase_0/lib_ab4a70858e/lib_ab4a70858e__delay_0.12__dur_0.0.h5
198,0.15,0.0,ab4a70858e,0.14451102912425995,-2.6865671641791025,-11.650943396226417,45.02251307527088,17.91,32,33,2,0.6283185307179586,3,5.0,3,0.04,/user/raabe14/u19361/workspace-allen/results/VISp_1/trial_0/phase_0/lib_ab4a70858e/lib_ab4a70858e__delay_0.15__dur_0.0.h5
199,0.09,0.0,ab4a70858e,0.19474101066589355,-4.477611940298509,-13.443396226415096,157.4840764271708,14.32,31,34,7,2.199114857512855,2,4.0,5,0.06,/user/raabe14/u19361/workspace-allen/results/VISp_1/trial_0/phase_0/lib_ab4a70858e/lib_ab4a70858e__delay_0.09__dur_0.0.h5
2,0.09,0.2,ab4a70858e,0.13060690462589264,-11.64179104477612,-9.858490566037737,22.515923572829195,14.32,27,32,1,0.3141592653589793,2,4.0,9,0.1,/user/raabe14/u19361/workspace-allen/results/VISp_1/trial_0/phase_0/lib_ab4a70858e/lib_ab4a70858e__delay_0.09__dur_0.2.h5
20,0.09,0.2,ab4a70858e,0.16620346903800964,2.6865671641791096,-4.481132075471699,22.515923572829163,10.74,35,29,9,2.827433388230814,1,3.0,9,0.1,/user/raabe14/u19361/workspace-allen/results/VISp_1/trial_0/phase_0/lib_ab4a70858e/lib_ab4a70858e__delay_0.09__dur_0.2.h5
200,0.09,0.2,ab4a70858e,0.10645580291748047,40.29850746268657,-6.273584905660378,22.515923572829195,14.32,56,30,1,0.3141592653589793,2,4.0,10,1.1,/user/raabe14/u19361/workspace-allen/results/VISp_1/trial_0/phase_0/lib_ab4a70858e/lib_ab4a70858e__delay_0.09__dur_0.2.h5
201,0.15,0.2,ab4a70858e,0.1711910516023636,-2.6865671641791025,-11.650943396226417,0.0,7.16,32,33,0,0.0,0,2.0,9,0.1,/user/raabe14/u19361/workspace-allen/results/VISp_1/trial_0/phase_0/lib_ab4a70858e/lib_ab4a70858e__delay_0.15__dur_0.2.h5
202,0.15,0.2,ab4a70858e,0.13522613048553467,-4.477611940298509,-9.858490566037737,22.515923572829195,14.32,31,32,1,0.3141592653589793,2,4.0,9,0.1,/user/raabe14/u19361/workspace-allen/results/VISp_1/trial_0/phase_0/lib_ab4a70858e/lib_ab4a70858e__delay_0.15__dur_0.2.h5
203,0.09,0.2,ab4a70858e,0.1766940802335739,-4.477611940298509,-11.650943396226417,22.515923572829163,14.32,31,33,9,2.827433388230814,2,4.0,8,0.09,/user/raabe14/u19361/workspace-allen/results/VISp_1/trial_0/phase_0/lib_ab4a70858e/lib_ab4a70858e__delay_0.09__dur_0.2.h5
204,0.12,0.0,ab4a70858e,0.12362644821405411,-8.059701492537314,-15.235849056603776,22.515923572829163,10.74,29,35,9,2.827433388230814,1,3.0,5,0.06,/user/raabe14/u19361/workspace-allen/results/VISp_1/trial_0/phase_0/lib_ab4a70858e/lib_ab4a70858e__delay_0.12__dur_0.0.h5
205,0.12,0.0,ab4a70858e,0.2080353945493698,0.8955223880597032,-6.273584905660378,112.48408527317332,14.32,34,30,5,1.5707963267948966,2,4.0,9,0.1,/user/raabe14/u19361/workspace-allen/results/VISp_1/trial_0/phase_0/lib_ab4a70858e/lib_ab4a70858e__delay_0.12__dur_0.0.h5
206,0.15,0.2,ab4a70858e,0.2061205953359604,-6.268656716417908,-13.443396226415096,22.515923572829195,7.16,30,34,1,0.3141592653589793,0,2.0,9,0.1,/user/raabe14/u19361/workspace-allen/results/VISp_1/trial_0/phase_0/lib_ab4a70858e/lib_ab4a70858e__delay_0.15__dur_0.2.h5
207,0.09,0.0,ab4a70858e,0.11147147417068481,0.8955223880597032,-6.273584905660378,90.0,17.91,34,30,4,1.2566370614359172,3,5.0,8,0.09,/user/raabe14/u19361/workspace-allen/results/VISp_1/trial_0/phase_0/lib_ab4a70858e/lib_ab4a70858e__delay_0.09__dur_0.0.h5
208,0.12,0.0,ab4a70858e,0.19156581163406372,-0.8955223880596961,-15.235849056603776,22.515923572829195,14.32,33,35,1,0.3141592653589793,2,4.0,9,0.1,/user/raabe14/u19361/workspace-allen/results/VISp_1/trial_0/phase_0/lib_ab4a70858e/lib_ab4a70858e__delay_0.12__dur_0.0.h5
209,0.15,0.0,ab4a70858e,0.15394535660743713,2.6865671641791096,-8.066037735849058,134.9774869247291,14.32,35,31,6,1.8849555921538759,2,4.0,4,0.05,/user/raabe14/u19361/workspace-allen/results/VISp_1/trial_0/phase_0/lib_ab4a70858e/lib_ab4a70858e__delay_0.15__dur_0.0.h5
21,0.12,0.2,ab4a70858e,0.1198040321469307,9.85074626865672,-11.650943396226417,67.51591472682667,14.32,39,33,3,0.9424777960769379,2,4.0,9,0.1,/user/raabe14/u19361/workspace-allen/results/VISp_1/trial_0/phase_0/lib_ab4a70858e/lib_ab4a70858e__delay_0.12__dur_0.2.h5
210,0.09,0.0,ab4a70858e,0.2179321050643921,-8.059701492537314,-11.650943396226417,22.515923572829195,17.91,29,33,1,0.3141592653589793,3,5.0,9,0.1,/user/raabe14/u19361/workspace-allen/results/VISp_1/trial_0/phase_0/lib_ab4a70858e/lib_ab4a70858e__delay_0.09__dur_0.0.h5
211,0.15,0.0,ab4a70858e,0.19412314891815186,-0.8955223880596961,-6.273584905660378,22.515923572829195,14.32,33,30,1,0.3141592653589793,2,4.0,9,0.1,/user/raabe14/u19361/workspace-allen/results/VISp_1/trial_0/phase_0/lib_ab4a70858e/lib_ab4a70858e__delay_0.15__dur_0.0.h5
212,0.15,0.0,ab4a70858e,0.11698613315820694,4.477611940298516,-6.273584905660378,0.0,7.16,36,30,0,0.0,0,2.0,9,0.1,/user/raabe14/u19361/workspace-allen/results/VISp_1/trial_0/phase_0/lib_ab4a70858e/lib_ab4a70858e__delay_0.15__dur_0.0.h5
213,0.09,0.0,ab4a70858e,0.12811581790447235,-0.8955223880596961,-9.858490566037737,157.4840764271708,17.91,33,32,7,2.199114857512855,3,5.0,5,0.06,/user/raabe14/u19361/workspace-allen/results/VISp_1/trial_0/phase_0/lib_ab4a70858e/lib_ab4a70858e__delay_0.09__dur_0.0.h5
214,0.09,0.0,ab4a70858e,0.21327146887779236,-4.477611940298509,-0.8962264150943398,0.0,14.32,31,27,0,0.0,2,4.0,6,0.07,/user/raabe14/u19361/workspace-allen/results/VISp_1/trial_0/phase_0/lib_ab4a70858e/lib_ab4a70858e__delay_0.09__dur_0.0.h5
215,0.15,0.2,ab4a70858e,0.09507247805595398,11.641791044776127,-2.6886792452830193,112.48408527317332,7.16,40,28,5,1.5707963267948966,0,2.0,11,1.2,/user/raabe14/u19361/workspace-allen/results/VISp_1/trial_0/phase_0/lib_ab4a70858e/lib_ab4a70858e__delay_0.15__dur_0.2.h5
216,0.12,0.2,ab4a70858e,0.13416820764541626,-2.6865671641791025,-8.066037735849058,157.4840764271708,7.16,32,31,7,2.199114857512855,0,2.0,12,1.3,/user/raabe14/u19361/workspace-allen/results/VISp_1/trial_0/phase_0/lib_ab4a70858e/lib_ab4a70858e__delay_0.12__dur_0.2.h5
217,0.12,0.2,ab4a70858e,0.11058121174573898,6.268656716417908,-2.6886792452830193,22.515923572829195,14.32,37,28,1,0.3141592653589793,2,4.0,8,0.09,/user/raabe14/u19361/workspace-allen/results/VISp_1/trial_0/phase_0/lib_ab4a70858e/lib_ab4a70858e__delay_0.12__dur_0.2.h5
218,0.15,0.0,ab4a70858e,0.1324254870414734,8.059701492537314,-8.066037735849058,112.48408527317332,14.32,38,31,5,1.5707963267948966,2,4.0,9,0.1,/user/raabe14/u19361/workspace-allen/results/VISp_1/trial_0/phase_0/lib_ab4a70858e/lib_ab4a70858e__delay_0.15__dur_0.0.h5
219,0.15,0.2,ab4a70858e,0.15557332336902618,-18.80597014925373,-11.650943396226417,180.0,14.32,23,33,8,2.5132741228718345,2,4.0,12,1.3,/user/raabe14/u19361/workspace-allen/results/VISp_1/trial_0/phase_0/lib_ab4a70858e/lib_ab4a70858e__delay_0.15__dur_0.2.h5
22,0.12,0.0,ab4a70858e,0.19055381417274475,6.268656716417908,-4.481132075471699,90.0,7.16,37,29,4,1.2566370614359172,0,2.0,9,0.1,/user/raabe14/u19361/workspace-allen/results/VISp_1/trial_0/phase_0/lib_ab4a70858e/lib_ab4a70858e__delay_0.12__dur_0.0.h5
220,0.06,0.2,ab4a70858e,0.1656152904033661,-0.8955223880596961,-4.481132075471699,22.515923572829163,14.32,33,29,9,2.827433388230814,2,4.0,8,0.09,/user/raabe14/u19361/workspace-allen/results/VISp_1/trial_0/phase_0/lib_ab4a70858e/lib_ab4a70858e__delay_0.06__dur_0.2.h5
221,0.03,0.2,ab4a70858e,0.12455839663743973,-18.80597014925373,4.481132075471699,157.4840764271708,7.16,23,24,7,2.199114857512855,0,2.0,12,1.3,/user/raabe14/u19361/workspace-allen/results/VISp_1/trial_0/phase_0/lib_ab4a70858e/lib_ab4a70858e__delay_0.03__dur_0.2.h5
222,0.12,0.0,ab4a70858e,0.23726129531860352,-8.059701492537314,-9.858490566037737,134.9774869247291,14.32,29,32,6,1.8849555921538759,2,4.0,6,0.07,/user/raabe14/u19361/workspace-allen/results/VISp_1/trial_0/phase_0/lib_ab4a70858e/lib_ab4a70858e__delay_0.12__dur_0.0.h5
223,0.15,0.2,ab4a70858e,0.12847715616226196,4.477611940298516,-9.858490566037737,112.48408527317332,10.74,36,32,5,1.5707963267948966,1,3.0,9,0.1,/user/raabe14/u19361/workspace-allen/results/VISp_1/trial_0/phase_0/lib_ab4a70858e/lib_ab4a70858e__delay_0.15__dur_0.2.h5
224,0.0,0.2,ab4a70858e,0.10189921408891678,6.268656716417908,-15.235849056603776,45.02251307527088,10.74,37,35,2,0.6283185307179586,1,3.0,8,0.09,/user/raabe14/u19361/workspace-allen/results/VISp_1/trial_0/phase_0/lib_ab4a70858e/lib_ab4a70858e__delay_0.0__dur_0.2.h5
225,0.15,0.0,ab4a70858e,0.16986806690692902,-4.477611940298509,-15.235849056603776,180.0,10.74,31,35,8,2.5132741228718345,1,3.0,6,0.07,/user/raabe14/u19361/workspace-allen/results/VISp_1/trial_0/phase_0/lib_ab4a70858e/lib_ab4a70858e__delay_0.15__dur_0.0.h5
226,0.12,0.2,ab4a70858e,0.11395562440156937,-11.64179104477612,-8.066037735849058,90.0,21.49,27,31,4,1.2566370614359172,4,6.0,6,0.07,/user/raabe14/u19361/workspace-allen/results/VISp_1/trial_0/phase_0/lib_ab4a70858e/lib_ab4a70858e__delay_0.12__dur_0.2.h5
227,0.06,0.0,ab4a70858e,0.1080574244260788,0.8955223880597032,-13.443396226415096,134.9774869247291,10.74,34,34,6,1.8849555921538759,1,3.0,8,0.09,/user/raabe14/u19361/workspace-allen/results/VISp_1/trial_0/phase_0/lib_ab4a70858e/lib_ab4a70858e__delay_0.06__dur_0.0.h5
228,0.15,0.2,ab4a70858e,0.1502433717250824,-0.8955223880596961,-4.481132075471699,0.0,10.74,33,29,0,0.0,1,3.0,9,0.1,/user/raabe14/u19361/workspace-allen/results/VISp_1/trial_0/phase_0/lib_ab4a70858e/lib_ab4a70858e__delay_0.15__dur_0.2.h5
229,0.09,0.0,ab4a70858e,0.13384349644184113,0.8955223880597032,-15.235849056603776,22.515923572829195,17.91,34,35,1,0.3141592653589793,3,5.0,9,0.1,/user/raabe14/u19361/workspace-allen/results/VISp_1/trial_0/phase_0/lib_ab4a70858e/lib_ab4a70858e__delay_0.09__dur_0.0.h5
23,0.09,0.2,ab4a70858e,0.11792656034231186,15.223880597014926,-6.273584905660378,90.0,17.91,42,30,4,1.2566370614359172,3,5.0,9,0.1,/user/raabe14/u19361/workspace-allen/results/VISp_1/trial_0/phase_0/lib_ab4a70858e/lib_ab4a70858e__delay_0.09__dur_0.2.h5
230,0.12,0.0,ab4a70858e,0.22957532107830048,-6.268656716417908,-9.858490566037737,90.0,17.91,30,32,4,1.2566370614359172,3,5.0,5,0.06,/user/raabe14/u19361/workspace-allen/results/VISp_1/trial_0/phase_0/lib_ab4a70858e/lib_ab4a70858e__delay_0.12__dur_0.0.h5
231,0.06,0.0,ab4a70858e,0.09577134251594543,54.626865671641795,-22.40566037735849,134.9774869247291,7.16,64,39,6,1.8849555921538759,0,2.0,12,1.3,/user/raabe14/u19361/workspace-allen/results/VISp_1/trial_0/phase_0/lib_ab4a70858e/lib_ab4a70858e__delay_0.06__dur_0.0.h5
232,0.12,0.0,ab4a70858e,0.2032075971364975,0.8955223880597032,-9.858490566037737,157.4840764271708,14.32,34,32,7,2.199114857512855,2,4.0,7,0.08,/user/raabe14/u19361/workspace-allen/results/VISp_1/trial_0/phase_0/lib_ab4a70858e/lib_ab4a70858e__delay_0.12__dur_0.0.h5
233,0.09,0.2,ab4a70858e,0.2090577632188797,-2.6865671641791025,-0.8962264150943398,157.4840764271708,10.74,32,27,7,2.199114857512855,1,3.0,9,0.1,/user/raabe14/u19361/workspace-allen/results/VISp_1/trial_0/phase_0/lib_ab4a70858e/lib_ab4a70858e__delay_0.09__dur_0.2.h5
234,0.12,0.0,ab4a70858e,0.12721799314022064,-6.268656716417908,-11.650943396226417,180.0,17.91,30,33,8,2.5132741228718345,3,5.0,9,0.1,/user/raabe14/u19361/workspace-allen/results/VISp_1/trial_0/phase_0/lib_ab4a70858e/lib_ab4a70858e__delay_0.12__dur_0.0.h5
235,0.12,0.0,ab4a70858e,0.10772807151079178,-11.64179104477612,-9.858490566037737,90.0,14.32,27,32,4,1.2566370614359172,2,4.0,5,0.06,/user/raabe14/u19361/workspace-allen/results/VISp_1/trial_0/phase_0/lib_ab4a70858e/lib_ab4a70858e__delay_0.12__dur_0.0.h5
236,0.15,0.2,ab4a70858e,0.12491603195667267,-0.8955223880596961,-8.066037735849058,45.02251307527088,17.91,33,31,2,0.6283185307179586,3,5.0,9,0.1,/user/raabe14/u19361/workspace-allen/results/VISp_1/trial_0/phase_0/lib_ab4a70858e/lib_ab4a70858e__delay_0.15__dur_0.2.h5
237,0.09,0.0,ab4a70858e,0.17586897313594818,-6.268656716417908,-13.443396226415096,67.51591472682667,7.16,30,34,3,0.9424777960769379,0,2.0,9,0.1,/user/raabe14/u19361/workspace-allen/results/VISp_1/trial_0/phase_0/lib_ab4a70858e/lib_ab4a70858e__delay_0.09__dur_0.0.h5
238,0.12,0.0,ab4a70858e,0.22912411391735077,-6.268656716417908,-11.650943396226417,90.0,14.32,30,33,4,1.2566370614359172,2,4.0,7,0.08,/user/raabe14/u19361/workspace-allen/results/VISp_1/trial_0/phase_0/lib_ab4a70858e/lib_ab4a70858e__delay_0.12__dur_0.0.h5
239,0.15,0.0,ab4a70858e,0.15423834323883057,-2.6865671641791025,-11.650943396226417,157.4840764271708,7.16,32,33,7,2.199114857512855,0,2.0,7,0.08,/user/raabe14/u19361/workspace-allen/results/VISp_1/trial_0/phase_0/lib_ab4a70858e/lib_ab4a70858e__delay_0.15__dur_0.0.h5
24,0.12,0.0,ab4a70858e,0.20833854377269745,2.6865671641791096,-9.858490566037737,22.515923572829195,17.91,35,32,1,0.3141592653589793,3,5.0,4,0.05,/user/raabe14/u19361/workspace-allen/results/VISp_1/trial_0/phase_0/lib_ab4a70858e/lib_ab4a70858e__delay_0.12__dur_0.0.h5
240,0.15,0.0,ab4a70858e,0.18287327885627747,-4.477611940298509,-6.273584905660378,22.515923572829195,14.32,31,30,1,0.3141592653589793,2,4.0,9,0.1,/user/raabe14/u19361/workspace-allen/results/VISp_1/trial_0/phase_0/lib_ab4a70858e/lib_ab4a70858e__delay_0.15__dur_0.0.h5
241,0.12,0.2,ab4a70858e,0.18838675320148468,-0.8955223880596961,-6.273584905660378,134.9774869247291,14.32,33,30,6,1.8849555921538759,2,4.0,9,0.1,/user/raabe14/u19361/workspace-allen/results/VISp_1/trial_0/phase_0/lib_ab4a70858e/lib_ab4a70858e__delay_0.12__dur_0.2.h5
242,0.12,0.2,ab4a70858e,0.13812656700611115,-4.477611940298509,-2.6886792452830193,0.0,10.74,31,28,0,0.0,1,3.0,8,0.09,/user/raabe14/u19361/workspace-allen/results/VISp_1/trial_0/phase_0/lib_ab4a70858e/lib_ab4a70858e__delay_0.12__dur_0.2.h5
243,0.15,0.0,ab4a70858e,0.16469840705394745,-8.059701492537314,-9.858490566037737,90.0,17.91,29,32,4,1.2566370614359172,3,5.0,9,0.1,/user/raabe14/u19361/workspace-allen/results/VISp_1/trial_0/phase_0/lib_ab4a70858e/lib_ab4a70858e__delay_0.15__dur_0.0.h5
244,0.15,0.0,ab4a70858e,0.1322617083787918,-8.059701492537314,-11.650943396226417,112.48408527317332,14.32,29,33,5,1.5707963267948966,2,4.0,9,0.1,/user/raabe14/u19361/workspace-allen/results/VISp_1/trial_0/phase_0/lib_ab4a70858e/lib_ab4a70858e__delay_0.15__dur_0.0.h5
245,0.15,0.0,ab4a70858e,0.18685270845890045,-4.477611940298509,-11.650943396226417,112.48408527317332,10.74,31,33,5,1.5707963267948966,1,3.0,7,0.08,/user/raabe14/u19361/workspace-allen/results/VISp_1/trial_0/phase_0/lib_ab4a70858e/lib_ab4a70858e__delay_0.15__dur_0.0.h5
246,0.09,0.0,ab4a70858e,0.17732879519462585,-2.6865671641791025,-2.6886792452830193,180.0,14.32,32,28,8,2.5132741228718345,2,4.0,8,0.09,/user/raabe14/u19361/workspace-allen/results/VISp_1/trial_0/phase_0/lib_ab4a70858e/lib_ab4a70858e__delay_0.09__dur_0.0.h5
247,0.09,0.0,ab4a70858e,0.1250104159116745,-4.477611940298509,-8.066037735849058,67.51591472682667,17.91,31,31,3,0.9424777960769379,3,5.0,6,0.07,/user/raabe14/u19361/workspace-allen/results/VISp_1/trial_0/phase_0/lib_ab4a70858e/lib_ab4a70858e__delay_0.09__dur_0.0.h5
248,0.09,0.0,ab4a70858e,0.1537889540195465,-11.64179104477612,-13.443396226415096,22.515923572829163,17.91,27,34,9,2.827433388230814,3,5.0,8,0.09,/user/raabe14/u19361/workspace-allen/results/VISp_1/trial_0/phase_0/lib_ab4a70858e/lib_ab4a70858e__delay_0.09__dur_0.0.h5
249,0.15,0.2,ab4a70858e,0.1409633606672287,4.477611940298516,-11.650943396226417,0.0,10.74,36,33,0,0.0,1,3.0,11,1.2,/user/raabe14/u19361/workspace-allen/results/VISp_1/trial_0/phase_0/lib_ab4a70858e/lib_ab4a70858e__delay_0.15__dur_0.2.h5
25,0.09,0.0,ab4a70858e,0.12330921739339828,-6.268656716417908,-4.481132075471699,112.48408527317332,10.74,30,29,5,1.5707963267948966,1,3.0,8,0.09,/user/raabe14/u19361/workspace-allen/results/VISp_1/trial_0/phase_0/lib_ab4a70858e/lib_ab4a70858e__delay_0.09__dur_0.0.h5
250,0.12,0.0,ab4a70858e,0.21520598232746124,-6.268656716417908,-11.650943396226417,90.0,14.32,30,33,4,1.2566370614359172,2,4.0,9,0.1,/user/raabe14/u19361/workspace-allen/results/VISp_1/trial_0/phase_0/lib_ab4a70858e/lib_ab4a70858e__delay_0.12__dur_0.0.h5
251,0.12,0.0,ab4a70858e,0.11438242346048355,-6.268656716417908,0.8962264150943398,180.0,21.49,30,26,8,2.5132741228718345,4,6.0,8,0.09,/user/raabe14/u19361/workspace-allen/results/VISp_1/trial_0/phase_0/lib_ab4a70858e/lib_ab4a70858e__delay_0.12__dur_0.0.h5
252,0.12,0.0,ab4a70858e,0.17710785567760468,-2.6865671641791025,-6.273584905660378,22.515923572829195,14.32,32,30,1,0.3141592653589793,2,4.0,9,0.1,/user/raabe14/u19361/workspace-allen/results/VISp_1/trial_0/phase_0/lib_ab4a70858e/lib_ab4a70858e__delay_0.12__dur_0.0.h5
253,0.15,0.0,ab4a70858e,0.13717001676559448,0.8955223880597032,-15.235849056603776,22.515923572829195,10.74,34,35,1,0.3141592653589793,1,3.0,9,0.1,/user/raabe14/u19361/workspace-allen/results/VISp_1/trial_0/phase_0/lib_ab4a70858e/lib_ab4a70858e__delay_0.15__dur_0.0.h5
254,0.06,0.2,ab4a70858e,0.13445967435836792,-9.850746268656714,-6.273584905660378,90.0,10.74,28,30,4,1.2566370614359172,1,3.0,8,0.09,/user/raabe14/u19361/workspace-allen/results/VISp_1/trial_0/phase_0/lib_ab4a70858e/lib_ab4a70858e__delay_0.06__dur_0.2.h5
255,0.06,0.0,ab4a70858e,0.12444605678319931,-9.850746268656714,-8.066037735849058,112.48408527317332,7.16,28,31,5,1.5707963267948966,0,2.0,11,1.2,/user/raabe14/u19361/workspace-allen/results/VISp_1/trial_0/phase_0/lib_ab4a70858e/lib_ab4a70858e__delay_0.06__dur_0.0.h5
256,0.09,0.2,ab4a70858e,0.14133240282535553,-2.6865671641791025,-11.650943396226417,45.02251307527088,14.32,32,33,2,0.6283185307179586,2,4.0,4,0.05,/user/raabe14/u19361/workspace-allen/results/VISp_1/trial_0/phase_0/lib_ab4a70858e/lib_ab4a70858e__delay_0.09__dur_0.2.h5
257,0.12,0.0,ab4a70858e,0.15144579112529755,-9.850746268656714,-9.858490566037737,67.51591472682667,14.32,28,32,3,0.9424777960769379,2,4.0,7,0.08,/user/raabe14/u19361/workspace-allen/results/VISp_1/trial_0/phase_0/lib_ab4a70858e/lib_ab4a70858e__delay_0.12__dur_0.0.h5
258,0.09,0.0,ab4a70858e,0.17829419672489166,-8.059701492537314,-2.6886792452830193,22.515923572829195,21.49,29,28,1,0.3141592653589793,4,6.0,6,0.07,/user/raabe14/u19361/workspace-allen/results/VISp_1/trial_0/phase_0/lib_ab4a70858e/lib_ab4a70858e__delay_0.09__dur_0.0.h5
259,0.09,0.0,ab4a70858e,0.11338155716657639,-6.268656716417908,-9.858490566037737,0.0,21.49,30,32,0,0.0,4,6.0,8,0.09,/user/raabe14/u19361/workspace-allen/results/VISp_1/trial_0/phase_0/lib_ab4a70858e/lib_ab4a70858e__delay_0.09__dur_0.0.h5
26,0.15,0.0,ab4a70858e,0.20093309879302979,2.6865671641791096,-11.650943396226417,90.0,10.74,35,33,4,1.2566370614359172,1,3.0,8,0.09,/user/raabe14/u19361/workspace-allen/results/VISp_1/trial_0/phase_0/lib_ab4a70858e/lib_ab4a70858e__delay_0.15__dur_0.0.h5
260,0.12,0.0,ab4a70858e,0.2179291993379593,-6.268656716417908,-8.066037735849058,112.48408527317332,14.32,30,31,5,1.5707963267948966,2,4.0,6,0.07,/user/raabe14/u19361/workspace-allen/results/VISp_1/trial_0/phase_0/lib_ab4a70858e/lib_ab4a70858e__delay_0.12__dur_0.0.h5
261,0.12,0.0,ab4a70858e,0.12954328954219818,-6.268656716417908,-17.028301886792452,180.0,10.74,30,36,8,2.5132741228718345,1,3.0,9,0.1,/user/raabe14/u19361/workspace-allen/results/VISp_1/trial_0/phase_0/lib_ab4a70858e/lib_ab4a70858e__delay_0.12__dur_0.0.h5
262,0.09,0.2,ab4a70858e,0.1522855907678604,0.8955223880597032,-11.650943396226417,67.51591472682667,7.16,34,33,3,0.9424777960769379,0,2.0,12,1.3,/user/raabe14/u19361/workspace-allen/results/VISp_1/trial_0/phase_0/lib_ab4a70858e/lib_ab4a70858e__delay_0.09__dur_0.2.h5
263,0.15,0.0,ab4a70858e,0.24753883481025696,-8.059701492537314,-11.650943396226417,0.0,14.32,29,33,0,0.0,2,4.0,9,0.1,/user/raabe14/u19361/workspace-allen/results/VISp_1/trial_0/phase_0/lib_ab4a70858e/lib_ab4a70858e__delay_0.15__dur_0.0.h5
264,0.09,0.0,ab4a70858e,0.19559067487716675,0.8955223880597032,-9.858490566037737,134.9774869247291,17.91,34,32,6,1.8849555921538759,3,5.0,9,0.1,/user/raabe14/u19361/workspace-allen/results/VISp_1/trial_0/phase_0/lib_ab4a70858e/lib_ab4a70858e__delay_0.09__dur_0.0.h5
265,0.15,0.0,ab4a70858e,0.2411804497241974,-9.850746268656714,-8.066037735849058,90.0,14.32,28,31,4,1.2566370614359172,2,4.0,7,0.08,/user/raabe14/u19361/workspace-allen/results/VISp_1/trial_0/phase_0/lib_ab4a70858e/lib_ab4a70858e__delay_0.15__dur_0.0.h5
266,0.09,0.0,ab4a70858e,0.12116558104753494,-4.477611940298509,-11.650943396226417,157.4840764271708,10.74,31,33,7,2.199114857512855,1,3.0,9,0.1,/user/raabe14/u19361/workspace-allen/results/VISp_1/trial_0/phase_0/lib_ab4a70858e/lib_ab4a70858e__delay_0.09__dur_0.0.h5
267,0.09,0.0,ab4a70858e,0.16219444572925568,-8.059701492537314,-11.650943396226417,90.0,7.16,29,33,4,1.2566370614359172,0,2.0,8,0.09,/user/raabe14/u19361/workspace-allen/results/VISp_1/trial_0/phase_0/lib_ab4a70858e/lib_ab4a70858e__delay_0.09__dur_0.0.h5
268,0.12,0.2,ab4a70858e,0.16827961802482605,-22.388059701492537,4.481132075471699,157.4840764271708,17.91,21,24,7,2.199114857512855,3,5.0,12,1.3,/user/raabe14/u19361/workspace-allen/results/VISp_1/trial_0/phase_0/lib_ab4a70858e/lib_ab4a70858e__delay_0.12__dur_0.2.h5
269,0.06,0.2,ab4a70858e,0.17750604450702667,-22.388059701492537,8.066037735849058,157.4840764271708,17.91,21,22,7,2.199114857512855,3,5.0,12,1.3,/user/raabe14/u19361/workspace-allen/results/VISp_1/trial_0/phase_0/lib_ab4a70858e/lib_ab4a70858e__delay_0.06__dur_0.2.h5
27,0.15,0.2,ab4a70858e,0.10449228435754776,20.59701492537313,-11.650943396226417,67.51591472682667,14.32,45,33,3,0.9424777960769379,2,4.0,12,1.3,/user/raabe14/u19361/workspace-allen/results/VISp_1/trial_0/phase_0/lib_ab4a70858e/lib_ab4a70858e__delay_0.15__dur_0.2.h5
270,0.15,0.0,ab4a70858e,0.15390154719352722,-2.6865671641791025,-11.650943396226417,45.02251307527088,10.74,32,33,2,0.6283185307179586,1,3.0,9,0.1,/user/raabe14/u19361/workspace-allen/results/VISp_1/trial_0/phase_0/lib_ab4a70858e/lib_ab4a70858e__delay_0.15__dur_0.0.h5
271,0.15,0.0,ab4a70858e,0.14831387996673584,-6.268656716417908,-6.273584905660378,112.48408527317332,14.32,30,30,5,1.5707963267948966,2,4.0,7,0.08,/user/raabe14/u19361/workspace-allen/results/VISp_1/trial_0/phase_0/lib_ab4a70858e/lib_ab4a70858e__delay_0.15__dur_0.0.h5
272,0.09,0.2,ab4a70858e,0.15954910218715668,-0.8955223880596961,-0.8962264150943398,22.515923572829163,17.91,33,27,9,2.827433388230814,3,5.0,7,0.08,/user/raabe14/u19361/workspace-allen/results/VISp_1/trial_0/phase_0/lib_ab4a70858e/lib_ab4a70858e__delay_0.09__dur_0.2.h5
273,0.12,0.0,ab4a70858e,0.16286516189575195,0.8955223880597032,-11.650943396226417,22.515923572829195,10.74,34,33,1,0.3141592653589793,1,3.0,8,0.09,/user/raabe14/u19361/workspace-allen/results/VISp_1/trial_0/phase_0/lib_ab4a70858e/lib_ab4a70858e__delay_0.12__dur_0.0.h5
274,0.12,0.0,ab4a70858e,0.15283240377902985,4.477611940298516,-11.650943396226417,134.9774869247291,10.74,36,33,6,1.8849555921538759,1,3.0,9,0.1,/user/raabe14/u19361/workspace-allen/results/VISp_1/trial_0/phase_0/lib_ab4a70858e/lib_ab4a70858e__delay_0.12__dur_0.0.h5
275,0.09,0.2,ab4a70858e,0.13394559919834137,-2.6865671641791025,-6.273584905660378,45.02251307527088,10.74,32,30,2,0.6283185307179586,1,3.0,9,0.1,/user/raabe14/u19361/workspace-allen/results/VISp_1/trial_0/phase_0/lib_ab4a70858e/lib_ab4a70858e__delay_0.09__dur_0.2.h5
276,0.0,0.2,ab4a70858e,0.10408920794725418,-24.179104477611936,-2.6886792452830193,22.515923572829195,14.32,20,28,1,0.3141592653589793,2,4.0,11,1.2,/user/raabe14/u19361/workspace-allen/results/VISp_1/trial_0/phase_0/lib_ab4a70858e/lib_ab4a70858e__delay_0.0__dur_0.2.h5
277,0.12,0.0,ab4a70858e,0.12576092779636383,0.8955223880597032,-4.481132075471699,45.02251307527088,7.16,34,29,2,0.6283185307179586,0,2.0,12,1.3,/user/raabe14/u19361/workspace-allen/results/VISp_1/trial_0/phase_0/lib_ab4a70858e/lib_ab4a70858e__delay_0.12__dur_0.0.h5
278,0.15,0.2,ab4a70858e,0.14103639125823975,-0.8955223880596961,-6.273584905660378,67.51591472682667,17.91,33,30,3,0.9424777960769379,3,5.0,6,0.07,/user/raabe14/u19361/workspace-allen/results/VISp_1/trial_0/phase_0/lib_ab4a70858e/lib_ab4a70858e__delay_0.15__dur_0.2.h5
279,0.09,0.0,ab4a70858e,0.1637357622385025,-4.477611940298509,-9.858490566037737,0.0,14.32,31,32,0,0.0,2,4.0,9,0.1,/user/raabe14/u19361/workspace-allen/results/VISp_1/trial_0/phase_0/lib_ab4a70858e/lib_ab4a70858e__delay_0.09__dur_0.0.h5
28,0.12,0.0,ab4a70858e,0.15753969550132751,13.43283582089552,-8.066037735849058,157.4840764271708,7.16,41,31,7,2.199114857512855,0,2.0,9,0.1,/user/raabe14/u19361/workspace-allen/results/VISp_1/trial_0/phase_0/lib_ab4a70858e/lib_ab4a70858e__delay_0.12__dur_0.0.h5
280,0.09,0.2,ab4a70858e,0.10140248388051987,-20.59701492537313,4.481132075471699,157.4840764271708,17.91,22,24,7,2.199114857512855,3,5.0,12,1.3,/user/raabe14/u19361/workspace-allen/results/VISp_1/trial_0/phase_0/lib_ab4a70858e/lib_ab4a70858e__delay_0.09__dur_0.2.h5
281,0.12,0.0,ab4a70858e,0.13860008120536804,-4.477611940298509,-17.028301886792452,112.48408527317332,14.32,31,36,5,1.5707963267948966,2,4.0,6,0.07,/user/raabe14/u19361/workspace-allen/results/VISp_1/trial_0/phase_0/lib_ab4a70858e/lib_ab4a70858e__delay_0.12__dur_0.0.h5
282,0.09,0.0,ab4a70858e,0.17747542262077332,0.8955223880597032,-9.858490566037737,90.0,14.32,34,32,4,1.2566370614359172,2,4.0,7,0.08,/user/raabe14/u19361/workspace-allen/results/VISp_1/trial_0/phase_0/lib_ab4a70858e/lib_ab4a70858e__delay_0.09__dur_0.0.h5
283,0.12,0.0,ab4a70858e,0.16714005172252655,-8.059701492537314,-8.066037735849058,134.9774869247291,10.74,29,31,6,1.8849555921538759,1,3.0,9,0.1,/user/raabe14/u19361/workspace-allen/results/VISp_1/trial_0/phase_0/lib_ab4a70858e/lib_ab4a70858e__delay_0.12__dur_0.0.h5
284,0.09,0.0,ab4a70858e,0.1873789280653,-8.059701492537314,-9.858490566037737,112.48408527317332,14.32,29,32,5,1.5707963267948966,2,4.0,6,0.07,/user/raabe14/u19361/workspace-allen/results/VISp_1/trial_0/phase_0/lib_ab4a70858e/lib_ab4a70858e__delay_0.09__dur_0.0.h5
285,0.12,0.0,ab4a70858e,0.18035389482975006,-8.059701492537314,-11.650943396226417,134.9774869247291,14.32,29,33,6,1.8849555921538759,2,4.0,7,0.08,/user/raabe14/u19361/workspace-allen/results/VISp_1/trial_0/phase_0/lib_ab4a70858e/lib_ab4a70858e__delay_0.12__dur_0.0.h5
286,0.12,0.0,ab4a70858e,0.12633638083934784,-6.268656716417908,-13.443396226415096,112.48408527317332,17.91,30,34,5,1.5707963267948966,3,5.0,9,0.1,/user/raabe14/u19361/workspace-allen/results/VISp_1/trial_0/phase_0/lib_ab4a70858e/lib_ab4a70858e__delay_0.12__dur_0.0.h5
287,0.09,0.2,ab4a70858e,0.214285746216774,-9.850746268656714,-9.858490566037737,180.0,14.32,28,32,8,2.5132741228718345,2,4.0,9,0.1,/user/raabe14/u19361/workspace-allen/results/VISp_1/trial_0/phase_0/lib_ab4a70858e/lib_ab4a70858e__delay_0.09__dur_0.2.h5
288,0.15,0.0,ab4a70858e,0.13259348273277283,0.8955223880597032,-18.82075471698113,22.515923572829163,17.91,34,37,9,2.827433388230814,3,5.0,9,0.1,/user/raabe14/u19361/workspace-allen/results/VISp_1/trial_0/phase_0/lib_ab4a70858e/lib_ab4a70858e__delay_0.15__dur_0.0.h5
289,0.03,0.2,ab4a70858e,0.10319101065397263,47.462686567164184,38.5377358490566,67.51591472682667,10.74,60,5,3,0.9424777960769379,1,3.0,11,1.2,/user/raabe14/u19361/workspace-allen/results/VISp_1/trial_0/phase_0/lib_ab4a70858e/lib_ab4a70858e__delay_0.03__dur_0.2.h5
29,0.12,0.0,ab4a70858e,0.1775827556848526,-0.8955223880596961,-8.066037735849058,0.0,17.91,33,31,0,0.0,3,5.0,8,0.09,/user/raabe14/u19361/workspace-allen/results/VISp_1/trial_0/phase_0/lib_ab4a70858e/lib_ab4a70858e__delay_0.12__dur_0.0.h5
290,0.09,0.0,ab4a70858e,0.0947471335530281,-15.223880597014926,-36.74528301886792,90.0,7.16,25,47,4,1.2566370614359172,0,2.0,11,1.2,/user/raabe14/u19361/workspace-allen/results/VISp_1/trial_0/phase_0/lib_ab4a70858e/lib_ab4a70858e__delay_0.09__dur_0.0.h5
291,0.12,0.2,ab4a70858e,0.2032647430896759,-2.6865671641791025,-4.481132075471699,134.9774869247291,14.32,32,29,6,1.8849555921538759,2,4.0,9,0.1,/user/raabe14/u19361/workspace-allen/results/VISp_1/trial_0/phase_0/lib_ab4a70858e/lib_ab4a70858e__delay_0.12__dur_0.2.h5
292,0.15,0.0,ab4a70858e,0.15311384201049805,-0.8955223880596961,-11.650943396226417,45.02251307527088,14.32,33,33,2,0.6283185307179586,2,4.0,5,0.06,/user/raabe14/u19361/workspace-allen/results/VISp_1/trial_0/phase_0/lib_ab4a70858e/lib_ab4a70858e__delay_0.15__dur_0.0.h5
293,0.09,0.0,ab4a70858e,0.16193942725658417,-2.6865671641791025,-8.066037735849058,22.515923572829163,14.32,32,31,9,2.827433388230814,2,4.0,8,0.09,/user/raabe14/u19361/workspace-allen/results/VISp_1/trial_0/phase_0/lib_ab4a70858e/lib_ab4a70858e__delay_0.09__dur_0.0.h5
294,0.09,0.0,ab4a70858e,0.16920256614685059,-6.268656716417908,-9.858490566037737,45.02251307527088,7.16,30,32,2,0.6283185307179586,0,2.0,9,0.1,/user/raabe14/u19361/workspace-allen/results/VISp_1/trial_0/phase_0/lib_ab4a70858e/lib_ab4a70858e__delay_0.09__dur_0.0.h5
295,0.09,0.0,ab4a70858e,0.12896394729614258,-2.6865671641791025,-13.443396226415096,90.0,17.91,32,34,4,1.2566370614359172,3,5.0,9,0.1,/user/raabe14/u19361/workspace-allen/results/VISp_1/trial_0/phase_0/lib_ab4a70858e/lib_ab4a70858e__delay_0.09__dur_0.0.h5
296,0.06,0.2,ab4a70858e,0.15651553869247437,-11.64179104477612,-15.235849056603776,157.4840764271708,10.74,27,35,7,2.199114857512855,1,3.0,9,0.1,/user/raabe14/u19361/workspace-allen/results/VISp_1/trial_0/phase_0/lib_ab4a70858e/lib_ab4a70858e__delay_0.06__dur_0.2.h5
297,0.12,0.0,ab4a70858e,0.21922723948955536,-9.850746268656714,-8.066037735849058,180.0,10.74,28,31,8,2.5132741228718345,1,3.0,9,0.1,/user/raabe14/u19361/workspace-allen/results/VISp_1/trial_0/phase_0/lib_ab4a70858e/lib_ab4a70858e__delay_0.12__dur_0.0.h5
298,0.09,0.2,ab4a70858e,0.16417557001113892,-4.477611940298509,-15.235849056603776,180.0,17.91,31,35,8,2.5132741228718345,3,5.0,7,0.08,/user/raabe14/u19361/workspace-allen/results/VISp_1/trial_0/phase_0/lib_ab4a70858e/lib_ab4a70858e__delay_0.09__dur_0.2.h5
299,0.06,0.2,ab4a70858e,0.10908571630716324,9.85074626865672,-4.481132075471699,157.4840764271708,14.32,39,29,7,2.199114857512855,2,4.0,8,0.09,/user/raabe14/u19361/workspace-allen/results/VISp_1/trial_0/phase_0/lib_ab4a70858e/lib_ab4a70858e__delay_0.06__dur_0.2.h5
3,0.06,0.2,ab4a70858e,0.10677924007177353,-22.388059701492537,-8.066037735849058,67.51591472682667,14.32,21,31,3,0.9424777960769379,2,4.0,12,1.3,/user/raabe14/u19361/workspace-allen/results/VISp_1/trial_0/phase_0/lib_ab4a70858e/lib_ab4a70858e__delay_0.06__dur_0.2.h5
30,0.15,0.0,ab4a70858e,0.1801849901676178,4.477611940298516,-8.066037735849058,22.515923572829195,14.32,36,31,1,0.3141592653589793,2,4.0,5,0.06,/user/raabe14/u19361/workspace-allen/results/VISp_1/trial_0/phase_0/lib_ab4a70858e/lib_ab4a70858e__delay_0.15__dur_0.0.h5
300,0.12,0.0,ab4a70858e,0.14598359167575836,-0.8955223880596961,-11.650943396226417,112.48408527317332,7.16,33,33,5,1.5707963267948966,0,2.0,11,1.2,/user/raabe14/u19361/workspace-allen/results/VISp_1/trial_0/phase_0/lib_ab4a70858e/lib_ab4a70858e__delay_0.12__dur_0.0.h5
301,0.12,0.2,ab4a70858e,0.17081134021282196,-4.477611940298509,-11.650943396226417,67.51591472682667,10.74,31,33,3,0.9424777960769379,1,3.0,9,0.1,/user/raabe14/u19361/workspace-allen/results/VISp_1/trial_0/phase_0/lib_ab4a70858e/lib_ab4a70858e__delay_0.12__dur_0.2.h5
302,0.09,0.0,ab4a70858e,0.1583804488182068,-2.6865671641791025,-13.443396226415096,45.02251307527088,10.74,32,34,2,0.6283185307179586,1,3.0,9,0.1,/user/raabe14/u19361/workspace-allen/results/VISp_1/trial_0/phase_0/lib_ab4a70858e/lib_ab4a70858e__delay_0.09__dur_0.0.h5
303,0.06,0.2,ab4a70858e,0.16206352412700653,-8.059701492537314,-8.066037735849058,0.0,7.16,29,31,0,0.0,0,2.0,9,0.1,/user/raabe14/u19361/workspace-allen/results/VISp_1/trial_0/phase_0/lib_ab4a70858e/lib_ab4a70858e__delay_0.06__dur_0.2.h5
304,0.09,0.0,ab4a70858e,0.21116119623184204,-6.268656716417908,-8.066037735849058,0.0,14.32,30,31,0,0.0,2,4.0,4,0.05,/user/raabe14/u19361/workspace-allen/results/VISp_1/trial_0/phase_0/lib_ab4a70858e/lib_ab4a70858e__delay_0.09__dur_0.0.h5
305,0.15,0.0,ab4a70858e,0.17138895392417908,-8.059701492537314,-8.066037735849058,22.515923572829195,10.74,29,31,1,0.3141592653589793,1,3.0,9,0.1,/user/raabe14/u19361/workspace-allen/results/VISp_1/trial_0/phase_0/lib_ab4a70858e/lib_ab4a70858e__delay_0.15__dur_0.0.h5
306,0.06,0.0,ab4a70858e,0.15259258449077606,0.8955223880597032,-11.650943396226417,22.515923572829195,10.74,34,33,1,0.3141592653589793,1,3.0,9,0.1,/user/raabe14/u19361/workspace-allen/results/VISp_1/trial_0/phase_0/lib_ab4a70858e/lib_ab4a70858e__delay_0.06__dur_0.0.h5
307,0.09,0.0,ab4a70858e,0.09761445969343185,-18.80597014925373,-9.858490566037737,180.0,7.16,23,32,8,2.5132741228718345,0,2.0,8,0.09,/user/raabe14/u19361/workspace-allen/results/VISp_1/trial_0/phase_0/lib_ab4a70858e/lib_ab4a70858e__delay_0.09__dur_0.0.h5
308,0.12,0.0,ab4a70858e,0.1665375977754593,0.8955223880597032,-11.650943396226417,22.515923572829195,14.32,34,33,1,0.3141592653589793,2,4.0,9,0.1,/user/raabe14/u19361/workspace-allen/results/VISp_1/trial_0/phase_0/lib_ab4a70858e/lib_ab4a70858e__delay_0.12__dur_0.0.h5
309,0.15,0.2,ab4a70858e,0.10815570503473282,-8.059701492537314,-9.858490566037737,90.0,10.74,29,32,4,1.2566370614359172,1,3.0,6,0.07,/user/raabe14/u19361/workspace-allen/results/VISp_1/trial_0/phase_0/lib_ab4a70858e/lib_ab4a70858e__delay_0.15__dur_0.2.h5
31,0.12,0.2,ab4a70858e,0.1397179663181305,-4.477611940298509,-9.858490566037737,180.0,17.91,31,32,8,2.5132741228718345,3,5.0,5,0.06,/user/raabe14/u19361/workspace-allen/results/VISp_1/trial_0/phase_0/lib_ab4a70858e/lib_ab4a70858e__delay_0.12__dur_0.2.h5
310,0.12,0.0,ab4a70858e,0.10432194918394089,-13.43283582089552,-9.858490566037737,112.48408527317332,10.74,26,32,5,1.5707963267948966,1,3.0,11,1.2,/user/raabe14/u19361/workspace-allen/results/VISp_1/trial_0/phase_0/lib_ab4a70858e/lib_ab4a70858e__delay_0.12__dur_0.0.h5
311,0.15,0.0,ab4a70858e,0.13105222582817078,2.6865671641791096,-9.858490566037737,22.515923572829195,14.32,35,32,1,0.3141592653589793,2,4.0,8,0.09,/user/raabe14/u19361/workspace-allen/results/VISp_1/trial_0/phase_0/lib_ab4a70858e/lib_ab4a70858e__delay_0.15__dur_0.0.h5
312,0.09,0.0,ab4a70858e,0.20210054516792297,-2.6865671641791025,-9.858490566037737,45.02251307527088,14.32,32,32,2,0.6283185307179586,2,4.0,9,0.1,/user/raabe14/u19361/workspace-allen/results/VISp_1/trial_0/phase_0/lib_ab4a70858e/lib_ab4a70858e__delay_0.09__dur_0.0.h5
313,0.09,0.2,ab4a70858e,0.1806391328573227,2.6865671641791096,-11.650943396226417,0.0,7.16,35,33,0,0.0,0,2.0,8,0.09,/user/raabe14/u19361/workspace-allen/results/VISp_1/trial_0/phase_0/lib_ab4a70858e/lib_ab4a70858e__delay_0.09__dur_0.2.h5
314,0.0,0.2,ab4a70858e,0.11346101760864258,-27.761194029850742,-17.028301886792452,157.4840764271708,10.74,18,36,7,2.199114857512855,1,3.0,12,1.3,/user/raabe14/u19361/workspace-allen/results/VISp_1/trial_0/phase_0/lib_ab4a70858e/lib_ab4a70858e__delay_0.0__dur_0.2.h5
315,0.0,0.2,ab4a70858e,0.19776758551597595,-22.388059701492537,4.481132075471699,157.4840764271708,17.91,21,24,7,2.199114857512855,3,5.0,12,1.3,/user/raabe14/u19361/workspace-allen/results/VISp_1/trial_0/phase_0/lib_ab4a70858e/lib_ab4a70858e__delay_0.0__dur_0.2.h5
316,0.15,0.2,ab4a70858e,0.13827109336853027,-2.6865671641791025,-9.858490566037737,112.48408527317332,14.32,32,32,5,1.5707963267948966,2,4.0,5,0.06,/user/raabe14/u19361/workspace-allen/results/VISp_1/trial_0/phase_0/lib_ab4a70858e/lib_ab4a70858e__delay_0.15__dur_0.2.h5
317,0.09,0.0,ab4a70858e,0.1500563621520996,-6.268656716417908,-11.650943396226417,67.51591472682667,7.16,30,33,3,0.9424777960769379,0,2.0,12,1.3,/user/raabe14/u19361/workspace-allen/results/VISp_1/trial_0/phase_0/lib_ab4a70858e/lib_ab4a70858e__delay_0.09__dur_0.0.h5
318,0.06,0.0,ab4a70858e,0.1474602222442627,-6.268656716417908,-9.858490566037737,0.0,14.32,30,32,0,0.0,2,4.0,4,0.05,/user/raabe14/u19361/workspace-allen/results/VISp_1/trial_0/phase_0/lib_ab4a70858e/lib_ab4a70858e__delay_0.06__dur_0.0.h5
319,0.12,0.2,ab4a70858e,0.12528538703918457,-4.477611940298509,-8.066037735849058,112.48408527317332,7.16,31,31,5,1.5707963267948966,0,2.0,11,1.2,/user/raabe14/u19361/workspace-allen/results/VISp_1/trial_0/phase_0/lib_ab4a70858e/lib_ab4a70858e__delay_0.12__dur_0.2.h5
32,0.09,0.0,ab4a70858e,0.1626841127872467,-0.8955223880596961,-6.273584905660378,45.02251307527088,10.74,33,30,2,0.6283185307179586,1,3.0,7,0.08,/user/raabe14/u19361/workspace-allen/results/VISp_1/trial_0/phase_0/lib_ab4a70858e/lib_ab4a70858e__delay_0.09__dur_0.0.h5
320,0.15,0.2,ab4a70858e,0.15038646757602692,-8.059701492537314,-13.443396226415096,180.0,7.16,29,34,8,2.5132741228718345,0,2.0,9,0.1,/user/raabe14/u19361/workspace-allen/results/VISp_1/trial_0/phase_0/lib_ab4a70858e/lib_ab4a70858e__delay_0.15__dur_0.2.h5
321,0.06,0.0,ab4a70858e,0.16464796662330627,-6.268656716417908,-15.235849056603776,22.515923572829163,10.74,30,35,9,2.827433388230814,1,3.0,4,0.05,/user/raabe14/u19361/workspace-allen/results/VISp_1/trial_0/phase_0/lib_ab4a70858e/lib_ab4a70858e__delay_0.06__dur_0.0.h5
322,0.12,0.2,ab4a70858e,0.12153314054012299,-2.6865671641791025,-13.443396226415096,90.0,10.74,32,34,4,1.2566370614359172,1,3.0,9,0.1,/user/raabe14/u19361/workspace-allen/results/VISp_1/trial_0/phase_0/lib_ab4a70858e/lib_ab4a70858e__delay_0.12__dur_0.2.h5
323,0.06,0.0,ab4a70858e,0.12870283424854279,-0.8955223880596961,-15.235849056603776,22.515923572829195,17.91,33,35,1,0.3141592653589793,3,5.0,7,0.08,/user/raabe14/u19361/workspace-allen/results/VISp_1/trial_0/phase_0/lib_ab4a70858e/lib_ab4a70858e__delay_0.06__dur_0.0.h5
324,0.12,0.0,ab4a70858e,0.19289827346801758,0.8955223880597032,-17.028301886792452,45.02251307527088,14.32,34,36,2,0.6283185307179586,2,4.0,9,0.1,/user/raabe14/u19361/workspace-allen/results/VISp_1/trial_0/phase_0/lib_ab4a70858e/lib_ab4a70858e__delay_0.12__dur_0.0.h5
325,0.09,0.0,ab4a70858e,0.10238834470510483,4.477611940298516,-13.443396226415096,22.515923572829163,10.74,36,34,9,2.827433388230814,1,3.0,9,0.1,/user/raabe14/u19361/workspace-allen/results/VISp_1/trial_0/phase_0/lib_ab4a70858e/lib_ab4a70858e__delay_0.09__dur_0.0.h5
326,0.15,0.0,ab4a70858e,0.2347375601530075,-9.850746268656714,-9.858490566037737,157.4840764271708,14.32,28,32,7,2.199114857512855,2,4.0,7,0.08,/user/raabe14/u19361/workspace-allen/results/VISp_1/trial_0/phase_0/lib_ab4a70858e/lib_ab4a70858e__delay_0.15__dur_0.0.h5
327,0.09,0.2,ab4a70858e,0.1427135318517685,-9.850746268656714,-13.443396226415096,112.48408527317332,10.74,28,34,5,1.5707963267948966,1,3.0,9,0.1,/user/raabe14/u19361/workspace-allen/results/VISp_1/trial_0/phase_0/lib_ab4a70858e/lib_ab4a70858e__delay_0.09__dur_0.2.h5
328,0.15,0.0,ab4a70858e,0.14554549753665924,-2.6865671641791025,-11.650943396226417,45.02251307527088,10.74,32,33,2,0.6283185307179586,1,3.0,9,0.1,/user/raabe14/u19361/workspace-allen/results/VISp_1/trial_0/phase_0/lib_ab4a70858e/lib_ab4a70858e__delay_0.15__dur_0.0.h5
329,0.12,0.0,ab4a70858e,0.13588805496692657,-2.6865671641791025,-11.650943396226417,112.48408527317332,7.16,32,33,5,1.5707963267948966,0,2.0,11,1.2,/user/raabe14/u19361/workspace-allen/results/VISp_1/trial_0/phase_0/lib_ab4a70858e/lib_ab4a70858e__delay_0.12__dur_0.0.h5
33,0.15,0.0,ab4a70858e,0.18151745200157166,2.6865671641791096,-8.066037735849058,22.515923572829195,7.16,35,31,1,0.3141592653589793,0,2.0,9,0.1,/user/raabe14/u19361/workspace-allen/results/VISp_1/trial_0/phase_0/lib_ab4a70858e/lib_ab4a70858e__delay_0.15__dur_0.0.h5
330,0.06,0.0,ab4a70858e,0.14699722826480865,-0.8955223880596961,-11.650943396226417,22.515923572829195,7.16,33,33,1,0.3141592653589793,0,2.0,9,0.1,/user/raabe14/u19361/workspace-allen/results/VISp_1/trial_0/phase_0/lib_ab4a70858e/lib_ab4a70858e__delay_0.06__dur_0.0.h5
331,0.15,0.2,ab4a70858e,0.16324584186077118,-2.6865671641791025,-13.443396226415096,157.4840764271708,10.74,32,34,7,2.199114857512855,1,3.0,9,0.1,/user/raabe14/u19361/workspace-allen/results/VISp_1/trial_0/phase_0/lib_ab4a70858e/lib_ab4a70858e__delay_0.15__dur_0.2.h5
332,0.12,0.0,ab4a70858e,0.20357228815555573,-0.8955223880596961,-9.858490566037737,22.515923572829195,17.91,33,32,1,0.3141592653589793,3,5.0,5,0.06,/user/raabe14/u19361/workspace-allen/results/VISp_1/trial_0/phase_0/lib_ab4a70858e/lib_ab4a70858e__delay_0.12__dur_0.0.h5
333,0.06,0.2,ab4a70858e,0.1152719110250473,-11.64179104477612,-4.481132075471699,157.4840764271708,7.16,27,29,7,2.199114857512855,0,2.0,12,1.3,/user/raabe14/u19361/workspace-allen/results/VISp_1/trial_0/phase_0/lib_ab4a70858e/lib_ab4a70858e__delay_0.06__dur_0.2.h5
334,0.15,0.2,ab4a70858e,0.16765545308589935,-2.6865671641791025,-13.443396226415096,90.0,7.16,32,34,4,1.2566370614359172,0,2.0,9,0.1,/user/raabe14/u19361/workspace-allen/results/VISp_1/trial_0/phase_0/lib_ab4a70858e/lib_ab4a70858e__delay_0.15__dur_0.2.h5
335,0.15,0.0,ab4a70858e,0.12435894459486008,-8.059701492537314,-13.443396226415096,90.0,21.49,29,34,4,1.2566370614359172,4,6.0,5,0.06,/user/raabe14/u19361/workspace-allen/results/VISp_1/trial_0/phase_0/lib_ab4a70858e/lib_ab4a70858e__delay_0.15__dur_0.0.h5
336,0.09,0.0,ab4a70858e,0.10828398913145065,-4.477611940298509,-13.443396226415096,157.4840764271708,21.49,31,34,7,2.199114857512855,4,6.0,3,0.04,/user/raabe14/u19361/workspace-allen/results/VISp_1/trial_0/phase_0/lib_ab4a70858e/lib_ab4a70858e__delay_0.09__dur_0.0.h5
337,0.15,0.2,ab4a70858e,0.09895896166563034,18.80597014925374,-22.40566037735849,134.9774869247291,7.16,44,39,6,1.8849555921538759,0,2.0,10,1.1,/user/raabe14/u19361/workspace-allen/results/VISp_1/trial_0/phase_0/lib_ab4a70858e/lib_ab4a70858e__delay_0.15__dur_0.2.h5
338,0.15,0.2,ab4a70858e,0.09856981784105301,-8.059701492537314,-4.481132075471699,112.48408527317332,10.74,29,29,5,1.5707963267948966,1,3.0,11,1.2,/user/raabe14/u19361/workspace-allen/results/VISp_1/trial_0/phase_0/lib_ab4a70858e/lib_ab4a70858e__delay_0.15__dur_0.2.h5
339,0.09,0.2,ab4a70858e,0.12625575065612793,-4.477611940298509,-6.273584905660378,0.0,21.49,31,30,0,0.0,4,6.0,6,0.07,/user/raabe14/u19361/workspace-allen/results/VISp_1/trial_0/phase_0/lib_ab4a70858e/lib_ab4a70858e__delay_0.09__dur_0.2.h5
34,0.15,0.2,ab4a70858e,0.1161588728427887,9.85074626865672,-6.273584905660378,67.51591472682667,10.74,39,30,3,0.9424777960769379,1,3.0,9,0.1,/user/raabe14/u19361/workspace-allen/results/VISp_1/trial_0/phase_0/lib_ab4a70858e/lib_ab4a70858e__delay_0.15__dur_0.2.h5
340,0.15,0.0,ab4a70858e,0.12452303618192673,-6.268656716417908,-8.066037735849058,134.9774869247291,14.32,30,31,6,1.8849555921538759,2,4.0,9,0.1,/user/raabe14/u19361/workspace-allen/results/VISp_1/trial_0/phase_0/lib_ab4a70858e/lib_ab4a70858e__delay_0.15__dur_0.0.h5
341,0.15,0.0,ab4a70858e,0.1551145613193512,-6.268656716417908,-13.443396226415096,45.02251307527088,10.74,30,34,2,0.6283185307179586,1,3.0,9,0.1,/user/raabe14/u19361/workspace-allen/results/VISp_1/trial_0/phase_0/lib_ab4a70858e/lib_ab4a70858e__delay_0.15__dur_0.0.h5
342,0.15,0.0,ab4a70858e,0.13580483198165894,0.8955223880597032,-6.273584905660378,0.0,17.91,34,30,0,0.0,3,5.0,5,0.06,/user/raabe14/u19361/workspace-allen/results/VISp_1/trial_0/phase_0/lib_ab4a70858e/lib_ab4a70858e__delay_0.15__dur_0.0.h5
343,0.15,0.2,ab4a70858e,0.170639306306839,-2.6865671641791025,-8.066037735849058,45.02251307527088,14.32,32,31,2,0.6283185307179586,2,4.0,6,0.07,/user/raabe14/u19361/workspace-allen/results/VISp_1/trial_0/phase_0/lib_ab4a70858e/lib_ab4a70858e__delay_0.15__dur_0.2.h5
344,0.15,0.0,ab4a70858e,0.1201118677854538,2.6865671641791096,-6.273584905660378,22.515923572829163,10.74,35,30,9,2.827433388230814,1,3.0,7,0.08,/user/raabe14/u19361/workspace-allen/results/VISp_1/trial_0/phase_0/lib_ab4a70858e/lib_ab4a70858e__delay_0.15__dur_0.0.h5
345,0.15,0.0,ab4a70858e,0.15666773915290833,0.8955223880597032,-18.82075471698113,45.02251307527088,17.91,34,37,2,0.6283185307179586,3,5.0,8,0.09,/user/raabe14/u19361/workspace-allen/results/VISp_1/trial_0/phase_0/lib_ab4a70858e/lib_ab4a70858e__delay_0.15__dur_0.0.h5
346,0.09,0.0,ab4a70858e,0.11109182983636856,-4.477611940298509,-17.028301886792452,90.0,10.74,31,36,4,1.2566370614359172,1,3.0,9,0.1,/user/raabe14/u19361/workspace-allen/results/VISp_1/trial_0/phase_0/lib_ab4a70858e/lib_ab4a70858e__delay_0.09__dur_0.0.h5
347,0.12,0.0,ab4a70858e,0.10010652989149094,-15.223880597014926,-2.6886792452830193,90.0,17.91,25,28,4,1.2566370614359172,3,5.0,6,0.07,/user/raabe14/u19361/workspace-allen/results/VISp_1/trial_0/phase_0/lib_ab4a70858e/lib_ab4a70858e__delay_0.12__dur_0.0.h5
348,0.15,0.0,ab4a70858e,0.1601572334766388,-9.850746268656714,-13.443396226415096,22.515923572829163,14.32,28,34,9,2.827433388230814,2,4.0,7,0.08,/user/raabe14/u19361/workspace-allen/results/VISp_1/trial_0/phase_0/lib_ab4a70858e/lib_ab4a70858e__delay_0.15__dur_0.0.h5
349,0.09,0.2,ab4a70858e,0.13031917810440063,-0.8955223880596961,-9.858490566037737,90.0,7.16,33,32,4,1.2566370614359172,0,2.0,9,0.1,/user/raabe14/u19361/workspace-allen/results/VISp_1/trial_0/phase_0/lib_ab4a70858e/lib_ab4a70858e__delay_0.09__dur_0.2.h5
35,0.12,0.0,ab4a70858e,0.10301477462053299,6.268656716417908,-11.650943396226417,22.515923572829163,10.74,37,33,9,2.827433388230814,1,3.0,6,0.07,/user/raabe14/u19361/workspace-allen/results/VISp_1/trial_0/phase_0/lib_ab4a70858e/lib_ab4a70858e__delay_0.12__dur_0.0.h5
350,0.15,0.2,ab4a70858e,0.11889897286891937,9.85074626865672,-4.481132075471699,157.4840764271708,17.91,39,29,7,2.199114857512855,3,5.0,9,0.1,/user/raabe14/u19361/workspace-allen/results/VISp_1/trial_0/phase_0/lib_ab4a70858e/lib_ab4a70858e__delay_0.15__dur_0.2.h5
351,0.09,0.2,ab4a70858e,0.10664907842874527,-17.014925373134325,-11.650943396226417,157.4840764271708,21.49,24,33,7,2.199114857512855,4,6.0,12,1.3,/user/raabe14/u19361/workspace-allen/results/VISp_1/trial_0/phase_0/lib_ab4a70858e/lib_ab4a70858e__delay_0.09__dur_0.2.h5
352,0.15,0.2,ab4a70858e,0.11118950694799423,-0.8955223880596961,-8.066037735849058,22.515923572829195,28.65,33,31,1,0.3141592653589793,5,8.0,8,0.09,/user/raabe14/u19361/workspace-allen/results/VISp_1/trial_0/phase_0/lib_ab4a70858e/lib_ab4a70858e__delay_0.15__dur_0.2.h5
353,0.09,0.0,ab4a70858e,0.10044976323843002,-8.059701492537314,-9.858490566037737,67.51591472682667,7.16,29,32,3,0.9424777960769379,0,2.0,12,1.3,/user/raabe14/u19361/workspace-allen/results/VISp_1/trial_0/phase_0/lib_ab4a70858e/lib_ab4a70858e__delay_0.09__dur_0.0.h5
354,0.15,0.2,ab4a70858e,0.11583083868026733,-9.850746268656714,-4.481132075471699,67.51591472682667,10.74,28,29,3,0.9424777960769379,1,3.0,12,1.3,/user/raabe14/u19361/workspace-allen/results/VISp_1/trial_0/phase_0/lib_ab4a70858e/lib_ab4a70858e__delay_0.15__dur_0.2.h5
355,0.15,0.2,ab4a70858e,0.20690666139125824,-8.059701492537314,-9.858490566037737,67.51591472682667,10.74,29,32,3,0.9424777960769379,1,3.0,12,1.3,/user/raabe14/u19361/workspace-allen/results/VISp_1/trial_0/phase_0/lib_ab4a70858e/lib_ab4a70858e__delay_0.15__dur_0.2.h5
356,0.09,0.0,ab4a70858e,0.19269008934497833,-8.059701492537314,-11.650943396226417,45.02251307527088,10.74,29,33,2,0.6283185307179586,1,3.0,6,0.07,/user/raabe14/u19361/workspace-allen/results/VISp_1/trial_0/phase_0/lib_ab4a70858e/lib_ab4a70858e__delay_0.09__dur_0.0.h5
357,0.09,0.2,ab4a70858e,0.141374409198761,-9.850746268656714,-9.858490566037737,90.0,10.74,28,32,4,1.2566370614359172,1,3.0,9,0.1,/user/raabe14/u19361/workspace-allen/results/VISp_1/trial_0/phase_0/lib_ab4a70858e/lib_ab4a70858e__delay_0.09__dur_0.2.h5
358,0.09,0.0,ab4a70858e,0.1622914969921112,-8.059701492537314,-9.858490566037737,134.9774869247291,10.74,29,32,6,1.8849555921538759,1,3.0,9,0.1,/user/raabe14/u19361/workspace-allen/results/VISp_1/trial_0/phase_0/lib_ab4a70858e/lib_ab4a70858e__delay_0.09__dur_0.0.h5
359,0.12,0.0,ab4a70858e,0.2336440533399582,-4.477611940298509,-9.858490566037737,45.02251307527088,14.32,31,32,2,0.6283185307179586,2,4.0,9,0.1,/user/raabe14/u19361/workspace-allen/results/VISp_1/trial_0/phase_0/lib_ab4a70858e/lib_ab4a70858e__delay_0.12__dur_0.0.h5
36,0.12,0.0,ab4a70858e,0.22709259390830994,8.059701492537314,-11.650943396226417,22.515923572829163,7.16,38,33,9,2.827433388230814,0,2.0,5,0.06,/user/raabe14/u19361/workspace-allen/results/VISp_1/trial_0/phase_0/lib_ab4a70858e/lib_ab4a70858e__delay_0.12__dur_0.0.h5
360,0.12,0.2,ab4a70858e,0.11038832366466522,-6.268656716417908,-8.066037735849058,180.0,17.91,30,31,8,2.5132741228718345,3,5.0,6,0.07,/user/raabe14/u19361/workspace-allen/results/VISp_1/trial_0/phase_0/lib_ab4a70858e/lib_ab4a70858e__delay_0.12__dur_0.2.h5
361,0.06,0.2,ab4a70858e,0.15052346885204315,-6.268656716417908,-11.650943396226417,22.515923572829195,7.16,30,33,1,0.3141592653589793,0,2.0,9,0.1,/user/raabe14/u19361/workspace-allen/results/VISp_1/trial_0/phase_0/lib_ab4a70858e/lib_ab4a70858e__delay_0.06__dur_0.2.h5
362,0.12,0.0,ab4a70858e,0.16043435037136078,-6.268656716417908,-13.443396226415096,90.0,17.91,30,34,4,1.2566370614359172,3,5.0,9,0.1,/user/raabe14/u19361/workspace-allen/results/VISp_1/trial_0/phase_0/lib_ab4a70858e/lib_ab4a70858e__delay_0.12__dur_0.0.h5
363,0.03,0.2,ab4a70858e,0.15266215801239014,-9.850746268656714,-8.066037735849058,180.0,14.32,28,31,8,2.5132741228718345,2,4.0,9,0.1,/user/raabe14/u19361/workspace-allen/results/VISp_1/trial_0/phase_0/lib_ab4a70858e/lib_ab4a70858e__delay_0.03__dur_0.2.h5
364,0.12,0.0,ab4a70858e,0.14107295870780945,-6.268656716417908,-2.6886792452830193,180.0,14.32,30,28,8,2.5132741228718345,2,4.0,9,0.1,/user/raabe14/u19361/workspace-allen/results/VISp_1/trial_0/phase_0/lib_ab4a70858e/lib_ab4a70858e__delay_0.12__dur_0.0.h5
365,0.15,0.2,ab4a70858e,0.09917651861906052,-8.059701492537314,-17.028301886792452,157.4840764271708,14.32,29,36,7,2.199114857512855,2,4.0,9,0.1,/user/raabe14/u19361/workspace-allen/results/VISp_1/trial_0/phase_0/lib_ab4a70858e/lib_ab4a70858e__delay_0.15__dur_0.2.h5
366,0.06,0.2,ab4a70858e,0.08940016478300095,42.08955223880598,-45.70754716981132,22.515923572829163,10.74,57,52,9,2.827433388230814,1,3.0,11,1.2,/user/raabe14/u19361/workspace-allen/results/VISp_1/trial_0/phase_0/lib_ab4a70858e/lib_ab4a70858e__delay_0.06__dur_0.2.h5
367,0.15,0.2,ab4a70858e,0.11333727836608887,2.6865671641791096,-6.273584905660378,0.0,10.74,35,30,0,0.0,1,3.0,11,1.2,/user/raabe14/u19361/workspace-allen/results/VISp_1/trial_0/phase_0/lib_ab4a70858e/lib_ab4a70858e__delay_0.15__dur_0.2.h5
368,0.06,0.2,ab4a70858e,0.10893257707357407,-6.268656716417908,-13.443396226415096,22.515923572829163,10.74,30,34,9,2.827433388230814,1,3.0,9,0.1,/user/raabe14/u19361/workspace-allen/results/VISp_1/trial_0/phase_0/lib_ab4a70858e/lib_ab4a70858e__delay_0.06__dur_0.2.h5
369,0.09,0.2,ab4a70858e,0.11695750057697296,-0.8955223880596961,-18.82075471698113,157.4840764271708,17.91,33,37,7,2.199114857512855,3,5.0,6,0.07,/user/raabe14/u19361/workspace-allen/results/VISp_1/trial_0/phase_0/lib_ab4a70858e/lib_ab4a70858e__delay_0.09__dur_0.2.h5
37,0.12,0.0,ab4a70858e,0.1500495970249176,4.477611940298516,-6.273584905660378,180.0,14.32,36,30,8,2.5132741228718345,2,4.0,9,0.1,/user/raabe14/u19361/workspace-allen/results/VISp_1/trial_0/phase_0/lib_ab4a70858e/lib_ab4a70858e__delay_0.12__dur_0.0.h5
370,0.09,0.2,ab4a70858e,0.10332490503787994,-15.223880597014926,9.858490566037737,22.515923572829195,7.16,25,21,1,0.3141592653589793,0,2.0,10,1.1,/user/raabe14/u19361/workspace-allen/results/VISp_1/trial_0/phase_0/lib_ab4a70858e/lib_ab4a70858e__delay_0.09__dur_0.2.h5
371,0.12,0.2,ab4a70858e,0.2054307460784912,-11.64179104477612,-6.273584905660378,22.515923572829195,10.74,27,30,1,0.3141592653589793,1,3.0,9,0.1,/user/raabe14/u19361/workspace-allen/results/VISp_1/trial_0/phase_0/lib_ab4a70858e/lib_ab4a70858e__delay_0.12__dur_0.2.h5
372,0.06,0.0,ab4a70858e,0.11777478456497192,-13.43283582089552,-11.650943396226417,157.4840764271708,14.32,26,33,7,2.199114857512855,2,4.0,8,0.09,/user/raabe14/u19361/workspace-allen/results/VISp_1/trial_0/phase_0/lib_ab4a70858e/lib_ab4a70858e__delay_0.06__dur_0.0.h5
373,0.06,0.0,ab4a70858e,0.10983239859342575,-51.04477611940298,-24.19811320754717,22.515923572829163,14.32,5,40,9,2.827433388230814,2,4.0,10,1.1,/user/raabe14/u19361/workspace-allen/results/VISp_1/trial_0/phase_0/lib_ab4a70858e/lib_ab4a70858e__delay_0.06__dur_0.0.h5
374,0.09,0.0,ab4a70858e,0.10413175076246262,-9.850746268656714,-9.858490566037737,45.02251307527088,7.16,28,32,2,0.6283185307179586,0,2.0,9,0.1,/user/raabe14/u19361/workspace-allen/results/VISp_1/trial_0/phase_0/lib_ab4a70858e/lib_ab4a70858e__delay_0.09__dur_0.0.h5
375,0.15,0.0,ab4a70858e,0.1587730348110199,-4.477611940298509,-9.858490566037737,90.0,14.32,31,32,4,1.2566370614359172,2,4.0,6,0.07,/user/raabe14/u19361/workspace-allen/results/VISp_1/trial_0/phase_0/lib_ab4a70858e/lib_ab4a70858e__delay_0.15__dur_0.0.h5
376,0.12,0.0,ab4a70858e,0.18455800414085388,-8.059701492537314,-13.443396226415096,67.51591472682667,10.74,29,34,3,0.9424777960769379,1,3.0,6,0.07,/user/raabe14/u19361/workspace-allen/results/VISp_1/trial_0/phase_0/lib_ab4a70858e/lib_ab4a70858e__delay_0.12__dur_0.0.h5
377,0.09,0.2,ab4a70858e,0.15093493461608887,-6.268656716417908,-9.858490566037737,22.515923572829163,10.74,30,32,9,2.827433388230814,1,3.0,5,0.06,/user/raabe14/u19361/workspace-allen/results/VISp_1/trial_0/phase_0/lib_ab4a70858e/lib_ab4a70858e__delay_0.09__dur_0.2.h5
378,0.15,0.0,ab4a70858e,0.11234298348426819,-8.059701492537314,-9.858490566037737,90.0,10.74,29,32,4,1.2566370614359172,1,3.0,9,0.1,/user/raabe14/u19361/workspace-allen/results/VISp_1/trial_0/phase_0/lib_ab4a70858e/lib_ab4a70858e__delay_0.15__dur_0.0.h5
379,0.12,0.0,ab4a70858e,0.09562446922063828,2.6865671641791096,-6.273584905660378,45.02251307527088,14.32,35,30,2,0.6283185307179586,2,4.0,4,0.05,/user/raabe14/u19361/workspace-allen/results/VISp_1/trial_0/phase_0/lib_ab4a70858e/lib_ab4a70858e__delay_0.12__dur_0.0.h5
38,0.12,0.2,ab4a70858e,0.09544727951288223,-45.67164179104478,8.066037735849058,45.02251307527088,21.49,8,22,2,0.6283185307179586,4,6.0,4,0.05,/user/raabe14/u19361/workspace-allen/results/VISp_1/trial_0/phase_0/lib_ab4a70858e/lib_ab4a70858e__delay_0.12__dur_0.2.h5
380,0.06,0.0,ab4a70858e,0.14678041636943817,-9.850746268656714,-9.858490566037737,22.515923572829195,10.74,28,32,1,0.3141592653589793,1,3.0,8,0.09,/user/raabe14/u19361/workspace-allen/results/VISp_1/trial_0/phase_0/lib_ab4a70858e/lib_ab4a70858e__delay_0.06__dur_0.0.h5
381,0.12,0.2,ab4a70858e,0.12500694394111633,-13.43283582089552,-4.481132075471699,134.9774869247291,17.91,26,29,6,1.8849555921538759,3,5.0,9,0.1,/user/raabe14/u19361/workspace-allen/results/VISp_1/trial_0/phase_0/lib_ab4a70858e/lib_ab4a70858e__delay_0.12__dur_0.2.h5
382,0.09,0.0,ab4a70858e,0.18899863958358765,-6.268656716417908,-8.066037735849058,134.9774869247291,10.74,30,31,6,1.8849555921538759,1,3.0,7,0.08,/user/raabe14/u19361/workspace-allen/results/VISp_1/trial_0/phase_0/lib_ab4a70858e/lib_ab4a70858e__delay_0.09__dur_0.0.h5
383,0.06,0.0,ab4a70858e,0.18484264612197876,-6.268656716417908,-9.858490566037737,112.48408527317332,10.74,30,32,5,1.5707963267948966,1,3.0,9,0.1,/user/raabe14/u19361/workspace-allen/results/VISp_1/trial_0/phase_0/lib_ab4a70858e/lib_ab4a70858e__delay_0.06__dur_0.0.h5
384,0.06,0.2,ab4a70858e,0.12620918452739716,-17.014925373134325,-13.443396226415096,157.4840764271708,14.32,24,34,7,2.199114857512855,2,4.0,5,0.06,/user/raabe14/u19361/workspace-allen/results/VISp_1/trial_0/phase_0/lib_ab4a70858e/lib_ab4a70858e__delay_0.06__dur_0.2.h5
385,0.15,0.2,ab4a70858e,0.11292778700590134,-9.850746268656714,-9.858490566037737,112.48408527317332,14.32,28,32,5,1.5707963267948966,2,4.0,9,0.1,/user/raabe14/u19361/workspace-allen/results/VISp_1/trial_0/phase_0/lib_ab4a70858e/lib_ab4a70858e__delay_0.15__dur_0.2.h5
386,0.15,0.0,ab4a70858e,0.09803824126720428,2.6865671641791096,-13.443396226415096,45.02251307527088,14.32,35,34,2,0.6283185307179586,2,4.0,8,0.09,/user/raabe14/u19361/workspace-allen/results/VISp_1/trial_0/phase_0/lib_ab4a70858e/lib_ab4a70858e__delay_0.15__dur_0.0.h5
387,0.12,0.2,ab4a70858e,0.1028895229101181,-11.64179104477612,-13.443396226415096,157.4840764271708,14.32,27,34,7,2.199114857512855,2,4.0,9,0.1,/user/raabe14/u19361/workspace-allen/results/VISp_1/trial_0/phase_0/lib_ab4a70858e/lib_ab4a70858e__delay_0.12__dur_0.2.h5
388,0.12,0.2,ab4a70858e,0.09910394251346588,51.04477611940298,-34.95283018867924,90.0,17.91,62,46,4,1.2566370614359172,3,5.0,12,1.3,/user/raabe14/u19361/workspace-allen/results/VISp_1/trial_0/phase_0/lib_ab4a70858e/lib_ab4a70858e__delay_0.12__dur_0.2.h5
389,0.12,0.2,ab4a70858e,0.1760290265083313,-8.059701492537314,-17.028301886792452,22.515923572829195,17.91,29,36,1,0.3141592653589793,3,5.0,6,0.07,/user/raabe14/u19361/workspace-allen/results/VISp_1/trial_0/phase_0/lib_ab4a70858e/lib_ab4a70858e__delay_0.12__dur_0.2.h5
39,0.15,0.2,ab4a70858e,0.15409426391124725,8.059701492537314,-6.273584905660378,112.48408527317332,7.16,38,30,5,1.5707963267948966,0,2.0,9,0.1,/user/raabe14/u19361/workspace-allen/results/VISp_1/trial_0/phase_0/lib_ab4a70858e/lib_ab4a70858e__delay_0.15__dur_0.2.h5
390,0.06,0.0,ab4a70858e,0.15733200311660767,-13.43283582089552,-13.443396226415096,134.9774869247291,17.91,26,34,6,1.8849555921538759,3,5.0,4,0.05,/user/raabe14/u19361/workspace-allen/results/VISp_1/trial_0/phase_0/lib_ab4a70858e/lib_ab4a70858e__delay_0.06__dur_0.0.h5
391,0.09,0.0,ab4a70858e,0.12850846350193024,-17.014925373134325,-13.443396226415096,22.515923572829163,28.65,24,34,9,2.827433388230814,5,8.0,8,0.09,/user/raabe14/u19361/workspace-allen/results/VISp_1/trial_0/phase_0/lib_ab4a70858e/lib_ab4a70858e__delay_0.09__dur_0.0.h5
392,0.09,0.0,ab4a70858e,0.16694042086601257,-6.268656716417908,-9.858490566037737,180.0,10.74,30,32,8,2.5132741228718345,1,3.0,9,0.1,/user/raabe14/u19361/workspace-allen/results/VISp_1/trial_0/phase_0/lib_ab4a70858e/lib_ab4a70858e__delay_0.09__dur_0.0.h5
393,0.09,0.2,ab4a70858e,0.11738968640565872,-18.80597014925373,-15.235849056603776,157.4840764271708,21.49,23,35,7,2.199114857512855,4,6.0,12,1.3,/user/raabe14/u19361/workspace-allen/results/VISp_1/trial_0/phase_0/lib_ab4a70858e/lib_ab4a70858e__delay_0.09__dur_0.2.h5
394,0.12,0.0,ab4a70858e,0.18358375132083893,-9.850746268656714,-11.650943396226417,22.515923572829195,14.32,28,33,1,0.3141592653589793,2,4.0,9,0.1,/user/raabe14/u19361/workspace-allen/results/VISp_1/trial_0/phase_0/lib_ab4a70858e/lib_ab4a70858e__delay_0.12__dur_0.0.h5
395,0.03,0.2,ab4a70858e,0.11564256250858307,-18.80597014925373,-13.443396226415096,67.51591472682667,7.16,23,34,3,0.9424777960769379,0,2.0,12,1.3,/user/raabe14/u19361/workspace-allen/results/VISp_1/trial_0/phase_0/lib_ab4a70858e/lib_ab4a70858e__delay_0.03__dur_0.2.h5
396,0.03,0.2,ab4a70858e,0.09304486960172653,-25.970149253731343,-36.74528301886792,0.0,14.32,19,47,0,0.0,2,4.0,11,1.2,/user/raabe14/u19361/workspace-allen/results/VISp_1/trial_0/phase_0/lib_ab4a70858e/lib_ab4a70858e__delay_0.03__dur_0.2.h5
397,0.15,0.0,ab4a70858e,0.16569924354553223,-8.059701492537314,-9.858490566037737,0.0,14.32,29,32,0,0.0,2,4.0,9,0.1,/user/raabe14/u19361/workspace-allen/results/VISp_1/trial_0/phase_0/lib_ab4a70858e/lib_ab4a70858e__delay_0.15__dur_0.0.h5
398,0.09,0.2,ab4a70858e,0.12390580028295517,-13.43283582089552,2.6886792452830193,157.4840764271708,10.74,26,25,7,2.199114857512855,1,3.0,12,1.3,/user/raabe14/u19361/workspace-allen/results/VISp_1/trial_0/phase_0/lib_ab4a70858e/lib_ab4a70858e__delay_0.09__dur_0.2.h5
399,0.12,0.0,ab4a70858e,0.18997032940387726,-2.6865671641791025,-8.066037735849058,180.0,17.91,32,31,8,2.5132741228718345,3,5.0,5,0.06,/user/raabe14/u19361/workspace-allen/results/VISp_1/trial_0/phase_0/lib_ab4a70858e/lib_ab4a70858e__delay_0.12__dur_0.0.h5
4,0.12,0.0,ab4a70858e,0.09884310513734818,4.477611940298516,0.8962264150943398,180.0,17.91,36,26,8,2.5132741228718345,3,5.0,8,0.09,/user/raabe14/u19361/workspace-allen/results/VISp_1/trial_0/phase_0/lib_ab4a70858e/lib_ab4a70858e__delay_0.12__dur_0.0.h5
40,0.15,0.2,ab4a70858e,0.10783082991838455,0.8955223880597032,-4.481132075471699,0.0,7.16,34,29,0,0.0,0,2.0,9,0.1,/user/raabe14/u19361/workspace-allen/results/VISp_1/trial_0/phase_0/lib_ab4a70858e/lib_ab4a70858e__delay_0.15__dur_0.2.h5
400,0.09,0.2,ab4a70858e,0.1070416197180748,-8.059701492537314,-17.028301886792452,22.515923572829163,7.16,29,36,9,2.827433388230814,0,2.0,9,0.1,/user/raabe14/u19361/workspace-allen/results/VISp_1/trial_0/phase_0/lib_ab4a70858e/lib_ab4a70858e__delay_0.09__dur_0.2.h5
401,0.15,0.0,ab4a70858e,0.16646620631217957,-8.059701492537314,-9.858490566037737,45.02251307527088,10.74,29,32,2,0.6283185307179586,1,3.0,9,0.1,/user/raabe14/u19361/workspace-allen/results/VISp_1/trial_0/phase_0/lib_ab4a70858e/lib_ab4a70858e__delay_0.15__dur_0.0.h5
402,0.12,0.0,ab4a70858e,0.25562429428100586,-9.850746268656714,-11.650943396226417,22.515923572829195,10.74,28,33,1,0.3141592653589793,1,3.0,8,0.09,/user/raabe14/u19361/workspace-allen/results/VISp_1/trial_0/phase_0/lib_ab4a70858e/lib_ab4a70858e__delay_0.12__dur_0.0.h5
403,0.06,0.2,ab4a70858e,0.1361386924982071,-11.64179104477612,-0.8962264150943398,45.02251307527088,17.91,27,27,2,0.6283185307179586,3,5.0,6,0.07,/user/raabe14/u19361/workspace-allen/results/VISp_1/trial_0/phase_0/lib_ab4a70858e/lib_ab4a70858e__delay_0.06__dur_0.2.h5
404,0.06,0.0,ab4a70858e,0.17195037007331848,-8.059701492537314,-11.650943396226417,0.0,14.32,29,33,0,0.0,2,4.0,4,0.05,/user/raabe14/u19361/workspace-allen/results/VISp_1/trial_0/phase_0/lib_ab4a70858e/lib_ab4a70858e__delay_0.06__dur_0.0.h5
405,0.15,0.0,ab4a70858e,0.11236818879842758,-11.64179104477612,-18.82075471698113,0.0,14.32,27,37,0,0.0,2,4.0,9,0.1,/user/raabe14/u19361/workspace-allen/results/VISp_1/trial_0/phase_0/lib_ab4a70858e/lib_ab4a70858e__delay_0.15__dur_0.0.h5
406,0.09,0.0,ab4a70858e,0.15000668168067932,-13.43283582089552,-13.443396226415096,180.0,17.91,26,34,8,2.5132741228718345,3,5.0,5,0.06,/user/raabe14/u19361/workspace-allen/results/VISp_1/trial_0/phase_0/lib_ab4a70858e/lib_ab4a70858e__delay_0.09__dur_0.0.h5
407,0.06,0.0,ab4a70858e,0.12177460640668869,-11.64179104477612,-8.066037735849058,90.0,17.91,27,31,4,1.2566370614359172,3,5.0,5,0.06,/user/raabe14/u19361/workspace-allen/results/VISp_1/trial_0/phase_0/lib_ab4a70858e/lib_ab4a70858e__delay_0.06__dur_0.0.h5
408,0.09,0.0,ab4a70858e,0.132111594080925,-9.850746268656714,-13.443396226415096,0.0,7.16,28,34,0,0.0,0,2.0,11,1.2,/user/raabe14/u19361/workspace-allen/results/VISp_1/trial_0/phase_0/lib_ab4a70858e/lib_ab4a70858e__delay_0.09__dur_0.0.h5
409,0.15,0.2,ab4a70858e,0.1403801590204239,-15.223880597014926,-0.8962264150943398,45.02251307527088,10.74,25,27,2,0.6283185307179586,1,3.0,12,1.3,/user/raabe14/u19361/workspace-allen/results/VISp_1/trial_0/phase_0/lib_ab4a70858e/lib_ab4a70858e__delay_0.15__dur_0.2.h5
41,0.15,0.0,ab4a70858e,0.21551105380058289,2.6865671641791096,-6.273584905660378,22.515923572829195,10.74,35,30,1,0.3141592653589793,1,3.0,9,0.1,/user/raabe14/u19361/workspace-allen/results/VISp_1/trial_0/phase_0/lib_ab4a70858e/lib_ab4a70858e__delay_0.15__dur_0.0.h5
410,0.09,0.0,ab4a70858e,0.09800752997398376,-8.059701492537314,-8.066037735849058,157.4840764271708,7.16,29,31,7,2.199114857512855,0,2.0,12,1.3,/user/raabe14/u19361/workspace-allen/results/VISp_1/trial_0/phase_0/lib_ab4a70858e/lib_ab4a70858e__delay_0.09__dur_0.0.h5
411,0.15,0.0,ab4a70858e,0.19657723605632782,-6.268656716417908,-6.273584905660378,180.0,17.91,30,30,8,2.5132741228718345,3,5.0,7,0.08,/user/raabe14/u19361/workspace-allen/results/VISp_1/trial_0/phase_0/lib_ab4a70858e/lib_ab4a70858e__delay_0.15__dur_0.0.h5
412,0.09,0.0,ab4a70858e,0.14495648443698883,-6.268656716417908,-11.650943396226417,22.515923572829195,17.91,30,33,1,0.3141592653589793,3,5.0,9,0.1,/user/raabe14/u19361/workspace-allen/results/VISp_1/trial_0/phase_0/lib_ab4a70858e/lib_ab4a70858e__delay_0.09__dur_0.0.h5
413,0.09,0.0,ab4a70858e,0.1524328589439392,-15.223880597014926,-11.650943396226417,134.9774869247291,10.74,25,33,6,1.8849555921538759,1,3.0,9,0.1,/user/raabe14/u19361/workspace-allen/results/VISp_1/trial_0/phase_0/lib_ab4a70858e/lib_ab4a70858e__delay_0.09__dur_0.0.h5
414,0.06,0.2,ab4a70858e,0.1241917833685875,-8.059701492537314,-6.273584905660378,0.0,17.91,29,30,0,0.0,3,5.0,9,0.1,/user/raabe14/u19361/workspace-allen/results/VISp_1/trial_0/phase_0/lib_ab4a70858e/lib_ab4a70858e__delay_0.06__dur_0.2.h5
415,0.15,0.2,ab4a70858e,0.1412758082151413,-9.850746268656714,-9.858490566037737,22.515923572829195,14.32,28,32,1,0.3141592653589793,2,4.0,9,0.1,/user/raabe14/u19361/workspace-allen/results/VISp_1/trial_0/phase_0/lib_ab4a70858e/lib_ab4a70858e__delay_0.15__dur_0.2.h5
416,0.12,0.0,ab4a70858e,0.1434331238269806,-13.43283582089552,-8.066037735849058,45.02251307527088,7.16,26,31,2,0.6283185307179586,0,2.0,12,1.3,/user/raabe14/u19361/workspace-allen/results/VISp_1/trial_0/phase_0/lib_ab4a70858e/lib_ab4a70858e__delay_0.12__dur_0.0.h5
417,0.12,0.0,ab4a70858e,0.106526218354702,-11.64179104477612,-15.235849056603776,22.515923572829163,14.32,27,35,9,2.827433388230814,2,4.0,8,0.09,/user/raabe14/u19361/workspace-allen/results/VISp_1/trial_0/phase_0/lib_ab4a70858e/lib_ab4a70858e__delay_0.12__dur_0.0.h5
418,0.06,0.0,ab4a70858e,0.10342005640268326,-4.477611940298509,-17.028301886792452,0.0,21.49,31,36,0,0.0,4,6.0,7,0.08,/user/raabe14/u19361/workspace-allen/results/VISp_1/trial_0/phase_0/lib_ab4a70858e/lib_ab4a70858e__delay_0.06__dur_0.0.h5
419,0.09,0.0,ab4a70858e,0.18189801275730133,-8.059701492537314,-8.066037735849058,134.9774869247291,10.74,29,31,6,1.8849555921538759,1,3.0,9,0.1,/user/raabe14/u19361/workspace-allen/results/VISp_1/trial_0/phase_0/lib_ab4a70858e/lib_ab4a70858e__delay_0.09__dur_0.0.h5
42,0.12,0.0,ab4a70858e,0.2259078025817871,8.059701492537314,-9.858490566037737,45.02251307527088,14.32,38,32,2,0.6283185307179586,2,4.0,0,0.01,/user/raabe14/u19361/workspace-allen/results/VISp_1/trial_0/phase_0/lib_ab4a70858e/lib_ab4a70858e__delay_0.12__dur_0.0.h5
420,0.0,0.2,ab4a70858e,0.1123579815030098,-11.64179104477612,-9.858490566037737,180.0,17.91,27,32,8,2.5132741228718345,3,5.0,12,1.3,/user/raabe14/u19361/workspace-allen/results/VISp_1/trial_0/phase_0/lib_ab4a70858e/lib_ab4a70858e__delay_0.0__dur_0.2.h5
421,0.15,0.2,ab4a70858e,0.10960036516189575,-2.6865671641791025,-9.858490566037737,134.9774869247291,7.16,32,32,6,1.8849555921538759,0,2.0,9,0.1,/user/raabe14/u19361/workspace-allen/results/VISp_1/trial_0/phase_0/lib_ab4a70858e/lib_ab4a70858e__delay_0.15__dur_0.2.h5
422,0.09,0.0,ab4a70858e,0.09935252368450165,0.8955223880597032,-8.066037735849058,45.02251307527088,14.32,34,31,2,0.6283185307179586,2,4.0,7,0.08,/user/raabe14/u19361/workspace-allen/results/VISp_1/trial_0/phase_0/lib_ab4a70858e/lib_ab4a70858e__delay_0.09__dur_0.0.h5
423,0.06,0.0,ab4a70858e,0.13341458141803741,-9.850746268656714,-9.858490566037737,0.0,7.16,28,32,0,0.0,0,2.0,11,1.2,/user/raabe14/u19361/workspace-allen/results/VISp_1/trial_0/phase_0/lib_ab4a70858e/lib_ab4a70858e__delay_0.06__dur_0.0.h5
424,0.06,0.0,ab4a70858e,0.17134438455104828,-11.64179104477612,-8.066037735849058,45.02251307527088,10.74,27,31,2,0.6283185307179586,1,3.0,5,0.06,/user/raabe14/u19361/workspace-allen/results/VISp_1/trial_0/phase_0/lib_ab4a70858e/lib_ab4a70858e__delay_0.06__dur_0.0.h5
425,0.03,0.2,ab4a70858e,0.09931674599647522,-54.62686567164179,-22.40566037735849,90.0,10.74,3,39,4,1.2566370614359172,1,3.0,10,1.1,/user/raabe14/u19361/workspace-allen/results/VISp_1/trial_0/phase_0/lib_ab4a70858e/lib_ab4a70858e__delay_0.03__dur_0.2.h5
426,0.09,0.0,ab4a70858e,0.1534155011177063,-13.43283582089552,-8.066037735849058,112.48408527317332,14.32,26,31,5,1.5707963267948966,2,4.0,8,0.09,/user/raabe14/u19361/workspace-allen/results/VISp_1/trial_0/phase_0/lib_ab4a70858e/lib_ab4a70858e__delay_0.09__dur_0.0.h5
427,0.12,0.0,ab4a70858e,0.11023243516683578,0.8955223880597032,-17.028301886792452,45.02251307527088,17.91,34,36,2,0.6283185307179586,3,5.0,8,0.09,/user/raabe14/u19361/workspace-allen/results/VISp_1/trial_0/phase_0/lib_ab4a70858e/lib_ab4a70858e__delay_0.12__dur_0.0.h5
428,0.09,0.2,ab4a70858e,0.17537365853786469,-15.223880597014926,-11.650943396226417,90.0,14.32,25,33,4,1.2566370614359172,2,4.0,6,0.07,/user/raabe14/u19361/workspace-allen/results/VISp_1/trial_0/phase_0/lib_ab4a70858e/lib_ab4a70858e__delay_0.09__dur_0.2.h5
429,0.12,0.0,ab4a70858e,0.15722458064556122,-20.59701492537313,-8.066037735849058,22.515923572829195,7.16,22,31,1,0.3141592653589793,0,2.0,9,0.1,/user/raabe14/u19361/workspace-allen/results/VISp_1/trial_0/phase_0/lib_ab4a70858e/lib_ab4a70858e__delay_0.12__dur_0.0.h5
43,0.12,0.0,ab4a70858e,0.2075396478176117,4.477611940298516,-8.066037735849058,0.0,14.32,36,31,0,0.0,2,4.0,9,0.1,/user/raabe14/u19361/workspace-allen/results/VISp_1/trial_0/phase_0/lib_ab4a70858e/lib_ab4a70858e__delay_0.12__dur_0.0.h5
430,0.09,0.0,ab4a70858e,0.12795202434062958,-15.223880597014926,-8.066037735849058,180.0,7.16,25,31,8,2.5132741228718345,0,2.0,9,0.1,/user/raabe14/u19361/workspace-allen/results/VISp_1/trial_0/phase_0/lib_ab4a70858e/lib_ab4a70858e__delay_0.09__dur_0.0.h5
431,0.12,0.0,ab4a70858e,0.12845471501350403,-15.223880597014926,-6.273584905660378,112.48408527317332,17.91,25,30,5,1.5707963267948966,3,5.0,9,0.1,/user/raabe14/u19361/workspace-allen/results/VISp_1/trial_0/phase_0/lib_ab4a70858e/lib_ab4a70858e__delay_0.12__dur_0.0.h5
432,0.12,0.2,ab4a70858e,0.09775842726230621,27.761194029850756,13.443396226415096,22.515923572829163,7.16,49,19,9,2.827433388230814,0,2.0,11,1.2,/user/raabe14/u19361/workspace-allen/results/VISp_1/trial_0/phase_0/lib_ab4a70858e/lib_ab4a70858e__delay_0.12__dur_0.2.h5
433,0.09,0.0,ab4a70858e,0.11813683062791824,-6.268656716417908,-15.235849056603776,157.4840764271708,14.32,30,35,7,2.199114857512855,2,4.0,8,0.09,/user/raabe14/u19361/workspace-allen/results/VISp_1/trial_0/phase_0/lib_ab4a70858e/lib_ab4a70858e__delay_0.09__dur_0.0.h5
434,0.06,0.2,ab4a70858e,0.11232144385576248,-8.059701492537314,-17.028301886792452,0.0,17.91,29,36,0,0.0,3,5.0,4,0.05,/user/raabe14/u19361/workspace-allen/results/VISp_1/trial_0/phase_0/lib_ab4a70858e/lib_ab4a70858e__delay_0.06__dur_0.2.h5
435,0.09,0.0,ab4a70858e,0.14606808125972748,-0.8955223880596961,-6.273584905660378,157.4840764271708,17.91,33,30,7,2.199114857512855,3,5.0,5,0.06,/user/raabe14/u19361/workspace-allen/results/VISp_1/trial_0/phase_0/lib_ab4a70858e/lib_ab4a70858e__delay_0.09__dur_0.0.h5
436,0.06,0.2,ab4a70858e,0.09322480112314224,-13.43283582089552,-13.443396226415096,90.0,14.32,26,34,4,1.2566370614359172,2,4.0,5,0.06,/user/raabe14/u19361/workspace-allen/results/VISp_1/trial_0/phase_0/lib_ab4a70858e/lib_ab4a70858e__delay_0.06__dur_0.2.h5
437,0.06,0.2,ab4a70858e,0.09778871387243271,17.014925373134332,0.8962264150943398,112.48408527317332,10.74,43,26,5,1.5707963267948966,1,3.0,11,1.2,/user/raabe14/u19361/workspace-allen/results/VISp_1/trial_0/phase_0/lib_ab4a70858e/lib_ab4a70858e__delay_0.06__dur_0.2.h5
438,0.09,0.0,ab4a70858e,0.13535410165786743,-18.80597014925373,-9.858490566037737,90.0,14.32,23,32,4,1.2566370614359172,2,4.0,9,0.1,/user/raabe14/u19361/workspace-allen/results/VISp_1/trial_0/phase_0/lib_ab4a70858e/lib_ab4a70858e__delay_0.09__dur_0.0.h5
439,0.09,0.0,ab4a70858e,0.16829301416873932,-6.268656716417908,-9.858490566037737,90.0,10.74,30,32,4,1.2566370614359172,1,3.0,9,0.1,/user/raabe14/u19361/workspace-allen/results/VISp_1/trial_0/phase_0/lib_ab4a70858e/lib_ab4a70858e__delay_0.09__dur_0.0.h5
44,0.15,0.0,ab4a70858e,0.2017635852098465,8.059701492537314,-13.443396226415096,0.0,10.74,38,34,0,0.0,1,3.0,9,0.1,/user/raabe14/u19361/workspace-allen/results/VISp_1/trial_0/phase_0/lib_ab4a70858e/lib_ab4a70858e__delay_0.15__dur_0.0.h5
440,0.12,0.0,ab4a70858e,0.09577690809965134,-8.059701492537314,-8.066037735849058,22.515923572829195,10.74,29,31,1,0.3141592653589793,1,3.0,9,0.1,/user/raabe14/u19361/workspace-allen/results/VISp_1/trial_0/phase_0/lib_ab4a70858e/lib_ab4a70858e__delay_0.12__dur_0.0.h5
441,0.12,0.2,ab4a70858e,0.11322671175003052,-8.059701492537314,-11.650943396226417,22.515923572829195,14.32,29,33,1,0.3141592653589793,2,4.0,4,0.05,/user/raabe14/u19361/workspace-allen/results/VISp_1/trial_0/phase_0/lib_ab4a70858e/lib_ab4a70858e__delay_0.12__dur_0.2.h5
442,0.06,0.2,ab4a70858e,0.1730918437242508,-13.43283582089552,-13.443396226415096,134.9774869247291,14.32,26,34,6,1.8849555921538759,2,4.0,8,0.09,/user/raabe14/u19361/workspace-allen/results/VISp_1/trial_0/phase_0/lib_ab4a70858e/lib_ab4a70858e__delay_0.06__dur_0.2.h5
443,0.12,0.0,ab4a70858e,0.16787120699882507,-6.268656716417908,-17.028301886792452,67.51591472682667,14.32,30,36,3,0.9424777960769379,2,4.0,9,0.1,/user/raabe14/u19361/workspace-allen/results/VISp_1/trial_0/phase_0/lib_ab4a70858e/lib_ab4a70858e__delay_0.12__dur_0.0.h5
444,0.0,0.0,ab4a70858e,0.09277136623859406,-47.46268656716418,-17.028301886792452,67.51591472682667,28.65,7,36,3,0.9424777960769379,5,8.0,10,1.1,/user/raabe14/u19361/workspace-allen/results/VISp_1/trial_0/phase_0/lib_ab4a70858e/lib_ab4a70858e__delay_0.0__dur_0.0.h5
445,0.12,0.2,ab4a70858e,0.13678479194641113,-9.850746268656714,-15.235849056603776,90.0,14.32,28,35,4,1.2566370614359172,2,4.0,9,0.1,/user/raabe14/u19361/workspace-allen/results/VISp_1/trial_0/phase_0/lib_ab4a70858e/lib_ab4a70858e__delay_0.12__dur_0.2.h5
446,0.12,0.2,ab4a70858e,0.15757185220718384,-9.850746268656714,-11.650943396226417,0.0,7.16,28,33,0,0.0,0,2.0,9,0.1,/user/raabe14/u19361/workspace-allen/results/VISp_1/trial_0/phase_0/lib_ab4a70858e/lib_ab4a70858e__delay_0.12__dur_0.2.h5
447,0.06,0.0,ab4a70858e,0.17973625659942627,-11.64179104477612,-8.066037735849058,157.4840764271708,10.74,27,31,7,2.199114857512855,1,3.0,8,0.09,/user/raabe14/u19361/workspace-allen/results/VISp_1/trial_0/phase_0/lib_ab4a70858e/lib_ab4a70858e__delay_0.06__dur_0.0.h5
448,0.09,0.2,ab4a70858e,0.12306861579418182,-6.268656716417908,-6.273584905660378,67.51591472682667,10.74,30,30,3,0.9424777960769379,1,3.0,9,0.1,/user/raabe14/u19361/workspace-allen/results/VISp_1/trial_0/phase_0/lib_ab4a70858e/lib_ab4a70858e__delay_0.09__dur_0.2.h5
449,0.12,0.0,ab4a70858e,0.12595616281032562,-18.80597014925373,-9.858490566037737,134.9774869247291,10.74,23,32,6,1.8849555921538759,1,3.0,9,0.1,/user/raabe14/u19361/workspace-allen/results/VISp_1/trial_0/phase_0/lib_ab4a70858e/lib_ab4a70858e__delay_0.12__dur_0.0.h5
45,0.15,0.0,ab4a70858e,0.15290102362632751,4.477611940298516,-11.650943396226417,22.515923572829163,7.16,36,33,9,2.827433388230814,0,2.0,9,0.1,/user/raabe14/u19361/workspace-allen/results/VISp_1/trial_0/phase_0/lib_ab4a70858e/lib_ab4a70858e__delay_0.15__dur_0.0.h5
450,0.15,0.2,ab4a70858e,0.1530316025018692,-6.268656716417908,-11.650943396226417,90.0,10.74,30,33,4,1.2566370614359172,1,3.0,9,0.1,/user/raabe14/u19361/workspace-allen/results/VISp_1/trial_0/phase_0/lib_ab4a70858e/lib_ab4a70858e__delay_0.15__dur_0.2.h5
451,0.09,0.0,ab4a70858e,0.15968722105026245,-9.850746268656714,-8.066037735849058,112.48408527317332,7.16,28,31,5,1.5707963267948966,0,2.0,11,1.2,/user/raabe14/u19361/workspace-allen/results/VISp_1/trial_0/phase_0/lib_ab4a70858e/lib_ab4a70858e__delay_0.09__dur_0.0.h5
452,0.12,0.2,ab4a70858e,0.11705310642719269,-11.64179104477612,-8.066037735849058,90.0,21.49,27,31,4,1.2566370614359172,4,6.0,6,0.07,/user/raabe14/u19361/workspace-allen/results/VISp_1/trial_0/phase_0/lib_ab4a70858e/lib_ab4a70858e__delay_0.12__dur_0.2.h5
453,0.09,0.0,ab4a70858e,0.13918384909629822,-8.059701492537314,-11.650943396226417,112.48408527317332,10.74,29,33,5,1.5707963267948966,1,3.0,7,0.08,/user/raabe14/u19361/workspace-allen/results/VISp_1/trial_0/phase_0/lib_ab4a70858e/lib_ab4a70858e__delay_0.09__dur_0.0.h5
454,0.15,0.2,ab4a70858e,0.11144037544727325,-8.059701492537314,-15.235849056603776,22.515923572829195,17.91,29,35,1,0.3141592653589793,3,5.0,8,0.09,/user/raabe14/u19361/workspace-allen/results/VISp_1/trial_0/phase_0/lib_ab4a70858e/lib_ab4a70858e__delay_0.15__dur_0.2.h5
455,0.09,0.0,ab4a70858e,0.10642556846141815,-18.80597014925373,-9.858490566037737,67.51591472682667,7.16,23,32,3,0.9424777960769379,0,2.0,8,0.09,/user/raabe14/u19361/workspace-allen/results/VISp_1/trial_0/phase_0/lib_ab4a70858e/lib_ab4a70858e__delay_0.09__dur_0.0.h5
456,0.06,0.0,ab4a70858e,0.09649398177862167,24.179104477611943,45.70754716981132,134.9774869247291,17.91,47,1,6,1.8849555921538759,3,5.0,10,1.1,/user/raabe14/u19361/workspace-allen/results/VISp_1/trial_0/phase_0/lib_ab4a70858e/lib_ab4a70858e__delay_0.06__dur_0.0.h5
457,0.12,0.2,ab4a70858e,0.1417999267578125,-8.059701492537314,-6.273584905660378,0.0,14.32,29,30,0,0.0,2,4.0,9,0.1,/user/raabe14/u19361/workspace-allen/results/VISp_1/trial_0/phase_0/lib_ab4a70858e/lib_ab4a70858e__delay_0.12__dur_0.2.h5
458,0.12,0.2,ab4a70858e,0.10830356180667877,-18.80597014925373,-13.443396226415096,157.4840764271708,17.91,23,34,7,2.199114857512855,3,5.0,9,0.1,/user/raabe14/u19361/workspace-allen/results/VISp_1/trial_0/phase_0/lib_ab4a70858e/lib_ab4a70858e__delay_0.12__dur_0.2.h5
459,0.12,0.0,ab4a70858e,0.1799420863389969,-9.850746268656714,-17.028301886792452,157.4840764271708,14.32,28,36,7,2.199114857512855,2,4.0,8,0.09,/user/raabe14/u19361/workspace-allen/results/VISp_1/trial_0/phase_0/lib_ab4a70858e/lib_ab4a70858e__delay_0.12__dur_0.0.h5
46,0.12,0.0,ab4a70858e,0.21063633263111115,2.6865671641791096,-6.273584905660378,0.0,14.32,35,30,0,0.0,2,4.0,3,0.04,/user/raabe14/u19361/workspace-allen/results/VISp_1/trial_0/phase_0/lib_ab4a70858e/lib_ab4a70858e__delay_0.12__dur_0.0.h5
460,0.12,0.2,ab4a70858e,0.16482558846473694,-15.223880597014926,-4.481132075471699,45.02251307527088,14.32,25,29,2,0.6283185307179586,2,4.0,9,0.1,/user/raabe14/u19361/workspace-allen/results/VISp_1/trial_0/phase_0/lib_ab4a70858e/lib_ab4a70858e__delay_0.12__dur_0.2.h5
461,0.06,0.2,ab4a70858e,0.133433997631073,-8.059701492537314,-9.858490566037737,22.515923572829195,10.74,29,32,1,0.3141592653589793,1,3.0,9,0.1,/user/raabe14/u19361/workspace-allen/results/VISp_1/trial_0/phase_0/lib_ab4a70858e/lib_ab4a70858e__delay_0.06__dur_0.2.h5
462,0.09,0.2,ab4a70858e,0.08871221542358398,-9.850746268656714,-17.028301886792452,67.51591472682667,7.16,28,36,3,0.9424777960769379,0,2.0,12,1.3,/user/raabe14/u19361/workspace-allen/results/VISp_1/trial_0/phase_0/lib_ab4a70858e/lib_ab4a70858e__delay_0.09__dur_0.2.h5
463,0.09,0.0,ab4a70858e,0.1531994342803955,-9.850746268656714,-15.235849056603776,180.0,28.65,28,35,8,2.5132741228718345,5,8.0,5,0.06,/user/raabe14/u19361/workspace-allen/results/VISp_1/trial_0/phase_0/lib_ab4a70858e/lib_ab4a70858e__delay_0.09__dur_0.0.h5
464,0.12,0.0,ab4a70858e,0.15287892520427704,-8.059701492537314,-11.650943396226417,112.48408527317332,10.74,29,33,5,1.5707963267948966,1,3.0,9,0.1,/user/raabe14/u19361/workspace-allen/results/VISp_1/trial_0/phase_0/lib_ab4a70858e/lib_ab4a70858e__delay_0.12__dur_0.0.h5
465,0.09,0.0,ab4a70858e,0.15001702308654785,2.6865671641791096,-17.028301886792452,45.02251307527088,14.32,35,36,2,0.6283185307179586,2,4.0,6,0.07,/user/raabe14/u19361/workspace-allen/results/VISp_1/trial_0/phase_0/lib_ab4a70858e/lib_ab4a70858e__delay_0.09__dur_0.0.h5
466,0.03,0.2,ab4a70858e,0.11403653770685196,20.59701492537313,27.783018867924525,157.4840764271708,17.91,45,11,7,2.199114857512855,3,5.0,12,1.3,/user/raabe14/u19361/workspace-allen/results/VISp_1/trial_0/phase_0/lib_ab4a70858e/lib_ab4a70858e__delay_0.03__dur_0.2.h5
467,0.15,0.2,ab4a70858e,0.09414363652467728,-38.507462686567166,29.575471698113205,22.515923572829163,14.32,12,10,9,2.827433388230814,2,4.0,12,1.3,/user/raabe14/u19361/workspace-allen/results/VISp_1/trial_0/phase_0/lib_ab4a70858e/lib_ab4a70858e__delay_0.15__dur_0.2.h5
468,0.15,0.2,ab4a70858e,0.1290181577205658,-9.850746268656714,-15.235849056603776,0.0,10.74,28,35,0,0.0,1,3.0,11,1.2,/user/raabe14/u19361/workspace-allen/results/VISp_1/trial_0/phase_0/lib_ab4a70858e/lib_ab4a70858e__delay_0.15__dur_0.2.h5
469,0.09,0.0,ab4a70858e,0.19133040308952332,-13.43283582089552,-13.443396226415096,22.515923572829163,10.74,26,34,9,2.827433388230814,1,3.0,9,0.1,/user/raabe14/u19361/workspace-allen/results/VISp_1/trial_0/phase_0/lib_ab4a70858e/lib_ab4a70858e__delay_0.09__dur_0.0.h5
47,0.15,0.0,ab4a70858e,0.13302908837795258,-4.477611940298509,-9.858490566037737,90.0,21.49,31,32,4,1.2566370614359172,4,6.0,3,0.04,/user/raabe14/u19361/workspace-allen/results/VISp_1/trial_0/phase_0/lib_ab4a70858e/lib_ab4a70858e__delay_0.15__dur_0.0.h5
470,0.12,0.2,ab4a70858e,0.10350441187620163,-18.80597014925373,-13.443396226415096,67.51591472682667,10.74,23,34,3,0.9424777960769379,1,3.0,9,0.1,/user/raabe14/u19361/workspace-allen/results/VISp_1/trial_0/phase_0/lib_ab4a70858e/lib_ab4a70858e__delay_0.12__dur_0.2.h5
471,0.12,0.0,ab4a70858e,0.13436613976955414,-18.80597014925373,-15.235849056603776,180.0,10.74,23,35,8,2.5132741228718345,1,3.0,9,0.1,/user/raabe14/u19361/workspace-allen/results/VISp_1/trial_0/phase_0/lib_ab4a70858e/lib_ab4a70858e__delay_0.12__dur_0.0.h5
472,0.15,0.2,ab4a70858e,0.1435253620147705,-17.014925373134325,-11.650943396226417,134.9774869247291,14.32,24,33,6,1.8849555921538759,2,4.0,9,0.1,/user/raabe14/u19361/workspace-allen/results/VISp_1/trial_0/phase_0/lib_ab4a70858e/lib_ab4a70858e__delay_0.15__dur_0.2.h5
473,0.12,0.2,ab4a70858e,0.13935545086860657,-11.64179104477612,-13.443396226415096,67.51591472682667,7.16,27,34,3,0.9424777960769379,0,2.0,12,1.3,/user/raabe14/u19361/workspace-allen/results/VISp_1/trial_0/phase_0/lib_ab4a70858e/lib_ab4a70858e__delay_0.12__dur_0.2.h5
474,0.12,0.0,ab4a70858e,0.12680822610855103,-9.850746268656714,-8.066037735849058,22.515923572829195,7.16,28,31,1,0.3141592653589793,0,2.0,9,0.1,/user/raabe14/u19361/workspace-allen/results/VISp_1/trial_0/phase_0/lib_ab4a70858e/lib_ab4a70858e__delay_0.12__dur_0.0.h5
475,0.06,0.0,ab4a70858e,0.14698415994644165,-11.64179104477612,-9.858490566037737,134.9774869247291,14.32,27,32,6,1.8849555921538759,2,4.0,5,0.06,/user/raabe14/u19361/workspace-allen/results/VISp_1/trial_0/phase_0/lib_ab4a70858e/lib_ab4a70858e__delay_0.06__dur_0.0.h5
476,0.09,0.2,ab4a70858e,0.12646101415157318,-6.268656716417908,-15.235849056603776,157.4840764271708,14.32,30,35,7,2.199114857512855,2,4.0,8,0.09,/user/raabe14/u19361/workspace-allen/results/VISp_1/trial_0/phase_0/lib_ab4a70858e/lib_ab4a70858e__delay_0.09__dur_0.2.h5
477,0.15,0.2,ab4a70858e,0.18393518030643463,-17.014925373134325,-17.028301886792452,90.0,14.32,24,36,4,1.2566370614359172,2,4.0,7,0.08,/user/raabe14/u19361/workspace-allen/results/VISp_1/trial_0/phase_0/lib_ab4a70858e/lib_ab4a70858e__delay_0.15__dur_0.2.h5
478,0.09,0.2,ab4a70858e,0.13640156388282776,-11.64179104477612,-6.273584905660378,0.0,17.91,27,30,0,0.0,3,5.0,6,0.07,/user/raabe14/u19361/workspace-allen/results/VISp_1/trial_0/phase_0/lib_ab4a70858e/lib_ab4a70858e__delay_0.09__dur_0.2.h5
479,0.03,0.0,ab4a70858e,0.1263522356748581,-15.223880597014926,13.443396226415096,45.02251307527088,14.32,25,19,2,0.6283185307179586,2,4.0,11,1.2,/user/raabe14/u19361/workspace-allen/results/VISp_1/trial_0/phase_0/lib_ab4a70858e/lib_ab4a70858e__delay_0.03__dur_0.0.h5
48,0.09,0.2,ab4a70858e,0.10254418104887009,-0.8955223880596961,-40.33018867924528,134.9774869247291,10.74,33,49,6,1.8849555921538759,1,3.0,10,1.1,/user/raabe14/u19361/workspace-allen/results/VISp_1/trial_0/phase_0/lib_ab4a70858e/lib_ab4a70858e__delay_0.09__dur_0.2.h5
480,0.06,0.2,ab4a70858e,0.18038944900035858,-13.43283582089552,-6.273584905660378,0.0,10.74,26,30,0,0.0,1,3.0,8,0.09,/user/raabe14/u19361/workspace-allen/results/VISp_1/trial_0/phase_0/lib_ab4a70858e/lib_ab4a70858e__delay_0.06__dur_0.2.h5
481,0.12,0.0,ab4a70858e,0.25022661685943604,-15.223880597014926,-9.858490566037737,22.515923572829195,14.32,25,32,1,0.3141592653589793,2,4.0,3,0.04,/user/raabe14/u19361/workspace-allen/results/VISp_1/trial_0/phase_0/lib_ab4a70858e/lib_ab4a70858e__delay_0.12__dur_0.0.h5
482,0.06,0.0,ab4a70858e,0.12455716729164124,-6.268656716417908,-11.650943396226417,112.48408527317332,10.74,30,33,5,1.5707963267948966,1,3.0,5,0.06,/user/raabe14/u19361/workspace-allen/results/VISp_1/trial_0/phase_0/lib_ab4a70858e/lib_ab4a70858e__delay_0.06__dur_0.0.h5
483,0.12,0.0,ab4a70858e,0.1312444508075714,-8.059701492537314,-8.066037735849058,67.51591472682667,10.74,29,31,3,0.9424777960769379,1,3.0,9,0.1,/user/raabe14/u19361/workspace-allen/results/VISp_1/trial_0/phase_0/lib_ab4a70858e/lib_ab4a70858e__delay_0.12__dur_0.0.h5
484,0.12,0.0,ab4a70858e,0.13898731768131256,-13.43283582089552,-15.235849056603776,112.48408527317332,14.32,26,35,5,1.5707963267948966,2,4.0,4,0.05,/user/raabe14/u19361/workspace-allen/results/VISp_1/trial_0/phase_0/lib_ab4a70858e/lib_ab4a70858e__delay_0.12__dur_0.0.h5
485,0.09,0.2,ab4a70858e,0.08981938660144806,-13.43283582089552,0.8962264150943398,67.51591472682667,21.49,26,26,3,0.9424777960769379,4,6.0,12,1.3,/user/raabe14/u19361/workspace-allen/results/VISp_1/trial_0/phase_0/lib_ab4a70858e/lib_ab4a70858e__delay_0.09__dur_0.2.h5
486,0.09,0.0,ab4a70858e,0.17074570059776306,-8.059701492537314,-15.235849056603776,22.515923572829195,14.32,29,35,1,0.3141592653589793,2,4.0,9,0.1,/user/raabe14/u19361/workspace-allen/results/VISp_1/trial_0/phase_0/lib_ab4a70858e/lib_ab4a70858e__delay_0.09__dur_0.0.h5
487,0.09,0.0,ab4a70858e,0.10832470655441284,-8.059701492537314,-18.82075471698113,90.0,21.49,29,37,4,1.2566370614359172,4,6.0,9,0.1,/user/raabe14/u19361/workspace-allen/results/VISp_1/trial_0/phase_0/lib_ab4a70858e/lib_ab4a70858e__delay_0.09__dur_0.0.h5
488,0.09,0.2,ab4a70858e,0.15155653655529022,-11.64179104477612,-8.066037735849058,0.0,10.74,27,31,0,0.0,1,3.0,7,0.08,/user/raabe14/u19361/workspace-allen/results/VISp_1/trial_0/phase_0/lib_ab4a70858e/lib_ab4a70858e__delay_0.09__dur_0.2.h5
489,0.06,0.0,ab4a70858e,0.15391047298908234,-9.850746268656714,-11.650943396226417,67.51591472682667,14.32,28,33,3,0.9424777960769379,2,4.0,9,0.1,/user/raabe14/u19361/workspace-allen/results/VISp_1/trial_0/phase_0/lib_ab4a70858e/lib_ab4a70858e__delay_0.06__dur_0.0.h5
49,0.12,0.0,ab4a70858e,0.21100017428398132,4.477611940298516,-13.443396226415096,0.0,10.74,36,34,0,0.0,1,3.0,11,1.2,/user/raabe14/u19361/workspace-allen/results/VISp_1/trial_0/phase_0/lib_ab4a70858e/lib_ab4a70858e__delay_0.12__dur_0.0.h5
490,0.09,0.0,ab4a70858e,0.19712665677070618,-8.059701492537314,-15.235849056603776,67.51591472682667,14.32,29,35,3,0.9424777960769379,2,4.0,4,0.05,/user/raabe14/u19361/workspace-allen/results/VISp_1/trial_0/phase_0/lib_ab4a70858e/lib_ab4a70858e__delay_0.09__dur_0.0.h5
491,0.09,0.2,ab4a70858e,0.15015409886837006,-8.059701492537314,-9.858490566037737,180.0,7.16,29,32,8,2.5132741228718345,0,2.0,9,0.1,/user/raabe14/u19361/workspace-allen/results/VISp_1/trial_0/phase_0/lib_ab4a70858e/lib_ab4a70858e__delay_0.09__dur_0.2.h5
492,0.09,0.2,ab4a70858e,0.1332717388868332,-17.014925373134325,-15.235849056603776,180.0,7.16,24,35,8,2.5132741228718345,0,2.0,11,1.2,/user/raabe14/u19361/workspace-allen/results/VISp_1/trial_0/phase_0/lib_ab4a70858e/lib_ab4a70858e__delay_0.09__dur_0.2.h5
493,0.03,0.2,ab4a70858e,0.12293311208486557,-11.64179104477612,-9.858490566037737,67.51591472682667,14.32,27,32,3,0.9424777960769379,2,4.0,12,1.3,/user/raabe14/u19361/workspace-allen/results/VISp_1/trial_0/phase_0/lib_ab4a70858e/lib_ab4a70858e__delay_0.03__dur_0.2.h5
494,0.09,0.0,ab4a70858e,0.1453516185283661,-18.80597014925373,-22.40566037735849,157.4840764271708,10.74,23,39,7,2.199114857512855,1,3.0,9,0.1,/user/raabe14/u19361/workspace-allen/results/VISp_1/trial_0/phase_0/lib_ab4a70858e/lib_ab4a70858e__delay_0.09__dur_0.0.h5
495,0.15,0.2,ab4a70858e,0.1159321591258049,-6.268656716417908,-9.858490566037737,0.0,14.32,30,32,0,0.0,2,4.0,5,0.06,/user/raabe14/u19361/workspace-allen/results/VISp_1/trial_0/phase_0/lib_ab4a70858e/lib_ab4a70858e__delay_0.15__dur_0.2.h5
496,0.09,0.2,ab4a70858e,0.13140444457530975,-4.477611940298509,-9.858490566037737,22.515923572829195,17.91,31,32,1,0.3141592653589793,3,5.0,9,0.1,/user/raabe14/u19361/workspace-allen/results/VISp_1/trial_0/phase_0/lib_ab4a70858e/lib_ab4a70858e__delay_0.09__dur_0.2.h5
497,0.06,0.2,ab4a70858e,0.0893125981092453,-22.388059701492537,40.33018867924528,0.0,7.16,21,4,0,0.0,0,2.0,11,1.2,/user/raabe14/u19361/workspace-allen/results/VISp_1/trial_0/phase_0/lib_ab4a70858e/lib_ab4a70858e__delay_0.06__dur_0.2.h5
498,0.12,0.2,ab4a70858e,0.17162272334098816,-15.223880597014926,-9.858490566037737,157.4840764271708,17.91,25,32,7,2.199114857512855,3,5.0,3,0.04,/user/raabe14/u19361/workspace-allen/results/VISp_1/trial_0/phase_0/lib_ab4a70858e/lib_ab4a70858e__delay_0.12__dur_0.2.h5
499,0.09,0.0,ab4a70858e,0.0999111607670784,-25.970149253731343,36.74528301886792,112.48408527317332,7.16,19,6,5,1.5707963267948966,0,2.0,11,1.2,/user/raabe14/u19361/workspace-allen/results/VISp_1/trial_0/phase_0/lib_ab4a70858e/lib_ab4a70858e__delay_0.09__dur_0.0.h5
5,0.06,0.0,ab4a70858e,0.10390586405992508,11.641791044776127,33.160377358490564,45.02251307527088,21.49,40,8,2,0.6283185307179586,4,6.0,10,1.1,/user/raabe14/u19361/workspace-allen/results/VISp_1/trial_0/phase_0/lib_ab4a70858e/lib_ab4a70858e__delay_0.06__dur_0.0.h5
50,0.12,0.0,ab4a70858e,0.17737294733524323,4.477611940298516,-11.650943396226417,134.9774869247291,14.32,36,33,6,1.8849555921538759,2,4.0,9,0.1,/user/raabe14/u19361/workspace-allen/results/VISp_1/trial_0/phase_0/lib_ab4a70858e/lib_ab4a70858e__delay_0.12__dur_0.0.h5
500,0.0,0.2,ab4a70858e,0.10114168375730515,-20.59701492537313,9.858490566037737,112.48408527317332,17.91,22,21,5,1.5707963267948966,3,5.0,11,1.2,/user/raabe14/u19361/workspace-allen/results/VISp_1/trial_0/phase_0/lib_ab4a70858e/lib_ab4a70858e__delay_0.0__dur_0.2.h5
501,0.15,0.0,ab4a70858e,0.08608116954565048,-43.88059701492537,-4.481132075471699,180.0,10.74,9,29,8,2.5132741228718345,1,3.0,12,1.3,/user/raabe14/u19361/workspace-allen/results/VISp_1/trial_0/phase_0/lib_ab4a70858e/lib_ab4a70858e__delay_0.15__dur_0.0.h5
502,0.06,0.0,ab4a70858e,0.16146455705165863,-11.64179104477612,-15.235849056603776,90.0,17.91,27,35,4,1.2566370614359172,3,5.0,6,0.07,/user/raabe14/u19361/workspace-allen/results/VISp_1/trial_0/phase_0/lib_ab4a70858e/lib_ab4a70858e__delay_0.06__dur_0.0.h5
503,0.09,0.2,ab4a70858e,0.10640808939933777,-25.970149253731343,18.820754716981128,45.02251307527088,10.74,19,16,2,0.6283185307179586,1,3.0,12,1.3,/user/raabe14/u19361/workspace-allen/results/VISp_1/trial_0/phase_0/lib_ab4a70858e/lib_ab4a70858e__delay_0.09__dur_0.2.h5
504,0.06,0.0,ab4a70858e,0.10088100284337997,-34.92537313432835,18.820754716981128,90.0,10.74,14,16,4,1.2566370614359172,1,3.0,12,1.3,/user/raabe14/u19361/workspace-allen/results/VISp_1/trial_0/phase_0/lib_ab4a70858e/lib_ab4a70858e__delay_0.06__dur_0.0.h5
505,0.03,0.2,ab4a70858e,0.13368652760982513,-17.014925373134325,-15.235849056603776,134.9774869247291,14.32,24,35,6,1.8849555921538759,2,4.0,6,0.07,/user/raabe14/u19361/workspace-allen/results/VISp_1/trial_0/phase_0/lib_ab4a70858e/lib_ab4a70858e__delay_0.03__dur_0.2.h5
506,0.0,0.2,ab4a70858e,0.16887983679771423,-11.64179104477612,-9.858490566037737,22.515923572829195,14.32,27,32,1,0.3141592653589793,2,4.0,9,0.1,/user/raabe14/u19361/workspace-allen/results/VISp_1/trial_0/phase_0/lib_ab4a70858e/lib_ab4a70858e__delay_0.0__dur_0.2.h5
507,0.09,0.2,ab4a70858e,0.1776910126209259,-29.55223880597015,-13.443396226415096,157.4840764271708,14.32,17,34,7,2.199114857512855,2,4.0,12,1.3,/user/raabe14/u19361/workspace-allen/results/VISp_1/trial_0/phase_0/lib_ab4a70858e/lib_ab4a70858e__delay_0.09__dur_0.2.h5
508,0.06,0.2,ab4a70858e,0.1483730524778366,-13.43283582089552,-6.273584905660378,67.51591472682667,7.16,26,30,3,0.9424777960769379,0,2.0,12,1.3,/user/raabe14/u19361/workspace-allen/results/VISp_1/trial_0/phase_0/lib_ab4a70858e/lib_ab4a70858e__delay_0.06__dur_0.2.h5
509,0.12,0.0,ab4a70858e,0.1578848958015442,-18.80597014925373,-9.858490566037737,180.0,14.32,23,32,8,2.5132741228718345,2,4.0,7,0.08,/user/raabe14/u19361/workspace-allen/results/VISp_1/trial_0/phase_0/lib_ab4a70858e/lib_ab4a70858e__delay_0.12__dur_0.0.h5
51,0.12,0.0,ab4a70858e,0.19356893002986908,6.268656716417908,-11.650943396226417,22.515923572829163,10.74,37,33,9,2.827433388230814,1,3.0,7,0.08,/user/raabe14/u19361/workspace-allen/results/VISp_1/trial_0/phase_0/lib_ab4a70858e/lib_ab4a70858e__delay_0.12__dur_0.0.h5
510,0.09,0.0,ab4a70858e,0.10491374135017395,-13.43283582089552,-20.61320754716981,22.515923572829195,10.74,26,38,1,0.3141592653589793,1,3.0,9,0.1,/user/raabe14/u19361/workspace-allen/results/VISp_1/trial_0/phase_0/lib_ab4a70858e/lib_ab4a70858e__delay_0.09__dur_0.0.h5
511,0.09,0.2,ab4a70858e,0.172981858253479,-13.43283582089552,-17.028301886792452,157.4840764271708,14.32,26,36,7,2.199114857512855,2,4.0,9,0.1,/user/raabe14/u19361/workspace-allen/results/VISp_1/trial_0/phase_0/lib_ab4a70858e/lib_ab4a70858e__delay_0.09__dur_0.2.h5
512,0.12,0.2,ab4a70858e,0.10113399475812912,-17.014925373134325,-18.82075471698113,0.0,7.16,24,37,0,0.0,0,2.0,12,1.3,/user/raabe14/u19361/workspace-allen/results/VISp_1/trial_0/phase_0/lib_ab4a70858e/lib_ab4a70858e__delay_0.12__dur_0.2.h5
513,0.12,0.0,ab4a70858e,0.0972650945186615,-0.8955223880596961,-8.066037735849058,112.48408527317332,14.32,33,31,5,1.5707963267948966,2,4.0,9,0.1,/user/raabe14/u19361/workspace-allen/results/VISp_1/trial_0/phase_0/lib_ab4a70858e/lib_ab4a70858e__delay_0.12__dur_0.0.h5
52,0.15,0.0,ab4a70858e,0.0977819412946701,-6.268656716417908,-4.481132075471699,67.51591472682667,10.74,30,29,3,0.9424777960769379,1,3.0,8,0.09,/user/raabe14/u19361/workspace-allen/results/VISp_1/trial_0/phase_0/lib_ab4a70858e/lib_ab4a70858e__delay_0.15__dur_0.0.h5
53,0.12,0.0,ab4a70858e,0.1609615981578827,4.477611940298516,-0.8962264150943398,22.515923572829163,21.49,36,27,9,2.827433388230814,4,6.0,5,0.06,/user/raabe14/u19361/workspace-allen/results/VISp_1/trial_0/phase_0/lib_ab4a70858e/lib_ab4a70858e__delay_0.12__dur_0.0.h5
54,0.03,0.2,ab4a70858e,0.09708189964294434,-0.8955223880596961,-15.235849056603776,45.02251307527088,10.74,33,35,2,0.6283185307179586,1,3.0,12,1.3,/user/raabe14/u19361/workspace-allen/results/VISp_1/trial_0/phase_0/lib_ab4a70858e/lib_ab4a70858e__delay_0.03__dur_0.2.h5
55,0.12,0.0,ab4a70858e,0.2536642849445343,6.268656716417908,-11.650943396226417,45.02251307527088,14.32,37,33,2,0.6283185307179586,2,4.0,8,0.09,/user/raabe14/u19361/workspace-allen/results/VISp_1/trial_0/phase_0/lib_ab4a70858e/lib_ab4a70858e__delay_0.12__dur_0.0.h5
56,0.12,0.0,ab4a70858e,0.27314862608909607,4.477611940298516,-15.235849056603776,67.51591472682667,17.91,36,35,3,0.9424777960769379,3,5.0,9,0.1,/user/raabe14/u19361/workspace-allen/results/VISp_1/trial_0/phase_0/lib_ab4a70858e/lib_ab4a70858e__delay_0.12__dur_0.0.h5
57,0.09,0.2,ab4a70858e,0.2035687416791916,-0.8955223880596961,-6.273584905660378,45.02251307527088,10.74,33,30,2,0.6283185307179586,1,3.0,9,0.1,/user/raabe14/u19361/workspace-allen/results/VISp_1/trial_0/phase_0/lib_ab4a70858e/lib_ab4a70858e__delay_0.09__dur_0.2.h5
58,0.09,0.2,ab4a70858e,0.15901362895965576,2.6865671641791096,-0.8962264150943398,0.0,14.32,35,27,0,0.0,2,4.0,7,0.08,/user/raabe14/u19361/workspace-allen/results/VISp_1/trial_0/phase_0/lib_ab4a70858e/lib_ab4a70858e__delay_0.09__dur_0.2.h5
59,0.09,0.2,ab4a70858e,0.15852728486061096,0.8955223880597032,-9.858490566037737,45.02251307527088,7.16,34,32,2,0.6283185307179586,0,2.0,12,1.3,/user/raabe14/u19361/workspace-allen/results/VISp_1/trial_0/phase_0/lib_ab4a70858e/lib_ab4a70858e__delay_0.09__dur_0.2.h5
6,0.15,0.0,ab4a70858e,0.1726749837398529,-15.223880597014926,-8.066037735849058,22.515923572829195,14.32,25,31,1,0.3141592653589793,2,4.0,5,0.06,/user/raabe14/u19361/workspace-allen/results/VISp_1/trial_0/phase_0/lib_ab4a70858e/lib_ab4a70858e__delay_0.15__dur_0.0.h5
60,0.09,0.0,ab4a70858e,0.1336132436990738,-0.8955223880596961,-9.858490566037737,22.515923572829195,14.32,33,32,1,0.3141592653589793,2,4.0,9,0.1,/user/raabe14/u19361/workspace-allen/results/VISp_1/trial_0/phase_0/lib_ab4a70858e/lib_ab4a70858e__delay_0.09__dur_0.0.h5
61,0.12,0.2,ab4a70858e,0.10114957392215729,2.6865671641791096,43.91509433962264,90.0,7.16,35,2,4,1.2566370614359172,0,2.0,11,1.2,/user/raabe14/u19361/workspace-allen/results/VISp_1/trial_0/phase_0/lib_ab4a70858e/lib_ab4a70858e__delay_0.12__dur_0.2.h5
62,0.12,0.0,ab4a70858e,0.2773924767971039,-0.8955223880596961,-8.066037735849058,22.515923572829195,14.32,33,31,1,0.3141592653589793,2,4.0,5,0.06,/user/raabe14/u19361/workspace-allen/results/VISp_1/trial_0/phase_0/lib_ab4a70858e/lib_ab4a70858e__delay_0.12__dur_0.0.h5
63,0.15,0.0,ab4a70858e,0.17929533123970032,8.059701492537314,-9.858490566037737,157.4840764271708,7.16,38,32,7,2.199114857512855,0,2.0,9,0.1,/user/raabe14/u19361/workspace-allen/results/VISp_1/trial_0/phase_0/lib_ab4a70858e/lib_ab4a70858e__delay_0.15__dur_0.0.h5
64,0.15,0.0,ab4a70858e,0.1644880622625351,15.223880597014926,-11.650943396226417,67.51591472682667,14.32,42,33,3,0.9424777960769379,2,4.0,8,0.09,/user/raabe14/u19361/workspace-allen/results/VISp_1/trial_0/phase_0/lib_ab4a70858e/lib_ab4a70858e__delay_0.15__dur_0.0.h5
65,0.15,0.0,ab4a70858e,0.10084443539381027,0.8955223880597032,-33.160377358490564,22.515923572829195,10.74,34,45,1,0.3141592653589793,1,3.0,12,1.3,/user/raabe14/u19361/workspace-allen/results/VISp_1/trial_0/phase_0/lib_ab4a70858e/lib_ab4a70858e__delay_0.15__dur_0.0.h5
66,0.09,0.0,ab4a70858e,0.24132779240608215,0.8955223880597032,-9.858490566037737,45.02251307527088,10.74,34,32,2,0.6283185307179586,1,3.0,5,0.06,/user/raabe14/u19361/workspace-allen/results/VISp_1/trial_0/phase_0/lib_ab4a70858e/lib_ab4a70858e__delay_0.09__dur_0.0.h5
67,0.15,0.0,ab4a70858e,0.27888917922973633,2.6865671641791096,-8.066037735849058,22.515923572829195,10.74,35,31,1,0.3141592653589793,1,3.0,3,0.04,/user/raabe14/u19361/workspace-allen/results/VISp_1/trial_0/phase_0/lib_ab4a70858e/lib_ab4a70858e__delay_0.15__dur_0.0.h5
68,0.12,0.0,ab4a70858e,0.1995188295841217,0.8955223880597032,-11.650943396226417,90.0,10.74,34,33,4,1.2566370614359172,1,3.0,9,0.1,/user/raabe14/u19361/workspace-allen/results/VISp_1/trial_0/phase_0/lib_ab4a70858e/lib_ab4a70858e__delay_0.12__dur_0.0.h5
69,0.15,0.0,ab4a70858e,0.13988327980041504,-8.059701492537314,-8.066037735849058,180.0,14.32,29,31,8,2.5132741228718345,2,4.0,5,0.06,/user/raabe14/u19361/workspace-allen/results/VISp_1/trial_0/phase_0/lib_ab4a70858e/lib_ab4a70858e__delay_0.15__dur_0.0.h5
7,0.0,0.2,ab4a70858e,0.13339756429195404,-22.388059701492537,-8.066037735849058,67.51591472682667,14.32,21,31,3,0.9424777960769379,2,4.0,12,1.3,/user/raabe14/u19361/workspace-allen/results/VISp_1/trial_0/phase_0/lib_ab4a70858e/lib_ab4a70858e__delay_0.0__dur_0.2.h5
70,0.12,0.2,ab4a70858e,0.22611230611801147,2.6865671641791096,-11.650943396226417,0.0,14.32,35,33,0,0.0,2,4.0,4,0.05,/user/raabe14/u19361/workspace-allen/results/VISp_1/trial_0/phase_0/lib_ab4a70858e/lib_ab4a70858e__delay_0.12__dur_0.2.h5
71,0.12,0.0,ab4a70858e,0.19161346554756165,2.6865671641791096,-6.273584905660378,22.515923572829163,17.91,35,30,9,2.827433388230814,3,5.0,9,0.1,/user/raabe14/u19361/workspace-allen/results/VISp_1/trial_0/phase_0/lib_ab4a70858e/lib_ab4a70858e__delay_0.12__dur_0.0.h5
72,0.06,0.0,ab4a70858e,0.1164609044790268,-22.388059701492537,-24.19811320754717,157.4840764271708,10.74,21,40,7,2.199114857512855,1,3.0,12,1.3,/user/raabe14/u19361/workspace-allen/results/VISp_1/trial_0/phase_0/lib_ab4a70858e/lib_ab4a70858e__delay_0.06__dur_0.0.h5
73,0.09,0.0,ab4a70858e,0.18392449617385864,9.85074626865672,-9.858490566037737,112.48408527317332,14.32,39,32,5,1.5707963267948966,2,4.0,7,0.08,/user/raabe14/u19361/workspace-allen/results/VISp_1/trial_0/phase_0/lib_ab4a70858e/lib_ab4a70858e__delay_0.09__dur_0.0.h5
74,0.12,0.0,ab4a70858e,0.19160598516464233,2.6865671641791096,-9.858490566037737,157.4840764271708,17.91,35,32,7,2.199114857512855,3,5.0,9,0.1,/user/raabe14/u19361/workspace-allen/results/VISp_1/trial_0/phase_0/lib_ab4a70858e/lib_ab4a70858e__delay_0.12__dur_0.0.h5
75,0.06,0.2,ab4a70858e,0.11137174814939499,-60.0,-25.99056603773585,134.9774869247291,17.91,0,41,6,1.8849555921538759,3,5.0,10,1.1,/user/raabe14/u19361/workspace-allen/results/VISp_1/trial_0/phase_0/lib_ab4a70858e/lib_ab4a70858e__delay_0.06__dur_0.2.h5
76,0.12,0.2,ab4a70858e,0.17353945970535278,0.8955223880597032,-8.066037735849058,90.0,17.91,34,31,4,1.2566370614359172,3,5.0,9,0.1,/user/raabe14/u19361/workspace-allen/results/VISp_1/trial_0/phase_0/lib_ab4a70858e/lib_ab4a70858e__delay_0.12__dur_0.2.h5
77,0.15,0.0,ab4a70858e,0.17373590171337128,0.8955223880597032,-11.650943396226417,180.0,7.16,34,33,8,2.5132741228718345,0,2.0,9,0.1,/user/raabe14/u19361/workspace-allen/results/VISp_1/trial_0/phase_0/lib_ab4a70858e/lib_ab4a70858e__delay_0.15__dur_0.0.h5
78,0.12,0.0,ab4a70858e,0.14390438795089722,-4.477611940298509,0.8962264150943398,45.02251307527088,14.32,31,26,2,0.6283185307179586,2,4.0,7,0.08,/user/raabe14/u19361/workspace-allen/results/VISp_1/trial_0/phase_0/lib_ab4a70858e/lib_ab4a70858e__delay_0.12__dur_0.0.h5
79,0.12,0.0,ab4a70858e,0.12167750298976898,11.641791044776127,-4.481132075471699,112.48408527317332,14.32,40,29,5,1.5707963267948966,2,4.0,9,0.1,/user/raabe14/u19361/workspace-allen/results/VISp_1/trial_0/phase_0/lib_ab4a70858e/lib_ab4a70858e__delay_0.12__dur_0.0.h5
8,0.06,0.2,ab4a70858e,0.14422042667865753,-22.388059701492537,4.481132075471699,0.0,7.16,21,24,0,0.0,0,2.0,12,1.3,/user/raabe14/u19361/workspace-allen/results/VISp_1/trial_0/phase_0/lib_ab4a70858e/lib_ab4a70858e__delay_0.06__dur_0.2.h5
80,0.15,0.0,ab4a70858e,0.15415364503860474,4.477611940298516,-13.443396226415096,0.0,10.74,36,34,0,0.0,1,3.0,8,0.09,/user/raabe14/u19361/workspace-allen/results/VISp_1/trial_0/phase_0/lib_ab4a70858e/lib_ab4a70858e__delay_0.15__dur_0.0.h5
81,0.06,0.2,ab4a70858e,0.14197756350040436,-22.388059701492537,4.481132075471699,157.4840764271708,14.32,21,24,7,2.199114857512855,2,4.0,12,1.3,/user/raabe14/u19361/workspace-allen/results/VISp_1/trial_0/phase_0/lib_ab4a70858e/lib_ab4a70858e__delay_0.06__dur_0.2.h5
82,0.09,0.0,ab4a70858e,0.1676289439201355,8.059701492537314,-6.273584905660378,180.0,10.74,38,30,8,2.5132741228718345,1,3.0,9,0.1,/user/raabe14/u19361/workspace-allen/results/VISp_1/trial_0/phase_0/lib_ab4a70858e/lib_ab4a70858e__delay_0.09__dur_0.0.h5
83,0.09,0.0,ab4a70858e,0.2077036201953888,2.6865671641791096,-11.650943396226417,22.515923572829163,14.32,35,33,9,2.827433388230814,2,4.0,4,0.05,/user/raabe14/u19361/workspace-allen/results/VISp_1/trial_0/phase_0/lib_ab4a70858e/lib_ab4a70858e__delay_0.09__dur_0.0.h5
84,0.12,0.2,ab4a70858e,0.1627846658229828,0.8955223880597032,-13.443396226415096,0.0,17.91,34,34,0,0.0,3,5.0,4,0.05,/user/raabe14/u19361/workspace-allen/results/VISp_1/trial_0/phase_0/lib_ab4a70858e/lib_ab4a70858e__delay_0.12__dur_0.2.h5
85,0.12,0.2,ab4a70858e,0.18427148461341858,4.477611940298516,-4.481132075471699,22.515923572829163,17.91,36,29,9,2.827433388230814,3,5.0,7,0.08,/user/raabe14/u19361/workspace-allen/results/VISp_1/trial_0/phase_0/lib_ab4a70858e/lib_ab4a70858e__delay_0.12__dur_0.2.h5
86,0.12,0.0,ab4a70858e,0.12808354198932648,6.268656716417908,-13.443396226415096,134.9774869247291,14.32,37,34,6,1.8849555921538759,2,4.0,8,0.09,/user/raabe14/u19361/workspace-allen/results/VISp_1/trial_0/phase_0/lib_ab4a70858e/lib_ab4a70858e__delay_0.12__dur_0.0.h5
87,0.09,0.0,ab4a70858e,0.139655202627182,-0.8955223880596961,-4.481132075471699,45.02251307527088,7.16,33,29,2,0.6283185307179586,0,2.0,12,1.3,/user/raabe14/u19361/workspace-allen/results/VISp_1/trial_0/phase_0/lib_ab4a70858e/lib_ab4a70858e__delay_0.09__dur_0.0.h5
88,0.09,0.0,ab4a70858e,0.11262515187263489,0.8955223880597032,-0.8962264150943398,157.4840764271708,21.49,34,27,7,2.199114857512855,4,6.0,9,0.1,/user/raabe14/u19361/workspace-allen/results/VISp_1/trial_0/phase_0/lib_ab4a70858e/lib_ab4a70858e__delay_0.09__dur_0.0.h5
89,0.12,0.0,ab4a70858e,0.16579687595367432,8.059701492537314,-11.650943396226417,45.02251307527088,10.74,38,33,2,0.6283185307179586,1,3.0,9,0.1,/user/raabe14/u19361/workspace-allen/results/VISp_1/trial_0/phase_0/lib_ab4a70858e/lib_ab4a70858e__delay_0.12__dur_0.0.h5
9,0.0,0.2,ab4a70858e,0.1415986716747284,-22.388059701492537,-6.273584905660378,180.0,21.49,21,30,8,2.5132741228718345,4,6.0,12,1.3,/user/raabe14/u19361/workspace-allen/results/VISp_1/trial_0/phase_0/lib_ab4a70858e/lib_ab4a70858e__delay_0.0__dur_0.2.h5
90,0.15,0.0,ab4a70858e,0.12115432322025299,9.85074626865672,-15.235849056603776,90.0,17.91,39,35,4,1.2566370614359172,3,5.0,5,0.06,/user/raabe14/u19361/workspace-allen/results/VISp_1/trial_0/phase_0/lib_ab4a70858e/lib_ab4a70858e__delay_0.15__dur_0.0.h5
91,0.12,0.0,ab4a70858e,0.13171809911727905,4.477611940298516,-11.650943396226417,134.9774869247291,10.74,36,33,6,1.8849555921538759,1,3.0,8,0.09,/user/raabe14/u19361/workspace-allen/results/VISp_1/trial_0/phase_0/lib_ab4a70858e/lib_ab4a70858e__delay_0.12__dur_0.0.h5
92,0.06,0.2,ab4a70858e,0.1019001230597496,-2.6865671641791025,-13.443396226415096,157.4840764271708,10.74,32,34,7,2.199114857512855,1,3.0,9,0.1,/user/raabe14/u19361/workspace-allen/results/VISp_1/trial_0/phase_0/lib_ab4a70858e/lib_ab4a70858e__delay_0.06__dur_0.2.h5
93,0.15,0.2,ab4a70858e,0.09516751021146774,0.8955223880597032,-8.066037735849058,22.515923572829195,14.32,34,31,1,0.3141592653589793,2,4.0,9,0.1,/user/raabe14/u19361/workspace-allen/results/VISp_1/trial_0/phase_0/lib_ab4a70858e/lib_ab4a70858e__delay_0.15__dur_0.2.h5
94,0.09,0.0,ab4a70858e,0.2036546766757965,-2.6865671641791025,-4.481132075471699,67.51591472682667,14.32,32,29,3,0.9424777960769379,2,4.0,5,0.06,/user/raabe14/u19361/workspace-allen/results/VISp_1/trial_0/phase_0/lib_ab4a70858e/lib_ab4a70858e__delay_0.09__dur_0.0.h5
95,0.15,0.0,ab4a70858e,0.14794251322746277,-2.6865671641791025,-11.650943396226417,22.515923572829163,7.16,32,33,9,2.827433388230814,0,2.0,9,0.1,/user/raabe14/u19361/workspace-allen/results/VISp_1/trial_0/phase_0/lib_ab4a70858e/lib_ab4a70858e__delay_0.15__dur_0.0.h5
96,0.12,0.2,ab4a70858e,0.16053153574466705,2.6865671641791096,-9.858490566037737,112.48408527317332,7.16,35,32,5,1.5707963267948966,0,2.0,11,1.2,/user/raabe14/u19361/workspace-allen/results/VISp_1/trial_0/phase_0/lib_ab4a70858e/lib_ab4a70858e__delay_0.12__dur_0.2.h5
97,0.09,0.0,ab4a70858e,0.21487295627593994,-2.6865671641791025,-13.443396226415096,22.515923572829163,14.32,32,34,9,2.827433388230814,2,4.0,9,0.1,/user/raabe14/u19361/workspace-allen/results/VISp_1/trial_0/phase_0/lib_ab4a70858e/lib_ab4a70858e__delay_0.09__dur_0.0.h5
98,0.12,0.0,ab4a70858e,0.12203695625066757,2.6865671641791096,-8.066037735849058,157.4840764271708,14.32,35,31,7,2.199114857512855,2,4.0,9,0.1,/user/raabe14/u19361/workspace-allen/results/VISp_1/trial_0/phase_0/lib_ab4a70858e/lib_ab4a70858e__delay_0.12__dur_0.0.h5
99,0.15,0.0,ab4a70858e,0.199860081076622,2.6865671641791096,-9.858490566037737,67.51591472682667,10.74,35,32,3,0.9424777960769379,1,3.0,5,0.06,/user/raabe14/u19361/workspace-allen/results/VISp_1/trial_0/phase_0/lib_ab4a70858e/lib_ab4a70858e__delay_0.15__dur_0.0.h5
