unit_id,delay,duration,lib_id,abs_max_value,x_deg,y_deg,theta_deg,sigma_deg,xi,yi,theta_idx,theta_rad,sigma_idx,sigma,frequency_idx,frequency,source_file
0,0.03,0.0,ab4a70858e,0.09527505934238434,-18.80597014925373,22.405660377358487,22.515923572829163,14.32,23,14,9,2.827433388230814,2,4.0,12,1.3,/user/raabe14/u19361/workspace-allen/results/VISp_0/trial_1/phase_1/lib_ab4a70858e/lib_ab4a70858e__delay_0.03__dur_0.0.h5
1,0.03,0.2,ab4a70858e,0.10504021495580673,0.8955223880597032,-2.6886792452830193,22.515923572829195,21.49,34,28,1,0.3141592653589793,4,6.0,7,0.08,/user/raabe14/u19361/workspace-allen/results/VISp_0/trial_1/phase_1/lib_ab4a70858e/lib_ab4a70858e__delay_0.03__dur_0.2.h5
10,0.0,0.0,ab4a70858e,0.09312935173511505,-17.014925373134325,-17.028301886792452,90.0,10.74,24,36,4,1.2566370614359172,1,3.0,10,1.1,/user/raabe14/u19361/workspace-allen/results/VISp_0/trial_1/phase_1/lib_ab4a70858e/lib_ab4a70858e__delay_0.0__dur_0.0.h5
100,0.09,0.2,ab4a70858e,0.17164279520511627,6.268656716417908,-17.028301886792452,112.48408527317332,14.32,37,36,5,1.5707963267948966,2,4.0,6,0.07,/user/raabe14/u19361/workspace-allen/results/VISp_0/trial_1/phase_1/lib_ab4a70858e/lib_ab4a70858e__delay_0.09__dur_0.2.h5
101,0.12,0.0,ab4a70858e,0.23709969222545624,0.8955223880597032,-9.858490566037737,157.4840764271708,17.91,34,32,7,2.199114857512855,3,5.0,3,0.04,/user/raabe14/u19361/workspace-allen/results/VISp_0/trial_1/phase_1/lib_ab4a70858e/lib_ab4a70858e__delay_0.12__dur_0.0.h5
102,0.0,0.2,ab4a70858e,0.11114078015089035,22.388059701492537,33.160377358490564,67.51591472682667,7.16,46,8,3,0.9424777960769379,0,2.0,10,1.1,/user/raabe14/u19361/workspace-allen/results/VISp_0/trial_1/phase_1/lib_ab4a70858e/lib_ab4a70858e__delay_0.0__dur_0.2.h5
103,0.06,0.0,ab4a70858e,0.10299957543611526,-27.761194029850742,9.858490566037737,112.48408527317332,10.74,18,21,5,1.5707963267948966,1,3.0,11,1.2,/user/raabe14/u19361/workspace-allen/results/VISp_0/trial_1/phase_1/lib_ab4a70858e/lib_ab4a70858e__delay_0.06__dur_0.0.h5
104,0.09,0.2,ab4a70858e,0.14372366666793823,-4.477611940298509,-11.650943396226417,180.0,7.16,31,33,8,2.5132741228718345,0,2.0,12,1.3,/user/raabe14/u19361/workspace-allen/results/VISp_0/trial_1/phase_1/lib_ab4a70858e/lib_ab4a70858e__delay_0.09__dur_0.2.h5
105,0.15,0.2,ab4a70858e,0.09620609879493713,-40.298507462686565,-29.57547169811321,134.9774869247291,7.16,11,43,6,1.8849555921538759,0,2.0,10,1.1,/user/raabe14/u19361/workspace-allen/results/VISp_0/trial_1/phase_1/lib_ab4a70858e/lib_ab4a70858e__delay_0.15__dur_0.2.h5
106,0.12,0.2,ab4a70858e,0.15373679995536804,-0.8955223880596961,2.6886792452830193,0.0,10.74,33,25,0,0.0,1,3.0,3,0.04,/user/raabe14/u19361/workspace-allen/results/VISp_0/trial_1/phase_1/lib_ab4a70858e/lib_ab4a70858e__delay_0.12__dur_0.2.h5
107,0.15,0.0,ab4a70858e,0.10269549489021301,-9.850746268656714,-8.066037735849058,90.0,10.74,28,31,4,1.2566370614359172,1,3.0,7,0.08,/user/raabe14/u19361/workspace-allen/results/VISp_0/trial_1/phase_1/lib_ab4a70858e/lib_ab4a70858e__delay_0.15__dur_0.0.h5
108,0.15,0.0,ab4a70858e,0.0933428481221199,54.626865671641795,29.575471698113205,22.515923572829195,7.16,64,10,1,0.3141592653589793,0,2.0,11,1.2,/user/raabe14/u19361/workspace-allen/results/VISp_0/trial_1/phase_1/lib_ab4a70858e/lib_ab4a70858e__delay_0.15__dur_0.0.h5
109,0.03,0.2,ab4a70858e,0.1746094971895218,0.8955223880597032,-4.481132075471699,180.0,14.32,34,29,8,2.5132741228718345,2,4.0,12,1.3,/user/raabe14/u19361/workspace-allen/results/VISp_0/trial_1/phase_1/lib_ab4a70858e/lib_ab4a70858e__delay_0.03__dur_0.2.h5
11,0.03,0.0,ab4a70858e,0.09996427595615387,-38.507462686567166,-24.19811320754717,22.515923572829163,10.74,12,40,9,2.827433388230814,1,3.0,12,1.3,/user/raabe14/u19361/workspace-allen/results/VISp_0/trial_1/phase_1/lib_ab4a70858e/lib_ab4a70858e__delay_0.03__dur_0.0.h5
110,0.12,0.0,ab4a70858e,0.09690168499946594,-54.62686567164179,-6.273584905660378,157.4840764271708,7.16,3,30,7,2.199114857512855,0,2.0,12,1.3,/user/raabe14/u19361/workspace-allen/results/VISp_0/trial_1/phase_1/lib_ab4a70858e/lib_ab4a70858e__delay_0.12__dur_0.0.h5
111,0.15,0.2,ab4a70858e,0.09483709931373596,-8.059701492537314,-0.8962264150943398,134.9774869247291,7.16,29,27,6,1.8849555921538759,0,2.0,11,1.2,/user/raabe14/u19361/workspace-allen/results/VISp_0/trial_1/phase_1/lib_ab4a70858e/lib_ab4a70858e__delay_0.15__dur_0.2.h5
112,0.06,0.2,ab4a70858e,0.1261887401342392,34.92537313432837,40.33018867924528,22.515923572829163,14.32,53,4,9,2.827433388230814,2,4.0,12,1.3,/user/raabe14/u19361/workspace-allen/results/VISp_0/trial_1/phase_1/lib_ab4a70858e/lib_ab4a70858e__delay_0.06__dur_0.2.h5
113,0.09,0.2,ab4a70858e,0.09591422230005264,45.67164179104478,45.70754716981132,22.515923572829195,14.32,59,1,1,0.3141592653589793,2,4.0,12,1.3,/user/raabe14/u19361/workspace-allen/results/VISp_0/trial_1/phase_1/lib_ab4a70858e/lib_ab4a70858e__delay_0.09__dur_0.2.h5
114,0.0,0.2,ab4a70858e,0.09491905570030212,38.507462686567166,-43.91509433962264,22.515923572829163,28.65,55,51,9,2.827433388230814,5,8.0,9,0.1,/user/raabe14/u19361/workspace-allen/results/VISp_0/trial_1/phase_1/lib_ab4a70858e/lib_ab4a70858e__delay_0.0__dur_0.2.h5
115,0.09,0.0,ab4a70858e,0.17726977169513702,-0.8955223880596961,-13.443396226415096,22.515923572829195,10.74,33,34,1,0.3141592653589793,1,3.0,9,0.1,/user/raabe14/u19361/workspace-allen/results/VISp_0/trial_1/phase_1/lib_ab4a70858e/lib_ab4a70858e__delay_0.09__dur_0.0.h5
116,0.09,0.0,ab4a70858e,0.11101455986499786,-2.6865671641791025,-0.8962264150943398,180.0,10.74,32,27,8,2.5132741228718345,1,3.0,12,1.3,/user/raabe14/u19361/workspace-allen/results/VISp_0/trial_1/phase_1/lib_ab4a70858e/lib_ab4a70858e__delay_0.09__dur_0.0.h5
117,0.12,0.2,ab4a70858e,0.10803133994340897,40.29850746268657,-38.5377358490566,45.02251307527088,14.32,56,48,2,0.6283185307179586,2,4.0,10,1.1,/user/raabe14/u19361/workspace-allen/results/VISp_0/trial_1/phase_1/lib_ab4a70858e/lib_ab4a70858e__delay_0.12__dur_0.2.h5
118,0.12,0.0,ab4a70858e,0.11968512088060379,6.268656716417908,-15.235849056603776,22.515923572829163,10.74,37,35,9,2.827433388230814,1,3.0,5,0.06,/user/raabe14/u19361/workspace-allen/results/VISp_0/trial_1/phase_1/lib_ab4a70858e/lib_ab4a70858e__delay_0.12__dur_0.0.h5
119,0.15,0.2,ab4a70858e,0.1272362768650055,4.477611940298516,-15.235849056603776,157.4840764271708,7.16,36,35,7,2.199114857512855,0,2.0,9,0.1,/user/raabe14/u19361/workspace-allen/results/VISp_0/trial_1/phase_1/lib_ab4a70858e/lib_ab4a70858e__delay_0.15__dur_0.2.h5
12,0.09,0.0,ab4a70858e,0.0904635563492775,34.92537313432837,45.70754716981132,157.4840764271708,28.65,53,1,7,2.199114857512855,5,8.0,6,0.07,/user/raabe14/u19361/workspace-allen/results/VISp_0/trial_1/phase_1/lib_ab4a70858e/lib_ab4a70858e__delay_0.09__dur_0.0.h5
120,0.12,0.2,ab4a70858e,0.11204241961240768,11.641791044776127,-29.57547169811321,180.0,7.16,40,43,8,2.5132741228718345,0,2.0,11,1.2,/user/raabe14/u19361/workspace-allen/results/VISp_0/trial_1/phase_1/lib_ab4a70858e/lib_ab4a70858e__delay_0.12__dur_0.2.h5
121,0.06,0.0,ab4a70858e,0.13975033164024353,0.8955223880597032,-9.858490566037737,0.0,17.91,34,32,0,0.0,3,5.0,7,0.08,/user/raabe14/u19361/workspace-allen/results/VISp_0/trial_1/phase_1/lib_ab4a70858e/lib_ab4a70858e__delay_0.06__dur_0.0.h5
122,0.12,0.0,ab4a70858e,0.12313567101955414,8.059701492537314,-6.273584905660378,67.51591472682667,28.65,38,30,3,0.9424777960769379,5,8.0,5,0.06,/user/raabe14/u19361/workspace-allen/results/VISp_0/trial_1/phase_1/lib_ab4a70858e/lib_ab4a70858e__delay_0.12__dur_0.0.h5
123,0.09,0.0,ab4a70858e,0.12892985343933105,0.8955223880597032,-11.650943396226417,134.9774869247291,17.91,34,33,6,1.8849555921538759,3,5.0,7,0.08,/user/raabe14/u19361/workspace-allen/results/VISp_0/trial_1/phase_1/lib_ab4a70858e/lib_ab4a70858e__delay_0.09__dur_0.0.h5
124,0.12,0.0,ab4a70858e,0.11439299583435059,6.268656716417908,-13.443396226415096,112.48408527317332,14.32,37,34,5,1.5707963267948966,2,4.0,1,0.02,/user/raabe14/u19361/workspace-allen/results/VISp_0/trial_1/phase_1/lib_ab4a70858e/lib_ab4a70858e__delay_0.12__dur_0.0.h5
125,0.12,0.0,ab4a70858e,0.12815731763839722,-6.268656716417908,-4.481132075471699,22.515923572829195,14.32,30,29,1,0.3141592653589793,2,4.0,8,0.09,/user/raabe14/u19361/workspace-allen/results/VISp_0/trial_1/phase_1/lib_ab4a70858e/lib_ab4a70858e__delay_0.12__dur_0.0.h5
126,0.06,0.2,ab4a70858e,0.15359368920326233,-4.477611940298509,-9.858490566037737,0.0,7.16,31,32,0,0.0,0,2.0,11,1.2,/user/raabe14/u19361/workspace-allen/results/VISp_0/trial_1/phase_1/lib_ab4a70858e/lib_ab4a70858e__delay_0.06__dur_0.2.h5
127,0.09,0.0,ab4a70858e,0.1266629844903946,6.268656716417908,-11.650943396226417,112.48408527317332,17.91,37,33,5,1.5707963267948966,3,5.0,4,0.05,/user/raabe14/u19361/workspace-allen/results/VISp_0/trial_1/phase_1/lib_ab4a70858e/lib_ab4a70858e__delay_0.09__dur_0.0.h5
128,0.09,0.0,ab4a70858e,0.09603867679834366,-24.179104477611936,-22.40566037735849,134.9774869247291,7.16,20,39,6,1.8849555921538759,0,2.0,11,1.2,/user/raabe14/u19361/workspace-allen/results/VISp_0/trial_1/phase_1/lib_ab4a70858e/lib_ab4a70858e__delay_0.09__dur_0.0.h5
129,0.12,0.0,ab4a70858e,0.12113625556230545,13.43283582089552,0.8962264150943398,90.0,28.65,41,26,4,1.2566370614359172,5,8.0,2,0.03,/user/raabe14/u19361/workspace-allen/results/VISp_0/trial_1/phase_1/lib_ab4a70858e/lib_ab4a70858e__delay_0.12__dur_0.0.h5
13,0.09,0.2,ab4a70858e,0.13656271994113922,4.477611940298516,-17.028301886792452,45.02251307527088,14.32,36,36,2,0.6283185307179586,2,4.0,8,0.09,/user/raabe14/u19361/workspace-allen/results/VISp_0/trial_1/phase_1/lib_ab4a70858e/lib_ab4a70858e__delay_0.09__dur_0.2.h5
130,0.0,0.2,ab4a70858e,0.10402452200651169,0.8955223880597032,-18.82075471698113,67.51591472682667,28.65,34,37,3,0.9424777960769379,5,8.0,6,0.07,/user/raabe14/u19361/workspace-allen/results/VISp_0/trial_1/phase_1/lib_ab4a70858e/lib_ab4a70858e__delay_0.0__dur_0.2.h5
131,0.12,0.0,ab4a70858e,0.1089780256152153,13.43283582089552,-15.235849056603776,22.515923572829195,17.91,41,35,1,0.3141592653589793,3,5.0,9,0.1,/user/raabe14/u19361/workspace-allen/results/VISp_0/trial_1/phase_1/lib_ab4a70858e/lib_ab4a70858e__delay_0.12__dur_0.0.h5
132,0.03,0.0,ab4a70858e,0.09546050429344177,52.83582089552239,43.91509433962264,180.0,7.16,63,2,8,2.5132741228718345,0,2.0,12,1.3,/user/raabe14/u19361/workspace-allen/results/VISp_0/trial_1/phase_1/lib_ab4a70858e/lib_ab4a70858e__delay_0.03__dur_0.0.h5
133,0.12,0.2,ab4a70858e,0.1134660467505455,-15.223880597014926,-15.235849056603776,67.51591472682667,10.74,25,35,3,0.9424777960769379,1,3.0,12,1.3,/user/raabe14/u19361/workspace-allen/results/VISp_0/trial_1/phase_1/lib_ab4a70858e/lib_ab4a70858e__delay_0.12__dur_0.2.h5
134,0.12,0.0,ab4a70858e,0.19848325848579407,2.6865671641791096,-9.858490566037737,90.0,17.91,35,32,4,1.2566370614359172,3,5.0,9,0.1,/user/raabe14/u19361/workspace-allen/results/VISp_0/trial_1/phase_1/lib_ab4a70858e/lib_ab4a70858e__delay_0.12__dur_0.0.h5
135,0.12,0.0,ab4a70858e,0.13954010605812073,-0.8955223880596961,-0.8962264150943398,22.515923572829195,21.49,33,27,1,0.3141592653589793,4,6.0,9,0.1,/user/raabe14/u19361/workspace-allen/results/VISp_0/trial_1/phase_1/lib_ab4a70858e/lib_ab4a70858e__delay_0.12__dur_0.0.h5
136,0.12,0.0,ab4a70858e,0.16073602437973022,6.268656716417908,-11.650943396226417,22.515923572829163,14.32,37,33,9,2.827433388230814,2,4.0,5,0.06,/user/raabe14/u19361/workspace-allen/results/VISp_0/trial_1/phase_1/lib_ab4a70858e/lib_ab4a70858e__delay_0.12__dur_0.0.h5
137,0.06,0.2,ab4a70858e,0.12062093615531921,-45.67164179104478,-4.481132075471699,180.0,10.74,8,29,8,2.5132741228718345,1,3.0,11,1.2,/user/raabe14/u19361/workspace-allen/results/VISp_0/trial_1/phase_1/lib_ab4a70858e/lib_ab4a70858e__delay_0.06__dur_0.2.h5
138,0.15,0.0,ab4a70858e,0.16501645743846893,4.477611940298516,2.6886792452830193,22.515923572829163,17.91,36,25,9,2.827433388230814,3,5.0,6,0.07,/user/raabe14/u19361/workspace-allen/results/VISp_0/trial_1/phase_1/lib_ab4a70858e/lib_ab4a70858e__delay_0.15__dur_0.0.h5
139,0.15,0.2,ab4a70858e,0.13900601863861084,-24.179104477611936,-18.82075471698113,157.4840764271708,17.91,20,37,7,2.199114857512855,3,5.0,12,1.3,/user/raabe14/u19361/workspace-allen/results/VISp_0/trial_1/phase_1/lib_ab4a70858e/lib_ab4a70858e__delay_0.15__dur_0.2.h5
14,0.15,0.0,ab4a70858e,0.2736372649669647,4.477611940298516,-6.273584905660378,90.0,10.74,36,30,4,1.2566370614359172,1,3.0,5,0.06,/user/raabe14/u19361/workspace-allen/results/VISp_0/trial_1/phase_1/lib_ab4a70858e/lib_ab4a70858e__delay_0.15__dur_0.0.h5
140,0.03,0.2,ab4a70858e,0.12481129914522171,-34.92537313432835,9.858490566037737,67.51591472682667,17.91,14,21,3,0.9424777960769379,3,5.0,12,1.3,/user/raabe14/u19361/workspace-allen/results/VISp_0/trial_1/phase_1/lib_ab4a70858e/lib_ab4a70858e__delay_0.03__dur_0.2.h5
141,0.09,0.0,ab4a70858e,0.1485283225774765,-4.477611940298509,-17.028301886792452,0.0,21.49,31,36,0,0.0,4,6.0,9,0.1,/user/raabe14/u19361/workspace-allen/results/VISp_0/trial_1/phase_1/lib_ab4a70858e/lib_ab4a70858e__delay_0.09__dur_0.0.h5
142,0.15,0.0,ab4a70858e,0.20673298835754395,0.8955223880597032,-11.650943396226417,0.0,14.32,34,33,0,0.0,2,4.0,9,0.1,/user/raabe14/u19361/workspace-allen/results/VISp_0/trial_1/phase_1/lib_ab4a70858e/lib_ab4a70858e__delay_0.15__dur_0.0.h5
143,0.12,0.0,ab4a70858e,0.22935861349105835,0.8955223880597032,-8.066037735849058,157.4840764271708,17.91,34,31,7,2.199114857512855,3,5.0,4,0.05,/user/raabe14/u19361/workspace-allen/results/VISp_0/trial_1/phase_1/lib_ab4a70858e/lib_ab4a70858e__delay_0.12__dur_0.0.h5
144,0.12,0.0,ab4a70858e,0.25831037759780884,-0.8955223880596961,-9.858490566037737,22.515923572829195,14.32,33,32,1,0.3141592653589793,2,4.0,9,0.1,/user/raabe14/u19361/workspace-allen/results/VISp_0/trial_1/phase_1/lib_ab4a70858e/lib_ab4a70858e__delay_0.12__dur_0.0.h5
145,0.15,0.2,ab4a70858e,0.09313012659549713,-13.43283582089552,-17.028301886792452,67.51591472682667,21.49,26,36,3,0.9424777960769379,4,6.0,3,0.04,/user/raabe14/u19361/workspace-allen/results/VISp_0/trial_1/phase_1/lib_ab4a70858e/lib_ab4a70858e__delay_0.15__dur_0.2.h5
146,0.12,0.2,ab4a70858e,0.17110460996627808,0.8955223880597032,-11.650943396226417,157.4840764271708,10.74,34,33,7,2.199114857512855,1,3.0,6,0.07,/user/raabe14/u19361/workspace-allen/results/VISp_0/trial_1/phase_1/lib_ab4a70858e/lib_ab4a70858e__delay_0.12__dur_0.2.h5
147,0.03,0.2,ab4a70858e,0.11200040578842163,-4.477611940298509,-4.481132075471699,0.0,28.65,31,29,0,0.0,5,8.0,6,0.07,/user/raabe14/u19361/workspace-allen/results/VISp_0/trial_1/phase_1/lib_ab4a70858e/lib_ab4a70858e__delay_0.03__dur_0.2.h5
148,0.15,0.0,ab4a70858e,0.10543948411941528,-6.268656716417908,-20.61320754716981,180.0,17.91,30,38,8,2.5132741228718345,3,5.0,8,0.09,/user/raabe14/u19361/workspace-allen/results/VISp_0/trial_1/phase_1/lib_ab4a70858e/lib_ab4a70858e__delay_0.15__dur_0.0.h5
149,0.09,0.2,ab4a70858e,0.12880940735340118,-9.850746268656714,17.02830188679245,180.0,14.32,28,17,8,2.5132741228718345,2,4.0,12,1.3,/user/raabe14/u19361/workspace-allen/results/VISp_0/trial_1/phase_1/lib_ab4a70858e/lib_ab4a70858e__delay_0.09__dur_0.2.h5
15,0.09,0.0,ab4a70858e,0.28988566994667053,0.8955223880597032,-11.650943396226417,67.51591472682667,14.32,34,33,3,0.9424777960769379,2,4.0,7,0.08,/user/raabe14/u19361/workspace-allen/results/VISp_0/trial_1/phase_1/lib_ab4a70858e/lib_ab4a70858e__delay_0.09__dur_0.0.h5
150,0.15,0.2,ab4a70858e,0.09946564584970474,38.507462686567166,27.783018867924525,90.0,7.16,55,11,4,1.2566370614359172,0,2.0,11,1.2,/user/raabe14/u19361/workspace-allen/results/VISp_0/trial_1/phase_1/lib_ab4a70858e/lib_ab4a70858e__delay_0.15__dur_0.2.h5
151,0.12,0.0,ab4a70858e,0.1463613659143448,-6.268656716417908,-8.066037735849058,112.48408527317332,21.49,30,31,5,1.5707963267948966,4,6.0,9,0.1,/user/raabe14/u19361/workspace-allen/results/VISp_0/trial_1/phase_1/lib_ab4a70858e/lib_ab4a70858e__delay_0.12__dur_0.0.h5
152,0.03,0.2,ab4a70858e,0.09154774248600006,-0.8955223880596961,-6.273584905660378,0.0,7.16,33,30,0,0.0,0,2.0,2,0.03,/user/raabe14/u19361/workspace-allen/results/VISp_0/trial_1/phase_1/lib_ab4a70858e/lib_ab4a70858e__delay_0.03__dur_0.2.h5
153,0.12,0.2,ab4a70858e,0.11794514209032059,2.6865671641791096,-13.443396226415096,112.48408527317332,7.16,35,34,5,1.5707963267948966,0,2.0,2,0.03,/user/raabe14/u19361/workspace-allen/results/VISp_0/trial_1/phase_1/lib_ab4a70858e/lib_ab4a70858e__delay_0.12__dur_0.2.h5
154,0.15,0.0,ab4a70858e,0.11757711321115494,-11.64179104477612,-8.066037735849058,112.48408527317332,14.32,27,31,5,1.5707963267948966,2,4.0,2,0.03,/user/raabe14/u19361/workspace-allen/results/VISp_0/trial_1/phase_1/lib_ab4a70858e/lib_ab4a70858e__delay_0.15__dur_0.0.h5
155,0.06,0.0,ab4a70858e,0.09622674435377121,31.343283582089555,31.367924528301884,67.51591472682667,10.74,51,9,3,0.9424777960769379,1,3.0,10,1.1,/user/raabe14/u19361/workspace-allen/results/VISp_0/trial_1/phase_1/lib_ab4a70858e/lib_ab4a70858e__delay_0.06__dur_0.0.h5
156,0.12,0.0,ab4a70858e,0.14236989617347717,-6.268656716417908,-13.443396226415096,90.0,17.91,30,34,4,1.2566370614359172,3,5.0,6,0.07,/user/raabe14/u19361/workspace-allen/results/VISp_0/trial_1/phase_1/lib_ab4a70858e/lib_ab4a70858e__delay_0.12__dur_0.0.h5
157,0.12,0.0,ab4a70858e,0.2340126633644104,2.6865671641791096,-17.028301886792452,0.0,21.49,35,36,0,0.0,4,6.0,6,0.07,/user/raabe14/u19361/workspace-allen/results/VISp_0/trial_1/phase_1/lib_ab4a70858e/lib_ab4a70858e__delay_0.12__dur_0.0.h5
158,0.09,0.0,ab4a70858e,0.18748067319393158,0.8955223880597032,-13.443396226415096,22.515923572829163,14.32,34,34,9,2.827433388230814,2,4.0,9,0.1,/user/raabe14/u19361/workspace-allen/results/VISp_0/trial_1/phase_1/lib_ab4a70858e/lib_ab4a70858e__delay_0.09__dur_0.0.h5
159,0.12,0.0,ab4a70858e,0.13862022757530212,-6.268656716417908,-15.235849056603776,22.515923572829163,10.74,30,35,9,2.827433388230814,1,3.0,2,0.03,/user/raabe14/u19361/workspace-allen/results/VISp_0/trial_1/phase_1/lib_ab4a70858e/lib_ab4a70858e__delay_0.12__dur_0.0.h5
16,0.12,0.2,ab4a70858e,0.1273152232170105,0.8955223880597032,-9.858490566037737,112.48408527317332,7.16,34,32,5,1.5707963267948966,0,2.0,11,1.2,/user/raabe14/u19361/workspace-allen/results/VISp_0/trial_1/phase_1/lib_ab4a70858e/lib_ab4a70858e__delay_0.12__dur_0.2.h5
160,0.12,0.0,ab4a70858e,0.10667355358600616,-2.6865671641791025,-11.650943396226417,22.515923572829163,10.74,32,33,9,2.827433388230814,1,3.0,1,0.02,/user/raabe14/u19361/workspace-allen/results/VISp_0/trial_1/phase_1/lib_ab4a70858e/lib_ab4a70858e__delay_0.12__dur_0.0.h5
161,0.09,0.2,ab4a70858e,0.09840548783540726,-0.8955223880596961,-9.858490566037737,112.48408527317332,17.91,33,32,5,1.5707963267948966,3,5.0,12,1.3,/user/raabe14/u19361/workspace-allen/results/VISp_0/trial_1/phase_1/lib_ab4a70858e/lib_ab4a70858e__delay_0.09__dur_0.2.h5
162,0.12,0.2,ab4a70858e,0.1919274479150772,-2.6865671641791025,-6.273584905660378,0.0,14.32,32,30,0,0.0,2,4.0,8,0.09,/user/raabe14/u19361/workspace-allen/results/VISp_0/trial_1/phase_1/lib_ab4a70858e/lib_ab4a70858e__delay_0.12__dur_0.2.h5
163,0.12,0.2,ab4a70858e,0.12797461450099945,-2.6865671641791025,-6.273584905660378,22.515923572829195,21.49,32,30,1,0.3141592653589793,4,6.0,5,0.06,/user/raabe14/u19361/workspace-allen/results/VISp_0/trial_1/phase_1/lib_ab4a70858e/lib_ab4a70858e__delay_0.12__dur_0.2.h5
164,0.15,0.2,ab4a70858e,0.1595541089773178,-20.59701492537313,6.273584905660378,157.4840764271708,14.32,22,23,7,2.199114857512855,2,4.0,12,1.3,/user/raabe14/u19361/workspace-allen/results/VISp_0/trial_1/phase_1/lib_ab4a70858e/lib_ab4a70858e__delay_0.15__dur_0.2.h5
165,0.06,0.2,ab4a70858e,0.09971459954977036,9.85074626865672,31.367924528301884,67.51591472682667,14.32,39,9,3,0.9424777960769379,2,4.0,10,1.1,/user/raabe14/u19361/workspace-allen/results/VISp_0/trial_1/phase_1/lib_ab4a70858e/lib_ab4a70858e__delay_0.06__dur_0.2.h5
166,0.15,0.0,ab4a70858e,0.16165293753147125,-0.8955223880596961,-17.028301886792452,22.515923572829163,17.91,33,36,9,2.827433388230814,3,5.0,2,0.03,/user/raabe14/u19361/workspace-allen/results/VISp_0/trial_1/phase_1/lib_ab4a70858e/lib_ab4a70858e__delay_0.15__dur_0.0.h5
167,0.15,0.2,ab4a70858e,0.16976577043533325,-0.8955223880596961,-15.235849056603776,22.515923572829195,14.32,33,35,1,0.3141592653589793,2,4.0,7,0.08,/user/raabe14/u19361/workspace-allen/results/VISp_0/trial_1/phase_1/lib_ab4a70858e/lib_ab4a70858e__delay_0.15__dur_0.2.h5
168,0.15,0.2,ab4a70858e,0.14377589523792267,0.8955223880597032,-15.235849056603776,22.515923572829163,17.91,34,35,9,2.827433388230814,3,5.0,9,0.1,/user/raabe14/u19361/workspace-allen/results/VISp_0/trial_1/phase_1/lib_ab4a70858e/lib_ab4a70858e__delay_0.15__dur_0.2.h5
169,0.12,0.0,ab4a70858e,0.2188718616962433,-13.43283582089552,-6.273584905660378,180.0,10.74,26,30,8,2.5132741228718345,1,3.0,3,0.04,/user/raabe14/u19361/workspace-allen/results/VISp_0/trial_1/phase_1/lib_ab4a70858e/lib_ab4a70858e__delay_0.12__dur_0.0.h5
17,0.15,0.0,ab4a70858e,0.14438296854496002,8.059701492537314,-15.235849056603776,45.02251307527088,28.65,38,35,2,0.6283185307179586,5,8.0,5,0.06,/user/raabe14/u19361/workspace-allen/results/VISp_0/trial_1/phase_1/lib_ab4a70858e/lib_ab4a70858e__delay_0.15__dur_0.0.h5
170,0.09,0.2,ab4a70858e,0.09512720257043839,-49.25373134328358,-15.235849056603776,157.4840764271708,7.16,6,35,7,2.199114857512855,0,2.0,10,1.1,/user/raabe14/u19361/workspace-allen/results/VISp_0/trial_1/phase_1/lib_ab4a70858e/lib_ab4a70858e__delay_0.09__dur_0.2.h5
171,0.09,0.2,ab4a70858e,0.14707452058792114,-8.059701492537314,-0.8962264150943398,22.515923572829163,17.91,29,27,9,2.827433388230814,3,5.0,8,0.09,/user/raabe14/u19361/workspace-allen/results/VISp_0/trial_1/phase_1/lib_ab4a70858e/lib_ab4a70858e__delay_0.09__dur_0.2.h5
172,0.12,0.0,ab4a70858e,0.25562867522239685,0.8955223880597032,-11.650943396226417,180.0,17.91,34,33,8,2.5132741228718345,3,5.0,8,0.09,/user/raabe14/u19361/workspace-allen/results/VISp_0/trial_1/phase_1/lib_ab4a70858e/lib_ab4a70858e__delay_0.12__dur_0.0.h5
173,0.09,0.2,ab4a70858e,0.16247650980949402,6.268656716417908,-4.481132075471699,0.0,14.32,37,29,0,0.0,2,4.0,2,0.03,/user/raabe14/u19361/workspace-allen/results/VISp_0/trial_1/phase_1/lib_ab4a70858e/lib_ab4a70858e__delay_0.09__dur_0.2.h5
174,0.12,0.0,ab4a70858e,0.21152415871620178,-4.477611940298509,-8.066037735849058,22.515923572829195,14.32,31,31,1,0.3141592653589793,2,4.0,3,0.04,/user/raabe14/u19361/workspace-allen/results/VISp_0/trial_1/phase_1/lib_ab4a70858e/lib_ab4a70858e__delay_0.12__dur_0.0.h5
175,0.12,0.0,ab4a70858e,0.09559906274080276,-0.8955223880596961,-2.6886792452830193,22.515923572829195,28.65,33,28,1,0.3141592653589793,5,8.0,3,0.04,/user/raabe14/u19361/workspace-allen/results/VISp_0/trial_1/phase_1/lib_ab4a70858e/lib_ab4a70858e__delay_0.12__dur_0.0.h5
176,0.15,0.0,ab4a70858e,0.16688686609268188,9.85074626865672,-6.273584905660378,22.515923572829163,17.91,39,30,9,2.827433388230814,3,5.0,9,0.1,/user/raabe14/u19361/workspace-allen/results/VISp_0/trial_1/phase_1/lib_ab4a70858e/lib_ab4a70858e__delay_0.15__dur_0.0.h5
177,0.09,0.2,ab4a70858e,0.09549872577190399,-36.71641791044776,-6.273584905660378,22.515923572829163,14.32,13,30,9,2.827433388230814,2,4.0,11,1.2,/user/raabe14/u19361/workspace-allen/results/VISp_0/trial_1/phase_1/lib_ab4a70858e/lib_ab4a70858e__delay_0.09__dur_0.2.h5
178,0.09,0.0,ab4a70858e,0.09373562037944794,-15.223880597014926,4.481132075471699,0.0,28.65,25,24,0,0.0,5,8.0,8,0.09,/user/raabe14/u19361/workspace-allen/results/VISp_0/trial_1/phase_1/lib_ab4a70858e/lib_ab4a70858e__delay_0.09__dur_0.0.h5
179,0.09,0.2,ab4a70858e,0.09651906043291092,-22.388059701492537,29.575471698113205,0.0,10.74,21,10,0,0.0,1,3.0,12,1.3,/user/raabe14/u19361/workspace-allen/results/VISp_0/trial_1/phase_1/lib_ab4a70858e/lib_ab4a70858e__delay_0.09__dur_0.2.h5
18,0.09,0.2,ab4a70858e,0.18241429328918457,6.268656716417908,-6.273584905660378,67.51591472682667,17.91,37,30,3,0.9424777960769379,3,5.0,9,0.1,/user/raabe14/u19361/workspace-allen/results/VISp_0/trial_1/phase_1/lib_ab4a70858e/lib_ab4a70858e__delay_0.09__dur_0.2.h5
180,0.12,0.0,ab4a70858e,0.1759367138147354,0.8955223880597032,-11.650943396226417,90.0,17.91,34,33,4,1.2566370614359172,3,5.0,9,0.1,/user/raabe14/u19361/workspace-allen/results/VISp_0/trial_1/phase_1/lib_ab4a70858e/lib_ab4a70858e__delay_0.12__dur_0.0.h5
181,0.12,0.0,ab4a70858e,0.15031637251377106,-0.8955223880596961,-13.443396226415096,0.0,10.74,33,34,0,0.0,1,3.0,9,0.1,/user/raabe14/u19361/workspace-allen/results/VISp_0/trial_1/phase_1/lib_ab4a70858e/lib_ab4a70858e__delay_0.12__dur_0.0.h5
182,0.12,0.2,ab4a70858e,0.12589581310749054,-2.6865671641791025,-15.235849056603776,112.48408527317332,14.32,32,35,5,1.5707963267948966,2,4.0,5,0.06,/user/raabe14/u19361/workspace-allen/results/VISp_0/trial_1/phase_1/lib_ab4a70858e/lib_ab4a70858e__delay_0.12__dur_0.2.h5
183,0.09,0.0,ab4a70858e,0.11983324587345123,-11.64179104477612,-4.481132075471699,112.48408527317332,17.91,27,29,5,1.5707963267948966,3,5.0,9,0.1,/user/raabe14/u19361/workspace-allen/results/VISp_0/trial_1/phase_1/lib_ab4a70858e/lib_ab4a70858e__delay_0.09__dur_0.0.h5
184,0.09,0.0,ab4a70858e,0.14359912276268005,-4.477611940298509,-11.650943396226417,0.0,10.74,31,33,0,0.0,1,3.0,11,1.2,/user/raabe14/u19361/workspace-allen/results/VISp_0/trial_1/phase_1/lib_ab4a70858e/lib_ab4a70858e__delay_0.09__dur_0.0.h5
185,0.06,0.0,ab4a70858e,0.10357675701379776,-6.268656716417908,4.481132075471699,0.0,28.65,30,24,0,0.0,5,8.0,4,0.05,/user/raabe14/u19361/workspace-allen/results/VISp_0/trial_1/phase_1/lib_ab4a70858e/lib_ab4a70858e__delay_0.06__dur_0.0.h5
186,0.12,0.2,ab4a70858e,0.17829546332359314,2.6865671641791096,-6.273584905660378,22.515923572829195,14.32,35,30,1,0.3141592653589793,2,4.0,2,0.03,/user/raabe14/u19361/workspace-allen/results/VISp_0/trial_1/phase_1/lib_ab4a70858e/lib_ab4a70858e__delay_0.12__dur_0.2.h5
187,0.15,0.2,ab4a70858e,0.14898119866847992,-2.6865671641791025,-8.066037735849058,0.0,10.74,32,31,0,0.0,1,3.0,11,1.2,/user/raabe14/u19361/workspace-allen/results/VISp_0/trial_1/phase_1/lib_ab4a70858e/lib_ab4a70858e__delay_0.15__dur_0.2.h5
188,0.12,0.0,ab4a70858e,0.12839645147323608,-6.268656716417908,-9.858490566037737,67.51591472682667,17.91,30,32,3,0.9424777960769379,3,5.0,3,0.04,/user/raabe14/u19361/workspace-allen/results/VISp_0/trial_1/phase_1/lib_ab4a70858e/lib_ab4a70858e__delay_0.12__dur_0.0.h5
189,0.0,0.2,ab4a70858e,0.09850890934467316,-18.80597014925373,22.405660377358487,0.0,14.32,23,14,0,0.0,2,4.0,11,1.2,/user/raabe14/u19361/workspace-allen/results/VISp_0/trial_1/phase_1/lib_ab4a70858e/lib_ab4a70858e__delay_0.0__dur_0.2.h5
19,0.15,0.0,ab4a70858e,0.10326164215803146,13.43283582089552,4.481132075471699,45.02251307527088,14.32,41,24,2,0.6283185307179586,2,4.0,1,0.02,/user/raabe14/u19361/workspace-allen/results/VISp_0/trial_1/phase_1/lib_ab4a70858e/lib_ab4a70858e__delay_0.15__dur_0.0.h5
190,0.09,0.0,ab4a70858e,0.14106638729572296,-2.6865671641791025,-9.858490566037737,180.0,10.74,32,32,8,2.5132741228718345,1,3.0,9,0.1,/user/raabe14/u19361/workspace-allen/results/VISp_0/trial_1/phase_1/lib_ab4a70858e/lib_ab4a70858e__delay_0.09__dur_0.0.h5
191,0.09,0.2,ab4a70858e,0.15302948653697968,-2.6865671641791025,-6.273584905660378,0.0,10.74,32,30,0,0.0,1,3.0,5,0.06,/user/raabe14/u19361/workspace-allen/results/VISp_0/trial_1/phase_1/lib_ab4a70858e/lib_ab4a70858e__delay_0.09__dur_0.2.h5
192,0.06,0.2,ab4a70858e,0.10243980586528778,18.80597014925374,34.95283018867924,157.4840764271708,10.74,44,7,7,2.199114857512855,1,3.0,9,0.1,/user/raabe14/u19361/workspace-allen/results/VISp_0/trial_1/phase_1/lib_ab4a70858e/lib_ab4a70858e__delay_0.06__dur_0.2.h5
193,0.0,0.2,ab4a70858e,0.10644638538360596,-8.059701492537314,-13.443396226415096,90.0,10.74,29,34,4,1.2566370614359172,1,3.0,12,1.3,/user/raabe14/u19361/workspace-allen/results/VISp_0/trial_1/phase_1/lib_ab4a70858e/lib_ab4a70858e__delay_0.0__dur_0.2.h5
194,0.09,0.0,ab4a70858e,0.12352350354194641,4.477611940298516,-9.858490566037737,22.515923572829195,17.91,36,32,1,0.3141592653589793,3,5.0,6,0.07,/user/raabe14/u19361/workspace-allen/results/VISp_0/trial_1/phase_1/lib_ab4a70858e/lib_ab4a70858e__delay_0.09__dur_0.0.h5
195,0.0,0.2,ab4a70858e,0.09995171427726746,-9.850746268656714,-17.028301886792452,45.02251307527088,7.16,28,36,2,0.6283185307179586,0,2.0,11,1.2,/user/raabe14/u19361/workspace-allen/results/VISp_0/trial_1/phase_1/lib_ab4a70858e/lib_ab4a70858e__delay_0.0__dur_0.2.h5
196,0.12,0.2,ab4a70858e,0.16176874935626984,0.8955223880597032,-6.273584905660378,180.0,21.49,34,30,8,2.5132741228718345,4,6.0,5,0.06,/user/raabe14/u19361/workspace-allen/results/VISp_0/trial_1/phase_1/lib_ab4a70858e/lib_ab4a70858e__delay_0.12__dur_0.2.h5
197,0.15,0.0,ab4a70858e,0.10113941878080368,0.8955223880597032,-11.650943396226417,90.0,21.49,34,33,4,1.2566370614359172,4,6.0,6,0.07,/user/raabe14/u19361/workspace-allen/results/VISp_0/trial_1/phase_1/lib_ab4a70858e/lib_ab4a70858e__delay_0.15__dur_0.0.h5
198,0.0,0.2,ab4a70858e,0.11353475600481033,54.626865671641795,-6.273584905660378,180.0,7.16,64,30,8,2.5132741228718345,0,2.0,12,1.3,/user/raabe14/u19361/workspace-allen/results/VISp_0/trial_1/phase_1/lib_ab4a70858e/lib_ab4a70858e__delay_0.0__dur_0.2.h5
199,0.15,0.2,ab4a70858e,0.11528105288743973,-42.089552238805965,2.6886792452830193,112.48408527317332,14.32,10,25,5,1.5707963267948966,2,4.0,11,1.2,/user/raabe14/u19361/workspace-allen/results/VISp_0/trial_1/phase_1/lib_ab4a70858e/lib_ab4a70858e__delay_0.15__dur_0.2.h5
2,0.12,0.0,ab4a70858e,0.09900902956724167,25.97014925373135,22.405660377358487,90.0,17.91,48,14,4,1.2566370614359172,3,5.0,6,0.07,/user/raabe14/u19361/workspace-allen/results/VISp_0/trial_1/phase_1/lib_ab4a70858e/lib_ab4a70858e__delay_0.12__dur_0.0.h5
20,0.12,0.0,ab4a70858e,0.2582336664199829,4.477611940298516,-6.273584905660378,180.0,14.32,36,30,8,2.5132741228718345,2,4.0,6,0.07,/user/raabe14/u19361/workspace-allen/results/VISp_0/trial_1/phase_1/lib_ab4a70858e/lib_ab4a70858e__delay_0.12__dur_0.0.h5
200,0.12,0.2,ab4a70858e,0.11663318425416946,-6.268656716417908,-2.6886792452830193,45.02251307527088,21.49,30,28,2,0.6283185307179586,4,6.0,3,0.04,/user/raabe14/u19361/workspace-allen/results/VISp_0/trial_1/phase_1/lib_ab4a70858e/lib_ab4a70858e__delay_0.12__dur_0.2.h5
201,0.15,0.0,ab4a70858e,0.18319211900234222,0.8955223880597032,-11.650943396226417,22.515923572829163,17.91,34,33,9,2.827433388230814,3,5.0,9,0.1,/user/raabe14/u19361/workspace-allen/results/VISp_0/trial_1/phase_1/lib_ab4a70858e/lib_ab4a70858e__delay_0.15__dur_0.0.h5
202,0.03,0.0,ab4a70858e,0.097224161028862,-6.268656716417908,-0.8962264150943398,22.515923572829195,17.91,30,27,1,0.3141592653589793,3,5.0,10,1.1,/user/raabe14/u19361/workspace-allen/results/VISp_0/trial_1/phase_1/lib_ab4a70858e/lib_ab4a70858e__delay_0.03__dur_0.0.h5
203,0.06,0.2,ab4a70858e,0.1189141571521759,-11.64179104477612,20.613207547169807,180.0,10.74,27,15,8,2.5132741228718345,1,3.0,10,1.1,/user/raabe14/u19361/workspace-allen/results/VISp_0/trial_1/phase_1/lib_ab4a70858e/lib_ab4a70858e__delay_0.06__dur_0.2.h5
204,0.12,0.0,ab4a70858e,0.1519070267677307,-2.6865671641791025,-8.066037735849058,0.0,17.91,32,31,0,0.0,3,5.0,6,0.07,/user/raabe14/u19361/workspace-allen/results/VISp_0/trial_1/phase_1/lib_ab4a70858e/lib_ab4a70858e__delay_0.12__dur_0.0.h5
205,0.09,0.2,ab4a70858e,0.18241408467292786,0.8955223880597032,-9.858490566037737,134.9774869247291,17.91,34,32,6,1.8849555921538759,3,5.0,2,0.03,/user/raabe14/u19361/workspace-allen/results/VISp_0/trial_1/phase_1/lib_ab4a70858e/lib_ab4a70858e__delay_0.09__dur_0.2.h5
206,0.06,0.0,ab4a70858e,0.14502471685409546,2.6865671641791096,0.8962264150943398,0.0,14.32,35,26,0,0.0,2,4.0,8,0.09,/user/raabe14/u19361/workspace-allen/results/VISp_0/trial_1/phase_1/lib_ab4a70858e/lib_ab4a70858e__delay_0.06__dur_0.0.h5
207,0.0,0.2,ab4a70858e,0.10807809233665466,-17.014925373134325,18.820754716981128,157.4840764271708,10.74,24,16,7,2.199114857512855,1,3.0,12,1.3,/user/raabe14/u19361/workspace-allen/results/VISp_0/trial_1/phase_1/lib_ab4a70858e/lib_ab4a70858e__delay_0.0__dur_0.2.h5
208,0.09,0.2,ab4a70858e,0.13222557306289673,4.477611940298516,-11.650943396226417,134.9774869247291,7.16,36,33,6,1.8849555921538759,0,2.0,7,0.08,/user/raabe14/u19361/workspace-allen/results/VISp_0/trial_1/phase_1/lib_ab4a70858e/lib_ab4a70858e__delay_0.09__dur_0.2.h5
209,0.12,0.0,ab4a70858e,0.17136694490909576,-0.8955223880596961,-17.028301886792452,45.02251307527088,14.32,33,36,2,0.6283185307179586,2,4.0,9,0.1,/user/raabe14/u19361/workspace-allen/results/VISp_0/trial_1/phase_1/lib_ab4a70858e/lib_ab4a70858e__delay_0.12__dur_0.0.h5
21,0.15,0.2,ab4a70858e,0.10185857117176056,2.6865671641791096,-13.443396226415096,22.515923572829195,21.49,35,34,1,0.3141592653589793,4,6.0,9,0.1,/user/raabe14/u19361/workspace-allen/results/VISp_0/trial_1/phase_1/lib_ab4a70858e/lib_ab4a70858e__delay_0.15__dur_0.2.h5
210,0.06,0.2,ab4a70858e,0.1546030193567276,-4.477611940298509,-11.650943396226417,180.0,21.49,31,33,8,2.5132741228718345,4,6.0,4,0.05,/user/raabe14/u19361/workspace-allen/results/VISp_0/trial_1/phase_1/lib_ab4a70858e/lib_ab4a70858e__delay_0.06__dur_0.2.h5
211,0.12,0.0,ab4a70858e,0.12658394873142242,-6.268656716417908,-15.235849056603776,0.0,10.74,30,35,0,0.0,1,3.0,3,0.04,/user/raabe14/u19361/workspace-allen/results/VISp_0/trial_1/phase_1/lib_ab4a70858e/lib_ab4a70858e__delay_0.12__dur_0.0.h5
212,0.12,0.0,ab4a70858e,0.198734313249588,4.477611940298516,-6.273584905660378,22.515923572829195,14.32,36,30,1,0.3141592653589793,2,4.0,5,0.06,/user/raabe14/u19361/workspace-allen/results/VISp_0/trial_1/phase_1/lib_ab4a70858e/lib_ab4a70858e__delay_0.12__dur_0.0.h5
213,0.15,0.2,ab4a70858e,0.12974366545677185,-27.761194029850742,-13.443396226415096,67.51591472682667,10.74,18,34,3,0.9424777960769379,1,3.0,12,1.3,/user/raabe14/u19361/workspace-allen/results/VISp_0/trial_1/phase_1/lib_ab4a70858e/lib_ab4a70858e__delay_0.15__dur_0.2.h5
214,0.15,0.2,ab4a70858e,0.1158670037984848,-13.43283582089552,-24.19811320754717,134.9774869247291,10.74,26,40,6,1.8849555921538759,1,3.0,10,1.1,/user/raabe14/u19361/workspace-allen/results/VISp_0/trial_1/phase_1/lib_ab4a70858e/lib_ab4a70858e__delay_0.15__dur_0.2.h5
215,0.12,0.0,ab4a70858e,0.11700361222028732,0.8955223880597032,-15.235849056603776,134.9774869247291,17.91,34,35,6,1.8849555921538759,3,5.0,9,0.1,/user/raabe14/u19361/workspace-allen/results/VISp_0/trial_1/phase_1/lib_ab4a70858e/lib_ab4a70858e__delay_0.12__dur_0.0.h5
216,0.12,0.0,ab4a70858e,0.1946299821138382,0.8955223880597032,-6.273584905660378,180.0,17.91,34,30,8,2.5132741228718345,3,5.0,4,0.05,/user/raabe14/u19361/workspace-allen/results/VISp_0/trial_1/phase_1/lib_ab4a70858e/lib_ab4a70858e__delay_0.12__dur_0.0.h5
217,0.06,0.2,ab4a70858e,0.10078806430101395,11.641791044776127,11.650943396226417,67.51591472682667,7.16,40,20,3,0.9424777960769379,0,2.0,12,1.3,/user/raabe14/u19361/workspace-allen/results/VISp_0/trial_1/phase_1/lib_ab4a70858e/lib_ab4a70858e__delay_0.06__dur_0.2.h5
218,0.12,0.2,ab4a70858e,0.09730131179094315,-20.59701492537313,27.783018867924525,22.515923572829195,7.16,22,11,1,0.3141592653589793,0,2.0,12,1.3,/user/raabe14/u19361/workspace-allen/results/VISp_0/trial_1/phase_1/lib_ab4a70858e/lib_ab4a70858e__delay_0.12__dur_0.2.h5
219,0.06,0.2,ab4a70858e,0.15536466240882874,-8.059701492537314,-18.82075471698113,45.02251307527088,17.91,29,37,2,0.6283185307179586,3,5.0,6,0.07,/user/raabe14/u19361/workspace-allen/results/VISp_0/trial_1/phase_1/lib_ab4a70858e/lib_ab4a70858e__delay_0.06__dur_0.2.h5
22,0.06,0.2,ab4a70858e,0.11889705806970596,25.97014925373135,-22.40566037735849,157.4840764271708,7.16,48,39,7,2.199114857512855,0,2.0,12,1.3,/user/raabe14/u19361/workspace-allen/results/VISp_0/trial_1/phase_1/lib_ab4a70858e/lib_ab4a70858e__delay_0.06__dur_0.2.h5
220,0.15,0.2,ab4a70858e,0.09712153673171997,-6.268656716417908,-18.82075471698113,90.0,17.91,30,37,4,1.2566370614359172,3,5.0,7,0.08,/user/raabe14/u19361/workspace-allen/results/VISp_0/trial_1/phase_1/lib_ab4a70858e/lib_ab4a70858e__delay_0.15__dur_0.2.h5
221,0.12,0.0,ab4a70858e,0.08907731622457504,27.761194029850756,38.5377358490566,67.51591472682667,10.74,49,5,3,0.9424777960769379,1,3.0,12,1.3,/user/raabe14/u19361/workspace-allen/results/VISp_0/trial_1/phase_1/lib_ab4a70858e/lib_ab4a70858e__delay_0.12__dur_0.0.h5
222,0.15,0.2,ab4a70858e,0.13629281520843506,-0.8955223880596961,-8.066037735849058,134.9774869247291,17.91,33,31,6,1.8849555921538759,3,5.0,9,0.1,/user/raabe14/u19361/workspace-allen/results/VISp_0/trial_1/phase_1/lib_ab4a70858e/lib_ab4a70858e__delay_0.15__dur_0.2.h5
223,0.15,0.0,ab4a70858e,0.1153130754828453,-9.850746268656714,-20.61320754716981,0.0,10.74,28,38,0,0.0,1,3.0,7,0.08,/user/raabe14/u19361/workspace-allen/results/VISp_0/trial_1/phase_1/lib_ab4a70858e/lib_ab4a70858e__delay_0.15__dur_0.0.h5
224,0.12,0.0,ab4a70858e,0.23752467334270477,-4.477611940298509,-17.028301886792452,0.0,10.74,31,36,0,0.0,1,3.0,9,0.1,/user/raabe14/u19361/workspace-allen/results/VISp_0/trial_1/phase_1/lib_ab4a70858e/lib_ab4a70858e__delay_0.12__dur_0.0.h5
225,0.09,0.2,ab4a70858e,0.11699505895376205,11.641791044776127,-6.273584905660378,22.515923572829163,14.32,40,30,9,2.827433388230814,2,4.0,12,1.3,/user/raabe14/u19361/workspace-allen/results/VISp_0/trial_1/phase_1/lib_ab4a70858e/lib_ab4a70858e__delay_0.09__dur_0.2.h5
226,0.15,0.0,ab4a70858e,0.29234808683395386,-8.059701492537314,-9.858490566037737,45.02251307527088,14.32,29,32,2,0.6283185307179586,2,4.0,9,0.1,/user/raabe14/u19361/workspace-allen/results/VISp_0/trial_1/phase_1/lib_ab4a70858e/lib_ab4a70858e__delay_0.15__dur_0.0.h5
227,0.15,0.2,ab4a70858e,0.16416694223880768,-4.477611940298509,-15.235849056603776,45.02251307527088,14.32,31,35,2,0.6283185307179586,2,4.0,7,0.08,/user/raabe14/u19361/workspace-allen/results/VISp_0/trial_1/phase_1/lib_ab4a70858e/lib_ab4a70858e__delay_0.15__dur_0.2.h5
228,0.15,0.0,ab4a70858e,0.12219573557376862,-9.850746268656714,-6.273584905660378,0.0,14.32,28,30,0,0.0,2,4.0,4,0.05,/user/raabe14/u19361/workspace-allen/results/VISp_0/trial_1/phase_1/lib_ab4a70858e/lib_ab4a70858e__delay_0.15__dur_0.0.h5
229,0.09,0.0,ab4a70858e,0.09968301653862,9.85074626865672,8.066037735849058,22.515923572829195,10.74,39,22,1,0.3141592653589793,1,3.0,12,1.3,/user/raabe14/u19361/workspace-allen/results/VISp_0/trial_1/phase_1/lib_ab4a70858e/lib_ab4a70858e__delay_0.09__dur_0.0.h5
23,0.0,0.0,ab4a70858e,0.14637640118598938,-27.761194029850742,27.783018867924525,67.51591472682667,14.32,18,11,3,0.9424777960769379,2,4.0,12,1.3,/user/raabe14/u19361/workspace-allen/results/VISp_0/trial_1/phase_1/lib_ab4a70858e/lib_ab4a70858e__delay_0.0__dur_0.0.h5
230,0.09,0.2,ab4a70858e,0.11527729779481888,4.477611940298516,-15.235849056603776,112.48408527317332,14.32,36,35,5,1.5707963267948966,2,4.0,8,0.09,/user/raabe14/u19361/workspace-allen/results/VISp_0/trial_1/phase_1/lib_ab4a70858e/lib_ab4a70858e__delay_0.09__dur_0.2.h5
231,0.0,0.2,ab4a70858e,0.0989907905459404,42.08955223880598,-0.8962264150943398,45.02251307527088,10.74,57,27,2,0.6283185307179586,1,3.0,11,1.2,/user/raabe14/u19361/workspace-allen/results/VISp_0/trial_1/phase_1/lib_ab4a70858e/lib_ab4a70858e__delay_0.0__dur_0.2.h5
232,0.12,0.2,ab4a70858e,0.09381410479545593,-52.83582089552239,-38.5377358490566,67.51591472682667,10.74,4,48,3,0.9424777960769379,1,3.0,12,1.3,/user/raabe14/u19361/workspace-allen/results/VISp_0/trial_1/phase_1/lib_ab4a70858e/lib_ab4a70858e__delay_0.12__dur_0.2.h5
233,0.03,0.0,ab4a70858e,0.10444044321775436,-34.92537313432835,17.02830188679245,90.0,14.32,14,17,4,1.2566370614359172,2,4.0,10,1.1,/user/raabe14/u19361/workspace-allen/results/VISp_0/trial_1/phase_1/lib_ab4a70858e/lib_ab4a70858e__delay_0.03__dur_0.0.h5
234,0.15,0.0,ab4a70858e,0.2542880177497864,-4.477611940298509,-9.858490566037737,134.9774869247291,14.32,31,32,6,1.8849555921538759,2,4.0,2,0.03,/user/raabe14/u19361/workspace-allen/results/VISp_0/trial_1/phase_1/lib_ab4a70858e/lib_ab4a70858e__delay_0.15__dur_0.0.h5
235,0.09,0.0,ab4a70858e,0.21337440609931946,-0.8955223880596961,-11.650943396226417,90.0,21.49,33,33,4,1.2566370614359172,4,6.0,6,0.07,/user/raabe14/u19361/workspace-allen/results/VISp_0/trial_1/phase_1/lib_ab4a70858e/lib_ab4a70858e__delay_0.09__dur_0.0.h5
236,0.09,0.0,ab4a70858e,0.12264122813940048,-4.477611940298509,-18.82075471698113,0.0,17.91,31,37,0,0.0,3,5.0,8,0.09,/user/raabe14/u19361/workspace-allen/results/VISp_0/trial_1/phase_1/lib_ab4a70858e/lib_ab4a70858e__delay_0.09__dur_0.0.h5
237,0.09,0.2,ab4a70858e,0.09516125172376633,-43.88059701492537,4.481132075471699,45.02251307527088,14.32,9,24,2,0.6283185307179586,2,4.0,11,1.2,/user/raabe14/u19361/workspace-allen/results/VISp_0/trial_1/phase_1/lib_ab4a70858e/lib_ab4a70858e__delay_0.09__dur_0.2.h5
238,0.15,0.0,ab4a70858e,0.09685187041759491,31.343283582089555,-6.273584905660378,0.0,17.91,51,30,0,0.0,3,5.0,12,1.3,/user/raabe14/u19361/workspace-allen/results/VISp_0/trial_1/phase_1/lib_ab4a70858e/lib_ab4a70858e__delay_0.15__dur_0.0.h5
239,0.0,0.0,ab4a70858e,0.09180454164743423,52.83582089552239,-33.160377358490564,22.515923572829195,10.74,63,45,1,0.3141592653589793,1,3.0,10,1.1,/user/raabe14/u19361/workspace-allen/results/VISp_0/trial_1/phase_1/lib_ab4a70858e/lib_ab4a70858e__delay_0.0__dur_0.0.h5
24,0.09,0.0,ab4a70858e,0.11645150929689407,8.059701492537314,-8.066037735849058,90.0,14.32,38,31,4,1.2566370614359172,2,4.0,8,0.09,/user/raabe14/u19361/workspace-allen/results/VISp_0/trial_1/phase_1/lib_ab4a70858e/lib_ab4a70858e__delay_0.09__dur_0.0.h5
240,0.15,0.0,ab4a70858e,0.13290776312351227,-11.64179104477612,-11.650943396226417,90.0,10.74,27,33,4,1.2566370614359172,1,3.0,9,0.1,/user/raabe14/u19361/workspace-allen/results/VISp_0/trial_1/phase_1/lib_ab4a70858e/lib_ab4a70858e__delay_0.15__dur_0.0.h5
241,0.09,0.2,ab4a70858e,0.09726066887378693,18.80597014925374,20.613207547169807,134.9774869247291,17.91,44,15,6,1.8849555921538759,3,5.0,10,1.1,/user/raabe14/u19361/workspace-allen/results/VISp_0/trial_1/phase_1/lib_ab4a70858e/lib_ab4a70858e__delay_0.09__dur_0.2.h5
242,0.15,0.0,ab4a70858e,0.09617071598768234,-49.25373134328358,-4.481132075471699,22.515923572829195,7.16,6,29,1,0.3141592653589793,0,2.0,12,1.3,/user/raabe14/u19361/workspace-allen/results/VISp_0/trial_1/phase_1/lib_ab4a70858e/lib_ab4a70858e__delay_0.15__dur_0.0.h5
243,0.12,0.0,ab4a70858e,0.11444535106420517,-0.8955223880596961,-17.028301886792452,45.02251307527088,21.49,33,36,2,0.6283185307179586,4,6.0,5,0.06,/user/raabe14/u19361/workspace-allen/results/VISp_0/trial_1/phase_1/lib_ab4a70858e/lib_ab4a70858e__delay_0.12__dur_0.0.h5
244,0.09,0.0,ab4a70858e,0.16209915280342102,-9.850746268656714,-13.443396226415096,22.515923572829163,14.32,28,34,9,2.827433388230814,2,4.0,7,0.08,/user/raabe14/u19361/workspace-allen/results/VISp_0/trial_1/phase_1/lib_ab4a70858e/lib_ab4a70858e__delay_0.09__dur_0.0.h5
245,0.12,0.0,ab4a70858e,0.18517853319644928,-6.268656716417908,-15.235849056603776,0.0,21.49,30,35,0,0.0,4,6.0,9,0.1,/user/raabe14/u19361/workspace-allen/results/VISp_0/trial_1/phase_1/lib_ab4a70858e/lib_ab4a70858e__delay_0.12__dur_0.0.h5
246,0.0,0.2,ab4a70858e,0.1031227707862854,-34.92537313432835,42.12264150943396,157.4840764271708,7.16,14,3,7,2.199114857512855,0,2.0,10,1.1,/user/raabe14/u19361/workspace-allen/results/VISp_0/trial_1/phase_1/lib_ab4a70858e/lib_ab4a70858e__delay_0.0__dur_0.2.h5
247,0.09,0.2,ab4a70858e,0.20730295777320862,-8.059701492537314,-15.235849056603776,0.0,14.32,29,35,0,0.0,2,4.0,6,0.07,/user/raabe14/u19361/workspace-allen/results/VISp_0/trial_1/phase_1/lib_ab4a70858e/lib_ab4a70858e__delay_0.09__dur_0.2.h5
248,0.06,0.2,ab4a70858e,0.17295745015144348,27.761194029850756,22.405660377358487,157.4840764271708,14.32,49,14,7,2.199114857512855,2,4.0,12,1.3,/user/raabe14/u19361/workspace-allen/results/VISp_0/trial_1/phase_1/lib_ab4a70858e/lib_ab4a70858e__delay_0.06__dur_0.2.h5
249,0.09,0.2,ab4a70858e,0.11950786411762238,-22.388059701492537,6.273584905660378,157.4840764271708,21.49,21,23,7,2.199114857512855,4,6.0,12,1.3,/user/raabe14/u19361/workspace-allen/results/VISp_0/trial_1/phase_1/lib_ab4a70858e/lib_ab4a70858e__delay_0.09__dur_0.2.h5
25,0.15,0.0,ab4a70858e,0.2493697553873062,6.268656716417908,-9.858490566037737,22.515923572829195,14.32,37,32,1,0.3141592653589793,2,4.0,7,0.08,/user/raabe14/u19361/workspace-allen/results/VISp_0/trial_1/phase_1/lib_ab4a70858e/lib_ab4a70858e__delay_0.15__dur_0.0.h5
250,0.12,0.2,ab4a70858e,0.10559587180614471,0.8955223880597032,-11.650943396226417,22.515923572829163,10.74,34,33,9,2.827433388230814,1,3.0,7,0.08,/user/raabe14/u19361/workspace-allen/results/VISp_0/trial_1/phase_1/lib_ab4a70858e/lib_ab4a70858e__delay_0.12__dur_0.2.h5
251,0.09,0.2,ab4a70858e,0.11386090517044067,-8.059701492537314,-11.650943396226417,180.0,10.74,29,33,8,2.5132741228718345,1,3.0,3,0.04,/user/raabe14/u19361/workspace-allen/results/VISp_0/trial_1/phase_1/lib_ab4a70858e/lib_ab4a70858e__delay_0.09__dur_0.2.h5
252,0.03,0.2,ab4a70858e,0.10362841933965683,0.8955223880597032,33.160377358490564,22.515923572829163,17.91,34,8,9,2.827433388230814,3,5.0,12,1.3,/user/raabe14/u19361/workspace-allen/results/VISp_0/trial_1/phase_1/lib_ab4a70858e/lib_ab4a70858e__delay_0.03__dur_0.2.h5
253,0.09,0.2,ab4a70858e,0.12680773437023163,6.268656716417908,-8.066037735849058,134.9774869247291,14.32,37,31,6,1.8849555921538759,2,4.0,4,0.05,/user/raabe14/u19361/workspace-allen/results/VISp_0/trial_1/phase_1/lib_ab4a70858e/lib_ab4a70858e__delay_0.09__dur_0.2.h5
254,0.12,0.0,ab4a70858e,0.1625947505235672,-2.6865671641791025,-15.235849056603776,90.0,14.32,32,35,4,1.2566370614359172,2,4.0,9,0.1,/user/raabe14/u19361/workspace-allen/results/VISp_0/trial_1/phase_1/lib_ab4a70858e/lib_ab4a70858e__delay_0.12__dur_0.0.h5
255,0.12,0.2,ab4a70858e,0.11984667181968689,-2.6865671641791025,-6.273584905660378,45.02251307527088,10.74,32,30,2,0.6283185307179586,1,3.0,2,0.03,/user/raabe14/u19361/workspace-allen/results/VISp_0/trial_1/phase_1/lib_ab4a70858e/lib_ab4a70858e__delay_0.12__dur_0.2.h5
256,0.09,0.2,ab4a70858e,0.1487649530172348,-8.059701492537314,-15.235849056603776,22.515923572829163,14.32,29,35,9,2.827433388230814,2,4.0,1,0.02,/user/raabe14/u19361/workspace-allen/results/VISp_0/trial_1/phase_1/lib_ab4a70858e/lib_ab4a70858e__delay_0.09__dur_0.2.h5
257,0.03,0.2,ab4a70858e,0.10633625090122223,-2.6865671641791025,-9.858490566037737,22.515923572829163,17.91,32,32,9,2.827433388230814,3,5.0,6,0.07,/user/raabe14/u19361/workspace-allen/results/VISp_0/trial_1/phase_1/lib_ab4a70858e/lib_ab4a70858e__delay_0.03__dur_0.2.h5
258,0.09,0.2,ab4a70858e,0.09482521563768387,36.71641791044776,18.820754716981128,22.515923572829163,7.16,54,16,9,2.827433388230814,0,2.0,12,1.3,/user/raabe14/u19361/workspace-allen/results/VISp_0/trial_1/phase_1/lib_ab4a70858e/lib_ab4a70858e__delay_0.09__dur_0.2.h5
259,0.06,0.2,ab4a70858e,0.10821168124675751,-2.6865671641791025,-2.6886792452830193,0.0,28.65,32,28,0,0.0,5,8.0,9,0.1,/user/raabe14/u19361/workspace-allen/results/VISp_0/trial_1/phase_1/lib_ab4a70858e/lib_ab4a70858e__delay_0.06__dur_0.2.h5
26,0.09,0.2,ab4a70858e,0.1023513451218605,13.43283582089552,-6.273584905660378,134.9774869247291,21.49,41,30,6,1.8849555921538759,4,6.0,7,0.08,/user/raabe14/u19361/workspace-allen/results/VISp_0/trial_1/phase_1/lib_ab4a70858e/lib_ab4a70858e__delay_0.09__dur_0.2.h5
260,0.0,0.2,ab4a70858e,0.14499486982822418,-15.223880597014926,-13.443396226415096,157.4840764271708,17.91,25,34,7,2.199114857512855,3,5.0,12,1.3,/user/raabe14/u19361/workspace-allen/results/VISp_0/trial_1/phase_1/lib_ab4a70858e/lib_ab4a70858e__delay_0.0__dur_0.2.h5
261,0.0,0.2,ab4a70858e,0.09737791866064072,-0.8955223880596961,9.858490566037737,22.515923572829163,21.49,33,21,9,2.827433388230814,4,6.0,9,0.1,/user/raabe14/u19361/workspace-allen/results/VISp_0/trial_1/phase_1/lib_ab4a70858e/lib_ab4a70858e__delay_0.0__dur_0.2.h5
262,0.09,0.0,ab4a70858e,0.10519026219844818,-4.477611940298509,-8.066037735849058,45.02251307527088,14.32,31,31,2,0.6283185307179586,2,4.0,4,0.05,/user/raabe14/u19361/workspace-allen/results/VISp_0/trial_1/phase_1/lib_ab4a70858e/lib_ab4a70858e__delay_0.09__dur_0.0.h5
263,0.15,0.0,ab4a70858e,0.09410127252340317,-33.134328358208954,31.367924528301884,134.9774869247291,10.74,15,9,6,1.8849555921538759,1,3.0,10,1.1,/user/raabe14/u19361/workspace-allen/results/VISp_0/trial_1/phase_1/lib_ab4a70858e/lib_ab4a70858e__delay_0.15__dur_0.0.h5
264,0.03,0.2,ab4a70858e,0.093918576836586,-22.388059701492537,36.74528301886792,67.51591472682667,10.74,21,6,3,0.9424777960769379,1,3.0,12,1.3,/user/raabe14/u19361/workspace-allen/results/VISp_0/trial_1/phase_1/lib_ab4a70858e/lib_ab4a70858e__delay_0.03__dur_0.2.h5
265,0.12,0.0,ab4a70858e,0.1958562284708023,-8.059701492537314,-17.028301886792452,90.0,17.91,29,36,4,1.2566370614359172,3,5.0,8,0.09,/user/raabe14/u19361/workspace-allen/results/VISp_0/trial_1/phase_1/lib_ab4a70858e/lib_ab4a70858e__delay_0.12__dur_0.0.h5
266,0.0,0.2,ab4a70858e,0.16807101666927338,-24.179104477611936,-18.82075471698113,157.4840764271708,14.32,20,37,7,2.199114857512855,2,4.0,12,1.3,/user/raabe14/u19361/workspace-allen/results/VISp_0/trial_1/phase_1/lib_ab4a70858e/lib_ab4a70858e__delay_0.0__dur_0.2.h5
267,0.06,0.0,ab4a70858e,0.09908705204725266,2.6865671641791096,-27.78301886792453,90.0,17.91,35,42,4,1.2566370614359172,3,5.0,10,1.1,/user/raabe14/u19361/workspace-allen/results/VISp_0/trial_1/phase_1/lib_ab4a70858e/lib_ab4a70858e__delay_0.06__dur_0.0.h5
268,0.0,0.2,ab4a70858e,0.10862438380718231,-36.71641791044776,-38.5377358490566,112.48408527317332,17.91,13,48,5,1.5707963267948966,3,5.0,12,1.3,/user/raabe14/u19361/workspace-allen/results/VISp_0/trial_1/phase_1/lib_ab4a70858e/lib_ab4a70858e__delay_0.0__dur_0.2.h5
269,0.0,0.2,ab4a70858e,0.11618257313966751,-52.83582089552239,4.481132075471699,67.51591472682667,21.49,4,24,3,0.9424777960769379,4,6.0,10,1.1,/user/raabe14/u19361/workspace-allen/results/VISp_0/trial_1/phase_1/lib_ab4a70858e/lib_ab4a70858e__delay_0.0__dur_0.2.h5
27,0.09,0.0,ab4a70858e,0.21693798899650574,4.477611940298516,-2.6886792452830193,22.515923572829195,10.74,36,28,1,0.3141592653589793,1,3.0,6,0.07,/user/raabe14/u19361/workspace-allen/results/VISp_0/trial_1/phase_1/lib_ab4a70858e/lib_ab4a70858e__delay_0.09__dur_0.0.h5
270,0.09,0.2,ab4a70858e,0.11847373098134995,-4.477611940298509,-13.443396226415096,180.0,21.49,31,34,8,2.5132741228718345,4,6.0,7,0.08,/user/raabe14/u19361/workspace-allen/results/VISp_0/trial_1/phase_1/lib_ab4a70858e/lib_ab4a70858e__delay_0.09__dur_0.2.h5
271,0.12,0.2,ab4a70858e,0.10245101898908615,-22.388059701492537,-24.19811320754717,112.48408527317332,21.49,21,40,5,1.5707963267948966,4,6.0,1,0.02,/user/raabe14/u19361/workspace-allen/results/VISp_0/trial_1/phase_1/lib_ab4a70858e/lib_ab4a70858e__delay_0.12__dur_0.2.h5
272,0.09,0.2,ab4a70858e,0.1158207356929779,-9.850746268656714,-13.443396226415096,22.515923572829163,17.91,28,34,9,2.827433388230814,3,5.0,6,0.07,/user/raabe14/u19361/workspace-allen/results/VISp_0/trial_1/phase_1/lib_ab4a70858e/lib_ab4a70858e__delay_0.09__dur_0.2.h5
273,0.06,0.0,ab4a70858e,0.22148096561431885,-8.059701492537314,-6.273584905660378,22.515923572829195,14.32,29,30,1,0.3141592653589793,2,4.0,1,0.02,/user/raabe14/u19361/workspace-allen/results/VISp_0/trial_1/phase_1/lib_ab4a70858e/lib_ab4a70858e__delay_0.06__dur_0.0.h5
274,0.15,0.2,ab4a70858e,0.10313520580530167,-2.6865671641791025,-13.443396226415096,112.48408527317332,10.74,32,34,5,1.5707963267948966,1,3.0,9,0.1,/user/raabe14/u19361/workspace-allen/results/VISp_0/trial_1/phase_1/lib_ab4a70858e/lib_ab4a70858e__delay_0.15__dur_0.2.h5
275,0.15,0.2,ab4a70858e,0.13732850551605225,-13.43283582089552,0.8962264150943398,0.0,21.49,26,26,0,0.0,4,6.0,1,0.02,/user/raabe14/u19361/workspace-allen/results/VISp_0/trial_1/phase_1/lib_ab4a70858e/lib_ab4a70858e__delay_0.15__dur_0.2.h5
276,0.09,0.2,ab4a70858e,0.11334772408008575,-9.850746268656714,-25.99056603773585,45.02251307527088,14.32,28,41,2,0.6283185307179586,2,4.0,9,0.1,/user/raabe14/u19361/workspace-allen/results/VISp_0/trial_1/phase_1/lib_ab4a70858e/lib_ab4a70858e__delay_0.09__dur_0.2.h5
277,0.09,0.0,ab4a70858e,0.14950905740261078,4.477611940298516,-8.066037735849058,22.515923572829163,7.16,36,31,9,2.827433388230814,0,2.0,7,0.08,/user/raabe14/u19361/workspace-allen/results/VISp_0/trial_1/phase_1/lib_ab4a70858e/lib_ab4a70858e__delay_0.09__dur_0.0.h5
278,0.06,0.2,ab4a70858e,0.10202701389789581,-17.014925373134325,-13.443396226415096,0.0,21.49,24,34,0,0.0,4,6.0,8,0.09,/user/raabe14/u19361/workspace-allen/results/VISp_0/trial_1/phase_1/lib_ab4a70858e/lib_ab4a70858e__delay_0.06__dur_0.2.h5
279,0.06,0.2,ab4a70858e,0.10084110498428345,22.388059701492537,-8.066037735849058,22.515923572829195,28.65,46,31,1,0.3141592653589793,5,8.0,9,0.1,/user/raabe14/u19361/workspace-allen/results/VISp_0/trial_1/phase_1/lib_ab4a70858e/lib_ab4a70858e__delay_0.06__dur_0.2.h5
28,0.12,0.0,ab4a70858e,0.13821232318878174,13.43283582089552,-6.273584905660378,112.48408527317332,28.65,41,30,5,1.5707963267948966,5,8.0,5,0.06,/user/raabe14/u19361/workspace-allen/results/VISp_0/trial_1/phase_1/lib_ab4a70858e/lib_ab4a70858e__delay_0.12__dur_0.0.h5
280,0.09,0.2,ab4a70858e,0.128276526927948,-8.059701492537314,-11.650943396226417,157.4840764271708,17.91,29,33,7,2.199114857512855,3,5.0,5,0.06,/user/raabe14/u19361/workspace-allen/results/VISp_0/trial_1/phase_1/lib_ab4a70858e/lib_ab4a70858e__delay_0.09__dur_0.2.h5
281,0.03,0.2,ab4a70858e,0.1231112852692604,-6.268656716417908,-11.650943396226417,45.02251307527088,17.91,30,33,2,0.6283185307179586,3,5.0,7,0.08,/user/raabe14/u19361/workspace-allen/results/VISp_0/trial_1/phase_1/lib_ab4a70858e/lib_ab4a70858e__delay_0.03__dur_0.2.h5
282,0.06,0.2,ab4a70858e,0.09059446305036545,-27.761194029850742,45.70754716981132,22.515923572829195,7.16,18,1,1,0.3141592653589793,0,2.0,10,1.1,/user/raabe14/u19361/workspace-allen/results/VISp_0/trial_1/phase_1/lib_ab4a70858e/lib_ab4a70858e__delay_0.06__dur_0.2.h5
283,0.15,0.0,ab4a70858e,0.14921587705612183,-8.059701492537314,-17.028301886792452,22.515923572829163,17.91,29,36,9,2.827433388230814,3,5.0,6,0.07,/user/raabe14/u19361/workspace-allen/results/VISp_0/trial_1/phase_1/lib_ab4a70858e/lib_ab4a70858e__delay_0.15__dur_0.0.h5
284,0.06,0.2,ab4a70858e,0.172341451048851,-8.059701492537314,-6.273584905660378,22.515923572829163,14.32,29,30,9,2.827433388230814,2,4.0,9,0.1,/user/raabe14/u19361/workspace-allen/results/VISp_0/trial_1/phase_1/lib_ab4a70858e/lib_ab4a70858e__delay_0.06__dur_0.2.h5
285,0.12,0.0,ab4a70858e,0.1823330819606781,-9.850746268656714,-8.066037735849058,67.51591472682667,10.74,28,31,3,0.9424777960769379,1,3.0,0,0.01,/user/raabe14/u19361/workspace-allen/results/VISp_0/trial_1/phase_1/lib_ab4a70858e/lib_ab4a70858e__delay_0.12__dur_0.0.h5
286,0.12,0.0,ab4a70858e,0.13518169522285461,0.8955223880597032,-9.858490566037737,67.51591472682667,28.65,34,32,3,0.9424777960769379,5,8.0,7,0.08,/user/raabe14/u19361/workspace-allen/results/VISp_0/trial_1/phase_1/lib_ab4a70858e/lib_ab4a70858e__delay_0.12__dur_0.0.h5
287,0.15,0.2,ab4a70858e,0.0983656495809555,-24.179104477611936,-2.6886792452830193,22.515923572829163,28.65,20,28,9,2.827433388230814,5,8.0,4,0.05,/user/raabe14/u19361/workspace-allen/results/VISp_0/trial_1/phase_1/lib_ab4a70858e/lib_ab4a70858e__delay_0.15__dur_0.2.h5
288,0.06,0.2,ab4a70858e,0.13028326630592346,27.761194029850756,25.990566037735846,157.4840764271708,14.32,49,12,7,2.199114857512855,2,4.0,12,1.3,/user/raabe14/u19361/workspace-allen/results/VISp_0/trial_1/phase_1/lib_ab4a70858e/lib_ab4a70858e__delay_0.06__dur_0.2.h5
289,0.06,0.2,ab4a70858e,0.11178306490182877,-2.6865671641791025,-11.650943396226417,134.9774869247291,7.16,32,33,6,1.8849555921538759,0,2.0,4,0.05,/user/raabe14/u19361/workspace-allen/results/VISp_0/trial_1/phase_1/lib_ab4a70858e/lib_ab4a70858e__delay_0.06__dur_0.2.h5
29,0.06,0.2,ab4a70858e,0.1228082925081253,31.343283582089555,-6.273584905660378,67.51591472682667,17.91,51,30,3,0.9424777960769379,3,5.0,9,0.1,/user/raabe14/u19361/workspace-allen/results/VISp_0/trial_1/phase_1/lib_ab4a70858e/lib_ab4a70858e__delay_0.06__dur_0.2.h5
290,0.06,0.2,ab4a70858e,0.18728263676166534,-2.6865671641791025,-9.858490566037737,180.0,14.32,32,32,8,2.5132741228718345,2,4.0,9,0.1,/user/raabe14/u19361/workspace-allen/results/VISp_0/trial_1/phase_1/lib_ab4a70858e/lib_ab4a70858e__delay_0.06__dur_0.2.h5
291,0.12,0.0,ab4a70858e,0.12215496599674225,2.6865671641791096,-11.650943396226417,45.02251307527088,17.91,35,33,2,0.6283185307179586,3,5.0,6,0.07,/user/raabe14/u19361/workspace-allen/results/VISp_0/trial_1/phase_1/lib_ab4a70858e/lib_ab4a70858e__delay_0.12__dur_0.0.h5
292,0.15,0.2,ab4a70858e,0.13228759169578552,-6.268656716417908,-11.650943396226417,67.51591472682667,10.74,30,33,3,0.9424777960769379,1,3.0,12,1.3,/user/raabe14/u19361/workspace-allen/results/VISp_0/trial_1/phase_1/lib_ab4a70858e/lib_ab4a70858e__delay_0.15__dur_0.2.h5
293,0.09,0.2,ab4a70858e,0.0994628518819809,-2.6865671641791025,-2.6886792452830193,157.4840764271708,14.32,32,28,7,2.199114857512855,2,4.0,10,1.1,/user/raabe14/u19361/workspace-allen/results/VISp_0/trial_1/phase_1/lib_ab4a70858e/lib_ab4a70858e__delay_0.09__dur_0.2.h5
294,0.09,0.0,ab4a70858e,0.112442247569561,-6.268656716417908,-11.650943396226417,134.9774869247291,10.74,30,33,6,1.8849555921538759,1,3.0,9,0.1,/user/raabe14/u19361/workspace-allen/results/VISp_0/trial_1/phase_1/lib_ab4a70858e/lib_ab4a70858e__delay_0.09__dur_0.0.h5
295,0.0,0.2,ab4a70858e,0.10338291525840759,-15.223880597014926,-8.066037735849058,0.0,10.74,25,31,0,0.0,1,3.0,2,0.03,/user/raabe14/u19361/workspace-allen/results/VISp_0/trial_1/phase_1/lib_ab4a70858e/lib_ab4a70858e__delay_0.0__dur_0.2.h5
296,0.15,0.0,ab4a70858e,0.2299708127975464,-8.059701492537314,-11.650943396226417,157.4840764271708,14.32,29,33,7,2.199114857512855,2,4.0,5,0.06,/user/raabe14/u19361/workspace-allen/results/VISp_0/trial_1/phase_1/lib_ab4a70858e/lib_ab4a70858e__delay_0.15__dur_0.0.h5
297,0.15,0.0,ab4a70858e,0.09524571895599365,-18.80597014925373,-42.12264150943396,45.02251307527088,17.91,23,50,2,0.6283185307179586,3,5.0,8,0.09,/user/raabe14/u19361/workspace-allen/results/VISp_0/trial_1/phase_1/lib_ab4a70858e/lib_ab4a70858e__delay_0.15__dur_0.0.h5
298,0.03,0.0,ab4a70858e,0.1082831472158432,-2.6865671641791025,-2.6886792452830193,67.51591472682667,7.16,32,28,3,0.9424777960769379,0,2.0,11,1.2,/user/raabe14/u19361/workspace-allen/results/VISp_0/trial_1/phase_1/lib_ab4a70858e/lib_ab4a70858e__delay_0.03__dur_0.0.h5
299,0.09,0.2,ab4a70858e,0.138702392578125,-8.059701492537314,24.198113207547166,180.0,14.32,29,13,8,2.5132741228718345,2,4.0,12,1.3,/user/raabe14/u19361/workspace-allen/results/VISp_0/trial_1/phase_1/lib_ab4a70858e/lib_ab4a70858e__delay_0.09__dur_0.2.h5
3,0.03,0.0,ab4a70858e,0.09499763697385788,-31.34328358208955,25.990566037735846,180.0,7.16,16,12,8,2.5132741228718345,0,2.0,11,1.2,/user/raabe14/u19361/workspace-allen/results/VISp_0/trial_1/phase_1/lib_ab4a70858e/lib_ab4a70858e__delay_0.03__dur_0.0.h5
30,0.12,0.2,ab4a70858e,0.11504118144512177,2.6865671641791096,-6.273584905660378,112.48408527317332,17.91,35,30,5,1.5707963267948966,3,5.0,9,0.1,/user/raabe14/u19361/workspace-allen/results/VISp_0/trial_1/phase_1/lib_ab4a70858e/lib_ab4a70858e__delay_0.12__dur_0.2.h5
300,0.06,0.2,ab4a70858e,0.09639087319374084,2.6865671641791096,-2.6886792452830193,22.515923572829195,14.32,35,28,1,0.3141592653589793,2,4.0,5,0.06,/user/raabe14/u19361/workspace-allen/results/VISp_0/trial_1/phase_1/lib_ab4a70858e/lib_ab4a70858e__delay_0.06__dur_0.2.h5
301,0.15,0.0,ab4a70858e,0.17739614844322205,-8.059701492537314,-13.443396226415096,67.51591472682667,17.91,29,34,3,0.9424777960769379,3,5.0,9,0.1,/user/raabe14/u19361/workspace-allen/results/VISp_0/trial_1/phase_1/lib_ab4a70858e/lib_ab4a70858e__delay_0.15__dur_0.0.h5
302,0.15,0.2,ab4a70858e,0.10314180701971054,29.55223880597015,25.990566037735846,157.4840764271708,14.32,50,12,7,2.199114857512855,2,4.0,12,1.3,/user/raabe14/u19361/workspace-allen/results/VISp_0/trial_1/phase_1/lib_ab4a70858e/lib_ab4a70858e__delay_0.15__dur_0.2.h5
303,0.03,0.2,ab4a70858e,0.17026542127132416,-15.223880597014926,9.858490566037737,112.48408527317332,14.32,25,21,5,1.5707963267948966,2,4.0,12,1.3,/user/raabe14/u19361/workspace-allen/results/VISp_0/trial_1/phase_1/lib_ab4a70858e/lib_ab4a70858e__delay_0.03__dur_0.2.h5
304,0.0,0.0,ab4a70858e,0.09594341367483139,2.6865671641791096,-31.367924528301888,157.4840764271708,10.74,35,44,7,2.199114857512855,1,3.0,12,1.3,/user/raabe14/u19361/workspace-allen/results/VISp_0/trial_1/phase_1/lib_ab4a70858e/lib_ab4a70858e__delay_0.0__dur_0.0.h5
305,0.12,0.0,ab4a70858e,0.11369268596172333,-31.34328358208955,-8.066037735849058,112.48408527317332,21.49,16,31,5,1.5707963267948966,4,6.0,9,0.1,/user/raabe14/u19361/workspace-allen/results/VISp_0/trial_1/phase_1/lib_ab4a70858e/lib_ab4a70858e__delay_0.12__dur_0.0.h5
306,0.12,0.2,ab4a70858e,0.14060616493225098,-2.6865671641791025,-11.650943396226417,157.4840764271708,21.49,32,33,7,2.199114857512855,4,6.0,5,0.06,/user/raabe14/u19361/workspace-allen/results/VISp_0/trial_1/phase_1/lib_ab4a70858e/lib_ab4a70858e__delay_0.12__dur_0.2.h5
307,0.15,0.0,ab4a70858e,0.2718724310398102,-0.8955223880596961,-13.443396226415096,67.51591472682667,21.49,33,34,3,0.9424777960769379,4,6.0,8,0.09,/user/raabe14/u19361/workspace-allen/results/VISp_0/trial_1/phase_1/lib_ab4a70858e/lib_ab4a70858e__delay_0.15__dur_0.0.h5
308,0.03,0.0,ab4a70858e,0.09497418999671936,56.4179104477612,29.575471698113205,45.02251307527088,14.32,65,10,2,0.6283185307179586,2,4.0,4,0.05,/user/raabe14/u19361/workspace-allen/results/VISp_0/trial_1/phase_1/lib_ab4a70858e/lib_ab4a70858e__delay_0.03__dur_0.0.h5
309,0.09,0.2,ab4a70858e,0.10500092804431915,11.641791044776127,-18.82075471698113,0.0,14.32,40,37,0,0.0,2,4.0,11,1.2,/user/raabe14/u19361/workspace-allen/results/VISp_0/trial_1/phase_1/lib_ab4a70858e/lib_ab4a70858e__delay_0.09__dur_0.2.h5
31,0.09,0.2,ab4a70858e,0.11291191726922989,11.641791044776127,-9.858490566037737,0.0,7.16,40,32,0,0.0,0,2.0,11,1.2,/user/raabe14/u19361/workspace-allen/results/VISp_0/trial_1/phase_1/lib_ab4a70858e/lib_ab4a70858e__delay_0.09__dur_0.2.h5
310,0.03,0.2,ab4a70858e,0.09240036457777023,22.388059701492537,-22.40566037735849,134.9774869247291,10.74,46,39,6,1.8849555921538759,1,3.0,10,1.1,/user/raabe14/u19361/workspace-allen/results/VISp_0/trial_1/phase_1/lib_ab4a70858e/lib_ab4a70858e__delay_0.03__dur_0.2.h5
311,0.0,0.2,ab4a70858e,0.10713402181863785,13.43283582089552,4.481132075471699,157.4840764271708,10.74,41,24,7,2.199114857512855,1,3.0,12,1.3,/user/raabe14/u19361/workspace-allen/results/VISp_0/trial_1/phase_1/lib_ab4a70858e/lib_ab4a70858e__delay_0.0__dur_0.2.h5
312,0.09,0.2,ab4a70858e,0.1496558040380478,-2.6865671641791025,-15.235849056603776,0.0,10.74,32,35,0,0.0,1,3.0,9,0.1,/user/raabe14/u19361/workspace-allen/results/VISp_0/trial_1/phase_1/lib_ab4a70858e/lib_ab4a70858e__delay_0.09__dur_0.2.h5
313,0.06,0.2,ab4a70858e,0.1327410638332367,-8.059701492537314,-15.235849056603776,45.02251307527088,10.74,29,35,2,0.6283185307179586,1,3.0,9,0.1,/user/raabe14/u19361/workspace-allen/results/VISp_0/trial_1/phase_1/lib_ab4a70858e/lib_ab4a70858e__delay_0.06__dur_0.2.h5
314,0.0,0.2,ab4a70858e,0.09562807530164719,-6.268656716417908,-36.74528301886792,45.02251307527088,21.49,30,47,2,0.6283185307179586,4,6.0,1,0.02,/user/raabe14/u19361/workspace-allen/results/VISp_0/trial_1/phase_1/lib_ab4a70858e/lib_ab4a70858e__delay_0.0__dur_0.2.h5
315,0.12,0.2,ab4a70858e,0.10000070929527283,-42.089552238805965,20.613207547169807,134.9774869247291,7.16,10,15,6,1.8849555921538759,0,2.0,11,1.2,/user/raabe14/u19361/workspace-allen/results/VISp_0/trial_1/phase_1/lib_ab4a70858e/lib_ab4a70858e__delay_0.12__dur_0.2.h5
316,0.0,0.0,ab4a70858e,0.10775285959243774,-4.477611940298509,40.33018867924528,134.9774869247291,14.32,31,4,6,1.8849555921538759,2,4.0,12,1.3,/user/raabe14/u19361/workspace-allen/results/VISp_0/trial_1/phase_1/lib_ab4a70858e/lib_ab4a70858e__delay_0.0__dur_0.0.h5
317,0.03,0.2,ab4a70858e,0.14389294385910034,-13.43283582089552,-2.6886792452830193,180.0,14.32,26,28,8,2.5132741228718345,2,4.0,11,1.2,/user/raabe14/u19361/workspace-allen/results/VISp_0/trial_1/phase_1/lib_ab4a70858e/lib_ab4a70858e__delay_0.03__dur_0.2.h5
318,0.12,0.0,ab4a70858e,0.20250432193279266,-4.477611940298509,-4.481132075471699,22.515923572829195,17.91,31,29,1,0.3141592653589793,3,5.0,6,0.07,/user/raabe14/u19361/workspace-allen/results/VISp_0/trial_1/phase_1/lib_ab4a70858e/lib_ab4a70858e__delay_0.12__dur_0.0.h5
319,0.12,0.2,ab4a70858e,0.14277981221675873,-6.268656716417908,-17.028301886792452,157.4840764271708,14.32,30,36,7,2.199114857512855,2,4.0,5,0.06,/user/raabe14/u19361/workspace-allen/results/VISp_0/trial_1/phase_1/lib_ab4a70858e/lib_ab4a70858e__delay_0.12__dur_0.2.h5
32,0.09,0.2,ab4a70858e,0.1539224535226822,9.85074626865672,-13.443396226415096,67.51591472682667,14.32,39,34,3,0.9424777960769379,2,4.0,8,0.09,/user/raabe14/u19361/workspace-allen/results/VISp_0/trial_1/phase_1/lib_ab4a70858e/lib_ab4a70858e__delay_0.09__dur_0.2.h5
320,0.09,0.2,ab4a70858e,0.09547699987888336,20.59701492537313,43.91509433962264,134.9774869247291,10.74,45,2,6,1.8849555921538759,1,3.0,10,1.1,/user/raabe14/u19361/workspace-allen/results/VISp_0/trial_1/phase_1/lib_ab4a70858e/lib_ab4a70858e__delay_0.09__dur_0.2.h5
321,0.12,0.0,ab4a70858e,0.1284974366426468,-18.80597014925373,-31.367924528301888,180.0,21.49,23,44,8,2.5132741228718345,4,6.0,2,0.03,/user/raabe14/u19361/workspace-allen/results/VISp_0/trial_1/phase_1/lib_ab4a70858e/lib_ab4a70858e__delay_0.12__dur_0.0.h5
322,0.15,0.0,ab4a70858e,0.17039071023464203,-8.059701492537314,-8.066037735849058,0.0,21.49,29,31,0,0.0,4,6.0,7,0.08,/user/raabe14/u19361/workspace-allen/results/VISp_0/trial_1/phase_1/lib_ab4a70858e/lib_ab4a70858e__delay_0.15__dur_0.0.h5
323,0.0,0.2,ab4a70858e,0.14386053383350372,-20.59701492537313,25.990566037735846,67.51591472682667,14.32,22,12,3,0.9424777960769379,2,4.0,12,1.3,/user/raabe14/u19361/workspace-allen/results/VISp_0/trial_1/phase_1/lib_ab4a70858e/lib_ab4a70858e__delay_0.0__dur_0.2.h5
324,0.15,0.2,ab4a70858e,0.09748723357915878,-8.059701492537314,-20.61320754716981,45.02251307527088,17.91,29,38,2,0.6283185307179586,3,5.0,5,0.06,/user/raabe14/u19361/workspace-allen/results/VISp_0/trial_1/phase_1/lib_ab4a70858e/lib_ab4a70858e__delay_0.15__dur_0.2.h5
325,0.06,0.0,ab4a70858e,0.14442306756973267,-13.43283582089552,-8.066037735849058,45.02251307527088,17.91,26,31,2,0.6283185307179586,3,5.0,3,0.04,/user/raabe14/u19361/workspace-allen/results/VISp_0/trial_1/phase_1/lib_ab4a70858e/lib_ab4a70858e__delay_0.06__dur_0.0.h5
326,0.09,0.0,ab4a70858e,0.15652894973754883,-6.268656716417908,-17.028301886792452,112.48408527317332,17.91,30,36,5,1.5707963267948966,3,5.0,4,0.05,/user/raabe14/u19361/workspace-allen/results/VISp_0/trial_1/phase_1/lib_ab4a70858e/lib_ab4a70858e__delay_0.09__dur_0.0.h5
327,0.12,0.2,ab4a70858e,0.09856001287698746,-47.46268656716418,-24.19811320754717,22.515923572829195,17.91,7,40,1,0.3141592653589793,3,5.0,10,1.1,/user/raabe14/u19361/workspace-allen/results/VISp_0/trial_1/phase_1/lib_ab4a70858e/lib_ab4a70858e__delay_0.12__dur_0.2.h5
328,0.15,0.2,ab4a70858e,0.16344906389713287,-9.850746268656714,18.820754716981128,180.0,14.32,28,16,8,2.5132741228718345,2,4.0,12,1.3,/user/raabe14/u19361/workspace-allen/results/VISp_0/trial_1/phase_1/lib_ab4a70858e/lib_ab4a70858e__delay_0.15__dur_0.2.h5
329,0.06,0.2,ab4a70858e,0.11471234261989594,-4.477611940298509,-15.235849056603776,112.48408527317332,7.16,31,35,5,1.5707963267948966,0,2.0,9,0.1,/user/raabe14/u19361/workspace-allen/results/VISp_0/trial_1/phase_1/lib_ab4a70858e/lib_ab4a70858e__delay_0.06__dur_0.2.h5
33,0.12,0.2,ab4a70858e,0.20824311673641205,-0.8955223880596961,-6.273584905660378,112.48408527317332,14.32,33,30,5,1.5707963267948966,2,4.0,5,0.06,/user/raabe14/u19361/workspace-allen/results/VISp_0/trial_1/phase_1/lib_ab4a70858e/lib_ab4a70858e__delay_0.12__dur_0.2.h5
330,0.09,0.2,ab4a70858e,0.18765561282634735,-24.179104477611936,-18.82075471698113,157.4840764271708,10.74,20,37,7,2.199114857512855,1,3.0,12,1.3,/user/raabe14/u19361/workspace-allen/results/VISp_0/trial_1/phase_1/lib_ab4a70858e/lib_ab4a70858e__delay_0.09__dur_0.2.h5
331,0.06,0.2,ab4a70858e,0.142563596367836,-15.223880597014926,-17.028301886792452,22.515923572829163,17.91,25,36,9,2.827433388230814,3,5.0,5,0.06,/user/raabe14/u19361/workspace-allen/results/VISp_0/trial_1/phase_1/lib_ab4a70858e/lib_ab4a70858e__delay_0.06__dur_0.2.h5
332,0.12,0.0,ab4a70858e,0.09531208127737045,22.388059701492537,8.066037735849058,22.515923572829163,7.16,46,22,9,2.827433388230814,0,2.0,11,1.2,/user/raabe14/u19361/workspace-allen/results/VISp_0/trial_1/phase_1/lib_ab4a70858e/lib_ab4a70858e__delay_0.12__dur_0.0.h5
333,0.09,0.2,ab4a70858e,0.10047443211078644,-13.43283582089552,20.613207547169807,134.9774869247291,7.16,26,15,6,1.8849555921538759,0,2.0,10,1.1,/user/raabe14/u19361/workspace-allen/results/VISp_0/trial_1/phase_1/lib_ab4a70858e/lib_ab4a70858e__delay_0.09__dur_0.2.h5
334,0.15,0.0,ab4a70858e,0.10039110481739044,-17.014925373134325,-18.82075471698113,134.9774869247291,14.32,24,37,6,1.8849555921538759,2,4.0,9,0.1,/user/raabe14/u19361/workspace-allen/results/VISp_0/trial_1/phase_1/lib_ab4a70858e/lib_ab4a70858e__delay_0.15__dur_0.0.h5
335,0.15,0.2,ab4a70858e,0.11753616482019424,-9.850746268656714,-17.028301886792452,22.515923572829195,17.91,28,36,1,0.3141592653589793,3,5.0,8,0.09,/user/raabe14/u19361/workspace-allen/results/VISp_0/trial_1/phase_1/lib_ab4a70858e/lib_ab4a70858e__delay_0.15__dur_0.2.h5
336,0.12,0.2,ab4a70858e,0.09255615621805191,-4.477611940298509,-42.12264150943396,180.0,10.74,31,50,8,2.5132741228718345,1,3.0,10,1.1,/user/raabe14/u19361/workspace-allen/results/VISp_0/trial_1/phase_1/lib_ab4a70858e/lib_ab4a70858e__delay_0.12__dur_0.2.h5
337,0.15,0.0,ab4a70858e,0.178422749042511,-8.059701492537314,-15.235849056603776,22.515923572829163,14.32,29,35,9,2.827433388230814,2,4.0,7,0.08,/user/raabe14/u19361/workspace-allen/results/VISp_0/trial_1/phase_1/lib_ab4a70858e/lib_ab4a70858e__delay_0.15__dur_0.0.h5
338,0.12,0.0,ab4a70858e,0.1901693195104599,-4.477611940298509,-17.028301886792452,22.515923572829163,14.32,31,36,9,2.827433388230814,2,4.0,7,0.08,/user/raabe14/u19361/workspace-allen/results/VISp_0/trial_1/phase_1/lib_ab4a70858e/lib_ab4a70858e__delay_0.12__dur_0.0.h5
339,0.09,0.0,ab4a70858e,0.13341140747070312,-8.059701492537314,-6.273584905660378,0.0,14.32,29,30,0,0.0,2,4.0,7,0.08,/user/raabe14/u19361/workspace-allen/results/VISp_0/trial_1/phase_1/lib_ab4a70858e/lib_ab4a70858e__delay_0.09__dur_0.0.h5
34,0.15,0.0,ab4a70858e,0.1405664086341858,9.85074626865672,-9.858490566037737,180.0,17.91,39,32,8,2.5132741228718345,3,5.0,4,0.05,/user/raabe14/u19361/workspace-allen/results/VISp_0/trial_1/phase_1/lib_ab4a70858e/lib_ab4a70858e__delay_0.15__dur_0.0.h5
340,0.0,0.2,ab4a70858e,0.0937381237745285,36.71641791044776,-27.78301886792453,67.51591472682667,7.16,54,42,3,0.9424777960769379,0,2.0,10,1.1,/user/raabe14/u19361/workspace-allen/results/VISp_0/trial_1/phase_1/lib_ab4a70858e/lib_ab4a70858e__delay_0.0__dur_0.2.h5
341,0.15,0.2,ab4a70858e,0.22741670906543732,-18.80597014925373,6.273584905660378,112.48408527317332,17.91,23,23,5,1.5707963267948966,3,5.0,12,1.3,/user/raabe14/u19361/workspace-allen/results/VISp_0/trial_1/phase_1/lib_ab4a70858e/lib_ab4a70858e__delay_0.15__dur_0.2.h5
342,0.15,0.2,ab4a70858e,0.08976560831069946,-38.507462686567166,-13.443396226415096,45.02251307527088,7.16,12,34,2,0.6283185307179586,0,2.0,9,0.1,/user/raabe14/u19361/workspace-allen/results/VISp_0/trial_1/phase_1/lib_ab4a70858e/lib_ab4a70858e__delay_0.15__dur_0.2.h5
343,0.15,0.2,ab4a70858e,0.09826210141181946,-17.014925373134325,43.91509433962264,157.4840764271708,7.16,24,2,7,2.199114857512855,0,2.0,12,1.3,/user/raabe14/u19361/workspace-allen/results/VISp_0/trial_1/phase_1/lib_ab4a70858e/lib_ab4a70858e__delay_0.15__dur_0.2.h5
344,0.0,0.2,ab4a70858e,0.09879574179649353,-2.6865671641791025,-38.5377358490566,45.02251307527088,7.16,32,48,2,0.6283185307179586,0,2.0,12,1.3,/user/raabe14/u19361/workspace-allen/results/VISp_0/trial_1/phase_1/lib_ab4a70858e/lib_ab4a70858e__delay_0.0__dur_0.2.h5
345,0.12,0.0,ab4a70858e,0.1347513496875763,-13.43283582089552,-9.858490566037737,22.515923572829163,10.74,26,32,9,2.827433388230814,1,3.0,8,0.09,/user/raabe14/u19361/workspace-allen/results/VISp_0/trial_1/phase_1/lib_ab4a70858e/lib_ab4a70858e__delay_0.12__dur_0.0.h5
346,0.06,0.2,ab4a70858e,0.12110394984483719,-9.850746268656714,-15.235849056603776,45.02251307527088,10.74,28,35,2,0.6283185307179586,1,3.0,6,0.07,/user/raabe14/u19361/workspace-allen/results/VISp_0/trial_1/phase_1/lib_ab4a70858e/lib_ab4a70858e__delay_0.06__dur_0.2.h5
347,0.15,0.2,ab4a70858e,0.10126946121454239,8.059701492537314,47.5,90.0,7.16,38,0,4,1.2566370614359172,0,2.0,12,1.3,/user/raabe14/u19361/workspace-allen/results/VISp_0/trial_1/phase_1/lib_ab4a70858e/lib_ab4a70858e__delay_0.15__dur_0.2.h5
348,0.06,0.2,ab4a70858e,0.11898574978113174,-15.223880597014926,-22.40566037735849,180.0,7.16,25,39,8,2.5132741228718345,0,2.0,8,0.09,/user/raabe14/u19361/workspace-allen/results/VISp_0/trial_1/phase_1/lib_ab4a70858e/lib_ab4a70858e__delay_0.06__dur_0.2.h5
349,0.06,0.2,ab4a70858e,0.10511278361082077,-31.34328358208955,8.066037735849058,112.48408527317332,21.49,16,22,5,1.5707963267948966,4,6.0,12,1.3,/user/raabe14/u19361/workspace-allen/results/VISp_0/trial_1/phase_1/lib_ab4a70858e/lib_ab4a70858e__delay_0.06__dur_0.2.h5
35,0.15,0.2,ab4a70858e,0.14771956205368042,8.059701492537314,-15.235849056603776,0.0,14.32,38,35,0,0.0,2,4.0,9,0.1,/user/raabe14/u19361/workspace-allen/results/VISp_0/trial_1/phase_1/lib_ab4a70858e/lib_ab4a70858e__delay_0.15__dur_0.2.h5
350,0.06,0.2,ab4a70858e,0.11244940757751465,15.223880597014926,-25.99056603773585,180.0,7.16,42,41,8,2.5132741228718345,0,2.0,12,1.3,/user/raabe14/u19361/workspace-allen/results/VISp_0/trial_1/phase_1/lib_ab4a70858e/lib_ab4a70858e__delay_0.06__dur_0.2.h5
351,0.15,0.0,ab4a70858e,0.1899017095565796,-6.268656716417908,-11.650943396226417,0.0,10.74,30,33,0,0.0,1,3.0,3,0.04,/user/raabe14/u19361/workspace-allen/results/VISp_0/trial_1/phase_1/lib_ab4a70858e/lib_ab4a70858e__delay_0.15__dur_0.0.h5
352,0.15,0.2,ab4a70858e,0.10266416519880295,-9.850746268656714,-15.235849056603776,157.4840764271708,10.74,28,35,7,2.199114857512855,1,3.0,7,0.08,/user/raabe14/u19361/workspace-allen/results/VISp_0/trial_1/phase_1/lib_ab4a70858e/lib_ab4a70858e__delay_0.15__dur_0.2.h5
353,0.06,0.2,ab4a70858e,0.14641894400119781,-11.64179104477612,-11.650943396226417,134.9774869247291,17.91,27,33,6,1.8849555921538759,3,5.0,5,0.06,/user/raabe14/u19361/workspace-allen/results/VISp_0/trial_1/phase_1/lib_ab4a70858e/lib_ab4a70858e__delay_0.06__dur_0.2.h5
354,0.09,0.2,ab4a70858e,0.166059672832489,-18.80597014925373,-15.235849056603776,134.9774869247291,28.65,23,35,6,1.8849555921538759,5,8.0,3,0.04,/user/raabe14/u19361/workspace-allen/results/VISp_0/trial_1/phase_1/lib_ab4a70858e/lib_ab4a70858e__delay_0.09__dur_0.2.h5
355,0.09,0.0,ab4a70858e,0.10876362025737762,0.8955223880597032,-4.481132075471699,0.0,14.32,34,29,0,0.0,2,4.0,8,0.09,/user/raabe14/u19361/workspace-allen/results/VISp_0/trial_1/phase_1/lib_ab4a70858e/lib_ab4a70858e__delay_0.09__dur_0.0.h5
356,0.12,0.2,ab4a70858e,0.13638286292552948,-9.850746268656714,-20.61320754716981,67.51591472682667,7.16,28,38,3,0.9424777960769379,0,2.0,12,1.3,/user/raabe14/u19361/workspace-allen/results/VISp_0/trial_1/phase_1/lib_ab4a70858e/lib_ab4a70858e__delay_0.12__dur_0.2.h5
357,0.0,0.2,ab4a70858e,0.0938970223069191,-20.59701492537313,-0.8962264150943398,22.515923572829163,17.91,22,27,9,2.827433388230814,3,5.0,3,0.04,/user/raabe14/u19361/workspace-allen/results/VISp_0/trial_1/phase_1/lib_ab4a70858e/lib_ab4a70858e__delay_0.0__dur_0.2.h5
358,0.15,0.0,ab4a70858e,0.10182805359363556,-24.179104477611936,-13.443396226415096,67.51591472682667,10.74,20,34,3,0.9424777960769379,1,3.0,7,0.08,/user/raabe14/u19361/workspace-allen/results/VISp_0/trial_1/phase_1/lib_ab4a70858e/lib_ab4a70858e__delay_0.15__dur_0.0.h5
359,0.12,0.2,ab4a70858e,0.1074618250131607,-6.268656716417908,-20.61320754716981,90.0,10.74,30,38,4,1.2566370614359172,1,3.0,2,0.03,/user/raabe14/u19361/workspace-allen/results/VISp_0/trial_1/phase_1/lib_ab4a70858e/lib_ab4a70858e__delay_0.12__dur_0.2.h5
36,0.12,0.2,ab4a70858e,0.11300796270370483,45.67164179104478,-43.91509433962264,22.515923572829195,10.74,59,51,1,0.3141592653589793,1,3.0,10,1.1,/user/raabe14/u19361/workspace-allen/results/VISp_0/trial_1/phase_1/lib_ab4a70858e/lib_ab4a70858e__delay_0.12__dur_0.2.h5
360,0.09,0.2,ab4a70858e,0.10489986836910248,4.477611940298516,-11.650943396226417,90.0,21.49,36,33,4,1.2566370614359172,4,6.0,10,1.1,/user/raabe14/u19361/workspace-allen/results/VISp_0/trial_1/phase_1/lib_ab4a70858e/lib_ab4a70858e__delay_0.09__dur_0.2.h5
361,0.06,0.2,ab4a70858e,0.15676650404930115,-4.477611940298509,-11.650943396226417,180.0,17.91,31,33,8,2.5132741228718345,3,5.0,8,0.09,/user/raabe14/u19361/workspace-allen/results/VISp_0/trial_1/phase_1/lib_ab4a70858e/lib_ab4a70858e__delay_0.06__dur_0.2.h5
362,0.0,0.2,ab4a70858e,0.1045750305056572,-17.014925373134325,-9.858490566037737,0.0,10.74,24,32,0,0.0,1,3.0,9,0.1,/user/raabe14/u19361/workspace-allen/results/VISp_0/trial_1/phase_1/lib_ab4a70858e/lib_ab4a70858e__delay_0.0__dur_0.2.h5
363,0.09,0.2,ab4a70858e,0.10001187771558762,-13.43283582089552,-8.066037735849058,45.02251307527088,17.91,26,31,2,0.6283185307179586,3,5.0,10,1.1,/user/raabe14/u19361/workspace-allen/results/VISp_0/trial_1/phase_1/lib_ab4a70858e/lib_ab4a70858e__delay_0.09__dur_0.2.h5
364,0.12,0.2,ab4a70858e,0.12715966999530792,-6.268656716417908,-18.82075471698113,90.0,10.74,30,37,4,1.2566370614359172,1,3.0,2,0.03,/user/raabe14/u19361/workspace-allen/results/VISp_0/trial_1/phase_1/lib_ab4a70858e/lib_ab4a70858e__delay_0.12__dur_0.2.h5
365,0.0,0.0,ab4a70858e,0.09721818566322327,51.04477611940298,11.650943396226417,180.0,10.74,62,20,8,2.5132741228718345,1,3.0,11,1.2,/user/raabe14/u19361/workspace-allen/results/VISp_0/trial_1/phase_1/lib_ab4a70858e/lib_ab4a70858e__delay_0.0__dur_0.0.h5
366,0.06,0.0,ab4a70858e,0.11322534084320068,-15.223880597014926,-11.650943396226417,90.0,14.32,25,33,4,1.2566370614359172,2,4.0,4,0.05,/user/raabe14/u19361/workspace-allen/results/VISp_0/trial_1/phase_1/lib_ab4a70858e/lib_ab4a70858e__delay_0.06__dur_0.0.h5
367,0.03,0.2,ab4a70858e,0.10065573453903198,-9.850746268656714,-24.19811320754717,0.0,10.74,28,40,0,0.0,1,3.0,11,1.2,/user/raabe14/u19361/workspace-allen/results/VISp_0/trial_1/phase_1/lib_ab4a70858e/lib_ab4a70858e__delay_0.03__dur_0.2.h5
368,0.06,0.0,ab4a70858e,0.08761642128229141,-9.850746268656714,-20.61320754716981,90.0,7.16,28,38,4,1.2566370614359172,0,2.0,11,1.2,/user/raabe14/u19361/workspace-allen/results/VISp_0/trial_1/phase_1/lib_ab4a70858e/lib_ab4a70858e__delay_0.06__dur_0.0.h5
369,0.09,0.0,ab4a70858e,0.10284874588251114,-25.970149253731343,-29.57547169811321,90.0,7.16,19,43,4,1.2566370614359172,0,2.0,3,0.04,/user/raabe14/u19361/workspace-allen/results/VISp_0/trial_1/phase_1/lib_ab4a70858e/lib_ab4a70858e__delay_0.09__dur_0.0.h5
37,0.15,0.2,ab4a70858e,0.15064096450805664,4.477611940298516,-11.650943396226417,22.515923572829163,10.74,36,33,9,2.827433388230814,1,3.0,2,0.03,/user/raabe14/u19361/workspace-allen/results/VISp_0/trial_1/phase_1/lib_ab4a70858e/lib_ab4a70858e__delay_0.15__dur_0.2.h5
370,0.03,0.2,ab4a70858e,0.09820631891489029,25.97014925373135,9.858490566037737,67.51591472682667,14.32,48,21,3,0.9424777960769379,2,4.0,12,1.3,/user/raabe14/u19361/workspace-allen/results/VISp_0/trial_1/phase_1/lib_ab4a70858e/lib_ab4a70858e__delay_0.03__dur_0.2.h5
371,0.12,0.2,ab4a70858e,0.09008356928825378,-54.62686567164179,-18.82075471698113,90.0,7.16,3,37,4,1.2566370614359172,0,2.0,11,1.2,/user/raabe14/u19361/workspace-allen/results/VISp_0/trial_1/phase_1/lib_ab4a70858e/lib_ab4a70858e__delay_0.12__dur_0.2.h5
372,0.12,0.0,ab4a70858e,0.103293776512146,-8.059701492537314,-24.19811320754717,22.515923572829163,21.49,29,40,9,2.827433388230814,4,6.0,9,0.1,/user/raabe14/u19361/workspace-allen/results/VISp_0/trial_1/phase_1/lib_ab4a70858e/lib_ab4a70858e__delay_0.12__dur_0.0.h5
373,0.15,0.2,ab4a70858e,0.10704789310693741,-13.43283582089552,-6.273584905660378,0.0,10.74,26,30,0,0.0,1,3.0,6,0.07,/user/raabe14/u19361/workspace-allen/results/VISp_0/trial_1/phase_1/lib_ab4a70858e/lib_ab4a70858e__delay_0.15__dur_0.2.h5
374,0.06,0.2,ab4a70858e,0.0961914211511612,42.08955223880598,11.650943396226417,90.0,7.16,57,20,4,1.2566370614359172,0,2.0,11,1.2,/user/raabe14/u19361/workspace-allen/results/VISp_0/trial_1/phase_1/lib_ab4a70858e/lib_ab4a70858e__delay_0.06__dur_0.2.h5
375,0.15,0.2,ab4a70858e,0.10827556997537613,-15.223880597014926,-13.443396226415096,22.515923572829163,14.32,25,34,9,2.827433388230814,2,4.0,9,0.1,/user/raabe14/u19361/workspace-allen/results/VISp_0/trial_1/phase_1/lib_ab4a70858e/lib_ab4a70858e__delay_0.15__dur_0.2.h5
376,0.09,0.0,ab4a70858e,0.10009679943323135,-49.25373134328358,-17.028301886792452,134.9774869247291,7.16,6,36,6,1.8849555921538759,0,2.0,9,0.1,/user/raabe14/u19361/workspace-allen/results/VISp_0/trial_1/phase_1/lib_ab4a70858e/lib_ab4a70858e__delay_0.09__dur_0.0.h5
377,0.09,0.2,ab4a70858e,0.09250306338071823,-15.223880597014926,42.12264150943396,22.515923572829163,28.65,25,3,9,2.827433388230814,5,8.0,11,1.2,/user/raabe14/u19361/workspace-allen/results/VISp_0/trial_1/phase_1/lib_ab4a70858e/lib_ab4a70858e__delay_0.09__dur_0.2.h5
378,0.12,0.0,ab4a70858e,0.09824372828006744,-42.089552238805965,-17.028301886792452,22.515923572829195,7.16,10,36,1,0.3141592653589793,0,2.0,11,1.2,/user/raabe14/u19361/workspace-allen/results/VISp_0/trial_1/phase_1/lib_ab4a70858e/lib_ab4a70858e__delay_0.12__dur_0.0.h5
379,0.06,0.2,ab4a70858e,0.20205029845237732,-4.477611940298509,-18.82075471698113,22.515923572829195,17.91,31,37,1,0.3141592653589793,3,5.0,9,0.1,/user/raabe14/u19361/workspace-allen/results/VISp_0/trial_1/phase_1/lib_ab4a70858e/lib_ab4a70858e__delay_0.06__dur_0.2.h5
38,0.03,0.0,ab4a70858e,0.15993061661720276,0.8955223880597032,-6.273584905660378,180.0,14.32,34,30,8,2.5132741228718345,2,4.0,12,1.3,/user/raabe14/u19361/workspace-allen/results/VISp_0/trial_1/phase_1/lib_ab4a70858e/lib_ab4a70858e__delay_0.03__dur_0.0.h5
380,0.03,0.0,ab4a70858e,0.09658529609441757,-43.88059701492537,29.575471698113205,67.51591472682667,7.16,9,10,3,0.9424777960769379,0,2.0,10,1.1,/user/raabe14/u19361/workspace-allen/results/VISp_0/trial_1/phase_1/lib_ab4a70858e/lib_ab4a70858e__delay_0.03__dur_0.0.h5
381,0.09,0.2,ab4a70858e,0.12310341745615005,20.59701492537313,20.613207547169807,157.4840764271708,14.32,45,15,7,2.199114857512855,2,4.0,12,1.3,/user/raabe14/u19361/workspace-allen/results/VISp_0/trial_1/phase_1/lib_ab4a70858e/lib_ab4a70858e__delay_0.09__dur_0.2.h5
382,0.12,0.2,ab4a70858e,0.10600349307060242,-0.8955223880596961,-11.650943396226417,90.0,21.49,33,33,4,1.2566370614359172,4,6.0,4,0.05,/user/raabe14/u19361/workspace-allen/results/VISp_0/trial_1/phase_1/lib_ab4a70858e/lib_ab4a70858e__delay_0.12__dur_0.2.h5
383,0.06,0.2,ab4a70858e,0.15142877399921417,-9.850746268656714,-20.61320754716981,22.515923572829195,14.32,28,38,1,0.3141592653589793,2,4.0,9,0.1,/user/raabe14/u19361/workspace-allen/results/VISp_0/trial_1/phase_1/lib_ab4a70858e/lib_ab4a70858e__delay_0.06__dur_0.2.h5
384,0.0,0.2,ab4a70858e,0.1560508757829666,33.13432835820896,31.367924528301884,0.0,28.65,52,9,0,0.0,5,8.0,11,1.2,/user/raabe14/u19361/workspace-allen/results/VISp_0/trial_1/phase_1/lib_ab4a70858e/lib_ab4a70858e__delay_0.0__dur_0.2.h5
385,0.12,0.0,ab4a70858e,0.14378537237644196,-15.223880597014926,-11.650943396226417,22.515923572829163,14.32,25,33,9,2.827433388230814,2,4.0,7,0.08,/user/raabe14/u19361/workspace-allen/results/VISp_0/trial_1/phase_1/lib_ab4a70858e/lib_ab4a70858e__delay_0.12__dur_0.0.h5
386,0.12,0.0,ab4a70858e,0.09777790307998657,-56.417910447761194,-22.40566037735849,45.02251307527088,28.65,2,39,2,0.6283185307179586,5,8.0,2,0.03,/user/raabe14/u19361/workspace-allen/results/VISp_0/trial_1/phase_1/lib_ab4a70858e/lib_ab4a70858e__delay_0.12__dur_0.0.h5
387,0.12,0.2,ab4a70858e,0.10877978056669235,-18.80597014925373,-22.40566037735849,90.0,21.49,23,39,4,1.2566370614359172,4,6.0,9,0.1,/user/raabe14/u19361/workspace-allen/results/VISp_0/trial_1/phase_1/lib_ab4a70858e/lib_ab4a70858e__delay_0.12__dur_0.2.h5
388,0.15,0.2,ab4a70858e,0.09865444153547287,-52.83582089552239,43.91509433962264,90.0,7.16,4,2,4,1.2566370614359172,0,2.0,12,1.3,/user/raabe14/u19361/workspace-allen/results/VISp_0/trial_1/phase_1/lib_ab4a70858e/lib_ab4a70858e__delay_0.15__dur_0.2.h5
389,0.12,0.0,ab4a70858e,0.11262386292219162,-17.014925373134325,-13.443396226415096,157.4840764271708,7.16,24,34,7,2.199114857512855,0,2.0,1,0.02,/user/raabe14/u19361/workspace-allen/results/VISp_0/trial_1/phase_1/lib_ab4a70858e/lib_ab4a70858e__delay_0.12__dur_0.0.h5
39,0.12,0.2,ab4a70858e,0.1218423917889595,6.268656716417908,-13.443396226415096,112.48408527317332,17.91,37,34,5,1.5707963267948966,3,5.0,9,0.1,/user/raabe14/u19361/workspace-allen/results/VISp_0/trial_1/phase_1/lib_ab4a70858e/lib_ab4a70858e__delay_0.12__dur_0.2.h5
390,0.09,0.2,ab4a70858e,0.10006621479988098,24.179104477611943,34.95283018867924,22.515923572829195,10.74,47,7,1,0.3141592653589793,1,3.0,11,1.2,/user/raabe14/u19361/workspace-allen/results/VISp_0/trial_1/phase_1/lib_ab4a70858e/lib_ab4a70858e__delay_0.09__dur_0.2.h5
391,0.0,0.2,ab4a70858e,0.10182161629199982,-45.67164179104478,-20.61320754716981,134.9774869247291,10.74,8,38,6,1.8849555921538759,1,3.0,5,0.06,/user/raabe14/u19361/workspace-allen/results/VISp_0/trial_1/phase_1/lib_ab4a70858e/lib_ab4a70858e__delay_0.0__dur_0.2.h5
392,0.12,0.2,ab4a70858e,0.11353567987680435,-22.388059701492537,29.575471698113205,67.51591472682667,10.74,21,10,3,0.9424777960769379,1,3.0,12,1.3,/user/raabe14/u19361/workspace-allen/results/VISp_0/trial_1/phase_1/lib_ab4a70858e/lib_ab4a70858e__delay_0.12__dur_0.2.h5
393,0.15,0.2,ab4a70858e,0.10835113376379013,-8.059701492537314,40.33018867924528,134.9774869247291,7.16,29,4,6,1.8849555921538759,0,2.0,11,1.2,/user/raabe14/u19361/workspace-allen/results/VISp_0/trial_1/phase_1/lib_ab4a70858e/lib_ab4a70858e__delay_0.15__dur_0.2.h5
394,0.15,0.2,ab4a70858e,0.15957923233509064,-9.850746268656714,-11.650943396226417,0.0,10.74,28,33,0,0.0,1,3.0,9,0.1,/user/raabe14/u19361/workspace-allen/results/VISp_0/trial_1/phase_1/lib_ab4a70858e/lib_ab4a70858e__delay_0.15__dur_0.2.h5
395,0.15,0.0,ab4a70858e,0.21912729740142822,-9.850746268656714,-15.235849056603776,0.0,10.74,28,35,0,0.0,1,3.0,11,1.2,/user/raabe14/u19361/workspace-allen/results/VISp_0/trial_1/phase_1/lib_ab4a70858e/lib_ab4a70858e__delay_0.15__dur_0.0.h5
396,0.12,0.0,ab4a70858e,0.1276034265756607,-13.43283582089552,-13.443396226415096,0.0,14.32,26,34,0,0.0,2,4.0,9,0.1,/user/raabe14/u19361/workspace-allen/results/VISp_0/trial_1/phase_1/lib_ab4a70858e/lib_ab4a70858e__delay_0.12__dur_0.0.h5
397,0.06,0.0,ab4a70858e,0.10825174301862717,-24.179104477611936,-13.443396226415096,157.4840764271708,14.32,20,34,7,2.199114857512855,2,4.0,12,1.3,/user/raabe14/u19361/workspace-allen/results/VISp_0/trial_1/phase_1/lib_ab4a70858e/lib_ab4a70858e__delay_0.06__dur_0.0.h5
398,0.06,0.0,ab4a70858e,0.10227581113576889,-8.059701492537314,40.33018867924528,0.0,10.74,29,4,0,0.0,1,3.0,11,1.2,/user/raabe14/u19361/workspace-allen/results/VISp_0/trial_1/phase_1/lib_ab4a70858e/lib_ab4a70858e__delay_0.06__dur_0.0.h5
399,0.15,0.2,ab4a70858e,0.09815077483654022,42.08955223880598,-8.066037735849058,112.48408527317332,7.16,57,31,5,1.5707963267948966,0,2.0,11,1.2,/user/raabe14/u19361/workspace-allen/results/VISp_0/trial_1/phase_1/lib_ab4a70858e/lib_ab4a70858e__delay_0.15__dur_0.2.h5
4,0.15,0.2,ab4a70858e,0.08992235362529755,-6.268656716417908,34.95283018867924,0.0,10.74,30,7,0,0.0,1,3.0,11,1.2,/user/raabe14/u19361/workspace-allen/results/VISp_0/trial_1/phase_1/lib_ab4a70858e/lib_ab4a70858e__delay_0.15__dur_0.2.h5
40,0.12,0.2,ab4a70858e,0.13366420567035675,15.223880597014926,-11.650943396226417,22.515923572829163,17.91,42,33,9,2.827433388230814,3,5.0,5,0.06,/user/raabe14/u19361/workspace-allen/results/VISp_0/trial_1/phase_1/lib_ab4a70858e/lib_ab4a70858e__delay_0.12__dur_0.2.h5
400,0.09,0.2,ab4a70858e,0.10711420327425003,-8.059701492537314,-17.028301886792452,22.515923572829163,21.49,29,36,9,2.827433388230814,4,6.0,6,0.07,/user/raabe14/u19361/workspace-allen/results/VISp_0/trial_1/phase_1/lib_ab4a70858e/lib_ab4a70858e__delay_0.09__dur_0.2.h5
401,0.03,0.0,ab4a70858e,0.09390068054199219,-60.0,24.198113207547166,90.0,7.16,0,13,4,1.2566370614359172,0,2.0,11,1.2,/user/raabe14/u19361/workspace-allen/results/VISp_0/trial_1/phase_1/lib_ab4a70858e/lib_ab4a70858e__delay_0.03__dur_0.0.h5
402,0.15,0.2,ab4a70858e,0.12658073008060455,-15.223880597014926,-11.650943396226417,0.0,7.16,25,33,0,0.0,0,2.0,11,1.2,/user/raabe14/u19361/workspace-allen/results/VISp_0/trial_1/phase_1/lib_ab4a70858e/lib_ab4a70858e__delay_0.15__dur_0.2.h5
403,0.03,0.0,ab4a70858e,0.0970616266131401,-9.850746268656714,-9.858490566037737,22.515923572829163,21.49,28,32,9,2.827433388230814,4,6.0,9,0.1,/user/raabe14/u19361/workspace-allen/results/VISp_0/trial_1/phase_1/lib_ab4a70858e/lib_ab4a70858e__delay_0.03__dur_0.0.h5
404,0.09,0.0,ab4a70858e,0.13030469417572021,-4.477611940298509,-4.481132075471699,157.4840764271708,21.49,31,29,7,2.199114857512855,4,6.0,7,0.08,/user/raabe14/u19361/workspace-allen/results/VISp_0/trial_1/phase_1/lib_ab4a70858e/lib_ab4a70858e__delay_0.09__dur_0.0.h5
405,0.06,0.2,ab4a70858e,0.11465287208557129,-13.43283582089552,-11.650943396226417,0.0,7.16,26,33,0,0.0,0,2.0,11,1.2,/user/raabe14/u19361/workspace-allen/results/VISp_0/trial_1/phase_1/lib_ab4a70858e/lib_ab4a70858e__delay_0.06__dur_0.2.h5
406,0.12,0.2,ab4a70858e,0.14197087287902832,-11.64179104477612,-13.443396226415096,134.9774869247291,21.49,27,34,6,1.8849555921538759,4,6.0,8,0.09,/user/raabe14/u19361/workspace-allen/results/VISp_0/trial_1/phase_1/lib_ab4a70858e/lib_ab4a70858e__delay_0.12__dur_0.2.h5
407,0.12,0.2,ab4a70858e,0.16137415170669556,-0.8955223880596961,-8.066037735849058,0.0,14.32,33,31,0,0.0,2,4.0,1,0.02,/user/raabe14/u19361/workspace-allen/results/VISp_0/trial_1/phase_1/lib_ab4a70858e/lib_ab4a70858e__delay_0.12__dur_0.2.h5
408,0.12,0.2,ab4a70858e,0.10968237370252609,51.04477611940298,-25.99056603773585,22.515923572829195,21.49,62,41,1,0.3141592653589793,4,6.0,12,1.3,/user/raabe14/u19361/workspace-allen/results/VISp_0/trial_1/phase_1/lib_ab4a70858e/lib_ab4a70858e__delay_0.12__dur_0.2.h5
409,0.09,0.0,ab4a70858e,0.14307397603988647,-8.059701492537314,-17.028301886792452,112.48408527317332,17.91,29,36,5,1.5707963267948966,3,5.0,6,0.07,/user/raabe14/u19361/workspace-allen/results/VISp_0/trial_1/phase_1/lib_ab4a70858e/lib_ab4a70858e__delay_0.09__dur_0.0.h5
41,0.15,0.0,ab4a70858e,0.14757853746414185,11.641791044776127,-9.858490566037737,45.02251307527088,17.91,40,32,2,0.6283185307179586,3,5.0,7,0.08,/user/raabe14/u19361/workspace-allen/results/VISp_0/trial_1/phase_1/lib_ab4a70858e/lib_ab4a70858e__delay_0.15__dur_0.0.h5
410,0.09,0.0,ab4a70858e,0.16003042459487915,-6.268656716417908,-6.273584905660378,22.515923572829195,14.32,30,30,1,0.3141592653589793,2,4.0,5,0.06,/user/raabe14/u19361/workspace-allen/results/VISp_0/trial_1/phase_1/lib_ab4a70858e/lib_ab4a70858e__delay_0.09__dur_0.0.h5
411,0.12,0.2,ab4a70858e,0.09594978392124176,34.92537313432837,17.02830188679245,45.02251307527088,7.16,53,17,2,0.6283185307179586,0,2.0,10,1.1,/user/raabe14/u19361/workspace-allen/results/VISp_0/trial_1/phase_1/lib_ab4a70858e/lib_ab4a70858e__delay_0.12__dur_0.2.h5
412,0.03,0.2,ab4a70858e,0.09586570411920547,-0.8955223880596961,-38.5377358490566,134.9774869247291,7.16,33,48,6,1.8849555921538759,0,2.0,12,1.3,/user/raabe14/u19361/workspace-allen/results/VISp_0/trial_1/phase_1/lib_ab4a70858e/lib_ab4a70858e__delay_0.03__dur_0.2.h5
42,0.15,0.0,ab4a70858e,0.19182206690311432,11.641791044776127,-13.443396226415096,157.4840764271708,21.49,40,34,7,2.199114857512855,4,6.0,9,0.1,/user/raabe14/u19361/workspace-allen/results/VISp_0/trial_1/phase_1/lib_ab4a70858e/lib_ab4a70858e__delay_0.15__dur_0.0.h5
43,0.0,0.0,ab4a70858e,0.09802001714706421,-42.089552238805965,15.235849056603776,180.0,14.32,10,18,8,2.5132741228718345,2,4.0,11,1.2,/user/raabe14/u19361/workspace-allen/results/VISp_0/trial_1/phase_1/lib_ab4a70858e/lib_ab4a70858e__delay_0.0__dur_0.0.h5
44,0.15,0.2,ab4a70858e,0.09123582392930984,45.67164179104478,22.405660377358487,45.02251307527088,10.74,59,14,2,0.6283185307179586,1,3.0,9,0.1,/user/raabe14/u19361/workspace-allen/results/VISp_0/trial_1/phase_1/lib_ab4a70858e/lib_ab4a70858e__delay_0.15__dur_0.2.h5
45,0.12,0.2,ab4a70858e,0.14297747611999512,2.6865671641791096,-4.481132075471699,22.515923572829195,10.74,35,29,1,0.3141592653589793,1,3.0,9,0.1,/user/raabe14/u19361/workspace-allen/results/VISp_0/trial_1/phase_1/lib_ab4a70858e/lib_ab4a70858e__delay_0.12__dur_0.2.h5
46,0.12,0.0,ab4a70858e,0.10395380854606628,-34.92537313432835,-17.028301886792452,67.51591472682667,10.74,14,36,3,0.9424777960769379,1,3.0,12,1.3,/user/raabe14/u19361/workspace-allen/results/VISp_0/trial_1/phase_1/lib_ab4a70858e/lib_ab4a70858e__delay_0.12__dur_0.0.h5
47,0.06,0.0,ab4a70858e,0.10162090510129929,2.6865671641791096,-9.858490566037737,22.515923572829195,14.32,35,32,1,0.3141592653589793,2,4.0,9,0.1,/user/raabe14/u19361/workspace-allen/results/VISp_0/trial_1/phase_1/lib_ab4a70858e/lib_ab4a70858e__delay_0.06__dur_0.0.h5
48,0.15,0.0,ab4a70858e,0.13875068724155426,8.059701492537314,-13.443396226415096,0.0,10.74,38,34,0,0.0,1,3.0,9,0.1,/user/raabe14/u19361/workspace-allen/results/VISp_0/trial_1/phase_1/lib_ab4a70858e/lib_ab4a70858e__delay_0.15__dur_0.0.h5
49,0.03,0.2,ab4a70858e,0.11941409856081009,9.85074626865672,-8.066037735849058,180.0,7.16,39,31,8,2.5132741228718345,0,2.0,10,1.1,/user/raabe14/u19361/workspace-allen/results/VISp_0/trial_1/phase_1/lib_ab4a70858e/lib_ab4a70858e__delay_0.03__dur_0.2.h5
5,0.06,0.0,ab4a70858e,0.10508611053228378,8.059701492537314,-42.12264150943396,180.0,7.16,38,50,8,2.5132741228718345,0,2.0,12,1.3,/user/raabe14/u19361/workspace-allen/results/VISp_0/trial_1/phase_1/lib_ab4a70858e/lib_ab4a70858e__delay_0.06__dur_0.0.h5
50,0.12,0.0,ab4a70858e,0.11329725384712219,8.059701492537314,-29.57547169811321,0.0,14.32,38,43,0,0.0,2,4.0,11,1.2,/user/raabe14/u19361/workspace-allen/results/VISp_0/trial_1/phase_1/lib_ab4a70858e/lib_ab4a70858e__delay_0.12__dur_0.0.h5
51,0.03,0.0,ab4a70858e,0.1149790957570076,-2.6865671641791025,-4.481132075471699,180.0,17.91,32,29,8,2.5132741228718345,3,5.0,12,1.3,/user/raabe14/u19361/workspace-allen/results/VISp_0/trial_1/phase_1/lib_ab4a70858e/lib_ab4a70858e__delay_0.03__dur_0.0.h5
52,0.15,0.0,ab4a70858e,0.1314408928155899,0.8955223880597032,-13.443396226415096,22.515923572829163,17.91,34,34,9,2.827433388230814,3,5.0,5,0.06,/user/raabe14/u19361/workspace-allen/results/VISp_0/trial_1/phase_1/lib_ab4a70858e/lib_ab4a70858e__delay_0.15__dur_0.0.h5
53,0.09,0.2,ab4a70858e,0.1554476022720337,-0.8955223880596961,-6.273584905660378,22.515923572829163,28.65,33,30,9,2.827433388230814,5,8.0,7,0.08,/user/raabe14/u19361/workspace-allen/results/VISp_0/trial_1/phase_1/lib_ab4a70858e/lib_ab4a70858e__delay_0.09__dur_0.2.h5
54,0.15,0.2,ab4a70858e,0.10073066502809525,22.388059701492537,43.91509433962264,67.51591472682667,7.16,46,2,3,0.9424777960769379,0,2.0,10,1.1,/user/raabe14/u19361/workspace-allen/results/VISp_0/trial_1/phase_1/lib_ab4a70858e/lib_ab4a70858e__delay_0.15__dur_0.2.h5
55,0.12,0.2,ab4a70858e,0.10027262568473816,52.83582089552239,4.481132075471699,0.0,17.91,63,24,0,0.0,3,5.0,11,1.2,/user/raabe14/u19361/workspace-allen/results/VISp_0/trial_1/phase_1/lib_ab4a70858e/lib_ab4a70858e__delay_0.12__dur_0.2.h5
56,0.12,0.2,ab4a70858e,0.10262100398540497,-13.43283582089552,-45.70754716981132,67.51591472682667,28.65,26,52,3,0.9424777960769379,5,8.0,10,1.1,/user/raabe14/u19361/workspace-allen/results/VISp_0/trial_1/phase_1/lib_ab4a70858e/lib_ab4a70858e__delay_0.12__dur_0.2.h5
57,0.15,0.2,ab4a70858e,0.11156503111124039,-22.388059701492537,29.575471698113205,45.02251307527088,21.49,21,10,2,0.6283185307179586,4,6.0,12,1.3,/user/raabe14/u19361/workspace-allen/results/VISp_0/trial_1/phase_1/lib_ab4a70858e/lib_ab4a70858e__delay_0.15__dur_0.2.h5
58,0.15,0.2,ab4a70858e,0.10032838582992554,-56.417910447761194,22.405660377358487,67.51591472682667,10.74,2,14,3,0.9424777960769379,1,3.0,12,1.3,/user/raabe14/u19361/workspace-allen/results/VISp_0/trial_1/phase_1/lib_ab4a70858e/lib_ab4a70858e__delay_0.15__dur_0.2.h5
59,0.15,0.2,ab4a70858e,0.1801852583885193,0.8955223880597032,-17.028301886792452,180.0,10.74,34,36,8,2.5132741228718345,1,3.0,2,0.03,/user/raabe14/u19361/workspace-allen/results/VISp_0/trial_1/phase_1/lib_ab4a70858e/lib_ab4a70858e__delay_0.15__dur_0.2.h5
6,0.09,0.0,ab4a70858e,0.11418310552835464,-24.179104477611936,-17.028301886792452,134.9774869247291,14.32,20,36,6,1.8849555921538759,2,4.0,7,0.08,/user/raabe14/u19361/workspace-allen/results/VISp_0/trial_1/phase_1/lib_ab4a70858e/lib_ab4a70858e__delay_0.09__dur_0.0.h5
60,0.09,0.2,ab4a70858e,0.11522342264652252,-4.477611940298509,-6.273584905660378,112.48408527317332,10.74,31,30,5,1.5707963267948966,1,3.0,4,0.05,/user/raabe14/u19361/workspace-allen/results/VISp_0/trial_1/phase_1/lib_ab4a70858e/lib_ab4a70858e__delay_0.09__dur_0.2.h5
61,0.12,0.2,ab4a70858e,0.12372031807899475,-9.850746268656714,-24.19811320754717,45.02251307527088,14.32,28,40,2,0.6283185307179586,2,4.0,12,1.3,/user/raabe14/u19361/workspace-allen/results/VISp_0/trial_1/phase_1/lib_ab4a70858e/lib_ab4a70858e__delay_0.12__dur_0.2.h5
62,0.12,0.2,ab4a70858e,0.19599127769470215,-0.8955223880596961,-15.235849056603776,157.4840764271708,10.74,33,35,7,2.199114857512855,1,3.0,3,0.04,/user/raabe14/u19361/workspace-allen/results/VISp_0/trial_1/phase_1/lib_ab4a70858e/lib_ab4a70858e__delay_0.12__dur_0.2.h5
63,0.12,0.0,ab4a70858e,0.20635268092155457,2.6865671641791096,-8.066037735849058,0.0,17.91,35,31,0,0.0,3,5.0,8,0.09,/user/raabe14/u19361/workspace-allen/results/VISp_0/trial_1/phase_1/lib_ab4a70858e/lib_ab4a70858e__delay_0.12__dur_0.0.h5
64,0.12,0.2,ab4a70858e,0.10456648468971252,-45.67164179104478,22.405660377358487,134.9774869247291,7.16,8,14,6,1.8849555921538759,0,2.0,12,1.3,/user/raabe14/u19361/workspace-allen/results/VISp_0/trial_1/phase_1/lib_ab4a70858e/lib_ab4a70858e__delay_0.12__dur_0.2.h5
65,0.0,0.0,ab4a70858e,0.09276849031448364,2.6865671641791096,-9.858490566037737,67.51591472682667,14.32,35,32,3,0.9424777960769379,2,4.0,12,1.3,/user/raabe14/u19361/workspace-allen/results/VISp_0/trial_1/phase_1/lib_ab4a70858e/lib_ab4a70858e__delay_0.0__dur_0.0.h5
66,0.06,0.0,ab4a70858e,0.0905555710196495,-40.298507462686565,4.481132075471699,45.02251307527088,10.74,11,24,2,0.6283185307179586,1,3.0,8,0.09,/user/raabe14/u19361/workspace-allen/results/VISp_0/trial_1/phase_1/lib_ab4a70858e/lib_ab4a70858e__delay_0.06__dur_0.0.h5
67,0.15,0.0,ab4a70858e,0.10070903599262238,6.268656716417908,-9.858490566037737,0.0,14.32,37,32,0,0.0,2,4.0,9,0.1,/user/raabe14/u19361/workspace-allen/results/VISp_0/trial_1/phase_1/lib_ab4a70858e/lib_ab4a70858e__delay_0.15__dur_0.0.h5
68,0.09,0.0,ab4a70858e,0.1979570984840393,4.477611940298516,-8.066037735849058,45.02251307527088,21.49,36,31,2,0.6283185307179586,4,6.0,5,0.06,/user/raabe14/u19361/workspace-allen/results/VISp_0/trial_1/phase_1/lib_ab4a70858e/lib_ab4a70858e__delay_0.09__dur_0.0.h5
69,0.12,0.2,ab4a70858e,0.14115068316459656,13.43283582089552,-6.273584905660378,180.0,7.16,41,30,8,2.5132741228718345,0,2.0,12,1.3,/user/raabe14/u19361/workspace-allen/results/VISp_0/trial_1/phase_1/lib_ab4a70858e/lib_ab4a70858e__delay_0.12__dur_0.2.h5
7,0.0,0.2,ab4a70858e,0.09699074923992157,25.97014925373135,20.613207547169807,67.51591472682667,28.65,48,15,3,0.9424777960769379,5,8.0,5,0.06,/user/raabe14/u19361/workspace-allen/results/VISp_0/trial_1/phase_1/lib_ab4a70858e/lib_ab4a70858e__delay_0.0__dur_0.2.h5
70,0.12,0.2,ab4a70858e,0.11991869658231735,-22.388059701492537,-22.40566037735849,157.4840764271708,10.74,21,39,7,2.199114857512855,1,3.0,12,1.3,/user/raabe14/u19361/workspace-allen/results/VISp_0/trial_1/phase_1/lib_ab4a70858e/lib_ab4a70858e__delay_0.12__dur_0.2.h5
71,0.12,0.0,ab4a70858e,0.2148112654685974,17.014925373134332,-11.650943396226417,112.48408527317332,14.32,43,33,5,1.5707963267948966,2,4.0,6,0.07,/user/raabe14/u19361/workspace-allen/results/VISp_0/trial_1/phase_1/lib_ab4a70858e/lib_ab4a70858e__delay_0.12__dur_0.0.h5
72,0.15,0.2,ab4a70858e,0.09641186147928238,2.6865671641791096,-0.8962264150943398,45.02251307527088,17.91,35,27,2,0.6283185307179586,3,5.0,9,0.1,/user/raabe14/u19361/workspace-allen/results/VISp_0/trial_1/phase_1/lib_ab4a70858e/lib_ab4a70858e__delay_0.15__dur_0.2.h5
73,0.12,0.0,ab4a70858e,0.172775998711586,8.059701492537314,-4.481132075471699,157.4840764271708,17.91,38,29,7,2.199114857512855,3,5.0,8,0.09,/user/raabe14/u19361/workspace-allen/results/VISp_0/trial_1/phase_1/lib_ab4a70858e/lib_ab4a70858e__delay_0.12__dur_0.0.h5
74,0.12,0.0,ab4a70858e,0.21953800320625305,-0.8955223880596961,-11.650943396226417,45.02251307527088,14.32,33,33,2,0.6283185307179586,2,4.0,8,0.09,/user/raabe14/u19361/workspace-allen/results/VISp_0/trial_1/phase_1/lib_ab4a70858e/lib_ab4a70858e__delay_0.12__dur_0.0.h5
75,0.15,0.0,ab4a70858e,0.23215506970882416,8.059701492537314,-9.858490566037737,134.9774869247291,14.32,38,32,6,1.8849555921538759,2,4.0,9,0.1,/user/raabe14/u19361/workspace-allen/results/VISp_0/trial_1/phase_1/lib_ab4a70858e/lib_ab4a70858e__delay_0.15__dur_0.0.h5
76,0.12,0.0,ab4a70858e,0.10023966431617737,43.88059701492537,2.6886792452830193,134.9774869247291,17.91,58,25,6,1.8849555921538759,3,5.0,12,1.3,/user/raabe14/u19361/workspace-allen/results/VISp_0/trial_1/phase_1/lib_ab4a70858e/lib_ab4a70858e__delay_0.12__dur_0.0.h5
77,0.12,0.2,ab4a70858e,0.13184161484241486,-0.8955223880596961,-6.273584905660378,45.02251307527088,10.74,33,30,2,0.6283185307179586,1,3.0,7,0.08,/user/raabe14/u19361/workspace-allen/results/VISp_0/trial_1/phase_1/lib_ab4a70858e/lib_ab4a70858e__delay_0.12__dur_0.2.h5
78,0.09,0.0,ab4a70858e,0.10493988543748856,6.268656716417908,-15.235849056603776,134.9774869247291,10.74,37,35,6,1.8849555921538759,1,3.0,9,0.1,/user/raabe14/u19361/workspace-allen/results/VISp_0/trial_1/phase_1/lib_ab4a70858e/lib_ab4a70858e__delay_0.09__dur_0.0.h5
79,0.03,0.2,ab4a70858e,0.09689072519540787,-56.417910447761194,-25.99056603773585,45.02251307527088,7.16,2,41,2,0.6283185307179586,0,2.0,11,1.2,/user/raabe14/u19361/workspace-allen/results/VISp_0/trial_1/phase_1/lib_ab4a70858e/lib_ab4a70858e__delay_0.03__dur_0.2.h5
8,0.12,0.0,ab4a70858e,0.09856942296028137,-20.59701492537313,-6.273584905660378,22.515923572829195,28.65,22,30,1,0.3141592653589793,5,8.0,9,0.1,/user/raabe14/u19361/workspace-allen/results/VISp_0/trial_1/phase_1/lib_ab4a70858e/lib_ab4a70858e__delay_0.12__dur_0.0.h5
80,0.09,0.0,ab4a70858e,0.09911619126796722,-40.298507462686565,-34.95283018867924,180.0,28.65,11,46,8,2.5132741228718345,5,8.0,8,0.09,/user/raabe14/u19361/workspace-allen/results/VISp_0/trial_1/phase_1/lib_ab4a70858e/lib_ab4a70858e__delay_0.09__dur_0.0.h5
81,0.12,0.0,ab4a70858e,0.30529627203941345,-0.8955223880596961,-9.858490566037737,67.51591472682667,17.91,33,32,3,0.9424777960769379,3,5.0,1,0.02,/user/raabe14/u19361/workspace-allen/results/VISp_0/trial_1/phase_1/lib_ab4a70858e/lib_ab4a70858e__delay_0.12__dur_0.0.h5
82,0.03,0.2,ab4a70858e,0.09736037254333496,49.25373134328359,24.198113207547166,67.51591472682667,10.74,61,13,3,0.9424777960769379,1,3.0,11,1.2,/user/raabe14/u19361/workspace-allen/results/VISp_0/trial_1/phase_1/lib_ab4a70858e/lib_ab4a70858e__delay_0.03__dur_0.2.h5
83,0.15,0.0,ab4a70858e,0.13957847654819489,-34.92537313432835,8.066037735849058,45.02251307527088,10.74,14,22,2,0.6283185307179586,1,3.0,12,1.3,/user/raabe14/u19361/workspace-allen/results/VISp_0/trial_1/phase_1/lib_ab4a70858e/lib_ab4a70858e__delay_0.15__dur_0.0.h5
84,0.09,0.2,ab4a70858e,0.10028442740440369,13.43283582089552,-25.99056603773585,0.0,10.74,41,41,0,0.0,1,3.0,11,1.2,/user/raabe14/u19361/workspace-allen/results/VISp_0/trial_1/phase_1/lib_ab4a70858e/lib_ab4a70858e__delay_0.09__dur_0.2.h5
85,0.12,0.0,ab4a70858e,0.13372988998889923,-8.059701492537314,-17.028301886792452,134.9774869247291,17.91,29,36,6,1.8849555921538759,3,5.0,1,0.02,/user/raabe14/u19361/workspace-allen/results/VISp_0/trial_1/phase_1/lib_ab4a70858e/lib_ab4a70858e__delay_0.12__dur_0.0.h5
86,0.12,0.0,ab4a70858e,0.17124146223068237,-11.64179104477612,-8.066037735849058,112.48408527317332,14.32,27,31,5,1.5707963267948966,2,4.0,3,0.04,/user/raabe14/u19361/workspace-allen/results/VISp_0/trial_1/phase_1/lib_ab4a70858e/lib_ab4a70858e__delay_0.12__dur_0.0.h5
87,0.0,0.0,ab4a70858e,0.0906515046954155,8.059701492537314,20.613207547169807,67.51591472682667,7.16,38,15,3,0.9424777960769379,0,2.0,10,1.1,/user/raabe14/u19361/workspace-allen/results/VISp_0/trial_1/phase_1/lib_ab4a70858e/lib_ab4a70858e__delay_0.0__dur_0.0.h5
88,0.12,0.0,ab4a70858e,0.09480535984039307,54.626865671641795,-25.99056603773585,22.515923572829163,7.16,64,41,9,2.827433388230814,0,2.0,10,1.1,/user/raabe14/u19361/workspace-allen/results/VISp_0/trial_1/phase_1/lib_ab4a70858e/lib_ab4a70858e__delay_0.12__dur_0.0.h5
89,0.09,0.2,ab4a70858e,0.0992029681801796,-34.92537313432835,-11.650943396226417,157.4840764271708,7.16,14,33,7,2.199114857512855,0,2.0,12,1.3,/user/raabe14/u19361/workspace-allen/results/VISp_0/trial_1/phase_1/lib_ab4a70858e/lib_ab4a70858e__delay_0.09__dur_0.2.h5
9,0.03,0.0,ab4a70858e,0.0948350578546524,-13.43283582089552,22.405660377358487,157.4840764271708,21.49,26,14,7,2.199114857512855,4,6.0,6,0.07,/user/raabe14/u19361/workspace-allen/results/VISp_0/trial_1/phase_1/lib_ab4a70858e/lib_ab4a70858e__delay_0.03__dur_0.0.h5
90,0.12,0.0,ab4a70858e,0.1330592930316925,17.014925373134332,-9.858490566037737,0.0,21.49,43,32,0,0.0,4,6.0,4,0.05,/user/raabe14/u19361/workspace-allen/results/VISp_0/trial_1/phase_1/lib_ab4a70858e/lib_ab4a70858e__delay_0.12__dur_0.0.h5
91,0.03,0.2,ab4a70858e,0.11356606334447861,-4.477611940298509,-18.82075471698113,90.0,7.16,31,37,4,1.2566370614359172,0,2.0,9,0.1,/user/raabe14/u19361/workspace-allen/results/VISp_0/trial_1/phase_1/lib_ab4a70858e/lib_ab4a70858e__delay_0.03__dur_0.2.h5
92,0.03,0.2,ab4a70858e,0.10364504158496857,42.08955223880598,17.02830188679245,157.4840764271708,14.32,57,17,7,2.199114857512855,2,4.0,10,1.1,/user/raabe14/u19361/workspace-allen/results/VISp_0/trial_1/phase_1/lib_ab4a70858e/lib_ab4a70858e__delay_0.03__dur_0.2.h5
93,0.09,0.0,ab4a70858e,0.12729497253894806,4.477611940298516,-8.066037735849058,45.02251307527088,14.32,36,31,2,0.6283185307179586,2,4.0,7,0.08,/user/raabe14/u19361/workspace-allen/results/VISp_0/trial_1/phase_1/lib_ab4a70858e/lib_ab4a70858e__delay_0.09__dur_0.0.h5
94,0.15,0.2,ab4a70858e,0.13449876010417938,-25.970149253731343,22.405660377358487,67.51591472682667,14.32,19,14,3,0.9424777960769379,2,4.0,12,1.3,/user/raabe14/u19361/workspace-allen/results/VISp_0/trial_1/phase_1/lib_ab4a70858e/lib_ab4a70858e__delay_0.15__dur_0.2.h5
95,0.15,0.2,ab4a70858e,0.11404360830783844,15.223880597014926,-38.5377358490566,22.515923572829163,7.16,42,48,9,2.827433388230814,0,2.0,12,1.3,/user/raabe14/u19361/workspace-allen/results/VISp_0/trial_1/phase_1/lib_ab4a70858e/lib_ab4a70858e__delay_0.15__dur_0.2.h5
96,0.12,0.0,ab4a70858e,0.2979424297809601,9.85074626865672,-6.273584905660378,0.0,10.74,39,30,0,0.0,1,3.0,4,0.05,/user/raabe14/u19361/workspace-allen/results/VISp_0/trial_1/phase_1/lib_ab4a70858e/lib_ab4a70858e__delay_0.12__dur_0.0.h5
97,0.15,0.0,ab4a70858e,0.21088869869709015,2.6865671641791096,-6.273584905660378,0.0,10.74,35,30,0,0.0,1,3.0,5,0.06,/user/raabe14/u19361/workspace-allen/results/VISp_0/trial_1/phase_1/lib_ab4a70858e/lib_ab4a70858e__delay_0.15__dur_0.0.h5
98,0.12,0.0,ab4a70858e,0.1315123289823532,20.59701492537313,-6.273584905660378,45.02251307527088,21.49,45,30,2,0.6283185307179586,4,6.0,3,0.04,/user/raabe14/u19361/workspace-allen/results/VISp_0/trial_1/phase_1/lib_ab4a70858e/lib_ab4a70858e__delay_0.12__dur_0.0.h5
99,0.09,0.0,ab4a70858e,0.1346338391304016,6.268656716417908,-6.273584905660378,22.515923572829163,14.32,37,30,9,2.827433388230814,2,4.0,5,0.06,/user/raabe14/u19361/workspace-allen/results/VISp_0/trial_1/phase_1/lib_ab4a70858e/lib_ab4a70858e__delay_0.09__dur_0.0.h5
