unit_id,delay,duration,lib_id,abs_max_value,x_deg,y_deg,theta_deg,sigma_deg,xi,yi,theta_idx,theta_rad,sigma_idx,sigma,frequency_idx,frequency,source_file
0,0.06,0.2,ab4a70858e,0.10172437131404877,-27.761194029850742,29.575471698113205,45.02251307527088,10.74,18,10,2,0.6283185307179586,1,3.0,12,1.3,/user/raabe14/u19361/workspace-allen/results/VISl_5/trial_0/phase_0/lib_ab4a70858e/lib_ab4a70858e__delay_0.06__dur_0.2.h5
1,0.0,0.2,ab4a70858e,0.11069595813751221,-2.6865671641791025,40.33018867924528,134.9774869247291,7.16,32,4,6,1.8849555921538759,0,2.0,12,1.3,/user/raabe14/u19361/workspace-allen/results/VISl_5/trial_0/phase_0/lib_ab4a70858e/lib_ab4a70858e__delay_0.0__dur_0.2.h5
10,0.12,0.0,ab4a70858e,0.1258498877286911,-22.388059701492537,13.443396226415096,22.515923572829163,28.65,21,19,9,2.827433388230814,5,8.0,3,0.04,/user/raabe14/u19361/workspace-allen/results/VISl_5/trial_0/phase_0/lib_ab4a70858e/lib_ab4a70858e__delay_0.12__dur_0.0.h5
100,0.15,0.0,ab4a70858e,0.1022486612200737,6.268656716417908,9.858490566037737,22.515923572829195,17.91,37,21,1,0.3141592653589793,3,5.0,3,0.04,/user/raabe14/u19361/workspace-allen/results/VISl_5/trial_0/phase_0/lib_ab4a70858e/lib_ab4a70858e__delay_0.15__dur_0.0.h5
101,0.09,0.2,ab4a70858e,0.11764858663082123,-13.43283582089552,2.6886792452830193,22.515923572829163,10.74,26,25,9,2.827433388230814,1,3.0,11,1.2,/user/raabe14/u19361/workspace-allen/results/VISl_5/trial_0/phase_0/lib_ab4a70858e/lib_ab4a70858e__delay_0.09__dur_0.2.h5
102,0.03,0.2,ab4a70858e,0.09293780475854874,-42.089552238805965,-33.160377358490564,67.51591472682667,7.16,10,45,3,0.9424777960769379,0,2.0,11,1.2,/user/raabe14/u19361/workspace-allen/results/VISl_5/trial_0/phase_0/lib_ab4a70858e/lib_ab4a70858e__delay_0.03__dur_0.2.h5
103,0.03,0.2,ab4a70858e,0.14628815650939941,-11.64179104477612,13.443396226415096,22.515923572829195,28.65,27,19,1,0.3141592653589793,5,8.0,3,0.04,/user/raabe14/u19361/workspace-allen/results/VISl_5/trial_0/phase_0/lib_ab4a70858e/lib_ab4a70858e__delay_0.03__dur_0.2.h5
104,0.12,0.2,ab4a70858e,0.09116526693105698,-22.388059701492537,43.91509433962264,22.515923572829195,7.16,21,2,1,0.3141592653589793,0,2.0,12,1.3,/user/raabe14/u19361/workspace-allen/results/VISl_5/trial_0/phase_0/lib_ab4a70858e/lib_ab4a70858e__delay_0.12__dur_0.2.h5
105,0.09,0.2,ab4a70858e,0.09918761998414993,34.92537313432837,45.70754716981132,22.515923572829195,14.32,53,1,1,0.3141592653589793,2,4.0,10,1.1,/user/raabe14/u19361/workspace-allen/results/VISl_5/trial_0/phase_0/lib_ab4a70858e/lib_ab4a70858e__delay_0.09__dur_0.2.h5
106,0.12,0.0,ab4a70858e,0.15303751826286316,-11.64179104477612,2.6886792452830193,157.4840764271708,21.49,27,25,7,2.199114857512855,4,6.0,5,0.06,/user/raabe14/u19361/workspace-allen/results/VISl_5/trial_0/phase_0/lib_ab4a70858e/lib_ab4a70858e__delay_0.12__dur_0.0.h5
107,0.09,0.0,ab4a70858e,0.16706742346286774,-8.059701492537314,-0.8962264150943398,22.515923572829163,28.65,29,27,9,2.827433388230814,5,8.0,2,0.03,/user/raabe14/u19361/workspace-allen/results/VISl_5/trial_0/phase_0/lib_ab4a70858e/lib_ab4a70858e__delay_0.09__dur_0.0.h5
108,0.12,0.0,ab4a70858e,0.11282335966825485,-17.014925373134325,-4.481132075471699,67.51591472682667,7.16,24,29,3,0.9424777960769379,0,2.0,12,1.3,/user/raabe14/u19361/workspace-allen/results/VISl_5/trial_0/phase_0/lib_ab4a70858e/lib_ab4a70858e__delay_0.12__dur_0.0.h5
109,0.09,0.2,ab4a70858e,0.08591032773256302,-27.761194029850742,-15.235849056603776,157.4840764271708,7.16,18,35,7,2.199114857512855,0,2.0,10,1.1,/user/raabe14/u19361/workspace-allen/results/VISl_5/trial_0/phase_0/lib_ab4a70858e/lib_ab4a70858e__delay_0.09__dur_0.2.h5
11,0.15,0.0,ab4a70858e,0.16037026047706604,-20.59701492537313,15.235849056603776,112.48408527317332,21.49,22,18,5,1.5707963267948966,4,6.0,5,0.06,/user/raabe14/u19361/workspace-allen/results/VISl_5/trial_0/phase_0/lib_ab4a70858e/lib_ab4a70858e__delay_0.15__dur_0.0.h5
110,0.15,0.2,ab4a70858e,0.13596633076667786,-20.59701492537313,4.481132075471699,157.4840764271708,17.91,22,24,7,2.199114857512855,3,5.0,12,1.3,/user/raabe14/u19361/workspace-allen/results/VISl_5/trial_0/phase_0/lib_ab4a70858e/lib_ab4a70858e__delay_0.15__dur_0.2.h5
111,0.09,0.2,ab4a70858e,0.0989629477262497,-51.04477611940298,-45.70754716981132,45.02251307527088,10.74,5,52,2,0.6283185307179586,1,3.0,12,1.3,/user/raabe14/u19361/workspace-allen/results/VISl_5/trial_0/phase_0/lib_ab4a70858e/lib_ab4a70858e__delay_0.09__dur_0.2.h5
112,0.12,0.0,ab4a70858e,0.09409880638122559,-18.80597014925373,43.91509433962264,180.0,10.74,23,2,8,2.5132741228718345,1,3.0,12,1.3,/user/raabe14/u19361/workspace-allen/results/VISl_5/trial_0/phase_0/lib_ab4a70858e/lib_ab4a70858e__delay_0.12__dur_0.0.h5
113,0.03,0.2,ab4a70858e,0.0923149511218071,-0.8955223880596961,36.74528301886792,22.515923572829163,21.49,33,6,9,2.827433388230814,4,6.0,4,0.05,/user/raabe14/u19361/workspace-allen/results/VISl_5/trial_0/phase_0/lib_ab4a70858e/lib_ab4a70858e__delay_0.03__dur_0.2.h5
114,0.09,0.2,ab4a70858e,0.10340293496847153,22.388059701492537,-11.650943396226417,90.0,14.32,46,33,4,1.2566370614359172,2,4.0,10,1.1,/user/raabe14/u19361/workspace-allen/results/VISl_5/trial_0/phase_0/lib_ab4a70858e/lib_ab4a70858e__delay_0.09__dur_0.2.h5
115,0.09,0.0,ab4a70858e,0.0918118804693222,42.08955223880598,-2.6886792452830193,90.0,21.49,57,28,4,1.2566370614359172,4,6.0,6,0.07,/user/raabe14/u19361/workspace-allen/results/VISl_5/trial_0/phase_0/lib_ab4a70858e/lib_ab4a70858e__delay_0.09__dur_0.0.h5
116,0.15,0.0,ab4a70858e,0.13662990927696228,-9.850746268656714,24.198113207547166,22.515923572829195,21.49,28,13,1,0.3141592653589793,4,6.0,4,0.05,/user/raabe14/u19361/workspace-allen/results/VISl_5/trial_0/phase_0/lib_ab4a70858e/lib_ab4a70858e__delay_0.15__dur_0.0.h5
117,0.15,0.0,ab4a70858e,0.21304522454738617,-11.64179104477612,-2.6886792452830193,0.0,28.65,27,28,0,0.0,5,8.0,4,0.05,/user/raabe14/u19361/workspace-allen/results/VISl_5/trial_0/phase_0/lib_ab4a70858e/lib_ab4a70858e__delay_0.15__dur_0.0.h5
118,0.03,0.0,ab4a70858e,0.10908830910921097,-34.92537313432835,11.650943396226417,90.0,10.74,14,20,4,1.2566370614359172,1,3.0,8,0.09,/user/raabe14/u19361/workspace-allen/results/VISl_5/trial_0/phase_0/lib_ab4a70858e/lib_ab4a70858e__delay_0.03__dur_0.0.h5
119,0.15,0.2,ab4a70858e,0.09521844238042831,6.268656716417908,11.650943396226417,180.0,14.32,37,20,8,2.5132741228718345,2,4.0,10,1.1,/user/raabe14/u19361/workspace-allen/results/VISl_5/trial_0/phase_0/lib_ab4a70858e/lib_ab4a70858e__delay_0.15__dur_0.2.h5
12,0.15,0.0,ab4a70858e,0.16111217439174652,-18.80597014925373,22.405660377358487,22.515923572829195,17.91,23,14,1,0.3141592653589793,3,5.0,5,0.06,/user/raabe14/u19361/workspace-allen/results/VISl_5/trial_0/phase_0/lib_ab4a70858e/lib_ab4a70858e__delay_0.15__dur_0.0.h5
120,0.03,0.2,ab4a70858e,0.0924980640411377,22.388059701492537,-29.57547169811321,157.4840764271708,7.16,46,43,7,2.199114857512855,0,2.0,12,1.3,/user/raabe14/u19361/workspace-allen/results/VISl_5/trial_0/phase_0/lib_ab4a70858e/lib_ab4a70858e__delay_0.03__dur_0.2.h5
121,0.09,0.2,ab4a70858e,0.1299724131822586,-9.850746268656714,9.858490566037737,157.4840764271708,14.32,28,21,7,2.199114857512855,2,4.0,3,0.04,/user/raabe14/u19361/workspace-allen/results/VISl_5/trial_0/phase_0/lib_ab4a70858e/lib_ab4a70858e__delay_0.09__dur_0.2.h5
122,0.06,0.0,ab4a70858e,0.15038244426250458,-8.059701492537314,4.481132075471699,134.9774869247291,17.91,29,24,6,1.8849555921538759,3,5.0,5,0.06,/user/raabe14/u19361/workspace-allen/results/VISl_5/trial_0/phase_0/lib_ab4a70858e/lib_ab4a70858e__delay_0.06__dur_0.0.h5
123,0.12,0.0,ab4a70858e,0.11219186335802078,-2.6865671641791025,6.273584905660378,0.0,28.65,32,23,0,0.0,5,8.0,3,0.04,/user/raabe14/u19361/workspace-allen/results/VISl_5/trial_0/phase_0/lib_ab4a70858e/lib_ab4a70858e__delay_0.12__dur_0.0.h5
124,0.09,0.0,ab4a70858e,0.10715074092149734,-11.64179104477612,15.235849056603776,67.51591472682667,14.32,27,18,3,0.9424777960769379,2,4.0,5,0.06,/user/raabe14/u19361/workspace-allen/results/VISl_5/trial_0/phase_0/lib_ab4a70858e/lib_ab4a70858e__delay_0.09__dur_0.0.h5
125,0.09,0.0,ab4a70858e,0.18191957473754883,-9.850746268656714,17.02830188679245,45.02251307527088,17.91,28,17,2,0.6283185307179586,3,5.0,2,0.03,/user/raabe14/u19361/workspace-allen/results/VISl_5/trial_0/phase_0/lib_ab4a70858e/lib_ab4a70858e__delay_0.09__dur_0.0.h5
126,0.03,0.0,ab4a70858e,0.09831442683935165,56.4179104477612,-33.160377358490564,90.0,7.16,65,45,4,1.2566370614359172,0,2.0,12,1.3,/user/raabe14/u19361/workspace-allen/results/VISl_5/trial_0/phase_0/lib_ab4a70858e/lib_ab4a70858e__delay_0.03__dur_0.0.h5
127,0.12,0.0,ab4a70858e,0.1774217039346695,-13.43283582089552,-4.481132075471699,134.9774869247291,17.91,26,29,6,1.8849555921538759,3,5.0,3,0.04,/user/raabe14/u19361/workspace-allen/results/VISl_5/trial_0/phase_0/lib_ab4a70858e/lib_ab4a70858e__delay_0.12__dur_0.0.h5
128,0.12,0.2,ab4a70858e,0.10253666341304779,-24.179104477611936,18.820754716981128,157.4840764271708,14.32,20,16,7,2.199114857512855,2,4.0,4,0.05,/user/raabe14/u19361/workspace-allen/results/VISl_5/trial_0/phase_0/lib_ab4a70858e/lib_ab4a70858e__delay_0.12__dur_0.2.h5
129,0.15,0.0,ab4a70858e,0.09491754323244095,29.55223880597015,15.235849056603776,0.0,17.91,50,18,0,0.0,3,5.0,8,0.09,/user/raabe14/u19361/workspace-allen/results/VISl_5/trial_0/phase_0/lib_ab4a70858e/lib_ab4a70858e__delay_0.15__dur_0.0.h5
13,0.12,0.0,ab4a70858e,0.12358491867780685,-18.80597014925373,13.443396226415096,90.0,10.74,23,19,4,1.2566370614359172,1,3.0,4,0.05,/user/raabe14/u19361/workspace-allen/results/VISl_5/trial_0/phase_0/lib_ab4a70858e/lib_ab4a70858e__delay_0.12__dur_0.0.h5
130,0.03,0.0,ab4a70858e,0.09207172691822052,54.626865671641795,-31.367924528301888,90.0,7.16,64,44,4,1.2566370614359172,0,2.0,12,1.3,/user/raabe14/u19361/workspace-allen/results/VISl_5/trial_0/phase_0/lib_ab4a70858e/lib_ab4a70858e__delay_0.03__dur_0.0.h5
131,0.0,0.0,ab4a70858e,0.10183016955852509,-34.92537313432835,-31.367924528301888,157.4840764271708,28.65,14,44,7,2.199114857512855,5,8.0,12,1.3,/user/raabe14/u19361/workspace-allen/results/VISl_5/trial_0/phase_0/lib_ab4a70858e/lib_ab4a70858e__delay_0.0__dur_0.0.h5
132,0.0,0.2,ab4a70858e,0.12224429100751877,-11.64179104477612,13.443396226415096,45.02251307527088,10.74,27,19,2,0.6283185307179586,1,3.0,11,1.2,/user/raabe14/u19361/workspace-allen/results/VISl_5/trial_0/phase_0/lib_ab4a70858e/lib_ab4a70858e__delay_0.0__dur_0.2.h5
133,0.06,0.2,ab4a70858e,0.10457392781972885,-49.25373134328358,4.481132075471699,134.9774869247291,7.16,6,24,6,1.8849555921538759,0,2.0,12,1.3,/user/raabe14/u19361/workspace-allen/results/VISl_5/trial_0/phase_0/lib_ab4a70858e/lib_ab4a70858e__delay_0.06__dur_0.2.h5
134,0.09,0.0,ab4a70858e,0.1595328152179718,-4.477611940298509,11.650943396226417,180.0,17.91,31,20,8,2.5132741228718345,3,5.0,2,0.03,/user/raabe14/u19361/workspace-allen/results/VISl_5/trial_0/phase_0/lib_ab4a70858e/lib_ab4a70858e__delay_0.09__dur_0.0.h5
135,0.12,0.0,ab4a70858e,0.09925759583711624,-22.388059701492537,13.443396226415096,22.515923572829163,7.16,21,19,9,2.827433388230814,0,2.0,11,1.2,/user/raabe14/u19361/workspace-allen/results/VISl_5/trial_0/phase_0/lib_ab4a70858e/lib_ab4a70858e__delay_0.12__dur_0.0.h5
136,0.09,0.0,ab4a70858e,0.11905151605606079,2.6865671641791096,22.405660377358487,157.4840764271708,17.91,35,14,7,2.199114857512855,3,5.0,4,0.05,/user/raabe14/u19361/workspace-allen/results/VISl_5/trial_0/phase_0/lib_ab4a70858e/lib_ab4a70858e__delay_0.09__dur_0.0.h5
137,0.03,0.0,ab4a70858e,0.10906866937875748,-11.64179104477612,11.650943396226417,45.02251307527088,10.74,27,20,2,0.6283185307179586,1,3.0,11,1.2,/user/raabe14/u19361/workspace-allen/results/VISl_5/trial_0/phase_0/lib_ab4a70858e/lib_ab4a70858e__delay_0.03__dur_0.0.h5
138,0.06,0.2,ab4a70858e,0.13437572121620178,-24.179104477611936,-11.650943396226417,90.0,21.49,20,33,4,1.2566370614359172,4,6.0,3,0.04,/user/raabe14/u19361/workspace-allen/results/VISl_5/trial_0/phase_0/lib_ab4a70858e/lib_ab4a70858e__delay_0.06__dur_0.2.h5
139,0.15,0.0,ab4a70858e,0.1979312151670456,-0.8955223880596961,-8.066037735849058,67.51591472682667,17.91,33,31,3,0.9424777960769379,3,5.0,4,0.05,/user/raabe14/u19361/workspace-allen/results/VISl_5/trial_0/phase_0/lib_ab4a70858e/lib_ab4a70858e__delay_0.15__dur_0.0.h5
14,0.15,0.0,ab4a70858e,0.11277394741773605,-25.970149253731343,11.650943396226417,22.515923572829163,21.49,19,20,9,2.827433388230814,4,6.0,6,0.07,/user/raabe14/u19361/workspace-allen/results/VISl_5/trial_0/phase_0/lib_ab4a70858e/lib_ab4a70858e__delay_0.15__dur_0.0.h5
140,0.06,0.0,ab4a70858e,0.1154998317360878,27.761194029850756,-34.95283018867924,90.0,10.74,49,46,4,1.2566370614359172,1,3.0,12,1.3,/user/raabe14/u19361/workspace-allen/results/VISl_5/trial_0/phase_0/lib_ab4a70858e/lib_ab4a70858e__delay_0.06__dur_0.0.h5
141,0.0,0.2,ab4a70858e,0.10208183526992798,4.477611940298516,20.613207547169807,157.4840764271708,10.74,36,15,7,2.199114857512855,1,3.0,12,1.3,/user/raabe14/u19361/workspace-allen/results/VISl_5/trial_0/phase_0/lib_ab4a70858e/lib_ab4a70858e__delay_0.0__dur_0.2.h5
142,0.12,0.2,ab4a70858e,0.11339880526065826,-17.014925373134325,27.783018867924525,22.515923572829195,21.49,24,11,1,0.3141592653589793,4,6.0,5,0.06,/user/raabe14/u19361/workspace-allen/results/VISl_5/trial_0/phase_0/lib_ab4a70858e/lib_ab4a70858e__delay_0.12__dur_0.2.h5
143,0.06,0.2,ab4a70858e,0.10899090766906738,-11.64179104477612,22.405660377358487,157.4840764271708,10.74,27,14,7,2.199114857512855,1,3.0,12,1.3,/user/raabe14/u19361/workspace-allen/results/VISl_5/trial_0/phase_0/lib_ab4a70858e/lib_ab4a70858e__delay_0.06__dur_0.2.h5
144,0.03,0.0,ab4a70858e,0.10375324636697769,-18.80597014925373,-27.78301886792453,157.4840764271708,14.32,23,42,7,2.199114857512855,2,4.0,12,1.3,/user/raabe14/u19361/workspace-allen/results/VISl_5/trial_0/phase_0/lib_ab4a70858e/lib_ab4a70858e__delay_0.03__dur_0.0.h5
145,0.12,0.0,ab4a70858e,0.30407243967056274,-8.059701492537314,-0.8962264150943398,112.48408527317332,21.49,29,27,5,1.5707963267948966,4,6.0,2,0.03,/user/raabe14/u19361/workspace-allen/results/VISl_5/trial_0/phase_0/lib_ab4a70858e/lib_ab4a70858e__delay_0.12__dur_0.0.h5
146,0.0,0.2,ab4a70858e,0.10215049237012863,52.83582089552239,4.481132075471699,90.0,14.32,63,24,4,1.2566370614359172,2,4.0,11,1.2,/user/raabe14/u19361/workspace-allen/results/VISl_5/trial_0/phase_0/lib_ab4a70858e/lib_ab4a70858e__delay_0.0__dur_0.2.h5
147,0.12,0.0,ab4a70858e,0.15557795763015747,-11.64179104477612,-4.481132075471699,180.0,28.65,27,29,8,2.5132741228718345,5,8.0,3,0.04,/user/raabe14/u19361/workspace-allen/results/VISl_5/trial_0/phase_0/lib_ab4a70858e/lib_ab4a70858e__delay_0.12__dur_0.0.h5
148,0.15,0.0,ab4a70858e,0.19029191136360168,0.8955223880597032,-2.6886792452830193,22.515923572829195,14.32,34,28,1,0.3141592653589793,2,4.0,4,0.05,/user/raabe14/u19361/workspace-allen/results/VISl_5/trial_0/phase_0/lib_ab4a70858e/lib_ab4a70858e__delay_0.15__dur_0.0.h5
149,0.12,0.2,ab4a70858e,0.09938078373670578,-24.179104477611936,-17.028301886792452,67.51591472682667,10.74,20,36,3,0.9424777960769379,1,3.0,11,1.2,/user/raabe14/u19361/workspace-allen/results/VISl_5/trial_0/phase_0/lib_ab4a70858e/lib_ab4a70858e__delay_0.12__dur_0.2.h5
15,0.09,0.2,ab4a70858e,0.08587699383497238,-24.179104477611936,36.74528301886792,45.02251307527088,17.91,20,6,2,0.6283185307179586,3,5.0,12,1.3,/user/raabe14/u19361/workspace-allen/results/VISl_5/trial_0/phase_0/lib_ab4a70858e/lib_ab4a70858e__delay_0.09__dur_0.2.h5
150,0.12,0.2,ab4a70858e,0.09849411249160767,-9.850746268656714,20.613207547169807,134.9774869247291,14.32,28,15,6,1.8849555921538759,2,4.0,11,1.2,/user/raabe14/u19361/workspace-allen/results/VISl_5/trial_0/phase_0/lib_ab4a70858e/lib_ab4a70858e__delay_0.12__dur_0.2.h5
151,0.12,0.2,ab4a70858e,0.10944560915231705,-17.014925373134325,-4.481132075471699,180.0,17.91,24,29,8,2.5132741228718345,3,5.0,6,0.07,/user/raabe14/u19361/workspace-allen/results/VISl_5/trial_0/phase_0/lib_ab4a70858e/lib_ab4a70858e__delay_0.12__dur_0.2.h5
152,0.15,0.2,ab4a70858e,0.1497178077697754,-6.268656716417908,0.8962264150943398,0.0,17.91,30,26,0,0.0,3,5.0,5,0.06,/user/raabe14/u19361/workspace-allen/results/VISl_5/trial_0/phase_0/lib_ab4a70858e/lib_ab4a70858e__delay_0.15__dur_0.2.h5
153,0.12,0.0,ab4a70858e,0.09749024361371994,-17.014925373134325,33.160377358490564,67.51591472682667,10.74,24,8,3,0.9424777960769379,1,3.0,12,1.3,/user/raabe14/u19361/workspace-allen/results/VISl_5/trial_0/phase_0/lib_ab4a70858e/lib_ab4a70858e__delay_0.12__dur_0.0.h5
154,0.12,0.2,ab4a70858e,0.10132047533988953,-22.388059701492537,9.858490566037737,90.0,21.49,21,21,4,1.2566370614359172,4,6.0,10,1.1,/user/raabe14/u19361/workspace-allen/results/VISl_5/trial_0/phase_0/lib_ab4a70858e/lib_ab4a70858e__delay_0.12__dur_0.2.h5
155,0.15,0.0,ab4a70858e,0.12889492511749268,-18.80597014925373,9.858490566037737,45.02251307527088,21.49,23,21,2,0.6283185307179586,4,6.0,4,0.05,/user/raabe14/u19361/workspace-allen/results/VISl_5/trial_0/phase_0/lib_ab4a70858e/lib_ab4a70858e__delay_0.15__dur_0.0.h5
156,0.12,0.0,ab4a70858e,0.13625064492225647,-13.43283582089552,-6.273584905660378,90.0,21.49,26,30,4,1.2566370614359172,4,6.0,2,0.03,/user/raabe14/u19361/workspace-allen/results/VISl_5/trial_0/phase_0/lib_ab4a70858e/lib_ab4a70858e__delay_0.12__dur_0.0.h5
157,0.12,0.2,ab4a70858e,0.11387719213962555,-15.223880597014926,17.02830188679245,180.0,10.74,25,17,8,2.5132741228718345,1,3.0,12,1.3,/user/raabe14/u19361/workspace-allen/results/VISl_5/trial_0/phase_0/lib_ab4a70858e/lib_ab4a70858e__delay_0.12__dur_0.2.h5
158,0.03,0.2,ab4a70858e,0.09677266329526901,24.179104477611943,-0.8962264150943398,45.02251307527088,17.91,47,27,2,0.6283185307179586,3,5.0,6,0.07,/user/raabe14/u19361/workspace-allen/results/VISl_5/trial_0/phase_0/lib_ab4a70858e/lib_ab4a70858e__delay_0.03__dur_0.2.h5
159,0.06,0.0,ab4a70858e,0.09838013350963593,-17.014925373134325,38.5377358490566,45.02251307527088,14.32,24,5,2,0.6283185307179586,2,4.0,9,0.1,/user/raabe14/u19361/workspace-allen/results/VISl_5/trial_0/phase_0/lib_ab4a70858e/lib_ab4a70858e__delay_0.06__dur_0.0.h5
16,0.09,0.0,ab4a70858e,0.09166452288627625,15.223880597014926,-40.33018867924528,134.9774869247291,7.16,42,49,6,1.8849555921538759,0,2.0,12,1.3,/user/raabe14/u19361/workspace-allen/results/VISl_5/trial_0/phase_0/lib_ab4a70858e/lib_ab4a70858e__delay_0.09__dur_0.0.h5
160,0.12,0.2,ab4a70858e,0.1869058907032013,-6.268656716417908,-0.8962264150943398,112.48408527317332,17.91,30,27,5,1.5707963267948966,3,5.0,5,0.06,/user/raabe14/u19361/workspace-allen/results/VISl_5/trial_0/phase_0/lib_ab4a70858e/lib_ab4a70858e__delay_0.12__dur_0.2.h5
161,0.0,0.0,ab4a70858e,0.1044432744383812,34.92537313432837,40.33018867924528,90.0,7.16,53,4,4,1.2566370614359172,0,2.0,12,1.3,/user/raabe14/u19361/workspace-allen/results/VISl_5/trial_0/phase_0/lib_ab4a70858e/lib_ab4a70858e__delay_0.0__dur_0.0.h5
162,0.09,0.0,ab4a70858e,0.11628948897123337,-4.477611940298509,2.6886792452830193,22.515923572829163,14.32,31,25,9,2.827433388230814,2,4.0,9,0.1,/user/raabe14/u19361/workspace-allen/results/VISl_5/trial_0/phase_0/lib_ab4a70858e/lib_ab4a70858e__delay_0.09__dur_0.0.h5
163,0.09,0.2,ab4a70858e,0.1180916354060173,-60.0,-13.443396226415096,157.4840764271708,10.74,0,34,7,2.199114857512855,1,3.0,11,1.2,/user/raabe14/u19361/workspace-allen/results/VISl_5/trial_0/phase_0/lib_ab4a70858e/lib_ab4a70858e__delay_0.09__dur_0.2.h5
164,0.0,0.2,ab4a70858e,0.10068360716104507,-15.223880597014926,6.273584905660378,157.4840764271708,14.32,25,23,7,2.199114857512855,2,4.0,12,1.3,/user/raabe14/u19361/workspace-allen/results/VISl_5/trial_0/phase_0/lib_ab4a70858e/lib_ab4a70858e__delay_0.0__dur_0.2.h5
165,0.12,0.0,ab4a70858e,0.1065717339515686,-22.388059701492537,-18.82075471698113,22.515923572829195,21.49,21,37,1,0.3141592653589793,4,6.0,4,0.05,/user/raabe14/u19361/workspace-allen/results/VISl_5/trial_0/phase_0/lib_ab4a70858e/lib_ab4a70858e__delay_0.12__dur_0.0.h5
166,0.0,0.0,ab4a70858e,0.08927903324365616,-36.71641791044776,-24.19811320754717,22.515923572829163,7.16,13,40,9,2.827433388230814,0,2.0,11,1.2,/user/raabe14/u19361/workspace-allen/results/VISl_5/trial_0/phase_0/lib_ab4a70858e/lib_ab4a70858e__delay_0.0__dur_0.0.h5
167,0.06,0.2,ab4a70858e,0.10142166912555695,-8.059701492537314,-24.19811320754717,22.515923572829195,7.16,29,40,1,0.3141592653589793,0,2.0,12,1.3,/user/raabe14/u19361/workspace-allen/results/VISl_5/trial_0/phase_0/lib_ab4a70858e/lib_ab4a70858e__delay_0.06__dur_0.2.h5
168,0.15,0.0,ab4a70858e,0.1182953417301178,0.8955223880597032,15.235849056603776,22.515923572829195,17.91,34,18,1,0.3141592653589793,3,5.0,9,0.1,/user/raabe14/u19361/workspace-allen/results/VISl_5/trial_0/phase_0/lib_ab4a70858e/lib_ab4a70858e__delay_0.15__dur_0.0.h5
169,0.06,0.2,ab4a70858e,0.1044609546661377,-29.55223880597015,2.6886792452830193,90.0,14.32,17,25,4,1.2566370614359172,2,4.0,12,1.3,/user/raabe14/u19361/workspace-allen/results/VISl_5/trial_0/phase_0/lib_ab4a70858e/lib_ab4a70858e__delay_0.06__dur_0.2.h5
17,0.15,0.2,ab4a70858e,0.09964480251073837,-29.55223880597015,18.820754716981128,0.0,7.16,17,16,0,0.0,0,2.0,8,0.09,/user/raabe14/u19361/workspace-allen/results/VISl_5/trial_0/phase_0/lib_ab4a70858e/lib_ab4a70858e__delay_0.15__dur_0.2.h5
170,0.06,0.2,ab4a70858e,0.11210090667009354,-36.71641791044776,-11.650943396226417,67.51591472682667,14.32,13,33,3,0.9424777960769379,2,4.0,12,1.3,/user/raabe14/u19361/workspace-allen/results/VISl_5/trial_0/phase_0/lib_ab4a70858e/lib_ab4a70858e__delay_0.06__dur_0.2.h5
171,0.15,0.0,ab4a70858e,0.1557801365852356,-4.477611940298509,8.066037735849058,67.51591472682667,28.65,31,22,3,0.9424777960769379,5,8.0,6,0.07,/user/raabe14/u19361/workspace-allen/results/VISl_5/trial_0/phase_0/lib_ab4a70858e/lib_ab4a70858e__delay_0.15__dur_0.0.h5
172,0.03,0.2,ab4a70858e,0.11377166211605072,-34.92537313432835,-2.6886792452830193,157.4840764271708,7.16,14,28,7,2.199114857512855,0,2.0,11,1.2,/user/raabe14/u19361/workspace-allen/results/VISl_5/trial_0/phase_0/lib_ab4a70858e/lib_ab4a70858e__delay_0.03__dur_0.2.h5
173,0.03,0.2,ab4a70858e,0.09332049638032913,-27.761194029850742,25.990566037735846,157.4840764271708,14.32,18,12,7,2.199114857512855,2,4.0,11,1.2,/user/raabe14/u19361/workspace-allen/results/VISl_5/trial_0/phase_0/lib_ab4a70858e/lib_ab4a70858e__delay_0.03__dur_0.2.h5
174,0.09,0.0,ab4a70858e,0.19916574656963348,-2.6865671641791025,8.066037735849058,180.0,21.49,32,22,8,2.5132741228718345,4,6.0,3,0.04,/user/raabe14/u19361/workspace-allen/results/VISl_5/trial_0/phase_0/lib_ab4a70858e/lib_ab4a70858e__delay_0.09__dur_0.0.h5
175,0.0,0.2,ab4a70858e,0.11243319511413574,-38.507462686567166,8.066037735849058,157.4840764271708,17.91,12,22,7,2.199114857512855,3,5.0,12,1.3,/user/raabe14/u19361/workspace-allen/results/VISl_5/trial_0/phase_0/lib_ab4a70858e/lib_ab4a70858e__delay_0.0__dur_0.2.h5
176,0.03,0.2,ab4a70858e,0.09648270905017853,2.6865671641791096,-18.82075471698113,22.515923572829163,28.65,35,37,9,2.827433388230814,5,8.0,10,1.1,/user/raabe14/u19361/workspace-allen/results/VISl_5/trial_0/phase_0/lib_ab4a70858e/lib_ab4a70858e__delay_0.03__dur_0.2.h5
177,0.03,0.0,ab4a70858e,0.09301823377609253,51.04477611940298,8.066037735849058,90.0,10.74,62,22,4,1.2566370614359172,1,3.0,11,1.2,/user/raabe14/u19361/workspace-allen/results/VISl_5/trial_0/phase_0/lib_ab4a70858e/lib_ab4a70858e__delay_0.03__dur_0.0.h5
178,0.09,0.0,ab4a70858e,0.1998872011899948,-2.6865671641791025,18.820754716981128,67.51591472682667,21.49,32,16,3,0.9424777960769379,4,6.0,4,0.05,/user/raabe14/u19361/workspace-allen/results/VISl_5/trial_0/phase_0/lib_ab4a70858e/lib_ab4a70858e__delay_0.09__dur_0.0.h5
179,0.03,0.2,ab4a70858e,0.10223459452390671,-0.8955223880596961,27.783018867924525,0.0,21.49,33,11,0,0.0,4,6.0,7,0.08,/user/raabe14/u19361/workspace-allen/results/VISl_5/trial_0/phase_0/lib_ab4a70858e/lib_ab4a70858e__delay_0.03__dur_0.2.h5
18,0.09,0.0,ab4a70858e,0.10046317428350449,-8.059701492537314,15.235849056603776,180.0,7.16,29,18,8,2.5132741228718345,0,2.0,12,1.3,/user/raabe14/u19361/workspace-allen/results/VISl_5/trial_0/phase_0/lib_ab4a70858e/lib_ab4a70858e__delay_0.09__dur_0.0.h5
180,0.09,0.2,ab4a70858e,0.1046435609459877,-15.223880597014926,-31.367924528301888,0.0,14.32,25,44,0,0.0,2,4.0,11,1.2,/user/raabe14/u19361/workspace-allen/results/VISl_5/trial_0/phase_0/lib_ab4a70858e/lib_ab4a70858e__delay_0.09__dur_0.2.h5
181,0.12,0.2,ab4a70858e,0.12802787125110626,4.477611940298516,15.235849056603776,0.0,21.49,36,18,0,0.0,4,6.0,6,0.07,/user/raabe14/u19361/workspace-allen/results/VISl_5/trial_0/phase_0/lib_ab4a70858e/lib_ab4a70858e__delay_0.12__dur_0.2.h5
182,0.12,0.2,ab4a70858e,0.10208860784769058,-20.59701492537313,8.066037735849058,67.51591472682667,10.74,22,22,3,0.9424777960769379,1,3.0,11,1.2,/user/raabe14/u19361/workspace-allen/results/VISl_5/trial_0/phase_0/lib_ab4a70858e/lib_ab4a70858e__delay_0.12__dur_0.2.h5
183,0.15,0.2,ab4a70858e,0.1642092615365982,8.059701492537314,8.066037735849058,112.48408527317332,28.65,38,22,5,1.5707963267948966,5,8.0,4,0.05,/user/raabe14/u19361/workspace-allen/results/VISl_5/trial_0/phase_0/lib_ab4a70858e/lib_ab4a70858e__delay_0.15__dur_0.2.h5
184,0.03,0.2,ab4a70858e,0.09379477053880692,-31.34328358208955,24.198113207547166,45.02251307527088,14.32,16,13,2,0.6283185307179586,2,4.0,12,1.3,/user/raabe14/u19361/workspace-allen/results/VISl_5/trial_0/phase_0/lib_ab4a70858e/lib_ab4a70858e__delay_0.03__dur_0.2.h5
185,0.0,0.2,ab4a70858e,0.11294884979724884,52.83582089552239,6.273584905660378,157.4840764271708,10.74,63,23,7,2.199114857512855,1,3.0,12,1.3,/user/raabe14/u19361/workspace-allen/results/VISl_5/trial_0/phase_0/lib_ab4a70858e/lib_ab4a70858e__delay_0.0__dur_0.2.h5
186,0.06,0.0,ab4a70858e,0.15092355012893677,11.641791044776127,17.02830188679245,90.0,28.65,40,17,4,1.2566370614359172,5,8.0,2,0.03,/user/raabe14/u19361/workspace-allen/results/VISl_5/trial_0/phase_0/lib_ab4a70858e/lib_ab4a70858e__delay_0.06__dur_0.0.h5
187,0.12,0.0,ab4a70858e,0.1472182422876358,4.477611940298516,2.6886792452830193,22.515923572829163,28.65,36,25,9,2.827433388230814,5,8.0,3,0.04,/user/raabe14/u19361/workspace-allen/results/VISl_5/trial_0/phase_0/lib_ab4a70858e/lib_ab4a70858e__delay_0.12__dur_0.0.h5
188,0.03,0.2,ab4a70858e,0.10429996252059937,-42.089552238805965,36.74528301886792,90.0,10.74,10,6,4,1.2566370614359172,1,3.0,10,1.1,/user/raabe14/u19361/workspace-allen/results/VISl_5/trial_0/phase_0/lib_ab4a70858e/lib_ab4a70858e__delay_0.03__dur_0.2.h5
189,0.12,0.0,ab4a70858e,0.1550089418888092,-18.80597014925373,-0.8962264150943398,67.51591472682667,14.32,23,27,3,0.9424777960769379,2,4.0,11,1.2,/user/raabe14/u19361/workspace-allen/results/VISl_5/trial_0/phase_0/lib_ab4a70858e/lib_ab4a70858e__delay_0.12__dur_0.0.h5
19,0.12,0.2,ab4a70858e,0.09937188774347305,-6.268656716417908,-0.8962264150943398,67.51591472682667,7.16,30,27,3,0.9424777960769379,0,2.0,12,1.3,/user/raabe14/u19361/workspace-allen/results/VISl_5/trial_0/phase_0/lib_ab4a70858e/lib_ab4a70858e__delay_0.12__dur_0.2.h5
190,0.06,0.0,ab4a70858e,0.09791412204504013,2.6865671641791096,43.91509433962264,180.0,28.65,35,2,8,2.5132741228718345,5,8.0,2,0.03,/user/raabe14/u19361/workspace-allen/results/VISl_5/trial_0/phase_0/lib_ab4a70858e/lib_ab4a70858e__delay_0.06__dur_0.0.h5
191,0.03,0.2,ab4a70858e,0.14483760297298431,-51.04477611940298,6.273584905660378,67.51591472682667,17.91,5,23,3,0.9424777960769379,3,5.0,12,1.3,/user/raabe14/u19361/workspace-allen/results/VISl_5/trial_0/phase_0/lib_ab4a70858e/lib_ab4a70858e__delay_0.03__dur_0.2.h5
192,0.06,0.0,ab4a70858e,0.09193788468837738,47.462686567164184,-29.57547169811321,22.515923572829195,7.16,60,43,1,0.3141592653589793,0,2.0,12,1.3,/user/raabe14/u19361/workspace-allen/results/VISl_5/trial_0/phase_0/lib_ab4a70858e/lib_ab4a70858e__delay_0.06__dur_0.0.h5
193,0.06,0.0,ab4a70858e,0.09968063235282898,-25.970149253731343,43.91509433962264,22.515923572829163,7.16,19,2,9,2.827433388230814,0,2.0,12,1.3,/user/raabe14/u19361/workspace-allen/results/VISl_5/trial_0/phase_0/lib_ab4a70858e/lib_ab4a70858e__delay_0.06__dur_0.0.h5
194,0.06,0.2,ab4a70858e,0.10395918786525726,2.6865671641791096,-11.650943396226417,45.02251307527088,14.32,35,33,2,0.6283185307179586,2,4.0,12,1.3,/user/raabe14/u19361/workspace-allen/results/VISl_5/trial_0/phase_0/lib_ab4a70858e/lib_ab4a70858e__delay_0.06__dur_0.2.h5
195,0.0,0.2,ab4a70858e,0.09635759890079498,0.8955223880597032,-36.74528301886792,45.02251307527088,10.74,34,47,2,0.6283185307179586,1,3.0,11,1.2,/user/raabe14/u19361/workspace-allen/results/VISl_5/trial_0/phase_0/lib_ab4a70858e/lib_ab4a70858e__delay_0.0__dur_0.2.h5
196,0.12,0.0,ab4a70858e,0.11572675406932831,-17.014925373134325,-9.858490566037737,112.48408527317332,28.65,24,32,5,1.5707963267948966,5,8.0,3,0.04,/user/raabe14/u19361/workspace-allen/results/VISl_5/trial_0/phase_0/lib_ab4a70858e/lib_ab4a70858e__delay_0.12__dur_0.0.h5
197,0.03,0.0,ab4a70858e,0.09919402003288269,-56.417910447761194,27.783018867924525,134.9774869247291,10.74,2,11,6,1.8849555921538759,1,3.0,12,1.3,/user/raabe14/u19361/workspace-allen/results/VISl_5/trial_0/phase_0/lib_ab4a70858e/lib_ab4a70858e__delay_0.03__dur_0.0.h5
198,0.15,0.2,ab4a70858e,0.11251779645681381,-27.761194029850742,-18.82075471698113,22.515923572829195,7.16,18,37,1,0.3141592653589793,0,2.0,10,1.1,/user/raabe14/u19361/workspace-allen/results/VISl_5/trial_0/phase_0/lib_ab4a70858e/lib_ab4a70858e__delay_0.15__dur_0.2.h5
199,0.09,0.0,ab4a70858e,0.17297902703285217,2.6865671641791096,17.02830188679245,22.515923572829195,17.91,35,17,1,0.3141592653589793,3,5.0,1,0.02,/user/raabe14/u19361/workspace-allen/results/VISl_5/trial_0/phase_0/lib_ab4a70858e/lib_ab4a70858e__delay_0.09__dur_0.0.h5
2,0.09,0.2,ab4a70858e,0.09812930971384048,-22.388059701492537,8.066037735849058,157.4840764271708,14.32,21,22,7,2.199114857512855,2,4.0,12,1.3,/user/raabe14/u19361/workspace-allen/results/VISl_5/trial_0/phase_0/lib_ab4a70858e/lib_ab4a70858e__delay_0.09__dur_0.2.h5
20,0.12,0.2,ab4a70858e,0.1639357954263687,-20.59701492537313,20.613207547169807,0.0,17.91,22,15,0,0.0,3,5.0,3,0.04,/user/raabe14/u19361/workspace-allen/results/VISl_5/trial_0/phase_0/lib_ab4a70858e/lib_ab4a70858e__delay_0.12__dur_0.2.h5
200,0.09,0.2,ab4a70858e,0.10499078035354614,-8.059701492537314,6.273584905660378,157.4840764271708,10.74,29,23,7,2.199114857512855,1,3.0,10,1.1,/user/raabe14/u19361/workspace-allen/results/VISl_5/trial_0/phase_0/lib_ab4a70858e/lib_ab4a70858e__delay_0.09__dur_0.2.h5
201,0.15,0.0,ab4a70858e,0.11051096767187119,-25.970149253731343,-8.066037735849058,157.4840764271708,10.74,19,31,7,2.199114857512855,1,3.0,12,1.3,/user/raabe14/u19361/workspace-allen/results/VISl_5/trial_0/phase_0/lib_ab4a70858e/lib_ab4a70858e__delay_0.15__dur_0.0.h5
202,0.15,0.2,ab4a70858e,0.10430186986923218,17.014925373134332,0.8962264150943398,90.0,14.32,43,26,4,1.2566370614359172,2,4.0,11,1.2,/user/raabe14/u19361/workspace-allen/results/VISl_5/trial_0/phase_0/lib_ab4a70858e/lib_ab4a70858e__delay_0.15__dur_0.2.h5
203,0.06,0.0,ab4a70858e,0.15198254585266113,-11.64179104477612,6.273584905660378,90.0,21.49,27,23,4,1.2566370614359172,4,6.0,2,0.03,/user/raabe14/u19361/workspace-allen/results/VISl_5/trial_0/phase_0/lib_ab4a70858e/lib_ab4a70858e__delay_0.06__dur_0.0.h5
204,0.12,0.2,ab4a70858e,0.11611298471689224,-0.8955223880596961,0.8962264150943398,157.4840764271708,17.91,33,26,7,2.199114857512855,3,5.0,7,0.08,/user/raabe14/u19361/workspace-allen/results/VISl_5/trial_0/phase_0/lib_ab4a70858e/lib_ab4a70858e__delay_0.12__dur_0.2.h5
205,0.15,0.0,ab4a70858e,0.1227545440196991,15.223880597014926,2.6886792452830193,134.9774869247291,21.49,42,25,6,1.8849555921538759,4,6.0,2,0.03,/user/raabe14/u19361/workspace-allen/results/VISl_5/trial_0/phase_0/lib_ab4a70858e/lib_ab4a70858e__delay_0.15__dur_0.0.h5
206,0.09,0.2,ab4a70858e,0.24584567546844482,-4.477611940298509,-8.066037735849058,22.515923572829195,21.49,31,31,1,0.3141592653589793,4,6.0,4,0.05,/user/raabe14/u19361/workspace-allen/results/VISl_5/trial_0/phase_0/lib_ab4a70858e/lib_ab4a70858e__delay_0.09__dur_0.2.h5
207,0.12,0.0,ab4a70858e,0.151783287525177,8.059701492537314,-0.8962264150943398,45.02251307527088,14.32,38,27,2,0.6283185307179586,2,4.0,4,0.05,/user/raabe14/u19361/workspace-allen/results/VISl_5/trial_0/phase_0/lib_ab4a70858e/lib_ab4a70858e__delay_0.12__dur_0.0.h5
208,0.15,0.2,ab4a70858e,0.14428141713142395,6.268656716417908,-0.8962264150943398,157.4840764271708,10.74,37,27,7,2.199114857512855,1,3.0,0,0.01,/user/raabe14/u19361/workspace-allen/results/VISl_5/trial_0/phase_0/lib_ab4a70858e/lib_ab4a70858e__delay_0.15__dur_0.2.h5
209,0.09,0.0,ab4a70858e,0.1562989354133606,6.268656716417908,15.235849056603776,112.48408527317332,21.49,37,18,5,1.5707963267948966,4,6.0,3,0.04,/user/raabe14/u19361/workspace-allen/results/VISl_5/trial_0/phase_0/lib_ab4a70858e/lib_ab4a70858e__delay_0.09__dur_0.0.h5
21,0.06,0.0,ab4a70858e,0.0977235734462738,-15.223880597014926,-45.70754716981132,180.0,21.49,25,52,8,2.5132741228718345,4,6.0,11,1.2,/user/raabe14/u19361/workspace-allen/results/VISl_5/trial_0/phase_0/lib_ab4a70858e/lib_ab4a70858e__delay_0.06__dur_0.0.h5
210,0.12,0.2,ab4a70858e,0.18385717272758484,-2.6865671641791025,0.8962264150943398,112.48408527317332,21.49,32,26,5,1.5707963267948966,4,6.0,5,0.06,/user/raabe14/u19361/workspace-allen/results/VISl_5/trial_0/phase_0/lib_ab4a70858e/lib_ab4a70858e__delay_0.12__dur_0.2.h5
211,0.09,0.0,ab4a70858e,0.13210706412792206,9.85074626865672,-0.8962264150943398,112.48408527317332,17.91,39,27,5,1.5707963267948966,3,5.0,3,0.04,/user/raabe14/u19361/workspace-allen/results/VISl_5/trial_0/phase_0/lib_ab4a70858e/lib_ab4a70858e__delay_0.09__dur_0.0.h5
212,0.12,0.0,ab4a70858e,0.10544607788324356,-33.134328358208954,-18.82075471698113,67.51591472682667,7.16,15,37,3,0.9424777960769379,0,2.0,10,1.1,/user/raabe14/u19361/workspace-allen/results/VISl_5/trial_0/phase_0/lib_ab4a70858e/lib_ab4a70858e__delay_0.12__dur_0.0.h5
213,0.06,0.0,ab4a70858e,0.1384066939353943,-18.80597014925373,11.650943396226417,45.02251307527088,14.32,23,20,2,0.6283185307179586,2,4.0,11,1.2,/user/raabe14/u19361/workspace-allen/results/VISl_5/trial_0/phase_0/lib_ab4a70858e/lib_ab4a70858e__delay_0.06__dur_0.0.h5
214,0.12,0.0,ab4a70858e,0.1687593162059784,17.014925373134332,13.443396226415096,67.51591472682667,17.91,43,19,3,0.9424777960769379,3,5.0,6,0.07,/user/raabe14/u19361/workspace-allen/results/VISl_5/trial_0/phase_0/lib_ab4a70858e/lib_ab4a70858e__delay_0.12__dur_0.0.h5
215,0.15,0.0,ab4a70858e,0.1267538070678711,-0.8955223880596961,-0.8962264150943398,112.48408527317332,14.32,33,27,5,1.5707963267948966,2,4.0,9,0.1,/user/raabe14/u19361/workspace-allen/results/VISl_5/trial_0/phase_0/lib_ab4a70858e/lib_ab4a70858e__delay_0.15__dur_0.0.h5
216,0.15,0.0,ab4a70858e,0.1392596960067749,2.6865671641791096,-0.8962264150943398,22.515923572829163,21.49,35,27,9,2.827433388230814,4,6.0,9,0.1,/user/raabe14/u19361/workspace-allen/results/VISl_5/trial_0/phase_0/lib_ab4a70858e/lib_ab4a70858e__delay_0.15__dur_0.0.h5
217,0.09,0.0,ab4a70858e,0.12120596319437027,-13.43283582089552,20.613207547169807,157.4840764271708,10.74,26,15,7,2.199114857512855,1,3.0,11,1.2,/user/raabe14/u19361/workspace-allen/results/VISl_5/trial_0/phase_0/lib_ab4a70858e/lib_ab4a70858e__delay_0.09__dur_0.0.h5
218,0.15,0.2,ab4a70858e,0.10374446213245392,-9.850746268656714,-8.066037735849058,22.515923572829163,10.74,28,31,9,2.827433388230814,1,3.0,6,0.07,/user/raabe14/u19361/workspace-allen/results/VISl_5/trial_0/phase_0/lib_ab4a70858e/lib_ab4a70858e__delay_0.15__dur_0.2.h5
219,0.12,0.0,ab4a70858e,0.10502348840236664,-6.268656716417908,-11.650943396226417,22.515923572829195,28.65,30,33,1,0.3141592653589793,5,8.0,3,0.04,/user/raabe14/u19361/workspace-allen/results/VISl_5/trial_0/phase_0/lib_ab4a70858e/lib_ab4a70858e__delay_0.12__dur_0.0.h5
22,0.12,0.2,ab4a70858e,0.13013356924057007,-8.059701492537314,15.235849056603776,180.0,14.32,29,18,8,2.5132741228718345,2,4.0,12,1.3,/user/raabe14/u19361/workspace-allen/results/VISl_5/trial_0/phase_0/lib_ab4a70858e/lib_ab4a70858e__delay_0.12__dur_0.2.h5
220,0.15,0.2,ab4a70858e,0.11501675844192505,-8.059701492537314,-8.066037735849058,180.0,14.32,29,31,8,2.5132741228718345,2,4.0,6,0.07,/user/raabe14/u19361/workspace-allen/results/VISl_5/trial_0/phase_0/lib_ab4a70858e/lib_ab4a70858e__delay_0.15__dur_0.2.h5
221,0.0,0.2,ab4a70858e,0.10028298199176788,-4.477611940298509,-2.6886792452830193,45.02251307527088,28.65,31,28,2,0.6283185307179586,5,8.0,2,0.03,/user/raabe14/u19361/workspace-allen/results/VISl_5/trial_0/phase_0/lib_ab4a70858e/lib_ab4a70858e__delay_0.0__dur_0.2.h5
222,0.09,0.0,ab4a70858e,0.11295502632856369,-18.80597014925373,-2.6886792452830193,180.0,28.65,23,28,8,2.5132741228718345,5,8.0,4,0.05,/user/raabe14/u19361/workspace-allen/results/VISl_5/trial_0/phase_0/lib_ab4a70858e/lib_ab4a70858e__delay_0.09__dur_0.0.h5
223,0.15,0.0,ab4a70858e,0.16207975149154663,8.059701492537314,-6.273584905660378,22.515923572829195,21.49,38,30,1,0.3141592653589793,4,6.0,4,0.05,/user/raabe14/u19361/workspace-allen/results/VISl_5/trial_0/phase_0/lib_ab4a70858e/lib_ab4a70858e__delay_0.15__dur_0.0.h5
224,0.12,0.0,ab4a70858e,0.09483035653829575,4.477611940298516,-25.99056603773585,45.02251307527088,17.91,36,41,2,0.6283185307179586,3,5.0,11,1.2,/user/raabe14/u19361/workspace-allen/results/VISl_5/trial_0/phase_0/lib_ab4a70858e/lib_ab4a70858e__delay_0.12__dur_0.0.h5
225,0.15,0.2,ab4a70858e,0.0924759954214096,13.43283582089552,-4.481132075471699,22.515923572829195,7.16,41,29,1,0.3141592653589793,0,2.0,12,1.3,/user/raabe14/u19361/workspace-allen/results/VISl_5/trial_0/phase_0/lib_ab4a70858e/lib_ab4a70858e__delay_0.15__dur_0.2.h5
226,0.12,0.2,ab4a70858e,0.10320964455604553,13.43283582089552,0.8962264150943398,45.02251307527088,14.32,41,26,2,0.6283185307179586,2,4.0,5,0.06,/user/raabe14/u19361/workspace-allen/results/VISl_5/trial_0/phase_0/lib_ab4a70858e/lib_ab4a70858e__delay_0.12__dur_0.2.h5
227,0.09,0.0,ab4a70858e,0.10229337960481644,15.223880597014926,9.858490566037737,22.515923572829163,14.32,42,21,9,2.827433388230814,2,4.0,12,1.3,/user/raabe14/u19361/workspace-allen/results/VISl_5/trial_0/phase_0/lib_ab4a70858e/lib_ab4a70858e__delay_0.09__dur_0.0.h5
228,0.12,0.0,ab4a70858e,0.1014750674366951,-0.8955223880596961,-6.273584905660378,180.0,10.74,33,30,8,2.5132741228718345,1,3.0,10,1.1,/user/raabe14/u19361/workspace-allen/results/VISl_5/trial_0/phase_0/lib_ab4a70858e/lib_ab4a70858e__delay_0.12__dur_0.0.h5
229,0.15,0.0,ab4a70858e,0.10523835569620132,11.641791044776127,43.91509433962264,157.4840764271708,10.74,40,2,7,2.199114857512855,1,3.0,12,1.3,/user/raabe14/u19361/workspace-allen/results/VISl_5/trial_0/phase_0/lib_ab4a70858e/lib_ab4a70858e__delay_0.15__dur_0.0.h5
23,0.12,0.2,ab4a70858e,0.09951596707105637,-34.92537313432835,-34.95283018867924,22.515923572829195,7.16,14,46,1,0.3141592653589793,0,2.0,11,1.2,/user/raabe14/u19361/workspace-allen/results/VISl_5/trial_0/phase_0/lib_ab4a70858e/lib_ab4a70858e__delay_0.12__dur_0.2.h5
230,0.12,0.0,ab4a70858e,0.20067518949508667,-0.8955223880596961,-2.6886792452830193,134.9774869247291,21.49,33,28,6,1.8849555921538759,4,6.0,2,0.03,/user/raabe14/u19361/workspace-allen/results/VISl_5/trial_0/phase_0/lib_ab4a70858e/lib_ab4a70858e__delay_0.12__dur_0.0.h5
231,0.0,0.2,ab4a70858e,0.1654425412416458,-22.388059701492537,4.481132075471699,157.4840764271708,17.91,21,24,7,2.199114857512855,3,5.0,12,1.3,/user/raabe14/u19361/workspace-allen/results/VISl_5/trial_0/phase_0/lib_ab4a70858e/lib_ab4a70858e__delay_0.0__dur_0.2.h5
232,0.15,0.0,ab4a70858e,0.13328881561756134,4.477611940298516,-6.273584905660378,45.02251307527088,21.49,36,30,2,0.6283185307179586,4,6.0,6,0.07,/user/raabe14/u19361/workspace-allen/results/VISl_5/trial_0/phase_0/lib_ab4a70858e/lib_ab4a70858e__delay_0.15__dur_0.0.h5
233,0.09,0.0,ab4a70858e,0.1269458830356598,9.85074626865672,8.066037735849058,157.4840764271708,28.65,39,22,7,2.199114857512855,5,8.0,3,0.04,/user/raabe14/u19361/workspace-allen/results/VISl_5/trial_0/phase_0/lib_ab4a70858e/lib_ab4a70858e__delay_0.09__dur_0.0.h5
234,0.09,0.0,ab4a70858e,0.1007036417722702,-0.8955223880596961,-0.8962264150943398,22.515923572829163,21.49,33,27,9,2.827433388230814,4,6.0,2,0.03,/user/raabe14/u19361/workspace-allen/results/VISl_5/trial_0/phase_0/lib_ab4a70858e/lib_ab4a70858e__delay_0.09__dur_0.0.h5
235,0.12,0.2,ab4a70858e,0.08975935727357864,0.8955223880597032,2.6886792452830193,22.515923572829195,21.49,34,25,1,0.3141592653589793,4,6.0,12,1.3,/user/raabe14/u19361/workspace-allen/results/VISl_5/trial_0/phase_0/lib_ab4a70858e/lib_ab4a70858e__delay_0.12__dur_0.2.h5
236,0.12,0.0,ab4a70858e,0.22558924555778503,-4.477611940298509,-4.481132075471699,134.9774869247291,21.49,31,29,6,1.8849555921538759,4,6.0,4,0.05,/user/raabe14/u19361/workspace-allen/results/VISl_5/trial_0/phase_0/lib_ab4a70858e/lib_ab4a70858e__delay_0.12__dur_0.0.h5
237,0.12,0.0,ab4a70858e,0.15445144474506378,-4.477611940298509,6.273584905660378,67.51591472682667,21.49,31,23,3,0.9424777960769379,4,6.0,3,0.04,/user/raabe14/u19361/workspace-allen/results/VISl_5/trial_0/phase_0/lib_ab4a70858e/lib_ab4a70858e__delay_0.12__dur_0.0.h5
238,0.15,0.0,ab4a70858e,0.196051225066185,8.059701492537314,6.273584905660378,112.48408527317332,17.91,38,23,5,1.5707963267948966,3,5.0,4,0.05,/user/raabe14/u19361/workspace-allen/results/VISl_5/trial_0/phase_0/lib_ab4a70858e/lib_ab4a70858e__delay_0.15__dur_0.0.h5
239,0.06,0.0,ab4a70858e,0.10443674027919769,-15.223880597014926,47.5,22.515923572829163,28.65,25,0,9,2.827433388230814,5,8.0,5,0.06,/user/raabe14/u19361/workspace-allen/results/VISl_5/trial_0/phase_0/lib_ab4a70858e/lib_ab4a70858e__delay_0.06__dur_0.0.h5
24,0.06,0.2,ab4a70858e,0.09193454682826996,-51.04477611940298,-27.78301886792453,90.0,7.16,5,42,4,1.2566370614359172,0,2.0,12,1.3,/user/raabe14/u19361/workspace-allen/results/VISl_5/trial_0/phase_0/lib_ab4a70858e/lib_ab4a70858e__delay_0.06__dur_0.2.h5
240,0.09,0.2,ab4a70858e,0.15198224782943726,15.223880597014926,-0.8962264150943398,45.02251307527088,28.65,42,27,2,0.6283185307179586,5,8.0,4,0.05,/user/raabe14/u19361/workspace-allen/results/VISl_5/trial_0/phase_0/lib_ab4a70858e/lib_ab4a70858e__delay_0.09__dur_0.2.h5
241,0.12,0.2,ab4a70858e,0.11768940091133118,-4.477611940298509,29.575471698113205,157.4840764271708,10.74,31,10,7,2.199114857512855,1,3.0,12,1.3,/user/raabe14/u19361/workspace-allen/results/VISl_5/trial_0/phase_0/lib_ab4a70858e/lib_ab4a70858e__delay_0.12__dur_0.2.h5
242,0.0,0.0,ab4a70858e,0.09934356063604355,43.88059701492537,38.5377358490566,90.0,7.16,58,5,4,1.2566370614359172,0,2.0,12,1.3,/user/raabe14/u19361/workspace-allen/results/VISl_5/trial_0/phase_0/lib_ab4a70858e/lib_ab4a70858e__delay_0.0__dur_0.0.h5
243,0.15,0.2,ab4a70858e,0.1066896915435791,9.85074626865672,-6.273584905660378,90.0,7.16,39,30,4,1.2566370614359172,0,2.0,11,1.2,/user/raabe14/u19361/workspace-allen/results/VISl_5/trial_0/phase_0/lib_ab4a70858e/lib_ab4a70858e__delay_0.15__dur_0.2.h5
244,0.12,0.0,ab4a70858e,0.16233161091804504,13.43283582089552,0.8962264150943398,157.4840764271708,21.49,41,26,7,2.199114857512855,4,6.0,2,0.03,/user/raabe14/u19361/workspace-allen/results/VISl_5/trial_0/phase_0/lib_ab4a70858e/lib_ab4a70858e__delay_0.12__dur_0.0.h5
245,0.15,0.2,ab4a70858e,0.10983071476221085,-31.34328358208955,-13.443396226415096,157.4840764271708,10.74,16,34,7,2.199114857512855,1,3.0,12,1.3,/user/raabe14/u19361/workspace-allen/results/VISl_5/trial_0/phase_0/lib_ab4a70858e/lib_ab4a70858e__delay_0.15__dur_0.2.h5
246,0.12,0.2,ab4a70858e,0.10929521173238754,6.268656716417908,-6.273584905660378,22.515923572829163,10.74,37,30,9,2.827433388230814,1,3.0,12,1.3,/user/raabe14/u19361/workspace-allen/results/VISl_5/trial_0/phase_0/lib_ab4a70858e/lib_ab4a70858e__delay_0.12__dur_0.2.h5
247,0.15,0.0,ab4a70858e,0.16450433433055878,18.80597014925374,0.8962264150943398,90.0,21.49,44,26,4,1.2566370614359172,4,6.0,4,0.05,/user/raabe14/u19361/workspace-allen/results/VISl_5/trial_0/phase_0/lib_ab4a70858e/lib_ab4a70858e__delay_0.15__dur_0.0.h5
248,0.15,0.0,ab4a70858e,0.12009402364492416,-0.8955223880596961,-4.481132075471699,22.515923572829195,17.91,33,29,1,0.3141592653589793,3,5.0,3,0.04,/user/raabe14/u19361/workspace-allen/results/VISl_5/trial_0/phase_0/lib_ab4a70858e/lib_ab4a70858e__delay_0.15__dur_0.0.h5
249,0.15,0.0,ab4a70858e,0.14218442142009735,0.8955223880597032,-6.273584905660378,0.0,7.16,34,30,0,0.0,0,2.0,11,1.2,/user/raabe14/u19361/workspace-allen/results/VISl_5/trial_0/phase_0/lib_ab4a70858e/lib_ab4a70858e__delay_0.15__dur_0.0.h5
25,0.06,0.0,ab4a70858e,0.17790164053440094,-25.970149253731343,17.02830188679245,134.9774869247291,17.91,19,17,6,1.8849555921538759,3,5.0,3,0.04,/user/raabe14/u19361/workspace-allen/results/VISl_5/trial_0/phase_0/lib_ab4a70858e/lib_ab4a70858e__delay_0.06__dur_0.0.h5
250,0.09,0.0,ab4a70858e,0.16578401625156403,24.179104477611943,11.650943396226417,180.0,17.91,47,20,8,2.5132741228718345,3,5.0,2,0.03,/user/raabe14/u19361/workspace-allen/results/VISl_5/trial_0/phase_0/lib_ab4a70858e/lib_ab4a70858e__delay_0.09__dur_0.0.h5
251,0.15,0.0,ab4a70858e,0.11037100851535797,15.223880597014926,2.6886792452830193,90.0,7.16,42,25,4,1.2566370614359172,0,2.0,11,1.2,/user/raabe14/u19361/workspace-allen/results/VISl_5/trial_0/phase_0/lib_ab4a70858e/lib_ab4a70858e__delay_0.15__dur_0.0.h5
252,0.12,0.2,ab4a70858e,0.10674567520618439,22.388059701492537,27.783018867924525,180.0,7.16,46,11,8,2.5132741228718345,0,2.0,12,1.3,/user/raabe14/u19361/workspace-allen/results/VISl_5/trial_0/phase_0/lib_ab4a70858e/lib_ab4a70858e__delay_0.12__dur_0.2.h5
253,0.06,0.0,ab4a70858e,0.10001111775636673,-0.8955223880596961,-11.650943396226417,45.02251307527088,10.74,33,33,2,0.6283185307179586,1,3.0,11,1.2,/user/raabe14/u19361/workspace-allen/results/VISl_5/trial_0/phase_0/lib_ab4a70858e/lib_ab4a70858e__delay_0.06__dur_0.0.h5
254,0.09,0.0,ab4a70858e,0.1091519445180893,-11.64179104477612,-13.443396226415096,22.515923572829195,28.65,27,34,1,0.3141592653589793,5,8.0,3,0.04,/user/raabe14/u19361/workspace-allen/results/VISl_5/trial_0/phase_0/lib_ab4a70858e/lib_ab4a70858e__delay_0.09__dur_0.0.h5
255,0.09,0.0,ab4a70858e,0.15314918756484985,-11.64179104477612,2.6886792452830193,0.0,21.49,27,25,0,0.0,4,6.0,9,0.1,/user/raabe14/u19361/workspace-allen/results/VISl_5/trial_0/phase_0/lib_ab4a70858e/lib_ab4a70858e__delay_0.09__dur_0.0.h5
256,0.12,0.0,ab4a70858e,0.1669115573167801,11.641791044776127,0.8962264150943398,157.4840764271708,28.65,40,26,7,2.199114857512855,5,8.0,4,0.05,/user/raabe14/u19361/workspace-allen/results/VISl_5/trial_0/phase_0/lib_ab4a70858e/lib_ab4a70858e__delay_0.12__dur_0.0.h5
257,0.09,0.2,ab4a70858e,0.12079869210720062,-11.64179104477612,4.481132075471699,22.515923572829195,21.49,27,24,1,0.3141592653589793,4,6.0,9,0.1,/user/raabe14/u19361/workspace-allen/results/VISl_5/trial_0/phase_0/lib_ab4a70858e/lib_ab4a70858e__delay_0.09__dur_0.2.h5
258,0.06,0.2,ab4a70858e,0.0939815565943718,-56.417910447761194,18.820754716981128,22.515923572829163,7.16,2,16,9,2.827433388230814,0,2.0,11,1.2,/user/raabe14/u19361/workspace-allen/results/VISl_5/trial_0/phase_0/lib_ab4a70858e/lib_ab4a70858e__delay_0.06__dur_0.2.h5
259,0.03,0.2,ab4a70858e,0.11726099997758865,-31.34328358208955,-24.19811320754717,0.0,17.91,16,40,0,0.0,3,5.0,11,1.2,/user/raabe14/u19361/workspace-allen/results/VISl_5/trial_0/phase_0/lib_ab4a70858e/lib_ab4a70858e__delay_0.03__dur_0.2.h5
26,0.15,0.2,ab4a70858e,0.1082405373454094,0.8955223880597032,36.74528301886792,180.0,7.16,34,6,8,2.5132741228718345,0,2.0,12,1.3,/user/raabe14/u19361/workspace-allen/results/VISl_5/trial_0/phase_0/lib_ab4a70858e/lib_ab4a70858e__delay_0.15__dur_0.2.h5
260,0.12,0.0,ab4a70858e,0.23171593248844147,13.43283582089552,-0.8962264150943398,67.51591472682667,21.49,41,27,3,0.9424777960769379,4,6.0,7,0.08,/user/raabe14/u19361/workspace-allen/results/VISl_5/trial_0/phase_0/lib_ab4a70858e/lib_ab4a70858e__delay_0.12__dur_0.0.h5
261,0.09,0.2,ab4a70858e,0.13097350299358368,-4.477611940298509,-8.066037735849058,0.0,10.74,31,31,0,0.0,1,3.0,11,1.2,/user/raabe14/u19361/workspace-allen/results/VISl_5/trial_0/phase_0/lib_ab4a70858e/lib_ab4a70858e__delay_0.09__dur_0.2.h5
262,0.06,0.0,ab4a70858e,0.09814472496509552,8.059701492537314,0.8962264150943398,134.9774869247291,14.32,38,26,6,1.8849555921538759,2,4.0,4,0.05,/user/raabe14/u19361/workspace-allen/results/VISl_5/trial_0/phase_0/lib_ab4a70858e/lib_ab4a70858e__delay_0.06__dur_0.0.h5
263,0.15,0.2,ab4a70858e,0.10220719873905182,-20.59701492537313,4.481132075471699,157.4840764271708,14.32,22,24,7,2.199114857512855,2,4.0,12,1.3,/user/raabe14/u19361/workspace-allen/results/VISl_5/trial_0/phase_0/lib_ab4a70858e/lib_ab4a70858e__delay_0.15__dur_0.2.h5
264,0.15,0.0,ab4a70858e,0.14425966143608093,11.641791044776127,-0.8962264150943398,157.4840764271708,28.65,40,27,7,2.199114857512855,5,8.0,2,0.03,/user/raabe14/u19361/workspace-allen/results/VISl_5/trial_0/phase_0/lib_ab4a70858e/lib_ab4a70858e__delay_0.15__dur_0.0.h5
265,0.06,0.0,ab4a70858e,0.22353748977184296,0.8955223880597032,-0.8962264150943398,180.0,21.49,34,27,8,2.5132741228718345,4,6.0,3,0.04,/user/raabe14/u19361/workspace-allen/results/VISl_5/trial_0/phase_0/lib_ab4a70858e/lib_ab4a70858e__delay_0.06__dur_0.0.h5
266,0.15,0.0,ab4a70858e,0.1349574625492096,-6.268656716417908,-13.443396226415096,22.515923572829163,21.49,30,34,9,2.827433388230814,4,6.0,3,0.04,/user/raabe14/u19361/workspace-allen/results/VISl_5/trial_0/phase_0/lib_ab4a70858e/lib_ab4a70858e__delay_0.15__dur_0.0.h5
267,0.12,0.0,ab4a70858e,0.17062881588935852,6.268656716417908,-2.6886792452830193,180.0,14.32,37,28,8,2.5132741228718345,2,4.0,4,0.05,/user/raabe14/u19361/workspace-allen/results/VISl_5/trial_0/phase_0/lib_ab4a70858e/lib_ab4a70858e__delay_0.12__dur_0.0.h5
268,0.03,0.0,ab4a70858e,0.10085347294807434,6.268656716417908,-9.858490566037737,134.9774869247291,14.32,37,32,6,1.8849555921538759,2,4.0,11,1.2,/user/raabe14/u19361/workspace-allen/results/VISl_5/trial_0/phase_0/lib_ab4a70858e/lib_ab4a70858e__delay_0.03__dur_0.0.h5
269,0.03,0.2,ab4a70858e,0.09580744057893753,13.43283582089552,-27.78301886792453,22.515923572829195,10.74,41,42,1,0.3141592653589793,1,3.0,12,1.3,/user/raabe14/u19361/workspace-allen/results/VISl_5/trial_0/phase_0/lib_ab4a70858e/lib_ab4a70858e__delay_0.03__dur_0.2.h5
27,0.09,0.2,ab4a70858e,0.11605089902877808,42.08955223880598,29.575471698113205,22.515923572829163,7.16,57,10,9,2.827433388230814,0,2.0,10,1.1,/user/raabe14/u19361/workspace-allen/results/VISl_5/trial_0/phase_0/lib_ab4a70858e/lib_ab4a70858e__delay_0.09__dur_0.2.h5
270,0.15,0.0,ab4a70858e,0.09310417622327805,17.014925373134332,6.273584905660378,67.51591472682667,21.49,43,23,3,0.9424777960769379,4,6.0,12,1.3,/user/raabe14/u19361/workspace-allen/results/VISl_5/trial_0/phase_0/lib_ab4a70858e/lib_ab4a70858e__delay_0.15__dur_0.0.h5
271,0.09,0.2,ab4a70858e,0.12206931412220001,29.55223880597015,2.6886792452830193,134.9774869247291,28.65,50,25,6,1.8849555921538759,5,8.0,2,0.03,/user/raabe14/u19361/workspace-allen/results/VISl_5/trial_0/phase_0/lib_ab4a70858e/lib_ab4a70858e__delay_0.09__dur_0.2.h5
272,0.03,0.0,ab4a70858e,0.10892700403928757,36.71641791044776,-27.78301886792453,157.4840764271708,7.16,54,42,7,2.199114857512855,0,2.0,11,1.2,/user/raabe14/u19361/workspace-allen/results/VISl_5/trial_0/phase_0/lib_ab4a70858e/lib_ab4a70858e__delay_0.03__dur_0.0.h5
273,0.12,0.0,ab4a70858e,0.10020345449447632,49.25373134328359,24.198113207547166,22.515923572829195,7.16,61,13,1,0.3141592653589793,0,2.0,11,1.2,/user/raabe14/u19361/workspace-allen/results/VISl_5/trial_0/phase_0/lib_ab4a70858e/lib_ab4a70858e__delay_0.12__dur_0.0.h5
274,0.15,0.2,ab4a70858e,0.1422775834798813,2.6865671641791096,-9.858490566037737,134.9774869247291,10.74,35,32,6,1.8849555921538759,1,3.0,5,0.06,/user/raabe14/u19361/workspace-allen/results/VISl_5/trial_0/phase_0/lib_ab4a70858e/lib_ab4a70858e__delay_0.15__dur_0.2.h5
275,0.06,0.2,ab4a70858e,0.09752988070249557,43.88059701492537,2.6886792452830193,134.9774869247291,14.32,58,25,6,1.8849555921538759,2,4.0,12,1.3,/user/raabe14/u19361/workspace-allen/results/VISl_5/trial_0/phase_0/lib_ab4a70858e/lib_ab4a70858e__delay_0.06__dur_0.2.h5
276,0.15,0.0,ab4a70858e,0.1152779832482338,11.641791044776127,-2.6886792452830193,157.4840764271708,17.91,40,28,7,2.199114857512855,3,5.0,4,0.05,/user/raabe14/u19361/workspace-allen/results/VISl_5/trial_0/phase_0/lib_ab4a70858e/lib_ab4a70858e__delay_0.15__dur_0.0.h5
277,0.09,0.2,ab4a70858e,0.11125092208385468,24.179104477611943,-11.650943396226417,0.0,17.91,47,33,0,0.0,3,5.0,3,0.04,/user/raabe14/u19361/workspace-allen/results/VISl_5/trial_0/phase_0/lib_ab4a70858e/lib_ab4a70858e__delay_0.09__dur_0.2.h5
278,0.09,0.0,ab4a70858e,0.19982996582984924,22.388059701492537,8.066037735849058,157.4840764271708,28.65,46,22,7,2.199114857512855,5,8.0,2,0.03,/user/raabe14/u19361/workspace-allen/results/VISl_5/trial_0/phase_0/lib_ab4a70858e/lib_ab4a70858e__delay_0.09__dur_0.0.h5
279,0.09,0.0,ab4a70858e,0.1304876059293747,17.014925373134332,9.858490566037737,180.0,17.91,43,21,8,2.5132741228718345,3,5.0,7,0.08,/user/raabe14/u19361/workspace-allen/results/VISl_5/trial_0/phase_0/lib_ab4a70858e/lib_ab4a70858e__delay_0.09__dur_0.0.h5
28,0.06,0.2,ab4a70858e,0.1027064248919487,47.462686567164184,34.95283018867924,22.515923572829195,17.91,60,7,1,0.3141592653589793,3,5.0,12,1.3,/user/raabe14/u19361/workspace-allen/results/VISl_5/trial_0/phase_0/lib_ab4a70858e/lib_ab4a70858e__delay_0.06__dur_0.2.h5
280,0.15,0.0,ab4a70858e,0.14591167867183685,9.85074626865672,9.858490566037737,22.515923572829195,14.32,39,21,1,0.3141592653589793,2,4.0,7,0.08,/user/raabe14/u19361/workspace-allen/results/VISl_5/trial_0/phase_0/lib_ab4a70858e/lib_ab4a70858e__delay_0.15__dur_0.0.h5
281,0.15,0.0,ab4a70858e,0.1434047669172287,4.477611940298516,-4.481132075471699,67.51591472682667,28.65,36,29,3,0.9424777960769379,5,8.0,3,0.04,/user/raabe14/u19361/workspace-allen/results/VISl_5/trial_0/phase_0/lib_ab4a70858e/lib_ab4a70858e__delay_0.15__dur_0.0.h5
282,0.15,0.0,ab4a70858e,0.18814963102340698,8.059701492537314,-6.273584905660378,0.0,21.49,38,30,0,0.0,4,6.0,3,0.04,/user/raabe14/u19361/workspace-allen/results/VISl_5/trial_0/phase_0/lib_ab4a70858e/lib_ab4a70858e__delay_0.15__dur_0.0.h5
283,0.12,0.0,ab4a70858e,0.21578006446361542,4.477611940298516,-0.8962264150943398,22.515923572829195,21.49,36,27,1,0.3141592653589793,4,6.0,6,0.07,/user/raabe14/u19361/workspace-allen/results/VISl_5/trial_0/phase_0/lib_ab4a70858e/lib_ab4a70858e__delay_0.12__dur_0.0.h5
284,0.12,0.0,ab4a70858e,0.16729961335659027,0.8955223880597032,2.6886792452830193,0.0,21.49,34,25,0,0.0,4,6.0,4,0.05,/user/raabe14/u19361/workspace-allen/results/VISl_5/trial_0/phase_0/lib_ab4a70858e/lib_ab4a70858e__delay_0.12__dur_0.0.h5
285,0.06,0.2,ab4a70858e,0.10153474658727646,9.85074626865672,-0.8962264150943398,67.51591472682667,17.91,39,27,3,0.9424777960769379,3,5.0,12,1.3,/user/raabe14/u19361/workspace-allen/results/VISl_5/trial_0/phase_0/lib_ab4a70858e/lib_ab4a70858e__delay_0.06__dur_0.2.h5
286,0.15,0.0,ab4a70858e,0.13770835101604462,20.59701492537313,-8.066037735849058,45.02251307527088,21.49,45,31,2,0.6283185307179586,4,6.0,4,0.05,/user/raabe14/u19361/workspace-allen/results/VISl_5/trial_0/phase_0/lib_ab4a70858e/lib_ab4a70858e__delay_0.15__dur_0.0.h5
287,0.09,0.0,ab4a70858e,0.1280890256166458,2.6865671641791096,8.066037735849058,134.9774869247291,21.49,35,22,6,1.8849555921538759,4,6.0,5,0.06,/user/raabe14/u19361/workspace-allen/results/VISl_5/trial_0/phase_0/lib_ab4a70858e/lib_ab4a70858e__delay_0.09__dur_0.0.h5
288,0.12,0.0,ab4a70858e,0.1817338764667511,9.85074626865672,4.481132075471699,90.0,17.91,39,24,4,1.2566370614359172,3,5.0,6,0.07,/user/raabe14/u19361/workspace-allen/results/VISl_5/trial_0/phase_0/lib_ab4a70858e/lib_ab4a70858e__delay_0.12__dur_0.0.h5
289,0.09,0.0,ab4a70858e,0.13302449882030487,-9.850746268656714,-11.650943396226417,22.515923572829195,28.65,28,33,1,0.3141592653589793,5,8.0,2,0.03,/user/raabe14/u19361/workspace-allen/results/VISl_5/trial_0/phase_0/lib_ab4a70858e/lib_ab4a70858e__delay_0.09__dur_0.0.h5
29,0.06,0.2,ab4a70858e,0.10287554562091827,-27.761194029850742,33.160377358490564,45.02251307527088,17.91,18,8,2,0.6283185307179586,3,5.0,12,1.3,/user/raabe14/u19361/workspace-allen/results/VISl_5/trial_0/phase_0/lib_ab4a70858e/lib_ab4a70858e__delay_0.06__dur_0.2.h5
290,0.09,0.0,ab4a70858e,0.09683239459991455,-20.59701492537313,-9.858490566037737,0.0,10.74,22,32,0,0.0,1,3.0,12,1.3,/user/raabe14/u19361/workspace-allen/results/VISl_5/trial_0/phase_0/lib_ab4a70858e/lib_ab4a70858e__delay_0.09__dur_0.0.h5
291,0.03,0.0,ab4a70858e,0.14588521420955658,-9.850746268656714,-4.481132075471699,67.51591472682667,14.32,28,29,3,0.9424777960769379,2,4.0,12,1.3,/user/raabe14/u19361/workspace-allen/results/VISl_5/trial_0/phase_0/lib_ab4a70858e/lib_ab4a70858e__delay_0.03__dur_0.0.h5
292,0.15,0.0,ab4a70858e,0.11741767823696136,9.85074626865672,9.858490566037737,0.0,21.49,39,21,0,0.0,4,6.0,4,0.05,/user/raabe14/u19361/workspace-allen/results/VISl_5/trial_0/phase_0/lib_ab4a70858e/lib_ab4a70858e__delay_0.15__dur_0.0.h5
293,0.06,0.0,ab4a70858e,0.2146678864955902,24.179104477611943,8.066037735849058,67.51591472682667,14.32,47,22,3,0.9424777960769379,2,4.0,3,0.04,/user/raabe14/u19361/workspace-allen/results/VISl_5/trial_0/phase_0/lib_ab4a70858e/lib_ab4a70858e__delay_0.06__dur_0.0.h5
294,0.12,0.0,ab4a70858e,0.1979403793811798,13.43283582089552,4.481132075471699,67.51591472682667,17.91,41,24,3,0.9424777960769379,3,5.0,1,0.02,/user/raabe14/u19361/workspace-allen/results/VISl_5/trial_0/phase_0/lib_ab4a70858e/lib_ab4a70858e__delay_0.12__dur_0.0.h5
295,0.09,0.0,ab4a70858e,0.10948118567466736,13.43283582089552,-6.273584905660378,134.9774869247291,21.49,41,30,6,1.8849555921538759,4,6.0,7,0.08,/user/raabe14/u19361/workspace-allen/results/VISl_5/trial_0/phase_0/lib_ab4a70858e/lib_ab4a70858e__delay_0.09__dur_0.0.h5
296,0.0,0.2,ab4a70858e,0.11855033040046692,-17.014925373134325,-6.273584905660378,67.51591472682667,14.32,24,30,3,0.9424777960769379,2,4.0,12,1.3,/user/raabe14/u19361/workspace-allen/results/VISl_5/trial_0/phase_0/lib_ab4a70858e/lib_ab4a70858e__delay_0.0__dur_0.2.h5
297,0.09,0.0,ab4a70858e,0.09630302339792252,-2.6865671641791025,-11.650943396226417,0.0,21.49,32,33,0,0.0,4,6.0,4,0.05,/user/raabe14/u19361/workspace-allen/results/VISl_5/trial_0/phase_0/lib_ab4a70858e/lib_ab4a70858e__delay_0.09__dur_0.0.h5
298,0.09,0.2,ab4a70858e,0.12458983063697815,45.67164179104478,11.650943396226417,45.02251307527088,7.16,59,20,2,0.6283185307179586,0,2.0,12,1.3,/user/raabe14/u19361/workspace-allen/results/VISl_5/trial_0/phase_0/lib_ab4a70858e/lib_ab4a70858e__delay_0.09__dur_0.2.h5
299,0.09,0.2,ab4a70858e,0.1779143512248993,17.014925373134332,-0.8962264150943398,67.51591472682667,28.65,43,27,3,0.9424777960769379,5,8.0,3,0.04,/user/raabe14/u19361/workspace-allen/results/VISl_5/trial_0/phase_0/lib_ab4a70858e/lib_ab4a70858e__delay_0.09__dur_0.2.h5
3,0.15,0.2,ab4a70858e,0.11563003063201904,22.388059701492537,-9.858490566037737,45.02251307527088,17.91,46,32,2,0.6283185307179586,3,5.0,3,0.04,/user/raabe14/u19361/workspace-allen/results/VISl_5/trial_0/phase_0/lib_ab4a70858e/lib_ab4a70858e__delay_0.15__dur_0.2.h5
30,0.06,0.2,ab4a70858e,0.0948295071721077,-45.67164179104478,-15.235849056603776,45.02251307527088,28.65,8,35,2,0.6283185307179586,5,8.0,11,1.2,/user/raabe14/u19361/workspace-allen/results/VISl_5/trial_0/phase_0/lib_ab4a70858e/lib_ab4a70858e__delay_0.06__dur_0.2.h5
300,0.03,0.0,ab4a70858e,0.08950734883546829,-13.43283582089552,-8.066037735849058,180.0,17.91,26,31,8,2.5132741228718345,3,5.0,12,1.3,/user/raabe14/u19361/workspace-allen/results/VISl_5/trial_0/phase_0/lib_ab4a70858e/lib_ab4a70858e__delay_0.03__dur_0.0.h5
301,0.15,0.2,ab4a70858e,0.1218096911907196,4.477611940298516,-6.273584905660378,0.0,10.74,36,30,0,0.0,1,3.0,11,1.2,/user/raabe14/u19361/workspace-allen/results/VISl_5/trial_0/phase_0/lib_ab4a70858e/lib_ab4a70858e__delay_0.15__dur_0.2.h5
302,0.15,0.2,ab4a70858e,0.13933269679546356,6.268656716417908,-24.19811320754717,0.0,21.49,37,40,0,0.0,4,6.0,4,0.05,/user/raabe14/u19361/workspace-allen/results/VISl_5/trial_0/phase_0/lib_ab4a70858e/lib_ab4a70858e__delay_0.15__dur_0.2.h5
303,0.06,0.0,ab4a70858e,0.13712066411972046,20.59701492537313,2.6886792452830193,45.02251307527088,28.65,45,25,2,0.6283185307179586,5,8.0,4,0.05,/user/raabe14/u19361/workspace-allen/results/VISl_5/trial_0/phase_0/lib_ab4a70858e/lib_ab4a70858e__delay_0.06__dur_0.0.h5
304,0.09,0.2,ab4a70858e,0.20545504987239838,11.641791044776127,-4.481132075471699,90.0,17.91,40,29,4,1.2566370614359172,3,5.0,3,0.04,/user/raabe14/u19361/workspace-allen/results/VISl_5/trial_0/phase_0/lib_ab4a70858e/lib_ab4a70858e__delay_0.09__dur_0.2.h5
305,0.09,0.2,ab4a70858e,0.11479411274194717,18.80597014925374,-0.8962264150943398,0.0,7.16,44,27,0,0.0,0,2.0,11,1.2,/user/raabe14/u19361/workspace-allen/results/VISl_5/trial_0/phase_0/lib_ab4a70858e/lib_ab4a70858e__delay_0.09__dur_0.2.h5
306,0.15,0.0,ab4a70858e,0.14255768060684204,6.268656716417908,-8.066037735849058,22.515923572829195,21.49,37,31,1,0.3141592653589793,4,6.0,5,0.06,/user/raabe14/u19361/workspace-allen/results/VISl_5/trial_0/phase_0/lib_ab4a70858e/lib_ab4a70858e__delay_0.15__dur_0.0.h5
307,0.15,0.0,ab4a70858e,0.12140972912311554,11.641791044776127,-9.858490566037737,90.0,14.32,40,32,4,1.2566370614359172,2,4.0,5,0.06,/user/raabe14/u19361/workspace-allen/results/VISl_5/trial_0/phase_0/lib_ab4a70858e/lib_ab4a70858e__delay_0.15__dur_0.0.h5
308,0.0,0.2,ab4a70858e,0.11120165139436722,38.507462686567166,-20.61320754716981,0.0,17.91,55,38,0,0.0,3,5.0,11,1.2,/user/raabe14/u19361/workspace-allen/results/VISl_5/trial_0/phase_0/lib_ab4a70858e/lib_ab4a70858e__delay_0.0__dur_0.2.h5
309,0.06,0.2,ab4a70858e,0.0944683700799942,4.477611940298516,17.02830188679245,45.02251307527088,7.16,36,17,2,0.6283185307179586,0,2.0,12,1.3,/user/raabe14/u19361/workspace-allen/results/VISl_5/trial_0/phase_0/lib_ab4a70858e/lib_ab4a70858e__delay_0.06__dur_0.2.h5
31,0.03,0.0,ab4a70858e,0.09977278113365173,9.85074626865672,15.235849056603776,112.48408527317332,7.16,39,18,5,1.5707963267948966,0,2.0,12,1.3,/user/raabe14/u19361/workspace-allen/results/VISl_5/trial_0/phase_0/lib_ab4a70858e/lib_ab4a70858e__delay_0.03__dur_0.0.h5
310,0.12,0.0,ab4a70858e,0.09743934124708176,42.08955223880598,-0.8962264150943398,134.9774869247291,28.65,57,27,6,1.8849555921538759,5,8.0,12,1.3,/user/raabe14/u19361/workspace-allen/results/VISl_5/trial_0/phase_0/lib_ab4a70858e/lib_ab4a70858e__delay_0.12__dur_0.0.h5
311,0.15,0.0,ab4a70858e,0.10597450286149979,15.223880597014926,-13.443396226415096,157.4840764271708,10.74,42,34,7,2.199114857512855,1,3.0,10,1.1,/user/raabe14/u19361/workspace-allen/results/VISl_5/trial_0/phase_0/lib_ab4a70858e/lib_ab4a70858e__delay_0.15__dur_0.0.h5
312,0.03,0.0,ab4a70858e,0.11874974519014359,-9.850746268656714,-9.858490566037737,0.0,28.65,28,32,0,0.0,5,8.0,2,0.03,/user/raabe14/u19361/workspace-allen/results/VISl_5/trial_0/phase_0/lib_ab4a70858e/lib_ab4a70858e__delay_0.03__dur_0.0.h5
313,0.15,0.0,ab4a70858e,0.09298639744520187,-13.43283582089552,-29.57547169811321,90.0,28.65,26,43,4,1.2566370614359172,5,8.0,9,0.1,/user/raabe14/u19361/workspace-allen/results/VISl_5/trial_0/phase_0/lib_ab4a70858e/lib_ab4a70858e__delay_0.15__dur_0.0.h5
314,0.12,0.0,ab4a70858e,0.17268602550029755,-0.8955223880596961,-13.443396226415096,22.515923572829195,10.74,33,34,1,0.3141592653589793,1,3.0,7,0.08,/user/raabe14/u19361/workspace-allen/results/VISl_5/trial_0/phase_0/lib_ab4a70858e/lib_ab4a70858e__delay_0.12__dur_0.0.h5
315,0.09,0.2,ab4a70858e,0.1046072393655777,-24.179104477611936,27.783018867924525,22.515923572829163,14.32,20,11,9,2.827433388230814,2,4.0,10,1.1,/user/raabe14/u19361/workspace-allen/results/VISl_5/trial_0/phase_0/lib_ab4a70858e/lib_ab4a70858e__delay_0.09__dur_0.2.h5
316,0.15,0.0,ab4a70858e,0.1214730441570282,-11.64179104477612,-9.858490566037737,90.0,28.65,27,32,4,1.2566370614359172,5,8.0,3,0.04,/user/raabe14/u19361/workspace-allen/results/VISl_5/trial_0/phase_0/lib_ab4a70858e/lib_ab4a70858e__delay_0.15__dur_0.0.h5
317,0.06,0.2,ab4a70858e,0.10182204842567444,45.67164179104478,-9.858490566037737,22.515923572829163,10.74,59,32,9,2.827433388230814,1,3.0,10,1.1,/user/raabe14/u19361/workspace-allen/results/VISl_5/trial_0/phase_0/lib_ab4a70858e/lib_ab4a70858e__delay_0.06__dur_0.2.h5
318,0.12,0.0,ab4a70858e,0.1301453709602356,4.477611940298516,-9.858490566037737,90.0,17.91,36,32,4,1.2566370614359172,3,5.0,3,0.04,/user/raabe14/u19361/workspace-allen/results/VISl_5/trial_0/phase_0/lib_ab4a70858e/lib_ab4a70858e__delay_0.12__dur_0.0.h5
319,0.06,0.0,ab4a70858e,0.11665511131286621,2.6865671641791096,-2.6886792452830193,112.48408527317332,21.49,35,28,5,1.5707963267948966,4,6.0,4,0.05,/user/raabe14/u19361/workspace-allen/results/VISl_5/trial_0/phase_0/lib_ab4a70858e/lib_ab4a70858e__delay_0.06__dur_0.0.h5
32,0.15,0.0,ab4a70858e,0.09784162044525146,-8.059701492537314,-13.443396226415096,45.02251307527088,10.74,29,34,2,0.6283185307179586,1,3.0,12,1.3,/user/raabe14/u19361/workspace-allen/results/VISl_5/trial_0/phase_0/lib_ab4a70858e/lib_ab4a70858e__delay_0.15__dur_0.0.h5
320,0.09,0.2,ab4a70858e,0.1511411815881729,4.477611940298516,-8.066037735849058,0.0,17.91,36,31,0,0.0,3,5.0,9,0.1,/user/raabe14/u19361/workspace-allen/results/VISl_5/trial_0/phase_0/lib_ab4a70858e/lib_ab4a70858e__delay_0.09__dur_0.2.h5
321,0.09,0.0,ab4a70858e,0.13784360885620117,11.641791044776127,8.066037735849058,22.515923572829163,21.49,40,22,9,2.827433388230814,4,6.0,4,0.05,/user/raabe14/u19361/workspace-allen/results/VISl_5/trial_0/phase_0/lib_ab4a70858e/lib_ab4a70858e__delay_0.09__dur_0.0.h5
322,0.09,0.0,ab4a70858e,0.14293676614761353,15.223880597014926,-4.481132075471699,67.51591472682667,17.91,42,29,3,0.9424777960769379,3,5.0,6,0.07,/user/raabe14/u19361/workspace-allen/results/VISl_5/trial_0/phase_0/lib_ab4a70858e/lib_ab4a70858e__delay_0.09__dur_0.0.h5
323,0.12,0.0,ab4a70858e,0.17164459824562073,2.6865671641791096,-11.650943396226417,0.0,14.32,35,33,0,0.0,2,4.0,4,0.05,/user/raabe14/u19361/workspace-allen/results/VISl_5/trial_0/phase_0/lib_ab4a70858e/lib_ab4a70858e__delay_0.12__dur_0.0.h5
324,0.15,0.0,ab4a70858e,0.10480211675167084,6.268656716417908,-24.19811320754717,45.02251307527088,21.49,37,40,2,0.6283185307179586,4,6.0,7,0.08,/user/raabe14/u19361/workspace-allen/results/VISl_5/trial_0/phase_0/lib_ab4a70858e/lib_ab4a70858e__delay_0.15__dur_0.0.h5
325,0.15,0.0,ab4a70858e,0.20908373594284058,13.43283582089552,4.481132075471699,90.0,17.91,41,24,4,1.2566370614359172,3,5.0,2,0.03,/user/raabe14/u19361/workspace-allen/results/VISl_5/trial_0/phase_0/lib_ab4a70858e/lib_ab4a70858e__delay_0.15__dur_0.0.h5
326,0.09,0.2,ab4a70858e,0.15136057138442993,-0.8955223880596961,-8.066037735849058,180.0,21.49,33,31,8,2.5132741228718345,4,6.0,12,1.3,/user/raabe14/u19361/workspace-allen/results/VISl_5/trial_0/phase_0/lib_ab4a70858e/lib_ab4a70858e__delay_0.09__dur_0.2.h5
327,0.03,0.2,ab4a70858e,0.10221461951732635,-52.83582089552239,-29.57547169811321,22.515923572829195,7.16,4,43,1,0.3141592653589793,0,2.0,12,1.3,/user/raabe14/u19361/workspace-allen/results/VISl_5/trial_0/phase_0/lib_ab4a70858e/lib_ab4a70858e__delay_0.03__dur_0.2.h5
328,0.0,0.2,ab4a70858e,0.12660738825798035,-11.64179104477612,15.235849056603776,45.02251307527088,7.16,27,18,2,0.6283185307179586,0,2.0,11,1.2,/user/raabe14/u19361/workspace-allen/results/VISl_5/trial_0/phase_0/lib_ab4a70858e/lib_ab4a70858e__delay_0.0__dur_0.2.h5
329,0.15,0.0,ab4a70858e,0.1102716475725174,8.059701492537314,-8.066037735849058,112.48408527317332,7.16,38,31,5,1.5707963267948966,0,2.0,11,1.2,/user/raabe14/u19361/workspace-allen/results/VISl_5/trial_0/phase_0/lib_ab4a70858e/lib_ab4a70858e__delay_0.15__dur_0.0.h5
33,0.12,0.2,ab4a70858e,0.16872023046016693,-20.59701492537313,18.820754716981128,22.515923572829195,17.91,22,16,1,0.3141592653589793,3,5.0,5,0.06,/user/raabe14/u19361/workspace-allen/results/VISl_5/trial_0/phase_0/lib_ab4a70858e/lib_ab4a70858e__delay_0.12__dur_0.2.h5
330,0.15,0.0,ab4a70858e,0.14991337060928345,0.8955223880597032,-8.066037735849058,134.9774869247291,28.65,34,31,6,1.8849555921538759,5,8.0,4,0.05,/user/raabe14/u19361/workspace-allen/results/VISl_5/trial_0/phase_0/lib_ab4a70858e/lib_ab4a70858e__delay_0.15__dur_0.0.h5
331,0.12,0.0,ab4a70858e,0.1290152370929718,-0.8955223880596961,-25.99056603773585,0.0,17.91,33,41,0,0.0,3,5.0,4,0.05,/user/raabe14/u19361/workspace-allen/results/VISl_5/trial_0/phase_0/lib_ab4a70858e/lib_ab4a70858e__delay_0.12__dur_0.0.h5
332,0.15,0.0,ab4a70858e,0.1194586455821991,22.388059701492537,-4.481132075471699,22.515923572829195,14.32,46,29,1,0.3141592653589793,2,4.0,5,0.06,/user/raabe14/u19361/workspace-allen/results/VISl_5/trial_0/phase_0/lib_ab4a70858e/lib_ab4a70858e__delay_0.15__dur_0.0.h5
333,0.12,0.2,ab4a70858e,0.17301157116889954,-0.8955223880596961,-8.066037735849058,180.0,17.91,33,31,8,2.5132741228718345,3,5.0,12,1.3,/user/raabe14/u19361/workspace-allen/results/VISl_5/trial_0/phase_0/lib_ab4a70858e/lib_ab4a70858e__delay_0.12__dur_0.2.h5
334,0.12,0.2,ab4a70858e,0.1463850885629654,24.179104477611943,-4.481132075471699,157.4840764271708,21.49,47,29,7,2.199114857512855,4,6.0,6,0.07,/user/raabe14/u19361/workspace-allen/results/VISl_5/trial_0/phase_0/lib_ab4a70858e/lib_ab4a70858e__delay_0.12__dur_0.2.h5
335,0.12,0.0,ab4a70858e,0.10166601091623306,2.6865671641791096,-4.481132075471699,45.02251307527088,14.32,35,29,2,0.6283185307179586,2,4.0,8,0.09,/user/raabe14/u19361/workspace-allen/results/VISl_5/trial_0/phase_0/lib_ab4a70858e/lib_ab4a70858e__delay_0.12__dur_0.0.h5
336,0.09,0.0,ab4a70858e,0.20038822293281555,15.223880597014926,0.8962264150943398,22.515923572829195,28.65,42,26,1,0.3141592653589793,5,8.0,1,0.02,/user/raabe14/u19361/workspace-allen/results/VISl_5/trial_0/phase_0/lib_ab4a70858e/lib_ab4a70858e__delay_0.09__dur_0.0.h5
337,0.12,0.0,ab4a70858e,0.150932177901268,9.85074626865672,-0.8962264150943398,67.51591472682667,17.91,39,27,3,0.9424777960769379,3,5.0,5,0.06,/user/raabe14/u19361/workspace-allen/results/VISl_5/trial_0/phase_0/lib_ab4a70858e/lib_ab4a70858e__delay_0.12__dur_0.0.h5
338,0.15,0.2,ab4a70858e,0.09411145001649857,13.43283582089552,-0.8962264150943398,45.02251307527088,10.74,41,27,2,0.6283185307179586,1,3.0,8,0.09,/user/raabe14/u19361/workspace-allen/results/VISl_5/trial_0/phase_0/lib_ab4a70858e/lib_ab4a70858e__delay_0.15__dur_0.2.h5
339,0.12,0.2,ab4a70858e,0.11009225249290466,-18.80597014925373,-18.82075471698113,157.4840764271708,7.16,23,37,7,2.199114857512855,0,2.0,12,1.3,/user/raabe14/u19361/workspace-allen/results/VISl_5/trial_0/phase_0/lib_ab4a70858e/lib_ab4a70858e__delay_0.12__dur_0.2.h5
34,0.06,0.0,ab4a70858e,0.09993068128824234,-11.64179104477612,-0.8962264150943398,45.02251307527088,10.74,27,27,2,0.6283185307179586,1,3.0,12,1.3,/user/raabe14/u19361/workspace-allen/results/VISl_5/trial_0/phase_0/lib_ab4a70858e/lib_ab4a70858e__delay_0.06__dur_0.0.h5
340,0.09,0.2,ab4a70858e,0.10019040107727051,-15.223880597014926,13.443396226415096,45.02251307527088,10.74,25,19,2,0.6283185307179586,1,3.0,11,1.2,/user/raabe14/u19361/workspace-allen/results/VISl_5/trial_0/phase_0/lib_ab4a70858e/lib_ab4a70858e__delay_0.09__dur_0.2.h5
341,0.09,0.2,ab4a70858e,0.13476605713367462,25.97014925373135,-13.443396226415096,22.515923572829163,28.65,48,34,9,2.827433388230814,5,8.0,2,0.03,/user/raabe14/u19361/workspace-allen/results/VISl_5/trial_0/phase_0/lib_ab4a70858e/lib_ab4a70858e__delay_0.09__dur_0.2.h5
342,0.15,0.0,ab4a70858e,0.13647723197937012,-13.43283582089552,-29.57547169811321,112.48408527317332,21.49,26,43,5,1.5707963267948966,4,6.0,2,0.03,/user/raabe14/u19361/workspace-allen/results/VISl_5/trial_0/phase_0/lib_ab4a70858e/lib_ab4a70858e__delay_0.15__dur_0.0.h5
343,0.03,0.2,ab4a70858e,0.12470250576734543,20.59701492537313,-8.066037735849058,22.515923572829195,7.16,45,31,1,0.3141592653589793,0,2.0,12,1.3,/user/raabe14/u19361/workspace-allen/results/VISl_5/trial_0/phase_0/lib_ab4a70858e/lib_ab4a70858e__delay_0.03__dur_0.2.h5
344,0.15,0.2,ab4a70858e,0.1329549103975296,9.85074626865672,-2.6886792452830193,112.48408527317332,21.49,39,28,5,1.5707963267948966,4,6.0,4,0.05,/user/raabe14/u19361/workspace-allen/results/VISl_5/trial_0/phase_0/lib_ab4a70858e/lib_ab4a70858e__delay_0.15__dur_0.2.h5
345,0.09,0.2,ab4a70858e,0.10193435847759247,6.268656716417908,-8.066037735849058,22.515923572829195,28.65,37,31,1,0.3141592653589793,5,8.0,3,0.04,/user/raabe14/u19361/workspace-allen/results/VISl_5/trial_0/phase_0/lib_ab4a70858e/lib_ab4a70858e__delay_0.09__dur_0.2.h5
346,0.06,0.0,ab4a70858e,0.12197866290807724,24.179104477611943,8.066037735849058,112.48408527317332,17.91,47,22,5,1.5707963267948966,3,5.0,4,0.05,/user/raabe14/u19361/workspace-allen/results/VISl_5/trial_0/phase_0/lib_ab4a70858e/lib_ab4a70858e__delay_0.06__dur_0.0.h5
347,0.12,0.0,ab4a70858e,0.11088094860315323,8.059701492537314,-11.650943396226417,22.515923572829195,17.91,38,33,1,0.3141592653589793,3,5.0,9,0.1,/user/raabe14/u19361/workspace-allen/results/VISl_5/trial_0/phase_0/lib_ab4a70858e/lib_ab4a70858e__delay_0.12__dur_0.0.h5
348,0.12,0.0,ab4a70858e,0.11893758177757263,-31.34328358208955,-6.273584905660378,67.51591472682667,28.65,16,30,3,0.9424777960769379,5,8.0,3,0.04,/user/raabe14/u19361/workspace-allen/results/VISl_5/trial_0/phase_0/lib_ab4a70858e/lib_ab4a70858e__delay_0.12__dur_0.0.h5
349,0.15,0.2,ab4a70858e,0.10147225856781006,29.55223880597015,-2.6886792452830193,22.515923572829195,10.74,50,28,1,0.3141592653589793,1,3.0,5,0.06,/user/raabe14/u19361/workspace-allen/results/VISl_5/trial_0/phase_0/lib_ab4a70858e/lib_ab4a70858e__delay_0.15__dur_0.2.h5
35,0.12,0.2,ab4a70858e,0.09982282668352127,-18.80597014925373,20.613207547169807,180.0,10.74,23,15,8,2.5132741228718345,1,3.0,12,1.3,/user/raabe14/u19361/workspace-allen/results/VISl_5/trial_0/phase_0/lib_ab4a70858e/lib_ab4a70858e__delay_0.12__dur_0.2.h5
350,0.15,0.2,ab4a70858e,0.10469256341457367,43.88059701492537,0.8962264150943398,22.515923572829195,14.32,58,26,1,0.3141592653589793,2,4.0,5,0.06,/user/raabe14/u19361/workspace-allen/results/VISl_5/trial_0/phase_0/lib_ab4a70858e/lib_ab4a70858e__delay_0.15__dur_0.2.h5
351,0.15,0.2,ab4a70858e,0.1292860507965088,-43.88059701492537,-24.19811320754717,0.0,7.16,9,40,0,0.0,0,2.0,12,1.3,/user/raabe14/u19361/workspace-allen/results/VISl_5/trial_0/phase_0/lib_ab4a70858e/lib_ab4a70858e__delay_0.15__dur_0.2.h5
352,0.12,0.0,ab4a70858e,0.12886366248130798,-6.268656716417908,29.575471698113205,0.0,14.32,30,10,0,0.0,2,4.0,11,1.2,/user/raabe14/u19361/workspace-allen/results/VISl_5/trial_0/phase_0/lib_ab4a70858e/lib_ab4a70858e__delay_0.12__dur_0.0.h5
353,0.09,0.2,ab4a70858e,0.1165948435664177,-8.059701492537314,-15.235849056603776,67.51591472682667,7.16,29,35,3,0.9424777960769379,0,2.0,12,1.3,/user/raabe14/u19361/workspace-allen/results/VISl_5/trial_0/phase_0/lib_ab4a70858e/lib_ab4a70858e__delay_0.09__dur_0.2.h5
354,0.03,0.0,ab4a70858e,0.09554581344127655,-17.014925373134325,42.12264150943396,67.51591472682667,10.74,24,3,3,0.9424777960769379,1,3.0,12,1.3,/user/raabe14/u19361/workspace-allen/results/VISl_5/trial_0/phase_0/lib_ab4a70858e/lib_ab4a70858e__delay_0.03__dur_0.0.h5
355,0.06,0.2,ab4a70858e,0.09886866062879562,-29.55223880597015,20.613207547169807,22.515923572829163,14.32,17,15,9,2.827433388230814,2,4.0,12,1.3,/user/raabe14/u19361/workspace-allen/results/VISl_5/trial_0/phase_0/lib_ab4a70858e/lib_ab4a70858e__delay_0.06__dur_0.2.h5
356,0.03,0.2,ab4a70858e,0.15721726417541504,-27.761194029850742,33.160377358490564,45.02251307527088,17.91,18,8,2,0.6283185307179586,3,5.0,12,1.3,/user/raabe14/u19361/workspace-allen/results/VISl_5/trial_0/phase_0/lib_ab4a70858e/lib_ab4a70858e__delay_0.03__dur_0.2.h5
357,0.15,0.0,ab4a70858e,0.21467624604701996,-4.477611940298509,-20.61320754716981,22.515923572829195,21.49,31,38,1,0.3141592653589793,4,6.0,6,0.07,/user/raabe14/u19361/workspace-allen/results/VISl_5/trial_0/phase_0/lib_ab4a70858e/lib_ab4a70858e__delay_0.15__dur_0.0.h5
358,0.12,0.0,ab4a70858e,0.3113842010498047,6.268656716417908,-15.235849056603776,45.02251307527088,17.91,37,35,2,0.6283185307179586,3,5.0,2,0.03,/user/raabe14/u19361/workspace-allen/results/VISl_5/trial_0/phase_0/lib_ab4a70858e/lib_ab4a70858e__delay_0.12__dur_0.0.h5
359,0.09,0.0,ab4a70858e,0.13836698234081268,-6.268656716417908,-18.82075471698113,90.0,28.65,30,37,4,1.2566370614359172,5,8.0,2,0.03,/user/raabe14/u19361/workspace-allen/results/VISl_5/trial_0/phase_0/lib_ab4a70858e/lib_ab4a70858e__delay_0.09__dur_0.0.h5
36,0.0,0.2,ab4a70858e,0.1284908503293991,-33.134328358208954,-4.481132075471699,180.0,10.74,15,29,8,2.5132741228718345,1,3.0,12,1.3,/user/raabe14/u19361/workspace-allen/results/VISl_5/trial_0/phase_0/lib_ab4a70858e/lib_ab4a70858e__delay_0.0__dur_0.2.h5
360,0.09,0.2,ab4a70858e,0.13001403212547302,25.97014925373135,-2.6886792452830193,112.48408527317332,17.91,48,28,5,1.5707963267948966,3,5.0,2,0.03,/user/raabe14/u19361/workspace-allen/results/VISl_5/trial_0/phase_0/lib_ab4a70858e/lib_ab4a70858e__delay_0.09__dur_0.2.h5
361,0.12,0.0,ab4a70858e,0.21166522800922394,15.223880597014926,-8.066037735849058,22.515923572829195,17.91,42,31,1,0.3141592653589793,3,5.0,3,0.04,/user/raabe14/u19361/workspace-allen/results/VISl_5/trial_0/phase_0/lib_ab4a70858e/lib_ab4a70858e__delay_0.12__dur_0.0.h5
362,0.09,0.0,ab4a70858e,0.12318975478410721,-6.268656716417908,-20.61320754716981,90.0,28.65,30,38,4,1.2566370614359172,5,8.0,3,0.04,/user/raabe14/u19361/workspace-allen/results/VISl_5/trial_0/phase_0/lib_ab4a70858e/lib_ab4a70858e__delay_0.09__dur_0.0.h5
363,0.12,0.0,ab4a70858e,0.10982289165258408,31.343283582089555,-13.443396226415096,45.02251307527088,21.49,51,34,2,0.6283185307179586,4,6.0,2,0.03,/user/raabe14/u19361/workspace-allen/results/VISl_5/trial_0/phase_0/lib_ab4a70858e/lib_ab4a70858e__delay_0.12__dur_0.0.h5
364,0.09,0.0,ab4a70858e,0.10138954222202301,6.268656716417908,-15.235849056603776,45.02251307527088,14.32,37,35,2,0.6283185307179586,2,4.0,9,0.1,/user/raabe14/u19361/workspace-allen/results/VISl_5/trial_0/phase_0/lib_ab4a70858e/lib_ab4a70858e__delay_0.09__dur_0.0.h5
365,0.03,0.2,ab4a70858e,0.09726051986217499,-11.64179104477612,-6.273584905660378,90.0,28.65,27,30,4,1.2566370614359172,5,8.0,7,0.08,/user/raabe14/u19361/workspace-allen/results/VISl_5/trial_0/phase_0/lib_ab4a70858e/lib_ab4a70858e__delay_0.03__dur_0.2.h5
366,0.06,0.0,ab4a70858e,0.13003191351890564,-2.6865671641791025,-15.235849056603776,0.0,21.49,32,35,0,0.0,4,6.0,1,0.02,/user/raabe14/u19361/workspace-allen/results/VISl_5/trial_0/phase_0/lib_ab4a70858e/lib_ab4a70858e__delay_0.06__dur_0.0.h5
367,0.12,0.0,ab4a70858e,0.12939314544200897,15.223880597014926,-0.8962264150943398,22.515923572829195,17.91,42,27,1,0.3141592653589793,3,5.0,5,0.06,/user/raabe14/u19361/workspace-allen/results/VISl_5/trial_0/phase_0/lib_ab4a70858e/lib_ab4a70858e__delay_0.12__dur_0.0.h5
368,0.12,0.0,ab4a70858e,0.17665766179561615,9.85074626865672,-9.858490566037737,22.515923572829195,17.91,39,32,1,0.3141592653589793,3,5.0,4,0.05,/user/raabe14/u19361/workspace-allen/results/VISl_5/trial_0/phase_0/lib_ab4a70858e/lib_ab4a70858e__delay_0.12__dur_0.0.h5
369,0.12,0.0,ab4a70858e,0.11690080910921097,45.67164179104478,4.481132075471699,134.9774869247291,28.65,59,24,6,1.8849555921538759,5,8.0,3,0.04,/user/raabe14/u19361/workspace-allen/results/VISl_5/trial_0/phase_0/lib_ab4a70858e/lib_ab4a70858e__delay_0.12__dur_0.0.h5
37,0.0,0.2,ab4a70858e,0.17067481577396393,-0.8955223880596961,-6.273584905660378,180.0,17.91,33,30,8,2.5132741228718345,3,5.0,12,1.3,/user/raabe14/u19361/workspace-allen/results/VISl_5/trial_0/phase_0/lib_ab4a70858e/lib_ab4a70858e__delay_0.0__dur_0.2.h5
370,0.09,0.2,ab4a70858e,0.09726342558860779,-4.477611940298509,-22.40566037735849,134.9774869247291,7.16,31,39,6,1.8849555921538759,0,2.0,12,1.3,/user/raabe14/u19361/workspace-allen/results/VISl_5/trial_0/phase_0/lib_ab4a70858e/lib_ab4a70858e__delay_0.09__dur_0.2.h5
371,0.15,0.2,ab4a70858e,0.1044139713048935,8.059701492537314,-4.481132075471699,134.9774869247291,7.16,38,29,6,1.8849555921538759,0,2.0,12,1.3,/user/raabe14/u19361/workspace-allen/results/VISl_5/trial_0/phase_0/lib_ab4a70858e/lib_ab4a70858e__delay_0.15__dur_0.2.h5
372,0.06,0.0,ab4a70858e,0.10808217525482178,15.223880597014926,13.443396226415096,112.48408527317332,21.49,42,19,5,1.5707963267948966,4,6.0,3,0.04,/user/raabe14/u19361/workspace-allen/results/VISl_5/trial_0/phase_0/lib_ab4a70858e/lib_ab4a70858e__delay_0.06__dur_0.0.h5
373,0.15,0.0,ab4a70858e,0.12232918292284012,11.641791044776127,0.8962264150943398,45.02251307527088,7.16,40,26,2,0.6283185307179586,0,2.0,12,1.3,/user/raabe14/u19361/workspace-allen/results/VISl_5/trial_0/phase_0/lib_ab4a70858e/lib_ab4a70858e__delay_0.15__dur_0.0.h5
374,0.03,0.2,ab4a70858e,0.09330803900957108,52.83582089552239,25.990566037735846,157.4840764271708,28.65,63,12,7,2.199114857512855,5,8.0,12,1.3,/user/raabe14/u19361/workspace-allen/results/VISl_5/trial_0/phase_0/lib_ab4a70858e/lib_ab4a70858e__delay_0.03__dur_0.2.h5
375,0.15,0.0,ab4a70858e,0.0949765145778656,-54.62686567164179,-31.367924528301888,0.0,10.74,3,44,0,0.0,1,3.0,12,1.3,/user/raabe14/u19361/workspace-allen/results/VISl_5/trial_0/phase_0/lib_ab4a70858e/lib_ab4a70858e__delay_0.15__dur_0.0.h5
376,0.15,0.0,ab4a70858e,0.19906854629516602,11.641791044776127,-17.028301886792452,0.0,21.49,40,36,0,0.0,4,6.0,5,0.06,/user/raabe14/u19361/workspace-allen/results/VISl_5/trial_0/phase_0/lib_ab4a70858e/lib_ab4a70858e__delay_0.15__dur_0.0.h5
377,0.15,0.2,ab4a70858e,0.1329622119665146,18.80597014925374,0.8962264150943398,67.51591472682667,21.49,44,26,3,0.9424777960769379,4,6.0,3,0.04,/user/raabe14/u19361/workspace-allen/results/VISl_5/trial_0/phase_0/lib_ab4a70858e/lib_ab4a70858e__delay_0.15__dur_0.2.h5
378,0.09,0.2,ab4a70858e,0.09800762683153152,-56.417910447761194,-25.99056603773585,22.515923572829195,7.16,2,41,1,0.3141592653589793,0,2.0,12,1.3,/user/raabe14/u19361/workspace-allen/results/VISl_5/trial_0/phase_0/lib_ab4a70858e/lib_ab4a70858e__delay_0.09__dur_0.2.h5
379,0.12,0.2,ab4a70858e,0.12217443436384201,29.55223880597015,20.613207547169807,157.4840764271708,14.32,50,15,7,2.199114857512855,2,4.0,12,1.3,/user/raabe14/u19361/workspace-allen/results/VISl_5/trial_0/phase_0/lib_ab4a70858e/lib_ab4a70858e__delay_0.12__dur_0.2.h5
38,0.15,0.0,ab4a70858e,0.1506999284029007,-18.80597014925373,11.650943396226417,157.4840764271708,21.49,23,20,7,2.199114857512855,4,6.0,1,0.02,/user/raabe14/u19361/workspace-allen/results/VISl_5/trial_0/phase_0/lib_ab4a70858e/lib_ab4a70858e__delay_0.15__dur_0.0.h5
380,0.09,0.0,ab4a70858e,0.14404991269111633,25.97014925373135,-4.481132075471699,180.0,28.65,48,29,8,2.5132741228718345,5,8.0,2,0.03,/user/raabe14/u19361/workspace-allen/results/VISl_5/trial_0/phase_0/lib_ab4a70858e/lib_ab4a70858e__delay_0.09__dur_0.0.h5
381,0.15,0.0,ab4a70858e,0.11349400132894516,11.641791044776127,-6.273584905660378,90.0,28.65,40,30,4,1.2566370614359172,5,8.0,2,0.03,/user/raabe14/u19361/workspace-allen/results/VISl_5/trial_0/phase_0/lib_ab4a70858e/lib_ab4a70858e__delay_0.15__dur_0.0.h5
382,0.06,0.2,ab4a70858e,0.11259802430868149,-4.477611940298509,-9.858490566037737,45.02251307527088,14.32,31,32,2,0.6283185307179586,2,4.0,11,1.2,/user/raabe14/u19361/workspace-allen/results/VISl_5/trial_0/phase_0/lib_ab4a70858e/lib_ab4a70858e__delay_0.06__dur_0.2.h5
383,0.15,0.0,ab4a70858e,0.13067297637462616,24.179104477611943,-8.066037735849058,45.02251307527088,17.91,47,31,2,0.6283185307179586,3,5.0,3,0.04,/user/raabe14/u19361/workspace-allen/results/VISl_5/trial_0/phase_0/lib_ab4a70858e/lib_ab4a70858e__delay_0.15__dur_0.0.h5
384,0.06,0.2,ab4a70858e,0.09670032560825348,-15.223880597014926,4.481132075471699,90.0,7.16,25,24,4,1.2566370614359172,0,2.0,10,1.1,/user/raabe14/u19361/workspace-allen/results/VISl_5/trial_0/phase_0/lib_ab4a70858e/lib_ab4a70858e__delay_0.06__dur_0.2.h5
39,0.03,0.2,ab4a70858e,0.17810362577438354,-4.477611940298509,-6.273584905660378,180.0,17.91,31,30,8,2.5132741228718345,3,5.0,12,1.3,/user/raabe14/u19361/workspace-allen/results/VISl_5/trial_0/phase_0/lib_ab4a70858e/lib_ab4a70858e__delay_0.03__dur_0.2.h5
4,0.06,0.2,ab4a70858e,0.09965290874242783,8.059701492537314,-24.19811320754717,45.02251307527088,7.16,38,40,2,0.6283185307179586,0,2.0,10,1.1,/user/raabe14/u19361/workspace-allen/results/VISl_5/trial_0/phase_0/lib_ab4a70858e/lib_ab4a70858e__delay_0.06__dur_0.2.h5
40,0.15,0.2,ab4a70858e,0.09598282724618912,-27.761194029850742,-9.858490566037737,157.4840764271708,7.16,18,32,7,2.199114857512855,0,2.0,10,1.1,/user/raabe14/u19361/workspace-allen/results/VISl_5/trial_0/phase_0/lib_ab4a70858e/lib_ab4a70858e__delay_0.15__dur_0.2.h5
41,0.15,0.0,ab4a70858e,0.12528479099273682,-17.014925373134325,17.02830188679245,112.48408527317332,28.65,24,17,5,1.5707963267948966,5,8.0,0,0.01,/user/raabe14/u19361/workspace-allen/results/VISl_5/trial_0/phase_0/lib_ab4a70858e/lib_ab4a70858e__delay_0.15__dur_0.0.h5
42,0.12,0.0,ab4a70858e,0.18694758415222168,-18.80597014925373,15.235849056603776,112.48408527317332,28.65,23,18,5,1.5707963267948966,5,8.0,3,0.04,/user/raabe14/u19361/workspace-allen/results/VISl_5/trial_0/phase_0/lib_ab4a70858e/lib_ab4a70858e__delay_0.12__dur_0.0.h5
43,0.0,0.2,ab4a70858e,0.09693044424057007,-8.059701492537314,-20.61320754716981,112.48408527317332,21.49,29,38,5,1.5707963267948966,4,6.0,6,0.07,/user/raabe14/u19361/workspace-allen/results/VISl_5/trial_0/phase_0/lib_ab4a70858e/lib_ab4a70858e__delay_0.0__dur_0.2.h5
44,0.15,0.0,ab4a70858e,0.1438465267419815,-9.850746268656714,11.650943396226417,90.0,28.65,28,20,4,1.2566370614359172,5,8.0,4,0.05,/user/raabe14/u19361/workspace-allen/results/VISl_5/trial_0/phase_0/lib_ab4a70858e/lib_ab4a70858e__delay_0.15__dur_0.0.h5
45,0.15,0.0,ab4a70858e,0.13536012172698975,-17.014925373134325,0.8962264150943398,112.48408527317332,28.65,24,26,5,1.5707963267948966,5,8.0,1,0.02,/user/raabe14/u19361/workspace-allen/results/VISl_5/trial_0/phase_0/lib_ab4a70858e/lib_ab4a70858e__delay_0.15__dur_0.0.h5
46,0.12,0.2,ab4a70858e,0.10507207363843918,-20.59701492537313,11.650943396226417,157.4840764271708,28.65,22,20,7,2.199114857512855,5,8.0,1,0.02,/user/raabe14/u19361/workspace-allen/results/VISl_5/trial_0/phase_0/lib_ab4a70858e/lib_ab4a70858e__delay_0.12__dur_0.2.h5
47,0.12,0.0,ab4a70858e,0.23578518629074097,-25.970149253731343,6.273584905660378,22.515923572829195,17.91,19,23,1,0.3141592653589793,3,5.0,2,0.03,/user/raabe14/u19361/workspace-allen/results/VISl_5/trial_0/phase_0/lib_ab4a70858e/lib_ab4a70858e__delay_0.12__dur_0.0.h5
48,0.12,0.0,ab4a70858e,0.11267555505037308,-22.388059701492537,15.235849056603776,45.02251307527088,14.32,21,18,2,0.6283185307179586,2,4.0,5,0.06,/user/raabe14/u19361/workspace-allen/results/VISl_5/trial_0/phase_0/lib_ab4a70858e/lib_ab4a70858e__delay_0.12__dur_0.0.h5
49,0.15,0.0,ab4a70858e,0.17971323430538177,-13.43283582089552,9.858490566037737,22.515923572829195,28.65,26,21,1,0.3141592653589793,5,8.0,4,0.05,/user/raabe14/u19361/workspace-allen/results/VISl_5/trial_0/phase_0/lib_ab4a70858e/lib_ab4a70858e__delay_0.15__dur_0.0.h5
5,0.12,0.0,ab4a70858e,0.11282201111316681,18.80597014925374,-13.443396226415096,45.02251307527088,21.49,44,34,2,0.6283185307179586,4,6.0,9,0.1,/user/raabe14/u19361/workspace-allen/results/VISl_5/trial_0/phase_0/lib_ab4a70858e/lib_ab4a70858e__delay_0.12__dur_0.0.h5
50,0.15,0.2,ab4a70858e,0.10723461210727692,40.29850746268657,-8.066037735849058,180.0,10.74,56,31,8,2.5132741228718345,1,3.0,11,1.2,/user/raabe14/u19361/workspace-allen/results/VISl_5/trial_0/phase_0/lib_ab4a70858e/lib_ab4a70858e__delay_0.15__dur_0.2.h5
51,0.12,0.2,ab4a70858e,0.1346115916967392,-24.179104477611936,8.066037735849058,112.48408527317332,21.49,20,22,5,1.5707963267948966,4,6.0,2,0.03,/user/raabe14/u19361/workspace-allen/results/VISl_5/trial_0/phase_0/lib_ab4a70858e/lib_ab4a70858e__delay_0.12__dur_0.2.h5
52,0.0,0.2,ab4a70858e,0.10703808814287186,-11.64179104477612,-9.858490566037737,90.0,7.16,27,32,4,1.2566370614359172,0,2.0,10,1.1,/user/raabe14/u19361/workspace-allen/results/VISl_5/trial_0/phase_0/lib_ab4a70858e/lib_ab4a70858e__delay_0.0__dur_0.2.h5
53,0.12,0.0,ab4a70858e,0.17552874982357025,-22.388059701492537,8.066037735849058,67.51591472682667,14.32,21,22,3,0.9424777960769379,2,4.0,9,0.1,/user/raabe14/u19361/workspace-allen/results/VISl_5/trial_0/phase_0/lib_ab4a70858e/lib_ab4a70858e__delay_0.12__dur_0.0.h5
54,0.15,0.2,ab4a70858e,0.1065727174282074,-31.34328358208955,-2.6886792452830193,90.0,7.16,16,28,4,1.2566370614359172,0,2.0,11,1.2,/user/raabe14/u19361/workspace-allen/results/VISl_5/trial_0/phase_0/lib_ab4a70858e/lib_ab4a70858e__delay_0.15__dur_0.2.h5
55,0.12,0.2,ab4a70858e,0.11756633222103119,-20.59701492537313,0.8962264150943398,157.4840764271708,28.65,22,26,7,2.199114857512855,5,8.0,12,1.3,/user/raabe14/u19361/workspace-allen/results/VISl_5/trial_0/phase_0/lib_ab4a70858e/lib_ab4a70858e__delay_0.12__dur_0.2.h5
56,0.12,0.2,ab4a70858e,0.10173401236534119,47.462686567164184,-8.066037735849058,180.0,7.16,60,31,8,2.5132741228718345,0,2.0,11,1.2,/user/raabe14/u19361/workspace-allen/results/VISl_5/trial_0/phase_0/lib_ab4a70858e/lib_ab4a70858e__delay_0.12__dur_0.2.h5
57,0.12,0.2,ab4a70858e,0.12169166654348373,-9.850746268656714,24.198113207547166,180.0,28.65,28,13,8,2.5132741228718345,5,8.0,3,0.04,/user/raabe14/u19361/workspace-allen/results/VISl_5/trial_0/phase_0/lib_ab4a70858e/lib_ab4a70858e__delay_0.12__dur_0.2.h5
58,0.0,0.2,ab4a70858e,0.10354132205247879,-8.059701492537314,33.160377358490564,180.0,7.16,29,8,8,2.5132741228718345,0,2.0,12,1.3,/user/raabe14/u19361/workspace-allen/results/VISl_5/trial_0/phase_0/lib_ab4a70858e/lib_ab4a70858e__delay_0.0__dur_0.2.h5
59,0.15,0.2,ab4a70858e,0.10479017347097397,-31.34328358208955,-13.443396226415096,134.9774869247291,7.16,16,34,6,1.8849555921538759,0,2.0,12,1.3,/user/raabe14/u19361/workspace-allen/results/VISl_5/trial_0/phase_0/lib_ab4a70858e/lib_ab4a70858e__delay_0.15__dur_0.2.h5
6,0.12,0.2,ab4a70858e,0.09811922162771225,9.85074626865672,-22.40566037735849,0.0,17.91,39,39,0,0.0,3,5.0,6,0.07,/user/raabe14/u19361/workspace-allen/results/VISl_5/trial_0/phase_0/lib_ab4a70858e/lib_ab4a70858e__delay_0.12__dur_0.2.h5
60,0.15,0.2,ab4a70858e,0.1178271546959877,-18.80597014925373,13.443396226415096,45.02251307527088,10.74,23,19,2,0.6283185307179586,1,3.0,12,1.3,/user/raabe14/u19361/workspace-allen/results/VISl_5/trial_0/phase_0/lib_ab4a70858e/lib_ab4a70858e__delay_0.15__dur_0.2.h5
61,0.09,0.2,ab4a70858e,0.10565200448036194,49.25373134328359,0.8962264150943398,22.515923572829195,10.74,61,26,1,0.3141592653589793,1,3.0,10,1.1,/user/raabe14/u19361/workspace-allen/results/VISl_5/trial_0/phase_0/lib_ab4a70858e/lib_ab4a70858e__delay_0.09__dur_0.2.h5
62,0.15,0.0,ab4a70858e,0.15801753103733063,-8.059701492537314,8.066037735849058,22.515923572829195,10.74,29,22,1,0.3141592653589793,1,3.0,5,0.06,/user/raabe14/u19361/workspace-allen/results/VISl_5/trial_0/phase_0/lib_ab4a70858e/lib_ab4a70858e__delay_0.15__dur_0.0.h5
63,0.12,0.2,ab4a70858e,0.0999511256814003,-20.59701492537313,9.858490566037737,112.48408527317332,17.91,22,21,5,1.5707963267948966,3,5.0,4,0.05,/user/raabe14/u19361/workspace-allen/results/VISl_5/trial_0/phase_0/lib_ab4a70858e/lib_ab4a70858e__delay_0.12__dur_0.2.h5
64,0.15,0.2,ab4a70858e,0.10406889021396637,-8.059701492537314,13.443396226415096,67.51591472682667,10.74,29,19,3,0.9424777960769379,1,3.0,12,1.3,/user/raabe14/u19361/workspace-allen/results/VISl_5/trial_0/phase_0/lib_ab4a70858e/lib_ab4a70858e__delay_0.15__dur_0.2.h5
65,0.09,0.2,ab4a70858e,0.10935428738594055,-38.507462686567166,13.443396226415096,90.0,7.16,12,19,4,1.2566370614359172,0,2.0,11,1.2,/user/raabe14/u19361/workspace-allen/results/VISl_5/trial_0/phase_0/lib_ab4a70858e/lib_ab4a70858e__delay_0.09__dur_0.2.h5
66,0.12,0.0,ab4a70858e,0.11846142262220383,-18.80597014925373,-0.8962264150943398,112.48408527317332,14.32,23,27,5,1.5707963267948966,2,4.0,2,0.03,/user/raabe14/u19361/workspace-allen/results/VISl_5/trial_0/phase_0/lib_ab4a70858e/lib_ab4a70858e__delay_0.12__dur_0.0.h5
67,0.03,0.2,ab4a70858e,0.09125363826751709,-22.388059701492537,9.858490566037737,22.515923572829163,10.74,21,21,9,2.827433388230814,1,3.0,11,1.2,/user/raabe14/u19361/workspace-allen/results/VISl_5/trial_0/phase_0/lib_ab4a70858e/lib_ab4a70858e__delay_0.03__dur_0.2.h5
68,0.09,0.2,ab4a70858e,0.09489356726408005,-40.298507462686565,20.613207547169807,22.515923572829163,7.16,11,15,9,2.827433388230814,0,2.0,10,1.1,/user/raabe14/u19361/workspace-allen/results/VISl_5/trial_0/phase_0/lib_ab4a70858e/lib_ab4a70858e__delay_0.09__dur_0.2.h5
69,0.15,0.0,ab4a70858e,0.12139216810464859,2.6865671641791096,4.481132075471699,157.4840764271708,14.32,35,24,7,2.199114857512855,2,4.0,1,0.02,/user/raabe14/u19361/workspace-allen/results/VISl_5/trial_0/phase_0/lib_ab4a70858e/lib_ab4a70858e__delay_0.15__dur_0.0.h5
7,0.12,0.0,ab4a70858e,0.13778156042099,6.268656716417908,-22.40566037735849,22.515923572829195,17.91,37,39,1,0.3141592653589793,3,5.0,2,0.03,/user/raabe14/u19361/workspace-allen/results/VISl_5/trial_0/phase_0/lib_ab4a70858e/lib_ab4a70858e__delay_0.12__dur_0.0.h5
70,0.09,0.2,ab4a70858e,0.11925680190324783,-24.179104477611936,2.6886792452830193,112.48408527317332,14.32,20,25,5,1.5707963267948966,2,4.0,2,0.03,/user/raabe14/u19361/workspace-allen/results/VISl_5/trial_0/phase_0/lib_ab4a70858e/lib_ab4a70858e__delay_0.09__dur_0.2.h5
71,0.15,0.0,ab4a70858e,0.180804044008255,-22.388059701492537,11.650943396226417,45.02251307527088,21.49,21,20,2,0.6283185307179586,4,6.0,2,0.03,/user/raabe14/u19361/workspace-allen/results/VISl_5/trial_0/phase_0/lib_ab4a70858e/lib_ab4a70858e__delay_0.15__dur_0.0.h5
72,0.12,0.2,ab4a70858e,0.1052517220377922,-18.80597014925373,13.443396226415096,112.48408527317332,17.91,23,19,5,1.5707963267948966,3,5.0,12,1.3,/user/raabe14/u19361/workspace-allen/results/VISl_5/trial_0/phase_0/lib_ab4a70858e/lib_ab4a70858e__delay_0.12__dur_0.2.h5
73,0.15,0.0,ab4a70858e,0.144146129488945,-13.43283582089552,15.235849056603776,0.0,14.32,26,18,0,0.0,2,4.0,6,0.07,/user/raabe14/u19361/workspace-allen/results/VISl_5/trial_0/phase_0/lib_ab4a70858e/lib_ab4a70858e__delay_0.15__dur_0.0.h5
74,0.15,0.0,ab4a70858e,0.14416565001010895,-31.34328358208955,47.5,45.02251307527088,28.65,16,0,2,0.6283185307179586,5,8.0,12,1.3,/user/raabe14/u19361/workspace-allen/results/VISl_5/trial_0/phase_0/lib_ab4a70858e/lib_ab4a70858e__delay_0.15__dur_0.0.h5
75,0.09,0.2,ab4a70858e,0.11411530524492264,-24.179104477611936,-17.028301886792452,157.4840764271708,21.49,20,36,7,2.199114857512855,4,6.0,12,1.3,/user/raabe14/u19361/workspace-allen/results/VISl_5/trial_0/phase_0/lib_ab4a70858e/lib_ab4a70858e__delay_0.09__dur_0.2.h5
76,0.15,0.0,ab4a70858e,0.11468683183193207,-29.55223880597015,-11.650943396226417,0.0,10.74,17,33,0,0.0,1,3.0,8,0.09,/user/raabe14/u19361/workspace-allen/results/VISl_5/trial_0/phase_0/lib_ab4a70858e/lib_ab4a70858e__delay_0.15__dur_0.0.h5
77,0.09,0.0,ab4a70858e,0.17425157129764557,-15.223880597014926,9.858490566037737,180.0,17.91,25,21,8,2.5132741228718345,3,5.0,9,0.1,/user/raabe14/u19361/workspace-allen/results/VISl_5/trial_0/phase_0/lib_ab4a70858e/lib_ab4a70858e__delay_0.09__dur_0.0.h5
78,0.12,0.0,ab4a70858e,0.12360499799251556,-9.850746268656714,2.6886792452830193,90.0,10.74,28,25,4,1.2566370614359172,1,3.0,7,0.08,/user/raabe14/u19361/workspace-allen/results/VISl_5/trial_0/phase_0/lib_ab4a70858e/lib_ab4a70858e__delay_0.12__dur_0.0.h5
79,0.09,0.0,ab4a70858e,0.122161865234375,-2.6865671641791025,24.198113207547166,180.0,28.65,32,13,8,2.5132741228718345,5,8.0,1,0.02,/user/raabe14/u19361/workspace-allen/results/VISl_5/trial_0/phase_0/lib_ab4a70858e/lib_ab4a70858e__delay_0.09__dur_0.0.h5
8,0.09,0.0,ab4a70858e,0.10585654526948929,-33.134328358208954,22.405660377358487,45.02251307527088,21.49,15,14,2,0.6283185307179586,4,6.0,12,1.3,/user/raabe14/u19361/workspace-allen/results/VISl_5/trial_0/phase_0/lib_ab4a70858e/lib_ab4a70858e__delay_0.09__dur_0.0.h5
80,0.0,0.2,ab4a70858e,0.09251439571380615,-33.134328358208954,-18.82075471698113,22.515923572829195,10.74,15,37,1,0.3141592653589793,1,3.0,11,1.2,/user/raabe14/u19361/workspace-allen/results/VISl_5/trial_0/phase_0/lib_ab4a70858e/lib_ab4a70858e__delay_0.0__dur_0.2.h5
81,0.12,0.0,ab4a70858e,0.1044502779841423,-8.059701492537314,6.273584905660378,22.515923572829163,28.65,29,23,9,2.827433388230814,5,8.0,2,0.03,/user/raabe14/u19361/workspace-allen/results/VISl_5/trial_0/phase_0/lib_ab4a70858e/lib_ab4a70858e__delay_0.12__dur_0.0.h5
82,0.12,0.0,ab4a70858e,0.1480136513710022,-4.477611940298509,13.443396226415096,112.48408527317332,14.32,31,19,5,1.5707963267948966,2,4.0,7,0.08,/user/raabe14/u19361/workspace-allen/results/VISl_5/trial_0/phase_0/lib_ab4a70858e/lib_ab4a70858e__delay_0.12__dur_0.0.h5
83,0.03,0.0,ab4a70858e,0.09926345199346542,58.20895522388061,17.02830188679245,90.0,7.16,66,17,4,1.2566370614359172,0,2.0,10,1.1,/user/raabe14/u19361/workspace-allen/results/VISl_5/trial_0/phase_0/lib_ab4a70858e/lib_ab4a70858e__delay_0.03__dur_0.0.h5
84,0.15,0.0,ab4a70858e,0.18056097626686096,-20.59701492537313,0.8962264150943398,180.0,17.91,22,26,8,2.5132741228718345,3,5.0,4,0.05,/user/raabe14/u19361/workspace-allen/results/VISl_5/trial_0/phase_0/lib_ab4a70858e/lib_ab4a70858e__delay_0.15__dur_0.0.h5
85,0.03,0.2,ab4a70858e,0.1342962235212326,-9.850746268656714,-0.8962264150943398,112.48408527317332,14.32,28,27,5,1.5707963267948966,2,4.0,7,0.08,/user/raabe14/u19361/workspace-allen/results/VISl_5/trial_0/phase_0/lib_ab4a70858e/lib_ab4a70858e__delay_0.03__dur_0.2.h5
86,0.12,0.2,ab4a70858e,0.1587805300951004,-20.59701492537313,8.066037735849058,0.0,21.49,22,22,0,0.0,4,6.0,3,0.04,/user/raabe14/u19361/workspace-allen/results/VISl_5/trial_0/phase_0/lib_ab4a70858e/lib_ab4a70858e__delay_0.12__dur_0.2.h5
87,0.15,0.0,ab4a70858e,0.12259352207183838,-17.014925373134325,-13.443396226415096,22.515923572829163,17.91,24,34,9,2.827433388230814,3,5.0,8,0.09,/user/raabe14/u19361/workspace-allen/results/VISl_5/trial_0/phase_0/lib_ab4a70858e/lib_ab4a70858e__delay_0.15__dur_0.0.h5
88,0.15,0.0,ab4a70858e,0.2099158614873886,-9.850746268656714,15.235849056603776,157.4840764271708,14.32,28,18,7,2.199114857512855,2,4.0,5,0.06,/user/raabe14/u19361/workspace-allen/results/VISl_5/trial_0/phase_0/lib_ab4a70858e/lib_ab4a70858e__delay_0.15__dur_0.0.h5
89,0.12,0.0,ab4a70858e,0.09691555798053741,42.08955223880598,-17.028301886792452,45.02251307527088,7.16,57,36,2,0.6283185307179586,0,2.0,11,1.2,/user/raabe14/u19361/workspace-allen/results/VISl_5/trial_0/phase_0/lib_ab4a70858e/lib_ab4a70858e__delay_0.12__dur_0.0.h5
9,0.15,0.0,ab4a70858e,0.10076458752155304,-15.223880597014926,9.858490566037737,22.515923572829163,21.49,25,21,9,2.827433388230814,4,6.0,12,1.3,/user/raabe14/u19361/workspace-allen/results/VISl_5/trial_0/phase_0/lib_ab4a70858e/lib_ab4a70858e__delay_0.15__dur_0.0.h5
90,0.15,0.2,ab4a70858e,0.10858075320720673,2.6865671641791096,-0.8962264150943398,112.48408527317332,21.49,35,27,5,1.5707963267948966,4,6.0,3,0.04,/user/raabe14/u19361/workspace-allen/results/VISl_5/trial_0/phase_0/lib_ab4a70858e/lib_ab4a70858e__delay_0.15__dur_0.2.h5
91,0.06,0.0,ab4a70858e,0.09010367840528488,-31.34328358208955,9.858490566037737,157.4840764271708,10.74,16,21,7,2.199114857512855,1,3.0,10,1.1,/user/raabe14/u19361/workspace-allen/results/VISl_5/trial_0/phase_0/lib_ab4a70858e/lib_ab4a70858e__delay_0.06__dur_0.0.h5
92,0.06,0.2,ab4a70858e,0.0978187695145607,-15.223880597014926,47.5,22.515923572829163,28.65,25,0,9,2.827433388230814,5,8.0,7,0.08,/user/raabe14/u19361/workspace-allen/results/VISl_5/trial_0/phase_0/lib_ab4a70858e/lib_ab4a70858e__delay_0.06__dur_0.2.h5
93,0.12,0.0,ab4a70858e,0.11998814344406128,8.059701492537314,9.858490566037737,67.51591472682667,28.65,38,21,3,0.9424777960769379,5,8.0,4,0.05,/user/raabe14/u19361/workspace-allen/results/VISl_5/trial_0/phase_0/lib_ab4a70858e/lib_ab4a70858e__delay_0.12__dur_0.0.h5
94,0.15,0.2,ab4a70858e,0.15041981637477875,-4.477611940298509,17.02830188679245,157.4840764271708,21.49,31,17,7,2.199114857512855,4,6.0,7,0.08,/user/raabe14/u19361/workspace-allen/results/VISl_5/trial_0/phase_0/lib_ab4a70858e/lib_ab4a70858e__delay_0.15__dur_0.2.h5
95,0.09,0.0,ab4a70858e,0.11711610108613968,-6.268656716417908,-11.650943396226417,67.51591472682667,28.65,30,33,3,0.9424777960769379,5,8.0,3,0.04,/user/raabe14/u19361/workspace-allen/results/VISl_5/trial_0/phase_0/lib_ab4a70858e/lib_ab4a70858e__delay_0.09__dur_0.0.h5
96,0.15,0.2,ab4a70858e,0.10472877323627472,-33.134328358208954,22.405660377358487,157.4840764271708,7.16,15,14,7,2.199114857512855,0,2.0,12,1.3,/user/raabe14/u19361/workspace-allen/results/VISl_5/trial_0/phase_0/lib_ab4a70858e/lib_ab4a70858e__delay_0.15__dur_0.2.h5
97,0.15,0.2,ab4a70858e,0.12363716959953308,-18.80597014925373,18.820754716981128,67.51591472682667,21.49,23,16,3,0.9424777960769379,4,6.0,12,1.3,/user/raabe14/u19361/workspace-allen/results/VISl_5/trial_0/phase_0/lib_ab4a70858e/lib_ab4a70858e__delay_0.15__dur_0.2.h5
98,0.15,0.0,ab4a70858e,0.16508178412914276,-9.850746268656714,4.481132075471699,67.51591472682667,28.65,28,24,3,0.9424777960769379,5,8.0,4,0.05,/user/raabe14/u19361/workspace-allen/results/VISl_5/trial_0/phase_0/lib_ab4a70858e/lib_ab4a70858e__delay_0.15__dur_0.0.h5
99,0.12,0.0,ab4a70858e,0.11617068946361542,-11.64179104477612,9.858490566037737,90.0,17.91,27,21,4,1.2566370614359172,3,5.0,3,0.04,/user/raabe14/u19361/workspace-allen/results/VISl_5/trial_0/phase_0/lib_ab4a70858e/lib_ab4a70858e__delay_0.12__dur_0.0.h5
