unit_id,delay,duration,lib_id,abs_max_value,x_deg,y_deg,theta_deg,sigma_deg,xi,yi,theta_idx,theta_rad,sigma_idx,sigma,frequency_idx,frequency,source_file
0,0.09,0.0,ab4a70858e,0.11336784809827805,-4.477611940298509,-11.650943396226417,22.515923572829195,28.65,31,33,1,0.3141592653589793,5,8.0,7,0.08,/mnt/ceph-hdd/workspaces/ws/cidbn_wibral_neuro_nonhuman/u19361-allen-hdd/results/zebra/meso/sub-832700_ses-multiplane-ophys-832700-2026-01-24-12-06-12_ophys/dff/VISp_3/trial_1/phase_0/lib_ab4a70858e/lib_ab4a70858e__delay_0.09__dur_0.0.h5
1,0.03,0.0,ab4a70858e,0.09266610443592072,20.59701492537313,13.443396226415096,67.51591472682667,7.16,45,19,3,0.9424777960769379,0,2.0,12,1.3,/mnt/ceph-hdd/workspaces/ws/cidbn_wibral_neuro_nonhuman/u19361-allen-hdd/results/zebra/meso/sub-832700_ses-multiplane-ophys-832700-2026-01-24-12-06-12_ophys/dff/VISp_3/trial_1/phase_0/lib_ab4a70858e/lib_ab4a70858e__delay_0.03__dur_0.0.h5
10,0.15,0.0,ab4a70858e,0.12482903152704239,20.59701492537313,-11.650943396226417,22.515923572829195,7.16,45,33,1,0.3141592653589793,0,2.0,6,0.07,/mnt/ceph-hdd/workspaces/ws/cidbn_wibral_neuro_nonhuman/u19361-allen-hdd/results/zebra/meso/sub-832700_ses-multiplane-ophys-832700-2026-01-24-12-06-12_ophys/dff/VISp_3/trial_1/phase_0/lib_ab4a70858e/lib_ab4a70858e__delay_0.15__dur_0.0.h5
100,0.15,0.2,ab4a70858e,0.0998426005244255,6.268656716417908,-8.066037735849058,0.0,14.32,37,31,0,0.0,2,4.0,4,0.05,/mnt/ceph-hdd/workspaces/ws/cidbn_wibral_neuro_nonhuman/u19361-allen-hdd/results/zebra/meso/sub-832700_ses-multiplane-ophys-832700-2026-01-24-12-06-12_ophys/dff/VISp_3/trial_1/phase_0/lib_ab4a70858e/lib_ab4a70858e__delay_0.15__dur_0.2.h5
101,0.09,0.2,ab4a70858e,0.1174544245004654,-0.8955223880596961,-8.066037735849058,22.515923572829195,10.74,33,31,1,0.3141592653589793,1,3.0,6,0.07,/mnt/ceph-hdd/workspaces/ws/cidbn_wibral_neuro_nonhuman/u19361-allen-hdd/results/zebra/meso/sub-832700_ses-multiplane-ophys-832700-2026-01-24-12-06-12_ophys/dff/VISp_3/trial_1/phase_0/lib_ab4a70858e/lib_ab4a70858e__delay_0.09__dur_0.2.h5
102,0.12,0.2,ab4a70858e,0.09406089037656784,-24.179104477611936,29.575471698113205,22.515923572829163,7.16,20,10,9,2.827433388230814,0,2.0,11,1.2,/mnt/ceph-hdd/workspaces/ws/cidbn_wibral_neuro_nonhuman/u19361-allen-hdd/results/zebra/meso/sub-832700_ses-multiplane-ophys-832700-2026-01-24-12-06-12_ophys/dff/VISp_3/trial_1/phase_0/lib_ab4a70858e/lib_ab4a70858e__delay_0.12__dur_0.2.h5
103,0.0,0.0,ab4a70858e,0.11778489500284195,8.059701492537314,-4.481132075471699,22.515923572829163,21.49,38,29,9,2.827433388230814,4,6.0,7,0.08,/mnt/ceph-hdd/workspaces/ws/cidbn_wibral_neuro_nonhuman/u19361-allen-hdd/results/zebra/meso/sub-832700_ses-multiplane-ophys-832700-2026-01-24-12-06-12_ophys/dff/VISp_3/trial_1/phase_0/lib_ab4a70858e/lib_ab4a70858e__delay_0.0__dur_0.0.h5
104,0.12,0.2,ab4a70858e,0.09646705538034439,-18.80597014925373,-42.12264150943396,22.515923572829195,7.16,23,50,1,0.3141592653589793,0,2.0,12,1.3,/mnt/ceph-hdd/workspaces/ws/cidbn_wibral_neuro_nonhuman/u19361-allen-hdd/results/zebra/meso/sub-832700_ses-multiplane-ophys-832700-2026-01-24-12-06-12_ophys/dff/VISp_3/trial_1/phase_0/lib_ab4a70858e/lib_ab4a70858e__delay_0.12__dur_0.2.h5
105,0.12,0.0,ab4a70858e,0.09081126749515533,-6.268656716417908,-24.19811320754717,134.9774869247291,7.16,30,40,6,1.8849555921538759,0,2.0,11,1.2,/mnt/ceph-hdd/workspaces/ws/cidbn_wibral_neuro_nonhuman/u19361-allen-hdd/results/zebra/meso/sub-832700_ses-multiplane-ophys-832700-2026-01-24-12-06-12_ophys/dff/VISp_3/trial_1/phase_0/lib_ab4a70858e/lib_ab4a70858e__delay_0.12__dur_0.0.h5
106,0.0,0.0,ab4a70858e,0.09898121654987335,-0.8955223880596961,-2.6886792452830193,67.51591472682667,10.74,33,28,3,0.9424777960769379,1,3.0,12,1.3,/mnt/ceph-hdd/workspaces/ws/cidbn_wibral_neuro_nonhuman/u19361-allen-hdd/results/zebra/meso/sub-832700_ses-multiplane-ophys-832700-2026-01-24-12-06-12_ophys/dff/VISp_3/trial_1/phase_0/lib_ab4a70858e/lib_ab4a70858e__delay_0.0__dur_0.0.h5
107,0.15,0.0,ab4a70858e,0.1756235808134079,0.8955223880597032,-4.481132075471699,22.515923572829195,17.91,34,29,1,0.3141592653589793,3,5.0,9,0.1,/mnt/ceph-hdd/workspaces/ws/cidbn_wibral_neuro_nonhuman/u19361-allen-hdd/results/zebra/meso/sub-832700_ses-multiplane-ophys-832700-2026-01-24-12-06-12_ophys/dff/VISp_3/trial_1/phase_0/lib_ab4a70858e/lib_ab4a70858e__delay_0.15__dur_0.0.h5
108,0.09,0.2,ab4a70858e,0.11193288862705231,-2.6865671641791025,-6.273584905660378,67.51591472682667,17.91,32,30,3,0.9424777960769379,3,5.0,5,0.06,/mnt/ceph-hdd/workspaces/ws/cidbn_wibral_neuro_nonhuman/u19361-allen-hdd/results/zebra/meso/sub-832700_ses-multiplane-ophys-832700-2026-01-24-12-06-12_ophys/dff/VISp_3/trial_1/phase_0/lib_ab4a70858e/lib_ab4a70858e__delay_0.09__dur_0.2.h5
109,0.03,0.2,ab4a70858e,0.09711184352636337,-60.0,25.990566037735846,22.515923572829195,17.91,0,12,1,0.3141592653589793,3,5.0,12,1.3,/mnt/ceph-hdd/workspaces/ws/cidbn_wibral_neuro_nonhuman/u19361-allen-hdd/results/zebra/meso/sub-832700_ses-multiplane-ophys-832700-2026-01-24-12-06-12_ophys/dff/VISp_3/trial_1/phase_0/lib_ab4a70858e/lib_ab4a70858e__delay_0.03__dur_0.2.h5
11,0.06,0.2,ab4a70858e,0.11944006383419037,2.6865671641791096,38.5377358490566,180.0,7.16,35,5,8,2.5132741228718345,0,2.0,12,1.3,/mnt/ceph-hdd/workspaces/ws/cidbn_wibral_neuro_nonhuman/u19361-allen-hdd/results/zebra/meso/sub-832700_ses-multiplane-ophys-832700-2026-01-24-12-06-12_ophys/dff/VISp_3/trial_1/phase_0/lib_ab4a70858e/lib_ab4a70858e__delay_0.06__dur_0.2.h5
110,0.03,0.2,ab4a70858e,0.11172579228878021,-24.179104477611936,-17.028301886792452,157.4840764271708,21.49,20,36,7,2.199114857512855,4,6.0,12,1.3,/mnt/ceph-hdd/workspaces/ws/cidbn_wibral_neuro_nonhuman/u19361-allen-hdd/results/zebra/meso/sub-832700_ses-multiplane-ophys-832700-2026-01-24-12-06-12_ophys/dff/VISp_3/trial_1/phase_0/lib_ab4a70858e/lib_ab4a70858e__delay_0.03__dur_0.2.h5
111,0.06,0.2,ab4a70858e,0.10855057090520859,-2.6865671641791025,-9.858490566037737,22.515923572829195,17.91,32,32,1,0.3141592653589793,3,5.0,9,0.1,/mnt/ceph-hdd/workspaces/ws/cidbn_wibral_neuro_nonhuman/u19361-allen-hdd/results/zebra/meso/sub-832700_ses-multiplane-ophys-832700-2026-01-24-12-06-12_ophys/dff/VISp_3/trial_1/phase_0/lib_ab4a70858e/lib_ab4a70858e__delay_0.06__dur_0.2.h5
112,0.12,0.0,ab4a70858e,0.10123870521783829,8.059701492537314,-2.6886792452830193,22.515923572829195,21.49,38,28,1,0.3141592653589793,4,6.0,3,0.04,/mnt/ceph-hdd/workspaces/ws/cidbn_wibral_neuro_nonhuman/u19361-allen-hdd/results/zebra/meso/sub-832700_ses-multiplane-ophys-832700-2026-01-24-12-06-12_ophys/dff/VISp_3/trial_1/phase_0/lib_ab4a70858e/lib_ab4a70858e__delay_0.12__dur_0.0.h5
113,0.15,0.0,ab4a70858e,0.10599716752767563,-0.8955223880596961,-9.858490566037737,157.4840764271708,7.16,33,32,7,2.199114857512855,0,2.0,10,1.1,/mnt/ceph-hdd/workspaces/ws/cidbn_wibral_neuro_nonhuman/u19361-allen-hdd/results/zebra/meso/sub-832700_ses-multiplane-ophys-832700-2026-01-24-12-06-12_ophys/dff/VISp_3/trial_1/phase_0/lib_ab4a70858e/lib_ab4a70858e__delay_0.15__dur_0.0.h5
114,0.15,0.2,ab4a70858e,0.14834469556808472,0.8955223880597032,-8.066037735849058,90.0,14.32,34,31,4,1.2566370614359172,2,4.0,6,0.07,/mnt/ceph-hdd/workspaces/ws/cidbn_wibral_neuro_nonhuman/u19361-allen-hdd/results/zebra/meso/sub-832700_ses-multiplane-ophys-832700-2026-01-24-12-06-12_ophys/dff/VISp_3/trial_1/phase_0/lib_ab4a70858e/lib_ab4a70858e__delay_0.15__dur_0.2.h5
115,0.09,0.0,ab4a70858e,0.1321101039648056,0.8955223880597032,-2.6886792452830193,180.0,21.49,34,28,8,2.5132741228718345,4,6.0,6,0.07,/mnt/ceph-hdd/workspaces/ws/cidbn_wibral_neuro_nonhuman/u19361-allen-hdd/results/zebra/meso/sub-832700_ses-multiplane-ophys-832700-2026-01-24-12-06-12_ophys/dff/VISp_3/trial_1/phase_0/lib_ab4a70858e/lib_ab4a70858e__delay_0.09__dur_0.0.h5
116,0.12,0.2,ab4a70858e,0.17477653920650482,0.8955223880597032,-13.443396226415096,157.4840764271708,17.91,34,34,7,2.199114857512855,3,5.0,7,0.08,/mnt/ceph-hdd/workspaces/ws/cidbn_wibral_neuro_nonhuman/u19361-allen-hdd/results/zebra/meso/sub-832700_ses-multiplane-ophys-832700-2026-01-24-12-06-12_ophys/dff/VISp_3/trial_1/phase_0/lib_ab4a70858e/lib_ab4a70858e__delay_0.12__dur_0.2.h5
117,0.09,0.2,ab4a70858e,0.31834784150123596,2.6865671641791096,-4.481132075471699,22.515923572829195,14.32,35,29,1,0.3141592653589793,2,4.0,4,0.05,/mnt/ceph-hdd/workspaces/ws/cidbn_wibral_neuro_nonhuman/u19361-allen-hdd/results/zebra/meso/sub-832700_ses-multiplane-ophys-832700-2026-01-24-12-06-12_ophys/dff/VISp_3/trial_1/phase_0/lib_ab4a70858e/lib_ab4a70858e__delay_0.09__dur_0.2.h5
118,0.06,0.2,ab4a70858e,0.10602789372205734,-0.8955223880596961,-8.066037735849058,180.0,17.91,33,31,8,2.5132741228718345,3,5.0,12,1.3,/mnt/ceph-hdd/workspaces/ws/cidbn_wibral_neuro_nonhuman/u19361-allen-hdd/results/zebra/meso/sub-832700_ses-multiplane-ophys-832700-2026-01-24-12-06-12_ophys/dff/VISp_3/trial_1/phase_0/lib_ab4a70858e/lib_ab4a70858e__delay_0.06__dur_0.2.h5
119,0.06,0.2,ab4a70858e,0.09583855420351028,-9.850746268656714,-34.95283018867924,180.0,10.74,28,46,8,2.5132741228718345,1,3.0,12,1.3,/mnt/ceph-hdd/workspaces/ws/cidbn_wibral_neuro_nonhuman/u19361-allen-hdd/results/zebra/meso/sub-832700_ses-multiplane-ophys-832700-2026-01-24-12-06-12_ophys/dff/VISp_3/trial_1/phase_0/lib_ab4a70858e/lib_ab4a70858e__delay_0.06__dur_0.2.h5
12,0.12,0.0,ab4a70858e,0.10453403741121292,-2.6865671641791025,-4.481132075471699,67.51591472682667,21.49,32,29,3,0.9424777960769379,4,6.0,3,0.04,/mnt/ceph-hdd/workspaces/ws/cidbn_wibral_neuro_nonhuman/u19361-allen-hdd/results/zebra/meso/sub-832700_ses-multiplane-ophys-832700-2026-01-24-12-06-12_ophys/dff/VISp_3/trial_1/phase_0/lib_ab4a70858e/lib_ab4a70858e__delay_0.12__dur_0.0.h5
120,0.03,0.2,ab4a70858e,0.09342879801988602,8.059701492537314,27.783018867924525,157.4840764271708,7.16,38,11,7,2.199114857512855,0,2.0,10,1.1,/mnt/ceph-hdd/workspaces/ws/cidbn_wibral_neuro_nonhuman/u19361-allen-hdd/results/zebra/meso/sub-832700_ses-multiplane-ophys-832700-2026-01-24-12-06-12_ophys/dff/VISp_3/trial_1/phase_0/lib_ab4a70858e/lib_ab4a70858e__delay_0.03__dur_0.2.h5
121,0.0,0.2,ab4a70858e,0.09388014674186707,18.80597014925374,-13.443396226415096,22.515923572829195,7.16,44,34,1,0.3141592653589793,0,2.0,11,1.2,/mnt/ceph-hdd/workspaces/ws/cidbn_wibral_neuro_nonhuman/u19361-allen-hdd/results/zebra/meso/sub-832700_ses-multiplane-ophys-832700-2026-01-24-12-06-12_ophys/dff/VISp_3/trial_1/phase_0/lib_ab4a70858e/lib_ab4a70858e__delay_0.0__dur_0.2.h5
122,0.0,0.2,ab4a70858e,0.10625792294740677,-8.059701492537314,-2.6886792452830193,180.0,7.16,29,28,8,2.5132741228718345,0,2.0,11,1.2,/mnt/ceph-hdd/workspaces/ws/cidbn_wibral_neuro_nonhuman/u19361-allen-hdd/results/zebra/meso/sub-832700_ses-multiplane-ophys-832700-2026-01-24-12-06-12_ophys/dff/VISp_3/trial_1/phase_0/lib_ab4a70858e/lib_ab4a70858e__delay_0.0__dur_0.2.h5
123,0.12,0.2,ab4a70858e,0.09161833673715591,4.477611940298516,-17.028301886792452,22.515923572829195,7.16,36,36,1,0.3141592653589793,0,2.0,10,1.1,/mnt/ceph-hdd/workspaces/ws/cidbn_wibral_neuro_nonhuman/u19361-allen-hdd/results/zebra/meso/sub-832700_ses-multiplane-ophys-832700-2026-01-24-12-06-12_ophys/dff/VISp_3/trial_1/phase_0/lib_ab4a70858e/lib_ab4a70858e__delay_0.12__dur_0.2.h5
124,0.15,0.2,ab4a70858e,0.10897951573133469,2.6865671641791096,-6.273584905660378,22.515923572829195,21.49,35,30,1,0.3141592653589793,4,6.0,4,0.05,/mnt/ceph-hdd/workspaces/ws/cidbn_wibral_neuro_nonhuman/u19361-allen-hdd/results/zebra/meso/sub-832700_ses-multiplane-ophys-832700-2026-01-24-12-06-12_ophys/dff/VISp_3/trial_1/phase_0/lib_ab4a70858e/lib_ab4a70858e__delay_0.15__dur_0.2.h5
125,0.12,0.0,ab4a70858e,0.10375773906707764,-36.71641791044776,-4.481132075471699,90.0,7.16,13,29,4,1.2566370614359172,0,2.0,12,1.3,/mnt/ceph-hdd/workspaces/ws/cidbn_wibral_neuro_nonhuman/u19361-allen-hdd/results/zebra/meso/sub-832700_ses-multiplane-ophys-832700-2026-01-24-12-06-12_ophys/dff/VISp_3/trial_1/phase_0/lib_ab4a70858e/lib_ab4a70858e__delay_0.12__dur_0.0.h5
126,0.15,0.0,ab4a70858e,0.0896071195602417,58.20895522388061,-2.6886792452830193,67.51591472682667,10.74,66,28,3,0.9424777960769379,1,3.0,9,0.1,/mnt/ceph-hdd/workspaces/ws/cidbn_wibral_neuro_nonhuman/u19361-allen-hdd/results/zebra/meso/sub-832700_ses-multiplane-ophys-832700-2026-01-24-12-06-12_ophys/dff/VISp_3/trial_1/phase_0/lib_ab4a70858e/lib_ab4a70858e__delay_0.15__dur_0.0.h5
127,0.09,0.0,ab4a70858e,0.09305577725172043,6.268656716417908,40.33018867924528,67.51591472682667,14.32,37,4,3,0.9424777960769379,2,4.0,10,1.1,/mnt/ceph-hdd/workspaces/ws/cidbn_wibral_neuro_nonhuman/u19361-allen-hdd/results/zebra/meso/sub-832700_ses-multiplane-ophys-832700-2026-01-24-12-06-12_ophys/dff/VISp_3/trial_1/phase_0/lib_ab4a70858e/lib_ab4a70858e__delay_0.09__dur_0.0.h5
128,0.09,0.2,ab4a70858e,0.10765787959098816,4.477611940298516,-6.273584905660378,22.515923572829195,21.49,36,30,1,0.3141592653589793,4,6.0,9,0.1,/mnt/ceph-hdd/workspaces/ws/cidbn_wibral_neuro_nonhuman/u19361-allen-hdd/results/zebra/meso/sub-832700_ses-multiplane-ophys-832700-2026-01-24-12-06-12_ophys/dff/VISp_3/trial_1/phase_0/lib_ab4a70858e/lib_ab4a70858e__delay_0.09__dur_0.2.h5
129,0.03,0.0,ab4a70858e,0.10172658413648605,31.343283582089555,-27.78301886792453,22.515923572829195,14.32,51,42,1,0.3141592653589793,2,4.0,9,0.1,/mnt/ceph-hdd/workspaces/ws/cidbn_wibral_neuro_nonhuman/u19361-allen-hdd/results/zebra/meso/sub-832700_ses-multiplane-ophys-832700-2026-01-24-12-06-12_ophys/dff/VISp_3/trial_1/phase_0/lib_ab4a70858e/lib_ab4a70858e__delay_0.03__dur_0.0.h5
13,0.09,0.0,ab4a70858e,0.15085044503211975,0.8955223880597032,-6.273584905660378,45.02251307527088,21.49,34,30,2,0.6283185307179586,4,6.0,5,0.06,/mnt/ceph-hdd/workspaces/ws/cidbn_wibral_neuro_nonhuman/u19361-allen-hdd/results/zebra/meso/sub-832700_ses-multiplane-ophys-832700-2026-01-24-12-06-12_ophys/dff/VISp_3/trial_1/phase_0/lib_ab4a70858e/lib_ab4a70858e__delay_0.09__dur_0.0.h5
130,0.12,0.0,ab4a70858e,0.20170444250106812,0.8955223880597032,-6.273584905660378,22.515923572829195,14.32,34,30,1,0.3141592653589793,2,4.0,8,0.09,/mnt/ceph-hdd/workspaces/ws/cidbn_wibral_neuro_nonhuman/u19361-allen-hdd/results/zebra/meso/sub-832700_ses-multiplane-ophys-832700-2026-01-24-12-06-12_ophys/dff/VISp_3/trial_1/phase_0/lib_ab4a70858e/lib_ab4a70858e__delay_0.12__dur_0.0.h5
131,0.12,0.2,ab4a70858e,0.10276948660612106,-54.62686567164179,-18.82075471698113,90.0,14.32,3,37,4,1.2566370614359172,2,4.0,12,1.3,/mnt/ceph-hdd/workspaces/ws/cidbn_wibral_neuro_nonhuman/u19361-allen-hdd/results/zebra/meso/sub-832700_ses-multiplane-ophys-832700-2026-01-24-12-06-12_ophys/dff/VISp_3/trial_1/phase_0/lib_ab4a70858e/lib_ab4a70858e__delay_0.12__dur_0.2.h5
132,0.06,0.2,ab4a70858e,0.10024663805961609,-29.55223880597015,-6.273584905660378,112.48408527317332,7.16,17,30,5,1.5707963267948966,0,2.0,11,1.2,/mnt/ceph-hdd/workspaces/ws/cidbn_wibral_neuro_nonhuman/u19361-allen-hdd/results/zebra/meso/sub-832700_ses-multiplane-ophys-832700-2026-01-24-12-06-12_ophys/dff/VISp_3/trial_1/phase_0/lib_ab4a70858e/lib_ab4a70858e__delay_0.06__dur_0.2.h5
133,0.06,0.0,ab4a70858e,0.10040555894374847,6.268656716417908,-18.82075471698113,90.0,7.16,37,37,4,1.2566370614359172,0,2.0,11,1.2,/mnt/ceph-hdd/workspaces/ws/cidbn_wibral_neuro_nonhuman/u19361-allen-hdd/results/zebra/meso/sub-832700_ses-multiplane-ophys-832700-2026-01-24-12-06-12_ophys/dff/VISp_3/trial_1/phase_0/lib_ab4a70858e/lib_ab4a70858e__delay_0.06__dur_0.0.h5
134,0.15,0.2,ab4a70858e,0.1212942972779274,2.6865671641791096,-11.650943396226417,67.51591472682667,17.91,35,33,3,0.9424777960769379,3,5.0,3,0.04,/mnt/ceph-hdd/workspaces/ws/cidbn_wibral_neuro_nonhuman/u19361-allen-hdd/results/zebra/meso/sub-832700_ses-multiplane-ophys-832700-2026-01-24-12-06-12_ophys/dff/VISp_3/trial_1/phase_0/lib_ab4a70858e/lib_ab4a70858e__delay_0.15__dur_0.2.h5
135,0.12,0.2,ab4a70858e,0.09487022459506989,-25.970149253731343,8.066037735849058,157.4840764271708,14.32,19,22,7,2.199114857512855,2,4.0,10,1.1,/mnt/ceph-hdd/workspaces/ws/cidbn_wibral_neuro_nonhuman/u19361-allen-hdd/results/zebra/meso/sub-832700_ses-multiplane-ophys-832700-2026-01-24-12-06-12_ophys/dff/VISp_3/trial_1/phase_0/lib_ab4a70858e/lib_ab4a70858e__delay_0.12__dur_0.2.h5
136,0.09,0.2,ab4a70858e,0.15780815482139587,-4.477611940298509,6.273584905660378,0.0,21.49,31,23,0,0.0,4,6.0,6,0.07,/mnt/ceph-hdd/workspaces/ws/cidbn_wibral_neuro_nonhuman/u19361-allen-hdd/results/zebra/meso/sub-832700_ses-multiplane-ophys-832700-2026-01-24-12-06-12_ophys/dff/VISp_3/trial_1/phase_0/lib_ab4a70858e/lib_ab4a70858e__delay_0.09__dur_0.2.h5
137,0.12,0.2,ab4a70858e,0.0946524441242218,-18.80597014925373,-17.028301886792452,134.9774869247291,10.74,23,36,6,1.8849555921538759,1,3.0,10,1.1,/mnt/ceph-hdd/workspaces/ws/cidbn_wibral_neuro_nonhuman/u19361-allen-hdd/results/zebra/meso/sub-832700_ses-multiplane-ophys-832700-2026-01-24-12-06-12_ophys/dff/VISp_3/trial_1/phase_0/lib_ab4a70858e/lib_ab4a70858e__delay_0.12__dur_0.2.h5
138,0.06,0.2,ab4a70858e,0.10868380963802338,-6.268656716417908,-6.273584905660378,0.0,17.91,30,30,0,0.0,3,5.0,9,0.1,/mnt/ceph-hdd/workspaces/ws/cidbn_wibral_neuro_nonhuman/u19361-allen-hdd/results/zebra/meso/sub-832700_ses-multiplane-ophys-832700-2026-01-24-12-06-12_ophys/dff/VISp_3/trial_1/phase_0/lib_ab4a70858e/lib_ab4a70858e__delay_0.06__dur_0.2.h5
139,0.06,0.2,ab4a70858e,0.1028796136379242,-9.850746268656714,-6.273584905660378,22.515923572829163,14.32,28,30,9,2.827433388230814,2,4.0,5,0.06,/mnt/ceph-hdd/workspaces/ws/cidbn_wibral_neuro_nonhuman/u19361-allen-hdd/results/zebra/meso/sub-832700_ses-multiplane-ophys-832700-2026-01-24-12-06-12_ophys/dff/VISp_3/trial_1/phase_0/lib_ab4a70858e/lib_ab4a70858e__delay_0.06__dur_0.2.h5
14,0.15,0.0,ab4a70858e,0.15891481935977936,8.059701492537314,-6.273584905660378,22.515923572829195,14.32,38,30,1,0.3141592653589793,2,4.0,1,0.02,/mnt/ceph-hdd/workspaces/ws/cidbn_wibral_neuro_nonhuman/u19361-allen-hdd/results/zebra/meso/sub-832700_ses-multiplane-ophys-832700-2026-01-24-12-06-12_ophys/dff/VISp_3/trial_1/phase_0/lib_ab4a70858e/lib_ab4a70858e__delay_0.15__dur_0.0.h5
140,0.12,0.0,ab4a70858e,0.15865129232406616,-0.8955223880596961,-11.650943396226417,180.0,10.74,33,33,8,2.5132741228718345,1,3.0,6,0.07,/mnt/ceph-hdd/workspaces/ws/cidbn_wibral_neuro_nonhuman/u19361-allen-hdd/results/zebra/meso/sub-832700_ses-multiplane-ophys-832700-2026-01-24-12-06-12_ophys/dff/VISp_3/trial_1/phase_0/lib_ab4a70858e/lib_ab4a70858e__delay_0.12__dur_0.0.h5
141,0.15,0.0,ab4a70858e,0.1589403599500656,0.8955223880597032,-8.066037735849058,180.0,21.49,34,31,8,2.5132741228718345,4,6.0,7,0.08,/mnt/ceph-hdd/workspaces/ws/cidbn_wibral_neuro_nonhuman/u19361-allen-hdd/results/zebra/meso/sub-832700_ses-multiplane-ophys-832700-2026-01-24-12-06-12_ophys/dff/VISp_3/trial_1/phase_0/lib_ab4a70858e/lib_ab4a70858e__delay_0.15__dur_0.0.h5
142,0.12,0.0,ab4a70858e,0.10490301996469498,-34.92537313432835,36.74528301886792,45.02251307527088,7.16,14,6,2,0.6283185307179586,0,2.0,10,1.1,/mnt/ceph-hdd/workspaces/ws/cidbn_wibral_neuro_nonhuman/u19361-allen-hdd/results/zebra/meso/sub-832700_ses-multiplane-ophys-832700-2026-01-24-12-06-12_ophys/dff/VISp_3/trial_1/phase_0/lib_ab4a70858e/lib_ab4a70858e__delay_0.12__dur_0.0.h5
143,0.03,0.2,ab4a70858e,0.0950009748339653,15.223880597014926,24.198113207547166,157.4840764271708,17.91,42,13,7,2.199114857512855,3,5.0,12,1.3,/mnt/ceph-hdd/workspaces/ws/cidbn_wibral_neuro_nonhuman/u19361-allen-hdd/results/zebra/meso/sub-832700_ses-multiplane-ophys-832700-2026-01-24-12-06-12_ophys/dff/VISp_3/trial_1/phase_0/lib_ab4a70858e/lib_ab4a70858e__delay_0.03__dur_0.2.h5
144,0.06,0.2,ab4a70858e,0.09277636557817459,-4.477611940298509,-18.82075471698113,22.515923572829195,17.91,31,37,1,0.3141592653589793,3,5.0,4,0.05,/mnt/ceph-hdd/workspaces/ws/cidbn_wibral_neuro_nonhuman/u19361-allen-hdd/results/zebra/meso/sub-832700_ses-multiplane-ophys-832700-2026-01-24-12-06-12_ophys/dff/VISp_3/trial_1/phase_0/lib_ab4a70858e/lib_ab4a70858e__delay_0.06__dur_0.2.h5
145,0.0,0.2,ab4a70858e,0.09746070951223373,-25.970149253731343,-0.8962264150943398,180.0,10.74,19,27,8,2.5132741228718345,1,3.0,12,1.3,/mnt/ceph-hdd/workspaces/ws/cidbn_wibral_neuro_nonhuman/u19361-allen-hdd/results/zebra/meso/sub-832700_ses-multiplane-ophys-832700-2026-01-24-12-06-12_ophys/dff/VISp_3/trial_1/phase_0/lib_ab4a70858e/lib_ab4a70858e__delay_0.0__dur_0.2.h5
146,0.0,0.2,ab4a70858e,0.10166099667549133,13.43283582089552,-4.481132075471699,45.02251307527088,21.49,41,29,2,0.6283185307179586,4,6.0,7,0.08,/mnt/ceph-hdd/workspaces/ws/cidbn_wibral_neuro_nonhuman/u19361-allen-hdd/results/zebra/meso/sub-832700_ses-multiplane-ophys-832700-2026-01-24-12-06-12_ophys/dff/VISp_3/trial_1/phase_0/lib_ab4a70858e/lib_ab4a70858e__delay_0.0__dur_0.2.h5
147,0.06,0.2,ab4a70858e,0.09589206427335739,-52.83582089552239,4.481132075471699,22.515923572829195,7.16,4,24,1,0.3141592653589793,0,2.0,12,1.3,/mnt/ceph-hdd/workspaces/ws/cidbn_wibral_neuro_nonhuman/u19361-allen-hdd/results/zebra/meso/sub-832700_ses-multiplane-ophys-832700-2026-01-24-12-06-12_ophys/dff/VISp_3/trial_1/phase_0/lib_ab4a70858e/lib_ab4a70858e__delay_0.06__dur_0.2.h5
148,0.09,0.0,ab4a70858e,0.12376197427511215,-8.059701492537314,-6.273584905660378,90.0,14.32,29,30,4,1.2566370614359172,2,4.0,4,0.05,/mnt/ceph-hdd/workspaces/ws/cidbn_wibral_neuro_nonhuman/u19361-allen-hdd/results/zebra/meso/sub-832700_ses-multiplane-ophys-832700-2026-01-24-12-06-12_ophys/dff/VISp_3/trial_1/phase_0/lib_ab4a70858e/lib_ab4a70858e__delay_0.09__dur_0.0.h5
149,0.09,0.0,ab4a70858e,0.09203139692544937,13.43283582089552,2.6886792452830193,180.0,28.65,41,25,8,2.5132741228718345,5,8.0,8,0.09,/mnt/ceph-hdd/workspaces/ws/cidbn_wibral_neuro_nonhuman/u19361-allen-hdd/results/zebra/meso/sub-832700_ses-multiplane-ophys-832700-2026-01-24-12-06-12_ophys/dff/VISp_3/trial_1/phase_0/lib_ab4a70858e/lib_ab4a70858e__delay_0.09__dur_0.0.h5
15,0.09,0.2,ab4a70858e,0.2807886302471161,8.059701492537314,-2.6886792452830193,67.51591472682667,14.32,38,28,3,0.9424777960769379,2,4.0,4,0.05,/mnt/ceph-hdd/workspaces/ws/cidbn_wibral_neuro_nonhuman/u19361-allen-hdd/results/zebra/meso/sub-832700_ses-multiplane-ophys-832700-2026-01-24-12-06-12_ophys/dff/VISp_3/trial_1/phase_0/lib_ab4a70858e/lib_ab4a70858e__delay_0.09__dur_0.2.h5
150,0.0,0.2,ab4a70858e,0.10296875983476639,-24.179104477611936,-15.235849056603776,157.4840764271708,7.16,20,35,7,2.199114857512855,0,2.0,11,1.2,/mnt/ceph-hdd/workspaces/ws/cidbn_wibral_neuro_nonhuman/u19361-allen-hdd/results/zebra/meso/sub-832700_ses-multiplane-ophys-832700-2026-01-24-12-06-12_ophys/dff/VISp_3/trial_1/phase_0/lib_ab4a70858e/lib_ab4a70858e__delay_0.0__dur_0.2.h5
151,0.09,0.0,ab4a70858e,0.09684135764837265,-13.43283582089552,-8.066037735849058,0.0,7.16,26,31,0,0.0,0,2.0,9,0.1,/mnt/ceph-hdd/workspaces/ws/cidbn_wibral_neuro_nonhuman/u19361-allen-hdd/results/zebra/meso/sub-832700_ses-multiplane-ophys-832700-2026-01-24-12-06-12_ophys/dff/VISp_3/trial_1/phase_0/lib_ab4a70858e/lib_ab4a70858e__delay_0.09__dur_0.0.h5
152,0.15,0.2,ab4a70858e,0.12634709477424622,27.761194029850756,20.613207547169807,157.4840764271708,17.91,49,15,7,2.199114857512855,3,5.0,12,1.3,/mnt/ceph-hdd/workspaces/ws/cidbn_wibral_neuro_nonhuman/u19361-allen-hdd/results/zebra/meso/sub-832700_ses-multiplane-ophys-832700-2026-01-24-12-06-12_ophys/dff/VISp_3/trial_1/phase_0/lib_ab4a70858e/lib_ab4a70858e__delay_0.15__dur_0.2.h5
153,0.03,0.0,ab4a70858e,0.0959564819931984,-11.64179104477612,-29.57547169811321,134.9774869247291,7.16,27,43,6,1.8849555921538759,0,2.0,10,1.1,/mnt/ceph-hdd/workspaces/ws/cidbn_wibral_neuro_nonhuman/u19361-allen-hdd/results/zebra/meso/sub-832700_ses-multiplane-ophys-832700-2026-01-24-12-06-12_ophys/dff/VISp_3/trial_1/phase_0/lib_ab4a70858e/lib_ab4a70858e__delay_0.03__dur_0.0.h5
154,0.03,0.0,ab4a70858e,0.09430453926324844,-40.298507462686565,43.91509433962264,90.0,7.16,11,2,4,1.2566370614359172,0,2.0,11,1.2,/mnt/ceph-hdd/workspaces/ws/cidbn_wibral_neuro_nonhuman/u19361-allen-hdd/results/zebra/meso/sub-832700_ses-multiplane-ophys-832700-2026-01-24-12-06-12_ophys/dff/VISp_3/trial_1/phase_0/lib_ab4a70858e/lib_ab4a70858e__delay_0.03__dur_0.0.h5
155,0.03,0.2,ab4a70858e,0.09850908815860748,-0.8955223880596961,29.575471698113205,0.0,10.74,33,10,0,0.0,1,3.0,11,1.2,/mnt/ceph-hdd/workspaces/ws/cidbn_wibral_neuro_nonhuman/u19361-allen-hdd/results/zebra/meso/sub-832700_ses-multiplane-ophys-832700-2026-01-24-12-06-12_ophys/dff/VISp_3/trial_1/phase_0/lib_ab4a70858e/lib_ab4a70858e__delay_0.03__dur_0.2.h5
156,0.12,0.0,ab4a70858e,0.0956072062253952,56.4179104477612,-18.82075471698113,22.515923572829195,7.16,65,37,1,0.3141592653589793,0,2.0,11,1.2,/mnt/ceph-hdd/workspaces/ws/cidbn_wibral_neuro_nonhuman/u19361-allen-hdd/results/zebra/meso/sub-832700_ses-multiplane-ophys-832700-2026-01-24-12-06-12_ophys/dff/VISp_3/trial_1/phase_0/lib_ab4a70858e/lib_ab4a70858e__delay_0.12__dur_0.0.h5
157,0.12,0.0,ab4a70858e,0.15530924499034882,-2.6865671641791025,-13.443396226415096,180.0,17.91,32,34,8,2.5132741228718345,3,5.0,9,0.1,/mnt/ceph-hdd/workspaces/ws/cidbn_wibral_neuro_nonhuman/u19361-allen-hdd/results/zebra/meso/sub-832700_ses-multiplane-ophys-832700-2026-01-24-12-06-12_ophys/dff/VISp_3/trial_1/phase_0/lib_ab4a70858e/lib_ab4a70858e__delay_0.12__dur_0.0.h5
158,0.06,0.0,ab4a70858e,0.09880479425191879,17.014925373134332,20.613207547169807,90.0,14.32,43,15,4,1.2566370614359172,2,4.0,10,1.1,/mnt/ceph-hdd/workspaces/ws/cidbn_wibral_neuro_nonhuman/u19361-allen-hdd/results/zebra/meso/sub-832700_ses-multiplane-ophys-832700-2026-01-24-12-06-12_ophys/dff/VISp_3/trial_1/phase_0/lib_ab4a70858e/lib_ab4a70858e__delay_0.06__dur_0.0.h5
159,0.12,0.2,ab4a70858e,0.10632563382387161,51.04477611940298,17.02830188679245,67.51591472682667,14.32,62,17,3,0.9424777960769379,2,4.0,12,1.3,/mnt/ceph-hdd/workspaces/ws/cidbn_wibral_neuro_nonhuman/u19361-allen-hdd/results/zebra/meso/sub-832700_ses-multiplane-ophys-832700-2026-01-24-12-06-12_ophys/dff/VISp_3/trial_1/phase_0/lib_ab4a70858e/lib_ab4a70858e__delay_0.12__dur_0.2.h5
16,0.15,0.0,ab4a70858e,0.17702601850032806,8.059701492537314,-8.066037735849058,112.48408527317332,14.32,38,31,5,1.5707963267948966,2,4.0,8,0.09,/mnt/ceph-hdd/workspaces/ws/cidbn_wibral_neuro_nonhuman/u19361-allen-hdd/results/zebra/meso/sub-832700_ses-multiplane-ophys-832700-2026-01-24-12-06-12_ophys/dff/VISp_3/trial_1/phase_0/lib_ab4a70858e/lib_ab4a70858e__delay_0.15__dur_0.0.h5
160,0.06,0.2,ab4a70858e,0.11767754703760147,-2.6865671641791025,-11.650943396226417,0.0,21.49,32,33,0,0.0,4,6.0,2,0.03,/mnt/ceph-hdd/workspaces/ws/cidbn_wibral_neuro_nonhuman/u19361-allen-hdd/results/zebra/meso/sub-832700_ses-multiplane-ophys-832700-2026-01-24-12-06-12_ophys/dff/VISp_3/trial_1/phase_0/lib_ab4a70858e/lib_ab4a70858e__delay_0.06__dur_0.2.h5
161,0.15,0.2,ab4a70858e,0.10475730150938034,-8.059701492537314,17.02830188679245,180.0,10.74,29,17,8,2.5132741228718345,1,3.0,12,1.3,/mnt/ceph-hdd/workspaces/ws/cidbn_wibral_neuro_nonhuman/u19361-allen-hdd/results/zebra/meso/sub-832700_ses-multiplane-ophys-832700-2026-01-24-12-06-12_ophys/dff/VISp_3/trial_1/phase_0/lib_ab4a70858e/lib_ab4a70858e__delay_0.15__dur_0.2.h5
162,0.12,0.2,ab4a70858e,0.18849432468414307,2.6865671641791096,-11.650943396226417,180.0,14.32,35,33,8,2.5132741228718345,2,4.0,3,0.04,/mnt/ceph-hdd/workspaces/ws/cidbn_wibral_neuro_nonhuman/u19361-allen-hdd/results/zebra/meso/sub-832700_ses-multiplane-ophys-832700-2026-01-24-12-06-12_ophys/dff/VISp_3/trial_1/phase_0/lib_ab4a70858e/lib_ab4a70858e__delay_0.12__dur_0.2.h5
163,0.12,0.2,ab4a70858e,0.14032962918281555,-6.268656716417908,-9.858490566037737,180.0,10.74,30,32,8,2.5132741228718345,1,3.0,5,0.06,/mnt/ceph-hdd/workspaces/ws/cidbn_wibral_neuro_nonhuman/u19361-allen-hdd/results/zebra/meso/sub-832700_ses-multiplane-ophys-832700-2026-01-24-12-06-12_ophys/dff/VISp_3/trial_1/phase_0/lib_ab4a70858e/lib_ab4a70858e__delay_0.12__dur_0.2.h5
164,0.09,0.0,ab4a70858e,0.10253750532865524,-2.6865671641791025,-9.858490566037737,45.02251307527088,28.65,32,32,2,0.6283185307179586,5,8.0,9,0.1,/mnt/ceph-hdd/workspaces/ws/cidbn_wibral_neuro_nonhuman/u19361-allen-hdd/results/zebra/meso/sub-832700_ses-multiplane-ophys-832700-2026-01-24-12-06-12_ophys/dff/VISp_3/trial_1/phase_0/lib_ab4a70858e/lib_ab4a70858e__delay_0.09__dur_0.0.h5
165,0.0,0.2,ab4a70858e,0.12306427210569382,-22.388059701492537,-11.650943396226417,157.4840764271708,17.91,21,33,7,2.199114857512855,3,5.0,12,1.3,/mnt/ceph-hdd/workspaces/ws/cidbn_wibral_neuro_nonhuman/u19361-allen-hdd/results/zebra/meso/sub-832700_ses-multiplane-ophys-832700-2026-01-24-12-06-12_ophys/dff/VISp_3/trial_1/phase_0/lib_ab4a70858e/lib_ab4a70858e__delay_0.0__dur_0.2.h5
166,0.15,0.2,ab4a70858e,0.08973485231399536,-40.298507462686565,-34.95283018867924,134.9774869247291,7.16,11,46,6,1.8849555921538759,0,2.0,12,1.3,/mnt/ceph-hdd/workspaces/ws/cidbn_wibral_neuro_nonhuman/u19361-allen-hdd/results/zebra/meso/sub-832700_ses-multiplane-ophys-832700-2026-01-24-12-06-12_ophys/dff/VISp_3/trial_1/phase_0/lib_ab4a70858e/lib_ab4a70858e__delay_0.15__dur_0.2.h5
167,0.15,0.0,ab4a70858e,0.11323893815279007,-45.67164179104478,4.481132075471699,45.02251307527088,7.16,8,24,2,0.6283185307179586,0,2.0,12,1.3,/mnt/ceph-hdd/workspaces/ws/cidbn_wibral_neuro_nonhuman/u19361-allen-hdd/results/zebra/meso/sub-832700_ses-multiplane-ophys-832700-2026-01-24-12-06-12_ophys/dff/VISp_3/trial_1/phase_0/lib_ab4a70858e/lib_ab4a70858e__delay_0.15__dur_0.0.h5
168,0.06,0.0,ab4a70858e,0.12824292480945587,0.8955223880597032,-13.443396226415096,90.0,10.74,34,34,4,1.2566370614359172,1,3.0,7,0.08,/mnt/ceph-hdd/workspaces/ws/cidbn_wibral_neuro_nonhuman/u19361-allen-hdd/results/zebra/meso/sub-832700_ses-multiplane-ophys-832700-2026-01-24-12-06-12_ophys/dff/VISp_3/trial_1/phase_0/lib_ab4a70858e/lib_ab4a70858e__delay_0.06__dur_0.0.h5
169,0.12,0.2,ab4a70858e,0.13427412509918213,-4.477611940298509,-13.443396226415096,22.515923572829163,10.74,31,34,9,2.827433388230814,1,3.0,7,0.08,/mnt/ceph-hdd/workspaces/ws/cidbn_wibral_neuro_nonhuman/u19361-allen-hdd/results/zebra/meso/sub-832700_ses-multiplane-ophys-832700-2026-01-24-12-06-12_ophys/dff/VISp_3/trial_1/phase_0/lib_ab4a70858e/lib_ab4a70858e__delay_0.12__dur_0.2.h5
17,0.12,0.0,ab4a70858e,0.0932336077094078,-11.64179104477612,-9.858490566037737,90.0,21.49,27,32,4,1.2566370614359172,4,6.0,2,0.03,/mnt/ceph-hdd/workspaces/ws/cidbn_wibral_neuro_nonhuman/u19361-allen-hdd/results/zebra/meso/sub-832700_ses-multiplane-ophys-832700-2026-01-24-12-06-12_ophys/dff/VISp_3/trial_1/phase_0/lib_ab4a70858e/lib_ab4a70858e__delay_0.12__dur_0.0.h5
170,0.06,0.2,ab4a70858e,0.10239315778017044,45.67164179104478,25.990566037735846,90.0,28.65,59,12,4,1.2566370614359172,5,8.0,12,1.3,/mnt/ceph-hdd/workspaces/ws/cidbn_wibral_neuro_nonhuman/u19361-allen-hdd/results/zebra/meso/sub-832700_ses-multiplane-ophys-832700-2026-01-24-12-06-12_ophys/dff/VISp_3/trial_1/phase_0/lib_ab4a70858e/lib_ab4a70858e__delay_0.06__dur_0.2.h5
171,0.12,0.2,ab4a70858e,0.11594192683696747,-0.8955223880596961,-8.066037735849058,22.515923572829195,17.91,33,31,1,0.3141592653589793,3,5.0,5,0.06,/mnt/ceph-hdd/workspaces/ws/cidbn_wibral_neuro_nonhuman/u19361-allen-hdd/results/zebra/meso/sub-832700_ses-multiplane-ophys-832700-2026-01-24-12-06-12_ophys/dff/VISp_3/trial_1/phase_0/lib_ab4a70858e/lib_ab4a70858e__delay_0.12__dur_0.2.h5
172,0.15,0.2,ab4a70858e,0.1461879312992096,-11.64179104477612,15.235849056603776,180.0,14.32,27,18,8,2.5132741228718345,2,4.0,12,1.3,/mnt/ceph-hdd/workspaces/ws/cidbn_wibral_neuro_nonhuman/u19361-allen-hdd/results/zebra/meso/sub-832700_ses-multiplane-ophys-832700-2026-01-24-12-06-12_ophys/dff/VISp_3/trial_1/phase_0/lib_ab4a70858e/lib_ab4a70858e__delay_0.15__dur_0.2.h5
173,0.12,0.0,ab4a70858e,0.13244396448135376,-0.8955223880596961,-6.273584905660378,67.51591472682667,10.74,33,30,3,0.9424777960769379,1,3.0,5,0.06,/mnt/ceph-hdd/workspaces/ws/cidbn_wibral_neuro_nonhuman/u19361-allen-hdd/results/zebra/meso/sub-832700_ses-multiplane-ophys-832700-2026-01-24-12-06-12_ophys/dff/VISp_3/trial_1/phase_0/lib_ab4a70858e/lib_ab4a70858e__delay_0.12__dur_0.0.h5
174,0.12,0.2,ab4a70858e,0.14508730173110962,0.8955223880597032,-9.858490566037737,157.4840764271708,14.32,34,32,7,2.199114857512855,2,4.0,5,0.06,/mnt/ceph-hdd/workspaces/ws/cidbn_wibral_neuro_nonhuman/u19361-allen-hdd/results/zebra/meso/sub-832700_ses-multiplane-ophys-832700-2026-01-24-12-06-12_ophys/dff/VISp_3/trial_1/phase_0/lib_ab4a70858e/lib_ab4a70858e__delay_0.12__dur_0.2.h5
175,0.12,0.0,ab4a70858e,0.11185871809720993,-0.8955223880596961,-15.235849056603776,45.02251307527088,14.32,33,35,2,0.6283185307179586,2,4.0,8,0.09,/mnt/ceph-hdd/workspaces/ws/cidbn_wibral_neuro_nonhuman/u19361-allen-hdd/results/zebra/meso/sub-832700_ses-multiplane-ophys-832700-2026-01-24-12-06-12_ophys/dff/VISp_3/trial_1/phase_0/lib_ab4a70858e/lib_ab4a70858e__delay_0.12__dur_0.0.h5
176,0.03,0.0,ab4a70858e,0.10080555081367493,9.85074626865672,27.783018867924525,157.4840764271708,10.74,39,11,7,2.199114857512855,1,3.0,12,1.3,/mnt/ceph-hdd/workspaces/ws/cidbn_wibral_neuro_nonhuman/u19361-allen-hdd/results/zebra/meso/sub-832700_ses-multiplane-ophys-832700-2026-01-24-12-06-12_ophys/dff/VISp_3/trial_1/phase_0/lib_ab4a70858e/lib_ab4a70858e__delay_0.03__dur_0.0.h5
177,0.06,0.2,ab4a70858e,0.121311716735363,-0.8955223880596961,-6.273584905660378,0.0,17.91,33,30,0,0.0,3,5.0,5,0.06,/mnt/ceph-hdd/workspaces/ws/cidbn_wibral_neuro_nonhuman/u19361-allen-hdd/results/zebra/meso/sub-832700_ses-multiplane-ophys-832700-2026-01-24-12-06-12_ophys/dff/VISp_3/trial_1/phase_0/lib_ab4a70858e/lib_ab4a70858e__delay_0.06__dur_0.2.h5
178,0.15,0.0,ab4a70858e,0.09703266620635986,-47.46268656716418,0.8962264150943398,180.0,14.32,7,26,8,2.5132741228718345,2,4.0,10,1.1,/mnt/ceph-hdd/workspaces/ws/cidbn_wibral_neuro_nonhuman/u19361-allen-hdd/results/zebra/meso/sub-832700_ses-multiplane-ophys-832700-2026-01-24-12-06-12_ophys/dff/VISp_3/trial_1/phase_0/lib_ab4a70858e/lib_ab4a70858e__delay_0.15__dur_0.0.h5
179,0.12,0.0,ab4a70858e,0.09387658536434174,42.08955223880598,-8.066037735849058,45.02251307527088,28.65,57,31,2,0.6283185307179586,5,8.0,10,1.1,/mnt/ceph-hdd/workspaces/ws/cidbn_wibral_neuro_nonhuman/u19361-allen-hdd/results/zebra/meso/sub-832700_ses-multiplane-ophys-832700-2026-01-24-12-06-12_ophys/dff/VISp_3/trial_1/phase_0/lib_ab4a70858e/lib_ab4a70858e__delay_0.12__dur_0.0.h5
18,0.12,0.0,ab4a70858e,0.16942380368709564,11.641791044776127,-4.481132075471699,67.51591472682667,17.91,40,29,3,0.9424777960769379,3,5.0,4,0.05,/mnt/ceph-hdd/workspaces/ws/cidbn_wibral_neuro_nonhuman/u19361-allen-hdd/results/zebra/meso/sub-832700_ses-multiplane-ophys-832700-2026-01-24-12-06-12_ophys/dff/VISp_3/trial_1/phase_0/lib_ab4a70858e/lib_ab4a70858e__delay_0.12__dur_0.0.h5
180,0.15,0.0,ab4a70858e,0.12935730814933777,11.641791044776127,-8.066037735849058,134.9774869247291,14.32,40,31,6,1.8849555921538759,2,4.0,6,0.07,/mnt/ceph-hdd/workspaces/ws/cidbn_wibral_neuro_nonhuman/u19361-allen-hdd/results/zebra/meso/sub-832700_ses-multiplane-ophys-832700-2026-01-24-12-06-12_ophys/dff/VISp_3/trial_1/phase_0/lib_ab4a70858e/lib_ab4a70858e__delay_0.15__dur_0.0.h5
181,0.09,0.2,ab4a70858e,0.0964081659913063,-60.0,20.613207547169807,22.515923572829163,17.91,0,15,9,2.827433388230814,3,5.0,11,1.2,/mnt/ceph-hdd/workspaces/ws/cidbn_wibral_neuro_nonhuman/u19361-allen-hdd/results/zebra/meso/sub-832700_ses-multiplane-ophys-832700-2026-01-24-12-06-12_ophys/dff/VISp_3/trial_1/phase_0/lib_ab4a70858e/lib_ab4a70858e__delay_0.09__dur_0.2.h5
182,0.09,0.0,ab4a70858e,0.1535622626543045,-6.268656716417908,-9.858490566037737,90.0,7.16,30,32,4,1.2566370614359172,0,2.0,9,0.1,/mnt/ceph-hdd/workspaces/ws/cidbn_wibral_neuro_nonhuman/u19361-allen-hdd/results/zebra/meso/sub-832700_ses-multiplane-ophys-832700-2026-01-24-12-06-12_ophys/dff/VISp_3/trial_1/phase_0/lib_ab4a70858e/lib_ab4a70858e__delay_0.09__dur_0.0.h5
183,0.12,0.0,ab4a70858e,0.1486363708972931,-6.268656716417908,-0.8962264150943398,22.515923572829195,17.91,30,27,1,0.3141592653589793,3,5.0,7,0.08,/mnt/ceph-hdd/workspaces/ws/cidbn_wibral_neuro_nonhuman/u19361-allen-hdd/results/zebra/meso/sub-832700_ses-multiplane-ophys-832700-2026-01-24-12-06-12_ophys/dff/VISp_3/trial_1/phase_0/lib_ab4a70858e/lib_ab4a70858e__delay_0.12__dur_0.0.h5
184,0.12,0.2,ab4a70858e,0.09198272973299026,-24.179104477611936,-20.61320754716981,67.51591472682667,14.32,20,38,3,0.9424777960769379,2,4.0,12,1.3,/mnt/ceph-hdd/workspaces/ws/cidbn_wibral_neuro_nonhuman/u19361-allen-hdd/results/zebra/meso/sub-832700_ses-multiplane-ophys-832700-2026-01-24-12-06-12_ophys/dff/VISp_3/trial_1/phase_0/lib_ab4a70858e/lib_ab4a70858e__delay_0.12__dur_0.2.h5
185,0.09,0.0,ab4a70858e,0.09990084916353226,4.477611940298516,17.02830188679245,134.9774869247291,21.49,36,17,6,1.8849555921538759,4,6.0,10,1.1,/mnt/ceph-hdd/workspaces/ws/cidbn_wibral_neuro_nonhuman/u19361-allen-hdd/results/zebra/meso/sub-832700_ses-multiplane-ophys-832700-2026-01-24-12-06-12_ophys/dff/VISp_3/trial_1/phase_0/lib_ab4a70858e/lib_ab4a70858e__delay_0.09__dur_0.0.h5
186,0.0,0.0,ab4a70858e,0.09110745042562485,4.477611940298516,24.198113207547166,157.4840764271708,14.32,36,13,7,2.199114857512855,2,4.0,12,1.3,/mnt/ceph-hdd/workspaces/ws/cidbn_wibral_neuro_nonhuman/u19361-allen-hdd/results/zebra/meso/sub-832700_ses-multiplane-ophys-832700-2026-01-24-12-06-12_ophys/dff/VISp_3/trial_1/phase_0/lib_ab4a70858e/lib_ab4a70858e__delay_0.0__dur_0.0.h5
187,0.09,0.0,ab4a70858e,0.24768483638763428,2.6865671641791096,-9.858490566037737,134.9774869247291,17.91,35,32,6,1.8849555921538759,3,5.0,6,0.07,/mnt/ceph-hdd/workspaces/ws/cidbn_wibral_neuro_nonhuman/u19361-allen-hdd/results/zebra/meso/sub-832700_ses-multiplane-ophys-832700-2026-01-24-12-06-12_ophys/dff/VISp_3/trial_1/phase_0/lib_ab4a70858e/lib_ab4a70858e__delay_0.09__dur_0.0.h5
188,0.15,0.0,ab4a70858e,0.09552107006311417,11.641791044776127,-15.235849056603776,67.51591472682667,28.65,40,35,3,0.9424777960769379,5,8.0,10,1.1,/mnt/ceph-hdd/workspaces/ws/cidbn_wibral_neuro_nonhuman/u19361-allen-hdd/results/zebra/meso/sub-832700_ses-multiplane-ophys-832700-2026-01-24-12-06-12_ophys/dff/VISp_3/trial_1/phase_0/lib_ab4a70858e/lib_ab4a70858e__delay_0.15__dur_0.0.h5
189,0.09,0.2,ab4a70858e,0.18398652970790863,-4.477611940298509,-6.273584905660378,45.02251307527088,14.32,31,30,2,0.6283185307179586,2,4.0,7,0.08,/mnt/ceph-hdd/workspaces/ws/cidbn_wibral_neuro_nonhuman/u19361-allen-hdd/results/zebra/meso/sub-832700_ses-multiplane-ophys-832700-2026-01-24-12-06-12_ophys/dff/VISp_3/trial_1/phase_0/lib_ab4a70858e/lib_ab4a70858e__delay_0.09__dur_0.2.h5
19,0.15,0.2,ab4a70858e,0.13796663284301758,8.059701492537314,-4.481132075471699,22.515923572829195,14.32,38,29,1,0.3141592653589793,2,4.0,7,0.08,/mnt/ceph-hdd/workspaces/ws/cidbn_wibral_neuro_nonhuman/u19361-allen-hdd/results/zebra/meso/sub-832700_ses-multiplane-ophys-832700-2026-01-24-12-06-12_ophys/dff/VISp_3/trial_1/phase_0/lib_ab4a70858e/lib_ab4a70858e__delay_0.15__dur_0.2.h5
190,0.15,0.0,ab4a70858e,0.09083767980337143,-38.507462686567166,34.95283018867924,134.9774869247291,14.32,12,7,6,1.8849555921538759,2,4.0,9,0.1,/mnt/ceph-hdd/workspaces/ws/cidbn_wibral_neuro_nonhuman/u19361-allen-hdd/results/zebra/meso/sub-832700_ses-multiplane-ophys-832700-2026-01-24-12-06-12_ophys/dff/VISp_3/trial_1/phase_0/lib_ab4a70858e/lib_ab4a70858e__delay_0.15__dur_0.0.h5
191,0.0,0.2,ab4a70858e,0.0979200154542923,-8.059701492537314,-2.6886792452830193,22.515923572829195,28.65,29,28,1,0.3141592653589793,5,8.0,8,0.09,/mnt/ceph-hdd/workspaces/ws/cidbn_wibral_neuro_nonhuman/u19361-allen-hdd/results/zebra/meso/sub-832700_ses-multiplane-ophys-832700-2026-01-24-12-06-12_ophys/dff/VISp_3/trial_1/phase_0/lib_ab4a70858e/lib_ab4a70858e__delay_0.0__dur_0.2.h5
192,0.0,0.2,ab4a70858e,0.09289500117301941,18.80597014925374,18.820754716981128,157.4840764271708,7.16,44,16,7,2.199114857512855,0,2.0,10,1.1,/mnt/ceph-hdd/workspaces/ws/cidbn_wibral_neuro_nonhuman/u19361-allen-hdd/results/zebra/meso/sub-832700_ses-multiplane-ophys-832700-2026-01-24-12-06-12_ophys/dff/VISp_3/trial_1/phase_0/lib_ab4a70858e/lib_ab4a70858e__delay_0.0__dur_0.2.h5
193,0.15,0.2,ab4a70858e,0.1061953753232956,27.761194029850756,-24.19811320754717,22.515923572829195,10.74,49,40,1,0.3141592653589793,1,3.0,11,1.2,/mnt/ceph-hdd/workspaces/ws/cidbn_wibral_neuro_nonhuman/u19361-allen-hdd/results/zebra/meso/sub-832700_ses-multiplane-ophys-832700-2026-01-24-12-06-12_ophys/dff/VISp_3/trial_1/phase_0/lib_ab4a70858e/lib_ab4a70858e__delay_0.15__dur_0.2.h5
194,0.06,0.0,ab4a70858e,0.15563488006591797,-2.6865671641791025,-15.235849056603776,22.515923572829195,14.32,32,35,1,0.3141592653589793,2,4.0,9,0.1,/mnt/ceph-hdd/workspaces/ws/cidbn_wibral_neuro_nonhuman/u19361-allen-hdd/results/zebra/meso/sub-832700_ses-multiplane-ophys-832700-2026-01-24-12-06-12_ophys/dff/VISp_3/trial_1/phase_0/lib_ab4a70858e/lib_ab4a70858e__delay_0.06__dur_0.0.h5
195,0.09,0.0,ab4a70858e,0.19716022908687592,-4.477611940298509,-6.273584905660378,67.51591472682667,14.32,31,30,3,0.9424777960769379,2,4.0,7,0.08,/mnt/ceph-hdd/workspaces/ws/cidbn_wibral_neuro_nonhuman/u19361-allen-hdd/results/zebra/meso/sub-832700_ses-multiplane-ophys-832700-2026-01-24-12-06-12_ophys/dff/VISp_3/trial_1/phase_0/lib_ab4a70858e/lib_ab4a70858e__delay_0.09__dur_0.0.h5
196,0.03,0.0,ab4a70858e,0.0937097817659378,-2.6865671641791025,-0.8962264150943398,157.4840764271708,14.32,32,27,7,2.199114857512855,2,4.0,5,0.06,/mnt/ceph-hdd/workspaces/ws/cidbn_wibral_neuro_nonhuman/u19361-allen-hdd/results/zebra/meso/sub-832700_ses-multiplane-ophys-832700-2026-01-24-12-06-12_ophys/dff/VISp_3/trial_1/phase_0/lib_ab4a70858e/lib_ab4a70858e__delay_0.03__dur_0.0.h5
197,0.06,0.2,ab4a70858e,0.1341644823551178,-24.179104477611936,-20.61320754716981,157.4840764271708,14.32,20,38,7,2.199114857512855,2,4.0,12,1.3,/mnt/ceph-hdd/workspaces/ws/cidbn_wibral_neuro_nonhuman/u19361-allen-hdd/results/zebra/meso/sub-832700_ses-multiplane-ophys-832700-2026-01-24-12-06-12_ophys/dff/VISp_3/trial_1/phase_0/lib_ab4a70858e/lib_ab4a70858e__delay_0.06__dur_0.2.h5
198,0.03,0.2,ab4a70858e,0.09729883819818497,-25.970149253731343,33.160377358490564,45.02251307527088,10.74,19,8,2,0.6283185307179586,1,3.0,12,1.3,/mnt/ceph-hdd/workspaces/ws/cidbn_wibral_neuro_nonhuman/u19361-allen-hdd/results/zebra/meso/sub-832700_ses-multiplane-ophys-832700-2026-01-24-12-06-12_ophys/dff/VISp_3/trial_1/phase_0/lib_ab4a70858e/lib_ab4a70858e__delay_0.03__dur_0.2.h5
199,0.09,0.0,ab4a70858e,0.09592770785093307,36.71641791044776,34.95283018867924,134.9774869247291,14.32,54,7,6,1.8849555921538759,2,4.0,10,1.1,/mnt/ceph-hdd/workspaces/ws/cidbn_wibral_neuro_nonhuman/u19361-allen-hdd/results/zebra/meso/sub-832700_ses-multiplane-ophys-832700-2026-01-24-12-06-12_ophys/dff/VISp_3/trial_1/phase_0/lib_ab4a70858e/lib_ab4a70858e__delay_0.09__dur_0.0.h5
2,0.06,0.0,ab4a70858e,0.14656147360801697,-8.059701492537314,-17.028301886792452,157.4840764271708,7.16,29,36,7,2.199114857512855,0,2.0,7,0.08,/mnt/ceph-hdd/workspaces/ws/cidbn_wibral_neuro_nonhuman/u19361-allen-hdd/results/zebra/meso/sub-832700_ses-multiplane-ophys-832700-2026-01-24-12-06-12_ophys/dff/VISp_3/trial_1/phase_0/lib_ab4a70858e/lib_ab4a70858e__delay_0.06__dur_0.0.h5
20,0.09,0.2,ab4a70858e,0.10392165929079056,-4.477611940298509,-20.61320754716981,157.4840764271708,17.91,31,38,7,2.199114857512855,3,5.0,8,0.09,/mnt/ceph-hdd/workspaces/ws/cidbn_wibral_neuro_nonhuman/u19361-allen-hdd/results/zebra/meso/sub-832700_ses-multiplane-ophys-832700-2026-01-24-12-06-12_ophys/dff/VISp_3/trial_1/phase_0/lib_ab4a70858e/lib_ab4a70858e__delay_0.09__dur_0.2.h5
200,0.12,0.0,ab4a70858e,0.19562911987304688,-6.268656716417908,-4.481132075471699,22.515923572829195,21.49,30,29,1,0.3141592653589793,4,6.0,6,0.07,/mnt/ceph-hdd/workspaces/ws/cidbn_wibral_neuro_nonhuman/u19361-allen-hdd/results/zebra/meso/sub-832700_ses-multiplane-ophys-832700-2026-01-24-12-06-12_ophys/dff/VISp_3/trial_1/phase_0/lib_ab4a70858e/lib_ab4a70858e__delay_0.12__dur_0.0.h5
201,0.0,0.2,ab4a70858e,0.10476168990135193,-15.223880597014926,-0.8962264150943398,45.02251307527088,10.74,25,27,2,0.6283185307179586,1,3.0,12,1.3,/mnt/ceph-hdd/workspaces/ws/cidbn_wibral_neuro_nonhuman/u19361-allen-hdd/results/zebra/meso/sub-832700_ses-multiplane-ophys-832700-2026-01-24-12-06-12_ophys/dff/VISp_3/trial_1/phase_0/lib_ab4a70858e/lib_ab4a70858e__delay_0.0__dur_0.2.h5
202,0.12,0.2,ab4a70858e,0.1372438222169876,-2.6865671641791025,-8.066037735849058,45.02251307527088,14.32,32,31,2,0.6283185307179586,2,4.0,9,0.1,/mnt/ceph-hdd/workspaces/ws/cidbn_wibral_neuro_nonhuman/u19361-allen-hdd/results/zebra/meso/sub-832700_ses-multiplane-ophys-832700-2026-01-24-12-06-12_ophys/dff/VISp_3/trial_1/phase_0/lib_ab4a70858e/lib_ab4a70858e__delay_0.12__dur_0.2.h5
203,0.12,0.2,ab4a70858e,0.09717592597007751,18.80597014925374,18.820754716981128,157.4840764271708,17.91,44,16,7,2.199114857512855,3,5.0,12,1.3,/mnt/ceph-hdd/workspaces/ws/cidbn_wibral_neuro_nonhuman/u19361-allen-hdd/results/zebra/meso/sub-832700_ses-multiplane-ophys-832700-2026-01-24-12-06-12_ophys/dff/VISp_3/trial_1/phase_0/lib_ab4a70858e/lib_ab4a70858e__delay_0.12__dur_0.2.h5
204,0.09,0.0,ab4a70858e,0.09048932790756226,27.761194029850756,15.235849056603776,134.9774869247291,21.49,49,18,6,1.8849555921538759,4,6.0,5,0.06,/mnt/ceph-hdd/workspaces/ws/cidbn_wibral_neuro_nonhuman/u19361-allen-hdd/results/zebra/meso/sub-832700_ses-multiplane-ophys-832700-2026-01-24-12-06-12_ophys/dff/VISp_3/trial_1/phase_0/lib_ab4a70858e/lib_ab4a70858e__delay_0.09__dur_0.0.h5
205,0.09,0.0,ab4a70858e,0.1083001121878624,-6.268656716417908,-11.650943396226417,67.51591472682667,28.65,30,33,3,0.9424777960769379,5,8.0,2,0.03,/mnt/ceph-hdd/workspaces/ws/cidbn_wibral_neuro_nonhuman/u19361-allen-hdd/results/zebra/meso/sub-832700_ses-multiplane-ophys-832700-2026-01-24-12-06-12_ophys/dff/VISp_3/trial_1/phase_0/lib_ab4a70858e/lib_ab4a70858e__delay_0.09__dur_0.0.h5
206,0.06,0.2,ab4a70858e,0.09010165929794312,-9.850746268656714,-18.82075471698113,157.4840764271708,10.74,28,37,7,2.199114857512855,1,3.0,12,1.3,/mnt/ceph-hdd/workspaces/ws/cidbn_wibral_neuro_nonhuman/u19361-allen-hdd/results/zebra/meso/sub-832700_ses-multiplane-ophys-832700-2026-01-24-12-06-12_ophys/dff/VISp_3/trial_1/phase_0/lib_ab4a70858e/lib_ab4a70858e__delay_0.06__dur_0.2.h5
207,0.09,0.2,ab4a70858e,0.10317914932966232,9.85074626865672,-4.481132075471699,67.51591472682667,10.74,39,29,3,0.9424777960769379,1,3.0,12,1.3,/mnt/ceph-hdd/workspaces/ws/cidbn_wibral_neuro_nonhuman/u19361-allen-hdd/results/zebra/meso/sub-832700_ses-multiplane-ophys-832700-2026-01-24-12-06-12_ophys/dff/VISp_3/trial_1/phase_0/lib_ab4a70858e/lib_ab4a70858e__delay_0.09__dur_0.2.h5
208,0.03,0.2,ab4a70858e,0.09556687623262405,54.626865671641795,-34.95283018867924,90.0,7.16,64,46,4,1.2566370614359172,0,2.0,10,1.1,/mnt/ceph-hdd/workspaces/ws/cidbn_wibral_neuro_nonhuman/u19361-allen-hdd/results/zebra/meso/sub-832700_ses-multiplane-ophys-832700-2026-01-24-12-06-12_ophys/dff/VISp_3/trial_1/phase_0/lib_ab4a70858e/lib_ab4a70858e__delay_0.03__dur_0.2.h5
209,0.09,0.2,ab4a70858e,0.19258441030979156,2.6865671641791096,-8.066037735849058,22.515923572829163,17.91,35,31,9,2.827433388230814,3,5.0,2,0.03,/mnt/ceph-hdd/workspaces/ws/cidbn_wibral_neuro_nonhuman/u19361-allen-hdd/results/zebra/meso/sub-832700_ses-multiplane-ophys-832700-2026-01-24-12-06-12_ophys/dff/VISp_3/trial_1/phase_0/lib_ab4a70858e/lib_ab4a70858e__delay_0.09__dur_0.2.h5
21,0.09,0.0,ab4a70858e,0.09132371842861176,15.223880597014926,-36.74528301886792,180.0,7.16,42,47,8,2.5132741228718345,0,2.0,11,1.2,/mnt/ceph-hdd/workspaces/ws/cidbn_wibral_neuro_nonhuman/u19361-allen-hdd/results/zebra/meso/sub-832700_ses-multiplane-ophys-832700-2026-01-24-12-06-12_ophys/dff/VISp_3/trial_1/phase_0/lib_ab4a70858e/lib_ab4a70858e__delay_0.09__dur_0.0.h5
210,0.06,0.0,ab4a70858e,0.13488680124282837,-4.477611940298509,-9.858490566037737,22.515923572829195,17.91,31,32,1,0.3141592653589793,3,5.0,2,0.03,/mnt/ceph-hdd/workspaces/ws/cidbn_wibral_neuro_nonhuman/u19361-allen-hdd/results/zebra/meso/sub-832700_ses-multiplane-ophys-832700-2026-01-24-12-06-12_ophys/dff/VISp_3/trial_1/phase_0/lib_ab4a70858e/lib_ab4a70858e__delay_0.06__dur_0.0.h5
211,0.15,0.0,ab4a70858e,0.27395597100257874,-4.477611940298509,-4.481132075471699,22.515923572829195,17.91,31,29,1,0.3141592653589793,3,5.0,3,0.04,/mnt/ceph-hdd/workspaces/ws/cidbn_wibral_neuro_nonhuman/u19361-allen-hdd/results/zebra/meso/sub-832700_ses-multiplane-ophys-832700-2026-01-24-12-06-12_ophys/dff/VISp_3/trial_1/phase_0/lib_ab4a70858e/lib_ab4a70858e__delay_0.15__dur_0.0.h5
212,0.09,0.2,ab4a70858e,0.10488380491733551,13.43283582089552,15.235849056603776,90.0,28.65,41,18,4,1.2566370614359172,5,8.0,11,1.2,/mnt/ceph-hdd/workspaces/ws/cidbn_wibral_neuro_nonhuman/u19361-allen-hdd/results/zebra/meso/sub-832700_ses-multiplane-ophys-832700-2026-01-24-12-06-12_ophys/dff/VISp_3/trial_1/phase_0/lib_ab4a70858e/lib_ab4a70858e__delay_0.09__dur_0.2.h5
213,0.15,0.0,ab4a70858e,0.1255905032157898,-11.64179104477612,-11.650943396226417,0.0,14.32,27,33,0,0.0,2,4.0,6,0.07,/mnt/ceph-hdd/workspaces/ws/cidbn_wibral_neuro_nonhuman/u19361-allen-hdd/results/zebra/meso/sub-832700_ses-multiplane-ophys-832700-2026-01-24-12-06-12_ophys/dff/VISp_3/trial_1/phase_0/lib_ab4a70858e/lib_ab4a70858e__delay_0.15__dur_0.0.h5
214,0.12,0.2,ab4a70858e,0.10613179206848145,-9.850746268656714,22.405660377358487,180.0,14.32,28,14,8,2.5132741228718345,2,4.0,12,1.3,/mnt/ceph-hdd/workspaces/ws/cidbn_wibral_neuro_nonhuman/u19361-allen-hdd/results/zebra/meso/sub-832700_ses-multiplane-ophys-832700-2026-01-24-12-06-12_ophys/dff/VISp_3/trial_1/phase_0/lib_ab4a70858e/lib_ab4a70858e__delay_0.12__dur_0.2.h5
215,0.09,0.0,ab4a70858e,0.09897605329751968,-4.477611940298509,-9.858490566037737,22.515923572829163,7.16,31,32,9,2.827433388230814,0,2.0,9,0.1,/mnt/ceph-hdd/workspaces/ws/cidbn_wibral_neuro_nonhuman/u19361-allen-hdd/results/zebra/meso/sub-832700_ses-multiplane-ophys-832700-2026-01-24-12-06-12_ophys/dff/VISp_3/trial_1/phase_0/lib_ab4a70858e/lib_ab4a70858e__delay_0.09__dur_0.0.h5
216,0.06,0.2,ab4a70858e,0.11983280628919601,-8.059701492537314,-13.443396226415096,45.02251307527088,10.74,29,34,2,0.6283185307179586,1,3.0,9,0.1,/mnt/ceph-hdd/workspaces/ws/cidbn_wibral_neuro_nonhuman/u19361-allen-hdd/results/zebra/meso/sub-832700_ses-multiplane-ophys-832700-2026-01-24-12-06-12_ophys/dff/VISp_3/trial_1/phase_0/lib_ab4a70858e/lib_ab4a70858e__delay_0.06__dur_0.2.h5
217,0.0,0.2,ab4a70858e,0.11995814740657806,4.477611940298516,-11.650943396226417,67.51591472682667,28.65,36,33,3,0.9424777960769379,5,8.0,7,0.08,/mnt/ceph-hdd/workspaces/ws/cidbn_wibral_neuro_nonhuman/u19361-allen-hdd/results/zebra/meso/sub-832700_ses-multiplane-ophys-832700-2026-01-24-12-06-12_ophys/dff/VISp_3/trial_1/phase_0/lib_ab4a70858e/lib_ab4a70858e__delay_0.0__dur_0.2.h5
218,0.12,0.0,ab4a70858e,0.10420437902212143,-13.43283582089552,-13.443396226415096,67.51591472682667,14.32,26,34,3,0.9424777960769379,2,4.0,8,0.09,/mnt/ceph-hdd/workspaces/ws/cidbn_wibral_neuro_nonhuman/u19361-allen-hdd/results/zebra/meso/sub-832700_ses-multiplane-ophys-832700-2026-01-24-12-06-12_ophys/dff/VISp_3/trial_1/phase_0/lib_ab4a70858e/lib_ab4a70858e__delay_0.12__dur_0.0.h5
219,0.09,0.0,ab4a70858e,0.12117131054401398,-6.268656716417908,-13.443396226415096,180.0,10.74,30,34,8,2.5132741228718345,1,3.0,7,0.08,/mnt/ceph-hdd/workspaces/ws/cidbn_wibral_neuro_nonhuman/u19361-allen-hdd/results/zebra/meso/sub-832700_ses-multiplane-ophys-832700-2026-01-24-12-06-12_ophys/dff/VISp_3/trial_1/phase_0/lib_ab4a70858e/lib_ab4a70858e__delay_0.09__dur_0.0.h5
22,0.09,0.2,ab4a70858e,0.10649985820055008,17.014925373134332,18.820754716981128,180.0,7.16,43,16,8,2.5132741228718345,0,2.0,12,1.3,/mnt/ceph-hdd/workspaces/ws/cidbn_wibral_neuro_nonhuman/u19361-allen-hdd/results/zebra/meso/sub-832700_ses-multiplane-ophys-832700-2026-01-24-12-06-12_ophys/dff/VISp_3/trial_1/phase_0/lib_ab4a70858e/lib_ab4a70858e__delay_0.09__dur_0.2.h5
220,0.15,0.0,ab4a70858e,0.15290729701519012,-4.477611940298509,-8.066037735849058,22.515923572829195,14.32,31,31,1,0.3141592653589793,2,4.0,3,0.04,/mnt/ceph-hdd/workspaces/ws/cidbn_wibral_neuro_nonhuman/u19361-allen-hdd/results/zebra/meso/sub-832700_ses-multiplane-ophys-832700-2026-01-24-12-06-12_ophys/dff/VISp_3/trial_1/phase_0/lib_ab4a70858e/lib_ab4a70858e__delay_0.15__dur_0.0.h5
221,0.0,0.2,ab4a70858e,0.09962504357099533,-24.179104477611936,-8.066037735849058,157.4840764271708,14.32,20,31,7,2.199114857512855,2,4.0,12,1.3,/mnt/ceph-hdd/workspaces/ws/cidbn_wibral_neuro_nonhuman/u19361-allen-hdd/results/zebra/meso/sub-832700_ses-multiplane-ophys-832700-2026-01-24-12-06-12_ophys/dff/VISp_3/trial_1/phase_0/lib_ab4a70858e/lib_ab4a70858e__delay_0.0__dur_0.2.h5
222,0.12,0.0,ab4a70858e,0.1754339039325714,-8.059701492537314,-11.650943396226417,45.02251307527088,10.74,29,33,2,0.6283185307179586,1,3.0,8,0.09,/mnt/ceph-hdd/workspaces/ws/cidbn_wibral_neuro_nonhuman/u19361-allen-hdd/results/zebra/meso/sub-832700_ses-multiplane-ophys-832700-2026-01-24-12-06-12_ophys/dff/VISp_3/trial_1/phase_0/lib_ab4a70858e/lib_ab4a70858e__delay_0.12__dur_0.0.h5
223,0.09,0.2,ab4a70858e,0.09976769238710403,-4.477611940298509,-0.8962264150943398,67.51591472682667,28.65,31,27,3,0.9424777960769379,5,8.0,4,0.05,/mnt/ceph-hdd/workspaces/ws/cidbn_wibral_neuro_nonhuman/u19361-allen-hdd/results/zebra/meso/sub-832700_ses-multiplane-ophys-832700-2026-01-24-12-06-12_ophys/dff/VISp_3/trial_1/phase_0/lib_ab4a70858e/lib_ab4a70858e__delay_0.09__dur_0.2.h5
224,0.09,0.0,ab4a70858e,0.1147734746336937,-11.64179104477612,-8.066037735849058,67.51591472682667,21.49,27,31,3,0.9424777960769379,4,6.0,3,0.04,/mnt/ceph-hdd/workspaces/ws/cidbn_wibral_neuro_nonhuman/u19361-allen-hdd/results/zebra/meso/sub-832700_ses-multiplane-ophys-832700-2026-01-24-12-06-12_ophys/dff/VISp_3/trial_1/phase_0/lib_ab4a70858e/lib_ab4a70858e__delay_0.09__dur_0.0.h5
225,0.12,0.0,ab4a70858e,0.10268989205360413,4.477611940298516,-0.8962264150943398,112.48408527317332,14.32,36,27,5,1.5707963267948966,2,4.0,5,0.06,/mnt/ceph-hdd/workspaces/ws/cidbn_wibral_neuro_nonhuman/u19361-allen-hdd/results/zebra/meso/sub-832700_ses-multiplane-ophys-832700-2026-01-24-12-06-12_ophys/dff/VISp_3/trial_1/phase_0/lib_ab4a70858e/lib_ab4a70858e__delay_0.12__dur_0.0.h5
226,0.12,0.2,ab4a70858e,0.11251088231801987,-6.268656716417908,-0.8962264150943398,22.515923572829195,28.65,30,27,1,0.3141592653589793,5,8.0,3,0.04,/mnt/ceph-hdd/workspaces/ws/cidbn_wibral_neuro_nonhuman/u19361-allen-hdd/results/zebra/meso/sub-832700_ses-multiplane-ophys-832700-2026-01-24-12-06-12_ophys/dff/VISp_3/trial_1/phase_0/lib_ab4a70858e/lib_ab4a70858e__delay_0.12__dur_0.2.h5
227,0.12,0.2,ab4a70858e,0.09510183334350586,-38.507462686567166,6.273584905660378,0.0,7.16,12,23,0,0.0,0,2.0,11,1.2,/mnt/ceph-hdd/workspaces/ws/cidbn_wibral_neuro_nonhuman/u19361-allen-hdd/results/zebra/meso/sub-832700_ses-multiplane-ophys-832700-2026-01-24-12-06-12_ophys/dff/VISp_3/trial_1/phase_0/lib_ab4a70858e/lib_ab4a70858e__delay_0.12__dur_0.2.h5
228,0.12,0.0,ab4a70858e,0.11317390203475952,0.8955223880597032,-13.443396226415096,67.51591472682667,21.49,34,34,3,0.9424777960769379,4,6.0,4,0.05,/mnt/ceph-hdd/workspaces/ws/cidbn_wibral_neuro_nonhuman/u19361-allen-hdd/results/zebra/meso/sub-832700_ses-multiplane-ophys-832700-2026-01-24-12-06-12_ophys/dff/VISp_3/trial_1/phase_0/lib_ab4a70858e/lib_ab4a70858e__delay_0.12__dur_0.0.h5
229,0.15,0.2,ab4a70858e,0.09889267385005951,2.6865671641791096,-13.443396226415096,22.515923572829163,7.16,35,34,9,2.827433388230814,0,2.0,12,1.3,/mnt/ceph-hdd/workspaces/ws/cidbn_wibral_neuro_nonhuman/u19361-allen-hdd/results/zebra/meso/sub-832700_ses-multiplane-ophys-832700-2026-01-24-12-06-12_ophys/dff/VISp_3/trial_1/phase_0/lib_ab4a70858e/lib_ab4a70858e__delay_0.15__dur_0.2.h5
23,0.0,0.2,ab4a70858e,0.1004243940114975,-13.43283582089552,-11.650943396226417,22.515923572829195,14.32,26,33,1,0.3141592653589793,2,4.0,12,1.3,/mnt/ceph-hdd/workspaces/ws/cidbn_wibral_neuro_nonhuman/u19361-allen-hdd/results/zebra/meso/sub-832700_ses-multiplane-ophys-832700-2026-01-24-12-06-12_ophys/dff/VISp_3/trial_1/phase_0/lib_ab4a70858e/lib_ab4a70858e__delay_0.0__dur_0.2.h5
230,0.09,0.2,ab4a70858e,0.10531118512153625,-18.80597014925373,-11.650943396226417,157.4840764271708,28.65,23,33,7,2.199114857512855,5,8.0,3,0.04,/mnt/ceph-hdd/workspaces/ws/cidbn_wibral_neuro_nonhuman/u19361-allen-hdd/results/zebra/meso/sub-832700_ses-multiplane-ophys-832700-2026-01-24-12-06-12_ophys/dff/VISp_3/trial_1/phase_0/lib_ab4a70858e/lib_ab4a70858e__delay_0.09__dur_0.2.h5
231,0.09,0.0,ab4a70858e,0.10303817689418793,-9.850746268656714,-8.066037735849058,67.51591472682667,7.16,28,31,3,0.9424777960769379,0,2.0,9,0.1,/mnt/ceph-hdd/workspaces/ws/cidbn_wibral_neuro_nonhuman/u19361-allen-hdd/results/zebra/meso/sub-832700_ses-multiplane-ophys-832700-2026-01-24-12-06-12_ophys/dff/VISp_3/trial_1/phase_0/lib_ab4a70858e/lib_ab4a70858e__delay_0.09__dur_0.0.h5
232,0.12,0.0,ab4a70858e,0.20411403477191925,-4.477611940298509,-9.858490566037737,112.48408527317332,10.74,31,32,5,1.5707963267948966,1,3.0,6,0.07,/mnt/ceph-hdd/workspaces/ws/cidbn_wibral_neuro_nonhuman/u19361-allen-hdd/results/zebra/meso/sub-832700_ses-multiplane-ophys-832700-2026-01-24-12-06-12_ophys/dff/VISp_3/trial_1/phase_0/lib_ab4a70858e/lib_ab4a70858e__delay_0.12__dur_0.0.h5
233,0.06,0.2,ab4a70858e,0.10222107917070389,-13.43283582089552,4.481132075471699,22.515923572829163,10.74,26,24,9,2.827433388230814,1,3.0,7,0.08,/mnt/ceph-hdd/workspaces/ws/cidbn_wibral_neuro_nonhuman/u19361-allen-hdd/results/zebra/meso/sub-832700_ses-multiplane-ophys-832700-2026-01-24-12-06-12_ophys/dff/VISp_3/trial_1/phase_0/lib_ab4a70858e/lib_ab4a70858e__delay_0.06__dur_0.2.h5
234,0.06,0.0,ab4a70858e,0.10328221321105957,-42.089552238805965,43.91509433962264,45.02251307527088,7.16,10,2,2,0.6283185307179586,0,2.0,12,1.3,/mnt/ceph-hdd/workspaces/ws/cidbn_wibral_neuro_nonhuman/u19361-allen-hdd/results/zebra/meso/sub-832700_ses-multiplane-ophys-832700-2026-01-24-12-06-12_ophys/dff/VISp_3/trial_1/phase_0/lib_ab4a70858e/lib_ab4a70858e__delay_0.06__dur_0.0.h5
235,0.0,0.2,ab4a70858e,0.09042667597532272,-31.34328358208955,-2.6886792452830193,0.0,10.74,16,28,0,0.0,1,3.0,12,1.3,/mnt/ceph-hdd/workspaces/ws/cidbn_wibral_neuro_nonhuman/u19361-allen-hdd/results/zebra/meso/sub-832700_ses-multiplane-ophys-832700-2026-01-24-12-06-12_ophys/dff/VISp_3/trial_1/phase_0/lib_ab4a70858e/lib_ab4a70858e__delay_0.0__dur_0.2.h5
236,0.12,0.0,ab4a70858e,0.10620378702878952,-17.014925373134325,-9.858490566037737,112.48408527317332,14.32,24,32,5,1.5707963267948966,2,4.0,4,0.05,/mnt/ceph-hdd/workspaces/ws/cidbn_wibral_neuro_nonhuman/u19361-allen-hdd/results/zebra/meso/sub-832700_ses-multiplane-ophys-832700-2026-01-24-12-06-12_ophys/dff/VISp_3/trial_1/phase_0/lib_ab4a70858e/lib_ab4a70858e__delay_0.12__dur_0.0.h5
237,0.06,0.2,ab4a70858e,0.09591002017259598,-13.43283582089552,-15.235849056603776,157.4840764271708,28.65,26,35,7,2.199114857512855,5,8.0,11,1.2,/mnt/ceph-hdd/workspaces/ws/cidbn_wibral_neuro_nonhuman/u19361-allen-hdd/results/zebra/meso/sub-832700_ses-multiplane-ophys-832700-2026-01-24-12-06-12_ophys/dff/VISp_3/trial_1/phase_0/lib_ab4a70858e/lib_ab4a70858e__delay_0.06__dur_0.2.h5
238,0.09,0.0,ab4a70858e,0.09434906393289566,-20.59701492537313,-4.481132075471699,134.9774869247291,17.91,22,29,6,1.8849555921538759,3,5.0,7,0.08,/mnt/ceph-hdd/workspaces/ws/cidbn_wibral_neuro_nonhuman/u19361-allen-hdd/results/zebra/meso/sub-832700_ses-multiplane-ophys-832700-2026-01-24-12-06-12_ophys/dff/VISp_3/trial_1/phase_0/lib_ab4a70858e/lib_ab4a70858e__delay_0.09__dur_0.0.h5
239,0.0,0.2,ab4a70858e,0.09771309047937393,-2.6865671641791025,-0.8962264150943398,90.0,14.32,32,27,4,1.2566370614359172,2,4.0,10,1.1,/mnt/ceph-hdd/workspaces/ws/cidbn_wibral_neuro_nonhuman/u19361-allen-hdd/results/zebra/meso/sub-832700_ses-multiplane-ophys-832700-2026-01-24-12-06-12_ophys/dff/VISp_3/trial_1/phase_0/lib_ab4a70858e/lib_ab4a70858e__delay_0.0__dur_0.2.h5
24,0.12,0.0,ab4a70858e,0.23339366912841797,6.268656716417908,-4.481132075471699,22.515923572829195,14.32,37,29,1,0.3141592653589793,2,4.0,9,0.1,/mnt/ceph-hdd/workspaces/ws/cidbn_wibral_neuro_nonhuman/u19361-allen-hdd/results/zebra/meso/sub-832700_ses-multiplane-ophys-832700-2026-01-24-12-06-12_ophys/dff/VISp_3/trial_1/phase_0/lib_ab4a70858e/lib_ab4a70858e__delay_0.12__dur_0.0.h5
240,0.06,0.2,ab4a70858e,0.09314073622226715,-9.850746268656714,-0.8962264150943398,180.0,7.16,28,27,8,2.5132741228718345,0,2.0,9,0.1,/mnt/ceph-hdd/workspaces/ws/cidbn_wibral_neuro_nonhuman/u19361-allen-hdd/results/zebra/meso/sub-832700_ses-multiplane-ophys-832700-2026-01-24-12-06-12_ophys/dff/VISp_3/trial_1/phase_0/lib_ab4a70858e/lib_ab4a70858e__delay_0.06__dur_0.2.h5
241,0.12,0.2,ab4a70858e,0.09200487285852432,-2.6865671641791025,0.8962264150943398,157.4840764271708,28.65,32,26,7,2.199114857512855,5,8.0,7,0.08,/mnt/ceph-hdd/workspaces/ws/cidbn_wibral_neuro_nonhuman/u19361-allen-hdd/results/zebra/meso/sub-832700_ses-multiplane-ophys-832700-2026-01-24-12-06-12_ophys/dff/VISp_3/trial_1/phase_0/lib_ab4a70858e/lib_ab4a70858e__delay_0.12__dur_0.2.h5
242,0.12,0.2,ab4a70858e,0.1284058541059494,-6.268656716417908,-18.82075471698113,0.0,14.32,30,37,0,0.0,2,4.0,3,0.04,/mnt/ceph-hdd/workspaces/ws/cidbn_wibral_neuro_nonhuman/u19361-allen-hdd/results/zebra/meso/sub-832700_ses-multiplane-ophys-832700-2026-01-24-12-06-12_ophys/dff/VISp_3/trial_1/phase_0/lib_ab4a70858e/lib_ab4a70858e__delay_0.12__dur_0.2.h5
243,0.09,0.0,ab4a70858e,0.13950130343437195,-6.268656716417908,-8.066037735849058,22.515923572829163,10.74,30,31,9,2.827433388230814,1,3.0,3,0.04,/mnt/ceph-hdd/workspaces/ws/cidbn_wibral_neuro_nonhuman/u19361-allen-hdd/results/zebra/meso/sub-832700_ses-multiplane-ophys-832700-2026-01-24-12-06-12_ophys/dff/VISp_3/trial_1/phase_0/lib_ab4a70858e/lib_ab4a70858e__delay_0.09__dur_0.0.h5
244,0.09,0.0,ab4a70858e,0.15697748959064484,-6.268656716417908,-8.066037735849058,67.51591472682667,14.32,30,31,3,0.9424777960769379,2,4.0,9,0.1,/mnt/ceph-hdd/workspaces/ws/cidbn_wibral_neuro_nonhuman/u19361-allen-hdd/results/zebra/meso/sub-832700_ses-multiplane-ophys-832700-2026-01-24-12-06-12_ophys/dff/VISp_3/trial_1/phase_0/lib_ab4a70858e/lib_ab4a70858e__delay_0.09__dur_0.0.h5
245,0.09,0.0,ab4a70858e,0.17620471119880676,-2.6865671641791025,-8.066037735849058,0.0,10.74,32,31,0,0.0,1,3.0,2,0.03,/mnt/ceph-hdd/workspaces/ws/cidbn_wibral_neuro_nonhuman/u19361-allen-hdd/results/zebra/meso/sub-832700_ses-multiplane-ophys-832700-2026-01-24-12-06-12_ophys/dff/VISp_3/trial_1/phase_0/lib_ab4a70858e/lib_ab4a70858e__delay_0.09__dur_0.0.h5
246,0.06,0.2,ab4a70858e,0.1304602473974228,-11.64179104477612,2.6886792452830193,112.48408527317332,17.91,27,25,5,1.5707963267948966,3,5.0,12,1.3,/mnt/ceph-hdd/workspaces/ws/cidbn_wibral_neuro_nonhuman/u19361-allen-hdd/results/zebra/meso/sub-832700_ses-multiplane-ophys-832700-2026-01-24-12-06-12_ophys/dff/VISp_3/trial_1/phase_0/lib_ab4a70858e/lib_ab4a70858e__delay_0.06__dur_0.2.h5
247,0.09,0.0,ab4a70858e,0.11142445355653763,-9.850746268656714,-9.858490566037737,0.0,14.32,28,32,0,0.0,2,4.0,5,0.06,/mnt/ceph-hdd/workspaces/ws/cidbn_wibral_neuro_nonhuman/u19361-allen-hdd/results/zebra/meso/sub-832700_ses-multiplane-ophys-832700-2026-01-24-12-06-12_ophys/dff/VISp_3/trial_1/phase_0/lib_ab4a70858e/lib_ab4a70858e__delay_0.09__dur_0.0.h5
248,0.15,0.0,ab4a70858e,0.09083352982997894,-40.298507462686565,-45.70754716981132,67.51591472682667,21.49,11,52,3,0.9424777960769379,4,6.0,9,0.1,/mnt/ceph-hdd/workspaces/ws/cidbn_wibral_neuro_nonhuman/u19361-allen-hdd/results/zebra/meso/sub-832700_ses-multiplane-ophys-832700-2026-01-24-12-06-12_ophys/dff/VISp_3/trial_1/phase_0/lib_ab4a70858e/lib_ab4a70858e__delay_0.15__dur_0.0.h5
249,0.06,0.2,ab4a70858e,0.13268840312957764,-29.55223880597015,-13.443396226415096,157.4840764271708,10.74,17,34,7,2.199114857512855,1,3.0,12,1.3,/mnt/ceph-hdd/workspaces/ws/cidbn_wibral_neuro_nonhuman/u19361-allen-hdd/results/zebra/meso/sub-832700_ses-multiplane-ophys-832700-2026-01-24-12-06-12_ophys/dff/VISp_3/trial_1/phase_0/lib_ab4a70858e/lib_ab4a70858e__delay_0.06__dur_0.2.h5
25,0.15,0.0,ab4a70858e,0.13845810294151306,4.477611940298516,-13.443396226415096,67.51591472682667,14.32,36,34,3,0.9424777960769379,2,4.0,5,0.06,/mnt/ceph-hdd/workspaces/ws/cidbn_wibral_neuro_nonhuman/u19361-allen-hdd/results/zebra/meso/sub-832700_ses-multiplane-ophys-832700-2026-01-24-12-06-12_ophys/dff/VISp_3/trial_1/phase_0/lib_ab4a70858e/lib_ab4a70858e__delay_0.15__dur_0.0.h5
250,0.09,0.0,ab4a70858e,0.11266012489795685,6.268656716417908,-9.858490566037737,22.515923572829195,17.91,37,32,1,0.3141592653589793,3,5.0,6,0.07,/mnt/ceph-hdd/workspaces/ws/cidbn_wibral_neuro_nonhuman/u19361-allen-hdd/results/zebra/meso/sub-832700_ses-multiplane-ophys-832700-2026-01-24-12-06-12_ophys/dff/VISp_3/trial_1/phase_0/lib_ab4a70858e/lib_ab4a70858e__delay_0.09__dur_0.0.h5
251,0.09,0.0,ab4a70858e,0.11382033675909042,-8.059701492537314,-11.650943396226417,67.51591472682667,10.74,29,33,3,0.9424777960769379,1,3.0,7,0.08,/mnt/ceph-hdd/workspaces/ws/cidbn_wibral_neuro_nonhuman/u19361-allen-hdd/results/zebra/meso/sub-832700_ses-multiplane-ophys-832700-2026-01-24-12-06-12_ophys/dff/VISp_3/trial_1/phase_0/lib_ab4a70858e/lib_ab4a70858e__delay_0.09__dur_0.0.h5
252,0.09,0.2,ab4a70858e,0.197313591837883,-18.80597014925373,-11.650943396226417,0.0,14.32,23,33,0,0.0,2,4.0,2,0.03,/mnt/ceph-hdd/workspaces/ws/cidbn_wibral_neuro_nonhuman/u19361-allen-hdd/results/zebra/meso/sub-832700_ses-multiplane-ophys-832700-2026-01-24-12-06-12_ophys/dff/VISp_3/trial_1/phase_0/lib_ab4a70858e/lib_ab4a70858e__delay_0.09__dur_0.2.h5
253,0.06,0.2,ab4a70858e,0.16143310070037842,-6.268656716417908,-13.443396226415096,0.0,7.16,30,34,0,0.0,0,2.0,9,0.1,/mnt/ceph-hdd/workspaces/ws/cidbn_wibral_neuro_nonhuman/u19361-allen-hdd/results/zebra/meso/sub-832700_ses-multiplane-ophys-832700-2026-01-24-12-06-12_ophys/dff/VISp_3/trial_1/phase_0/lib_ab4a70858e/lib_ab4a70858e__delay_0.06__dur_0.2.h5
254,0.12,0.2,ab4a70858e,0.12475799769163132,-9.850746268656714,-13.443396226415096,0.0,7.16,28,34,0,0.0,0,2.0,9,0.1,/mnt/ceph-hdd/workspaces/ws/cidbn_wibral_neuro_nonhuman/u19361-allen-hdd/results/zebra/meso/sub-832700_ses-multiplane-ophys-832700-2026-01-24-12-06-12_ophys/dff/VISp_3/trial_1/phase_0/lib_ab4a70858e/lib_ab4a70858e__delay_0.12__dur_0.2.h5
255,0.09,0.0,ab4a70858e,0.17413149774074554,-11.64179104477612,-13.443396226415096,112.48408527317332,14.32,27,34,5,1.5707963267948966,2,4.0,7,0.08,/mnt/ceph-hdd/workspaces/ws/cidbn_wibral_neuro_nonhuman/u19361-allen-hdd/results/zebra/meso/sub-832700_ses-multiplane-ophys-832700-2026-01-24-12-06-12_ophys/dff/VISp_3/trial_1/phase_0/lib_ab4a70858e/lib_ab4a70858e__delay_0.09__dur_0.0.h5
256,0.09,0.2,ab4a70858e,0.09633107483386993,-27.761194029850742,-8.066037735849058,134.9774869247291,17.91,18,31,6,1.8849555921538759,3,5.0,6,0.07,/mnt/ceph-hdd/workspaces/ws/cidbn_wibral_neuro_nonhuman/u19361-allen-hdd/results/zebra/meso/sub-832700_ses-multiplane-ophys-832700-2026-01-24-12-06-12_ophys/dff/VISp_3/trial_1/phase_0/lib_ab4a70858e/lib_ab4a70858e__delay_0.09__dur_0.2.h5
257,0.12,0.2,ab4a70858e,0.09602794796228409,-20.59701492537313,-9.858490566037737,157.4840764271708,7.16,22,32,7,2.199114857512855,0,2.0,11,1.2,/mnt/ceph-hdd/workspaces/ws/cidbn_wibral_neuro_nonhuman/u19361-allen-hdd/results/zebra/meso/sub-832700_ses-multiplane-ophys-832700-2026-01-24-12-06-12_ophys/dff/VISp_3/trial_1/phase_0/lib_ab4a70858e/lib_ab4a70858e__delay_0.12__dur_0.2.h5
258,0.12,0.2,ab4a70858e,0.1683618426322937,-11.64179104477612,15.235849056603776,180.0,14.32,27,18,8,2.5132741228718345,2,4.0,12,1.3,/mnt/ceph-hdd/workspaces/ws/cidbn_wibral_neuro_nonhuman/u19361-allen-hdd/results/zebra/meso/sub-832700_ses-multiplane-ophys-832700-2026-01-24-12-06-12_ophys/dff/VISp_3/trial_1/phase_0/lib_ab4a70858e/lib_ab4a70858e__delay_0.12__dur_0.2.h5
259,0.12,0.2,ab4a70858e,0.11998705565929413,-15.223880597014926,-2.6886792452830193,112.48408527317332,21.49,25,28,5,1.5707963267948966,4,6.0,6,0.07,/mnt/ceph-hdd/workspaces/ws/cidbn_wibral_neuro_nonhuman/u19361-allen-hdd/results/zebra/meso/sub-832700_ses-multiplane-ophys-832700-2026-01-24-12-06-12_ophys/dff/VISp_3/trial_1/phase_0/lib_ab4a70858e/lib_ab4a70858e__delay_0.12__dur_0.2.h5
26,0.15,0.0,ab4a70858e,0.13706587255001068,8.059701492537314,0.8962264150943398,22.515923572829163,17.91,38,26,9,2.827433388230814,3,5.0,7,0.08,/mnt/ceph-hdd/workspaces/ws/cidbn_wibral_neuro_nonhuman/u19361-allen-hdd/results/zebra/meso/sub-832700_ses-multiplane-ophys-832700-2026-01-24-12-06-12_ophys/dff/VISp_3/trial_1/phase_0/lib_ab4a70858e/lib_ab4a70858e__delay_0.15__dur_0.0.h5
260,0.0,0.2,ab4a70858e,0.09438108652830124,-8.059701492537314,-8.066037735849058,67.51591472682667,21.49,29,31,3,0.9424777960769379,4,6.0,5,0.06,/mnt/ceph-hdd/workspaces/ws/cidbn_wibral_neuro_nonhuman/u19361-allen-hdd/results/zebra/meso/sub-832700_ses-multiplane-ophys-832700-2026-01-24-12-06-12_ophys/dff/VISp_3/trial_1/phase_0/lib_ab4a70858e/lib_ab4a70858e__delay_0.0__dur_0.2.h5
261,0.0,0.2,ab4a70858e,0.0887083038687706,-11.64179104477612,-9.858490566037737,90.0,17.91,27,32,4,1.2566370614359172,3,5.0,7,0.08,/mnt/ceph-hdd/workspaces/ws/cidbn_wibral_neuro_nonhuman/u19361-allen-hdd/results/zebra/meso/sub-832700_ses-multiplane-ophys-832700-2026-01-24-12-06-12_ophys/dff/VISp_3/trial_1/phase_0/lib_ab4a70858e/lib_ab4a70858e__delay_0.0__dur_0.2.h5
262,0.15,0.2,ab4a70858e,0.09461332112550735,-17.014925373134325,29.575471698113205,180.0,14.32,24,10,8,2.5132741228718345,2,4.0,11,1.2,/mnt/ceph-hdd/workspaces/ws/cidbn_wibral_neuro_nonhuman/u19361-allen-hdd/results/zebra/meso/sub-832700_ses-multiplane-ophys-832700-2026-01-24-12-06-12_ophys/dff/VISp_3/trial_1/phase_0/lib_ab4a70858e/lib_ab4a70858e__delay_0.15__dur_0.2.h5
263,0.0,0.2,ab4a70858e,0.0945567935705185,-17.014925373134325,-34.95283018867924,67.51591472682667,7.16,24,46,3,0.9424777960769379,0,2.0,12,1.3,/mnt/ceph-hdd/workspaces/ws/cidbn_wibral_neuro_nonhuman/u19361-allen-hdd/results/zebra/meso/sub-832700_ses-multiplane-ophys-832700-2026-01-24-12-06-12_ophys/dff/VISp_3/trial_1/phase_0/lib_ab4a70858e/lib_ab4a70858e__delay_0.0__dur_0.2.h5
264,0.09,0.2,ab4a70858e,0.11829131841659546,-13.43283582089552,-9.858490566037737,157.4840764271708,14.32,26,32,7,2.199114857512855,2,4.0,4,0.05,/mnt/ceph-hdd/workspaces/ws/cidbn_wibral_neuro_nonhuman/u19361-allen-hdd/results/zebra/meso/sub-832700_ses-multiplane-ophys-832700-2026-01-24-12-06-12_ophys/dff/VISp_3/trial_1/phase_0/lib_ab4a70858e/lib_ab4a70858e__delay_0.09__dur_0.2.h5
265,0.15,0.0,ab4a70858e,0.1904705911874771,-11.64179104477612,-13.443396226415096,22.515923572829163,17.91,27,34,9,2.827433388230814,3,5.0,4,0.05,/mnt/ceph-hdd/workspaces/ws/cidbn_wibral_neuro_nonhuman/u19361-allen-hdd/results/zebra/meso/sub-832700_ses-multiplane-ophys-832700-2026-01-24-12-06-12_ophys/dff/VISp_3/trial_1/phase_0/lib_ab4a70858e/lib_ab4a70858e__delay_0.15__dur_0.0.h5
266,0.12,0.0,ab4a70858e,0.09064045548439026,49.25373134328359,-36.74528301886792,157.4840764271708,10.74,61,47,7,2.199114857512855,1,3.0,12,1.3,/mnt/ceph-hdd/workspaces/ws/cidbn_wibral_neuro_nonhuman/u19361-allen-hdd/results/zebra/meso/sub-832700_ses-multiplane-ophys-832700-2026-01-24-12-06-12_ophys/dff/VISp_3/trial_1/phase_0/lib_ab4a70858e/lib_ab4a70858e__delay_0.12__dur_0.0.h5
267,0.12,0.0,ab4a70858e,0.09226735681295395,43.88059701492537,15.235849056603776,22.515923572829195,28.65,58,18,1,0.3141592653589793,5,8.0,5,0.06,/mnt/ceph-hdd/workspaces/ws/cidbn_wibral_neuro_nonhuman/u19361-allen-hdd/results/zebra/meso/sub-832700_ses-multiplane-ophys-832700-2026-01-24-12-06-12_ophys/dff/VISp_3/trial_1/phase_0/lib_ab4a70858e/lib_ab4a70858e__delay_0.12__dur_0.0.h5
268,0.06,0.0,ab4a70858e,0.09841062873601913,49.25373134328359,20.613207547169807,180.0,7.16,61,15,8,2.5132741228718345,0,2.0,12,1.3,/mnt/ceph-hdd/workspaces/ws/cidbn_wibral_neuro_nonhuman/u19361-allen-hdd/results/zebra/meso/sub-832700_ses-multiplane-ophys-832700-2026-01-24-12-06-12_ophys/dff/VISp_3/trial_1/phase_0/lib_ab4a70858e/lib_ab4a70858e__delay_0.06__dur_0.0.h5
269,0.15,0.2,ab4a70858e,0.09635902941226959,29.55223880597015,34.95283018867924,22.515923572829195,7.16,50,7,1,0.3141592653589793,0,2.0,12,1.3,/mnt/ceph-hdd/workspaces/ws/cidbn_wibral_neuro_nonhuman/u19361-allen-hdd/results/zebra/meso/sub-832700_ses-multiplane-ophys-832700-2026-01-24-12-06-12_ophys/dff/VISp_3/trial_1/phase_0/lib_ab4a70858e/lib_ab4a70858e__delay_0.15__dur_0.2.h5
27,0.09,0.0,ab4a70858e,0.15775620937347412,0.8955223880597032,-9.858490566037737,22.515923572829163,10.74,34,32,9,2.827433388230814,1,3.0,6,0.07,/mnt/ceph-hdd/workspaces/ws/cidbn_wibral_neuro_nonhuman/u19361-allen-hdd/results/zebra/meso/sub-832700_ses-multiplane-ophys-832700-2026-01-24-12-06-12_ophys/dff/VISp_3/trial_1/phase_0/lib_ab4a70858e/lib_ab4a70858e__delay_0.09__dur_0.0.h5
270,0.06,0.2,ab4a70858e,0.12877678871154785,-4.477611940298509,-11.650943396226417,134.9774869247291,14.32,31,33,6,1.8849555921538759,2,4.0,4,0.05,/mnt/ceph-hdd/workspaces/ws/cidbn_wibral_neuro_nonhuman/u19361-allen-hdd/results/zebra/meso/sub-832700_ses-multiplane-ophys-832700-2026-01-24-12-06-12_ophys/dff/VISp_3/trial_1/phase_0/lib_ab4a70858e/lib_ab4a70858e__delay_0.06__dur_0.2.h5
271,0.15,0.2,ab4a70858e,0.15402677655220032,-4.477611940298509,-11.650943396226417,157.4840764271708,10.74,31,33,7,2.199114857512855,1,3.0,0,0.01,/mnt/ceph-hdd/workspaces/ws/cidbn_wibral_neuro_nonhuman/u19361-allen-hdd/results/zebra/meso/sub-832700_ses-multiplane-ophys-832700-2026-01-24-12-06-12_ophys/dff/VISp_3/trial_1/phase_0/lib_ab4a70858e/lib_ab4a70858e__delay_0.15__dur_0.2.h5
272,0.15,0.2,ab4a70858e,0.10199107974767685,-60.0,-11.650943396226417,90.0,10.74,0,33,4,1.2566370614359172,1,3.0,12,1.3,/mnt/ceph-hdd/workspaces/ws/cidbn_wibral_neuro_nonhuman/u19361-allen-hdd/results/zebra/meso/sub-832700_ses-multiplane-ophys-832700-2026-01-24-12-06-12_ophys/dff/VISp_3/trial_1/phase_0/lib_ab4a70858e/lib_ab4a70858e__delay_0.15__dur_0.2.h5
273,0.03,0.2,ab4a70858e,0.09518906474113464,4.477611940298516,0.8962264150943398,22.515923572829195,7.16,36,26,1,0.3141592653589793,0,2.0,11,1.2,/mnt/ceph-hdd/workspaces/ws/cidbn_wibral_neuro_nonhuman/u19361-allen-hdd/results/zebra/meso/sub-832700_ses-multiplane-ophys-832700-2026-01-24-12-06-12_ophys/dff/VISp_3/trial_1/phase_0/lib_ab4a70858e/lib_ab4a70858e__delay_0.03__dur_0.2.h5
274,0.15,0.2,ab4a70858e,0.09467524290084839,-9.850746268656714,-13.443396226415096,45.02251307527088,7.16,28,34,2,0.6283185307179586,0,2.0,0,0.01,/mnt/ceph-hdd/workspaces/ws/cidbn_wibral_neuro_nonhuman/u19361-allen-hdd/results/zebra/meso/sub-832700_ses-multiplane-ophys-832700-2026-01-24-12-06-12_ophys/dff/VISp_3/trial_1/phase_0/lib_ab4a70858e/lib_ab4a70858e__delay_0.15__dur_0.2.h5
275,0.12,0.2,ab4a70858e,0.10257908701896667,-20.59701492537313,-9.858490566037737,157.4840764271708,14.32,22,32,7,2.199114857512855,2,4.0,9,0.1,/mnt/ceph-hdd/workspaces/ws/cidbn_wibral_neuro_nonhuman/u19361-allen-hdd/results/zebra/meso/sub-832700_ses-multiplane-ophys-832700-2026-01-24-12-06-12_ophys/dff/VISp_3/trial_1/phase_0/lib_ab4a70858e/lib_ab4a70858e__delay_0.12__dur_0.2.h5
276,0.15,0.2,ab4a70858e,0.09086798131465912,-13.43283582089552,-8.066037735849058,157.4840764271708,10.74,26,31,7,2.199114857512855,1,3.0,9,0.1,/mnt/ceph-hdd/workspaces/ws/cidbn_wibral_neuro_nonhuman/u19361-allen-hdd/results/zebra/meso/sub-832700_ses-multiplane-ophys-832700-2026-01-24-12-06-12_ophys/dff/VISp_3/trial_1/phase_0/lib_ab4a70858e/lib_ab4a70858e__delay_0.15__dur_0.2.h5
277,0.06,0.0,ab4a70858e,0.09033586084842682,22.388059701492537,36.74528301886792,22.515923572829163,7.16,46,6,9,2.827433388230814,0,2.0,9,0.1,/mnt/ceph-hdd/workspaces/ws/cidbn_wibral_neuro_nonhuman/u19361-allen-hdd/results/zebra/meso/sub-832700_ses-multiplane-ophys-832700-2026-01-24-12-06-12_ophys/dff/VISp_3/trial_1/phase_0/lib_ab4a70858e/lib_ab4a70858e__delay_0.06__dur_0.0.h5
278,0.15,0.2,ab4a70858e,0.13665013015270233,-0.8955223880596961,-6.273584905660378,22.515923572829195,14.32,33,30,1,0.3141592653589793,2,4.0,3,0.04,/mnt/ceph-hdd/workspaces/ws/cidbn_wibral_neuro_nonhuman/u19361-allen-hdd/results/zebra/meso/sub-832700_ses-multiplane-ophys-832700-2026-01-24-12-06-12_ophys/dff/VISp_3/trial_1/phase_0/lib_ab4a70858e/lib_ab4a70858e__delay_0.15__dur_0.2.h5
279,0.03,0.2,ab4a70858e,0.0989234521985054,-38.507462686567166,-25.99056603773585,90.0,10.74,12,41,4,1.2566370614359172,1,3.0,10,1.1,/mnt/ceph-hdd/workspaces/ws/cidbn_wibral_neuro_nonhuman/u19361-allen-hdd/results/zebra/meso/sub-832700_ses-multiplane-ophys-832700-2026-01-24-12-06-12_ophys/dff/VISp_3/trial_1/phase_0/lib_ab4a70858e/lib_ab4a70858e__delay_0.03__dur_0.2.h5
28,0.15,0.0,ab4a70858e,0.17929084599018097,6.268656716417908,-13.443396226415096,0.0,21.49,37,34,0,0.0,4,6.0,4,0.05,/mnt/ceph-hdd/workspaces/ws/cidbn_wibral_neuro_nonhuman/u19361-allen-hdd/results/zebra/meso/sub-832700_ses-multiplane-ophys-832700-2026-01-24-12-06-12_ophys/dff/VISp_3/trial_1/phase_0/lib_ab4a70858e/lib_ab4a70858e__delay_0.15__dur_0.0.h5
280,0.09,0.2,ab4a70858e,0.10550150275230408,-17.014925373134325,-9.858490566037737,22.515923572829163,7.16,24,32,9,2.827433388230814,0,2.0,9,0.1,/mnt/ceph-hdd/workspaces/ws/cidbn_wibral_neuro_nonhuman/u19361-allen-hdd/results/zebra/meso/sub-832700_ses-multiplane-ophys-832700-2026-01-24-12-06-12_ophys/dff/VISp_3/trial_1/phase_0/lib_ab4a70858e/lib_ab4a70858e__delay_0.09__dur_0.2.h5
281,0.09,0.2,ab4a70858e,0.09335996210575104,6.268656716417908,-34.95283018867924,157.4840764271708,7.16,37,46,7,2.199114857512855,0,2.0,10,1.1,/mnt/ceph-hdd/workspaces/ws/cidbn_wibral_neuro_nonhuman/u19361-allen-hdd/results/zebra/meso/sub-832700_ses-multiplane-ophys-832700-2026-01-24-12-06-12_ophys/dff/VISp_3/trial_1/phase_0/lib_ab4a70858e/lib_ab4a70858e__delay_0.09__dur_0.2.h5
282,0.03,0.0,ab4a70858e,0.10932587087154388,54.626865671641795,17.02830188679245,45.02251307527088,10.74,64,17,2,0.6283185307179586,1,3.0,10,1.1,/mnt/ceph-hdd/workspaces/ws/cidbn_wibral_neuro_nonhuman/u19361-allen-hdd/results/zebra/meso/sub-832700_ses-multiplane-ophys-832700-2026-01-24-12-06-12_ophys/dff/VISp_3/trial_1/phase_0/lib_ab4a70858e/lib_ab4a70858e__delay_0.03__dur_0.0.h5
283,0.06,0.2,ab4a70858e,0.10366558283567429,-6.268656716417908,-22.40566037735849,22.515923572829163,28.65,30,39,9,2.827433388230814,5,8.0,1,0.02,/mnt/ceph-hdd/workspaces/ws/cidbn_wibral_neuro_nonhuman/u19361-allen-hdd/results/zebra/meso/sub-832700_ses-multiplane-ophys-832700-2026-01-24-12-06-12_ophys/dff/VISp_3/trial_1/phase_0/lib_ab4a70858e/lib_ab4a70858e__delay_0.06__dur_0.2.h5
284,0.12,0.2,ab4a70858e,0.0938582792878151,-25.970149253731343,45.70754716981132,90.0,21.49,19,1,4,1.2566370614359172,4,6.0,11,1.2,/mnt/ceph-hdd/workspaces/ws/cidbn_wibral_neuro_nonhuman/u19361-allen-hdd/results/zebra/meso/sub-832700_ses-multiplane-ophys-832700-2026-01-24-12-06-12_ophys/dff/VISp_3/trial_1/phase_0/lib_ab4a70858e/lib_ab4a70858e__delay_0.12__dur_0.2.h5
285,0.09,0.2,ab4a70858e,0.16825994849205017,-11.64179104477612,-8.066037735849058,112.48408527317332,17.91,27,31,5,1.5707963267948966,3,5.0,3,0.04,/mnt/ceph-hdd/workspaces/ws/cidbn_wibral_neuro_nonhuman/u19361-allen-hdd/results/zebra/meso/sub-832700_ses-multiplane-ophys-832700-2026-01-24-12-06-12_ophys/dff/VISp_3/trial_1/phase_0/lib_ab4a70858e/lib_ab4a70858e__delay_0.09__dur_0.2.h5
286,0.06,0.2,ab4a70858e,0.10029016435146332,-15.223880597014926,20.613207547169807,157.4840764271708,7.16,25,15,7,2.199114857512855,0,2.0,12,1.3,/mnt/ceph-hdd/workspaces/ws/cidbn_wibral_neuro_nonhuman/u19361-allen-hdd/results/zebra/meso/sub-832700_ses-multiplane-ophys-832700-2026-01-24-12-06-12_ophys/dff/VISp_3/trial_1/phase_0/lib_ab4a70858e/lib_ab4a70858e__delay_0.06__dur_0.2.h5
287,0.06,0.0,ab4a70858e,0.10196364670991898,-33.134328358208954,-20.61320754716981,180.0,10.74,15,38,8,2.5132741228718345,1,3.0,12,1.3,/mnt/ceph-hdd/workspaces/ws/cidbn_wibral_neuro_nonhuman/u19361-allen-hdd/results/zebra/meso/sub-832700_ses-multiplane-ophys-832700-2026-01-24-12-06-12_ophys/dff/VISp_3/trial_1/phase_0/lib_ab4a70858e/lib_ab4a70858e__delay_0.06__dur_0.0.h5
288,0.06,0.2,ab4a70858e,0.09700096398591995,11.641791044776127,-29.57547169811321,157.4840764271708,28.65,40,43,7,2.199114857512855,5,8.0,10,1.1,/mnt/ceph-hdd/workspaces/ws/cidbn_wibral_neuro_nonhuman/u19361-allen-hdd/results/zebra/meso/sub-832700_ses-multiplane-ophys-832700-2026-01-24-12-06-12_ophys/dff/VISp_3/trial_1/phase_0/lib_ab4a70858e/lib_ab4a70858e__delay_0.06__dur_0.2.h5
289,0.06,0.2,ab4a70858e,0.1346498280763626,-8.059701492537314,-11.650943396226417,22.515923572829163,10.74,29,33,9,2.827433388230814,1,3.0,9,0.1,/mnt/ceph-hdd/workspaces/ws/cidbn_wibral_neuro_nonhuman/u19361-allen-hdd/results/zebra/meso/sub-832700_ses-multiplane-ophys-832700-2026-01-24-12-06-12_ophys/dff/VISp_3/trial_1/phase_0/lib_ab4a70858e/lib_ab4a70858e__delay_0.06__dur_0.2.h5
29,0.0,0.0,ab4a70858e,0.09849836677312851,45.67164179104478,24.198113207547166,180.0,28.65,59,13,8,2.5132741228718345,5,8.0,12,1.3,/mnt/ceph-hdd/workspaces/ws/cidbn_wibral_neuro_nonhuman/u19361-allen-hdd/results/zebra/meso/sub-832700_ses-multiplane-ophys-832700-2026-01-24-12-06-12_ophys/dff/VISp_3/trial_1/phase_0/lib_ab4a70858e/lib_ab4a70858e__delay_0.0__dur_0.0.h5
290,0.12,0.2,ab4a70858e,0.09771658480167389,-9.850746268656714,-18.82075471698113,67.51591472682667,17.91,28,37,3,0.9424777960769379,3,5.0,3,0.04,/mnt/ceph-hdd/workspaces/ws/cidbn_wibral_neuro_nonhuman/u19361-allen-hdd/results/zebra/meso/sub-832700_ses-multiplane-ophys-832700-2026-01-24-12-06-12_ophys/dff/VISp_3/trial_1/phase_0/lib_ab4a70858e/lib_ab4a70858e__delay_0.12__dur_0.2.h5
291,0.09,0.0,ab4a70858e,0.09563826769590378,18.80597014925374,-17.028301886792452,157.4840764271708,17.91,44,36,7,2.199114857512855,3,5.0,12,1.3,/mnt/ceph-hdd/workspaces/ws/cidbn_wibral_neuro_nonhuman/u19361-allen-hdd/results/zebra/meso/sub-832700_ses-multiplane-ophys-832700-2026-01-24-12-06-12_ophys/dff/VISp_3/trial_1/phase_0/lib_ab4a70858e/lib_ab4a70858e__delay_0.09__dur_0.0.h5
3,0.12,0.0,ab4a70858e,0.09783277660608292,-47.46268656716418,-4.481132075471699,22.515923572829163,7.16,7,29,9,2.827433388230814,0,2.0,11,1.2,/mnt/ceph-hdd/workspaces/ws/cidbn_wibral_neuro_nonhuman/u19361-allen-hdd/results/zebra/meso/sub-832700_ses-multiplane-ophys-832700-2026-01-24-12-06-12_ophys/dff/VISp_3/trial_1/phase_0/lib_ab4a70858e/lib_ab4a70858e__delay_0.12__dur_0.0.h5
30,0.09,0.0,ab4a70858e,0.1058136373758316,-0.8955223880596961,-9.858490566037737,134.9774869247291,17.91,33,32,6,1.8849555921538759,3,5.0,5,0.06,/mnt/ceph-hdd/workspaces/ws/cidbn_wibral_neuro_nonhuman/u19361-allen-hdd/results/zebra/meso/sub-832700_ses-multiplane-ophys-832700-2026-01-24-12-06-12_ophys/dff/VISp_3/trial_1/phase_0/lib_ab4a70858e/lib_ab4a70858e__delay_0.09__dur_0.0.h5
31,0.06,0.2,ab4a70858e,0.09837912023067474,33.13432835820896,-8.066037735849058,22.515923572829163,10.74,52,31,9,2.827433388230814,1,3.0,10,1.1,/mnt/ceph-hdd/workspaces/ws/cidbn_wibral_neuro_nonhuman/u19361-allen-hdd/results/zebra/meso/sub-832700_ses-multiplane-ophys-832700-2026-01-24-12-06-12_ophys/dff/VISp_3/trial_1/phase_0/lib_ab4a70858e/lib_ab4a70858e__delay_0.06__dur_0.2.h5
32,0.09,0.0,ab4a70858e,0.2658272981643677,2.6865671641791096,-2.6886792452830193,134.9774869247291,14.32,35,28,6,1.8849555921538759,2,4.0,6,0.07,/mnt/ceph-hdd/workspaces/ws/cidbn_wibral_neuro_nonhuman/u19361-allen-hdd/results/zebra/meso/sub-832700_ses-multiplane-ophys-832700-2026-01-24-12-06-12_ophys/dff/VISp_3/trial_1/phase_0/lib_ab4a70858e/lib_ab4a70858e__delay_0.09__dur_0.0.h5
33,0.09,0.0,ab4a70858e,0.1932934671640396,0.8955223880597032,-4.481132075471699,112.48408527317332,17.91,34,29,5,1.5707963267948966,3,5.0,4,0.05,/mnt/ceph-hdd/workspaces/ws/cidbn_wibral_neuro_nonhuman/u19361-allen-hdd/results/zebra/meso/sub-832700_ses-multiplane-ophys-832700-2026-01-24-12-06-12_ophys/dff/VISp_3/trial_1/phase_0/lib_ab4a70858e/lib_ab4a70858e__delay_0.09__dur_0.0.h5
34,0.06,0.2,ab4a70858e,0.16918624937534332,4.477611940298516,-6.273584905660378,22.515923572829195,17.91,36,30,1,0.3141592653589793,3,5.0,5,0.06,/mnt/ceph-hdd/workspaces/ws/cidbn_wibral_neuro_nonhuman/u19361-allen-hdd/results/zebra/meso/sub-832700_ses-multiplane-ophys-832700-2026-01-24-12-06-12_ophys/dff/VISp_3/trial_1/phase_0/lib_ab4a70858e/lib_ab4a70858e__delay_0.06__dur_0.2.h5
35,0.15,0.2,ab4a70858e,0.09075318276882172,38.507462686567166,17.02830188679245,67.51591472682667,7.16,55,17,3,0.9424777960769379,0,2.0,10,1.1,/mnt/ceph-hdd/workspaces/ws/cidbn_wibral_neuro_nonhuman/u19361-allen-hdd/results/zebra/meso/sub-832700_ses-multiplane-ophys-832700-2026-01-24-12-06-12_ophys/dff/VISp_3/trial_1/phase_0/lib_ab4a70858e/lib_ab4a70858e__delay_0.15__dur_0.2.h5
36,0.15,0.0,ab4a70858e,0.16959558427333832,8.059701492537314,-8.066037735849058,22.515923572829163,10.74,38,31,9,2.827433388230814,1,3.0,4,0.05,/mnt/ceph-hdd/workspaces/ws/cidbn_wibral_neuro_nonhuman/u19361-allen-hdd/results/zebra/meso/sub-832700_ses-multiplane-ophys-832700-2026-01-24-12-06-12_ophys/dff/VISp_3/trial_1/phase_0/lib_ab4a70858e/lib_ab4a70858e__delay_0.15__dur_0.0.h5
37,0.15,0.0,ab4a70858e,0.13605254888534546,11.641791044776127,-6.273584905660378,67.51591472682667,14.32,40,30,3,0.9424777960769379,2,4.0,7,0.08,/mnt/ceph-hdd/workspaces/ws/cidbn_wibral_neuro_nonhuman/u19361-allen-hdd/results/zebra/meso/sub-832700_ses-multiplane-ophys-832700-2026-01-24-12-06-12_ophys/dff/VISp_3/trial_1/phase_0/lib_ab4a70858e/lib_ab4a70858e__delay_0.15__dur_0.0.h5
38,0.15,0.2,ab4a70858e,0.1950182467699051,8.059701492537314,-6.273584905660378,0.0,14.32,38,30,0,0.0,2,4.0,5,0.06,/mnt/ceph-hdd/workspaces/ws/cidbn_wibral_neuro_nonhuman/u19361-allen-hdd/results/zebra/meso/sub-832700_ses-multiplane-ophys-832700-2026-01-24-12-06-12_ophys/dff/VISp_3/trial_1/phase_0/lib_ab4a70858e/lib_ab4a70858e__delay_0.15__dur_0.2.h5
39,0.06,0.2,ab4a70858e,0.1346862018108368,2.6865671641791096,-4.481132075471699,67.51591472682667,7.16,35,29,3,0.9424777960769379,0,2.0,9,0.1,/mnt/ceph-hdd/workspaces/ws/cidbn_wibral_neuro_nonhuman/u19361-allen-hdd/results/zebra/meso/sub-832700_ses-multiplane-ophys-832700-2026-01-24-12-06-12_ophys/dff/VISp_3/trial_1/phase_0/lib_ab4a70858e/lib_ab4a70858e__delay_0.06__dur_0.2.h5
4,0.0,0.0,ab4a70858e,0.09874654561281204,-25.970149253731343,27.783018867924525,112.48408527317332,7.16,19,11,5,1.5707963267948966,0,2.0,12,1.3,/mnt/ceph-hdd/workspaces/ws/cidbn_wibral_neuro_nonhuman/u19361-allen-hdd/results/zebra/meso/sub-832700_ses-multiplane-ophys-832700-2026-01-24-12-06-12_ophys/dff/VISp_3/trial_1/phase_0/lib_ab4a70858e/lib_ab4a70858e__delay_0.0__dur_0.0.h5
40,0.0,0.0,ab4a70858e,0.10762687027454376,-17.014925373134325,-9.858490566037737,45.02251307527088,14.32,24,32,2,0.6283185307179586,2,4.0,12,1.3,/mnt/ceph-hdd/workspaces/ws/cidbn_wibral_neuro_nonhuman/u19361-allen-hdd/results/zebra/meso/sub-832700_ses-multiplane-ophys-832700-2026-01-24-12-06-12_ophys/dff/VISp_3/trial_1/phase_0/lib_ab4a70858e/lib_ab4a70858e__delay_0.0__dur_0.0.h5
41,0.15,0.0,ab4a70858e,0.25142019987106323,4.477611940298516,-15.235849056603776,0.0,17.91,36,35,0,0.0,3,5.0,5,0.06,/mnt/ceph-hdd/workspaces/ws/cidbn_wibral_neuro_nonhuman/u19361-allen-hdd/results/zebra/meso/sub-832700_ses-multiplane-ophys-832700-2026-01-24-12-06-12_ophys/dff/VISp_3/trial_1/phase_0/lib_ab4a70858e/lib_ab4a70858e__delay_0.15__dur_0.0.h5
42,0.12,0.0,ab4a70858e,0.18823303282260895,9.85074626865672,-8.066037735849058,157.4840764271708,7.16,39,31,7,2.199114857512855,0,2.0,6,0.07,/mnt/ceph-hdd/workspaces/ws/cidbn_wibral_neuro_nonhuman/u19361-allen-hdd/results/zebra/meso/sub-832700_ses-multiplane-ophys-832700-2026-01-24-12-06-12_ophys/dff/VISp_3/trial_1/phase_0/lib_ab4a70858e/lib_ab4a70858e__delay_0.12__dur_0.0.h5
43,0.12,0.0,ab4a70858e,0.0967865064740181,-2.6865671641791025,6.273584905660378,22.515923572829195,28.65,32,23,1,0.3141592653589793,5,8.0,10,1.1,/mnt/ceph-hdd/workspaces/ws/cidbn_wibral_neuro_nonhuman/u19361-allen-hdd/results/zebra/meso/sub-832700_ses-multiplane-ophys-832700-2026-01-24-12-06-12_ophys/dff/VISp_3/trial_1/phase_0/lib_ab4a70858e/lib_ab4a70858e__delay_0.12__dur_0.0.h5
44,0.06,0.2,ab4a70858e,0.1036955788731575,-17.014925373134325,-6.273584905660378,180.0,17.91,24,30,8,2.5132741228718345,3,5.0,12,1.3,/mnt/ceph-hdd/workspaces/ws/cidbn_wibral_neuro_nonhuman/u19361-allen-hdd/results/zebra/meso/sub-832700_ses-multiplane-ophys-832700-2026-01-24-12-06-12_ophys/dff/VISp_3/trial_1/phase_0/lib_ab4a70858e/lib_ab4a70858e__delay_0.06__dur_0.2.h5
45,0.09,0.2,ab4a70858e,0.12395571917295456,2.6865671641791096,-6.273584905660378,22.515923572829195,14.32,35,30,1,0.3141592653589793,2,4.0,8,0.09,/mnt/ceph-hdd/workspaces/ws/cidbn_wibral_neuro_nonhuman/u19361-allen-hdd/results/zebra/meso/sub-832700_ses-multiplane-ophys-832700-2026-01-24-12-06-12_ophys/dff/VISp_3/trial_1/phase_0/lib_ab4a70858e/lib_ab4a70858e__delay_0.09__dur_0.2.h5
46,0.09,0.0,ab4a70858e,0.11750292778015137,2.6865671641791096,-6.273584905660378,112.48408527317332,28.65,35,30,5,1.5707963267948966,5,8.0,4,0.05,/mnt/ceph-hdd/workspaces/ws/cidbn_wibral_neuro_nonhuman/u19361-allen-hdd/results/zebra/meso/sub-832700_ses-multiplane-ophys-832700-2026-01-24-12-06-12_ophys/dff/VISp_3/trial_1/phase_0/lib_ab4a70858e/lib_ab4a70858e__delay_0.09__dur_0.0.h5
47,0.15,0.0,ab4a70858e,0.11917474120855331,4.477611940298516,-8.066037735849058,45.02251307527088,21.49,36,31,2,0.6283185307179586,4,6.0,3,0.04,/mnt/ceph-hdd/workspaces/ws/cidbn_wibral_neuro_nonhuman/u19361-allen-hdd/results/zebra/meso/sub-832700_ses-multiplane-ophys-832700-2026-01-24-12-06-12_ophys/dff/VISp_3/trial_1/phase_0/lib_ab4a70858e/lib_ab4a70858e__delay_0.15__dur_0.0.h5
48,0.0,0.0,ab4a70858e,0.09774764627218246,-51.04477611940298,-27.78301886792453,90.0,10.74,5,42,4,1.2566370614359172,1,3.0,9,0.1,/mnt/ceph-hdd/workspaces/ws/cidbn_wibral_neuro_nonhuman/u19361-allen-hdd/results/zebra/meso/sub-832700_ses-multiplane-ophys-832700-2026-01-24-12-06-12_ophys/dff/VISp_3/trial_1/phase_0/lib_ab4a70858e/lib_ab4a70858e__delay_0.0__dur_0.0.h5
49,0.09,0.0,ab4a70858e,0.1303166002035141,6.268656716417908,-6.273584905660378,0.0,21.49,37,30,0,0.0,4,6.0,4,0.05,/mnt/ceph-hdd/workspaces/ws/cidbn_wibral_neuro_nonhuman/u19361-allen-hdd/results/zebra/meso/sub-832700_ses-multiplane-ophys-832700-2026-01-24-12-06-12_ophys/dff/VISp_3/trial_1/phase_0/lib_ab4a70858e/lib_ab4a70858e__delay_0.09__dur_0.0.h5
5,0.09,0.0,ab4a70858e,0.09719282388687134,6.268656716417908,6.273584905660378,67.51591472682667,10.74,37,23,3,0.9424777960769379,1,3.0,10,1.1,/mnt/ceph-hdd/workspaces/ws/cidbn_wibral_neuro_nonhuman/u19361-allen-hdd/results/zebra/meso/sub-832700_ses-multiplane-ophys-832700-2026-01-24-12-06-12_ophys/dff/VISp_3/trial_1/phase_0/lib_ab4a70858e/lib_ab4a70858e__delay_0.09__dur_0.0.h5
50,0.03,0.2,ab4a70858e,0.10139297693967819,15.223880597014926,24.198113207547166,90.0,17.91,42,13,4,1.2566370614359172,3,5.0,11,1.2,/mnt/ceph-hdd/workspaces/ws/cidbn_wibral_neuro_nonhuman/u19361-allen-hdd/results/zebra/meso/sub-832700_ses-multiplane-ophys-832700-2026-01-24-12-06-12_ophys/dff/VISp_3/trial_1/phase_0/lib_ab4a70858e/lib_ab4a70858e__delay_0.03__dur_0.2.h5
51,0.0,0.2,ab4a70858e,0.10251697152853012,-31.34328358208955,-13.443396226415096,90.0,7.16,16,34,4,1.2566370614359172,0,2.0,11,1.2,/mnt/ceph-hdd/workspaces/ws/cidbn_wibral_neuro_nonhuman/u19361-allen-hdd/results/zebra/meso/sub-832700_ses-multiplane-ophys-832700-2026-01-24-12-06-12_ophys/dff/VISp_3/trial_1/phase_0/lib_ab4a70858e/lib_ab4a70858e__delay_0.0__dur_0.2.h5
52,0.09,0.0,ab4a70858e,0.09500093013048172,-31.34328358208955,-13.443396226415096,67.51591472682667,14.32,16,34,3,0.9424777960769379,2,4.0,10,1.1,/mnt/ceph-hdd/workspaces/ws/cidbn_wibral_neuro_nonhuman/u19361-allen-hdd/results/zebra/meso/sub-832700_ses-multiplane-ophys-832700-2026-01-24-12-06-12_ophys/dff/VISp_3/trial_1/phase_0/lib_ab4a70858e/lib_ab4a70858e__delay_0.09__dur_0.0.h5
53,0.15,0.2,ab4a70858e,0.09189577400684357,-33.134328358208954,11.650943396226417,67.51591472682667,28.65,15,20,3,0.9424777960769379,5,8.0,10,1.1,/mnt/ceph-hdd/workspaces/ws/cidbn_wibral_neuro_nonhuman/u19361-allen-hdd/results/zebra/meso/sub-832700_ses-multiplane-ophys-832700-2026-01-24-12-06-12_ophys/dff/VISp_3/trial_1/phase_0/lib_ab4a70858e/lib_ab4a70858e__delay_0.15__dur_0.2.h5
54,0.15,0.0,ab4a70858e,0.10324075818061829,58.20895522388061,22.405660377358487,67.51591472682667,10.74,66,14,3,0.9424777960769379,1,3.0,10,1.1,/mnt/ceph-hdd/workspaces/ws/cidbn_wibral_neuro_nonhuman/u19361-allen-hdd/results/zebra/meso/sub-832700_ses-multiplane-ophys-832700-2026-01-24-12-06-12_ophys/dff/VISp_3/trial_1/phase_0/lib_ab4a70858e/lib_ab4a70858e__delay_0.15__dur_0.0.h5
55,0.12,0.0,ab4a70858e,0.1623278707265854,-0.8955223880596961,-4.481132075471699,67.51591472682667,14.32,33,29,3,0.9424777960769379,2,4.0,7,0.08,/mnt/ceph-hdd/workspaces/ws/cidbn_wibral_neuro_nonhuman/u19361-allen-hdd/results/zebra/meso/sub-832700_ses-multiplane-ophys-832700-2026-01-24-12-06-12_ophys/dff/VISp_3/trial_1/phase_0/lib_ab4a70858e/lib_ab4a70858e__delay_0.12__dur_0.0.h5
56,0.06,0.2,ab4a70858e,0.2046547830104828,8.059701492537314,-2.6886792452830193,22.515923572829163,14.32,38,28,9,2.827433388230814,2,4.0,1,0.02,/mnt/ceph-hdd/workspaces/ws/cidbn_wibral_neuro_nonhuman/u19361-allen-hdd/results/zebra/meso/sub-832700_ses-multiplane-ophys-832700-2026-01-24-12-06-12_ophys/dff/VISp_3/trial_1/phase_0/lib_ab4a70858e/lib_ab4a70858e__delay_0.06__dur_0.2.h5
57,0.12,0.2,ab4a70858e,0.114784836769104,-0.8955223880596961,-15.235849056603776,180.0,17.91,33,35,8,2.5132741228718345,3,5.0,9,0.1,/mnt/ceph-hdd/workspaces/ws/cidbn_wibral_neuro_nonhuman/u19361-allen-hdd/results/zebra/meso/sub-832700_ses-multiplane-ophys-832700-2026-01-24-12-06-12_ophys/dff/VISp_3/trial_1/phase_0/lib_ab4a70858e/lib_ab4a70858e__delay_0.12__dur_0.2.h5
58,0.12,0.0,ab4a70858e,0.08894399553537369,45.67164179104478,27.783018867924525,0.0,28.65,59,11,0,0.0,5,8.0,11,1.2,/mnt/ceph-hdd/workspaces/ws/cidbn_wibral_neuro_nonhuman/u19361-allen-hdd/results/zebra/meso/sub-832700_ses-multiplane-ophys-832700-2026-01-24-12-06-12_ophys/dff/VISp_3/trial_1/phase_0/lib_ab4a70858e/lib_ab4a70858e__delay_0.12__dur_0.0.h5
59,0.12,0.0,ab4a70858e,0.11671643704175949,6.268656716417908,-4.481132075471699,90.0,14.32,37,29,4,1.2566370614359172,2,4.0,2,0.03,/mnt/ceph-hdd/workspaces/ws/cidbn_wibral_neuro_nonhuman/u19361-allen-hdd/results/zebra/meso/sub-832700_ses-multiplane-ophys-832700-2026-01-24-12-06-12_ophys/dff/VISp_3/trial_1/phase_0/lib_ab4a70858e/lib_ab4a70858e__delay_0.12__dur_0.0.h5
6,0.06,0.0,ab4a70858e,0.10202489048242569,2.6865671641791096,31.367924528301884,157.4840764271708,17.91,35,9,7,2.199114857512855,3,5.0,10,1.1,/mnt/ceph-hdd/workspaces/ws/cidbn_wibral_neuro_nonhuman/u19361-allen-hdd/results/zebra/meso/sub-832700_ses-multiplane-ophys-832700-2026-01-24-12-06-12_ophys/dff/VISp_3/trial_1/phase_0/lib_ab4a70858e/lib_ab4a70858e__delay_0.06__dur_0.0.h5
60,0.03,0.2,ab4a70858e,0.0983903631567955,-31.34328358208955,-22.40566037735849,157.4840764271708,7.16,16,39,7,2.199114857512855,0,2.0,12,1.3,/mnt/ceph-hdd/workspaces/ws/cidbn_wibral_neuro_nonhuman/u19361-allen-hdd/results/zebra/meso/sub-832700_ses-multiplane-ophys-832700-2026-01-24-12-06-12_ophys/dff/VISp_3/trial_1/phase_0/lib_ab4a70858e/lib_ab4a70858e__delay_0.03__dur_0.2.h5
61,0.0,0.2,ab4a70858e,0.10864689201116562,0.8955223880597032,-6.273584905660378,180.0,7.16,34,30,8,2.5132741228718345,0,2.0,12,1.3,/mnt/ceph-hdd/workspaces/ws/cidbn_wibral_neuro_nonhuman/u19361-allen-hdd/results/zebra/meso/sub-832700_ses-multiplane-ophys-832700-2026-01-24-12-06-12_ophys/dff/VISp_3/trial_1/phase_0/lib_ab4a70858e/lib_ab4a70858e__delay_0.0__dur_0.2.h5
62,0.12,0.0,ab4a70858e,0.10466637462377548,-0.8955223880596961,29.575471698113205,157.4840764271708,7.16,33,10,7,2.199114857512855,0,2.0,12,1.3,/mnt/ceph-hdd/workspaces/ws/cidbn_wibral_neuro_nonhuman/u19361-allen-hdd/results/zebra/meso/sub-832700_ses-multiplane-ophys-832700-2026-01-24-12-06-12_ophys/dff/VISp_3/trial_1/phase_0/lib_ab4a70858e/lib_ab4a70858e__delay_0.12__dur_0.0.h5
63,0.15,0.0,ab4a70858e,0.34971603751182556,6.268656716417908,-6.273584905660378,0.0,17.91,37,30,0,0.0,3,5.0,2,0.03,/mnt/ceph-hdd/workspaces/ws/cidbn_wibral_neuro_nonhuman/u19361-allen-hdd/results/zebra/meso/sub-832700_ses-multiplane-ophys-832700-2026-01-24-12-06-12_ophys/dff/VISp_3/trial_1/phase_0/lib_ab4a70858e/lib_ab4a70858e__delay_0.15__dur_0.0.h5
64,0.03,0.2,ab4a70858e,0.09329744428396225,-4.477611940298509,-0.8962264150943398,22.515923572829163,17.91,31,27,9,2.827433388230814,3,5.0,11,1.2,/mnt/ceph-hdd/workspaces/ws/cidbn_wibral_neuro_nonhuman/u19361-allen-hdd/results/zebra/meso/sub-832700_ses-multiplane-ophys-832700-2026-01-24-12-06-12_ophys/dff/VISp_3/trial_1/phase_0/lib_ab4a70858e/lib_ab4a70858e__delay_0.03__dur_0.2.h5
65,0.09,0.0,ab4a70858e,0.23415601253509521,6.268656716417908,-11.650943396226417,45.02251307527088,10.74,37,33,2,0.6283185307179586,1,3.0,6,0.07,/mnt/ceph-hdd/workspaces/ws/cidbn_wibral_neuro_nonhuman/u19361-allen-hdd/results/zebra/meso/sub-832700_ses-multiplane-ophys-832700-2026-01-24-12-06-12_ophys/dff/VISp_3/trial_1/phase_0/lib_ab4a70858e/lib_ab4a70858e__delay_0.09__dur_0.0.h5
66,0.15,0.2,ab4a70858e,0.09731640666723251,-33.134328358208954,0.8962264150943398,134.9774869247291,7.16,15,26,6,1.8849555921538759,0,2.0,12,1.3,/mnt/ceph-hdd/workspaces/ws/cidbn_wibral_neuro_nonhuman/u19361-allen-hdd/results/zebra/meso/sub-832700_ses-multiplane-ophys-832700-2026-01-24-12-06-12_ophys/dff/VISp_3/trial_1/phase_0/lib_ab4a70858e/lib_ab4a70858e__delay_0.15__dur_0.2.h5
67,0.06,0.2,ab4a70858e,0.12249305099248886,-0.8955223880596961,-6.273584905660378,180.0,14.32,33,30,8,2.5132741228718345,2,4.0,12,1.3,/mnt/ceph-hdd/workspaces/ws/cidbn_wibral_neuro_nonhuman/u19361-allen-hdd/results/zebra/meso/sub-832700_ses-multiplane-ophys-832700-2026-01-24-12-06-12_ophys/dff/VISp_3/trial_1/phase_0/lib_ab4a70858e/lib_ab4a70858e__delay_0.06__dur_0.2.h5
68,0.15,0.2,ab4a70858e,0.08859986811876297,-34.92537313432835,8.066037735849058,180.0,10.74,14,22,8,2.5132741228718345,1,3.0,12,1.3,/mnt/ceph-hdd/workspaces/ws/cidbn_wibral_neuro_nonhuman/u19361-allen-hdd/results/zebra/meso/sub-832700_ses-multiplane-ophys-832700-2026-01-24-12-06-12_ophys/dff/VISp_3/trial_1/phase_0/lib_ab4a70858e/lib_ab4a70858e__delay_0.15__dur_0.2.h5
69,0.09,0.2,ab4a70858e,0.11953682452440262,8.059701492537314,-9.858490566037737,45.02251307527088,14.32,38,32,2,0.6283185307179586,2,4.0,9,0.1,/mnt/ceph-hdd/workspaces/ws/cidbn_wibral_neuro_nonhuman/u19361-allen-hdd/results/zebra/meso/sub-832700_ses-multiplane-ophys-832700-2026-01-24-12-06-12_ophys/dff/VISp_3/trial_1/phase_0/lib_ab4a70858e/lib_ab4a70858e__delay_0.09__dur_0.2.h5
7,0.09,0.0,ab4a70858e,0.1034446656703949,20.59701492537313,-4.481132075471699,67.51591472682667,28.65,45,29,3,0.9424777960769379,5,8.0,5,0.06,/mnt/ceph-hdd/workspaces/ws/cidbn_wibral_neuro_nonhuman/u19361-allen-hdd/results/zebra/meso/sub-832700_ses-multiplane-ophys-832700-2026-01-24-12-06-12_ophys/dff/VISp_3/trial_1/phase_0/lib_ab4a70858e/lib_ab4a70858e__delay_0.09__dur_0.0.h5
70,0.09,0.2,ab4a70858e,0.1516365110874176,13.43283582089552,-2.6886792452830193,0.0,21.49,41,28,0,0.0,4,6.0,2,0.03,/mnt/ceph-hdd/workspaces/ws/cidbn_wibral_neuro_nonhuman/u19361-allen-hdd/results/zebra/meso/sub-832700_ses-multiplane-ophys-832700-2026-01-24-12-06-12_ophys/dff/VISp_3/trial_1/phase_0/lib_ab4a70858e/lib_ab4a70858e__delay_0.09__dur_0.2.h5
71,0.06,0.0,ab4a70858e,0.09168409556150436,-34.92537313432835,11.650943396226417,157.4840764271708,28.65,14,20,7,2.199114857512855,5,8.0,4,0.05,/mnt/ceph-hdd/workspaces/ws/cidbn_wibral_neuro_nonhuman/u19361-allen-hdd/results/zebra/meso/sub-832700_ses-multiplane-ophys-832700-2026-01-24-12-06-12_ophys/dff/VISp_3/trial_1/phase_0/lib_ab4a70858e/lib_ab4a70858e__delay_0.06__dur_0.0.h5
72,0.15,0.0,ab4a70858e,0.23690742254257202,4.477611940298516,-8.066037735849058,67.51591472682667,17.91,36,31,3,0.9424777960769379,3,5.0,3,0.04,/mnt/ceph-hdd/workspaces/ws/cidbn_wibral_neuro_nonhuman/u19361-allen-hdd/results/zebra/meso/sub-832700_ses-multiplane-ophys-832700-2026-01-24-12-06-12_ophys/dff/VISp_3/trial_1/phase_0/lib_ab4a70858e/lib_ab4a70858e__delay_0.15__dur_0.0.h5
73,0.12,0.2,ab4a70858e,0.09552394598722458,8.059701492537314,6.273584905660378,67.51591472682667,7.16,38,23,3,0.9424777960769379,0,2.0,12,1.3,/mnt/ceph-hdd/workspaces/ws/cidbn_wibral_neuro_nonhuman/u19361-allen-hdd/results/zebra/meso/sub-832700_ses-multiplane-ophys-832700-2026-01-24-12-06-12_ophys/dff/VISp_3/trial_1/phase_0/lib_ab4a70858e/lib_ab4a70858e__delay_0.12__dur_0.2.h5
74,0.12,0.0,ab4a70858e,0.19965298473834991,8.059701492537314,-2.6886792452830193,22.515923572829163,17.91,38,28,9,2.827433388230814,3,5.0,4,0.05,/mnt/ceph-hdd/workspaces/ws/cidbn_wibral_neuro_nonhuman/u19361-allen-hdd/results/zebra/meso/sub-832700_ses-multiplane-ophys-832700-2026-01-24-12-06-12_ophys/dff/VISp_3/trial_1/phase_0/lib_ab4a70858e/lib_ab4a70858e__delay_0.12__dur_0.0.h5
75,0.09,0.2,ab4a70858e,0.1663765013217926,8.059701492537314,-6.273584905660378,67.51591472682667,14.32,38,30,3,0.9424777960769379,2,4.0,4,0.05,/mnt/ceph-hdd/workspaces/ws/cidbn_wibral_neuro_nonhuman/u19361-allen-hdd/results/zebra/meso/sub-832700_ses-multiplane-ophys-832700-2026-01-24-12-06-12_ophys/dff/VISp_3/trial_1/phase_0/lib_ab4a70858e/lib_ab4a70858e__delay_0.09__dur_0.2.h5
76,0.12,0.2,ab4a70858e,0.17205001413822174,-4.477611940298509,-0.8962264150943398,22.515923572829195,17.91,31,27,1,0.3141592653589793,3,5.0,9,0.1,/mnt/ceph-hdd/workspaces/ws/cidbn_wibral_neuro_nonhuman/u19361-allen-hdd/results/zebra/meso/sub-832700_ses-multiplane-ophys-832700-2026-01-24-12-06-12_ophys/dff/VISp_3/trial_1/phase_0/lib_ab4a70858e/lib_ab4a70858e__delay_0.12__dur_0.2.h5
77,0.09,0.2,ab4a70858e,0.18303120136260986,0.8955223880597032,-6.273584905660378,22.515923572829195,28.65,34,30,1,0.3141592653589793,5,8.0,3,0.04,/mnt/ceph-hdd/workspaces/ws/cidbn_wibral_neuro_nonhuman/u19361-allen-hdd/results/zebra/meso/sub-832700_ses-multiplane-ophys-832700-2026-01-24-12-06-12_ophys/dff/VISp_3/trial_1/phase_0/lib_ab4a70858e/lib_ab4a70858e__delay_0.09__dur_0.2.h5
78,0.09,0.0,ab4a70858e,0.1162198930978775,-4.477611940298509,-8.066037735849058,134.9774869247291,28.65,31,31,6,1.8849555921538759,5,8.0,5,0.06,/mnt/ceph-hdd/workspaces/ws/cidbn_wibral_neuro_nonhuman/u19361-allen-hdd/results/zebra/meso/sub-832700_ses-multiplane-ophys-832700-2026-01-24-12-06-12_ophys/dff/VISp_3/trial_1/phase_0/lib_ab4a70858e/lib_ab4a70858e__delay_0.09__dur_0.0.h5
79,0.09,0.0,ab4a70858e,0.16684646904468536,4.477611940298516,-13.443396226415096,45.02251307527088,17.91,36,34,2,0.6283185307179586,3,5.0,3,0.04,/mnt/ceph-hdd/workspaces/ws/cidbn_wibral_neuro_nonhuman/u19361-allen-hdd/results/zebra/meso/sub-832700_ses-multiplane-ophys-832700-2026-01-24-12-06-12_ophys/dff/VISp_3/trial_1/phase_0/lib_ab4a70858e/lib_ab4a70858e__delay_0.09__dur_0.0.h5
8,0.06,0.2,ab4a70858e,0.14101094007492065,13.43283582089552,-13.443396226415096,157.4840764271708,28.65,41,34,7,2.199114857512855,5,8.0,1,0.02,/mnt/ceph-hdd/workspaces/ws/cidbn_wibral_neuro_nonhuman/u19361-allen-hdd/results/zebra/meso/sub-832700_ses-multiplane-ophys-832700-2026-01-24-12-06-12_ophys/dff/VISp_3/trial_1/phase_0/lib_ab4a70858e/lib_ab4a70858e__delay_0.06__dur_0.2.h5
80,0.12,0.0,ab4a70858e,0.1016828790307045,27.761194029850756,40.33018867924528,134.9774869247291,10.74,49,4,6,1.8849555921538759,1,3.0,10,1.1,/mnt/ceph-hdd/workspaces/ws/cidbn_wibral_neuro_nonhuman/u19361-allen-hdd/results/zebra/meso/sub-832700_ses-multiplane-ophys-832700-2026-01-24-12-06-12_ophys/dff/VISp_3/trial_1/phase_0/lib_ab4a70858e/lib_ab4a70858e__delay_0.12__dur_0.0.h5
81,0.09,0.0,ab4a70858e,0.10814020037651062,-15.223880597014926,18.820754716981128,112.48408527317332,14.32,25,16,5,1.5707963267948966,2,4.0,11,1.2,/mnt/ceph-hdd/workspaces/ws/cidbn_wibral_neuro_nonhuman/u19361-allen-hdd/results/zebra/meso/sub-832700_ses-multiplane-ophys-832700-2026-01-24-12-06-12_ophys/dff/VISp_3/trial_1/phase_0/lib_ab4a70858e/lib_ab4a70858e__delay_0.09__dur_0.0.h5
82,0.0,0.2,ab4a70858e,0.10436270385980606,-18.80597014925373,45.70754716981132,90.0,10.74,23,1,4,1.2566370614359172,1,3.0,10,1.1,/mnt/ceph-hdd/workspaces/ws/cidbn_wibral_neuro_nonhuman/u19361-allen-hdd/results/zebra/meso/sub-832700_ses-multiplane-ophys-832700-2026-01-24-12-06-12_ophys/dff/VISp_3/trial_1/phase_0/lib_ab4a70858e/lib_ab4a70858e__delay_0.0__dur_0.2.h5
83,0.0,0.0,ab4a70858e,0.0913449227809906,11.641791044776127,15.235849056603776,180.0,17.91,40,18,8,2.5132741228718345,3,5.0,12,1.3,/mnt/ceph-hdd/workspaces/ws/cidbn_wibral_neuro_nonhuman/u19361-allen-hdd/results/zebra/meso/sub-832700_ses-multiplane-ophys-832700-2026-01-24-12-06-12_ophys/dff/VISp_3/trial_1/phase_0/lib_ab4a70858e/lib_ab4a70858e__delay_0.0__dur_0.0.h5
84,0.09,0.0,ab4a70858e,0.1387123316526413,8.059701492537314,-11.650943396226417,22.515923572829195,14.32,38,33,1,0.3141592653589793,2,4.0,5,0.06,/mnt/ceph-hdd/workspaces/ws/cidbn_wibral_neuro_nonhuman/u19361-allen-hdd/results/zebra/meso/sub-832700_ses-multiplane-ophys-832700-2026-01-24-12-06-12_ophys/dff/VISp_3/trial_1/phase_0/lib_ab4a70858e/lib_ab4a70858e__delay_0.09__dur_0.0.h5
85,0.12,0.2,ab4a70858e,0.10815389454364777,-11.64179104477612,-31.367924528301888,134.9774869247291,17.91,27,44,6,1.8849555921538759,3,5.0,10,1.1,/mnt/ceph-hdd/workspaces/ws/cidbn_wibral_neuro_nonhuman/u19361-allen-hdd/results/zebra/meso/sub-832700_ses-multiplane-ophys-832700-2026-01-24-12-06-12_ophys/dff/VISp_3/trial_1/phase_0/lib_ab4a70858e/lib_ab4a70858e__delay_0.12__dur_0.2.h5
86,0.0,0.0,ab4a70858e,0.09994853287935257,38.507462686567166,47.5,134.9774869247291,28.65,55,0,6,1.8849555921538759,5,8.0,9,0.1,/mnt/ceph-hdd/workspaces/ws/cidbn_wibral_neuro_nonhuman/u19361-allen-hdd/results/zebra/meso/sub-832700_ses-multiplane-ophys-832700-2026-01-24-12-06-12_ophys/dff/VISp_3/trial_1/phase_0/lib_ab4a70858e/lib_ab4a70858e__delay_0.0__dur_0.0.h5
87,0.09,0.2,ab4a70858e,0.11296283453702927,0.8955223880597032,-6.273584905660378,22.515923572829163,10.74,34,30,9,2.827433388230814,1,3.0,7,0.08,/mnt/ceph-hdd/workspaces/ws/cidbn_wibral_neuro_nonhuman/u19361-allen-hdd/results/zebra/meso/sub-832700_ses-multiplane-ophys-832700-2026-01-24-12-06-12_ophys/dff/VISp_3/trial_1/phase_0/lib_ab4a70858e/lib_ab4a70858e__delay_0.09__dur_0.2.h5
88,0.15,0.2,ab4a70858e,0.18121328949928284,4.477611940298516,-13.443396226415096,22.515923572829195,10.74,36,34,1,0.3141592653589793,1,3.0,5,0.06,/mnt/ceph-hdd/workspaces/ws/cidbn_wibral_neuro_nonhuman/u19361-allen-hdd/results/zebra/meso/sub-832700_ses-multiplane-ophys-832700-2026-01-24-12-06-12_ophys/dff/VISp_3/trial_1/phase_0/lib_ab4a70858e/lib_ab4a70858e__delay_0.15__dur_0.2.h5
89,0.03,0.0,ab4a70858e,0.09810955822467804,-13.43283582089552,-11.650943396226417,45.02251307527088,10.74,26,33,2,0.6283185307179586,1,3.0,10,1.1,/mnt/ceph-hdd/workspaces/ws/cidbn_wibral_neuro_nonhuman/u19361-allen-hdd/results/zebra/meso/sub-832700_ses-multiplane-ophys-832700-2026-01-24-12-06-12_ophys/dff/VISp_3/trial_1/phase_0/lib_ab4a70858e/lib_ab4a70858e__delay_0.03__dur_0.0.h5
9,0.0,0.0,ab4a70858e,0.09166675806045532,-54.62686567164179,15.235849056603776,112.48408527317332,10.74,3,18,5,1.5707963267948966,1,3.0,12,1.3,/mnt/ceph-hdd/workspaces/ws/cidbn_wibral_neuro_nonhuman/u19361-allen-hdd/results/zebra/meso/sub-832700_ses-multiplane-ophys-832700-2026-01-24-12-06-12_ophys/dff/VISp_3/trial_1/phase_0/lib_ab4a70858e/lib_ab4a70858e__delay_0.0__dur_0.0.h5
90,0.12,0.0,ab4a70858e,0.09376820176839828,40.29850746268657,43.91509433962264,67.51591472682667,10.74,56,2,3,0.9424777960769379,1,3.0,9,0.1,/mnt/ceph-hdd/workspaces/ws/cidbn_wibral_neuro_nonhuman/u19361-allen-hdd/results/zebra/meso/sub-832700_ses-multiplane-ophys-832700-2026-01-24-12-06-12_ophys/dff/VISp_3/trial_1/phase_0/lib_ab4a70858e/lib_ab4a70858e__delay_0.12__dur_0.0.h5
91,0.0,0.0,ab4a70858e,0.12827377021312714,-20.59701492537313,-15.235849056603776,157.4840764271708,14.32,22,35,7,2.199114857512855,2,4.0,12,1.3,/mnt/ceph-hdd/workspaces/ws/cidbn_wibral_neuro_nonhuman/u19361-allen-hdd/results/zebra/meso/sub-832700_ses-multiplane-ophys-832700-2026-01-24-12-06-12_ophys/dff/VISp_3/trial_1/phase_0/lib_ab4a70858e/lib_ab4a70858e__delay_0.0__dur_0.0.h5
92,0.09,0.2,ab4a70858e,0.10088442265987396,43.88059701492537,-36.74528301886792,22.515923572829163,7.16,58,47,9,2.827433388230814,0,2.0,10,1.1,/mnt/ceph-hdd/workspaces/ws/cidbn_wibral_neuro_nonhuman/u19361-allen-hdd/results/zebra/meso/sub-832700_ses-multiplane-ophys-832700-2026-01-24-12-06-12_ophys/dff/VISp_3/trial_1/phase_0/lib_ab4a70858e/lib_ab4a70858e__delay_0.09__dur_0.2.h5
93,0.12,0.2,ab4a70858e,0.11945071071386337,0.8955223880597032,-6.273584905660378,22.515923572829195,14.32,34,30,1,0.3141592653589793,2,4.0,4,0.05,/mnt/ceph-hdd/workspaces/ws/cidbn_wibral_neuro_nonhuman/u19361-allen-hdd/results/zebra/meso/sub-832700_ses-multiplane-ophys-832700-2026-01-24-12-06-12_ophys/dff/VISp_3/trial_1/phase_0/lib_ab4a70858e/lib_ab4a70858e__delay_0.12__dur_0.2.h5
94,0.09,0.0,ab4a70858e,0.14181162416934967,17.014925373134332,-8.066037735849058,22.515923572829195,10.74,43,31,1,0.3141592653589793,1,3.0,4,0.05,/mnt/ceph-hdd/workspaces/ws/cidbn_wibral_neuro_nonhuman/u19361-allen-hdd/results/zebra/meso/sub-832700_ses-multiplane-ophys-832700-2026-01-24-12-06-12_ophys/dff/VISp_3/trial_1/phase_0/lib_ab4a70858e/lib_ab4a70858e__delay_0.09__dur_0.0.h5
95,0.12,0.0,ab4a70858e,0.09076666086912155,2.6865671641791096,33.160377358490564,134.9774869247291,7.16,35,8,6,1.8849555921538759,0,2.0,11,1.2,/mnt/ceph-hdd/workspaces/ws/cidbn_wibral_neuro_nonhuman/u19361-allen-hdd/results/zebra/meso/sub-832700_ses-multiplane-ophys-832700-2026-01-24-12-06-12_ophys/dff/VISp_3/trial_1/phase_0/lib_ab4a70858e/lib_ab4a70858e__delay_0.12__dur_0.0.h5
96,0.12,0.2,ab4a70858e,0.10468581318855286,-13.43283582089552,-2.6886792452830193,22.515923572829163,17.91,26,28,9,2.827433388230814,3,5.0,10,1.1,/mnt/ceph-hdd/workspaces/ws/cidbn_wibral_neuro_nonhuman/u19361-allen-hdd/results/zebra/meso/sub-832700_ses-multiplane-ophys-832700-2026-01-24-12-06-12_ophys/dff/VISp_3/trial_1/phase_0/lib_ab4a70858e/lib_ab4a70858e__delay_0.12__dur_0.2.h5
97,0.09,0.0,ab4a70858e,0.11515328288078308,2.6865671641791096,-6.273584905660378,45.02251307527088,10.74,35,30,2,0.6283185307179586,1,3.0,4,0.05,/mnt/ceph-hdd/workspaces/ws/cidbn_wibral_neuro_nonhuman/u19361-allen-hdd/results/zebra/meso/sub-832700_ses-multiplane-ophys-832700-2026-01-24-12-06-12_ophys/dff/VISp_3/trial_1/phase_0/lib_ab4a70858e/lib_ab4a70858e__delay_0.09__dur_0.0.h5
98,0.0,0.2,ab4a70858e,0.10148604959249496,20.59701492537313,-4.481132075471699,22.515923572829163,7.16,45,29,9,2.827433388230814,0,2.0,10,1.1,/mnt/ceph-hdd/workspaces/ws/cidbn_wibral_neuro_nonhuman/u19361-allen-hdd/results/zebra/meso/sub-832700_ses-multiplane-ophys-832700-2026-01-24-12-06-12_ophys/dff/VISp_3/trial_1/phase_0/lib_ab4a70858e/lib_ab4a70858e__delay_0.0__dur_0.2.h5
99,0.09,0.2,ab4a70858e,0.1567046046257019,4.477611940298516,-8.066037735849058,0.0,7.16,36,31,0,0.0,0,2.0,11,1.2,/mnt/ceph-hdd/workspaces/ws/cidbn_wibral_neuro_nonhuman/u19361-allen-hdd/results/zebra/meso/sub-832700_ses-multiplane-ophys-832700-2026-01-24-12-06-12_ophys/dff/VISp_3/trial_1/phase_0/lib_ab4a70858e/lib_ab4a70858e__delay_0.09__dur_0.2.h5
