unit_id,delay,duration,lib_id,abs_max_value,x_deg,y_deg,theta_deg,sigma_deg,xi,yi,theta_idx,theta_rad,sigma_idx,sigma,frequency_idx,frequency,source_file
001c65dd-c283-4a87-8e65-1d1c8135bddd,-0.125,-0.23,ab4a70858e,0.0839768648147583,56.4179104477612,0.8962264150943398,180.0,21.49,65,26,8,2.5132741228718345,4,6.0,2,0.03,/user/raabe14/u19361/workspace-allen/results/zebra/sub-830794_ses-ecephys-830794-2026-01-26-12-02-05_ecephys/ProbeB/trial_0/phase_1/lib_ab4a70858e/lib_ab4a70858e__delay_-0.125__dur_-0.23.h5
005c581e-642a-4b7e-a78b-a95a26125e10,0.02,0.23,ab4a70858e,0.10114604979753494,-18.80597014925373,-4.481132075471699,157.4840764271708,17.91,23,29,7,2.199114857512855,3,5.0,12,1.3,/user/raabe14/u19361/workspace-allen/results/zebra/sub-830794_ses-ecephys-830794-2026-01-26-12-02-05_ecephys/ProbeB/trial_0/phase_1/lib_ab4a70858e/lib_ab4a70858e__delay_0.02__dur_0.23.h5
009f465c-8e45-4887-9f90-246e9dc30b5e,0.30000000000000004,0.23,ab4a70858e,0.07955548167228699,-17.014925373134325,4.481132075471699,180.0,14.32,24,24,8,2.5132741228718345,2,4.0,9,0.1,/user/raabe14/u19361/workspace-allen/results/zebra/sub-830794_ses-ecephys-830794-2026-01-26-12-02-05_ecephys/ProbeB/trial_0/phase_1/lib_ab4a70858e/lib_ab4a70858e__delay_0.30000000000000004__dur_0.23.h5
01623ba6-2ee6-44d2-b851-363843232a91,0.04,0.23,ab4a70858e,0.09147282689809799,0.8955223880597032,-4.481132075471699,90.0,7.16,34,29,4,1.2566370614359172,0,2.0,9,0.1,/user/raabe14/u19361/workspace-allen/results/zebra/sub-830794_ses-ecephys-830794-2026-01-26-12-02-05_ecephys/ProbeB/trial_0/phase_1/lib_ab4a70858e/lib_ab4a70858e__delay_0.04__dur_0.23.h5
0189aefd-8d32-4326-860b-83950f40418d,0.1,0.18000000000000002,ab4a70858e,0.12171076238155365,-6.268656716417908,-18.82075471698113,0.0,10.74,30,37,0,0.0,1,3.0,11,1.2,/user/raabe14/u19361/workspace-allen/results/zebra/sub-830794_ses-ecephys-830794-2026-01-26-12-02-05_ecephys/ProbeB/trial_0/phase_1/lib_ab4a70858e/lib_ab4a70858e__delay_0.1__dur_0.18000000000000002.h5
019825a2-f58d-48cf-be59-8eb009c03425,0.07,0.13,ab4a70858e,0.14435730874538422,58.20895522388061,-15.235849056603776,90.0,7.16,66,35,4,1.2566370614359172,0,2.0,0,0.01,/user/raabe14/u19361/workspace-allen/results/zebra/sub-830794_ses-ecephys-830794-2026-01-26-12-02-05_ecephys/ProbeB/trial_0/phase_1/lib_ab4a70858e/lib_ab4a70858e__delay_0.07__dur_0.13.h5
020e5477-0f58-4a5a-b57f-5538732b3ce0,0.30000000000000004,0.18000000000000002,ab4a70858e,0.07730524986982346,-25.970149253731343,-43.91509433962264,22.515923572829195,7.16,19,51,1,0.3141592653589793,0,2.0,9,0.1,/user/raabe14/u19361/workspace-allen/results/zebra/sub-830794_ses-ecephys-830794-2026-01-26-12-02-05_ecephys/ProbeB/trial_0/phase_1/lib_ab4a70858e/lib_ab4a70858e__delay_0.30000000000000004__dur_0.18000000000000002.h5
0216897b-8c8c-42ff-a358-97f43e724ab6,-0.03,-0.18000000000000002,ab4a70858e,0.09600571542978287,24.179104477611943,-40.33018867924528,67.51591472682667,7.16,47,49,3,0.9424777960769379,0,2.0,9,0.1,/user/raabe14/u19361/workspace-allen/results/zebra/sub-830794_ses-ecephys-830794-2026-01-26-12-02-05_ecephys/ProbeB/trial_0/phase_1/lib_ab4a70858e/lib_ab4a70858e__delay_-0.03__dur_-0.18000000000000002.h5
0217a365-0cb7-45f4-be02-53f2c2ec5191,0.25,0.23,ab4a70858e,0.0773841068148613,2.6865671641791096,18.820754716981128,45.02251307527088,21.49,35,16,2,0.6283185307179586,4,6.0,6,0.07,/user/raabe14/u19361/workspace-allen/results/zebra/sub-830794_ses-ecephys-830794-2026-01-26-12-02-05_ecephys/ProbeB/trial_0/phase_1/lib_ab4a70858e/lib_ab4a70858e__delay_0.25__dur_0.23.h5
036ad380-fe54-4ba7-beb6-a18fd6b7ccff,0.25,0.23,ab4a70858e,0.08042081445455551,-20.59701492537313,0.8962264150943398,180.0,7.16,22,26,8,2.5132741228718345,0,2.0,9,0.1,/user/raabe14/u19361/workspace-allen/results/zebra/sub-830794_ses-ecephys-830794-2026-01-26-12-02-05_ecephys/ProbeB/trial_0/phase_1/lib_ab4a70858e/lib_ab4a70858e__delay_0.25__dur_0.23.h5
037b33eb-2842-42f4-a6f1-d9a5fc41944b,0.04,0.23,ab4a70858e,0.0790611132979393,-56.417910447761194,43.91509433962264,67.51591472682667,21.49,2,2,3,0.9424777960769379,4,6.0,9,0.1,/user/raabe14/u19361/workspace-allen/results/zebra/sub-830794_ses-ecephys-830794-2026-01-26-12-02-05_ecephys/ProbeB/trial_0/phase_1/lib_ab4a70858e/lib_ab4a70858e__delay_0.04__dur_0.23.h5
03ca83a8-3ff8-45ff-aa3d-1dcaefcb2ce5,0.2,0.23,ab4a70858e,0.0887347161769867,-2.6865671641791025,2.6886792452830193,22.515923572829195,28.65,32,25,1,0.3141592653589793,5,8.0,9,0.1,/user/raabe14/u19361/workspace-allen/results/zebra/sub-830794_ses-ecephys-830794-2026-01-26-12-02-05_ecephys/ProbeB/trial_0/phase_1/lib_ab4a70858e/lib_ab4a70858e__delay_0.2__dur_0.23.h5
042ac84c-68ae-43de-9968-defeaeaa1ca1,0.30000000000000004,0.23,ab4a70858e,0.2592698037624359,-13.43283582089552,45.70754716981132,45.02251307527088,14.32,26,1,2,0.6283185307179586,2,4.0,12,1.3,/user/raabe14/u19361/workspace-allen/results/zebra/sub-830794_ses-ecephys-830794-2026-01-26-12-02-05_ecephys/ProbeB/trial_0/phase_1/lib_ab4a70858e/lib_ab4a70858e__delay_0.30000000000000004__dur_0.23.h5
046108be-c0a3-430b-a767-41c2b5dea28a,-0.02,-0.13,ab4a70858e,0.09424587339162827,8.059701492537314,-45.70754716981132,112.48408527317332,28.65,38,52,5,1.5707963267948966,5,8.0,11,1.2,/user/raabe14/u19361/workspace-allen/results/zebra/sub-830794_ses-ecephys-830794-2026-01-26-12-02-05_ecephys/ProbeB/trial_0/phase_1/lib_ab4a70858e/lib_ab4a70858e__delay_-0.02__dur_-0.13.h5
04aaaf0b-97f9-4452-839e-f825d1b16a77,0.05,0.23,ab4a70858e,0.08604267239570618,-27.761194029850742,-38.5377358490566,0.0,14.32,18,48,0,0.0,2,4.0,3,0.04,/user/raabe14/u19361/workspace-allen/results/zebra/sub-830794_ses-ecephys-830794-2026-01-26-12-02-05_ecephys/ProbeB/trial_0/phase_1/lib_ab4a70858e/lib_ab4a70858e__delay_0.05__dur_0.23.h5
04e38263-2554-452e-b0bf-797b33bdd1d5,-0.1,-0.18000000000000002,ab4a70858e,0.0765133649110794,-47.46268656716418,-18.82075471698113,22.515923572829195,28.65,7,37,1,0.3141592653589793,5,8.0,5,0.06,/user/raabe14/u19361/workspace-allen/results/zebra/sub-830794_ses-ecephys-830794-2026-01-26-12-02-05_ecephys/ProbeB/trial_0/phase_1/lib_ab4a70858e/lib_ab4a70858e__delay_-0.1__dur_-0.18000000000000002.h5
055fdd6f-3bff-40dc-82ea-9c12563807a8,-0.02,-0.23,ab4a70858e,0.08450979739427567,-20.59701492537313,11.650943396226417,0.0,17.91,22,20,0,0.0,3,5.0,11,1.2,/user/raabe14/u19361/workspace-allen/results/zebra/sub-830794_ses-ecephys-830794-2026-01-26-12-02-05_ecephys/ProbeB/trial_0/phase_1/lib_ab4a70858e/lib_ab4a70858e__delay_-0.02__dur_-0.23.h5
065947a6-1170-4c46-ad6f-ef4175416fa9,-0.15,-0.23,ab4a70858e,0.10260055214166641,-31.34328358208955,0.8962264150943398,180.0,7.16,16,26,8,2.5132741228718345,0,2.0,12,1.3,/user/raabe14/u19361/workspace-allen/results/zebra/sub-830794_ses-ecephys-830794-2026-01-26-12-02-05_ecephys/ProbeB/trial_0/phase_1/lib_ab4a70858e/lib_ab4a70858e__delay_-0.15__dur_-0.23.h5
06da494f-49af-4879-90d3-f66906d4a447,0.15000000000000002,0.23,ab4a70858e,0.08172895759344101,-40.298507462686565,15.235849056603776,134.9774869247291,21.49,11,18,6,1.8849555921538759,4,6.0,9,0.1,/user/raabe14/u19361/workspace-allen/results/zebra/sub-830794_ses-ecephys-830794-2026-01-26-12-02-05_ecephys/ProbeB/trial_0/phase_1/lib_ab4a70858e/lib_ab4a70858e__delay_0.15000000000000002__dur_0.23.h5
0737b4ce-5be7-4670-8bfe-29ce7182aebc,0.2,0.18000000000000002,ab4a70858e,0.08513221889734268,18.80597014925374,2.6886792452830193,112.48408527317332,7.16,44,25,5,1.5707963267948966,0,2.0,11,1.2,/user/raabe14/u19361/workspace-allen/results/zebra/sub-830794_ses-ecephys-830794-2026-01-26-12-02-05_ecephys/ProbeB/trial_0/phase_1/lib_ab4a70858e/lib_ab4a70858e__delay_0.2__dur_0.18000000000000002.h5
07581f34-fa52-45a2-9015-a10f1f1b8e20,-0.01,-0.18000000000000002,ab4a70858e,0.07366243749856949,31.343283582089555,13.443396226415096,112.48408527317332,7.16,51,19,5,1.5707963267948966,0,2.0,11,1.2,/user/raabe14/u19361/workspace-allen/results/zebra/sub-830794_ses-ecephys-830794-2026-01-26-12-02-05_ecephys/ProbeB/trial_0/phase_1/lib_ab4a70858e/lib_ab4a70858e__delay_-0.01__dur_-0.18000000000000002.h5
07dea34a-38e7-4c29-8390-a1e24bf53657,0.01,0.18000000000000002,ab4a70858e,0.17330794036388397,27.761194029850756,22.405660377358487,157.4840764271708,17.91,49,14,7,2.199114857512855,3,5.0,12,1.3,/user/raabe14/u19361/workspace-allen/results/zebra/sub-830794_ses-ecephys-830794-2026-01-26-12-02-05_ecephys/ProbeB/trial_0/phase_1/lib_ab4a70858e/lib_ab4a70858e__delay_0.01__dur_0.18000000000000002.h5
07e2efbe-0ebf-4beb-947e-61f30c3a653e,0.07,0.18000000000000002,ab4a70858e,0.11407284438610077,-42.089552238805965,4.481132075471699,157.4840764271708,14.32,10,24,7,2.199114857512855,2,4.0,12,1.3,/user/raabe14/u19361/workspace-allen/results/zebra/sub-830794_ses-ecephys-830794-2026-01-26-12-02-05_ecephys/ProbeB/trial_0/phase_1/lib_ab4a70858e/lib_ab4a70858e__delay_0.07__dur_0.18000000000000002.h5
09803941-f7a0-4fac-be7f-8a7ef2be1888,-0.01,-0.03,ab4a70858e,0.0,-60.0,47.5,0.0,7.16,0,0,0,0.0,0,2.0,0,0.01,/user/raabe14/u19361/workspace-allen/results/zebra/sub-830794_ses-ecephys-830794-2026-01-26-12-02-05_ecephys/ProbeB/trial_0/phase_1/lib_ab4a70858e/lib_ab4a70858e__delay_-0.01__dur_-0.03.h5
09a23628-4561-43f8-beb9-27dee9d76b9e,0.07,0.23,ab4a70858e,0.08948300033807755,-15.223880597014926,4.481132075471699,0.0,17.91,25,24,0,0.0,3,5.0,11,1.2,/user/raabe14/u19361/workspace-allen/results/zebra/sub-830794_ses-ecephys-830794-2026-01-26-12-02-05_ecephys/ProbeB/trial_0/phase_1/lib_ab4a70858e/lib_ab4a70858e__delay_0.07__dur_0.23.h5
09dd230d-c724-4052-a3c2-cd6c8c2d2448,0.0,0.23,ab4a70858e,0.08284582942724228,-20.59701492537313,-27.78301886792453,112.48408527317332,7.16,22,42,5,1.5707963267948966,0,2.0,9,0.1,/user/raabe14/u19361/workspace-allen/results/zebra/sub-830794_ses-ecephys-830794-2026-01-26-12-02-05_ecephys/ProbeB/trial_0/phase_1/lib_ab4a70858e/lib_ab4a70858e__delay_0.0__dur_0.23.h5
0a1c998d-e237-475d-97f4-d7f6f3d3bee4,-0.02,-0.13,ab4a70858e,0.10836084187030792,-2.6865671641791025,11.650943396226417,112.48408527317332,17.91,32,20,5,1.5707963267948966,3,5.0,11,1.2,/user/raabe14/u19361/workspace-allen/results/zebra/sub-830794_ses-ecephys-830794-2026-01-26-12-02-05_ecephys/ProbeB/trial_0/phase_1/lib_ab4a70858e/lib_ab4a70858e__delay_-0.02__dur_-0.13.h5
0bb8bdc8-1d28-4a2c-a87d-bdd8c26bcbfb,0.30000000000000004,0.23,ab4a70858e,0.09002072364091873,-20.59701492537313,-6.273584905660378,157.4840764271708,10.74,22,30,7,2.199114857512855,1,3.0,12,1.3,/user/raabe14/u19361/workspace-allen/results/zebra/sub-830794_ses-ecephys-830794-2026-01-26-12-02-05_ecephys/ProbeB/trial_0/phase_1/lib_ab4a70858e/lib_ab4a70858e__delay_0.30000000000000004__dur_0.23.h5
0bd22809-d17b-4e3c-b57a-b361106a2418,0.07,0.23,ab4a70858e,0.07905475050210953,36.71641791044776,13.443396226415096,134.9774869247291,28.65,54,19,6,1.8849555921538759,5,8.0,4,0.05,/user/raabe14/u19361/workspace-allen/results/zebra/sub-830794_ses-ecephys-830794-2026-01-26-12-02-05_ecephys/ProbeB/trial_0/phase_1/lib_ab4a70858e/lib_ab4a70858e__delay_0.07__dur_0.23.h5
0bdf72e4-bb2d-418e-82a8-08ac2beaecff,0.06,0.08,ab4a70858e,0.08984953165054321,-25.970149253731343,42.12264150943396,180.0,17.91,19,3,8,2.5132741228718345,3,5.0,12,1.3,/user/raabe14/u19361/workspace-allen/results/zebra/sub-830794_ses-ecephys-830794-2026-01-26-12-02-05_ecephys/ProbeB/trial_0/phase_1/lib_ab4a70858e/lib_ab4a70858e__delay_0.06__dur_0.08.h5
0bec20ee-69d4-4f89-9096-4b545d1e95d9,0.03,0.08,ab4a70858e,0.11013831943273544,-51.04477611940298,-22.40566037735849,67.51591472682667,7.16,5,39,3,0.9424777960769379,0,2.0,6,0.07,/user/raabe14/u19361/workspace-allen/results/zebra/sub-830794_ses-ecephys-830794-2026-01-26-12-02-05_ecephys/ProbeB/trial_0/phase_1/lib_ab4a70858e/lib_ab4a70858e__delay_0.03__dur_0.08.h5
0c1a112a-c0d0-426d-ac1b-8c8d7b715c75,0.30000000000000004,0.08,ab4a70858e,0.07619520276784897,-56.417910447761194,24.198113207547166,112.48408527317332,7.16,2,13,5,1.5707963267948966,0,2.0,11,1.2,/user/raabe14/u19361/workspace-allen/results/zebra/sub-830794_ses-ecephys-830794-2026-01-26-12-02-05_ecephys/ProbeB/trial_0/phase_1/lib_ab4a70858e/lib_ab4a70858e__delay_0.30000000000000004__dur_0.08.h5
0da00851-d616-410b-b3b3-ebca80ed94fb,0.04,0.23,ab4a70858e,0.11715365946292877,-25.970149253731343,0.8962264150943398,67.51591472682667,7.16,19,26,3,0.9424777960769379,0,2.0,12,1.3,/user/raabe14/u19361/workspace-allen/results/zebra/sub-830794_ses-ecephys-830794-2026-01-26-12-02-05_ecephys/ProbeB/trial_0/phase_1/lib_ab4a70858e/lib_ab4a70858e__delay_0.04__dur_0.23.h5
0e95245f-d66d-47f7-961d-b0b3d5813d71,0.1,0.13,ab4a70858e,0.08158136904239655,9.85074626865672,-2.6886792452830193,134.9774869247291,7.16,39,28,6,1.8849555921538759,0,2.0,0,0.01,/user/raabe14/u19361/workspace-allen/results/zebra/sub-830794_ses-ecephys-830794-2026-01-26-12-02-05_ecephys/ProbeB/trial_0/phase_1/lib_ab4a70858e/lib_ab4a70858e__delay_0.1__dur_0.13.h5
0ec99f23-08a5-4aad-8c5f-c79265aae48a,0.04,0.13,ab4a70858e,0.08163649588823318,-51.04477611940298,0.8962264150943398,157.4840764271708,10.74,5,26,7,2.199114857512855,1,3.0,9,0.1,/user/raabe14/u19361/workspace-allen/results/zebra/sub-830794_ses-ecephys-830794-2026-01-26-12-02-05_ecephys/ProbeB/trial_0/phase_1/lib_ab4a70858e/lib_ab4a70858e__delay_0.04__dur_0.13.h5
0f7b022d-6ea7-44ec-822c-5252ed1189be,0.01,0.18000000000000002,ab4a70858e,0.07654015719890594,-40.298507462686565,15.235849056603776,134.9774869247291,7.16,11,18,6,1.8849555921538759,0,2.0,9,0.1,/user/raabe14/u19361/workspace-allen/results/zebra/sub-830794_ses-ecephys-830794-2026-01-26-12-02-05_ecephys/ProbeB/trial_0/phase_1/lib_ab4a70858e/lib_ab4a70858e__delay_0.01__dur_0.18000000000000002.h5
1192f6bf-64b5-4037-bf65-49712196488c,0.05,0.18000000000000002,ab4a70858e,0.14253541827201843,-8.059701492537314,-34.95283018867924,45.02251307527088,17.91,29,46,2,0.6283185307179586,3,5.0,12,1.3,/user/raabe14/u19361/workspace-allen/results/zebra/sub-830794_ses-ecephys-830794-2026-01-26-12-02-05_ecephys/ProbeB/trial_0/phase_1/lib_ab4a70858e/lib_ab4a70858e__delay_0.05__dur_0.18000000000000002.h5
127c84b1-0a37-414e-aafb-ec18bdc46dfc,-0.01,-0.23,ab4a70858e,0.09321334213018417,-4.477611940298509,-24.19811320754717,45.02251307527088,21.49,31,40,2,0.6283185307179586,4,6.0,12,1.3,/user/raabe14/u19361/workspace-allen/results/zebra/sub-830794_ses-ecephys-830794-2026-01-26-12-02-05_ecephys/ProbeB/trial_0/phase_1/lib_ab4a70858e/lib_ab4a70858e__delay_-0.01__dur_-0.23.h5
139e079b-74a5-4371-acbd-4d0f560c2ff5,0.30000000000000004,0.23,ab4a70858e,0.07992681115865707,52.83582089552239,0.8962264150943398,0.0,7.16,63,26,0,0.0,0,2.0,11,1.2,/user/raabe14/u19361/workspace-allen/results/zebra/sub-830794_ses-ecephys-830794-2026-01-26-12-02-05_ecephys/ProbeB/trial_0/phase_1/lib_ab4a70858e/lib_ab4a70858e__delay_0.30000000000000004__dur_0.23.h5
14148ef9-9184-4773-99e8-cba063864b02,0.15000000000000002,0.18000000000000002,ab4a70858e,0.08506011962890625,20.59701492537313,-9.858490566037737,134.9774869247291,21.49,45,32,6,1.8849555921538759,4,6.0,1,0.02,/user/raabe14/u19361/workspace-allen/results/zebra/sub-830794_ses-ecephys-830794-2026-01-26-12-02-05_ecephys/ProbeB/trial_0/phase_1/lib_ab4a70858e/lib_ab4a70858e__delay_0.15000000000000002__dur_0.18000000000000002.h5
1418540c-7868-4b5a-8841-96cae8587ea2,0.0,0.23,ab4a70858e,0.0794411450624466,-40.298507462686565,17.02830188679245,134.9774869247291,7.16,11,17,6,1.8849555921538759,0,2.0,0,0.01,/user/raabe14/u19361/workspace-allen/results/zebra/sub-830794_ses-ecephys-830794-2026-01-26-12-02-05_ecephys/ProbeB/trial_0/phase_1/lib_ab4a70858e/lib_ab4a70858e__delay_0.0__dur_0.23.h5
14226674-34b7-4633-877d-48b69dde1ef3,0.09,0.18000000000000002,ab4a70858e,0.09449916332960129,-6.268656716417908,40.33018867924528,22.515923572829195,28.65,30,4,1,0.3141592653589793,5,8.0,6,0.07,/user/raabe14/u19361/workspace-allen/results/zebra/sub-830794_ses-ecephys-830794-2026-01-26-12-02-05_ecephys/ProbeB/trial_0/phase_1/lib_ab4a70858e/lib_ab4a70858e__delay_0.09__dur_0.18000000000000002.h5
151180e3-6d2e-422e-a6c2-462898d6296d,0.30000000000000004,0.23,ab4a70858e,0.07877971976995468,-20.59701492537313,38.5377358490566,22.515923572829195,7.16,22,5,1,0.3141592653589793,0,2.0,0,0.01,/user/raabe14/u19361/workspace-allen/results/zebra/sub-830794_ses-ecephys-830794-2026-01-26-12-02-05_ecephys/ProbeB/trial_0/phase_1/lib_ab4a70858e/lib_ab4a70858e__delay_0.30000000000000004__dur_0.23.h5
1584bc42-ea39-4fc8-bf8e-ca6ca96cc226,-0.01,-0.03,ab4a70858e,0.0,-60.0,47.5,0.0,7.16,0,0,0,0.0,0,2.0,0,0.01,/user/raabe14/u19361/workspace-allen/results/zebra/sub-830794_ses-ecephys-830794-2026-01-26-12-02-05_ecephys/ProbeB/trial_0/phase_1/lib_ab4a70858e/lib_ab4a70858e__delay_-0.01__dur_-0.03.h5
15c47442-6927-4a14-bfb5-7655ec280070,0.0,0.18000000000000002,ab4a70858e,0.21366341412067413,29.55223880597015,22.405660377358487,157.4840764271708,21.49,50,14,7,2.199114857512855,4,6.0,12,1.3,/user/raabe14/u19361/workspace-allen/results/zebra/sub-830794_ses-ecephys-830794-2026-01-26-12-02-05_ecephys/ProbeB/trial_0/phase_1/lib_ab4a70858e/lib_ab4a70858e__delay_0.0__dur_0.18000000000000002.h5
16053d74-cfa8-40c1-8103-550394fa0012,-0.125,-0.23,ab4a70858e,0.11344139277935028,51.04477611940298,8.066037735849058,45.02251307527088,10.74,62,22,2,0.6283185307179586,1,3.0,12,1.3,/user/raabe14/u19361/workspace-allen/results/zebra/sub-830794_ses-ecephys-830794-2026-01-26-12-02-05_ecephys/ProbeB/trial_0/phase_1/lib_ab4a70858e/lib_ab4a70858e__delay_-0.125__dur_-0.23.h5
1614fa2f-24a9-406d-9a3b-bd26eafdba17,0.1,0.08,ab4a70858e,0.09900153428316116,-4.477611940298509,27.783018867924525,180.0,21.49,31,11,8,2.5132741228718345,4,6.0,9,0.1,/user/raabe14/u19361/workspace-allen/results/zebra/sub-830794_ses-ecephys-830794-2026-01-26-12-02-05_ecephys/ProbeB/trial_0/phase_1/lib_ab4a70858e/lib_ab4a70858e__delay_0.1__dur_0.08.h5
16506149-b68a-4441-8607-c0536b0b011c,-0.01,-0.03,ab4a70858e,0.0,-60.0,47.5,0.0,7.16,0,0,0,0.0,0,2.0,0,0.01,/user/raabe14/u19361/workspace-allen/results/zebra/sub-830794_ses-ecephys-830794-2026-01-26-12-02-05_ecephys/ProbeB/trial_0/phase_1/lib_ab4a70858e/lib_ab4a70858e__delay_-0.01__dur_-0.03.h5
16c12b06-4afd-4b0f-9168-3792b8ce4918,-0.15,-0.23,ab4a70858e,0.08410732448101044,0.8955223880597032,25.990566037735846,180.0,7.16,34,12,8,2.5132741228718345,0,2.0,9,0.1,/user/raabe14/u19361/workspace-allen/results/zebra/sub-830794_ses-ecephys-830794-2026-01-26-12-02-05_ecephys/ProbeB/trial_0/phase_1/lib_ab4a70858e/lib_ab4a70858e__delay_-0.15__dur_-0.23.h5
176a2f62-6ba1-4db2-80a5-e8376c038eb1,0.30000000000000004,0.23,ab4a70858e,0.1432565599679947,9.85074626865672,0.8962264150943398,67.51591472682667,14.32,39,26,3,0.9424777960769379,2,4.0,12,1.3,/user/raabe14/u19361/workspace-allen/results/zebra/sub-830794_ses-ecephys-830794-2026-01-26-12-02-05_ecephys/ProbeB/trial_0/phase_1/lib_ab4a70858e/lib_ab4a70858e__delay_0.30000000000000004__dur_0.23.h5
177db9b8-7e6e-4aec-bc42-e36055602a8d,0.2,0.18000000000000002,ab4a70858e,0.09228429943323135,-8.059701492537314,-2.6886792452830193,22.515923572829195,28.65,29,28,1,0.3141592653589793,5,8.0,5,0.06,/user/raabe14/u19361/workspace-allen/results/zebra/sub-830794_ses-ecephys-830794-2026-01-26-12-02-05_ecephys/ProbeB/trial_0/phase_1/lib_ab4a70858e/lib_ab4a70858e__delay_0.2__dur_0.18000000000000002.h5
1797f53c-fc72-4ed1-9fd8-b7805c77fc52,0.1,0.23,ab4a70858e,0.07947419583797455,54.626865671641795,0.8962264150943398,90.0,7.16,64,26,4,1.2566370614359172,0,2.0,8,0.09,/user/raabe14/u19361/workspace-allen/results/zebra/sub-830794_ses-ecephys-830794-2026-01-26-12-02-05_ecephys/ProbeB/trial_0/phase_1/lib_ab4a70858e/lib_ab4a70858e__delay_0.1__dur_0.23.h5
17ddeec5-6ff7-41cb-8512-22f3210e928c,-0.01,-0.18000000000000002,ab4a70858e,0.1716066151857376,-8.059701492537314,36.74528301886792,0.0,14.32,29,6,0,0.0,2,4.0,11,1.2,/user/raabe14/u19361/workspace-allen/results/zebra/sub-830794_ses-ecephys-830794-2026-01-26-12-02-05_ecephys/ProbeB/trial_0/phase_1/lib_ab4a70858e/lib_ab4a70858e__delay_-0.01__dur_-0.18000000000000002.h5
17df3e1c-d221-4ccb-994b-05217138c287,0.05,0.13,ab4a70858e,0.07903476059436798,-42.089552238805965,-15.235849056603776,112.48408527317332,21.49,10,35,5,1.5707963267948966,4,6.0,0,0.01,/user/raabe14/u19361/workspace-allen/results/zebra/sub-830794_ses-ecephys-830794-2026-01-26-12-02-05_ecephys/ProbeB/trial_0/phase_1/lib_ab4a70858e/lib_ab4a70858e__delay_0.05__dur_0.13.h5
17f53775-635a-471b-8896-b25f60669b0a,0.06,0.23,ab4a70858e,0.14691565930843353,-25.970149253731343,-0.8962264150943398,67.51591472682667,17.91,19,27,3,0.9424777960769379,3,5.0,12,1.3,/user/raabe14/u19361/workspace-allen/results/zebra/sub-830794_ses-ecephys-830794-2026-01-26-12-02-05_ecephys/ProbeB/trial_0/phase_1/lib_ab4a70858e/lib_ab4a70858e__delay_0.06__dur_0.23.h5
17f75c26-29f7-4328-97b1-7bac9cda88c4,0.0,0.08,ab4a70858e,0.2518617808818817,-54.62686567164179,2.6886792452830193,157.4840764271708,14.32,3,25,7,2.199114857512855,2,4.0,9,0.1,/user/raabe14/u19361/workspace-allen/results/zebra/sub-830794_ses-ecephys-830794-2026-01-26-12-02-05_ecephys/ProbeB/trial_0/phase_1/lib_ab4a70858e/lib_ab4a70858e__delay_0.0__dur_0.08.h5
1a3097e5-8cbf-4ee0-b3b3-675561ae69dd,0.01,0.13,ab4a70858e,0.0770568922162056,-6.268656716417908,-36.74528301886792,22.515923572829163,7.16,30,47,9,2.827433388230814,0,2.0,9,0.1,/user/raabe14/u19361/workspace-allen/results/zebra/sub-830794_ses-ecephys-830794-2026-01-26-12-02-05_ecephys/ProbeB/trial_0/phase_1/lib_ab4a70858e/lib_ab4a70858e__delay_0.01__dur_0.13.h5
1a373ba9-4dcf-4a9a-8a1d-d28f73fc764c,0.30000000000000004,0.23,ab4a70858e,0.08129070699214935,47.462686567164184,0.8962264150943398,180.0,7.16,60,26,8,2.5132741228718345,0,2.0,0,0.01,/user/raabe14/u19361/workspace-allen/results/zebra/sub-830794_ses-ecephys-830794-2026-01-26-12-02-05_ecephys/ProbeB/trial_0/phase_1/lib_ab4a70858e/lib_ab4a70858e__delay_0.30000000000000004__dur_0.23.h5
1afbe8b1-c07a-4548-a59c-36abdb831999,0.0,0.08,ab4a70858e,0.08859141170978546,58.20895522388061,-11.650943396226417,45.02251307527088,10.74,66,33,2,0.6283185307179586,1,3.0,8,0.09,/user/raabe14/u19361/workspace-allen/results/zebra/sub-830794_ses-ecephys-830794-2026-01-26-12-02-05_ecephys/ProbeB/trial_0/phase_1/lib_ab4a70858e/lib_ab4a70858e__delay_0.0__dur_0.08.h5
1b047b7a-693b-41a4-be30-94096e349d12,-0.01,-0.03,ab4a70858e,0.0,-60.0,47.5,0.0,7.16,0,0,0,0.0,0,2.0,0,0.01,/user/raabe14/u19361/workspace-allen/results/zebra/sub-830794_ses-ecephys-830794-2026-01-26-12-02-05_ecephys/ProbeB/trial_0/phase_1/lib_ab4a70858e/lib_ab4a70858e__delay_-0.01__dur_-0.03.h5
1b52816c-cd91-40f3-849f-e7e347b1a8cb,0.15000000000000002,0.23,ab4a70858e,0.09827059507369995,-33.134328358208954,-18.82075471698113,90.0,17.91,15,37,4,1.2566370614359172,3,5.0,8,0.09,/user/raabe14/u19361/workspace-allen/results/zebra/sub-830794_ses-ecephys-830794-2026-01-26-12-02-05_ecephys/ProbeB/trial_0/phase_1/lib_ab4a70858e/lib_ab4a70858e__delay_0.15000000000000002__dur_0.23.h5
1c7e4d03-7310-4bbf-be58-2afc4f9ecc6a,0.30000000000000004,0.23,ab4a70858e,0.07684467732906342,-9.850746268656714,36.74528301886792,90.0,17.91,28,6,4,1.2566370614359172,3,5.0,9,0.1,/user/raabe14/u19361/workspace-allen/results/zebra/sub-830794_ses-ecephys-830794-2026-01-26-12-02-05_ecephys/ProbeB/trial_0/phase_1/lib_ab4a70858e/lib_ab4a70858e__delay_0.30000000000000004__dur_0.23.h5
1c8ec377-a2f8-4693-b41d-d45f8ba1a95c,0.30000000000000004,0.23,ab4a70858e,0.08202406018972397,47.462686567164184,-13.443396226415096,45.02251307527088,7.16,60,34,2,0.6283185307179586,0,2.0,12,1.3,/user/raabe14/u19361/workspace-allen/results/zebra/sub-830794_ses-ecephys-830794-2026-01-26-12-02-05_ecephys/ProbeB/trial_0/phase_1/lib_ab4a70858e/lib_ab4a70858e__delay_0.30000000000000004__dur_0.23.h5
1cba7fd2-ed14-47a4-81ec-411f3a5b5681,-0.01,-0.03,ab4a70858e,0.0,-60.0,47.5,0.0,7.16,0,0,0,0.0,0,2.0,0,0.01,/user/raabe14/u19361/workspace-allen/results/zebra/sub-830794_ses-ecephys-830794-2026-01-26-12-02-05_ecephys/ProbeB/trial_0/phase_1/lib_ab4a70858e/lib_ab4a70858e__delay_-0.01__dur_-0.03.h5
1cc077cb-bcbb-42ca-97cd-a20d9bc5c906,-0.15,-0.23,ab4a70858e,0.08120957762002945,-56.417910447761194,11.650943396226417,90.0,17.91,2,20,4,1.2566370614359172,3,5.0,4,0.05,/user/raabe14/u19361/workspace-allen/results/zebra/sub-830794_ses-ecephys-830794-2026-01-26-12-02-05_ecephys/ProbeB/trial_0/phase_1/lib_ab4a70858e/lib_ab4a70858e__delay_-0.15__dur_-0.23.h5
1cdb4ea9-7838-4d66-a5e3-6690934a254b,0.2,0.13,ab4a70858e,0.0931335836648941,-4.477611940298509,-4.481132075471699,157.4840764271708,7.16,31,29,7,2.199114857512855,0,2.0,12,1.3,/user/raabe14/u19361/workspace-allen/results/zebra/sub-830794_ses-ecephys-830794-2026-01-26-12-02-05_ecephys/ProbeB/trial_0/phase_1/lib_ab4a70858e/lib_ab4a70858e__delay_0.2__dur_0.13.h5
1d13d7c9-c161-45b3-9f48-145f7275b560,0.2,0.18000000000000002,ab4a70858e,0.08463984727859497,-4.477611940298509,11.650943396226417,22.515923572829195,7.16,31,20,1,0.3141592653589793,0,2.0,11,1.2,/user/raabe14/u19361/workspace-allen/results/zebra/sub-830794_ses-ecephys-830794-2026-01-26-12-02-05_ecephys/ProbeB/trial_0/phase_1/lib_ab4a70858e/lib_ab4a70858e__delay_0.2__dur_0.18000000000000002.h5
1d5e1ebf-6613-44e1-8eb4-0b231fcd8cb5,0.15000000000000002,0.18000000000000002,ab4a70858e,0.087729312479496,-18.80597014925373,-17.028301886792452,90.0,10.74,23,36,4,1.2566370614359172,1,3.0,9,0.1,/user/raabe14/u19361/workspace-allen/results/zebra/sub-830794_ses-ecephys-830794-2026-01-26-12-02-05_ecephys/ProbeB/trial_0/phase_1/lib_ab4a70858e/lib_ab4a70858e__delay_0.15000000000000002__dur_0.18000000000000002.h5
1e26c8d3-4687-4afc-b15e-65a712a6ddf7,0.15000000000000002,0.23,ab4a70858e,0.08532336354255676,-11.64179104477612,-11.650943396226417,22.515923572829163,10.74,27,33,9,2.827433388230814,1,3.0,2,0.03,/user/raabe14/u19361/workspace-allen/results/zebra/sub-830794_ses-ecephys-830794-2026-01-26-12-02-05_ecephys/ProbeB/trial_0/phase_1/lib_ab4a70858e/lib_ab4a70858e__delay_0.15000000000000002__dur_0.23.h5
1e664280-65f3-4b5c-80ea-e0e2c393c4d5,-0.075,-0.13,ab4a70858e,0.0959223210811615,29.55223880597015,-15.235849056603776,45.02251307527088,21.49,50,35,2,0.6283185307179586,4,6.0,9,0.1,/user/raabe14/u19361/workspace-allen/results/zebra/sub-830794_ses-ecephys-830794-2026-01-26-12-02-05_ecephys/ProbeB/trial_0/phase_1/lib_ab4a70858e/lib_ab4a70858e__delay_-0.075__dur_-0.13.h5
1ec66273-53e6-4824-8bb4-15d7d2c90e1b,-0.05,-0.23,ab4a70858e,0.08133266866207123,43.88059701492537,-22.40566037735849,67.51591472682667,17.91,58,39,3,0.9424777960769379,3,5.0,9,0.1,/user/raabe14/u19361/workspace-allen/results/zebra/sub-830794_ses-ecephys-830794-2026-01-26-12-02-05_ecephys/ProbeB/trial_0/phase_1/lib_ab4a70858e/lib_ab4a70858e__delay_-0.05__dur_-0.23.h5
1f1fae73-d6ec-4330-984c-eb2ff50e9939,0.02,0.08,ab4a70858e,0.08243685960769653,51.04477611940298,-2.6886792452830193,67.51591472682667,14.32,62,28,3,0.9424777960769379,2,4.0,9,0.1,/user/raabe14/u19361/workspace-allen/results/zebra/sub-830794_ses-ecephys-830794-2026-01-26-12-02-05_ecephys/ProbeB/trial_0/phase_1/lib_ab4a70858e/lib_ab4a70858e__delay_0.02__dur_0.08.h5
1fb32627-261e-4e10-a29a-318d1c3aceec,0.01,0.08,ab4a70858e,0.09164747595787048,27.761194029850756,-2.6886792452830193,112.48408527317332,17.91,49,28,5,1.5707963267948966,3,5.0,3,0.04,/user/raabe14/u19361/workspace-allen/results/zebra/sub-830794_ses-ecephys-830794-2026-01-26-12-02-05_ecephys/ProbeB/trial_0/phase_1/lib_ab4a70858e/lib_ab4a70858e__delay_0.01__dur_0.08.h5
2121fe1b-5930-45ef-96b8-649acab42f10,0.02,0.23,ab4a70858e,0.08042570948600769,-6.268656716417908,2.6886792452830193,22.515923572829195,7.16,30,25,1,0.3141592653589793,0,2.0,9,0.1,/user/raabe14/u19361/workspace-allen/results/zebra/sub-830794_ses-ecephys-830794-2026-01-26-12-02-05_ecephys/ProbeB/trial_0/phase_1/lib_ab4a70858e/lib_ab4a70858e__delay_0.02__dur_0.23.h5
213e5b30-a04a-4c8d-885b-230d7df9a3a1,-0.15,-0.23,ab4a70858e,0.07675227522850037,33.13432835820896,17.02830188679245,0.0,14.32,52,17,0,0.0,2,4.0,4,0.05,/user/raabe14/u19361/workspace-allen/results/zebra/sub-830794_ses-ecephys-830794-2026-01-26-12-02-05_ecephys/ProbeB/trial_0/phase_1/lib_ab4a70858e/lib_ab4a70858e__delay_-0.15__dur_-0.23.h5
21bda1f6-e663-4ea6-afa1-448cce31b780,-0.075,-0.18000000000000002,ab4a70858e,0.07428745925426483,24.179104477611943,33.160377358490564,45.02251307527088,7.16,47,8,2,0.6283185307179586,0,2.0,9,0.1,/user/raabe14/u19361/workspace-allen/results/zebra/sub-830794_ses-ecephys-830794-2026-01-26-12-02-05_ecephys/ProbeB/trial_0/phase_1/lib_ab4a70858e/lib_ab4a70858e__delay_-0.075__dur_-0.18000000000000002.h5
21c15907-8a87-47cd-ab29-f39c1f5d9e36,-0.01,-0.23,ab4a70858e,0.08668514341115952,-8.059701492537314,20.613207547169807,180.0,10.74,29,15,8,2.5132741228718345,1,3.0,12,1.3,/user/raabe14/u19361/workspace-allen/results/zebra/sub-830794_ses-ecephys-830794-2026-01-26-12-02-05_ecephys/ProbeB/trial_0/phase_1/lib_ab4a70858e/lib_ab4a70858e__delay_-0.01__dur_-0.23.h5
21e809ba-ab8a-4838-9c27-faa0ad84f8d0,-0.04,-0.18000000000000002,ab4a70858e,0.08176081627607346,33.13432835820896,18.820754716981128,157.4840764271708,28.65,52,16,7,2.199114857512855,5,8.0,7,0.08,/user/raabe14/u19361/workspace-allen/results/zebra/sub-830794_ses-ecephys-830794-2026-01-26-12-02-05_ecephys/ProbeB/trial_0/phase_1/lib_ab4a70858e/lib_ab4a70858e__delay_-0.04__dur_-0.18000000000000002.h5
22101399-d014-4258-9222-32a1243b24e6,-0.05,-0.13,ab4a70858e,0.0762750655412674,15.223880597014926,40.33018867924528,67.51591472682667,21.49,42,4,3,0.9424777960769379,4,6.0,9,0.1,/user/raabe14/u19361/workspace-allen/results/zebra/sub-830794_ses-ecephys-830794-2026-01-26-12-02-05_ecephys/ProbeB/trial_0/phase_1/lib_ab4a70858e/lib_ab4a70858e__delay_-0.05__dur_-0.13.h5
2227d2e2-dfbe-4086-930e-029f457b6fae,0.2,0.08,ab4a70858e,0.08712486922740936,-58.208955223880594,9.858490566037737,134.9774869247291,7.16,1,21,6,1.8849555921538759,0,2.0,0,0.01,/user/raabe14/u19361/workspace-allen/results/zebra/sub-830794_ses-ecephys-830794-2026-01-26-12-02-05_ecephys/ProbeB/trial_0/phase_1/lib_ab4a70858e/lib_ab4a70858e__delay_0.2__dur_0.08.h5
222eb858-9e33-4f55-8b55-5be0b2bbd1a8,0.03,0.18000000000000002,ab4a70858e,0.08117479085922241,-31.34328358208955,15.235849056603776,45.02251307527088,10.74,16,18,2,0.6283185307179586,1,3.0,0,0.01,/user/raabe14/u19361/workspace-allen/results/zebra/sub-830794_ses-ecephys-830794-2026-01-26-12-02-05_ecephys/ProbeB/trial_0/phase_1/lib_ab4a70858e/lib_ab4a70858e__delay_0.03__dur_0.18000000000000002.h5
22ddfdc8-36cd-466d-80f4-ab3ef079f894,0.1,0.23,ab4a70858e,0.09000211954116821,13.43283582089552,36.74528301886792,180.0,14.32,41,6,8,2.5132741228718345,2,4.0,7,0.08,/user/raabe14/u19361/workspace-allen/results/zebra/sub-830794_ses-ecephys-830794-2026-01-26-12-02-05_ecephys/ProbeB/trial_0/phase_1/lib_ab4a70858e/lib_ab4a70858e__delay_0.1__dur_0.23.h5
248ded2a-bc7e-41ae-b33e-c955ab8ad5b4,0.30000000000000004,0.13,ab4a70858e,0.09638269990682602,-15.223880597014926,24.198113207547166,45.02251307527088,10.74,25,13,2,0.6283185307179586,1,3.0,7,0.08,/user/raabe14/u19361/workspace-allen/results/zebra/sub-830794_ses-ecephys-830794-2026-01-26-12-02-05_ecephys/ProbeB/trial_0/phase_1/lib_ab4a70858e/lib_ab4a70858e__delay_0.30000000000000004__dur_0.13.h5
257b38f2-3341-4bf5-84e6-43bbd9857960,0.2,0.13,ab4a70858e,0.08674689382314682,-31.34328358208955,6.273584905660378,112.48408527317332,17.91,16,23,5,1.5707963267948966,3,5.0,11,1.2,/user/raabe14/u19361/workspace-allen/results/zebra/sub-830794_ses-ecephys-830794-2026-01-26-12-02-05_ecephys/ProbeB/trial_0/phase_1/lib_ab4a70858e/lib_ab4a70858e__delay_0.2__dur_0.13.h5
25c95609-6693-4287-9188-e7d338c5ddb9,-0.01,-0.23,ab4a70858e,0.0733378604054451,-20.59701492537313,-6.273584905660378,180.0,17.91,22,30,8,2.5132741228718345,3,5.0,12,1.3,/user/raabe14/u19361/workspace-allen/results/zebra/sub-830794_ses-ecephys-830794-2026-01-26-12-02-05_ecephys/ProbeB/trial_0/phase_1/lib_ab4a70858e/lib_ab4a70858e__delay_-0.01__dur_-0.23.h5
26541ec8-4670-4718-ad89-4d583e37cd0d,-0.075,-0.23,ab4a70858e,0.1101418063044548,-0.8955223880596961,27.783018867924525,157.4840764271708,14.32,33,11,7,2.199114857512855,2,4.0,12,1.3,/user/raabe14/u19361/workspace-allen/results/zebra/sub-830794_ses-ecephys-830794-2026-01-26-12-02-05_ecephys/ProbeB/trial_0/phase_1/lib_ab4a70858e/lib_ab4a70858e__delay_-0.075__dur_-0.23.h5
26712ab0-7a12-4b65-a7c3-058499ed96cc,0.0,0.18000000000000002,ab4a70858e,0.07745440304279327,58.20895522388061,-2.6886792452830193,67.51591472682667,28.65,66,28,3,0.9424777960769379,5,8.0,0,0.01,/user/raabe14/u19361/workspace-allen/results/zebra/sub-830794_ses-ecephys-830794-2026-01-26-12-02-05_ecephys/ProbeB/trial_0/phase_1/lib_ab4a70858e/lib_ab4a70858e__delay_0.0__dur_0.18000000000000002.h5
26f6a840-7160-4c20-b558-5aa95009c61a,0.1,0.23,ab4a70858e,0.07346483319997787,-33.134328358208954,-34.95283018867924,180.0,7.16,15,46,8,2.5132741228718345,0,2.0,9,0.1,/user/raabe14/u19361/workspace-allen/results/zebra/sub-830794_ses-ecephys-830794-2026-01-26-12-02-05_ecephys/ProbeB/trial_0/phase_1/lib_ab4a70858e/lib_ab4a70858e__delay_0.1__dur_0.23.h5
27478d76-11cf-4c17-890f-1323e49182a9,-0.03,-0.18000000000000002,ab4a70858e,0.08106602728366852,-18.80597014925373,2.6886792452830193,157.4840764271708,14.32,23,25,7,2.199114857512855,2,4.0,12,1.3,/user/raabe14/u19361/workspace-allen/results/zebra/sub-830794_ses-ecephys-830794-2026-01-26-12-02-05_ecephys/ProbeB/trial_0/phase_1/lib_ab4a70858e/lib_ab4a70858e__delay_-0.03__dur_-0.18000000000000002.h5
27cc77ad-3442-4af0-8960-51f89856b104,0.05,0.13,ab4a70858e,0.08279147744178772,-40.298507462686565,40.33018867924528,22.515923572829195,7.16,11,4,1,0.3141592653589793,0,2.0,9,0.1,/user/raabe14/u19361/workspace-allen/results/zebra/sub-830794_ses-ecephys-830794-2026-01-26-12-02-05_ecephys/ProbeB/trial_0/phase_1/lib_ab4a70858e/lib_ab4a70858e__delay_0.05__dur_0.13.h5
2833c194-a31d-4104-baad-b059ce1a38ec,0.1,0.18000000000000002,ab4a70858e,0.08095043897628784,-40.298507462686565,-24.19811320754717,45.02251307527088,28.65,11,40,2,0.6283185307179586,5,8.0,0,0.01,/user/raabe14/u19361/workspace-allen/results/zebra/sub-830794_ses-ecephys-830794-2026-01-26-12-02-05_ecephys/ProbeB/trial_0/phase_1/lib_ab4a70858e/lib_ab4a70858e__delay_0.1__dur_0.18000000000000002.h5
28b6510c-2bda-413d-9330-deb65cc54beb,0.30000000000000004,0.23,ab4a70858e,0.08876296132802963,54.626865671641795,2.6886792452830193,67.51591472682667,28.65,64,25,3,0.9424777960769379,5,8.0,7,0.08,/user/raabe14/u19361/workspace-allen/results/zebra/sub-830794_ses-ecephys-830794-2026-01-26-12-02-05_ecephys/ProbeB/trial_0/phase_1/lib_ab4a70858e/lib_ab4a70858e__delay_0.30000000000000004__dur_0.23.h5
29c5f258-601c-416f-81e7-2fef16b866fa,0.30000000000000004,0.23,ab4a70858e,0.07618267834186554,-2.6865671641791025,-6.273584905660378,67.51591472682667,10.74,32,30,3,0.9424777960769379,1,3.0,9,0.1,/user/raabe14/u19361/workspace-allen/results/zebra/sub-830794_ses-ecephys-830794-2026-01-26-12-02-05_ecephys/ProbeB/trial_0/phase_1/lib_ab4a70858e/lib_ab4a70858e__delay_0.30000000000000004__dur_0.23.h5
29f5c436-78b7-4fd8-82c9-f3c4f64f7fac,0.01,0.13,ab4a70858e,0.09408633410930634,-9.850746268656714,22.405660377358487,0.0,17.91,28,14,0,0.0,3,5.0,11,1.2,/user/raabe14/u19361/workspace-allen/results/zebra/sub-830794_ses-ecephys-830794-2026-01-26-12-02-05_ecephys/ProbeB/trial_0/phase_1/lib_ab4a70858e/lib_ab4a70858e__delay_0.01__dur_0.13.h5
2a085f92-ffc4-4e04-bc3d-fcc81cc9cc02,0.25,0.13,ab4a70858e,0.09003116935491562,27.761194029850756,-0.8962264150943398,134.9774869247291,14.32,49,27,6,1.8849555921538759,2,4.0,9,0.1,/user/raabe14/u19361/workspace-allen/results/zebra/sub-830794_ses-ecephys-830794-2026-01-26-12-02-05_ecephys/ProbeB/trial_0/phase_1/lib_ab4a70858e/lib_ab4a70858e__delay_0.25__dur_0.13.h5
2a4378d4-02d1-4b21-952d-b5ed38d81373,0.0,0.23,ab4a70858e,0.07370862364768982,17.014925373134332,47.5,90.0,14.32,43,0,4,1.2566370614359172,2,4.0,0,0.01,/user/raabe14/u19361/workspace-allen/results/zebra/sub-830794_ses-ecephys-830794-2026-01-26-12-02-05_ecephys/ProbeB/trial_0/phase_1/lib_ab4a70858e/lib_ab4a70858e__delay_0.0__dur_0.23.h5
2a69bb8f-786e-4883-968e-38bab241a086,0.15000000000000002,0.13,ab4a70858e,0.07856430113315582,9.85074626865672,-34.95283018867924,0.0,7.16,39,46,0,0.0,0,2.0,11,1.2,/user/raabe14/u19361/workspace-allen/results/zebra/sub-830794_ses-ecephys-830794-2026-01-26-12-02-05_ecephys/ProbeB/trial_0/phase_1/lib_ab4a70858e/lib_ab4a70858e__delay_0.15000000000000002__dur_0.13.h5
2a79a4b7-c08e-40fc-a2f9-6965e490b7bc,-0.01,-0.03,ab4a70858e,0.0,-60.0,47.5,0.0,7.16,0,0,0,0.0,0,2.0,0,0.01,/user/raabe14/u19361/workspace-allen/results/zebra/sub-830794_ses-ecephys-830794-2026-01-26-12-02-05_ecephys/ProbeB/trial_0/phase_1/lib_ab4a70858e/lib_ab4a70858e__delay_-0.01__dur_-0.03.h5
2abcef27-07f7-4d12-a497-2e7693fb0454,0.2,0.18000000000000002,ab4a70858e,0.08512693643569946,42.08955223880598,8.066037735849058,180.0,10.74,57,22,8,2.5132741228718345,1,3.0,9,0.1,/user/raabe14/u19361/workspace-allen/results/zebra/sub-830794_ses-ecephys-830794-2026-01-26-12-02-05_ecephys/ProbeB/trial_0/phase_1/lib_ab4a70858e/lib_ab4a70858e__delay_0.2__dur_0.18000000000000002.h5
2bcede7c-44a7-4df8-956c-0330cffb301f,0.04,0.23,ab4a70858e,0.07944024354219437,-27.761194029850742,13.443396226415096,0.0,17.91,18,19,0,0.0,3,5.0,11,1.2,/user/raabe14/u19361/workspace-allen/results/zebra/sub-830794_ses-ecephys-830794-2026-01-26-12-02-05_ecephys/ProbeB/trial_0/phase_1/lib_ab4a70858e/lib_ab4a70858e__delay_0.04__dur_0.23.h5
2c82dac1-4a3c-4d77-85c4-a7b51fe48ce4,0.04,0.23,ab4a70858e,0.10177630931138992,-27.761194029850742,2.6886792452830193,157.4840764271708,10.74,18,25,7,2.199114857512855,1,3.0,12,1.3,/user/raabe14/u19361/workspace-allen/results/zebra/sub-830794_ses-ecephys-830794-2026-01-26-12-02-05_ecephys/ProbeB/trial_0/phase_1/lib_ab4a70858e/lib_ab4a70858e__delay_0.04__dur_0.23.h5
2d76bd9f-e688-4f41-9093-b3a89e062528,0.01,0.08,ab4a70858e,0.18065008521080017,40.29850746268657,17.02830188679245,157.4840764271708,10.74,56,17,7,2.199114857512855,1,3.0,8,0.09,/user/raabe14/u19361/workspace-allen/results/zebra/sub-830794_ses-ecephys-830794-2026-01-26-12-02-05_ecephys/ProbeB/trial_0/phase_1/lib_ab4a70858e/lib_ab4a70858e__delay_0.01__dur_0.08.h5
2db276f8-63d7-4745-a042-8a7c6d6a982f,-0.05,-0.13,ab4a70858e,0.08302751183509827,-13.43283582089552,0.8962264150943398,157.4840764271708,10.74,26,26,7,2.199114857512855,1,3.0,12,1.3,/user/raabe14/u19361/workspace-allen/results/zebra/sub-830794_ses-ecephys-830794-2026-01-26-12-02-05_ecephys/ProbeB/trial_0/phase_1/lib_ab4a70858e/lib_ab4a70858e__delay_-0.05__dur_-0.13.h5
2de77631-81f3-4cfe-b9dc-0f07014a2fca,-0.01,-0.18000000000000002,ab4a70858e,0.07981019467115402,-9.850746268656714,-25.99056603773585,157.4840764271708,7.16,28,41,7,2.199114857512855,0,2.0,0,0.01,/user/raabe14/u19361/workspace-allen/results/zebra/sub-830794_ses-ecephys-830794-2026-01-26-12-02-05_ecephys/ProbeB/trial_0/phase_1/lib_ab4a70858e/lib_ab4a70858e__delay_-0.01__dur_-0.18000000000000002.h5
2ec0a490-18e9-4afa-84fc-68451ed10e25,-0.01,-0.03,ab4a70858e,0.0,-60.0,47.5,0.0,7.16,0,0,0,0.0,0,2.0,0,0.01,/user/raabe14/u19361/workspace-allen/results/zebra/sub-830794_ses-ecephys-830794-2026-01-26-12-02-05_ecephys/ProbeB/trial_0/phase_1/lib_ab4a70858e/lib_ab4a70858e__delay_-0.01__dur_-0.03.h5
2f4634f2-7016-4a21-b207-df8443ad703c,-0.075,-0.18000000000000002,ab4a70858e,0.08457008004188538,-38.507462686567166,-33.160377358490564,180.0,7.16,12,45,8,2.5132741228718345,0,2.0,0,0.01,/user/raabe14/u19361/workspace-allen/results/zebra/sub-830794_ses-ecephys-830794-2026-01-26-12-02-05_ecephys/ProbeB/trial_0/phase_1/lib_ab4a70858e/lib_ab4a70858e__delay_-0.075__dur_-0.18000000000000002.h5
32fa9144-06bb-42ab-984b-e61b72f89efe,0.25,0.23,ab4a70858e,0.0781906321644783,-42.089552238805965,33.160377358490564,0.0,10.74,10,8,0,0.0,1,3.0,11,1.2,/user/raabe14/u19361/workspace-allen/results/zebra/sub-830794_ses-ecephys-830794-2026-01-26-12-02-05_ecephys/ProbeB/trial_0/phase_1/lib_ab4a70858e/lib_ab4a70858e__delay_0.25__dur_0.23.h5
32ffc22f-2870-46df-abda-da23448cbf33,-0.05,-0.23,ab4a70858e,0.08656150847673416,-27.761194029850742,38.5377358490566,0.0,17.91,18,5,0,0.0,3,5.0,6,0.07,/user/raabe14/u19361/workspace-allen/results/zebra/sub-830794_ses-ecephys-830794-2026-01-26-12-02-05_ecephys/ProbeB/trial_0/phase_1/lib_ab4a70858e/lib_ab4a70858e__delay_-0.05__dur_-0.23.h5
3362e6b9-f92b-4236-9f07-1236d780c920,-0.15,-0.23,ab4a70858e,0.16431240737438202,15.223880597014926,-2.6886792452830193,45.02251307527088,10.74,42,28,2,0.6283185307179586,1,3.0,12,1.3,/user/raabe14/u19361/workspace-allen/results/zebra/sub-830794_ses-ecephys-830794-2026-01-26-12-02-05_ecephys/ProbeB/trial_0/phase_1/lib_ab4a70858e/lib_ab4a70858e__delay_-0.15__dur_-0.23.h5
3379d6dc-0487-450c-a21e-a3ce758b919e,0.02,0.08,ab4a70858e,0.14521749317646027,25.97014925373135,-45.70754716981132,0.0,28.65,48,52,0,0.0,5,8.0,2,0.03,/user/raabe14/u19361/workspace-allen/results/zebra/sub-830794_ses-ecephys-830794-2026-01-26-12-02-05_ecephys/ProbeB/trial_0/phase_1/lib_ab4a70858e/lib_ab4a70858e__delay_0.02__dur_0.08.h5
33e1c793-985c-429f-823e-7476e45be71b,0.0,0.08,ab4a70858e,0.07525567710399628,-31.34328358208955,-31.367924528301888,45.02251307527088,10.74,16,44,2,0.6283185307179586,1,3.0,9,0.1,/user/raabe14/u19361/workspace-allen/results/zebra/sub-830794_ses-ecephys-830794-2026-01-26-12-02-05_ecephys/ProbeB/trial_0/phase_1/lib_ab4a70858e/lib_ab4a70858e__delay_0.0__dur_0.08.h5
343432ee-f0e7-46c6-82e7-c15880eeef68,0.09,0.23,ab4a70858e,0.09255649149417877,-13.43283582089552,25.990566037735846,180.0,7.16,26,12,8,2.5132741228718345,0,2.0,9,0.1,/user/raabe14/u19361/workspace-allen/results/zebra/sub-830794_ses-ecephys-830794-2026-01-26-12-02-05_ecephys/ProbeB/trial_0/phase_1/lib_ab4a70858e/lib_ab4a70858e__delay_0.09__dur_0.23.h5
34902dc5-7a19-425a-88c8-ebb2c3c619a0,-0.02,-0.13,ab4a70858e,0.13634374737739563,-15.223880597014926,4.481132075471699,45.02251307527088,17.91,25,24,2,0.6283185307179586,3,5.0,11,1.2,/user/raabe14/u19361/workspace-allen/results/zebra/sub-830794_ses-ecephys-830794-2026-01-26-12-02-05_ecephys/ProbeB/trial_0/phase_1/lib_ab4a70858e/lib_ab4a70858e__delay_-0.02__dur_-0.13.h5
34d08845-5430-4ba2-8eff-b7aea6f5364b,0.0,0.23,ab4a70858e,0.08383605629205704,-38.507462686567166,-9.858490566037737,134.9774869247291,14.32,12,32,6,1.8849555921538759,2,4.0,9,0.1,/user/raabe14/u19361/workspace-allen/results/zebra/sub-830794_ses-ecephys-830794-2026-01-26-12-02-05_ecephys/ProbeB/trial_0/phase_1/lib_ab4a70858e/lib_ab4a70858e__delay_0.0__dur_0.23.h5
34dcc285-7e67-479a-b6eb-b49b3eaf131e,0.2,0.18000000000000002,ab4a70858e,0.07905852049589157,25.97014925373135,18.820754716981128,45.02251307527088,21.49,48,16,2,0.6283185307179586,4,6.0,9,0.1,/user/raabe14/u19361/workspace-allen/results/zebra/sub-830794_ses-ecephys-830794-2026-01-26-12-02-05_ecephys/ProbeB/trial_0/phase_1/lib_ab4a70858e/lib_ab4a70858e__delay_0.2__dur_0.18000000000000002.h5
34fa5d10-79db-4338-9247-0c665b9c3117,-0.05,-0.23,ab4a70858e,0.21529871225357056,-8.059701492537314,-20.61320754716981,45.02251307527088,21.49,29,38,2,0.6283185307179586,4,6.0,12,1.3,/user/raabe14/u19361/workspace-allen/results/zebra/sub-830794_ses-ecephys-830794-2026-01-26-12-02-05_ecephys/ProbeB/trial_0/phase_1/lib_ab4a70858e/lib_ab4a70858e__delay_-0.05__dur_-0.23.h5
35379d09-7a3e-477a-83b7-ae0a0163a1dd,0.2,0.23,ab4a70858e,0.08547605574131012,-45.67164179104478,8.066037735849058,0.0,14.32,8,22,0,0.0,2,4.0,11,1.2,/user/raabe14/u19361/workspace-allen/results/zebra/sub-830794_ses-ecephys-830794-2026-01-26-12-02-05_ecephys/ProbeB/trial_0/phase_1/lib_ab4a70858e/lib_ab4a70858e__delay_0.2__dur_0.23.h5
35760d4e-1f31-4497-83bc-743a3303db35,0.03,0.08,ab4a70858e,0.10817371308803558,-31.34328358208955,0.8962264150943398,22.515923572829163,21.49,16,26,9,2.827433388230814,4,6.0,8,0.09,/user/raabe14/u19361/workspace-allen/results/zebra/sub-830794_ses-ecephys-830794-2026-01-26-12-02-05_ecephys/ProbeB/trial_0/phase_1/lib_ab4a70858e/lib_ab4a70858e__delay_0.03__dur_0.08.h5
359f000a-1924-40e7-887b-31905697fd57,-0.01,-0.03,ab4a70858e,0.0,-60.0,47.5,0.0,7.16,0,0,0,0.0,0,2.0,0,0.01,/user/raabe14/u19361/workspace-allen/results/zebra/sub-830794_ses-ecephys-830794-2026-01-26-12-02-05_ecephys/ProbeB/trial_0/phase_1/lib_ab4a70858e/lib_ab4a70858e__delay_-0.01__dur_-0.03.h5
3635bffb-240b-4dbf-bec3-d2abaa225e0d,0.02,0.08,ab4a70858e,0.26817071437835693,22.388059701492537,-15.235849056603776,90.0,17.91,46,35,4,1.2566370614359172,3,5.0,2,0.03,/user/raabe14/u19361/workspace-allen/results/zebra/sub-830794_ses-ecephys-830794-2026-01-26-12-02-05_ecephys/ProbeB/trial_0/phase_1/lib_ab4a70858e/lib_ab4a70858e__delay_0.02__dur_0.08.h5
36bcb66c-12bf-425f-b211-53e0a084a5de,0.30000000000000004,0.23,ab4a70858e,0.09476487338542938,-34.92537313432835,-25.99056603773585,112.48408527317332,10.74,14,41,5,1.5707963267948966,1,3.0,11,1.2,/user/raabe14/u19361/workspace-allen/results/zebra/sub-830794_ses-ecephys-830794-2026-01-26-12-02-05_ecephys/ProbeB/trial_0/phase_1/lib_ab4a70858e/lib_ab4a70858e__delay_0.30000000000000004__dur_0.23.h5
36e4846b-e001-4aff-8a88-57a5a27fbdbd,0.0,0.18000000000000002,ab4a70858e,0.084123395383358,-18.80597014925373,33.160377358490564,180.0,14.32,23,8,8,2.5132741228718345,2,4.0,9,0.1,/user/raabe14/u19361/workspace-allen/results/zebra/sub-830794_ses-ecephys-830794-2026-01-26-12-02-05_ecephys/ProbeB/trial_0/phase_1/lib_ab4a70858e/lib_ab4a70858e__delay_0.0__dur_0.18000000000000002.h5
379d1c40-7575-4984-9aa6-83f6ecf2129a,0.2,0.23,ab4a70858e,0.15478633344173431,-25.970149253731343,24.198113207547166,22.515923572829163,14.32,19,13,9,2.827433388230814,2,4.0,12,1.3,/user/raabe14/u19361/workspace-allen/results/zebra/sub-830794_ses-ecephys-830794-2026-01-26-12-02-05_ecephys/ProbeB/trial_0/phase_1/lib_ab4a70858e/lib_ab4a70858e__delay_0.2__dur_0.23.h5
37d6c676-e159-43f3-961b-cda8af91eb33,-0.01,-0.03,ab4a70858e,0.0,-60.0,47.5,0.0,7.16,0,0,0,0.0,0,2.0,0,0.01,/user/raabe14/u19361/workspace-allen/results/zebra/sub-830794_ses-ecephys-830794-2026-01-26-12-02-05_ecephys/ProbeB/trial_0/phase_1/lib_ab4a70858e/lib_ab4a70858e__delay_-0.01__dur_-0.03.h5
37fcfeed-709c-4c19-a692-5e5573631154,-0.15,-0.23,ab4a70858e,0.11652907729148865,15.223880597014926,9.858490566037737,180.0,10.74,42,21,8,2.5132741228718345,1,3.0,12,1.3,/user/raabe14/u19361/workspace-allen/results/zebra/sub-830794_ses-ecephys-830794-2026-01-26-12-02-05_ecephys/ProbeB/trial_0/phase_1/lib_ab4a70858e/lib_ab4a70858e__delay_-0.15__dur_-0.23.h5
380c6f69-154d-4413-91b4-d2248854291a,0.06,0.23,ab4a70858e,0.0971662849187851,-13.43283582089552,2.6886792452830193,22.515923572829195,28.65,26,25,1,0.3141592653589793,5,8.0,9,0.1,/user/raabe14/u19361/workspace-allen/results/zebra/sub-830794_ses-ecephys-830794-2026-01-26-12-02-05_ecephys/ProbeB/trial_0/phase_1/lib_ab4a70858e/lib_ab4a70858e__delay_0.06__dur_0.23.h5
3857b719-894b-4fc7-a8f4-4ef50fb54234,0.0,0.13,ab4a70858e,0.08966872841119766,54.626865671641795,13.443396226415096,112.48408527317332,28.65,64,19,5,1.5707963267948966,5,8.0,2,0.03,/user/raabe14/u19361/workspace-allen/results/zebra/sub-830794_ses-ecephys-830794-2026-01-26-12-02-05_ecephys/ProbeB/trial_0/phase_1/lib_ab4a70858e/lib_ab4a70858e__delay_0.0__dur_0.13.h5
39123d2c-d600-4862-982d-b886d690370b,-0.03,-0.08,ab4a70858e,0.0928943082690239,-34.92537313432835,-22.40566037735849,90.0,7.16,14,39,4,1.2566370614359172,0,2.0,9,0.1,/user/raabe14/u19361/workspace-allen/results/zebra/sub-830794_ses-ecephys-830794-2026-01-26-12-02-05_ecephys/ProbeB/trial_0/phase_1/lib_ab4a70858e/lib_ab4a70858e__delay_-0.03__dur_-0.08.h5
391cfb27-af9c-408c-93b0-29115dd5b61d,0.05,0.18000000000000002,ab4a70858e,0.07462991029024124,-24.179104477611936,27.783018867924525,112.48408527317332,14.32,20,11,5,1.5707963267948966,2,4.0,11,1.2,/user/raabe14/u19361/workspace-allen/results/zebra/sub-830794_ses-ecephys-830794-2026-01-26-12-02-05_ecephys/ProbeB/trial_0/phase_1/lib_ab4a70858e/lib_ab4a70858e__delay_0.05__dur_0.18000000000000002.h5
3921c944-8921-4e7c-98ff-3880f8e3aaf3,0.0,0.23,ab4a70858e,0.08245427906513214,9.85074626865672,-2.6886792452830193,45.02251307527088,7.16,39,28,2,0.6283185307179586,0,2.0,12,1.3,/user/raabe14/u19361/workspace-allen/results/zebra/sub-830794_ses-ecephys-830794-2026-01-26-12-02-05_ecephys/ProbeB/trial_0/phase_1/lib_ab4a70858e/lib_ab4a70858e__delay_0.0__dur_0.23.h5
3971c3c4-b768-445c-abe1-9449f9babc7e,-0.01,-0.03,ab4a70858e,0.0,-60.0,47.5,0.0,7.16,0,0,0,0.0,0,2.0,0,0.01,/user/raabe14/u19361/workspace-allen/results/zebra/sub-830794_ses-ecephys-830794-2026-01-26-12-02-05_ecephys/ProbeB/trial_0/phase_1/lib_ab4a70858e/lib_ab4a70858e__delay_-0.01__dur_-0.03.h5
3a0bd9e5-bb1e-460d-b802-f67d15584bd4,-0.15,-0.18000000000000002,ab4a70858e,0.08493724465370178,31.343283582089555,2.6886792452830193,112.48408527317332,7.16,51,25,5,1.5707963267948966,0,2.0,11,1.2,/user/raabe14/u19361/workspace-allen/results/zebra/sub-830794_ses-ecephys-830794-2026-01-26-12-02-05_ecephys/ProbeB/trial_0/phase_1/lib_ab4a70858e/lib_ab4a70858e__delay_-0.15__dur_-0.18000000000000002.h5
3af38686-bab5-4fd1-91f1-57ed1a439544,-0.02,-0.18000000000000002,ab4a70858e,0.07302861660718918,47.462686567164184,-18.82075471698113,22.515923572829163,17.91,60,37,9,2.827433388230814,3,5.0,0,0.01,/user/raabe14/u19361/workspace-allen/results/zebra/sub-830794_ses-ecephys-830794-2026-01-26-12-02-05_ecephys/ProbeB/trial_0/phase_1/lib_ab4a70858e/lib_ab4a70858e__delay_-0.02__dur_-0.18000000000000002.h5
3b0b4389-6bc6-4324-a9f4-238c33252a0f,-0.01,-0.03,ab4a70858e,0.0,-60.0,47.5,0.0,7.16,0,0,0,0.0,0,2.0,0,0.01,/user/raabe14/u19361/workspace-allen/results/zebra/sub-830794_ses-ecephys-830794-2026-01-26-12-02-05_ecephys/ProbeB/trial_0/phase_1/lib_ab4a70858e/lib_ab4a70858e__delay_-0.01__dur_-0.03.h5
3b3c2d2b-e006-4fd3-8e3e-85b20b29b69c,0.07,0.23,ab4a70858e,0.13791580498218536,-51.04477611940298,-43.91509433962264,22.515923572829195,28.65,5,51,1,0.3141592653589793,5,8.0,12,1.3,/user/raabe14/u19361/workspace-allen/results/zebra/sub-830794_ses-ecephys-830794-2026-01-26-12-02-05_ecephys/ProbeB/trial_0/phase_1/lib_ab4a70858e/lib_ab4a70858e__delay_0.07__dur_0.23.h5
3b5f89d5-5366-4235-b7b9-f9326627f6b7,0.1,0.23,ab4a70858e,0.07893221825361252,-17.014925373134325,-22.40566037735849,22.515923572829195,10.74,24,39,1,0.3141592653589793,1,3.0,1,0.02,/user/raabe14/u19361/workspace-allen/results/zebra/sub-830794_ses-ecephys-830794-2026-01-26-12-02-05_ecephys/ProbeB/trial_0/phase_1/lib_ab4a70858e/lib_ab4a70858e__delay_0.1__dur_0.23.h5
3b9dba75-3d86-4f84-8669-9e99fa8f1da2,0.07,0.23,ab4a70858e,0.08715607970952988,-2.6865671641791025,29.575471698113205,22.515923572829163,28.65,32,10,9,2.827433388230814,5,8.0,7,0.08,/user/raabe14/u19361/workspace-allen/results/zebra/sub-830794_ses-ecephys-830794-2026-01-26-12-02-05_ecephys/ProbeB/trial_0/phase_1/lib_ab4a70858e/lib_ab4a70858e__delay_0.07__dur_0.23.h5
3bda0ab9-cb9f-4144-9fbf-9502ff0c8ef3,0.2,0.23,ab4a70858e,0.15373313426971436,-17.014925373134325,-9.858490566037737,157.4840764271708,28.65,24,32,7,2.199114857512855,5,8.0,12,1.3,/user/raabe14/u19361/workspace-allen/results/zebra/sub-830794_ses-ecephys-830794-2026-01-26-12-02-05_ecephys/ProbeB/trial_0/phase_1/lib_ab4a70858e/lib_ab4a70858e__delay_0.2__dur_0.23.h5
3c40815d-94d2-430d-b555-fd24c2f565e1,0.25,0.23,ab4a70858e,0.11127170920372009,-36.71641791044776,6.273584905660378,157.4840764271708,17.91,13,23,7,2.199114857512855,3,5.0,12,1.3,/user/raabe14/u19361/workspace-allen/results/zebra/sub-830794_ses-ecephys-830794-2026-01-26-12-02-05_ecephys/ProbeB/trial_0/phase_1/lib_ab4a70858e/lib_ab4a70858e__delay_0.25__dur_0.23.h5
3c9ea831-d829-4481-adf2-7fdafab2b882,0.30000000000000004,0.23,ab4a70858e,0.08533263206481934,6.268656716417908,11.650943396226417,112.48408527317332,7.16,37,20,5,1.5707963267948966,0,2.0,11,1.2,/user/raabe14/u19361/workspace-allen/results/zebra/sub-830794_ses-ecephys-830794-2026-01-26-12-02-05_ecephys/ProbeB/trial_0/phase_1/lib_ab4a70858e/lib_ab4a70858e__delay_0.30000000000000004__dur_0.23.h5
3cf46af3-a068-45ba-8363-e2fcac94e4e2,-0.01,-0.03,ab4a70858e,0.0,-60.0,47.5,0.0,7.16,0,0,0,0.0,0,2.0,0,0.01,/user/raabe14/u19361/workspace-allen/results/zebra/sub-830794_ses-ecephys-830794-2026-01-26-12-02-05_ecephys/ProbeB/trial_0/phase_1/lib_ab4a70858e/lib_ab4a70858e__delay_-0.01__dur_-0.03.h5
3d3a09f0-7e5b-424e-8564-a6cbacb0a560,0.25,0.23,ab4a70858e,0.11876005679368973,24.179104477611943,2.6886792452830193,157.4840764271708,14.32,47,25,7,2.199114857512855,2,4.0,12,1.3,/user/raabe14/u19361/workspace-allen/results/zebra/sub-830794_ses-ecephys-830794-2026-01-26-12-02-05_ecephys/ProbeB/trial_0/phase_1/lib_ab4a70858e/lib_ab4a70858e__delay_0.25__dur_0.23.h5
3d647f63-2268-4b10-9b65-f654730333ff,0.02,0.23,ab4a70858e,0.09311168640851974,-29.55223880597015,8.066037735849058,67.51591472682667,14.32,17,22,3,0.9424777960769379,2,4.0,12,1.3,/user/raabe14/u19361/workspace-allen/results/zebra/sub-830794_ses-ecephys-830794-2026-01-26-12-02-05_ecephys/ProbeB/trial_0/phase_1/lib_ab4a70858e/lib_ab4a70858e__delay_0.02__dur_0.23.h5
3e559902-48cf-4ca3-9e7d-00701d9607e2,0.07,0.18000000000000002,ab4a70858e,0.08099449425935745,-11.64179104477612,8.066037735849058,22.515923572829195,28.65,27,22,1,0.3141592653589793,5,8.0,0,0.01,/user/raabe14/u19361/workspace-allen/results/zebra/sub-830794_ses-ecephys-830794-2026-01-26-12-02-05_ecephys/ProbeB/trial_0/phase_1/lib_ab4a70858e/lib_ab4a70858e__delay_0.07__dur_0.18000000000000002.h5
3e9cf92b-fff3-4230-aaf2-1ffe50b36e9d,-0.01,-0.18000000000000002,ab4a70858e,0.10207430273294449,-52.83582089552239,33.160377358490564,0.0,17.91,4,8,0,0.0,3,5.0,11,1.2,/user/raabe14/u19361/workspace-allen/results/zebra/sub-830794_ses-ecephys-830794-2026-01-26-12-02-05_ecephys/ProbeB/trial_0/phase_1/lib_ab4a70858e/lib_ab4a70858e__delay_-0.01__dur_-0.18000000000000002.h5
3efac653-bcb5-4047-ad5e-720df37c9b89,0.04,0.23,ab4a70858e,0.08266428858041763,-22.388059701492537,31.367924528301884,22.515923572829163,17.91,21,9,9,2.827433388230814,3,5.0,9,0.1,/user/raabe14/u19361/workspace-allen/results/zebra/sub-830794_ses-ecephys-830794-2026-01-26-12-02-05_ecephys/ProbeB/trial_0/phase_1/lib_ab4a70858e/lib_ab4a70858e__delay_0.04__dur_0.23.h5
3f39611c-5532-4a47-8123-6f34a2a35243,0.01,0.18000000000000002,ab4a70858e,0.10531523823738098,-11.64179104477612,-4.481132075471699,45.02251307527088,7.16,27,29,2,0.6283185307179586,0,2.0,12,1.3,/user/raabe14/u19361/workspace-allen/results/zebra/sub-830794_ses-ecephys-830794-2026-01-26-12-02-05_ecephys/ProbeB/trial_0/phase_1/lib_ab4a70858e/lib_ab4a70858e__delay_0.01__dur_0.18000000000000002.h5
3f672280-4ca2-4534-a328-6000c0f225f8,-0.035,-0.13,ab4a70858e,0.0866013765335083,2.6865671641791096,11.650943396226417,45.02251307527088,28.65,35,20,2,0.6283185307179586,5,8.0,9,0.1,/user/raabe14/u19361/workspace-allen/results/zebra/sub-830794_ses-ecephys-830794-2026-01-26-12-02-05_ecephys/ProbeB/trial_0/phase_1/lib_ab4a70858e/lib_ab4a70858e__delay_-0.035__dur_-0.13.h5
40654e29-8cd2-4ff5-9f2f-ba5ed042edc0,0.02,0.23,ab4a70858e,0.11079893261194229,-24.179104477611936,2.6886792452830193,67.51591472682667,14.32,20,25,3,0.9424777960769379,2,4.0,12,1.3,/user/raabe14/u19361/workspace-allen/results/zebra/sub-830794_ses-ecephys-830794-2026-01-26-12-02-05_ecephys/ProbeB/trial_0/phase_1/lib_ab4a70858e/lib_ab4a70858e__delay_0.02__dur_0.23.h5
411f4c7f-b49e-4dbe-b828-4d7c08ded52d,0.15000000000000002,0.23,ab4a70858e,0.08321861177682877,-25.970149253731343,-0.8962264150943398,90.0,7.16,19,27,4,1.2566370614359172,0,2.0,0,0.01,/user/raabe14/u19361/workspace-allen/results/zebra/sub-830794_ses-ecephys-830794-2026-01-26-12-02-05_ecephys/ProbeB/trial_0/phase_1/lib_ab4a70858e/lib_ab4a70858e__delay_0.15000000000000002__dur_0.23.h5
412564e4-b805-4d6f-b4ef-fa0a83555356,-0.03,-0.23,ab4a70858e,0.07526255398988724,-43.88059701492537,38.5377358490566,45.02251307527088,7.16,9,5,2,0.6283185307179586,0,2.0,12,1.3,/user/raabe14/u19361/workspace-allen/results/zebra/sub-830794_ses-ecephys-830794-2026-01-26-12-02-05_ecephys/ProbeB/trial_0/phase_1/lib_ab4a70858e/lib_ab4a70858e__delay_-0.03__dur_-0.23.h5
416f4883-9464-4bc9-bf49-5c8b3dbb79d7,-0.1,-0.13,ab4a70858e,0.0840851441025734,-9.850746268656714,4.481132075471699,134.9774869247291,28.65,28,24,6,1.8849555921538759,5,8.0,7,0.08,/user/raabe14/u19361/workspace-allen/results/zebra/sub-830794_ses-ecephys-830794-2026-01-26-12-02-05_ecephys/ProbeB/trial_0/phase_1/lib_ab4a70858e/lib_ab4a70858e__delay_-0.1__dur_-0.13.h5
4386dc22-49a0-446f-a1d9-c8cd6872cd6e,-0.01,-0.03,ab4a70858e,0.0,-60.0,47.5,0.0,7.16,0,0,0,0.0,0,2.0,0,0.01,/user/raabe14/u19361/workspace-allen/results/zebra/sub-830794_ses-ecephys-830794-2026-01-26-12-02-05_ecephys/ProbeB/trial_0/phase_1/lib_ab4a70858e/lib_ab4a70858e__delay_-0.01__dur_-0.03.h5
43a4ce66-eebe-4ab6-ba9f-728bd2d2dfe7,-0.01,-0.08,ab4a70858e,0.08586622774600983,-18.80597014925373,4.481132075471699,45.02251307527088,21.49,23,24,2,0.6283185307179586,4,6.0,12,1.3,/user/raabe14/u19361/workspace-allen/results/zebra/sub-830794_ses-ecephys-830794-2026-01-26-12-02-05_ecephys/ProbeB/trial_0/phase_1/lib_ab4a70858e/lib_ab4a70858e__delay_-0.01__dur_-0.08.h5
43c14157-444f-41ff-bef8-df8eb59182e3,0.03,0.08,ab4a70858e,0.09290555119514465,40.29850746268657,9.858490566037737,22.515923572829195,17.91,56,21,1,0.3141592653589793,3,5.0,0,0.01,/user/raabe14/u19361/workspace-allen/results/zebra/sub-830794_ses-ecephys-830794-2026-01-26-12-02-05_ecephys/ProbeB/trial_0/phase_1/lib_ab4a70858e/lib_ab4a70858e__delay_0.03__dur_0.08.h5
440e3aa9-5e95-409c-bcf0-f88e2c0ac3f1,-0.04,-0.18000000000000002,ab4a70858e,0.09916305541992188,34.92537313432837,-25.99056603773585,157.4840764271708,10.74,53,41,7,2.199114857512855,1,3.0,12,1.3,/user/raabe14/u19361/workspace-allen/results/zebra/sub-830794_ses-ecephys-830794-2026-01-26-12-02-05_ecephys/ProbeB/trial_0/phase_1/lib_ab4a70858e/lib_ab4a70858e__delay_-0.04__dur_-0.18000000000000002.h5
448555d4-ea09-4a79-be91-2b109013db0d,0.07,0.13,ab4a70858e,0.09337551891803741,22.388059701492537,-42.12264150943396,0.0,28.65,46,50,0,0.0,5,8.0,0,0.01,/user/raabe14/u19361/workspace-allen/results/zebra/sub-830794_ses-ecephys-830794-2026-01-26-12-02-05_ecephys/ProbeB/trial_0/phase_1/lib_ab4a70858e/lib_ab4a70858e__delay_0.07__dur_0.13.h5
44bc6a18-f1c6-4e8a-a1d0-071a6616ef64,0.0,0.23,ab4a70858e,0.18347638845443726,-25.970149253731343,2.6886792452830193,67.51591472682667,17.91,19,25,3,0.9424777960769379,3,5.0,12,1.3,/user/raabe14/u19361/workspace-allen/results/zebra/sub-830794_ses-ecephys-830794-2026-01-26-12-02-05_ecephys/ProbeB/trial_0/phase_1/lib_ab4a70858e/lib_ab4a70858e__delay_0.0__dur_0.23.h5
4587f63c-86fe-41a5-a8db-68765a1fe253,0.30000000000000004,0.18000000000000002,ab4a70858e,0.09812745451927185,2.6865671641791096,8.066037735849058,157.4840764271708,10.74,35,22,7,2.199114857512855,1,3.0,12,1.3,/user/raabe14/u19361/workspace-allen/results/zebra/sub-830794_ses-ecephys-830794-2026-01-26-12-02-05_ecephys/ProbeB/trial_0/phase_1/lib_ab4a70858e/lib_ab4a70858e__delay_0.30000000000000004__dur_0.18000000000000002.h5
48a427ab-47be-4406-8137-76d25d7fe54a,-0.01,-0.03,ab4a70858e,0.0,-60.0,47.5,0.0,7.16,0,0,0,0.0,0,2.0,0,0.01,/user/raabe14/u19361/workspace-allen/results/zebra/sub-830794_ses-ecephys-830794-2026-01-26-12-02-05_ecephys/ProbeB/trial_0/phase_1/lib_ab4a70858e/lib_ab4a70858e__delay_-0.01__dur_-0.03.h5
48b1b218-657f-4964-81b3-8f57bf0cf209,0.0,0.23,ab4a70858e,0.15557771921157837,-25.970149253731343,2.6886792452830193,67.51591472682667,17.91,19,25,3,0.9424777960769379,3,5.0,12,1.3,/user/raabe14/u19361/workspace-allen/results/zebra/sub-830794_ses-ecephys-830794-2026-01-26-12-02-05_ecephys/ProbeB/trial_0/phase_1/lib_ab4a70858e/lib_ab4a70858e__delay_0.0__dur_0.23.h5
48b45ba0-bfc0-48e5-9237-0782710b01cb,0.1,0.18000000000000002,ab4a70858e,0.09022422879934311,17.014925373134332,-43.91509433962264,180.0,28.65,43,51,8,2.5132741228718345,5,8.0,9,0.1,/user/raabe14/u19361/workspace-allen/results/zebra/sub-830794_ses-ecephys-830794-2026-01-26-12-02-05_ecephys/ProbeB/trial_0/phase_1/lib_ab4a70858e/lib_ab4a70858e__delay_0.1__dur_0.18000000000000002.h5
49e74286-f924-4805-8519-cc87f2d06513,0.1,0.23,ab4a70858e,0.12027540802955627,29.55223880597015,8.066037735849058,0.0,21.49,50,22,0,0.0,4,6.0,11,1.2,/user/raabe14/u19361/workspace-allen/results/zebra/sub-830794_ses-ecephys-830794-2026-01-26-12-02-05_ecephys/ProbeB/trial_0/phase_1/lib_ab4a70858e/lib_ab4a70858e__delay_0.1__dur_0.23.h5
4a748fd9-f982-4ee8-a04d-491530ca6362,-0.075,-0.23,ab4a70858e,0.09321863949298859,-36.71641791044776,33.160377358490564,90.0,28.65,13,8,4,1.2566370614359172,5,8.0,8,0.09,/user/raabe14/u19361/workspace-allen/results/zebra/sub-830794_ses-ecephys-830794-2026-01-26-12-02-05_ecephys/ProbeB/trial_0/phase_1/lib_ab4a70858e/lib_ab4a70858e__delay_-0.075__dur_-0.23.h5
4c70ad6b-1fb2-4d4e-8289-2cb98defc102,0.2,0.18000000000000002,ab4a70858e,0.08649878203868866,-42.089552238805965,17.02830188679245,112.48408527317332,21.49,10,17,5,1.5707963267948966,4,6.0,6,0.07,/user/raabe14/u19361/workspace-allen/results/zebra/sub-830794_ses-ecephys-830794-2026-01-26-12-02-05_ecephys/ProbeB/trial_0/phase_1/lib_ab4a70858e/lib_ab4a70858e__delay_0.2__dur_0.18000000000000002.h5
4c963ced-12a0-4437-9dfa-8117ad724801,-0.01,-0.18000000000000002,ab4a70858e,0.08277513086795807,-31.34328358208955,-20.61320754716981,45.02251307527088,7.16,16,38,2,0.6283185307179586,0,2.0,9,0.1,/user/raabe14/u19361/workspace-allen/results/zebra/sub-830794_ses-ecephys-830794-2026-01-26-12-02-05_ecephys/ProbeB/trial_0/phase_1/lib_ab4a70858e/lib_ab4a70858e__delay_-0.01__dur_-0.18000000000000002.h5
4d26774c-f851-4ed7-963b-804892d1e35d,0.07,0.23,ab4a70858e,0.09940056502819061,-15.223880597014926,-0.8962264150943398,67.51591472682667,14.32,25,27,3,0.9424777960769379,2,4.0,12,1.3,/user/raabe14/u19361/workspace-allen/results/zebra/sub-830794_ses-ecephys-830794-2026-01-26-12-02-05_ecephys/ProbeB/trial_0/phase_1/lib_ab4a70858e/lib_ab4a70858e__delay_0.07__dur_0.23.h5
4d4e9b55-9c72-4c2f-a2fd-81aa0680bb9d,0.15000000000000002,0.18000000000000002,ab4a70858e,0.0844760462641716,-25.970149253731343,2.6886792452830193,45.02251307527088,21.49,19,25,2,0.6283185307179586,4,6.0,12,1.3,/user/raabe14/u19361/workspace-allen/results/zebra/sub-830794_ses-ecephys-830794-2026-01-26-12-02-05_ecephys/ProbeB/trial_0/phase_1/lib_ab4a70858e/lib_ab4a70858e__delay_0.15000000000000002__dur_0.18000000000000002.h5
4e263791-130a-4609-bab5-73af78fb4394,-0.04,-0.18000000000000002,ab4a70858e,0.09452266991138458,2.6865671641791096,36.74528301886792,0.0,14.32,35,6,0,0.0,2,4.0,11,1.2,/user/raabe14/u19361/workspace-allen/results/zebra/sub-830794_ses-ecephys-830794-2026-01-26-12-02-05_ecephys/ProbeB/trial_0/phase_1/lib_ab4a70858e/lib_ab4a70858e__delay_-0.04__dur_-0.18000000000000002.h5
4e6520f7-1b7d-4925-bc20-ffaedd2237be,-0.01,-0.08,ab4a70858e,0.08936165273189545,-13.43283582089552,9.858490566037737,180.0,7.16,26,21,8,2.5132741228718345,0,2.0,11,1.2,/user/raabe14/u19361/workspace-allen/results/zebra/sub-830794_ses-ecephys-830794-2026-01-26-12-02-05_ecephys/ProbeB/trial_0/phase_1/lib_ab4a70858e/lib_ab4a70858e__delay_-0.01__dur_-0.08.h5
4fd34fea-6874-4aa6-896a-033f26de2413,0.15000000000000002,0.13,ab4a70858e,0.08710271120071411,-4.477611940298509,-36.74528301886792,22.515923572829163,28.65,31,47,9,2.827433388230814,5,8.0,9,0.1,/user/raabe14/u19361/workspace-allen/results/zebra/sub-830794_ses-ecephys-830794-2026-01-26-12-02-05_ecephys/ProbeB/trial_0/phase_1/lib_ab4a70858e/lib_ab4a70858e__delay_0.15000000000000002__dur_0.13.h5
5039b767-c2d0-4cc4-aa29-6175c32b06f1,0.25,0.23,ab4a70858e,0.08501991629600525,-15.223880597014926,18.820754716981128,22.515923572829163,7.16,25,16,9,2.827433388230814,0,2.0,9,0.1,/user/raabe14/u19361/workspace-allen/results/zebra/sub-830794_ses-ecephys-830794-2026-01-26-12-02-05_ecephys/ProbeB/trial_0/phase_1/lib_ab4a70858e/lib_ab4a70858e__delay_0.25__dur_0.23.h5
50bd0c25-25a4-42a2-9f39-1180d6fc1a7f,0.2,0.23,ab4a70858e,0.08492862433195114,11.641791044776127,20.613207547169807,157.4840764271708,28.65,40,15,7,2.199114857512855,5,8.0,8,0.09,/user/raabe14/u19361/workspace-allen/results/zebra/sub-830794_ses-ecephys-830794-2026-01-26-12-02-05_ecephys/ProbeB/trial_0/phase_1/lib_ab4a70858e/lib_ab4a70858e__delay_0.2__dur_0.23.h5
5198f7be-9df4-4262-9e1c-16db9334f405,-0.125,-0.23,ab4a70858e,0.08782690018415451,-4.477611940298509,-31.367924528301888,180.0,14.32,31,44,8,2.5132741228718345,2,4.0,12,1.3,/user/raabe14/u19361/workspace-allen/results/zebra/sub-830794_ses-ecephys-830794-2026-01-26-12-02-05_ecephys/ProbeB/trial_0/phase_1/lib_ab4a70858e/lib_ab4a70858e__delay_-0.125__dur_-0.23.h5
52410fd6-0d0b-456a-b40c-d33f958bc7fb,0.05,0.18000000000000002,ab4a70858e,0.07544293254613876,-9.850746268656714,-29.57547169811321,0.0,7.16,28,43,0,0.0,0,2.0,7,0.08,/user/raabe14/u19361/workspace-allen/results/zebra/sub-830794_ses-ecephys-830794-2026-01-26-12-02-05_ecephys/ProbeB/trial_0/phase_1/lib_ab4a70858e/lib_ab4a70858e__delay_0.05__dur_0.18000000000000002.h5
5274d68b-18d3-4f70-a4b9-549361f356df,-0.15,-0.23,ab4a70858e,0.11435776203870773,-27.761194029850742,-22.40566037735849,0.0,17.91,18,39,0,0.0,3,5.0,11,1.2,/user/raabe14/u19361/workspace-allen/results/zebra/sub-830794_ses-ecephys-830794-2026-01-26-12-02-05_ecephys/ProbeB/trial_0/phase_1/lib_ab4a70858e/lib_ab4a70858e__delay_-0.15__dur_-0.23.h5
52f0cad4-2d2f-4954-8d66-edd07b0e4570,-0.05,-0.18000000000000002,ab4a70858e,0.09440889209508896,9.85074626865672,-25.99056603773585,112.48408527317332,28.65,39,41,5,1.5707963267948966,5,8.0,5,0.06,/user/raabe14/u19361/workspace-allen/results/zebra/sub-830794_ses-ecephys-830794-2026-01-26-12-02-05_ecephys/ProbeB/trial_0/phase_1/lib_ab4a70858e/lib_ab4a70858e__delay_-0.05__dur_-0.18000000000000002.h5
53866ab0-8155-4869-925b-99d3bb769fa1,-0.05,-0.13,ab4a70858e,0.08779729902744293,17.014925373134332,-6.273584905660378,67.51591472682667,28.65,43,30,3,0.9424777960769379,5,8.0,4,0.05,/user/raabe14/u19361/workspace-allen/results/zebra/sub-830794_ses-ecephys-830794-2026-01-26-12-02-05_ecephys/ProbeB/trial_0/phase_1/lib_ab4a70858e/lib_ab4a70858e__delay_-0.05__dur_-0.13.h5
53f7bb3a-7959-465a-afe4-6b16644b77fc,0.07,0.23,ab4a70858e,0.07818243652582169,-18.80597014925373,24.198113207547166,67.51591472682667,7.16,23,13,3,0.9424777960769379,0,2.0,0,0.01,/user/raabe14/u19361/workspace-allen/results/zebra/sub-830794_ses-ecephys-830794-2026-01-26-12-02-05_ecephys/ProbeB/trial_0/phase_1/lib_ab4a70858e/lib_ab4a70858e__delay_0.07__dur_0.23.h5
54514d6b-7097-4b2f-a7bf-e25625955dee,0.01,0.18000000000000002,ab4a70858e,0.10794079303741455,8.059701492537314,-36.74528301886792,22.515923572829163,10.74,38,47,9,2.827433388230814,1,3.0,12,1.3,/user/raabe14/u19361/workspace-allen/results/zebra/sub-830794_ses-ecephys-830794-2026-01-26-12-02-05_ecephys/ProbeB/trial_0/phase_1/lib_ab4a70858e/lib_ab4a70858e__delay_0.01__dur_0.18000000000000002.h5
549d234f-f1ae-40b3-ac77-aafd0fb1ea4c,0.1,0.23,ab4a70858e,0.07547518610954285,-2.6865671641791025,-6.273584905660378,0.0,10.74,32,30,0,0.0,1,3.0,11,1.2,/user/raabe14/u19361/workspace-allen/results/zebra/sub-830794_ses-ecephys-830794-2026-01-26-12-02-05_ecephys/ProbeB/trial_0/phase_1/lib_ab4a70858e/lib_ab4a70858e__delay_0.1__dur_0.23.h5
554c04fc-5dc8-4041-add9-9b81795938ca,0.01,0.13,ab4a70858e,0.10708068311214447,-15.223880597014926,-11.650943396226417,112.48408527317332,14.32,25,33,5,1.5707963267948966,2,4.0,12,1.3,/user/raabe14/u19361/workspace-allen/results/zebra/sub-830794_ses-ecephys-830794-2026-01-26-12-02-05_ecephys/ProbeB/trial_0/phase_1/lib_ab4a70858e/lib_ab4a70858e__delay_0.01__dur_0.13.h5
5619866e-8e52-45db-81e9-14ad6a65339e,-0.075,-0.23,ab4a70858e,0.08676081895828247,-15.223880597014926,-8.066037735849058,0.0,17.91,25,31,0,0.0,3,5.0,11,1.2,/user/raabe14/u19361/workspace-allen/results/zebra/sub-830794_ses-ecephys-830794-2026-01-26-12-02-05_ecephys/ProbeB/trial_0/phase_1/lib_ab4a70858e/lib_ab4a70858e__delay_-0.075__dur_-0.23.h5
562f2c6f-e92d-455a-9c34-742532f818ea,-0.01,-0.23,ab4a70858e,0.08304167538881302,25.97014925373135,20.613207547169807,157.4840764271708,7.16,48,15,7,2.199114857512855,0,2.0,12,1.3,/user/raabe14/u19361/workspace-allen/results/zebra/sub-830794_ses-ecephys-830794-2026-01-26-12-02-05_ecephys/ProbeB/trial_0/phase_1/lib_ab4a70858e/lib_ab4a70858e__delay_-0.01__dur_-0.23.h5
5654f81f-b94d-4c05-9bed-309ad2861698,0.0,0.23,ab4a70858e,0.0814904272556305,31.343283582089555,20.613207547169807,112.48408527317332,10.74,51,15,5,1.5707963267948966,1,3.0,11,1.2,/user/raabe14/u19361/workspace-allen/results/zebra/sub-830794_ses-ecephys-830794-2026-01-26-12-02-05_ecephys/ProbeB/trial_0/phase_1/lib_ab4a70858e/lib_ab4a70858e__delay_0.0__dur_0.23.h5
56554795-40d4-4d2e-bbe8-aa87715f6ee1,0.1,0.18000000000000002,ab4a70858e,0.08212906122207642,-36.71641791044776,43.91509433962264,0.0,7.16,13,2,0,0.0,0,2.0,0,0.01,/user/raabe14/u19361/workspace-allen/results/zebra/sub-830794_ses-ecephys-830794-2026-01-26-12-02-05_ecephys/ProbeB/trial_0/phase_1/lib_ab4a70858e/lib_ab4a70858e__delay_0.1__dur_0.18000000000000002.h5
566ce9e5-056d-4056-8546-51a7c9f7feaf,0.1,0.18000000000000002,ab4a70858e,0.0819973349571228,-8.059701492537314,18.820754716981128,22.515923572829195,10.74,29,16,1,0.3141592653589793,1,3.0,4,0.05,/user/raabe14/u19361/workspace-allen/results/zebra/sub-830794_ses-ecephys-830794-2026-01-26-12-02-05_ecephys/ProbeB/trial_0/phase_1/lib_ab4a70858e/lib_ab4a70858e__delay_0.1__dur_0.18000000000000002.h5
56a77356-29ea-4dbd-a3a7-af467b4e3cbd,0.25,0.18000000000000002,ab4a70858e,0.07403687387704849,-8.059701492537314,38.5377358490566,45.02251307527088,10.74,29,5,2,0.6283185307179586,1,3.0,5,0.06,/user/raabe14/u19361/workspace-allen/results/zebra/sub-830794_ses-ecephys-830794-2026-01-26-12-02-05_ecephys/ProbeB/trial_0/phase_1/lib_ab4a70858e/lib_ab4a70858e__delay_0.25__dur_0.18000000000000002.h5
576c72e2-395c-422d-9c3a-aea1706d9dbf,-0.01,-0.03,ab4a70858e,0.0,-60.0,47.5,0.0,7.16,0,0,0,0.0,0,2.0,0,0.01,/user/raabe14/u19361/workspace-allen/results/zebra/sub-830794_ses-ecephys-830794-2026-01-26-12-02-05_ecephys/ProbeB/trial_0/phase_1/lib_ab4a70858e/lib_ab4a70858e__delay_-0.01__dur_-0.03.h5
57787d17-9830-4e6b-ab8e-b003898bc90e,-0.15,-0.23,ab4a70858e,0.07656712830066681,58.20895522388061,4.481132075471699,0.0,7.16,66,24,0,0.0,0,2.0,11,1.2,/user/raabe14/u19361/workspace-allen/results/zebra/sub-830794_ses-ecephys-830794-2026-01-26-12-02-05_ecephys/ProbeB/trial_0/phase_1/lib_ab4a70858e/lib_ab4a70858e__delay_-0.15__dur_-0.23.h5
57a8db36-026e-4592-ac50-2f4c3afc523e,-0.15,-0.23,ab4a70858e,0.1253579556941986,-4.477611940298509,2.6886792452830193,45.02251307527088,14.32,31,25,2,0.6283185307179586,2,4.0,12,1.3,/user/raabe14/u19361/workspace-allen/results/zebra/sub-830794_ses-ecephys-830794-2026-01-26-12-02-05_ecephys/ProbeB/trial_0/phase_1/lib_ab4a70858e/lib_ab4a70858e__delay_-0.15__dur_-0.23.h5
57e02328-0629-49c1-9d44-fc555938362f,0.07,0.13,ab4a70858e,0.08422545343637466,38.507462686567166,-17.028301886792452,67.51591472682667,28.65,55,36,3,0.9424777960769379,5,8.0,1,0.02,/user/raabe14/u19361/workspace-allen/results/zebra/sub-830794_ses-ecephys-830794-2026-01-26-12-02-05_ecephys/ProbeB/trial_0/phase_1/lib_ab4a70858e/lib_ab4a70858e__delay_0.07__dur_0.13.h5
580f3322-73c2-4c17-8dde-c1b85ffc65e0,-0.15,-0.23,ab4a70858e,0.07887336611747742,-17.014925373134325,-11.650943396226417,134.9774869247291,21.49,24,33,6,1.8849555921538759,4,6.0,9,0.1,/user/raabe14/u19361/workspace-allen/results/zebra/sub-830794_ses-ecephys-830794-2026-01-26-12-02-05_ecephys/ProbeB/trial_0/phase_1/lib_ab4a70858e/lib_ab4a70858e__delay_-0.15__dur_-0.23.h5
59b640a5-3bf4-438f-a175-f08edddb7ade,-0.075,-0.23,ab4a70858e,0.08453565835952759,-13.43283582089552,-20.61320754716981,112.48408527317332,10.74,26,38,5,1.5707963267948966,1,3.0,11,1.2,/user/raabe14/u19361/workspace-allen/results/zebra/sub-830794_ses-ecephys-830794-2026-01-26-12-02-05_ecephys/ProbeB/trial_0/phase_1/lib_ab4a70858e/lib_ab4a70858e__delay_-0.075__dur_-0.23.h5
5a001bc0-7792-4910-a777-d4d81125c934,0.30000000000000004,0.13,ab4a70858e,0.12260822206735611,31.343283582089555,22.405660377358487,157.4840764271708,21.49,51,14,7,2.199114857512855,4,6.0,12,1.3,/user/raabe14/u19361/workspace-allen/results/zebra/sub-830794_ses-ecephys-830794-2026-01-26-12-02-05_ecephys/ProbeB/trial_0/phase_1/lib_ab4a70858e/lib_ab4a70858e__delay_0.30000000000000004__dur_0.13.h5
5a1fd290-b907-472e-ae2b-594ea992ad9c,-0.01,-0.03,ab4a70858e,0.0,-60.0,47.5,0.0,7.16,0,0,0,0.0,0,2.0,0,0.01,/user/raabe14/u19361/workspace-allen/results/zebra/sub-830794_ses-ecephys-830794-2026-01-26-12-02-05_ecephys/ProbeB/trial_0/phase_1/lib_ab4a70858e/lib_ab4a70858e__delay_-0.01__dur_-0.03.h5
5a31b717-2d5a-416a-912c-8fea78c00b69,0.2,0.23,ab4a70858e,0.0771884098649025,-6.268656716417908,-0.8962264150943398,0.0,21.49,30,27,0,0.0,4,6.0,8,0.09,/user/raabe14/u19361/workspace-allen/results/zebra/sub-830794_ses-ecephys-830794-2026-01-26-12-02-05_ecephys/ProbeB/trial_0/phase_1/lib_ab4a70858e/lib_ab4a70858e__delay_0.2__dur_0.23.h5
5a885f4f-19f6-4e4b-abce-be6f957698af,0.0,0.18000000000000002,ab4a70858e,0.19091354310512543,29.55223880597015,22.405660377358487,157.4840764271708,21.49,50,14,7,2.199114857512855,4,6.0,12,1.3,/user/raabe14/u19361/workspace-allen/results/zebra/sub-830794_ses-ecephys-830794-2026-01-26-12-02-05_ecephys/ProbeB/trial_0/phase_1/lib_ab4a70858e/lib_ab4a70858e__delay_0.0__dur_0.18000000000000002.h5
5ac08cc3-4b71-4890-99b9-ff31419cf885,-0.15,-0.18000000000000002,ab4a70858e,0.09256135672330856,58.20895522388061,8.066037735849058,157.4840764271708,28.65,66,22,7,2.199114857512855,5,8.0,8,0.09,/user/raabe14/u19361/workspace-allen/results/zebra/sub-830794_ses-ecephys-830794-2026-01-26-12-02-05_ecephys/ProbeB/trial_0/phase_1/lib_ab4a70858e/lib_ab4a70858e__delay_-0.15__dur_-0.18000000000000002.h5
5b40d3b9-a2af-476a-bade-350146d7704b,-0.02,-0.23,ab4a70858e,0.08069269359111786,6.268656716417908,-20.61320754716981,45.02251307527088,21.49,37,38,2,0.6283185307179586,4,6.0,9,0.1,/user/raabe14/u19361/workspace-allen/results/zebra/sub-830794_ses-ecephys-830794-2026-01-26-12-02-05_ecephys/ProbeB/trial_0/phase_1/lib_ab4a70858e/lib_ab4a70858e__delay_-0.02__dur_-0.23.h5
5c54716d-4d07-48fd-8d85-c86e64702773,0.02,0.13,ab4a70858e,0.09478433430194855,-2.6865671641791025,2.6886792452830193,67.51591472682667,7.16,32,25,3,0.9424777960769379,0,2.0,9,0.1,/user/raabe14/u19361/workspace-allen/results/zebra/sub-830794_ses-ecephys-830794-2026-01-26-12-02-05_ecephys/ProbeB/trial_0/phase_1/lib_ab4a70858e/lib_ab4a70858e__delay_0.02__dur_0.13.h5
5cc0826d-491e-4cf7-97e3-ee25c62e8615,-0.035,-0.18000000000000002,ab4a70858e,0.08591250330209732,-36.71641791044776,-27.78301886792453,157.4840764271708,10.74,13,42,7,2.199114857512855,1,3.0,12,1.3,/user/raabe14/u19361/workspace-allen/results/zebra/sub-830794_ses-ecephys-830794-2026-01-26-12-02-05_ecephys/ProbeB/trial_0/phase_1/lib_ab4a70858e/lib_ab4a70858e__delay_-0.035__dur_-0.18000000000000002.h5
5d388f31-bdb2-4b86-bb1e-2bb197fb63b4,0.0,0.18000000000000002,ab4a70858e,0.12494608759880066,33.13432835820896,-15.235849056603776,0.0,21.49,52,35,0,0.0,4,6.0,11,1.2,/user/raabe14/u19361/workspace-allen/results/zebra/sub-830794_ses-ecephys-830794-2026-01-26-12-02-05_ecephys/ProbeB/trial_0/phase_1/lib_ab4a70858e/lib_ab4a70858e__delay_0.0__dur_0.18000000000000002.h5
5d929868-7ec5-42e1-b19d-5cd3389d2654,0.2,0.23,ab4a70858e,0.07969515025615692,-6.268656716417908,-2.6886792452830193,0.0,17.91,30,28,0,0.0,3,5.0,9,0.1,/user/raabe14/u19361/workspace-allen/results/zebra/sub-830794_ses-ecephys-830794-2026-01-26-12-02-05_ecephys/ProbeB/trial_0/phase_1/lib_ab4a70858e/lib_ab4a70858e__delay_0.2__dur_0.23.h5
5dc1d356-b6af-4a87-8325-76b3f7c4f108,0.02,0.23,ab4a70858e,0.07941601425409317,-36.71641791044776,6.273584905660378,0.0,21.49,13,23,0,0.0,4,6.0,8,0.09,/user/raabe14/u19361/workspace-allen/results/zebra/sub-830794_ses-ecephys-830794-2026-01-26-12-02-05_ecephys/ProbeB/trial_0/phase_1/lib_ab4a70858e/lib_ab4a70858e__delay_0.02__dur_0.23.h5
5df16606-6b11-4225-8c4e-c14ef65c6756,0.1,0.18000000000000002,ab4a70858e,0.08075743913650513,-13.43283582089552,-9.858490566037737,157.4840764271708,7.16,26,32,7,2.199114857512855,0,2.0,9,0.1,/user/raabe14/u19361/workspace-allen/results/zebra/sub-830794_ses-ecephys-830794-2026-01-26-12-02-05_ecephys/ProbeB/trial_0/phase_1/lib_ab4a70858e/lib_ab4a70858e__delay_0.1__dur_0.18000000000000002.h5
5e5cf708-a5de-4c47-8bce-50e614e42592,-0.035,-0.08,ab4a70858e,0.10196515172719955,-29.55223880597015,25.990566037735846,67.51591472682667,17.91,17,12,3,0.9424777960769379,3,5.0,12,1.3,/user/raabe14/u19361/workspace-allen/results/zebra/sub-830794_ses-ecephys-830794-2026-01-26-12-02-05_ecephys/ProbeB/trial_0/phase_1/lib_ab4a70858e/lib_ab4a70858e__delay_-0.035__dur_-0.08.h5
5e923953-eead-408d-b3b9-47068cea6457,0.1,0.13,ab4a70858e,0.07310741394758224,-60.0,43.91509433962264,67.51591472682667,7.16,0,2,3,0.9424777960769379,0,2.0,8,0.09,/user/raabe14/u19361/workspace-allen/results/zebra/sub-830794_ses-ecephys-830794-2026-01-26-12-02-05_ecephys/ProbeB/trial_0/phase_1/lib_ab4a70858e/lib_ab4a70858e__delay_0.1__dur_0.13.h5
5f7ba220-4519-450e-b5e6-399c8c387198,0.06,0.23,ab4a70858e,0.09053365886211395,6.268656716417908,-18.82075471698113,45.02251307527088,14.32,37,37,2,0.6283185307179586,2,4.0,8,0.09,/user/raabe14/u19361/workspace-allen/results/zebra/sub-830794_ses-ecephys-830794-2026-01-26-12-02-05_ecephys/ProbeB/trial_0/phase_1/lib_ab4a70858e/lib_ab4a70858e__delay_0.06__dur_0.23.h5
604d85a6-c0c1-46b0-9f82-1173d686b48e,-0.15,-0.23,ab4a70858e,0.08643545210361481,-17.014925373134325,4.481132075471699,22.515923572829163,21.49,24,24,9,2.827433388230814,4,6.0,9,0.1,/user/raabe14/u19361/workspace-allen/results/zebra/sub-830794_ses-ecephys-830794-2026-01-26-12-02-05_ecephys/ProbeB/trial_0/phase_1/lib_ab4a70858e/lib_ab4a70858e__delay_-0.15__dur_-0.23.h5
61356d54-5f18-4a86-9d14-276ed52be940,-0.02,-0.23,ab4a70858e,0.08208031207323074,-51.04477611940298,36.74528301886792,67.51591472682667,21.49,5,6,3,0.9424777960769379,4,6.0,9,0.1,/user/raabe14/u19361/workspace-allen/results/zebra/sub-830794_ses-ecephys-830794-2026-01-26-12-02-05_ecephys/ProbeB/trial_0/phase_1/lib_ab4a70858e/lib_ab4a70858e__delay_-0.02__dur_-0.23.h5
61eea660-2db3-496a-a74c-08e27067e736,0.06,0.13,ab4a70858e,0.08014809340238571,17.014925373134332,22.405660377358487,157.4840764271708,10.74,43,14,7,2.199114857512855,1,3.0,12,1.3,/user/raabe14/u19361/workspace-allen/results/zebra/sub-830794_ses-ecephys-830794-2026-01-26-12-02-05_ecephys/ProbeB/trial_0/phase_1/lib_ab4a70858e/lib_ab4a70858e__delay_0.06__dur_0.13.h5
6200d399-949a-43f4-a796-d4e85760c51c,-0.01,-0.08,ab4a70858e,0.08485756069421768,-2.6865671641791025,2.6886792452830193,67.51591472682667,14.32,32,25,3,0.9424777960769379,2,4.0,9,0.1,/user/raabe14/u19361/workspace-allen/results/zebra/sub-830794_ses-ecephys-830794-2026-01-26-12-02-05_ecephys/ProbeB/trial_0/phase_1/lib_ab4a70858e/lib_ab4a70858e__delay_-0.01__dur_-0.08.h5
62484033-decd-48a5-9333-2117e4a72fcb,0.0,0.08,ab4a70858e,0.1533752828836441,17.014925373134332,34.95283018867924,67.51591472682667,28.65,43,7,3,0.9424777960769379,5,8.0,2,0.03,/user/raabe14/u19361/workspace-allen/results/zebra/sub-830794_ses-ecephys-830794-2026-01-26-12-02-05_ecephys/ProbeB/trial_0/phase_1/lib_ab4a70858e/lib_ab4a70858e__delay_0.0__dur_0.08.h5
62834e7a-b72a-4df4-8b3f-5df7b1cd8ce6,0.01,0.18000000000000002,ab4a70858e,0.0785195380449295,18.80597014925374,-24.19811320754717,112.48408527317332,7.16,44,40,5,1.5707963267948966,0,2.0,9,0.1,/user/raabe14/u19361/workspace-allen/results/zebra/sub-830794_ses-ecephys-830794-2026-01-26-12-02-05_ecephys/ProbeB/trial_0/phase_1/lib_ab4a70858e/lib_ab4a70858e__delay_0.01__dur_0.18000000000000002.h5
62a514e7-bab3-4bcb-af3e-9405be1d0257,0.07,0.23,ab4a70858e,0.07438107579946518,-22.388059701492537,4.481132075471699,157.4840764271708,21.49,21,24,7,2.199114857512855,4,6.0,7,0.08,/user/raabe14/u19361/workspace-allen/results/zebra/sub-830794_ses-ecephys-830794-2026-01-26-12-02-05_ecephys/ProbeB/trial_0/phase_1/lib_ab4a70858e/lib_ab4a70858e__delay_0.07__dur_0.23.h5
62d5b122-01c2-4f3b-98d6-0263385f096a,0.15000000000000002,0.23,ab4a70858e,0.0824892520904541,-34.92537313432835,8.066037735849058,22.515923572829195,10.74,14,22,1,0.3141592653589793,1,3.0,9,0.1,/user/raabe14/u19361/workspace-allen/results/zebra/sub-830794_ses-ecephys-830794-2026-01-26-12-02-05_ecephys/ProbeB/trial_0/phase_1/lib_ab4a70858e/lib_ab4a70858e__delay_0.15000000000000002__dur_0.23.h5
62f7060b-f9dc-4b73-b6a5-ff5c337d7c01,0.04,0.18000000000000002,ab4a70858e,0.08069312572479248,40.29850746268657,0.8962264150943398,90.0,28.65,56,26,4,1.2566370614359172,5,8.0,3,0.04,/user/raabe14/u19361/workspace-allen/results/zebra/sub-830794_ses-ecephys-830794-2026-01-26-12-02-05_ecephys/ProbeB/trial_0/phase_1/lib_ab4a70858e/lib_ab4a70858e__delay_0.04__dur_0.18000000000000002.h5
63624e05-c331-47ff-9e96-8deb109ce4c1,0.06,0.23,ab4a70858e,0.14495272934436798,-24.179104477611936,2.6886792452830193,67.51591472682667,17.91,20,25,3,0.9424777960769379,3,5.0,12,1.3,/user/raabe14/u19361/workspace-allen/results/zebra/sub-830794_ses-ecephys-830794-2026-01-26-12-02-05_ecephys/ProbeB/trial_0/phase_1/lib_ab4a70858e/lib_ab4a70858e__delay_0.06__dur_0.23.h5
63698352-eac8-451c-a950-7492c4e85743,-0.03,-0.18000000000000002,ab4a70858e,0.07656710594892502,-40.298507462686565,15.235849056603776,22.515923572829195,14.32,11,18,1,0.3141592653589793,2,4.0,9,0.1,/user/raabe14/u19361/workspace-allen/results/zebra/sub-830794_ses-ecephys-830794-2026-01-26-12-02-05_ecephys/ProbeB/trial_0/phase_1/lib_ab4a70858e/lib_ab4a70858e__delay_-0.03__dur_-0.18000000000000002.h5
6389c499-9ada-4eba-ae4e-8959c4ba1f4e,0.2,0.23,ab4a70858e,0.0801658183336258,-29.55223880597015,0.8962264150943398,157.4840764271708,7.16,17,26,7,2.199114857512855,0,2.0,0,0.01,/user/raabe14/u19361/workspace-allen/results/zebra/sub-830794_ses-ecephys-830794-2026-01-26-12-02-05_ecephys/ProbeB/trial_0/phase_1/lib_ab4a70858e/lib_ab4a70858e__delay_0.2__dur_0.23.h5
64ea243f-455c-44c3-ae0d-da7bdca3c755,0.03,0.23,ab4a70858e,0.12149303406476974,-24.179104477611936,2.6886792452830193,67.51591472682667,17.91,20,25,3,0.9424777960769379,3,5.0,12,1.3,/user/raabe14/u19361/workspace-allen/results/zebra/sub-830794_ses-ecephys-830794-2026-01-26-12-02-05_ecephys/ProbeB/trial_0/phase_1/lib_ab4a70858e/lib_ab4a70858e__delay_0.03__dur_0.23.h5
65b8f757-79d4-4f60-9d47-22393d440241,-0.125,-0.23,ab4a70858e,0.0912427231669426,56.4179104477612,-0.8962264150943398,90.0,28.65,65,27,4,1.2566370614359172,5,8.0,9,0.1,/user/raabe14/u19361/workspace-allen/results/zebra/sub-830794_ses-ecephys-830794-2026-01-26-12-02-05_ecephys/ProbeB/trial_0/phase_1/lib_ab4a70858e/lib_ab4a70858e__delay_-0.125__dur_-0.23.h5
661e6cb2-2bc2-4f1a-826a-7f45a30a954e,-0.01,-0.03,ab4a70858e,0.0,-60.0,47.5,0.0,7.16,0,0,0,0.0,0,2.0,0,0.01,/user/raabe14/u19361/workspace-allen/results/zebra/sub-830794_ses-ecephys-830794-2026-01-26-12-02-05_ecephys/ProbeB/trial_0/phase_1/lib_ab4a70858e/lib_ab4a70858e__delay_-0.01__dur_-0.03.h5
66372c09-f9de-4615-ae78-f08020ed5943,0.06,0.08,ab4a70858e,0.08047424256801605,-36.71641791044776,47.5,157.4840764271708,7.16,13,0,7,2.199114857512855,0,2.0,11,1.2,/user/raabe14/u19361/workspace-allen/results/zebra/sub-830794_ses-ecephys-830794-2026-01-26-12-02-05_ecephys/ProbeB/trial_0/phase_1/lib_ab4a70858e/lib_ab4a70858e__delay_0.06__dur_0.08.h5
674bef82-4dc0-48d1-9794-058ca41a473c,-0.01,-0.23,ab4a70858e,0.07455027103424072,-27.761194029850742,11.650943396226417,0.0,17.91,18,20,0,0.0,3,5.0,11,1.2,/user/raabe14/u19361/workspace-allen/results/zebra/sub-830794_ses-ecephys-830794-2026-01-26-12-02-05_ecephys/ProbeB/trial_0/phase_1/lib_ab4a70858e/lib_ab4a70858e__delay_-0.01__dur_-0.23.h5
67e7c508-2b44-48a1-823f-11af48dc8547,-0.01,-0.03,ab4a70858e,0.0,-60.0,47.5,0.0,7.16,0,0,0,0.0,0,2.0,0,0.01,/user/raabe14/u19361/workspace-allen/results/zebra/sub-830794_ses-ecephys-830794-2026-01-26-12-02-05_ecephys/ProbeB/trial_0/phase_1/lib_ab4a70858e/lib_ab4a70858e__delay_-0.01__dur_-0.03.h5
68504986-1ad4-4cf1-89f1-17f2fec962c5,0.04,0.08,ab4a70858e,0.16541922092437744,25.97014925373135,18.820754716981128,0.0,10.74,48,16,0,0.0,1,3.0,2,0.03,/user/raabe14/u19361/workspace-allen/results/zebra/sub-830794_ses-ecephys-830794-2026-01-26-12-02-05_ecephys/ProbeB/trial_0/phase_1/lib_ab4a70858e/lib_ab4a70858e__delay_0.04__dur_0.08.h5
6891475f-42b1-40b9-beeb-282406755f17,-0.01,-0.03,ab4a70858e,0.0,-60.0,47.5,0.0,7.16,0,0,0,0.0,0,2.0,0,0.01,/user/raabe14/u19361/workspace-allen/results/zebra/sub-830794_ses-ecephys-830794-2026-01-26-12-02-05_ecephys/ProbeB/trial_0/phase_1/lib_ab4a70858e/lib_ab4a70858e__delay_-0.01__dur_-0.03.h5
6b8c4ad5-6065-49d1-9400-5dd342b1794e,0.30000000000000004,0.23,ab4a70858e,0.07984870672225952,-31.34328358208955,4.481132075471699,22.515923572829195,17.91,16,24,1,0.3141592653589793,3,5.0,5,0.06,/user/raabe14/u19361/workspace-allen/results/zebra/sub-830794_ses-ecephys-830794-2026-01-26-12-02-05_ecephys/ProbeB/trial_0/phase_1/lib_ab4a70858e/lib_ab4a70858e__delay_0.30000000000000004__dur_0.23.h5
6c3bc739-689c-47f0-ab09-436260f4a3de,0.2,0.23,ab4a70858e,0.08005492389202118,-11.64179104477612,38.5377358490566,22.515923572829195,28.65,27,5,1,0.3141592653589793,5,8.0,9,0.1,/user/raabe14/u19361/workspace-allen/results/zebra/sub-830794_ses-ecephys-830794-2026-01-26-12-02-05_ecephys/ProbeB/trial_0/phase_1/lib_ab4a70858e/lib_ab4a70858e__delay_0.2__dur_0.23.h5
6d43bae4-5328-438d-84bf-0b1b46264b8f,0.30000000000000004,0.23,ab4a70858e,0.08204199373722076,-33.134328358208954,29.575471698113205,112.48408527317332,10.74,15,10,5,1.5707963267948966,1,3.0,11,1.2,/user/raabe14/u19361/workspace-allen/results/zebra/sub-830794_ses-ecephys-830794-2026-01-26-12-02-05_ecephys/ProbeB/trial_0/phase_1/lib_ab4a70858e/lib_ab4a70858e__delay_0.30000000000000004__dur_0.23.h5
6e4221a9-9b14-4485-bd58-878c692d10fb,-0.01,-0.03,ab4a70858e,0.0,-60.0,47.5,0.0,7.16,0,0,0,0.0,0,2.0,0,0.01,/user/raabe14/u19361/workspace-allen/results/zebra/sub-830794_ses-ecephys-830794-2026-01-26-12-02-05_ecephys/ProbeB/trial_0/phase_1/lib_ab4a70858e/lib_ab4a70858e__delay_-0.01__dur_-0.03.h5
6e647bd2-b5c4-49c9-a8d0-240139ecca22,0.01,0.13,ab4a70858e,0.08371589332818985,20.59701492537313,-2.6886792452830193,22.515923572829195,28.65,45,28,1,0.3141592653589793,5,8.0,7,0.08,/user/raabe14/u19361/workspace-allen/results/zebra/sub-830794_ses-ecephys-830794-2026-01-26-12-02-05_ecephys/ProbeB/trial_0/phase_1/lib_ab4a70858e/lib_ab4a70858e__delay_0.01__dur_0.13.h5
6eb8d5c0-677c-4bc7-acbe-76ba7bea3d8e,0.01,0.23,ab4a70858e,0.08443725109100342,-20.59701492537313,36.74528301886792,180.0,17.91,22,6,8,2.5132741228718345,3,5.0,4,0.05,/user/raabe14/u19361/workspace-allen/results/zebra/sub-830794_ses-ecephys-830794-2026-01-26-12-02-05_ecephys/ProbeB/trial_0/phase_1/lib_ab4a70858e/lib_ab4a70858e__delay_0.01__dur_0.23.h5
6ed8aa29-ac85-4957-87bb-01ff31159dda,-0.1,-0.23,ab4a70858e,0.08361122012138367,2.6865671641791096,-24.19811320754717,22.515923572829195,17.91,35,40,1,0.3141592653589793,3,5.0,6,0.07,/user/raabe14/u19361/workspace-allen/results/zebra/sub-830794_ses-ecephys-830794-2026-01-26-12-02-05_ecephys/ProbeB/trial_0/phase_1/lib_ab4a70858e/lib_ab4a70858e__delay_-0.1__dur_-0.23.h5
6f55c057-ab4d-4f23-8b07-c29899e6ec8a,0.03,0.23,ab4a70858e,0.08062193542718887,-13.43283582089552,-17.028301886792452,112.48408527317332,7.16,26,36,5,1.5707963267948966,0,2.0,11,1.2,/user/raabe14/u19361/workspace-allen/results/zebra/sub-830794_ses-ecephys-830794-2026-01-26-12-02-05_ecephys/ProbeB/trial_0/phase_1/lib_ab4a70858e/lib_ab4a70858e__delay_0.03__dur_0.23.h5
70ec11fb-f3b8-4cc7-8915-e8421d1dd93c,-0.075,-0.23,ab4a70858e,0.09675780683755875,-11.64179104477612,6.273584905660378,157.4840764271708,7.16,27,23,7,2.199114857512855,0,2.0,12,1.3,/user/raabe14/u19361/workspace-allen/results/zebra/sub-830794_ses-ecephys-830794-2026-01-26-12-02-05_ecephys/ProbeB/trial_0/phase_1/lib_ab4a70858e/lib_ab4a70858e__delay_-0.075__dur_-0.23.h5
71a019ce-651d-47ec-997b-c1b6663939a9,0.02,0.23,ab4a70858e,0.09700151532888412,-20.59701492537313,2.6886792452830193,157.4840764271708,17.91,22,25,7,2.199114857512855,3,5.0,12,1.3,/user/raabe14/u19361/workspace-allen/results/zebra/sub-830794_ses-ecephys-830794-2026-01-26-12-02-05_ecephys/ProbeB/trial_0/phase_1/lib_ab4a70858e/lib_ab4a70858e__delay_0.02__dur_0.23.h5
722991a6-e878-4b69-83a4-c5e4c4c84e0c,-0.01,-0.03,ab4a70858e,0.0,-60.0,47.5,0.0,7.16,0,0,0,0.0,0,2.0,0,0.01,/user/raabe14/u19361/workspace-allen/results/zebra/sub-830794_ses-ecephys-830794-2026-01-26-12-02-05_ecephys/ProbeB/trial_0/phase_1/lib_ab4a70858e/lib_ab4a70858e__delay_-0.01__dur_-0.03.h5
7239e14d-83ea-49f7-918e-6850d0a0c81d,-0.075,-0.23,ab4a70858e,0.11495402455329895,-11.64179104477612,-42.12264150943396,45.02251307527088,17.91,27,50,2,0.6283185307179586,3,5.0,12,1.3,/user/raabe14/u19361/workspace-allen/results/zebra/sub-830794_ses-ecephys-830794-2026-01-26-12-02-05_ecephys/ProbeB/trial_0/phase_1/lib_ab4a70858e/lib_ab4a70858e__delay_-0.075__dur_-0.23.h5
72da0892-f2d6-4327-9971-f061ad06557b,0.0,0.08,ab4a70858e,0.22500352561473846,-29.55223880597015,6.273584905660378,22.515923572829195,21.49,17,23,1,0.3141592653589793,4,6.0,6,0.07,/user/raabe14/u19361/workspace-allen/results/zebra/sub-830794_ses-ecephys-830794-2026-01-26-12-02-05_ecephys/ProbeB/trial_0/phase_1/lib_ab4a70858e/lib_ab4a70858e__delay_0.0__dur_0.08.h5
73ba42e1-4833-4b55-a646-20786b7940a4,-0.075,-0.18000000000000002,ab4a70858e,0.08705689013004303,42.08955223880598,-18.82075471698113,0.0,21.49,57,37,0,0.0,4,6.0,3,0.04,/user/raabe14/u19361/workspace-allen/results/zebra/sub-830794_ses-ecephys-830794-2026-01-26-12-02-05_ecephys/ProbeB/trial_0/phase_1/lib_ab4a70858e/lib_ab4a70858e__delay_-0.075__dur_-0.18000000000000002.h5
749b4025-e64d-441e-b229-3ec03d00f27e,0.2,0.18000000000000002,ab4a70858e,0.0780499055981636,-15.223880597014926,11.650943396226417,45.02251307527088,7.16,25,20,2,0.6283185307179586,0,2.0,12,1.3,/user/raabe14/u19361/workspace-allen/results/zebra/sub-830794_ses-ecephys-830794-2026-01-26-12-02-05_ecephys/ProbeB/trial_0/phase_1/lib_ab4a70858e/lib_ab4a70858e__delay_0.2__dur_0.18000000000000002.h5
7519b5a6-0218-46aa-8426-3ad51ecb00b7,0.03,0.23,ab4a70858e,0.09197816997766495,-0.8955223880596961,-22.40566037735849,134.9774869247291,17.91,33,39,6,1.8849555921538759,3,5.0,2,0.03,/user/raabe14/u19361/workspace-allen/results/zebra/sub-830794_ses-ecephys-830794-2026-01-26-12-02-05_ecephys/ProbeB/trial_0/phase_1/lib_ab4a70858e/lib_ab4a70858e__delay_0.03__dur_0.23.h5
75273b02-f5e1-4599-8164-a5e6ad8fe9e1,0.0,0.18000000000000002,ab4a70858e,0.12312812358140945,0.8955223880597032,18.820754716981128,112.48408527317332,28.65,34,16,5,1.5707963267948966,5,8.0,8,0.09,/user/raabe14/u19361/workspace-allen/results/zebra/sub-830794_ses-ecephys-830794-2026-01-26-12-02-05_ecephys/ProbeB/trial_0/phase_1/lib_ab4a70858e/lib_ab4a70858e__delay_0.0__dur_0.18000000000000002.h5
7555763a-5177-47e8-ad00-3895618d6753,-0.15,-0.23,ab4a70858e,0.09709393233060837,9.85074626865672,-0.8962264150943398,45.02251307527088,7.16,39,27,2,0.6283185307179586,0,2.0,12,1.3,/user/raabe14/u19361/workspace-allen/results/zebra/sub-830794_ses-ecephys-830794-2026-01-26-12-02-05_ecephys/ProbeB/trial_0/phase_1/lib_ab4a70858e/lib_ab4a70858e__delay_-0.15__dur_-0.23.h5
7559bd73-e8df-49e5-8ccd-a5fdf18c5e9e,0.05,0.13,ab4a70858e,0.0861041247844696,-13.43283582089552,11.650943396226417,22.515923572829195,28.65,26,20,1,0.3141592653589793,5,8.0,9,0.1,/user/raabe14/u19361/workspace-allen/results/zebra/sub-830794_ses-ecephys-830794-2026-01-26-12-02-05_ecephys/ProbeB/trial_0/phase_1/lib_ab4a70858e/lib_ab4a70858e__delay_0.05__dur_0.13.h5
75ff11a0-1d88-40dd-b6d0-3dff9c3dc34f,-0.125,-0.18000000000000002,ab4a70858e,0.08683422952890396,-8.059701492537314,8.066037735849058,22.515923572829163,28.65,29,22,9,2.827433388230814,5,8.0,8,0.09,/user/raabe14/u19361/workspace-allen/results/zebra/sub-830794_ses-ecephys-830794-2026-01-26-12-02-05_ecephys/ProbeB/trial_0/phase_1/lib_ab4a70858e/lib_ab4a70858e__delay_-0.125__dur_-0.18000000000000002.h5
760548e5-5cd6-44f2-9435-ef3b9132aba7,-0.05,-0.08,ab4a70858e,0.08917003124952316,-20.59701492537313,22.405660377358487,0.0,14.32,22,14,0,0.0,2,4.0,6,0.07,/user/raabe14/u19361/workspace-allen/results/zebra/sub-830794_ses-ecephys-830794-2026-01-26-12-02-05_ecephys/ProbeB/trial_0/phase_1/lib_ab4a70858e/lib_ab4a70858e__delay_-0.05__dur_-0.08.h5
7691c8fe-2033-4c1f-96bf-bfcf1c522007,0.0,0.13,ab4a70858e,0.09465006738901138,-54.62686567164179,6.273584905660378,134.9774869247291,28.65,3,23,6,1.8849555921538759,5,8.0,8,0.09,/user/raabe14/u19361/workspace-allen/results/zebra/sub-830794_ses-ecephys-830794-2026-01-26-12-02-05_ecephys/ProbeB/trial_0/phase_1/lib_ab4a70858e/lib_ab4a70858e__delay_0.0__dur_0.13.h5
769adafe-856a-4486-b880-893e7aac2ef9,0.06,0.23,ab4a70858e,0.12879718840122223,-0.8955223880596961,-24.19811320754717,45.02251307527088,14.32,33,40,2,0.6283185307179586,2,4.0,12,1.3,/user/raabe14/u19361/workspace-allen/results/zebra/sub-830794_ses-ecephys-830794-2026-01-26-12-02-05_ecephys/ProbeB/trial_0/phase_1/lib_ab4a70858e/lib_ab4a70858e__delay_0.06__dur_0.23.h5
76bd806e-3320-46cd-aa29-82c3920ae83e,0.06,0.13,ab4a70858e,0.07919484376907349,-9.850746268656714,22.405660377358487,45.02251307527088,7.16,28,14,2,0.6283185307179586,0,2.0,9,0.1,/user/raabe14/u19361/workspace-allen/results/zebra/sub-830794_ses-ecephys-830794-2026-01-26-12-02-05_ecephys/ProbeB/trial_0/phase_1/lib_ab4a70858e/lib_ab4a70858e__delay_0.06__dur_0.13.h5
76f3c97c-ed04-4055-83e2-9918fe9783a2,0.03,0.23,ab4a70858e,0.15001578629016876,-24.179104477611936,2.6886792452830193,67.51591472682667,17.91,20,25,3,0.9424777960769379,3,5.0,12,1.3,/user/raabe14/u19361/workspace-allen/results/zebra/sub-830794_ses-ecephys-830794-2026-01-26-12-02-05_ecephys/ProbeB/trial_0/phase_1/lib_ab4a70858e/lib_ab4a70858e__delay_0.03__dur_0.23.h5
77fff250-194e-4d47-ad35-842ec505b7b4,0.01,0.18000000000000002,ab4a70858e,0.08143535256385803,13.43283582089552,-22.40566037735849,90.0,21.49,41,39,4,1.2566370614359172,4,6.0,9,0.1,/user/raabe14/u19361/workspace-allen/results/zebra/sub-830794_ses-ecephys-830794-2026-01-26-12-02-05_ecephys/ProbeB/trial_0/phase_1/lib_ab4a70858e/lib_ab4a70858e__delay_0.01__dur_0.18000000000000002.h5
7889d263-a324-44b5-85a8-b7a580e5d925,0.2,0.13,ab4a70858e,0.07791411131620407,-36.71641791044776,24.198113207547166,90.0,21.49,13,13,4,1.2566370614359172,4,6.0,3,0.04,/user/raabe14/u19361/workspace-allen/results/zebra/sub-830794_ses-ecephys-830794-2026-01-26-12-02-05_ecephys/ProbeB/trial_0/phase_1/lib_ab4a70858e/lib_ab4a70858e__delay_0.2__dur_0.13.h5
7b0eaa0f-ec49-4fa8-86f8-d2d34b96885c,0.01,0.23,ab4a70858e,0.0763620063662529,-31.34328358208955,40.33018867924528,22.515923572829163,10.74,16,4,9,2.827433388230814,1,3.0,9,0.1,/user/raabe14/u19361/workspace-allen/results/zebra/sub-830794_ses-ecephys-830794-2026-01-26-12-02-05_ecephys/ProbeB/trial_0/phase_1/lib_ab4a70858e/lib_ab4a70858e__delay_0.01__dur_0.23.h5
7b5fd22b-b359-451f-bd2d-4301e871225e,0.0,0.23,ab4a70858e,0.16258719563484192,15.223880597014926,-2.6886792452830193,45.02251307527088,10.74,42,28,2,0.6283185307179586,1,3.0,12,1.3,/user/raabe14/u19361/workspace-allen/results/zebra/sub-830794_ses-ecephys-830794-2026-01-26-12-02-05_ecephys/ProbeB/trial_0/phase_1/lib_ab4a70858e/lib_ab4a70858e__delay_0.0__dur_0.23.h5
7c0cbcab-11fe-45d6-a9d0-338842439492,0.2,0.23,ab4a70858e,0.08220715075731277,52.83582089552239,8.066037735849058,180.0,10.74,63,22,8,2.5132741228718345,1,3.0,12,1.3,/user/raabe14/u19361/workspace-allen/results/zebra/sub-830794_ses-ecephys-830794-2026-01-26-12-02-05_ecephys/ProbeB/trial_0/phase_1/lib_ab4a70858e/lib_ab4a70858e__delay_0.2__dur_0.23.h5
7c97df27-61df-499a-aa9b-0b8ade3ce59d,-0.035,-0.23,ab4a70858e,0.08324238657951355,-2.6865671641791025,-9.858490566037737,134.9774869247291,7.16,32,32,6,1.8849555921538759,0,2.0,9,0.1,/user/raabe14/u19361/workspace-allen/results/zebra/sub-830794_ses-ecephys-830794-2026-01-26-12-02-05_ecephys/ProbeB/trial_0/phase_1/lib_ab4a70858e/lib_ab4a70858e__delay_-0.035__dur_-0.23.h5
7cb481a2-d0f7-4782-9f0d-61fae97e810f,0.2,0.23,ab4a70858e,0.07947003841400146,-36.71641791044776,-2.6886792452830193,45.02251307527088,28.65,13,28,2,0.6283185307179586,5,8.0,3,0.04,/user/raabe14/u19361/workspace-allen/results/zebra/sub-830794_ses-ecephys-830794-2026-01-26-12-02-05_ecephys/ProbeB/trial_0/phase_1/lib_ab4a70858e/lib_ab4a70858e__delay_0.2__dur_0.23.h5
7d451f81-7400-456f-b75d-6ed26974b5f0,0.03,0.13,ab4a70858e,0.07917438447475433,38.507462686567166,15.235849056603776,180.0,14.32,55,18,8,2.5132741228718345,2,4.0,5,0.06,/user/raabe14/u19361/workspace-allen/results/zebra/sub-830794_ses-ecephys-830794-2026-01-26-12-02-05_ecephys/ProbeB/trial_0/phase_1/lib_ab4a70858e/lib_ab4a70858e__delay_0.03__dur_0.13.h5
7dd29045-b260-465e-a9da-af6c87f11101,-0.15,-0.13,ab4a70858e,0.07524265348911285,-15.223880597014926,22.405660377358487,90.0,7.16,25,14,4,1.2566370614359172,0,2.0,0,0.01,/user/raabe14/u19361/workspace-allen/results/zebra/sub-830794_ses-ecephys-830794-2026-01-26-12-02-05_ecephys/ProbeB/trial_0/phase_1/lib_ab4a70858e/lib_ab4a70858e__delay_-0.15__dur_-0.13.h5
7e542521-e646-4535-9e55-0d4363135707,-0.01,-0.03,ab4a70858e,0.0,-60.0,47.5,0.0,7.16,0,0,0,0.0,0,2.0,0,0.01,/user/raabe14/u19361/workspace-allen/results/zebra/sub-830794_ses-ecephys-830794-2026-01-26-12-02-05_ecephys/ProbeB/trial_0/phase_1/lib_ab4a70858e/lib_ab4a70858e__delay_-0.01__dur_-0.03.h5
7f4ecd2a-ffc9-48a2-9bf7-ee946ecf333a,-0.01,-0.03,ab4a70858e,0.0,-60.0,47.5,0.0,7.16,0,0,0,0.0,0,2.0,0,0.01,/user/raabe14/u19361/workspace-allen/results/zebra/sub-830794_ses-ecephys-830794-2026-01-26-12-02-05_ecephys/ProbeB/trial_0/phase_1/lib_ab4a70858e/lib_ab4a70858e__delay_-0.01__dur_-0.03.h5
7f5638ad-707b-4469-9a65-855925d78748,0.02,0.08,ab4a70858e,0.083519347012043,-22.388059701492537,25.990566037735846,67.51591472682667,14.32,21,12,3,0.9424777960769379,2,4.0,12,1.3,/user/raabe14/u19361/workspace-allen/results/zebra/sub-830794_ses-ecephys-830794-2026-01-26-12-02-05_ecephys/ProbeB/trial_0/phase_1/lib_ab4a70858e/lib_ab4a70858e__delay_0.02__dur_0.08.h5
7fadedf4-bedb-4054-8a98-e95918887b7e,0.30000000000000004,0.23,ab4a70858e,0.08109967410564423,-8.059701492537314,2.6886792452830193,112.48408527317332,7.16,29,25,5,1.5707963267948966,0,2.0,11,1.2,/user/raabe14/u19361/workspace-allen/results/zebra/sub-830794_ses-ecephys-830794-2026-01-26-12-02-05_ecephys/ProbeB/trial_0/phase_1/lib_ab4a70858e/lib_ab4a70858e__delay_0.30000000000000004__dur_0.23.h5
800caa2d-8423-4745-a82e-c98fbeb20dd2,0.03,0.13,ab4a70858e,0.07364782691001892,-38.507462686567166,-6.273584905660378,45.02251307527088,28.65,12,30,2,0.6283185307179586,5,8.0,0,0.01,/user/raabe14/u19361/workspace-allen/results/zebra/sub-830794_ses-ecephys-830794-2026-01-26-12-02-05_ecephys/ProbeB/trial_0/phase_1/lib_ab4a70858e/lib_ab4a70858e__delay_0.03__dur_0.13.h5
8096b288-9145-4097-a9cf-8691b6fb8b4c,0.09,0.23,ab4a70858e,0.12435849756002426,-45.67164179104478,31.367924528301884,90.0,14.32,8,9,4,1.2566370614359172,2,4.0,12,1.3,/user/raabe14/u19361/workspace-allen/results/zebra/sub-830794_ses-ecephys-830794-2026-01-26-12-02-05_ecephys/ProbeB/trial_0/phase_1/lib_ab4a70858e/lib_ab4a70858e__delay_0.09__dur_0.23.h5
8190adc8-ffbf-4241-be33-13b8234bc456,0.02,0.13,ab4a70858e,0.07245071232318878,-34.92537313432835,17.02830188679245,157.4840764271708,7.16,14,17,7,2.199114857512855,0,2.0,9,0.1,/user/raabe14/u19361/workspace-allen/results/zebra/sub-830794_ses-ecephys-830794-2026-01-26-12-02-05_ecephys/ProbeB/trial_0/phase_1/lib_ab4a70858e/lib_ab4a70858e__delay_0.02__dur_0.13.h5
81dce6eb-83e9-40bc-84c3-573c4a4fc9a6,-0.035,-0.23,ab4a70858e,0.07309068739414215,-20.59701492537313,-0.8962264150943398,157.4840764271708,17.91,22,27,7,2.199114857512855,3,5.0,12,1.3,/user/raabe14/u19361/workspace-allen/results/zebra/sub-830794_ses-ecephys-830794-2026-01-26-12-02-05_ecephys/ProbeB/trial_0/phase_1/lib_ab4a70858e/lib_ab4a70858e__delay_-0.035__dur_-0.23.h5
825f15b5-dc0f-4e40-bd86-d5412b533e8b,-0.01,-0.03,ab4a70858e,0.0,-60.0,47.5,0.0,7.16,0,0,0,0.0,0,2.0,0,0.01,/user/raabe14/u19361/workspace-allen/results/zebra/sub-830794_ses-ecephys-830794-2026-01-26-12-02-05_ecephys/ProbeB/trial_0/phase_1/lib_ab4a70858e/lib_ab4a70858e__delay_-0.01__dur_-0.03.h5
82e156eb-d63b-4288-830a-b3f8febbb348,-0.01,-0.03,ab4a70858e,0.0,-60.0,47.5,0.0,7.16,0,0,0,0.0,0,2.0,0,0.01,/user/raabe14/u19361/workspace-allen/results/zebra/sub-830794_ses-ecephys-830794-2026-01-26-12-02-05_ecephys/ProbeB/trial_0/phase_1/lib_ab4a70858e/lib_ab4a70858e__delay_-0.01__dur_-0.03.h5
82f4812c-8108-43cc-b4e0-60a1c6d972ea,-0.01,-0.18000000000000002,ab4a70858e,0.07954522222280502,0.8955223880597032,4.481132075471699,180.0,7.16,34,24,8,2.5132741228718345,0,2.0,12,1.3,/user/raabe14/u19361/workspace-allen/results/zebra/sub-830794_ses-ecephys-830794-2026-01-26-12-02-05_ecephys/ProbeB/trial_0/phase_1/lib_ab4a70858e/lib_ab4a70858e__delay_-0.01__dur_-0.18000000000000002.h5
8371e0fb-6c1f-4c75-9bee-5eda6d9c5a4e,0.25,0.13,ab4a70858e,0.08983919769525528,-22.388059701492537,4.481132075471699,157.4840764271708,14.32,21,24,7,2.199114857512855,2,4.0,7,0.08,/user/raabe14/u19361/workspace-allen/results/zebra/sub-830794_ses-ecephys-830794-2026-01-26-12-02-05_ecephys/ProbeB/trial_0/phase_1/lib_ab4a70858e/lib_ab4a70858e__delay_0.25__dur_0.13.h5
83d3953e-a96d-4daa-9c82-250b6f719991,-0.125,-0.18000000000000002,ab4a70858e,0.08283235877752304,-38.507462686567166,31.367924528301884,112.48408527317332,14.32,12,9,5,1.5707963267948966,2,4.0,11,1.2,/user/raabe14/u19361/workspace-allen/results/zebra/sub-830794_ses-ecephys-830794-2026-01-26-12-02-05_ecephys/ProbeB/trial_0/phase_1/lib_ab4a70858e/lib_ab4a70858e__delay_-0.125__dur_-0.18000000000000002.h5
84b7f3bb-f0d0-437f-83de-0231ee92494c,-0.02,-0.13,ab4a70858e,0.08134395629167557,-4.477611940298509,-6.273584905660378,45.02251307527088,28.65,31,30,2,0.6283185307179586,5,8.0,6,0.07,/user/raabe14/u19361/workspace-allen/results/zebra/sub-830794_ses-ecephys-830794-2026-01-26-12-02-05_ecephys/ProbeB/trial_0/phase_1/lib_ab4a70858e/lib_ab4a70858e__delay_-0.02__dur_-0.13.h5
85572d86-f7cd-498b-92f5-92a72a5ae45b,-0.075,-0.23,ab4a70858e,0.16296684741973877,-49.25373134328358,4.481132075471699,67.51591472682667,21.49,6,24,3,0.9424777960769379,4,6.0,12,1.3,/user/raabe14/u19361/workspace-allen/results/zebra/sub-830794_ses-ecephys-830794-2026-01-26-12-02-05_ecephys/ProbeB/trial_0/phase_1/lib_ab4a70858e/lib_ab4a70858e__delay_-0.075__dur_-0.23.h5
857d8da0-ba77-48e9-80fd-7143241d7410,0.1,0.18000000000000002,ab4a70858e,0.09468043595552444,18.80597014925374,6.273584905660378,134.9774869247291,28.65,44,23,6,1.8849555921538759,5,8.0,8,0.09,/user/raabe14/u19361/workspace-allen/results/zebra/sub-830794_ses-ecephys-830794-2026-01-26-12-02-05_ecephys/ProbeB/trial_0/phase_1/lib_ab4a70858e/lib_ab4a70858e__delay_0.1__dur_0.18000000000000002.h5
86ca597e-7de2-4169-aad4-a3ac4257aacb,-0.1,-0.18000000000000002,ab4a70858e,0.08246159553527832,11.641791044776127,-9.858490566037737,0.0,21.49,40,32,0,0.0,4,6.0,8,0.09,/user/raabe14/u19361/workspace-allen/results/zebra/sub-830794_ses-ecephys-830794-2026-01-26-12-02-05_ecephys/ProbeB/trial_0/phase_1/lib_ab4a70858e/lib_ab4a70858e__delay_-0.1__dur_-0.18000000000000002.h5
8804f89e-bcde-4b42-a842-4848b5799cf6,-0.15,-0.23,ab4a70858e,0.16013383865356445,-54.62686567164179,-0.8962264150943398,0.0,21.49,3,27,0,0.0,4,6.0,11,1.2,/user/raabe14/u19361/workspace-allen/results/zebra/sub-830794_ses-ecephys-830794-2026-01-26-12-02-05_ecephys/ProbeB/trial_0/phase_1/lib_ab4a70858e/lib_ab4a70858e__delay_-0.15__dur_-0.23.h5
8806a80a-aac0-4e73-a903-a6202d814e32,0.0,0.08,ab4a70858e,0.10392813384532928,-18.80597014925373,6.273584905660378,112.48408527317332,21.49,23,23,5,1.5707963267948966,4,6.0,12,1.3,/user/raabe14/u19361/workspace-allen/results/zebra/sub-830794_ses-ecephys-830794-2026-01-26-12-02-05_ecephys/ProbeB/trial_0/phase_1/lib_ab4a70858e/lib_ab4a70858e__delay_0.0__dur_0.08.h5
88277528-149b-44fa-8e38-ef2bda1f8659,-0.01,-0.03,ab4a70858e,0.0,-60.0,47.5,0.0,7.16,0,0,0,0.0,0,2.0,0,0.01,/user/raabe14/u19361/workspace-allen/results/zebra/sub-830794_ses-ecephys-830794-2026-01-26-12-02-05_ecephys/ProbeB/trial_0/phase_1/lib_ab4a70858e/lib_ab4a70858e__delay_-0.01__dur_-0.03.h5
88f0414d-7d80-4af5-a9a4-3d5977ef10cc,-0.125,-0.13,ab4a70858e,0.08243156969547272,-52.83582089552239,-13.443396226415096,180.0,28.65,4,34,8,2.5132741228718345,5,8.0,7,0.08,/user/raabe14/u19361/workspace-allen/results/zebra/sub-830794_ses-ecephys-830794-2026-01-26-12-02-05_ecephys/ProbeB/trial_0/phase_1/lib_ab4a70858e/lib_ab4a70858e__delay_-0.125__dur_-0.13.h5
8a3918ff-edac-4141-90bf-ede095ec7d95,-0.05,-0.18000000000000002,ab4a70858e,0.07751937210559845,-20.59701492537313,17.02830188679245,157.4840764271708,7.16,22,17,7,2.199114857512855,0,2.0,9,0.1,/user/raabe14/u19361/workspace-allen/results/zebra/sub-830794_ses-ecephys-830794-2026-01-26-12-02-05_ecephys/ProbeB/trial_0/phase_1/lib_ab4a70858e/lib_ab4a70858e__delay_-0.05__dur_-0.18000000000000002.h5
8a94ecf2-3679-4bfe-850b-c2263c0cb68a,0.30000000000000004,0.13,ab4a70858e,0.08089176565408707,-24.179104477611936,-34.95283018867924,22.515923572829163,7.16,20,46,9,2.827433388230814,0,2.0,9,0.1,/user/raabe14/u19361/workspace-allen/results/zebra/sub-830794_ses-ecephys-830794-2026-01-26-12-02-05_ecephys/ProbeB/trial_0/phase_1/lib_ab4a70858e/lib_ab4a70858e__delay_0.30000000000000004__dur_0.13.h5
8a99a84a-1e20-482d-be2c-5f651df6ba75,-0.01,-0.03,ab4a70858e,0.0,-60.0,47.5,0.0,7.16,0,0,0,0.0,0,2.0,0,0.01,/user/raabe14/u19361/workspace-allen/results/zebra/sub-830794_ses-ecephys-830794-2026-01-26-12-02-05_ecephys/ProbeB/trial_0/phase_1/lib_ab4a70858e/lib_ab4a70858e__delay_-0.01__dur_-0.03.h5
8aaa422d-c219-42e2-b833-fe0d34d0ccb5,0.0,0.08,ab4a70858e,0.3842286467552185,-58.208955223880594,-25.99056603773585,157.4840764271708,7.16,1,41,7,2.199114857512855,0,2.0,0,0.01,/user/raabe14/u19361/workspace-allen/results/zebra/sub-830794_ses-ecephys-830794-2026-01-26-12-02-05_ecephys/ProbeB/trial_0/phase_1/lib_ab4a70858e/lib_ab4a70858e__delay_0.0__dur_0.08.h5
8ad0d60d-eb42-4779-9a75-eea77e52cb2a,0.30000000000000004,0.23,ab4a70858e,0.13505950570106506,-13.43283582089552,18.820754716981128,112.48408527317332,21.49,26,16,5,1.5707963267948966,4,6.0,11,1.2,/user/raabe14/u19361/workspace-allen/results/zebra/sub-830794_ses-ecephys-830794-2026-01-26-12-02-05_ecephys/ProbeB/trial_0/phase_1/lib_ab4a70858e/lib_ab4a70858e__delay_0.30000000000000004__dur_0.23.h5
8b83eb82-45d4-40d7-833b-c1aa91ecc936,-0.035,-0.23,ab4a70858e,0.08288890868425369,-25.970149253731343,9.858490566037737,134.9774869247291,14.32,19,21,6,1.8849555921538759,2,4.0,9,0.1,/user/raabe14/u19361/workspace-allen/results/zebra/sub-830794_ses-ecephys-830794-2026-01-26-12-02-05_ecephys/ProbeB/trial_0/phase_1/lib_ab4a70858e/lib_ab4a70858e__delay_-0.035__dur_-0.23.h5
8b84c200-313a-4d76-bc37-11e787def019,0.25,0.23,ab4a70858e,0.07969509810209274,54.626865671641795,24.198113207547166,22.515923572829163,28.65,64,13,9,2.827433388230814,5,8.0,0,0.01,/user/raabe14/u19361/workspace-allen/results/zebra/sub-830794_ses-ecephys-830794-2026-01-26-12-02-05_ecephys/ProbeB/trial_0/phase_1/lib_ab4a70858e/lib_ab4a70858e__delay_0.25__dur_0.23.h5
8be4ea3c-0e30-4ad7-8868-f2f1c7141150,-0.075,-0.23,ab4a70858e,0.08228298276662827,-20.59701492537313,-8.066037735849058,180.0,10.74,22,31,8,2.5132741228718345,1,3.0,12,1.3,/user/raabe14/u19361/workspace-allen/results/zebra/sub-830794_ses-ecephys-830794-2026-01-26-12-02-05_ecephys/ProbeB/trial_0/phase_1/lib_ab4a70858e/lib_ab4a70858e__delay_-0.075__dur_-0.23.h5
8c8a0cc2-3884-4736-8eac-adf3eaa4e9ae,0.05,0.23,ab4a70858e,0.12916292250156403,-13.43283582089552,38.5377358490566,180.0,14.32,26,5,8,2.5132741228718345,2,4.0,12,1.3,/user/raabe14/u19361/workspace-allen/results/zebra/sub-830794_ses-ecephys-830794-2026-01-26-12-02-05_ecephys/ProbeB/trial_0/phase_1/lib_ab4a70858e/lib_ab4a70858e__delay_0.05__dur_0.23.h5
8d2f9a8e-d441-4e45-b5dd-a5798dcc3ac8,0.06,0.23,ab4a70858e,0.182637020945549,29.55223880597015,8.066037735849058,0.0,28.65,50,22,0,0.0,5,8.0,11,1.2,/user/raabe14/u19361/workspace-allen/results/zebra/sub-830794_ses-ecephys-830794-2026-01-26-12-02-05_ecephys/ProbeB/trial_0/phase_1/lib_ab4a70858e/lib_ab4a70858e__delay_0.06__dur_0.23.h5
8d3bf166-52a6-420f-b94d-1541d5fa77fc,-0.01,-0.03,ab4a70858e,0.0,-60.0,47.5,0.0,7.16,0,0,0,0.0,0,2.0,0,0.01,/user/raabe14/u19361/workspace-allen/results/zebra/sub-830794_ses-ecephys-830794-2026-01-26-12-02-05_ecephys/ProbeB/trial_0/phase_1/lib_ab4a70858e/lib_ab4a70858e__delay_-0.01__dur_-0.03.h5
8de329c6-39ad-4849-a7e9-74d564cbf02d,-0.04,-0.23,ab4a70858e,0.08380354195833206,-33.134328358208954,9.858490566037737,0.0,21.49,15,21,0,0.0,4,6.0,11,1.2,/user/raabe14/u19361/workspace-allen/results/zebra/sub-830794_ses-ecephys-830794-2026-01-26-12-02-05_ecephys/ProbeB/trial_0/phase_1/lib_ab4a70858e/lib_ab4a70858e__delay_-0.04__dur_-0.23.h5
8e1ee217-a1d3-4268-bddd-f1830dfe7f4d,-0.05,-0.23,ab4a70858e,0.08750558644533157,49.25373134328359,-17.028301886792452,0.0,28.65,61,36,0,0.0,5,8.0,4,0.05,/user/raabe14/u19361/workspace-allen/results/zebra/sub-830794_ses-ecephys-830794-2026-01-26-12-02-05_ecephys/ProbeB/trial_0/phase_1/lib_ab4a70858e/lib_ab4a70858e__delay_-0.05__dur_-0.23.h5
8e34c16e-25e2-4105-92ea-5bc03fdac53d,0.2,0.08,ab4a70858e,0.08517282456159592,-31.34328358208955,-8.066037735849058,157.4840764271708,28.65,16,31,7,2.199114857512855,5,8.0,6,0.07,/user/raabe14/u19361/workspace-allen/results/zebra/sub-830794_ses-ecephys-830794-2026-01-26-12-02-05_ecephys/ProbeB/trial_0/phase_1/lib_ab4a70858e/lib_ab4a70858e__delay_0.2__dur_0.08.h5
8e8a5b36-9481-40ce-89d7-b20d285c6974,0.01,0.13,ab4a70858e,0.09693756699562073,4.477611940298516,2.6886792452830193,22.515923572829195,28.65,36,25,1,0.3141592653589793,5,8.0,0,0.01,/user/raabe14/u19361/workspace-allen/results/zebra/sub-830794_ses-ecephys-830794-2026-01-26-12-02-05_ecephys/ProbeB/trial_0/phase_1/lib_ab4a70858e/lib_ab4a70858e__delay_0.01__dur_0.13.h5
8f002936-e277-4797-9ecc-f8a477bcc768,0.08,0.23,ab4a70858e,0.07898475974798203,-34.92537313432835,18.820754716981128,22.515923572829163,10.74,14,16,9,2.827433388230814,1,3.0,9,0.1,/user/raabe14/u19361/workspace-allen/results/zebra/sub-830794_ses-ecephys-830794-2026-01-26-12-02-05_ecephys/ProbeB/trial_0/phase_1/lib_ab4a70858e/lib_ab4a70858e__delay_0.08__dur_0.23.h5
8f3c5d40-9ab5-40aa-8e90-37b848370887,0.1,0.23,ab4a70858e,0.0919758677482605,-31.34328358208955,-8.066037735849058,67.51591472682667,28.65,16,31,3,0.9424777960769379,5,8.0,0,0.01,/user/raabe14/u19361/workspace-allen/results/zebra/sub-830794_ses-ecephys-830794-2026-01-26-12-02-05_ecephys/ProbeB/trial_0/phase_1/lib_ab4a70858e/lib_ab4a70858e__delay_0.1__dur_0.23.h5
8f673e9c-2932-40d1-a45b-ddfbaffe09dd,0.2,0.23,ab4a70858e,0.09801512956619263,36.71641791044776,-42.12264150943396,0.0,17.91,54,50,0,0.0,3,5.0,11,1.2,/user/raabe14/u19361/workspace-allen/results/zebra/sub-830794_ses-ecephys-830794-2026-01-26-12-02-05_ecephys/ProbeB/trial_0/phase_1/lib_ab4a70858e/lib_ab4a70858e__delay_0.2__dur_0.23.h5
8f8519d0-929b-43ad-895b-51715f0f5cb5,-0.15,-0.23,ab4a70858e,0.07660109549760818,-17.014925373134325,-9.858490566037737,67.51591472682667,7.16,24,32,3,0.9424777960769379,0,2.0,9,0.1,/user/raabe14/u19361/workspace-allen/results/zebra/sub-830794_ses-ecephys-830794-2026-01-26-12-02-05_ecephys/ProbeB/trial_0/phase_1/lib_ab4a70858e/lib_ab4a70858e__delay_-0.15__dur_-0.23.h5
906598a0-816f-4ab5-91c3-28bdd8a1ec65,-0.075,-0.23,ab4a70858e,0.07977966219186783,-27.761194029850742,38.5377358490566,134.9774869247291,10.74,18,5,6,1.8849555921538759,1,3.0,0,0.01,/user/raabe14/u19361/workspace-allen/results/zebra/sub-830794_ses-ecephys-830794-2026-01-26-12-02-05_ecephys/ProbeB/trial_0/phase_1/lib_ab4a70858e/lib_ab4a70858e__delay_-0.075__dur_-0.23.h5
90b7c188-6240-4c44-94ee-a497a47b595f,-0.01,-0.03,ab4a70858e,0.0,-60.0,47.5,0.0,7.16,0,0,0,0.0,0,2.0,0,0.01,/user/raabe14/u19361/workspace-allen/results/zebra/sub-830794_ses-ecephys-830794-2026-01-26-12-02-05_ecephys/ProbeB/trial_0/phase_1/lib_ab4a70858e/lib_ab4a70858e__delay_-0.01__dur_-0.03.h5
90df02c4-450e-446e-836e-0b7085c0187a,0.15000000000000002,0.23,ab4a70858e,0.08131267875432968,56.4179104477612,2.6886792452830193,180.0,7.16,65,25,8,2.5132741228718345,0,2.0,0,0.01,/user/raabe14/u19361/workspace-allen/results/zebra/sub-830794_ses-ecephys-830794-2026-01-26-12-02-05_ecephys/ProbeB/trial_0/phase_1/lib_ab4a70858e/lib_ab4a70858e__delay_0.15000000000000002__dur_0.23.h5
90fc1aba-116a-4e07-bec2-8bea775361ab,0.05,0.08,ab4a70858e,0.07631583511829376,-60.0,6.273584905660378,112.48408527317332,28.65,0,23,5,1.5707963267948966,5,8.0,0,0.01,/user/raabe14/u19361/workspace-allen/results/zebra/sub-830794_ses-ecephys-830794-2026-01-26-12-02-05_ecephys/ProbeB/trial_0/phase_1/lib_ab4a70858e/lib_ab4a70858e__delay_0.05__dur_0.08.h5
91447ebb-01e4-4cff-93fe-41c6a8484fb8,-0.05,-0.23,ab4a70858e,0.08090493083000183,-29.55223880597015,-13.443396226415096,112.48408527317332,28.65,17,34,5,1.5707963267948966,5,8.0,11,1.2,/user/raabe14/u19361/workspace-allen/results/zebra/sub-830794_ses-ecephys-830794-2026-01-26-12-02-05_ecephys/ProbeB/trial_0/phase_1/lib_ab4a70858e/lib_ab4a70858e__delay_-0.05__dur_-0.23.h5
91e9b3a8-9fe2-4169-93c4-3d26904710b8,0.1,0.13,ab4a70858e,0.08597046136856079,15.223880597014926,18.820754716981128,22.515923572829195,21.49,42,16,1,0.3141592653589793,4,6.0,2,0.03,/user/raabe14/u19361/workspace-allen/results/zebra/sub-830794_ses-ecephys-830794-2026-01-26-12-02-05_ecephys/ProbeB/trial_0/phase_1/lib_ab4a70858e/lib_ab4a70858e__delay_0.1__dur_0.13.h5
92acd55d-0acf-4111-a5ad-d75808bca5ad,-0.1,-0.13,ab4a70858e,0.10007277876138687,9.85074626865672,11.650943396226417,45.02251307527088,28.65,39,20,2,0.6283185307179586,5,8.0,7,0.08,/user/raabe14/u19361/workspace-allen/results/zebra/sub-830794_ses-ecephys-830794-2026-01-26-12-02-05_ecephys/ProbeB/trial_0/phase_1/lib_ab4a70858e/lib_ab4a70858e__delay_-0.1__dur_-0.13.h5
930b0d0d-a5bc-4e42-9129-ed82cff52a14,-0.15,-0.23,ab4a70858e,0.09638302773237228,20.59701492537313,31.367924528301884,157.4840764271708,7.16,45,9,7,2.199114857512855,0,2.0,9,0.1,/user/raabe14/u19361/workspace-allen/results/zebra/sub-830794_ses-ecephys-830794-2026-01-26-12-02-05_ecephys/ProbeB/trial_0/phase_1/lib_ab4a70858e/lib_ab4a70858e__delay_-0.15__dur_-0.23.h5
93a58977-887c-4357-aa6b-70a24dc47c6c,0.30000000000000004,0.18000000000000002,ab4a70858e,0.08360980451107025,-8.059701492537314,-8.066037735849058,112.48408527317332,14.32,29,31,5,1.5707963267948966,2,4.0,11,1.2,/user/raabe14/u19361/workspace-allen/results/zebra/sub-830794_ses-ecephys-830794-2026-01-26-12-02-05_ecephys/ProbeB/trial_0/phase_1/lib_ab4a70858e/lib_ab4a70858e__delay_0.30000000000000004__dur_0.18000000000000002.h5
93c043d5-c918-4b74-811e-98d6ce38e247,0.07,0.13,ab4a70858e,0.08156722784042358,-31.34328358208955,-17.028301886792452,90.0,7.16,16,36,4,1.2566370614359172,0,2.0,9,0.1,/user/raabe14/u19361/workspace-allen/results/zebra/sub-830794_ses-ecephys-830794-2026-01-26-12-02-05_ecephys/ProbeB/trial_0/phase_1/lib_ab4a70858e/lib_ab4a70858e__delay_0.07__dur_0.13.h5
947bf0cc-94a3-4b28-b5e3-b389d1b6dfeb,0.30000000000000004,0.23,ab4a70858e,0.07690158486366272,-17.014925373134325,-8.066037735849058,22.515923572829163,7.16,24,31,9,2.827433388230814,0,2.0,0,0.01,/user/raabe14/u19361/workspace-allen/results/zebra/sub-830794_ses-ecephys-830794-2026-01-26-12-02-05_ecephys/ProbeB/trial_0/phase_1/lib_ab4a70858e/lib_ab4a70858e__delay_0.30000000000000004__dur_0.23.h5
94c2913b-e681-4aee-97bf-c4b66f83e905,0.02,0.23,ab4a70858e,0.08129270374774933,-51.04477611940298,-13.443396226415096,112.48408527317332,10.74,5,34,5,1.5707963267948966,1,3.0,11,1.2,/user/raabe14/u19361/workspace-allen/results/zebra/sub-830794_ses-ecephys-830794-2026-01-26-12-02-05_ecephys/ProbeB/trial_0/phase_1/lib_ab4a70858e/lib_ab4a70858e__delay_0.02__dur_0.23.h5
96221602-bf8a-4c58-9b69-1eed2ea6c08a,0.1,0.13,ab4a70858e,0.07940971851348877,33.13432835820896,47.5,67.51591472682667,28.65,52,0,3,0.9424777960769379,5,8.0,9,0.1,/user/raabe14/u19361/workspace-allen/results/zebra/sub-830794_ses-ecephys-830794-2026-01-26-12-02-05_ecephys/ProbeB/trial_0/phase_1/lib_ab4a70858e/lib_ab4a70858e__delay_0.1__dur_0.13.h5
96441ad6-ba09-4abf-bd82-b33d8db1e621,-0.01,-0.03,ab4a70858e,0.0,-60.0,47.5,0.0,7.16,0,0,0,0.0,0,2.0,0,0.01,/user/raabe14/u19361/workspace-allen/results/zebra/sub-830794_ses-ecephys-830794-2026-01-26-12-02-05_ecephys/ProbeB/trial_0/phase_1/lib_ab4a70858e/lib_ab4a70858e__delay_-0.01__dur_-0.03.h5
9669305e-7e90-4cc0-bb5f-2c53cf83d56a,-0.01,-0.03,ab4a70858e,0.0,-60.0,47.5,0.0,7.16,0,0,0,0.0,0,2.0,0,0.01,/user/raabe14/u19361/workspace-allen/results/zebra/sub-830794_ses-ecephys-830794-2026-01-26-12-02-05_ecephys/ProbeB/trial_0/phase_1/lib_ab4a70858e/lib_ab4a70858e__delay_-0.01__dur_-0.03.h5
96a797b3-0435-41ba-bf60-a6f0ed97cfa8,-0.15,-0.23,ab4a70858e,0.08245626837015152,-42.089552238805965,17.02830188679245,0.0,7.16,10,17,0,0.0,0,2.0,0,0.01,/user/raabe14/u19361/workspace-allen/results/zebra/sub-830794_ses-ecephys-830794-2026-01-26-12-02-05_ecephys/ProbeB/trial_0/phase_1/lib_ab4a70858e/lib_ab4a70858e__delay_-0.15__dur_-0.23.h5
96cd0bbe-f26d-4f9b-9dee-dcb212022e99,-0.01,-0.08,ab4a70858e,0.0787501409649849,36.71641791044776,-9.858490566037737,180.0,28.65,54,32,8,2.5132741228718345,5,8.0,0,0.01,/user/raabe14/u19361/workspace-allen/results/zebra/sub-830794_ses-ecephys-830794-2026-01-26-12-02-05_ecephys/ProbeB/trial_0/phase_1/lib_ab4a70858e/lib_ab4a70858e__delay_-0.01__dur_-0.08.h5
96fe274b-56ae-4af5-8329-a84e0a1b4cbe,-0.01,-0.03,ab4a70858e,0.0,-60.0,47.5,0.0,7.16,0,0,0,0.0,0,2.0,0,0.01,/user/raabe14/u19361/workspace-allen/results/zebra/sub-830794_ses-ecephys-830794-2026-01-26-12-02-05_ecephys/ProbeB/trial_0/phase_1/lib_ab4a70858e/lib_ab4a70858e__delay_-0.01__dur_-0.03.h5
97c854d0-2a09-4dd5-b4ff-5c50d0b29f35,0.01,0.23,ab4a70858e,0.08568661659955978,-24.179104477611936,15.235849056603776,22.515923572829195,17.91,20,18,1,0.3141592653589793,3,5.0,9,0.1,/user/raabe14/u19361/workspace-allen/results/zebra/sub-830794_ses-ecephys-830794-2026-01-26-12-02-05_ecephys/ProbeB/trial_0/phase_1/lib_ab4a70858e/lib_ab4a70858e__delay_0.01__dur_0.23.h5
97e82991-df20-4a10-825a-a7d0395904f8,-0.02,-0.18000000000000002,ab4a70858e,0.07752066850662231,-42.089552238805965,45.70754716981132,0.0,7.16,10,1,0,0.0,0,2.0,9,0.1,/user/raabe14/u19361/workspace-allen/results/zebra/sub-830794_ses-ecephys-830794-2026-01-26-12-02-05_ecephys/ProbeB/trial_0/phase_1/lib_ab4a70858e/lib_ab4a70858e__delay_-0.02__dur_-0.18000000000000002.h5
9808397e-b4c7-411e-9792-c2c3f98fbd51,0.0,0.23,ab4a70858e,0.080622598528862,-27.761194029850742,38.5377358490566,0.0,10.74,18,5,0,0.0,1,3.0,7,0.08,/user/raabe14/u19361/workspace-allen/results/zebra/sub-830794_ses-ecephys-830794-2026-01-26-12-02-05_ecephys/ProbeB/trial_0/phase_1/lib_ab4a70858e/lib_ab4a70858e__delay_0.0__dur_0.23.h5
984b12e7-7cf4-44c3-bd15-cf4cde49585f,-0.01,-0.03,ab4a70858e,0.0,-60.0,47.5,0.0,7.16,0,0,0,0.0,0,2.0,0,0.01,/user/raabe14/u19361/workspace-allen/results/zebra/sub-830794_ses-ecephys-830794-2026-01-26-12-02-05_ecephys/ProbeB/trial_0/phase_1/lib_ab4a70858e/lib_ab4a70858e__delay_-0.01__dur_-0.03.h5
993c5527-6066-492d-982d-bdf7762c6835,0.25,0.23,ab4a70858e,0.09364261478185654,-15.223880597014926,4.481132075471699,157.4840764271708,14.32,25,24,7,2.199114857512855,2,4.0,12,1.3,/user/raabe14/u19361/workspace-allen/results/zebra/sub-830794_ses-ecephys-830794-2026-01-26-12-02-05_ecephys/ProbeB/trial_0/phase_1/lib_ab4a70858e/lib_ab4a70858e__delay_0.25__dur_0.23.h5
9aeebfc6-acb0-4001-8d6a-81697cc83a4f,-0.03,-0.08,ab4a70858e,0.07544804364442825,-38.507462686567166,34.95283018867924,45.02251307527088,17.91,12,7,2,0.6283185307179586,3,5.0,9,0.1,/user/raabe14/u19361/workspace-allen/results/zebra/sub-830794_ses-ecephys-830794-2026-01-26-12-02-05_ecephys/ProbeB/trial_0/phase_1/lib_ab4a70858e/lib_ab4a70858e__delay_-0.03__dur_-0.08.h5
9af19ba8-cac1-462f-b6fb-c9718da356cf,0.01,0.13,ab4a70858e,0.08108583092689514,42.08955223880598,33.160377358490564,45.02251307527088,14.32,57,8,2,0.6283185307179586,2,4.0,7,0.08,/user/raabe14/u19361/workspace-allen/results/zebra/sub-830794_ses-ecephys-830794-2026-01-26-12-02-05_ecephys/ProbeB/trial_0/phase_1/lib_ab4a70858e/lib_ab4a70858e__delay_0.01__dur_0.13.h5
9b1e4a1a-5d39-4917-93c2-82926cbf4aec,-0.15,-0.23,ab4a70858e,0.08495952934026718,-22.388059701492537,25.990566037735846,22.515923572829195,28.65,21,12,1,0.3141592653589793,5,8.0,0,0.01,/user/raabe14/u19361/workspace-allen/results/zebra/sub-830794_ses-ecephys-830794-2026-01-26-12-02-05_ecephys/ProbeB/trial_0/phase_1/lib_ab4a70858e/lib_ab4a70858e__delay_-0.15__dur_-0.23.h5
9b33f39d-9440-44c7-b024-ad5e50d6c907,0.1,0.13,ab4a70858e,0.09222832322120667,-4.477611940298509,17.02830188679245,0.0,28.65,31,17,0,0.0,5,8.0,4,0.05,/user/raabe14/u19361/workspace-allen/results/zebra/sub-830794_ses-ecephys-830794-2026-01-26-12-02-05_ecephys/ProbeB/trial_0/phase_1/lib_ab4a70858e/lib_ab4a70858e__delay_0.1__dur_0.13.h5
9baaaa2a-67c7-44ec-bebb-ca171a38dcda,-0.1,-0.23,ab4a70858e,0.07159840315580368,-45.67164179104478,-17.028301886792452,157.4840764271708,14.32,8,36,7,2.199114857512855,2,4.0,9,0.1,/user/raabe14/u19361/workspace-allen/results/zebra/sub-830794_ses-ecephys-830794-2026-01-26-12-02-05_ecephys/ProbeB/trial_0/phase_1/lib_ab4a70858e/lib_ab4a70858e__delay_-0.1__dur_-0.23.h5
9c2ffa94-06ef-497a-9687-6ff8fb3d51fc,0.03,0.18000000000000002,ab4a70858e,0.09598098695278168,-22.388059701492537,11.650943396226417,67.51591472682667,28.65,21,20,3,0.9424777960769379,5,8.0,4,0.05,/user/raabe14/u19361/workspace-allen/results/zebra/sub-830794_ses-ecephys-830794-2026-01-26-12-02-05_ecephys/ProbeB/trial_0/phase_1/lib_ab4a70858e/lib_ab4a70858e__delay_0.03__dur_0.18000000000000002.h5
9d12fa58-fe2b-41f6-8b56-367952b2b104,0.0,0.18000000000000002,ab4a70858e,0.09178948402404785,-4.477611940298509,-38.5377358490566,22.515923572829195,17.91,31,48,1,0.3141592653589793,3,5.0,8,0.09,/user/raabe14/u19361/workspace-allen/results/zebra/sub-830794_ses-ecephys-830794-2026-01-26-12-02-05_ecephys/ProbeB/trial_0/phase_1/lib_ab4a70858e/lib_ab4a70858e__delay_0.0__dur_0.18000000000000002.h5
9d2f3b74-6965-4023-86e4-34e499eb7e83,0.05,0.18000000000000002,ab4a70858e,0.08227948844432831,34.92537313432837,45.70754716981132,22.515923572829163,21.49,53,1,9,2.827433388230814,4,6.0,4,0.05,/user/raabe14/u19361/workspace-allen/results/zebra/sub-830794_ses-ecephys-830794-2026-01-26-12-02-05_ecephys/ProbeB/trial_0/phase_1/lib_ab4a70858e/lib_ab4a70858e__delay_0.05__dur_0.18000000000000002.h5
9d787a02-d671-4abb-9f85-17904d694cd6,0.09,0.23,ab4a70858e,0.0977984145283699,-20.59701492537313,-15.235849056603776,157.4840764271708,14.32,22,35,7,2.199114857512855,2,4.0,12,1.3,/user/raabe14/u19361/workspace-allen/results/zebra/sub-830794_ses-ecephys-830794-2026-01-26-12-02-05_ecephys/ProbeB/trial_0/phase_1/lib_ab4a70858e/lib_ab4a70858e__delay_0.09__dur_0.23.h5
9e201c20-a05c-4627-bdeb-08035fc7dee5,0.08,0.13,ab4a70858e,0.09533201903104782,11.641791044776127,-33.160377358490564,67.51591472682667,28.65,40,45,3,0.9424777960769379,5,8.0,9,0.1,/user/raabe14/u19361/workspace-allen/results/zebra/sub-830794_ses-ecephys-830794-2026-01-26-12-02-05_ecephys/ProbeB/trial_0/phase_1/lib_ab4a70858e/lib_ab4a70858e__delay_0.08__dur_0.13.h5
9e657c2c-fd63-4b5c-9fc3-b3dbc2eaad7c,0.03,0.23,ab4a70858e,0.07658132910728455,11.641791044776127,-40.33018867924528,22.515923572829195,7.16,40,49,1,0.3141592653589793,0,2.0,9,0.1,/user/raabe14/u19361/workspace-allen/results/zebra/sub-830794_ses-ecephys-830794-2026-01-26-12-02-05_ecephys/ProbeB/trial_0/phase_1/lib_ab4a70858e/lib_ab4a70858e__delay_0.03__dur_0.23.h5
9ec116bb-8f19-4790-b576-6607824a8518,-0.01,-0.23,ab4a70858e,0.16252434253692627,-17.014925373134325,-2.6886792452830193,45.02251307527088,17.91,24,28,2,0.6283185307179586,3,5.0,12,1.3,/user/raabe14/u19361/workspace-allen/results/zebra/sub-830794_ses-ecephys-830794-2026-01-26-12-02-05_ecephys/ProbeB/trial_0/phase_1/lib_ab4a70858e/lib_ab4a70858e__delay_-0.01__dur_-0.23.h5
9f95c28b-1089-4003-832e-68bb13723d41,0.25,0.23,ab4a70858e,0.09308081120252609,-29.55223880597015,8.066037735849058,67.51591472682667,10.74,17,22,3,0.9424777960769379,1,3.0,12,1.3,/user/raabe14/u19361/workspace-allen/results/zebra/sub-830794_ses-ecephys-830794-2026-01-26-12-02-05_ecephys/ProbeB/trial_0/phase_1/lib_ab4a70858e/lib_ab4a70858e__delay_0.25__dur_0.23.h5
a11e0d06-7e5d-4674-91bf-b35a815892bc,0.2,0.08,ab4a70858e,0.08202040940523148,2.6865671641791096,13.443396226415096,0.0,21.49,35,19,0,0.0,4,6.0,5,0.06,/user/raabe14/u19361/workspace-allen/results/zebra/sub-830794_ses-ecephys-830794-2026-01-26-12-02-05_ecephys/ProbeB/trial_0/phase_1/lib_ab4a70858e/lib_ab4a70858e__delay_0.2__dur_0.08.h5
a120f89a-8e5e-4957-8a7b-016b7735b101,-0.01,-0.03,ab4a70858e,0.0,-60.0,47.5,0.0,7.16,0,0,0,0.0,0,2.0,0,0.01,/user/raabe14/u19361/workspace-allen/results/zebra/sub-830794_ses-ecephys-830794-2026-01-26-12-02-05_ecephys/ProbeB/trial_0/phase_1/lib_ab4a70858e/lib_ab4a70858e__delay_-0.01__dur_-0.03.h5
a12d1543-987e-451f-9c7b-bf003cbe938c,-0.01,-0.03,ab4a70858e,0.0,-60.0,47.5,0.0,7.16,0,0,0,0.0,0,2.0,0,0.01,/user/raabe14/u19361/workspace-allen/results/zebra/sub-830794_ses-ecephys-830794-2026-01-26-12-02-05_ecephys/ProbeB/trial_0/phase_1/lib_ab4a70858e/lib_ab4a70858e__delay_-0.01__dur_-0.03.h5
a15c6960-4a80-4cd7-bc5a-b9cf24fa7620,-0.125,-0.18000000000000002,ab4a70858e,0.08965564519166946,-27.761194029850742,6.273584905660378,112.48408527317332,17.91,18,23,5,1.5707963267948966,3,5.0,11,1.2,/user/raabe14/u19361/workspace-allen/results/zebra/sub-830794_ses-ecephys-830794-2026-01-26-12-02-05_ecephys/ProbeB/trial_0/phase_1/lib_ab4a70858e/lib_ab4a70858e__delay_-0.125__dur_-0.18000000000000002.h5
a2102cc4-1eb3-45fd-b0e6-da22addb697c,-0.01,-0.03,ab4a70858e,0.0,-60.0,47.5,0.0,7.16,0,0,0,0.0,0,2.0,0,0.01,/user/raabe14/u19361/workspace-allen/results/zebra/sub-830794_ses-ecephys-830794-2026-01-26-12-02-05_ecephys/ProbeB/trial_0/phase_1/lib_ab4a70858e/lib_ab4a70858e__delay_-0.01__dur_-0.03.h5
a24ddfa2-4230-46f9-83d6-1d0ea9a1efa6,0.2,0.18000000000000002,ab4a70858e,0.07784032821655273,-38.507462686567166,43.91509433962264,22.515923572829195,10.74,12,2,1,0.3141592653589793,1,3.0,6,0.07,/user/raabe14/u19361/workspace-allen/results/zebra/sub-830794_ses-ecephys-830794-2026-01-26-12-02-05_ecephys/ProbeB/trial_0/phase_1/lib_ab4a70858e/lib_ab4a70858e__delay_0.2__dur_0.18000000000000002.h5
a25ba39a-a1fb-47a6-ba37-1c4674a6575e,-0.03,-0.23,ab4a70858e,0.0806986466050148,-38.507462686567166,-36.74528301886792,90.0,17.91,12,47,4,1.2566370614359172,3,5.0,0,0.01,/user/raabe14/u19361/workspace-allen/results/zebra/sub-830794_ses-ecephys-830794-2026-01-26-12-02-05_ecephys/ProbeB/trial_0/phase_1/lib_ab4a70858e/lib_ab4a70858e__delay_-0.03__dur_-0.23.h5
a28a6840-5da4-4d04-b7e7-ac0326247de5,0.1,0.23,ab4a70858e,0.07670281082391739,-34.92537313432835,8.066037735849058,67.51591472682667,28.65,14,22,3,0.9424777960769379,5,8.0,2,0.03,/user/raabe14/u19361/workspace-allen/results/zebra/sub-830794_ses-ecephys-830794-2026-01-26-12-02-05_ecephys/ProbeB/trial_0/phase_1/lib_ab4a70858e/lib_ab4a70858e__delay_0.1__dur_0.23.h5
a2fd2080-3549-4d9e-a993-8d3ca751e4ba,0.07,0.08,ab4a70858e,0.08317925781011581,40.29850746268657,-34.95283018867924,134.9774869247291,17.91,56,46,6,1.8849555921538759,3,5.0,9,0.1,/user/raabe14/u19361/workspace-allen/results/zebra/sub-830794_ses-ecephys-830794-2026-01-26-12-02-05_ecephys/ProbeB/trial_0/phase_1/lib_ab4a70858e/lib_ab4a70858e__delay_0.07__dur_0.08.h5
a329cf98-39a2-46cd-ad5b-e85c5ca7e2c5,0.30000000000000004,0.23,ab4a70858e,0.11066371947526932,-2.6865671641791025,47.5,112.48408527317332,21.49,32,0,5,1.5707963267948966,4,6.0,11,1.2,/user/raabe14/u19361/workspace-allen/results/zebra/sub-830794_ses-ecephys-830794-2026-01-26-12-02-05_ecephys/ProbeB/trial_0/phase_1/lib_ab4a70858e/lib_ab4a70858e__delay_0.30000000000000004__dur_0.23.h5
a3c91ccd-330f-4b2c-a241-90f37fc65496,-0.15,-0.23,ab4a70858e,0.09183062613010406,-13.43283582089552,-36.74528301886792,112.48408527317332,14.32,26,47,5,1.5707963267948966,2,4.0,11,1.2,/user/raabe14/u19361/workspace-allen/results/zebra/sub-830794_ses-ecephys-830794-2026-01-26-12-02-05_ecephys/ProbeB/trial_0/phase_1/lib_ab4a70858e/lib_ab4a70858e__delay_-0.15__dur_-0.23.h5
a3d97aa0-c730-48be-96b4-bd75fc6fcf6d,-0.125,-0.23,ab4a70858e,0.08895028382539749,-24.179104477611936,11.650943396226417,0.0,10.74,20,20,0,0.0,1,3.0,11,1.2,/user/raabe14/u19361/workspace-allen/results/zebra/sub-830794_ses-ecephys-830794-2026-01-26-12-02-05_ecephys/ProbeB/trial_0/phase_1/lib_ab4a70858e/lib_ab4a70858e__delay_-0.125__dur_-0.23.h5
a426356b-32cc-44c0-913b-a7c2ac3f5088,-0.01,-0.18000000000000002,ab4a70858e,0.08781243115663528,-20.59701492537313,-20.61320754716981,134.9774869247291,17.91,22,38,6,1.8849555921538759,3,5.0,6,0.07,/user/raabe14/u19361/workspace-allen/results/zebra/sub-830794_ses-ecephys-830794-2026-01-26-12-02-05_ecephys/ProbeB/trial_0/phase_1/lib_ab4a70858e/lib_ab4a70858e__delay_-0.01__dur_-0.18000000000000002.h5
a45a1b6b-5dae-4ddc-a698-f4b671743321,0.1,0.23,ab4a70858e,0.07426828145980835,-33.134328358208954,-4.481132075471699,45.02251307527088,28.65,15,29,2,0.6283185307179586,5,8.0,6,0.07,/user/raabe14/u19361/workspace-allen/results/zebra/sub-830794_ses-ecephys-830794-2026-01-26-12-02-05_ecephys/ProbeB/trial_0/phase_1/lib_ab4a70858e/lib_ab4a70858e__delay_0.1__dur_0.23.h5
a4a1dfa9-53c8-445e-a22c-e328b75a3940,-0.01,-0.03,ab4a70858e,0.0,-60.0,47.5,0.0,7.16,0,0,0,0.0,0,2.0,0,0.01,/user/raabe14/u19361/workspace-allen/results/zebra/sub-830794_ses-ecephys-830794-2026-01-26-12-02-05_ecephys/ProbeB/trial_0/phase_1/lib_ab4a70858e/lib_ab4a70858e__delay_-0.01__dur_-0.03.h5
a502b7e2-d949-4dda-8ae9-afca61263e87,0.0,0.08,ab4a70858e,0.2664201557636261,-42.089552238805965,-4.481132075471699,22.515923572829163,7.16,10,29,9,2.827433388230814,0,2.0,0,0.01,/user/raabe14/u19361/workspace-allen/results/zebra/sub-830794_ses-ecephys-830794-2026-01-26-12-02-05_ecephys/ProbeB/trial_0/phase_1/lib_ab4a70858e/lib_ab4a70858e__delay_0.0__dur_0.08.h5
a59f29fd-293b-4647-bf54-61b8d7a71181,-0.125,-0.23,ab4a70858e,0.07493863254785538,8.059701492537314,-24.19811320754717,45.02251307527088,14.32,38,40,2,0.6283185307179586,2,4.0,12,1.3,/user/raabe14/u19361/workspace-allen/results/zebra/sub-830794_ses-ecephys-830794-2026-01-26-12-02-05_ecephys/ProbeB/trial_0/phase_1/lib_ab4a70858e/lib_ab4a70858e__delay_-0.125__dur_-0.23.h5
a61ff41e-3af5-4d29-9b40-4513af903c7e,-0.04,-0.23,ab4a70858e,0.0923745408654213,-13.43283582089552,-20.61320754716981,112.48408527317332,10.74,26,38,5,1.5707963267948966,1,3.0,11,1.2,/user/raabe14/u19361/workspace-allen/results/zebra/sub-830794_ses-ecephys-830794-2026-01-26-12-02-05_ecephys/ProbeB/trial_0/phase_1/lib_ab4a70858e/lib_ab4a70858e__delay_-0.04__dur_-0.23.h5
a63cbdb5-d5b4-4952-88d2-fb84673b2a2f,0.01,0.13,ab4a70858e,0.07454914599657059,-20.59701492537313,-27.78301886792453,22.515923572829195,17.91,22,42,1,0.3141592653589793,3,5.0,9,0.1,/user/raabe14/u19361/workspace-allen/results/zebra/sub-830794_ses-ecephys-830794-2026-01-26-12-02-05_ecephys/ProbeB/trial_0/phase_1/lib_ab4a70858e/lib_ab4a70858e__delay_0.01__dur_0.13.h5
a6640673-560e-4657-a16d-c70389261fc9,0.30000000000000004,0.23,ab4a70858e,0.08273360133171082,8.059701492537314,-9.858490566037737,45.02251307527088,14.32,38,32,2,0.6283185307179586,2,4.0,0,0.01,/user/raabe14/u19361/workspace-allen/results/zebra/sub-830794_ses-ecephys-830794-2026-01-26-12-02-05_ecephys/ProbeB/trial_0/phase_1/lib_ab4a70858e/lib_ab4a70858e__delay_0.30000000000000004__dur_0.23.h5
a69af8b4-d378-4d52-933b-7eafb7309aab,0.01,0.23,ab4a70858e,0.10290965437889099,-42.089552238805965,17.02830188679245,112.48408527317332,7.16,10,17,5,1.5707963267948966,0,2.0,3,0.04,/user/raabe14/u19361/workspace-allen/results/zebra/sub-830794_ses-ecephys-830794-2026-01-26-12-02-05_ecephys/ProbeB/trial_0/phase_1/lib_ab4a70858e/lib_ab4a70858e__delay_0.01__dur_0.23.h5
a6c96f72-41d0-4ffc-8189-d3de39ff8ea9,-0.04,-0.13,ab4a70858e,0.08701124042272568,6.268656716417908,-9.858490566037737,45.02251307527088,7.16,37,32,2,0.6283185307179586,0,2.0,9,0.1,/user/raabe14/u19361/workspace-allen/results/zebra/sub-830794_ses-ecephys-830794-2026-01-26-12-02-05_ecephys/ProbeB/trial_0/phase_1/lib_ab4a70858e/lib_ab4a70858e__delay_-0.04__dur_-0.13.h5
a735997f-e7c6-4a99-bfab-1f806865a6c7,0.15000000000000002,0.18000000000000002,ab4a70858e,0.0830104723572731,6.268656716417908,-8.066037735849058,22.515923572829163,7.16,37,31,9,2.827433388230814,0,2.0,8,0.09,/user/raabe14/u19361/workspace-allen/results/zebra/sub-830794_ses-ecephys-830794-2026-01-26-12-02-05_ecephys/ProbeB/trial_0/phase_1/lib_ab4a70858e/lib_ab4a70858e__delay_0.15000000000000002__dur_0.18000000000000002.h5
a8247594-4be6-43dd-b2e4-8989a3c5ec75,-0.03,-0.23,ab4a70858e,0.07177503407001495,-38.507462686567166,13.443396226415096,0.0,7.16,12,19,0,0.0,0,2.0,9,0.1,/user/raabe14/u19361/workspace-allen/results/zebra/sub-830794_ses-ecephys-830794-2026-01-26-12-02-05_ecephys/ProbeB/trial_0/phase_1/lib_ab4a70858e/lib_ab4a70858e__delay_-0.03__dur_-0.23.h5
a9303968-aec8-4634-b71f-d47eb46f4bc1,0.30000000000000004,0.18000000000000002,ab4a70858e,0.07594624906778336,-8.059701492537314,47.5,134.9774869247291,7.16,29,0,6,1.8849555921538759,0,2.0,0,0.01,/user/raabe14/u19361/workspace-allen/results/zebra/sub-830794_ses-ecephys-830794-2026-01-26-12-02-05_ecephys/ProbeB/trial_0/phase_1/lib_ab4a70858e/lib_ab4a70858e__delay_0.30000000000000004__dur_0.18000000000000002.h5
a9d7835a-048f-4192-bc92-61b8408a437e,0.15000000000000002,0.23,ab4a70858e,0.08878681063652039,13.43283582089552,8.066037735849058,157.4840764271708,10.74,41,22,7,2.199114857512855,1,3.0,4,0.05,/user/raabe14/u19361/workspace-allen/results/zebra/sub-830794_ses-ecephys-830794-2026-01-26-12-02-05_ecephys/ProbeB/trial_0/phase_1/lib_ab4a70858e/lib_ab4a70858e__delay_0.15000000000000002__dur_0.23.h5
aa298c71-7dc0-4d29-b387-f6f15fffb887,0.1,0.23,ab4a70858e,0.09170017391443253,-15.223880597014926,13.443396226415096,157.4840764271708,7.16,25,19,7,2.199114857512855,0,2.0,9,0.1,/user/raabe14/u19361/workspace-allen/results/zebra/sub-830794_ses-ecephys-830794-2026-01-26-12-02-05_ecephys/ProbeB/trial_0/phase_1/lib_ab4a70858e/lib_ab4a70858e__delay_0.1__dur_0.23.h5
aa637931-d0ae-444d-9642-ab455cfd8320,0.08,0.23,ab4a70858e,0.09327425062656403,-17.014925373134325,47.5,112.48408527317332,21.49,24,0,5,1.5707963267948966,4,6.0,11,1.2,/user/raabe14/u19361/workspace-allen/results/zebra/sub-830794_ses-ecephys-830794-2026-01-26-12-02-05_ecephys/ProbeB/trial_0/phase_1/lib_ab4a70858e/lib_ab4a70858e__delay_0.08__dur_0.23.h5
ab3b9f4d-13da-416a-a9bb-4030084f7cfe,-0.1,-0.18000000000000002,ab4a70858e,0.08439050614833832,29.55223880597015,15.235849056603776,180.0,10.74,50,18,8,2.5132741228718345,1,3.0,7,0.08,/user/raabe14/u19361/workspace-allen/results/zebra/sub-830794_ses-ecephys-830794-2026-01-26-12-02-05_ecephys/ProbeB/trial_0/phase_1/lib_ab4a70858e/lib_ab4a70858e__delay_-0.1__dur_-0.18000000000000002.h5
ab710935-947b-437c-b8d2-7f609dfa1eb5,0.25,0.13,ab4a70858e,0.07410356402397156,-43.88059701492537,-2.6886792452830193,22.515923572829163,14.32,9,28,9,2.827433388230814,2,4.0,9,0.1,/user/raabe14/u19361/workspace-allen/results/zebra/sub-830794_ses-ecephys-830794-2026-01-26-12-02-05_ecephys/ProbeB/trial_0/phase_1/lib_ab4a70858e/lib_ab4a70858e__delay_0.25__dur_0.13.h5
abbc0aef-04ee-452a-8797-3c6106825705,-0.01,-0.03,ab4a70858e,0.0,-60.0,47.5,0.0,7.16,0,0,0,0.0,0,2.0,0,0.01,/user/raabe14/u19361/workspace-allen/results/zebra/sub-830794_ses-ecephys-830794-2026-01-26-12-02-05_ecephys/ProbeB/trial_0/phase_1/lib_ab4a70858e/lib_ab4a70858e__delay_-0.01__dur_-0.03.h5
acf1a2ac-e936-4eeb-a8be-162e278e3f64,-0.01,-0.23,ab4a70858e,0.08117945492267609,54.626865671641795,-0.8962264150943398,134.9774869247291,21.49,64,27,6,1.8849555921538759,4,6.0,7,0.08,/user/raabe14/u19361/workspace-allen/results/zebra/sub-830794_ses-ecephys-830794-2026-01-26-12-02-05_ecephys/ProbeB/trial_0/phase_1/lib_ab4a70858e/lib_ab4a70858e__delay_-0.01__dur_-0.23.h5
ad968694-5be7-41c0-9db0-bc5e6986e3c9,-0.02,-0.13,ab4a70858e,0.07772795855998993,47.462686567164184,-45.70754716981132,112.48408527317332,21.49,60,52,5,1.5707963267948966,4,6.0,9,0.1,/user/raabe14/u19361/workspace-allen/results/zebra/sub-830794_ses-ecephys-830794-2026-01-26-12-02-05_ecephys/ProbeB/trial_0/phase_1/lib_ab4a70858e/lib_ab4a70858e__delay_-0.02__dur_-0.13.h5
b0866c0c-7088-464a-bd93-bc6dfc25d4d6,0.30000000000000004,0.18000000000000002,ab4a70858e,0.08580510318279266,9.85074626865672,-43.91509433962264,45.02251307527088,14.32,39,51,2,0.6283185307179586,2,4.0,9,0.1,/user/raabe14/u19361/workspace-allen/results/zebra/sub-830794_ses-ecephys-830794-2026-01-26-12-02-05_ecephys/ProbeB/trial_0/phase_1/lib_ab4a70858e/lib_ab4a70858e__delay_0.30000000000000004__dur_0.18000000000000002.h5
b0d545e4-25b2-44be-a27d-287632aa76ae,0.04,0.23,ab4a70858e,0.12647956609725952,-15.223880597014926,2.6886792452830193,112.48408527317332,17.91,25,25,5,1.5707963267948966,3,5.0,12,1.3,/user/raabe14/u19361/workspace-allen/results/zebra/sub-830794_ses-ecephys-830794-2026-01-26-12-02-05_ecephys/ProbeB/trial_0/phase_1/lib_ab4a70858e/lib_ab4a70858e__delay_0.04__dur_0.23.h5
b1316065-25e4-4e5a-9dfa-04c6b82a24bf,-0.15,-0.23,ab4a70858e,0.07520157843828201,-45.67164179104478,-9.858490566037737,45.02251307527088,28.65,8,32,2,0.6283185307179586,5,8.0,9,0.1,/user/raabe14/u19361/workspace-allen/results/zebra/sub-830794_ses-ecephys-830794-2026-01-26-12-02-05_ecephys/ProbeB/trial_0/phase_1/lib_ab4a70858e/lib_ab4a70858e__delay_-0.15__dur_-0.23.h5
b19e0826-01b2-4aa5-af7c-542b324ecf4f,-0.035,-0.08,ab4a70858e,0.07507909089326859,-34.92537313432835,27.783018867924525,0.0,7.16,14,11,0,0.0,0,2.0,0,0.01,/user/raabe14/u19361/workspace-allen/results/zebra/sub-830794_ses-ecephys-830794-2026-01-26-12-02-05_ecephys/ProbeB/trial_0/phase_1/lib_ab4a70858e/lib_ab4a70858e__delay_-0.035__dur_-0.08.h5
b3488c34-0f00-44be-96c3-cd55a21d8fe3,0.01,0.18000000000000002,ab4a70858e,0.09343712031841278,-13.43283582089552,-17.028301886792452,67.51591472682667,14.32,26,36,3,0.9424777960769379,2,4.0,12,1.3,/user/raabe14/u19361/workspace-allen/results/zebra/sub-830794_ses-ecephys-830794-2026-01-26-12-02-05_ecephys/ProbeB/trial_0/phase_1/lib_ab4a70858e/lib_ab4a70858e__delay_0.01__dur_0.18000000000000002.h5
b3da3b52-ff2c-4f3e-8532-647a5add5eef,0.01,0.13,ab4a70858e,0.08219216018915176,11.641791044776127,8.066037735849058,180.0,7.16,40,22,8,2.5132741228718345,0,2.0,6,0.07,/user/raabe14/u19361/workspace-allen/results/zebra/sub-830794_ses-ecephys-830794-2026-01-26-12-02-05_ecephys/ProbeB/trial_0/phase_1/lib_ab4a70858e/lib_ab4a70858e__delay_0.01__dur_0.13.h5
b43ee617-9171-4971-b548-bb92a65ec6b7,-0.125,-0.18000000000000002,ab4a70858e,0.08873311430215836,-36.71641791044776,-13.443396226415096,157.4840764271708,28.65,13,34,7,2.199114857512855,5,8.0,7,0.08,/user/raabe14/u19361/workspace-allen/results/zebra/sub-830794_ses-ecephys-830794-2026-01-26-12-02-05_ecephys/ProbeB/trial_0/phase_1/lib_ab4a70858e/lib_ab4a70858e__delay_-0.125__dur_-0.18000000000000002.h5
b4afb68c-7534-4b69-ab41-6c5d91d73870,0.07,0.08,ab4a70858e,0.09589840471744537,31.343283582089555,-31.367924528301888,67.51591472682667,28.65,51,44,3,0.9424777960769379,5,8.0,3,0.04,/user/raabe14/u19361/workspace-allen/results/zebra/sub-830794_ses-ecephys-830794-2026-01-26-12-02-05_ecephys/ProbeB/trial_0/phase_1/lib_ab4a70858e/lib_ab4a70858e__delay_0.07__dur_0.08.h5
b4b3f77d-ba7e-4588-b76c-3567a9bca983,0.15000000000000002,0.23,ab4a70858e,0.10213652998209,-9.850746268656714,18.820754716981128,112.48408527317332,17.91,28,16,5,1.5707963267948966,3,5.0,11,1.2,/user/raabe14/u19361/workspace-allen/results/zebra/sub-830794_ses-ecephys-830794-2026-01-26-12-02-05_ecephys/ProbeB/trial_0/phase_1/lib_ab4a70858e/lib_ab4a70858e__delay_0.15000000000000002__dur_0.23.h5
b4d74eea-aad2-4643-bfa3-3c903ed26ef9,-0.1,-0.23,ab4a70858e,0.08912471681833267,-11.64179104477612,-20.61320754716981,90.0,28.65,27,38,4,1.2566370614359172,5,8.0,9,0.1,/user/raabe14/u19361/workspace-allen/results/zebra/sub-830794_ses-ecephys-830794-2026-01-26-12-02-05_ecephys/ProbeB/trial_0/phase_1/lib_ab4a70858e/lib_ab4a70858e__delay_-0.1__dur_-0.23.h5
b535e857-c677-403d-99df-5fe4962d4d6a,0.08,0.23,ab4a70858e,0.0877591073513031,-29.55223880597015,31.367924528301884,45.02251307527088,21.49,17,9,2,0.6283185307179586,4,6.0,12,1.3,/user/raabe14/u19361/workspace-allen/results/zebra/sub-830794_ses-ecephys-830794-2026-01-26-12-02-05_ecephys/ProbeB/trial_0/phase_1/lib_ab4a70858e/lib_ab4a70858e__delay_0.08__dur_0.23.h5
b553f0d3-5d9c-43ca-bf13-1ad92868bf53,-0.075,-0.18000000000000002,ab4a70858e,0.08314358443021774,-20.59701492537313,8.066037735849058,0.0,17.91,22,22,0,0.0,3,5.0,11,1.2,/user/raabe14/u19361/workspace-allen/results/zebra/sub-830794_ses-ecephys-830794-2026-01-26-12-02-05_ecephys/ProbeB/trial_0/phase_1/lib_ab4a70858e/lib_ab4a70858e__delay_-0.075__dur_-0.18000000000000002.h5
b5577853-daaf-49b1-b640-9a0c104ad44d,-0.03,-0.13,ab4a70858e,0.0751069039106369,8.059701492537314,4.481132075471699,134.9774869247291,14.32,38,24,6,1.8849555921538759,2,4.0,5,0.06,/user/raabe14/u19361/workspace-allen/results/zebra/sub-830794_ses-ecephys-830794-2026-01-26-12-02-05_ecephys/ProbeB/trial_0/phase_1/lib_ab4a70858e/lib_ab4a70858e__delay_-0.03__dur_-0.13.h5
b5dc5a4c-710b-40cc-b04e-8c54fc3a5e0d,-0.15,-0.23,ab4a70858e,0.07547714561223984,-29.55223880597015,-43.91509433962264,67.51591472682667,28.65,17,51,3,0.9424777960769379,5,8.0,6,0.07,/user/raabe14/u19361/workspace-allen/results/zebra/sub-830794_ses-ecephys-830794-2026-01-26-12-02-05_ecephys/ProbeB/trial_0/phase_1/lib_ab4a70858e/lib_ab4a70858e__delay_-0.15__dur_-0.23.h5
b5e5613d-c113-4651-b5c8-6ba3a998f812,0.2,0.18000000000000002,ab4a70858e,0.09480026364326477,31.343283582089555,-13.443396226415096,45.02251307527088,28.65,51,34,2,0.6283185307179586,5,8.0,0,0.01,/user/raabe14/u19361/workspace-allen/results/zebra/sub-830794_ses-ecephys-830794-2026-01-26-12-02-05_ecephys/ProbeB/trial_0/phase_1/lib_ab4a70858e/lib_ab4a70858e__delay_0.2__dur_0.18000000000000002.h5
b6938e38-ec0b-4712-84c8-7fede134d797,-0.15,-0.23,ab4a70858e,0.08247896283864975,33.13432835820896,22.405660377358487,134.9774869247291,14.32,52,14,6,1.8849555921538759,2,4.0,9,0.1,/user/raabe14/u19361/workspace-allen/results/zebra/sub-830794_ses-ecephys-830794-2026-01-26-12-02-05_ecephys/ProbeB/trial_0/phase_1/lib_ab4a70858e/lib_ab4a70858e__delay_-0.15__dur_-0.23.h5
b70d0929-d221-480a-b3b9-4c3b9f0abf5d,0.06,0.13,ab4a70858e,0.11537260562181473,11.641791044776127,-24.19811320754717,0.0,10.74,40,40,0,0.0,1,3.0,5,0.06,/user/raabe14/u19361/workspace-allen/results/zebra/sub-830794_ses-ecephys-830794-2026-01-26-12-02-05_ecephys/ProbeB/trial_0/phase_1/lib_ab4a70858e/lib_ab4a70858e__delay_0.06__dur_0.13.h5
b7684c3e-fbc7-4096-8f71-a89c5af3f239,0.03,0.08,ab4a70858e,0.0808505117893219,13.43283582089552,-42.12264150943396,22.515923572829163,28.65,41,50,9,2.827433388230814,5,8.0,0,0.01,/user/raabe14/u19361/workspace-allen/results/zebra/sub-830794_ses-ecephys-830794-2026-01-26-12-02-05_ecephys/ProbeB/trial_0/phase_1/lib_ab4a70858e/lib_ab4a70858e__delay_0.03__dur_0.08.h5
b79cb07d-d868-4d23-a664-64915adc4241,0.0,0.08,ab4a70858e,0.07329844683408737,43.88059701492537,-18.82075471698113,22.515923572829195,21.49,58,37,1,0.3141592653589793,4,6.0,4,0.05,/user/raabe14/u19361/workspace-allen/results/zebra/sub-830794_ses-ecephys-830794-2026-01-26-12-02-05_ecephys/ProbeB/trial_0/phase_1/lib_ab4a70858e/lib_ab4a70858e__delay_0.0__dur_0.08.h5
b7b8a268-f4c3-4b6c-a310-ac6f7881a49a,0.03,0.18000000000000002,ab4a70858e,0.08935238420963287,-6.268656716417908,17.02830188679245,45.02251307527088,14.32,30,17,2,0.6283185307179586,2,4.0,9,0.1,/user/raabe14/u19361/workspace-allen/results/zebra/sub-830794_ses-ecephys-830794-2026-01-26-12-02-05_ecephys/ProbeB/trial_0/phase_1/lib_ab4a70858e/lib_ab4a70858e__delay_0.03__dur_0.18000000000000002.h5
b7f96c0e-4d57-425b-b3af-149b8d1a9e29,0.0,0.18000000000000002,ab4a70858e,0.07745777815580368,17.014925373134332,8.066037735849058,22.515923572829195,21.49,43,22,1,0.3141592653589793,4,6.0,7,0.08,/user/raabe14/u19361/workspace-allen/results/zebra/sub-830794_ses-ecephys-830794-2026-01-26-12-02-05_ecephys/ProbeB/trial_0/phase_1/lib_ab4a70858e/lib_ab4a70858e__delay_0.0__dur_0.18000000000000002.h5
b8475f24-deee-41f3-b853-d7cc4d152f1b,-0.01,-0.13,ab4a70858e,0.07581757009029388,11.641791044776127,20.613207547169807,45.02251307527088,7.16,40,15,2,0.6283185307179586,0,2.0,9,0.1,/user/raabe14/u19361/workspace-allen/results/zebra/sub-830794_ses-ecephys-830794-2026-01-26-12-02-05_ecephys/ProbeB/trial_0/phase_1/lib_ab4a70858e/lib_ab4a70858e__delay_-0.01__dur_-0.13.h5
b8817193-796e-4182-ab36-aa024bb17a90,0.01,0.13,ab4a70858e,0.08963168412446976,-27.761194029850742,36.74528301886792,22.515923572829163,28.65,18,6,9,2.827433388230814,5,8.0,5,0.06,/user/raabe14/u19361/workspace-allen/results/zebra/sub-830794_ses-ecephys-830794-2026-01-26-12-02-05_ecephys/ProbeB/trial_0/phase_1/lib_ab4a70858e/lib_ab4a70858e__delay_0.01__dur_0.13.h5
b8f57282-3966-4e76-ac4f-e8d6a58334e4,-0.075,-0.23,ab4a70858e,0.12642720341682434,-18.80597014925373,-4.481132075471699,90.0,17.91,23,29,4,1.2566370614359172,3,5.0,10,1.1,/user/raabe14/u19361/workspace-allen/results/zebra/sub-830794_ses-ecephys-830794-2026-01-26-12-02-05_ecephys/ProbeB/trial_0/phase_1/lib_ab4a70858e/lib_ab4a70858e__delay_-0.075__dur_-0.23.h5
b8f78e16-9f57-4cbb-b83a-4f2762ffc882,-0.15,-0.23,ab4a70858e,0.09144694358110428,-38.507462686567166,0.8962264150943398,112.48408527317332,14.32,12,26,5,1.5707963267948966,2,4.0,11,1.2,/user/raabe14/u19361/workspace-allen/results/zebra/sub-830794_ses-ecephys-830794-2026-01-26-12-02-05_ecephys/ProbeB/trial_0/phase_1/lib_ab4a70858e/lib_ab4a70858e__delay_-0.15__dur_-0.23.h5
b9158ffc-8a83-4c4f-afbb-8dcf8220dc3f,0.2,0.23,ab4a70858e,0.1018449068069458,-24.179104477611936,-22.40566037735849,157.4840764271708,14.32,20,39,7,2.199114857512855,2,4.0,12,1.3,/user/raabe14/u19361/workspace-allen/results/zebra/sub-830794_ses-ecephys-830794-2026-01-26-12-02-05_ecephys/ProbeB/trial_0/phase_1/lib_ab4a70858e/lib_ab4a70858e__delay_0.2__dur_0.23.h5
b959c531-90cf-4d12-ac73-50afcea15861,-0.05,-0.23,ab4a70858e,0.07600467652082443,-18.80597014925373,24.198113207547166,0.0,17.91,23,13,0,0.0,3,5.0,8,0.09,/user/raabe14/u19361/workspace-allen/results/zebra/sub-830794_ses-ecephys-830794-2026-01-26-12-02-05_ecephys/ProbeB/trial_0/phase_1/lib_ab4a70858e/lib_ab4a70858e__delay_-0.05__dur_-0.23.h5
b9749272-2b46-4cd4-8339-1d4d042df114,-0.075,-0.23,ab4a70858e,0.07649931311607361,2.6865671641791096,25.990566037735846,22.515923572829195,17.91,35,12,1,0.3141592653589793,3,5.0,9,0.1,/user/raabe14/u19361/workspace-allen/results/zebra/sub-830794_ses-ecephys-830794-2026-01-26-12-02-05_ecephys/ProbeB/trial_0/phase_1/lib_ab4a70858e/lib_ab4a70858e__delay_-0.075__dur_-0.23.h5
b9846d0a-6695-427c-8538-9395c5c1476f,-0.01,-0.03,ab4a70858e,0.0,-60.0,47.5,0.0,7.16,0,0,0,0.0,0,2.0,0,0.01,/user/raabe14/u19361/workspace-allen/results/zebra/sub-830794_ses-ecephys-830794-2026-01-26-12-02-05_ecephys/ProbeB/trial_0/phase_1/lib_ab4a70858e/lib_ab4a70858e__delay_-0.01__dur_-0.03.h5
b99d08e9-2d49-46b7-9e57-0a95d40575cc,-0.01,-0.03,ab4a70858e,0.0,-60.0,47.5,0.0,7.16,0,0,0,0.0,0,2.0,0,0.01,/user/raabe14/u19361/workspace-allen/results/zebra/sub-830794_ses-ecephys-830794-2026-01-26-12-02-05_ecephys/ProbeB/trial_0/phase_1/lib_ab4a70858e/lib_ab4a70858e__delay_-0.01__dur_-0.03.h5
b9f56e92-9cc7-4479-8924-e13b2d3d0372,-0.01,-0.03,ab4a70858e,0.0,-60.0,47.5,0.0,7.16,0,0,0,0.0,0,2.0,0,0.01,/user/raabe14/u19361/workspace-allen/results/zebra/sub-830794_ses-ecephys-830794-2026-01-26-12-02-05_ecephys/ProbeB/trial_0/phase_1/lib_ab4a70858e/lib_ab4a70858e__delay_-0.01__dur_-0.03.h5
ba2ec597-cf75-4b81-b437-eee3c579a240,0.0,0.23,ab4a70858e,0.08390215784311295,-42.089552238805965,18.820754716981128,112.48408527317332,7.16,10,16,5,1.5707963267948966,0,2.0,7,0.08,/user/raabe14/u19361/workspace-allen/results/zebra/sub-830794_ses-ecephys-830794-2026-01-26-12-02-05_ecephys/ProbeB/trial_0/phase_1/lib_ab4a70858e/lib_ab4a70858e__delay_0.0__dur_0.23.h5
ba86770d-d393-42b4-a65a-321e82e01b98,0.02,0.23,ab4a70858e,0.2632550001144409,-24.179104477611936,2.6886792452830193,67.51591472682667,17.91,20,25,3,0.9424777960769379,3,5.0,12,1.3,/user/raabe14/u19361/workspace-allen/results/zebra/sub-830794_ses-ecephys-830794-2026-01-26-12-02-05_ecephys/ProbeB/trial_0/phase_1/lib_ab4a70858e/lib_ab4a70858e__delay_0.02__dur_0.23.h5
baf7693b-9473-49d0-b060-02f287a037db,0.0,0.08,ab4a70858e,0.3032004237174988,51.04477611940298,-38.5377358490566,22.515923572829195,28.65,62,48,1,0.3141592653589793,5,8.0,0,0.01,/user/raabe14/u19361/workspace-allen/results/zebra/sub-830794_ses-ecephys-830794-2026-01-26-12-02-05_ecephys/ProbeB/trial_0/phase_1/lib_ab4a70858e/lib_ab4a70858e__delay_0.0__dur_0.08.h5
bdf55ebc-6c86-4ce1-ac9c-001decc80188,0.30000000000000004,0.23,ab4a70858e,0.09386225789785385,-25.970149253731343,15.235849056603776,67.51591472682667,14.32,19,18,3,0.9424777960769379,2,4.0,12,1.3,/user/raabe14/u19361/workspace-allen/results/zebra/sub-830794_ses-ecephys-830794-2026-01-26-12-02-05_ecephys/ProbeB/trial_0/phase_1/lib_ab4a70858e/lib_ab4a70858e__delay_0.30000000000000004__dur_0.23.h5
be79bb36-41c0-488c-9a33-42f46a713752,0.04,0.23,ab4a70858e,0.08418325334787369,17.014925373134332,17.02830188679245,22.515923572829195,21.49,43,17,1,0.3141592653589793,4,6.0,9,0.1,/user/raabe14/u19361/workspace-allen/results/zebra/sub-830794_ses-ecephys-830794-2026-01-26-12-02-05_ecephys/ProbeB/trial_0/phase_1/lib_ab4a70858e/lib_ab4a70858e__delay_0.04__dur_0.23.h5
bedad345-beeb-4188-8a12-89c5cffa107d,0.1,0.23,ab4a70858e,0.07986373454332352,45.67164179104478,-24.19811320754717,22.515923572829195,7.16,59,40,1,0.3141592653589793,0,2.0,9,0.1,/user/raabe14/u19361/workspace-allen/results/zebra/sub-830794_ses-ecephys-830794-2026-01-26-12-02-05_ecephys/ProbeB/trial_0/phase_1/lib_ab4a70858e/lib_ab4a70858e__delay_0.1__dur_0.23.h5
bfba4d9e-accc-4871-bf06-af7544978b8d,-0.15,-0.08,ab4a70858e,0.08026091754436493,-52.83582089552239,47.5,90.0,21.49,4,0,4,1.2566370614359172,4,6.0,7,0.08,/user/raabe14/u19361/workspace-allen/results/zebra/sub-830794_ses-ecephys-830794-2026-01-26-12-02-05_ecephys/ProbeB/trial_0/phase_1/lib_ab4a70858e/lib_ab4a70858e__delay_-0.15__dur_-0.08.h5
bff18074-0269-47ad-adc5-6e2817295a79,-0.01,-0.03,ab4a70858e,0.0,-60.0,47.5,0.0,7.16,0,0,0,0.0,0,2.0,0,0.01,/user/raabe14/u19361/workspace-allen/results/zebra/sub-830794_ses-ecephys-830794-2026-01-26-12-02-05_ecephys/ProbeB/trial_0/phase_1/lib_ab4a70858e/lib_ab4a70858e__delay_-0.01__dur_-0.03.h5
c012be4b-3ffb-4783-b461-fb12c32edf2c,0.09,0.23,ab4a70858e,0.08012918382883072,-17.014925373134325,18.820754716981128,180.0,17.91,24,16,8,2.5132741228718345,3,5.0,12,1.3,/user/raabe14/u19361/workspace-allen/results/zebra/sub-830794_ses-ecephys-830794-2026-01-26-12-02-05_ecephys/ProbeB/trial_0/phase_1/lib_ab4a70858e/lib_ab4a70858e__delay_0.09__dur_0.23.h5
c0510157-d935-4378-a181-a4f280768bc1,0.30000000000000004,0.13,ab4a70858e,0.07865002751350403,-2.6865671641791025,2.6886792452830193,0.0,17.91,32,25,0,0.0,3,5.0,9,0.1,/user/raabe14/u19361/workspace-allen/results/zebra/sub-830794_ses-ecephys-830794-2026-01-26-12-02-05_ecephys/ProbeB/trial_0/phase_1/lib_ab4a70858e/lib_ab4a70858e__delay_0.30000000000000004__dur_0.13.h5
c1929525-236a-475e-9b7f-1ccc800acb0d,0.2,0.23,ab4a70858e,0.09107740223407745,-2.6865671641791025,4.481132075471699,45.02251307527088,28.65,32,24,2,0.6283185307179586,5,8.0,3,0.04,/user/raabe14/u19361/workspace-allen/results/zebra/sub-830794_ses-ecephys-830794-2026-01-26-12-02-05_ecephys/ProbeB/trial_0/phase_1/lib_ab4a70858e/lib_ab4a70858e__delay_0.2__dur_0.23.h5
c192ffe8-0b86-4093-bc09-0c172164152b,-0.1,-0.23,ab4a70858e,0.07889697700738907,-9.850746268656714,15.235849056603776,45.02251307527088,28.65,28,18,2,0.6283185307179586,5,8.0,9,0.1,/user/raabe14/u19361/workspace-allen/results/zebra/sub-830794_ses-ecephys-830794-2026-01-26-12-02-05_ecephys/ProbeB/trial_0/phase_1/lib_ab4a70858e/lib_ab4a70858e__delay_-0.1__dur_-0.23.h5
c1fb8eba-40c5-4ea8-b922-ddb33cfb8522,0.02,0.13,ab4a70858e,0.07709869742393494,-56.417910447761194,-24.19811320754717,180.0,28.65,2,40,8,2.5132741228718345,5,8.0,8,0.09,/user/raabe14/u19361/workspace-allen/results/zebra/sub-830794_ses-ecephys-830794-2026-01-26-12-02-05_ecephys/ProbeB/trial_0/phase_1/lib_ab4a70858e/lib_ab4a70858e__delay_0.02__dur_0.13.h5
c2917e42-a189-4966-8c4b-d1e5b9c2cea4,0.0,0.08,ab4a70858e,0.20168715715408325,4.477611940298516,31.367924528301884,67.51591472682667,17.91,36,9,3,0.9424777960769379,3,5.0,5,0.06,/user/raabe14/u19361/workspace-allen/results/zebra/sub-830794_ses-ecephys-830794-2026-01-26-12-02-05_ecephys/ProbeB/trial_0/phase_1/lib_ab4a70858e/lib_ab4a70858e__delay_0.0__dur_0.08.h5
c2adfec2-8382-457e-a846-ab7af297f80c,0.09,0.23,ab4a70858e,0.1457606703042984,-4.477611940298509,36.74528301886792,0.0,14.32,31,6,0,0.0,2,4.0,11,1.2,/user/raabe14/u19361/workspace-allen/results/zebra/sub-830794_ses-ecephys-830794-2026-01-26-12-02-05_ecephys/ProbeB/trial_0/phase_1/lib_ab4a70858e/lib_ab4a70858e__delay_0.09__dur_0.23.h5
c3b57949-3f07-40e0-ae94-87322883042d,0.09,0.23,ab4a70858e,0.1163720190525055,-9.850746268656714,9.858490566037737,45.02251307527088,14.32,28,21,2,0.6283185307179586,2,4.0,11,1.2,/user/raabe14/u19361/workspace-allen/results/zebra/sub-830794_ses-ecephys-830794-2026-01-26-12-02-05_ecephys/ProbeB/trial_0/phase_1/lib_ab4a70858e/lib_ab4a70858e__delay_0.09__dur_0.23.h5
c43b1222-f0e2-4d47-bf26-0a7d1c00d280,-0.125,-0.18000000000000002,ab4a70858e,0.0896759182214737,-15.223880597014926,0.8962264150943398,157.4840764271708,14.32,25,26,7,2.199114857512855,2,4.0,12,1.3,/user/raabe14/u19361/workspace-allen/results/zebra/sub-830794_ses-ecephys-830794-2026-01-26-12-02-05_ecephys/ProbeB/trial_0/phase_1/lib_ab4a70858e/lib_ab4a70858e__delay_-0.125__dur_-0.18000000000000002.h5
c4c9270c-4bd0-4b93-b795-fb1daf2a3e5c,0.05,0.23,ab4a70858e,0.10708452761173248,2.6865671641791096,27.783018867924525,157.4840764271708,10.74,35,11,7,2.199114857512855,1,3.0,12,1.3,/user/raabe14/u19361/workspace-allen/results/zebra/sub-830794_ses-ecephys-830794-2026-01-26-12-02-05_ecephys/ProbeB/trial_0/phase_1/lib_ab4a70858e/lib_ab4a70858e__delay_0.05__dur_0.23.h5
c51b1e64-9b8b-4958-9eb0-09bd36e7b1e1,0.2,0.23,ab4a70858e,0.07546999305486679,-56.417910447761194,42.12264150943396,90.0,10.74,2,3,4,1.2566370614359172,1,3.0,9,0.1,/user/raabe14/u19361/workspace-allen/results/zebra/sub-830794_ses-ecephys-830794-2026-01-26-12-02-05_ecephys/ProbeB/trial_0/phase_1/lib_ab4a70858e/lib_ab4a70858e__delay_0.2__dur_0.23.h5
c5fcbe13-3247-47ea-b3ea-89d5997006c0,-0.01,-0.03,ab4a70858e,0.0,-60.0,47.5,0.0,7.16,0,0,0,0.0,0,2.0,0,0.01,/user/raabe14/u19361/workspace-allen/results/zebra/sub-830794_ses-ecephys-830794-2026-01-26-12-02-05_ecephys/ProbeB/trial_0/phase_1/lib_ab4a70858e/lib_ab4a70858e__delay_-0.01__dur_-0.03.h5
c6471fb8-65b0-4133-9dc8-c7efb250876a,-0.125,-0.13,ab4a70858e,0.08721170574426651,-52.83582089552239,33.160377358490564,90.0,21.49,4,8,4,1.2566370614359172,4,6.0,9,0.1,/user/raabe14/u19361/workspace-allen/results/zebra/sub-830794_ses-ecephys-830794-2026-01-26-12-02-05_ecephys/ProbeB/trial_0/phase_1/lib_ab4a70858e/lib_ab4a70858e__delay_-0.125__dur_-0.13.h5
c670bf01-68ac-4ca7-b845-a797819f8f7c,0.30000000000000004,0.23,ab4a70858e,0.08288975059986115,-20.59701492537313,-9.858490566037737,0.0,28.65,22,32,0,0.0,5,8.0,8,0.09,/user/raabe14/u19361/workspace-allen/results/zebra/sub-830794_ses-ecephys-830794-2026-01-26-12-02-05_ecephys/ProbeB/trial_0/phase_1/lib_ab4a70858e/lib_ab4a70858e__delay_0.30000000000000004__dur_0.23.h5
c6b652f7-7b55-4a6d-9306-e57af85ef8e9,-0.01,-0.23,ab4a70858e,0.09151123464107513,13.43283582089552,6.273584905660378,134.9774869247291,7.16,41,23,6,1.8849555921538759,0,2.0,9,0.1,/user/raabe14/u19361/workspace-allen/results/zebra/sub-830794_ses-ecephys-830794-2026-01-26-12-02-05_ecephys/ProbeB/trial_0/phase_1/lib_ab4a70858e/lib_ab4a70858e__delay_-0.01__dur_-0.23.h5
c6d76916-f793-4725-90d2-db4195d0442d,-0.035,-0.18000000000000002,ab4a70858e,0.07775093615055084,-29.55223880597015,15.235849056603776,90.0,21.49,17,18,4,1.2566370614359172,4,6.0,5,0.06,/user/raabe14/u19361/workspace-allen/results/zebra/sub-830794_ses-ecephys-830794-2026-01-26-12-02-05_ecephys/ProbeB/trial_0/phase_1/lib_ab4a70858e/lib_ab4a70858e__delay_-0.035__dur_-0.18000000000000002.h5
c7c05c00-0f0e-4730-8f15-818005873625,0.03,0.23,ab4a70858e,0.08464650064706802,-15.223880597014926,-2.6886792452830193,22.515923572829163,7.16,25,28,9,2.827433388230814,0,2.0,9,0.1,/user/raabe14/u19361/workspace-allen/results/zebra/sub-830794_ses-ecephys-830794-2026-01-26-12-02-05_ecephys/ProbeB/trial_0/phase_1/lib_ab4a70858e/lib_ab4a70858e__delay_0.03__dur_0.23.h5
c7c3e3ef-d65b-4739-833e-35a6cc6220f7,-0.01,-0.23,ab4a70858e,0.09222164750099182,-31.34328358208955,-9.858490566037737,112.48408527317332,21.49,16,32,5,1.5707963267948966,4,6.0,7,0.08,/user/raabe14/u19361/workspace-allen/results/zebra/sub-830794_ses-ecephys-830794-2026-01-26-12-02-05_ecephys/ProbeB/trial_0/phase_1/lib_ab4a70858e/lib_ab4a70858e__delay_-0.01__dur_-0.23.h5
c8033df4-6cb7-44fe-9971-70adfa6fefbd,-0.03,-0.23,ab4a70858e,0.08686022460460663,54.626865671641795,11.650943396226417,157.4840764271708,17.91,64,20,7,2.199114857512855,3,5.0,8,0.09,/user/raabe14/u19361/workspace-allen/results/zebra/sub-830794_ses-ecephys-830794-2026-01-26-12-02-05_ecephys/ProbeB/trial_0/phase_1/lib_ab4a70858e/lib_ab4a70858e__delay_-0.03__dur_-0.23.h5
c8343b3f-ae70-4f87-bf68-5eeaa29d657d,-0.075,-0.23,ab4a70858e,0.08283054828643799,6.268656716417908,9.858490566037737,157.4840764271708,17.91,37,21,7,2.199114857512855,3,5.0,7,0.08,/user/raabe14/u19361/workspace-allen/results/zebra/sub-830794_ses-ecephys-830794-2026-01-26-12-02-05_ecephys/ProbeB/trial_0/phase_1/lib_ab4a70858e/lib_ab4a70858e__delay_-0.075__dur_-0.23.h5
c8a99ffe-15aa-4f9b-8066-ef7c0e8b4a5e,0.25,0.23,ab4a70858e,0.07581713795661926,-22.388059701492537,-29.57547169811321,0.0,17.91,21,43,0,0.0,3,5.0,9,0.1,/user/raabe14/u19361/workspace-allen/results/zebra/sub-830794_ses-ecephys-830794-2026-01-26-12-02-05_ecephys/ProbeB/trial_0/phase_1/lib_ab4a70858e/lib_ab4a70858e__delay_0.25__dur_0.23.h5
c91eceaa-1b07-48a4-b18d-08fdcb4bf07a,-0.01,-0.03,ab4a70858e,0.0,-60.0,47.5,0.0,7.16,0,0,0,0.0,0,2.0,0,0.01,/user/raabe14/u19361/workspace-allen/results/zebra/sub-830794_ses-ecephys-830794-2026-01-26-12-02-05_ecephys/ProbeB/trial_0/phase_1/lib_ab4a70858e/lib_ab4a70858e__delay_-0.01__dur_-0.03.h5
ca297a0a-180f-483f-a2f0-afe70026b278,0.30000000000000004,0.23,ab4a70858e,0.222099170088768,18.80597014925374,6.273584905660378,67.51591472682667,17.91,44,23,3,0.9424777960769379,3,5.0,12,1.3,/user/raabe14/u19361/workspace-allen/results/zebra/sub-830794_ses-ecephys-830794-2026-01-26-12-02-05_ecephys/ProbeB/trial_0/phase_1/lib_ab4a70858e/lib_ab4a70858e__delay_0.30000000000000004__dur_0.23.h5
ca9cb704-78aa-42fc-b70e-4653ef385e22,-0.01,-0.03,ab4a70858e,0.0,-60.0,47.5,0.0,7.16,0,0,0,0.0,0,2.0,0,0.01,/user/raabe14/u19361/workspace-allen/results/zebra/sub-830794_ses-ecephys-830794-2026-01-26-12-02-05_ecephys/ProbeB/trial_0/phase_1/lib_ab4a70858e/lib_ab4a70858e__delay_-0.01__dur_-0.03.h5
cadbd110-908a-486f-a424-3adb37973f51,0.30000000000000004,0.23,ab4a70858e,0.08148041367530823,2.6865671641791096,-0.8962264150943398,22.515923572829163,14.32,35,27,9,2.827433388230814,2,4.0,0,0.01,/user/raabe14/u19361/workspace-allen/results/zebra/sub-830794_ses-ecephys-830794-2026-01-26-12-02-05_ecephys/ProbeB/trial_0/phase_1/lib_ab4a70858e/lib_ab4a70858e__delay_0.30000000000000004__dur_0.23.h5
cb296757-d1ba-43c9-b336-90483ea008d3,-0.01,-0.03,ab4a70858e,0.0,-60.0,47.5,0.0,7.16,0,0,0,0.0,0,2.0,0,0.01,/user/raabe14/u19361/workspace-allen/results/zebra/sub-830794_ses-ecephys-830794-2026-01-26-12-02-05_ecephys/ProbeB/trial_0/phase_1/lib_ab4a70858e/lib_ab4a70858e__delay_-0.01__dur_-0.03.h5
cb771517-9789-457e-8297-0d686f29712f,-0.05,-0.23,ab4a70858e,0.08207950741052628,-60.0,-13.443396226415096,157.4840764271708,28.65,0,34,7,2.199114857512855,5,8.0,9,0.1,/user/raabe14/u19361/workspace-allen/results/zebra/sub-830794_ses-ecephys-830794-2026-01-26-12-02-05_ecephys/ProbeB/trial_0/phase_1/lib_ab4a70858e/lib_ab4a70858e__delay_-0.05__dur_-0.23.h5
cc562803-98d8-4e5f-8141-cf377e7cf0b2,0.15000000000000002,0.13,ab4a70858e,0.08296734094619751,-18.80597014925373,-18.82075471698113,157.4840764271708,14.32,23,37,7,2.199114857512855,2,4.0,12,1.3,/user/raabe14/u19361/workspace-allen/results/zebra/sub-830794_ses-ecephys-830794-2026-01-26-12-02-05_ecephys/ProbeB/trial_0/phase_1/lib_ab4a70858e/lib_ab4a70858e__delay_0.15000000000000002__dur_0.13.h5
ccb04aee-ec72-42bc-96c3-890dea5eb636,0.09,0.23,ab4a70858e,0.16990764439105988,-2.6865671641791025,8.066037735849058,45.02251307527088,7.16,32,22,2,0.6283185307179586,0,2.0,6,0.07,/user/raabe14/u19361/workspace-allen/results/zebra/sub-830794_ses-ecephys-830794-2026-01-26-12-02-05_ecephys/ProbeB/trial_0/phase_1/lib_ab4a70858e/lib_ab4a70858e__delay_0.09__dur_0.23.h5
ccfe1a73-4408-4491-91aa-9ea0e6dd19a9,0.03,0.23,ab4a70858e,0.21301871538162231,-24.179104477611936,2.6886792452830193,67.51591472682667,17.91,20,25,3,0.9424777960769379,3,5.0,12,1.3,/user/raabe14/u19361/workspace-allen/results/zebra/sub-830794_ses-ecephys-830794-2026-01-26-12-02-05_ecephys/ProbeB/trial_0/phase_1/lib_ab4a70858e/lib_ab4a70858e__delay_0.03__dur_0.23.h5
cd2b7cf6-bccf-4bc2-a097-1bae231ccac2,0.08,0.23,ab4a70858e,0.10253250598907471,-24.179104477611936,40.33018867924528,0.0,28.65,20,4,0,0.0,5,8.0,9,0.1,/user/raabe14/u19361/workspace-allen/results/zebra/sub-830794_ses-ecephys-830794-2026-01-26-12-02-05_ecephys/ProbeB/trial_0/phase_1/lib_ab4a70858e/lib_ab4a70858e__delay_0.08__dur_0.23.h5
cdbf712e-e890-44dd-8686-ba0894df479b,-0.01,-0.23,ab4a70858e,0.08736927807331085,-22.388059701492537,2.6886792452830193,157.4840764271708,21.49,21,25,7,2.199114857512855,4,6.0,12,1.3,/user/raabe14/u19361/workspace-allen/results/zebra/sub-830794_ses-ecephys-830794-2026-01-26-12-02-05_ecephys/ProbeB/trial_0/phase_1/lib_ab4a70858e/lib_ab4a70858e__delay_-0.01__dur_-0.23.h5
cf16ab41-3adf-4076-bfc3-f7dc97fb8517,0.03,0.13,ab4a70858e,0.08090555667877197,15.223880597014926,13.443396226415096,0.0,7.16,42,19,0,0.0,0,2.0,11,1.2,/user/raabe14/u19361/workspace-allen/results/zebra/sub-830794_ses-ecephys-830794-2026-01-26-12-02-05_ecephys/ProbeB/trial_0/phase_1/lib_ab4a70858e/lib_ab4a70858e__delay_0.03__dur_0.13.h5
cf7d1349-8808-4c22-8bf7-29703ea7877f,0.30000000000000004,0.23,ab4a70858e,0.07890481501817703,4.477611940298516,8.066037735849058,180.0,21.49,36,22,8,2.5132741228718345,4,6.0,7,0.08,/user/raabe14/u19361/workspace-allen/results/zebra/sub-830794_ses-ecephys-830794-2026-01-26-12-02-05_ecephys/ProbeB/trial_0/phase_1/lib_ab4a70858e/lib_ab4a70858e__delay_0.30000000000000004__dur_0.23.h5
cfa405c1-d25d-430c-9415-af12d9541309,0.07,0.23,ab4a70858e,0.08896638453006744,-22.388059701492537,2.6886792452830193,157.4840764271708,14.32,21,25,7,2.199114857512855,2,4.0,12,1.3,/user/raabe14/u19361/workspace-allen/results/zebra/sub-830794_ses-ecephys-830794-2026-01-26-12-02-05_ecephys/ProbeB/trial_0/phase_1/lib_ab4a70858e/lib_ab4a70858e__delay_0.07__dur_0.23.h5
d0816888-d6fa-4dd9-a45b-38932ce0ee63,0.1,0.18000000000000002,ab4a70858e,0.09991665184497833,6.268656716417908,-43.91509433962264,0.0,10.74,37,51,0,0.0,1,3.0,11,1.2,/user/raabe14/u19361/workspace-allen/results/zebra/sub-830794_ses-ecephys-830794-2026-01-26-12-02-05_ecephys/ProbeB/trial_0/phase_1/lib_ab4a70858e/lib_ab4a70858e__delay_0.1__dur_0.18000000000000002.h5
d16c7aa7-8fb4-43a5-b0dc-891036614998,0.03,0.18000000000000002,ab4a70858e,0.08311056345701218,-40.298507462686565,43.91509433962264,0.0,28.65,11,2,0,0.0,5,8.0,2,0.03,/user/raabe14/u19361/workspace-allen/results/zebra/sub-830794_ses-ecephys-830794-2026-01-26-12-02-05_ecephys/ProbeB/trial_0/phase_1/lib_ab4a70858e/lib_ab4a70858e__delay_0.03__dur_0.18000000000000002.h5
d2f36383-e780-47db-afa3-4019a3124773,-0.01,-0.03,ab4a70858e,0.0,-60.0,47.5,0.0,7.16,0,0,0,0.0,0,2.0,0,0.01,/user/raabe14/u19361/workspace-allen/results/zebra/sub-830794_ses-ecephys-830794-2026-01-26-12-02-05_ecephys/ProbeB/trial_0/phase_1/lib_ab4a70858e/lib_ab4a70858e__delay_-0.01__dur_-0.03.h5
d3a4ca6e-46d5-439f-97b7-95f854c64eb3,0.02,0.23,ab4a70858e,0.0895799994468689,-0.8955223880596961,-31.367924528301888,22.515923572829163,21.49,33,44,9,2.827433388230814,4,6.0,9,0.1,/user/raabe14/u19361/workspace-allen/results/zebra/sub-830794_ses-ecephys-830794-2026-01-26-12-02-05_ecephys/ProbeB/trial_0/phase_1/lib_ab4a70858e/lib_ab4a70858e__delay_0.02__dur_0.23.h5
d4bed705-b57f-4ddd-b54f-aaee6d174b31,0.25,0.13,ab4a70858e,0.07723768800497055,-25.970149253731343,-20.61320754716981,0.0,10.74,19,38,0,0.0,1,3.0,11,1.2,/user/raabe14/u19361/workspace-allen/results/zebra/sub-830794_ses-ecephys-830794-2026-01-26-12-02-05_ecephys/ProbeB/trial_0/phase_1/lib_ab4a70858e/lib_ab4a70858e__delay_0.25__dur_0.13.h5
d5019ae4-e75f-4228-bdb5-433def71e428,0.04,0.18000000000000002,ab4a70858e,0.08036793768405914,-8.059701492537314,20.613207547169807,22.515923572829195,14.32,29,15,1,0.3141592653589793,2,4.0,0,0.01,/user/raabe14/u19361/workspace-allen/results/zebra/sub-830794_ses-ecephys-830794-2026-01-26-12-02-05_ecephys/ProbeB/trial_0/phase_1/lib_ab4a70858e/lib_ab4a70858e__delay_0.04__dur_0.18000000000000002.h5
d544d7d9-e494-4137-b1d0-608278d001b6,-0.15,-0.13,ab4a70858e,0.08398393541574478,15.223880597014926,47.5,22.515923572829195,14.32,42,0,1,0.3141592653589793,2,4.0,9,0.1,/user/raabe14/u19361/workspace-allen/results/zebra/sub-830794_ses-ecephys-830794-2026-01-26-12-02-05_ecephys/ProbeB/trial_0/phase_1/lib_ab4a70858e/lib_ab4a70858e__delay_-0.15__dur_-0.13.h5
d5bb724d-7680-49d0-8f3b-0167fdcfcdb7,0.30000000000000004,0.18000000000000002,ab4a70858e,0.12838204205036163,-18.80597014925373,-29.57547169811321,112.48408527317332,21.49,23,43,5,1.5707963267948966,4,6.0,11,1.2,/user/raabe14/u19361/workspace-allen/results/zebra/sub-830794_ses-ecephys-830794-2026-01-26-12-02-05_ecephys/ProbeB/trial_0/phase_1/lib_ab4a70858e/lib_ab4a70858e__delay_0.30000000000000004__dur_0.18000000000000002.h5
d5de753d-3276-4664-81c6-7af923eb87b4,0.0,0.13,ab4a70858e,0.07654910534620285,-51.04477611940298,47.5,112.48408527317332,14.32,5,0,5,1.5707963267948966,2,4.0,11,1.2,/user/raabe14/u19361/workspace-allen/results/zebra/sub-830794_ses-ecephys-830794-2026-01-26-12-02-05_ecephys/ProbeB/trial_0/phase_1/lib_ab4a70858e/lib_ab4a70858e__delay_0.0__dur_0.13.h5
d5f1026e-b985-4c2e-a815-d4d1f89eebbf,0.30000000000000004,0.23,ab4a70858e,0.10196644067764282,-29.55223880597015,13.443396226415096,0.0,10.74,17,19,0,0.0,1,3.0,11,1.2,/user/raabe14/u19361/workspace-allen/results/zebra/sub-830794_ses-ecephys-830794-2026-01-26-12-02-05_ecephys/ProbeB/trial_0/phase_1/lib_ab4a70858e/lib_ab4a70858e__delay_0.30000000000000004__dur_0.23.h5
d658307b-d072-492c-a8c5-a9121844a1ff,-0.1,-0.23,ab4a70858e,0.10732878744602203,-18.80597014925373,-18.82075471698113,67.51591472682667,14.32,23,37,3,0.9424777960769379,2,4.0,12,1.3,/user/raabe14/u19361/workspace-allen/results/zebra/sub-830794_ses-ecephys-830794-2026-01-26-12-02-05_ecephys/ProbeB/trial_0/phase_1/lib_ab4a70858e/lib_ab4a70858e__delay_-0.1__dur_-0.23.h5
d66e9854-af90-4e1e-921a-d66f58ab6f05,-0.05,-0.23,ab4a70858e,0.08579061925411224,-18.80597014925373,-8.066037735849058,0.0,17.91,23,31,0,0.0,3,5.0,11,1.2,/user/raabe14/u19361/workspace-allen/results/zebra/sub-830794_ses-ecephys-830794-2026-01-26-12-02-05_ecephys/ProbeB/trial_0/phase_1/lib_ab4a70858e/lib_ab4a70858e__delay_-0.05__dur_-0.23.h5
d7e0ad91-bc35-4ef8-a627-fcd2bc7d7466,0.0,0.08,ab4a70858e,0.10672061890363693,-31.34328358208955,-11.650943396226417,22.515923572829163,28.65,16,33,9,2.827433388230814,5,8.0,0,0.01,/user/raabe14/u19361/workspace-allen/results/zebra/sub-830794_ses-ecephys-830794-2026-01-26-12-02-05_ecephys/ProbeB/trial_0/phase_1/lib_ab4a70858e/lib_ab4a70858e__delay_0.0__dur_0.08.h5
d814d27a-35e3-4034-bf99-9ce82553d426,0.0,0.08,ab4a70858e,0.22039379179477692,-20.59701492537313,-6.273584905660378,22.515923572829195,10.74,22,30,1,0.3141592653589793,1,3.0,5,0.06,/user/raabe14/u19361/workspace-allen/results/zebra/sub-830794_ses-ecephys-830794-2026-01-26-12-02-05_ecephys/ProbeB/trial_0/phase_1/lib_ab4a70858e/lib_ab4a70858e__delay_0.0__dur_0.08.h5
d8420093-a92e-4358-a4ce-9446e8809108,0.05,0.18000000000000002,ab4a70858e,0.10078015923500061,-6.268656716417908,13.443396226415096,22.515923572829195,28.65,30,19,1,0.3141592653589793,5,8.0,9,0.1,/user/raabe14/u19361/workspace-allen/results/zebra/sub-830794_ses-ecephys-830794-2026-01-26-12-02-05_ecephys/ProbeB/trial_0/phase_1/lib_ab4a70858e/lib_ab4a70858e__delay_0.05__dur_0.18000000000000002.h5
d93ec009-43d0-4be4-ba02-adb123d6904e,-0.01,-0.03,ab4a70858e,0.0,-60.0,47.5,0.0,7.16,0,0,0,0.0,0,2.0,0,0.01,/user/raabe14/u19361/workspace-allen/results/zebra/sub-830794_ses-ecephys-830794-2026-01-26-12-02-05_ecephys/ProbeB/trial_0/phase_1/lib_ab4a70858e/lib_ab4a70858e__delay_-0.01__dur_-0.03.h5
d9e1624b-cbd1-4c6d-b025-2152c1f0bc6d,0.0,0.23,ab4a70858e,0.20681878924369812,-25.970149253731343,2.6886792452830193,67.51591472682667,17.91,19,25,3,0.9424777960769379,3,5.0,12,1.3,/user/raabe14/u19361/workspace-allen/results/zebra/sub-830794_ses-ecephys-830794-2026-01-26-12-02-05_ecephys/ProbeB/trial_0/phase_1/lib_ab4a70858e/lib_ab4a70858e__delay_0.0__dur_0.23.h5
da080a92-5b0f-4475-be1c-e41983e4b89a,0.25,0.23,ab4a70858e,0.0851268395781517,-8.059701492537314,-8.066037735849058,0.0,17.91,29,31,0,0.0,3,5.0,6,0.07,/user/raabe14/u19361/workspace-allen/results/zebra/sub-830794_ses-ecephys-830794-2026-01-26-12-02-05_ecephys/ProbeB/trial_0/phase_1/lib_ab4a70858e/lib_ab4a70858e__delay_0.25__dur_0.23.h5
da3c3e5d-88a0-4381-9fa0-8efe04390619,0.01,0.18000000000000002,ab4a70858e,0.08442096412181854,-15.223880597014926,8.066037735849058,112.48408527317332,21.49,25,22,5,1.5707963267948966,4,6.0,11,1.2,/user/raabe14/u19361/workspace-allen/results/zebra/sub-830794_ses-ecephys-830794-2026-01-26-12-02-05_ecephys/ProbeB/trial_0/phase_1/lib_ab4a70858e/lib_ab4a70858e__delay_0.01__dur_0.18000000000000002.h5
da6b1f93-6930-4bab-9673-9c318c1278ea,0.06,0.23,ab4a70858e,0.08910947293043137,-33.134328358208954,42.12264150943396,90.0,28.65,15,3,4,1.2566370614359172,5,8.0,0,0.01,/user/raabe14/u19361/workspace-allen/results/zebra/sub-830794_ses-ecephys-830794-2026-01-26-12-02-05_ecephys/ProbeB/trial_0/phase_1/lib_ab4a70858e/lib_ab4a70858e__delay_0.06__dur_0.23.h5
daf84953-a523-4cad-b3cc-ef4668235968,0.30000000000000004,0.13,ab4a70858e,0.08923839777708054,34.92537313432837,8.066037735849058,0.0,14.32,53,22,0,0.0,2,4.0,11,1.2,/user/raabe14/u19361/workspace-allen/results/zebra/sub-830794_ses-ecephys-830794-2026-01-26-12-02-05_ecephys/ProbeB/trial_0/phase_1/lib_ab4a70858e/lib_ab4a70858e__delay_0.30000000000000004__dur_0.13.h5
db2bdea1-6eb8-4e1d-9b5a-1b7ecec293b5,0.04,0.23,ab4a70858e,0.07830144464969635,-8.059701492537314,24.198113207547166,112.48408527317332,7.16,29,13,5,1.5707963267948966,0,2.0,11,1.2,/user/raabe14/u19361/workspace-allen/results/zebra/sub-830794_ses-ecephys-830794-2026-01-26-12-02-05_ecephys/ProbeB/trial_0/phase_1/lib_ab4a70858e/lib_ab4a70858e__delay_0.04__dur_0.23.h5
dc2b41f7-6a6b-4680-b290-981854fc6096,-0.075,-0.23,ab4a70858e,0.07887259125709534,47.462686567164184,42.12264150943396,134.9774869247291,7.16,60,3,6,1.8849555921538759,0,2.0,9,0.1,/user/raabe14/u19361/workspace-allen/results/zebra/sub-830794_ses-ecephys-830794-2026-01-26-12-02-05_ecephys/ProbeB/trial_0/phase_1/lib_ab4a70858e/lib_ab4a70858e__delay_-0.075__dur_-0.23.h5
dca0b6eb-2844-4a32-9030-e6e6ab18c365,0.01,0.23,ab4a70858e,0.08171123266220093,-11.64179104477612,-22.40566037735849,0.0,7.16,27,39,0,0.0,0,2.0,11,1.2,/user/raabe14/u19361/workspace-allen/results/zebra/sub-830794_ses-ecephys-830794-2026-01-26-12-02-05_ecephys/ProbeB/trial_0/phase_1/lib_ab4a70858e/lib_ab4a70858e__delay_0.01__dur_0.23.h5
dcb28bd6-511a-42c6-b59a-41686fbeca6b,-0.01,-0.23,ab4a70858e,0.08996691554784775,4.477611940298516,36.74528301886792,90.0,7.16,36,6,4,1.2566370614359172,0,2.0,8,0.09,/user/raabe14/u19361/workspace-allen/results/zebra/sub-830794_ses-ecephys-830794-2026-01-26-12-02-05_ecephys/ProbeB/trial_0/phase_1/lib_ab4a70858e/lib_ab4a70858e__delay_-0.01__dur_-0.23.h5
dcd83e9a-653a-4267-85a0-76a39607c2d6,-0.01,-0.03,ab4a70858e,0.0,-60.0,47.5,0.0,7.16,0,0,0,0.0,0,2.0,0,0.01,/user/raabe14/u19361/workspace-allen/results/zebra/sub-830794_ses-ecephys-830794-2026-01-26-12-02-05_ecephys/ProbeB/trial_0/phase_1/lib_ab4a70858e/lib_ab4a70858e__delay_-0.01__dur_-0.03.h5
dcd9c842-2e33-4fdb-a51f-1e63accfa087,0.30000000000000004,0.13,ab4a70858e,0.07712669670581818,-17.014925373134325,11.650943396226417,22.515923572829163,17.91,24,20,9,2.827433388230814,3,5.0,9,0.1,/user/raabe14/u19361/workspace-allen/results/zebra/sub-830794_ses-ecephys-830794-2026-01-26-12-02-05_ecephys/ProbeB/trial_0/phase_1/lib_ab4a70858e/lib_ab4a70858e__delay_0.30000000000000004__dur_0.13.h5
dd490517-4643-4f35-9fb0-886649e628e7,-0.15,-0.18000000000000002,ab4a70858e,0.0770142525434494,47.462686567164184,-18.82075471698113,157.4840764271708,28.65,60,37,7,2.199114857512855,5,8.0,5,0.06,/user/raabe14/u19361/workspace-allen/results/zebra/sub-830794_ses-ecephys-830794-2026-01-26-12-02-05_ecephys/ProbeB/trial_0/phase_1/lib_ab4a70858e/lib_ab4a70858e__delay_-0.15__dur_-0.18000000000000002.h5
ddec3e74-57d1-41d3-8c56-8c4f4fbb76f5,-0.15,-0.23,ab4a70858e,0.12391281127929688,56.4179104477612,2.6886792452830193,112.48408527317332,14.32,65,25,5,1.5707963267948966,2,4.0,11,1.2,/user/raabe14/u19361/workspace-allen/results/zebra/sub-830794_ses-ecephys-830794-2026-01-26-12-02-05_ecephys/ProbeB/trial_0/phase_1/lib_ab4a70858e/lib_ab4a70858e__delay_-0.15__dur_-0.23.h5
de5ba62b-44a9-4f3a-a439-267c30af9182,-0.01,-0.23,ab4a70858e,0.15556883811950684,-8.059701492537314,36.74528301886792,0.0,14.32,29,6,0,0.0,2,4.0,11,1.2,/user/raabe14/u19361/workspace-allen/results/zebra/sub-830794_ses-ecephys-830794-2026-01-26-12-02-05_ecephys/ProbeB/trial_0/phase_1/lib_ab4a70858e/lib_ab4a70858e__delay_-0.01__dur_-0.23.h5
df4b0e42-e68f-4456-bbc1-4940da152892,-0.125,-0.23,ab4a70858e,0.0834207758307457,9.85074626865672,-2.6886792452830193,90.0,14.32,39,28,4,1.2566370614359172,2,4.0,9,0.1,/user/raabe14/u19361/workspace-allen/results/zebra/sub-830794_ses-ecephys-830794-2026-01-26-12-02-05_ecephys/ProbeB/trial_0/phase_1/lib_ab4a70858e/lib_ab4a70858e__delay_-0.125__dur_-0.23.h5
dfe1e17d-02de-450f-ae58-7a7d9c02fc37,0.01,0.18000000000000002,ab4a70858e,0.17495088279247284,-25.970149253731343,2.6886792452830193,67.51591472682667,17.91,19,25,3,0.9424777960769379,3,5.0,12,1.3,/user/raabe14/u19361/workspace-allen/results/zebra/sub-830794_ses-ecephys-830794-2026-01-26-12-02-05_ecephys/ProbeB/trial_0/phase_1/lib_ab4a70858e/lib_ab4a70858e__delay_0.01__dur_0.18000000000000002.h5
e0048316-f45e-4bf1-ae89-0a4dcbe3812d,0.1,0.18000000000000002,ab4a70858e,0.07956824451684952,-17.014925373134325,-2.6886792452830193,67.51591472682667,28.65,24,28,3,0.9424777960769379,5,8.0,3,0.04,/user/raabe14/u19361/workspace-allen/results/zebra/sub-830794_ses-ecephys-830794-2026-01-26-12-02-05_ecephys/ProbeB/trial_0/phase_1/lib_ab4a70858e/lib_ab4a70858e__delay_0.1__dur_0.18000000000000002.h5
e0270260-69d2-4905-bd1c-eeb885334ba4,0.08,0.08,ab4a70858e,0.08059695363044739,58.20895522388061,-22.40566037735849,67.51591472682667,14.32,66,39,3,0.9424777960769379,2,4.0,6,0.07,/user/raabe14/u19361/workspace-allen/results/zebra/sub-830794_ses-ecephys-830794-2026-01-26-12-02-05_ecephys/ProbeB/trial_0/phase_1/lib_ab4a70858e/lib_ab4a70858e__delay_0.08__dur_0.08.h5
e03e2b03-9c2b-48ce-a9c9-19d7e40a16a4,0.30000000000000004,0.18000000000000002,ab4a70858e,0.0785202607512474,-31.34328358208955,-4.481132075471699,0.0,7.16,16,29,0,0.0,0,2.0,9,0.1,/user/raabe14/u19361/workspace-allen/results/zebra/sub-830794_ses-ecephys-830794-2026-01-26-12-02-05_ecephys/ProbeB/trial_0/phase_1/lib_ab4a70858e/lib_ab4a70858e__delay_0.30000000000000004__dur_0.18000000000000002.h5
e15aae02-0e48-473a-b21b-8cb9ae4fc4a3,0.0,0.08,ab4a70858e,0.09410003572702408,27.761194029850756,-9.858490566037737,134.9774869247291,17.91,49,32,6,1.8849555921538759,3,5.0,0,0.01,/user/raabe14/u19361/workspace-allen/results/zebra/sub-830794_ses-ecephys-830794-2026-01-26-12-02-05_ecephys/ProbeB/trial_0/phase_1/lib_ab4a70858e/lib_ab4a70858e__delay_0.0__dur_0.08.h5
e24b308e-8b90-484f-ac72-013fde8a541e,-0.125,-0.23,ab4a70858e,0.09104577451944351,13.43283582089552,-15.235849056603776,45.02251307527088,10.74,41,35,2,0.6283185307179586,1,3.0,9,0.1,/user/raabe14/u19361/workspace-allen/results/zebra/sub-830794_ses-ecephys-830794-2026-01-26-12-02-05_ecephys/ProbeB/trial_0/phase_1/lib_ab4a70858e/lib_ab4a70858e__delay_-0.125__dur_-0.23.h5
e30fc83f-7d64-446c-94f3-f88a91cb2929,0.25,0.23,ab4a70858e,0.08267663419246674,-52.83582089552239,40.33018867924528,67.51591472682667,21.49,4,4,3,0.9424777960769379,4,6.0,7,0.08,/user/raabe14/u19361/workspace-allen/results/zebra/sub-830794_ses-ecephys-830794-2026-01-26-12-02-05_ecephys/ProbeB/trial_0/phase_1/lib_ab4a70858e/lib_ab4a70858e__delay_0.25__dur_0.23.h5
e451edf1-5d1a-4bae-8d4b-c349967213bd,0.04,0.13,ab4a70858e,0.08702652156352997,54.626865671641795,20.613207547169807,90.0,28.65,64,15,4,1.2566370614359172,5,8.0,8,0.09,/user/raabe14/u19361/workspace-allen/results/zebra/sub-830794_ses-ecephys-830794-2026-01-26-12-02-05_ecephys/ProbeB/trial_0/phase_1/lib_ab4a70858e/lib_ab4a70858e__delay_0.04__dur_0.13.h5
e46c8a73-af46-4355-8f17-ab7104932c8d,0.04,0.13,ab4a70858e,0.07677491009235382,-45.67164179104478,-38.5377358490566,22.515923572829195,21.49,8,48,1,0.3141592653589793,4,6.0,6,0.07,/user/raabe14/u19361/workspace-allen/results/zebra/sub-830794_ses-ecephys-830794-2026-01-26-12-02-05_ecephys/ProbeB/trial_0/phase_1/lib_ab4a70858e/lib_ab4a70858e__delay_0.04__dur_0.13.h5
e528b58a-0f0d-41f0-9d27-aee70d3eca17,-0.01,-0.03,ab4a70858e,0.0,-60.0,47.5,0.0,7.16,0,0,0,0.0,0,2.0,0,0.01,/user/raabe14/u19361/workspace-allen/results/zebra/sub-830794_ses-ecephys-830794-2026-01-26-12-02-05_ecephys/ProbeB/trial_0/phase_1/lib_ab4a70858e/lib_ab4a70858e__delay_-0.01__dur_-0.03.h5
e5a84d55-6950-4c68-8d96-b6b89a62e69e,0.06,0.23,ab4a70858e,0.11940723657608032,-6.268656716417908,36.74528301886792,0.0,17.91,30,6,0,0.0,3,5.0,11,1.2,/user/raabe14/u19361/workspace-allen/results/zebra/sub-830794_ses-ecephys-830794-2026-01-26-12-02-05_ecephys/ProbeB/trial_0/phase_1/lib_ab4a70858e/lib_ab4a70858e__delay_0.06__dur_0.23.h5
e5c1a672-b56b-4981-b41e-f373ab93b719,0.2,0.23,ab4a70858e,0.08167506009340286,-11.64179104477612,-6.273584905660378,112.48408527317332,28.65,27,30,5,1.5707963267948966,5,8.0,9,0.1,/user/raabe14/u19361/workspace-allen/results/zebra/sub-830794_ses-ecephys-830794-2026-01-26-12-02-05_ecephys/ProbeB/trial_0/phase_1/lib_ab4a70858e/lib_ab4a70858e__delay_0.2__dur_0.23.h5
e5c76546-bf0a-48fa-b9e4-5906f61a6f2b,0.01,0.23,ab4a70858e,0.33103257417678833,-25.970149253731343,2.6886792452830193,67.51591472682667,17.91,19,25,3,0.9424777960769379,3,5.0,12,1.3,/user/raabe14/u19361/workspace-allen/results/zebra/sub-830794_ses-ecephys-830794-2026-01-26-12-02-05_ecephys/ProbeB/trial_0/phase_1/lib_ab4a70858e/lib_ab4a70858e__delay_0.01__dur_0.23.h5
e6f55961-0a34-4c04-9a38-4ff5e54bb294,-0.15,-0.23,ab4a70858e,0.10426356643438339,-13.43283582089552,-11.650943396226417,180.0,14.32,26,33,8,2.5132741228718345,2,4.0,12,1.3,/user/raabe14/u19361/workspace-allen/results/zebra/sub-830794_ses-ecephys-830794-2026-01-26-12-02-05_ecephys/ProbeB/trial_0/phase_1/lib_ab4a70858e/lib_ab4a70858e__delay_-0.15__dur_-0.23.h5
e7120095-fd6e-4a19-bdcd-ba4cbedb5280,-0.15,-0.23,ab4a70858e,0.09818322211503983,-38.507462686567166,2.6886792452830193,112.48408527317332,14.32,12,25,5,1.5707963267948966,2,4.0,11,1.2,/user/raabe14/u19361/workspace-allen/results/zebra/sub-830794_ses-ecephys-830794-2026-01-26-12-02-05_ecephys/ProbeB/trial_0/phase_1/lib_ab4a70858e/lib_ab4a70858e__delay_-0.15__dur_-0.23.h5
e75d30ef-b733-467b-99d5-d79a1c49392a,-0.05,-0.18000000000000002,ab4a70858e,0.07406185567378998,-60.0,38.5377358490566,180.0,17.91,0,5,8,2.5132741228718345,3,5.0,9,0.1,/user/raabe14/u19361/workspace-allen/results/zebra/sub-830794_ses-ecephys-830794-2026-01-26-12-02-05_ecephys/ProbeB/trial_0/phase_1/lib_ab4a70858e/lib_ab4a70858e__delay_-0.05__dur_-0.18000000000000002.h5
e7cee36f-c1da-4b09-ad33-85b7ae570db9,-0.125,-0.23,ab4a70858e,0.10295382142066956,-33.134328358208954,31.367924528301884,112.48408527317332,17.91,15,9,5,1.5707963267948966,3,5.0,11,1.2,/user/raabe14/u19361/workspace-allen/results/zebra/sub-830794_ses-ecephys-830794-2026-01-26-12-02-05_ecephys/ProbeB/trial_0/phase_1/lib_ab4a70858e/lib_ab4a70858e__delay_-0.125__dur_-0.23.h5
e8b538b3-340c-4fc5-aa90-8117189647f2,0.02,0.18000000000000002,ab4a70858e,0.09923755377531052,-22.388059701492537,13.443396226415096,22.515923572829195,21.49,21,19,1,0.3141592653589793,4,6.0,5,0.06,/user/raabe14/u19361/workspace-allen/results/zebra/sub-830794_ses-ecephys-830794-2026-01-26-12-02-05_ecephys/ProbeB/trial_0/phase_1/lib_ab4a70858e/lib_ab4a70858e__delay_0.02__dur_0.18000000000000002.h5
e8daa2b6-f883-49eb-bf23-1129d414db9b,0.15000000000000002,0.23,ab4a70858e,0.08358100801706314,15.223880597014926,-2.6886792452830193,112.48408527317332,10.74,42,28,5,1.5707963267948966,1,3.0,11,1.2,/user/raabe14/u19361/workspace-allen/results/zebra/sub-830794_ses-ecephys-830794-2026-01-26-12-02-05_ecephys/ProbeB/trial_0/phase_1/lib_ab4a70858e/lib_ab4a70858e__delay_0.15000000000000002__dur_0.23.h5
e92f2ed2-eeb1-46f1-ae6f-71609d6f21ec,0.15000000000000002,0.23,ab4a70858e,0.07906731218099594,-20.59701492537313,33.160377358490564,22.515923572829195,10.74,22,8,1,0.3141592653589793,1,3.0,8,0.09,/user/raabe14/u19361/workspace-allen/results/zebra/sub-830794_ses-ecephys-830794-2026-01-26-12-02-05_ecephys/ProbeB/trial_0/phase_1/lib_ab4a70858e/lib_ab4a70858e__delay_0.15000000000000002__dur_0.23.h5
ea8260f5-37b3-4775-a974-53720d87cd6a,0.09,0.13,ab4a70858e,0.07997187972068787,-17.014925373134325,-9.858490566037737,0.0,28.65,24,32,0,0.0,5,8.0,9,0.1,/user/raabe14/u19361/workspace-allen/results/zebra/sub-830794_ses-ecephys-830794-2026-01-26-12-02-05_ecephys/ProbeB/trial_0/phase_1/lib_ab4a70858e/lib_ab4a70858e__delay_0.09__dur_0.13.h5
ea9494fd-3e34-48a0-a087-5515b76c5a89,-0.01,-0.03,ab4a70858e,0.0,-60.0,47.5,0.0,7.16,0,0,0,0.0,0,2.0,0,0.01,/user/raabe14/u19361/workspace-allen/results/zebra/sub-830794_ses-ecephys-830794-2026-01-26-12-02-05_ecephys/ProbeB/trial_0/phase_1/lib_ab4a70858e/lib_ab4a70858e__delay_-0.01__dur_-0.03.h5
eb3c1483-4112-4af7-86d3-cff45876e5b7,0.1,0.23,ab4a70858e,0.09668734669685364,0.8955223880597032,-45.70754716981132,180.0,17.91,34,52,8,2.5132741228718345,3,5.0,12,1.3,/user/raabe14/u19361/workspace-allen/results/zebra/sub-830794_ses-ecephys-830794-2026-01-26-12-02-05_ecephys/ProbeB/trial_0/phase_1/lib_ab4a70858e/lib_ab4a70858e__delay_0.1__dur_0.23.h5
eb968bcd-ed03-4ffa-97bf-c78ae35d3dab,-0.02,-0.23,ab4a70858e,0.11324422806501389,9.85074626865672,0.8962264150943398,67.51591472682667,14.32,39,26,3,0.9424777960769379,2,4.0,12,1.3,/user/raabe14/u19361/workspace-allen/results/zebra/sub-830794_ses-ecephys-830794-2026-01-26-12-02-05_ecephys/ProbeB/trial_0/phase_1/lib_ab4a70858e/lib_ab4a70858e__delay_-0.02__dur_-0.23.h5
ebf5e4cc-57d7-449b-92c9-d2649d428a95,-0.05,-0.08,ab4a70858e,0.073057159781456,15.223880597014926,6.273584905660378,157.4840764271708,7.16,42,23,7,2.199114857512855,0,2.0,9,0.1,/user/raabe14/u19361/workspace-allen/results/zebra/sub-830794_ses-ecephys-830794-2026-01-26-12-02-05_ecephys/ProbeB/trial_0/phase_1/lib_ab4a70858e/lib_ab4a70858e__delay_-0.05__dur_-0.08.h5
ebf93d43-de44-479f-93a4-a5dc0534c6ea,0.09,0.18000000000000002,ab4a70858e,0.10737185925245285,-33.134328358208954,-34.95283018867924,0.0,10.74,15,46,0,0.0,1,3.0,11,1.2,/user/raabe14/u19361/workspace-allen/results/zebra/sub-830794_ses-ecephys-830794-2026-01-26-12-02-05_ecephys/ProbeB/trial_0/phase_1/lib_ab4a70858e/lib_ab4a70858e__delay_0.09__dur_0.18000000000000002.h5
ec9981da-18e0-44a7-b23b-fa14b5695420,0.30000000000000004,0.08,ab4a70858e,0.08444108814001083,-20.59701492537313,27.783018867924525,22.515923572829163,21.49,22,11,9,2.827433388230814,4,6.0,9,0.1,/user/raabe14/u19361/workspace-allen/results/zebra/sub-830794_ses-ecephys-830794-2026-01-26-12-02-05_ecephys/ProbeB/trial_0/phase_1/lib_ab4a70858e/lib_ab4a70858e__delay_0.30000000000000004__dur_0.08.h5
ec99f58a-577f-4300-9d47-126492e493c4,-0.125,-0.23,ab4a70858e,0.12666508555412292,-0.8955223880596961,-2.6886792452830193,180.0,21.49,33,28,8,2.5132741228718345,4,6.0,12,1.3,/user/raabe14/u19361/workspace-allen/results/zebra/sub-830794_ses-ecephys-830794-2026-01-26-12-02-05_ecephys/ProbeB/trial_0/phase_1/lib_ab4a70858e/lib_ab4a70858e__delay_-0.125__dur_-0.23.h5
ecf0c7e5-9817-42e7-81d2-510b0bde3d95,-0.01,-0.23,ab4a70858e,0.07645489275455475,15.223880597014926,-0.8962264150943398,22.515923572829163,17.91,42,27,9,2.827433388230814,3,5.0,0,0.01,/user/raabe14/u19361/workspace-allen/results/zebra/sub-830794_ses-ecephys-830794-2026-01-26-12-02-05_ecephys/ProbeB/trial_0/phase_1/lib_ab4a70858e/lib_ab4a70858e__delay_-0.01__dur_-0.23.h5
ee7deefc-39e4-4e2a-9736-082c5410d5c1,0.15000000000000002,0.23,ab4a70858e,0.07981929183006287,-38.507462686567166,47.5,45.02251307527088,21.49,12,0,2,0.6283185307179586,4,6.0,9,0.1,/user/raabe14/u19361/workspace-allen/results/zebra/sub-830794_ses-ecephys-830794-2026-01-26-12-02-05_ecephys/ProbeB/trial_0/phase_1/lib_ab4a70858e/lib_ab4a70858e__delay_0.15000000000000002__dur_0.23.h5
ef2defae-76ec-4340-926a-353c241ea8a7,0.15000000000000002,0.18000000000000002,ab4a70858e,0.09232408553361893,-13.43283582089552,8.066037735849058,180.0,21.49,26,22,8,2.5132741228718345,4,6.0,5,0.06,/user/raabe14/u19361/workspace-allen/results/zebra/sub-830794_ses-ecephys-830794-2026-01-26-12-02-05_ecephys/ProbeB/trial_0/phase_1/lib_ab4a70858e/lib_ab4a70858e__delay_0.15000000000000002__dur_0.18000000000000002.h5
ef5c0ee5-70e0-4151-ad11-1def5c25e77f,-0.02,-0.23,ab4a70858e,0.07669849693775177,6.268656716417908,-17.028301886792452,45.02251307527088,28.65,37,36,2,0.6283185307179586,5,8.0,9,0.1,/user/raabe14/u19361/workspace-allen/results/zebra/sub-830794_ses-ecephys-830794-2026-01-26-12-02-05_ecephys/ProbeB/trial_0/phase_1/lib_ab4a70858e/lib_ab4a70858e__delay_-0.02__dur_-0.23.h5
f0f2973f-c889-489c-8d0b-fd338368d7f4,-0.01,-0.03,ab4a70858e,0.0,-60.0,47.5,0.0,7.16,0,0,0,0.0,0,2.0,0,0.01,/user/raabe14/u19361/workspace-allen/results/zebra/sub-830794_ses-ecephys-830794-2026-01-26-12-02-05_ecephys/ProbeB/trial_0/phase_1/lib_ab4a70858e/lib_ab4a70858e__delay_-0.01__dur_-0.03.h5
f15ee5c0-d492-4a05-a939-d8e4b2ba5f96,-0.03,-0.23,ab4a70858e,0.08304932713508606,-47.46268656716418,6.273584905660378,134.9774869247291,21.49,7,23,6,1.8849555921538759,4,6.0,9,0.1,/user/raabe14/u19361/workspace-allen/results/zebra/sub-830794_ses-ecephys-830794-2026-01-26-12-02-05_ecephys/ProbeB/trial_0/phase_1/lib_ab4a70858e/lib_ab4a70858e__delay_-0.03__dur_-0.23.h5
f1676ced-1d7e-4d56-97a0-1d24e4cd01cf,0.09,0.23,ab4a70858e,0.07714491337537766,2.6865671641791096,-17.028301886792452,0.0,14.32,35,36,0,0.0,2,4.0,11,1.2,/user/raabe14/u19361/workspace-allen/results/zebra/sub-830794_ses-ecephys-830794-2026-01-26-12-02-05_ecephys/ProbeB/trial_0/phase_1/lib_ab4a70858e/lib_ab4a70858e__delay_0.09__dur_0.23.h5
f178f34b-261b-466e-90d9-3f5d836eaf4c,0.2,0.23,ab4a70858e,0.08494565635919571,-33.134328358208954,11.650943396226417,157.4840764271708,28.65,15,20,7,2.199114857512855,5,8.0,0,0.01,/user/raabe14/u19361/workspace-allen/results/zebra/sub-830794_ses-ecephys-830794-2026-01-26-12-02-05_ecephys/ProbeB/trial_0/phase_1/lib_ab4a70858e/lib_ab4a70858e__delay_0.2__dur_0.23.h5
f17cbd79-0018-429e-aec3-0cef83f2b9ef,-0.1,-0.23,ab4a70858e,0.08322533220052719,-8.059701492537314,20.613207547169807,180.0,14.32,29,15,8,2.5132741228718345,2,4.0,12,1.3,/user/raabe14/u19361/workspace-allen/results/zebra/sub-830794_ses-ecephys-830794-2026-01-26-12-02-05_ecephys/ProbeB/trial_0/phase_1/lib_ab4a70858e/lib_ab4a70858e__delay_-0.1__dur_-0.23.h5
f22c6827-d5b0-4c65-b028-84b28c1879bf,0.01,0.23,ab4a70858e,0.07992424815893173,-17.014925373134325,0.8962264150943398,45.02251307527088,7.16,24,26,2,0.6283185307179586,0,2.0,9,0.1,/user/raabe14/u19361/workspace-allen/results/zebra/sub-830794_ses-ecephys-830794-2026-01-26-12-02-05_ecephys/ProbeB/trial_0/phase_1/lib_ab4a70858e/lib_ab4a70858e__delay_0.01__dur_0.23.h5
f2e77153-9ffe-40d8-9777-e233ec16a19e,0.15000000000000002,0.13,ab4a70858e,0.0718485414981842,-31.34328358208955,8.066037735849058,22.515923572829163,28.65,16,22,9,2.827433388230814,5,8.0,9,0.1,/user/raabe14/u19361/workspace-allen/results/zebra/sub-830794_ses-ecephys-830794-2026-01-26-12-02-05_ecephys/ProbeB/trial_0/phase_1/lib_ab4a70858e/lib_ab4a70858e__delay_0.15000000000000002__dur_0.13.h5
f3244ccd-bfbd-425d-bcf0-fa2d5ad3a814,-0.02,-0.23,ab4a70858e,0.0842762440443039,-17.014925373134325,18.820754716981128,112.48408527317332,17.91,24,16,5,1.5707963267948966,3,5.0,11,1.2,/user/raabe14/u19361/workspace-allen/results/zebra/sub-830794_ses-ecephys-830794-2026-01-26-12-02-05_ecephys/ProbeB/trial_0/phase_1/lib_ab4a70858e/lib_ab4a70858e__delay_-0.02__dur_-0.23.h5
f327e055-4e86-49ae-8859-5c12ea287d1b,-0.01,-0.13,ab4a70858e,0.09084230661392212,-22.388059701492537,-38.5377358490566,22.515923572829163,28.65,21,48,9,2.827433388230814,5,8.0,9,0.1,/user/raabe14/u19361/workspace-allen/results/zebra/sub-830794_ses-ecephys-830794-2026-01-26-12-02-05_ecephys/ProbeB/trial_0/phase_1/lib_ab4a70858e/lib_ab4a70858e__delay_-0.01__dur_-0.13.h5
f33f7f68-cc18-4fc8-8e70-6cda6a297838,-0.15,-0.23,ab4a70858e,0.08346027135848999,9.85074626865672,-9.858490566037737,112.48408527317332,17.91,39,32,5,1.5707963267948966,3,5.0,9,0.1,/user/raabe14/u19361/workspace-allen/results/zebra/sub-830794_ses-ecephys-830794-2026-01-26-12-02-05_ecephys/ProbeB/trial_0/phase_1/lib_ab4a70858e/lib_ab4a70858e__delay_-0.15__dur_-0.23.h5
f3a77a39-b19a-4aaa-b462-35ea4fd53675,-0.15,-0.18000000000000002,ab4a70858e,0.09761140495538712,8.059701492537314,2.6886792452830193,157.4840764271708,10.74,38,25,7,2.199114857512855,1,3.0,12,1.3,/user/raabe14/u19361/workspace-allen/results/zebra/sub-830794_ses-ecephys-830794-2026-01-26-12-02-05_ecephys/ProbeB/trial_0/phase_1/lib_ab4a70858e/lib_ab4a70858e__delay_-0.15__dur_-0.18000000000000002.h5
f3bb1643-3203-4cc8-9540-648b0572b657,0.1,0.18000000000000002,ab4a70858e,0.08888357132673264,-34.92537313432835,31.367924528301884,45.02251307527088,14.32,14,9,2,0.6283185307179586,2,4.0,9,0.1,/user/raabe14/u19361/workspace-allen/results/zebra/sub-830794_ses-ecephys-830794-2026-01-26-12-02-05_ecephys/ProbeB/trial_0/phase_1/lib_ab4a70858e/lib_ab4a70858e__delay_0.1__dur_0.18000000000000002.h5
f3f00a80-1838-4123-8cdf-c57f9063f01b,0.2,0.23,ab4a70858e,0.08055372536182404,-33.134328358208954,33.160377358490564,0.0,7.16,15,8,0,0.0,0,2.0,11,1.2,/user/raabe14/u19361/workspace-allen/results/zebra/sub-830794_ses-ecephys-830794-2026-01-26-12-02-05_ecephys/ProbeB/trial_0/phase_1/lib_ab4a70858e/lib_ab4a70858e__delay_0.2__dur_0.23.h5
f42c637d-5306-4b22-a254-83cf10351d16,-0.04,-0.23,ab4a70858e,0.12948405742645264,15.223880597014926,0.8962264150943398,112.48408527317332,10.74,42,26,5,1.5707963267948966,1,3.0,11,1.2,/user/raabe14/u19361/workspace-allen/results/zebra/sub-830794_ses-ecephys-830794-2026-01-26-12-02-05_ecephys/ProbeB/trial_0/phase_1/lib_ab4a70858e/lib_ab4a70858e__delay_-0.04__dur_-0.23.h5
f47ee2db-38d6-4f27-8c07-d34947ae6a88,0.30000000000000004,0.23,ab4a70858e,0.12000678479671478,-38.507462686567166,6.273584905660378,157.4840764271708,17.91,12,23,7,2.199114857512855,3,5.0,12,1.3,/user/raabe14/u19361/workspace-allen/results/zebra/sub-830794_ses-ecephys-830794-2026-01-26-12-02-05_ecephys/ProbeB/trial_0/phase_1/lib_ab4a70858e/lib_ab4a70858e__delay_0.30000000000000004__dur_0.23.h5
f48fa61a-53cf-42af-8494-9a6a4c15ecf6,-0.1,-0.23,ab4a70858e,0.07941751182079315,-47.46268656716418,8.066037735849058,180.0,28.65,7,22,8,2.5132741228718345,5,8.0,9,0.1,/user/raabe14/u19361/workspace-allen/results/zebra/sub-830794_ses-ecephys-830794-2026-01-26-12-02-05_ecephys/ProbeB/trial_0/phase_1/lib_ab4a70858e/lib_ab4a70858e__delay_-0.1__dur_-0.23.h5
f4d4eb0d-3f4a-4a1e-b257-e0a65698bcb6,0.2,0.18000000000000002,ab4a70858e,0.07255671918392181,-58.208955223880594,-20.61320754716981,45.02251307527088,10.74,1,38,2,0.6283185307179586,1,3.0,12,1.3,/user/raabe14/u19361/workspace-allen/results/zebra/sub-830794_ses-ecephys-830794-2026-01-26-12-02-05_ecephys/ProbeB/trial_0/phase_1/lib_ab4a70858e/lib_ab4a70858e__delay_0.2__dur_0.18000000000000002.h5
f4f58983-f87f-459c-a7ea-a2fd73f3d51a,0.06,0.18000000000000002,ab4a70858e,0.11822133511304855,-8.059701492537314,0.8962264150943398,45.02251307527088,14.32,29,26,2,0.6283185307179586,2,4.0,12,1.3,/user/raabe14/u19361/workspace-allen/results/zebra/sub-830794_ses-ecephys-830794-2026-01-26-12-02-05_ecephys/ProbeB/trial_0/phase_1/lib_ab4a70858e/lib_ab4a70858e__delay_0.06__dur_0.18000000000000002.h5
f5aea675-0e3a-45cc-a2b2-e19657cbd362,0.2,0.13,ab4a70858e,0.08071738481521606,-36.71641791044776,38.5377358490566,45.02251307527088,17.91,13,5,2,0.6283185307179586,3,5.0,1,0.02,/user/raabe14/u19361/workspace-allen/results/zebra/sub-830794_ses-ecephys-830794-2026-01-26-12-02-05_ecephys/ProbeB/trial_0/phase_1/lib_ab4a70858e/lib_ab4a70858e__delay_0.2__dur_0.13.h5
f634c121-f391-4e95-af20-a0bdb8f73dd1,0.01,0.18000000000000002,ab4a70858e,0.07450111210346222,-2.6865671641791025,15.235849056603776,180.0,17.91,32,18,8,2.5132741228718345,3,5.0,7,0.08,/user/raabe14/u19361/workspace-allen/results/zebra/sub-830794_ses-ecephys-830794-2026-01-26-12-02-05_ecephys/ProbeB/trial_0/phase_1/lib_ab4a70858e/lib_ab4a70858e__delay_0.01__dur_0.18000000000000002.h5
f719bf95-bd1b-4942-a170-1452ea7f78fb,0.30000000000000004,0.23,ab4a70858e,0.08920633792877197,-11.64179104477612,25.990566037735846,112.48408527317332,7.16,27,12,5,1.5707963267948966,0,2.0,0,0.01,/user/raabe14/u19361/workspace-allen/results/zebra/sub-830794_ses-ecephys-830794-2026-01-26-12-02-05_ecephys/ProbeB/trial_0/phase_1/lib_ab4a70858e/lib_ab4a70858e__delay_0.30000000000000004__dur_0.23.h5
f80870bb-a850-46fd-a054-8a537997ae39,0.05,0.18000000000000002,ab4a70858e,0.07933720201253891,-4.477611940298509,-4.481132075471699,22.515923572829195,28.65,31,29,1,0.3141592653589793,5,8.0,5,0.06,/user/raabe14/u19361/workspace-allen/results/zebra/sub-830794_ses-ecephys-830794-2026-01-26-12-02-05_ecephys/ProbeB/trial_0/phase_1/lib_ab4a70858e/lib_ab4a70858e__delay_0.05__dur_0.18000000000000002.h5
f8cdc66e-6d07-4f08-9f1a-d890c73557c9,0.08,0.23,ab4a70858e,0.08127345144748688,-20.59701492537313,-6.273584905660378,67.51591472682667,14.32,22,30,3,0.9424777960769379,2,4.0,12,1.3,/user/raabe14/u19361/workspace-allen/results/zebra/sub-830794_ses-ecephys-830794-2026-01-26-12-02-05_ecephys/ProbeB/trial_0/phase_1/lib_ab4a70858e/lib_ab4a70858e__delay_0.08__dur_0.23.h5
f95d6e14-1ff7-4112-9b42-3699fbf10d27,-0.01,-0.13,ab4a70858e,0.07499809563159943,38.507462686567166,-24.19811320754717,22.515923572829163,17.91,55,40,9,2.827433388230814,3,5.0,9,0.1,/user/raabe14/u19361/workspace-allen/results/zebra/sub-830794_ses-ecephys-830794-2026-01-26-12-02-05_ecephys/ProbeB/trial_0/phase_1/lib_ab4a70858e/lib_ab4a70858e__delay_-0.01__dur_-0.13.h5
fa245e11-a520-49bb-aa0c-4a9c080edb8b,-0.01,-0.23,ab4a70858e,0.08234711736440659,0.8955223880597032,-43.91509433962264,67.51591472682667,14.32,34,51,3,0.9424777960769379,2,4.0,9,0.1,/user/raabe14/u19361/workspace-allen/results/zebra/sub-830794_ses-ecephys-830794-2026-01-26-12-02-05_ecephys/ProbeB/trial_0/phase_1/lib_ab4a70858e/lib_ab4a70858e__delay_-0.01__dur_-0.23.h5
fa31fcb0-0ac1-41f1-8197-38a6a05c1e2a,-0.035,-0.18000000000000002,ab4a70858e,0.09132028371095657,-18.80597014925373,13.443396226415096,134.9774869247291,14.32,23,19,6,1.8849555921538759,2,4.0,9,0.1,/user/raabe14/u19361/workspace-allen/results/zebra/sub-830794_ses-ecephys-830794-2026-01-26-12-02-05_ecephys/ProbeB/trial_0/phase_1/lib_ab4a70858e/lib_ab4a70858e__delay_-0.035__dur_-0.18000000000000002.h5
fa53b221-9076-4c2a-ae8c-25264b53208e,-0.02,-0.13,ab4a70858e,0.08930012583732605,31.343283582089555,13.443396226415096,90.0,21.49,51,19,4,1.2566370614359172,4,6.0,8,0.09,/user/raabe14/u19361/workspace-allen/results/zebra/sub-830794_ses-ecephys-830794-2026-01-26-12-02-05_ecephys/ProbeB/trial_0/phase_1/lib_ab4a70858e/lib_ab4a70858e__delay_-0.02__dur_-0.13.h5
fb2962de-edde-44fd-af73-f53717a733cc,-0.075,-0.23,ab4a70858e,0.08300283551216125,-20.59701492537313,13.443396226415096,157.4840764271708,7.16,22,19,7,2.199114857512855,0,2.0,12,1.3,/user/raabe14/u19361/workspace-allen/results/zebra/sub-830794_ses-ecephys-830794-2026-01-26-12-02-05_ecephys/ProbeB/trial_0/phase_1/lib_ab4a70858e/lib_ab4a70858e__delay_-0.075__dur_-0.23.h5
fb40fc12-e022-4add-8bcd-2674894f3221,0.0,0.18000000000000002,ab4a70858e,0.08367818593978882,-31.34328358208955,-0.8962264150943398,112.48408527317332,7.16,16,27,5,1.5707963267948966,0,2.0,0,0.01,/user/raabe14/u19361/workspace-allen/results/zebra/sub-830794_ses-ecephys-830794-2026-01-26-12-02-05_ecephys/ProbeB/trial_0/phase_1/lib_ab4a70858e/lib_ab4a70858e__delay_0.0__dur_0.18000000000000002.h5
fb8a5b6c-4e87-48e3-aa10-a6bf988e8ad5,-0.075,-0.13,ab4a70858e,0.1258881390094757,42.08955223880598,6.273584905660378,134.9774869247291,21.49,57,23,6,1.8849555921538759,4,6.0,11,1.2,/user/raabe14/u19361/workspace-allen/results/zebra/sub-830794_ses-ecephys-830794-2026-01-26-12-02-05_ecephys/ProbeB/trial_0/phase_1/lib_ab4a70858e/lib_ab4a70858e__delay_-0.075__dur_-0.13.h5
fbb33cb1-b204-4f1b-9aa0-9340664afe86,0.25,0.13,ab4a70858e,0.08365657180547714,8.059701492537314,18.820754716981128,90.0,17.91,38,16,4,1.2566370614359172,3,5.0,9,0.1,/user/raabe14/u19361/workspace-allen/results/zebra/sub-830794_ses-ecephys-830794-2026-01-26-12-02-05_ecephys/ProbeB/trial_0/phase_1/lib_ab4a70858e/lib_ab4a70858e__delay_0.25__dur_0.13.h5
fbdc8a27-f69d-4e13-a9ba-664555f6466e,-0.05,-0.18000000000000002,ab4a70858e,0.087193563580513,-27.761194029850742,-29.57547169811321,134.9774869247291,7.16,18,43,6,1.8849555921538759,0,2.0,9,0.1,/user/raabe14/u19361/workspace-allen/results/zebra/sub-830794_ses-ecephys-830794-2026-01-26-12-02-05_ecephys/ProbeB/trial_0/phase_1/lib_ab4a70858e/lib_ab4a70858e__delay_-0.05__dur_-0.18000000000000002.h5
fc60d226-ebdc-46e6-9300-445efe163a4c,-0.075,-0.23,ab4a70858e,0.10674303770065308,-8.059701492537314,-18.82075471698113,45.02251307527088,21.49,29,37,2,0.6283185307179586,4,6.0,12,1.3,/user/raabe14/u19361/workspace-allen/results/zebra/sub-830794_ses-ecephys-830794-2026-01-26-12-02-05_ecephys/ProbeB/trial_0/phase_1/lib_ab4a70858e/lib_ab4a70858e__delay_-0.075__dur_-0.23.h5
fca1131a-e96c-4fc0-9f13-44c7acd44ef6,0.30000000000000004,0.13,ab4a70858e,0.08169756084680557,8.059701492537314,38.5377358490566,112.48408527317332,21.49,38,5,5,1.5707963267948966,4,6.0,11,1.2,/user/raabe14/u19361/workspace-allen/results/zebra/sub-830794_ses-ecephys-830794-2026-01-26-12-02-05_ecephys/ProbeB/trial_0/phase_1/lib_ab4a70858e/lib_ab4a70858e__delay_0.30000000000000004__dur_0.13.h5
fcd05463-8797-41a8-b07e-83fe66f21fc0,-0.075,-0.23,ab4a70858e,0.10391438752412796,-11.64179104477612,-42.12264150943396,180.0,10.74,27,50,8,2.5132741228718345,1,3.0,11,1.2,/user/raabe14/u19361/workspace-allen/results/zebra/sub-830794_ses-ecephys-830794-2026-01-26-12-02-05_ecephys/ProbeB/trial_0/phase_1/lib_ab4a70858e/lib_ab4a70858e__delay_-0.075__dur_-0.23.h5
fde401f2-b8ba-4a97-a8ed-3ed95d2b7321,0.2,0.23,ab4a70858e,0.08147101104259491,-52.83582089552239,27.783018867924525,67.51591472682667,28.65,4,11,3,0.9424777960769379,5,8.0,8,0.09,/user/raabe14/u19361/workspace-allen/results/zebra/sub-830794_ses-ecephys-830794-2026-01-26-12-02-05_ecephys/ProbeB/trial_0/phase_1/lib_ab4a70858e/lib_ab4a70858e__delay_0.2__dur_0.23.h5
ff258213-d60b-4736-aaeb-663c2adb65a0,0.1,0.23,ab4a70858e,0.0816478580236435,-18.80597014925373,-33.160377358490564,157.4840764271708,7.16,23,45,7,2.199114857512855,0,2.0,9,0.1,/user/raabe14/u19361/workspace-allen/results/zebra/sub-830794_ses-ecephys-830794-2026-01-26-12-02-05_ecephys/ProbeB/trial_0/phase_1/lib_ab4a70858e/lib_ab4a70858e__delay_0.1__dur_0.23.h5
ff47b031-9005-4e2f-9efa-b01a0a669acc,-0.03,-0.13,ab4a70858e,0.07542296499013901,15.223880597014926,47.5,67.51591472682667,28.65,42,0,3,0.9424777960769379,5,8.0,9,0.1,/user/raabe14/u19361/workspace-allen/results/zebra/sub-830794_ses-ecephys-830794-2026-01-26-12-02-05_ecephys/ProbeB/trial_0/phase_1/lib_ab4a70858e/lib_ab4a70858e__delay_-0.03__dur_-0.13.h5
ff5debf6-d234-4cc6-9686-d9536743553c,0.06,0.23,ab4a70858e,0.07175752520561218,-24.179104477611936,4.481132075471699,180.0,17.91,20,24,8,2.5132741228718345,3,5.0,9,0.1,/user/raabe14/u19361/workspace-allen/results/zebra/sub-830794_ses-ecephys-830794-2026-01-26-12-02-05_ecephys/ProbeB/trial_0/phase_1/lib_ab4a70858e/lib_ab4a70858e__delay_0.06__dur_0.23.h5
ff7d1581-318e-4710-ac60-0550a575b6cd,0.01,0.08,ab4a70858e,0.092251256108284,-2.6865671641791025,11.650943396226417,157.4840764271708,10.74,32,20,7,2.199114857512855,1,3.0,8,0.09,/user/raabe14/u19361/workspace-allen/results/zebra/sub-830794_ses-ecephys-830794-2026-01-26-12-02-05_ecephys/ProbeB/trial_0/phase_1/lib_ab4a70858e/lib_ab4a70858e__delay_0.01__dur_0.08.h5
ff89a2cb-d31c-41ed-894b-ff17b82fa039,0.30000000000000004,0.23,ab4a70858e,0.2592698037624359,-13.43283582089552,45.70754716981132,45.02251307527088,14.32,26,1,2,0.6283185307179586,2,4.0,12,1.3,/user/raabe14/u19361/workspace-allen/results/zebra/sub-830794_ses-ecephys-830794-2026-01-26-12-02-05_ecephys/ProbeB/trial_0/phase_1/lib_ab4a70858e/lib_ab4a70858e__delay_0.30000000000000004__dur_0.23.h5
ffaa69c1-038d-4e32-87b6-5c90543bf062,0.30000000000000004,0.18000000000000002,ab4a70858e,0.10557015985250473,-9.850746268656714,-24.19811320754717,112.48408527317332,21.49,28,40,5,1.5707963267948966,4,6.0,11,1.2,/user/raabe14/u19361/workspace-allen/results/zebra/sub-830794_ses-ecephys-830794-2026-01-26-12-02-05_ecephys/ProbeB/trial_0/phase_1/lib_ab4a70858e/lib_ab4a70858e__delay_0.30000000000000004__dur_0.18000000000000002.h5
ffbda932-04ac-4f34-b4fb-3bc8b9342953,-0.01,-0.03,ab4a70858e,0.0,-60.0,47.5,0.0,7.16,0,0,0,0.0,0,2.0,0,0.01,/user/raabe14/u19361/workspace-allen/results/zebra/sub-830794_ses-ecephys-830794-2026-01-26-12-02-05_ecephys/ProbeB/trial_0/phase_1/lib_ab4a70858e/lib_ab4a70858e__delay_-0.01__dur_-0.03.h5
ffff4d9a-da53-443f-be80-805649bb824d,0.1,0.23,ab4a70858e,0.08392587304115295,-22.388059701492537,-13.443396226415096,0.0,28.65,21,34,0,0.0,5,8.0,9,0.1,/user/raabe14/u19361/workspace-allen/results/zebra/sub-830794_ses-ecephys-830794-2026-01-26-12-02-05_ecephys/ProbeB/trial_0/phase_1/lib_ab4a70858e/lib_ab4a70858e__delay_0.1__dur_0.23.h5
