unit_id,delay,duration,abs_max_value
0,0.0,0.0,0.07768961042165756
0,0.0,0.1,0.07768961042165756
0,0.0,0.2,0.08695533126592636
0,0.03,0.0,0.11855155229568481
0,0.03,0.1,0.11855155229568481
0,0.03,0.2,0.10585484653711319
0,0.06,0.0,0.13212555646896362
0,0.06,0.1,0.13212555646896362
0,0.06,0.2,0.0980011597275734
0,0.09,0.0,0.0961388573050499
0,0.09,0.1,0.0961388573050499
0,0.09,0.2,0.09780822694301605
0,0.12,0.0,0.1015295460820198
0,0.12,0.1,0.1015295460820198
0,0.12,0.2,0.09115719050168991
0,0.15,0.0,0.08538640290498734
0,0.15,0.1,0.08538640290498734
0,0.15,0.2,0.09523458778858185
1,0.0,0.0,0.08335734903812408
1,0.0,0.1,0.08335734903812408
1,0.0,0.2,0.09395931661128998
1,0.03,0.0,0.090683713555336
1,0.03,0.1,0.090683713555336
1,0.03,0.2,0.09492500871419907
1,0.06,0.0,0.07620138674974442
1,0.06,0.1,0.07620138674974442
1,0.06,0.2,0.1065654531121254
1,0.09,0.0,0.09139394015073776
1,0.09,0.1,0.09139394015073776
1,0.09,0.2,0.10198099911212921
1,0.12,0.0,0.08590282499790192
1,0.12,0.1,0.08590282499790192
1,0.12,0.2,0.08846012502908707
1,0.15,0.0,0.10761327296495438
1,0.15,0.1,0.10761327296495438
1,0.15,0.2,0.12379015237092972
10,0.0,0.0,0.1019715815782547
10,0.0,0.1,0.1019715815782547
10,0.0,0.2,0.10446809977293015
10,0.03,0.0,0.09503797441720963
10,0.03,0.1,0.09503797441720963
10,0.03,0.2,0.10836807638406754
10,0.06,0.0,0.10680163651704788
10,0.06,0.1,0.10680163651704788
10,0.06,0.2,0.11381319910287857
10,0.09,0.0,0.11084892600774765
10,0.09,0.1,0.11084892600774765
10,0.09,0.2,0.11166989058256149
10,0.12,0.0,0.1032070517539978
10,0.12,0.1,0.1032070517539978
10,0.12,0.2,0.08884300291538239
10,0.15,0.0,0.0931805744767189
10,0.15,0.1,0.0931805744767189
10,0.15,0.2,0.11187031865119934
100,0.0,0.0,0.09383915364742279
100,0.0,0.1,0.09383915364742279
100,0.0,0.2,0.1402265876531601
100,0.03,0.0,0.09505902230739594
100,0.03,0.1,0.09505902230739594
100,0.03,0.2,0.14823995530605316
100,0.06,0.0,0.11150126904249191
100,0.06,0.1,0.11150126904249191
100,0.06,0.2,0.14830362796783447
100,0.09,0.0,0.1241975799202919
100,0.09,0.1,0.1241975799202919
100,0.09,0.2,0.13987387716770172
100,0.12,0.0,0.13615155220031738
100,0.12,0.1,0.13615155220031738
100,0.12,0.2,0.12469076365232468
100,0.15,0.0,0.13241730630397797
100,0.15,0.1,0.13241730630397797
100,0.15,0.2,0.1012118011713028
101,0.0,0.0,0.13601745665073395
101,0.0,0.1,0.13601745665073395
101,0.0,0.2,0.20375588536262512
101,0.03,0.0,0.1782451719045639
101,0.03,0.1,0.1782451719045639
101,0.03,0.2,0.20663774013519287
101,0.06,0.0,0.20814628899097443
101,0.06,0.1,0.20814628899097443
101,0.06,0.2,0.19043174386024475
101,0.09,0.0,0.2211293876171112
101,0.09,0.1,0.2211293876171112
101,0.09,0.2,0.19120602309703827
101,0.12,0.0,0.21481837332248688
101,0.12,0.1,0.21481837332248688
101,0.12,0.2,0.18153291940689087
101,0.15,0.0,0.1680552363395691
101,0.15,0.1,0.1680552363395691
101,0.15,0.2,0.19597072899341583
102,0.0,0.0,0.09630667418241501
102,0.0,0.1,0.09630667418241501
102,0.0,0.2,0.1521424502134323
102,0.03,0.0,0.11083543300628662
102,0.03,0.1,0.11083543300628662
102,0.03,0.2,0.14918681979179382
102,0.06,0.0,0.1360534280538559
102,0.06,0.1,0.1360534280538559
102,0.06,0.2,0.15079130232334137
102,0.09,0.0,0.15146420896053314
102,0.09,0.1,0.15146420896053314
102,0.09,0.2,0.14337530732154846
102,0.12,0.0,0.13620534539222717
102,0.12,0.1,0.13620534539222717
102,0.12,0.2,0.11377407610416412
102,0.15,0.0,0.11959473788738251
102,0.15,0.1,0.11959473788738251
102,0.15,0.2,0.09522153437137604
103,0.0,0.0,0.1686571091413498
103,0.0,0.1,0.1686571091413498
103,0.0,0.2,0.20832182466983795
103,0.03,0.0,0.1812179535627365
103,0.03,0.1,0.1812179535627365
103,0.03,0.2,0.20816533267498016
103,0.06,0.0,0.18587519228458405
103,0.06,0.1,0.18587519228458405
103,0.06,0.2,0.19971902668476105
103,0.09,0.0,0.18912597000598907
103,0.09,0.1,0.18912597000598907
103,0.09,0.2,0.18268230557441711
103,0.12,0.0,0.1767406165599823
103,0.12,0.1,0.1767406165599823
103,0.12,0.2,0.1474694013595581
103,0.15,0.0,0.16376201808452606
103,0.15,0.1,0.16376201808452606
103,0.15,0.2,0.12131383270025253
104,0.0,0.0,0.11716729402542114
104,0.0,0.1,0.11716729402542114
104,0.0,0.2,0.17853188514709473
104,0.03,0.0,0.14134737849235535
104,0.03,0.1,0.14134737849235535
104,0.03,0.2,0.18423987925052643
104,0.06,0.0,0.1574905663728714
104,0.06,0.1,0.1574905663728714
104,0.06,0.2,0.17673711478710175
104,0.09,0.0,0.1629873663187027
104,0.09,0.1,0.1629873663187027
104,0.09,0.2,0.18469753861427307
104,0.12,0.0,0.16085359454154968
104,0.12,0.1,0.16085359454154968
104,0.12,0.2,0.18801851570606232
104,0.15,0.0,0.16812893748283386
104,0.15,0.1,0.16812893748283386
104,0.15,0.2,0.18127484619617462
105,0.0,0.0,0.08646111190319061
105,0.0,0.1,0.08646111190319061
105,0.0,0.2,0.12350186705589294
105,0.03,0.0,0.11583055555820465
105,0.03,0.1,0.11583055555820465
105,0.03,0.2,0.1498061865568161
105,0.06,0.0,0.1109251007437706
105,0.06,0.1,0.1109251007437706
105,0.06,0.2,0.13618209958076477
105,0.09,0.0,0.10900654643774033
105,0.09,0.1,0.10900654643774033
105,0.09,0.2,0.12222734838724136
105,0.12,0.0,0.11250345408916473
105,0.12,0.1,0.11250345408916473
105,0.12,0.2,0.12294858694076538
105,0.15,0.0,0.12818387150764465
105,0.15,0.1,0.12818387150764465
105,0.15,0.2,0.1256636530160904
106,0.0,0.0,0.09223807603120804
106,0.0,0.1,0.09223807603120804
106,0.0,0.2,0.1362447887659073
106,0.03,0.0,0.11725516617298126
106,0.03,0.1,0.11725516617298126
106,0.03,0.2,0.17281542718410492
106,0.06,0.0,0.13030515611171722
106,0.06,0.1,0.13030515611171722
106,0.06,0.2,0.1744471937417984
106,0.09,0.0,0.14581099152565002
106,0.09,0.1,0.14581099152565002
106,0.09,0.2,0.1617930382490158
106,0.12,0.0,0.15635859966278076
106,0.12,0.1,0.15635859966278076
106,0.12,0.2,0.15248717367649078
106,0.15,0.0,0.15240733325481415
106,0.15,0.1,0.15240733325481415
106,0.15,0.2,0.1397159993648529
107,0.0,0.0,0.1431759148836136
107,0.0,0.1,0.1431759148836136
107,0.0,0.2,0.20842039585113525
107,0.03,0.0,0.18118448555469513
107,0.03,0.1,0.18118448555469513
107,0.03,0.2,0.21344132721424103
107,0.06,0.0,0.2113199234008789
107,0.06,0.1,0.2113199234008789
107,0.06,0.2,0.2061225026845932
107,0.09,0.0,0.22942666709423065
107,0.09,0.1,0.22942666709423065
107,0.09,0.2,0.18731464445590973
107,0.12,0.0,0.21874713897705078
107,0.12,0.1,0.21874713897705078
107,0.12,0.2,0.15352196991443634
107,0.15,0.0,0.1812591850757599
107,0.15,0.1,0.1812591850757599
107,0.15,0.2,0.12433267384767532
108,0.0,0.0,0.0890149399638176
108,0.0,0.1,0.0890149399638176
108,0.0,0.2,0.13580550253391266
108,0.03,0.0,0.08906936645507812
108,0.03,0.1,0.08906936645507812
108,0.03,0.2,0.14933496713638306
108,0.06,0.0,0.12850376963615417
108,0.06,0.1,0.12850376963615417
108,0.06,0.2,0.15747186541557312
108,0.09,0.0,0.1583559513092041
108,0.09,0.1,0.1583559513092041
108,0.09,0.2,0.14741560816764832
108,0.12,0.0,0.1665201336145401
108,0.12,0.1,0.1665201336145401
108,0.12,0.2,0.13898982107639313
108,0.15,0.0,0.13566210865974426
108,0.15,0.1,0.13566210865974426
108,0.15,0.2,0.1137748509645462
109,0.0,0.0,0.11691328883171082
109,0.0,0.1,0.11691328883171082
109,0.0,0.2,0.1651550829410553
109,0.03,0.0,0.1731979250907898
109,0.03,0.1,0.1731979250907898
109,0.03,0.2,0.19723889231681824
109,0.06,0.0,0.20303812623023987
109,0.06,0.1,0.20303812623023987
109,0.06,0.2,0.2129315286874771
109,0.09,0.0,0.18958818912506104
109,0.09,0.1,0.18958818912506104
109,0.09,0.2,0.20362745225429535
109,0.12,0.0,0.18930025398731232
109,0.12,0.1,0.18930025398731232
109,0.12,0.2,0.1904786080121994
109,0.15,0.0,0.19687999784946442
109,0.15,0.1,0.19687999784946442
109,0.15,0.2,0.17247159779071808
11,0.0,0.0,0.14979879558086395
11,0.0,0.1,0.14979879558086395
11,0.0,0.2,0.19660212099552155
11,0.03,0.0,0.14986348152160645
11,0.03,0.1,0.14986348152160645
11,0.03,0.2,0.20220234990119934
11,0.06,0.0,0.17786431312561035
11,0.06,0.1,0.17786431312561035
11,0.06,0.2,0.23509494960308075
11,0.09,0.0,0.1843060702085495
11,0.09,0.1,0.1843060702085495
11,0.09,0.2,0.23922637104988098
11,0.12,0.0,0.20083002746105194
11,0.12,0.1,0.20083002746105194
11,0.12,0.2,0.2628662884235382
11,0.15,0.0,0.22209776937961578
11,0.15,0.1,0.22209776937961578
11,0.15,0.2,0.29186341166496277
110,0.0,0.0,0.13677436113357544
110,0.0,0.1,0.13677436113357544
110,0.0,0.2,0.21119624376296997
110,0.03,0.0,0.16955070197582245
110,0.03,0.1,0.16955070197582245
110,0.03,0.2,0.23091372847557068
110,0.06,0.0,0.1903580278158188
110,0.06,0.1,0.1903580278158188
110,0.06,0.2,0.2306160032749176
110,0.09,0.0,0.20375962555408478
110,0.09,0.1,0.20375962555408478
110,0.09,0.2,0.22099347412586212
110,0.12,0.0,0.21175238490104675
110,0.12,0.1,0.21175238490104675
110,0.12,0.2,0.20261462032794952
110,0.15,0.0,0.18962261080741882
110,0.15,0.1,0.18962261080741882
110,0.15,0.2,0.16778907179832458
111,0.0,0.0,0.11029627919197083
111,0.0,0.1,0.11029627919197083
111,0.0,0.2,0.17065703868865967
111,0.03,0.0,0.14194533228874207
111,0.03,0.1,0.14194533228874207
111,0.03,0.2,0.1756730079650879
111,0.06,0.0,0.16379320621490479
111,0.06,0.1,0.16379320621490479
111,0.06,0.2,0.15282920002937317
111,0.09,0.0,0.17243896424770355
111,0.09,0.1,0.17243896424770355
111,0.09,0.2,0.13566160202026367
111,0.12,0.0,0.15637856721878052
111,0.12,0.1,0.15637856721878052
111,0.12,0.2,0.12655621767044067
111,0.15,0.0,0.1302182823419571
111,0.15,0.1,0.1302182823419571
111,0.15,0.2,0.12814795970916748
112,0.0,0.0,0.10991445183753967
112,0.0,0.1,0.10991445183753967
112,0.0,0.2,0.13407905399799347
112,0.03,0.0,0.11555006355047226
112,0.03,0.1,0.11555006355047226
112,0.03,0.2,0.12855303287506104
112,0.06,0.0,0.11970150470733643
112,0.06,0.1,0.11970150470733643
112,0.06,0.2,0.12151288986206055
112,0.09,0.0,0.14980565011501312
112,0.09,0.1,0.14980565011501312
112,0.09,0.2,0.12932296097278595
112,0.12,0.0,0.13503313064575195
112,0.12,0.1,0.13503313064575195
112,0.12,0.2,0.11783535778522491
112,0.15,0.0,0.1250920593738556
112,0.15,0.1,0.1250920593738556
112,0.15,0.2,0.13171710073947906
113,0.0,0.0,0.10355469584465027
113,0.0,0.1,0.10355469584465027
113,0.0,0.2,0.14665508270263672
113,0.03,0.0,0.1400911957025528
113,0.03,0.1,0.1400911957025528
113,0.03,0.2,0.1445159912109375
113,0.06,0.0,0.16384324431419373
113,0.06,0.1,0.16384324431419373
113,0.06,0.2,0.14694862067699432
113,0.09,0.0,0.17319820821285248
113,0.09,0.1,0.17319820821285248
113,0.09,0.2,0.14827057719230652
113,0.12,0.0,0.1475989669561386
113,0.12,0.1,0.1475989669561386
113,0.12,0.2,0.1390012949705124
113,0.15,0.0,0.13923032581806183
113,0.15,0.1,0.13923032581806183
113,0.15,0.2,0.1756156086921692
114,0.0,0.0,0.09074865281581879
114,0.0,0.1,0.09074865281581879
114,0.0,0.2,0.14069567620754242
114,0.03,0.0,0.1223474070429802
114,0.03,0.1,0.1223474070429802
114,0.03,0.2,0.15204578638076782
114,0.06,0.0,0.1530407816171646
114,0.06,0.1,0.1530407816171646
114,0.06,0.2,0.15328313410282135
114,0.09,0.0,0.17044579982757568
114,0.09,0.1,0.17044579982757568
114,0.09,0.2,0.14746394753456116
114,0.12,0.0,0.16117076575756073
114,0.12,0.1,0.16117076575756073
114,0.12,0.2,0.13215172290802002
114,0.15,0.0,0.1380261331796646
114,0.15,0.1,0.1380261331796646
114,0.15,0.2,0.1162976622581482
115,0.0,0.0,0.10659439861774445
115,0.0,0.1,0.10659439861774445
115,0.0,0.2,0.13903942704200745
115,0.03,0.0,0.11548258364200592
115,0.03,0.1,0.11548258364200592
115,0.03,0.2,0.13948854804039001
115,0.06,0.0,0.11820996552705765
115,0.06,0.1,0.11820996552705765
115,0.06,0.2,0.1179024875164032
115,0.09,0.0,0.11375375092029572
115,0.09,0.1,0.11375375092029572
115,0.09,0.2,0.09613056480884552
115,0.12,0.0,0.10577690601348877
115,0.12,0.1,0.10577690601348877
115,0.12,0.2,0.08351819962263107
115,0.15,0.0,0.09188143908977509
115,0.15,0.1,0.09188143908977509
115,0.15,0.2,0.08898960053920746
116,0.0,0.0,0.08402889221906662
116,0.0,0.1,0.08402889221906662
116,0.0,0.2,0.09126275777816772
116,0.03,0.0,0.0962722972035408
116,0.03,0.1,0.0962722972035408
116,0.03,0.2,0.09163165092468262
116,0.06,0.0,0.08562146127223969
116,0.06,0.1,0.08562146127223969
116,0.06,0.2,0.10448887944221497
116,0.09,0.0,0.09147395193576813
116,0.09,0.1,0.09147395193576813
116,0.09,0.2,0.11545704305171967
116,0.12,0.0,0.09384991973638535
116,0.12,0.1,0.09384991973638535
116,0.12,0.2,0.09917167574167252
116,0.15,0.0,0.10419800132513046
116,0.15,0.1,0.10419800132513046
116,0.15,0.2,0.1051437184214592
117,0.0,0.0,0.10324051231145859
117,0.0,0.1,0.10324051231145859
117,0.0,0.2,0.15301109850406647
117,0.03,0.0,0.10841797292232513
117,0.03,0.1,0.10841797292232513
117,0.03,0.2,0.14060869812965393
117,0.06,0.0,0.14518342912197113
117,0.06,0.1,0.14518342912197113
117,0.06,0.2,0.14700452983379364
117,0.09,0.0,0.1456221491098404
117,0.09,0.1,0.1456221491098404
117,0.09,0.2,0.13033024966716766
117,0.12,0.0,0.12781842052936554
117,0.12,0.1,0.12781842052936554
117,0.12,0.2,0.11002057790756226
117,0.15,0.0,0.10142862051725388
117,0.15,0.1,0.10142862051725388
117,0.15,0.2,0.09282787144184113
118,0.0,0.0,0.10307802259922028
118,0.0,0.1,0.10307802259922028
118,0.0,0.2,0.14486734569072723
118,0.03,0.0,0.15474608540534973
118,0.03,0.1,0.15474608540534973
118,0.03,0.2,0.14672589302062988
118,0.06,0.0,0.20721367001533508
118,0.06,0.1,0.20721367001533508
118,0.06,0.2,0.15202535688877106
118,0.09,0.0,0.19526705145835876
118,0.09,0.1,0.19526705145835876
118,0.09,0.2,0.15455719828605652
118,0.12,0.0,0.16856172680854797
118,0.12,0.1,0.16856172680854797
118,0.12,0.2,0.149085134267807
118,0.15,0.0,0.1765676587820053
118,0.15,0.1,0.1765676587820053
118,0.15,0.2,0.1478532999753952
119,0.0,0.0,0.08627846837043762
119,0.0,0.1,0.08627846837043762
119,0.0,0.2,0.0933132991194725
119,0.03,0.0,0.1073828712105751
119,0.03,0.1,0.1073828712105751
119,0.03,0.2,0.10314929485321045
119,0.06,0.0,0.088492751121521
119,0.06,0.1,0.088492751121521
119,0.06,0.2,0.08542688190937042
119,0.09,0.0,0.09791602939367294
119,0.09,0.1,0.09791602939367294
119,0.09,0.2,0.096196748316288
119,0.12,0.0,0.11509391665458679
119,0.12,0.1,0.11509391665458679
119,0.12,0.2,0.09933602809906006
119,0.15,0.0,0.10108549147844315
119,0.15,0.1,0.10108549147844315
119,0.15,0.2,0.08881737291812897
12,0.0,0.0,0.1079166829586029
12,0.0,0.1,0.1079166829586029
12,0.0,0.2,0.12551996111869812
12,0.03,0.0,0.10713877528905869
12,0.03,0.1,0.10713877528905869
12,0.03,0.2,0.11737281829118729
12,0.06,0.0,0.10839032381772995
12,0.06,0.1,0.10839032381772995
12,0.06,0.2,0.10206925868988037
12,0.09,0.0,0.1073148176074028
12,0.09,0.1,0.1073148176074028
12,0.09,0.2,0.09601302444934845
12,0.12,0.0,0.09643493592739105
12,0.12,0.1,0.09643493592739105
12,0.12,0.2,0.10695600509643555
12,0.15,0.0,0.09466364234685898
12,0.15,0.1,0.09466364234685898
12,0.15,0.2,0.0889444425702095
120,0.0,0.0,0.13814374804496765
120,0.0,0.1,0.13814374804496765
120,0.0,0.2,0.20887400209903717
120,0.03,0.0,0.17563122510910034
120,0.03,0.1,0.17563122510910034
120,0.03,0.2,0.2196304053068161
120,0.06,0.0,0.19018790125846863
120,0.06,0.1,0.19018790125846863
120,0.06,0.2,0.2143772393465042
120,0.09,0.0,0.1948745846748352
120,0.09,0.1,0.1948745846748352
120,0.09,0.2,0.18885108828544617
120,0.12,0.0,0.2109481543302536
120,0.12,0.1,0.2109481543302536
120,0.12,0.2,0.17098410427570343
120,0.15,0.0,0.18150471150875092
120,0.15,0.1,0.18150471150875092
120,0.15,0.2,0.15274959802627563
121,0.0,0.0,0.08775269985198975
121,0.0,0.1,0.08775269985198975
121,0.0,0.2,0.09813154488801956
121,0.03,0.0,0.10369282215833664
121,0.03,0.1,0.10369282215833664
121,0.03,0.2,0.11878360062837601
121,0.06,0.0,0.10254711657762527
121,0.06,0.1,0.10254711657762527
121,0.06,0.2,0.11281444132328033
121,0.09,0.0,0.09351882338523865
121,0.09,0.1,0.09351882338523865
121,0.09,0.2,0.0899224728345871
121,0.12,0.0,0.1061389297246933
121,0.12,0.1,0.1061389297246933
121,0.12,0.2,0.10209599137306213
121,0.15,0.0,0.09669732302427292
121,0.15,0.1,0.09669732302427292
121,0.15,0.2,0.09691695868968964
122,0.0,0.0,0.10997313261032104
122,0.0,0.1,0.10997313261032104
122,0.0,0.2,0.17033140361309052
122,0.03,0.0,0.11798994243144989
122,0.03,0.1,0.11798994243144989
122,0.03,0.2,0.17001229524612427
122,0.06,0.0,0.14386753737926483
122,0.06,0.1,0.14386753737926483
122,0.06,0.2,0.16852138936519623
122,0.09,0.0,0.1576027125120163
122,0.09,0.1,0.1576027125120163
122,0.09,0.2,0.1465579867362976
122,0.12,0.0,0.1503586769104004
122,0.12,0.1,0.1503586769104004
122,0.12,0.2,0.13461163640022278
122,0.15,0.0,0.14136861264705658
122,0.15,0.1,0.14136861264705658
122,0.15,0.2,0.1146634966135025
123,0.0,0.0,0.1418939083814621
123,0.0,0.1,0.1418939083814621
123,0.0,0.2,0.1511862725019455
123,0.03,0.0,0.1643371433019638
123,0.03,0.1,0.1643371433019638
123,0.03,0.2,0.17904523015022278
123,0.06,0.0,0.18178018927574158
123,0.06,0.1,0.18178018927574158
123,0.06,0.2,0.17424675822257996
123,0.09,0.0,0.1514904499053955
123,0.09,0.1,0.1514904499053955
123,0.09,0.2,0.17756512761116028
123,0.12,0.0,0.1608458310365677
123,0.12,0.1,0.1608458310365677
123,0.12,0.2,0.17408321797847748
123,0.15,0.0,0.17219389975070953
123,0.15,0.1,0.17219389975070953
123,0.15,0.2,0.1562189757823944
124,0.0,0.0,0.10642434656620026
124,0.0,0.1,0.10642434656620026
124,0.0,0.2,0.15031231939792633
124,0.03,0.0,0.13211457431316376
124,0.03,0.1,0.13211457431316376
124,0.03,0.2,0.16545720398426056
124,0.06,0.0,0.14808234572410583
124,0.06,0.1,0.14808234572410583
124,0.06,0.2,0.16714635491371155
124,0.09,0.0,0.14279542863368988
124,0.09,0.1,0.14279542863368988
124,0.09,0.2,0.1509472131729126
124,0.12,0.0,0.13119009137153625
124,0.12,0.1,0.13119009137153625
124,0.12,0.2,0.13190506398677826
124,0.15,0.0,0.13392511010169983
124,0.15,0.1,0.13392511010169983
124,0.15,0.2,0.13930293917655945
125,0.0,0.0,0.085928775370121
125,0.0,0.1,0.085928775370121
125,0.0,0.2,0.14871127903461456
125,0.03,0.0,0.08799918740987778
125,0.03,0.1,0.08799918740987778
125,0.03,0.2,0.1165776178240776
125,0.06,0.0,0.13124237954616547
125,0.06,0.1,0.13124237954616547
125,0.06,0.2,0.09988764673471451
125,0.09,0.0,0.18109261989593506
125,0.09,0.1,0.18109261989593506
125,0.09,0.2,0.1048261821269989
125,0.12,0.0,0.13826608657836914
125,0.12,0.1,0.13826608657836914
125,0.12,0.2,0.0817590281367302
125,0.15,0.0,0.09848059713840485
125,0.15,0.1,0.09848059713840485
125,0.15,0.2,0.11029759794473648
126,0.0,0.0,0.10054696351289749
126,0.0,0.1,0.10054696351289749
126,0.0,0.2,0.11494473367929459
126,0.03,0.0,0.09550189226865768
126,0.03,0.1,0.09550189226865768
126,0.03,0.2,0.09672082215547562
126,0.06,0.0,0.11167722940444946
126,0.06,0.1,0.11167722940444946
126,0.06,0.2,0.09527646005153656
126,0.09,0.0,0.08711101114749908
126,0.09,0.1,0.08711101114749908
126,0.09,0.2,0.10148289054632187
126,0.12,0.0,0.10823241621255875
126,0.12,0.1,0.10823241621255875
126,0.12,0.2,0.10984557121992111
126,0.15,0.0,0.09060769528150558
126,0.15,0.1,0.09060769528150558
126,0.15,0.2,0.08771403133869171
127,0.0,0.0,0.11395002901554108
127,0.0,0.1,0.11395002901554108
127,0.0,0.2,0.1742040067911148
127,0.03,0.0,0.14367473125457764
127,0.03,0.1,0.14367473125457764
127,0.03,0.2,0.17561528086662292
127,0.06,0.0,0.16140404343605042
127,0.06,0.1,0.16140404343605042
127,0.06,0.2,0.15963611006736755
127,0.09,0.0,0.1637353003025055
127,0.09,0.1,0.1637353003025055
127,0.09,0.2,0.15061841905117035
127,0.12,0.0,0.15505439043045044
127,0.12,0.1,0.15505439043045044
127,0.12,0.2,0.13011746108531952
127,0.15,0.0,0.1243879422545433
127,0.15,0.1,0.1243879422545433
127,0.15,0.2,0.09210830926895142
128,0.0,0.0,0.09426281601190567
128,0.0,0.1,0.09426281601190567
128,0.0,0.2,0.1089445948600769
128,0.03,0.0,0.09909288585186005
128,0.03,0.1,0.09909288585186005
128,0.03,0.2,0.13185451924800873
128,0.06,0.0,0.12437577545642853
128,0.06,0.1,0.12437577545642853
128,0.06,0.2,0.15153658390045166
128,0.09,0.0,0.14842352271080017
128,0.09,0.1,0.14842352271080017
128,0.09,0.2,0.1377512812614441
128,0.12,0.0,0.14990757405757904
128,0.12,0.1,0.14990757405757904
128,0.12,0.2,0.12765929102897644
128,0.15,0.0,0.1277812123298645
128,0.15,0.1,0.1277812123298645
128,0.15,0.2,0.11061043292284012
129,0.0,0.0,0.15920744836330414
129,0.0,0.1,0.15920744836330414
129,0.0,0.2,0.24001160264015198
129,0.03,0.0,0.1894642561674118
129,0.03,0.1,0.1894642561674118
129,0.03,0.2,0.24007923901081085
129,0.06,0.0,0.21667104959487915
129,0.06,0.1,0.21667104959487915
129,0.06,0.2,0.22421593964099884
129,0.09,0.0,0.23616212606430054
129,0.09,0.1,0.23616212606430054
129,0.09,0.2,0.20061525702476501
129,0.12,0.0,0.22226372361183167
129,0.12,0.1,0.22226372361183167
129,0.12,0.2,0.14829836785793304
129,0.15,0.0,0.18858562409877777
129,0.15,0.1,0.18858562409877777
129,0.15,0.2,0.10664458572864532
13,0.0,0.0,0.17487762868404388
13,0.0,0.1,0.17487762868404388
13,0.0,0.2,0.21694380044937134
13,0.03,0.0,0.19697780907154083
13,0.03,0.1,0.19697780907154083
13,0.03,0.2,0.21175654232501984
13,0.06,0.0,0.1745937615633011
13,0.06,0.1,0.1745937615633011
13,0.06,0.2,0.18347463011741638
13,0.09,0.0,0.18765325844287872
13,0.09,0.1,0.18765325844287872
13,0.09,0.2,0.18283800780773163
13,0.12,0.0,0.1709204763174057
13,0.12,0.1,0.1709204763174057
13,0.12,0.2,0.1690272092819214
13,0.15,0.0,0.12989430129528046
13,0.15,0.1,0.12989430129528046
13,0.15,0.2,0.13990013301372528
130,0.0,0.0,0.12345417588949203
130,0.0,0.1,0.12345417588949203
130,0.0,0.2,0.20890933275222778
130,0.03,0.0,0.14875653386116028
130,0.03,0.1,0.14875653386116028
130,0.03,0.2,0.23087865114212036
130,0.06,0.0,0.1870550662279129
130,0.06,0.1,0.1870550662279129
130,0.06,0.2,0.22864042222499847
130,0.09,0.0,0.21484902501106262
130,0.09,0.1,0.21484902501106262
130,0.09,0.2,0.22708001732826233
130,0.12,0.0,0.2283424586057663
130,0.12,0.1,0.2283424586057663
130,0.12,0.2,0.19925573468208313
130,0.15,0.0,0.21759872138500214
130,0.15,0.1,0.21759872138500214
130,0.15,0.2,0.16936658322811127
131,0.0,0.0,0.12613920867443085
131,0.0,0.1,0.12613920867443085
131,0.0,0.2,0.17031633853912354
131,0.03,0.0,0.13574771583080292
131,0.03,0.1,0.13574771583080292
131,0.03,0.2,0.18910366296768188
131,0.06,0.0,0.1729106307029724
131,0.06,0.1,0.1729106307029724
131,0.06,0.2,0.1919810175895691
131,0.09,0.0,0.16900016367435455
131,0.09,0.1,0.16900016367435455
131,0.09,0.2,0.19181086122989655
131,0.12,0.0,0.1720513552427292
131,0.12,0.1,0.1720513552427292
131,0.12,0.2,0.17797960340976715
131,0.15,0.0,0.1531771719455719
131,0.15,0.1,0.1531771719455719
131,0.15,0.2,0.15163664519786835
132,0.0,0.0,0.10477540642023087
132,0.0,0.1,0.10477540642023087
132,0.0,0.2,0.10223077982664108
132,0.03,0.0,0.13721725344657898
132,0.03,0.1,0.13721725344657898
132,0.03,0.2,0.10726373642683029
132,0.06,0.0,0.18881823122501373
132,0.06,0.1,0.18881823122501373
132,0.06,0.2,0.09017430990934372
132,0.09,0.0,0.15956875681877136
132,0.09,0.1,0.15956875681877136
132,0.09,0.2,0.09272230416536331
132,0.12,0.0,0.10009002685546875
132,0.12,0.1,0.10009002685546875
132,0.12,0.2,0.09743005782365799
132,0.15,0.0,0.15036483108997345
132,0.15,0.1,0.15036483108997345
132,0.15,0.2,0.13746081292629242
133,0.0,0.0,0.10528656840324402
133,0.0,0.1,0.10528656840324402
133,0.0,0.2,0.12927807867527008
133,0.03,0.0,0.1255992352962494
133,0.03,0.1,0.1255992352962494
133,0.03,0.2,0.1223946064710617
133,0.06,0.0,0.12496200948953629
133,0.06,0.1,0.12496200948953629
133,0.06,0.2,0.10749352723360062
133,0.09,0.0,0.12155211716890335
133,0.09,0.1,0.12155211716890335
133,0.09,0.2,0.10675110667943954
133,0.12,0.0,0.10556486248970032
133,0.12,0.1,0.10556486248970032
133,0.12,0.2,0.09701554477214813
133,0.15,0.0,0.10056225955486298
133,0.15,0.1,0.10056225955486298
133,0.15,0.2,0.1036028116941452
134,0.0,0.0,0.10899288952350616
134,0.0,0.1,0.10899288952350616
134,0.0,0.2,0.15236645936965942
134,0.03,0.0,0.13199391961097717
134,0.03,0.1,0.13199391961097717
134,0.03,0.2,0.17281994223594666
134,0.06,0.0,0.12847267091274261
134,0.06,0.1,0.12847267091274261
134,0.06,0.2,0.16722224652767181
134,0.09,0.0,0.1279664933681488
134,0.09,0.1,0.1279664933681488
134,0.09,0.2,0.14681485295295715
134,0.12,0.0,0.1287093311548233
134,0.12,0.1,0.1287093311548233
134,0.12,0.2,0.13007229566574097
134,0.15,0.0,0.13685227930545807
134,0.15,0.1,0.13685227930545807
134,0.15,0.2,0.11999190598726273
135,0.0,0.0,0.10600966960191727
135,0.0,0.1,0.10600966960191727
135,0.0,0.2,0.17463558912277222
135,0.03,0.0,0.13663136959075928
135,0.03,0.1,0.13663136959075928
135,0.03,0.2,0.18649092316627502
135,0.06,0.0,0.17688590288162231
135,0.06,0.1,0.17688590288162231
135,0.06,0.2,0.20684725046157837
135,0.09,0.0,0.21139197051525116
135,0.09,0.1,0.21139197051525116
135,0.09,0.2,0.21678586304187775
135,0.12,0.0,0.2231050431728363
135,0.12,0.1,0.2231050431728363
135,0.12,0.2,0.20794124901294708
135,0.15,0.0,0.21752722561359406
135,0.15,0.1,0.21752722561359406
135,0.15,0.2,0.17688187956809998
136,0.0,0.0,0.13478897511959076
136,0.0,0.1,0.13478897511959076
136,0.0,0.2,0.139475479722023
136,0.03,0.0,0.13860057294368744
136,0.03,0.1,0.13860057294368744
136,0.03,0.2,0.1523323804140091
136,0.06,0.0,0.1290145069360733
136,0.06,0.1,0.1290145069360733
136,0.06,0.2,0.16373632848262787
136,0.09,0.0,0.144304558634758
136,0.09,0.1,0.144304558634758
136,0.09,0.2,0.1789681613445282
136,0.12,0.0,0.12902650237083435
136,0.12,0.1,0.12902650237083435
136,0.12,0.2,0.18252582848072052
136,0.15,0.0,0.15224246680736542
136,0.15,0.1,0.15224246680736542
136,0.15,0.2,0.1851700097322464
137,0.0,0.0,0.08849459886550903
137,0.0,0.1,0.08849459886550903
137,0.0,0.2,0.08124827593564987
137,0.03,0.0,0.08867783844470978
137,0.03,0.1,0.08867783844470978
137,0.03,0.2,0.09077247232198715
137,0.06,0.0,0.08534539490938187
137,0.06,0.1,0.08534539490938187
137,0.06,0.2,0.08822865039110184
137,0.09,0.0,0.08998902887105942
137,0.09,0.1,0.08998902887105942
137,0.09,0.2,0.08953563123941422
137,0.12,0.0,0.0864945724606514
137,0.12,0.1,0.0864945724606514
137,0.12,0.2,0.08382958918809891
137,0.15,0.0,0.08707934617996216
137,0.15,0.1,0.08707934617996216
137,0.15,0.2,0.08977564424276352
138,0.0,0.0,0.17866791784763336
138,0.0,0.1,0.17866791784763336
138,0.0,0.2,0.21416176855564117
138,0.03,0.0,0.16348356008529663
138,0.03,0.1,0.16348356008529663
138,0.03,0.2,0.20276334881782532
138,0.06,0.0,0.1736454963684082
138,0.06,0.1,0.1736454963684082
138,0.06,0.2,0.1912377029657364
138,0.09,0.0,0.17329098284244537
138,0.09,0.1,0.17329098284244537
138,0.09,0.2,0.20036505162715912
138,0.12,0.0,0.18256255984306335
138,0.12,0.1,0.18256255984306335
138,0.12,0.2,0.21820157766342163
138,0.15,0.0,0.16224460303783417
138,0.15,0.1,0.16224460303783417
138,0.15,0.2,0.17277252674102783
139,0.0,0.0,0.09057185053825378
139,0.0,0.1,0.09057185053825378
139,0.0,0.2,0.12340877950191498
139,0.03,0.0,0.09764152020215988
139,0.03,0.1,0.09764152020215988
139,0.03,0.2,0.16302451491355896
139,0.06,0.0,0.12478739768266678
139,0.06,0.1,0.12478739768266678
139,0.06,0.2,0.171322301030159
139,0.09,0.0,0.1507897526025772
139,0.09,0.1,0.1507897526025772
139,0.09,0.2,0.156699538230896
139,0.12,0.0,0.1567813754081726
139,0.12,0.1,0.1567813754081726
139,0.12,0.2,0.12197671830654144
139,0.15,0.0,0.1671435385942459
139,0.15,0.1,0.1671435385942459
139,0.15,0.2,0.11366268992424011
14,0.0,0.0,0.09404205530881882
14,0.0,0.1,0.09404205530881882
14,0.0,0.2,0.12246401607990265
14,0.03,0.0,0.1152331531047821
14,0.03,0.1,0.1152331531047821
14,0.03,0.2,0.13468678295612335
14,0.06,0.0,0.10744713991880417
14,0.06,0.1,0.10744713991880417
14,0.06,0.2,0.11385013163089752
14,0.09,0.0,0.10989373177289963
14,0.09,0.1,0.10989373177289963
14,0.09,0.2,0.09334181249141693
14,0.12,0.0,0.1324886530637741
14,0.12,0.1,0.1324886530637741
14,0.12,0.2,0.10677779465913773
14,0.15,0.0,0.11451982706785202
14,0.15,0.1,0.11451982706785202
14,0.15,0.2,0.08715241402387619
140,0.0,0.0,0.08309198170900345
140,0.0,0.1,0.08309198170900345
140,0.0,0.2,0.09328299760818481
140,0.03,0.0,0.10224799811840057
140,0.03,0.1,0.10224799811840057
140,0.03,0.2,0.10985586047172546
140,0.06,0.0,0.10369884967803955
140,0.06,0.1,0.10369884967803955
140,0.06,0.2,0.10729362070560455
140,0.09,0.0,0.11992254108190536
140,0.09,0.1,0.11992254108190536
140,0.09,0.2,0.12010475248098373
140,0.12,0.0,0.12732824683189392
140,0.12,0.1,0.12732824683189392
140,0.12,0.2,0.12402959913015366
140,0.15,0.0,0.12862816452980042
140,0.15,0.1,0.12862816452980042
140,0.15,0.2,0.13269197940826416
141,0.0,0.0,0.1287725418806076
141,0.0,0.1,0.1287725418806076
141,0.0,0.2,0.17173919081687927
141,0.03,0.0,0.15169095993041992
141,0.03,0.1,0.15169095993041992
141,0.03,0.2,0.17289958894252777
141,0.06,0.0,0.158456951379776
141,0.06,0.1,0.158456951379776
141,0.06,0.2,0.15785953402519226
141,0.09,0.0,0.16345198452472687
141,0.09,0.1,0.16345198452472687
141,0.09,0.2,0.12901854515075684
141,0.12,0.0,0.14714926481246948
141,0.12,0.1,0.14714926481246948
141,0.12,0.2,0.10665521770715714
141,0.15,0.0,0.11454705148935318
141,0.15,0.1,0.11454705148935318
141,0.15,0.2,0.09772321581840515
142,0.0,0.0,0.10323526710271835
142,0.0,0.1,0.10323526710271835
142,0.0,0.2,0.15473510324954987
142,0.03,0.0,0.11505577713251114
142,0.03,0.1,0.11505577713251114
142,0.03,0.2,0.1579003483057022
142,0.06,0.0,0.12978574633598328
142,0.06,0.1,0.12978574633598328
142,0.06,0.2,0.1531388759613037
142,0.09,0.0,0.1361999809741974
142,0.09,0.1,0.1361999809741974
142,0.09,0.2,0.15181797742843628
142,0.12,0.0,0.13984988629817963
142,0.12,0.1,0.13984988629817963
142,0.12,0.2,0.13997261226177216
142,0.15,0.0,0.1317214071750641
142,0.15,0.1,0.1317214071750641
142,0.15,0.2,0.1299435943365097
143,0.0,0.0,0.09777725487947464
143,0.0,0.1,0.09777725487947464
143,0.0,0.2,0.13454735279083252
143,0.03,0.0,0.10053000599145889
143,0.03,0.1,0.10053000599145889
143,0.03,0.2,0.13553284108638763
143,0.06,0.0,0.09734421223402023
143,0.06,0.1,0.09734421223402023
143,0.06,0.2,0.12051972001791
143,0.09,0.0,0.10722582787275314
143,0.09,0.1,0.10722582787275314
143,0.09,0.2,0.11408939957618713
143,0.12,0.0,0.11891932040452957
143,0.12,0.1,0.11891932040452957
143,0.12,0.2,0.12140078842639923
143,0.15,0.0,0.10891736298799515
143,0.15,0.1,0.10891736298799515
143,0.15,0.2,0.11192162334918976
144,0.0,0.0,0.09464147686958313
144,0.0,0.1,0.09464147686958313
144,0.0,0.2,0.14427310228347778
144,0.03,0.0,0.12568503618240356
144,0.03,0.1,0.12568503618240356
144,0.03,0.2,0.15900388360023499
144,0.06,0.0,0.1463346630334854
144,0.06,0.1,0.1463346630334854
144,0.06,0.2,0.15356044471263885
144,0.09,0.0,0.1479102373123169
144,0.09,0.1,0.1479102373123169
144,0.09,0.2,0.1417536437511444
144,0.12,0.0,0.13841117918491364
144,0.12,0.1,0.13841117918491364
144,0.12,0.2,0.13488422334194183
144,0.15,0.0,0.13685257732868195
144,0.15,0.1,0.13685257732868195
144,0.15,0.2,0.12456979602575302
145,0.0,0.0,0.0899176374077797
145,0.0,0.1,0.0899176374077797
145,0.0,0.2,0.11401043832302094
145,0.03,0.0,0.08994388580322266
145,0.03,0.1,0.08994388580322266
145,0.03,0.2,0.12198301404714584
145,0.06,0.0,0.10338345170021057
145,0.06,0.1,0.10338345170021057
145,0.06,0.2,0.1137898862361908
145,0.09,0.0,0.08969663083553314
145,0.09,0.1,0.08969663083553314
145,0.09,0.2,0.09760785102844238
145,0.12,0.0,0.09958327561616898
145,0.12,0.1,0.09958327561616898
145,0.12,0.2,0.1040968969464302
145,0.15,0.0,0.10037582367658615
145,0.15,0.1,0.10037582367658615
145,0.15,0.2,0.10090739279985428
146,0.0,0.0,0.09109576791524887
146,0.0,0.1,0.09109576791524887
146,0.0,0.2,0.1267891526222229
146,0.03,0.0,0.0976838618516922
146,0.03,0.1,0.0976838618516922
146,0.03,0.2,0.11578580737113953
146,0.06,0.0,0.10642601549625397
146,0.06,0.1,0.10642601549625397
146,0.06,0.2,0.1288713812828064
146,0.09,0.0,0.1216375008225441
146,0.09,0.1,0.1216375008225441
146,0.09,0.2,0.1405215561389923
146,0.12,0.0,0.1398516148328781
146,0.12,0.1,0.1398516148328781
146,0.12,0.2,0.13789185881614685
146,0.15,0.0,0.15433765947818756
146,0.15,0.1,0.15433765947818756
146,0.15,0.2,0.15152667462825775
147,0.0,0.0,0.13482017815113068
147,0.0,0.1,0.13482017815113068
147,0.0,0.2,0.21051441133022308
147,0.03,0.0,0.16796573996543884
147,0.03,0.1,0.16796573996543884
147,0.03,0.2,0.20635724067687988
147,0.06,0.0,0.19509825110435486
147,0.06,0.1,0.19509825110435486
147,0.06,0.2,0.20491795241832733
147,0.09,0.0,0.21972255408763885
147,0.09,0.1,0.21972255408763885
147,0.09,0.2,0.20517931878566742
147,0.12,0.0,0.22626082599163055
147,0.12,0.1,0.22626082599163055
147,0.12,0.2,0.18858999013900757
147,0.15,0.0,0.19278907775878906
147,0.15,0.1,0.19278907775878906
147,0.15,0.2,0.17627502977848053
148,0.0,0.0,0.13870349526405334
148,0.0,0.1,0.13870349526405334
148,0.0,0.2,0.1868968904018402
148,0.03,0.0,0.16276796162128448
148,0.03,0.1,0.16276796162128448
148,0.03,0.2,0.18889977037906647
148,0.06,0.0,0.18692344427108765
148,0.06,0.1,0.18692344427108765
148,0.06,0.2,0.18326419591903687
148,0.09,0.0,0.18975049257278442
148,0.09,0.1,0.18975049257278442
148,0.09,0.2,0.1580602377653122
148,0.12,0.0,0.1675329953432083
148,0.12,0.1,0.1675329953432083
148,0.12,0.2,0.12379980832338333
148,0.15,0.0,0.12885506451129913
148,0.15,0.1,0.12885506451129913
148,0.15,0.2,0.10215242952108383
149,0.0,0.0,0.20707575976848602
149,0.0,0.1,0.20707575976848602
149,0.0,0.2,0.2914370000362396
149,0.03,0.0,0.22570861876010895
149,0.03,0.1,0.22570861876010895
149,0.03,0.2,0.2879738509654999
149,0.06,0.0,0.2516844570636749
149,0.06,0.1,0.2516844570636749
149,0.06,0.2,0.28238797187805176
149,0.09,0.0,0.25937384366989136
149,0.09,0.1,0.25937384366989136
149,0.09,0.2,0.24890078604221344
149,0.12,0.0,0.24171282351016998
149,0.12,0.1,0.24171282351016998
149,0.12,0.2,0.20179325342178345
149,0.15,0.0,0.22067998349666595
149,0.15,0.1,0.22067998349666595
149,0.15,0.2,0.17382438480854034
15,0.0,0.0,0.08879736810922623
15,0.0,0.1,0.08879736810922623
15,0.0,0.2,0.17372550070285797
15,0.03,0.0,0.11909522861242294
15,0.03,0.1,0.11909522861242294
15,0.03,0.2,0.18283799290657043
15,0.06,0.0,0.15432606637477875
15,0.06,0.1,0.15432606637477875
15,0.06,0.2,0.16954872012138367
15,0.09,0.0,0.17002162337303162
15,0.09,0.1,0.17002162337303162
15,0.09,0.2,0.1529037058353424
15,0.12,0.0,0.16776253283023834
15,0.12,0.1,0.16776253283023834
15,0.12,0.2,0.13804802298545837
15,0.15,0.0,0.12671595811843872
15,0.15,0.1,0.12671595811843872
15,0.15,0.2,0.10733705759048462
150,0.0,0.0,0.10055522620677948
150,0.0,0.1,0.10055522620677948
150,0.0,0.2,0.18329553306102753
150,0.03,0.0,0.0952828973531723
150,0.03,0.1,0.0952828973531723
150,0.03,0.2,0.2012515664100647
150,0.06,0.0,0.14013992249965668
150,0.06,0.1,0.14013992249965668
150,0.06,0.2,0.22841180860996246
150,0.09,0.0,0.1983022838830948
150,0.09,0.1,0.1983022838830948
150,0.09,0.2,0.24471554160118103
150,0.12,0.0,0.22751735150814056
150,0.12,0.1,0.22751735150814056
150,0.12,0.2,0.21816933155059814
150,0.15,0.0,0.23643824458122253
150,0.15,0.1,0.23643824458122253
150,0.15,0.2,0.16582955420017242
151,0.0,0.0,0.11498323082923889
151,0.0,0.1,0.11498323082923889
151,0.0,0.2,0.15999318659305573
151,0.03,0.0,0.1439124196767807
151,0.03,0.1,0.1439124196767807
151,0.03,0.2,0.14028789103031158
151,0.06,0.0,0.16481968760490417
151,0.06,0.1,0.16481968760490417
151,0.06,0.2,0.12957443296909332
151,0.09,0.0,0.16091091930866241
151,0.09,0.1,0.16091091930866241
151,0.09,0.2,0.11838499456644058
151,0.12,0.0,0.14036878943443298
151,0.12,0.1,0.14036878943443298
151,0.12,0.2,0.10139510035514832
151,0.15,0.0,0.12067755311727524
151,0.15,0.1,0.12067755311727524
151,0.15,0.2,0.10980124771595001
152,0.0,0.0,0.09344268590211868
152,0.0,0.1,0.09344268590211868
152,0.0,0.2,0.10080467909574509
152,0.03,0.0,0.09666267037391663
152,0.03,0.1,0.09666267037391663
152,0.03,0.2,0.0972386971116066
152,0.06,0.0,0.10010921955108643
152,0.06,0.1,0.10010921955108643
152,0.06,0.2,0.10288827866315842
152,0.09,0.0,0.09716594219207764
152,0.09,0.1,0.09716594219207764
152,0.09,0.2,0.09019813686609268
152,0.12,0.0,0.09527650475502014
152,0.12,0.1,0.09527650475502014
152,0.12,0.2,0.0912286713719368
152,0.15,0.0,0.09721754491329193
152,0.15,0.1,0.09721754491329193
152,0.15,0.2,0.0840640589594841
153,0.0,0.0,0.13698828220367432
153,0.0,0.1,0.13698828220367432
153,0.0,0.2,0.21302522718906403
153,0.03,0.0,0.1548605114221573
153,0.03,0.1,0.1548605114221573
153,0.03,0.2,0.21969330310821533
153,0.06,0.0,0.17313751578330994
153,0.06,0.1,0.17313751578330994
153,0.06,0.2,0.2032063603401184
153,0.09,0.0,0.18752069771289825
153,0.09,0.1,0.18752069771289825
153,0.09,0.2,0.16964103281497955
153,0.12,0.0,0.18649008870124817
153,0.12,0.1,0.18649008870124817
153,0.12,0.2,0.1315569430589676
153,0.15,0.0,0.150614932179451
153,0.15,0.1,0.150614932179451
153,0.15,0.2,0.12453354895114899
154,0.0,0.0,0.10643146187067032
154,0.0,0.1,0.10643146187067032
154,0.0,0.2,0.14881475269794464
154,0.03,0.0,0.14053070545196533
154,0.03,0.1,0.14053070545196533
154,0.03,0.2,0.15215305984020233
154,0.06,0.0,0.18353953957557678
154,0.06,0.1,0.18353953957557678
154,0.06,0.2,0.16207367181777954
154,0.09,0.0,0.1715802550315857
154,0.09,0.1,0.1715802550315857
154,0.09,0.2,0.13964970409870148
154,0.12,0.0,0.15011072158813477
154,0.12,0.1,0.15011072158813477
154,0.12,0.2,0.10268452763557434
154,0.15,0.0,0.1202983483672142
154,0.15,0.1,0.1202983483672142
154,0.15,0.2,0.10678558796644211
155,0.0,0.0,0.0914391279220581
155,0.0,0.1,0.0914391279220581
155,0.0,0.2,0.15726657211780548
155,0.03,0.0,0.11748886108398438
155,0.03,0.1,0.11748886108398438
155,0.03,0.2,0.154219388961792
155,0.06,0.0,0.15633299946784973
155,0.06,0.1,0.15633299946784973
155,0.06,0.2,0.14842477440834045
155,0.09,0.0,0.1691780984401703
155,0.09,0.1,0.1691780984401703
155,0.09,0.2,0.1306297332048416
155,0.12,0.0,0.1480317860841751
155,0.12,0.1,0.1480317860841751
155,0.12,0.2,0.11097393184900284
155,0.15,0.0,0.10769172012805939
155,0.15,0.1,0.10769172012805939
155,0.15,0.2,0.10193170607089996
156,0.0,0.0,0.11617257446050644
156,0.0,0.1,0.11617257446050644
156,0.0,0.2,0.15565919876098633
156,0.03,0.0,0.12966425716876984
156,0.03,0.1,0.12966425716876984
156,0.03,0.2,0.16229277849197388
156,0.06,0.0,0.1320333629846573
156,0.06,0.1,0.1320333629846573
156,0.06,0.2,0.1595105230808258
156,0.09,0.0,0.14467449486255646
156,0.09,0.1,0.14467449486255646
156,0.09,0.2,0.16059349477291107
156,0.12,0.0,0.14605355262756348
156,0.12,0.1,0.14605355262756348
156,0.12,0.2,0.15503475069999695
156,0.15,0.0,0.15649306774139404
156,0.15,0.1,0.15649306774139404
156,0.15,0.2,0.1477380096912384
157,0.0,0.0,0.0888376459479332
157,0.0,0.1,0.0888376459479332
157,0.0,0.2,0.22585076093673706
157,0.03,0.0,0.13344350457191467
157,0.03,0.1,0.13344350457191467
157,0.03,0.2,0.24215510487556458
157,0.06,0.0,0.19952182471752167
157,0.06,0.1,0.19952182471752167
157,0.06,0.2,0.2366536557674408
157,0.09,0.0,0.26691341400146484
157,0.09,0.1,0.26691341400146484
157,0.09,0.2,0.20935414731502533
157,0.12,0.0,0.2785278558731079
157,0.12,0.1,0.2785278558731079
157,0.12,0.2,0.16337095201015472
157,0.15,0.0,0.24758873879909515
157,0.15,0.1,0.24758873879909515
157,0.15,0.2,0.10031714290380478
158,0.0,0.0,0.1296772062778473
158,0.0,0.1,0.1296772062778473
158,0.0,0.2,0.12226840108633041
158,0.03,0.0,0.12790824472904205
158,0.03,0.1,0.12790824472904205
158,0.03,0.2,0.10627011209726334
158,0.06,0.0,0.11674787849187851
158,0.06,0.1,0.11674787849187851
158,0.06,0.2,0.12155840545892715
158,0.09,0.0,0.10606057941913605
158,0.09,0.1,0.10606057941913605
158,0.09,0.2,0.1362483650445938
158,0.12,0.0,0.10326500982046127
158,0.12,0.1,0.10326500982046127
158,0.12,0.2,0.13512058556079865
158,0.15,0.0,0.09349696338176727
158,0.15,0.1,0.09349696338176727
158,0.15,0.2,0.11734260618686676
159,0.0,0.0,0.10619735717773438
159,0.0,0.1,0.10619735717773438
159,0.0,0.2,0.14239002764225006
159,0.03,0.0,0.12759044766426086
159,0.03,0.1,0.12759044766426086
159,0.03,0.2,0.14391201734542847
159,0.06,0.0,0.1343848705291748
159,0.06,0.1,0.1343848705291748
159,0.06,0.2,0.14554353058338165
159,0.09,0.0,0.1442159116268158
159,0.09,0.1,0.1442159116268158
159,0.09,0.2,0.1404663473367691
159,0.12,0.0,0.13699045777320862
159,0.12,0.1,0.13699045777320862
159,0.12,0.2,0.12830692529678345
159,0.15,0.0,0.12934018671512604
159,0.15,0.1,0.12934018671512604
159,0.15,0.2,0.1128750592470169
16,0.0,0.0,0.10713236778974533
16,0.0,0.1,0.10713236778974533
16,0.0,0.2,0.09397689998149872
16,0.03,0.0,0.09762704372406006
16,0.03,0.1,0.09762704372406006
16,0.03,0.2,0.09262797981500626
16,0.06,0.0,0.08822298794984818
16,0.06,0.1,0.08822298794984818
16,0.06,0.2,0.08360622823238373
16,0.09,0.0,0.09283292293548584
16,0.09,0.1,0.09283292293548584
16,0.09,0.2,0.09463773667812347
16,0.12,0.0,0.08928003907203674
16,0.12,0.1,0.08928003907203674
16,0.12,0.2,0.09321090579032898
16,0.15,0.0,0.09566058218479156
16,0.15,0.1,0.09566058218479156
16,0.15,0.2,0.09630543738603592
160,0.0,0.0,0.111715167760849
160,0.0,0.1,0.111715167760849
160,0.0,0.2,0.12687304615974426
160,0.03,0.0,0.12736795842647552
160,0.03,0.1,0.12736795842647552
160,0.03,0.2,0.12625551223754883
160,0.06,0.0,0.15945227444171906
160,0.06,0.1,0.15945227444171906
160,0.06,0.2,0.14974303543567657
160,0.09,0.0,0.14773420989513397
160,0.09,0.1,0.14773420989513397
160,0.09,0.2,0.13477763533592224
160,0.12,0.0,0.14082194864749908
160,0.12,0.1,0.14082194864749908
160,0.12,0.2,0.14705853164196014
160,0.15,0.0,0.1329805701971054
160,0.15,0.1,0.1329805701971054
160,0.15,0.2,0.13361893594264984
161,0.0,0.0,0.12233377248048782
161,0.0,0.1,0.12233377248048782
161,0.0,0.2,0.178420752286911
161,0.03,0.0,0.13885371387004852
161,0.03,0.1,0.13885371387004852
161,0.03,0.2,0.18716616928577423
161,0.06,0.0,0.16356439888477325
161,0.06,0.1,0.16356439888477325
161,0.06,0.2,0.1949908435344696
161,0.09,0.0,0.17710761725902557
161,0.09,0.1,0.17710761725902557
161,0.09,0.2,0.18837130069732666
161,0.12,0.0,0.17528203129768372
161,0.12,0.1,0.17528203129768372
161,0.12,0.2,0.1842024177312851
161,0.15,0.0,0.161918506026268
161,0.15,0.1,0.161918506026268
161,0.15,0.2,0.17249834537506104
162,0.0,0.0,0.13443584740161896
162,0.0,0.1,0.13443584740161896
162,0.0,0.2,0.1475338637828827
162,0.03,0.0,0.127911776304245
162,0.03,0.1,0.127911776304245
162,0.03,0.2,0.1479058712720871
162,0.06,0.0,0.11634937673807144
162,0.06,0.1,0.11634937673807144
162,0.06,0.2,0.12829139828681946
162,0.09,0.0,0.10982285439968109
162,0.09,0.1,0.10982285439968109
162,0.09,0.2,0.1231076717376709
162,0.12,0.0,0.10226744413375854
162,0.12,0.1,0.10226744413375854
162,0.12,0.2,0.11898217350244522
162,0.15,0.0,0.12428008764982224
162,0.15,0.1,0.12428008764982224
162,0.15,0.2,0.12647321820259094
163,0.0,0.0,0.12386392056941986
163,0.0,0.1,0.12386392056941986
163,0.0,0.2,0.19910207390785217
163,0.03,0.0,0.1673765927553177
163,0.03,0.1,0.1673765927553177
163,0.03,0.2,0.20368681848049164
163,0.06,0.0,0.19091647863388062
163,0.06,0.1,0.19091647863388062
163,0.06,0.2,0.1953471302986145
163,0.09,0.0,0.1943560689687729
163,0.09,0.1,0.1943560689687729
163,0.09,0.2,0.17644564807415009
163,0.12,0.0,0.16571500897407532
163,0.12,0.1,0.16571500897407532
163,0.12,0.2,0.13807235658168793
163,0.15,0.0,0.14118263125419617
163,0.15,0.1,0.14118263125419617
163,0.15,0.2,0.11131786555051804
164,0.0,0.0,0.09422893077135086
164,0.0,0.1,0.09422893077135086
164,0.0,0.2,0.1651144176721573
164,0.03,0.0,0.11154912412166595
164,0.03,0.1,0.11154912412166595
164,0.03,0.2,0.1760203093290329
164,0.06,0.0,0.14476501941680908
164,0.06,0.1,0.14476501941680908
164,0.06,0.2,0.17673750221729279
164,0.09,0.0,0.17573848366737366
164,0.09,0.1,0.17573848366737366
164,0.09,0.2,0.1639060527086258
164,0.12,0.0,0.17945851385593414
164,0.12,0.1,0.17945851385593414
164,0.12,0.2,0.1367822140455246
164,0.15,0.0,0.15508116781711578
164,0.15,0.1,0.15508116781711578
164,0.15,0.2,0.0915650948882103
165,0.0,0.0,0.09335605800151825
165,0.0,0.1,0.09335605800151825
165,0.0,0.2,0.10748255252838135
165,0.03,0.0,0.08476384729146957
165,0.03,0.1,0.08476384729146957
165,0.03,0.2,0.09294432401657104
165,0.06,0.0,0.0911041870713234
165,0.06,0.1,0.0911041870713234
165,0.06,0.2,0.11488839983940125
165,0.09,0.0,0.10459212958812714
165,0.09,0.1,0.10459212958812714
165,0.09,0.2,0.10923180729150772
165,0.12,0.0,0.0946226418018341
165,0.12,0.1,0.0946226418018341
165,0.12,0.2,0.09858497232198715
165,0.15,0.0,0.09816247969865799
165,0.15,0.1,0.09816247969865799
165,0.15,0.2,0.08389514684677124
166,0.0,0.0,0.09758228808641434
166,0.0,0.1,0.09758228808641434
166,0.0,0.2,0.12917309999465942
166,0.03,0.0,0.11433862894773483
166,0.03,0.1,0.11433862894773483
166,0.03,0.2,0.13333551585674286
166,0.06,0.0,0.11935986578464508
166,0.06,0.1,0.11935986578464508
166,0.06,0.2,0.12314967066049576
166,0.09,0.0,0.13335858285427094
166,0.09,0.1,0.13335858285427094
166,0.09,0.2,0.12111886590719223
166,0.12,0.0,0.12168693542480469
166,0.12,0.1,0.12168693542480469
166,0.12,0.2,0.1080821305513382
166,0.15,0.0,0.10327381640672684
166,0.15,0.1,0.10327381640672684
166,0.15,0.2,0.09558448195457458
167,0.0,0.0,0.09564198553562164
167,0.0,0.1,0.09564198553562164
167,0.0,0.2,0.11859606951475143
167,0.03,0.0,0.09825220704078674
167,0.03,0.1,0.09825220704078674
167,0.03,0.2,0.0886843129992485
167,0.06,0.0,0.10239093750715256
167,0.06,0.1,0.10239093750715256
167,0.06,0.2,0.09506730735301971
167,0.09,0.0,0.10547947138547897
167,0.09,0.1,0.10547947138547897
167,0.09,0.2,0.09396063536405563
167,0.12,0.0,0.1094961017370224
167,0.12,0.1,0.1094961017370224
167,0.12,0.2,0.10753720253705978
167,0.15,0.0,0.0928596779704094
167,0.15,0.1,0.0928596779704094
167,0.15,0.2,0.09529635310173035
168,0.0,0.0,0.08935272693634033
168,0.0,0.1,0.08935272693634033
168,0.0,0.2,0.12101991474628448
168,0.03,0.0,0.09466923773288727
168,0.03,0.1,0.09466923773288727
168,0.03,0.2,0.1268661767244339
168,0.06,0.0,0.09469597041606903
168,0.06,0.1,0.09469597041606903
168,0.06,0.2,0.11082261055707932
168,0.09,0.0,0.10638843476772308
168,0.09,0.1,0.10638843476772308
168,0.09,0.2,0.10579285770654678
168,0.12,0.0,0.1305413544178009
168,0.12,0.1,0.1305413544178009
168,0.12,0.2,0.1053214892745018
168,0.15,0.0,0.1271039843559265
168,0.15,0.1,0.1271039843559265
168,0.15,0.2,0.10005991160869598
169,0.0,0.0,0.15901388227939606
169,0.0,0.1,0.15901388227939606
169,0.0,0.2,0.20701740682125092
169,0.03,0.0,0.18027791380882263
169,0.03,0.1,0.18027791380882263
169,0.03,0.2,0.1919156014919281
169,0.06,0.0,0.1814575344324112
169,0.06,0.1,0.1814575344324112
169,0.06,0.2,0.15861381590366364
169,0.09,0.0,0.18073296546936035
169,0.09,0.1,0.18073296546936035
169,0.09,0.2,0.14601033926010132
169,0.12,0.0,0.1661921739578247
169,0.12,0.1,0.1661921739578247
169,0.12,0.2,0.11897064745426178
169,0.15,0.0,0.1441667675971985
169,0.15,0.1,0.1441667675971985
169,0.15,0.2,0.1166243776679039
17,0.0,0.0,0.09651593118906021
17,0.0,0.1,0.09651593118906021
17,0.0,0.2,0.11980215460062027
17,0.03,0.0,0.10355217009782791
17,0.03,0.1,0.10355217009782791
17,0.03,0.2,0.1327042430639267
17,0.06,0.0,0.11224662512540817
17,0.06,0.1,0.11224662512540817
17,0.06,0.2,0.14582209289073944
17,0.09,0.0,0.13067099452018738
17,0.09,0.1,0.13067099452018738
17,0.09,0.2,0.16081082820892334
17,0.12,0.0,0.13859349489212036
17,0.12,0.1,0.13859349489212036
17,0.12,0.2,0.13918505609035492
17,0.15,0.0,0.14899560809135437
17,0.15,0.1,0.14899560809135437
17,0.15,0.2,0.14222407341003418
170,0.0,0.0,0.09906884282827377
170,0.0,0.1,0.09906884282827377
170,0.0,0.2,0.2126213163137436
170,0.03,0.0,0.13022834062576294
170,0.03,0.1,0.13022834062576294
170,0.03,0.2,0.21032115817070007
170,0.06,0.0,0.184292733669281
170,0.06,0.1,0.184292733669281
170,0.06,0.2,0.2015138566493988
170,0.09,0.0,0.22187936305999756
170,0.09,0.1,0.22187936305999756
170,0.09,0.2,0.1713690608739853
170,0.12,0.0,0.21621160209178925
170,0.12,0.1,0.21621160209178925
170,0.12,0.2,0.14225219190120697
170,0.15,0.0,0.1642857789993286
170,0.15,0.1,0.1642857789993286
170,0.15,0.2,0.1040114313364029
171,0.0,0.0,0.10277815163135529
171,0.0,0.1,0.10277815163135529
171,0.0,0.2,0.12448792904615402
171,0.03,0.0,0.08976979553699493
171,0.03,0.1,0.08976979553699493
171,0.03,0.2,0.14036749303340912
171,0.06,0.0,0.10876690596342087
171,0.06,0.1,0.10876690596342087
171,0.06,0.2,0.15277814865112305
171,0.09,0.0,0.12577208876609802
171,0.09,0.1,0.12577208876609802
171,0.09,0.2,0.14100004732608795
171,0.12,0.0,0.126829132437706
171,0.12,0.1,0.126829132437706
171,0.12,0.2,0.13002823293209076
171,0.15,0.0,0.15250393748283386
171,0.15,0.1,0.15250393748283386
171,0.15,0.2,0.18480847775936127
172,0.0,0.0,0.12385878711938858
172,0.0,0.1,0.12385878711938858
172,0.0,0.2,0.1859443187713623
172,0.03,0.0,0.14218175411224365
172,0.03,0.1,0.14218175411224365
172,0.03,0.2,0.19384124875068665
172,0.06,0.0,0.15595486760139465
172,0.06,0.1,0.15595486760139465
172,0.06,0.2,0.1960849165916443
172,0.09,0.0,0.15468542277812958
172,0.09,0.1,0.15468542277812958
172,0.09,0.2,0.179917573928833
172,0.12,0.0,0.1581888049840927
172,0.12,0.1,0.1581888049840927
172,0.12,0.2,0.1559908092021942
172,0.15,0.0,0.15768671035766602
172,0.15,0.1,0.15768671035766602
172,0.15,0.2,0.1367817372083664
173,0.0,0.0,0.14887522161006927
173,0.0,0.1,0.14887522161006927
173,0.0,0.2,0.22008424997329712
173,0.03,0.0,0.1660872846841812
173,0.03,0.1,0.1660872846841812
173,0.03,0.2,0.2212621420621872
173,0.06,0.0,0.18755978345870972
173,0.06,0.1,0.18755978345870972
173,0.06,0.2,0.21588805317878723
173,0.09,0.0,0.19265413284301758
173,0.09,0.1,0.19265413284301758
173,0.09,0.2,0.19737933576107025
173,0.12,0.0,0.1831836849451065
173,0.12,0.1,0.1831836849451065
173,0.12,0.2,0.16767366230487823
173,0.15,0.0,0.15783318877220154
173,0.15,0.1,0.15783318877220154
173,0.15,0.2,0.1200161948800087
174,0.0,0.0,0.09775188565254211
174,0.0,0.1,0.09775188565254211
174,0.0,0.2,0.08602795004844666
174,0.03,0.0,0.11505881696939468
174,0.03,0.1,0.11505881696939468
174,0.03,0.2,0.08875523507595062
174,0.06,0.0,0.10054565221071243
174,0.06,0.1,0.10054565221071243
174,0.06,0.2,0.10341223329305649
174,0.09,0.0,0.1029757708311081
174,0.09,0.1,0.1029757708311081
174,0.09,0.2,0.08929464221000671
174,0.12,0.0,0.09583162516355515
174,0.12,0.1,0.09583162516355515
174,0.12,0.2,0.0871373638510704
174,0.15,0.0,0.1074632927775383
174,0.15,0.1,0.1074632927775383
174,0.15,0.2,0.0882779061794281
175,0.0,0.0,0.10632091760635376
175,0.0,0.1,0.10632091760635376
175,0.0,0.2,0.1405220627784729
175,0.03,0.0,0.12254170328378677
175,0.03,0.1,0.12254170328378677
175,0.03,0.2,0.16719909012317657
175,0.06,0.0,0.11703456193208694
175,0.06,0.1,0.11703456193208694
175,0.06,0.2,0.16647657752037048
175,0.09,0.0,0.13871802389621735
175,0.09,0.1,0.13871802389621735
175,0.09,0.2,0.15897442400455475
175,0.12,0.0,0.11141952872276306
175,0.12,0.1,0.11141952872276306
175,0.12,0.2,0.151413694024086
175,0.15,0.0,0.1389334797859192
175,0.15,0.1,0.1389334797859192
175,0.15,0.2,0.16587106883525848
176,0.0,0.0,0.1058201864361763
176,0.0,0.1,0.1058201864361763
176,0.0,0.2,0.11079443246126175
176,0.03,0.0,0.12016522139310837
176,0.03,0.1,0.12016522139310837
176,0.03,0.2,0.1244501918554306
176,0.06,0.0,0.10656009614467621
176,0.06,0.1,0.10656009614467621
176,0.06,0.2,0.10336378961801529
176,0.09,0.0,0.10763426870107651
176,0.09,0.1,0.10763426870107651
176,0.09,0.2,0.11188933998346329
176,0.12,0.0,0.09879998117685318
176,0.12,0.1,0.09879998117685318
176,0.12,0.2,0.11138185113668442
176,0.15,0.0,0.12382020801305771
176,0.15,0.1,0.12382020801305771
176,0.15,0.2,0.13303236663341522
177,0.0,0.0,0.10480540245771408
177,0.0,0.1,0.10480540245771408
177,0.0,0.2,0.11894526332616806
177,0.03,0.0,0.11802320927381516
177,0.03,0.1,0.11802320927381516
177,0.03,0.2,0.12826284766197205
177,0.06,0.0,0.10844525694847107
177,0.06,0.1,0.10844525694847107
177,0.06,0.2,0.10640373826026917
177,0.09,0.0,0.10065924376249313
177,0.09,0.1,0.10065924376249313
177,0.09,0.2,0.09066715836524963
177,0.12,0.0,0.09756506234407425
177,0.12,0.1,0.09756506234407425
177,0.12,0.2,0.09660593420267105
177,0.15,0.0,0.08291515707969666
177,0.15,0.1,0.08291515707969666
177,0.15,0.2,0.08496633172035217
178,0.0,0.0,0.11747550219297409
178,0.0,0.1,0.11747550219297409
178,0.0,0.2,0.12533868849277496
178,0.03,0.0,0.08910759538412094
178,0.03,0.1,0.08910759538412094
178,0.03,0.2,0.1166117787361145
178,0.06,0.0,0.09503347426652908
178,0.06,0.1,0.09503347426652908
178,0.06,0.2,0.1325899362564087
178,0.09,0.0,0.11220131069421768
178,0.09,0.1,0.11220131069421768
178,0.09,0.2,0.1445089429616928
178,0.12,0.0,0.11760590970516205
178,0.12,0.1,0.11760590970516205
178,0.12,0.2,0.1369563490152359
178,0.15,0.0,0.12382928282022476
178,0.15,0.1,0.12382928282022476
178,0.15,0.2,0.12393958866596222
179,0.0,0.0,0.08106270432472229
179,0.0,0.1,0.08106270432472229
179,0.0,0.2,0.09521383047103882
179,0.03,0.0,0.09304855018854141
179,0.03,0.1,0.09304855018854141
179,0.03,0.2,0.09246144443750381
179,0.06,0.0,0.08076784759759903
179,0.06,0.1,0.08076784759759903
179,0.06,0.2,0.0908450186252594
179,0.09,0.0,0.11120543628931046
179,0.09,0.1,0.11120543628931046
179,0.09,0.2,0.12240435183048248
179,0.12,0.0,0.10343550145626068
179,0.12,0.1,0.10343550145626068
179,0.12,0.2,0.08773747831583023
179,0.15,0.0,0.09398815780878067
179,0.15,0.1,0.09398815780878067
179,0.15,0.2,0.10259786993265152
18,0.0,0.0,0.09319254010915756
18,0.0,0.1,0.09319254010915756
18,0.0,0.2,0.13090009987354279
18,0.03,0.0,0.10471468418836594
18,0.03,0.1,0.10471468418836594
18,0.03,0.2,0.13809797167778015
18,0.06,0.0,0.13207700848579407
18,0.06,0.1,0.13207700848579407
18,0.06,0.2,0.14035868644714355
18,0.09,0.0,0.14188170433044434
18,0.09,0.1,0.14188170433044434
18,0.09,0.2,0.12330760061740875
18,0.12,0.0,0.14305497705936432
18,0.12,0.1,0.14305497705936432
18,0.12,0.2,0.11903142184019089
18,0.15,0.0,0.12093678116798401
18,0.15,0.1,0.12093678116798401
18,0.15,0.2,0.11180701851844788
180,0.0,0.0,0.09368936717510223
180,0.0,0.1,0.09368936717510223
180,0.0,0.2,0.14478127658367157
180,0.03,0.0,0.11070553213357925
180,0.03,0.1,0.11070553213357925
180,0.03,0.2,0.1492873728275299
180,0.06,0.0,0.11331704258918762
180,0.06,0.1,0.11331704258918762
180,0.06,0.2,0.1364290714263916
180,0.09,0.0,0.1299147605895996
180,0.09,0.1,0.1299147605895996
180,0.09,0.2,0.1377476155757904
180,0.12,0.0,0.1289960891008377
180,0.12,0.1,0.1289960891008377
180,0.12,0.2,0.13090215623378754
180,0.15,0.0,0.12150023132562637
180,0.15,0.1,0.12150023132562637
180,0.15,0.2,0.11307437717914581
181,0.0,0.0,0.08379165083169937
181,0.0,0.1,0.08379165083169937
181,0.0,0.2,0.09669563919305801
181,0.03,0.0,0.10734429955482483
181,0.03,0.1,0.10734429955482483
181,0.03,0.2,0.09433816373348236
181,0.06,0.0,0.09831748157739639
181,0.06,0.1,0.09831748157739639
181,0.06,0.2,0.08880853652954102
181,0.09,0.0,0.09280548244714737
181,0.09,0.1,0.09280548244714737
181,0.09,0.2,0.08682269603013992
181,0.12,0.0,0.08062538504600525
181,0.12,0.1,0.08062538504600525
181,0.12,0.2,0.08729317039251328
181,0.15,0.0,0.08642388135194778
181,0.15,0.1,0.08642388135194778
181,0.15,0.2,0.09064020961523056
182,0.0,0.0,0.15752102434635162
182,0.0,0.1,0.15752102434635162
182,0.0,0.2,0.14539851248264313
182,0.03,0.0,0.13992728292942047
182,0.03,0.1,0.13992728292942047
182,0.03,0.2,0.12878809869289398
182,0.06,0.0,0.12563110888004303
182,0.06,0.1,0.12563110888004303
182,0.06,0.2,0.10912911593914032
182,0.09,0.0,0.11433398723602295
182,0.09,0.1,0.11433398723602295
182,0.09,0.2,0.10314599424600601
182,0.12,0.0,0.12692980468273163
182,0.12,0.1,0.12692980468273163
182,0.12,0.2,0.10168953984975815
182,0.15,0.0,0.12259657680988312
182,0.15,0.1,0.12259657680988312
182,0.15,0.2,0.10467027872800827
183,0.0,0.0,0.09849796444177628
183,0.0,0.1,0.09849796444177628
183,0.0,0.2,0.151619553565979
183,0.03,0.0,0.1281088888645172
183,0.03,0.1,0.1281088888645172
183,0.03,0.2,0.16211239993572235
183,0.06,0.0,0.13787740468978882
183,0.06,0.1,0.13787740468978882
183,0.06,0.2,0.14800149202346802
183,0.09,0.0,0.14583277702331543
183,0.09,0.1,0.14583277702331543
183,0.09,0.2,0.14130990207195282
183,0.12,0.0,0.14128397405147552
183,0.12,0.1,0.14128397405147552
183,0.12,0.2,0.1276405304670334
183,0.15,0.0,0.11281908303499222
183,0.15,0.1,0.11281908303499222
183,0.15,0.2,0.09873294830322266
184,0.0,0.0,0.08934138715267181
184,0.0,0.1,0.08934138715267181
184,0.0,0.2,0.09162431210279465
184,0.03,0.0,0.09604617208242416
184,0.03,0.1,0.09604617208242416
184,0.03,0.2,0.11463411152362823
184,0.06,0.0,0.11670192331075668
184,0.06,0.1,0.11670192331075668
184,0.06,0.2,0.11241549998521805
184,0.09,0.0,0.12275656312704086
184,0.09,0.1,0.12275656312704086
184,0.09,0.2,0.1278916746377945
184,0.12,0.0,0.11479954421520233
184,0.12,0.1,0.11479954421520233
184,0.12,0.2,0.1214061751961708
184,0.15,0.0,0.10923656821250916
184,0.15,0.1,0.10923656821250916
184,0.15,0.2,0.10256455093622208
185,0.0,0.0,0.09566928446292877
185,0.0,0.1,0.09566928446292877
185,0.0,0.2,0.10219971835613251
185,0.03,0.0,0.08378325402736664
185,0.03,0.1,0.08378325402736664
185,0.03,0.2,0.09760832786560059
185,0.06,0.0,0.0892968699336052
185,0.06,0.1,0.0892968699336052
185,0.06,0.2,0.09523503482341766
185,0.09,0.0,0.08925693482160568
185,0.09,0.1,0.08925693482160568
185,0.09,0.2,0.08340180665254593
185,0.12,0.0,0.10845114290714264
185,0.12,0.1,0.10845114290714264
185,0.12,0.2,0.09773006290197372
185,0.15,0.0,0.09026581048965454
185,0.15,0.1,0.09026581048965454
185,0.15,0.2,0.09716133773326874
186,0.0,0.0,0.09345266968011856
186,0.0,0.1,0.09345266968011856
186,0.0,0.2,0.09713828563690186
186,0.03,0.0,0.09149795025587082
186,0.03,0.1,0.09149795025587082
186,0.03,0.2,0.089008629322052
186,0.06,0.0,0.09487874060869217
186,0.06,0.1,0.09487874060869217
186,0.06,0.2,0.09723501652479172
186,0.09,0.0,0.0948861837387085
186,0.09,0.1,0.0948861837387085
186,0.09,0.2,0.10252157598733902
186,0.12,0.0,0.10310164839029312
186,0.12,0.1,0.10310164839029312
186,0.12,0.2,0.09918985515832901
186,0.15,0.0,0.09679818153381348
186,0.15,0.1,0.09679818153381348
186,0.15,0.2,0.10605138540267944
187,0.0,0.0,0.1146024540066719
187,0.0,0.1,0.1146024540066719
187,0.0,0.2,0.167930468916893
187,0.03,0.0,0.13545386493206024
187,0.03,0.1,0.13545386493206024
187,0.03,0.2,0.15105170011520386
187,0.06,0.0,0.16093729436397552
187,0.06,0.1,0.16093729436397552
187,0.06,0.2,0.13740965723991394
187,0.09,0.0,0.15202778577804565
187,0.09,0.1,0.15202778577804565
187,0.09,0.2,0.11933524906635284
187,0.12,0.0,0.12657314538955688
187,0.12,0.1,0.12657314538955688
187,0.12,0.2,0.1139354258775711
187,0.15,0.0,0.0996258556842804
187,0.15,0.1,0.0996258556842804
187,0.15,0.2,0.11112330108880997
188,0.0,0.0,0.10856951028108597
188,0.0,0.1,0.10856951028108597
188,0.0,0.2,0.1437445729970932
188,0.03,0.0,0.10460618883371353
188,0.03,0.1,0.10460618883371353
188,0.03,0.2,0.12314385920763016
188,0.06,0.0,0.12440760433673859
188,0.06,0.1,0.12440760433673859
188,0.06,0.2,0.12714612483978271
188,0.09,0.0,0.14661769568920135
188,0.09,0.1,0.14661769568920135
188,0.09,0.2,0.13717153668403625
188,0.12,0.0,0.1537725329399109
188,0.12,0.1,0.1537725329399109
188,0.12,0.2,0.15148864686489105
188,0.15,0.0,0.17787747085094452
188,0.15,0.1,0.17787747085094452
188,0.15,0.2,0.16284461319446564
189,0.0,0.0,0.10966749489307404
189,0.0,0.1,0.10966749489307404
189,0.0,0.2,0.11156411468982697
189,0.03,0.0,0.10068906098604202
189,0.03,0.1,0.10068906098604202
189,0.03,0.2,0.12056219577789307
189,0.06,0.0,0.13984501361846924
189,0.06,0.1,0.13984501361846924
189,0.06,0.2,0.1108272522687912
189,0.09,0.0,0.15320967137813568
189,0.09,0.1,0.15320967137813568
189,0.09,0.2,0.10699392110109329
189,0.12,0.0,0.1456960141658783
189,0.12,0.1,0.1456960141658783
189,0.12,0.2,0.11742608994245529
189,0.15,0.0,0.1317899227142334
189,0.15,0.1,0.1317899227142334
189,0.15,0.2,0.12118884176015854
19,0.0,0.0,0.13369382917881012
19,0.0,0.1,0.13369382917881012
19,0.0,0.2,0.14946655929088593
19,0.03,0.0,0.11112669110298157
19,0.03,0.1,0.11112669110298157
19,0.03,0.2,0.12176207453012466
19,0.06,0.0,0.09182608127593994
19,0.06,0.1,0.09182608127593994
19,0.06,0.2,0.0960935577750206
19,0.09,0.0,0.08364924788475037
19,0.09,0.1,0.08364924788475037
19,0.09,0.2,0.083921879529953
19,0.12,0.0,0.11251736432313919
19,0.12,0.1,0.11251736432313919
19,0.12,0.2,0.08532855659723282
19,0.15,0.0,0.09485314786434174
19,0.15,0.1,0.09485314786434174
19,0.15,0.2,0.08871423453092575
190,0.0,0.0,0.09722647070884705
190,0.0,0.1,0.09722647070884705
190,0.0,0.2,0.1073046624660492
190,0.03,0.0,0.08856066316366196
190,0.03,0.1,0.08856066316366196
190,0.03,0.2,0.10070112347602844
190,0.06,0.0,0.08473798632621765
190,0.06,0.1,0.08473798632621765
190,0.06,0.2,0.08141691237688065
190,0.09,0.0,0.08999466896057129
190,0.09,0.1,0.08999466896057129
190,0.09,0.2,0.10409186780452728
190,0.12,0.0,0.10286574810743332
190,0.12,0.1,0.10286574810743332
190,0.12,0.2,0.08905525505542755
190,0.15,0.0,0.10564058274030685
190,0.15,0.1,0.10564058274030685
190,0.15,0.2,0.0991477370262146
191,0.0,0.0,0.11825599521398544
191,0.0,0.1,0.11825599521398544
191,0.0,0.2,0.21022041141986847
191,0.03,0.0,0.16099098324775696
191,0.03,0.1,0.16099098324775696
191,0.03,0.2,0.20252901315689087
191,0.06,0.0,0.19331157207489014
191,0.06,0.1,0.19331157207489014
191,0.06,0.2,0.1938663125038147
191,0.09,0.0,0.22539889812469482
191,0.09,0.1,0.22539889812469482
191,0.09,0.2,0.18835073709487915
191,0.12,0.0,0.21750015020370483
191,0.12,0.1,0.21750015020370483
191,0.12,0.2,0.17945769429206848
191,0.15,0.0,0.1814660280942917
191,0.15,0.1,0.1814660280942917
191,0.15,0.2,0.13877151906490326
192,0.0,0.0,0.11334866285324097
192,0.0,0.1,0.11334866285324097
192,0.0,0.2,0.12929823994636536
192,0.03,0.0,0.1351296305656433
192,0.03,0.1,0.1351296305656433
192,0.03,0.2,0.13490256667137146
192,0.06,0.0,0.13624157011508942
192,0.06,0.1,0.13624157011508942
192,0.06,0.2,0.12960562109947205
192,0.09,0.0,0.12416784465312958
192,0.09,0.1,0.12416784465312958
192,0.09,0.2,0.12376654148101807
192,0.12,0.0,0.1482497602701187
192,0.12,0.1,0.1482497602701187
192,0.12,0.2,0.13514912128448486
192,0.15,0.0,0.15714994072914124
192,0.15,0.1,0.15714994072914124
192,0.15,0.2,0.13474778831005096
193,0.0,0.0,0.12750717997550964
193,0.0,0.1,0.12750717997550964
193,0.0,0.2,0.167716383934021
193,0.03,0.0,0.14207838475704193
193,0.03,0.1,0.14207838475704193
193,0.03,0.2,0.18190105259418488
193,0.06,0.0,0.16870906949043274
193,0.06,0.1,0.16870906949043274
193,0.06,0.2,0.18572938442230225
193,0.09,0.0,0.1642175167798996
193,0.09,0.1,0.1642175167798996
193,0.09,0.2,0.15915657579898834
193,0.12,0.0,0.1594850718975067
193,0.12,0.1,0.1594850718975067
193,0.12,0.2,0.1350923478603363
193,0.15,0.0,0.14690013229846954
193,0.15,0.1,0.14690013229846954
193,0.15,0.2,0.12909150123596191
194,0.0,0.0,0.0883028581738472
194,0.0,0.1,0.0883028581738472
194,0.0,0.2,0.12110760062932968
194,0.03,0.0,0.08135193586349487
194,0.03,0.1,0.08135193586349487
194,0.03,0.2,0.12850020825862885
194,0.06,0.0,0.08663010597229004
194,0.06,0.1,0.08663010597229004
194,0.06,0.2,0.12657438218593597
194,0.09,0.0,0.11017822474241257
194,0.09,0.1,0.11017822474241257
194,0.09,0.2,0.13189710676670074
194,0.12,0.0,0.12970638275146484
194,0.12,0.1,0.12970638275146484
194,0.12,0.2,0.11035042256116867
194,0.15,0.0,0.1298472285270691
194,0.15,0.1,0.1298472285270691
194,0.15,0.2,0.09596336632966995
195,0.0,0.0,0.08406361192464828
195,0.0,0.1,0.08406361192464828
195,0.0,0.2,0.09466349333524704
195,0.03,0.0,0.0852537602186203
195,0.03,0.1,0.0852537602186203
195,0.03,0.2,0.09529978036880493
195,0.06,0.0,0.09565651416778564
195,0.06,0.1,0.09565651416778564
195,0.06,0.2,0.09568972140550613
195,0.09,0.0,0.10142931342124939
195,0.09,0.1,0.10142931342124939
195,0.09,0.2,0.08313466608524323
195,0.12,0.0,0.09170624613761902
195,0.12,0.1,0.09170624613761902
195,0.12,0.2,0.08458278328180313
195,0.15,0.0,0.09092597663402557
195,0.15,0.1,0.09092597663402557
195,0.15,0.2,0.08010554313659668
196,0.0,0.0,0.1076718345284462
196,0.0,0.1,0.1076718345284462
196,0.0,0.2,0.1134127825498581
196,0.03,0.0,0.11596418172121048
196,0.03,0.1,0.11596418172121048
196,0.03,0.2,0.11035484820604324
196,0.06,0.0,0.10174913704395294
196,0.06,0.1,0.10174913704395294
196,0.06,0.2,0.11107784509658813
196,0.09,0.0,0.09814897179603577
196,0.09,0.1,0.09814897179603577
196,0.09,0.2,0.09026487171649933
196,0.12,0.0,0.09703778475522995
196,0.12,0.1,0.09703778475522995
196,0.12,0.2,0.09806361049413681
196,0.15,0.0,0.09622037410736084
196,0.15,0.1,0.09622037410736084
196,0.15,0.2,0.09973032772541046
197,0.0,0.0,0.11221546679735184
197,0.0,0.1,0.11221546679735184
197,0.0,0.2,0.15850141644477844
197,0.03,0.0,0.12166524678468704
197,0.03,0.1,0.12166524678468704
197,0.03,0.2,0.16755014657974243
197,0.06,0.0,0.14716830849647522
197,0.06,0.1,0.14716830849647522
197,0.06,0.2,0.15569747984409332
197,0.09,0.0,0.16724079847335815
197,0.09,0.1,0.16724079847335815
197,0.09,0.2,0.14622899889945984
197,0.12,0.0,0.16834430396556854
197,0.12,0.1,0.16834430396556854
197,0.12,0.2,0.1323223114013672
197,0.15,0.0,0.14893999695777893
197,0.15,0.1,0.14893999695777893
197,0.15,0.2,0.11590374261140823
198,0.0,0.0,0.08672531694173813
198,0.0,0.1,0.08672531694173813
198,0.0,0.2,0.12221722304821014
198,0.03,0.0,0.09081929177045822
198,0.03,0.1,0.09081929177045822
198,0.03,0.2,0.1346193552017212
198,0.06,0.0,0.1117858961224556
198,0.06,0.1,0.1117858961224556
198,0.06,0.2,0.14677299559116364
198,0.09,0.0,0.1420190930366516
198,0.09,0.1,0.1420190930366516
198,0.09,0.2,0.1375075876712799
198,0.12,0.0,0.15340062975883484
198,0.12,0.1,0.15340062975883484
198,0.12,0.2,0.11965323984622955
198,0.15,0.0,0.1322963982820511
198,0.15,0.1,0.1322963982820511
198,0.15,0.2,0.09841617941856384
199,0.0,0.0,0.10098578035831451
199,0.0,0.1,0.10098578035831451
199,0.0,0.2,0.13600169122219086
199,0.03,0.0,0.11147350817918777
199,0.03,0.1,0.11147350817918777
199,0.03,0.2,0.13532745838165283
199,0.06,0.0,0.12909060716629028
199,0.06,0.1,0.12909060716629028
199,0.06,0.2,0.1251734495162964
199,0.09,0.0,0.16174006462097168
199,0.09,0.1,0.16174006462097168
199,0.09,0.2,0.1076538935303688
199,0.12,0.0,0.15700837969779968
199,0.12,0.1,0.15700837969779968
199,0.12,0.2,0.10087709873914719
199,0.15,0.0,0.10701268166303635
199,0.15,0.1,0.10701268166303635
199,0.15,0.2,0.08751325309276581
2,0.0,0.0,0.09456740319728851
2,0.0,0.1,0.09456740319728851
2,0.0,0.2,0.12544801831245422
2,0.03,0.0,0.11203508079051971
2,0.03,0.1,0.11203508079051971
2,0.03,0.2,0.11855824291706085
2,0.06,0.0,0.12463308125734329
2,0.06,0.1,0.12463308125734329
2,0.06,0.2,0.1428954005241394
2,0.09,0.0,0.1367454081773758
2,0.09,0.1,0.1367454081773758
2,0.09,0.2,0.12948812544345856
2,0.12,0.0,0.11861361563205719
2,0.12,0.1,0.11861361563205719
2,0.12,0.2,0.12262628227472305
2,0.15,0.0,0.11769641935825348
2,0.15,0.1,0.11769641935825348
2,0.15,0.2,0.13422241806983948
20,0.0,0.0,0.10021357238292694
20,0.0,0.1,0.10021357238292694
20,0.0,0.2,0.16253803670406342
20,0.03,0.0,0.12211646139621735
20,0.03,0.1,0.12211646139621735
20,0.03,0.2,0.16677342355251312
20,0.06,0.0,0.13464033603668213
20,0.06,0.1,0.13464033603668213
20,0.06,0.2,0.17284610867500305
20,0.09,0.0,0.16213156282901764
20,0.09,0.1,0.16213156282901764
20,0.09,0.2,0.16704432666301727
20,0.12,0.0,0.1696597784757614
20,0.12,0.1,0.1696597784757614
20,0.12,0.2,0.13526026904582977
20,0.15,0.0,0.15760095417499542
20,0.15,0.1,0.15760095417499542
20,0.15,0.2,0.12065310031175613
200,0.0,0.0,0.10301701724529266
200,0.0,0.1,0.10301701724529266
200,0.0,0.2,0.09124448150396347
200,0.03,0.0,0.10213056206703186
200,0.03,0.1,0.10213056206703186
200,0.03,0.2,0.11631414294242859
200,0.06,0.0,0.09199104458093643
200,0.06,0.1,0.09199104458093643
200,0.06,0.2,0.09793617576360703
200,0.09,0.0,0.10597095638513565
200,0.09,0.1,0.10597095638513565
200,0.09,0.2,0.11712519824504852
200,0.12,0.0,0.10565055906772614
200,0.12,0.1,0.10565055906772614
200,0.12,0.2,0.11855408549308777
200,0.15,0.0,0.1050049215555191
200,0.15,0.1,0.1050049215555191
200,0.15,0.2,0.09112084656953812
201,0.0,0.0,0.11399601399898529
201,0.0,0.1,0.11399601399898529
201,0.0,0.2,0.14714185893535614
201,0.03,0.0,0.12074808031320572
201,0.03,0.1,0.12074808031320572
201,0.03,0.2,0.159699484705925
201,0.06,0.0,0.1280800849199295
201,0.06,0.1,0.1280800849199295
201,0.06,0.2,0.16479554772377014
201,0.09,0.0,0.13452395796775818
201,0.09,0.1,0.13452395796775818
201,0.09,0.2,0.16737964749336243
201,0.12,0.0,0.132496640086174
201,0.12,0.1,0.132496640086174
201,0.12,0.2,0.16012318432331085
201,0.15,0.0,0.13260218501091003
201,0.15,0.1,0.13260218501091003
201,0.15,0.2,0.15466894209384918
202,0.0,0.0,0.11209049075841904
202,0.0,0.1,0.11209049075841904
202,0.0,0.2,0.1471739560365677
202,0.03,0.0,0.12213721871376038
202,0.03,0.1,0.12213721871376038
202,0.03,0.2,0.15213637053966522
202,0.06,0.0,0.14133022725582123
202,0.06,0.1,0.14133022725582123
202,0.06,0.2,0.1559407263994217
202,0.09,0.0,0.13905446231365204
202,0.09,0.1,0.13905446231365204
202,0.09,0.2,0.15171459317207336
202,0.12,0.0,0.13218794763088226
202,0.12,0.1,0.13218794763088226
202,0.12,0.2,0.14150506258010864
202,0.15,0.0,0.13621430099010468
202,0.15,0.1,0.13621430099010468
202,0.15,0.2,0.13698719441890717
203,0.0,0.0,0.10061690956354141
203,0.0,0.1,0.10061690956354141
203,0.0,0.2,0.17242805659770966
203,0.03,0.0,0.12448032945394516
203,0.03,0.1,0.12448032945394516
203,0.03,0.2,0.17769953608512878
203,0.06,0.0,0.15180471539497375
203,0.06,0.1,0.15180471539497375
203,0.06,0.2,0.17420054972171783
203,0.09,0.0,0.1804492026567459
203,0.09,0.1,0.1804492026567459
203,0.09,0.2,0.1748747080564499
203,0.12,0.0,0.1780327707529068
203,0.12,0.1,0.1780327707529068
203,0.12,0.2,0.14411114156246185
203,0.15,0.0,0.16176113486289978
203,0.15,0.1,0.16176113486289978
203,0.15,0.2,0.11740186810493469
204,0.0,0.0,0.09913522750139236
204,0.0,0.1,0.09913522750139236
204,0.0,0.2,0.12137728184461594
204,0.03,0.0,0.08415348082780838
204,0.03,0.1,0.08415348082780838
204,0.03,0.2,0.12372690439224243
204,0.06,0.0,0.0855458676815033
204,0.06,0.1,0.0855458676815033
204,0.06,0.2,0.12106222659349442
204,0.09,0.0,0.12050097435712814
204,0.09,0.1,0.12050097435712814
204,0.09,0.2,0.12389693409204483
204,0.12,0.0,0.1302773803472519
204,0.12,0.1,0.1302773803472519
204,0.12,0.2,0.13246770203113556
204,0.15,0.0,0.14022770524024963
204,0.15,0.1,0.14022770524024963
204,0.15,0.2,0.13595254719257355
205,0.0,0.0,0.1704454869031906
205,0.0,0.1,0.1704454869031906
205,0.0,0.2,0.21962279081344604
205,0.03,0.0,0.19217048585414886
205,0.03,0.1,0.19217048585414886
205,0.03,0.2,0.21374009549617767
205,0.06,0.0,0.20537514984607697
205,0.06,0.1,0.20537514984607697
205,0.06,0.2,0.19135800004005432
205,0.09,0.0,0.18471424281597137
205,0.09,0.1,0.18471424281597137
205,0.09,0.2,0.16199997067451477
205,0.12,0.0,0.1538911908864975
205,0.12,0.1,0.1538911908864975
205,0.12,0.2,0.11855142563581467
205,0.15,0.0,0.11917907744646072
205,0.15,0.1,0.11917907744646072
205,0.15,0.2,0.09246855229139328
206,0.0,0.0,0.09816274046897888
206,0.0,0.1,0.09816274046897888
206,0.0,0.2,0.14328047633171082
206,0.03,0.0,0.10343587398529053
206,0.03,0.1,0.10343587398529053
206,0.03,0.2,0.15340428054332733
206,0.06,0.0,0.11561945080757141
206,0.06,0.1,0.11561945080757141
206,0.06,0.2,0.16279342770576477
206,0.09,0.0,0.12480557709932327
206,0.09,0.1,0.12480557709932327
206,0.09,0.2,0.16140928864479065
206,0.12,0.0,0.13329818844795227
206,0.12,0.1,0.13329818844795227
206,0.12,0.2,0.14780178666114807
206,0.15,0.0,0.12915770709514618
206,0.15,0.1,0.12915770709514618
206,0.15,0.2,0.13063369691371918
207,0.0,0.0,0.10963455587625504
207,0.0,0.1,0.10963455587625504
207,0.0,0.2,0.13093601167201996
207,0.03,0.0,0.09805646538734436
207,0.03,0.1,0.09805646538734436
207,0.03,0.2,0.09632518142461777
207,0.06,0.0,0.11280203610658646
207,0.06,0.1,0.11280203610658646
207,0.06,0.2,0.1058267205953598
207,0.09,0.0,0.1325734406709671
207,0.09,0.1,0.1325734406709671
207,0.09,0.2,0.09496913105249405
207,0.12,0.0,0.0960780456662178
207,0.12,0.1,0.0960780456662178
207,0.12,0.2,0.08654046058654785
207,0.15,0.0,0.08821500837802887
207,0.15,0.1,0.08821500837802887
207,0.15,0.2,0.09256459027528763
208,0.0,0.0,0.13894499838352203
208,0.0,0.1,0.13894499838352203
208,0.0,0.2,0.1927884817123413
208,0.03,0.0,0.16917628049850464
208,0.03,0.1,0.16917628049850464
208,0.03,0.2,0.1898728311061859
208,0.06,0.0,0.1968553215265274
208,0.06,0.1,0.1968553215265274
208,0.06,0.2,0.21074610948562622
208,0.09,0.0,0.21107344329357147
208,0.09,0.1,0.21107344329357147
208,0.09,0.2,0.2022024542093277
208,0.12,0.0,0.17448152601718903
208,0.12,0.1,0.17448152601718903
208,0.12,0.2,0.17759621143341064
208,0.15,0.0,0.15261849761009216
208,0.15,0.1,0.15261849761009216
208,0.15,0.2,0.15357829630374908
209,0.0,0.0,0.10236705094575882
209,0.0,0.1,0.10236705094575882
209,0.0,0.2,0.15756112337112427
209,0.03,0.0,0.10601174831390381
209,0.03,0.1,0.10601174831390381
209,0.03,0.2,0.16333869099617004
209,0.06,0.0,0.13541243970394135
209,0.06,0.1,0.13541243970394135
209,0.06,0.2,0.16565221548080444
209,0.09,0.0,0.15570074319839478
209,0.09,0.1,0.15570074319839478
209,0.09,0.2,0.14706169068813324
209,0.12,0.0,0.16500036418437958
209,0.12,0.1,0.16500036418437958
209,0.12,0.2,0.1323087364435196
209,0.15,0.0,0.14611612260341644
209,0.15,0.1,0.14611612260341644
209,0.15,0.2,0.12184787541627884
21,0.0,0.0,0.08954014629125595
21,0.0,0.1,0.08954014629125595
21,0.0,0.2,0.11006361991167068
21,0.03,0.0,0.08466580510139465
21,0.03,0.1,0.08466580510139465
21,0.03,0.2,0.10368518531322479
21,0.06,0.0,0.10339086502790451
21,0.06,0.1,0.10339086502790451
21,0.06,0.2,0.1071082204580307
21,0.09,0.0,0.09799505770206451
21,0.09,0.1,0.09799505770206451
21,0.09,0.2,0.10444417595863342
21,0.12,0.0,0.10060574114322662
21,0.12,0.1,0.10060574114322662
21,0.12,0.2,0.11294890195131302
21,0.15,0.0,0.11248856037855148
21,0.15,0.1,0.11248856037855148
21,0.15,0.2,0.1159035861492157
210,0.0,0.0,0.14464159309864044
210,0.0,0.1,0.14464159309864044
210,0.0,0.2,0.22352702915668488
210,0.03,0.0,0.16615495085716248
210,0.03,0.1,0.16615495085716248
210,0.03,0.2,0.235183984041214
210,0.06,0.0,0.20553317666053772
210,0.06,0.1,0.20553317666053772
210,0.06,0.2,0.24619804322719574
210,0.09,0.0,0.21670778095722198
210,0.09,0.1,0.21670778095722198
210,0.09,0.2,0.22960151731967926
210,0.12,0.0,0.2137020379304886
210,0.12,0.1,0.2137020379304886
210,0.12,0.2,0.20006658136844635
210,0.15,0.0,0.19262495636940002
210,0.15,0.1,0.19262495636940002
210,0.15,0.2,0.1683294177055359
211,0.0,0.0,0.16203905642032623
211,0.0,0.1,0.16203905642032623
211,0.0,0.2,0.21594558656215668
211,0.03,0.0,0.17686797678470612
211,0.03,0.1,0.17686797678470612
211,0.03,0.2,0.20749390125274658
211,0.06,0.0,0.19171789288520813
211,0.06,0.1,0.19171789288520813
211,0.06,0.2,0.1941526085138321
211,0.09,0.0,0.21294966340065002
211,0.09,0.1,0.21294966340065002
211,0.09,0.2,0.1892266869544983
211,0.12,0.0,0.21989619731903076
211,0.12,0.1,0.21989619731903076
211,0.12,0.2,0.1700630784034729
211,0.15,0.0,0.203427255153656
211,0.15,0.1,0.203427255153656
211,0.15,0.2,0.16312263906002045
212,0.0,0.0,0.09814490377902985
212,0.0,0.1,0.09814490377902985
212,0.0,0.2,0.13194216787815094
212,0.03,0.0,0.1037973091006279
212,0.03,0.1,0.1037973091006279
212,0.03,0.2,0.10385004431009293
212,0.06,0.0,0.12538142502307892
212,0.06,0.1,0.12538142502307892
212,0.06,0.2,0.11071187257766724
212,0.09,0.0,0.1454370617866516
212,0.09,0.1,0.1454370617866516
212,0.09,0.2,0.12533821165561676
212,0.12,0.0,0.11966080218553543
212,0.12,0.1,0.11966080218553543
212,0.12,0.2,0.11108233034610748
212,0.15,0.0,0.09875590354204178
212,0.15,0.1,0.09875590354204178
212,0.15,0.2,0.08884979039430618
213,0.0,0.0,0.08988738805055618
213,0.0,0.1,0.08988738805055618
213,0.0,0.2,0.1239987164735794
213,0.03,0.0,0.08841594308614731
213,0.03,0.1,0.08841594308614731
213,0.03,0.2,0.08847825229167938
213,0.06,0.0,0.09487705677747726
213,0.06,0.1,0.09487705677747726
213,0.06,0.2,0.0922788605093956
213,0.09,0.0,0.10239393264055252
213,0.09,0.1,0.10239393264055252
213,0.09,0.2,0.10641966760158539
213,0.12,0.0,0.10898943245410919
213,0.12,0.1,0.10898943245410919
213,0.12,0.2,0.11298932880163193
213,0.15,0.0,0.09146128594875336
213,0.15,0.1,0.09146128594875336
213,0.15,0.2,0.08963582664728165
214,0.0,0.0,0.13292130827903748
214,0.0,0.1,0.13292130827903748
214,0.0,0.2,0.17928875982761383
214,0.03,0.0,0.15976664423942566
214,0.03,0.1,0.15976664423942566
214,0.03,0.2,0.1797124594449997
214,0.06,0.0,0.19931592047214508
214,0.06,0.1,0.19931592047214508
214,0.06,0.2,0.1630185842514038
214,0.09,0.0,0.2238074094057083
214,0.09,0.1,0.2238074094057083
214,0.09,0.2,0.1766674816608429
214,0.12,0.0,0.21934056282043457
214,0.12,0.1,0.21934056282043457
214,0.12,0.2,0.16698476672172546
214,0.15,0.0,0.21120156347751617
214,0.15,0.1,0.21120156347751617
214,0.15,0.2,0.1554289162158966
215,0.0,0.0,0.08831460773944855
215,0.0,0.1,0.08831460773944855
215,0.0,0.2,0.09428127855062485
215,0.03,0.0,0.09393337368965149
215,0.03,0.1,0.09393337368965149
215,0.03,0.2,0.08781948685646057
215,0.06,0.0,0.0788150429725647
215,0.06,0.1,0.0788150429725647
215,0.06,0.2,0.08516895771026611
215,0.09,0.0,0.08322757482528687
215,0.09,0.1,0.08322757482528687
215,0.09,0.2,0.08660739660263062
215,0.12,0.0,0.10963539779186249
215,0.12,0.1,0.10963539779186249
215,0.12,0.2,0.09165734797716141
215,0.15,0.0,0.08451209217309952
215,0.15,0.1,0.08451209217309952
215,0.15,0.2,0.09167902916669846
216,0.0,0.0,0.09174814075231552
216,0.0,0.1,0.09174814075231552
216,0.0,0.2,0.10726089030504227
216,0.03,0.0,0.09147846698760986
216,0.03,0.1,0.09147846698760986
216,0.03,0.2,0.10059512406587601
216,0.06,0.0,0.1019085943698883
216,0.06,0.1,0.1019085943698883
216,0.06,0.2,0.11678269505500793
216,0.09,0.0,0.10295332223176956
216,0.09,0.1,0.10295332223176956
216,0.09,0.2,0.10601365566253662
216,0.12,0.0,0.10128259658813477
216,0.12,0.1,0.10128259658813477
216,0.12,0.2,0.08800319582223892
216,0.15,0.0,0.08616351336240768
216,0.15,0.1,0.08616351336240768
216,0.15,0.2,0.091147281229496
217,0.0,0.0,0.1053791418671608
217,0.0,0.1,0.1053791418671608
217,0.0,0.2,0.11042891442775726
217,0.03,0.0,0.12168426811695099
217,0.03,0.1,0.12168426811695099
217,0.03,0.2,0.11960820108652115
217,0.06,0.0,0.12093623727560043
217,0.06,0.1,0.12093623727560043
217,0.06,0.2,0.11285101622343063
217,0.09,0.0,0.11359832435846329
217,0.09,0.1,0.11359832435846329
217,0.09,0.2,0.11108143627643585
217,0.12,0.0,0.10628778487443924
217,0.12,0.1,0.10628778487443924
217,0.12,0.2,0.09825187921524048
217,0.15,0.0,0.10135922580957413
217,0.15,0.1,0.10135922580957413
217,0.15,0.2,0.09020321816205978
218,0.0,0.0,0.10051865130662918
218,0.0,0.1,0.10051865130662918
218,0.0,0.2,0.14194321632385254
218,0.03,0.0,0.10045846551656723
218,0.03,0.1,0.10045846551656723
218,0.03,0.2,0.14283038675785065
218,0.06,0.0,0.12488487362861633
218,0.06,0.1,0.12488487362861633
218,0.06,0.2,0.14447608590126038
218,0.09,0.0,0.12902778387069702
218,0.09,0.1,0.12902778387069702
218,0.09,0.2,0.1317058652639389
218,0.12,0.0,0.14023874700069427
218,0.12,0.1,0.14023874700069427
218,0.12,0.2,0.12242302298545837
218,0.15,0.0,0.1379169523715973
218,0.15,0.1,0.1379169523715973
218,0.15,0.2,0.1061943769454956
219,0.0,0.0,0.1569512039422989
219,0.0,0.1,0.1569512039422989
219,0.0,0.2,0.2106401026248932
219,0.03,0.0,0.20472323894500732
219,0.03,0.1,0.20472323894500732
219,0.03,0.2,0.22929500043392181
219,0.06,0.0,0.21073363721370697
219,0.06,0.1,0.21073363721370697
219,0.06,0.2,0.244381383061409
219,0.09,0.0,0.2169664055109024
219,0.09,0.1,0.2169664055109024
219,0.09,0.2,0.2627139985561371
219,0.12,0.0,0.24463194608688354
219,0.12,0.1,0.24463194608688354
219,0.12,0.2,0.2760510742664337
219,0.15,0.0,0.2480330914258957
219,0.15,0.1,0.2480330914258957
219,0.15,0.2,0.28560614585876465
22,0.0,0.0,0.09693507105112076
22,0.0,0.1,0.09693507105112076
22,0.0,0.2,0.1751391589641571
22,0.03,0.0,0.15219077467918396
22,0.03,0.1,0.15219077467918396
22,0.03,0.2,0.187530055642128
22,0.06,0.0,0.1860150247812271
22,0.06,0.1,0.1860150247812271
22,0.06,0.2,0.1817048192024231
22,0.09,0.0,0.19047828018665314
22,0.09,0.1,0.19047828018665314
22,0.09,0.2,0.15798448026180267
22,0.12,0.0,0.16272380948066711
22,0.12,0.1,0.16272380948066711
22,0.12,0.2,0.13313330709934235
22,0.15,0.0,0.1316034495830536
22,0.15,0.1,0.1316034495830536
22,0.15,0.2,0.12126615643501282
220,0.0,0.0,0.09675253182649612
220,0.0,0.1,0.09675253182649612
220,0.0,0.2,0.14247417449951172
220,0.03,0.0,0.1251865178346634
220,0.03,0.1,0.1251865178346634
220,0.03,0.2,0.1464187651872635
220,0.06,0.0,0.15480150282382965
220,0.06,0.1,0.15480150282382965
220,0.06,0.2,0.16575010120868683
220,0.09,0.0,0.1633957177400589
220,0.09,0.1,0.1633957177400589
220,0.09,0.2,0.15965698659420013
220,0.12,0.0,0.14585593342781067
220,0.12,0.1,0.14585593342781067
220,0.12,0.2,0.12751750648021698
220,0.15,0.0,0.12527532875537872
220,0.15,0.1,0.12527532875537872
220,0.15,0.2,0.11296454817056656
221,0.0,0.0,0.11078386008739471
221,0.0,0.1,0.11078386008739471
221,0.0,0.2,0.12460288405418396
221,0.03,0.0,0.10690820217132568
221,0.03,0.1,0.10690820217132568
221,0.03,0.2,0.11711981147527695
221,0.06,0.0,0.12555159628391266
221,0.06,0.1,0.12555159628391266
221,0.06,0.2,0.11282701045274734
221,0.09,0.0,0.1384107619524002
221,0.09,0.1,0.1384107619524002
221,0.09,0.2,0.11102166771888733
221,0.12,0.0,0.13794293999671936
221,0.12,0.1,0.13794293999671936
221,0.12,0.2,0.1266707479953766
221,0.15,0.0,0.13903820514678955
221,0.15,0.1,0.13903820514678955
221,0.15,0.2,0.13076721131801605
222,0.0,0.0,0.13856320083141327
222,0.0,0.1,0.13856320083141327
222,0.0,0.2,0.2220689207315445
222,0.03,0.0,0.19464907050132751
222,0.03,0.1,0.19464907050132751
222,0.03,0.2,0.24058528244495392
222,0.06,0.0,0.23124170303344727
222,0.06,0.1,0.23124170303344727
222,0.06,0.2,0.25481805205345154
222,0.09,0.0,0.244520366191864
222,0.09,0.1,0.244520366191864
222,0.09,0.2,0.23319825530052185
222,0.12,0.0,0.22743794322013855
222,0.12,0.1,0.22743794322013855
222,0.12,0.2,0.204649418592453
222,0.15,0.0,0.20352064073085785
222,0.15,0.1,0.20352064073085785
222,0.15,0.2,0.1700417399406433
223,0.0,0.0,0.13678960502147675
223,0.0,0.1,0.13678960502147675
223,0.0,0.2,0.15510526299476624
223,0.03,0.0,0.12598919868469238
223,0.03,0.1,0.12598919868469238
223,0.03,0.2,0.15378613770008087
223,0.06,0.0,0.10862434655427933
223,0.06,0.1,0.10862434655427933
223,0.06,0.2,0.13294948637485504
223,0.09,0.0,0.11229380965232849
223,0.09,0.1,0.11229380965232849
223,0.09,0.2,0.1454487442970276
223,0.12,0.0,0.1190447136759758
223,0.12,0.1,0.1190447136759758
223,0.12,0.2,0.16565054655075073
223,0.15,0.0,0.10487613826990128
223,0.15,0.1,0.10487613826990128
223,0.15,0.2,0.15475811064243317
224,0.0,0.0,0.09392616897821426
224,0.0,0.1,0.09392616897821426
224,0.0,0.2,0.09471229463815689
224,0.03,0.0,0.08887313306331635
224,0.03,0.1,0.08887313306331635
224,0.03,0.2,0.1068320944905281
224,0.06,0.0,0.10171040892601013
224,0.06,0.1,0.10171040892601013
224,0.06,0.2,0.10140150040388107
224,0.09,0.0,0.09548239409923553
224,0.09,0.1,0.09548239409923553
224,0.09,0.2,0.0991777554154396
224,0.12,0.0,0.09465071558952332
224,0.12,0.1,0.09465071558952332
224,0.12,0.2,0.09650538116693497
224,0.15,0.0,0.0928654819726944
224,0.15,0.1,0.0928654819726944
224,0.15,0.2,0.09395761787891388
225,0.0,0.0,0.08837976306676865
225,0.0,0.1,0.08837976306676865
225,0.0,0.2,0.1060551181435585
225,0.03,0.0,0.10546597093343735
225,0.03,0.1,0.10546597093343735
225,0.03,0.2,0.12282311916351318
225,0.06,0.0,0.09942998737096786
225,0.06,0.1,0.09942998737096786
225,0.06,0.2,0.12070149928331375
225,0.09,0.0,0.0943918451666832
225,0.09,0.1,0.0943918451666832
225,0.09,0.2,0.12359419465065002
225,0.12,0.0,0.11307011544704437
225,0.12,0.1,0.11307011544704437
225,0.12,0.2,0.12278654426336288
225,0.15,0.0,0.12009561061859131
225,0.15,0.1,0.12009561061859131
225,0.15,0.2,0.10081783682107925
226,0.0,0.0,0.0834188237786293
226,0.0,0.1,0.0834188237786293
226,0.0,0.2,0.1120627373456955
226,0.03,0.0,0.0991361141204834
226,0.03,0.1,0.0991361141204834
226,0.03,0.2,0.12365856766700745
226,0.06,0.0,0.09870088845491409
226,0.06,0.1,0.09870088845491409
226,0.06,0.2,0.11995960772037506
226,0.09,0.0,0.1043289303779602
226,0.09,0.1,0.1043289303779602
226,0.09,0.2,0.11352106928825378
226,0.12,0.0,0.10718923807144165
226,0.12,0.1,0.10718923807144165
226,0.12,0.2,0.11191088706254959
226,0.15,0.0,0.1120140329003334
226,0.15,0.1,0.1120140329003334
226,0.15,0.2,0.10607830435037613
227,0.0,0.0,0.08656594902276993
227,0.0,0.1,0.08656594902276993
227,0.0,0.2,0.09783376753330231
227,0.03,0.0,0.08800973743200302
227,0.03,0.1,0.08800973743200302
227,0.03,0.2,0.1018504872918129
227,0.06,0.0,0.08942846953868866
227,0.06,0.1,0.08942846953868866
227,0.06,0.2,0.08860952407121658
227,0.09,0.0,0.08831270784139633
227,0.09,0.1,0.08831270784139633
227,0.09,0.2,0.0811421349644661
227,0.12,0.0,0.08860423415899277
227,0.12,0.1,0.08860423415899277
227,0.12,0.2,0.09796023368835449
227,0.15,0.0,0.09322100877761841
227,0.15,0.1,0.09322100877761841
227,0.15,0.2,0.10975239425897598
228,0.0,0.0,0.12050651013851166
228,0.0,0.1,0.12050651013851166
228,0.0,0.2,0.1416841447353363
228,0.03,0.0,0.11067561060190201
228,0.03,0.1,0.11067561060190201
228,0.03,0.2,0.15465256571769714
228,0.06,0.0,0.12493430823087692
228,0.06,0.1,0.12493430823087692
228,0.06,0.2,0.1636640727519989
228,0.09,0.0,0.13354188203811646
228,0.09,0.1,0.13354188203811646
228,0.09,0.2,0.1530425101518631
228,0.12,0.0,0.1361021250486374
228,0.12,0.1,0.1361021250486374
228,0.12,0.2,0.14445291459560394
228,0.15,0.0,0.12159658968448639
228,0.15,0.1,0.12159658968448639
228,0.15,0.2,0.11680341511964798
229,0.0,0.0,0.13500726222991943
229,0.0,0.1,0.13500726222991943
229,0.0,0.2,0.1775480955839157
229,0.03,0.0,0.1673583835363388
229,0.03,0.1,0.1673583835363388
229,0.03,0.2,0.16613104939460754
229,0.06,0.0,0.16687825322151184
229,0.06,0.1,0.16687825322151184
229,0.06,0.2,0.18278567492961884
229,0.09,0.0,0.16607992351055145
229,0.09,0.1,0.16607992351055145
229,0.09,0.2,0.17208175361156464
229,0.12,0.0,0.16754350066184998
229,0.12,0.1,0.16754350066184998
229,0.12,0.2,0.16715456545352936
229,0.15,0.0,0.1575096994638443
229,0.15,0.1,0.1575096994638443
229,0.15,0.2,0.14754129946231842
23,0.0,0.0,0.12238171696662903
23,0.0,0.1,0.12238171696662903
23,0.0,0.2,0.12460426241159439
23,0.03,0.0,0.13520218431949615
23,0.03,0.1,0.13520218431949615
23,0.03,0.2,0.13090893626213074
23,0.06,0.0,0.11768016964197159
23,0.06,0.1,0.11768016964197159
23,0.06,0.2,0.1260889619588852
23,0.09,0.0,0.106015145778656
23,0.09,0.1,0.106015145778656
23,0.09,0.2,0.1188524067401886
23,0.12,0.0,0.1067512109875679
23,0.12,0.1,0.1067512109875679
23,0.12,0.2,0.13111287355422974
23,0.15,0.0,0.1045270711183548
23,0.15,0.1,0.1045270711183548
23,0.15,0.2,0.12012074142694473
230,0.0,0.0,0.12051461637020111
230,0.0,0.1,0.12051461637020111
230,0.0,0.2,0.2050808072090149
230,0.03,0.0,0.18244047462940216
230,0.03,0.1,0.18244047462940216
230,0.03,0.2,0.2177978903055191
230,0.06,0.0,0.21994957327842712
230,0.06,0.1,0.21994957327842712
230,0.06,0.2,0.21102161705493927
230,0.09,0.0,0.20930859446525574
230,0.09,0.1,0.20930859446525574
230,0.09,0.2,0.16948741674423218
230,0.12,0.0,0.1790974736213684
230,0.12,0.1,0.1790974736213684
230,0.12,0.2,0.11351437121629715
230,0.15,0.0,0.14494696259498596
230,0.15,0.1,0.14494696259498596
230,0.15,0.2,0.11867330223321915
231,0.0,0.0,0.09393399953842163
231,0.0,0.1,0.09393399953842163
231,0.0,0.2,0.10926948487758636
231,0.03,0.0,0.08816879987716675
231,0.03,0.1,0.08816879987716675
231,0.03,0.2,0.09999233484268188
231,0.06,0.0,0.0922393798828125
231,0.06,0.1,0.0922393798828125
231,0.06,0.2,0.09473491460084915
231,0.09,0.0,0.0885593369603157
231,0.09,0.1,0.0885593369603157
231,0.09,0.2,0.09096488356590271
231,0.12,0.0,0.08466913551092148
231,0.12,0.1,0.08466913551092148
231,0.12,0.2,0.09978612512350082
231,0.15,0.0,0.1038876473903656
231,0.15,0.1,0.1038876473903656
231,0.15,0.2,0.10268809646368027
232,0.0,0.0,0.08259710669517517
232,0.0,0.1,0.08259710669517517
232,0.0,0.2,0.1913001388311386
232,0.03,0.0,0.13696755468845367
232,0.03,0.1,0.13696755468845367
232,0.03,0.2,0.20695261657238007
232,0.06,0.0,0.21993319690227509
232,0.06,0.1,0.21993319690227509
232,0.06,0.2,0.21611294150352478
232,0.09,0.0,0.25093021988868713
232,0.09,0.1,0.25093021988868713
232,0.09,0.2,0.2034621685743332
232,0.12,0.0,0.23977071046829224
232,0.12,0.1,0.23977071046829224
232,0.12,0.2,0.18022306263446808
232,0.15,0.0,0.2107316255569458
232,0.15,0.1,0.2107316255569458
232,0.15,0.2,0.15800055861473083
233,0.0,0.0,0.13500261306762695
233,0.0,0.1,0.13500261306762695
233,0.0,0.2,0.17834419012069702
233,0.03,0.0,0.15422694385051727
233,0.03,0.1,0.15422694385051727
233,0.03,0.2,0.19416917860507965
233,0.06,0.0,0.17649447917938232
233,0.06,0.1,0.17649447917938232
233,0.06,0.2,0.18220044672489166
233,0.09,0.0,0.18833735585212708
233,0.09,0.1,0.18833735585212708
233,0.09,0.2,0.1679430454969406
233,0.12,0.0,0.1685890257358551
233,0.12,0.1,0.1685890257358551
233,0.12,0.2,0.13679568469524384
233,0.15,0.0,0.13366661965847015
233,0.15,0.1,0.13366661965847015
233,0.15,0.2,0.12337379902601242
234,0.0,0.0,0.11406484991312027
234,0.0,0.1,0.11406484991312027
234,0.0,0.2,0.1072607934474945
234,0.03,0.0,0.11881525069475174
234,0.03,0.1,0.11881525069475174
234,0.03,0.2,0.10170258581638336
234,0.06,0.0,0.14497657120227814
234,0.06,0.1,0.14497657120227814
234,0.06,0.2,0.0959678441286087
234,0.09,0.0,0.13241100311279297
234,0.09,0.1,0.13241100311279297
234,0.09,0.2,0.09159643948078156
234,0.12,0.0,0.10301589220762253
234,0.12,0.1,0.10301589220762253
234,0.12,0.2,0.10989592224359512
234,0.15,0.0,0.0837973952293396
234,0.15,0.1,0.0837973952293396
234,0.15,0.2,0.09680555760860443
235,0.0,0.0,0.09911362081766129
235,0.0,0.1,0.09911362081766129
235,0.0,0.2,0.12259739637374878
235,0.03,0.0,0.10017742961645126
235,0.03,0.1,0.10017742961645126
235,0.03,0.2,0.10567999631166458
235,0.06,0.0,0.09792771935462952
235,0.06,0.1,0.09792771935462952
235,0.06,0.2,0.0907539650797844
235,0.09,0.0,0.09583165496587753
235,0.09,0.1,0.09583165496587753
235,0.09,0.2,0.09588785469532013
235,0.12,0.0,0.09244611114263535
235,0.12,0.1,0.09244611114263535
235,0.12,0.2,0.0954190045595169
235,0.15,0.0,0.09494584798812866
235,0.15,0.1,0.09494584798812866
235,0.15,0.2,0.09722071886062622
236,0.0,0.0,0.11770477145910263
236,0.0,0.1,0.11770477145910263
236,0.0,0.2,0.11886660754680634
236,0.03,0.0,0.12110404670238495
236,0.03,0.1,0.12110404670238495
236,0.03,0.2,0.12496436387300491
236,0.06,0.0,0.13752445578575134
236,0.06,0.1,0.13752445578575134
236,0.06,0.2,0.13744337856769562
236,0.09,0.0,0.12664997577667236
236,0.09,0.1,0.12664997577667236
236,0.09,0.2,0.14596691727638245
236,0.12,0.0,0.129746675491333
236,0.12,0.1,0.129746675491333
236,0.12,0.2,0.14835457503795624
236,0.15,0.0,0.14410486817359924
236,0.15,0.1,0.14410486817359924
236,0.15,0.2,0.16628600656986237
237,0.0,0.0,0.12433114647865295
237,0.0,0.1,0.12433114647865295
237,0.0,0.2,0.15792101621627808
237,0.03,0.0,0.15338537096977234
237,0.03,0.1,0.15338537096977234
237,0.03,0.2,0.1433286964893341
237,0.06,0.0,0.1498638391494751
237,0.06,0.1,0.1498638391494751
237,0.06,0.2,0.10856478661298752
237,0.09,0.0,0.14022749662399292
237,0.09,0.1,0.14022749662399292
237,0.09,0.2,0.09729401022195816
237,0.12,0.0,0.11758366227149963
237,0.12,0.1,0.11758366227149963
237,0.12,0.2,0.09720252454280853
237,0.15,0.0,0.10479781776666641
237,0.15,0.1,0.10479781776666641
237,0.15,0.2,0.09849070757627487
238,0.0,0.0,0.14211055636405945
238,0.0,0.1,0.14211055636405945
238,0.0,0.2,0.20662684738636017
238,0.03,0.0,0.16988949477672577
238,0.03,0.1,0.16988949477672577
238,0.03,0.2,0.2139950692653656
238,0.06,0.0,0.18249894678592682
238,0.06,0.1,0.18249894678592682
238,0.06,0.2,0.18402919173240662
238,0.09,0.0,0.18921852111816406
238,0.09,0.1,0.18921852111816406
238,0.09,0.2,0.14760816097259521
238,0.12,0.0,0.1701822727918625
238,0.12,0.1,0.1701822727918625
238,0.12,0.2,0.10495924204587936
238,0.15,0.0,0.12927797436714172
238,0.15,0.1,0.12927797436714172
238,0.15,0.2,0.09105626493692398
239,0.0,0.0,0.09054640680551529
239,0.0,0.1,0.09054640680551529
239,0.0,0.2,0.1133793517947197
239,0.03,0.0,0.09764013439416885
239,0.03,0.1,0.09764013439416885
239,0.03,0.2,0.11554413288831711
239,0.06,0.0,0.11493471264839172
239,0.06,0.1,0.11493471264839172
239,0.06,0.2,0.12404624372720718
239,0.09,0.0,0.13368640840053558
239,0.09,0.1,0.13368640840053558
239,0.09,0.2,0.12338686734437943
239,0.12,0.0,0.11867179721593857
239,0.12,0.1,0.11867179721593857
239,0.12,0.2,0.089544378221035
239,0.15,0.0,0.10877817869186401
239,0.15,0.1,0.10877817869186401
239,0.15,0.2,0.08157844841480255
24,0.0,0.0,0.1415678858757019
24,0.0,0.1,0.1415678858757019
24,0.0,0.2,0.20966477692127228
24,0.03,0.0,0.19631299376487732
24,0.03,0.1,0.19631299376487732
24,0.03,0.2,0.2179965227842331
24,0.06,0.0,0.201314777135849
24,0.06,0.1,0.201314777135849
24,0.06,0.2,0.19309201836585999
24,0.09,0.0,0.19768577814102173
24,0.09,0.1,0.19768577814102173
24,0.09,0.2,0.16576765477657318
24,0.12,0.0,0.18465013802051544
24,0.12,0.1,0.18465013802051544
24,0.12,0.2,0.15468358993530273
24,0.15,0.0,0.14615507423877716
24,0.15,0.1,0.14615507423877716
24,0.15,0.2,0.12169060856103897
240,0.0,0.0,0.13734368979930878
240,0.0,0.1,0.13734368979930878
240,0.0,0.2,0.19246110320091248
240,0.03,0.0,0.17481815814971924
240,0.03,0.1,0.17481815814971924
240,0.03,0.2,0.18862779438495636
240,0.06,0.0,0.20921523869037628
240,0.06,0.1,0.20921523869037628
240,0.06,0.2,0.18564479053020477
240,0.09,0.0,0.20611754059791565
240,0.09,0.1,0.20611754059791565
240,0.09,0.2,0.17035788297653198
240,0.12,0.0,0.18652920424938202
240,0.12,0.1,0.18652920424938202
240,0.12,0.2,0.1392258107662201
240,0.15,0.0,0.1721467673778534
240,0.15,0.1,0.1721467673778534
240,0.15,0.2,0.11357097327709198
241,0.0,0.0,0.12463925778865814
241,0.0,0.1,0.12463925778865814
241,0.0,0.2,0.1979345679283142
241,0.03,0.0,0.15324635803699493
241,0.03,0.1,0.15324635803699493
241,0.03,0.2,0.20960479974746704
241,0.06,0.0,0.17642204463481903
241,0.06,0.1,0.17642204463481903
241,0.06,0.2,0.19670039415359497
241,0.09,0.0,0.18840321898460388
241,0.09,0.1,0.18840321898460388
241,0.09,0.2,0.17963731288909912
241,0.12,0.0,0.18306128680706024
241,0.12,0.1,0.18306128680706024
241,0.12,0.2,0.1687627136707306
241,0.15,0.0,0.165181964635849
241,0.15,0.1,0.165181964635849
241,0.15,0.2,0.14451536536216736
242,0.0,0.0,0.10180485248565674
242,0.0,0.1,0.10180485248565674
242,0.0,0.2,0.1602332442998886
242,0.03,0.0,0.12326008826494217
242,0.03,0.1,0.12326008826494217
242,0.03,0.2,0.15777254104614258
242,0.06,0.0,0.1511489748954773
242,0.06,0.1,0.1511489748954773
242,0.06,0.2,0.15546302497386932
242,0.09,0.0,0.1600167453289032
242,0.09,0.1,0.1600167453289032
242,0.09,0.2,0.14762307703495026
242,0.12,0.0,0.14021509885787964
242,0.12,0.1,0.14021509885787964
242,0.12,0.2,0.12098365277051926
242,0.15,0.0,0.1216726303100586
242,0.15,0.1,0.1216726303100586
242,0.15,0.2,0.11048411577939987
243,0.0,0.0,0.12959054112434387
243,0.0,0.1,0.12959054112434387
243,0.0,0.2,0.1800176054239273
243,0.03,0.0,0.14903441071510315
243,0.03,0.1,0.14903441071510315
243,0.03,0.2,0.18570294976234436
243,0.06,0.0,0.16436517238616943
243,0.06,0.1,0.16436517238616943
243,0.06,0.2,0.1857149600982666
243,0.09,0.0,0.16678661108016968
243,0.09,0.1,0.16678661108016968
243,0.09,0.2,0.16690029203891754
243,0.12,0.0,0.1647217869758606
243,0.12,0.1,0.1647217869758606
243,0.12,0.2,0.1488523781299591
243,0.15,0.0,0.14858821034431458
243,0.15,0.1,0.14858821034431458
243,0.15,0.2,0.12575873732566833
244,0.0,0.0,0.11131411790847778
244,0.0,0.1,0.11131411790847778
244,0.0,0.2,0.11004255712032318
244,0.03,0.0,0.09350856393575668
244,0.03,0.1,0.09350856393575668
244,0.03,0.2,0.10857648402452469
244,0.06,0.0,0.10898684710264206
244,0.06,0.1,0.10898684710264206
244,0.06,0.2,0.1353096216917038
244,0.09,0.0,0.09285558015108109
244,0.09,0.1,0.09285558015108109
244,0.09,0.2,0.14140111207962036
244,0.12,0.0,0.09383752197027206
244,0.12,0.1,0.09383752197027206
244,0.12,0.2,0.11531437933444977
244,0.15,0.0,0.1061377227306366
244,0.15,0.1,0.1061377227306366
244,0.15,0.2,0.08807200193405151
245,0.0,0.0,0.09279877692461014
245,0.0,0.1,0.09279877692461014
245,0.0,0.2,0.15064357221126556
245,0.03,0.0,0.12160513550043106
245,0.03,0.1,0.12160513550043106
245,0.03,0.2,0.15786944329738617
245,0.06,0.0,0.1392049640417099
245,0.06,0.1,0.1392049640417099
245,0.06,0.2,0.14243492484092712
245,0.09,0.0,0.1472291648387909
245,0.09,0.1,0.1472291648387909
245,0.09,0.2,0.1235392689704895
245,0.12,0.0,0.13433997333049774
245,0.12,0.1,0.13433997333049774
245,0.12,0.2,0.0973707064986229
245,0.15,0.0,0.1106376200914383
245,0.15,0.1,0.1106376200914383
245,0.15,0.2,0.11206664890050888
246,0.0,0.0,0.11440595984458923
246,0.0,0.1,0.11440595984458923
246,0.0,0.2,0.13923782110214233
246,0.03,0.0,0.11962678283452988
246,0.03,0.1,0.11962678283452988
246,0.03,0.2,0.12606395781040192
246,0.06,0.0,0.129066601395607
246,0.06,0.1,0.129066601395607
246,0.06,0.2,0.1256682574748993
246,0.09,0.0,0.11531509459018707
246,0.09,0.1,0.11531509459018707
246,0.09,0.2,0.1241084635257721
246,0.12,0.0,0.1070469543337822
246,0.12,0.1,0.1070469543337822
246,0.12,0.2,0.12214130163192749
246,0.15,0.0,0.10925302654504776
246,0.15,0.1,0.10925302654504776
246,0.15,0.2,0.12167896330356598
247,0.0,0.0,0.08450742810964584
247,0.0,0.1,0.08450742810964584
247,0.0,0.2,0.11585283279418945
247,0.03,0.0,0.08766710758209229
247,0.03,0.1,0.08766710758209229
247,0.03,0.2,0.09370499104261398
247,0.06,0.0,0.1035422533750534
247,0.06,0.1,0.1035422533750534
247,0.06,0.2,0.08699601888656616
247,0.09,0.0,0.11529190838336945
247,0.09,0.1,0.11529190838336945
247,0.09,0.2,0.09108931571245193
247,0.12,0.0,0.09009882062673569
247,0.12,0.1,0.09009882062673569
247,0.12,0.2,0.09705034643411636
247,0.15,0.0,0.08960239589214325
247,0.15,0.1,0.08960239589214325
247,0.15,0.2,0.09641822427511215
248,0.0,0.0,0.09549213200807571
248,0.0,0.1,0.09549213200807571
248,0.0,0.2,0.13881409168243408
248,0.03,0.0,0.11257395893335342
248,0.03,0.1,0.11257395893335342
248,0.03,0.2,0.13381554186344147
248,0.06,0.0,0.13837772607803345
248,0.06,0.1,0.13837772607803345
248,0.06,0.2,0.1419903039932251
248,0.09,0.0,0.14919666945934296
248,0.09,0.1,0.14919666945934296
248,0.09,0.2,0.12842406332492828
248,0.12,0.0,0.1389569491147995
248,0.12,0.1,0.1389569491147995
248,0.12,0.2,0.10005461424589157
248,0.15,0.0,0.11048085987567902
248,0.15,0.1,0.11048085987567902
248,0.15,0.2,0.0915219783782959
249,0.0,0.0,0.11292587220668793
249,0.0,0.1,0.11292587220668793
249,0.0,0.2,0.12037388980388641
249,0.03,0.0,0.13011455535888672
249,0.03,0.1,0.13011455535888672
249,0.03,0.2,0.13236311078071594
249,0.06,0.0,0.10232063382863998
249,0.06,0.1,0.10232063382863998
249,0.06,0.2,0.13705004751682281
249,0.09,0.0,0.10851453989744186
249,0.09,0.1,0.10851453989744186
249,0.09,0.2,0.1658129245042801
249,0.12,0.0,0.1536814421415329
249,0.12,0.1,0.1536814421415329
249,0.12,0.2,0.12745298445224762
249,0.15,0.0,0.15943790972232819
249,0.15,0.1,0.15943790972232819
249,0.15,0.2,0.12271731346845627
25,0.0,0.0,0.08984921127557755
25,0.0,0.1,0.08984921127557755
25,0.0,0.2,0.11155533045530319
25,0.03,0.0,0.09376728534698486
25,0.03,0.1,0.09376728534698486
25,0.03,0.2,0.11842705309391022
25,0.06,0.0,0.10431765764951706
25,0.06,0.1,0.10431765764951706
25,0.06,0.2,0.11500483751296997
25,0.09,0.0,0.10820581018924713
25,0.09,0.1,0.10820581018924713
25,0.09,0.2,0.10479771345853806
25,0.12,0.0,0.10574860125780106
25,0.12,0.1,0.10574860125780106
25,0.12,0.2,0.13842691481113434
25,0.15,0.0,0.0980500876903534
25,0.15,0.1,0.0980500876903534
25,0.15,0.2,0.11135414987802505
250,0.0,0.0,0.14852148294448853
250,0.0,0.1,0.14852148294448853
250,0.0,0.2,0.20902663469314575
250,0.03,0.0,0.16397841274738312
250,0.03,0.1,0.16397841274738312
250,0.03,0.2,0.1900169998407364
250,0.06,0.0,0.1805724948644638
250,0.06,0.1,0.1805724948644638
250,0.06,0.2,0.1644984632730484
250,0.09,0.0,0.18536604940891266
250,0.09,0.1,0.18536604940891266
250,0.09,0.2,0.14552639424800873
250,0.12,0.0,0.15429450571537018
250,0.12,0.1,0.15429450571537018
250,0.12,0.2,0.11542869359254837
250,0.15,0.0,0.1310185194015503
250,0.15,0.1,0.1310185194015503
250,0.15,0.2,0.11195778101682663
251,0.0,0.0,0.10228128731250763
251,0.0,0.1,0.10228128731250763
251,0.0,0.2,0.1267540007829666
251,0.03,0.0,0.11487706750631332
251,0.03,0.1,0.11487706750631332
251,0.03,0.2,0.1369098573923111
251,0.06,0.0,0.10959124565124512
251,0.06,0.1,0.10959124565124512
251,0.06,0.2,0.13536036014556885
251,0.09,0.0,0.1297397017478943
251,0.09,0.1,0.1297397017478943
251,0.09,0.2,0.12908250093460083
251,0.12,0.0,0.12459168583154678
251,0.12,0.1,0.12459168583154678
251,0.12,0.2,0.13017520308494568
251,0.15,0.0,0.12170832604169846
251,0.15,0.1,0.12170832604169846
251,0.15,0.2,0.13127495348453522
252,0.0,0.0,0.13176381587982178
252,0.0,0.1,0.13176381587982178
252,0.0,0.2,0.16954784095287323
252,0.03,0.0,0.16991598904132843
252,0.03,0.1,0.16991598904132843
252,0.03,0.2,0.19017693400382996
252,0.06,0.0,0.17619110643863678
252,0.06,0.1,0.17619110643863678
252,0.06,0.2,0.18679048120975494
252,0.09,0.0,0.17662228643894196
252,0.09,0.1,0.17662228643894196
252,0.09,0.2,0.17910254001617432
252,0.12,0.0,0.16763105988502502
252,0.12,0.1,0.16763105988502502
252,0.12,0.2,0.1645268350839615
252,0.15,0.0,0.16378530859947205
252,0.15,0.1,0.16378530859947205
252,0.15,0.2,0.15008293092250824
253,0.0,0.0,0.10427926480770111
253,0.0,0.1,0.10427926480770111
253,0.0,0.2,0.12878285348415375
253,0.03,0.0,0.11476320028305054
253,0.03,0.1,0.11476320028305054
253,0.03,0.2,0.1530890315771103
253,0.06,0.0,0.12169510871171951
253,0.06,0.1,0.12169510871171951
253,0.06,0.2,0.1448356658220291
253,0.09,0.0,0.12457280606031418
253,0.09,0.1,0.12457280606031418
253,0.09,0.2,0.1241692379117012
253,0.12,0.0,0.13602851331233978
253,0.12,0.1,0.13602851331233978
253,0.12,0.2,0.14091914892196655
253,0.15,0.0,0.13575948774814606
253,0.15,0.1,0.13575948774814606
253,0.15,0.2,0.12334972620010376
254,0.0,0.0,0.09840279072523117
254,0.0,0.1,0.09840279072523117
254,0.0,0.2,0.12277098000049591
254,0.03,0.0,0.10877424478530884
254,0.03,0.1,0.10877424478530884
254,0.03,0.2,0.12211264669895172
254,0.06,0.0,0.12459346652030945
254,0.06,0.1,0.12459346652030945
254,0.06,0.2,0.11432699114084244
254,0.09,0.0,0.10546886175870895
254,0.09,0.1,0.10546886175870895
254,0.09,0.2,0.10458166897296906
254,0.12,0.0,0.11170737445354462
254,0.12,0.1,0.11170737445354462
254,0.12,0.2,0.10565544664859772
254,0.15,0.0,0.10872352868318558
254,0.15,0.1,0.10872352868318558
254,0.15,0.2,0.10006218403577805
255,0.0,0.0,0.11257835477590561
255,0.0,0.1,0.11257835477590561
255,0.0,0.2,0.09258579462766647
255,0.03,0.0,0.10903532058000565
255,0.03,0.1,0.10903532058000565
255,0.03,0.2,0.11300013214349747
255,0.06,0.0,0.11057362705469131
255,0.06,0.1,0.11057362705469131
255,0.06,0.2,0.12902063131332397
255,0.09,0.0,0.11927914619445801
255,0.09,0.1,0.11927914619445801
255,0.09,0.2,0.11787471175193787
255,0.12,0.0,0.11013807356357574
255,0.12,0.1,0.11013807356357574
255,0.12,0.2,0.11313465982675552
255,0.15,0.0,0.10006105154752731
255,0.15,0.1,0.10006105154752731
255,0.15,0.2,0.0966181829571724
256,0.0,0.0,0.08986484259366989
256,0.0,0.1,0.08986484259366989
256,0.0,0.2,0.11294541507959366
256,0.03,0.0,0.08995337039232254
256,0.03,0.1,0.08995337039232254
256,0.03,0.2,0.11269328743219376
256,0.06,0.0,0.10045158118009567
256,0.06,0.1,0.10045158118009567
256,0.06,0.2,0.11238358914852142
256,0.09,0.0,0.10147695988416672
256,0.09,0.1,0.10147695988416672
256,0.09,0.2,0.11250318586826324
256,0.12,0.0,0.09767021238803864
256,0.12,0.1,0.09767021238803864
256,0.12,0.2,0.10616046190261841
256,0.15,0.0,0.09143205732107162
256,0.15,0.1,0.09143205732107162
256,0.15,0.2,0.10164333134889603
257,0.0,0.0,0.09896282106637955
257,0.0,0.1,0.09896282106637955
257,0.0,0.2,0.14552447199821472
257,0.03,0.0,0.11199364066123962
257,0.03,0.1,0.11199364066123962
257,0.03,0.2,0.15618981420993805
257,0.06,0.0,0.14341571927070618
257,0.06,0.1,0.14341571927070618
257,0.06,0.2,0.1577807515859604
257,0.09,0.0,0.159253790974617
257,0.09,0.1,0.159253790974617
257,0.09,0.2,0.14971520006656647
257,0.12,0.0,0.169525608420372
257,0.12,0.1,0.169525608420372
257,0.12,0.2,0.14238028228282928
257,0.15,0.0,0.16570398211479187
257,0.15,0.1,0.16570398211479187
257,0.15,0.2,0.1293126493692398
258,0.0,0.0,0.14278824627399445
258,0.0,0.1,0.14278824627399445
258,0.0,0.2,0.2134282886981964
258,0.03,0.0,0.1700778752565384
258,0.03,0.1,0.1700778752565384
258,0.03,0.2,0.18159286677837372
258,0.06,0.0,0.20398569107055664
258,0.06,0.1,0.20398569107055664
258,0.06,0.2,0.15918877720832825
258,0.09,0.0,0.21651674807071686
258,0.09,0.1,0.21651674807071686
258,0.09,0.2,0.15167801082134247
258,0.12,0.0,0.18934357166290283
258,0.12,0.1,0.18934357166290283
258,0.12,0.2,0.1173134446144104
258,0.15,0.0,0.15183845162391663
258,0.15,0.1,0.15183845162391663
258,0.15,0.2,0.08390912413597107
259,0.0,0.0,0.10731282830238342
259,0.0,0.1,0.10731282830238342
259,0.0,0.2,0.12104471772909164
259,0.03,0.0,0.10715297609567642
259,0.03,0.1,0.10715297609567642
259,0.03,0.2,0.11944733560085297
259,0.06,0.0,0.09794580936431885
259,0.06,0.1,0.09794580936431885
259,0.06,0.2,0.09106900542974472
259,0.09,0.0,0.09815256297588348
259,0.09,0.1,0.09815256297588348
259,0.09,0.2,0.09878165274858475
259,0.12,0.0,0.09408582001924515
259,0.12,0.1,0.09408582001924515
259,0.12,0.2,0.08293399959802628
259,0.15,0.0,0.08323603868484497
259,0.15,0.1,0.08323603868484497
259,0.15,0.2,0.07587779313325882
26,0.0,0.0,0.11796961724758148
26,0.0,0.1,0.11796961724758148
26,0.0,0.2,0.1748974323272705
26,0.03,0.0,0.13582885265350342
26,0.03,0.1,0.13582885265350342
26,0.03,0.2,0.19276690483093262
26,0.06,0.0,0.15899178385734558
26,0.06,0.1,0.15899178385734558
26,0.06,0.2,0.1879250556230545
26,0.09,0.0,0.17820335924625397
26,0.09,0.1,0.17820335924625397
26,0.09,0.2,0.17064210772514343
26,0.12,0.0,0.18349839746952057
26,0.12,0.1,0.18349839746952057
26,0.12,0.2,0.15847662091255188
26,0.15,0.0,0.1600068062543869
26,0.15,0.1,0.1600068062543869
26,0.15,0.2,0.13269011676311493
260,0.0,0.0,0.1229851022362709
260,0.0,0.1,0.1229851022362709
260,0.0,0.2,0.2314397245645523
260,0.03,0.0,0.17131644487380981
260,0.03,0.1,0.17131644487380981
260,0.03,0.2,0.24986374378204346
260,0.06,0.0,0.21802853047847748
260,0.06,0.1,0.21802853047847748
260,0.06,0.2,0.2569121718406677
260,0.09,0.0,0.23729465901851654
260,0.09,0.1,0.23729465901851654
260,0.09,0.2,0.24640659987926483
260,0.12,0.0,0.24396152794361115
260,0.12,0.1,0.24396152794361115
260,0.12,0.2,0.22232085466384888
260,0.15,0.0,0.2363685518503189
260,0.15,0.1,0.2363685518503189
260,0.15,0.2,0.1884315460920334
261,0.0,0.0,0.08921540528535843
261,0.0,0.1,0.08921540528535843
261,0.0,0.2,0.12927062809467316
261,0.03,0.0,0.14307665824890137
261,0.03,0.1,0.14307665824890137
261,0.03,0.2,0.15353287756443024
261,0.06,0.0,0.17002032697200775
261,0.06,0.1,0.17002032697200775
261,0.06,0.2,0.1652316004037857
261,0.09,0.0,0.1540077179670334
261,0.09,0.1,0.1540077179670334
261,0.09,0.2,0.14421992003917694
261,0.12,0.0,0.12529945373535156
261,0.12,0.1,0.12529945373535156
261,0.12,0.2,0.1233830451965332
261,0.15,0.0,0.13699676096439362
261,0.15,0.1,0.13699676096439362
261,0.15,0.2,0.1257268190383911
262,0.0,0.0,0.1734839379787445
262,0.0,0.1,0.1734839379787445
262,0.0,0.2,0.20092341303825378
262,0.03,0.0,0.18741196393966675
262,0.03,0.1,0.18741196393966675
262,0.03,0.2,0.19365864992141724
262,0.06,0.0,0.192598357796669
262,0.06,0.1,0.192598357796669
262,0.06,0.2,0.1839340478181839
262,0.09,0.0,0.1879315823316574
262,0.09,0.1,0.1879315823316574
262,0.09,0.2,0.1701163947582245
262,0.12,0.0,0.1431368738412857
262,0.12,0.1,0.1431368738412857
262,0.12,0.2,0.14811065793037415
262,0.15,0.0,0.13872447609901428
262,0.15,0.1,0.13872447609901428
262,0.15,0.2,0.14591847360134125
263,0.0,0.0,0.10525079816579819
263,0.0,0.1,0.10525079816579819
263,0.0,0.2,0.21811935305595398
263,0.03,0.0,0.16055847704410553
263,0.03,0.1,0.16055847704410553
263,0.03,0.2,0.26588350534439087
263,0.06,0.0,0.20827461779117584
263,0.06,0.1,0.20827461779117584
263,0.06,0.2,0.2729024887084961
263,0.09,0.0,0.2504461407661438
263,0.09,0.1,0.2504461407661438
263,0.09,0.2,0.2667229175567627
263,0.12,0.0,0.25444522500038147
263,0.12,0.1,0.25444522500038147
263,0.12,0.2,0.22787241637706757
263,0.15,0.0,0.2366163432598114
263,0.15,0.1,0.2366163432598114
263,0.15,0.2,0.16502045094966888
264,0.0,0.0,0.09101113677024841
264,0.0,0.1,0.09101113677024841
264,0.0,0.2,0.16801141202449799
264,0.03,0.0,0.12075938284397125
264,0.03,0.1,0.12075938284397125
264,0.03,0.2,0.1566469967365265
264,0.06,0.0,0.14884404838085175
264,0.06,0.1,0.14884404838085175
264,0.06,0.2,0.12736138701438904
264,0.09,0.0,0.1737794280052185
264,0.09,0.1,0.1737794280052185
264,0.09,0.2,0.11455204337835312
264,0.12,0.0,0.1501065045595169
264,0.12,0.1,0.1501065045595169
264,0.12,0.2,0.101913221180439
264,0.15,0.0,0.11631131172180176
264,0.15,0.1,0.11631131172180176
264,0.15,0.2,0.10344486683607101
265,0.0,0.0,0.13842786848545074
265,0.0,0.1,0.13842786848545074
265,0.0,0.2,0.24063199758529663
265,0.03,0.0,0.19291159510612488
265,0.03,0.1,0.19291159510612488
265,0.03,0.2,0.24773719906806946
265,0.06,0.0,0.23452022671699524
265,0.06,0.1,0.23452022671699524
265,0.06,0.2,0.23470626771450043
265,0.09,0.0,0.2540246248245239
265,0.09,0.1,0.2540246248245239
265,0.09,0.2,0.20202144980430603
265,0.12,0.0,0.2392164021730423
265,0.12,0.1,0.2392164021730423
265,0.12,0.2,0.15485180914402008
265,0.15,0.0,0.1977934092283249
265,0.15,0.1,0.1977934092283249
265,0.15,0.2,0.12088222801685333
266,0.0,0.0,0.09069082885980606
266,0.0,0.1,0.09069082885980606
266,0.0,0.2,0.09415628015995026
266,0.03,0.0,0.09532251209020615
266,0.03,0.1,0.09532251209020615
266,0.03,0.2,0.09362166374921799
266,0.06,0.0,0.10731134563684464
266,0.06,0.1,0.10731134563684464
266,0.06,0.2,0.09674551337957382
266,0.09,0.0,0.10521841049194336
266,0.09,0.1,0.10521841049194336
266,0.09,0.2,0.09982988238334656
266,0.12,0.0,0.09428741782903671
266,0.12,0.1,0.09428741782903671
266,0.12,0.2,0.09589874744415283
266,0.15,0.0,0.1017465889453888
266,0.15,0.1,0.1017465889453888
266,0.15,0.2,0.0927080437541008
267,0.0,0.0,0.10747210681438446
267,0.0,0.1,0.10747210681438446
267,0.0,0.2,0.12712936103343964
267,0.03,0.0,0.11884614080190659
267,0.03,0.1,0.11884614080190659
267,0.03,0.2,0.11035124957561493
267,0.06,0.0,0.13407164812088013
267,0.06,0.1,0.13407164812088013
267,0.06,0.2,0.09195657819509506
267,0.09,0.0,0.11941511929035187
267,0.09,0.1,0.11941511929035187
267,0.09,0.2,0.08900254964828491
267,0.12,0.0,0.10107260197401047
267,0.12,0.1,0.10107260197401047
267,0.12,0.2,0.1151825413107872
267,0.15,0.0,0.08327828347682953
267,0.15,0.1,0.08327828347682953
267,0.15,0.2,0.08474952727556229
268,0.0,0.0,0.14785133302211761
268,0.0,0.1,0.14785133302211761
268,0.0,0.2,0.18462079763412476
268,0.03,0.0,0.13568754494190216
268,0.03,0.1,0.13568754494190216
268,0.03,0.2,0.1598941534757614
268,0.06,0.0,0.16344767808914185
268,0.06,0.1,0.16344767808914185
268,0.06,0.2,0.18136748671531677
268,0.09,0.0,0.1609203815460205
268,0.09,0.1,0.1609203815460205
268,0.09,0.2,0.18020284175872803
268,0.12,0.0,0.11842276901006699
268,0.12,0.1,0.11842276901006699
268,0.12,0.2,0.16556507349014282
268,0.15,0.0,0.10704139620065689
268,0.15,0.1,0.10704139620065689
268,0.15,0.2,0.10751538723707199
269,0.0,0.0,0.11567060649394989
269,0.0,0.1,0.11567060649394989
269,0.0,0.2,0.13641461730003357
269,0.03,0.0,0.13508976995944977
269,0.03,0.1,0.13508976995944977
269,0.03,0.2,0.13067416846752167
269,0.06,0.0,0.13834840059280396
269,0.06,0.1,0.13834840059280396
269,0.06,0.2,0.160319522023201
269,0.09,0.0,0.12675721943378448
269,0.09,0.1,0.12675721943378448
269,0.09,0.2,0.14970794320106506
269,0.12,0.0,0.14616048336029053
269,0.12,0.1,0.14616048336029053
269,0.12,0.2,0.15116342902183533
269,0.15,0.0,0.16333726048469543
269,0.15,0.1,0.16333726048469543
269,0.15,0.2,0.1448066532611847
27,0.0,0.0,0.08687417209148407
27,0.0,0.1,0.08687417209148407
27,0.0,0.2,0.08893313258886337
27,0.03,0.0,0.08778898417949677
27,0.03,0.1,0.08778898417949677
27,0.03,0.2,0.09192744642496109
27,0.06,0.0,0.08673068135976791
27,0.06,0.1,0.08673068135976791
27,0.06,0.2,0.08852726966142654
27,0.09,0.0,0.09394360333681107
27,0.09,0.1,0.09394360333681107
27,0.09,0.2,0.08936525881290436
27,0.12,0.0,0.09123717993497849
27,0.12,0.1,0.09123717993497849
27,0.12,0.2,0.08030904084444046
27,0.15,0.0,0.10027638077735901
27,0.15,0.1,0.10027638077735901
27,0.15,0.2,0.0835840255022049
270,0.0,0.0,0.09437613934278488
270,0.0,0.1,0.09437613934278488
270,0.0,0.2,0.1509729027748108
270,0.03,0.0,0.11725406348705292
270,0.03,0.1,0.11725406348705292
270,0.03,0.2,0.1646210104227066
270,0.06,0.0,0.1510269045829773
270,0.06,0.1,0.1510269045829773
270,0.06,0.2,0.15275169909000397
270,0.09,0.0,0.16386893391609192
270,0.09,0.1,0.16386893391609192
270,0.09,0.2,0.13262663781642914
270,0.12,0.0,0.14809641242027283
270,0.12,0.1,0.14809641242027283
270,0.12,0.2,0.10439330339431763
270,0.15,0.0,0.10699442028999329
270,0.15,0.1,0.10699442028999329
270,0.15,0.2,0.09331800043582916
271,0.0,0.0,0.09429624676704407
271,0.0,0.1,0.09429624676704407
271,0.0,0.2,0.14668384194374084
271,0.03,0.0,0.12107452750205994
271,0.03,0.1,0.12107452750205994
271,0.03,0.2,0.1534077227115631
271,0.06,0.0,0.14490395784378052
271,0.06,0.1,0.14490395784378052
271,0.06,0.2,0.13909775018692017
271,0.09,0.0,0.17392338812351227
271,0.09,0.1,0.17392338812351227
271,0.09,0.2,0.1343441903591156
271,0.12,0.0,0.16816595196723938
271,0.12,0.1,0.16816595196723938
271,0.12,0.2,0.12982100248336792
271,0.15,0.0,0.14398017525672913
271,0.15,0.1,0.14398017525672913
271,0.15,0.2,0.12184587866067886
272,0.0,0.0,0.11385611444711685
272,0.0,0.1,0.11385611444711685
272,0.0,0.2,0.17180612683296204
272,0.03,0.0,0.12727050483226776
272,0.03,0.1,0.12727050483226776
272,0.03,0.2,0.1650257110595703
272,0.06,0.0,0.14117243885993958
272,0.06,0.1,0.14117243885993958
272,0.06,0.2,0.14925360679626465
272,0.09,0.0,0.15638159215450287
272,0.09,0.1,0.15638159215450287
272,0.09,0.2,0.13616810739040375
272,0.12,0.0,0.1510993242263794
272,0.12,0.1,0.1510993242263794
272,0.12,0.2,0.12998567521572113
272,0.15,0.0,0.12248352915048599
272,0.15,0.1,0.12248352915048599
272,0.15,0.2,0.10901480913162231
273,0.0,0.0,0.1059786006808281
273,0.0,0.1,0.1059786006808281
273,0.0,0.2,0.1282264143228531
273,0.03,0.0,0.09273148328065872
273,0.03,0.1,0.09273148328065872
273,0.03,0.2,0.1291092336177826
273,0.06,0.0,0.1079772338271141
273,0.06,0.1,0.1079772338271141
273,0.06,0.2,0.12839634716510773
273,0.09,0.0,0.11905886232852936
273,0.09,0.1,0.11905886232852936
273,0.09,0.2,0.11599457263946533
273,0.12,0.0,0.12312617897987366
273,0.12,0.1,0.12312617897987366
273,0.12,0.2,0.11708778142929077
273,0.15,0.0,0.11139842867851257
273,0.15,0.1,0.11139842867851257
273,0.15,0.2,0.10587238520383835
274,0.0,0.0,0.1074809730052948
274,0.0,0.1,0.1074809730052948
274,0.0,0.2,0.13403287529945374
274,0.03,0.0,0.11993181705474854
274,0.03,0.1,0.11993181705474854
274,0.03,0.2,0.13422569632530212
274,0.06,0.0,0.13562831282615662
274,0.06,0.1,0.13562831282615662
274,0.06,0.2,0.1266729086637497
274,0.09,0.0,0.12298283725976944
274,0.09,0.1,0.12298283725976944
274,0.09,0.2,0.1120079830288887
274,0.12,0.0,0.12078618258237839
274,0.12,0.1,0.12078618258237839
274,0.12,0.2,0.11531152576208115
274,0.15,0.0,0.10858754813671112
274,0.15,0.1,0.10858754813671112
274,0.15,0.2,0.0917610451579094
275,0.0,0.0,0.1098969578742981
275,0.0,0.1,0.1098969578742981
275,0.0,0.2,0.11627024412155151
275,0.03,0.0,0.10077524185180664
275,0.03,0.1,0.10077524185180664
275,0.03,0.2,0.10351722687482834
275,0.06,0.0,0.10354821383953094
275,0.06,0.1,0.10354821383953094
275,0.06,0.2,0.10778540372848511
275,0.09,0.0,0.10533181577920914
275,0.09,0.1,0.10533181577920914
275,0.09,0.2,0.09859034419059753
275,0.12,0.0,0.09212291240692139
275,0.12,0.1,0.09212291240692139
275,0.12,0.2,0.08426352590322495
275,0.15,0.0,0.0775311216711998
275,0.15,0.1,0.0775311216711998
275,0.15,0.2,0.09032372385263443
276,0.0,0.0,0.11537116020917892
276,0.0,0.1,0.11537116020917892
276,0.0,0.2,0.13245750963687897
276,0.03,0.0,0.0957159623503685
276,0.03,0.1,0.0957159623503685
276,0.03,0.2,0.099113829433918
276,0.06,0.0,0.08820157498121262
276,0.06,0.1,0.08820157498121262
276,0.06,0.2,0.09720469266176224
276,0.09,0.0,0.10321909189224243
276,0.09,0.1,0.10321909189224243
276,0.09,0.2,0.09472812712192535
276,0.12,0.0,0.10015345364809036
276,0.12,0.1,0.10015345364809036
276,0.12,0.2,0.09674384444952011
276,0.15,0.0,0.09424465149641037
276,0.15,0.1,0.09424465149641037
276,0.15,0.2,0.09090888500213623
277,0.0,0.0,0.12005969136953354
277,0.0,0.1,0.12005969136953354
277,0.0,0.2,0.11777081340551376
277,0.03,0.0,0.11183605343103409
277,0.03,0.1,0.11183605343103409
277,0.03,0.2,0.10545303672552109
277,0.06,0.0,0.08887124806642532
277,0.06,0.1,0.08887124806642532
277,0.06,0.2,0.09882158041000366
277,0.09,0.0,0.09083656221628189
277,0.09,0.1,0.09083656221628189
277,0.09,0.2,0.09647509455680847
277,0.12,0.0,0.0950772687792778
277,0.12,0.1,0.0950772687792778
277,0.12,0.2,0.08575592190027237
277,0.15,0.0,0.08868063241243362
277,0.15,0.1,0.08868063241243362
277,0.15,0.2,0.0920611023902893
278,0.0,0.0,0.08225758373737335
278,0.0,0.1,0.08225758373737335
278,0.0,0.2,0.10053098946809769
278,0.03,0.0,0.10039446502923965
278,0.03,0.1,0.10039446502923965
278,0.03,0.2,0.10641999542713165
278,0.06,0.0,0.10891013592481613
278,0.06,0.1,0.10891013592481613
278,0.06,0.2,0.10311957448720932
278,0.09,0.0,0.10082518309354782
278,0.09,0.1,0.10082518309354782
278,0.09,0.2,0.10003528743982315
278,0.12,0.0,0.1027301475405693
278,0.12,0.1,0.1027301475405693
278,0.12,0.2,0.10656099766492844
278,0.15,0.0,0.10798850655555725
278,0.15,0.1,0.10798850655555725
278,0.15,0.2,0.11442092061042786
279,0.0,0.0,0.10780798643827438
279,0.0,0.1,0.10780798643827438
279,0.0,0.2,0.13950608670711517
279,0.03,0.0,0.13830401003360748
279,0.03,0.1,0.13830401003360748
279,0.03,0.2,0.11125524342060089
279,0.06,0.0,0.16081759333610535
279,0.06,0.1,0.16081759333610535
279,0.06,0.2,0.11853788793087006
279,0.09,0.0,0.14380164444446564
279,0.09,0.1,0.14380164444446564
279,0.09,0.2,0.11208289861679077
279,0.12,0.0,0.09159216284751892
279,0.12,0.1,0.09159216284751892
279,0.12,0.2,0.09089618921279907
279,0.15,0.0,0.10170073062181473
279,0.15,0.1,0.10170073062181473
279,0.15,0.2,0.11006657779216766
28,0.0,0.0,0.09502224624156952
28,0.0,0.1,0.09502224624156952
28,0.0,0.2,0.12551333010196686
28,0.03,0.0,0.1154371127486229
28,0.03,0.1,0.1154371127486229
28,0.03,0.2,0.11564279347658157
28,0.06,0.0,0.1282433569431305
28,0.06,0.1,0.1282433569431305
28,0.06,0.2,0.11092022806406021
28,0.09,0.0,0.12256409972906113
28,0.09,0.1,0.12256409972906113
28,0.09,0.2,0.10771944373846054
28,0.12,0.0,0.09752330929040909
28,0.12,0.1,0.09752330929040909
28,0.12,0.2,0.09245286136865616
28,0.15,0.0,0.08432065695524216
28,0.15,0.1,0.08432065695524216
28,0.15,0.2,0.091702401638031
280,0.0,0.0,0.09293141961097717
280,0.0,0.1,0.09293141961097717
280,0.0,0.2,0.12590378522872925
280,0.03,0.0,0.09379418939352036
280,0.03,0.1,0.09379418939352036
280,0.03,0.2,0.10970892012119293
280,0.06,0.0,0.09792716801166534
280,0.06,0.1,0.09792716801166534
280,0.06,0.2,0.10297797620296478
280,0.09,0.0,0.08960945904254913
280,0.09,0.1,0.08960945904254913
280,0.09,0.2,0.09634477645158768
280,0.12,0.0,0.08914797008037567
280,0.12,0.1,0.08914797008037567
280,0.12,0.2,0.10895157605409622
280,0.15,0.0,0.08349699527025223
280,0.15,0.1,0.08349699527025223
280,0.15,0.2,0.08620766550302505
281,0.0,0.0,0.12953655421733856
281,0.0,0.1,0.12953655421733856
281,0.0,0.2,0.1427062451839447
281,0.03,0.0,0.09493666887283325
281,0.03,0.1,0.09493666887283325
281,0.03,0.2,0.12109001725912094
281,0.06,0.0,0.12271180003881454
281,0.06,0.1,0.12271180003881454
281,0.06,0.2,0.12309987097978592
281,0.09,0.0,0.1241137683391571
281,0.09,0.1,0.1241137683391571
281,0.09,0.2,0.11588463932275772
281,0.12,0.0,0.1196405291557312
281,0.12,0.1,0.1196405291557312
281,0.12,0.2,0.10949471592903137
281,0.15,0.0,0.10231571644544601
281,0.15,0.1,0.10231571644544601
281,0.15,0.2,0.10839816927909851
282,0.0,0.0,0.09825890511274338
282,0.0,0.1,0.09825890511274338
282,0.0,0.2,0.16122475266456604
282,0.03,0.0,0.13585954904556274
282,0.03,0.1,0.13585954904556274
282,0.03,0.2,0.15978679060935974
282,0.06,0.0,0.16741858422756195
282,0.06,0.1,0.16741858422756195
282,0.06,0.2,0.15784898400306702
282,0.09,0.0,0.18316860496997833
282,0.09,0.1,0.18316860496997833
282,0.09,0.2,0.15073613822460175
282,0.12,0.0,0.1868957132101059
282,0.12,0.1,0.1868957132101059
282,0.12,0.2,0.14699234068393707
282,0.15,0.0,0.1417771875858307
282,0.15,0.1,0.1417771875858307
282,0.15,0.2,0.12886308133602142
283,0.0,0.0,0.10490730404853821
283,0.0,0.1,0.10490730404853821
283,0.0,0.2,0.13393722474575043
283,0.03,0.0,0.1196821853518486
283,0.03,0.1,0.1196821853518486
283,0.03,0.2,0.15439589321613312
283,0.06,0.0,0.12606707215309143
283,0.06,0.1,0.12606707215309143
283,0.06,0.2,0.15068450570106506
283,0.09,0.0,0.14975859224796295
283,0.09,0.1,0.14975859224796295
283,0.09,0.2,0.1573110967874527
283,0.12,0.0,0.15796691179275513
283,0.12,0.1,0.15796691179275513
283,0.12,0.2,0.14276011288166046
283,0.15,0.0,0.13754203915596008
283,0.15,0.1,0.13754203915596008
283,0.15,0.2,0.11922553181648254
284,0.0,0.0,0.07794826477766037
284,0.0,0.1,0.07794826477766037
284,0.0,0.2,0.10708585381507874
284,0.03,0.0,0.1008811816573143
284,0.03,0.1,0.1008811816573143
284,0.03,0.2,0.10815934836864471
284,0.06,0.0,0.11227311939001083
284,0.06,0.1,0.11227311939001083
284,0.06,0.2,0.10489324480295181
284,0.09,0.0,0.12676557898521423
284,0.09,0.1,0.12676557898521423
284,0.09,0.2,0.10543576627969742
284,0.12,0.0,0.13201859593391418
284,0.12,0.1,0.13201859593391418
284,0.12,0.2,0.09968849271535873
284,0.15,0.0,0.14354705810546875
284,0.15,0.1,0.14354705810546875
284,0.15,0.2,0.11134383827447891
285,0.0,0.0,0.1411803811788559
285,0.0,0.1,0.1411803811788559
285,0.0,0.2,0.2095312774181366
285,0.03,0.0,0.15151655673980713
285,0.03,0.1,0.15151655673980713
285,0.03,0.2,0.18901698291301727
285,0.06,0.0,0.16988110542297363
285,0.06,0.1,0.16988110542297363
285,0.06,0.2,0.14784908294677734
285,0.09,0.0,0.18369770050048828
285,0.09,0.1,0.18369770050048828
285,0.09,0.2,0.13090553879737854
285,0.12,0.0,0.16297104954719543
285,0.12,0.1,0.16297104954719543
285,0.12,0.2,0.09852240979671478
285,0.15,0.0,0.10266730934381485
285,0.15,0.1,0.10266730934381485
285,0.15,0.2,0.08961719274520874
286,0.0,0.0,0.10875101387500763
286,0.0,0.1,0.10875101387500763
286,0.0,0.2,0.16113197803497314
286,0.03,0.0,0.11844507604837418
286,0.03,0.1,0.11844507604837418
286,0.03,0.2,0.13287292420864105
286,0.06,0.0,0.11894100904464722
286,0.06,0.1,0.11894100904464722
286,0.06,0.2,0.10576651245355606
286,0.09,0.0,0.1287110596895218
286,0.09,0.1,0.1287110596895218
286,0.09,0.2,0.10114014893770218
286,0.12,0.0,0.11648629605770111
286,0.12,0.1,0.11648629605770111
286,0.12,0.2,0.094838447868824
286,0.15,0.0,0.10333847254514694
286,0.15,0.1,0.10333847254514694
286,0.15,0.2,0.10214338451623917
287,0.0,0.0,0.15178442001342773
287,0.0,0.1,0.15178442001342773
287,0.0,0.2,0.22279150784015656
287,0.03,0.0,0.19170765578746796
287,0.03,0.1,0.19170765578746796
287,0.03,0.2,0.22255674004554749
287,0.06,0.0,0.22591765224933624
287,0.06,0.1,0.22591765224933624
287,0.06,0.2,0.2127169519662857
287,0.09,0.0,0.22064419090747833
287,0.09,0.1,0.22064419090747833
287,0.09,0.2,0.18363243341445923
287,0.12,0.0,0.18800579011440277
287,0.12,0.1,0.18800579011440277
287,0.12,0.2,0.14701949059963226
287,0.15,0.0,0.14063192903995514
287,0.15,0.1,0.14063192903995514
287,0.15,0.2,0.12279395759105682
288,0.0,0.0,0.09392683207988739
288,0.0,0.1,0.09392683207988739
288,0.0,0.2,0.12575529515743256
288,0.03,0.0,0.10413999855518341
288,0.03,0.1,0.10413999855518341
288,0.03,0.2,0.13072676956653595
288,0.06,0.0,0.10674984008073807
288,0.06,0.1,0.10674984008073807
288,0.06,0.2,0.13074733316898346
288,0.09,0.0,0.11780259758234024
288,0.09,0.1,0.11780259758234024
288,0.09,0.2,0.13726601004600525
288,0.12,0.0,0.10459944605827332
288,0.12,0.1,0.10459944605827332
288,0.12,0.2,0.12407415360212326
288,0.15,0.0,0.10782285034656525
288,0.15,0.1,0.10782285034656525
288,0.15,0.2,0.11407987028360367
289,0.0,0.0,0.09540765732526779
289,0.0,0.1,0.09540765732526779
289,0.0,0.2,0.09139081835746765
289,0.03,0.0,0.08936914056539536
289,0.03,0.1,0.08936914056539536
289,0.03,0.2,0.09588181972503662
289,0.06,0.0,0.08868502080440521
289,0.06,0.1,0.08868502080440521
289,0.06,0.2,0.09537727385759354
289,0.09,0.0,0.09228992462158203
289,0.09,0.1,0.09228992462158203
289,0.09,0.2,0.08620282262563705
289,0.12,0.0,0.0952426940202713
289,0.12,0.1,0.0952426940202713
289,0.12,0.2,0.08030704408884048
289,0.15,0.0,0.09739400446414948
289,0.15,0.1,0.09739400446414948
289,0.15,0.2,0.08714103698730469
29,0.0,0.0,0.11951974034309387
29,0.0,0.1,0.11951974034309387
29,0.0,0.2,0.18886402249336243
29,0.03,0.0,0.1213260367512703
29,0.03,0.1,0.1213260367512703
29,0.03,0.2,0.14682365953922272
29,0.06,0.0,0.1654835343360901
29,0.06,0.1,0.1654835343360901
29,0.06,0.2,0.1876358538866043
29,0.09,0.0,0.18469975888729095
29,0.09,0.1,0.18469975888729095
29,0.09,0.2,0.17514733970165253
29,0.12,0.0,0.14925077557563782
29,0.12,0.1,0.14925077557563782
29,0.12,0.2,0.10467324405908585
29,0.15,0.0,0.15270282328128815
29,0.15,0.1,0.15270282328128815
29,0.15,0.2,0.13527467846870422
290,0.0,0.0,0.0927678644657135
290,0.0,0.1,0.0927678644657135
290,0.0,0.2,0.11843128502368927
290,0.03,0.0,0.09750297665596008
290,0.03,0.1,0.09750297665596008
290,0.03,0.2,0.08994878083467484
290,0.06,0.0,0.1057574674487114
290,0.06,0.1,0.1057574674487114
290,0.06,0.2,0.09177768975496292
290,0.09,0.0,0.11957230418920517
290,0.09,0.1,0.11957230418920517
290,0.09,0.2,0.08569477498531342
290,0.12,0.0,0.12784390151500702
290,0.12,0.1,0.12784390151500702
290,0.12,0.2,0.08892116695642471
290,0.15,0.0,0.13231422007083893
290,0.15,0.1,0.13231422007083893
290,0.15,0.2,0.11054795235395432
291,0.0,0.0,0.12549330294132233
291,0.0,0.1,0.12549330294132233
291,0.0,0.2,0.1781478077173233
291,0.03,0.0,0.14790615439414978
291,0.03,0.1,0.14790615439414978
291,0.03,0.2,0.1870146095752716
291,0.06,0.0,0.1662033498287201
291,0.06,0.1,0.1662033498287201
291,0.06,0.2,0.18701818585395813
291,0.09,0.0,0.17450955510139465
291,0.09,0.1,0.17450955510139465
291,0.09,0.2,0.17856431007385254
291,0.12,0.0,0.18151971697807312
291,0.12,0.1,0.18151971697807312
291,0.12,0.2,0.18288925290107727
291,0.15,0.0,0.18369275331497192
291,0.15,0.1,0.18369275331497192
291,0.15,0.2,0.16110926866531372
292,0.0,0.0,0.09668127447366714
292,0.0,0.1,0.09668127447366714
292,0.0,0.2,0.1388520896434784
292,0.03,0.0,0.10271573811769485
292,0.03,0.1,0.10271573811769485
292,0.03,0.2,0.1387423425912857
292,0.06,0.0,0.12630000710487366
292,0.06,0.1,0.12630000710487366
292,0.06,0.2,0.13652262091636658
292,0.09,0.0,0.13993975520133972
292,0.09,0.1,0.13993975520133972
292,0.09,0.2,0.13476531207561493
292,0.12,0.0,0.14710402488708496
292,0.12,0.1,0.14710402488708496
292,0.12,0.2,0.13601334393024445
292,0.15,0.0,0.14096777141094208
292,0.15,0.1,0.14096777141094208
292,0.15,0.2,0.12192505598068237
293,0.0,0.0,0.10809192061424255
293,0.0,0.1,0.10809192061424255
293,0.0,0.2,0.12699896097183228
293,0.03,0.0,0.14732518792152405
293,0.03,0.1,0.14732518792152405
293,0.03,0.2,0.11767856031656265
293,0.06,0.0,0.19501757621765137
293,0.06,0.1,0.19501757621765137
293,0.06,0.2,0.10150817036628723
293,0.09,0.0,0.1715695858001709
293,0.09,0.1,0.1715695858001709
293,0.09,0.2,0.09947514533996582
293,0.12,0.0,0.10166832059621811
293,0.12,0.1,0.10166832059621811
293,0.12,0.2,0.1001816913485527
293,0.15,0.0,0.1046249270439148
293,0.15,0.1,0.1046249270439148
293,0.15,0.2,0.10325827449560165
294,0.0,0.0,0.1206556186079979
294,0.0,0.1,0.1206556186079979
294,0.0,0.2,0.13238230347633362
294,0.03,0.0,0.1420024186372757
294,0.03,0.1,0.1420024186372757
294,0.03,0.2,0.13205455243587494
294,0.06,0.0,0.14121681451797485
294,0.06,0.1,0.14121681451797485
294,0.06,0.2,0.11468257755041122
294,0.09,0.0,0.13440479338169098
294,0.09,0.1,0.13440479338169098
294,0.09,0.2,0.12088518589735031
294,0.12,0.0,0.13721540570259094
294,0.12,0.1,0.13721540570259094
294,0.12,0.2,0.1316085010766983
294,0.15,0.0,0.1342780888080597
294,0.15,0.1,0.1342780888080597
294,0.15,0.2,0.13064174354076385
295,0.0,0.0,0.09356135129928589
295,0.0,0.1,0.09356135129928589
295,0.0,0.2,0.10220899432897568
295,0.03,0.0,0.11044149845838547
295,0.03,0.1,0.11044149845838547
295,0.03,0.2,0.10775970667600632
295,0.06,0.0,0.12725728750228882
295,0.06,0.1,0.12725728750228882
295,0.06,0.2,0.11177900433540344
295,0.09,0.0,0.13546545803546906
295,0.09,0.1,0.13546545803546906
295,0.09,0.2,0.10818101465702057
295,0.12,0.0,0.1004088893532753
295,0.12,0.1,0.1004088893532753
295,0.12,0.2,0.10286550223827362
295,0.15,0.0,0.11049799621105194
295,0.15,0.1,0.11049799621105194
295,0.15,0.2,0.10327543318271637
296,0.0,0.0,0.10644745081663132
296,0.0,0.1,0.10644745081663132
296,0.0,0.2,0.1303240954875946
296,0.03,0.0,0.09854405373334885
296,0.03,0.1,0.09854405373334885
296,0.03,0.2,0.1336318403482437
296,0.06,0.0,0.11268789321184158
296,0.06,0.1,0.11268789321184158
296,0.06,0.2,0.13412904739379883
296,0.09,0.0,0.11833135038614273
296,0.09,0.1,0.11833135038614273
296,0.09,0.2,0.12922781705856323
296,0.12,0.0,0.11873313039541245
296,0.12,0.1,0.11873313039541245
296,0.12,0.2,0.11207737773656845
296,0.15,0.0,0.12016173452138901
296,0.15,0.1,0.12016173452138901
296,0.15,0.2,0.10865092277526855
297,0.0,0.0,0.14866623282432556
297,0.0,0.1,0.14866623282432556
297,0.0,0.2,0.2122495472431183
297,0.03,0.0,0.1924993395805359
297,0.03,0.1,0.1924993395805359
297,0.03,0.2,0.2181481122970581
297,0.06,0.0,0.21653372049331665
297,0.06,0.1,0.21653372049331665
297,0.06,0.2,0.20592211186885834
297,0.09,0.0,0.22297519445419312
297,0.09,0.1,0.22297519445419312
297,0.09,0.2,0.197236567735672
297,0.12,0.0,0.1959463208913803
297,0.12,0.1,0.1959463208913803
297,0.12,0.2,0.1732683926820755
297,0.15,0.0,0.15886761248111725
297,0.15,0.1,0.15886761248111725
297,0.15,0.2,0.1377526968717575
298,0.0,0.0,0.09567534178495407
298,0.0,0.1,0.09567534178495407
298,0.0,0.2,0.1598968505859375
298,0.03,0.0,0.12017394602298737
298,0.03,0.1,0.12017394602298737
298,0.03,0.2,0.15029606223106384
298,0.06,0.0,0.14031875133514404
298,0.06,0.1,0.14031875133514404
298,0.06,0.2,0.13561348617076874
298,0.09,0.0,0.16351890563964844
298,0.09,0.1,0.16351890563964844
298,0.09,0.2,0.134825199842453
298,0.12,0.0,0.15695825219154358
298,0.12,0.1,0.15695825219154358
298,0.12,0.2,0.11765532940626144
298,0.15,0.0,0.11978612095117569
298,0.15,0.1,0.11978612095117569
298,0.15,0.2,0.10077585279941559
299,0.0,0.0,0.09521758556365967
299,0.0,0.1,0.09521758556365967
299,0.0,0.2,0.11192324012517929
299,0.03,0.0,0.0998980924487114
299,0.03,0.1,0.0998980924487114
299,0.03,0.2,0.10882358998060226
299,0.06,0.0,0.10785498470067978
299,0.06,0.1,0.10785498470067978
299,0.06,0.2,0.09578002244234085
299,0.09,0.0,0.10401918739080429
299,0.09,0.1,0.10401918739080429
299,0.09,0.2,0.10169992595911026
299,0.12,0.0,0.09360204637050629
299,0.12,0.1,0.09360204637050629
299,0.12,0.2,0.09652549773454666
299,0.15,0.0,0.08308673650026321
299,0.15,0.1,0.08308673650026321
299,0.15,0.2,0.08558458834886551
3,0.0,0.0,0.09182377904653549
3,0.0,0.1,0.09182377904653549
3,0.0,0.2,0.09407468885183334
3,0.03,0.0,0.09252241998910904
3,0.03,0.1,0.09252241998910904
3,0.03,0.2,0.08856643736362457
3,0.06,0.0,0.08237403631210327
3,0.06,0.1,0.08237403631210327
3,0.06,0.2,0.09114959836006165
3,0.09,0.0,0.09264250099658966
3,0.09,0.1,0.09264250099658966
3,0.09,0.2,0.08473383635282516
3,0.12,0.0,0.07913964241743088
3,0.12,0.1,0.07913964241743088
3,0.12,0.2,0.09470850974321365
3,0.15,0.0,0.09950608015060425
3,0.15,0.1,0.09950608015060425
3,0.15,0.2,0.08896303921937943
30,0.0,0.0,0.08453819155693054
30,0.0,0.1,0.08453819155693054
30,0.0,0.2,0.1664547473192215
30,0.03,0.0,0.08654133975505829
30,0.03,0.1,0.08654133975505829
30,0.03,0.2,0.16622240841388702
30,0.06,0.0,0.13966256380081177
30,0.06,0.1,0.13966256380081177
30,0.06,0.2,0.1508290320634842
30,0.09,0.0,0.1906355619430542
30,0.09,0.1,0.1906355619430542
30,0.09,0.2,0.15503834187984467
30,0.12,0.0,0.22458232939243317
30,0.12,0.1,0.22458232939243317
30,0.12,0.2,0.14045266807079315
30,0.15,0.0,0.2254841923713684
30,0.15,0.1,0.2254841923713684
30,0.15,0.2,0.12851211428642273
300,0.0,0.0,0.10538695007562637
300,0.0,0.1,0.10538695007562637
300,0.0,0.2,0.12640631198883057
300,0.03,0.0,0.09090682119131088
300,0.03,0.1,0.09090682119131088
300,0.03,0.2,0.10169591754674911
300,0.06,0.0,0.11727480590343475
300,0.06,0.1,0.11727480590343475
300,0.06,0.2,0.08982739597558975
300,0.09,0.0,0.110568568110466
300,0.09,0.1,0.110568568110466
300,0.09,0.2,0.1014547124505043
300,0.12,0.0,0.10821383446455002
300,0.12,0.1,0.10821383446455002
300,0.12,0.2,0.08981019258499146
300,0.15,0.0,0.09407718479633331
300,0.15,0.1,0.09407718479633331
300,0.15,0.2,0.08532700687646866
301,0.0,0.0,0.09780886769294739
301,0.0,0.1,0.09780886769294739
301,0.0,0.2,0.1471768170595169
301,0.03,0.0,0.10746973007917404
301,0.03,0.1,0.10746973007917404
301,0.03,0.2,0.15589559078216553
301,0.06,0.0,0.1135096326470375
301,0.06,0.1,0.1135096326470375
301,0.06,0.2,0.14678645133972168
301,0.09,0.0,0.12459369003772736
301,0.09,0.1,0.12459369003772736
301,0.09,0.2,0.1418447196483612
301,0.12,0.0,0.1374685913324356
301,0.12,0.1,0.1374685913324356
301,0.12,0.2,0.13951991498470306
301,0.15,0.0,0.12014158815145493
301,0.15,0.1,0.12014158815145493
301,0.15,0.2,0.12748511135578156
302,0.0,0.0,0.1314285546541214
302,0.0,0.1,0.1314285546541214
302,0.0,0.2,0.18529316782951355
302,0.03,0.0,0.14856848120689392
302,0.03,0.1,0.14856848120689392
302,0.03,0.2,0.1917954534292221
302,0.06,0.0,0.16959744691848755
302,0.06,0.1,0.16959744691848755
302,0.06,0.2,0.18648551404476166
302,0.09,0.0,0.18015563488006592
302,0.09,0.1,0.18015563488006592
302,0.09,0.2,0.16821731626987457
302,0.12,0.0,0.16786561906337738
302,0.12,0.1,0.16786561906337738
302,0.12,0.2,0.1471295952796936
302,0.15,0.0,0.1466040164232254
302,0.15,0.1,0.1466040164232254
302,0.15,0.2,0.13101108372211456
303,0.0,0.0,0.10245518386363983
303,0.0,0.1,0.10245518386363983
303,0.0,0.2,0.13102073967456818
303,0.03,0.0,0.11409498751163483
303,0.03,0.1,0.11409498751163483
303,0.03,0.2,0.11996947228908539
303,0.06,0.0,0.11431684345006943
303,0.06,0.1,0.11431684345006943
303,0.06,0.2,0.1046367660164833
303,0.09,0.0,0.1137520894408226
303,0.09,0.1,0.1137520894408226
303,0.09,0.2,0.09266474843025208
303,0.12,0.0,0.08978579193353653
303,0.12,0.1,0.08978579193353653
303,0.12,0.2,0.09080005437135696
303,0.15,0.0,0.10250052064657211
303,0.15,0.1,0.10250052064657211
303,0.15,0.2,0.10210864245891571
304,0.0,0.0,0.1491585671901703
304,0.0,0.1,0.1491585671901703
304,0.0,0.2,0.177668958902359
304,0.03,0.0,0.18705379962921143
304,0.03,0.1,0.18705379962921143
304,0.03,0.2,0.13170355558395386
304,0.06,0.0,0.20608589053153992
304,0.06,0.1,0.20608589053153992
304,0.06,0.2,0.08889014273881912
304,0.09,0.0,0.17281702160835266
304,0.09,0.1,0.17281702160835266
304,0.09,0.2,0.08416526019573212
304,0.12,0.0,0.11591839790344238
304,0.12,0.1,0.11591839790344238
304,0.12,0.2,0.08202581107616425
304,0.15,0.0,0.10586433112621307
304,0.15,0.1,0.10586433112621307
304,0.15,0.2,0.11000605672597885
305,0.0,0.0,0.13546185195446014
305,0.0,0.1,0.13546185195446014
305,0.0,0.2,0.19249168038368225
305,0.03,0.0,0.15572044253349304
305,0.03,0.1,0.15572044253349304
305,0.03,0.2,0.18653668463230133
305,0.06,0.0,0.15184637904167175
305,0.06,0.1,0.15184637904167175
305,0.06,0.2,0.15228694677352905
305,0.09,0.0,0.17848919332027435
305,0.09,0.1,0.17848919332027435
305,0.09,0.2,0.13010740280151367
305,0.12,0.0,0.1458340734243393
305,0.12,0.1,0.1458340734243393
305,0.12,0.2,0.09447845071554184
305,0.15,0.0,0.1387048214673996
305,0.15,0.1,0.1387048214673996
305,0.15,0.2,0.09712996333837509
306,0.0,0.0,0.11942193657159805
306,0.0,0.1,0.11942193657159805
306,0.0,0.2,0.11799903213977814
306,0.03,0.0,0.17425857484340668
306,0.03,0.1,0.17425857484340668
306,0.03,0.2,0.09204275161027908
306,0.06,0.0,0.19523058831691742
306,0.06,0.1,0.19523058831691742
306,0.06,0.2,0.09889548271894455
306,0.09,0.0,0.1850781887769699
306,0.09,0.1,0.1850781887769699
306,0.09,0.2,0.1223970502614975
306,0.12,0.0,0.1754176914691925
306,0.12,0.1,0.1754176914691925
306,0.12,0.2,0.16446943581104279
306,0.15,0.0,0.20753908157348633
306,0.15,0.1,0.20753908157348633
306,0.15,0.2,0.16807110607624054
307,0.0,0.0,0.09919434040784836
307,0.0,0.1,0.09919434040784836
307,0.0,0.2,0.07630640268325806
307,0.03,0.0,0.09807765483856201
307,0.03,0.1,0.09807765483856201
307,0.03,0.2,0.08058562129735947
307,0.06,0.0,0.10583609342575073
307,0.06,0.1,0.10583609342575073
307,0.06,0.2,0.08694472163915634
307,0.09,0.0,0.09865988045930862
307,0.09,0.1,0.09865988045930862
307,0.09,0.2,0.08975858986377716
307,0.12,0.0,0.10873647779226303
307,0.12,0.1,0.10873647779226303
307,0.12,0.2,0.10050887614488602
307,0.15,0.0,0.09178347140550613
307,0.15,0.1,0.09178347140550613
307,0.15,0.2,0.09219115227460861
308,0.0,0.0,0.14926879107952118
308,0.0,0.1,0.14926879107952118
308,0.0,0.2,0.20268559455871582
308,0.03,0.0,0.16378089785575867
308,0.03,0.1,0.16378089785575867
308,0.03,0.2,0.18444371223449707
308,0.06,0.0,0.200823113322258
308,0.06,0.1,0.200823113322258
308,0.06,0.2,0.18032541871070862
308,0.09,0.0,0.20664075016975403
308,0.09,0.1,0.20664075016975403
308,0.09,0.2,0.15326188504695892
308,0.12,0.0,0.19689233601093292
308,0.12,0.1,0.19689233601093292
308,0.12,0.2,0.14854200184345245
308,0.15,0.0,0.1642030030488968
308,0.15,0.1,0.1642030030488968
308,0.15,0.2,0.10247377306222916
309,0.0,0.0,0.09810642898082733
309,0.0,0.1,0.09810642898082733
309,0.0,0.2,0.08780152350664139
309,0.03,0.0,0.09358220547437668
309,0.03,0.1,0.09358220547437668
309,0.03,0.2,0.1067676767706871
309,0.06,0.0,0.08900913596153259
309,0.06,0.1,0.08900913596153259
309,0.06,0.2,0.09710250794887543
309,0.09,0.0,0.09036725759506226
309,0.09,0.1,0.09036725759506226
309,0.09,0.2,0.11023037135601044
309,0.12,0.0,0.08054223656654358
309,0.12,0.1,0.08054223656654358
309,0.12,0.2,0.11970988661050797
309,0.15,0.0,0.09432455152273178
309,0.15,0.1,0.09432455152273178
309,0.15,0.2,0.1254107654094696
31,0.0,0.0,0.08773487061262131
31,0.0,0.1,0.08773487061262131
31,0.0,0.2,0.12417016178369522
31,0.03,0.0,0.0994267612695694
31,0.03,0.1,0.0994267612695694
31,0.03,0.2,0.12054654210805893
31,0.06,0.0,0.09746289998292923
31,0.06,0.1,0.09746289998292923
31,0.06,0.2,0.1347460299730301
31,0.09,0.0,0.1276499480009079
31,0.09,0.1,0.1276499480009079
31,0.09,0.2,0.14597725868225098
31,0.12,0.0,0.13877548277378082
31,0.12,0.1,0.13877548277378082
31,0.12,0.2,0.13108550012111664
31,0.15,0.0,0.1404731720685959
31,0.15,0.1,0.1404731720685959
31,0.15,0.2,0.10934102535247803
310,0.0,0.0,0.09185349941253662
310,0.0,0.1,0.09185349941253662
310,0.0,0.2,0.09924256801605225
310,0.03,0.0,0.095035120844841
310,0.03,0.1,0.095035120844841
310,0.03,0.2,0.12025192379951477
310,0.06,0.0,0.09119147062301636
310,0.06,0.1,0.09119147062301636
310,0.06,0.2,0.11926804482936859
310,0.09,0.0,0.09463593363761902
310,0.09,0.1,0.09463593363761902
310,0.09,0.2,0.11106541007757187
310,0.12,0.0,0.09263461828231812
310,0.12,0.1,0.09263461828231812
310,0.12,0.2,0.09890806674957275
310,0.15,0.0,0.09258117526769638
310,0.15,0.1,0.09258117526769638
310,0.15,0.2,0.10590219497680664
311,0.0,0.0,0.10001453757286072
311,0.0,0.1,0.10001453757286072
311,0.0,0.2,0.11898986995220184
311,0.03,0.0,0.11472667008638382
311,0.03,0.1,0.11472667008638382
311,0.03,0.2,0.12475612014532089
311,0.06,0.0,0.10605344921350479
311,0.06,0.1,0.10605344921350479
311,0.06,0.2,0.11628644168376923
311,0.09,0.0,0.09546434879302979
311,0.09,0.1,0.09546434879302979
311,0.09,0.2,0.09941645711660385
311,0.12,0.0,0.08631747215986252
311,0.12,0.1,0.08631747215986252
311,0.12,0.2,0.09599258750677109
311,0.15,0.0,0.08544463664293289
311,0.15,0.1,0.08544463664293289
311,0.15,0.2,0.09038497507572174
312,0.0,0.0,0.13437624275684357
312,0.0,0.1,0.13437624275684357
312,0.0,0.2,0.1774851679801941
312,0.03,0.0,0.15667486190795898
312,0.03,0.1,0.15667486190795898
312,0.03,0.2,0.1673852950334549
312,0.06,0.0,0.18246805667877197
312,0.06,0.1,0.18246805667877197
312,0.06,0.2,0.16885052621364594
312,0.09,0.0,0.1907964050769806
312,0.09,0.1,0.1907964050769806
312,0.09,0.2,0.17344768345355988
312,0.12,0.0,0.18280236423015594
312,0.12,0.1,0.18280236423015594
312,0.12,0.2,0.16839976608753204
312,0.15,0.0,0.1718345582485199
312,0.15,0.1,0.1718345582485199
312,0.15,0.2,0.14566081762313843
313,0.0,0.0,0.10424644500017166
313,0.0,0.1,0.10424644500017166
313,0.0,0.2,0.15325267612934113
313,0.03,0.0,0.12632319331169128
313,0.03,0.1,0.12632319331169128
313,0.03,0.2,0.16485731303691864
313,0.06,0.0,0.13389632105827332
313,0.06,0.1,0.13389632105827332
313,0.06,0.2,0.15974710881710052
313,0.09,0.0,0.1347261220216751
313,0.09,0.1,0.1347261220216751
313,0.09,0.2,0.14734584093093872
313,0.12,0.0,0.13055984675884247
313,0.12,0.1,0.13055984675884247
313,0.12,0.2,0.1330864131450653
313,0.15,0.0,0.12316679954528809
313,0.15,0.1,0.12316679954528809
313,0.15,0.2,0.12118592113256454
314,0.0,0.0,0.14146365225315094
314,0.0,0.1,0.14146365225315094
314,0.0,0.2,0.15178166329860687
314,0.03,0.0,0.16000691056251526
314,0.03,0.1,0.16000691056251526
314,0.03,0.2,0.12521439790725708
314,0.06,0.0,0.14744813740253448
314,0.06,0.1,0.14744813740253448
314,0.06,0.2,0.14026105403900146
314,0.09,0.0,0.13802538812160492
314,0.09,0.1,0.13802538812160492
314,0.09,0.2,0.13627326488494873
314,0.12,0.0,0.13780739903450012
314,0.12,0.1,0.13780739903450012
314,0.12,0.2,0.11311505734920502
314,0.15,0.0,0.11568395793437958
314,0.15,0.1,0.11568395793437958
314,0.15,0.2,0.11908424645662308
315,0.0,0.0,0.18519872426986694
315,0.0,0.1,0.18519872426986694
315,0.0,0.2,0.2002081722021103
315,0.03,0.0,0.18162651360034943
315,0.03,0.1,0.18162651360034943
315,0.03,0.2,0.215498685836792
315,0.06,0.0,0.1730368584394455
315,0.06,0.1,0.1730368584394455
315,0.06,0.2,0.16205701231956482
315,0.09,0.0,0.15578345954418182
315,0.09,0.1,0.15578345954418182
315,0.09,0.2,0.16931414604187012
315,0.12,0.0,0.16770148277282715
315,0.12,0.1,0.16770148277282715
315,0.12,0.2,0.15692128241062164
315,0.15,0.0,0.11350870132446289
315,0.15,0.1,0.11350870132446289
315,0.15,0.2,0.11259084939956665
316,0.0,0.0,0.08910667151212692
316,0.0,0.1,0.08910667151212692
316,0.0,0.2,0.12805208563804626
316,0.03,0.0,0.10533407330513
316,0.03,0.1,0.10533407330513
316,0.03,0.2,0.14979641139507294
316,0.06,0.0,0.11531902104616165
316,0.06,0.1,0.11531902104616165
316,0.06,0.2,0.16355614364147186
316,0.09,0.0,0.141745924949646
316,0.09,0.1,0.141745924949646
316,0.09,0.2,0.16293029487133026
316,0.12,0.0,0.18186065554618835
316,0.12,0.1,0.18186065554618835
316,0.12,0.2,0.17110991477966309
316,0.15,0.0,0.18829062581062317
316,0.15,0.1,0.18829062581062317
316,0.15,0.2,0.16110935807228088
317,0.0,0.0,0.1214834675192833
317,0.0,0.1,0.1214834675192833
317,0.0,0.2,0.12618541717529297
317,0.03,0.0,0.13682934641838074
317,0.03,0.1,0.13682934641838074
317,0.03,0.2,0.13995571434497833
317,0.06,0.0,0.15225937962532043
317,0.06,0.1,0.15225937962532043
317,0.06,0.2,0.15025824308395386
317,0.09,0.0,0.1639445722103119
317,0.09,0.1,0.1639445722103119
317,0.09,0.2,0.1558721363544464
317,0.12,0.0,0.1611642688512802
317,0.12,0.1,0.1611642688512802
317,0.12,0.2,0.14679154753684998
317,0.15,0.0,0.14158561825752258
317,0.15,0.1,0.14158561825752258
317,0.15,0.2,0.14099855720996857
318,0.0,0.0,0.09502581506967545
318,0.0,0.1,0.09502581506967545
318,0.0,0.2,0.08458496630191803
318,0.03,0.0,0.11845953017473221
318,0.03,0.1,0.11845953017473221
318,0.03,0.2,0.08995094895362854
318,0.06,0.0,0.17226551473140717
318,0.06,0.1,0.17226551473140717
318,0.06,0.2,0.09782055020332336
318,0.09,0.0,0.13762085139751434
318,0.09,0.1,0.13762085139751434
318,0.09,0.2,0.09004893153905869
318,0.12,0.0,0.10356608778238297
318,0.12,0.1,0.10356608778238297
318,0.12,0.2,0.08501261472702026
318,0.15,0.0,0.12052298337221146
318,0.15,0.1,0.12052298337221146
318,0.15,0.2,0.1250961720943451
319,0.0,0.0,0.1116274893283844
319,0.0,0.1,0.1116274893283844
319,0.0,0.2,0.13960465788841248
319,0.03,0.0,0.1280032843351364
319,0.03,0.1,0.1280032843351364
319,0.03,0.2,0.1405663639307022
319,0.06,0.0,0.12365617603063583
319,0.06,0.1,0.12365617603063583
319,0.06,0.2,0.12629778683185577
319,0.09,0.0,0.12136654555797577
319,0.09,0.1,0.12136654555797577
319,0.09,0.2,0.13046002388000488
319,0.12,0.0,0.11401396989822388
319,0.12,0.1,0.11401396989822388
319,0.12,0.2,0.12323714792728424
319,0.15,0.0,0.10179296880960464
319,0.15,0.1,0.10179296880960464
319,0.15,0.2,0.09528232365846634
32,0.0,0.0,0.0995522066950798
32,0.0,0.1,0.0995522066950798
32,0.0,0.2,0.1334320306777954
32,0.03,0.0,0.12387526780366898
32,0.03,0.1,0.12387526780366898
32,0.03,0.2,0.1376466453075409
32,0.06,0.0,0.15428969264030457
32,0.06,0.1,0.15428969264030457
32,0.06,0.2,0.14562208950519562
32,0.09,0.0,0.16432861983776093
32,0.09,0.1,0.16432861983776093
32,0.09,0.2,0.13363920152187347
32,0.12,0.0,0.174834743142128
32,0.12,0.1,0.174834743142128
32,0.12,0.2,0.12616144120693207
32,0.15,0.0,0.1714426875114441
32,0.15,0.1,0.1714426875114441
32,0.15,0.2,0.1461881399154663
320,0.0,0.0,0.0856635645031929
320,0.0,0.1,0.0856635645031929
320,0.0,0.2,0.11734074354171753
320,0.03,0.0,0.12233366072177887
320,0.03,0.1,0.12233366072177887
320,0.03,0.2,0.16614565253257751
320,0.06,0.0,0.1364920735359192
320,0.06,0.1,0.1364920735359192
320,0.06,0.2,0.14843274652957916
320,0.09,0.0,0.1492316722869873
320,0.09,0.1,0.1492316722869873
320,0.09,0.2,0.1665509194135666
320,0.12,0.0,0.1593835949897766
320,0.12,0.1,0.1593835949897766
320,0.12,0.2,0.16264238953590393
320,0.15,0.0,0.16941681504249573
320,0.15,0.1,0.16941681504249573
320,0.15,0.2,0.14970825612545013
321,0.0,0.0,0.0808604285120964
321,0.0,0.1,0.0808604285120964
321,0.0,0.2,0.09231775999069214
321,0.03,0.0,0.10443627834320068
321,0.03,0.1,0.10443627834320068
321,0.03,0.2,0.08671349287033081
321,0.06,0.0,0.12071052193641663
321,0.06,0.1,0.12071052193641663
321,0.06,0.2,0.09022685885429382
321,0.09,0.0,0.0850205346941948
321,0.09,0.1,0.0850205346941948
321,0.09,0.2,0.08631634712219238
321,0.12,0.0,0.08939088135957718
321,0.12,0.1,0.08939088135957718
321,0.12,0.2,0.08877083659172058
321,0.15,0.0,0.08477145433425903
321,0.15,0.1,0.08477145433425903
321,0.15,0.2,0.08075869828462601
322,0.0,0.0,0.08819977939128876
322,0.0,0.1,0.08819977939128876
322,0.0,0.2,0.10564182698726654
322,0.03,0.0,0.09731944650411606
322,0.03,0.1,0.09731944650411606
322,0.03,0.2,0.10842728614807129
322,0.06,0.0,0.10050100088119507
322,0.06,0.1,0.10050100088119507
322,0.06,0.2,0.11677620559930801
322,0.09,0.0,0.1153261661529541
322,0.09,0.1,0.1153261661529541
322,0.09,0.2,0.12076499313116074
322,0.12,0.0,0.1218905821442604
322,0.12,0.1,0.1218905821442604
322,0.12,0.2,0.1242109090089798
322,0.15,0.0,0.11173640191555023
322,0.15,0.1,0.11173640191555023
322,0.15,0.2,0.11947779357433319
323,0.0,0.0,0.09916538745164871
323,0.0,0.1,0.09916538745164871
323,0.0,0.2,0.1185908317565918
323,0.03,0.0,0.0986931174993515
323,0.03,0.1,0.0986931174993515
323,0.03,0.2,0.11154276877641678
323,0.06,0.0,0.1106337234377861
323,0.06,0.1,0.1106337234377861
323,0.06,0.2,0.10848765075206757
323,0.09,0.0,0.11727529019117355
323,0.09,0.1,0.11727529019117355
323,0.09,0.2,0.1190631240606308
323,0.12,0.0,0.13942435383796692
323,0.12,0.1,0.13942435383796692
323,0.12,0.2,0.13858582079410553
323,0.15,0.0,0.13707293570041656
323,0.15,0.1,0.13707293570041656
323,0.15,0.2,0.13128605484962463
324,0.0,0.0,0.16029541194438934
324,0.0,0.1,0.16029541194438934
324,0.0,0.2,0.2254864126443863
324,0.03,0.0,0.1872994601726532
324,0.03,0.1,0.1872994601726532
324,0.03,0.2,0.20958968997001648
324,0.06,0.0,0.19702042639255524
324,0.06,0.1,0.19702042639255524
324,0.06,0.2,0.18473191559314728
324,0.09,0.0,0.20258763432502747
324,0.09,0.1,0.20258763432502747
324,0.09,0.2,0.16152743995189667
324,0.12,0.0,0.1697969287633896
324,0.12,0.1,0.1697969287633896
324,0.12,0.2,0.1453307867050171
324,0.15,0.0,0.13228698074817657
324,0.15,0.1,0.13228698074817657
324,0.15,0.2,0.14385107159614563
325,0.0,0.0,0.09089833498001099
325,0.0,0.1,0.09089833498001099
325,0.0,0.2,0.11054795980453491
325,0.03,0.0,0.09871569275856018
325,0.03,0.1,0.09871569275856018
325,0.03,0.2,0.12096736580133438
325,0.06,0.0,0.10345267504453659
325,0.06,0.1,0.10345267504453659
325,0.06,0.2,0.129563570022583
325,0.09,0.0,0.12367362529039383
325,0.09,0.1,0.12367362529039383
325,0.09,0.2,0.1557614654302597
325,0.12,0.0,0.11419002711772919
325,0.12,0.1,0.11419002711772919
325,0.12,0.2,0.15058723092079163
325,0.15,0.0,0.09443783015012741
325,0.15,0.1,0.09443783015012741
325,0.15,0.2,0.12241610139608383
326,0.0,0.0,0.12548181414604187
326,0.0,0.1,0.12548181414604187
326,0.0,0.2,0.22935257852077484
326,0.03,0.0,0.16033858060836792
326,0.03,0.1,0.16033858060836792
326,0.03,0.2,0.2430623322725296
326,0.06,0.0,0.19688811898231506
326,0.06,0.1,0.19688811898231506
326,0.06,0.2,0.23556531965732574
326,0.09,0.0,0.2309560626745224
326,0.09,0.1,0.2309560626745224
326,0.09,0.2,0.23055638372898102
326,0.12,0.0,0.2429058998823166
326,0.12,0.1,0.2429058998823166
326,0.12,0.2,0.21115347743034363
326,0.15,0.0,0.20399673283100128
326,0.15,0.1,0.20399673283100128
326,0.15,0.2,0.16410355269908905
327,0.0,0.0,0.09610728174448013
327,0.0,0.1,0.09610728174448013
327,0.0,0.2,0.10847629606723785
327,0.03,0.0,0.09370298683643341
327,0.03,0.1,0.09370298683643341
327,0.03,0.2,0.10215424746274948
327,0.06,0.0,0.08803083002567291
327,0.06,0.1,0.08803083002567291
327,0.06,0.2,0.09815190732479095
327,0.09,0.0,0.08790407329797745
327,0.09,0.1,0.08790407329797745
327,0.09,0.2,0.09057802706956863
327,0.12,0.0,0.08850877732038498
327,0.12,0.1,0.08850877732038498
327,0.12,0.2,0.0941048189997673
327,0.15,0.0,0.09604525566101074
327,0.15,0.1,0.09604525566101074
327,0.15,0.2,0.09713255614042282
328,0.0,0.0,0.10473763942718506
328,0.0,0.1,0.10473763942718506
328,0.0,0.2,0.13182833790779114
328,0.03,0.0,0.12139376997947693
328,0.03,0.1,0.12139376997947693
328,0.03,0.2,0.13017143309116364
328,0.06,0.0,0.13208232820034027
328,0.06,0.1,0.13208232820034027
328,0.06,0.2,0.13059815764427185
328,0.09,0.0,0.14461848139762878
328,0.09,0.1,0.14461848139762878
328,0.09,0.2,0.12305399775505066
328,0.12,0.0,0.12700262665748596
328,0.12,0.1,0.12700262665748596
328,0.12,0.2,0.11042466759681702
328,0.15,0.0,0.09899565577507019
328,0.15,0.1,0.09899565577507019
328,0.15,0.2,0.0910065695643425
329,0.0,0.0,0.09238418191671371
329,0.0,0.1,0.09238418191671371
329,0.0,0.2,0.10234276950359344
329,0.03,0.0,0.09508896619081497
329,0.03,0.1,0.09508896619081497
329,0.03,0.2,0.11416156589984894
329,0.06,0.0,0.10491324961185455
329,0.06,0.1,0.10491324961185455
329,0.06,0.2,0.09819251298904419
329,0.09,0.0,0.10669169574975967
329,0.09,0.1,0.10669169574975967
329,0.09,0.2,0.09041900187730789
329,0.12,0.0,0.09882435947656631
329,0.12,0.1,0.09882435947656631
329,0.12,0.2,0.09091122448444366
329,0.15,0.0,0.11620583385229111
329,0.15,0.1,0.11620583385229111
329,0.15,0.2,0.10691595822572708
33,0.0,0.0,0.09520195424556732
33,0.0,0.1,0.09520195424556732
33,0.0,0.2,0.1459120512008667
33,0.03,0.0,0.11236007511615753
33,0.03,0.1,0.11236007511615753
33,0.03,0.2,0.14224255084991455
33,0.06,0.0,0.13801230490207672
33,0.06,0.1,0.13801230490207672
33,0.06,0.2,0.14720670878887177
33,0.09,0.0,0.1389065384864807
33,0.09,0.1,0.1389065384864807
33,0.09,0.2,0.14452813565731049
33,0.12,0.0,0.14014998078346252
33,0.12,0.1,0.14014998078346252
33,0.12,0.2,0.13480059802532196
33,0.15,0.0,0.12760797142982483
33,0.15,0.1,0.12760797142982483
33,0.15,0.2,0.11884290724992752
330,0.0,0.0,0.11833203583955765
330,0.0,0.1,0.11833203583955765
330,0.0,0.2,0.1405579000711441
330,0.03,0.0,0.13054029643535614
330,0.03,0.1,0.13054029643535614
330,0.03,0.2,0.11231172829866409
330,0.06,0.0,0.152241513133049
330,0.06,0.1,0.152241513133049
330,0.06,0.2,0.11515966802835464
330,0.09,0.0,0.12401416152715683
330,0.09,0.1,0.12401416152715683
330,0.09,0.2,0.09357725828886032
330,0.12,0.0,0.15069472789764404
330,0.12,0.1,0.15069472789764404
330,0.12,0.2,0.1178688332438469
330,0.15,0.0,0.1403753012418747
330,0.15,0.1,0.1403753012418747
330,0.15,0.2,0.10098721086978912
331,0.0,0.0,0.1041589081287384
331,0.0,0.1,0.1041589081287384
331,0.0,0.2,0.13790827989578247
331,0.03,0.0,0.10037129372358322
331,0.03,0.1,0.10037129372358322
331,0.03,0.2,0.13667811453342438
331,0.06,0.0,0.10222773998975754
331,0.06,0.1,0.10222773998975754
331,0.06,0.2,0.12861868739128113
331,0.09,0.0,0.10554292052984238
331,0.09,0.1,0.10554292052984238
331,0.09,0.2,0.11726579815149307
331,0.12,0.0,0.11323285102844238
331,0.12,0.1,0.11323285102844238
331,0.12,0.2,0.12369105964899063
331,0.15,0.0,0.10971754044294357
331,0.15,0.1,0.10971754044294357
331,0.15,0.2,0.11246749758720398
332,0.0,0.0,0.09144270420074463
332,0.0,0.1,0.09144270420074463
332,0.0,0.2,0.18283528089523315
332,0.03,0.0,0.1332090049982071
332,0.03,0.1,0.1332090049982071
332,0.03,0.2,0.2067602127790451
332,0.06,0.0,0.18397073447704315
332,0.06,0.1,0.18397073447704315
332,0.06,0.2,0.20236404240131378
332,0.09,0.0,0.2177601158618927
332,0.09,0.1,0.2177601158618927
332,0.09,0.2,0.17983761429786682
332,0.12,0.0,0.21161425113677979
332,0.12,0.1,0.21161425113677979
332,0.12,0.2,0.14226989448070526
332,0.15,0.0,0.17274771630764008
332,0.15,0.1,0.17274771630764008
332,0.15,0.2,0.12499646842479706
333,0.0,0.0,0.11879641562700272
333,0.0,0.1,0.11879641562700272
333,0.0,0.2,0.12432695180177689
333,0.03,0.0,0.15368390083312988
333,0.03,0.1,0.15368390083312988
333,0.03,0.2,0.1588587909936905
333,0.06,0.0,0.11396075040102005
333,0.06,0.1,0.11396075040102005
333,0.06,0.2,0.12143667042255402
333,0.09,0.0,0.12227895110845566
333,0.09,0.1,0.12227895110845566
333,0.09,0.2,0.12007012218236923
333,0.12,0.0,0.13501718640327454
333,0.12,0.1,0.13501718640327454
333,0.12,0.2,0.12850221991539001
333,0.15,0.0,0.12420495599508286
333,0.15,0.1,0.12420495599508286
333,0.15,0.2,0.10472915321588516
334,0.0,0.0,0.09166833013296127
334,0.0,0.1,0.09166833013296127
334,0.0,0.2,0.11862687021493912
334,0.03,0.0,0.08858773112297058
334,0.03,0.1,0.08858773112297058
334,0.03,0.2,0.13116391003131866
334,0.06,0.0,0.0993937999010086
334,0.06,0.1,0.0993937999010086
334,0.06,0.2,0.13872019946575165
334,0.09,0.0,0.10114208608865738
334,0.09,0.1,0.10114208608865738
334,0.09,0.2,0.13563942909240723
334,0.12,0.0,0.11031752824783325
334,0.12,0.1,0.11031752824783325
334,0.12,0.2,0.138858363032341
334,0.15,0.0,0.11485060304403305
334,0.15,0.1,0.11485060304403305
334,0.15,0.2,0.1332790106534958
335,0.0,0.0,0.09819955378770828
335,0.0,0.1,0.09819955378770828
335,0.0,0.2,0.08375435322523117
335,0.03,0.0,0.10670231282711029
335,0.03,0.1,0.10670231282711029
335,0.03,0.2,0.09791430830955505
335,0.06,0.0,0.1070462018251419
335,0.06,0.1,0.1070462018251419
335,0.06,0.2,0.12418404221534729
335,0.09,0.0,0.1241903230547905
335,0.09,0.1,0.1241903230547905
335,0.09,0.2,0.11057248711585999
335,0.12,0.0,0.1305420696735382
335,0.12,0.1,0.1305420696735382
335,0.12,0.2,0.10261734575033188
335,0.15,0.0,0.1116180568933487
335,0.15,0.1,0.1116180568933487
335,0.15,0.2,0.09642363339662552
336,0.0,0.0,0.08744851499795914
336,0.0,0.1,0.08744851499795914
336,0.0,0.2,0.10534343123435974
336,0.03,0.0,0.1015012264251709
336,0.03,0.1,0.1015012264251709
336,0.03,0.2,0.1233023852109909
336,0.06,0.0,0.13533446192741394
336,0.06,0.1,0.13533446192741394
336,0.06,0.2,0.12972626090049744
336,0.09,0.0,0.13693289458751678
336,0.09,0.1,0.13693289458751678
336,0.09,0.2,0.10378939658403397
336,0.12,0.0,0.10134945809841156
336,0.12,0.1,0.10134945809841156
336,0.12,0.2,0.10753300786018372
336,0.15,0.0,0.08873513340950012
336,0.15,0.1,0.08873513340950012
336,0.15,0.2,0.09188929945230484
337,0.0,0.0,0.08077313750982285
337,0.0,0.1,0.08077313750982285
337,0.0,0.2,0.08751939237117767
337,0.03,0.0,0.08747650682926178
337,0.03,0.1,0.08747650682926178
337,0.03,0.2,0.08681188523769379
337,0.06,0.0,0.09641869366168976
337,0.06,0.1,0.09641869366168976
337,0.06,0.2,0.09969314187765121
337,0.09,0.0,0.09777909517288208
337,0.09,0.1,0.09777909517288208
337,0.09,0.2,0.10102226585149765
337,0.12,0.0,0.09201134741306305
337,0.12,0.1,0.09201134741306305
337,0.12,0.2,0.10231072455644608
337,0.15,0.0,0.11441396176815033
337,0.15,0.1,0.11441396176815033
337,0.15,0.2,0.1148720234632492
338,0.0,0.0,0.12636429071426392
338,0.0,0.1,0.12636429071426392
338,0.0,0.2,0.15546485781669617
338,0.03,0.0,0.10339296609163284
338,0.03,0.1,0.10339296609163284
338,0.03,0.2,0.10955613106489182
338,0.06,0.0,0.11881230026483536
338,0.06,0.1,0.11881230026483536
338,0.06,0.2,0.12810403108596802
338,0.09,0.0,0.14413245022296906
338,0.09,0.1,0.14413245022296906
338,0.09,0.2,0.11344215273857117
338,0.12,0.0,0.09406474977731705
338,0.12,0.1,0.09406474977731705
338,0.12,0.2,0.09978850185871124
338,0.15,0.0,0.11112101376056671
338,0.15,0.1,0.11112101376056671
338,0.15,0.2,0.0880032330751419
339,0.0,0.0,0.11420636624097824
339,0.0,0.1,0.11420636624097824
339,0.0,0.2,0.14029407501220703
339,0.03,0.0,0.11481396853923798
339,0.03,0.1,0.11481396853923798
339,0.03,0.2,0.12770937383174896
339,0.06,0.0,0.11323301494121552
339,0.06,0.1,0.11323301494121552
339,0.06,0.2,0.13040950894355774
339,0.09,0.0,0.1189352348446846
339,0.09,0.1,0.1189352348446846
339,0.09,0.2,0.137108713388443
339,0.12,0.0,0.10403034090995789
339,0.12,0.1,0.10403034090995789
339,0.12,0.2,0.10843830555677414
339,0.15,0.0,0.10841221362352371
339,0.15,0.1,0.10841221362352371
339,0.15,0.2,0.11863849312067032
34,0.0,0.0,0.0989825427532196
34,0.0,0.1,0.0989825427532196
34,0.0,0.2,0.11612413078546524
34,0.03,0.0,0.10313671827316284
34,0.03,0.1,0.10313671827316284
34,0.03,0.2,0.11747173219919205
34,0.06,0.0,0.10008034110069275
34,0.06,0.1,0.10008034110069275
34,0.06,0.2,0.10746930539608002
34,0.09,0.0,0.09046914428472519
34,0.09,0.1,0.09046914428472519
34,0.09,0.2,0.10266397893428802
34,0.12,0.0,0.09196042269468307
34,0.12,0.1,0.09196042269468307
34,0.12,0.2,0.09918435662984848
34,0.15,0.0,0.10229743272066116
34,0.15,0.1,0.10229743272066116
34,0.15,0.2,0.10302568972110748
340,0.0,0.0,0.12847132980823517
340,0.0,0.1,0.12847132980823517
340,0.0,0.2,0.13901156187057495
340,0.03,0.0,0.1265304535627365
340,0.03,0.1,0.1265304535627365
340,0.03,0.2,0.12917958199977875
340,0.06,0.0,0.11904533207416534
340,0.06,0.1,0.11904533207416534
340,0.06,0.2,0.11475472152233124
340,0.09,0.0,0.1298786699771881
340,0.09,0.1,0.1298786699771881
340,0.09,0.2,0.11293989419937134
340,0.12,0.0,0.11515875905752182
340,0.12,0.1,0.11515875905752182
340,0.12,0.2,0.11121769994497299
340,0.15,0.0,0.0966416597366333
340,0.15,0.1,0.0966416597366333
340,0.15,0.2,0.09888309985399246
341,0.0,0.0,0.1065252423286438
341,0.0,0.1,0.1065252423286438
341,0.0,0.2,0.15944743156433105
341,0.03,0.0,0.1354270726442337
341,0.03,0.1,0.1354270726442337
341,0.03,0.2,0.16015222668647766
341,0.06,0.0,0.14028088748455048
341,0.06,0.1,0.14028088748455048
341,0.06,0.2,0.15835356712341309
341,0.09,0.0,0.15656885504722595
341,0.09,0.1,0.15656885504722595
341,0.09,0.2,0.14479248225688934
341,0.12,0.0,0.14435698091983795
341,0.12,0.1,0.14435698091983795
341,0.12,0.2,0.11929380893707275
341,0.15,0.0,0.11652853339910507
341,0.15,0.1,0.11652853339910507
341,0.15,0.2,0.08422290533781052
342,0.0,0.0,0.09809409826993942
342,0.0,0.1,0.09809409826993942
342,0.0,0.2,0.10590581595897675
342,0.03,0.0,0.10592631250619888
342,0.03,0.1,0.10592631250619888
342,0.03,0.2,0.11148186028003693
342,0.06,0.0,0.10278373211622238
342,0.06,0.1,0.10278373211622238
342,0.06,0.2,0.1160678043961525
342,0.09,0.0,0.10643875598907471
342,0.09,0.1,0.10643875598907471
342,0.09,0.2,0.11198414862155914
342,0.12,0.0,0.10999520123004913
342,0.12,0.1,0.10999520123004913
342,0.12,0.2,0.10294216126203537
342,0.15,0.0,0.1136273741722107
342,0.15,0.1,0.1136273741722107
342,0.15,0.2,0.10245827585458755
343,0.0,0.0,0.1098354309797287
343,0.0,0.1,0.1098354309797287
343,0.0,0.2,0.15221942961215973
343,0.03,0.0,0.14801257848739624
343,0.03,0.1,0.14801257848739624
343,0.03,0.2,0.1766079217195511
343,0.06,0.0,0.1609034389257431
343,0.06,0.1,0.1609034389257431
343,0.06,0.2,0.17781779170036316
343,0.09,0.0,0.16225320100784302
343,0.09,0.1,0.16225320100784302
343,0.09,0.2,0.16330136358737946
343,0.12,0.0,0.1499631106853485
343,0.12,0.1,0.1499631106853485
343,0.12,0.2,0.13840904831886292
343,0.15,0.0,0.140401229262352
343,0.15,0.1,0.140401229262352
343,0.15,0.2,0.13441383838653564
344,0.0,0.0,0.09946182370185852
344,0.0,0.1,0.09946182370185852
344,0.0,0.2,0.10100547224283218
344,0.03,0.0,0.0911330133676529
344,0.03,0.1,0.0911330133676529
344,0.03,0.2,0.09403036534786224
344,0.06,0.0,0.09284793585538864
344,0.06,0.1,0.09284793585538864
344,0.06,0.2,0.10249825567007065
344,0.09,0.0,0.09981483966112137
344,0.09,0.1,0.09981483966112137
344,0.09,0.2,0.09892885386943817
344,0.12,0.0,0.09043006598949432
344,0.12,0.1,0.09043006598949432
344,0.12,0.2,0.08789689838886261
344,0.15,0.0,0.08805675804615021
344,0.15,0.1,0.08805675804615021
344,0.15,0.2,0.0949450209736824
345,0.0,0.0,0.08477751910686493
345,0.0,0.1,0.08477751910686493
345,0.0,0.2,0.13369762897491455
345,0.03,0.0,0.10328473150730133
345,0.03,0.1,0.10328473150730133
345,0.03,0.2,0.1340569406747818
345,0.06,0.0,0.12717197835445404
345,0.06,0.1,0.12717197835445404
345,0.06,0.2,0.12912601232528687
345,0.09,0.0,0.13150334358215332
345,0.09,0.1,0.13150334358215332
345,0.09,0.2,0.11175475269556046
345,0.12,0.0,0.11531661450862885
345,0.12,0.1,0.11531661450862885
345,0.12,0.2,0.08984678238630295
345,0.15,0.0,0.11398448050022125
345,0.15,0.1,0.11398448050022125
345,0.15,0.2,0.1083512008190155
346,0.0,0.0,0.11364204436540604
346,0.0,0.1,0.11364204436540604
346,0.0,0.2,0.09258151054382324
346,0.03,0.0,0.11826155334711075
346,0.03,0.1,0.11826155334711075
346,0.03,0.2,0.09557485580444336
346,0.06,0.0,0.13581353425979614
346,0.06,0.1,0.13581353425979614
346,0.06,0.2,0.0949392095208168
346,0.09,0.0,0.14369846880435944
346,0.09,0.1,0.14369846880435944
346,0.09,0.2,0.0917535349726677
346,0.12,0.0,0.1602628082036972
346,0.12,0.1,0.1602628082036972
346,0.12,0.2,0.09976157546043396
346,0.15,0.0,0.15142323076725006
346,0.15,0.1,0.15142323076725006
346,0.15,0.2,0.10124701261520386
347,0.0,0.0,0.09470880031585693
347,0.0,0.1,0.09470880031585693
347,0.0,0.2,0.10465432703495026
347,0.03,0.0,0.0959683507680893
347,0.03,0.1,0.0959683507680893
347,0.03,0.2,0.08790668845176697
347,0.06,0.0,0.09963279962539673
347,0.06,0.1,0.09963279962539673
347,0.06,0.2,0.10102740675210953
347,0.09,0.0,0.09971657395362854
347,0.09,0.1,0.09971657395362854
347,0.09,0.2,0.08401872962713242
347,0.12,0.0,0.10288236290216446
347,0.12,0.1,0.10288236290216446
347,0.12,0.2,0.08722759038209915
347,0.15,0.0,0.09184346348047256
347,0.15,0.1,0.09184346348047256
347,0.15,0.2,0.08718680590391159
348,0.0,0.0,0.13311396539211273
348,0.0,0.1,0.13311396539211273
348,0.0,0.2,0.16343961656093597
348,0.03,0.0,0.1632075309753418
348,0.03,0.1,0.1632075309753418
348,0.03,0.2,0.16159948706626892
348,0.06,0.0,0.20744653046131134
348,0.06,0.1,0.20744653046131134
348,0.06,0.2,0.17846135795116425
348,0.09,0.0,0.2087724804878235
348,0.09,0.1,0.2087724804878235
348,0.09,0.2,0.19636252522468567
348,0.12,0.0,0.21018487215042114
348,0.12,0.1,0.21018487215042114
348,0.12,0.2,0.20447039604187012
348,0.15,0.0,0.1985054761171341
348,0.15,0.1,0.1985054761171341
348,0.15,0.2,0.17924168705940247
349,0.0,0.0,0.10295260697603226
349,0.0,0.1,0.10295260697603226
349,0.0,0.2,0.11224429309368134
349,0.03,0.0,0.11018512398004532
349,0.03,0.1,0.11018512398004532
349,0.03,0.2,0.11361228674650192
349,0.06,0.0,0.12047309428453445
349,0.06,0.1,0.12047309428453445
349,0.06,0.2,0.11978518217802048
349,0.09,0.0,0.11942434310913086
349,0.09,0.1,0.11942434310913086
349,0.09,0.2,0.11303218454122543
349,0.12,0.0,0.09421733766794205
349,0.12,0.1,0.09421733766794205
349,0.12,0.2,0.10001517832279205
349,0.15,0.0,0.08613040298223495
349,0.15,0.1,0.08613040298223495
349,0.15,0.2,0.09154292196035385
35,0.0,0.0,0.09108587354421616
35,0.0,0.1,0.09108587354421616
35,0.0,0.2,0.09322283416986465
35,0.03,0.0,0.08376745134592056
35,0.03,0.1,0.08376745134592056
35,0.03,0.2,0.09935027360916138
35,0.06,0.0,0.08988750725984573
35,0.06,0.1,0.08988750725984573
35,0.06,0.2,0.13060122728347778
35,0.09,0.0,0.10446152836084366
35,0.09,0.1,0.10446152836084366
35,0.09,0.2,0.1538163125514984
35,0.12,0.0,0.11071138083934784
35,0.12,0.1,0.11071138083934784
35,0.12,0.2,0.1488395631313324
35,0.15,0.0,0.11499492824077606
35,0.15,0.1,0.11499492824077606
35,0.15,0.2,0.13440445065498352
350,0.0,0.0,0.12740425765514374
350,0.0,0.1,0.12740425765514374
350,0.0,0.2,0.13109509646892548
350,0.03,0.0,0.12467890977859497
350,0.03,0.1,0.12467890977859497
350,0.03,0.2,0.1394052356481552
350,0.06,0.0,0.11387868225574493
350,0.06,0.1,0.11387868225574493
350,0.06,0.2,0.13596738874912262
350,0.09,0.0,0.1114014983177185
350,0.09,0.1,0.1114014983177185
350,0.09,0.2,0.12308309972286224
350,0.12,0.0,0.10478682816028595
350,0.12,0.1,0.10478682816028595
350,0.12,0.2,0.10955537110567093
350,0.15,0.0,0.10747059434652328
350,0.15,0.1,0.10747059434652328
350,0.15,0.2,0.09220406413078308
351,0.0,0.0,0.11348921805620193
351,0.0,0.1,0.11348921805620193
351,0.0,0.2,0.13442698121070862
351,0.03,0.0,0.1237054169178009
351,0.03,0.1,0.1237054169178009
351,0.03,0.2,0.1550273448228836
351,0.06,0.0,0.12767775356769562
351,0.06,0.1,0.12767775356769562
351,0.06,0.2,0.1731404811143875
351,0.09,0.0,0.1284828782081604
351,0.09,0.1,0.1284828782081604
351,0.09,0.2,0.16997592151165009
351,0.12,0.0,0.11658076196908951
351,0.12,0.1,0.11658076196908951
351,0.12,0.2,0.16563259065151215
351,0.15,0.0,0.13318558037281036
351,0.15,0.1,0.13318558037281036
351,0.15,0.2,0.16213096678256989
352,0.0,0.0,0.10321713238954544
352,0.0,0.1,0.10321713238954544
352,0.0,0.2,0.14979490637779236
352,0.03,0.0,0.12472739815711975
352,0.03,0.1,0.12472739815711975
352,0.03,0.2,0.15283852815628052
352,0.06,0.0,0.14698004722595215
352,0.06,0.1,0.14698004722595215
352,0.06,0.2,0.15307655930519104
352,0.09,0.0,0.15275974571704865
352,0.09,0.1,0.15275974571704865
352,0.09,0.2,0.13419903814792633
352,0.12,0.0,0.1476297825574875
352,0.12,0.1,0.1476297825574875
352,0.12,0.2,0.1350444108247757
352,0.15,0.0,0.12531231343746185
352,0.15,0.1,0.12531231343746185
352,0.15,0.2,0.11420329660177231
353,0.0,0.0,0.09530871361494064
353,0.0,0.1,0.09530871361494064
353,0.0,0.2,0.10814929008483887
353,0.03,0.0,0.09206289052963257
353,0.03,0.1,0.09206289052963257
353,0.03,0.2,0.10953785479068756
353,0.06,0.0,0.10592517256736755
353,0.06,0.1,0.10592517256736755
353,0.06,0.2,0.1020168662071228
353,0.09,0.0,0.08713093400001526
353,0.09,0.1,0.08713093400001526
353,0.09,0.2,0.10002022236585617
353,0.12,0.0,0.10174642503261566
353,0.12,0.1,0.10174642503261566
353,0.12,0.2,0.1325571984052658
353,0.15,0.0,0.10753121972084045
353,0.15,0.1,0.10753121972084045
353,0.15,0.2,0.11089935153722763
354,0.0,0.0,0.09181630611419678
354,0.0,0.1,0.09181630611419678
354,0.0,0.2,0.09661218523979187
354,0.03,0.0,0.08933673799037933
354,0.03,0.1,0.08933673799037933
354,0.03,0.2,0.11611422896385193
354,0.06,0.0,0.09151497483253479
354,0.06,0.1,0.09151497483253479
354,0.06,0.2,0.12709632515907288
354,0.09,0.0,0.11101510375738144
354,0.09,0.1,0.11101510375738144
354,0.09,0.2,0.11168430000543594
354,0.12,0.0,0.08854996412992477
354,0.12,0.1,0.08854996412992477
354,0.12,0.2,0.113832488656044
354,0.15,0.0,0.11255404353141785
354,0.15,0.1,0.11255404353141785
354,0.15,0.2,0.12682275474071503
355,0.0,0.0,0.16642053425312042
355,0.0,0.1,0.16642053425312042
355,0.0,0.2,0.2263864278793335
355,0.03,0.0,0.17593608796596527
355,0.03,0.1,0.17593608796596527
355,0.03,0.2,0.23949052393436432
355,0.06,0.0,0.18441687524318695
355,0.06,0.1,0.18441687524318695
355,0.06,0.2,0.24555976688861847
355,0.09,0.0,0.20311680436134338
355,0.09,0.1,0.20311680436134338
355,0.09,0.2,0.2233104109764099
355,0.12,0.0,0.19805650413036346
355,0.12,0.1,0.19805650413036346
355,0.12,0.2,0.19805076718330383
355,0.15,0.0,0.2092944085597992
355,0.15,0.1,0.2092944085597992
355,0.15,0.2,0.1911405622959137
356,0.0,0.0,0.09332934021949768
356,0.0,0.1,0.09332934021949768
356,0.0,0.2,0.10130353271961212
356,0.03,0.0,0.09096916764974594
356,0.03,0.1,0.09096916764974594
356,0.03,0.2,0.09236644953489304
356,0.06,0.0,0.11370094865560532
356,0.06,0.1,0.11370094865560532
356,0.06,0.2,0.09107181429862976
356,0.09,0.0,0.11608536541461945
356,0.09,0.1,0.11608536541461945
356,0.09,0.2,0.08321793377399445
356,0.12,0.0,0.08044038712978363
356,0.12,0.1,0.08044038712978363
356,0.12,0.2,0.07700324803590775
356,0.15,0.0,0.08390133082866669
356,0.15,0.1,0.08390133082866669
356,0.15,0.2,0.09471222758293152
357,0.0,0.0,0.09840251505374908
357,0.0,0.1,0.09840251505374908
357,0.0,0.2,0.1331038922071457
357,0.03,0.0,0.12497790902853012
357,0.03,0.1,0.12497790902853012
357,0.03,0.2,0.14442412555217743
357,0.06,0.0,0.1302228420972824
357,0.06,0.1,0.1302228420972824
357,0.06,0.2,0.13808168470859528
357,0.09,0.0,0.12248427420854568
357,0.09,0.1,0.12248427420854568
357,0.09,0.2,0.13391318917274475
357,0.12,0.0,0.12780964374542236
357,0.12,0.1,0.12780964374542236
357,0.12,0.2,0.14061914384365082
357,0.15,0.0,0.12358373403549194
357,0.15,0.1,0.12358373403549194
357,0.15,0.2,0.12711969017982483
358,0.0,0.0,0.09888727217912674
358,0.0,0.1,0.09888727217912674
358,0.0,0.2,0.10574527084827423
358,0.03,0.0,0.11512012779712677
358,0.03,0.1,0.11512012779712677
358,0.03,0.2,0.0886138528585434
358,0.06,0.0,0.11502663791179657
358,0.06,0.1,0.11502663791179657
358,0.06,0.2,0.10758136212825775
358,0.09,0.0,0.11465714126825333
358,0.09,0.1,0.11465714126825333
358,0.09,0.2,0.09155379980802536
358,0.12,0.0,0.10798408836126328
358,0.12,0.1,0.10798408836126328
358,0.12,0.2,0.08187901228666306
358,0.15,0.0,0.08652942627668381
358,0.15,0.1,0.08652942627668381
358,0.15,0.2,0.08468436449766159
359,0.0,0.0,0.17844437062740326
359,0.0,0.1,0.17844437062740326
359,0.0,0.2,0.24883563816547394
359,0.03,0.0,0.22294992208480835
359,0.03,0.1,0.22294992208480835
359,0.03,0.2,0.25603339076042175
359,0.06,0.0,0.24390894174575806
359,0.06,0.1,0.24390894174575806
359,0.06,0.2,0.23470738530158997
359,0.09,0.0,0.23662379384040833
359,0.09,0.1,0.23662379384040833
359,0.09,0.2,0.20168517529964447
359,0.12,0.0,0.19844478368759155
359,0.12,0.1,0.19844478368759155
359,0.12,0.2,0.14250332117080688
359,0.15,0.0,0.15379394590854645
359,0.15,0.1,0.15379394590854645
359,0.15,0.2,0.12209638208150864
36,0.0,0.0,0.09848001599311829
36,0.0,0.1,0.09848001599311829
36,0.0,0.2,0.20022644102573395
36,0.03,0.0,0.13366778194904327
36,0.03,0.1,0.13366778194904327
36,0.03,0.2,0.1977129727602005
36,0.06,0.0,0.17161895334720612
36,0.06,0.1,0.17161895334720612
36,0.06,0.2,0.16664382815361023
36,0.09,0.0,0.20052100718021393
36,0.09,0.1,0.20052100718021393
36,0.09,0.2,0.15058550238609314
36,0.12,0.0,0.18183575570583344
36,0.12,0.1,0.18183575570583344
36,0.12,0.2,0.11935950070619583
36,0.15,0.0,0.135905459523201
36,0.15,0.1,0.135905459523201
36,0.15,0.2,0.09130606055259705
360,0.0,0.0,0.09560510516166687
360,0.0,0.1,0.09560510516166687
360,0.0,0.2,0.09926912933588028
360,0.03,0.0,0.08931423723697662
360,0.03,0.1,0.08931423723697662
360,0.03,0.2,0.1000295877456665
360,0.06,0.0,0.08929777145385742
360,0.06,0.1,0.08929777145385742
360,0.06,0.2,0.09512981027364731
360,0.09,0.0,0.11327148973941803
360,0.09,0.1,0.11327148973941803
360,0.09,0.2,0.10706248134374619
360,0.12,0.0,0.11570283025503159
360,0.12,0.1,0.11570283025503159
360,0.12,0.2,0.10695057362318039
360,0.15,0.0,0.09554354846477509
360,0.15,0.1,0.09554354846477509
360,0.15,0.2,0.08590056747198105
361,0.0,0.0,0.11672445386648178
361,0.0,0.1,0.11672445386648178
361,0.0,0.2,0.1450481414794922
361,0.03,0.0,0.1287180334329605
361,0.03,0.1,0.1287180334329605
361,0.03,0.2,0.1284485012292862
361,0.06,0.0,0.1314309537410736
361,0.06,0.1,0.1314309537410736
361,0.06,0.2,0.11031299829483032
361,0.09,0.0,0.1178348958492279
361,0.09,0.1,0.1178348958492279
361,0.09,0.2,0.08587430417537689
361,0.12,0.0,0.10407339036464691
361,0.12,0.1,0.10407339036464691
361,0.12,0.2,0.09569283574819565
361,0.15,0.0,0.09684533625841141
361,0.15,0.1,0.09684533625841141
361,0.15,0.2,0.0867486447095871
362,0.0,0.0,0.10086064040660858
362,0.0,0.1,0.10086064040660858
362,0.0,0.2,0.11764412373304367
362,0.03,0.0,0.11270102113485336
362,0.03,0.1,0.11270102113485336
362,0.03,0.2,0.16038398444652557
362,0.06,0.0,0.1497696489095688
362,0.06,0.1,0.1497696489095688
362,0.06,0.2,0.157868891954422
362,0.09,0.0,0.16187720000743866
362,0.09,0.1,0.16187720000743866
362,0.09,0.2,0.13532878458499908
362,0.12,0.0,0.1765068620443344
362,0.12,0.1,0.1765068620443344
362,0.12,0.2,0.14442741870880127
362,0.15,0.0,0.17161808907985687
362,0.15,0.1,0.17161808907985687
362,0.15,0.2,0.1312519758939743
363,0.0,0.0,0.12846411764621735
363,0.0,0.1,0.12846411764621735
363,0.0,0.2,0.16258159279823303
363,0.03,0.0,0.1330748200416565
363,0.03,0.1,0.1330748200416565
363,0.03,0.2,0.16442368924617767
363,0.06,0.0,0.12376214563846588
363,0.06,0.1,0.12376214563846588
363,0.06,0.2,0.1387559175491333
363,0.09,0.0,0.12883198261260986
363,0.09,0.1,0.12883198261260986
363,0.09,0.2,0.1271253377199173
363,0.12,0.0,0.12891769409179688
363,0.12,0.1,0.12891769409179688
363,0.12,0.2,0.11886416375637054
363,0.15,0.0,0.11751612275838852
363,0.15,0.1,0.11751612275838852
363,0.15,0.2,0.12522616982460022
364,0.0,0.0,0.11612594127655029
364,0.0,0.1,0.11612594127655029
364,0.0,0.2,0.14859965443611145
364,0.03,0.0,0.11875081807374954
364,0.03,0.1,0.11875081807374954
364,0.03,0.2,0.13599061965942383
364,0.06,0.0,0.12387385964393616
364,0.06,0.1,0.12387385964393616
364,0.06,0.2,0.12904182076454163
364,0.09,0.0,0.13835370540618896
364,0.09,0.1,0.13835370540618896
364,0.09,0.2,0.12926717102527618
364,0.12,0.0,0.13583853840827942
364,0.12,0.1,0.13583853840827942
364,0.12,0.2,0.11735890060663223
364,0.15,0.0,0.106692835688591
364,0.15,0.1,0.106692835688591
364,0.15,0.2,0.11016496270895004
365,0.0,0.0,0.08441273868083954
365,0.0,0.1,0.08441273868083954
365,0.0,0.2,0.1050744354724884
365,0.03,0.0,0.0976802408695221
365,0.03,0.1,0.0976802408695221
365,0.03,0.2,0.11340481787919998
365,0.06,0.0,0.10852209478616714
365,0.06,0.1,0.10852209478616714
365,0.06,0.2,0.1085696667432785
365,0.09,0.0,0.10569771379232407
365,0.09,0.1,0.10569771379232407
365,0.09,0.2,0.09500853717327118
365,0.12,0.0,0.09572149068117142
365,0.12,0.1,0.09572149068117142
365,0.12,0.2,0.09116529673337936
365,0.15,0.0,0.09497185796499252
365,0.15,0.1,0.09497185796499252
365,0.15,0.2,0.09651388227939606
366,0.0,0.0,0.08682906627655029
366,0.0,0.1,0.08682906627655029
366,0.0,0.2,0.0973769798874855
366,0.03,0.0,0.09266211092472076
366,0.03,0.1,0.09266211092472076
366,0.03,0.2,0.12182078510522842
366,0.06,0.0,0.08497390151023865
366,0.06,0.1,0.08497390151023865
366,0.06,0.2,0.11132974922657013
366,0.09,0.0,0.10101452469825745
366,0.09,0.1,0.10101452469825745
366,0.09,0.2,0.1113794595003128
366,0.12,0.0,0.10337433218955994
366,0.12,0.1,0.10337433218955994
366,0.12,0.2,0.10045165568590164
366,0.15,0.0,0.09551867097616196
366,0.15,0.1,0.09551867097616196
366,0.15,0.2,0.09388788044452667
367,0.0,0.0,0.08987414091825485
367,0.0,0.1,0.08987414091825485
367,0.0,0.2,0.09015993028879166
367,0.03,0.0,0.08625474572181702
367,0.03,0.1,0.08625474572181702
367,0.03,0.2,0.09797943383455276
367,0.06,0.0,0.08919886499643326
367,0.06,0.1,0.08919886499643326
367,0.06,0.2,0.09903427213430405
367,0.09,0.0,0.0889974907040596
367,0.09,0.1,0.0889974907040596
367,0.09,0.2,0.10598919540643692
367,0.12,0.0,0.08546892553567886
367,0.12,0.1,0.08546892553567886
367,0.12,0.2,0.10102743655443192
367,0.15,0.0,0.12839849293231964
367,0.15,0.1,0.12839849293231964
367,0.15,0.2,0.1326318234205246
368,0.0,0.0,0.09509579837322235
368,0.0,0.1,0.09509579837322235
368,0.0,0.2,0.08970282226800919
368,0.03,0.0,0.09998442232608795
368,0.03,0.1,0.09998442232608795
368,0.03,0.2,0.09156949073076248
368,0.06,0.0,0.10283547639846802
368,0.06,0.1,0.10283547639846802
368,0.06,0.2,0.09197916090488434
368,0.09,0.0,0.09908454865217209
368,0.09,0.1,0.09908454865217209
368,0.09,0.2,0.091558076441288
368,0.12,0.0,0.09024295210838318
368,0.12,0.1,0.09024295210838318
368,0.12,0.2,0.09651342034339905
368,0.15,0.0,0.09257632493972778
368,0.15,0.1,0.09257632493972778
368,0.15,0.2,0.0936165452003479
369,0.0,0.0,0.09325338155031204
369,0.0,0.1,0.09325338155031204
369,0.0,0.2,0.128281831741333
369,0.03,0.0,0.11095939576625824
369,0.03,0.1,0.11095939576625824
369,0.03,0.2,0.133744478225708
369,0.06,0.0,0.1255059689283371
369,0.06,0.1,0.1255059689283371
369,0.06,0.2,0.1375385969877243
369,0.09,0.0,0.12947502732276917
369,0.09,0.1,0.12947502732276917
369,0.09,0.2,0.13271787762641907
369,0.12,0.0,0.12132568657398224
369,0.12,0.1,0.12132568657398224
369,0.12,0.2,0.11811522394418716
369,0.15,0.0,0.11774373054504395
369,0.15,0.1,0.11774373054504395
369,0.15,0.2,0.11215337365865707
37,0.0,0.0,0.1071220338344574
37,0.0,0.1,0.1071220338344574
37,0.0,0.2,0.13572148978710175
37,0.03,0.0,0.1146029531955719
37,0.03,0.1,0.1146029531955719
37,0.03,0.2,0.12464616447687149
37,0.06,0.0,0.1519419103860855
37,0.06,0.1,0.1519419103860855
37,0.06,0.2,0.12972445785999298
37,0.09,0.0,0.1727207601070404
37,0.09,0.1,0.1727207601070404
37,0.09,0.2,0.1290091574192047
37,0.12,0.0,0.18235355615615845
37,0.12,0.1,0.18235355615615845
37,0.12,0.2,0.12610839307308197
37,0.15,0.0,0.17179232835769653
37,0.15,0.1,0.17179232835769653
37,0.15,0.2,0.11317893117666245
370,0.0,0.0,0.11317481100559235
370,0.0,0.1,0.11317481100559235
370,0.0,0.2,0.0884510800242424
370,0.03,0.0,0.10158560425043106
370,0.03,0.1,0.10158560425043106
370,0.03,0.2,0.09609503298997879
370,0.06,0.0,0.09890759736299515
370,0.06,0.1,0.09890759736299515
370,0.06,0.2,0.09492138028144836
370,0.09,0.0,0.11065937578678131
370,0.09,0.1,0.11065937578678131
370,0.09,0.2,0.09587559103965759
370,0.12,0.0,0.09858601540327072
370,0.12,0.1,0.09858601540327072
370,0.12,0.2,0.08683586120605469
370,0.15,0.0,0.09767718613147736
370,0.15,0.1,0.09767718613147736
370,0.15,0.2,0.09493032097816467
371,0.0,0.0,0.11772055178880692
371,0.0,0.1,0.11772055178880692
371,0.0,0.2,0.17818568646907806
371,0.03,0.0,0.1357184797525406
371,0.03,0.1,0.1357184797525406
371,0.03,0.2,0.19638752937316895
371,0.06,0.0,0.14986515045166016
371,0.06,0.1,0.14986515045166016
371,0.06,0.2,0.20907728374004364
371,0.09,0.0,0.16499944031238556
371,0.09,0.1,0.16499944031238556
371,0.09,0.2,0.2059689164161682
371,0.12,0.0,0.17318692803382874
371,0.12,0.1,0.17318692803382874
371,0.12,0.2,0.18757374584674835
371,0.15,0.0,0.17093054950237274
371,0.15,0.1,0.17093054950237274
371,0.15,0.2,0.1562672257423401
372,0.0,0.0,0.12886051833629608
372,0.0,0.1,0.12886051833629608
372,0.0,0.2,0.1324537992477417
372,0.03,0.0,0.12074314057826996
372,0.03,0.1,0.12074314057826996
372,0.03,0.2,0.1044943556189537
372,0.06,0.0,0.13139720261096954
372,0.06,0.1,0.13139720261096954
372,0.06,0.2,0.0989147201180458
372,0.09,0.0,0.11151285469532013
372,0.09,0.1,0.11151285469532013
372,0.09,0.2,0.09575486183166504
372,0.12,0.0,0.10523263365030289
372,0.12,0.1,0.10523263365030289
372,0.12,0.2,0.11598900705575943
372,0.15,0.0,0.11856433749198914
372,0.15,0.1,0.11856433749198914
372,0.15,0.2,0.11557160317897797
373,0.0,0.0,0.09631125628948212
373,0.0,0.1,0.09631125628948212
373,0.0,0.2,0.12111704796552658
373,0.03,0.0,0.09232841432094574
373,0.03,0.1,0.09232841432094574
373,0.03,0.2,0.10731784254312515
373,0.06,0.0,0.09059428423643112
373,0.06,0.1,0.09059428423643112
373,0.06,0.2,0.09371156990528107
373,0.09,0.0,0.1047833114862442
373,0.09,0.1,0.1047833114862442
373,0.09,0.2,0.09123961627483368
373,0.12,0.0,0.09912394732236862
373,0.12,0.1,0.09912394732236862
373,0.12,0.2,0.08524026721715927
373,0.15,0.0,0.09978220611810684
373,0.15,0.1,0.09978220611810684
373,0.15,0.2,0.0814783051609993
374,0.0,0.0,0.09158845245838165
374,0.0,0.1,0.09158845245838165
374,0.0,0.2,0.09869838505983353
374,0.03,0.0,0.09704545885324478
374,0.03,0.1,0.09704545885324478
374,0.03,0.2,0.10799059271812439
374,0.06,0.0,0.1077001765370369
374,0.06,0.1,0.1077001765370369
374,0.06,0.2,0.10088034719228745
374,0.09,0.0,0.09417437016963959
374,0.09,0.1,0.09417437016963959
374,0.09,0.2,0.09083134680986404
374,0.12,0.0,0.08479778468608856
374,0.12,0.1,0.08479778468608856
374,0.12,0.2,0.08925393223762512
374,0.15,0.0,0.09326355159282684
374,0.15,0.1,0.09326355159282684
374,0.15,0.2,0.09440171718597412
375,0.0,0.0,0.1075018048286438
375,0.0,0.1,0.1075018048286438
375,0.0,0.2,0.1565481722354889
375,0.03,0.0,0.12675662338733673
375,0.03,0.1,0.12675662338733673
375,0.03,0.2,0.17050997912883759
375,0.06,0.0,0.14202840626239777
375,0.06,0.1,0.14202840626239777
375,0.06,0.2,0.17045792937278748
375,0.09,0.0,0.1638651192188263
375,0.09,0.1,0.1638651192188263
375,0.09,0.2,0.16786028444766998
375,0.12,0.0,0.17915058135986328
375,0.12,0.1,0.17915058135986328
375,0.12,0.2,0.16899943351745605
375,0.15,0.0,0.18710191547870636
375,0.15,0.1,0.18710191547870636
375,0.15,0.2,0.16589581966400146
376,0.0,0.0,0.1010892391204834
376,0.0,0.1,0.1010892391204834
376,0.0,0.2,0.15660475194454193
376,0.03,0.0,0.1492719054222107
376,0.03,0.1,0.1492719054222107
376,0.03,0.2,0.15093667805194855
376,0.06,0.0,0.17159119248390198
376,0.06,0.1,0.17159119248390198
376,0.06,0.2,0.1306297481060028
376,0.09,0.0,0.16108429431915283
376,0.09,0.1,0.16108429431915283
376,0.09,0.2,0.10796073824167252
376,0.12,0.0,0.13382409512996674
376,0.12,0.1,0.13382409512996674
376,0.12,0.2,0.08508796989917755
376,0.15,0.0,0.0821303203701973
376,0.15,0.1,0.0821303203701973
376,0.15,0.2,0.08498846739530563
377,0.0,0.0,0.10799800604581833
377,0.0,0.1,0.10799800604581833
377,0.0,0.2,0.12760260701179504
377,0.03,0.0,0.09761056303977966
377,0.03,0.1,0.09761056303977966
377,0.03,0.2,0.12760421633720398
377,0.06,0.0,0.10185838490724564
377,0.06,0.1,0.10185838490724564
377,0.06,0.2,0.1162499338388443
377,0.09,0.0,0.1187232956290245
377,0.09,0.1,0.1187232956290245
377,0.09,0.2,0.10200776904821396
377,0.12,0.0,0.09096825867891312
377,0.12,0.1,0.09096825867891312
377,0.12,0.2,0.08262445032596588
377,0.15,0.0,0.1043335571885109
377,0.15,0.1,0.1043335571885109
377,0.15,0.2,0.09161747246980667
378,0.0,0.0,0.09576214849948883
378,0.0,0.1,0.09576214849948883
378,0.0,0.2,0.10178710520267487
378,0.03,0.0,0.0954950824379921
378,0.03,0.1,0.0954950824379921
378,0.03,0.2,0.09565476328134537
378,0.06,0.0,0.10954346507787704
378,0.06,0.1,0.10954346507787704
378,0.06,0.2,0.12048790603876114
378,0.09,0.0,0.10602044314146042
378,0.09,0.1,0.10602044314146042
378,0.09,0.2,0.10260134190320969
378,0.12,0.0,0.11934474110603333
378,0.12,0.1,0.11934474110603333
378,0.12,0.2,0.11876517534255981
378,0.15,0.0,0.11015386879444122
378,0.15,0.1,0.11015386879444122
378,0.15,0.2,0.09784432500600815
379,0.0,0.0,0.08195236325263977
379,0.0,0.1,0.08195236325263977
379,0.0,0.2,0.08745739609003067
379,0.03,0.0,0.09526930749416351
379,0.03,0.1,0.09526930749416351
379,0.03,0.2,0.10238493978977203
379,0.06,0.0,0.09828073531389236
379,0.06,0.1,0.09828073531389236
379,0.06,0.2,0.10377427935600281
379,0.09,0.0,0.08950657397508621
379,0.09,0.1,0.08950657397508621
379,0.09,0.2,0.09579911082983017
379,0.12,0.0,0.09672851860523224
379,0.12,0.1,0.09672851860523224
379,0.12,0.2,0.1124807670712471
379,0.15,0.0,0.09333791583776474
379,0.15,0.1,0.09333791583776474
379,0.15,0.2,0.11345071345567703
38,0.0,0.0,0.08421610295772552
38,0.0,0.1,0.08421610295772552
38,0.0,0.2,0.09347397834062576
38,0.03,0.0,0.08798065781593323
38,0.03,0.1,0.08798065781593323
38,0.03,0.2,0.08490242809057236
38,0.06,0.0,0.10686514526605606
38,0.06,0.1,0.10686514526605606
38,0.06,0.2,0.08910510689020157
38,0.09,0.0,0.10505643486976624
38,0.09,0.1,0.10505643486976624
38,0.09,0.2,0.08920646458864212
38,0.12,0.0,0.08567209541797638
38,0.12,0.1,0.08567209541797638
38,0.12,0.2,0.08716410398483276
38,0.15,0.0,0.08556848764419556
38,0.15,0.1,0.08556848764419556
38,0.15,0.2,0.08787179738283157
380,0.0,0.0,0.09853503108024597
380,0.0,0.1,0.09853503108024597
380,0.0,0.2,0.10349568724632263
380,0.03,0.0,0.11069601029157639
380,0.03,0.1,0.11069601029157639
380,0.03,0.2,0.09219975024461746
380,0.06,0.0,0.13189148902893066
380,0.06,0.1,0.13189148902893066
380,0.06,0.2,0.08889929205179214
380,0.09,0.0,0.11773443967103958
380,0.09,0.1,0.11773443967103958
380,0.09,0.2,0.10225621610879898
380,0.12,0.0,0.11115521192550659
380,0.12,0.1,0.11115521192550659
380,0.12,0.2,0.11462761461734772
380,0.15,0.0,0.13008421659469604
380,0.15,0.1,0.13008421659469604
380,0.15,0.2,0.12474875152111053
381,0.0,0.0,0.09597544372081757
381,0.0,0.1,0.09597544372081757
381,0.0,0.2,0.14387090504169464
381,0.03,0.0,0.11986134201288223
381,0.03,0.1,0.11986134201288223
381,0.03,0.2,0.1553996503353119
381,0.06,0.0,0.12066313624382019
381,0.06,0.1,0.12066313624382019
381,0.06,0.2,0.14252790808677673
381,0.09,0.0,0.13175331056118011
381,0.09,0.1,0.13175331056118011
381,0.09,0.2,0.12727054953575134
381,0.12,0.0,0.15633021295070648
381,0.12,0.1,0.15633021295070648
381,0.12,0.2,0.14718833565711975
381,0.15,0.0,0.13038784265518188
381,0.15,0.1,0.13038784265518188
381,0.15,0.2,0.13701048493385315
382,0.0,0.0,0.11272713541984558
382,0.0,0.1,0.11272713541984558
382,0.0,0.2,0.16777224838733673
382,0.03,0.0,0.12771762907505035
382,0.03,0.1,0.12771762907505035
382,0.03,0.2,0.1647070199251175
382,0.06,0.0,0.14624322950839996
382,0.06,0.1,0.14624322950839996
382,0.06,0.2,0.15784168243408203
382,0.09,0.0,0.16316401958465576
382,0.09,0.1,0.16316401958465576
382,0.09,0.2,0.15238752961158752
382,0.12,0.0,0.17008936405181885
382,0.12,0.1,0.17008936405181885
382,0.12,0.2,0.15926474332809448
382,0.15,0.0,0.15217801928520203
382,0.15,0.1,0.15217801928520203
382,0.15,0.2,0.12365823239088058
383,0.0,0.0,0.09476767480373383
383,0.0,0.1,0.09476767480373383
383,0.0,0.2,0.09110087901353836
383,0.03,0.0,0.11968763917684555
383,0.03,0.1,0.11968763917684555
383,0.03,0.2,0.0879482850432396
383,0.06,0.0,0.15617096424102783
383,0.06,0.1,0.15617096424102783
383,0.06,0.2,0.1012081652879715
383,0.09,0.0,0.19140005111694336
383,0.09,0.1,0.19140005111694336
383,0.09,0.2,0.12546144425868988
383,0.12,0.0,0.1804850697517395
383,0.12,0.1,0.1804850697517395
383,0.12,0.2,0.13994526863098145
383,0.15,0.0,0.17229792475700378
383,0.15,0.1,0.17229792475700378
383,0.15,0.2,0.14484433829784393
384,0.0,0.0,0.10386241972446442
384,0.0,0.1,0.10386241972446442
384,0.0,0.2,0.14617066085338593
384,0.03,0.0,0.11599038541316986
384,0.03,0.1,0.11599038541316986
384,0.03,0.2,0.14575763046741486
384,0.06,0.0,0.13088710606098175
384,0.06,0.1,0.13088710606098175
384,0.06,0.2,0.14963163435459137
384,0.09,0.0,0.12044157087802887
384,0.09,0.1,0.12044157087802887
384,0.09,0.2,0.1274261325597763
384,0.12,0.0,0.11235952377319336
384,0.12,0.1,0.11235952377319336
384,0.12,0.2,0.10263171792030334
384,0.15,0.0,0.10692138969898224
384,0.15,0.1,0.10692138969898224
384,0.15,0.2,0.09356434643268585
385,0.0,0.0,0.09492047876119614
385,0.0,0.1,0.09492047876119614
385,0.0,0.2,0.11361921578645706
385,0.03,0.0,0.09042391926050186
385,0.03,0.1,0.09042391926050186
385,0.03,0.2,0.11714717745780945
385,0.06,0.0,0.12165484577417374
385,0.06,0.1,0.12165484577417374
385,0.06,0.2,0.12906929850578308
385,0.09,0.0,0.10655511170625687
385,0.09,0.1,0.10655511170625687
385,0.09,0.2,0.14250603318214417
385,0.12,0.0,0.1148148626089096
385,0.12,0.1,0.1148148626089096
385,0.12,0.2,0.1330430954694748
385,0.15,0.0,0.1244538277387619
385,0.15,0.1,0.1244538277387619
385,0.15,0.2,0.12845906615257263
386,0.0,0.0,0.09528504312038422
386,0.0,0.1,0.09528504312038422
386,0.0,0.2,0.10289943963289261
386,0.03,0.0,0.08191079646348953
386,0.03,0.1,0.08191079646348953
386,0.03,0.2,0.10202650725841522
386,0.06,0.0,0.08371764421463013
386,0.06,0.1,0.08371764421463013
386,0.06,0.2,0.1040358617901802
386,0.09,0.0,0.09007183462381363
386,0.09,0.1,0.09007183462381363
386,0.09,0.2,0.09350955486297607
386,0.12,0.0,0.10020456463098526
386,0.12,0.1,0.10020456463098526
386,0.12,0.2,0.08700572699308395
386,0.15,0.0,0.10111383348703384
386,0.15,0.1,0.10111383348703384
386,0.15,0.2,0.09057290852069855
387,0.0,0.0,0.0915999636054039
387,0.0,0.1,0.0915999636054039
387,0.0,0.2,0.09725337475538254
387,0.03,0.0,0.10253071039915085
387,0.03,0.1,0.10253071039915085
387,0.03,0.2,0.08684169501066208
387,0.06,0.0,0.09340126812458038
387,0.06,0.1,0.09340126812458038
387,0.06,0.2,0.08769967406988144
387,0.09,0.0,0.09804397076368332
387,0.09,0.1,0.09804397076368332
387,0.09,0.2,0.10546334832906723
387,0.12,0.0,0.0947742685675621
387,0.12,0.1,0.0947742685675621
387,0.12,0.2,0.09438476711511612
387,0.15,0.0,0.08659376204013824
387,0.15,0.1,0.08659376204013824
387,0.15,0.2,0.09830884635448456
388,0.0,0.0,0.08881446719169617
388,0.0,0.1,0.08881446719169617
388,0.0,0.2,0.0994875356554985
388,0.03,0.0,0.08981597423553467
388,0.03,0.1,0.08981597423553467
388,0.03,0.2,0.10995709896087646
388,0.06,0.0,0.10343337059020996
388,0.06,0.1,0.10343337059020996
388,0.06,0.2,0.11887332797050476
388,0.09,0.0,0.09492851048707962
388,0.09,0.1,0.09492851048707962
388,0.09,0.2,0.12972290813922882
388,0.12,0.0,0.11487895995378494
388,0.12,0.1,0.11487895995378494
388,0.12,0.2,0.16051506996154785
388,0.15,0.0,0.10121744126081467
388,0.15,0.1,0.10121744126081467
388,0.15,0.2,0.14037063717842102
389,0.0,0.0,0.12733304500579834
389,0.0,0.1,0.12733304500579834
389,0.0,0.2,0.13679227232933044
389,0.03,0.0,0.14254271984100342
389,0.03,0.1,0.14254271984100342
389,0.03,0.2,0.15044526755809784
389,0.06,0.0,0.15584757924079895
389,0.06,0.1,0.15584757924079895
389,0.06,0.2,0.13876736164093018
389,0.09,0.0,0.16087810695171356
389,0.09,0.1,0.16087810695171356
389,0.09,0.2,0.1368882805109024
389,0.12,0.0,0.16969412565231323
389,0.12,0.1,0.16969412565231323
389,0.12,0.2,0.15504233539104462
389,0.15,0.0,0.17589294910430908
389,0.15,0.1,0.17589294910430908
389,0.15,0.2,0.1547650843858719
39,0.0,0.0,0.09706763178110123
39,0.0,0.1,0.09706763178110123
39,0.0,0.2,0.12886422872543335
39,0.03,0.0,0.09946181625127792
39,0.03,0.1,0.09946181625127792
39,0.03,0.2,0.13973480463027954
39,0.06,0.0,0.11292095482349396
39,0.06,0.1,0.11292095482349396
39,0.06,0.2,0.1418432742357254
39,0.09,0.0,0.11671454459428787
39,0.09,0.1,0.11671454459428787
39,0.09,0.2,0.136618509888649
39,0.12,0.0,0.11451173573732376
39,0.12,0.1,0.11451173573732376
39,0.12,0.2,0.13001979887485504
39,0.15,0.0,0.1146887019276619
39,0.15,0.1,0.1146887019276619
39,0.15,0.2,0.12097572535276413
390,0.0,0.0,0.10424076020717621
390,0.0,0.1,0.10424076020717621
390,0.0,0.2,0.14402198791503906
390,0.03,0.0,0.125154510140419
390,0.03,0.1,0.125154510140419
390,0.03,0.2,0.12450695037841797
390,0.06,0.0,0.16366180777549744
390,0.06,0.1,0.16366180777549744
390,0.06,0.2,0.12891878187656403
390,0.09,0.0,0.15334029495716095
390,0.09,0.1,0.15334029495716095
390,0.09,0.2,0.12787863612174988
390,0.12,0.0,0.13252246379852295
390,0.12,0.1,0.13252246379852295
390,0.12,0.2,0.1300625056028366
390,0.15,0.0,0.13265082240104675
390,0.15,0.1,0.13265082240104675
390,0.15,0.2,0.11809062957763672
391,0.0,0.0,0.12161741405725479
391,0.0,0.1,0.12161741405725479
391,0.0,0.2,0.12699899077415466
391,0.03,0.0,0.12868426740169525
391,0.03,0.1,0.12868426740169525
391,0.03,0.2,0.11984340846538544
391,0.06,0.0,0.1159929484128952
391,0.06,0.1,0.1159929484128952
391,0.06,0.2,0.09897167235612869
391,0.09,0.0,0.10190695524215698
391,0.09,0.1,0.10190695524215698
391,0.09,0.2,0.09737540036439896
391,0.12,0.0,0.09322309494018555
391,0.12,0.1,0.09322309494018555
391,0.12,0.2,0.09079033881425858
391,0.15,0.0,0.11405562609434128
391,0.15,0.1,0.11405562609434128
391,0.15,0.2,0.10225087404251099
392,0.0,0.0,0.12301266938447952
392,0.0,0.1,0.12301266938447952
392,0.0,0.2,0.1257641315460205
392,0.03,0.0,0.12869732081890106
392,0.03,0.1,0.12869732081890106
392,0.03,0.2,0.14389145374298096
392,0.06,0.0,0.14568160474300385
392,0.06,0.1,0.14568160474300385
392,0.06,0.2,0.13223573565483093
392,0.09,0.0,0.13401353359222412
392,0.09,0.1,0.13401353359222412
392,0.09,0.2,0.1258019357919693
392,0.12,0.0,0.1292250156402588
392,0.12,0.1,0.1292250156402588
392,0.12,0.2,0.11084524542093277
392,0.15,0.0,0.09003893285989761
392,0.15,0.1,0.09003893285989761
392,0.15,0.2,0.09137853980064392
393,0.0,0.0,0.11597909778356552
393,0.0,0.1,0.11597909778356552
393,0.0,0.2,0.1231846809387207
393,0.03,0.0,0.12207892537117004
393,0.03,0.1,0.12207892537117004
393,0.03,0.2,0.1052456721663475
393,0.06,0.0,0.11614026874303818
393,0.06,0.1,0.11614026874303818
393,0.06,0.2,0.09449954330921173
393,0.09,0.0,0.12897224724292755
393,0.09,0.1,0.12897224724292755
393,0.09,0.2,0.10073146969079971
393,0.12,0.0,0.14797087013721466
393,0.12,0.1,0.14797087013721466
393,0.12,0.2,0.10829433053731918
393,0.15,0.0,0.11135320365428925
393,0.15,0.1,0.11135320365428925
393,0.15,0.2,0.08341971039772034
394,0.0,0.0,0.10379522293806076
394,0.0,0.1,0.10379522293806076
394,0.0,0.2,0.20628073811531067
394,0.03,0.0,0.16611070930957794
394,0.03,0.1,0.16611070930957794
394,0.03,0.2,0.2244790494441986
394,0.06,0.0,0.20922142267227173
394,0.06,0.1,0.20922142267227173
394,0.06,0.2,0.2304430603981018
394,0.09,0.0,0.24539856612682343
394,0.09,0.1,0.24539856612682343
394,0.09,0.2,0.21716156601905823
394,0.12,0.0,0.23245032131671906
394,0.12,0.1,0.23245032131671906
394,0.12,0.2,0.18249629437923431
394,0.15,0.0,0.19203124940395355
394,0.15,0.1,0.19203124940395355
394,0.15,0.2,0.13894371688365936
395,0.0,0.0,0.11099201440811157
395,0.0,0.1,0.11099201440811157
395,0.0,0.2,0.10468240082263947
395,0.03,0.0,0.11363863945007324
395,0.03,0.1,0.11363863945007324
395,0.03,0.2,0.1194910928606987
395,0.06,0.0,0.10968473553657532
395,0.06,0.1,0.10968473553657532
395,0.06,0.2,0.1073291227221489
395,0.09,0.0,0.10436099767684937
395,0.09,0.1,0.10436099767684937
395,0.09,0.2,0.09569528698921204
395,0.12,0.0,0.11115153133869171
395,0.12,0.1,0.11115153133869171
395,0.12,0.2,0.0943383201956749
395,0.15,0.0,0.10390873998403549
395,0.15,0.1,0.10390873998403549
395,0.15,0.2,0.09666308760643005
396,0.0,0.0,0.0940413698554039
396,0.0,0.1,0.0940413698554039
396,0.0,0.2,0.08432836830615997
396,0.03,0.0,0.08411238342523575
396,0.03,0.1,0.08411238342523575
396,0.03,0.2,0.0884186178445816
396,0.06,0.0,0.08322224020957947
396,0.06,0.1,0.08322224020957947
396,0.06,0.2,0.08891314268112183
396,0.09,0.0,0.08940301090478897
396,0.09,0.1,0.08940301090478897
396,0.09,0.2,0.10946863889694214
396,0.12,0.0,0.08798575401306152
396,0.12,0.1,0.08798575401306152
396,0.12,0.2,0.07937406003475189
396,0.15,0.0,0.09744071215391159
396,0.15,0.1,0.09744071215391159
396,0.15,0.2,0.07929979264736176
397,0.0,0.0,0.12204144895076752
397,0.0,0.1,0.12204144895076752
397,0.0,0.2,0.17431405186653137
397,0.03,0.0,0.12672428786754608
397,0.03,0.1,0.12672428786754608
397,0.03,0.2,0.17524473369121552
397,0.06,0.0,0.14647884666919708
397,0.06,0.1,0.14647884666919708
397,0.06,0.2,0.1655828207731247
397,0.09,0.0,0.15970800817012787
397,0.09,0.1,0.15970800817012787
397,0.09,0.2,0.15130308270454407
397,0.12,0.0,0.14921650290489197
397,0.12,0.1,0.14921650290489197
397,0.12,0.2,0.12739215791225433
397,0.15,0.0,0.13411729037761688
397,0.15,0.1,0.13411729037761688
397,0.15,0.2,0.1097165197134018
398,0.0,0.0,0.09964846074581146
398,0.0,0.1,0.09964846074581146
398,0.0,0.2,0.11524570733308792
398,0.03,0.0,0.10677070915699005
398,0.03,0.1,0.10677070915699005
398,0.03,0.2,0.12351762503385544
398,0.06,0.0,0.1223716214299202
398,0.06,0.1,0.1223716214299202
398,0.06,0.2,0.13457347452640533
398,0.09,0.0,0.11415880173444748
398,0.09,0.1,0.11415880173444748
398,0.09,0.2,0.13056853413581848
398,0.12,0.0,0.09961485862731934
398,0.12,0.1,0.09961485862731934
398,0.12,0.2,0.13209891319274902
398,0.15,0.0,0.09217188507318497
398,0.15,0.1,0.09217188507318497
398,0.15,0.2,0.10651960968971252
399,0.0,0.0,0.0996176078915596
399,0.0,0.1,0.0996176078915596
399,0.0,0.2,0.17108845710754395
399,0.03,0.0,0.13187852501869202
399,0.03,0.1,0.13187852501869202
399,0.03,0.2,0.16136272251605988
399,0.06,0.0,0.1582007259130478
399,0.06,0.1,0.1582007259130478
399,0.06,0.2,0.15533912181854248
399,0.09,0.0,0.1762794852256775
399,0.09,0.1,0.1762794852256775
399,0.09,0.2,0.13695082068443298
399,0.12,0.0,0.15064862370491028
399,0.12,0.1,0.15064862370491028
399,0.12,0.2,0.10487338900566101
399,0.15,0.0,0.11032827943563461
399,0.15,0.1,0.11032827943563461
399,0.15,0.2,0.08733411878347397
4,0.0,0.0,0.10209079086780548
4,0.0,0.1,0.10209079086780548
4,0.0,0.2,0.0848458781838417
4,0.03,0.0,0.10225557535886765
4,0.03,0.1,0.10225557535886765
4,0.03,0.2,0.09958954900503159
4,0.06,0.0,0.11005975306034088
4,0.06,0.1,0.11005975306034088
4,0.06,0.2,0.11253966391086578
4,0.09,0.0,0.08500314503908157
4,0.09,0.1,0.08500314503908157
4,0.09,0.2,0.09568927437067032
4,0.12,0.0,0.08747236430644989
4,0.12,0.1,0.08747236430644989
4,0.12,0.2,0.08541633933782578
4,0.15,0.0,0.1056026965379715
4,0.15,0.1,0.1056026965379715
4,0.15,0.2,0.09873703867197037
40,0.0,0.0,0.12760499119758606
40,0.0,0.1,0.12760499119758606
40,0.0,0.2,0.12727074325084686
40,0.03,0.0,0.12609638273715973
40,0.03,0.1,0.12609638273715973
40,0.03,0.2,0.12209033221006393
40,0.06,0.0,0.11208810657262802
40,0.06,0.1,0.11208810657262802
40,0.06,0.2,0.10560883581638336
40,0.09,0.0,0.1134350374341011
40,0.09,0.1,0.1134350374341011
40,0.09,0.2,0.11284904927015305
40,0.12,0.0,0.09397265315055847
40,0.12,0.1,0.09397265315055847
40,0.12,0.2,0.10439662635326385
40,0.15,0.0,0.10721520334482193
40,0.15,0.1,0.10721520334482193
40,0.15,0.2,0.10505470633506775
400,0.0,0.0,0.08935295045375824
400,0.0,0.1,0.08935295045375824
400,0.0,0.2,0.112605519592762
400,0.03,0.0,0.09125278145074844
400,0.03,0.1,0.09125278145074844
400,0.03,0.2,0.11377640068531036
400,0.06,0.0,0.10857012122869492
400,0.06,0.1,0.10857012122869492
400,0.06,0.2,0.11389999836683273
400,0.09,0.0,0.11689315736293793
400,0.09,0.1,0.11689315736293793
400,0.09,0.2,0.11274278163909912
400,0.12,0.0,0.11679494380950928
400,0.12,0.1,0.11679494380950928
400,0.12,0.2,0.10974287241697311
400,0.15,0.0,0.09437151998281479
400,0.15,0.1,0.09437151998281479
400,0.15,0.2,0.08772796392440796
401,0.0,0.0,0.09482897073030472
401,0.0,0.1,0.09482897073030472
401,0.0,0.2,0.12226671725511551
401,0.03,0.0,0.0896603912115097
401,0.03,0.1,0.0896603912115097
401,0.03,0.2,0.14833252131938934
401,0.06,0.0,0.11479230970144272
401,0.06,0.1,0.11479230970144272
401,0.06,0.2,0.17050166428089142
401,0.09,0.0,0.1448184996843338
401,0.09,0.1,0.1448184996843338
401,0.09,0.2,0.1600746214389801
401,0.12,0.0,0.1627325415611267
401,0.12,0.1,0.1627325415611267
401,0.12,0.2,0.13644668459892273
401,0.15,0.0,0.15780262649059296
401,0.15,0.1,0.15780262649059296
401,0.15,0.2,0.1190720796585083
402,0.0,0.0,0.1174086257815361
402,0.0,0.1,0.1174086257815361
402,0.0,0.2,0.21186216175556183
402,0.03,0.0,0.15506522357463837
402,0.03,0.1,0.15506522357463837
402,0.03,0.2,0.22077597677707672
402,0.06,0.0,0.20163632929325104
402,0.06,0.1,0.20163632929325104
402,0.06,0.2,0.21713887155056
402,0.09,0.0,0.22877240180969238
402,0.09,0.1,0.22877240180969238
402,0.09,0.2,0.1811663657426834
402,0.12,0.0,0.2125093936920166
402,0.12,0.1,0.2125093936920166
402,0.12,0.2,0.14581605792045593
402,0.15,0.0,0.16529874503612518
402,0.15,0.1,0.16529874503612518
402,0.15,0.2,0.10417483001947403
403,0.0,0.0,0.11661051958799362
403,0.0,0.1,0.11661051958799362
403,0.0,0.2,0.15067580342292786
403,0.03,0.0,0.13081009685993195
403,0.03,0.1,0.13081009685993195
403,0.03,0.2,0.16243155300617218
403,0.06,0.0,0.14053118228912354
403,0.06,0.1,0.14053118228912354
403,0.06,0.2,0.16315379738807678
403,0.09,0.0,0.14759068191051483
403,0.09,0.1,0.14759068191051483
403,0.09,0.2,0.15175330638885498
403,0.12,0.0,0.13650783896446228
403,0.12,0.1,0.13650783896446228
403,0.12,0.2,0.12469908595085144
403,0.15,0.0,0.1250256896018982
403,0.15,0.1,0.1250256896018982
403,0.15,0.2,0.08697093278169632
404,0.0,0.0,0.09250622242689133
404,0.0,0.1,0.09250622242689133
404,0.0,0.2,0.1060384139418602
404,0.03,0.0,0.11579634249210358
404,0.03,0.1,0.11579634249210358
404,0.03,0.2,0.09377545863389969
404,0.06,0.0,0.1342879831790924
404,0.06,0.1,0.1342879831790924
404,0.06,0.2,0.09580310434103012
404,0.09,0.0,0.0913875550031662
404,0.09,0.1,0.0913875550031662
404,0.09,0.2,0.09111414849758148
404,0.12,0.0,0.09137360751628876
404,0.12,0.1,0.09137360751628876
404,0.12,0.2,0.11822319775819778
404,0.15,0.0,0.11325906217098236
404,0.15,0.1,0.11325906217098236
404,0.15,0.2,0.13845379650592804
405,0.0,0.0,0.11176155507564545
405,0.0,0.1,0.11176155507564545
405,0.0,0.2,0.14422252774238586
405,0.03,0.0,0.11493390798568726
405,0.03,0.1,0.11493390798568726
405,0.03,0.2,0.139256551861763
405,0.06,0.0,0.13379959762096405
405,0.06,0.1,0.13379959762096405
405,0.06,0.2,0.14665840566158295
405,0.09,0.0,0.13130196928977966
405,0.09,0.1,0.13130196928977966
405,0.09,0.2,0.13869646191596985
405,0.12,0.0,0.13150674104690552
405,0.12,0.1,0.13150674104690552
405,0.12,0.2,0.12840433418750763
405,0.15,0.0,0.1440093070268631
405,0.15,0.1,0.1440093070268631
405,0.15,0.2,0.12564992904663086
406,0.0,0.0,0.10480501502752304
406,0.0,0.1,0.10480501502752304
406,0.0,0.2,0.12668906152248383
406,0.03,0.0,0.10394200682640076
406,0.03,0.1,0.10394200682640076
406,0.03,0.2,0.12837854027748108
406,0.06,0.0,0.11702482402324677
406,0.06,0.1,0.11702482402324677
406,0.06,0.2,0.1265314817428589
406,0.09,0.0,0.12300083041191101
406,0.09,0.1,0.12300083041191101
406,0.09,0.2,0.13071207702159882
406,0.12,0.0,0.1266118288040161
406,0.12,0.1,0.1266118288040161
406,0.12,0.2,0.12225161492824554
406,0.15,0.0,0.11516666412353516
406,0.15,0.1,0.11516666412353516
406,0.15,0.2,0.12530459463596344
407,0.0,0.0,0.08195193111896515
407,0.0,0.1,0.08195193111896515
407,0.0,0.2,0.08590631932020187
407,0.03,0.0,0.10254219174385071
407,0.03,0.1,0.10254219174385071
407,0.03,0.2,0.09138927608728409
407,0.06,0.0,0.10572705417871475
407,0.06,0.1,0.10572705417871475
407,0.06,0.2,0.08462495356798172
407,0.09,0.0,0.07625624537467957
407,0.09,0.1,0.07625624537467957
407,0.09,0.2,0.09019307047128677
407,0.12,0.0,0.10320565104484558
407,0.12,0.1,0.10320565104484558
407,0.12,0.2,0.09422515332698822
407,0.15,0.0,0.09762158244848251
407,0.15,0.1,0.09762158244848251
407,0.15,0.2,0.09346707165241241
408,0.0,0.0,0.10620158910751343
408,0.0,0.1,0.10620158910751343
408,0.0,0.2,0.12964588403701782
408,0.03,0.0,0.13237257301807404
408,0.03,0.1,0.13237257301807404
408,0.03,0.2,0.12728701531887054
408,0.06,0.0,0.12680453062057495
408,0.06,0.1,0.12680453062057495
408,0.06,0.2,0.09776753932237625
408,0.09,0.0,0.11505438387393951
408,0.09,0.1,0.11505438387393951
408,0.09,0.2,0.09902475029230118
408,0.12,0.0,0.11883093416690826
408,0.12,0.1,0.11883093416690826
408,0.12,0.2,0.09930454194545746
408,0.15,0.0,0.09426383674144745
408,0.15,0.1,0.09426383674144745
408,0.15,0.2,0.10427229106426239
409,0.0,0.0,0.117730051279068
409,0.0,0.1,0.117730051279068
409,0.0,0.2,0.1585729867219925
409,0.03,0.0,0.13265685737133026
409,0.03,0.1,0.13265685737133026
409,0.03,0.2,0.16715700924396515
409,0.06,0.0,0.1572694480419159
409,0.06,0.1,0.1572694480419159
409,0.06,0.2,0.15454694628715515
409,0.09,0.0,0.16449598968029022
409,0.09,0.1,0.16449598968029022
409,0.09,0.2,0.17021338641643524
409,0.12,0.0,0.16040830314159393
409,0.12,0.1,0.16040830314159393
409,0.12,0.2,0.15855620801448822
409,0.15,0.0,0.15952402353286743
409,0.15,0.1,0.15952402353286743
409,0.15,0.2,0.14654332399368286
41,0.0,0.0,0.1331741213798523
41,0.0,0.1,0.1331741213798523
41,0.0,0.2,0.20044617354869843
41,0.03,0.0,0.15739472210407257
41,0.03,0.1,0.15739472210407257
41,0.03,0.2,0.21276094019412994
41,0.06,0.0,0.18014125525951385
41,0.06,0.1,0.18014125525951385
41,0.06,0.2,0.2172718495130539
41,0.09,0.0,0.19968083500862122
41,0.09,0.1,0.19968083500862122
41,0.09,0.2,0.20880535244941711
41,0.12,0.0,0.19603262841701508
41,0.12,0.1,0.19603262841701508
41,0.12,0.2,0.17965202033519745
41,0.15,0.0,0.1840682327747345
41,0.15,0.1,0.1840682327747345
41,0.15,0.2,0.14792798459529877
410,0.0,0.0,0.08547995239496231
410,0.0,0.1,0.08547995239496231
410,0.0,0.2,0.10488811880350113
410,0.03,0.0,0.0896386131644249
410,0.03,0.1,0.0896386131644249
410,0.03,0.2,0.09045176953077316
410,0.06,0.0,0.08392501622438431
410,0.06,0.1,0.08392501622438431
410,0.06,0.2,0.08303715288639069
410,0.09,0.0,0.09370533376932144
410,0.09,0.1,0.09370533376932144
410,0.09,0.2,0.10324795544147491
410,0.12,0.0,0.08593323081731796
410,0.12,0.1,0.08593323081731796
410,0.12,0.2,0.07661996781826019
410,0.15,0.0,0.08974576741456985
410,0.15,0.1,0.08974576741456985
410,0.15,0.2,0.09955496340990067
411,0.0,0.0,0.12734313309192657
411,0.0,0.1,0.12734313309192657
411,0.0,0.2,0.19484680891036987
411,0.03,0.0,0.1708821952342987
411,0.03,0.1,0.1708821952342987
411,0.03,0.2,0.2108771950006485
411,0.06,0.0,0.18645255267620087
411,0.06,0.1,0.18645255267620087
411,0.06,0.2,0.19535960257053375
411,0.09,0.0,0.1914469301700592
411,0.09,0.1,0.1914469301700592
411,0.09,0.2,0.18884743750095367
411,0.12,0.0,0.16533248126506805
411,0.12,0.1,0.16533248126506805
411,0.12,0.2,0.16773010790348053
411,0.15,0.0,0.15835681557655334
411,0.15,0.1,0.15835681557655334
411,0.15,0.2,0.15413033962249756
412,0.0,0.0,0.12869127094745636
412,0.0,0.1,0.12869127094745636
412,0.0,0.2,0.15658941864967346
412,0.03,0.0,0.17165496945381165
412,0.03,0.1,0.17165496945381165
412,0.03,0.2,0.145392045378685
412,0.06,0.0,0.18281672894954681
412,0.06,0.1,0.18281672894954681
412,0.06,0.2,0.1325768679380417
412,0.09,0.0,0.15418943762779236
412,0.09,0.1,0.15418943762779236
412,0.09,0.2,0.12019956111907959
412,0.12,0.0,0.1088462695479393
412,0.12,0.1,0.1088462695479393
412,0.12,0.2,0.0887482613325119
412,0.15,0.0,0.10754991322755814
412,0.15,0.1,0.10754991322755814
412,0.15,0.2,0.10080377757549286
413,0.0,0.0,0.10295797884464264
413,0.0,0.1,0.10295797884464264
413,0.0,0.2,0.1379120796918869
413,0.03,0.0,0.11328326165676117
413,0.03,0.1,0.11328326165676117
413,0.03,0.2,0.13265709578990936
413,0.06,0.0,0.13575203716754913
413,0.06,0.1,0.13575203716754913
413,0.06,0.2,0.14583894610404968
413,0.09,0.0,0.14575447142124176
413,0.09,0.1,0.14575447142124176
413,0.09,0.2,0.1385194957256317
413,0.12,0.0,0.16946247220039368
413,0.12,0.1,0.16946247220039368
413,0.12,0.2,0.13514938950538635
413,0.15,0.0,0.18764932453632355
413,0.15,0.1,0.18764932453632355
413,0.15,0.2,0.1358497142791748
414,0.0,0.0,0.10846401005983353
414,0.0,0.1,0.10846401005983353
414,0.0,0.2,0.1244409829378128
414,0.03,0.0,0.10237555205821991
414,0.03,0.1,0.10237555205821991
414,0.03,0.2,0.12388499081134796
414,0.06,0.0,0.12134621292352676
414,0.06,0.1,0.12134621292352676
414,0.06,0.2,0.12029623985290527
414,0.09,0.0,0.11857195198535919
414,0.09,0.1,0.11857195198535919
414,0.09,0.2,0.10604686290025711
414,0.12,0.0,0.10489298403263092
414,0.12,0.1,0.10489298403263092
414,0.12,0.2,0.09565814584493637
414,0.15,0.0,0.09647473692893982
414,0.15,0.1,0.09647473692893982
414,0.15,0.2,0.09137134253978729
415,0.0,0.0,0.11088726669549942
415,0.0,0.1,0.11088726669549942
415,0.0,0.2,0.13650766015052795
415,0.03,0.0,0.09793336689472198
415,0.03,0.1,0.09793336689472198
415,0.03,0.2,0.1309790015220642
415,0.06,0.0,0.1342206597328186
415,0.06,0.1,0.1342206597328186
415,0.06,0.2,0.13342586159706116
415,0.09,0.0,0.1418486088514328
415,0.09,0.1,0.1418486088514328
415,0.09,0.2,0.1428212672472
415,0.12,0.0,0.14997561275959015
415,0.12,0.1,0.14997561275959015
415,0.12,0.2,0.12236502766609192
415,0.15,0.0,0.14875014126300812
415,0.15,0.1,0.14875014126300812
415,0.15,0.2,0.13909459114074707
416,0.0,0.0,0.10848469287157059
416,0.0,0.1,0.10848469287157059
416,0.0,0.2,0.10291845351457596
416,0.03,0.0,0.12006368488073349
416,0.03,0.1,0.12006368488073349
416,0.03,0.2,0.13768039643764496
416,0.06,0.0,0.13893724977970123
416,0.06,0.1,0.13893724977970123
416,0.06,0.2,0.1368618607521057
416,0.09,0.0,0.12036024779081345
416,0.09,0.1,0.12036024779081345
416,0.09,0.2,0.09306075423955917
416,0.12,0.0,0.11594792455434799
416,0.12,0.1,0.11594792455434799
416,0.12,0.2,0.11111614108085632
416,0.15,0.0,0.12463817000389099
416,0.15,0.1,0.12463817000389099
416,0.15,0.2,0.09652244299650192
417,0.0,0.0,0.09815852344036102
417,0.0,0.1,0.09815852344036102
417,0.0,0.2,0.09729432314634323
417,0.03,0.0,0.10709071159362793
417,0.03,0.1,0.10709071159362793
417,0.03,0.2,0.11085425317287445
417,0.06,0.0,0.08939603716135025
417,0.06,0.1,0.08939603716135025
417,0.06,0.2,0.11176878958940506
417,0.09,0.0,0.10750788450241089
417,0.09,0.1,0.10750788450241089
417,0.09,0.2,0.12339948117733002
417,0.12,0.0,0.10440689325332642
417,0.12,0.1,0.10440689325332642
417,0.12,0.2,0.12305166572332382
417,0.15,0.0,0.09583737701177597
417,0.15,0.1,0.09583737701177597
417,0.15,0.2,0.11293462663888931
418,0.0,0.0,0.09910179674625397
418,0.0,0.1,0.09910179674625397
418,0.0,0.2,0.11496681720018387
418,0.03,0.0,0.11756138503551483
418,0.03,0.1,0.11756138503551483
418,0.03,0.2,0.11614758521318436
418,0.06,0.0,0.12748412787914276
418,0.06,0.1,0.12748412787914276
418,0.06,0.2,0.1121295839548111
418,0.09,0.0,0.1449810415506363
418,0.09,0.1,0.1449810415506363
418,0.09,0.2,0.11561059951782227
418,0.12,0.0,0.12978340685367584
418,0.12,0.1,0.12978340685367584
418,0.12,0.2,0.09895087033510208
418,0.15,0.0,0.14858844876289368
418,0.15,0.1,0.14858844876289368
418,0.15,0.2,0.1061733067035675
419,0.0,0.0,0.13929235935211182
419,0.0,0.1,0.13929235935211182
419,0.0,0.2,0.1531139761209488
419,0.03,0.0,0.15346737205982208
419,0.03,0.1,0.15346737205982208
419,0.03,0.2,0.15084703266620636
419,0.06,0.0,0.15553921461105347
419,0.06,0.1,0.15553921461105347
419,0.06,0.2,0.12389494478702545
419,0.09,0.0,0.1325097233057022
419,0.09,0.1,0.1325097233057022
419,0.09,0.2,0.09634751081466675
419,0.12,0.0,0.10887347906827927
419,0.12,0.1,0.10887347906827927
419,0.12,0.2,0.10133207589387894
419,0.15,0.0,0.09135860204696655
419,0.15,0.1,0.09135860204696655
419,0.15,0.2,0.09415102005004883
42,0.0,0.0,0.09682632237672806
42,0.0,0.1,0.09682632237672806
42,0.0,0.2,0.2026180922985077
42,0.03,0.0,0.13283991813659668
42,0.03,0.1,0.13283991813659668
42,0.03,0.2,0.2138102650642395
42,0.06,0.0,0.19803020358085632
42,0.06,0.1,0.19803020358085632
42,0.06,0.2,0.20712482929229736
42,0.09,0.0,0.2234724760055542
42,0.09,0.1,0.2234724760055542
42,0.09,0.2,0.19319893419742584
42,0.12,0.0,0.20253531634807587
42,0.12,0.1,0.20253531634807587
42,0.12,0.2,0.1452375054359436
42,0.15,0.0,0.15701118111610413
42,0.15,0.1,0.15701118111610413
42,0.15,0.2,0.09131602197885513
420,0.0,0.0,0.1693502813577652
420,0.0,0.1,0.1693502813577652
420,0.0,0.2,0.19810186326503754
420,0.03,0.0,0.15241016447544098
420,0.03,0.1,0.15241016447544098
420,0.03,0.2,0.16829434037208557
420,0.06,0.0,0.13226747512817383
420,0.06,0.1,0.13226747512817383
420,0.06,0.2,0.18078967928886414
420,0.09,0.0,0.15150190889835358
420,0.09,0.1,0.15150190889835358
420,0.09,0.2,0.193672314286232
420,0.12,0.0,0.14313364028930664
420,0.12,0.1,0.14313364028930664
420,0.12,0.2,0.18306979537010193
420,0.15,0.0,0.1596289873123169
420,0.15,0.1,0.1596289873123169
420,0.15,0.2,0.18647190928459167
421,0.0,0.0,0.10813034325838089
421,0.0,0.1,0.10813034325838089
421,0.0,0.2,0.12268992513418198
421,0.03,0.0,0.09532587230205536
421,0.03,0.1,0.09532587230205536
421,0.03,0.2,0.11914855241775513
421,0.06,0.0,0.0902363732457161
421,0.06,0.1,0.0902363732457161
421,0.06,0.2,0.1258031576871872
421,0.09,0.0,0.10732446610927582
421,0.09,0.1,0.10732446610927582
421,0.09,0.2,0.13558714091777802
421,0.12,0.0,0.11495961993932724
421,0.12,0.1,0.11495961993932724
421,0.12,0.2,0.12435828149318695
421,0.15,0.0,0.11712904274463654
421,0.15,0.1,0.11712904274463654
421,0.15,0.2,0.13945402204990387
422,0.0,0.0,0.10180310904979706
422,0.0,0.1,0.10180310904979706
422,0.0,0.2,0.08677083253860474
422,0.03,0.0,0.08627345412969589
422,0.03,0.1,0.08627345412969589
422,0.03,0.2,0.10501962900161743
422,0.06,0.0,0.09796134382486343
422,0.06,0.1,0.09796134382486343
422,0.06,0.2,0.10017544031143188
422,0.09,0.0,0.09641198068857193
422,0.09,0.1,0.09641198068857193
422,0.09,0.2,0.0946844220161438
422,0.12,0.0,0.09091024845838547
422,0.12,0.1,0.09091024845838547
422,0.12,0.2,0.1002645492553711
422,0.15,0.0,0.09236549586057663
422,0.15,0.1,0.09236549586057663
422,0.15,0.2,0.10150600969791412
423,0.0,0.0,0.12150313705205917
423,0.0,0.1,0.12150313705205917
423,0.0,0.2,0.11582402884960175
423,0.03,0.0,0.1314413994550705
423,0.03,0.1,0.1314413994550705
423,0.03,0.2,0.11239008605480194
423,0.06,0.0,0.12083467096090317
423,0.06,0.1,0.12083467096090317
423,0.06,0.2,0.10795654356479645
423,0.09,0.0,0.10563317686319351
423,0.09,0.1,0.10563317686319351
423,0.09,0.2,0.10640092194080353
423,0.12,0.0,0.08542729169130325
423,0.12,0.1,0.08542729169130325
423,0.12,0.2,0.10206248611211777
423,0.15,0.0,0.09776876866817474
423,0.15,0.1,0.09776876866817474
423,0.15,0.2,0.0868157148361206
424,0.0,0.0,0.10821118205785751
424,0.0,0.1,0.10821118205785751
424,0.0,0.2,0.09331493079662323
424,0.03,0.0,0.1363789290189743
424,0.03,0.1,0.1363789290189743
424,0.03,0.2,0.09528147429227829
424,0.06,0.0,0.14386451244354248
424,0.06,0.1,0.14386451244354248
424,0.06,0.2,0.08745879679918289
424,0.09,0.0,0.12312695384025574
424,0.09,0.1,0.12312695384025574
424,0.09,0.2,0.09584107249975204
424,0.12,0.0,0.09580831974744797
424,0.12,0.1,0.09580831974744797
424,0.12,0.2,0.08712434768676758
424,0.15,0.0,0.10170441120862961
424,0.15,0.1,0.10170441120862961
424,0.15,0.2,0.0914616659283638
425,0.0,0.0,0.0967133417725563
425,0.0,0.1,0.0967133417725563
425,0.0,0.2,0.09478041529655457
425,0.03,0.0,0.10139237344264984
425,0.03,0.1,0.10139237344264984
425,0.03,0.2,0.1044314056634903
425,0.06,0.0,0.1100596934556961
425,0.06,0.1,0.1100596934556961
425,0.06,0.2,0.09763554483652115
425,0.09,0.0,0.09691628813743591
425,0.09,0.1,0.09691628813743591
425,0.09,0.2,0.09352865070104599
425,0.12,0.0,0.08803964406251907
425,0.12,0.1,0.08803964406251907
425,0.12,0.2,0.0912892147898674
425,0.15,0.0,0.09555712342262268
425,0.15,0.1,0.09555712342262268
425,0.15,0.2,0.09716364741325378
426,0.0,0.0,0.11097715049982071
426,0.0,0.1,0.11097715049982071
426,0.0,0.2,0.12385410815477371
426,0.03,0.0,0.11899086087942123
426,0.03,0.1,0.11899086087942123
426,0.03,0.2,0.11687096208333969
426,0.06,0.0,0.12396025657653809
426,0.06,0.1,0.12396025657653809
426,0.06,0.2,0.12014878541231155
426,0.09,0.0,0.14001958072185516
426,0.09,0.1,0.14001958072185516
426,0.09,0.2,0.11308210343122482
426,0.12,0.0,0.1344253122806549
426,0.12,0.1,0.1344253122806549
426,0.12,0.2,0.09255097061395645
426,0.15,0.0,0.1134900227189064
426,0.15,0.1,0.1134900227189064
426,0.15,0.2,0.09134542942047119
427,0.0,0.0,0.07927796244621277
427,0.0,0.1,0.07927796244621277
427,0.0,0.2,0.09892363846302032
427,0.03,0.0,0.09034515172243118
427,0.03,0.1,0.09034515172243118
427,0.03,0.2,0.10232698917388916
427,0.06,0.0,0.09560111165046692
427,0.06,0.1,0.09560111165046692
427,0.06,0.2,0.10367295145988464
427,0.09,0.0,0.10803407430648804
427,0.09,0.1,0.10803407430648804
427,0.09,0.2,0.09846315532922745
427,0.12,0.0,0.10415415465831757
427,0.12,0.1,0.10415415465831757
427,0.12,0.2,0.10667335242033005
427,0.15,0.0,0.08678293228149414
427,0.15,0.1,0.08678293228149414
427,0.15,0.2,0.08269410580396652
428,0.0,0.0,0.10791826993227005
428,0.0,0.1,0.10791826993227005
428,0.0,0.2,0.17096169292926788
428,0.03,0.0,0.1243811547756195
428,0.03,0.1,0.1243811547756195
428,0.03,0.2,0.1566895991563797
428,0.06,0.0,0.1434166580438614
428,0.06,0.1,0.1434166580438614
428,0.06,0.2,0.1448075771331787
428,0.09,0.0,0.16277821362018585
428,0.09,0.1,0.16277821362018585
428,0.09,0.2,0.13433939218521118
428,0.12,0.0,0.15166784822940826
428,0.12,0.1,0.15166784822940826
428,0.12,0.2,0.1157311201095581
428,0.15,0.0,0.10367055982351303
428,0.15,0.1,0.10367055982351303
428,0.15,0.2,0.0878685861825943
429,0.0,0.0,0.08694782853126526
429,0.0,0.1,0.08694782853126526
429,0.0,0.2,0.1262229084968567
429,0.03,0.0,0.09842169284820557
429,0.03,0.1,0.09842169284820557
429,0.03,0.2,0.13523294031620026
429,0.06,0.0,0.11720399558544159
429,0.06,0.1,0.11720399558544159
429,0.06,0.2,0.1305316537618637
429,0.09,0.0,0.13368263840675354
429,0.09,0.1,0.13368263840675354
429,0.09,0.2,0.1216193288564682
429,0.12,0.0,0.14894115924835205
429,0.12,0.1,0.14894115924835205
429,0.12,0.2,0.11531742662191391
429,0.15,0.0,0.14446575939655304
429,0.15,0.1,0.14446575939655304
429,0.15,0.2,0.10702899098396301
43,0.0,0.0,0.12810958921909332
43,0.0,0.1,0.12810958921909332
43,0.0,0.2,0.2176956981420517
43,0.03,0.0,0.17556364834308624
43,0.03,0.1,0.17556364834308624
43,0.03,0.2,0.23437054455280304
43,0.06,0.0,0.20227503776550293
43,0.06,0.1,0.20227503776550293
43,0.06,0.2,0.21374474465847015
43,0.09,0.0,0.21620355546474457
43,0.09,0.1,0.21620355546474457
43,0.09,0.2,0.18549421429634094
43,0.12,0.0,0.20313604176044464
43,0.12,0.1,0.20313604176044464
43,0.12,0.2,0.1594504415988922
43,0.15,0.0,0.15841391682624817
43,0.15,0.1,0.15841391682624817
43,0.15,0.2,0.12416228652000427
430,0.0,0.0,0.09690593928098679
430,0.0,0.1,0.09690593928098679
430,0.0,0.2,0.1297345608472824
430,0.03,0.0,0.12269124388694763
430,0.03,0.1,0.12269124388694763
430,0.03,0.2,0.1343587189912796
430,0.06,0.0,0.13994258642196655
430,0.06,0.1,0.13994258642196655
430,0.06,0.2,0.12083987891674042
430,0.09,0.0,0.14650313556194305
430,0.09,0.1,0.14650313556194305
430,0.09,0.2,0.11773235350847244
430,0.12,0.0,0.13194157183170319
430,0.12,0.1,0.13194157183170319
430,0.12,0.2,0.10859107226133347
430,0.15,0.0,0.09672218561172485
430,0.15,0.1,0.09672218561172485
430,0.15,0.2,0.09743654727935791
431,0.0,0.0,0.1198822408914566
431,0.0,0.1,0.1198822408914566
431,0.0,0.2,0.15016742050647736
431,0.03,0.0,0.12422381341457367
431,0.03,0.1,0.12422381341457367
431,0.03,0.2,0.14602749049663544
431,0.06,0.0,0.13535736501216888
431,0.06,0.1,0.13535736501216888
431,0.06,0.2,0.12583059072494507
431,0.09,0.0,0.13630324602127075
431,0.09,0.1,0.13630324602127075
431,0.09,0.2,0.1443062275648117
431,0.12,0.0,0.14075881242752075
431,0.12,0.1,0.14075881242752075
431,0.12,0.2,0.1535084992647171
431,0.15,0.0,0.14852024614810944
431,0.15,0.1,0.14852024614810944
431,0.15,0.2,0.15185856819152832
432,0.0,0.0,0.08698062598705292
432,0.0,0.1,0.08698062598705292
432,0.0,0.2,0.10183397680521011
432,0.03,0.0,0.08456114679574966
432,0.03,0.1,0.08456114679574966
432,0.03,0.2,0.10040215402841568
432,0.06,0.0,0.0890979915857315
432,0.06,0.1,0.0890979915857315
432,0.06,0.2,0.09143681079149246
432,0.09,0.0,0.08390817046165466
432,0.09,0.1,0.08390817046165466
432,0.09,0.2,0.09529628604650497
432,0.12,0.0,0.09145583212375641
432,0.12,0.1,0.09145583212375641
432,0.12,0.2,0.09330011159181595
432,0.15,0.0,0.08724697679281235
432,0.15,0.1,0.08724697679281235
432,0.15,0.2,0.09108509868383408
433,0.0,0.0,0.08970052003860474
433,0.0,0.1,0.08970052003860474
433,0.0,0.2,0.09701037406921387
433,0.03,0.0,0.08813554048538208
433,0.03,0.1,0.08813554048538208
433,0.03,0.2,0.10021732747554779
433,0.06,0.0,0.11342889070510864
433,0.06,0.1,0.11342889070510864
433,0.06,0.2,0.09698166698217392
433,0.09,0.0,0.09408804774284363
433,0.09,0.1,0.09408804774284363
433,0.09,0.2,0.08686544001102448
433,0.12,0.0,0.11187790334224701
433,0.12,0.1,0.11187790334224701
433,0.12,0.2,0.11003784835338593
433,0.15,0.0,0.09796597063541412
433,0.15,0.1,0.09796597063541412
433,0.15,0.2,0.08667083084583282
434,0.0,0.0,0.09876856952905655
434,0.0,0.1,0.09876856952905655
434,0.0,0.2,0.08745350688695908
434,0.03,0.0,0.10197433829307556
434,0.03,0.1,0.10197433829307556
434,0.03,0.2,0.0999407097697258
434,0.06,0.0,0.11156173795461655
434,0.06,0.1,0.11156173795461655
434,0.06,0.2,0.10108192265033722
434,0.09,0.0,0.091453917324543
434,0.09,0.1,0.091453917324543
434,0.09,0.2,0.0970287024974823
434,0.12,0.0,0.08613702654838562
434,0.12,0.1,0.08613702654838562
434,0.12,0.2,0.11714524775743484
434,0.15,0.0,0.09563708305358887
434,0.15,0.1,0.09563708305358887
434,0.15,0.2,0.11257951706647873
435,0.0,0.0,0.11128454655408859
435,0.0,0.1,0.11128454655408859
435,0.0,0.2,0.14068961143493652
435,0.03,0.0,0.11826488375663757
435,0.03,0.1,0.11826488375663757
435,0.03,0.2,0.12811245024204254
435,0.06,0.0,0.12880143523216248
435,0.06,0.1,0.12880143523216248
435,0.06,0.2,0.11343318223953247
435,0.09,0.0,0.14563873410224915
435,0.09,0.1,0.14563873410224915
435,0.09,0.2,0.12476643919944763
435,0.12,0.0,0.13961222767829895
435,0.12,0.1,0.13961222767829895
435,0.12,0.2,0.13219663500785828
435,0.15,0.0,0.14337164163589478
435,0.15,0.1,0.14337164163589478
435,0.15,0.2,0.1255100667476654
436,0.0,0.0,0.10081109404563904
436,0.0,0.1,0.10081109404563904
436,0.0,0.2,0.10563895851373672
436,0.03,0.0,0.10050533711910248
436,0.03,0.1,0.10050533711910248
436,0.03,0.2,0.11427485942840576
436,0.06,0.0,0.10060714185237885
436,0.06,0.1,0.10060714185237885
436,0.06,0.2,0.0893784835934639
436,0.09,0.0,0.09638354182243347
436,0.09,0.1,0.09638354182243347
436,0.09,0.2,0.0974852591753006
436,0.12,0.0,0.0946277603507042
436,0.12,0.1,0.0946277603507042
436,0.12,0.2,0.09569481760263443
436,0.15,0.0,0.09089787304401398
436,0.15,0.1,0.09089787304401398
436,0.15,0.2,0.09008807688951492
437,0.0,0.0,0.10147290676832199
437,0.0,0.1,0.10147290676832199
437,0.0,0.2,0.1184997409582138
437,0.03,0.0,0.08082325011491776
437,0.03,0.1,0.08082325011491776
437,0.03,0.2,0.11339862644672394
437,0.06,0.0,0.09251075237989426
437,0.06,0.1,0.09251075237989426
437,0.06,0.2,0.10842230916023254
437,0.09,0.0,0.09369215369224548
437,0.09,0.1,0.09369215369224548
437,0.09,0.2,0.095941461622715
437,0.12,0.0,0.10568228363990784
437,0.12,0.1,0.10568228363990784
437,0.12,0.2,0.11068594455718994
437,0.15,0.0,0.09959837049245834
437,0.15,0.1,0.09959837049245834
437,0.15,0.2,0.0930570513010025
438,0.0,0.0,0.1029781922698021
438,0.0,0.1,0.1029781922698021
438,0.0,0.2,0.15644049644470215
438,0.03,0.0,0.1475861519575119
438,0.03,0.1,0.1475861519575119
438,0.03,0.2,0.16356799006462097
438,0.06,0.0,0.16233697533607483
438,0.06,0.1,0.16233697533607483
438,0.06,0.2,0.13685767352581024
438,0.09,0.0,0.15177302062511444
438,0.09,0.1,0.15177302062511444
438,0.09,0.2,0.11595914512872696
438,0.12,0.0,0.11922677606344223
438,0.12,0.1,0.11922677606344223
438,0.12,0.2,0.10162301361560822
438,0.15,0.0,0.09338308125734329
438,0.15,0.1,0.09338308125734329
438,0.15,0.2,0.08860086649656296
439,0.0,0.0,0.12516190111637115
439,0.0,0.1,0.12516190111637115
439,0.0,0.2,0.1561979353427887
439,0.03,0.0,0.15672101080417633
439,0.03,0.1,0.15672101080417633
439,0.03,0.2,0.16585791110992432
439,0.06,0.0,0.1729685515165329
439,0.06,0.1,0.1729685515165329
439,0.06,0.2,0.17747634649276733
439,0.09,0.0,0.17595353722572327
439,0.09,0.1,0.17595353722572327
439,0.09,0.2,0.15695495903491974
439,0.12,0.0,0.16424618661403656
439,0.12,0.1,0.16424618661403656
439,0.12,0.2,0.1264696717262268
439,0.15,0.0,0.1426774561405182
439,0.15,0.1,0.1426774561405182
439,0.15,0.2,0.11205639690160751
44,0.0,0.0,0.12781375646591187
44,0.0,0.1,0.12781375646591187
44,0.0,0.2,0.19470126926898956
44,0.03,0.0,0.16205260157585144
44,0.03,0.1,0.16205260157585144
44,0.03,0.2,0.20686346292495728
44,0.06,0.0,0.17889873683452606
44,0.06,0.1,0.17889873683452606
44,0.06,0.2,0.20734313130378723
44,0.09,0.0,0.18299910426139832
44,0.09,0.1,0.18299910426139832
44,0.09,0.2,0.19239816069602966
44,0.12,0.0,0.18320482969284058
44,0.12,0.1,0.18320482969284058
44,0.12,0.2,0.1680222451686859
44,0.15,0.0,0.17473594844341278
44,0.15,0.1,0.17473594844341278
44,0.15,0.2,0.1317262500524521
440,0.0,0.0,0.10466722398996353
440,0.0,0.1,0.10466722398996353
440,0.0,0.2,0.13049475848674774
440,0.03,0.0,0.08805394917726517
440,0.03,0.1,0.08805394917726517
440,0.03,0.2,0.10127077996730804
440,0.06,0.0,0.09257719665765762
440,0.06,0.1,0.09257719665765762
440,0.06,0.2,0.09475570917129517
440,0.09,0.0,0.1208868995308876
440,0.09,0.1,0.1208868995308876
440,0.09,0.2,0.10031705349683762
440,0.12,0.0,0.11386530846357346
440,0.12,0.1,0.11386530846357346
440,0.12,0.2,0.08786796778440475
440,0.15,0.0,0.0897633507847786
440,0.15,0.1,0.0897633507847786
440,0.15,0.2,0.09032592177391052
441,0.0,0.0,0.12212523818016052
441,0.0,0.1,0.12212523818016052
441,0.0,0.2,0.13403674960136414
441,0.03,0.0,0.12976029515266418
441,0.03,0.1,0.12976029515266418
441,0.03,0.2,0.1556968241930008
441,0.06,0.0,0.12357965856790543
441,0.06,0.1,0.12357965856790543
441,0.06,0.2,0.16647008061408997
441,0.09,0.0,0.12540791928768158
441,0.09,0.1,0.12540791928768158
441,0.09,0.2,0.15954992175102234
441,0.12,0.0,0.11277340352535248
441,0.12,0.1,0.11277340352535248
441,0.12,0.2,0.14528629183769226
441,0.15,0.0,0.10800155252218246
441,0.15,0.1,0.10800155252218246
441,0.15,0.2,0.1389404833316803
442,0.0,0.0,0.15050384402275085
442,0.0,0.1,0.15050384402275085
442,0.0,0.2,0.1899939328432083
442,0.03,0.0,0.1617678999900818
442,0.03,0.1,0.1617678999900818
442,0.03,0.2,0.19217096269130707
442,0.06,0.0,0.18073886632919312
442,0.06,0.1,0.18073886632919312
442,0.06,0.2,0.18373098969459534
442,0.09,0.0,0.18571193516254425
442,0.09,0.1,0.18571193516254425
442,0.09,0.2,0.16177889704704285
442,0.12,0.0,0.1713646501302719
442,0.12,0.1,0.1713646501302719
442,0.12,0.2,0.13063159584999084
442,0.15,0.0,0.14422607421875
442,0.15,0.1,0.14422607421875
442,0.15,0.2,0.10129399597644806
443,0.0,0.0,0.10664616525173187
443,0.0,0.1,0.10664616525173187
443,0.0,0.2,0.184256911277771
443,0.03,0.0,0.13375630974769592
443,0.03,0.1,0.13375630974769592
443,0.03,0.2,0.16691792011260986
443,0.06,0.0,0.15766556560993195
443,0.06,0.1,0.15766556560993195
443,0.06,0.2,0.15102575719356537
443,0.09,0.0,0.18305295705795288
443,0.09,0.1,0.18305295705795288
443,0.09,0.2,0.1359325498342514
443,0.12,0.0,0.16332702338695526
443,0.12,0.1,0.16332702338695526
443,0.12,0.2,0.10103107988834381
443,0.15,0.0,0.10926979035139084
443,0.15,0.1,0.10926979035139084
443,0.15,0.2,0.08942043036222458
444,0.0,0.0,0.07926438748836517
444,0.0,0.1,0.07926438748836517
444,0.0,0.2,0.08289989084005356
444,0.03,0.0,0.0910036489367485
444,0.03,0.1,0.0910036489367485
444,0.03,0.2,0.08591984212398529
444,0.06,0.0,0.09191186726093292
444,0.06,0.1,0.09191186726093292
444,0.06,0.2,0.07897403091192245
444,0.09,0.0,0.09012269228696823
444,0.09,0.1,0.09012269228696823
444,0.09,0.2,0.09390470385551453
444,0.12,0.0,0.08989904075860977
444,0.12,0.1,0.08989904075860977
444,0.12,0.2,0.08492696285247803
444,0.15,0.0,0.08727393299341202
444,0.15,0.1,0.08727393299341202
444,0.15,0.2,0.0898684412240982
445,0.0,0.0,0.11933363974094391
445,0.0,0.1,0.11933363974094391
445,0.0,0.2,0.16194161772727966
445,0.03,0.0,0.14371298253536224
445,0.03,0.1,0.14371298253536224
445,0.03,0.2,0.1632067859172821
445,0.06,0.0,0.15053559839725494
445,0.06,0.1,0.15053559839725494
445,0.06,0.2,0.14872123301029205
445,0.09,0.0,0.13949967920780182
445,0.09,0.1,0.13949967920780182
445,0.09,0.2,0.1228543370962143
445,0.12,0.0,0.1333983987569809
445,0.12,0.1,0.1333983987569809
445,0.12,0.2,0.11811964213848114
445,0.15,0.0,0.1095978319644928
445,0.15,0.1,0.1095978319644928
445,0.15,0.2,0.0954447016119957
446,0.0,0.0,0.09562169015407562
446,0.0,0.1,0.09562169015407562
446,0.0,0.2,0.12611444294452667
446,0.03,0.0,0.10134445130825043
446,0.03,0.1,0.10134445130825043
446,0.03,0.2,0.12883061170578003
446,0.06,0.0,0.10593247413635254
446,0.06,0.1,0.10593247413635254
446,0.06,0.2,0.13767723739147186
446,0.09,0.0,0.10531175881624222
446,0.09,0.1,0.10531175881624222
446,0.09,0.2,0.13104769587516785
446,0.12,0.0,0.10808025300502777
446,0.12,0.1,0.10808025300502777
446,0.12,0.2,0.12613992393016815
446,0.15,0.0,0.0981147289276123
446,0.15,0.1,0.0981147289276123
446,0.15,0.2,0.10607032477855682
447,0.0,0.0,0.10073953866958618
447,0.0,0.1,0.10073953866958618
447,0.0,0.2,0.11115341633558273
447,0.03,0.0,0.13791488111019135
447,0.03,0.1,0.13791488111019135
447,0.03,0.2,0.1272106021642685
447,0.06,0.0,0.15929745137691498
447,0.06,0.1,0.15929745137691498
447,0.06,0.2,0.1271948516368866
447,0.09,0.0,0.15349718928337097
447,0.09,0.1,0.15349718928337097
447,0.09,0.2,0.13681954145431519
447,0.12,0.0,0.14873920381069183
447,0.12,0.1,0.14873920381069183
447,0.12,0.2,0.1506112515926361
447,0.15,0.0,0.14647755026817322
447,0.15,0.1,0.14647755026817322
447,0.15,0.2,0.1444617062807083
448,0.0,0.0,0.08551807701587677
448,0.0,0.1,0.08551807701587677
448,0.0,0.2,0.11994447559118271
448,0.03,0.0,0.11213850229978561
448,0.03,0.1,0.11213850229978561
448,0.03,0.2,0.09386100620031357
448,0.06,0.0,0.09378497302532196
448,0.06,0.1,0.09378497302532196
448,0.06,0.2,0.10219690948724747
448,0.09,0.0,0.09376507252454758
448,0.09,0.1,0.09376507252454758
448,0.09,0.2,0.09757596254348755
448,0.12,0.0,0.09888368844985962
448,0.12,0.1,0.09888368844985962
448,0.12,0.2,0.11474715173244476
448,0.15,0.0,0.08827133476734161
448,0.15,0.1,0.08827133476734161
448,0.15,0.2,0.1007443517446518
449,0.0,0.0,0.11455392837524414
449,0.0,0.1,0.11455392837524414
449,0.0,0.2,0.12539008259773254
449,0.03,0.0,0.11747770011425018
449,0.03,0.1,0.11747770011425018
449,0.03,0.2,0.12088941782712936
449,0.06,0.0,0.14780856668949127
449,0.06,0.1,0.14780856668949127
449,0.06,0.2,0.11450433731079102
449,0.09,0.0,0.12171784788370132
449,0.09,0.1,0.12171784788370132
449,0.09,0.2,0.10703131556510925
449,0.12,0.0,0.1222279965877533
449,0.12,0.1,0.1222279965877533
449,0.12,0.2,0.11299946159124374
449,0.15,0.0,0.1280285269021988
449,0.15,0.1,0.1280285269021988
449,0.15,0.2,0.12851059436798096
45,0.0,0.0,0.1057104617357254
45,0.0,0.1,0.1057104617357254
45,0.0,0.2,0.16150902211666107
45,0.03,0.0,0.1277761608362198
45,0.03,0.1,0.1277761608362198
45,0.03,0.2,0.1842898279428482
45,0.06,0.0,0.15305674076080322
45,0.06,0.1,0.15305674076080322
45,0.06,0.2,0.16921237111091614
45,0.09,0.0,0.1766694337129593
45,0.09,0.1,0.1766694337129593
45,0.09,0.2,0.15791410207748413
45,0.12,0.0,0.17775973677635193
45,0.12,0.1,0.17775973677635193
45,0.12,0.2,0.13577139377593994
45,0.15,0.0,0.1467430740594864
45,0.15,0.1,0.1467430740594864
45,0.15,0.2,0.09560730308294296
450,0.0,0.0,0.10008519142866135
450,0.0,0.1,0.10008519142866135
450,0.0,0.2,0.13512401282787323
450,0.03,0.0,0.10933532565832138
450,0.03,0.1,0.10933532565832138
450,0.03,0.2,0.14863288402557373
450,0.06,0.0,0.12490496039390564
450,0.06,0.1,0.12490496039390564
450,0.06,0.2,0.15816836059093475
450,0.09,0.0,0.13795588910579681
450,0.09,0.1,0.13795588910579681
450,0.09,0.2,0.15039795637130737
450,0.12,0.0,0.13680477440357208
450,0.12,0.1,0.13680477440357208
450,0.12,0.2,0.14410251379013062
450,0.15,0.0,0.11922015249729156
450,0.15,0.1,0.11922015249729156
450,0.15,0.2,0.1265764683485031
451,0.0,0.0,0.08942464739084244
451,0.0,0.1,0.08942464739084244
451,0.0,0.2,0.11731812357902527
451,0.03,0.0,0.09293626248836517
451,0.03,0.1,0.09293626248836517
451,0.03,0.2,0.09318023920059204
451,0.06,0.0,0.12605568766593933
451,0.06,0.1,0.12605568766593933
451,0.06,0.2,0.10208335518836975
451,0.09,0.0,0.1459789276123047
451,0.09,0.1,0.1459789276123047
451,0.09,0.2,0.10027574002742767
451,0.12,0.0,0.13662298023700714
451,0.12,0.1,0.13662298023700714
451,0.12,0.2,0.09836902469396591
451,0.15,0.0,0.12294109910726547
451,0.15,0.1,0.12294109910726547
451,0.15,0.2,0.10037704557180405
452,0.0,0.0,0.08904262632131577
452,0.0,0.1,0.08904262632131577
452,0.0,0.2,0.09236901253461838
452,0.03,0.0,0.0925770103931427
452,0.03,0.1,0.0925770103931427
452,0.03,0.2,0.09138254076242447
452,0.06,0.0,0.08313754945993423
452,0.06,0.1,0.08313754945993423
452,0.06,0.2,0.09252011030912399
452,0.09,0.0,0.07830643653869629
452,0.09,0.1,0.07830643653869629
452,0.09,0.2,0.09826254844665527
452,0.12,0.0,0.09891945123672485
452,0.12,0.1,0.09891945123672485
452,0.12,0.2,0.09115662425756454
452,0.15,0.0,0.08719121664762497
452,0.15,0.1,0.08719121664762497
452,0.15,0.2,0.08280934393405914
453,0.0,0.0,0.12165901809930801
453,0.0,0.1,0.12165901809930801
453,0.0,0.2,0.15878112614154816
453,0.03,0.0,0.11771441251039505
453,0.03,0.1,0.11771441251039505
453,0.03,0.2,0.14505591988563538
453,0.06,0.0,0.12578228116035461
453,0.06,0.1,0.12578228116035461
453,0.06,0.2,0.14103324711322784
453,0.09,0.0,0.13220345973968506
453,0.09,0.1,0.13220345973968506
453,0.09,0.2,0.14305642247200012
453,0.12,0.0,0.12238653004169464
453,0.12,0.1,0.12238653004169464
453,0.12,0.2,0.14201365411281586
453,0.15,0.0,0.11143975704908371
453,0.15,0.1,0.11143975704908371
453,0.15,0.2,0.12058354914188385
454,0.0,0.0,0.09799890220165253
454,0.0,0.1,0.09799890220165253
454,0.0,0.2,0.10979257524013519
454,0.03,0.0,0.0922442376613617
454,0.03,0.1,0.0922442376613617
454,0.03,0.2,0.09058848023414612
454,0.06,0.0,0.088068388402462
454,0.06,0.1,0.088068388402462
454,0.06,0.2,0.09188835322856903
454,0.09,0.0,0.086484894156456
454,0.09,0.1,0.086484894156456
454,0.09,0.2,0.10071635991334915
454,0.12,0.0,0.08891439437866211
454,0.12,0.1,0.08891439437866211
454,0.12,0.2,0.09060753136873245
454,0.15,0.0,0.09237007796764374
454,0.15,0.1,0.09237007796764374
454,0.15,0.2,0.08392105996608734
455,0.0,0.0,0.08402989059686661
455,0.0,0.1,0.08402989059686661
455,0.0,0.2,0.09830695390701294
455,0.03,0.0,0.08610279113054276
455,0.03,0.1,0.08610279113054276
455,0.03,0.2,0.09070956707000732
455,0.06,0.0,0.08410009741783142
455,0.06,0.1,0.08410009741783142
455,0.06,0.2,0.0944385677576065
455,0.09,0.0,0.08510109037160873
455,0.09,0.1,0.08510109037160873
455,0.09,0.2,0.09857378900051117
455,0.12,0.0,0.08912387490272522
455,0.12,0.1,0.08912387490272522
455,0.12,0.2,0.08533453196287155
455,0.15,0.0,0.09027861803770065
455,0.15,0.1,0.09027861803770065
455,0.15,0.2,0.10415450483560562
456,0.0,0.0,0.09486902505159378
456,0.0,0.1,0.09486902505159378
456,0.0,0.2,0.08347484469413757
456,0.03,0.0,0.10563027858734131
456,0.03,0.1,0.10563027858734131
456,0.03,0.2,0.08406538516283035
456,0.06,0.0,0.09029924869537354
456,0.06,0.1,0.09029924869537354
456,0.06,0.2,0.09042488038539886
456,0.09,0.0,0.09853655099868774
456,0.09,0.1,0.09853655099868774
456,0.09,0.2,0.0860898569226265
456,0.12,0.0,0.08293110877275467
456,0.12,0.1,0.08293110877275467
456,0.12,0.2,0.08155976235866547
456,0.15,0.0,0.08667285740375519
456,0.15,0.1,0.08667285740375519
456,0.15,0.2,0.09097330272197723
457,0.0,0.0,0.12327249348163605
457,0.0,0.1,0.12327249348163605
457,0.0,0.2,0.1540512591600418
457,0.03,0.0,0.1628645807504654
457,0.03,0.1,0.1628645807504654
457,0.03,0.2,0.1685200184583664
457,0.06,0.0,0.17632120847702026
457,0.06,0.1,0.17632120847702026
457,0.06,0.2,0.14141187071800232
457,0.09,0.0,0.15552102029323578
457,0.09,0.1,0.15552102029323578
457,0.09,0.2,0.113706074655056
457,0.12,0.0,0.14931221306324005
457,0.12,0.1,0.14931221306324005
457,0.12,0.2,0.10658908635377884
457,0.15,0.0,0.12916798889636993
457,0.15,0.1,0.12916798889636993
457,0.15,0.2,0.10384108126163483
458,0.0,0.0,0.0918559581041336
458,0.0,0.1,0.0918559581041336
458,0.0,0.2,0.09225840866565704
458,0.03,0.0,0.09498903900384903
458,0.03,0.1,0.09498903900384903
458,0.03,0.2,0.0974164828658104
458,0.06,0.0,0.11603500694036484
458,0.06,0.1,0.11603500694036484
458,0.06,0.2,0.11876597255468369
458,0.09,0.0,0.10279622673988342
458,0.09,0.1,0.10279622673988342
458,0.09,0.2,0.1218874529004097
458,0.12,0.0,0.10061853379011154
458,0.12,0.1,0.10061853379011154
458,0.12,0.2,0.09736664593219757
458,0.15,0.0,0.09363462775945663
458,0.15,0.1,0.09363462775945663
458,0.15,0.2,0.09538885951042175
459,0.0,0.0,0.11123840510845184
459,0.0,0.1,0.11123840510845184
459,0.0,0.2,0.1618814915418625
459,0.03,0.0,0.1337323933839798
459,0.03,0.1,0.1337323933839798
459,0.03,0.2,0.17318454384803772
459,0.06,0.0,0.1591586172580719
459,0.06,0.1,0.1591586172580719
459,0.06,0.2,0.17281898856163025
459,0.09,0.0,0.16260088980197906
459,0.09,0.1,0.16260088980197906
459,0.09,0.2,0.15072958171367645
459,0.12,0.0,0.1494501233100891
459,0.12,0.1,0.1494501233100891
459,0.12,0.2,0.12806229293346405
459,0.15,0.0,0.14378122985363007
459,0.15,0.1,0.14378122985363007
459,0.15,0.2,0.10227330029010773
46,0.0,0.0,0.11153868585824966
46,0.0,0.1,0.11153868585824966
46,0.0,0.2,0.20299874246120453
46,0.03,0.0,0.13656064867973328
46,0.03,0.1,0.13656064867973328
46,0.03,0.2,0.19995538890361786
46,0.06,0.0,0.17341944575309753
46,0.06,0.1,0.17341944575309753
46,0.06,0.2,0.17099131643772125
46,0.09,0.0,0.20292076468467712
46,0.09,0.1,0.20292076468467712
46,0.09,0.2,0.14690417051315308
46,0.12,0.0,0.19596099853515625
46,0.12,0.1,0.19596099853515625
46,0.12,0.2,0.12884707748889923
46,0.15,0.0,0.1402287632226944
46,0.15,0.1,0.1402287632226944
46,0.15,0.2,0.0923243835568428
460,0.0,0.0,0.10718300193548203
460,0.0,0.1,0.10718300193548203
460,0.0,0.2,0.1606101542711258
460,0.03,0.0,0.1456393301486969
460,0.03,0.1,0.1456393301486969
460,0.03,0.2,0.1817474216222763
460,0.06,0.0,0.1561642438173294
460,0.06,0.1,0.1561642438173294
460,0.06,0.2,0.16247765719890594
460,0.09,0.0,0.1601945459842682
460,0.09,0.1,0.1601945459842682
460,0.09,0.2,0.14264464378356934
460,0.12,0.0,0.14766016602516174
460,0.12,0.1,0.14766016602516174
460,0.12,0.2,0.11017037183046341
460,0.15,0.0,0.12052279710769653
460,0.15,0.1,0.12052279710769653
460,0.15,0.2,0.08716901391744614
461,0.0,0.0,0.10097891837358475
461,0.0,0.1,0.10097891837358475
461,0.0,0.2,0.15835976600646973
461,0.03,0.0,0.138788640499115
461,0.03,0.1,0.138788640499115
461,0.03,0.2,0.16886447370052338
461,0.06,0.0,0.1529741883277893
461,0.06,0.1,0.1529741883277893
461,0.06,0.2,0.16733117401599884
461,0.09,0.0,0.1482650637626648
461,0.09,0.1,0.1482650637626648
461,0.09,0.2,0.15227606892585754
461,0.12,0.0,0.12443162500858307
461,0.12,0.1,0.12443162500858307
461,0.12,0.2,0.12012419104576111
461,0.15,0.0,0.1142347976565361
461,0.15,0.1,0.1142347976565361
461,0.15,0.2,0.09410087019205093
462,0.0,0.0,0.08619318902492523
462,0.0,0.1,0.08619318902492523
462,0.0,0.2,0.08935374021530151
462,0.03,0.0,0.09404259920120239
462,0.03,0.1,0.09404259920120239
462,0.03,0.2,0.08537117391824722
462,0.06,0.0,0.08785922825336456
462,0.06,0.1,0.08785922825336456
462,0.06,0.2,0.08515865355730057
462,0.09,0.0,0.0866888239979744
462,0.09,0.1,0.0866888239979744
462,0.09,0.2,0.10523892939090729
462,0.12,0.0,0.0820750966668129
462,0.12,0.1,0.0820750966668129
462,0.12,0.2,0.08785118907690048
462,0.15,0.0,0.09842267632484436
462,0.15,0.1,0.09842267632484436
462,0.15,0.2,0.0885610431432724
463,0.0,0.0,0.12483804672956467
463,0.0,0.1,0.12483804672956467
463,0.0,0.2,0.12607677280902863
463,0.03,0.0,0.14810711145401
463,0.03,0.1,0.14810711145401
463,0.03,0.2,0.10520654916763306
463,0.06,0.0,0.16307087242603302
463,0.06,0.1,0.16307087242603302
463,0.06,0.2,0.08597619831562042
463,0.09,0.0,0.1174425408244133
463,0.09,0.1,0.1174425408244133
463,0.09,0.2,0.09452640265226364
463,0.12,0.0,0.11162086576223373
463,0.12,0.1,0.11162086576223373
463,0.12,0.2,0.11425858736038208
463,0.15,0.0,0.12805186212062836
463,0.15,0.1,0.12805186212062836
463,0.15,0.2,0.11667296290397644
464,0.0,0.0,0.11782127618789673
464,0.0,0.1,0.11782127618789673
464,0.0,0.2,0.1366572082042694
464,0.03,0.0,0.12370364367961884
464,0.03,0.1,0.12370364367961884
464,0.03,0.2,0.12695489823818207
464,0.06,0.0,0.12485702335834503
464,0.06,0.1,0.12485702335834503
464,0.06,0.2,0.13674569129943848
464,0.09,0.0,0.1306527853012085
464,0.09,0.1,0.1306527853012085
464,0.09,0.2,0.14658699929714203
464,0.12,0.0,0.127297505736351
464,0.12,0.1,0.127297505736351
464,0.12,0.2,0.1706896722316742
464,0.15,0.0,0.13464289903640747
464,0.15,0.1,0.13464289903640747
464,0.15,0.2,0.1513761729001999
465,0.0,0.0,0.12029588967561722
465,0.0,0.1,0.12029588967561722
465,0.0,0.2,0.11690990626811981
465,0.03,0.0,0.10930588841438293
465,0.03,0.1,0.10930588841438293
465,0.03,0.2,0.10948482155799866
465,0.06,0.0,0.10347437858581543
465,0.06,0.1,0.10347437858581543
465,0.06,0.2,0.1061086356639862
465,0.09,0.0,0.09123468399047852
465,0.09,0.1,0.09123468399047852
465,0.09,0.2,0.09295134991407394
465,0.12,0.0,0.08756604790687561
465,0.12,0.1,0.08756604790687561
465,0.12,0.2,0.0888964831829071
465,0.15,0.0,0.10261020064353943
465,0.15,0.1,0.10261020064353943
465,0.15,0.2,0.10068622976541519
466,0.0,0.0,0.1480075716972351
466,0.0,0.1,0.1480075716972351
466,0.0,0.2,0.17580083012580872
466,0.03,0.0,0.16528421640396118
466,0.03,0.1,0.16528421640396118
466,0.03,0.2,0.15737634897232056
466,0.06,0.0,0.14141251146793365
466,0.06,0.1,0.14141251146793365
466,0.06,0.2,0.1395474374294281
466,0.09,0.0,0.15723013877868652
466,0.09,0.1,0.15723013877868652
466,0.09,0.2,0.16175909340381622
466,0.12,0.0,0.11792489141225815
466,0.12,0.1,0.11792489141225815
466,0.12,0.2,0.11642641574144363
466,0.15,0.0,0.09663642942905426
466,0.15,0.1,0.09663642942905426
466,0.15,0.2,0.08787278831005096
467,0.0,0.0,0.09384503960609436
467,0.0,0.1,0.09384503960609436
467,0.0,0.2,0.09337814152240753
467,0.03,0.0,0.11623168736696243
467,0.03,0.1,0.11623168736696243
467,0.03,0.2,0.10584722459316254
467,0.06,0.0,0.10355338454246521
467,0.06,0.1,0.10355338454246521
467,0.06,0.2,0.13341164588928223
467,0.09,0.0,0.1046319454908371
467,0.09,0.1,0.1046319454908371
467,0.09,0.2,0.09904619306325912
467,0.12,0.0,0.1054481491446495
467,0.12,0.1,0.1054481491446495
467,0.12,0.2,0.1105956882238388
467,0.15,0.0,0.10878656804561615
467,0.15,0.1,0.10878656804561615
467,0.15,0.2,0.11072541773319244
468,0.0,0.0,0.1128239780664444
468,0.0,0.1,0.1128239780664444
468,0.0,0.2,0.11078935861587524
468,0.03,0.0,0.1194024607539177
468,0.03,0.1,0.1194024607539177
468,0.03,0.2,0.12654981017112732
468,0.06,0.0,0.11186469346284866
468,0.06,0.1,0.11186469346284866
468,0.06,0.2,0.131293386220932
468,0.09,0.0,0.13486720621585846
468,0.09,0.1,0.13486720621585846
468,0.09,0.2,0.13626325130462646
468,0.12,0.0,0.10776874423027039
468,0.12,0.1,0.10776874423027039
468,0.12,0.2,0.1690613031387329
468,0.15,0.0,0.11325307935476303
468,0.15,0.1,0.11325307935476303
468,0.15,0.2,0.15585771203041077
469,0.0,0.0,0.13257530331611633
469,0.0,0.1,0.13257530331611633
469,0.0,0.2,0.16386778652668
469,0.03,0.0,0.1762552261352539
469,0.03,0.1,0.1762552261352539
469,0.03,0.2,0.17073555290699005
469,0.06,0.0,0.20842577517032623
469,0.06,0.1,0.20842577517032623
469,0.06,0.2,0.16191530227661133
469,0.09,0.0,0.2024167776107788
469,0.09,0.1,0.2024167776107788
469,0.09,0.2,0.1690196841955185
469,0.12,0.0,0.1983424723148346
469,0.12,0.1,0.1983424723148346
469,0.12,0.2,0.15245866775512695
469,0.15,0.0,0.1896575391292572
469,0.15,0.1,0.1896575391292572
469,0.15,0.2,0.15343931317329407
47,0.0,0.0,0.08390609920024872
47,0.0,0.1,0.08390609920024872
47,0.0,0.2,0.11706526577472687
47,0.03,0.0,0.08473489433526993
47,0.03,0.1,0.08473489433526993
47,0.03,0.2,0.1096591055393219
47,0.06,0.0,0.10819929838180542
47,0.06,0.1,0.10819929838180542
47,0.06,0.2,0.10864265263080597
47,0.09,0.0,0.12947949767112732
47,0.09,0.1,0.12947949767112732
47,0.09,0.2,0.10047955065965652
47,0.12,0.0,0.11940152198076248
47,0.12,0.1,0.11940152198076248
47,0.12,0.2,0.0901523157954216
47,0.15,0.0,0.0936729684472084
47,0.15,0.1,0.0936729684472084
47,0.15,0.2,0.07965444028377533
470,0.0,0.0,0.08802758902311325
470,0.0,0.1,0.08802758902311325
470,0.0,0.2,0.0995219424366951
470,0.03,0.0,0.09880680590867996
470,0.03,0.1,0.09880680590867996
470,0.03,0.2,0.10921768099069595
470,0.06,0.0,0.11336872726678848
470,0.06,0.1,0.11336872726678848
470,0.06,0.2,0.10573891550302505
470,0.09,0.0,0.12099392712116241
470,0.09,0.1,0.12099392712116241
470,0.09,0.2,0.10291706770658493
470,0.12,0.0,0.10930965840816498
470,0.12,0.1,0.10930965840816498
470,0.12,0.2,0.10221589356660843
470,0.15,0.0,0.08853988349437714
470,0.15,0.1,0.08853988349437714
470,0.15,0.2,0.09028926491737366
471,0.0,0.0,0.08924047648906708
471,0.0,0.1,0.08924047648906708
471,0.0,0.2,0.11910121142864227
471,0.03,0.0,0.10925811529159546
471,0.03,0.1,0.10925811529159546
471,0.03,0.2,0.11757037043571472
471,0.06,0.0,0.09668246656656265
471,0.06,0.1,0.09668246656656265
471,0.06,0.2,0.09936756640672684
471,0.09,0.0,0.11061368137598038
471,0.09,0.1,0.11061368137598038
471,0.09,0.2,0.1031198799610138
471,0.12,0.0,0.10662713646888733
471,0.12,0.1,0.10662713646888733
471,0.12,0.2,0.1004800871014595
471,0.15,0.0,0.0936444103717804
471,0.15,0.1,0.0936444103717804
471,0.15,0.2,0.09227073192596436
472,0.0,0.0,0.10411535948514938
472,0.0,0.1,0.10411535948514938
472,0.0,0.2,0.13043230772018433
472,0.03,0.0,0.11828216910362244
472,0.03,0.1,0.11828216910362244
472,0.03,0.2,0.1282588690519333
472,0.06,0.0,0.12016220390796661
472,0.06,0.1,0.12016220390796661
472,0.06,0.2,0.12756985425949097
472,0.09,0.0,0.10819040983915329
472,0.09,0.1,0.10819040983915329
472,0.09,0.2,0.1254790723323822
472,0.12,0.0,0.09907045215368271
472,0.12,0.1,0.09907045215368271
472,0.12,0.2,0.11595956236124039
472,0.15,0.0,0.09425289183855057
472,0.15,0.1,0.09425289183855057
472,0.15,0.2,0.10749628394842148
473,0.0,0.0,0.1013384535908699
473,0.0,0.1,0.1013384535908699
473,0.0,0.2,0.13701966404914856
473,0.03,0.0,0.14734025299549103
473,0.03,0.1,0.14734025299549103
473,0.03,0.2,0.17451158165931702
473,0.06,0.0,0.16069060564041138
473,0.06,0.1,0.16069060564041138
473,0.06,0.2,0.16080935299396515
473,0.09,0.0,0.1626591682434082
473,0.09,0.1,0.1626591682434082
473,0.09,0.2,0.15041686594486237
473,0.12,0.0,0.174745112657547
473,0.12,0.1,0.174745112657547
473,0.12,0.2,0.14153242111206055
473,0.15,0.0,0.1569538116455078
473,0.15,0.1,0.1569538116455078
473,0.15,0.2,0.1406656950712204
474,0.0,0.0,0.11167840659618378
474,0.0,0.1,0.11167840659618378
474,0.0,0.2,0.13450495898723602
474,0.03,0.0,0.11974109709262848
474,0.03,0.1,0.11974109709262848
474,0.03,0.2,0.12703821063041687
474,0.06,0.0,0.12772831320762634
474,0.06,0.1,0.12772831320762634
474,0.06,0.2,0.1392108052968979
474,0.09,0.0,0.11791346222162247
474,0.09,0.1,0.11791346222162247
474,0.09,0.2,0.13094952702522278
474,0.12,0.0,0.10591775923967361
474,0.12,0.1,0.10591775923967361
474,0.12,0.2,0.12666045129299164
474,0.15,0.0,0.11591751128435135
474,0.15,0.1,0.11591751128435135
474,0.15,0.2,0.12313643097877502
475,0.0,0.0,0.1264607459306717
475,0.0,0.1,0.1264607459306717
475,0.0,0.2,0.13352856040000916
475,0.03,0.0,0.1533026397228241
475,0.03,0.1,0.1533026397228241
475,0.03,0.2,0.13900595903396606
475,0.06,0.0,0.16459448635578156
475,0.06,0.1,0.16459448635578156
475,0.06,0.2,0.13975611329078674
475,0.09,0.0,0.1525905430316925
475,0.09,0.1,0.1525905430316925
475,0.09,0.2,0.14219321310520172
475,0.12,0.0,0.1595403254032135
475,0.12,0.1,0.1595403254032135
475,0.12,0.2,0.14032506942749023
475,0.15,0.0,0.1474156230688095
475,0.15,0.1,0.1474156230688095
475,0.15,0.2,0.12249721586704254
476,0.0,0.0,0.10029688477516174
476,0.0,0.1,0.10029688477516174
476,0.0,0.2,0.10822023451328278
476,0.03,0.0,0.08099032193422318
476,0.03,0.1,0.08099032193422318
476,0.03,0.2,0.11593935638666153
476,0.06,0.0,0.08775026351213455
476,0.06,0.1,0.08775026351213455
476,0.06,0.2,0.09811264276504517
476,0.09,0.0,0.09899105131626129
476,0.09,0.1,0.09899105131626129
476,0.09,0.2,0.09582261741161346
476,0.12,0.0,0.09399667382240295
476,0.12,0.1,0.09399667382240295
476,0.12,0.2,0.08920691162347794
476,0.15,0.0,0.09329860657453537
476,0.15,0.1,0.09329860657453537
476,0.15,0.2,0.09424886852502823
477,0.0,0.0,0.1469191014766693
477,0.0,0.1,0.1469191014766693
477,0.0,0.2,0.19886831939220428
477,0.03,0.0,0.1734633892774582
477,0.03,0.1,0.1734633892774582
477,0.03,0.2,0.20302996039390564
477,0.06,0.0,0.18299683928489685
477,0.06,0.1,0.18299683928489685
477,0.06,0.2,0.1932414174079895
477,0.09,0.0,0.18197602033615112
477,0.09,0.1,0.18197602033615112
477,0.09,0.2,0.17966057360172272
477,0.12,0.0,0.16612710058689117
477,0.12,0.1,0.16612710058689117
477,0.12,0.2,0.15009263157844543
477,0.15,0.0,0.14922860264778137
477,0.15,0.1,0.14922860264778137
477,0.15,0.2,0.1157446801662445
478,0.0,0.0,0.11631551384925842
478,0.0,0.1,0.11631551384925842
478,0.0,0.2,0.16078467667102814
478,0.03,0.0,0.1218189150094986
478,0.03,0.1,0.1218189150094986
478,0.03,0.2,0.14793157577514648
478,0.06,0.0,0.12441332638263702
478,0.06,0.1,0.12441332638263702
478,0.06,0.2,0.13151676952838898
478,0.09,0.0,0.1440209299325943
478,0.09,0.1,0.1440209299325943
478,0.09,0.2,0.12457910925149918
478,0.12,0.0,0.12876096367835999
478,0.12,0.1,0.12876096367835999
478,0.12,0.2,0.10805743932723999
478,0.15,0.0,0.09226373583078384
478,0.15,0.1,0.09226373583078384
478,0.15,0.2,0.09627144783735275
479,0.0,0.0,0.11423838883638382
479,0.0,0.1,0.11423838883638382
479,0.0,0.2,0.10494466125965118
479,0.03,0.0,0.1140555888414383
479,0.03,0.1,0.1140555888414383
479,0.03,0.2,0.11905045062303543
479,0.06,0.0,0.13919980823993683
479,0.06,0.1,0.13919980823993683
479,0.06,0.2,0.13092322647571564
479,0.09,0.0,0.12442751973867416
479,0.09,0.1,0.12442751973867416
479,0.09,0.2,0.11963662505149841
479,0.12,0.0,0.09652728587388992
479,0.12,0.1,0.09652728587388992
479,0.12,0.2,0.11026103794574738
479,0.15,0.0,0.08956543356180191
479,0.15,0.1,0.08956543356180191
479,0.15,0.2,0.10123662650585175
48,0.0,0.0,0.08350568264722824
48,0.0,0.1,0.08350568264722824
48,0.0,0.2,0.09430050104856491
48,0.03,0.0,0.08546877652406693
48,0.03,0.1,0.08546877652406693
48,0.03,0.2,0.08410397171974182
48,0.06,0.0,0.08880197256803513
48,0.06,0.1,0.08880197256803513
48,0.06,0.2,0.09325029700994492
48,0.09,0.0,0.08376821875572205
48,0.09,0.1,0.08376821875572205
48,0.09,0.2,0.08869617432355881
48,0.12,0.0,0.08483484387397766
48,0.12,0.1,0.08483484387397766
48,0.12,0.2,0.08963582664728165
48,0.15,0.0,0.08468645811080933
48,0.15,0.1,0.08468645811080933
48,0.15,0.2,0.0960543230175972
480,0.0,0.0,0.12228083610534668
480,0.0,0.1,0.12228083610534668
480,0.0,0.2,0.16290155053138733
480,0.03,0.0,0.1302991658449173
480,0.03,0.1,0.1302991658449173
480,0.03,0.2,0.14153553545475006
480,0.06,0.0,0.14182740449905396
480,0.06,0.1,0.14182740449905396
480,0.06,0.2,0.13699111342430115
480,0.09,0.0,0.14863812923431396
480,0.09,0.1,0.14863812923431396
480,0.09,0.2,0.12340503931045532
480,0.12,0.0,0.11211150139570236
480,0.12,0.1,0.11211150139570236
480,0.12,0.2,0.09267128258943558
480,0.15,0.0,0.11407511681318283
480,0.15,0.1,0.11407511681318283
480,0.15,0.2,0.09794498980045319
481,0.0,0.0,0.17286989092826843
481,0.0,0.1,0.17286989092826843
481,0.0,0.2,0.28899428248405457
481,0.03,0.0,0.2257118672132492
481,0.03,0.1,0.2257118672132492
481,0.03,0.2,0.26655834913253784
481,0.06,0.0,0.27870458364486694
481,0.06,0.1,0.27870458364486694
481,0.06,0.2,0.22408750653266907
481,0.09,0.0,0.2906591594219208
481,0.09,0.1,0.2906591594219208
481,0.09,0.2,0.18348130583763123
481,0.12,0.0,0.2536117434501648
481,0.12,0.1,0.2536117434501648
481,0.12,0.2,0.1187005415558815
481,0.15,0.0,0.14486028254032135
481,0.15,0.1,0.14486028254032135
481,0.15,0.2,0.08359624445438385
482,0.0,0.0,0.08106417953968048
482,0.0,0.1,0.08106417953968048
482,0.0,0.2,0.08989043533802032
482,0.03,0.0,0.08800246566534042
482,0.03,0.1,0.08800246566534042
482,0.03,0.2,0.08226590603590012
482,0.06,0.0,0.12513671815395355
482,0.06,0.1,0.12513671815395355
482,0.06,0.2,0.08284808695316315
482,0.09,0.0,0.12521448731422424
482,0.09,0.1,0.12521448731422424
482,0.09,0.2,0.08946863561868668
482,0.12,0.0,0.0949612483382225
482,0.12,0.1,0.0949612483382225
482,0.12,0.2,0.09714116156101227
482,0.15,0.0,0.08691482990980148
482,0.15,0.1,0.08691482990980148
482,0.15,0.2,0.08833326399326324
483,0.0,0.0,0.10567443072795868
483,0.0,0.1,0.10567443072795868
483,0.0,0.2,0.13739164173603058
483,0.03,0.0,0.11726314574480057
483,0.03,0.1,0.11726314574480057
483,0.03,0.2,0.13485722243785858
483,0.06,0.0,0.14093603193759918
483,0.06,0.1,0.14093603193759918
483,0.06,0.2,0.13081519305706024
483,0.09,0.0,0.14748859405517578
483,0.09,0.1,0.14748859405517578
483,0.09,0.2,0.10921778529882431
483,0.12,0.0,0.11904697865247726
483,0.12,0.1,0.11904697865247726
483,0.12,0.2,0.13925836980342865
483,0.15,0.0,0.10796138644218445
483,0.15,0.1,0.10796138644218445
483,0.15,0.2,0.12997761368751526
484,0.0,0.0,0.09829556196928024
484,0.0,0.1,0.09829556196928024
484,0.0,0.2,0.13417473435401917
484,0.03,0.0,0.110355906188488
484,0.03,0.1,0.110355906188488
484,0.03,0.2,0.13454174995422363
484,0.06,0.0,0.13592389225959778
484,0.06,0.1,0.13592389225959778
484,0.06,0.2,0.1272546499967575
484,0.09,0.0,0.13489195704460144
484,0.09,0.1,0.13489195704460144
484,0.09,0.2,0.10627628117799759
484,0.12,0.0,0.13631220161914825
484,0.12,0.1,0.13631220161914825
484,0.12,0.2,0.08628826588392258
484,0.15,0.0,0.1084529459476471
484,0.15,0.1,0.1084529459476471
484,0.15,0.2,0.09142883121967316
485,0.0,0.0,0.09394014626741409
485,0.0,0.1,0.09394014626741409
485,0.0,0.2,0.08189188688993454
485,0.03,0.0,0.07831387221813202
485,0.03,0.1,0.07831387221813202
485,0.03,0.2,0.0809742882847786
485,0.06,0.0,0.09351038932800293
485,0.06,0.1,0.09351038932800293
485,0.06,0.2,0.08832711726427078
485,0.09,0.0,0.08259166032075882
485,0.09,0.1,0.08259166032075882
485,0.09,0.2,0.09180837124586105
485,0.12,0.0,0.09130404144525528
485,0.12,0.1,0.09130404144525528
485,0.12,0.2,0.08813329041004181
485,0.15,0.0,0.08596105873584747
485,0.15,0.1,0.08596105873584747
485,0.15,0.2,0.0884869396686554
486,0.0,0.0,0.12965033948421478
486,0.0,0.1,0.12965033948421478
486,0.0,0.2,0.17032672464847565
486,0.03,0.0,0.1302565485239029
486,0.03,0.1,0.1302565485239029
486,0.03,0.2,0.16543801128864288
486,0.06,0.0,0.16838915646076202
486,0.06,0.1,0.16838915646076202
486,0.06,0.2,0.14815616607666016
486,0.09,0.0,0.20447993278503418
486,0.09,0.1,0.20447993278503418
486,0.09,0.2,0.1374453604221344
486,0.12,0.0,0.19909578561782837
486,0.12,0.1,0.19909578561782837
486,0.12,0.2,0.12034258991479874
486,0.15,0.0,0.13046762347221375
486,0.15,0.1,0.13046762347221375
486,0.15,0.2,0.0910746306180954
487,0.0,0.0,0.0997992679476738
487,0.0,0.1,0.0997992679476738
487,0.0,0.2,0.10804525017738342
487,0.03,0.0,0.09551067650318146
487,0.03,0.1,0.09551067650318146
487,0.03,0.2,0.09396938979625702
487,0.06,0.0,0.09086327254772186
487,0.06,0.1,0.09086327254772186
487,0.06,0.2,0.09831874072551727
487,0.09,0.0,0.08755892515182495
487,0.09,0.1,0.08755892515182495
487,0.09,0.2,0.11028099805116653
487,0.12,0.0,0.10945868492126465
487,0.12,0.1,0.10945868492126465
487,0.12,0.2,0.09834839403629303
487,0.15,0.0,0.0876726508140564
487,0.15,0.1,0.0876726508140564
487,0.15,0.2,0.09436263889074326
488,0.0,0.0,0.10251050442457199
488,0.0,0.1,0.10251050442457199
488,0.0,0.2,0.11725491285324097
488,0.03,0.0,0.11635765433311462
488,0.03,0.1,0.11635765433311462
488,0.03,0.2,0.11124707013368607
488,0.06,0.0,0.11467502266168594
488,0.06,0.1,0.11467502266168594
488,0.06,0.2,0.10862238705158234
488,0.09,0.0,0.10299612581729889
488,0.09,0.1,0.10299612581729889
488,0.09,0.2,0.10455350577831268
488,0.12,0.0,0.08638361841440201
488,0.12,0.1,0.08638361841440201
488,0.12,0.2,0.08953896164894104
488,0.15,0.0,0.0832814872264862
488,0.15,0.1,0.0832814872264862
488,0.15,0.2,0.0886755958199501
489,0.0,0.0,0.1532813012599945
489,0.0,0.1,0.1532813012599945
489,0.0,0.2,0.14360842108726501
489,0.03,0.0,0.17197684943675995
489,0.03,0.1,0.17197684943675995
489,0.03,0.2,0.1324458122253418
489,0.06,0.0,0.18259082734584808
489,0.06,0.1,0.18259082734584808
489,0.06,0.2,0.12302985787391663
489,0.09,0.0,0.17781399190425873
489,0.09,0.1,0.17781399190425873
489,0.09,0.2,0.12771543860435486
489,0.12,0.0,0.19780297577381134
489,0.12,0.1,0.19780297577381134
489,0.12,0.2,0.1393747329711914
489,0.15,0.0,0.18396709859371185
489,0.15,0.1,0.18396709859371185
489,0.15,0.2,0.1415700912475586
49,0.0,0.0,0.15811170637607574
49,0.0,0.1,0.15811170637607574
49,0.0,0.2,0.252567321062088
49,0.03,0.0,0.2083469182252884
49,0.03,0.1,0.2083469182252884
49,0.03,0.2,0.2512233555316925
49,0.06,0.0,0.2390265166759491
49,0.06,0.1,0.2390265166759491
49,0.06,0.2,0.24530377984046936
49,0.09,0.0,0.26444026827812195
49,0.09,0.1,0.26444026827812195
49,0.09,0.2,0.20730358362197876
49,0.12,0.0,0.2401599884033203
49,0.12,0.1,0.2401599884033203
49,0.12,0.2,0.16641947627067566
49,0.15,0.0,0.190886989235878
49,0.15,0.1,0.190886989235878
49,0.15,0.2,0.1216483786702156
490,0.0,0.0,0.10759326070547104
490,0.0,0.1,0.10759326070547104
490,0.0,0.2,0.16774488985538483
490,0.03,0.0,0.11780131608247757
490,0.03,0.1,0.11780131608247757
490,0.03,0.2,0.16508643329143524
490,0.06,0.0,0.13351216912269592
490,0.06,0.1,0.13351216912269592
490,0.06,0.2,0.15510044991970062
490,0.09,0.0,0.15225555002689362
490,0.09,0.1,0.15225555002689362
490,0.09,0.2,0.13884130120277405
490,0.12,0.0,0.13963371515274048
490,0.12,0.1,0.13963371515274048
490,0.12,0.2,0.11143013834953308
490,0.15,0.0,0.11955700069665909
490,0.15,0.1,0.11955700069665909
490,0.15,0.2,0.09883811324834824
491,0.0,0.0,0.10050679743289948
491,0.0,0.1,0.10050679743289948
491,0.0,0.2,0.1333785504102707
491,0.03,0.0,0.11197242140769958
491,0.03,0.1,0.11197242140769958
491,0.03,0.2,0.13485898077487946
491,0.06,0.0,0.11229599267244339
491,0.06,0.1,0.11229599267244339
491,0.06,0.2,0.13076584041118622
491,0.09,0.0,0.10411256551742554
491,0.09,0.1,0.10411256551742554
491,0.09,0.2,0.11064661294221878
491,0.12,0.0,0.0988708883523941
491,0.12,0.1,0.0988708883523941
491,0.12,0.2,0.10415595769882202
491,0.15,0.0,0.09790313243865967
491,0.15,0.1,0.09790313243865967
491,0.15,0.2,0.1112728863954544
492,0.0,0.0,0.12320137768983841
492,0.0,0.1,0.12320137768983841
492,0.0,0.2,0.16919229924678802
492,0.03,0.0,0.13654693961143494
492,0.03,0.1,0.13654693961143494
492,0.03,0.2,0.16838963329792023
492,0.06,0.0,0.1401863992214203
492,0.06,0.1,0.1401863992214203
492,0.06,0.2,0.17002101242542267
492,0.09,0.0,0.14208687841892242
492,0.09,0.1,0.14208687841892242
492,0.09,0.2,0.1549558937549591
492,0.12,0.0,0.1306838095188141
492,0.12,0.1,0.1306838095188141
492,0.12,0.2,0.1553603857755661
492,0.15,0.0,0.16534662246704102
492,0.15,0.1,0.16534662246704102
492,0.15,0.2,0.15972359478473663
493,0.0,0.0,0.09106224775314331
493,0.0,0.1,0.09106224775314331
493,0.0,0.2,0.09108278155326843
493,0.03,0.0,0.08238938450813293
493,0.03,0.1,0.08238938450813293
493,0.03,0.2,0.11010933667421341
493,0.06,0.0,0.10413806885480881
493,0.06,0.1,0.10413806885480881
493,0.06,0.2,0.1055610403418541
493,0.09,0.0,0.10144291073083878
493,0.09,0.1,0.10144291073083878
493,0.09,0.2,0.1034662276506424
493,0.12,0.0,0.10403252393007278
493,0.12,0.1,0.10403252393007278
493,0.12,0.2,0.10979962348937988
493,0.15,0.0,0.11163187026977539
493,0.15,0.1,0.11163187026977539
493,0.15,0.2,0.1047835424542427
494,0.0,0.0,0.12110555917024612
494,0.0,0.1,0.12110555917024612
494,0.0,0.2,0.15133774280548096
494,0.03,0.0,0.14001476764678955
494,0.03,0.1,0.14001476764678955
494,0.03,0.2,0.13824722170829773
494,0.06,0.0,0.1361771821975708
494,0.06,0.1,0.1361771821975708
494,0.06,0.2,0.10607638210058212
494,0.09,0.0,0.12071232497692108
494,0.09,0.1,0.12071232497692108
494,0.09,0.2,0.09273470193147659
494,0.12,0.0,0.0960024818778038
494,0.12,0.1,0.0960024818778038
494,0.12,0.2,0.08249647915363312
494,0.15,0.0,0.09103583544492722
494,0.15,0.1,0.09103583544492722
494,0.15,0.2,0.09627281129360199
495,0.0,0.0,0.10261232405900955
495,0.0,0.1,0.10261232405900955
495,0.0,0.2,0.11029665172100067
495,0.03,0.0,0.08660197257995605
495,0.03,0.1,0.08660197257995605
495,0.03,0.2,0.09576980024576187
495,0.06,0.0,0.14311137795448303
495,0.06,0.1,0.14311137795448303
495,0.06,0.2,0.13611161708831787
495,0.09,0.0,0.10993599146604538
495,0.09,0.1,0.10993599146604538
495,0.09,0.2,0.11293326318264008
495,0.12,0.0,0.11158677190542221
495,0.12,0.1,0.11158677190542221
495,0.12,0.2,0.13047784566879272
495,0.15,0.0,0.11472254246473312
495,0.15,0.1,0.11472254246473312
495,0.15,0.2,0.12697914242744446
496,0.0,0.0,0.11629562079906464
496,0.0,0.1,0.11629562079906464
496,0.0,0.2,0.1594845950603485
496,0.03,0.0,0.14354872703552246
496,0.03,0.1,0.14354872703552246
496,0.03,0.2,0.1504385769367218
496,0.06,0.0,0.1608806699514389
496,0.06,0.1,0.1608806699514389
496,0.06,0.2,0.15866824984550476
496,0.09,0.0,0.14957551658153534
496,0.09,0.1,0.14957551658153534
496,0.09,0.2,0.14053182303905487
496,0.12,0.0,0.13026297092437744
496,0.12,0.1,0.13026297092437744
496,0.12,0.2,0.10453890264034271
496,0.15,0.0,0.11371224373579025
496,0.15,0.1,0.11371224373579025
496,0.15,0.2,0.10372784733772278
497,0.0,0.0,0.08184490352869034
497,0.0,0.1,0.08184490352869034
497,0.0,0.2,0.08919467031955719
497,0.03,0.0,0.08867254853248596
497,0.03,0.1,0.08867254853248596
497,0.03,0.2,0.08104671537876129
497,0.06,0.0,0.08615812659263611
497,0.06,0.1,0.08615812659263611
497,0.06,0.2,0.12340047955513
497,0.09,0.0,0.09428101778030396
497,0.09,0.1,0.09428101778030396
497,0.09,0.2,0.09772384166717529
497,0.12,0.0,0.0850488692522049
497,0.12,0.1,0.0850488692522049
497,0.12,0.2,0.10148964077234268
497,0.15,0.0,0.09179176390171051
497,0.15,0.1,0.09179176390171051
497,0.15,0.2,0.08595091849565506
498,0.0,0.0,0.11806435883045197
498,0.0,0.1,0.11806435883045197
498,0.0,0.2,0.18516670167446136
498,0.03,0.0,0.12604139745235443
498,0.03,0.1,0.12604139745235443
498,0.03,0.2,0.18230266869068146
498,0.06,0.0,0.15689846873283386
498,0.06,0.1,0.15689846873283386
498,0.06,0.2,0.17610742151737213
498,0.09,0.0,0.16723710298538208
498,0.09,0.1,0.16723710298538208
498,0.09,0.2,0.15693022310733795
498,0.12,0.0,0.168597012758255
498,0.12,0.1,0.168597012758255
498,0.12,0.2,0.1380164623260498
498,0.15,0.0,0.15251705050468445
498,0.15,0.1,0.15251705050468445
498,0.15,0.2,0.13165582716464996
499,0.0,0.0,0.09799396991729736
499,0.0,0.1,0.09799396991729736
499,0.0,0.2,0.0954047292470932
499,0.03,0.0,0.08466662466526031
499,0.03,0.1,0.08466662466526031
499,0.03,0.2,0.09233035147190094
499,0.06,0.0,0.09566296637058258
499,0.06,0.1,0.09566296637058258
499,0.06,0.2,0.08781179040670395
499,0.09,0.0,0.11284564435482025
499,0.09,0.1,0.11284564435482025
499,0.09,0.2,0.1050109714269638
499,0.12,0.0,0.1191190555691719
499,0.12,0.1,0.1191190555691719
499,0.12,0.2,0.10932858288288116
499,0.15,0.0,0.09814940392971039
499,0.15,0.1,0.09814940392971039
499,0.15,0.2,0.0926612839102745
5,0.0,0.0,0.09835359454154968
5,0.0,0.1,0.09835359454154968
5,0.0,0.2,0.11145306378602982
5,0.03,0.0,0.0984409973025322
5,0.03,0.1,0.0984409973025322
5,0.03,0.2,0.09843917936086655
5,0.06,0.0,0.10008370876312256
5,0.06,0.1,0.10008370876312256
5,0.06,0.2,0.09824179857969284
5,0.09,0.0,0.1021028384566307
5,0.09,0.1,0.1021028384566307
5,0.09,0.2,0.1444322168827057
5,0.12,0.0,0.11301468312740326
5,0.12,0.1,0.11301468312740326
5,0.12,0.2,0.12412334978580475
5,0.15,0.0,0.10247383266687393
5,0.15,0.1,0.10247383266687393
5,0.15,0.2,0.1392131894826889
50,0.0,0.0,0.10808775573968887
50,0.0,0.1,0.10808775573968887
50,0.0,0.2,0.14727841317653656
50,0.03,0.0,0.12554509937763214
50,0.03,0.1,0.12554509937763214
50,0.03,0.2,0.16327106952667236
50,0.06,0.0,0.14691542088985443
50,0.06,0.1,0.14691542088985443
50,0.06,0.2,0.16646172106266022
50,0.09,0.0,0.14787228405475616
50,0.09,0.1,0.14787228405475616
50,0.09,0.2,0.1556563824415207
50,0.12,0.0,0.14591452479362488
50,0.12,0.1,0.14591452479362488
50,0.12,0.2,0.13542285561561584
50,0.15,0.0,0.13106867671012878
50,0.15,0.1,0.13106867671012878
50,0.15,0.2,0.1157783567905426
500,0.0,0.0,0.09812156856060028
500,0.0,0.1,0.09812156856060028
500,0.0,0.2,0.09723322838544846
500,0.03,0.0,0.09945528954267502
500,0.03,0.1,0.09945528954267502
500,0.03,0.2,0.09907712787389755
500,0.06,0.0,0.09748342633247375
500,0.06,0.1,0.09748342633247375
500,0.06,0.2,0.11031997948884964
500,0.09,0.0,0.09684238582849503
500,0.09,0.1,0.09684238582849503
500,0.09,0.2,0.1259719580411911
500,0.12,0.0,0.11014821380376816
500,0.12,0.1,0.11014821380376816
500,0.12,0.2,0.11658618599176407
500,0.15,0.0,0.1015712097287178
500,0.15,0.1,0.1015712097287178
500,0.15,0.2,0.11599446833133698
501,0.0,0.0,0.09657120704650879
501,0.0,0.1,0.09657120704650879
501,0.0,0.2,0.10009489953517914
501,0.03,0.0,0.10788486897945404
501,0.03,0.1,0.10788486897945404
501,0.03,0.2,0.09628842025995255
501,0.06,0.0,0.10117492079734802
501,0.06,0.1,0.10117492079734802
501,0.06,0.2,0.10280157625675201
501,0.09,0.0,0.1057635024189949
501,0.09,0.1,0.1057635024189949
501,0.09,0.2,0.13054710626602173
501,0.12,0.0,0.08348581939935684
501,0.12,0.1,0.08348581939935684
501,0.12,0.2,0.09367445856332779
501,0.15,0.0,0.1009136512875557
501,0.15,0.1,0.1009136512875557
501,0.15,0.2,0.09284941107034683
502,0.0,0.0,0.1069750264286995
502,0.0,0.1,0.1069750264286995
502,0.0,0.2,0.11895645409822464
502,0.03,0.0,0.12258138507604599
502,0.03,0.1,0.12258138507604599
502,0.03,0.2,0.12019049376249313
502,0.06,0.0,0.12681150436401367
502,0.06,0.1,0.12681150436401367
502,0.06,0.2,0.09963127225637436
502,0.09,0.0,0.1299206018447876
502,0.09,0.1,0.1299206018447876
502,0.09,0.2,0.10245095938444138
502,0.12,0.0,0.1409340798854828
502,0.12,0.1,0.1409340798854828
502,0.12,0.2,0.12567541003227234
502,0.15,0.0,0.16480770707130432
502,0.15,0.1,0.16480770707130432
502,0.15,0.2,0.13880173861980438
503,0.0,0.0,0.10401010513305664
503,0.0,0.1,0.10401010513305664
503,0.0,0.2,0.11152071505784988
503,0.03,0.0,0.11112847179174423
503,0.03,0.1,0.11112847179174423
503,0.03,0.2,0.12363484501838684
503,0.06,0.0,0.11160524189472198
503,0.06,0.1,0.11160524189472198
503,0.06,0.2,0.11793605983257294
503,0.09,0.0,0.10734345763921738
503,0.09,0.1,0.10734345763921738
503,0.09,0.2,0.12915176153182983
503,0.12,0.0,0.1188378557562828
503,0.12,0.1,0.1188378557562828
503,0.12,0.2,0.11449921876192093
503,0.15,0.0,0.12055151164531708
503,0.15,0.1,0.12055151164531708
503,0.15,0.2,0.1148521676659584
504,0.0,0.0,0.0988902747631073
504,0.0,0.1,0.0988902747631073
504,0.0,0.2,0.10653230547904968
504,0.03,0.0,0.11014219373464584
504,0.03,0.1,0.11014219373464584
504,0.03,0.2,0.10015369951725006
504,0.06,0.0,0.10636566579341888
504,0.06,0.1,0.10636566579341888
504,0.06,0.2,0.11925572901964188
504,0.09,0.0,0.10126716643571854
504,0.09,0.1,0.10126716643571854
504,0.09,0.2,0.09114117920398712
504,0.12,0.0,0.10587023943662643
504,0.12,0.1,0.10587023943662643
504,0.12,0.2,0.09229185432195663
504,0.15,0.0,0.10943982750177383
504,0.15,0.1,0.10943982750177383
504,0.15,0.2,0.10875473916530609
505,0.0,0.0,0.09985437244176865
505,0.0,0.1,0.09985437244176865
505,0.0,0.2,0.13005590438842773
505,0.03,0.0,0.10347585380077362
505,0.03,0.1,0.10347585380077362
505,0.03,0.2,0.13412481546401978
505,0.06,0.0,0.11597093939781189
505,0.06,0.1,0.11597093939781189
505,0.06,0.2,0.1314755231142044
505,0.09,0.0,0.09768230468034744
505,0.09,0.1,0.09768230468034744
505,0.09,0.2,0.11426343023777008
505,0.12,0.0,0.1056944951415062
505,0.12,0.1,0.1056944951415062
505,0.12,0.2,0.1096842810511589
505,0.15,0.0,0.11121488362550735
505,0.15,0.1,0.11121488362550735
505,0.15,0.2,0.1065763533115387
506,0.0,0.0,0.1265764683485031
506,0.0,0.1,0.1265764683485031
506,0.0,0.2,0.14012570679187775
506,0.03,0.0,0.1377624124288559
506,0.03,0.1,0.1377624124288559
506,0.03,0.2,0.13406451046466827
506,0.06,0.0,0.12926730513572693
506,0.06,0.1,0.12926730513572693
506,0.06,0.2,0.11043791472911835
506,0.09,0.0,0.09770211577415466
506,0.09,0.1,0.09770211577415466
506,0.09,0.2,0.0978923887014389
506,0.12,0.0,0.10209742188453674
506,0.12,0.1,0.10209742188453674
506,0.12,0.2,0.1074228435754776
506,0.15,0.0,0.09035182744264603
506,0.15,0.1,0.09035182744264603
506,0.15,0.2,0.1103859543800354
507,0.0,0.0,0.13201844692230225
507,0.0,0.1,0.13201844692230225
507,0.0,0.2,0.1950192004442215
507,0.03,0.0,0.13692927360534668
507,0.03,0.1,0.13692927360534668
507,0.03,0.2,0.17900221049785614
507,0.06,0.0,0.17112326622009277
507,0.06,0.1,0.17112326622009277
507,0.06,0.2,0.18118688464164734
507,0.09,0.0,0.19962142407894135
507,0.09,0.1,0.19962142407894135
507,0.09,0.2,0.20890358090400696
507,0.12,0.0,0.17763172090053558
507,0.12,0.1,0.17763172090053558
507,0.12,0.2,0.1782987415790558
507,0.15,0.0,0.17126618325710297
507,0.15,0.1,0.17126618325710297
507,0.15,0.2,0.1642320305109024
508,0.0,0.0,0.14999675750732422
508,0.0,0.1,0.14999675750732422
508,0.0,0.2,0.16948166489601135
508,0.03,0.0,0.15545718371868134
508,0.03,0.1,0.15545718371868134
508,0.03,0.2,0.1568349450826645
508,0.06,0.0,0.16460920870304108
508,0.06,0.1,0.16460920870304108
508,0.06,0.2,0.16143935918807983
508,0.09,0.0,0.15865640342235565
508,0.09,0.1,0.15865640342235565
508,0.09,0.2,0.1557791829109192
508,0.12,0.0,0.1420411467552185
508,0.12,0.1,0.1420411467552185
508,0.12,0.2,0.14041386544704437
508,0.15,0.0,0.13822929561138153
508,0.15,0.1,0.13822929561138153
508,0.15,0.2,0.1293918788433075
509,0.0,0.0,0.11046339571475983
509,0.0,0.1,0.11046339571475983
509,0.0,0.2,0.16863372921943665
509,0.03,0.0,0.14171701669692993
509,0.03,0.1,0.14171701669692993
509,0.03,0.2,0.18099625408649445
509,0.06,0.0,0.15916141867637634
509,0.06,0.1,0.15916141867637634
509,0.06,0.2,0.17537859082221985
509,0.09,0.0,0.1568503975868225
509,0.09,0.1,0.1568503975868225
509,0.09,0.2,0.1415444165468216
509,0.12,0.0,0.1471131145954132
509,0.12,0.1,0.1471131145954132
509,0.12,0.2,0.11517316102981567
509,0.15,0.0,0.10754744708538055
509,0.15,0.1,0.10754744708538055
509,0.15,0.2,0.09334652125835419
51,0.0,0.0,0.08208673447370529
51,0.0,0.1,0.08208673447370529
51,0.0,0.2,0.14967264235019684
51,0.03,0.0,0.10987669974565506
51,0.03,0.1,0.10987669974565506
51,0.03,0.2,0.15824772417545319
51,0.06,0.0,0.15823979675769806
51,0.06,0.1,0.15823979675769806
51,0.06,0.2,0.15901701152324677
51,0.09,0.0,0.18867620825767517
51,0.09,0.1,0.18867620825767517
51,0.09,0.2,0.14398466050624847
51,0.12,0.0,0.18055008351802826
51,0.12,0.1,0.18055008351802826
51,0.12,0.2,0.1516972929239273
51,0.15,0.0,0.15999609231948853
51,0.15,0.1,0.15999609231948853
51,0.15,0.2,0.16648055613040924
510,0.0,0.0,0.11089027673006058
510,0.0,0.1,0.11089027673006058
510,0.0,0.2,0.1077653095126152
510,0.03,0.0,0.09608031809329987
510,0.03,0.1,0.09608031809329987
510,0.03,0.2,0.11434700340032578
510,0.06,0.0,0.10416717827320099
510,0.06,0.1,0.10416717827320099
510,0.06,0.2,0.11442145705223083
510,0.09,0.0,0.11212998628616333
510,0.09,0.1,0.11212998628616333
510,0.09,0.2,0.11803960800170898
510,0.12,0.0,0.13474835455417633
510,0.12,0.1,0.13474835455417633
510,0.12,0.2,0.12368500232696533
510,0.15,0.0,0.13867470622062683
510,0.15,0.1,0.13867470622062683
510,0.15,0.2,0.12788985669612885
511,0.0,0.0,0.11415767669677734
511,0.0,0.1,0.11415767669677734
511,0.0,0.2,0.15274137258529663
511,0.03,0.0,0.11913851648569107
511,0.03,0.1,0.11913851648569107
511,0.03,0.2,0.1450609415769577
511,0.06,0.0,0.13704775273799896
511,0.06,0.1,0.13704775273799896
511,0.06,0.2,0.13451991975307465
511,0.09,0.0,0.15366226434707642
511,0.09,0.1,0.15366226434707642
511,0.09,0.2,0.12176749110221863
511,0.12,0.0,0.12362417578697205
511,0.12,0.1,0.12362417578697205
511,0.12,0.2,0.10176318883895874
511,0.15,0.0,0.09504886716604233
511,0.15,0.1,0.09504886716604233
511,0.15,0.2,0.09380196779966354
512,0.0,0.0,0.08248855918645859
512,0.0,0.1,0.08248855918645859
512,0.0,0.2,0.11101196706295013
512,0.03,0.0,0.10772980004549026
512,0.03,0.1,0.10772980004549026
512,0.03,0.2,0.11556301265954971
512,0.06,0.0,0.1322099268436432
512,0.06,0.1,0.1322099268436432
512,0.06,0.2,0.12797635793685913
512,0.09,0.0,0.15365983545780182
512,0.09,0.1,0.15365983545780182
512,0.09,0.2,0.16257543861865997
512,0.12,0.0,0.1251341700553894
512,0.12,0.1,0.1251341700553894
512,0.12,0.2,0.1456528753042221
512,0.15,0.0,0.0992707759141922
512,0.15,0.1,0.0992707759141922
512,0.15,0.2,0.09271595627069473
513,0.0,0.0,0.10178925842046738
513,0.0,0.1,0.10178925842046738
513,0.0,0.2,0.12174754589796066
513,0.03,0.0,0.09202846139669418
513,0.03,0.1,0.09202846139669418
513,0.03,0.2,0.09336477518081665
513,0.06,0.0,0.09588585793972015
513,0.06,0.1,0.09588585793972015
513,0.06,0.2,0.09838735312223434
513,0.09,0.0,0.09191709011793137
513,0.09,0.1,0.09191709011793137
513,0.09,0.2,0.1030600368976593
513,0.12,0.0,0.09965639561414719
513,0.12,0.1,0.09965639561414719
513,0.12,0.2,0.10231108963489532
513,0.15,0.0,0.0881539061665535
513,0.15,0.1,0.0881539061665535
513,0.15,0.2,0.0975554808974266
52,0.0,0.0,0.08703428506851196
52,0.0,0.1,0.08703428506851196
52,0.0,0.2,0.10533203929662704
52,0.03,0.0,0.08770721405744553
52,0.03,0.1,0.08770721405744553
52,0.03,0.2,0.11221925914287567
52,0.06,0.0,0.08908521384000778
52,0.06,0.1,0.08908521384000778
52,0.06,0.2,0.1059885025024414
52,0.09,0.0,0.09313200414180756
52,0.09,0.1,0.09313200414180756
52,0.09,0.2,0.09176548570394516
52,0.12,0.0,0.08993944525718689
52,0.12,0.1,0.08993944525718689
52,0.12,0.2,0.09591488540172577
52,0.15,0.0,0.09163060039281845
52,0.15,0.1,0.09163060039281845
52,0.15,0.2,0.09348725527524948
53,0.0,0.0,0.10543535649776459
53,0.0,0.1,0.10543535649776459
53,0.0,0.2,0.14860057830810547
53,0.03,0.0,0.11264939606189728
53,0.03,0.1,0.11264939606189728
53,0.03,0.2,0.14462020993232727
53,0.06,0.0,0.12039367109537125
53,0.06,0.1,0.12039367109537125
53,0.06,0.2,0.14160563051700592
53,0.09,0.0,0.1433722972869873
53,0.09,0.1,0.1433722972869873
53,0.09,0.2,0.16855423152446747
53,0.12,0.0,0.1636728048324585
53,0.12,0.1,0.1636728048324585
53,0.12,0.2,0.16967685520648956
53,0.15,0.0,0.1705644577741623
53,0.15,0.1,0.1705644577741623
53,0.15,0.2,0.1590365469455719
54,0.0,0.0,0.10081593692302704
54,0.0,0.1,0.10081593692302704
54,0.0,0.2,0.10353583842515945
54,0.03,0.0,0.09200920164585114
54,0.03,0.1,0.09200920164585114
54,0.03,0.2,0.09778858721256256
54,0.06,0.0,0.08673745393753052
54,0.06,0.1,0.08673745393753052
54,0.06,0.2,0.08661527186632156
54,0.09,0.0,0.09110554307699203
54,0.09,0.1,0.09110554307699203
54,0.09,0.2,0.10356485843658447
54,0.12,0.0,0.09159300476312637
54,0.12,0.1,0.09159300476312637
54,0.12,0.2,0.08284049481153488
54,0.15,0.0,0.08502788096666336
54,0.15,0.1,0.08502788096666336
54,0.15,0.2,0.0873025581240654
55,0.0,0.0,0.07710389047861099
55,0.0,0.1,0.07710389047861099
55,0.0,0.2,0.2012755274772644
55,0.03,0.0,0.11785463988780975
55,0.03,0.1,0.11785463988780975
55,0.03,0.2,0.2166714370250702
55,0.06,0.0,0.19648149609565735
55,0.06,0.1,0.19648149609565735
55,0.06,0.2,0.18090689182281494
55,0.09,0.0,0.26408058404922485
55,0.09,0.1,0.26408058404922485
55,0.09,0.2,0.1582697033882141
55,0.12,0.0,0.26528361439704895
55,0.12,0.1,0.26528361439704895
55,0.12,0.2,0.1310850828886032
55,0.15,0.0,0.1647692322731018
55,0.15,0.1,0.1647692322731018
55,0.15,0.2,0.08767088502645493
56,0.0,0.0,0.1582026183605194
56,0.0,0.1,0.1582026183605194
56,0.0,0.2,0.2913016974925995
56,0.03,0.0,0.21355624496936798
56,0.03,0.1,0.21355624496936798
56,0.03,0.2,0.2833244800567627
56,0.06,0.0,0.279610812664032
56,0.06,0.1,0.279610812664032
56,0.06,0.2,0.25481006503105164
56,0.09,0.0,0.3223457336425781
56,0.09,0.1,0.3223457336425781
56,0.09,0.2,0.22058643400669098
56,0.12,0.0,0.2863334119319916
56,0.12,0.1,0.2863334119319916
56,0.12,0.2,0.18672728538513184
56,0.15,0.0,0.18521679937839508
56,0.15,0.1,0.18521679937839508
56,0.15,0.2,0.1303236335515976
57,0.0,0.0,0.14486739039421082
57,0.0,0.1,0.14486739039421082
57,0.0,0.2,0.21174684166908264
57,0.03,0.0,0.17685110867023468
57,0.03,0.1,0.17685110867023468
57,0.03,0.2,0.22603125870227814
57,0.06,0.0,0.1991249918937683
57,0.06,0.1,0.1991249918937683
57,0.06,0.2,0.22182363271713257
57,0.09,0.0,0.19856087863445282
57,0.09,0.1,0.19856087863445282
57,0.09,0.2,0.20806924998760223
57,0.12,0.0,0.18564355373382568
57,0.12,0.1,0.18564355373382568
57,0.12,0.2,0.1896863579750061
57,0.15,0.0,0.17491105198860168
57,0.15,0.1,0.17491105198860168
57,0.15,0.2,0.16576960682868958
58,0.0,0.0,0.12117138504981995
58,0.0,0.1,0.12117138504981995
58,0.0,0.2,0.1644810289144516
58,0.03,0.0,0.14018702507019043
58,0.03,0.1,0.14018702507019043
58,0.03,0.2,0.16228273510932922
58,0.06,0.0,0.14359790086746216
58,0.06,0.1,0.14359790086746216
58,0.06,0.2,0.1410749852657318
58,0.09,0.0,0.154245987534523
58,0.09,0.1,0.154245987534523
58,0.09,0.2,0.13889768719673157
58,0.12,0.0,0.1391834020614624
58,0.12,0.1,0.1391834020614624
58,0.12,0.2,0.13000111281871796
58,0.15,0.0,0.10043115168809891
58,0.15,0.1,0.10043115168809891
58,0.15,0.2,0.10181760042905807
59,0.0,0.0,0.12487276643514633
59,0.0,0.1,0.12487276643514633
59,0.0,0.2,0.16635483503341675
59,0.03,0.0,0.13367687165737152
59,0.03,0.1,0.13367687165737152
59,0.03,0.2,0.16979289054870605
59,0.06,0.0,0.13155776262283325
59,0.06,0.1,0.13155776262283325
59,0.06,0.2,0.14145007729530334
59,0.09,0.0,0.14673712849617004
59,0.09,0.1,0.14673712849617004
59,0.09,0.2,0.13868850469589233
59,0.12,0.0,0.1364487260580063
59,0.12,0.1,0.1364487260580063
59,0.12,0.2,0.12224162369966507
59,0.15,0.0,0.10894360393285751
59,0.15,0.1,0.10894360393285751
59,0.15,0.2,0.0996689721941948
6,0.0,0.0,0.10917086899280548
6,0.0,0.1,0.10917086899280548
6,0.0,0.2,0.1470910906791687
6,0.03,0.0,0.09844087809324265
6,0.03,0.1,0.09844087809324265
6,0.03,0.2,0.14288178086280823
6,0.06,0.0,0.1256255805492401
6,0.06,0.1,0.1256255805492401
6,0.06,0.2,0.1424567848443985
6,0.09,0.0,0.1482367217540741
6,0.09,0.1,0.1482367217540741
6,0.09,0.2,0.1397022306919098
6,0.12,0.0,0.13743366301059723
6,0.12,0.1,0.13743366301059723
6,0.12,0.2,0.11326821893453598
6,0.15,0.0,0.10758069157600403
6,0.15,0.1,0.10758069157600403
6,0.15,0.2,0.09460031986236572
60,0.0,0.0,0.10424429923295975
60,0.0,0.1,0.10424429923295975
60,0.0,0.2,0.1387154906988144
60,0.03,0.0,0.11652073264122009
60,0.03,0.1,0.11652073264122009
60,0.03,0.2,0.1333153396844864
60,0.06,0.0,0.13520027697086334
60,0.06,0.1,0.13520027697086334
60,0.06,0.2,0.12862707674503326
60,0.09,0.0,0.1400141716003418
60,0.09,0.1,0.1400141716003418
60,0.09,0.2,0.10222708433866501
60,0.12,0.0,0.11832432448863983
60,0.12,0.1,0.11832432448863983
60,0.12,0.2,0.09691924601793289
60,0.15,0.0,0.09793064743280411
60,0.15,0.1,0.09793064743280411
60,0.15,0.2,0.08997948467731476
61,0.0,0.0,0.09699802100658417
61,0.0,0.1,0.09699802100658417
61,0.0,0.2,0.09067412465810776
61,0.03,0.0,0.09328385442495346
61,0.03,0.1,0.09328385442495346
61,0.03,0.2,0.08613727986812592
61,0.06,0.0,0.10816200077533722
61,0.06,0.1,0.10816200077533722
61,0.06,0.2,0.0974949300289154
61,0.09,0.0,0.09187068045139313
61,0.09,0.1,0.09187068045139313
61,0.09,0.2,0.10062974691390991
61,0.12,0.0,0.09611310809850693
61,0.12,0.1,0.09611310809850693
61,0.12,0.2,0.08975554257631302
61,0.15,0.0,0.10195886343717575
61,0.15,0.1,0.10195886343717575
61,0.15,0.2,0.09111756086349487
62,0.0,0.0,0.15987226366996765
62,0.0,0.1,0.15987226366996765
62,0.0,0.2,0.27439799904823303
62,0.03,0.0,0.23040249943733215
62,0.03,0.1,0.23040249943733215
62,0.03,0.2,0.2804080545902252
62,0.06,0.0,0.2823428213596344
62,0.06,0.1,0.2823428213596344
62,0.06,0.2,0.2603508532047272
62,0.09,0.0,0.2880435585975647
62,0.09,0.1,0.2880435585975647
62,0.09,0.2,0.2199469804763794
62,0.12,0.0,0.256037175655365
62,0.12,0.1,0.256037175655365
62,0.12,0.2,0.1692127138376236
62,0.15,0.0,0.17440344393253326
62,0.15,0.1,0.17440344393253326
62,0.15,0.2,0.11643583327531815
63,0.0,0.0,0.10789784044027328
63,0.0,0.1,0.10789784044027328
63,0.0,0.2,0.17807118594646454
63,0.03,0.0,0.12482528388500214
63,0.03,0.1,0.12482528388500214
63,0.03,0.2,0.1912122368812561
63,0.06,0.0,0.15787896513938904
63,0.06,0.1,0.15787896513938904
63,0.06,0.2,0.195569708943367
63,0.09,0.0,0.18239378929138184
63,0.09,0.1,0.18239378929138184
63,0.09,0.2,0.1839085817337036
63,0.12,0.0,0.1910068392753601
63,0.12,0.1,0.1910068392753601
63,0.12,0.2,0.1574125587940216
63,0.15,0.0,0.17856210470199585
63,0.15,0.1,0.17856210470199585
63,0.15,0.2,0.13114728033542633
64,0.0,0.0,0.08316120505332947
64,0.0,0.1,0.08316120505332947
64,0.0,0.2,0.16011735796928406
64,0.03,0.0,0.11294093728065491
64,0.03,0.1,0.11294093728065491
64,0.03,0.2,0.17758235335350037
64,0.06,0.0,0.14681248366832733
64,0.06,0.1,0.14681248366832733
64,0.06,0.2,0.1693268120288849
64,0.09,0.0,0.17248335480690002
64,0.09,0.1,0.17248335480690002
64,0.09,0.2,0.1489657163619995
64,0.12,0.0,0.17867112159729004
64,0.12,0.1,0.17867112159729004
64,0.12,0.2,0.13067825138568878
64,0.15,0.0,0.15278269350528717
64,0.15,0.1,0.15278269350528717
64,0.15,0.2,0.09947125613689423
65,0.0,0.0,0.08287122845649719
65,0.0,0.1,0.08287122845649719
65,0.0,0.2,0.08692433685064316
65,0.03,0.0,0.08782123029232025
65,0.03,0.1,0.08782123029232025
65,0.03,0.2,0.08527614921331406
65,0.06,0.0,0.09037017822265625
65,0.06,0.1,0.09037017822265625
65,0.06,0.2,0.08803640305995941
65,0.09,0.0,0.08838396519422531
65,0.09,0.1,0.08838396519422531
65,0.09,0.2,0.08976675570011139
65,0.12,0.0,0.08869318664073944
65,0.12,0.1,0.08869318664073944
65,0.12,0.2,0.0761343240737915
65,0.15,0.0,0.08701031655073166
65,0.15,0.1,0.08701031655073166
65,0.15,0.2,0.08171350508928299
66,0.0,0.0,0.10197215527296066
66,0.0,0.1,0.10197215527296066
66,0.0,0.2,0.1503003090620041
66,0.03,0.0,0.15656909346580505
66,0.03,0.1,0.15656909346580505
66,0.03,0.2,0.13647036254405975
66,0.06,0.0,0.19646425545215607
66,0.06,0.1,0.19646425545215607
66,0.06,0.2,0.11214922368526459
66,0.09,0.0,0.1957329511642456
66,0.09,0.1,0.1957329511642456
66,0.09,0.2,0.10178268700838089
66,0.12,0.0,0.12958866357803345
66,0.12,0.1,0.12958866357803345
66,0.12,0.2,0.10455241054296494
66,0.15,0.0,0.10618534684181213
66,0.15,0.1,0.10618534684181213
66,0.15,0.2,0.115864597260952
67,0.0,0.0,0.12574580311775208
67,0.0,0.1,0.12574580311775208
67,0.0,0.2,0.2619131803512573
67,0.03,0.0,0.17467519640922546
67,0.03,0.1,0.17467519640922546
67,0.03,0.2,0.2899289131164551
67,0.06,0.0,0.23469479382038116
67,0.06,0.1,0.23469479382038116
67,0.06,0.2,0.30086246132850647
67,0.09,0.0,0.2717052698135376
67,0.09,0.1,0.2717052698135376
67,0.09,0.2,0.27678415179252625
67,0.12,0.0,0.2943410873413086
67,0.12,0.1,0.2943410873413086
67,0.12,0.2,0.23307384550571442
67,0.15,0.0,0.2747299075126648
67,0.15,0.1,0.2747299075126648
67,0.15,0.2,0.17008155584335327
68,0.0,0.0,0.11229225993156433
68,0.0,0.1,0.11229225993156433
68,0.0,0.2,0.16439029574394226
68,0.03,0.0,0.13059917092323303
68,0.03,0.1,0.13059917092323303
68,0.03,0.2,0.15861183404922485
68,0.06,0.0,0.1554178148508072
68,0.06,0.1,0.1554178148508072
68,0.06,0.2,0.14605802297592163
68,0.09,0.0,0.16406825184822083
68,0.09,0.1,0.16406825184822083
68,0.09,0.2,0.1387995183467865
68,0.12,0.0,0.1467147171497345
68,0.12,0.1,0.1467147171497345
68,0.12,0.2,0.12223417311906815
68,0.15,0.0,0.11379123479127884
68,0.15,0.1,0.11379123479127884
68,0.15,0.2,0.09771567583084106
69,0.0,0.0,0.10120274871587753
69,0.0,0.1,0.10120274871587753
69,0.0,0.2,0.11656191945075989
69,0.03,0.0,0.10544630140066147
69,0.03,0.1,0.10544630140066147
69,0.03,0.2,0.11016169935464859
69,0.06,0.0,0.10684621334075928
69,0.06,0.1,0.10684621334075928
69,0.06,0.2,0.12306181341409683
69,0.09,0.0,0.09998907148838043
69,0.09,0.1,0.09998907148838043
69,0.09,0.2,0.1072826236486435
69,0.12,0.0,0.10948703438043594
69,0.12,0.1,0.10948703438043594
69,0.12,0.2,0.13387463986873627
69,0.15,0.0,0.1084783598780632
69,0.15,0.1,0.1084783598780632
69,0.15,0.2,0.12512357532978058
7,0.0,0.0,0.11081749200820923
7,0.0,0.1,0.11081749200820923
7,0.0,0.2,0.08945804834365845
7,0.03,0.0,0.08857740461826324
7,0.03,0.1,0.08857740461826324
7,0.03,0.2,0.08169690519571304
7,0.06,0.0,0.0835648775100708
7,0.06,0.1,0.0835648775100708
7,0.06,0.2,0.09226466715335846
7,0.09,0.0,0.09541770070791245
7,0.09,0.1,0.09541770070791245
7,0.09,0.2,0.08522952347993851
7,0.12,0.0,0.0923764556646347
7,0.12,0.1,0.0923764556646347
7,0.12,0.2,0.08490760624408722
7,0.15,0.0,0.09326853603124619
7,0.15,0.1,0.09326853603124619
7,0.15,0.2,0.0981186181306839
70,0.0,0.0,0.09158589690923691
70,0.0,0.1,0.09158589690923691
70,0.0,0.2,0.19147664308547974
70,0.03,0.0,0.13591714203357697
70,0.03,0.1,0.13591714203357697
70,0.03,0.2,0.20792409777641296
70,0.06,0.0,0.1670544594526291
70,0.06,0.1,0.1670544594526291
70,0.06,0.2,0.20521873235702515
70,0.09,0.0,0.18923914432525635
70,0.09,0.1,0.18923914432525635
70,0.09,0.2,0.1926610767841339
70,0.12,0.0,0.20982196927070618
70,0.12,0.1,0.20982196927070618
70,0.12,0.2,0.17558908462524414
70,0.15,0.0,0.1851058006286621
70,0.15,0.1,0.1851058006286621
70,0.15,0.2,0.1461051106452942
71,0.0,0.0,0.09730412811040878
71,0.0,0.1,0.09730412811040878
71,0.0,0.2,0.16891935467720032
71,0.03,0.0,0.11039764434099197
71,0.03,0.1,0.11039764434099197
71,0.03,0.2,0.1862930804491043
71,0.06,0.0,0.16133011877536774
71,0.06,0.1,0.16133011877536774
71,0.06,0.2,0.19100339710712433
71,0.09,0.0,0.18231934309005737
71,0.09,0.1,0.18231934309005737
71,0.09,0.2,0.17280197143554688
71,0.12,0.0,0.18397720158100128
71,0.12,0.1,0.18397720158100128
71,0.12,0.2,0.14514274895191193
71,0.15,0.0,0.1455254703760147
71,0.15,0.1,0.1455254703760147
71,0.15,0.2,0.10538832098245621
72,0.0,0.0,0.09413469582796097
72,0.0,0.1,0.09413469582796097
72,0.0,0.2,0.09630156308412552
72,0.03,0.0,0.08340770751237869
72,0.03,0.1,0.08340770751237869
72,0.03,0.2,0.09280965477228165
72,0.06,0.0,0.086348757147789
72,0.06,0.1,0.086348757147789
72,0.06,0.2,0.09747499972581863
72,0.09,0.0,0.09115857630968094
72,0.09,0.1,0.09115857630968094
72,0.09,0.2,0.10009783506393433
72,0.12,0.0,0.09155929088592529
72,0.12,0.1,0.09155929088592529
72,0.12,0.2,0.0997648611664772
72,0.15,0.0,0.10539057850837708
72,0.15,0.1,0.10539057850837708
72,0.15,0.2,0.09657178074121475
73,0.0,0.0,0.0973033681511879
73,0.0,0.1,0.0973033681511879
73,0.0,0.2,0.1309792548418045
73,0.03,0.0,0.11576484888792038
73,0.03,0.1,0.11576484888792038
73,0.03,0.2,0.10478782653808594
73,0.06,0.0,0.16345399618148804
73,0.06,0.1,0.16345399618148804
73,0.06,0.2,0.0842200517654419
73,0.09,0.0,0.17740972340106964
73,0.09,0.1,0.17740972340106964
73,0.09,0.2,0.11253426969051361
73,0.12,0.0,0.1255984902381897
73,0.12,0.1,0.1255984902381897
73,0.12,0.2,0.12217624485492706
73,0.15,0.0,0.1218489408493042
73,0.15,0.1,0.1218489408493042
73,0.15,0.2,0.13433051109313965
74,0.0,0.0,0.11732850968837738
74,0.0,0.1,0.11732850968837738
74,0.0,0.2,0.1912250965833664
74,0.03,0.0,0.17411325871944427
74,0.03,0.1,0.17411325871944427
74,0.03,0.2,0.19246134161949158
74,0.06,0.0,0.19708962738513947
74,0.06,0.1,0.19708962738513947
74,0.06,0.2,0.18730056285858154
74,0.09,0.0,0.20739294588565826
74,0.09,0.1,0.20739294588565826
74,0.09,0.2,0.17519302666187286
74,0.12,0.0,0.19127480685710907
74,0.12,0.1,0.19127480685710907
74,0.12,0.2,0.15727247297763824
74,0.15,0.0,0.1342759132385254
74,0.15,0.1,0.1342759132385254
74,0.15,0.2,0.11762228608131409
75,0.0,0.0,0.09422647207975388
75,0.0,0.1,0.09422647207975388
75,0.0,0.2,0.09741603583097458
75,0.03,0.0,0.09111697971820831
75,0.03,0.1,0.09111697971820831
75,0.03,0.2,0.11099009215831757
75,0.06,0.0,0.09440148621797562
75,0.06,0.1,0.09440148621797562
75,0.06,0.2,0.09194858372211456
75,0.09,0.0,0.09451506286859512
75,0.09,0.1,0.09451506286859512
75,0.09,0.2,0.08700697124004364
75,0.12,0.0,0.09930639714002609
75,0.12,0.1,0.09930639714002609
75,0.12,0.2,0.10235114395618439
75,0.15,0.0,0.09466125071048737
75,0.15,0.1,0.09466125071048737
75,0.15,0.2,0.09331702440977097
76,0.0,0.0,0.0834926962852478
76,0.0,0.1,0.0834926962852478
76,0.0,0.2,0.14760540425777435
76,0.03,0.0,0.09134666621685028
76,0.03,0.1,0.09134666621685028
76,0.03,0.2,0.14747321605682373
76,0.06,0.0,0.12153620272874832
76,0.06,0.1,0.12153620272874832
76,0.06,0.2,0.14860522747039795
76,0.09,0.0,0.16347798705101013
76,0.09,0.1,0.16347798705101013
76,0.09,0.2,0.15522222220897675
76,0.12,0.0,0.16820991039276123
76,0.12,0.1,0.16820991039276123
76,0.12,0.2,0.14092449843883514
76,0.15,0.0,0.12919576466083527
76,0.15,0.1,0.12919576466083527
76,0.15,0.2,0.09960563480854034
77,0.0,0.0,0.09976176172494888
77,0.0,0.1,0.09976176172494888
77,0.0,0.2,0.14713382720947266
77,0.03,0.0,0.11108634620904922
77,0.03,0.1,0.11108634620904922
77,0.03,0.2,0.1567850559949875
77,0.06,0.0,0.12235437333583832
77,0.06,0.1,0.12235437333583832
77,0.06,0.2,0.15446797013282776
77,0.09,0.0,0.12703126668930054
77,0.09,0.1,0.12703126668930054
77,0.09,0.2,0.1437661200761795
77,0.12,0.0,0.13934658467769623
77,0.12,0.1,0.13934658467769623
77,0.12,0.2,0.12956862151622772
77,0.15,0.0,0.1386740505695343
77,0.15,0.1,0.1386740505695343
77,0.15,0.2,0.1134718656539917
78,0.0,0.0,0.11353174597024918
78,0.0,0.1,0.11353174597024918
78,0.0,0.2,0.143510103225708
78,0.03,0.0,0.11790546029806137
78,0.03,0.1,0.11790546029806137
78,0.03,0.2,0.14373356103897095
78,0.06,0.0,0.12231584638357162
78,0.06,0.1,0.12231584638357162
78,0.06,0.2,0.1209685355424881
78,0.09,0.0,0.13619175553321838
78,0.09,0.1,0.13619175553321838
78,0.09,0.2,0.10870374739170074
78,0.12,0.0,0.12232806533575058
78,0.12,0.1,0.12232806533575058
78,0.12,0.2,0.1086336299777031
78,0.15,0.0,0.09444401413202286
78,0.15,0.1,0.09444401413202286
78,0.15,0.2,0.08138050884008408
79,0.0,0.0,0.12987641990184784
79,0.0,0.1,0.12987641990184784
79,0.0,0.2,0.1288895159959793
79,0.03,0.0,0.10568289458751678
79,0.03,0.1,0.10568289458751678
79,0.03,0.2,0.11469873040914536
79,0.06,0.0,0.12687474489212036
79,0.06,0.1,0.12687474489212036
79,0.06,0.2,0.1298346370458603
79,0.09,0.0,0.12512628734111786
79,0.09,0.1,0.12512628734111786
79,0.09,0.2,0.12029442191123962
79,0.12,0.0,0.11056835204362869
79,0.12,0.1,0.11056835204362869
79,0.12,0.2,0.1263512223958969
79,0.15,0.0,0.09627338498830795
79,0.15,0.1,0.09627338498830795
79,0.15,0.2,0.1503155678510666
8,0.0,0.0,0.0860607698559761
8,0.0,0.1,0.0860607698559761
8,0.0,0.2,0.08847492188215256
8,0.03,0.0,0.1255388706922531
8,0.03,0.1,0.1255388706922531
8,0.03,0.2,0.08791135996580124
8,0.06,0.0,0.09789180755615234
8,0.06,0.1,0.09789180755615234
8,0.06,0.2,0.08674561977386475
8,0.09,0.0,0.09753835201263428
8,0.09,0.1,0.09753835201263428
8,0.09,0.2,0.0901726484298706
8,0.12,0.0,0.09279637038707733
8,0.12,0.1,0.09279637038707733
8,0.12,0.2,0.08817897737026215
8,0.15,0.0,0.09410353749990463
8,0.15,0.1,0.09410353749990463
8,0.15,0.2,0.09163535386323929
80,0.0,0.0,0.08507244288921356
80,0.0,0.1,0.08507244288921356
80,0.0,0.2,0.14561727643013
80,0.03,0.0,0.09960979968309402
80,0.03,0.1,0.09960979968309402
80,0.03,0.2,0.15994207561016083
80,0.06,0.0,0.13348713517189026
80,0.06,0.1,0.13348713517189026
80,0.06,0.2,0.16410872340202332
80,0.09,0.0,0.14856329560279846
80,0.09,0.1,0.14856329560279846
80,0.09,0.2,0.15814964473247528
80,0.12,0.0,0.16019703447818756
80,0.12,0.1,0.16019703447818756
80,0.12,0.2,0.13124904036521912
80,0.15,0.0,0.1459711343050003
80,0.15,0.1,0.1459711343050003
80,0.15,0.2,0.09748827666044235
81,0.0,0.0,0.12330207973718643
81,0.0,0.1,0.12330207973718643
81,0.0,0.2,0.14206238090991974
81,0.03,0.0,0.11276191473007202
81,0.03,0.1,0.11276191473007202
81,0.03,0.2,0.12820003926753998
81,0.06,0.0,0.10532324761152267
81,0.06,0.1,0.10532324761152267
81,0.06,0.2,0.12019538134336472
81,0.09,0.0,0.10836941003799438
81,0.09,0.1,0.10836941003799438
81,0.09,0.2,0.11432468891143799
81,0.12,0.0,0.10741601139307022
81,0.12,0.1,0.10741601139307022
81,0.12,0.2,0.10742896050214767
81,0.15,0.0,0.09072547405958176
81,0.15,0.1,0.09072547405958176
81,0.15,0.2,0.09596281498670578
82,0.0,0.0,0.09445125609636307
82,0.0,0.1,0.09445125609636307
82,0.0,0.2,0.1488940566778183
82,0.03,0.0,0.10776568949222565
82,0.03,0.1,0.10776568949222565
82,0.03,0.2,0.13638357818126678
82,0.06,0.0,0.13187777996063232
82,0.06,0.1,0.13187777996063232
82,0.06,0.2,0.12025021016597748
82,0.09,0.0,0.13961893320083618
82,0.09,0.1,0.13961893320083618
82,0.09,0.2,0.10927378386259079
82,0.12,0.0,0.1310225874185562
82,0.12,0.1,0.1310225874185562
82,0.12,0.2,0.10179246217012405
82,0.15,0.0,0.09540171921253204
82,0.15,0.1,0.09540171921253204
82,0.15,0.2,0.08793080598115921
83,0.0,0.0,0.08995016664266586
83,0.0,0.1,0.08995016664266586
83,0.0,0.2,0.15565729141235352
83,0.03,0.0,0.15249790251255035
83,0.03,0.1,0.15249790251255035
83,0.03,0.2,0.13194036483764648
83,0.06,0.0,0.1890818327665329
83,0.06,0.1,0.1890818327665329
83,0.06,0.2,0.10777153819799423
83,0.09,0.0,0.17106002569198608
83,0.09,0.1,0.17106002569198608
83,0.09,0.2,0.09932906180620193
83,0.12,0.0,0.10605073720216751
83,0.12,0.1,0.10605073720216751
83,0.12,0.2,0.0831359326839447
83,0.15,0.0,0.10590679198503494
83,0.15,0.1,0.10590679198503494
83,0.15,0.2,0.12260863929986954
84,0.0,0.0,0.11530599743127823
84,0.0,0.1,0.11530599743127823
84,0.0,0.2,0.15123583376407623
84,0.03,0.0,0.1288520246744156
84,0.03,0.1,0.1288520246744156
84,0.03,0.2,0.15870797634124756
84,0.06,0.0,0.12718799710273743
84,0.06,0.1,0.12718799710273743
84,0.06,0.2,0.15549235045909882
84,0.09,0.0,0.12873852252960205
84,0.09,0.1,0.12873852252960205
84,0.09,0.2,0.13676373660564423
84,0.12,0.0,0.1317322701215744
84,0.12,0.1,0.1317322701215744
84,0.12,0.2,0.11981229484081268
84,0.15,0.0,0.12430392950773239
84,0.15,0.1,0.12430392950773239
84,0.15,0.2,0.12588922679424286
85,0.0,0.0,0.09412915259599686
85,0.0,0.1,0.09412915259599686
85,0.0,0.2,0.17081603407859802
85,0.03,0.0,0.11909955739974976
85,0.03,0.1,0.11909955739974976
85,0.03,0.2,0.1825048327445984
85,0.06,0.0,0.16113469004631042
85,0.06,0.1,0.16113469004631042
85,0.06,0.2,0.19119574129581451
85,0.09,0.0,0.1742112934589386
85,0.09,0.1,0.1742112934589386
85,0.09,0.2,0.18068909645080566
85,0.12,0.0,0.1767827868461609
85,0.12,0.1,0.1767827868461609
85,0.12,0.2,0.15664471685886383
85,0.15,0.0,0.1472046822309494
85,0.15,0.1,0.1472046822309494
85,0.15,0.2,0.12171176075935364
86,0.0,0.0,0.09356411546468735
86,0.0,0.1,0.09356411546468735
86,0.0,0.2,0.11402028053998947
86,0.03,0.0,0.0846870094537735
86,0.03,0.1,0.0846870094537735
86,0.03,0.2,0.12614737451076508
86,0.06,0.0,0.13865405321121216
86,0.06,0.1,0.13865405321121216
86,0.06,0.2,0.10857805609703064
86,0.09,0.0,0.1611977219581604
86,0.09,0.1,0.1611977219581604
86,0.09,0.2,0.09216783940792084
86,0.12,0.0,0.14397239685058594
86,0.12,0.1,0.14397239685058594
86,0.12,0.2,0.09982408583164215
86,0.15,0.0,0.09108269214630127
86,0.15,0.1,0.09108269214630127
86,0.15,0.2,0.07988762855529785
87,0.0,0.0,0.10779467225074768
87,0.0,0.1,0.10779467225074768
87,0.0,0.2,0.14163489639759064
87,0.03,0.0,0.14388303458690643
87,0.03,0.1,0.14388303458690643
87,0.03,0.2,0.16008996963500977
87,0.06,0.0,0.16808661818504333
87,0.06,0.1,0.16808661818504333
87,0.06,0.2,0.16070322692394257
87,0.09,0.0,0.17835240066051483
87,0.09,0.1,0.17835240066051483
87,0.09,0.2,0.1671772003173828
87,0.12,0.0,0.15989966690540314
87,0.12,0.1,0.15989966690540314
87,0.12,0.2,0.11002244800329208
87,0.15,0.0,0.13233797252178192
87,0.15,0.1,0.13233797252178192
87,0.15,0.2,0.09705545753240585
88,0.0,0.0,0.08714780956506729
88,0.0,0.1,0.08714780956506729
88,0.0,0.2,0.11380195617675781
88,0.03,0.0,0.09236069768667221
88,0.03,0.1,0.09236069768667221
88,0.03,0.2,0.11320490390062332
88,0.06,0.0,0.08360420912504196
88,0.06,0.1,0.08360420912504196
88,0.06,0.2,0.10262050479650497
88,0.09,0.0,0.09360068291425705
88,0.09,0.1,0.09360068291425705
88,0.09,0.2,0.09260884672403336
88,0.12,0.0,0.09348892420530319
88,0.12,0.1,0.09348892420530319
88,0.12,0.2,0.09214863181114197
88,0.15,0.0,0.08796282857656479
88,0.15,0.1,0.08796282857656479
88,0.15,0.2,0.08923359215259552
89,0.0,0.0,0.11049921810626984
89,0.0,0.1,0.11049921810626984
89,0.0,0.2,0.12568189203739166
89,0.03,0.0,0.10962310433387756
89,0.03,0.1,0.10962310433387756
89,0.03,0.2,0.13489247858524323
89,0.06,0.0,0.11563408374786377
89,0.06,0.1,0.11563408374786377
89,0.06,0.2,0.12570449709892273
89,0.09,0.0,0.13495281338691711
89,0.09,0.1,0.13495281338691711
89,0.09,0.2,0.11036895215511322
89,0.12,0.0,0.1276768147945404
89,0.12,0.1,0.1276768147945404
89,0.12,0.2,0.09614112973213196
89,0.15,0.0,0.11510865390300751
89,0.15,0.1,0.11510865390300751
89,0.15,0.2,0.10138952732086182
9,0.0,0.0,0.11671729385852814
9,0.0,0.1,0.11671729385852814
9,0.0,0.2,0.13768191635608673
9,0.03,0.0,0.11204436421394348
9,0.03,0.1,0.11204436421394348
9,0.03,0.2,0.12343258410692215
9,0.06,0.0,0.09553883224725723
9,0.06,0.1,0.09553883224725723
9,0.06,0.2,0.1011900007724762
9,0.09,0.0,0.08711392432451248
9,0.09,0.1,0.08711392432451248
9,0.09,0.2,0.10046897828578949
9,0.12,0.0,0.09379340708255768
9,0.12,0.1,0.09379340708255768
9,0.12,0.2,0.09058515727519989
9,0.15,0.0,0.08420951664447784
9,0.15,0.1,0.08420951664447784
9,0.15,0.2,0.08938762545585632
90,0.0,0.0,0.09017814695835114
90,0.0,0.1,0.09017814695835114
90,0.0,0.2,0.11640529334545135
90,0.03,0.0,0.08941687643527985
90,0.03,0.1,0.08941687643527985
90,0.03,0.2,0.12150323390960693
90,0.06,0.0,0.08966229856014252
90,0.06,0.1,0.08966229856014252
90,0.06,0.2,0.10965196788311005
90,0.09,0.0,0.09831712394952774
90,0.09,0.1,0.09831712394952774
90,0.09,0.2,0.10727013647556305
90,0.12,0.0,0.1145537868142128
90,0.12,0.1,0.1145537868142128
90,0.12,0.2,0.09453464299440384
90,0.15,0.0,0.10564844310283661
90,0.15,0.1,0.10564844310283661
90,0.15,0.2,0.08928456902503967
91,0.0,0.0,0.09765864908695221
91,0.0,0.1,0.09765864908695221
91,0.0,0.2,0.09624694287776947
91,0.03,0.0,0.09540088474750519
91,0.03,0.1,0.09540088474750519
91,0.03,0.2,0.09082882106304169
91,0.06,0.0,0.09905822575092316
91,0.06,0.1,0.09905822575092316
91,0.06,0.2,0.09972942620515823
91,0.09,0.0,0.11811992526054382
91,0.09,0.1,0.11811992526054382
91,0.09,0.2,0.08832725137472153
91,0.12,0.0,0.11664749681949615
91,0.12,0.1,0.11664749681949615
91,0.12,0.2,0.09269773960113525
91,0.15,0.0,0.087832011282444
91,0.15,0.1,0.087832011282444
91,0.15,0.2,0.08227387070655823
92,0.0,0.0,0.11438829451799393
92,0.0,0.1,0.11438829451799393
92,0.0,0.2,0.10874482989311218
92,0.03,0.0,0.1075807586312294
92,0.03,0.1,0.1075807586312294
92,0.03,0.2,0.10837947577238083
92,0.06,0.0,0.0950918197631836
92,0.06,0.1,0.0950918197631836
92,0.06,0.2,0.11466868221759796
92,0.09,0.0,0.0937260240316391
92,0.09,0.1,0.0937260240316391
92,0.09,0.2,0.11315406858921051
92,0.12,0.0,0.09913541376590729
92,0.12,0.1,0.09913541376590729
92,0.12,0.2,0.10786203294992447
92,0.15,0.0,0.10925710946321487
92,0.15,0.1,0.10925710946321487
92,0.15,0.2,0.10318257659673691
93,0.0,0.0,0.08191784471273422
93,0.0,0.1,0.08191784471273422
93,0.0,0.2,0.09075748175382614
93,0.03,0.0,0.08484870940446854
93,0.03,0.1,0.08484870940446854
93,0.03,0.2,0.10050121694803238
93,0.06,0.0,0.09934709966182709
93,0.06,0.1,0.09934709966182709
93,0.06,0.2,0.10136470198631287
93,0.09,0.0,0.092351533472538
93,0.09,0.1,0.092351533472538
93,0.09,0.2,0.08341427147388458
93,0.12,0.0,0.09396455436944962
93,0.12,0.1,0.09396455436944962
93,0.12,0.2,0.10082322359085083
93,0.15,0.0,0.10011446475982666
93,0.15,0.1,0.10011446475982666
93,0.15,0.2,0.11355771124362946
94,0.0,0.0,0.13804657757282257
94,0.0,0.1,0.13804657757282257
94,0.0,0.2,0.202067032456398
94,0.03,0.0,0.1783813238143921
94,0.03,0.1,0.1783813238143921
94,0.03,0.2,0.2158360779285431
94,0.06,0.0,0.20044389367103577
94,0.06,0.1,0.20044389367103577
94,0.06,0.2,0.19414757192134857
94,0.09,0.0,0.21388185024261475
94,0.09,0.1,0.21388185024261475
94,0.09,0.2,0.1680864840745926
94,0.12,0.0,0.21798956394195557
94,0.12,0.1,0.21798956394195557
94,0.12,0.2,0.16547268629074097
94,0.15,0.0,0.1980160027742386
94,0.15,0.1,0.1980160027742386
94,0.15,0.2,0.1385081559419632
95,0.0,0.0,0.10632053762674332
95,0.0,0.1,0.10632053762674332
95,0.0,0.2,0.1479673534631729
95,0.03,0.0,0.12412800639867783
95,0.03,0.1,0.12412800639867783
95,0.03,0.2,0.14170466363430023
95,0.06,0.0,0.15924666821956635
95,0.06,0.1,0.15924666821956635
95,0.06,0.2,0.14750638604164124
95,0.09,0.0,0.16201342642307281
95,0.09,0.1,0.16201342642307281
95,0.09,0.2,0.14364267885684967
95,0.12,0.0,0.1407235711812973
95,0.12,0.1,0.1407235711812973
95,0.12,0.2,0.11011316627264023
95,0.15,0.0,0.1032400131225586
95,0.15,0.1,0.1032400131225586
95,0.15,0.2,0.10045931488275528
96,0.0,0.0,0.1188659593462944
96,0.0,0.1,0.1188659593462944
96,0.0,0.2,0.1162124052643776
96,0.03,0.0,0.10908230394124985
96,0.03,0.1,0.10908230394124985
96,0.03,0.2,0.11964922398328781
96,0.06,0.0,0.10318082571029663
96,0.06,0.1,0.10318082571029663
96,0.06,0.2,0.10533372312784195
96,0.09,0.0,0.10207045823335648
96,0.09,0.1,0.10207045823335648
96,0.09,0.2,0.10667281597852707
96,0.12,0.0,0.09482872486114502
96,0.12,0.1,0.09482872486114502
96,0.12,0.2,0.10026942193508148
96,0.15,0.0,0.08719461411237717
96,0.15,0.1,0.08719461411237717
96,0.15,0.2,0.09080027043819427
97,0.0,0.0,0.15965281426906586
97,0.0,0.1,0.15965281426906586
97,0.0,0.2,0.2302275151014328
97,0.03,0.0,0.20548011362552643
97,0.03,0.1,0.20548011362552643
97,0.03,0.2,0.22266212105751038
97,0.06,0.0,0.22015663981437683
97,0.06,0.1,0.22015663981437683
97,0.06,0.2,0.19653628766536713
97,0.09,0.0,0.22175142168998718
97,0.09,0.1,0.22175142168998718
97,0.09,0.2,0.16554412245750427
97,0.12,0.0,0.2026033103466034
97,0.12,0.1,0.2026033103466034
97,0.12,0.2,0.13655643165111542
97,0.15,0.0,0.1662754863500595
97,0.15,0.1,0.1662754863500595
97,0.15,0.2,0.10912393778562546
98,0.0,0.0,0.08704705536365509
98,0.0,0.1,0.08704705536365509
98,0.0,0.2,0.08957036584615707
98,0.03,0.0,0.09265854954719543
98,0.03,0.1,0.09265854954719543
98,0.03,0.2,0.10879068821668625
98,0.06,0.0,0.09294534474611282
98,0.06,0.1,0.09294534474611282
98,0.06,0.2,0.09987147897481918
98,0.09,0.0,0.10377394407987595
98,0.09,0.1,0.10377394407987595
98,0.09,0.2,0.11812625080347061
98,0.12,0.0,0.10458649694919586
98,0.12,0.1,0.10458649694919586
98,0.12,0.2,0.11157851666212082
98,0.15,0.0,0.10427973419427872
98,0.15,0.1,0.10427973419427872
98,0.15,0.2,0.09840402007102966
99,0.0,0.0,0.09957680106163025
99,0.0,0.1,0.09957680106163025
99,0.0,0.2,0.16427886486053467
99,0.03,0.0,0.10119933634996414
99,0.03,0.1,0.10119933634996414
99,0.03,0.2,0.16639916598796844
99,0.06,0.0,0.11709784716367722
99,0.06,0.1,0.11709784716367722
99,0.06,0.2,0.16934695839881897
99,0.09,0.0,0.149063378572464
99,0.09,0.1,0.149063378572464
99,0.09,0.2,0.16881029307842255
99,0.12,0.0,0.1677790731191635
99,0.12,0.1,0.1677790731191635
99,0.12,0.2,0.15159623324871063
99,0.15,0.0,0.16075512766838074
99,0.15,0.1,0.16075512766838074
99,0.15,0.2,0.11749029904603958
