unit_id,delay,duration,abs_max_value
0,0.0,0.0,0.11748107522726059
0,0.0,0.1,0.11748107522726059
0,0.0,0.2,0.10720495134592056
0,0.03,0.0,0.15519246459007263
0,0.03,0.1,0.15519246459007263
0,0.03,0.2,0.12154043465852737
0,0.06,0.0,0.11446093767881393
0,0.06,0.1,0.11446093767881393
0,0.06,0.2,0.10138168931007385
0,0.09,0.0,0.10581918805837631
0,0.09,0.1,0.10581918805837631
0,0.09,0.2,0.10302913933992386
0,0.12,0.0,0.1326368749141693
0,0.12,0.1,0.1326368749141693
0,0.12,0.2,0.10200700908899307
0,0.15,0.0,0.10449440777301788
0,0.15,0.1,0.10449440777301788
0,0.15,0.2,0.10706361383199692
1,0.0,0.0,0.09691052883863449
1,0.0,0.1,0.09691052883863449
1,0.0,0.2,0.11385191977024078
1,0.03,0.0,0.09966190904378891
1,0.03,0.1,0.09966190904378891
1,0.03,0.2,0.10657095164060593
1,0.06,0.0,0.1045641377568245
1,0.06,0.1,0.1045641377568245
1,0.06,0.2,0.095432348549366
1,0.09,0.0,0.11551061272621155
1,0.09,0.1,0.11551061272621155
1,0.09,0.2,0.09302850067615509
1,0.12,0.0,0.10429423302412033
1,0.12,0.1,0.10429423302412033
1,0.12,0.2,0.08755706250667572
1,0.15,0.0,0.09761850535869598
1,0.15,0.1,0.09761850535869598
1,0.15,0.2,0.0849076509475708
10,0.0,0.0,0.0901484340429306
10,0.0,0.1,0.0901484340429306
10,0.0,0.2,0.07950688153505325
10,0.03,0.0,0.08229813724756241
10,0.03,0.1,0.08229813724756241
10,0.03,0.2,0.08995752781629562
10,0.06,0.0,0.09651792049407959
10,0.06,0.1,0.09651792049407959
10,0.06,0.2,0.09284035116434097
10,0.09,0.0,0.09149827063083649
10,0.09,0.1,0.09149827063083649
10,0.09,0.2,0.09305586665868759
10,0.12,0.0,0.07950110733509064
10,0.12,0.1,0.07950110733509064
10,0.12,0.2,0.08870662748813629
10,0.15,0.0,0.09022257477045059
10,0.15,0.1,0.09022257477045059
10,0.15,0.2,0.09180673211812973
100,0.0,0.0,0.10014060884714127
100,0.0,0.1,0.10014060884714127
100,0.0,0.2,0.14793992042541504
100,0.03,0.0,0.11318663507699966
100,0.03,0.1,0.11318663507699966
100,0.03,0.2,0.1559636890888214
100,0.06,0.0,0.1426735520362854
100,0.06,0.1,0.1426735520362854
100,0.06,0.2,0.15547233819961548
100,0.09,0.0,0.15732771158218384
100,0.09,0.1,0.15732771158218384
100,0.09,0.2,0.15235161781311035
100,0.12,0.0,0.15239405632019043
100,0.12,0.1,0.15239405632019043
100,0.12,0.2,0.137350395321846
100,0.15,0.0,0.12084650993347168
100,0.15,0.1,0.12084650993347168
100,0.15,0.2,0.1144198477268219
101,0.0,0.0,0.12048053741455078
101,0.0,0.1,0.12048053741455078
101,0.0,0.2,0.2142634242773056
101,0.03,0.0,0.1648656278848648
101,0.03,0.1,0.1648656278848648
101,0.03,0.2,0.22589869797229767
101,0.06,0.0,0.21070095896720886
101,0.06,0.1,0.21070095896720886
101,0.06,0.2,0.22693142294883728
101,0.09,0.0,0.23200558125972748
101,0.09,0.1,0.23200558125972748
101,0.09,0.2,0.19879169762134552
101,0.12,0.0,0.21950842440128326
101,0.12,0.1,0.21950842440128326
101,0.12,0.2,0.15783025324344635
101,0.15,0.0,0.17710371315479279
101,0.15,0.1,0.17710371315479279
101,0.15,0.2,0.11203211545944214
102,0.0,0.0,0.10694971680641174
102,0.0,0.1,0.10694971680641174
102,0.0,0.2,0.1209147498011589
102,0.03,0.0,0.11137059330940247
102,0.03,0.1,0.11137059330940247
102,0.03,0.2,0.10882945358753204
102,0.06,0.0,0.11955399811267853
102,0.06,0.1,0.11955399811267853
102,0.06,0.2,0.12233230471611023
102,0.09,0.0,0.11290418356657028
102,0.09,0.1,0.11290418356657028
102,0.09,0.2,0.12153266370296478
102,0.12,0.0,0.0999956876039505
102,0.12,0.1,0.0999956876039505
102,0.12,0.2,0.12277907878160477
102,0.15,0.0,0.10090953856706619
102,0.15,0.1,0.10090953856706619
102,0.15,0.2,0.11823669075965881
103,0.0,0.0,0.10116732120513916
103,0.0,0.1,0.10116732120513916
103,0.0,0.2,0.09378227591514587
103,0.03,0.0,0.08289030194282532
103,0.03,0.1,0.08289030194282532
103,0.03,0.2,0.08742336183786392
103,0.06,0.0,0.088763527572155
103,0.06,0.1,0.088763527572155
103,0.06,0.2,0.0998285785317421
103,0.09,0.0,0.09175290167331696
103,0.09,0.1,0.09175290167331696
103,0.09,0.2,0.08826941251754761
103,0.12,0.0,0.09127910435199738
103,0.12,0.1,0.09127910435199738
103,0.12,0.2,0.10444427281618118
103,0.15,0.0,0.08554107695817947
103,0.15,0.1,0.08554107695817947
103,0.15,0.2,0.09917701035737991
104,0.0,0.0,0.15453222393989563
104,0.0,0.1,0.15453222393989563
104,0.0,0.2,0.18305395543575287
104,0.03,0.0,0.12139789760112762
104,0.03,0.1,0.12139789760112762
104,0.03,0.2,0.1372699737548828
104,0.06,0.0,0.12402857840061188
104,0.06,0.1,0.12402857840061188
104,0.06,0.2,0.10565575957298279
104,0.09,0.0,0.11957672983407974
104,0.09,0.1,0.11957672983407974
104,0.09,0.2,0.11703743040561676
104,0.12,0.0,0.1311730444431305
104,0.12,0.1,0.1311730444431305
104,0.12,0.2,0.10825037956237793
104,0.15,0.0,0.10194423794746399
104,0.15,0.1,0.10194423794746399
104,0.15,0.2,0.14244338870048523
105,0.0,0.0,0.130751833319664
105,0.0,0.1,0.130751833319664
105,0.0,0.2,0.13848167657852173
105,0.03,0.0,0.12241842597723007
105,0.03,0.1,0.12241842597723007
105,0.03,0.2,0.12258021533489227
105,0.06,0.0,0.1460191011428833
105,0.06,0.1,0.1460191011428833
105,0.06,0.2,0.12566585838794708
105,0.09,0.0,0.1164712980389595
105,0.09,0.1,0.1164712980389595
105,0.09,0.2,0.1433245688676834
105,0.12,0.0,0.10892172157764435
105,0.12,0.1,0.10892172157764435
105,0.12,0.2,0.13496974110603333
105,0.15,0.0,0.11090319603681564
105,0.15,0.1,0.11090319603681564
105,0.15,0.2,0.14008109271526337
106,0.0,0.0,0.1331377625465393
106,0.0,0.1,0.1331377625465393
106,0.0,0.2,0.14941191673278809
106,0.03,0.0,0.13991719484329224
106,0.03,0.1,0.13991719484329224
106,0.03,0.2,0.17069044709205627
106,0.06,0.0,0.167782261967659
106,0.06,0.1,0.167782261967659
106,0.06,0.2,0.19080400466918945
106,0.09,0.0,0.151145339012146
106,0.09,0.1,0.151145339012146
106,0.09,0.2,0.17569498717784882
106,0.12,0.0,0.1543309986591339
106,0.12,0.1,0.1543309986591339
106,0.12,0.2,0.163878932595253
106,0.15,0.0,0.14242437481880188
106,0.15,0.1,0.14242437481880188
106,0.15,0.2,0.1397557556629181
107,0.0,0.0,0.09515756368637085
107,0.0,0.1,0.09515756368637085
107,0.0,0.2,0.10899990797042847
107,0.03,0.0,0.10330650210380554
107,0.03,0.1,0.10330650210380554
107,0.03,0.2,0.09830472618341446
107,0.06,0.0,0.11311260610818863
107,0.06,0.1,0.11311260610818863
107,0.06,0.2,0.09289711713790894
107,0.09,0.0,0.10548899322748184
107,0.09,0.1,0.10548899322748184
107,0.09,0.2,0.10337986797094345
107,0.12,0.0,0.1059798002243042
107,0.12,0.1,0.1059798002243042
107,0.12,0.2,0.10511195659637451
107,0.15,0.0,0.11753509938716888
107,0.15,0.1,0.11753509938716888
107,0.15,0.2,0.09534095972776413
108,0.0,0.0,0.09862997382879257
108,0.0,0.1,0.09862997382879257
108,0.0,0.2,0.08959939330816269
108,0.03,0.0,0.08302757889032364
108,0.03,0.1,0.08302757889032364
108,0.03,0.2,0.09224948287010193
108,0.06,0.0,0.10796985030174255
108,0.06,0.1,0.10796985030174255
108,0.06,0.2,0.10289499163627625
108,0.09,0.0,0.10181299597024918
108,0.09,0.1,0.10181299597024918
108,0.09,0.2,0.08889757841825485
108,0.12,0.0,0.08440439403057098
108,0.12,0.1,0.08440439403057098
108,0.12,0.2,0.08509431034326553
108,0.15,0.0,0.09047593921422958
108,0.15,0.1,0.09047593921422958
108,0.15,0.2,0.09235348552465439
109,0.0,0.0,0.166094109416008
109,0.0,0.1,0.166094109416008
109,0.0,0.2,0.18093867599964142
109,0.03,0.0,0.1762804090976715
109,0.03,0.1,0.1762804090976715
109,0.03,0.2,0.18513938784599304
109,0.06,0.0,0.1417439579963684
109,0.06,0.1,0.1417439579963684
109,0.06,0.2,0.15895284712314606
109,0.09,0.0,0.13501660525798798
109,0.09,0.1,0.13501660525798798
109,0.09,0.2,0.15460136532783508
109,0.12,0.0,0.1563592404127121
109,0.12,0.1,0.1563592404127121
109,0.12,0.2,0.19984252750873566
109,0.15,0.0,0.14002206921577454
109,0.15,0.1,0.14002206921577454
109,0.15,0.2,0.17372514307498932
11,0.0,0.0,0.08466686308383942
11,0.0,0.1,0.08466686308383942
11,0.0,0.2,0.07858429849147797
11,0.03,0.0,0.08336056023836136
11,0.03,0.1,0.08336056023836136
11,0.03,0.2,0.09241171926259995
11,0.06,0.0,0.08249635249376297
11,0.06,0.1,0.08249635249376297
11,0.06,0.2,0.10608994215726852
11,0.09,0.0,0.08701890707015991
11,0.09,0.1,0.08701890707015991
11,0.09,0.2,0.10093384981155396
11,0.12,0.0,0.08011841773986816
11,0.12,0.1,0.08011841773986816
11,0.12,0.2,0.09028668701648712
11,0.15,0.0,0.09660181403160095
11,0.15,0.1,0.09660181403160095
11,0.15,0.2,0.09233787655830383
110,0.0,0.0,0.08454005420207977
110,0.0,0.1,0.08454005420207977
110,0.0,0.2,0.09731975197792053
110,0.03,0.0,0.08287277072668076
110,0.03,0.1,0.08287277072668076
110,0.03,0.2,0.08550512790679932
110,0.06,0.0,0.0935501903295517
110,0.06,0.1,0.0935501903295517
110,0.06,0.2,0.07941766083240509
110,0.09,0.0,0.09204268455505371
110,0.09,0.1,0.09204268455505371
110,0.09,0.2,0.08080293238162994
110,0.12,0.0,0.08298152685165405
110,0.12,0.1,0.08298152685165405
110,0.12,0.2,0.09859263896942139
110,0.15,0.0,0.09311749041080475
110,0.15,0.1,0.09311749041080475
110,0.15,0.2,0.09758715331554413
111,0.0,0.0,0.1391543745994568
111,0.0,0.1,0.1391543745994568
111,0.0,0.2,0.16724608838558197
111,0.03,0.0,0.1482141613960266
111,0.03,0.1,0.1482141613960266
111,0.03,0.2,0.14249423146247864
111,0.06,0.0,0.12444407492876053
111,0.06,0.1,0.12444407492876053
111,0.06,0.2,0.11333923041820526
111,0.09,0.0,0.11182570457458496
111,0.09,0.1,0.11182570457458496
111,0.09,0.2,0.11005779355764389
111,0.12,0.0,0.10618312656879425
111,0.12,0.1,0.10618312656879425
111,0.12,0.2,0.10833059996366501
111,0.15,0.0,0.1027848869562149
111,0.15,0.1,0.1027848869562149
111,0.15,0.2,0.10320933163166046
112,0.0,0.0,0.11573800444602966
112,0.0,0.1,0.11573800444602966
112,0.0,0.2,0.11314612627029419
112,0.03,0.0,0.11155244708061218
112,0.03,0.1,0.11155244708061218
112,0.03,0.2,0.13491298258304596
112,0.06,0.0,0.12834884226322174
112,0.06,0.1,0.12834884226322174
112,0.06,0.2,0.16095976531505585
112,0.09,0.0,0.12470921874046326
112,0.09,0.1,0.12470921874046326
112,0.09,0.2,0.14270664751529694
112,0.12,0.0,0.15831756591796875
112,0.12,0.1,0.15831756591796875
112,0.12,0.2,0.1419280767440796
112,0.15,0.0,0.14290106296539307
112,0.15,0.1,0.14290106296539307
112,0.15,0.2,0.14244608581066132
113,0.0,0.0,0.10680468380451202
113,0.0,0.1,0.10680468380451202
113,0.0,0.2,0.1085665225982666
113,0.03,0.0,0.08937385678291321
113,0.03,0.1,0.08937385678291321
113,0.03,0.2,0.10261339694261551
113,0.06,0.0,0.09472158551216125
113,0.06,0.1,0.09472158551216125
113,0.06,0.2,0.10763616114854813
113,0.09,0.0,0.09166612476110458
113,0.09,0.1,0.09166612476110458
113,0.09,0.2,0.10722699016332626
113,0.12,0.0,0.11258713155984879
113,0.12,0.1,0.11258713155984879
113,0.12,0.2,0.1146489605307579
113,0.15,0.0,0.09898114204406738
113,0.15,0.1,0.09898114204406738
113,0.15,0.2,0.09650105237960815
114,0.0,0.0,0.11790172755718231
114,0.0,0.1,0.11790172755718231
114,0.0,0.2,0.11499414592981339
114,0.03,0.0,0.12298335134983063
114,0.03,0.1,0.12298335134983063
114,0.03,0.2,0.1301453858613968
114,0.06,0.0,0.08725988119840622
114,0.06,0.1,0.08725988119840622
114,0.06,0.2,0.1025257483124733
114,0.09,0.0,0.10194559395313263
114,0.09,0.1,0.10194559395313263
114,0.09,0.2,0.10353122651576996
114,0.12,0.0,0.11357443779706955
114,0.12,0.1,0.11357443779706955
114,0.12,0.2,0.10744895786046982
114,0.15,0.0,0.11613943427801132
114,0.15,0.1,0.11613943427801132
114,0.15,0.2,0.10330352932214737
115,0.0,0.0,0.14292548596858978
115,0.0,0.1,0.14292548596858978
115,0.0,0.2,0.16000795364379883
115,0.03,0.0,0.1396767944097519
115,0.03,0.1,0.1396767944097519
115,0.03,0.2,0.1350487917661667
115,0.06,0.0,0.11630556732416153
115,0.06,0.1,0.11630556732416153
115,0.06,0.2,0.11819165199995041
115,0.09,0.0,0.13736557960510254
115,0.09,0.1,0.13736557960510254
115,0.09,0.2,0.10925397276878357
115,0.12,0.0,0.1160011887550354
115,0.12,0.1,0.1160011887550354
115,0.12,0.2,0.10243603587150574
115,0.15,0.0,0.1000094935297966
115,0.15,0.1,0.1000094935297966
115,0.15,0.2,0.10924259573221207
116,0.0,0.0,0.11536459624767303
116,0.0,0.1,0.11536459624767303
116,0.0,0.2,0.11577852815389633
116,0.03,0.0,0.1105826273560524
116,0.03,0.1,0.1105826273560524
116,0.03,0.2,0.09756437689065933
116,0.06,0.0,0.11389952152967453
116,0.06,0.1,0.11389952152967453
116,0.06,0.2,0.1004231870174408
116,0.09,0.0,0.10517045110464096
116,0.09,0.1,0.10517045110464096
116,0.09,0.2,0.1075102686882019
116,0.12,0.0,0.10104434192180634
116,0.12,0.1,0.10104434192180634
116,0.12,0.2,0.11791569739580154
116,0.15,0.0,0.09183835983276367
116,0.15,0.1,0.09183835983276367
116,0.15,0.2,0.09048959612846375
117,0.0,0.0,0.11506783217191696
117,0.0,0.1,0.11506783217191696
117,0.0,0.2,0.11150617152452469
117,0.03,0.0,0.11005762219429016
117,0.03,0.1,0.11005762219429016
117,0.03,0.2,0.11390437185764313
117,0.06,0.0,0.1125788763165474
117,0.06,0.1,0.1125788763165474
117,0.06,0.2,0.11323842406272888
117,0.09,0.0,0.12061592191457748
117,0.09,0.1,0.12061592191457748
117,0.09,0.2,0.1032852828502655
117,0.12,0.0,0.10996253788471222
117,0.12,0.1,0.10996253788471222
117,0.12,0.2,0.09728540480136871
117,0.15,0.0,0.09288615733385086
117,0.15,0.1,0.09288615733385086
117,0.15,0.2,0.08436816185712814
118,0.0,0.0,0.09681326150894165
118,0.0,0.1,0.09681326150894165
118,0.0,0.2,0.12351246923208237
118,0.03,0.0,0.098640576004982
118,0.03,0.1,0.098640576004982
118,0.03,0.2,0.13100199401378632
118,0.06,0.0,0.1032901182770729
118,0.06,0.1,0.1032901182770729
118,0.06,0.2,0.13306623697280884
118,0.09,0.0,0.11834171414375305
118,0.09,0.1,0.11834171414375305
118,0.09,0.2,0.1324290633201599
118,0.12,0.0,0.11967553198337555
118,0.12,0.1,0.11967553198337555
118,0.12,0.2,0.12444956600666046
118,0.15,0.0,0.10804175585508347
118,0.15,0.1,0.10804175585508347
118,0.15,0.2,0.11155707389116287
119,0.0,0.0,0.10197767615318298
119,0.0,0.1,0.10197767615318298
119,0.0,0.2,0.11356019973754883
119,0.03,0.0,0.10612206906080246
119,0.03,0.1,0.10612206906080246
119,0.03,0.2,0.11197615414857864
119,0.06,0.0,0.10291658341884613
119,0.06,0.1,0.10291658341884613
119,0.06,0.2,0.10706683993339539
119,0.09,0.0,0.10644946992397308
119,0.09,0.1,0.10644946992397308
119,0.09,0.2,0.13180109858512878
119,0.12,0.0,0.09705229848623276
119,0.12,0.1,0.09705229848623276
119,0.12,0.2,0.11603330820798874
119,0.15,0.0,0.10231156647205353
119,0.15,0.1,0.10231156647205353
119,0.15,0.2,0.1236710324883461
12,0.0,0.0,0.08371119201183319
12,0.0,0.1,0.08371119201183319
12,0.0,0.2,0.09938059747219086
12,0.03,0.0,0.0922887995839119
12,0.03,0.1,0.0922887995839119
12,0.03,0.2,0.10215025395154953
12,0.06,0.0,0.09112203866243362
12,0.06,0.1,0.09112203866243362
12,0.06,0.2,0.09421711415052414
12,0.09,0.0,0.11027353256940842
12,0.09,0.1,0.11027353256940842
12,0.09,0.2,0.11836369335651398
12,0.12,0.0,0.10113947838544846
12,0.12,0.1,0.10113947838544846
12,0.12,0.2,0.11393916606903076
12,0.15,0.0,0.08685021102428436
12,0.15,0.1,0.08685021102428436
12,0.15,0.2,0.10793396830558777
120,0.0,0.0,0.09538734704256058
120,0.0,0.1,0.09538734704256058
120,0.0,0.2,0.09562817215919495
120,0.03,0.0,0.0915842205286026
120,0.03,0.1,0.0915842205286026
120,0.03,0.2,0.10359927266836166
120,0.06,0.0,0.10537159442901611
120,0.06,0.1,0.10537159442901611
120,0.06,0.2,0.08840659260749817
120,0.09,0.0,0.0947311595082283
120,0.09,0.1,0.0947311595082283
120,0.09,0.2,0.10693801194429398
120,0.12,0.0,0.10259611904621124
120,0.12,0.1,0.10259611904621124
120,0.12,0.2,0.09241881221532822
120,0.15,0.0,0.09743275493383408
120,0.15,0.1,0.09743275493383408
120,0.15,0.2,0.09667809307575226
121,0.0,0.0,0.11939162015914917
121,0.0,0.1,0.11939162015914917
121,0.0,0.2,0.11983328312635422
121,0.03,0.0,0.10825564712285995
121,0.03,0.1,0.10825564712285995
121,0.03,0.2,0.1180347353219986
121,0.06,0.0,0.1363784670829773
121,0.06,0.1,0.1363784670829773
121,0.06,0.2,0.11118102818727493
121,0.09,0.0,0.13458988070487976
121,0.09,0.1,0.13458988070487976
121,0.09,0.2,0.10799962282180786
121,0.12,0.0,0.10236150771379471
121,0.12,0.1,0.10236150771379471
121,0.12,0.2,0.10138235241174698
121,0.15,0.0,0.10821858793497086
121,0.15,0.1,0.10821858793497086
121,0.15,0.2,0.09963899850845337
122,0.0,0.0,0.09825542569160461
122,0.0,0.1,0.09825542569160461
122,0.0,0.2,0.1091127097606659
122,0.03,0.0,0.10061024874448776
122,0.03,0.1,0.10061024874448776
122,0.03,0.2,0.11081326752901077
122,0.06,0.0,0.08866176754236221
122,0.06,0.1,0.08866176754236221
122,0.06,0.2,0.0980055183172226
122,0.09,0.0,0.09536787867546082
122,0.09,0.1,0.09536787867546082
122,0.09,0.2,0.09652218222618103
122,0.12,0.0,0.10957067459821701
122,0.12,0.1,0.10957067459821701
122,0.12,0.2,0.0935288742184639
122,0.15,0.0,0.08720893412828445
122,0.15,0.1,0.08720893412828445
122,0.15,0.2,0.08979962766170502
123,0.0,0.0,0.09424546360969543
123,0.0,0.1,0.09424546360969543
123,0.0,0.2,0.09303996711969376
123,0.03,0.0,0.08836601674556732
123,0.03,0.1,0.08836601674556732
123,0.03,0.2,0.09956204891204834
123,0.06,0.0,0.11348346620798111
123,0.06,0.1,0.11348346620798111
123,0.06,0.2,0.08920919895172119
123,0.09,0.0,0.13986603915691376
123,0.09,0.1,0.13986603915691376
123,0.09,0.2,0.09388749301433563
123,0.12,0.0,0.13642731308937073
123,0.12,0.1,0.13642731308937073
123,0.12,0.2,0.09734611958265305
123,0.15,0.0,0.10357822477817535
123,0.15,0.1,0.10357822477817535
123,0.15,0.2,0.09269653260707855
124,0.0,0.0,0.09595486521720886
124,0.0,0.1,0.09595486521720886
124,0.0,0.2,0.09405536204576492
124,0.03,0.0,0.09415793418884277
124,0.03,0.1,0.09415793418884277
124,0.03,0.2,0.08663039654493332
124,0.06,0.0,0.09937548637390137
124,0.06,0.1,0.09937548637390137
124,0.06,0.2,0.09783580899238586
124,0.09,0.0,0.0935746431350708
124,0.09,0.1,0.0935746431350708
124,0.09,0.2,0.089772067964077
124,0.12,0.0,0.10906487703323364
124,0.12,0.1,0.10906487703323364
124,0.12,0.2,0.09643295407295227
124,0.15,0.0,0.10263045877218246
124,0.15,0.1,0.10263045877218246
124,0.15,0.2,0.11278671026229858
125,0.0,0.0,0.10964389145374298
125,0.0,0.1,0.10964389145374298
125,0.0,0.2,0.12789562344551086
125,0.03,0.0,0.11236633360385895
125,0.03,0.1,0.11236633360385895
125,0.03,0.2,0.12643921375274658
125,0.06,0.0,0.12089099735021591
125,0.06,0.1,0.12089099735021591
125,0.06,0.2,0.13168270885944366
125,0.09,0.0,0.12048141658306122
125,0.09,0.1,0.12048141658306122
125,0.09,0.2,0.1258140504360199
125,0.12,0.0,0.11088010668754578
125,0.12,0.1,0.11088010668754578
125,0.12,0.2,0.11024119704961777
125,0.15,0.0,0.09959794580936432
125,0.15,0.1,0.09959794580936432
125,0.15,0.2,0.11669953167438507
126,0.0,0.0,0.11673302203416824
126,0.0,0.1,0.11673302203416824
126,0.0,0.2,0.1796351969242096
126,0.03,0.0,0.1385170817375183
126,0.03,0.1,0.1385170817375183
126,0.03,0.2,0.17244571447372437
126,0.06,0.0,0.15086506307125092
126,0.06,0.1,0.15086506307125092
126,0.06,0.2,0.1513199657201767
126,0.09,0.0,0.14895522594451904
126,0.09,0.1,0.14895522594451904
126,0.09,0.2,0.12953217327594757
126,0.12,0.0,0.13354147970676422
126,0.12,0.1,0.13354147970676422
126,0.12,0.2,0.11131101846694946
126,0.15,0.0,0.13008302450180054
126,0.15,0.1,0.13008302450180054
126,0.15,0.2,0.11780039221048355
127,0.0,0.0,0.09034652262926102
127,0.0,0.1,0.09034652262926102
127,0.0,0.2,0.09840109199285507
127,0.03,0.0,0.10188689827919006
127,0.03,0.1,0.10188689827919006
127,0.03,0.2,0.09940066933631897
127,0.06,0.0,0.1340552419424057
127,0.06,0.1,0.1340552419424057
127,0.06,0.2,0.0997680202126503
127,0.09,0.0,0.14790676534175873
127,0.09,0.1,0.14790676534175873
127,0.09,0.2,0.10702059417963028
127,0.12,0.0,0.10619436204433441
127,0.12,0.1,0.10619436204433441
127,0.12,0.2,0.08535310626029968
127,0.15,0.0,0.09263714402914047
127,0.15,0.1,0.09263714402914047
127,0.15,0.2,0.08498405665159225
128,0.0,0.0,0.0900183767080307
128,0.0,0.1,0.0900183767080307
128,0.0,0.2,0.09788546711206436
128,0.03,0.0,0.09922832250595093
128,0.03,0.1,0.09922832250595093
128,0.03,0.2,0.0914115235209465
128,0.06,0.0,0.08811502158641815
128,0.06,0.1,0.08811502158641815
128,0.06,0.2,0.08985228836536407
128,0.09,0.0,0.09403003007173538
128,0.09,0.1,0.09403003007173538
128,0.09,0.2,0.09814856201410294
128,0.12,0.0,0.08875111490488052
128,0.12,0.1,0.08875111490488052
128,0.12,0.2,0.11473684757947922
128,0.15,0.0,0.09655385464429855
128,0.15,0.1,0.09655385464429855
128,0.15,0.2,0.13540470600128174
129,0.0,0.0,0.09333941340446472
129,0.0,0.1,0.09333941340446472
129,0.0,0.2,0.11266802996397018
129,0.03,0.0,0.10477731376886368
129,0.03,0.1,0.10477731376886368
129,0.03,0.2,0.11005870252847672
129,0.06,0.0,0.11197565495967865
129,0.06,0.1,0.11197565495967865
129,0.06,0.2,0.12739473581314087
129,0.09,0.0,0.1096637025475502
129,0.09,0.1,0.1096637025475502
129,0.09,0.2,0.10704134404659271
129,0.12,0.0,0.11195185780525208
129,0.12,0.1,0.11195185780525208
129,0.12,0.2,0.09551183134317398
129,0.15,0.0,0.11011277884244919
129,0.15,0.1,0.11011277884244919
129,0.15,0.2,0.10975715517997742
13,0.0,0.0,0.09499651938676834
13,0.0,0.1,0.09499651938676834
13,0.0,0.2,0.11267378181219101
13,0.03,0.0,0.09867203235626221
13,0.03,0.1,0.09867203235626221
13,0.03,0.2,0.1132010817527771
13,0.06,0.0,0.09560227394104004
13,0.06,0.1,0.09560227394104004
13,0.06,0.2,0.12305792421102524
13,0.09,0.0,0.11898711323738098
13,0.09,0.1,0.11898711323738098
13,0.09,0.2,0.12704534828662872
13,0.12,0.0,0.11055059731006622
13,0.12,0.1,0.11055059731006622
13,0.12,0.2,0.1102207750082016
13,0.15,0.0,0.11040142923593521
13,0.15,0.1,0.11040142923593521
13,0.15,0.2,0.10816990584135056
130,0.0,0.0,0.10774257034063339
130,0.0,0.1,0.10774257034063339
130,0.0,0.2,0.11482211202383041
130,0.03,0.0,0.11812958866357803
130,0.03,0.1,0.11812958866357803
130,0.03,0.2,0.11676358431577682
130,0.06,0.0,0.11974436044692993
130,0.06,0.1,0.11974436044692993
130,0.06,0.2,0.11889252811670303
130,0.09,0.0,0.11194556206464767
130,0.09,0.1,0.11194556206464767
130,0.09,0.2,0.11479354649782181
130,0.12,0.0,0.10891556739807129
130,0.12,0.1,0.10891556739807129
130,0.12,0.2,0.10025207698345184
130,0.15,0.0,0.12040453404188156
130,0.15,0.1,0.12040453404188156
130,0.15,0.2,0.09977806359529495
131,0.0,0.0,0.10043822973966599
131,0.0,0.1,0.10043822973966599
131,0.0,0.2,0.13308590650558472
131,0.03,0.0,0.10561737418174744
131,0.03,0.1,0.10561737418174744
131,0.03,0.2,0.13035398721694946
131,0.06,0.0,0.1332821249961853
131,0.06,0.1,0.1332821249961853
131,0.06,0.2,0.1241423711180687
131,0.09,0.0,0.13752751052379608
131,0.09,0.1,0.13752751052379608
131,0.09,0.2,0.0996287614107132
131,0.12,0.0,0.1174483448266983
131,0.12,0.1,0.1174483448266983
131,0.12,0.2,0.10264207422733307
131,0.15,0.0,0.11178614944219589
131,0.15,0.1,0.11178614944219589
131,0.15,0.2,0.11959434300661087
132,0.0,0.0,0.08884305506944656
132,0.0,0.1,0.08884305506944656
132,0.0,0.2,0.08117208629846573
132,0.03,0.0,0.08241140097379684
132,0.03,0.1,0.08241140097379684
132,0.03,0.2,0.08596934378147125
132,0.06,0.0,0.0838380679488182
132,0.06,0.1,0.0838380679488182
132,0.06,0.2,0.08949147909879684
132,0.09,0.0,0.09692658483982086
132,0.09,0.1,0.09692658483982086
132,0.09,0.2,0.09536247700452805
132,0.12,0.0,0.08740957081317902
132,0.12,0.1,0.08740957081317902
132,0.12,0.2,0.0967116579413414
132,0.15,0.0,0.09013666957616806
132,0.15,0.1,0.09013666957616806
132,0.15,0.2,0.09558284282684326
133,0.0,0.0,0.10854898393154144
133,0.0,0.1,0.10854898393154144
133,0.0,0.2,0.11563818156719208
133,0.03,0.0,0.09977933019399643
133,0.03,0.1,0.09977933019399643
133,0.03,0.2,0.12649445235729218
133,0.06,0.0,0.10220076143741608
133,0.06,0.1,0.10220076143741608
133,0.06,0.2,0.13727329671382904
133,0.09,0.0,0.10170602798461914
133,0.09,0.1,0.10170602798461914
133,0.09,0.2,0.1391180157661438
133,0.12,0.0,0.128427654504776
133,0.12,0.1,0.128427654504776
133,0.12,0.2,0.1538642793893814
133,0.15,0.0,0.13295505940914154
133,0.15,0.1,0.13295505940914154
133,0.15,0.2,0.15367251634597778
134,0.0,0.0,0.14527125656604767
134,0.0,0.1,0.14527125656604767
134,0.0,0.2,0.2440793365240097
134,0.03,0.0,0.18109826743602753
134,0.03,0.1,0.18109826743602753
134,0.03,0.2,0.23418612778186798
134,0.06,0.0,0.2290651947259903
134,0.06,0.1,0.2290651947259903
134,0.06,0.2,0.22938798367977142
134,0.09,0.0,0.23653268814086914
134,0.09,0.1,0.23653268814086914
134,0.09,0.2,0.2145720273256302
134,0.12,0.0,0.2059386521577835
134,0.12,0.1,0.2059386521577835
134,0.12,0.2,0.1621941179037094
134,0.15,0.0,0.15029042959213257
134,0.15,0.1,0.15029042959213257
134,0.15,0.2,0.09602271765470505
135,0.0,0.0,0.11910256743431091
135,0.0,0.1,0.11910256743431091
135,0.0,0.2,0.14256273210048676
135,0.03,0.0,0.1098879724740982
135,0.03,0.1,0.1098879724740982
135,0.03,0.2,0.12573257088661194
135,0.06,0.0,0.12510904669761658
135,0.06,0.1,0.12510904669761658
135,0.06,0.2,0.1374613493680954
135,0.09,0.0,0.14609886705875397
135,0.09,0.1,0.14609886705875397
135,0.09,0.2,0.12282798439264297
135,0.12,0.0,0.14560090005397797
135,0.12,0.1,0.14560090005397797
135,0.12,0.2,0.11150829493999481
135,0.15,0.0,0.12553514540195465
135,0.15,0.1,0.12553514540195465
135,0.15,0.2,0.12602485716342926
136,0.0,0.0,0.09104360640048981
136,0.0,0.1,0.09104360640048981
136,0.0,0.2,0.1415713131427765
136,0.03,0.0,0.131127268075943
136,0.03,0.1,0.131127268075943
136,0.03,0.2,0.15803731977939606
136,0.06,0.0,0.14365258812904358
136,0.06,0.1,0.14365258812904358
136,0.06,0.2,0.1629309058189392
136,0.09,0.0,0.16085027158260345
136,0.09,0.1,0.16085027158260345
136,0.09,0.2,0.14539705216884613
136,0.12,0.0,0.15809987485408783
136,0.12,0.1,0.15809987485408783
136,0.12,0.2,0.12096091359853745
136,0.15,0.0,0.13675537705421448
136,0.15,0.1,0.13675537705421448
136,0.15,0.2,0.10083479434251785
137,0.0,0.0,0.11389319598674774
137,0.0,0.1,0.11389319598674774
137,0.0,0.2,0.11754058301448822
137,0.03,0.0,0.11254988610744476
137,0.03,0.1,0.11254988610744476
137,0.03,0.2,0.11636968702077866
137,0.06,0.0,0.138544499874115
137,0.06,0.1,0.138544499874115
137,0.06,0.2,0.1352684050798416
137,0.09,0.0,0.12003930658102036
137,0.09,0.1,0.12003930658102036
137,0.09,0.2,0.1303291618824005
137,0.12,0.0,0.130959615111351
137,0.12,0.1,0.130959615111351
137,0.12,0.2,0.14284737408161163
137,0.15,0.0,0.11297009885311127
137,0.15,0.1,0.11297009885311127
137,0.15,0.2,0.12698617577552795
138,0.0,0.0,0.1049627810716629
138,0.0,0.1,0.1049627810716629
138,0.0,0.2,0.14222386479377747
138,0.03,0.0,0.11844559758901596
138,0.03,0.1,0.11844559758901596
138,0.03,0.2,0.14352908730506897
138,0.06,0.0,0.1414596140384674
138,0.06,0.1,0.1414596140384674
138,0.06,0.2,0.14991460740566254
138,0.09,0.0,0.14179745316505432
138,0.09,0.1,0.14179745316505432
138,0.09,0.2,0.13599222898483276
138,0.12,0.0,0.12369728088378906
138,0.12,0.1,0.12369728088378906
138,0.12,0.2,0.12242458760738373
138,0.15,0.0,0.124647356569767
138,0.15,0.1,0.124647356569767
138,0.15,0.2,0.11325653642416
139,0.0,0.0,0.09902725368738174
139,0.0,0.1,0.09902725368738174
139,0.0,0.2,0.1186133325099945
139,0.03,0.0,0.15001125633716583
139,0.03,0.1,0.15001125633716583
139,0.03,0.2,0.1713429093360901
139,0.06,0.0,0.14354655146598816
139,0.06,0.1,0.14354655146598816
139,0.06,0.2,0.16041450202465057
139,0.09,0.0,0.13077768683433533
139,0.09,0.1,0.13077768683433533
139,0.09,0.2,0.20420314371585846
139,0.12,0.0,0.14772364497184753
139,0.12,0.1,0.14772364497184753
139,0.12,0.2,0.20535974204540253
139,0.15,0.0,0.17137867212295532
139,0.15,0.1,0.17137867212295532
139,0.15,0.2,0.20531447231769562
14,0.0,0.0,0.1386437714099884
14,0.0,0.1,0.1386437714099884
14,0.0,0.2,0.24921934306621552
14,0.03,0.0,0.17370128631591797
14,0.03,0.1,0.17370128631591797
14,0.03,0.2,0.26456403732299805
14,0.06,0.0,0.21867048740386963
14,0.06,0.1,0.21867048740386963
14,0.06,0.2,0.2662454843521118
14,0.09,0.0,0.243684321641922
14,0.09,0.1,0.243684321641922
14,0.09,0.2,0.24524134397506714
14,0.12,0.0,0.2425052672624588
14,0.12,0.1,0.2425052672624588
14,0.12,0.2,0.2076495885848999
14,0.15,0.0,0.22786499559879303
14,0.15,0.1,0.22786499559879303
14,0.15,0.2,0.17741362750530243
140,0.0,0.0,0.1117907166481018
140,0.0,0.1,0.1117907166481018
140,0.0,0.2,0.10113734751939774
140,0.03,0.0,0.08269103616476059
140,0.03,0.1,0.08269103616476059
140,0.03,0.2,0.09605579078197479
140,0.06,0.0,0.09155051410198212
140,0.06,0.1,0.09155051410198212
140,0.06,0.2,0.115941122174263
140,0.09,0.0,0.09667544811964035
140,0.09,0.1,0.09667544811964035
140,0.09,0.2,0.09862781316041946
140,0.12,0.0,0.09561221301555634
140,0.12,0.1,0.09561221301555634
140,0.12,0.2,0.101739801466465
140,0.15,0.0,0.0998755544424057
140,0.15,0.1,0.0998755544424057
140,0.15,0.2,0.09695162624120712
141,0.0,0.0,0.09841307252645493
141,0.0,0.1,0.09841307252645493
141,0.0,0.2,0.17096661031246185
141,0.03,0.0,0.15306836366653442
141,0.03,0.1,0.15306836366653442
141,0.03,0.2,0.17287582159042358
141,0.06,0.0,0.20869070291519165
141,0.06,0.1,0.20869070291519165
141,0.06,0.2,0.15794140100479126
141,0.09,0.0,0.20686355233192444
141,0.09,0.1,0.20686355233192444
141,0.09,0.2,0.13527844846248627
141,0.12,0.0,0.16606028378009796
141,0.12,0.1,0.16606028378009796
141,0.12,0.2,0.10322213172912598
141,0.15,0.0,0.11716514825820923
141,0.15,0.1,0.11716514825820923
141,0.15,0.2,0.11471264064311981
142,0.0,0.0,0.13236336410045624
142,0.0,0.1,0.13236336410045624
142,0.0,0.2,0.20237433910369873
142,0.03,0.0,0.1614387482404709
142,0.03,0.1,0.1614387482404709
142,0.03,0.2,0.20741114020347595
142,0.06,0.0,0.2129722237586975
142,0.06,0.1,0.2129722237586975
142,0.06,0.2,0.20307527482509613
142,0.09,0.0,0.2192491590976715
142,0.09,0.1,0.2192491590976715
142,0.09,0.2,0.16686788201332092
142,0.12,0.0,0.1910879909992218
142,0.12,0.1,0.1910879909992218
142,0.12,0.2,0.15835344791412354
142,0.15,0.0,0.1630631983280182
142,0.15,0.1,0.1630631983280182
142,0.15,0.2,0.1252826303243637
143,0.0,0.0,0.12957850098609924
143,0.0,0.1,0.12957850098609924
143,0.0,0.2,0.2029968649148941
143,0.03,0.0,0.16941910982131958
143,0.03,0.1,0.16941910982131958
143,0.03,0.2,0.21706260740756989
143,0.06,0.0,0.1990150660276413
143,0.06,0.1,0.1990150660276413
143,0.06,0.2,0.20433309674263
143,0.09,0.0,0.20557360351085663
143,0.09,0.1,0.20557360351085663
143,0.09,0.2,0.1828436702489853
143,0.12,0.0,0.19180357456207275
143,0.12,0.1,0.19180357456207275
143,0.12,0.2,0.1602785587310791
143,0.15,0.0,0.1643085777759552
143,0.15,0.1,0.1643085777759552
143,0.15,0.2,0.13442566990852356
144,0.0,0.0,0.1371694952249527
144,0.0,0.1,0.1371694952249527
144,0.0,0.2,0.22993749380111694
144,0.03,0.0,0.18949736654758453
144,0.03,0.1,0.18949736654758453
144,0.03,0.2,0.25670138001441956
144,0.06,0.0,0.2400830239057541
144,0.06,0.1,0.2400830239057541
144,0.06,0.2,0.24651607871055603
144,0.09,0.0,0.24510698020458221
144,0.09,0.1,0.24510698020458221
144,0.09,0.2,0.22006256878376007
144,0.12,0.0,0.2497497797012329
144,0.12,0.1,0.2497497797012329
144,0.12,0.2,0.18417194485664368
144,0.15,0.0,0.2234649956226349
144,0.15,0.1,0.2234649956226349
144,0.15,0.2,0.15388281643390656
145,0.0,0.0,0.08982806652784348
145,0.0,0.1,0.08982806652784348
145,0.0,0.2,0.10957739502191544
145,0.03,0.0,0.09279847890138626
145,0.03,0.1,0.09279847890138626
145,0.03,0.2,0.09945749491453171
145,0.06,0.0,0.0911220833659172
145,0.06,0.1,0.0911220833659172
145,0.06,0.2,0.09508830308914185
145,0.09,0.0,0.08764880150556564
145,0.09,0.1,0.08764880150556564
145,0.09,0.2,0.10255403071641922
145,0.12,0.0,0.09934373944997787
145,0.12,0.1,0.09934373944997787
145,0.12,0.2,0.09886769950389862
145,0.15,0.0,0.10508356988430023
145,0.15,0.1,0.10508356988430023
145,0.15,0.2,0.08866020292043686
146,0.0,0.0,0.09332487732172012
146,0.0,0.1,0.09332487732172012
146,0.0,0.2,0.1502847969532013
146,0.03,0.0,0.11328598856925964
146,0.03,0.1,0.11328598856925964
146,0.03,0.2,0.15927143394947052
146,0.06,0.0,0.1448352187871933
146,0.06,0.1,0.1448352187871933
146,0.06,0.2,0.14943425357341766
146,0.09,0.0,0.15756618976593018
146,0.09,0.1,0.15756618976593018
146,0.09,0.2,0.1418888121843338
146,0.12,0.0,0.14096124470233917
146,0.12,0.1,0.14096124470233917
146,0.12,0.2,0.1360427588224411
146,0.15,0.0,0.09313870966434479
146,0.15,0.1,0.09313870966434479
146,0.15,0.2,0.11101929098367691
147,0.0,0.0,0.09696094691753387
147,0.0,0.1,0.09696094691753387
147,0.0,0.2,0.11313527822494507
147,0.03,0.0,0.08961549401283264
147,0.03,0.1,0.08961549401283264
147,0.03,0.2,0.12152735143899918
147,0.06,0.0,0.09417037665843964
147,0.06,0.1,0.09417037665843964
147,0.06,0.2,0.11297997832298279
147,0.09,0.0,0.09652652591466904
147,0.09,0.1,0.09652652591466904
147,0.09,0.2,0.09518067538738251
147,0.12,0.0,0.09389843046665192
147,0.12,0.1,0.09389843046665192
147,0.12,0.2,0.09550250321626663
147,0.15,0.0,0.09397812932729721
147,0.15,0.1,0.09397812932729721
147,0.15,0.2,0.09298130869865417
148,0.0,0.0,0.09705143421888351
148,0.0,0.1,0.09705143421888351
148,0.0,0.2,0.12595750391483307
148,0.03,0.0,0.11247146874666214
148,0.03,0.1,0.11247146874666214
148,0.03,0.2,0.12707045674324036
148,0.06,0.0,0.11213287711143494
148,0.06,0.1,0.11213287711143494
148,0.06,0.2,0.12939275801181793
148,0.09,0.0,0.10417584329843521
148,0.09,0.1,0.10417584329843521
148,0.09,0.2,0.1260817050933838
148,0.12,0.0,0.11087959259748459
148,0.12,0.1,0.11087959259748459
148,0.12,0.2,0.14664418995380402
148,0.15,0.0,0.10662690550088882
148,0.15,0.1,0.10662690550088882
148,0.15,0.2,0.13020534813404083
149,0.0,0.0,0.14726096391677856
149,0.0,0.1,0.14726096391677856
149,0.0,0.2,0.14837440848350525
149,0.03,0.0,0.12371992319822311
149,0.03,0.1,0.12371992319822311
149,0.03,0.2,0.14059233665466309
149,0.06,0.0,0.10669562220573425
149,0.06,0.1,0.10669562220573425
149,0.06,0.2,0.13076667487621307
149,0.09,0.0,0.12906451523303986
149,0.09,0.1,0.12906451523303986
149,0.09,0.2,0.15527771413326263
149,0.12,0.0,0.1249302327632904
149,0.12,0.1,0.1249302327632904
149,0.12,0.2,0.15528947114944458
149,0.15,0.0,0.13512296974658966
149,0.15,0.1,0.13512296974658966
149,0.15,0.2,0.17337487637996674
15,0.0,0.0,0.17272800207138062
15,0.0,0.1,0.17272800207138062
15,0.0,0.2,0.2834453582763672
15,0.03,0.0,0.21447931230068207
15,0.03,0.1,0.21447931230068207
15,0.03,0.2,0.2733854055404663
15,0.06,0.0,0.27549710869789124
15,0.06,0.1,0.27549710869789124
15,0.06,0.2,0.260049968957901
15,0.09,0.0,0.2999573051929474
15,0.09,0.1,0.2999573051929474
15,0.09,0.2,0.22174343466758728
15,0.12,0.0,0.27673178911209106
15,0.12,0.1,0.27673178911209106
15,0.12,0.2,0.1813032627105713
15,0.15,0.0,0.19092907011508942
15,0.15,0.1,0.19092907011508942
15,0.15,0.2,0.11863123625516891
150,0.0,0.0,0.09215035289525986
150,0.0,0.1,0.09215035289525986
150,0.0,0.2,0.11876574158668518
150,0.03,0.0,0.09474479407072067
150,0.03,0.1,0.09474479407072067
150,0.03,0.2,0.10055996477603912
150,0.06,0.0,0.08341007679700851
150,0.06,0.1,0.08341007679700851
150,0.06,0.2,0.10208876430988312
150,0.09,0.0,0.08868983387947083
150,0.09,0.1,0.08868983387947083
150,0.09,0.2,0.09346895664930344
150,0.12,0.0,0.09480351954698563
150,0.12,0.1,0.09480351954698563
150,0.12,0.2,0.09702864289283752
150,0.15,0.0,0.10187235474586487
150,0.15,0.1,0.10187235474586487
150,0.15,0.2,0.09394612163305283
151,0.0,0.0,0.12595956027507782
151,0.0,0.1,0.12595956027507782
151,0.0,0.2,0.11484906077384949
151,0.03,0.0,0.11295709758996964
151,0.03,0.1,0.11295709758996964
151,0.03,0.2,0.11901484429836273
151,0.06,0.0,0.10173056274652481
151,0.06,0.1,0.10173056274652481
151,0.06,0.2,0.11970603466033936
151,0.09,0.0,0.1040702760219574
151,0.09,0.1,0.1040702760219574
151,0.09,0.2,0.11783844977617264
151,0.12,0.0,0.10640314221382141
151,0.12,0.1,0.10640314221382141
151,0.12,0.2,0.10866362601518631
151,0.15,0.0,0.10518406331539154
151,0.15,0.1,0.10518406331539154
151,0.15,0.2,0.10506123304367065
152,0.0,0.0,0.09501863270998001
152,0.0,0.1,0.09501863270998001
152,0.0,0.2,0.1066376343369484
152,0.03,0.0,0.10709715634584427
152,0.03,0.1,0.10709715634584427
152,0.03,0.2,0.09971128404140472
152,0.06,0.0,0.08430387824773788
152,0.06,0.1,0.08430387824773788
152,0.06,0.2,0.10175386071205139
152,0.09,0.0,0.10909145325422287
152,0.09,0.1,0.10909145325422287
152,0.09,0.2,0.09258656948804855
152,0.12,0.0,0.09265796840190887
152,0.12,0.1,0.09265796840190887
152,0.12,0.2,0.10062607377767563
152,0.15,0.0,0.08792763948440552
152,0.15,0.1,0.08792763948440552
152,0.15,0.2,0.09963158518075943
153,0.0,0.0,0.10025458037853241
153,0.0,0.1,0.10025458037853241
153,0.0,0.2,0.11628428846597672
153,0.03,0.0,0.09909144043922424
153,0.03,0.1,0.09909144043922424
153,0.03,0.2,0.10532989352941513
153,0.06,0.0,0.09095526486635208
153,0.06,0.1,0.09095526486635208
153,0.06,0.2,0.11434856802225113
153,0.09,0.0,0.11119323968887329
153,0.09,0.1,0.11119323968887329
153,0.09,0.2,0.11970053613185883
153,0.12,0.0,0.11084796488285065
153,0.12,0.1,0.11084796488285065
153,0.12,0.2,0.1083967313170433
153,0.15,0.0,0.10726633667945862
153,0.15,0.1,0.10726633667945862
153,0.15,0.2,0.10660435259342194
154,0.0,0.0,0.08866962045431137
154,0.0,0.1,0.08866962045431137
154,0.0,0.2,0.10059817135334015
154,0.03,0.0,0.10548993945121765
154,0.03,0.1,0.10548993945121765
154,0.03,0.2,0.09953717887401581
154,0.06,0.0,0.11436933279037476
154,0.06,0.1,0.11436933279037476
154,0.06,0.2,0.10450634360313416
154,0.09,0.0,0.11040063202381134
154,0.09,0.1,0.11040063202381134
154,0.09,0.2,0.10512813180685043
154,0.12,0.0,0.0944526344537735
154,0.12,0.1,0.0944526344537735
154,0.12,0.2,0.10321124643087387
154,0.15,0.0,0.10043852031230927
154,0.15,0.1,0.10043852031230927
154,0.15,0.2,0.08999288082122803
155,0.0,0.0,0.11629018187522888
155,0.0,0.1,0.11629018187522888
155,0.0,0.2,0.09886443614959717
155,0.03,0.0,0.1092369332909584
155,0.03,0.1,0.1092369332909584
155,0.03,0.2,0.09494359791278839
155,0.06,0.0,0.10112562030553818
155,0.06,0.1,0.10112562030553818
155,0.06,0.2,0.09124645590782166
155,0.09,0.0,0.08937733620405197
155,0.09,0.1,0.08937733620405197
155,0.09,0.2,0.09159794449806213
155,0.12,0.0,0.12195737659931183
155,0.12,0.1,0.12195737659931183
155,0.12,0.2,0.08931603282690048
155,0.15,0.0,0.08883095532655716
155,0.15,0.1,0.08883095532655716
155,0.15,0.2,0.10009805113077164
156,0.0,0.0,0.10364703088998795
156,0.0,0.1,0.10364703088998795
156,0.0,0.2,0.1440943330526352
156,0.03,0.0,0.11794508993625641
156,0.03,0.1,0.11794508993625641
156,0.03,0.2,0.1609811782836914
156,0.06,0.0,0.13955600559711456
156,0.06,0.1,0.13955600559711456
156,0.06,0.2,0.14073801040649414
156,0.09,0.0,0.15199366211891174
156,0.09,0.1,0.15199366211891174
156,0.09,0.2,0.12057803571224213
156,0.12,0.0,0.13529051840305328
156,0.12,0.1,0.13529051840305328
156,0.12,0.2,0.08781187981367111
156,0.15,0.0,0.10222413390874863
156,0.15,0.1,0.10222413390874863
156,0.15,0.2,0.09415121376514435
157,0.0,0.0,0.11512856930494308
157,0.0,0.1,0.11512856930494308
157,0.0,0.2,0.17957963049411774
157,0.03,0.0,0.13863854110240936
157,0.03,0.1,0.13863854110240936
157,0.03,0.2,0.2121533900499344
157,0.06,0.0,0.1793353408575058
157,0.06,0.1,0.1793353408575058
157,0.06,0.2,0.20574752986431122
157,0.09,0.0,0.23230579495429993
157,0.09,0.1,0.23230579495429993
157,0.09,0.2,0.18536517024040222
157,0.12,0.0,0.2183513045310974
157,0.12,0.1,0.2183513045310974
157,0.12,0.2,0.1498711258172989
157,0.15,0.0,0.18009328842163086
157,0.15,0.1,0.18009328842163086
157,0.15,0.2,0.11238226294517517
158,0.0,0.0,0.09783512353897095
158,0.0,0.1,0.09783512353897095
158,0.0,0.2,0.1484634131193161
158,0.03,0.0,0.12340603023767471
158,0.03,0.1,0.12340603023767471
158,0.03,0.2,0.14774705469608307
158,0.06,0.0,0.16748976707458496
158,0.06,0.1,0.16748976707458496
158,0.06,0.2,0.12776851654052734
158,0.09,0.0,0.17685046792030334
158,0.09,0.1,0.17685046792030334
158,0.09,0.2,0.10304351896047592
158,0.12,0.0,0.14037297666072845
158,0.12,0.1,0.14037297666072845
158,0.12,0.2,0.10925372689962387
158,0.15,0.0,0.09141712635755539
158,0.15,0.1,0.09141712635755539
158,0.15,0.2,0.10885719954967499
159,0.0,0.0,0.09949526935815811
159,0.0,0.1,0.09949526935815811
159,0.0,0.2,0.11852789670228958
159,0.03,0.0,0.09987030923366547
159,0.03,0.1,0.09987030923366547
159,0.03,0.2,0.1305692344903946
159,0.06,0.0,0.13194556534290314
159,0.06,0.1,0.13194556534290314
159,0.06,0.2,0.126683309674263
159,0.09,0.0,0.15164488554000854
159,0.09,0.1,0.15164488554000854
159,0.09,0.2,0.112030528485775
159,0.12,0.0,0.14477227628231049
159,0.12,0.1,0.14477227628231049
159,0.12,0.2,0.10617101192474365
159,0.15,0.0,0.10967749357223511
159,0.15,0.1,0.10967749357223511
159,0.15,0.2,0.09211796522140503
16,0.0,0.0,0.08592138439416885
16,0.0,0.1,0.08592138439416885
16,0.0,0.2,0.15123572945594788
16,0.03,0.0,0.11061960458755493
16,0.03,0.1,0.11061960458755493
16,0.03,0.2,0.14564108848571777
16,0.06,0.0,0.1344911903142929
16,0.06,0.1,0.1344911903142929
16,0.06,0.2,0.13535726070404053
16,0.09,0.0,0.16045980155467987
16,0.09,0.1,0.16045980155467987
16,0.09,0.2,0.14491881430149078
16,0.12,0.0,0.15570339560508728
16,0.12,0.1,0.15570339560508728
16,0.12,0.2,0.12682338058948517
16,0.15,0.0,0.12962381541728973
16,0.15,0.1,0.12962381541728973
16,0.15,0.2,0.10988026857376099
160,0.0,0.0,0.08164604753255844
160,0.0,0.1,0.08164604753255844
160,0.0,0.2,0.10398729145526886
160,0.03,0.0,0.09732342511415482
160,0.03,0.1,0.09732342511415482
160,0.03,0.2,0.11412017047405243
160,0.06,0.0,0.10494537651538849
160,0.06,0.1,0.10494537651538849
160,0.06,0.2,0.1086549237370491
160,0.09,0.0,0.11582577973604202
160,0.09,0.1,0.11582577973604202
160,0.09,0.2,0.10128828883171082
160,0.12,0.0,0.10684244334697723
160,0.12,0.1,0.10684244334697723
160,0.12,0.2,0.08427388221025467
160,0.15,0.0,0.08572039008140564
160,0.15,0.1,0.08572039008140564
160,0.15,0.2,0.08560306578874588
161,0.0,0.0,0.11496225744485855
161,0.0,0.1,0.11496225744485855
161,0.0,0.2,0.1390330046415329
161,0.03,0.0,0.11132091283798218
161,0.03,0.1,0.11132091283798218
161,0.03,0.2,0.11774665862321854
161,0.06,0.0,0.11548993736505508
161,0.06,0.1,0.11548993736505508
161,0.06,0.2,0.1309196799993515
161,0.09,0.0,0.13785290718078613
161,0.09,0.1,0.13785290718078613
161,0.09,0.2,0.11799616366624832
161,0.12,0.0,0.12504826486110687
161,0.12,0.1,0.12504826486110687
161,0.12,0.2,0.13304418325424194
161,0.15,0.0,0.11932323127985
161,0.15,0.1,0.11932323127985
161,0.15,0.2,0.13478946685791016
162,0.0,0.0,0.14995118975639343
162,0.0,0.1,0.14995118975639343
162,0.0,0.2,0.19359035789966583
162,0.03,0.0,0.16647078096866608
162,0.03,0.1,0.16647078096866608
162,0.03,0.2,0.2067282348871231
162,0.06,0.0,0.17676882445812225
162,0.06,0.1,0.17676882445812225
162,0.06,0.2,0.19663609564304352
162,0.09,0.0,0.18252746760845184
162,0.09,0.1,0.18252746760845184
162,0.09,0.2,0.18833063542842865
162,0.12,0.0,0.1791430115699768
162,0.12,0.1,0.1791430115699768
162,0.12,0.2,0.17771054804325104
162,0.15,0.0,0.1596762090921402
162,0.15,0.1,0.1596762090921402
162,0.15,0.2,0.157082200050354
163,0.0,0.0,0.09017977118492126
163,0.0,0.1,0.09017977118492126
163,0.0,0.2,0.09667456895112991
163,0.03,0.0,0.09700190275907516
163,0.03,0.1,0.09700190275907516
163,0.03,0.2,0.11610932648181915
163,0.06,0.0,0.09833081811666489
163,0.06,0.1,0.09833081811666489
163,0.06,0.2,0.09771967679262161
163,0.09,0.0,0.09214893728494644
163,0.09,0.1,0.09214893728494644
163,0.09,0.2,0.09645920246839523
163,0.12,0.0,0.11207444965839386
163,0.12,0.1,0.11207444965839386
163,0.12,0.2,0.10035508871078491
163,0.15,0.0,0.10161972790956497
163,0.15,0.1,0.10161972790956497
163,0.15,0.2,0.09403134137392044
164,0.0,0.0,0.1331925392150879
164,0.0,0.1,0.1331925392150879
164,0.0,0.2,0.1791524589061737
164,0.03,0.0,0.11662645637989044
164,0.03,0.1,0.11662645637989044
164,0.03,0.2,0.179761603474617
164,0.06,0.0,0.16147901117801666
164,0.06,0.1,0.16147901117801666
164,0.06,0.2,0.2020062655210495
164,0.09,0.0,0.18712560832500458
164,0.09,0.1,0.18712560832500458
164,0.09,0.2,0.20524854958057404
164,0.12,0.0,0.1855521947145462
164,0.12,0.1,0.1855521947145462
164,0.12,0.2,0.19819994270801544
164,0.15,0.0,0.18164514005184174
164,0.15,0.1,0.18164514005184174
164,0.15,0.2,0.20350545644760132
165,0.0,0.0,0.09718359261751175
165,0.0,0.1,0.09718359261751175
165,0.0,0.2,0.11019483208656311
165,0.03,0.0,0.09894982725381851
165,0.03,0.1,0.09894982725381851
165,0.03,0.2,0.11327990144491196
165,0.06,0.0,0.10743412375450134
165,0.06,0.1,0.10743412375450134
165,0.06,0.2,0.11601952463388443
165,0.09,0.0,0.09023410826921463
165,0.09,0.1,0.09023410826921463
165,0.09,0.2,0.11173442751169205
165,0.12,0.0,0.10163363069295883
165,0.12,0.1,0.10163363069295883
165,0.12,0.2,0.13374833762645721
165,0.15,0.0,0.11513827741146088
165,0.15,0.1,0.11513827741146088
165,0.15,0.2,0.12903812527656555
166,0.0,0.0,0.08765998482704163
166,0.0,0.1,0.08765998482704163
166,0.0,0.2,0.13564766943454742
166,0.03,0.0,0.09717389196157455
166,0.03,0.1,0.09717389196157455
166,0.03,0.2,0.14714138209819794
166,0.06,0.0,0.09947555512189865
166,0.06,0.1,0.09947555512189865
166,0.06,0.2,0.14635759592056274
166,0.09,0.0,0.14236167073249817
166,0.09,0.1,0.14236167073249817
166,0.09,0.2,0.13510045409202576
166,0.12,0.0,0.1707327961921692
166,0.12,0.1,0.1707327961921692
166,0.12,0.2,0.11564864963293076
166,0.15,0.0,0.15267620980739594
166,0.15,0.1,0.15267620980739594
166,0.15,0.2,0.0888134092092514
167,0.0,0.0,0.125839963555336
167,0.0,0.1,0.125839963555336
167,0.0,0.2,0.15952478349208832
167,0.03,0.0,0.13494320213794708
167,0.03,0.1,0.13494320213794708
167,0.03,0.2,0.15752887725830078
167,0.06,0.0,0.13985905051231384
167,0.06,0.1,0.13985905051231384
167,0.06,0.2,0.14999215304851532
167,0.09,0.0,0.14688296616077423
167,0.09,0.1,0.14688296616077423
167,0.09,0.2,0.15577276051044464
167,0.12,0.0,0.13941062986850739
167,0.12,0.1,0.13941062986850739
167,0.12,0.2,0.14827318489551544
167,0.15,0.0,0.13300371170043945
167,0.15,0.1,0.13300371170043945
167,0.15,0.2,0.12841176986694336
168,0.0,0.0,0.09819217771291733
168,0.0,0.1,0.09819217771291733
168,0.0,0.2,0.1608758270740509
168,0.03,0.0,0.1216045692563057
168,0.03,0.1,0.1216045692563057
168,0.03,0.2,0.16191618144512177
168,0.06,0.0,0.15159034729003906
168,0.06,0.1,0.15159034729003906
168,0.06,0.2,0.17418372631072998
168,0.09,0.0,0.14845949411392212
168,0.09,0.1,0.14845949411392212
168,0.09,0.2,0.169524684548378
168,0.12,0.0,0.14834247529506683
168,0.12,0.1,0.14834247529506683
168,0.12,0.2,0.14850986003875732
168,0.15,0.0,0.13681766390800476
168,0.15,0.1,0.13681766390800476
168,0.15,0.2,0.1302560418844223
169,0.0,0.0,0.09685461223125458
169,0.0,0.1,0.09685461223125458
169,0.0,0.2,0.15217739343643188
169,0.03,0.0,0.12135730683803558
169,0.03,0.1,0.12135730683803558
169,0.03,0.2,0.1522578001022339
169,0.06,0.0,0.14911909401416779
169,0.06,0.1,0.14911909401416779
169,0.06,0.2,0.1567128449678421
169,0.09,0.0,0.1503126323223114
169,0.09,0.1,0.1503126323223114
169,0.09,0.2,0.1381424069404602
169,0.12,0.0,0.1290794014930725
169,0.12,0.1,0.1290794014930725
169,0.12,0.2,0.1227424219250679
169,0.15,0.0,0.10403686761856079
169,0.15,0.1,0.10403686761856079
169,0.15,0.2,0.10142146050930023
17,0.0,0.0,0.10061198472976685
17,0.0,0.1,0.10061198472976685
17,0.0,0.2,0.11780362576246262
17,0.03,0.0,0.11054160445928574
17,0.03,0.1,0.11054160445928574
17,0.03,0.2,0.12454669177532196
17,0.06,0.0,0.1257661134004593
17,0.06,0.1,0.1257661134004593
17,0.06,0.2,0.1381067931652069
17,0.09,0.0,0.14317257702350616
17,0.09,0.1,0.14317257702350616
17,0.09,0.2,0.14036273956298828
17,0.12,0.0,0.1497747302055359
17,0.12,0.1,0.1497747302055359
17,0.12,0.2,0.1340360939502716
17,0.15,0.0,0.14534838497638702
17,0.15,0.1,0.14534838497638702
17,0.15,0.2,0.12902884185314178
170,0.0,0.0,0.0867944210767746
170,0.0,0.1,0.0867944210767746
170,0.0,0.2,0.08260505646467209
170,0.03,0.0,0.08357217162847519
170,0.03,0.1,0.08357217162847519
170,0.03,0.2,0.09178421646356583
170,0.06,0.0,0.08367606997489929
170,0.06,0.1,0.08367606997489929
170,0.06,0.2,0.10818145424127579
170,0.09,0.0,0.09140407294034958
170,0.09,0.1,0.09140407294034958
170,0.09,0.2,0.0907248854637146
170,0.12,0.0,0.10037705302238464
170,0.12,0.1,0.10037705302238464
170,0.12,0.2,0.08847743272781372
170,0.15,0.0,0.08709469437599182
170,0.15,0.1,0.08709469437599182
170,0.15,0.2,0.10476522892713547
171,0.0,0.0,0.12841561436653137
171,0.0,0.1,0.12841561436653137
171,0.0,0.2,0.12669315934181213
171,0.03,0.0,0.12262211740016937
171,0.03,0.1,0.12262211740016937
171,0.03,0.2,0.13000820577144623
171,0.06,0.0,0.11521656066179276
171,0.06,0.1,0.11521656066179276
171,0.06,0.2,0.1418229192495346
171,0.09,0.0,0.10839275270700455
171,0.09,0.1,0.10839275270700455
171,0.09,0.2,0.11577041447162628
171,0.12,0.0,0.12334731221199036
171,0.12,0.1,0.12334731221199036
171,0.12,0.2,0.14899207651615143
171,0.15,0.0,0.1424073874950409
171,0.15,0.1,0.1424073874950409
171,0.15,0.2,0.13988444209098816
172,0.0,0.0,0.11230875551700592
172,0.0,0.1,0.11230875551700592
172,0.0,0.2,0.24347159266471863
172,0.03,0.0,0.16334347426891327
172,0.03,0.1,0.16334347426891327
172,0.03,0.2,0.24941301345825195
172,0.06,0.0,0.23583588004112244
172,0.06,0.1,0.23583588004112244
172,0.06,0.2,0.24087272584438324
172,0.09,0.0,0.27401959896087646
172,0.09,0.1,0.27401959896087646
172,0.09,0.2,0.21832367777824402
172,0.12,0.0,0.25696414709091187
172,0.12,0.1,0.25696414709091187
172,0.12,0.2,0.1706113964319229
172,0.15,0.0,0.1905904859304428
172,0.15,0.1,0.1905904859304428
172,0.15,0.2,0.11450909078121185
173,0.0,0.0,0.10733850300312042
173,0.0,0.1,0.10733850300312042
173,0.0,0.2,0.12430762499570847
173,0.03,0.0,0.10591810196638107
173,0.03,0.1,0.10591810196638107
173,0.03,0.2,0.1383100003004074
173,0.06,0.0,0.11133571714162827
173,0.06,0.1,0.11133571714162827
173,0.06,0.2,0.14572221040725708
173,0.09,0.0,0.14828115701675415
173,0.09,0.1,0.14828115701675415
173,0.09,0.2,0.1358010321855545
173,0.12,0.0,0.1674487590789795
173,0.12,0.1,0.1674487590789795
173,0.12,0.2,0.12726914882659912
173,0.15,0.0,0.12527592480182648
173,0.15,0.1,0.12527592480182648
173,0.15,0.2,0.10841891914606094
174,0.0,0.0,0.1257173717021942
174,0.0,0.1,0.1257173717021942
174,0.0,0.2,0.17109298706054688
174,0.03,0.0,0.1535409837961197
174,0.03,0.1,0.1535409837961197
174,0.03,0.2,0.17345231771469116
174,0.06,0.0,0.16660204529762268
174,0.06,0.1,0.16660204529762268
174,0.06,0.2,0.15780429542064667
174,0.09,0.0,0.16101038455963135
174,0.09,0.1,0.16101038455963135
174,0.09,0.2,0.12873637676239014
174,0.12,0.0,0.14473024010658264
174,0.12,0.1,0.14473024010658264
174,0.12,0.2,0.1136244609951973
174,0.15,0.0,0.12076414376497269
174,0.15,0.1,0.12076414376497269
174,0.15,0.2,0.11148184537887573
175,0.0,0.0,0.08560270816087723
175,0.0,0.1,0.08560270816087723
175,0.0,0.2,0.08543363213539124
175,0.03,0.0,0.08914173394441605
175,0.03,0.1,0.08914173394441605
175,0.03,0.2,0.10950544476509094
175,0.06,0.0,0.10640641301870346
175,0.06,0.1,0.10640641301870346
175,0.06,0.2,0.11334618926048279
175,0.09,0.0,0.10310979187488556
175,0.09,0.1,0.10310979187488556
175,0.09,0.2,0.097538523375988
175,0.12,0.0,0.09356068074703217
175,0.12,0.1,0.09356068074703217
175,0.12,0.2,0.08895154297351837
175,0.15,0.0,0.08525731414556503
175,0.15,0.1,0.08525731414556503
175,0.15,0.2,0.09231649339199066
176,0.0,0.0,0.1010211706161499
176,0.0,0.1,0.1010211706161499
176,0.0,0.2,0.15361323952674866
176,0.03,0.0,0.13046368956565857
176,0.03,0.1,0.13046368956565857
176,0.03,0.2,0.1700913906097412
176,0.06,0.0,0.13546079397201538
176,0.06,0.1,0.13546079397201538
176,0.06,0.2,0.1634116917848587
176,0.09,0.0,0.14779025316238403
176,0.09,0.1,0.14779025316238403
176,0.09,0.2,0.14248453080654144
176,0.12,0.0,0.15670444071292877
176,0.12,0.1,0.15670444071292877
176,0.12,0.2,0.12534844875335693
176,0.15,0.0,0.14516451954841614
176,0.15,0.1,0.14516451954841614
176,0.15,0.2,0.10579629242420197
177,0.0,0.0,0.08931618183851242
177,0.0,0.1,0.08931618183851242
177,0.0,0.2,0.11038020253181458
177,0.03,0.0,0.1119847372174263
177,0.03,0.1,0.1119847372174263
177,0.03,0.2,0.11024107038974762
177,0.06,0.0,0.08936548978090286
177,0.06,0.1,0.08936548978090286
177,0.06,0.2,0.10149648040533066
177,0.09,0.0,0.12983092665672302
177,0.09,0.1,0.12983092665672302
177,0.09,0.2,0.11859263479709625
177,0.12,0.0,0.11252664029598236
177,0.12,0.1,0.11252664029598236
177,0.12,0.2,0.1080453097820282
177,0.15,0.0,0.10354843735694885
177,0.15,0.1,0.10354843735694885
177,0.15,0.2,0.09458086639642715
178,0.0,0.0,0.08923537284135818
178,0.0,0.1,0.08923537284135818
178,0.0,0.2,0.11465770751237869
178,0.03,0.0,0.09818150848150253
178,0.03,0.1,0.09818150848150253
178,0.03,0.2,0.10600786656141281
178,0.06,0.0,0.11599727720022202
178,0.06,0.1,0.11599727720022202
178,0.06,0.2,0.10873494297266006
178,0.09,0.0,0.11668546497821808
178,0.09,0.1,0.11668546497821808
178,0.09,0.2,0.10359302908182144
178,0.12,0.0,0.09925371408462524
178,0.12,0.1,0.09925371408462524
178,0.12,0.2,0.09371369332075119
178,0.15,0.0,0.09889951348304749
178,0.15,0.1,0.09889951348304749
178,0.15,0.2,0.09708066284656525
179,0.0,0.0,0.1604679971933365
179,0.0,0.1,0.1604679971933365
179,0.0,0.2,0.1270781308412552
179,0.03,0.0,0.18677915632724762
179,0.03,0.1,0.18677915632724762
179,0.03,0.2,0.15652327239513397
179,0.06,0.0,0.18437154591083527
179,0.06,0.1,0.18437154591083527
179,0.06,0.2,0.1415528804063797
179,0.09,0.0,0.1783643364906311
179,0.09,0.1,0.1783643364906311
179,0.09,0.2,0.13202160596847534
179,0.12,0.0,0.16383273899555206
179,0.12,0.1,0.16383273899555206
179,0.12,0.2,0.1186121255159378
179,0.15,0.0,0.1503768414258957
179,0.15,0.1,0.1503768414258957
179,0.15,0.2,0.13557758927345276
18,0.0,0.0,0.10693652182817459
18,0.0,0.1,0.10693652182817459
18,0.0,0.2,0.15014350414276123
18,0.03,0.0,0.1201062947511673
18,0.03,0.1,0.1201062947511673
18,0.03,0.2,0.13074447214603424
18,0.06,0.0,0.10119827091693878
18,0.06,0.1,0.10119827091693878
18,0.06,0.2,0.09757193177938461
18,0.09,0.0,0.15417875349521637
18,0.09,0.1,0.15417875349521637
18,0.09,0.2,0.14048868417739868
18,0.12,0.0,0.10871423035860062
18,0.12,0.1,0.10871423035860062
18,0.12,0.2,0.12897713482379913
18,0.15,0.0,0.1126258596777916
18,0.15,0.1,0.1126258596777916
18,0.15,0.2,0.11372392624616623
180,0.0,0.0,0.09049560874700546
180,0.0,0.1,0.09049560874700546
180,0.0,0.2,0.1326695829629898
180,0.03,0.0,0.11035162210464478
180,0.03,0.1,0.11035162210464478
180,0.03,0.2,0.13095466792583466
180,0.06,0.0,0.13778111338615417
180,0.06,0.1,0.13778111338615417
180,0.06,0.2,0.10850796848535538
180,0.09,0.0,0.17306087911128998
180,0.09,0.1,0.17306087911128998
180,0.09,0.2,0.09269846975803375
180,0.12,0.0,0.16998209059238434
180,0.12,0.1,0.16998209059238434
180,0.12,0.2,0.11222690343856812
180,0.15,0.0,0.11348800361156464
180,0.15,0.1,0.11348800361156464
180,0.15,0.2,0.09313087165355682
181,0.0,0.0,0.09168684482574463
181,0.0,0.1,0.09168684482574463
181,0.0,0.2,0.14084240794181824
181,0.03,0.0,0.11438463628292084
181,0.03,0.1,0.11438463628292084
181,0.03,0.2,0.14259128272533417
181,0.06,0.0,0.12490477412939072
181,0.06,0.1,0.12490477412939072
181,0.06,0.2,0.13819386065006256
181,0.09,0.0,0.13134118914604187
181,0.09,0.1,0.13134118914604187
181,0.09,0.2,0.1254984587430954
181,0.12,0.0,0.12213464826345444
181,0.12,0.1,0.12213464826345444
181,0.12,0.2,0.10348572582006454
181,0.15,0.0,0.12419922649860382
181,0.15,0.1,0.12419922649860382
181,0.15,0.2,0.09765414893627167
182,0.0,0.0,0.0856553241610527
182,0.0,0.1,0.0856553241610527
182,0.0,0.2,0.1209527999162674
182,0.03,0.0,0.09102773666381836
182,0.03,0.1,0.09102773666381836
182,0.03,0.2,0.11755267530679703
182,0.06,0.0,0.10394294559955597
182,0.06,0.1,0.10394294559955597
182,0.06,0.2,0.12822897732257843
182,0.09,0.0,0.10816442966461182
182,0.09,0.1,0.10816442966461182
182,0.09,0.2,0.11510986089706421
182,0.12,0.0,0.10401590168476105
182,0.12,0.1,0.10401590168476105
182,0.12,0.2,0.0993461087346077
182,0.15,0.0,0.08711863309144974
182,0.15,0.1,0.08711863309144974
182,0.15,0.2,0.08484762907028198
183,0.0,0.0,0.10406794399023056
183,0.0,0.1,0.10406794399023056
183,0.0,0.2,0.12444739043712616
183,0.03,0.0,0.11122219264507294
183,0.03,0.1,0.11122219264507294
183,0.03,0.2,0.11949170380830765
183,0.06,0.0,0.1197180449962616
183,0.06,0.1,0.1197180449962616
183,0.06,0.2,0.10675852745771408
183,0.09,0.0,0.10358887165784836
183,0.09,0.1,0.10358887165784836
183,0.09,0.2,0.08960556983947754
183,0.12,0.0,0.11343657225370407
183,0.12,0.1,0.11343657225370407
183,0.12,0.2,0.0906156525015831
183,0.15,0.0,0.09948894381523132
183,0.15,0.1,0.09948894381523132
183,0.15,0.2,0.09352754056453705
184,0.0,0.0,0.15501897037029266
184,0.0,0.1,0.15501897037029266
184,0.0,0.2,0.1757020354270935
184,0.03,0.0,0.17056484520435333
184,0.03,0.1,0.17056484520435333
184,0.03,0.2,0.18707022070884705
184,0.06,0.0,0.17847749590873718
184,0.06,0.1,0.17847749590873718
184,0.06,0.2,0.18443192541599274
184,0.09,0.0,0.18843495845794678
184,0.09,0.1,0.18843495845794678
184,0.09,0.2,0.17635062336921692
184,0.12,0.0,0.18491415679454803
184,0.12,0.1,0.18491415679454803
184,0.12,0.2,0.1645531803369522
184,0.15,0.0,0.16923590004444122
184,0.15,0.1,0.16923590004444122
184,0.15,0.2,0.14233243465423584
185,0.0,0.0,0.09922619163990021
185,0.0,0.1,0.09922619163990021
185,0.0,0.2,0.08577151596546173
185,0.03,0.0,0.10671620815992355
185,0.03,0.1,0.10671620815992355
185,0.03,0.2,0.08315737545490265
185,0.06,0.0,0.09749135375022888
185,0.06,0.1,0.09749135375022888
185,0.06,0.2,0.10193531215190887
185,0.09,0.0,0.0875229611992836
185,0.09,0.1,0.0875229611992836
185,0.09,0.2,0.09405038505792618
185,0.12,0.0,0.0895051583647728
185,0.12,0.1,0.0895051583647728
185,0.12,0.2,0.08889146149158478
185,0.15,0.0,0.09128601849079132
185,0.15,0.1,0.09128601849079132
185,0.15,0.2,0.09305289387702942
186,0.0,0.0,0.0977230817079544
186,0.0,0.1,0.0977230817079544
186,0.0,0.2,0.12451715022325516
186,0.03,0.0,0.11313018202781677
186,0.03,0.1,0.11313018202781677
186,0.03,0.2,0.14152678847312927
186,0.06,0.0,0.11715851724147797
186,0.06,0.1,0.11715851724147797
186,0.06,0.2,0.15198756754398346
186,0.09,0.0,0.11790531128644943
186,0.09,0.1,0.11790531128644943
186,0.09,0.2,0.1634460687637329
186,0.12,0.0,0.1333867609500885
186,0.12,0.1,0.1333867609500885
186,0.12,0.2,0.1597791463136673
186,0.15,0.0,0.14618130028247833
186,0.15,0.1,0.14618130028247833
186,0.15,0.2,0.14399342238903046
187,0.0,0.0,0.1113838255405426
187,0.0,0.1,0.1113838255405426
187,0.0,0.2,0.15330183506011963
187,0.03,0.0,0.13312508165836334
187,0.03,0.1,0.13312508165836334
187,0.03,0.2,0.15584836900234222
187,0.06,0.0,0.13580302894115448
187,0.06,0.1,0.13580302894115448
187,0.06,0.2,0.14392517507076263
187,0.09,0.0,0.12788496911525726
187,0.09,0.1,0.12788496911525726
187,0.09,0.2,0.14812320470809937
187,0.12,0.0,0.14416734874248505
187,0.12,0.1,0.14416734874248505
187,0.12,0.2,0.16578902304172516
187,0.15,0.0,0.15139757096767426
187,0.15,0.1,0.15139757096767426
187,0.15,0.2,0.15331430733203888
188,0.0,0.0,0.11861783266067505
188,0.0,0.1,0.11861783266067505
188,0.0,0.2,0.12821228802204132
188,0.03,0.0,0.12714199721813202
188,0.03,0.1,0.12714199721813202
188,0.03,0.2,0.13817374408245087
188,0.06,0.0,0.14875882863998413
188,0.06,0.1,0.14875882863998413
188,0.06,0.2,0.13875719904899597
188,0.09,0.0,0.14323240518569946
188,0.09,0.1,0.14323240518569946
188,0.09,0.2,0.11130566895008087
188,0.12,0.0,0.14413872361183167
188,0.12,0.1,0.14413872361183167
188,0.12,0.2,0.10350370407104492
188,0.15,0.0,0.12054727971553802
188,0.15,0.1,0.12054727971553802
188,0.15,0.2,0.12186646461486816
189,0.0,0.0,0.10963943600654602
189,0.0,0.1,0.10963943600654602
189,0.0,0.2,0.09474773705005646
189,0.03,0.0,0.09768666326999664
189,0.03,0.1,0.09768666326999664
189,0.03,0.2,0.09377694129943848
189,0.06,0.0,0.09688938409090042
189,0.06,0.1,0.09688938409090042
189,0.06,0.2,0.10742146521806717
189,0.09,0.0,0.09101096540689468
189,0.09,0.1,0.09101096540689468
189,0.09,0.2,0.0949070081114769
189,0.12,0.0,0.10313146561384201
189,0.12,0.1,0.10313146561384201
189,0.12,0.2,0.14100603759288788
189,0.15,0.0,0.09865441918373108
189,0.15,0.1,0.09865441918373108
189,0.15,0.2,0.11633915454149246
19,0.0,0.0,0.08964356034994125
19,0.0,0.1,0.08964356034994125
19,0.0,0.2,0.12491897493600845
19,0.03,0.0,0.09520365297794342
19,0.03,0.1,0.09520365297794342
19,0.03,0.2,0.1093367263674736
19,0.06,0.0,0.11162001639604568
19,0.06,0.1,0.11162001639604568
19,0.06,0.2,0.09162915498018265
19,0.09,0.0,0.10186975449323654
19,0.09,0.1,0.10186975449323654
19,0.09,0.2,0.11106384545564651
19,0.12,0.0,0.11564140766859055
19,0.12,0.1,0.11564140766859055
19,0.12,0.2,0.10873539745807648
19,0.15,0.0,0.10622148215770721
19,0.15,0.1,0.10622148215770721
19,0.15,0.2,0.08997037261724472
190,0.0,0.0,0.10197436809539795
190,0.0,0.1,0.10197436809539795
190,0.0,0.2,0.14847975969314575
190,0.03,0.0,0.11321189999580383
190,0.03,0.1,0.11321189999580383
190,0.03,0.2,0.12654513120651245
190,0.06,0.0,0.13433386385440826
190,0.06,0.1,0.13433386385440826
190,0.06,0.2,0.12188323587179184
190,0.09,0.0,0.15520624816417694
190,0.09,0.1,0.15520624816417694
190,0.09,0.2,0.12549090385437012
190,0.12,0.0,0.13206633925437927
190,0.12,0.1,0.13206633925437927
190,0.12,0.2,0.11466467380523682
190,0.15,0.0,0.11224185675382614
190,0.15,0.1,0.11224185675382614
190,0.15,0.2,0.1186540275812149
191,0.0,0.0,0.11998490244150162
191,0.0,0.1,0.11998490244150162
191,0.0,0.2,0.15042147040367126
191,0.03,0.0,0.12403959035873413
191,0.03,0.1,0.12403959035873413
191,0.03,0.2,0.15233278274536133
191,0.06,0.0,0.14229519665241241
191,0.06,0.1,0.14229519665241241
191,0.06,0.2,0.14404569566249847
191,0.09,0.0,0.14446568489074707
191,0.09,0.1,0.14446568489074707
191,0.09,0.2,0.13726869225502014
191,0.12,0.0,0.1384682059288025
191,0.12,0.1,0.1384682059288025
191,0.12,0.2,0.13121233880519867
191,0.15,0.0,0.10809271037578583
191,0.15,0.1,0.10809271037578583
191,0.15,0.2,0.10944843292236328
192,0.0,0.0,0.1381324827671051
192,0.0,0.1,0.1381324827671051
192,0.0,0.2,0.14581578969955444
192,0.03,0.0,0.10450591146945953
192,0.03,0.1,0.10450591146945953
192,0.03,0.2,0.14418520033359528
192,0.06,0.0,0.10744491219520569
192,0.06,0.1,0.10744491219520569
192,0.06,0.2,0.14923985302448273
192,0.09,0.0,0.11032335460186005
192,0.09,0.1,0.11032335460186005
192,0.09,0.2,0.1533815711736679
192,0.12,0.0,0.11996955424547195
192,0.12,0.1,0.11996955424547195
192,0.12,0.2,0.15750712156295776
192,0.15,0.0,0.12447696924209595
192,0.15,0.1,0.12447696924209595
192,0.15,0.2,0.13007736206054688
193,0.0,0.0,0.10017857700586319
193,0.0,0.1,0.10017857700586319
193,0.0,0.2,0.13514110445976257
193,0.03,0.0,0.10891860723495483
193,0.03,0.1,0.10891860723495483
193,0.03,0.2,0.11249127984046936
193,0.06,0.0,0.11690269410610199
193,0.06,0.1,0.11690269410610199
193,0.06,0.2,0.12751050293445587
193,0.09,0.0,0.12169171124696732
193,0.09,0.1,0.12169171124696732
193,0.09,0.2,0.13129836320877075
193,0.12,0.0,0.1515600085258484
193,0.12,0.1,0.1515600085258484
193,0.12,0.2,0.12431700527667999
193,0.15,0.0,0.10655130445957184
193,0.15,0.1,0.10655130445957184
193,0.15,0.2,0.1279090791940689
194,0.0,0.0,0.0940627008676529
194,0.0,0.1,0.0940627008676529
194,0.0,0.2,0.09867468476295471
194,0.03,0.0,0.09067223221063614
194,0.03,0.1,0.09067223221063614
194,0.03,0.2,0.09277628362178802
194,0.06,0.0,0.09388969838619232
194,0.06,0.1,0.09388969838619232
194,0.06,0.2,0.09345073252916336
194,0.09,0.0,0.09221683442592621
194,0.09,0.1,0.09221683442592621
194,0.09,0.2,0.08169378340244293
194,0.12,0.0,0.08372116088867188
194,0.12,0.1,0.08372116088867188
194,0.12,0.2,0.08735335618257523
194,0.15,0.0,0.08549246191978455
194,0.15,0.1,0.08549246191978455
194,0.15,0.2,0.08450182527303696
195,0.0,0.0,0.10783515870571136
195,0.0,0.1,0.10783515870571136
195,0.0,0.2,0.11091283708810806
195,0.03,0.0,0.10425914078950882
195,0.03,0.1,0.10425914078950882
195,0.03,0.2,0.13391533493995667
195,0.06,0.0,0.10401194542646408
195,0.06,0.1,0.10401194542646408
195,0.06,0.2,0.12061426788568497
195,0.09,0.0,0.09737399965524673
195,0.09,0.1,0.09737399965524673
195,0.09,0.2,0.11074308305978775
195,0.12,0.0,0.09902413189411163
195,0.12,0.1,0.09902413189411163
195,0.12,0.2,0.09731588512659073
195,0.15,0.0,0.10133954137563705
195,0.15,0.1,0.10133954137563705
195,0.15,0.2,0.12601053714752197
196,0.0,0.0,0.09344195574522018
196,0.0,0.1,0.09344195574522018
196,0.0,0.2,0.1322031319141388
196,0.03,0.0,0.11347021162509918
196,0.03,0.1,0.11347021162509918
196,0.03,0.2,0.13667809963226318
196,0.06,0.0,0.12311645597219467
196,0.06,0.1,0.12311645597219467
196,0.06,0.2,0.1318928301334381
196,0.09,0.0,0.12942233681678772
196,0.09,0.1,0.12942233681678772
196,0.09,0.2,0.12539416551589966
196,0.12,0.0,0.12562529742717743
196,0.12,0.1,0.12562529742717743
196,0.12,0.2,0.1117088794708252
196,0.15,0.0,0.11165784299373627
196,0.15,0.1,0.11165784299373627
196,0.15,0.2,0.09284356236457825
197,0.0,0.0,0.10256335884332657
197,0.0,0.1,0.10256335884332657
197,0.0,0.2,0.10853061079978943
197,0.03,0.0,0.08918223530054092
197,0.03,0.1,0.08918223530054092
197,0.03,0.2,0.10155150294303894
197,0.06,0.0,0.09956706315279007
197,0.06,0.1,0.09956706315279007
197,0.06,0.2,0.11292332410812378
197,0.09,0.0,0.09291136264801025
197,0.09,0.1,0.09291136264801025
197,0.09,0.2,0.10798019170761108
197,0.12,0.0,0.11329790204763412
197,0.12,0.1,0.11329790204763412
197,0.12,0.2,0.11067599803209305
197,0.15,0.0,0.09946247190237045
197,0.15,0.1,0.09946247190237045
197,0.15,0.2,0.09721199423074722
198,0.0,0.0,0.1330692321062088
198,0.0,0.1,0.1330692321062088
198,0.0,0.2,0.12370401620864868
198,0.03,0.0,0.09739502519369125
198,0.03,0.1,0.09739502519369125
198,0.03,0.2,0.11899284273386002
198,0.06,0.0,0.11400366574525833
198,0.06,0.1,0.11400366574525833
198,0.06,0.2,0.11646140366792679
198,0.09,0.0,0.11449739336967468
198,0.09,0.1,0.11449739336967468
198,0.09,0.2,0.1217881590127945
198,0.12,0.0,0.11946980655193329
198,0.12,0.1,0.11946980655193329
198,0.12,0.2,0.11649331450462341
198,0.15,0.0,0.10400348156690598
198,0.15,0.1,0.10400348156690598
198,0.15,0.2,0.09838222712278366
199,0.0,0.0,0.14384013414382935
199,0.0,0.1,0.14384013414382935
199,0.0,0.2,0.1541288048028946
199,0.03,0.0,0.14406605064868927
199,0.03,0.1,0.14406605064868927
199,0.03,0.2,0.15297019481658936
199,0.06,0.0,0.1692160665988922
199,0.06,0.1,0.1692160665988922
199,0.06,0.2,0.16427728533744812
199,0.09,0.0,0.1255519986152649
199,0.09,0.1,0.1255519986152649
199,0.09,0.2,0.14255763590335846
199,0.12,0.0,0.13762563467025757
199,0.12,0.1,0.13762563467025757
199,0.12,0.2,0.16812904179096222
199,0.15,0.0,0.1542927324771881
199,0.15,0.1,0.1542927324771881
199,0.15,0.2,0.16025090217590332
2,0.0,0.0,0.10012101382017136
2,0.0,0.1,0.10012101382017136
2,0.0,0.2,0.08914532512426376
2,0.03,0.0,0.10134517401456833
2,0.03,0.1,0.10134517401456833
2,0.03,0.2,0.09949944168329239
2,0.06,0.0,0.0982697457075119
2,0.06,0.1,0.0982697457075119
2,0.06,0.2,0.12986141443252563
2,0.09,0.0,0.10427277535200119
2,0.09,0.1,0.10427277535200119
2,0.09,0.2,0.1054677963256836
2,0.12,0.0,0.08634474873542786
2,0.12,0.1,0.08634474873542786
2,0.12,0.2,0.12796856462955475
2,0.15,0.0,0.09348565340042114
2,0.15,0.1,0.09348565340042114
2,0.15,0.2,0.10520241409540176
20,0.0,0.0,0.12127907574176788
20,0.0,0.1,0.12127907574176788
20,0.0,0.2,0.22116820514202118
20,0.03,0.0,0.16587233543395996
20,0.03,0.1,0.16587233543395996
20,0.03,0.2,0.2301269918680191
20,0.06,0.0,0.21635201573371887
20,0.06,0.1,0.21635201573371887
20,0.06,0.2,0.226912260055542
20,0.09,0.0,0.23449352383613586
20,0.09,0.1,0.23449352383613586
20,0.09,0.2,0.20830003917217255
20,0.12,0.0,0.21495798230171204
20,0.12,0.1,0.21495798230171204
20,0.12,0.2,0.16344241797924042
20,0.15,0.0,0.16859428584575653
20,0.15,0.1,0.16859428584575653
20,0.15,0.2,0.1213546022772789
200,0.0,0.0,0.1007520779967308
200,0.0,0.1,0.1007520779967308
200,0.0,0.2,0.11820618063211441
200,0.03,0.0,0.10893736779689789
200,0.03,0.1,0.10893736779689789
200,0.03,0.2,0.12429698556661606
200,0.06,0.0,0.11430191248655319
200,0.06,0.1,0.11430191248655319
200,0.06,0.2,0.10137408971786499
200,0.09,0.0,0.10019633173942566
200,0.09,0.1,0.10019633173942566
200,0.09,0.2,0.09817846119403839
200,0.12,0.0,0.0988536849617958
200,0.12,0.1,0.0988536849617958
200,0.12,0.2,0.11802736669778824
200,0.15,0.0,0.10626622289419174
200,0.15,0.1,0.10626622289419174
200,0.15,0.2,0.11415301263332367
201,0.0,0.0,0.1153687983751297
201,0.0,0.1,0.1153687983751297
201,0.0,0.2,0.17126810550689697
201,0.03,0.0,0.13269662857055664
201,0.03,0.1,0.13269662857055664
201,0.03,0.2,0.1858360320329666
201,0.06,0.0,0.1782892942428589
201,0.06,0.1,0.1782892942428589
201,0.06,0.2,0.18563565611839294
201,0.09,0.0,0.17950649559497833
201,0.09,0.1,0.17950649559497833
201,0.09,0.2,0.1775776743888855
201,0.12,0.0,0.16694088280200958
201,0.12,0.1,0.16694088280200958
201,0.12,0.2,0.15271320939064026
201,0.15,0.0,0.161866694688797
201,0.15,0.1,0.161866694688797
201,0.15,0.2,0.15047617256641388
202,0.0,0.0,0.09421229362487793
202,0.0,0.1,0.09421229362487793
202,0.0,0.2,0.10246505588293076
202,0.03,0.0,0.09263657033443451
202,0.03,0.1,0.09263657033443451
202,0.03,0.2,0.10961543023586273
202,0.06,0.0,0.09742522984743118
202,0.06,0.1,0.09742522984743118
202,0.06,0.2,0.09294475615024567
202,0.09,0.0,0.10593648254871368
202,0.09,0.1,0.10593648254871368
202,0.09,0.2,0.09810232371091843
202,0.12,0.0,0.09953279048204422
202,0.12,0.1,0.09953279048204422
202,0.12,0.2,0.09151666611433029
202,0.15,0.0,0.10110968351364136
202,0.15,0.1,0.10110968351364136
202,0.15,0.2,0.09825567156076431
203,0.0,0.0,0.08931581676006317
203,0.0,0.1,0.08931581676006317
203,0.0,0.2,0.10719466209411621
203,0.03,0.0,0.10979358851909637
203,0.03,0.1,0.10979358851909637
203,0.03,0.2,0.0879758819937706
203,0.06,0.0,0.105107881128788
203,0.06,0.1,0.105107881128788
203,0.06,0.2,0.11082198470830917
203,0.09,0.0,0.10117445141077042
203,0.09,0.1,0.10117445141077042
203,0.09,0.2,0.11285281926393509
203,0.12,0.0,0.10212621837854385
203,0.12,0.1,0.10212621837854385
203,0.12,0.2,0.11725174635648727
203,0.15,0.0,0.1012931689620018
203,0.15,0.1,0.1012931689620018
203,0.15,0.2,0.11087110638618469
204,0.0,0.0,0.12134882062673569
204,0.0,0.1,0.12134882062673569
204,0.0,0.2,0.1458757221698761
204,0.03,0.0,0.12280850112438202
204,0.03,0.1,0.12280850112438202
204,0.03,0.2,0.1473858803510666
204,0.06,0.0,0.12165909260511398
204,0.06,0.1,0.12165909260511398
204,0.06,0.2,0.13012880086898804
204,0.09,0.0,0.11426110565662384
204,0.09,0.1,0.11426110565662384
204,0.09,0.2,0.10862437635660172
204,0.12,0.0,0.1064092144370079
204,0.12,0.1,0.1064092144370079
204,0.12,0.2,0.10909835994243622
204,0.15,0.0,0.08574087917804718
204,0.15,0.1,0.08574087917804718
204,0.15,0.2,0.08711947500705719
205,0.0,0.0,0.12749622762203217
205,0.0,0.1,0.12749622762203217
205,0.0,0.2,0.20465995371341705
205,0.03,0.0,0.15711824595928192
205,0.03,0.1,0.15711824595928192
205,0.03,0.2,0.20475009083747864
205,0.06,0.0,0.1993979811668396
205,0.06,0.1,0.1993979811668396
205,0.06,0.2,0.199279323220253
205,0.09,0.0,0.2192653864622116
205,0.09,0.1,0.2192653864622116
205,0.09,0.2,0.19499704241752625
205,0.12,0.0,0.18443384766578674
205,0.12,0.1,0.18443384766578674
205,0.12,0.2,0.15023986995220184
205,0.15,0.0,0.14685317873954773
205,0.15,0.1,0.14685317873954773
205,0.15,0.2,0.107328861951828
206,0.0,0.0,0.10270889103412628
206,0.0,0.1,0.10270889103412628
206,0.0,0.2,0.1159907653927803
206,0.03,0.0,0.11861284077167511
206,0.03,0.1,0.11861284077167511
206,0.03,0.2,0.13328176736831665
206,0.06,0.0,0.12187232822179794
206,0.06,0.1,0.12187232822179794
206,0.06,0.2,0.11145566403865814
206,0.09,0.0,0.11361503601074219
206,0.09,0.1,0.11361503601074219
206,0.09,0.2,0.11160633713006973
206,0.12,0.0,0.11392221599817276
206,0.12,0.1,0.11392221599817276
206,0.12,0.2,0.10429783910512924
206,0.15,0.0,0.13071374595165253
206,0.15,0.1,0.13071374595165253
206,0.15,0.2,0.10275820642709732
207,0.0,0.0,0.11108195036649704
207,0.0,0.1,0.11108195036649704
207,0.0,0.2,0.11518546938896179
207,0.03,0.0,0.10639801621437073
207,0.03,0.1,0.10639801621437073
207,0.03,0.2,0.11525362730026245
207,0.06,0.0,0.10298409312963486
207,0.06,0.1,0.10298409312963486
207,0.06,0.2,0.12359987199306488
207,0.09,0.0,0.1004377007484436
207,0.09,0.1,0.1004377007484436
207,0.09,0.2,0.10943776369094849
207,0.12,0.0,0.10315784811973572
207,0.12,0.1,0.10315784811973572
207,0.12,0.2,0.10234268754720688
207,0.15,0.0,0.0997403934597969
207,0.15,0.1,0.0997403934597969
207,0.15,0.2,0.11499304324388504
208,0.0,0.0,0.0881374403834343
208,0.0,0.1,0.0881374403834343
208,0.0,0.2,0.13457819819450378
208,0.03,0.0,0.10885336995124817
208,0.03,0.1,0.10885336995124817
208,0.03,0.2,0.14522020518779755
208,0.06,0.0,0.11580727994441986
208,0.06,0.1,0.11580727994441986
208,0.06,0.2,0.1246776431798935
208,0.09,0.0,0.12495884299278259
208,0.09,0.1,0.12495884299278259
208,0.09,0.2,0.1189807578921318
208,0.12,0.0,0.10939496010541916
208,0.12,0.1,0.10939496010541916
208,0.12,0.2,0.1105821505188942
208,0.15,0.0,0.09985607862472534
208,0.15,0.1,0.09985607862472534
208,0.15,0.2,0.11254778504371643
209,0.0,0.0,0.13669298589229584
209,0.0,0.1,0.13669298589229584
209,0.0,0.2,0.17906557023525238
209,0.03,0.0,0.15759937465190887
209,0.03,0.1,0.15759937465190887
209,0.03,0.2,0.1838962733745575
209,0.06,0.0,0.1571250706911087
209,0.06,0.1,0.1571250706911087
209,0.06,0.2,0.16218219697475433
209,0.09,0.0,0.17513751983642578
209,0.09,0.1,0.17513751983642578
209,0.09,0.2,0.14941877126693726
209,0.12,0.0,0.17245982587337494
209,0.12,0.1,0.17245982587337494
209,0.12,0.2,0.14023259282112122
209,0.15,0.0,0.14810116589069366
209,0.15,0.1,0.14810116589069366
209,0.15,0.2,0.11884096264839172
21,0.0,0.0,0.10187046974897385
21,0.0,0.1,0.10187046974897385
21,0.0,0.2,0.1700284779071808
21,0.03,0.0,0.12697133421897888
21,0.03,0.1,0.12697133421897888
21,0.03,0.2,0.17107175290584564
21,0.06,0.0,0.15292033553123474
21,0.06,0.1,0.15292033553123474
21,0.06,0.2,0.17510077357292175
21,0.09,0.0,0.1540212631225586
21,0.09,0.1,0.1540212631225586
21,0.09,0.2,0.16598284244537354
21,0.12,0.0,0.15021388232707977
21,0.12,0.1,0.15021388232707977
21,0.12,0.2,0.147176131606102
21,0.15,0.0,0.13246215879917145
21,0.15,0.1,0.13246215879917145
21,0.15,0.2,0.12349124252796173
210,0.0,0.0,0.09623119235038757
210,0.0,0.1,0.09623119235038757
210,0.0,0.2,0.14147546887397766
210,0.03,0.0,0.11952272802591324
210,0.03,0.1,0.11952272802591324
210,0.03,0.2,0.14629952609539032
210,0.06,0.0,0.1405353844165802
210,0.06,0.1,0.1405353844165802
210,0.06,0.2,0.1473526954650879
210,0.09,0.0,0.12531213462352753
210,0.09,0.1,0.12531213462352753
210,0.09,0.2,0.12806139886379242
210,0.12,0.0,0.11796271800994873
210,0.12,0.1,0.11796271800994873
210,0.12,0.2,0.10860712826251984
210,0.15,0.0,0.1088622435927391
210,0.15,0.1,0.1088622435927391
210,0.15,0.2,0.08385217934846878
211,0.0,0.0,0.09950178861618042
211,0.0,0.1,0.09950178861618042
211,0.0,0.2,0.121156245470047
211,0.03,0.0,0.1021074503660202
211,0.03,0.1,0.1021074503660202
211,0.03,0.2,0.132961243391037
211,0.06,0.0,0.12034881114959717
211,0.06,0.1,0.12034881114959717
211,0.06,0.2,0.11211777478456497
211,0.09,0.0,0.12838707864284515
211,0.09,0.1,0.12838707864284515
211,0.09,0.2,0.10186174511909485
211,0.12,0.0,0.1122969388961792
211,0.12,0.1,0.1122969388961792
211,0.12,0.2,0.09218750894069672
211,0.15,0.0,0.09199439734220505
211,0.15,0.1,0.09199439734220505
211,0.15,0.2,0.09142965823411942
212,0.0,0.0,0.11431694775819778
212,0.0,0.1,0.11431694775819778
212,0.0,0.2,0.19349609315395355
212,0.03,0.0,0.17954197525978088
212,0.03,0.1,0.17954197525978088
212,0.03,0.2,0.18886113166809082
212,0.06,0.0,0.2093333750963211
212,0.06,0.1,0.2093333750963211
212,0.06,0.2,0.15877820551395416
212,0.09,0.0,0.20347937941551208
212,0.09,0.1,0.20347937941551208
212,0.09,0.2,0.15217866003513336
212,0.12,0.0,0.1541130691766739
212,0.12,0.1,0.1541130691766739
212,0.12,0.2,0.12177768349647522
212,0.15,0.0,0.11754365265369415
212,0.15,0.1,0.11754365265369415
212,0.15,0.2,0.09238898754119873
213,0.0,0.0,0.12120651453733444
213,0.0,0.1,0.12120651453733444
213,0.0,0.2,0.13797447085380554
213,0.03,0.0,0.11370468884706497
213,0.03,0.1,0.11370468884706497
213,0.03,0.2,0.15555548667907715
213,0.06,0.0,0.11423584073781967
213,0.06,0.1,0.11423584073781967
213,0.06,0.2,0.15825849771499634
213,0.09,0.0,0.11912968009710312
213,0.09,0.1,0.11912968009710312
213,0.09,0.2,0.1672324240207672
213,0.12,0.0,0.1378869116306305
213,0.12,0.1,0.1378869116306305
213,0.12,0.2,0.18404214084148407
213,0.15,0.0,0.1420867145061493
213,0.15,0.1,0.1420867145061493
213,0.15,0.2,0.20338310301303864
214,0.0,0.0,0.14342516660690308
214,0.0,0.1,0.14342516660690308
214,0.0,0.2,0.15373054146766663
214,0.03,0.0,0.13421332836151123
214,0.03,0.1,0.13421332836151123
214,0.03,0.2,0.1444813460111618
214,0.06,0.0,0.14585478603839874
214,0.06,0.1,0.14585478603839874
214,0.06,0.2,0.1310441941022873
214,0.09,0.0,0.1425037533044815
214,0.09,0.1,0.1425037533044815
214,0.09,0.2,0.11782148480415344
214,0.12,0.0,0.11132389307022095
214,0.12,0.1,0.11132389307022095
214,0.12,0.2,0.12147954106330872
214,0.15,0.0,0.10223589837551117
214,0.15,0.1,0.10223589837551117
214,0.15,0.2,0.11650858074426651
215,0.0,0.0,0.10877233743667603
215,0.0,0.1,0.10877233743667603
215,0.0,0.2,0.09434836357831955
215,0.03,0.0,0.10891424119472504
215,0.03,0.1,0.10891424119472504
215,0.03,0.2,0.08919686079025269
215,0.06,0.0,0.1003265380859375
215,0.06,0.1,0.1003265380859375
215,0.06,0.2,0.08572825789451599
215,0.09,0.0,0.09614807367324829
215,0.09,0.1,0.09614807367324829
215,0.09,0.2,0.09056989848613739
215,0.12,0.0,0.09307893365621567
215,0.12,0.1,0.09307893365621567
215,0.12,0.2,0.08792831003665924
215,0.15,0.0,0.09724190086126328
215,0.15,0.1,0.09724190086126328
215,0.15,0.2,0.09391629695892334
216,0.0,0.0,0.09385406970977783
216,0.0,0.1,0.09385406970977783
216,0.0,0.2,0.1765526384115219
216,0.03,0.0,0.11901899427175522
216,0.03,0.1,0.11901899427175522
216,0.03,0.2,0.18921038508415222
216,0.06,0.0,0.1772196739912033
216,0.06,0.1,0.1772196739912033
216,0.06,0.2,0.17784267663955688
216,0.09,0.0,0.21038973331451416
216,0.09,0.1,0.21038973331451416
216,0.09,0.2,0.15957975387573242
216,0.12,0.0,0.19299671053886414
216,0.12,0.1,0.19299671053886414
216,0.12,0.2,0.1327124983072281
216,0.15,0.0,0.1335439532995224
216,0.15,0.1,0.1335439532995224
216,0.15,0.2,0.10150504112243652
217,0.0,0.0,0.10303889214992523
217,0.0,0.1,0.10303889214992523
217,0.0,0.2,0.09840570390224457
217,0.03,0.0,0.08942466229200363
217,0.03,0.1,0.08942466229200363
217,0.03,0.2,0.10550523549318314
217,0.06,0.0,0.08862931281328201
217,0.06,0.1,0.08862931281328201
217,0.06,0.2,0.09422241151332855
217,0.09,0.0,0.09469414502382278
217,0.09,0.1,0.09469414502382278
217,0.09,0.2,0.10463381558656693
217,0.12,0.0,0.10450899600982666
217,0.12,0.1,0.10450899600982666
217,0.12,0.2,0.11168826371431351
217,0.15,0.0,0.10334593057632446
217,0.15,0.1,0.10334593057632446
217,0.15,0.2,0.1408519297838211
218,0.0,0.0,0.09431163966655731
218,0.0,0.1,0.09431163966655731
218,0.0,0.2,0.10872799903154373
218,0.03,0.0,0.08615097403526306
218,0.03,0.1,0.08615097403526306
218,0.03,0.2,0.10092281550168991
218,0.06,0.0,0.09013708680868149
218,0.06,0.1,0.09013708680868149
218,0.06,0.2,0.11645383387804031
218,0.09,0.0,0.10939452797174454
218,0.09,0.1,0.10939452797174454
218,0.09,0.2,0.1135219857096672
218,0.12,0.0,0.10032633692026138
218,0.12,0.1,0.10032633692026138
218,0.12,0.2,0.1007896438241005
218,0.15,0.0,0.09329112619161606
218,0.15,0.1,0.09329112619161606
218,0.15,0.2,0.09834650158882141
219,0.0,0.0,0.10951800644397736
219,0.0,0.1,0.10951800644397736
219,0.0,0.2,0.13622672855854034
219,0.03,0.0,0.10211088508367538
219,0.03,0.1,0.10211088508367538
219,0.03,0.2,0.12860804796218872
219,0.06,0.0,0.1176605373620987
219,0.06,0.1,0.1176605373620987
219,0.06,0.2,0.13014981150627136
219,0.09,0.0,0.11331164836883545
219,0.09,0.1,0.11331164836883545
219,0.09,0.2,0.10548972338438034
219,0.12,0.0,0.12257222831249237
219,0.12,0.1,0.12257222831249237
219,0.12,0.2,0.09755610674619675
219,0.15,0.0,0.10565005987882614
219,0.15,0.1,0.10565005987882614
219,0.15,0.2,0.1068231537938118
22,0.0,0.0,0.10443461686372757
22,0.0,0.1,0.10443461686372757
22,0.0,0.2,0.11136678606271744
22,0.03,0.0,0.11683661490678787
22,0.03,0.1,0.11683661490678787
22,0.03,0.2,0.12142477929592133
22,0.06,0.0,0.1124722883105278
22,0.06,0.1,0.1124722883105278
22,0.06,0.2,0.13935501873493195
22,0.09,0.0,0.10637055337429047
22,0.09,0.1,0.10637055337429047
22,0.09,0.2,0.10614548623561859
22,0.12,0.0,0.11026009917259216
22,0.12,0.1,0.11026009917259216
22,0.12,0.2,0.10180911421775818
22,0.15,0.0,0.1038355752825737
22,0.15,0.1,0.1038355752825737
22,0.15,0.2,0.09137702733278275
220,0.0,0.0,0.10608994960784912
220,0.0,0.1,0.10608994960784912
220,0.0,0.2,0.11664057523012161
220,0.03,0.0,0.10173121094703674
220,0.03,0.1,0.10173121094703674
220,0.03,0.2,0.10679057985544205
220,0.06,0.0,0.09985446184873581
220,0.06,0.1,0.09985446184873581
220,0.06,0.2,0.11426911503076553
220,0.09,0.0,0.10979282855987549
220,0.09,0.1,0.10979282855987549
220,0.09,0.2,0.0945209264755249
220,0.12,0.0,0.09382705390453339
220,0.12,0.1,0.09382705390453339
220,0.12,0.2,0.09174405783414841
220,0.15,0.0,0.09438561648130417
220,0.15,0.1,0.09438561648130417
220,0.15,0.2,0.09424467384815216
221,0.0,0.0,0.09185425192117691
221,0.0,0.1,0.09185425192117691
221,0.0,0.2,0.09623837471008301
221,0.03,0.0,0.08839736878871918
221,0.03,0.1,0.08839736878871918
221,0.03,0.2,0.09450329840183258
221,0.06,0.0,0.09215472638607025
221,0.06,0.1,0.09215472638607025
221,0.06,0.2,0.10182460397481918
221,0.09,0.0,0.0948290079832077
221,0.09,0.1,0.0948290079832077
221,0.09,0.2,0.1104542687535286
221,0.12,0.0,0.09073349088430405
221,0.12,0.1,0.09073349088430405
221,0.12,0.2,0.09583093971014023
221,0.15,0.0,0.09107226878404617
221,0.15,0.1,0.09107226878404617
221,0.15,0.2,0.09491460025310516
222,0.0,0.0,0.11776890605688095
222,0.0,0.1,0.11776890605688095
222,0.0,0.2,0.1223171278834343
222,0.03,0.0,0.1272733062505722
222,0.03,0.1,0.1272733062505722
222,0.03,0.2,0.13542909920215607
222,0.06,0.0,0.12977364659309387
222,0.06,0.1,0.12977364659309387
222,0.06,0.2,0.13806314766407013
222,0.09,0.0,0.12966172397136688
222,0.09,0.1,0.12966172397136688
222,0.09,0.2,0.14559736847877502
222,0.12,0.0,0.13425475358963013
222,0.12,0.1,0.13425475358963013
222,0.12,0.2,0.1641545295715332
222,0.15,0.0,0.13099965453147888
222,0.15,0.1,0.13099965453147888
222,0.15,0.2,0.15446138381958008
223,0.0,0.0,0.12189139425754547
223,0.0,0.1,0.12189139425754547
223,0.0,0.2,0.1076081246137619
223,0.03,0.0,0.12866485118865967
223,0.03,0.1,0.12866485118865967
223,0.03,0.2,0.11418407410383224
223,0.06,0.0,0.12714993953704834
223,0.06,0.1,0.12714993953704834
223,0.06,0.2,0.11282487958669662
223,0.09,0.0,0.11840397864580154
223,0.09,0.1,0.11840397864580154
223,0.09,0.2,0.10768929123878479
223,0.12,0.0,0.10763140767812729
223,0.12,0.1,0.10763140767812729
223,0.12,0.2,0.0935557410120964
223,0.15,0.0,0.11711882054805756
223,0.15,0.1,0.11711882054805756
223,0.15,0.2,0.0843985304236412
224,0.0,0.0,0.10374389588832855
224,0.0,0.1,0.10374389588832855
224,0.0,0.2,0.17803309857845306
224,0.03,0.0,0.15777495503425598
224,0.03,0.1,0.15777495503425598
224,0.03,0.2,0.1991797834634781
224,0.06,0.0,0.19324228167533875
224,0.06,0.1,0.19324228167533875
224,0.06,0.2,0.1797366440296173
224,0.09,0.0,0.20416857302188873
224,0.09,0.1,0.20416857302188873
224,0.09,0.2,0.1666867434978485
224,0.12,0.0,0.17998047173023224
224,0.12,0.1,0.17998047173023224
224,0.12,0.2,0.1341276317834854
224,0.15,0.0,0.13987267017364502
224,0.15,0.1,0.13987267017364502
224,0.15,0.2,0.12141311168670654
225,0.0,0.0,0.11314677447080612
225,0.0,0.1,0.11314677447080612
225,0.0,0.2,0.1374664008617401
225,0.03,0.0,0.11408203840255737
225,0.03,0.1,0.11408203840255737
225,0.03,0.2,0.12513497471809387
225,0.06,0.0,0.12126729637384415
225,0.06,0.1,0.12126729637384415
225,0.06,0.2,0.11589032411575317
225,0.09,0.0,0.11549489945173264
225,0.09,0.1,0.11549489945173264
225,0.09,0.2,0.12150087207555771
225,0.12,0.0,0.0949508473277092
225,0.12,0.1,0.0949508473277092
225,0.12,0.2,0.1134071871638298
225,0.15,0.0,0.10074446350336075
225,0.15,0.1,0.10074446350336075
225,0.15,0.2,0.13186737895011902
226,0.0,0.0,0.15541058778762817
226,0.0,0.1,0.15541058778762817
226,0.0,0.2,0.257280558347702
226,0.03,0.0,0.20378407835960388
226,0.03,0.1,0.20378407835960388
226,0.03,0.2,0.2723011374473572
226,0.06,0.0,0.231532484292984
226,0.06,0.1,0.231532484292984
226,0.06,0.2,0.2599821090698242
226,0.09,0.0,0.2468596249818802
226,0.09,0.1,0.2468596249818802
226,0.09,0.2,0.25029465556144714
226,0.12,0.0,0.22966940701007843
226,0.12,0.1,0.22966940701007843
226,0.12,0.2,0.2081829309463501
226,0.15,0.0,0.20083515346050262
226,0.15,0.1,0.20083515346050262
226,0.15,0.2,0.16847704350948334
227,0.0,0.0,0.12722913920879364
227,0.0,0.1,0.12722913920879364
227,0.0,0.2,0.166405588388443
227,0.03,0.0,0.12172345072031021
227,0.03,0.1,0.12172345072031021
227,0.03,0.2,0.1755189597606659
227,0.06,0.0,0.1390347182750702
227,0.06,0.1,0.1390347182750702
227,0.06,0.2,0.17554356157779694
227,0.09,0.0,0.1454935073852539
227,0.09,0.1,0.1454935073852539
227,0.09,0.2,0.17548181116580963
227,0.12,0.0,0.14147721230983734
227,0.12,0.1,0.14147721230983734
227,0.12,0.2,0.16103152930736542
227,0.15,0.0,0.14029477536678314
227,0.15,0.1,0.14029477536678314
227,0.15,0.2,0.18086762726306915
228,0.0,0.0,0.10565534979104996
228,0.0,0.1,0.10565534979104996
228,0.0,0.2,0.1145981177687645
228,0.03,0.0,0.10329664498567581
228,0.03,0.1,0.10329664498567581
228,0.03,0.2,0.10999677330255508
228,0.06,0.0,0.09688417613506317
228,0.06,0.1,0.09688417613506317
228,0.06,0.2,0.10535784810781479
228,0.09,0.0,0.10137270390987396
228,0.09,0.1,0.10137270390987396
228,0.09,0.2,0.09994813054800034
228,0.12,0.0,0.1126222163438797
228,0.12,0.1,0.1126222163438797
228,0.12,0.2,0.10894156992435455
228,0.15,0.0,0.0976390615105629
228,0.15,0.1,0.0976390615105629
228,0.15,0.2,0.09654762595891953
229,0.0,0.0,0.14041537046432495
229,0.0,0.1,0.14041537046432495
229,0.0,0.2,0.11579899489879608
229,0.03,0.0,0.10440342873334885
229,0.03,0.1,0.10440342873334885
229,0.03,0.2,0.11196936666965485
229,0.06,0.0,0.13193561136722565
229,0.06,0.1,0.13193561136722565
229,0.06,0.2,0.14034666121006012
229,0.09,0.0,0.10652592033147812
229,0.09,0.1,0.10652592033147812
229,0.09,0.2,0.11164061725139618
229,0.12,0.0,0.10771332681179047
229,0.12,0.1,0.10771332681179047
229,0.12,0.2,0.1283920705318451
229,0.15,0.0,0.10823775827884674
229,0.15,0.1,0.10823775827884674
229,0.15,0.2,0.1212051510810852
23,0.0,0.0,0.12045727670192719
23,0.0,0.1,0.12045727670192719
23,0.0,0.2,0.10181470215320587
23,0.03,0.0,0.13211025297641754
23,0.03,0.1,0.13211025297641754
23,0.03,0.2,0.0993977040052414
23,0.06,0.0,0.09992369264364243
23,0.06,0.1,0.09992369264364243
23,0.06,0.2,0.09964858740568161
23,0.09,0.0,0.10816817730665207
23,0.09,0.1,0.10816817730665207
23,0.09,0.2,0.09938143193721771
23,0.12,0.0,0.10158319026231766
23,0.12,0.1,0.10158319026231766
23,0.12,0.2,0.09132160246372223
23,0.15,0.0,0.10437513142824173
23,0.15,0.1,0.10437513142824173
23,0.15,0.2,0.09793420881032944
230,0.0,0.0,0.13183125853538513
230,0.0,0.1,0.13183125853538513
230,0.0,0.2,0.09840665757656097
230,0.03,0.0,0.14132629334926605
230,0.03,0.1,0.14132629334926605
230,0.03,0.2,0.1082531288266182
230,0.06,0.0,0.1371423602104187
230,0.06,0.1,0.1371423602104187
230,0.06,0.2,0.10264542698860168
230,0.09,0.0,0.12215479463338852
230,0.09,0.1,0.12215479463338852
230,0.09,0.2,0.10391392558813095
230,0.12,0.0,0.1287064403295517
230,0.12,0.1,0.1287064403295517
230,0.12,0.2,0.0980215072631836
230,0.15,0.0,0.11423853784799576
230,0.15,0.1,0.11423853784799576
230,0.15,0.2,0.10149194300174713
231,0.0,0.0,0.08877301216125488
231,0.0,0.1,0.08877301216125488
231,0.0,0.2,0.10903891921043396
231,0.03,0.0,0.08790936321020126
231,0.03,0.1,0.08790936321020126
231,0.03,0.2,0.08868247270584106
231,0.06,0.0,0.106290303170681
231,0.06,0.1,0.106290303170681
231,0.06,0.2,0.10362278670072556
231,0.09,0.0,0.10057251900434494
231,0.09,0.1,0.10057251900434494
231,0.09,0.2,0.10300936549901962
231,0.12,0.0,0.11092811822891235
231,0.12,0.1,0.11092811822891235
231,0.12,0.2,0.10422401130199432
231,0.15,0.0,0.10994676500558853
231,0.15,0.1,0.10994676500558853
231,0.15,0.2,0.10818468034267426
232,0.0,0.0,0.09509292244911194
232,0.0,0.1,0.09509292244911194
232,0.0,0.2,0.09797951579093933
232,0.03,0.0,0.08177075535058975
232,0.03,0.1,0.08177075535058975
232,0.03,0.2,0.1011601984500885
232,0.06,0.0,0.12741237878799438
232,0.06,0.1,0.12741237878799438
232,0.06,0.2,0.12008687853813171
232,0.09,0.0,0.09223104268312454
232,0.09,0.1,0.09223104268312454
232,0.09,0.2,0.09994207322597504
232,0.12,0.0,0.09332232177257538
232,0.12,0.1,0.09332232177257538
232,0.12,0.2,0.1094091609120369
232,0.15,0.0,0.11036774516105652
232,0.15,0.1,0.11036774516105652
232,0.15,0.2,0.10677254945039749
233,0.0,0.0,0.09743642061948776
233,0.0,0.1,0.09743642061948776
233,0.0,0.2,0.09067708998918533
233,0.03,0.0,0.11062753945589066
233,0.03,0.1,0.11062753945589066
233,0.03,0.2,0.08750002086162567
233,0.06,0.0,0.09968355298042297
233,0.06,0.1,0.09968355298042297
233,0.06,0.2,0.09888298809528351
233,0.09,0.0,0.10733480006456375
233,0.09,0.1,0.10733480006456375
233,0.09,0.2,0.10690773278474808
233,0.12,0.0,0.09893658012151718
233,0.12,0.1,0.09893658012151718
233,0.12,0.2,0.11301489174365997
233,0.15,0.0,0.11789267510175705
233,0.15,0.1,0.11789267510175705
233,0.15,0.2,0.11085812747478485
234,0.0,0.0,0.1444450169801712
234,0.0,0.1,0.1444450169801712
234,0.0,0.2,0.2560918629169464
234,0.03,0.0,0.19606082141399384
234,0.03,0.1,0.19606082141399384
234,0.03,0.2,0.2687514126300812
234,0.06,0.0,0.2411288470029831
234,0.06,0.1,0.2411288470029831
234,0.06,0.2,0.2556856572628021
234,0.09,0.0,0.2670268714427948
234,0.09,0.1,0.2670268714427948
234,0.09,0.2,0.2390582412481308
234,0.12,0.0,0.25901731848716736
234,0.12,0.1,0.25901731848716736
234,0.12,0.2,0.20267260074615479
234,0.15,0.0,0.21479763090610504
234,0.15,0.1,0.21479763090610504
234,0.15,0.2,0.14436469972133636
235,0.0,0.0,0.1444506049156189
235,0.0,0.1,0.1444506049156189
235,0.0,0.2,0.13248512148857117
235,0.03,0.0,0.17008571326732635
235,0.03,0.1,0.17008571326732635
235,0.03,0.2,0.1168031245470047
235,0.06,0.0,0.201078400015831
235,0.06,0.1,0.201078400015831
235,0.06,0.2,0.11809701472520828
235,0.09,0.0,0.1961926817893982
235,0.09,0.1,0.1961926817893982
235,0.09,0.2,0.12418035417795181
235,0.12,0.0,0.14915479719638824
235,0.12,0.1,0.14915479719638824
235,0.12,0.2,0.1078498512506485
235,0.15,0.0,0.12642551958560944
235,0.15,0.1,0.12642551958560944
235,0.15,0.2,0.12020576745271683
236,0.0,0.0,0.09817181527614594
236,0.0,0.1,0.09817181527614594
236,0.0,0.2,0.0997626930475235
236,0.03,0.0,0.10423899441957474
236,0.03,0.1,0.10423899441957474
236,0.03,0.2,0.1006847396492958
236,0.06,0.0,0.11069221794605255
236,0.06,0.1,0.11069221794605255
236,0.06,0.2,0.10112522542476654
236,0.09,0.0,0.1167927011847496
236,0.09,0.1,0.1167927011847496
236,0.09,0.2,0.10340554267168045
236,0.12,0.0,0.10702958703041077
236,0.12,0.1,0.10702958703041077
236,0.12,0.2,0.09592296183109283
236,0.15,0.0,0.08765304088592529
236,0.15,0.1,0.08765304088592529
236,0.15,0.2,0.10692024230957031
237,0.0,0.0,0.10924544185400009
237,0.0,0.1,0.10924544185400009
237,0.0,0.2,0.09726573526859283
237,0.03,0.0,0.12768706679344177
237,0.03,0.1,0.12768706679344177
237,0.03,0.2,0.13921117782592773
237,0.06,0.0,0.11075551807880402
237,0.06,0.1,0.11075551807880402
237,0.06,0.2,0.1116892397403717
237,0.09,0.0,0.10458526760339737
237,0.09,0.1,0.10458526760339737
237,0.09,0.2,0.12609049677848816
237,0.12,0.0,0.10175907611846924
237,0.12,0.1,0.10175907611846924
237,0.12,0.2,0.09736577421426773
237,0.15,0.0,0.11427952349185944
237,0.15,0.1,0.11427952349185944
237,0.15,0.2,0.11347014456987381
238,0.0,0.0,0.10539788752794266
238,0.0,0.1,0.10539788752794266
238,0.0,0.2,0.11646036803722382
238,0.03,0.0,0.09815146774053574
238,0.03,0.1,0.09815146774053574
238,0.03,0.2,0.109662726521492
238,0.06,0.0,0.0956447571516037
238,0.06,0.1,0.0956447571516037
238,0.06,0.2,0.109672412276268
238,0.09,0.0,0.0896412655711174
238,0.09,0.1,0.0896412655711174
238,0.09,0.2,0.10111910849809647
238,0.12,0.0,0.08093319833278656
238,0.12,0.1,0.08093319833278656
238,0.12,0.2,0.08931731432676315
238,0.15,0.0,0.08108370751142502
238,0.15,0.1,0.08108370751142502
238,0.15,0.2,0.08968210965394974
239,0.0,0.0,0.11163513362407684
239,0.0,0.1,0.11163513362407684
239,0.0,0.2,0.11271793395280838
239,0.03,0.0,0.1002381220459938
239,0.03,0.1,0.1002381220459938
239,0.03,0.2,0.11189404875040054
239,0.06,0.0,0.11976688355207443
239,0.06,0.1,0.11976688355207443
239,0.06,0.2,0.11098272353410721
239,0.09,0.0,0.11379513144493103
239,0.09,0.1,0.11379513144493103
239,0.09,0.2,0.11436234414577484
239,0.12,0.0,0.10074808448553085
239,0.12,0.1,0.10074808448553085
239,0.12,0.2,0.09296609461307526
239,0.15,0.0,0.08523191511631012
239,0.15,0.1,0.08523191511631012
239,0.15,0.2,0.10826078802347183
24,0.0,0.0,0.12158124148845673
24,0.0,0.1,0.12158124148845673
24,0.0,0.2,0.12107141315937042
24,0.03,0.0,0.11363696306943893
24,0.03,0.1,0.11363696306943893
24,0.03,0.2,0.11823471635580063
24,0.06,0.0,0.12349709123373032
24,0.06,0.1,0.12349709123373032
24,0.06,0.2,0.10860106348991394
24,0.09,0.0,0.11899124830961227
24,0.09,0.1,0.11899124830961227
24,0.09,0.2,0.10109172761440277
24,0.12,0.0,0.12124354392290115
24,0.12,0.1,0.12124354392290115
24,0.12,0.2,0.15009981393814087
24,0.15,0.0,0.10736074298620224
24,0.15,0.1,0.10736074298620224
24,0.15,0.2,0.11971625685691833
240,0.0,0.0,0.10269282758235931
240,0.0,0.1,0.10269282758235931
240,0.0,0.2,0.13524720072746277
240,0.03,0.0,0.10998723655939102
240,0.03,0.1,0.10998723655939102
240,0.03,0.2,0.13587796688079834
240,0.06,0.0,0.11028124392032623
240,0.06,0.1,0.11028124392032623
240,0.06,0.2,0.13024799525737762
240,0.09,0.0,0.10683317482471466
240,0.09,0.1,0.10683317482471466
240,0.09,0.2,0.11964467167854309
240,0.12,0.0,0.11160776019096375
240,0.12,0.1,0.11160776019096375
240,0.12,0.2,0.10626088082790375
240,0.15,0.0,0.10562917590141296
240,0.15,0.1,0.10562917590141296
240,0.15,0.2,0.11961842328310013
241,0.0,0.0,0.08904889225959778
241,0.0,0.1,0.08904889225959778
241,0.0,0.2,0.10580620169639587
241,0.03,0.0,0.09581462293863297
241,0.03,0.1,0.09581462293863297
241,0.03,0.2,0.08834683150053024
241,0.06,0.0,0.10095147788524628
241,0.06,0.1,0.10095147788524628
241,0.06,0.2,0.09297997504472733
241,0.09,0.0,0.08627728372812271
241,0.09,0.1,0.08627728372812271
241,0.09,0.2,0.09320107847452164
241,0.12,0.0,0.08882357180118561
241,0.12,0.1,0.08882357180118561
241,0.12,0.2,0.09469052404165268
241,0.15,0.0,0.09035468846559525
241,0.15,0.1,0.09035468846559525
241,0.15,0.2,0.09042396396398544
242,0.0,0.0,0.08836391568183899
242,0.0,0.1,0.08836391568183899
242,0.0,0.2,0.08090326935052872
242,0.03,0.0,0.08679909259080887
242,0.03,0.1,0.08679909259080887
242,0.03,0.2,0.09710653871297836
242,0.06,0.0,0.08530498296022415
242,0.06,0.1,0.08530498296022415
242,0.06,0.2,0.09061139822006226
242,0.09,0.0,0.08831775188446045
242,0.09,0.1,0.08831775188446045
242,0.09,0.2,0.08620021492242813
242,0.12,0.0,0.096685491502285
242,0.12,0.1,0.096685491502285
242,0.12,0.2,0.09707293659448624
242,0.15,0.0,0.0858231857419014
242,0.15,0.1,0.0858231857419014
242,0.15,0.2,0.09290959686040878
243,0.0,0.0,0.09829344600439072
243,0.0,0.1,0.09829344600439072
243,0.0,0.2,0.09799306094646454
243,0.03,0.0,0.1305617094039917
243,0.03,0.1,0.1305617094039917
243,0.03,0.2,0.09134169667959213
243,0.06,0.0,0.1381925642490387
243,0.06,0.1,0.1381925642490387
243,0.06,0.2,0.11532311141490936
243,0.09,0.0,0.13725942373275757
243,0.09,0.1,0.13725942373275757
243,0.09,0.2,0.10762053728103638
243,0.12,0.0,0.123747318983078
243,0.12,0.1,0.123747318983078
243,0.12,0.2,0.09605048596858978
243,0.15,0.0,0.10500530898571014
243,0.15,0.1,0.10500530898571014
243,0.15,0.2,0.0925290584564209
244,0.0,0.0,0.09541307389736176
244,0.0,0.1,0.09541307389736176
244,0.0,0.2,0.14931164681911469
244,0.03,0.0,0.13434165716171265
244,0.03,0.1,0.13434165716171265
244,0.03,0.2,0.16219636797904968
244,0.06,0.0,0.15553762018680573
244,0.06,0.1,0.15553762018680573
244,0.06,0.2,0.162650927901268
244,0.09,0.0,0.15860602259635925
244,0.09,0.1,0.15860602259635925
244,0.09,0.2,0.14548559486865997
244,0.12,0.0,0.1383698433637619
244,0.12,0.1,0.1383698433637619
244,0.12,0.2,0.11890848726034164
244,0.15,0.0,0.11166343092918396
244,0.15,0.1,0.11166343092918396
244,0.15,0.2,0.09261897206306458
245,0.0,0.0,0.13397355377674103
245,0.0,0.1,0.13397355377674103
245,0.0,0.2,0.1867305487394333
245,0.03,0.0,0.15521222352981567
245,0.03,0.1,0.15521222352981567
245,0.03,0.2,0.1654627025127411
245,0.06,0.0,0.18054638803005219
245,0.06,0.1,0.18054638803005219
245,0.06,0.2,0.14697211980819702
245,0.09,0.0,0.20772787928581238
245,0.09,0.1,0.20772787928581238
245,0.09,0.2,0.15230192244052887
245,0.12,0.0,0.17520110309123993
245,0.12,0.1,0.17520110309123993
245,0.12,0.2,0.11132792383432388
245,0.15,0.0,0.12077707797288895
245,0.15,0.1,0.12077707797288895
245,0.15,0.2,0.11215369403362274
246,0.0,0.0,0.10954096168279648
246,0.0,0.1,0.10954096168279648
246,0.0,0.2,0.11413636803627014
246,0.03,0.0,0.12866967916488647
246,0.03,0.1,0.12866967916488647
246,0.03,0.2,0.13666708767414093
246,0.06,0.0,0.14005184173583984
246,0.06,0.1,0.14005184173583984
246,0.06,0.2,0.12668201327323914
246,0.09,0.0,0.11425160616636276
246,0.09,0.1,0.11425160616636276
246,0.09,0.2,0.13067764043807983
246,0.12,0.0,0.10894773155450821
246,0.12,0.1,0.10894773155450821
246,0.12,0.2,0.13189800083637238
246,0.15,0.0,0.1116560846567154
246,0.15,0.1,0.1116560846567154
246,0.15,0.2,0.12328597158193588
247,0.0,0.0,0.12040024250745773
247,0.0,0.1,0.12040024250745773
247,0.0,0.2,0.18900717794895172
247,0.03,0.0,0.14624430239200592
247,0.03,0.1,0.14624430239200592
247,0.03,0.2,0.19663292169570923
247,0.06,0.0,0.17041237652301788
247,0.06,0.1,0.17041237652301788
247,0.06,0.2,0.1886783093214035
247,0.09,0.0,0.1839977204799652
247,0.09,0.1,0.1839977204799652
247,0.09,0.2,0.17026053369045258
247,0.12,0.0,0.16958053410053253
247,0.12,0.1,0.16958053410053253
247,0.12,0.2,0.1253255307674408
247,0.15,0.0,0.1439918428659439
247,0.15,0.1,0.1439918428659439
247,0.15,0.2,0.0950922966003418
248,0.0,0.0,0.20450536906719208
248,0.0,0.1,0.20450536906719208
248,0.0,0.2,0.25483155250549316
248,0.03,0.0,0.22166195511817932
248,0.03,0.1,0.22166195511817932
248,0.03,0.2,0.2545996308326721
248,0.06,0.0,0.21357972919940948
248,0.06,0.1,0.21357972919940948
248,0.06,0.2,0.27129071950912476
248,0.09,0.0,0.24220533668994904
248,0.09,0.1,0.24220533668994904
248,0.09,0.2,0.2739381492137909
248,0.12,0.0,0.26109880208969116
248,0.12,0.1,0.26109880208969116
248,0.12,0.2,0.2814864218235016
248,0.15,0.0,0.23208209872245789
248,0.15,0.1,0.23208209872245789
248,0.15,0.2,0.24937140941619873
249,0.0,0.0,0.10415446758270264
249,0.0,0.1,0.10415446758270264
249,0.0,0.2,0.1323937177658081
249,0.03,0.0,0.1098170056939125
249,0.03,0.1,0.1098170056939125
249,0.03,0.2,0.14250056445598602
249,0.06,0.0,0.10491909086704254
249,0.06,0.1,0.10491909086704254
249,0.06,0.2,0.14135700464248657
249,0.09,0.0,0.11145107448101044
249,0.09,0.1,0.11145107448101044
249,0.09,0.2,0.17203745245933533
249,0.12,0.0,0.10268742591142654
249,0.12,0.1,0.10268742591142654
249,0.12,0.2,0.153011754155159
249,0.15,0.0,0.11576467007398605
249,0.15,0.1,0.11576467007398605
249,0.15,0.2,0.12780888378620148
25,0.0,0.0,0.1108112707734108
25,0.0,0.1,0.1108112707734108
25,0.0,0.2,0.23808249831199646
25,0.03,0.0,0.1486084908246994
25,0.03,0.1,0.1486084908246994
25,0.03,0.2,0.2494482398033142
25,0.06,0.0,0.23630355298519135
25,0.06,0.1,0.23630355298519135
25,0.06,0.2,0.24891717731952667
25,0.09,0.0,0.28503912687301636
25,0.09,0.1,0.28503912687301636
25,0.09,0.2,0.2288104146718979
25,0.12,0.0,0.2654813826084137
25,0.12,0.1,0.2654813826084137
25,0.12,0.2,0.18511073291301727
25,0.15,0.0,0.2114032357931137
25,0.15,0.1,0.2114032357931137
25,0.15,0.2,0.14227384328842163
250,0.0,0.0,0.10760201513767242
250,0.0,0.1,0.10760201513767242
250,0.0,0.2,0.15246671438217163
250,0.03,0.0,0.11195576936006546
250,0.03,0.1,0.11195576936006546
250,0.03,0.2,0.1360631287097931
250,0.06,0.0,0.13221211731433868
250,0.06,0.1,0.13221211731433868
250,0.06,0.2,0.10523541271686554
250,0.09,0.0,0.14686518907546997
250,0.09,0.1,0.14686518907546997
250,0.09,0.2,0.1063489317893982
250,0.12,0.0,0.10489759594202042
250,0.12,0.1,0.10489759594202042
250,0.12,0.2,0.11452643573284149
250,0.15,0.0,0.10418641567230225
250,0.15,0.1,0.10418641567230225
250,0.15,0.2,0.10506889969110489
251,0.0,0.0,0.18152238428592682
251,0.0,0.1,0.18152238428592682
251,0.0,0.2,0.17165745794773102
251,0.03,0.0,0.14169277250766754
251,0.03,0.1,0.14169277250766754
251,0.03,0.2,0.14820100367069244
251,0.06,0.0,0.13936437666416168
251,0.06,0.1,0.13936437666416168
251,0.06,0.2,0.12464495003223419
251,0.09,0.0,0.14881542325019836
251,0.09,0.1,0.14881542325019836
251,0.09,0.2,0.11790646612644196
251,0.12,0.0,0.12440720945596695
251,0.12,0.1,0.12440720945596695
251,0.12,0.2,0.146577849984169
251,0.15,0.0,0.14236614108085632
251,0.15,0.1,0.14236614108085632
251,0.15,0.2,0.12601009011268616
252,0.0,0.0,0.10474911332130432
252,0.0,0.1,0.10474911332130432
252,0.0,0.2,0.11543148756027222
252,0.03,0.0,0.11902153491973877
252,0.03,0.1,0.11902153491973877
252,0.03,0.2,0.12813487648963928
252,0.06,0.0,0.12032634764909744
252,0.06,0.1,0.12032634764909744
252,0.06,0.2,0.12342970818281174
252,0.09,0.0,0.11217483878135681
252,0.09,0.1,0.11217483878135681
252,0.09,0.2,0.11894401162862778
252,0.12,0.0,0.1088479608297348
252,0.12,0.1,0.1088479608297348
252,0.12,0.2,0.12425507605075836
252,0.15,0.0,0.11135955154895782
252,0.15,0.1,0.11135955154895782
252,0.15,0.2,0.10435334593057632
253,0.0,0.0,0.11876186728477478
253,0.0,0.1,0.11876186728477478
253,0.0,0.2,0.09801145642995834
253,0.03,0.0,0.09364961832761765
253,0.03,0.1,0.09364961832761765
253,0.03,0.2,0.10670249909162521
253,0.06,0.0,0.1204821765422821
253,0.06,0.1,0.1204821765422821
253,0.06,0.2,0.10744892805814743
253,0.09,0.0,0.11488223075866699
253,0.09,0.1,0.11488223075866699
253,0.09,0.2,0.10996031016111374
253,0.12,0.0,0.10704625397920609
253,0.12,0.1,0.10704625397920609
253,0.12,0.2,0.1106102466583252
253,0.15,0.0,0.1049729436635971
253,0.15,0.1,0.1049729436635971
253,0.15,0.2,0.11417131125926971
254,0.0,0.0,0.11097973585128784
254,0.0,0.1,0.11097973585128784
254,0.0,0.2,0.15150350332260132
254,0.03,0.0,0.12246043235063553
254,0.03,0.1,0.12246043235063553
254,0.03,0.2,0.14857937395572662
254,0.06,0.0,0.14350096881389618
254,0.06,0.1,0.14350096881389618
254,0.06,0.2,0.18988221883773804
254,0.09,0.0,0.14562839269638062
254,0.09,0.1,0.14562839269638062
254,0.09,0.2,0.150071382522583
254,0.12,0.0,0.15928344428539276
254,0.12,0.1,0.15928344428539276
254,0.12,0.2,0.1228187084197998
254,0.15,0.0,0.15982851386070251
254,0.15,0.1,0.15982851386070251
254,0.15,0.2,0.14766913652420044
255,0.0,0.0,0.08282297104597092
255,0.0,0.1,0.08282297104597092
255,0.0,0.2,0.09535042196512222
255,0.03,0.0,0.08794660121202469
255,0.03,0.1,0.08794660121202469
255,0.03,0.2,0.10442426055669785
255,0.06,0.0,0.09363026916980743
255,0.06,0.1,0.09363026916980743
255,0.06,0.2,0.10693313181400299
255,0.09,0.0,0.10451650619506836
255,0.09,0.1,0.10451650619506836
255,0.09,0.2,0.09992016106843948
255,0.12,0.0,0.09691137820482254
255,0.12,0.1,0.09691137820482254
255,0.12,0.2,0.0929243266582489
255,0.15,0.0,0.0914335697889328
255,0.15,0.1,0.0914335697889328
255,0.15,0.2,0.0918959528207779
256,0.0,0.0,0.11939498782157898
256,0.0,0.1,0.11939498782157898
256,0.0,0.2,0.18010196089744568
256,0.03,0.0,0.13485027849674225
256,0.03,0.1,0.13485027849674225
256,0.03,0.2,0.18661551177501678
256,0.06,0.0,0.15326108038425446
256,0.06,0.1,0.15326108038425446
256,0.06,0.2,0.18303842842578888
256,0.09,0.0,0.1721242070198059
256,0.09,0.1,0.1721242070198059
256,0.09,0.2,0.15499651432037354
256,0.12,0.0,0.15694794058799744
256,0.12,0.1,0.15694794058799744
256,0.12,0.2,0.1266201138496399
256,0.15,0.0,0.1438724547624588
256,0.15,0.1,0.1438724547624588
256,0.15,0.2,0.11904771625995636
257,0.0,0.0,0.10869348794221878
257,0.0,0.1,0.10869348794221878
257,0.0,0.2,0.10816829651594162
257,0.03,0.0,0.08695758879184723
257,0.03,0.1,0.08695758879184723
257,0.03,0.2,0.1099516972899437
257,0.06,0.0,0.09555432200431824
257,0.06,0.1,0.09555432200431824
257,0.06,0.2,0.11145921796560287
257,0.09,0.0,0.09105607122182846
257,0.09,0.1,0.09105607122182846
257,0.09,0.2,0.1166825219988823
257,0.12,0.0,0.09391146898269653
257,0.12,0.1,0.09391146898269653
257,0.12,0.2,0.1234045997262001
257,0.15,0.0,0.09908150881528854
257,0.15,0.1,0.09908150881528854
257,0.15,0.2,0.13492201268672943
258,0.0,0.0,0.09222983568906784
258,0.0,0.1,0.09222983568906784
258,0.0,0.2,0.08302253484725952
258,0.03,0.0,0.10569683462381363
258,0.03,0.1,0.10569683462381363
258,0.03,0.2,0.1080353781580925
258,0.06,0.0,0.1268172413110733
258,0.06,0.1,0.1268172413110733
258,0.06,0.2,0.10705024003982544
258,0.09,0.0,0.09257958829402924
258,0.09,0.1,0.09257958829402924
258,0.09,0.2,0.0995761826634407
258,0.12,0.0,0.11726637184619904
258,0.12,0.1,0.11726637184619904
258,0.12,0.2,0.11497274786233902
258,0.15,0.0,0.08547643572092056
258,0.15,0.1,0.08547643572092056
258,0.15,0.2,0.10043594241142273
259,0.0,0.0,0.09275925159454346
259,0.0,0.1,0.09275925159454346
259,0.0,0.2,0.12472217530012131
259,0.03,0.0,0.0904591754078865
259,0.03,0.1,0.0904591754078865
259,0.03,0.2,0.09702011942863464
259,0.06,0.0,0.09815552830696106
259,0.06,0.1,0.09815552830696106
259,0.06,0.2,0.10652762651443481
259,0.09,0.0,0.11621963977813721
259,0.09,0.1,0.11621963977813721
259,0.09,0.2,0.09969879686832428
259,0.12,0.0,0.10745513439178467
259,0.12,0.1,0.10745513439178467
259,0.12,0.2,0.08918002992868423
259,0.15,0.0,0.10759717971086502
259,0.15,0.1,0.10759717971086502
259,0.15,0.2,0.08573465049266815
26,0.0,0.0,0.11983989924192429
26,0.0,0.1,0.11983989924192429
26,0.0,0.2,0.12691575288772583
26,0.03,0.0,0.12673690915107727
26,0.03,0.1,0.12673690915107727
26,0.03,0.2,0.12049523741006851
26,0.06,0.0,0.14892812073230743
26,0.06,0.1,0.14892812073230743
26,0.06,0.2,0.13002635538578033
26,0.09,0.0,0.11711543798446655
26,0.09,0.1,0.11711543798446655
26,0.09,0.2,0.1392904669046402
26,0.12,0.0,0.12268468737602234
26,0.12,0.1,0.12268468737602234
26,0.12,0.2,0.1254149228334427
26,0.15,0.0,0.10372788459062576
26,0.15,0.1,0.10372788459062576
26,0.15,0.2,0.12426351010799408
260,0.0,0.0,0.0997159406542778
260,0.0,0.1,0.0997159406542778
260,0.0,0.2,0.10124875605106354
260,0.03,0.0,0.08999171853065491
260,0.03,0.1,0.08999171853065491
260,0.03,0.2,0.09958774596452713
260,0.06,0.0,0.10817857086658478
260,0.06,0.1,0.10817857086658478
260,0.06,0.2,0.09892600029706955
260,0.09,0.0,0.10180939733982086
260,0.09,0.1,0.10180939733982086
260,0.09,0.2,0.10590700805187225
260,0.12,0.0,0.09268762916326523
260,0.12,0.1,0.09268762916326523
260,0.12,0.2,0.11325544863939285
260,0.15,0.0,0.11114302277565002
260,0.15,0.1,0.11114302277565002
260,0.15,0.2,0.1294565200805664
261,0.0,0.0,0.10344502329826355
261,0.0,0.1,0.10344502329826355
261,0.0,0.2,0.09436434507369995
261,0.03,0.0,0.10418591648340225
261,0.03,0.1,0.10418591648340225
261,0.03,0.2,0.09491200745105743
261,0.06,0.0,0.08212397992610931
261,0.06,0.1,0.08212397992610931
261,0.06,0.2,0.08182872086763382
261,0.09,0.0,0.09095923602581024
261,0.09,0.1,0.09095923602581024
261,0.09,0.2,0.09076858311891556
261,0.12,0.0,0.08777371048927307
261,0.12,0.1,0.08777371048927307
261,0.12,0.2,0.08746882528066635
261,0.15,0.0,0.08490287512540817
261,0.15,0.1,0.08490287512540817
261,0.15,0.2,0.10059353709220886
262,0.0,0.0,0.09914568811655045
262,0.0,0.1,0.09914568811655045
262,0.0,0.2,0.08707791566848755
262,0.03,0.0,0.08914241194725037
262,0.03,0.1,0.08914241194725037
262,0.03,0.2,0.08342745155096054
262,0.06,0.0,0.10261021554470062
262,0.06,0.1,0.10261021554470062
262,0.06,0.2,0.07967405766248703
262,0.09,0.0,0.10622816532850266
262,0.09,0.1,0.10622816532850266
262,0.09,0.2,0.08565489947795868
262,0.12,0.0,0.0923282578587532
262,0.12,0.1,0.0923282578587532
262,0.12,0.2,0.09151788800954819
262,0.15,0.0,0.08508073538541794
262,0.15,0.1,0.08508073538541794
262,0.15,0.2,0.10627824068069458
263,0.0,0.0,0.11001989990472794
263,0.0,0.1,0.11001989990472794
263,0.0,0.2,0.12187249213457108
263,0.03,0.0,0.11235165596008301
263,0.03,0.1,0.11235165596008301
263,0.03,0.2,0.10237736999988556
263,0.06,0.0,0.0955977514386177
263,0.06,0.1,0.0955977514386177
263,0.06,0.2,0.10105640441179276
263,0.09,0.0,0.0940185934305191
263,0.09,0.1,0.0940185934305191
263,0.09,0.2,0.1140291765332222
263,0.12,0.0,0.09092381596565247
263,0.12,0.1,0.09092381596565247
263,0.12,0.2,0.09732326120138168
263,0.15,0.0,0.10323435068130493
263,0.15,0.1,0.10323435068130493
263,0.15,0.2,0.09564340859651566
264,0.0,0.0,0.13344797492027283
264,0.0,0.1,0.13344797492027283
264,0.0,0.2,0.17062896490097046
264,0.03,0.0,0.13085606694221497
264,0.03,0.1,0.13085606694221497
264,0.03,0.2,0.15012572705745697
264,0.06,0.0,0.11395968496799469
264,0.06,0.1,0.11395968496799469
264,0.06,0.2,0.12449532747268677
264,0.09,0.0,0.12704457342624664
264,0.09,0.1,0.12704457342624664
264,0.09,0.2,0.11505191773176193
264,0.12,0.0,0.13941293954849243
264,0.12,0.1,0.13941293954849243
264,0.12,0.2,0.14482468366622925
264,0.15,0.0,0.12629973888397217
264,0.15,0.1,0.12629973888397217
264,0.15,0.2,0.1125100702047348
265,0.0,0.0,0.10208562016487122
265,0.0,0.1,0.10208562016487122
265,0.0,0.2,0.18381226062774658
265,0.03,0.0,0.1446823626756668
265,0.03,0.1,0.1446823626756668
265,0.03,0.2,0.20365244150161743
265,0.06,0.0,0.18833406269550323
265,0.06,0.1,0.18833406269550323
265,0.06,0.2,0.1959339827299118
265,0.09,0.0,0.20516714453697205
265,0.09,0.1,0.20516714453697205
265,0.09,0.2,0.17966262996196747
265,0.12,0.0,0.19929444789886475
265,0.12,0.1,0.19929444789886475
265,0.12,0.2,0.1526845097541809
265,0.15,0.0,0.1654759794473648
265,0.15,0.1,0.1654759794473648
265,0.15,0.2,0.13307544589042664
266,0.0,0.0,0.13872848451137543
266,0.0,0.1,0.13872848451137543
266,0.0,0.2,0.19383013248443604
266,0.03,0.0,0.149031400680542
266,0.03,0.1,0.149031400680542
266,0.03,0.2,0.19318103790283203
266,0.06,0.0,0.13492445647716522
266,0.06,0.1,0.13492445647716522
266,0.06,0.2,0.1854408234357834
266,0.09,0.0,0.1546119749546051
266,0.09,0.1,0.1546119749546051
266,0.09,0.2,0.18175086379051208
266,0.12,0.0,0.16944347321987152
266,0.12,0.1,0.16944347321987152
266,0.12,0.2,0.1728358417749405
266,0.15,0.0,0.1525651514530182
266,0.15,0.1,0.1525651514530182
266,0.15,0.2,0.15483643114566803
267,0.0,0.0,0.08970856666564941
267,0.0,0.1,0.08970856666564941
267,0.0,0.2,0.09250250458717346
267,0.03,0.0,0.09408927708864212
267,0.03,0.1,0.09408927708864212
267,0.03,0.2,0.08761730790138245
267,0.06,0.0,0.09917493164539337
267,0.06,0.1,0.09917493164539337
267,0.06,0.2,0.09488242864608765
267,0.09,0.0,0.08946480602025986
267,0.09,0.1,0.08946480602025986
267,0.09,0.2,0.08743913471698761
267,0.12,0.0,0.09124551713466644
267,0.12,0.1,0.09124551713466644
267,0.12,0.2,0.09330601990222931
267,0.15,0.0,0.08264250308275223
267,0.15,0.1,0.08264250308275223
267,0.15,0.2,0.0955694392323494
268,0.0,0.0,0.11449375748634338
268,0.0,0.1,0.11449375748634338
268,0.0,0.2,0.11901028454303741
268,0.03,0.0,0.08828078210353851
268,0.03,0.1,0.08828078210353851
268,0.03,0.2,0.10952498763799667
268,0.06,0.0,0.09398924559354782
268,0.06,0.1,0.09398924559354782
268,0.06,0.2,0.10732099413871765
268,0.09,0.0,0.10231618583202362
268,0.09,0.1,0.10231618583202362
268,0.09,0.2,0.11126568168401718
268,0.12,0.0,0.0990540087223053
268,0.12,0.1,0.0990540087223053
268,0.12,0.2,0.10533583164215088
268,0.15,0.0,0.10187990963459015
268,0.15,0.1,0.10187990963459015
268,0.15,0.2,0.11007807403802872
269,0.0,0.0,0.11559666693210602
269,0.0,0.1,0.11559666693210602
269,0.0,0.2,0.11716027557849884
269,0.03,0.0,0.10334494709968567
269,0.03,0.1,0.10334494709968567
269,0.03,0.2,0.11309017241001129
269,0.06,0.0,0.09043756872415543
269,0.06,0.1,0.09043756872415543
269,0.06,0.2,0.1108173280954361
269,0.09,0.0,0.10184133052825928
269,0.09,0.1,0.10184133052825928
269,0.09,0.2,0.11303778737783432
269,0.12,0.0,0.10099674761295319
269,0.12,0.1,0.10099674761295319
269,0.12,0.2,0.1020733043551445
269,0.15,0.0,0.10053184628486633
269,0.15,0.1,0.10053184628486633
269,0.15,0.2,0.09936238825321198
27,0.0,0.0,0.08546546846628189
27,0.0,0.1,0.08546546846628189
27,0.0,0.2,0.16086743772029877
27,0.03,0.0,0.13549943268299103
27,0.03,0.1,0.13549943268299103
27,0.03,0.2,0.17323124408721924
27,0.06,0.0,0.1874421238899231
27,0.06,0.1,0.1874421238899231
27,0.06,0.2,0.1521892547607422
27,0.09,0.0,0.1908755749464035
27,0.09,0.1,0.1908755749464035
27,0.09,0.2,0.13391782343387604
27,0.12,0.0,0.15284079313278198
27,0.12,0.1,0.15284079313278198
27,0.12,0.2,0.09430618584156036
27,0.15,0.0,0.11997116357088089
27,0.15,0.1,0.11997116357088089
27,0.15,0.2,0.08725203573703766
270,0.0,0.0,0.10110945254564285
270,0.0,0.1,0.10110945254564285
270,0.0,0.2,0.1188507154583931
270,0.03,0.0,0.0966295525431633
270,0.03,0.1,0.0966295525431633
270,0.03,0.2,0.12856356799602509
270,0.06,0.0,0.11805273592472076
270,0.06,0.1,0.11805273592472076
270,0.06,0.2,0.13280430436134338
270,0.09,0.0,0.12315116822719574
270,0.09,0.1,0.12315116822719574
270,0.09,0.2,0.1258568912744522
270,0.12,0.0,0.10188806056976318
270,0.12,0.1,0.10188806056976318
270,0.12,0.2,0.10285506397485733
270,0.15,0.0,0.09199915826320648
270,0.15,0.1,0.09199915826320648
270,0.15,0.2,0.08694223314523697
271,0.0,0.0,0.0911933183670044
271,0.0,0.1,0.0911933183670044
271,0.0,0.2,0.10336992144584656
271,0.03,0.0,0.09704602509737015
271,0.03,0.1,0.09704602509737015
271,0.03,0.2,0.11198604106903076
271,0.06,0.0,0.09625169634819031
271,0.06,0.1,0.09625169634819031
271,0.06,0.2,0.10317198187112808
271,0.09,0.0,0.10106176137924194
271,0.09,0.1,0.10106176137924194
271,0.09,0.2,0.10183807462453842
271,0.12,0.0,0.09810841828584671
271,0.12,0.1,0.09810841828584671
271,0.12,0.2,0.09725027531385422
271,0.15,0.0,0.09651803225278854
271,0.15,0.1,0.09651803225278854
271,0.15,0.2,0.11177711933851242
272,0.0,0.0,0.09217192232608795
272,0.0,0.1,0.09217192232608795
272,0.0,0.2,0.10060593485832214
272,0.03,0.0,0.10539045184850693
272,0.03,0.1,0.10539045184850693
272,0.03,0.2,0.09169654548168182
272,0.06,0.0,0.08996009826660156
272,0.06,0.1,0.08996009826660156
272,0.06,0.2,0.09074415266513824
272,0.09,0.0,0.09207113087177277
272,0.09,0.1,0.09207113087177277
272,0.09,0.2,0.0976811945438385
272,0.12,0.0,0.09661155194044113
272,0.12,0.1,0.09661155194044113
272,0.12,0.2,0.09228721261024475
272,0.15,0.0,0.09781406074762344
272,0.15,0.1,0.09781406074762344
272,0.15,0.2,0.08891952782869339
273,0.0,0.0,0.09520997107028961
273,0.0,0.1,0.09520997107028961
273,0.0,0.2,0.14211277663707733
273,0.03,0.0,0.16904011368751526
273,0.03,0.1,0.16904011368751526
273,0.03,0.2,0.15159210562705994
273,0.06,0.0,0.2373136430978775
273,0.06,0.1,0.2373136430978775
273,0.06,0.2,0.15627329051494598
273,0.09,0.0,0.19731323421001434
273,0.09,0.1,0.19731323421001434
273,0.09,0.2,0.1054103747010231
273,0.12,0.0,0.09253036230802536
273,0.12,0.1,0.09253036230802536
273,0.12,0.2,0.09562502801418304
273,0.15,0.0,0.10058429837226868
273,0.15,0.1,0.10058429837226868
273,0.15,0.2,0.08722645044326782
274,0.0,0.0,0.10249651968479156
274,0.0,0.1,0.10249651968479156
274,0.0,0.2,0.1144324243068695
274,0.03,0.0,0.1085030660033226
274,0.03,0.1,0.1085030660033226
274,0.03,0.2,0.11081719398498535
274,0.06,0.0,0.11713768541812897
274,0.06,0.1,0.11713768541812897
274,0.06,0.2,0.11508697271347046
274,0.09,0.0,0.1007579043507576
274,0.09,0.1,0.1007579043507576
274,0.09,0.2,0.11965250223875046
274,0.12,0.0,0.09812077134847641
274,0.12,0.1,0.09812077134847641
274,0.12,0.2,0.11177407950162888
274,0.15,0.0,0.09378541260957718
274,0.15,0.1,0.09378541260957718
274,0.15,0.2,0.10466795414686203
275,0.0,0.0,0.10280939191579819
275,0.0,0.1,0.10280939191579819
275,0.0,0.2,0.114529550075531
275,0.03,0.0,0.08898534625768661
275,0.03,0.1,0.08898534625768661
275,0.03,0.2,0.10642749071121216
275,0.06,0.0,0.09794783592224121
275,0.06,0.1,0.09794783592224121
275,0.06,0.2,0.11185243725776672
275,0.09,0.0,0.108737051486969
275,0.09,0.1,0.108737051486969
275,0.09,0.2,0.11928629875183105
275,0.12,0.0,0.10085491836071014
275,0.12,0.1,0.10085491836071014
275,0.12,0.2,0.13838933408260345
275,0.15,0.0,0.1466802954673767
275,0.15,0.1,0.1466802954673767
275,0.15,0.2,0.1651245504617691
276,0.0,0.0,0.10577310621738434
276,0.0,0.1,0.10577310621738434
276,0.0,0.2,0.13594971597194672
276,0.03,0.0,0.12230099737644196
276,0.03,0.1,0.12230099737644196
276,0.03,0.2,0.15565915405750275
276,0.06,0.0,0.12717173993587494
276,0.06,0.1,0.12717173993587494
276,0.06,0.2,0.15329010784626007
276,0.09,0.0,0.12887118756771088
276,0.09,0.1,0.12887118756771088
276,0.09,0.2,0.13992930948734283
276,0.12,0.0,0.12462262809276581
276,0.12,0.1,0.12462262809276581
276,0.12,0.2,0.12691070139408112
276,0.15,0.0,0.15449176728725433
276,0.15,0.1,0.15449176728725433
276,0.15,0.2,0.14963023364543915
277,0.0,0.0,0.1174522116780281
277,0.0,0.1,0.1174522116780281
277,0.0,0.2,0.12464244663715363
277,0.03,0.0,0.11866914480924606
277,0.03,0.1,0.11866914480924606
277,0.03,0.2,0.1283465325832367
277,0.06,0.0,0.12041182816028595
277,0.06,0.1,0.12041182816028595
277,0.06,0.2,0.13449189066886902
277,0.09,0.0,0.11294785887002945
277,0.09,0.1,0.11294785887002945
277,0.09,0.2,0.13196317851543427
277,0.12,0.0,0.11380600929260254
277,0.12,0.1,0.11380600929260254
277,0.12,0.2,0.12737484276294708
277,0.15,0.0,0.11149875819683075
277,0.15,0.1,0.11149875819683075
277,0.15,0.2,0.12642648816108704
278,0.0,0.0,0.10317698121070862
278,0.0,0.1,0.10317698121070862
278,0.0,0.2,0.11897064000368118
278,0.03,0.0,0.12139108777046204
278,0.03,0.1,0.12139108777046204
278,0.03,0.2,0.13508228957653046
278,0.06,0.0,0.147982656955719
278,0.06,0.1,0.147982656955719
278,0.06,0.2,0.12980669736862183
278,0.09,0.0,0.12929517030715942
278,0.09,0.1,0.12929517030715942
278,0.09,0.2,0.11567161977291107
278,0.12,0.0,0.11397681385278702
278,0.12,0.1,0.11397681385278702
278,0.12,0.2,0.09602180123329163
278,0.15,0.0,0.10344211012125015
278,0.15,0.1,0.10344211012125015
278,0.15,0.2,0.08671063929796219
279,0.0,0.0,0.09568583220243454
279,0.0,0.1,0.09568583220243454
279,0.0,0.2,0.12913671135902405
279,0.03,0.0,0.10491257905960083
279,0.03,0.1,0.10491257905960083
279,0.03,0.2,0.13129395246505737
279,0.06,0.0,0.11351235955953598
279,0.06,0.1,0.11351235955953598
279,0.06,0.2,0.1283140778541565
279,0.09,0.0,0.11056927591562271
279,0.09,0.1,0.11056927591562271
279,0.09,0.2,0.11790364980697632
279,0.12,0.0,0.10000791400671005
279,0.12,0.1,0.10000791400671005
279,0.12,0.2,0.1125713512301445
279,0.15,0.0,0.1130017414689064
279,0.15,0.1,0.1130017414689064
279,0.15,0.2,0.10302947461605072
28,0.0,0.0,0.09625253826379776
28,0.0,0.1,0.09625253826379776
28,0.0,0.2,0.10776811838150024
28,0.03,0.0,0.10723444074392319
28,0.03,0.1,0.10723444074392319
28,0.03,0.2,0.12238549441099167
28,0.06,0.0,0.11031679809093475
28,0.06,0.1,0.11031679809093475
28,0.06,0.2,0.13030429184436798
28,0.09,0.0,0.11802379041910172
28,0.09,0.1,0.11802379041910172
28,0.09,0.2,0.11941716074943542
28,0.12,0.0,0.1314988136291504
28,0.12,0.1,0.1314988136291504
28,0.12,0.2,0.11744899302721024
28,0.15,0.0,0.10896367579698563
28,0.15,0.1,0.10896367579698563
28,0.15,0.2,0.10443884134292603
280,0.0,0.0,0.0949002355337143
280,0.0,0.1,0.0949002355337143
280,0.0,0.2,0.09390298277139664
280,0.03,0.0,0.08096546679735184
280,0.03,0.1,0.08096546679735184
280,0.03,0.2,0.09391919523477554
280,0.06,0.0,0.10368549078702927
280,0.06,0.1,0.10368549078702927
280,0.06,0.2,0.1056724265217781
280,0.09,0.0,0.11743266880512238
280,0.09,0.1,0.11743266880512238
280,0.09,0.2,0.10511233657598495
280,0.12,0.0,0.09348274767398834
280,0.12,0.1,0.09348274767398834
280,0.12,0.2,0.10381539911031723
280,0.15,0.0,0.09209632128477097
280,0.15,0.1,0.09209632128477097
280,0.15,0.2,0.11773937195539474
281,0.0,0.0,0.10363658517599106
281,0.0,0.1,0.10363658517599106
281,0.0,0.2,0.11428070068359375
281,0.03,0.0,0.09561101347208023
281,0.03,0.1,0.09561101347208023
281,0.03,0.2,0.11440153419971466
281,0.06,0.0,0.10512473434209824
281,0.06,0.1,0.10512473434209824
281,0.06,0.2,0.11119920015335083
281,0.09,0.0,0.09650394320487976
281,0.09,0.1,0.09650394320487976
281,0.09,0.2,0.10283020883798599
281,0.12,0.0,0.09278137236833572
281,0.12,0.1,0.09278137236833572
281,0.12,0.2,0.10227279365062714
281,0.15,0.0,0.1066942811012268
281,0.15,0.1,0.1066942811012268
281,0.15,0.2,0.13666550815105438
282,0.0,0.0,0.10456501692533493
282,0.0,0.1,0.10456501692533493
282,0.0,0.2,0.10625432431697845
282,0.03,0.0,0.09226082265377045
282,0.03,0.1,0.09226082265377045
282,0.03,0.2,0.09126586467027664
282,0.06,0.0,0.11260715872049332
282,0.06,0.1,0.11260715872049332
282,0.06,0.2,0.09019040316343307
282,0.09,0.0,0.13016138970851898
282,0.09,0.1,0.13016138970851898
282,0.09,0.2,0.11069679260253906
282,0.12,0.0,0.10345692187547684
282,0.12,0.1,0.10345692187547684
282,0.12,0.2,0.10641717910766602
282,0.15,0.0,0.10257740318775177
282,0.15,0.1,0.10257740318775177
282,0.15,0.2,0.10144162178039551
283,0.0,0.0,0.09691155701875687
283,0.0,0.1,0.09691155701875687
283,0.0,0.2,0.16121381521224976
283,0.03,0.0,0.1099720448255539
283,0.03,0.1,0.1099720448255539
283,0.03,0.2,0.17624124884605408
283,0.06,0.0,0.12730388343334198
283,0.06,0.1,0.12730388343334198
283,0.06,0.2,0.16367001831531525
283,0.09,0.0,0.15374426543712616
283,0.09,0.1,0.15374426543712616
283,0.09,0.2,0.15136942267417908
283,0.12,0.0,0.16138160228729248
283,0.12,0.1,0.16138160228729248
283,0.12,0.2,0.13883115351200104
283,0.15,0.0,0.14638562500476837
283,0.15,0.1,0.14638562500476837
283,0.15,0.2,0.12079314142465591
284,0.0,0.0,0.11153440922498703
284,0.0,0.1,0.11153440922498703
284,0.0,0.2,0.1726561188697815
284,0.03,0.0,0.15164415538311005
284,0.03,0.1,0.15164415538311005
284,0.03,0.2,0.16985300183296204
284,0.06,0.0,0.17792227864265442
284,0.06,0.1,0.17792227864265442
284,0.06,0.2,0.14856873452663422
284,0.09,0.0,0.16803991794586182
284,0.09,0.1,0.16803991794586182
284,0.09,0.2,0.11902722716331482
284,0.12,0.0,0.1336337774991989
284,0.12,0.1,0.1336337774991989
284,0.12,0.2,0.09144908934831619
284,0.15,0.0,0.09305118769407272
284,0.15,0.1,0.09305118769407272
284,0.15,0.2,0.10140132158994675
285,0.0,0.0,0.10251577198505402
285,0.0,0.1,0.10251577198505402
285,0.0,0.2,0.16239501535892487
285,0.03,0.0,0.14060425758361816
285,0.03,0.1,0.14060425758361816
285,0.03,0.2,0.17060263454914093
285,0.06,0.0,0.16931134462356567
285,0.06,0.1,0.16931134462356567
285,0.06,0.2,0.1498674750328064
285,0.09,0.0,0.18089835345745087
285,0.09,0.1,0.18089835345745087
285,0.09,0.2,0.13548116385936737
285,0.12,0.0,0.16063199937343597
285,0.12,0.1,0.16063199937343597
285,0.12,0.2,0.15132825076580048
285,0.15,0.0,0.1505289375782013
285,0.15,0.1,0.1505289375782013
285,0.15,0.2,0.1802530735731125
286,0.0,0.0,0.10452032089233398
286,0.0,0.1,0.10452032089233398
286,0.0,0.2,0.11760890483856201
286,0.03,0.0,0.11420632898807526
286,0.03,0.1,0.11420632898807526
286,0.03,0.2,0.12363399565219879
286,0.06,0.0,0.11957444995641708
286,0.06,0.1,0.11957444995641708
286,0.06,0.2,0.12645819783210754
286,0.09,0.0,0.11722041666507721
286,0.09,0.1,0.11722041666507721
286,0.09,0.2,0.11358864605426788
286,0.12,0.0,0.11015244573354721
286,0.12,0.1,0.11015244573354721
286,0.12,0.2,0.09695275872945786
286,0.15,0.0,0.10545229911804199
286,0.15,0.1,0.10545229911804199
286,0.15,0.2,0.11195351928472519
287,0.0,0.0,0.08352982997894287
287,0.0,0.1,0.08352982997894287
287,0.0,0.2,0.10066352039575577
287,0.03,0.0,0.09131906926631927
287,0.03,0.1,0.09131906926631927
287,0.03,0.2,0.11334475129842758
287,0.06,0.0,0.0950084999203682
287,0.06,0.1,0.0950084999203682
287,0.06,0.2,0.10992344468832016
287,0.09,0.0,0.09196551144123077
287,0.09,0.1,0.09196551144123077
287,0.09,0.2,0.10672052204608917
287,0.12,0.0,0.09176019579172134
287,0.12,0.1,0.09176019579172134
287,0.12,0.2,0.10167385637760162
287,0.15,0.0,0.0949096530675888
287,0.15,0.1,0.0949096530675888
287,0.15,0.2,0.09483806043863297
288,0.0,0.0,0.15358507633209229
288,0.0,0.1,0.15358507633209229
288,0.0,0.2,0.16955770552158356
288,0.03,0.0,0.14301949739456177
288,0.03,0.1,0.14301949739456177
288,0.03,0.2,0.18873527646064758
288,0.06,0.0,0.13370665907859802
288,0.06,0.1,0.13370665907859802
288,0.06,0.2,0.14352631568908691
288,0.09,0.0,0.1285192370414734
288,0.09,0.1,0.1285192370414734
288,0.09,0.2,0.15640521049499512
288,0.12,0.0,0.1411898136138916
288,0.12,0.1,0.1411898136138916
288,0.12,0.2,0.15487398207187653
288,0.15,0.0,0.12442799657583237
288,0.15,0.1,0.12442799657583237
288,0.15,0.2,0.12432166934013367
289,0.0,0.0,0.12525512278079987
289,0.0,0.1,0.12525512278079987
289,0.0,0.2,0.143316850066185
289,0.03,0.0,0.11200151592493057
289,0.03,0.1,0.11200151592493057
289,0.03,0.2,0.1114448755979538
289,0.06,0.0,0.11829003691673279
289,0.06,0.1,0.11829003691673279
289,0.06,0.2,0.12237977981567383
289,0.09,0.0,0.11689245700836182
289,0.09,0.1,0.11689245700836182
289,0.09,0.2,0.13262702524662018
289,0.12,0.0,0.11212987452745438
289,0.12,0.1,0.11212987452745438
289,0.12,0.2,0.11794020980596542
289,0.15,0.0,0.10978230088949203
289,0.15,0.1,0.10978230088949203
289,0.15,0.2,0.11254189908504486
29,0.0,0.0,0.1024710163474083
29,0.0,0.1,0.1024710163474083
29,0.0,0.2,0.11639836430549622
29,0.03,0.0,0.09412360191345215
29,0.03,0.1,0.09412360191345215
29,0.03,0.2,0.10666047781705856
29,0.06,0.0,0.1121387779712677
29,0.06,0.1,0.1121387779712677
29,0.06,0.2,0.11270781606435776
29,0.09,0.0,0.12177199870347977
29,0.09,0.1,0.12177199870347977
29,0.09,0.2,0.10848879814147949
29,0.12,0.0,0.1158430203795433
29,0.12,0.1,0.1158430203795433
29,0.12,0.2,0.11569266766309738
29,0.15,0.0,0.10822243988513947
29,0.15,0.1,0.10822243988513947
29,0.15,0.2,0.0956697016954422
290,0.0,0.0,0.13979819416999817
290,0.0,0.1,0.13979819416999817
290,0.0,0.2,0.19526875019073486
290,0.03,0.0,0.149285227060318
290,0.03,0.1,0.149285227060318
290,0.03,0.2,0.18898196518421173
290,0.06,0.0,0.16357924044132233
290,0.06,0.1,0.16357924044132233
290,0.06,0.2,0.17888928949832916
290,0.09,0.0,0.1684662401676178
290,0.09,0.1,0.1684662401676178
290,0.09,0.2,0.16232743859291077
290,0.12,0.0,0.1563572883605957
290,0.12,0.1,0.1563572883605957
290,0.12,0.2,0.13685593008995056
290,0.15,0.0,0.1270015686750412
290,0.15,0.1,0.1270015686750412
290,0.15,0.2,0.0992833748459816
291,0.0,0.0,0.1099589467048645
291,0.0,0.1,0.1099589467048645
291,0.0,0.2,0.11864829063415527
291,0.03,0.0,0.10064835846424103
291,0.03,0.1,0.10064835846424103
291,0.03,0.2,0.11414428800344467
291,0.06,0.0,0.1017773449420929
291,0.06,0.1,0.1017773449420929
291,0.06,0.2,0.11661273241043091
291,0.09,0.0,0.10992220044136047
291,0.09,0.1,0.10992220044136047
291,0.09,0.2,0.10319637507200241
291,0.12,0.0,0.10674837231636047
291,0.12,0.1,0.10674837231636047
291,0.12,0.2,0.09944728016853333
291,0.15,0.0,0.11177685856819153
291,0.15,0.1,0.11177685856819153
291,0.15,0.2,0.11299598217010498
292,0.0,0.0,0.14882120490074158
292,0.0,0.1,0.14882120490074158
292,0.0,0.2,0.1440289169549942
292,0.03,0.0,0.13069011270999908
292,0.03,0.1,0.13069011270999908
292,0.03,0.2,0.14884288609027863
292,0.06,0.0,0.17496219277381897
292,0.06,0.1,0.17496219277381897
292,0.06,0.2,0.2258765548467636
292,0.09,0.0,0.19812659919261932
292,0.09,0.1,0.19812659919261932
292,0.09,0.2,0.2052314728498459
292,0.12,0.0,0.21157945692539215
292,0.12,0.1,0.21157945692539215
292,0.12,0.2,0.18185563385486603
292,0.15,0.0,0.21258147060871124
292,0.15,0.1,0.21258147060871124
292,0.15,0.2,0.1705913543701172
293,0.0,0.0,0.11022767424583435
293,0.0,0.1,0.11022767424583435
293,0.0,0.2,0.11277122050523758
293,0.03,0.0,0.09418679028749466
293,0.03,0.1,0.09418679028749466
293,0.03,0.2,0.09492907673120499
293,0.06,0.0,0.10413657873868942
293,0.06,0.1,0.10413657873868942
293,0.06,0.2,0.09703651070594788
293,0.09,0.0,0.09924095124006271
293,0.09,0.1,0.09924095124006271
293,0.09,0.2,0.11395875364542007
293,0.12,0.0,0.08606673777103424
293,0.12,0.1,0.08606673777103424
293,0.12,0.2,0.09737397730350494
293,0.15,0.0,0.09896771609783173
293,0.15,0.1,0.09896771609783173
293,0.15,0.2,0.10169830918312073
294,0.0,0.0,0.09920120984315872
294,0.0,0.1,0.09920120984315872
294,0.0,0.2,0.12724140286445618
294,0.03,0.0,0.11484896391630173
294,0.03,0.1,0.11484896391630173
294,0.03,0.2,0.12488918006420135
294,0.06,0.0,0.11484462022781372
294,0.06,0.1,0.11484462022781372
294,0.06,0.2,0.11780907213687897
294,0.09,0.0,0.0999831035733223
294,0.09,0.1,0.0999831035733223
294,0.09,0.2,0.10623478889465332
294,0.12,0.0,0.09581325948238373
294,0.12,0.1,0.09581325948238373
294,0.12,0.2,0.10952668637037277
294,0.15,0.0,0.10521228611469269
294,0.15,0.1,0.10521228611469269
294,0.15,0.2,0.11601398140192032
295,0.0,0.0,0.12244243174791336
295,0.0,0.1,0.12244243174791336
295,0.0,0.2,0.13988880813121796
295,0.03,0.0,0.13276275992393494
295,0.03,0.1,0.13276275992393494
295,0.03,0.2,0.12758877873420715
295,0.06,0.0,0.1238425076007843
295,0.06,0.1,0.1238425076007843
295,0.06,0.2,0.09977346658706665
295,0.09,0.0,0.11675237119197845
295,0.09,0.1,0.11675237119197845
295,0.09,0.2,0.08776994794607162
295,0.12,0.0,0.09744104743003845
295,0.12,0.1,0.09744104743003845
295,0.12,0.2,0.09361719340085983
295,0.15,0.0,0.08656423538923264
295,0.15,0.1,0.08656423538923264
295,0.15,0.2,0.09374088048934937
296,0.0,0.0,0.1506553739309311
296,0.0,0.1,0.1506553739309311
296,0.0,0.2,0.25794854760169983
296,0.03,0.0,0.20534838736057281
296,0.03,0.1,0.20534838736057281
296,0.03,0.2,0.2584189176559448
296,0.06,0.0,0.26431867480278015
296,0.06,0.1,0.26431867480278015
296,0.06,0.2,0.24877481162548065
296,0.09,0.0,0.27563223242759705
296,0.09,0.1,0.27563223242759705
296,0.09,0.2,0.2141786813735962
296,0.12,0.0,0.24893639981746674
296,0.12,0.1,0.24893639981746674
296,0.12,0.2,0.17484256625175476
296,0.15,0.0,0.2061389535665512
296,0.15,0.1,0.2061389535665512
296,0.15,0.2,0.13594624400138855
297,0.0,0.0,0.08676181733608246
297,0.0,0.1,0.08676181733608246
297,0.0,0.2,0.09806102514266968
297,0.03,0.0,0.08431500196456909
297,0.03,0.1,0.08431500196456909
297,0.03,0.2,0.10041490942239761
297,0.06,0.0,0.0944599136710167
297,0.06,0.1,0.0944599136710167
297,0.06,0.2,0.09625782072544098
297,0.09,0.0,0.09956617653369904
297,0.09,0.1,0.09956617653369904
297,0.09,0.2,0.12347537279129028
297,0.12,0.0,0.10064701735973358
297,0.12,0.1,0.10064701735973358
297,0.12,0.2,0.11740332096815109
297,0.15,0.0,0.09052901715040207
297,0.15,0.1,0.09052901715040207
297,0.15,0.2,0.08913193643093109
298,0.0,0.0,0.10832652449607849
298,0.0,0.1,0.10832652449607849
298,0.0,0.2,0.08920370787382126
298,0.03,0.0,0.11125487089157104
298,0.03,0.1,0.11125487089157104
298,0.03,0.2,0.12584750354290009
298,0.06,0.0,0.10177667438983917
298,0.06,0.1,0.10177667438983917
298,0.06,0.2,0.11462093144655228
298,0.09,0.0,0.10724916309118271
298,0.09,0.1,0.10724916309118271
298,0.09,0.2,0.10077961534261703
298,0.12,0.0,0.09748244285583496
298,0.12,0.1,0.09748244285583496
298,0.12,0.2,0.09419592469930649
298,0.15,0.0,0.09384609013795853
298,0.15,0.1,0.09384609013795853
298,0.15,0.2,0.10705067962408066
299,0.0,0.0,0.20560826361179352
299,0.0,0.1,0.20560826361179352
299,0.0,0.2,0.21141523122787476
299,0.03,0.0,0.1970854252576828
299,0.03,0.1,0.1970854252576828
299,0.03,0.2,0.21140633523464203
299,0.06,0.0,0.18936017155647278
299,0.06,0.1,0.18936017155647278
299,0.06,0.2,0.22953133285045624
299,0.09,0.0,0.2172679901123047
299,0.09,0.1,0.2172679901123047
299,0.09,0.2,0.26809847354888916
299,0.12,0.0,0.2222568243741989
299,0.12,0.1,0.2222568243741989
299,0.12,0.2,0.255671888589859
299,0.15,0.0,0.22875207662582397
299,0.15,0.1,0.22875207662582397
299,0.15,0.2,0.2336411029100418
3,0.0,0.0,0.11038018763065338
3,0.0,0.1,0.11038018763065338
3,0.0,0.2,0.10904432088136673
3,0.03,0.0,0.10401368141174316
3,0.03,0.1,0.10401368141174316
3,0.03,0.2,0.11571650207042694
3,0.06,0.0,0.10317666083574295
3,0.06,0.1,0.10317666083574295
3,0.06,0.2,0.11295347660779953
3,0.09,0.0,0.11904149502515793
3,0.09,0.1,0.11904149502515793
3,0.09,0.2,0.11738751828670502
3,0.12,0.0,0.11109055578708649
3,0.12,0.1,0.11109055578708649
3,0.12,0.2,0.12171871960163116
3,0.15,0.0,0.10072389990091324
3,0.15,0.1,0.10072389990091324
3,0.15,0.2,0.0988420769572258
30,0.0,0.0,0.10851409286260605
30,0.0,0.1,0.10851409286260605
30,0.0,0.2,0.1144762933254242
30,0.03,0.0,0.113422691822052
30,0.03,0.1,0.113422691822052
30,0.03,0.2,0.11487813293933868
30,0.06,0.0,0.10412923991680145
30,0.06,0.1,0.10412923991680145
30,0.06,0.2,0.11229412257671356
30,0.09,0.0,0.09499625861644745
30,0.09,0.1,0.09499625861644745
30,0.09,0.2,0.1036272794008255
30,0.12,0.0,0.09568106383085251
30,0.12,0.1,0.09568106383085251
30,0.12,0.2,0.10041986405849457
30,0.15,0.0,0.09276332706212997
30,0.15,0.1,0.09276332706212997
30,0.15,0.2,0.09949564188718796
300,0.0,0.0,0.09405650943517685
300,0.0,0.1,0.09405650943517685
300,0.0,0.2,0.09904968738555908
300,0.03,0.0,0.08899366110563278
300,0.03,0.1,0.08899366110563278
300,0.03,0.2,0.10930341482162476
300,0.06,0.0,0.09255653619766235
300,0.06,0.1,0.09255653619766235
300,0.06,0.2,0.10590702295303345
300,0.09,0.0,0.11186108738183975
300,0.09,0.1,0.11186108738183975
300,0.09,0.2,0.11357231438159943
300,0.12,0.0,0.08804985880851746
300,0.12,0.1,0.08804985880851746
300,0.12,0.2,0.1027669683098793
300,0.15,0.0,0.08967310190200806
300,0.15,0.1,0.08967310190200806
300,0.15,0.2,0.11026538163423538
301,0.0,0.0,0.13206273317337036
301,0.0,0.1,0.13206273317337036
301,0.0,0.2,0.17730571329593658
301,0.03,0.0,0.16327989101409912
301,0.03,0.1,0.16327989101409912
301,0.03,0.2,0.1747707575559616
301,0.06,0.0,0.1669398844242096
301,0.06,0.1,0.1669398844242096
301,0.06,0.2,0.16499179601669312
301,0.09,0.0,0.1502225399017334
301,0.09,0.1,0.1502225399017334
301,0.09,0.2,0.15048155188560486
301,0.12,0.0,0.1399168074131012
301,0.12,0.1,0.1399168074131012
301,0.12,0.2,0.12063927948474884
301,0.15,0.0,0.12002009898424149
301,0.15,0.1,0.12002009898424149
301,0.15,0.2,0.09634563326835632
302,0.0,0.0,0.10803183913230896
302,0.0,0.1,0.10803183913230896
302,0.0,0.2,0.14175717532634735
302,0.03,0.0,0.13798581063747406
302,0.03,0.1,0.13798581063747406
302,0.03,0.2,0.1442616581916809
302,0.06,0.0,0.1570102721452713
302,0.06,0.1,0.1570102721452713
302,0.06,0.2,0.13319821655750275
302,0.09,0.0,0.16004863381385803
302,0.09,0.1,0.16004863381385803
302,0.09,0.2,0.1337963044643402
302,0.12,0.0,0.15941926836967468
302,0.12,0.1,0.15941926836967468
302,0.12,0.2,0.16082443296909332
302,0.15,0.0,0.1435433030128479
302,0.15,0.1,0.1435433030128479
302,0.15,0.2,0.1466415524482727
303,0.0,0.0,0.20815283060073853
303,0.0,0.1,0.20815283060073853
303,0.0,0.2,0.2061012238264084
303,0.03,0.0,0.21847660839557648
303,0.03,0.1,0.21847660839557648
303,0.03,0.2,0.1975221484899521
303,0.06,0.0,0.14603081345558167
303,0.06,0.1,0.14603081345558167
303,0.06,0.2,0.15273185074329376
303,0.09,0.0,0.13302195072174072
303,0.09,0.1,0.13302195072174072
303,0.09,0.2,0.16026845574378967
303,0.12,0.0,0.11132601648569107
303,0.12,0.1,0.11132601648569107
303,0.12,0.2,0.17049254477024078
303,0.15,0.0,0.11445820331573486
303,0.15,0.1,0.11445820331573486
303,0.15,0.2,0.17566415667533875
304,0.0,0.0,0.10404884815216064
304,0.0,0.1,0.10404884815216064
304,0.0,0.2,0.0968775749206543
304,0.03,0.0,0.08185530453920364
304,0.03,0.1,0.08185530453920364
304,0.03,0.2,0.08696096390485764
304,0.06,0.0,0.10027635097503662
304,0.06,0.1,0.10027635097503662
304,0.06,0.2,0.10346049070358276
304,0.09,0.0,0.09510620683431625
304,0.09,0.1,0.09510620683431625
304,0.09,0.2,0.09076198190450668
304,0.12,0.0,0.09850677102804184
304,0.12,0.1,0.09850677102804184
304,0.12,0.2,0.11440476775169373
304,0.15,0.0,0.10913638770580292
304,0.15,0.1,0.10913638770580292
304,0.15,0.2,0.12133939564228058
305,0.0,0.0,0.10515478253364563
305,0.0,0.1,0.10515478253364563
305,0.0,0.2,0.10855436325073242
305,0.03,0.0,0.11739502847194672
305,0.03,0.1,0.11739502847194672
305,0.03,0.2,0.11088313907384872
305,0.06,0.0,0.1126132607460022
305,0.06,0.1,0.1126132607460022
305,0.06,0.2,0.11990384757518768
305,0.09,0.0,0.10122653096914291
305,0.09,0.1,0.10122653096914291
305,0.09,0.2,0.09142063558101654
305,0.12,0.0,0.09742006659507751
305,0.12,0.1,0.09742006659507751
305,0.12,0.2,0.10442011058330536
305,0.15,0.0,0.10421869903802872
305,0.15,0.1,0.10421869903802872
305,0.15,0.2,0.11055193096399307
306,0.0,0.0,0.13540740311145782
306,0.0,0.1,0.13540740311145782
306,0.0,0.2,0.1641993522644043
306,0.03,0.0,0.14468032121658325
306,0.03,0.1,0.14468032121658325
306,0.03,0.2,0.16097766160964966
306,0.06,0.0,0.13537880778312683
306,0.06,0.1,0.13537880778312683
306,0.06,0.2,0.14846312999725342
306,0.09,0.0,0.12869709730148315
306,0.09,0.1,0.12869709730148315
306,0.09,0.2,0.12752117216587067
306,0.12,0.0,0.12816916406154633
306,0.12,0.1,0.12816916406154633
306,0.12,0.2,0.11788192391395569
306,0.15,0.0,0.11713351309299469
306,0.15,0.1,0.11713351309299469
306,0.15,0.2,0.09622137248516083
307,0.0,0.0,0.1764587014913559
307,0.0,0.1,0.1764587014913559
307,0.0,0.2,0.27988067269325256
307,0.03,0.0,0.22429457306861877
307,0.03,0.1,0.22429457306861877
307,0.03,0.2,0.2848789095878601
307,0.06,0.0,0.2613951861858368
307,0.06,0.1,0.2613951861858368
307,0.06,0.2,0.2501450777053833
307,0.09,0.0,0.2800828516483307
307,0.09,0.1,0.2800828516483307
307,0.09,0.2,0.22310425341129303
307,0.12,0.0,0.2600323557853699
307,0.12,0.1,0.2600323557853699
307,0.12,0.2,0.16964010894298553
307,0.15,0.0,0.20611543953418732
307,0.15,0.1,0.20611543953418732
307,0.15,0.2,0.13400991261005402
308,0.0,0.0,0.08530936390161514
308,0.0,0.1,0.08530936390161514
308,0.0,0.2,0.10763546824455261
308,0.03,0.0,0.08911798149347305
308,0.03,0.1,0.08911798149347305
308,0.03,0.2,0.10773221403360367
308,0.06,0.0,0.09168364852666855
308,0.06,0.1,0.09168364852666855
308,0.06,0.2,0.10615058988332748
308,0.09,0.0,0.09618125110864639
308,0.09,0.1,0.09618125110864639
308,0.09,0.2,0.11288384348154068
308,0.12,0.0,0.09515190869569778
308,0.12,0.1,0.09515190869569778
308,0.12,0.2,0.10313848406076431
308,0.15,0.0,0.08611397445201874
308,0.15,0.1,0.08611397445201874
308,0.15,0.2,0.09510769695043564
309,0.0,0.0,0.11222212761640549
309,0.0,0.1,0.11222212761640549
309,0.0,0.2,0.12434183061122894
309,0.03,0.0,0.10585878044366837
309,0.03,0.1,0.10585878044366837
309,0.03,0.2,0.12251190096139908
309,0.06,0.0,0.10538888722658157
309,0.06,0.1,0.10538888722658157
309,0.06,0.2,0.12312299758195877
309,0.09,0.0,0.11793398857116699
309,0.09,0.1,0.11793398857116699
309,0.09,0.2,0.12415069341659546
309,0.12,0.0,0.0980084091424942
309,0.12,0.1,0.0980084091424942
309,0.12,0.2,0.12052269279956818
309,0.15,0.0,0.11134772002696991
309,0.15,0.1,0.11134772002696991
309,0.15,0.2,0.11428800970315933
31,0.0,0.0,0.10849092155694962
31,0.0,0.1,0.10849092155694962
31,0.0,0.2,0.10981602221727371
31,0.03,0.0,0.08174929767847061
31,0.03,0.1,0.08174929767847061
31,0.03,0.2,0.10209096223115921
31,0.06,0.0,0.0935264453291893
31,0.06,0.1,0.0935264453291893
31,0.06,0.2,0.1132798045873642
31,0.09,0.0,0.11336708068847656
31,0.09,0.1,0.11336708068847656
31,0.09,0.2,0.11095623672008514
31,0.12,0.0,0.11969450116157532
31,0.12,0.1,0.11969450116157532
31,0.12,0.2,0.1255643218755722
31,0.15,0.0,0.1076790913939476
31,0.15,0.1,0.1076790913939476
31,0.15,0.2,0.10432827472686768
310,0.0,0.0,0.1038001999258995
310,0.0,0.1,0.1038001999258995
310,0.0,0.2,0.1165955513715744
310,0.03,0.0,0.11074990779161453
310,0.03,0.1,0.11074990779161453
310,0.03,0.2,0.12827929854393005
310,0.06,0.0,0.104763925075531
310,0.06,0.1,0.104763925075531
310,0.06,0.2,0.11963914334774017
310,0.09,0.0,0.1266464740037918
310,0.09,0.1,0.1266464740037918
310,0.09,0.2,0.13166528940200806
310,0.12,0.0,0.10971222072839737
310,0.12,0.1,0.10971222072839737
310,0.12,0.2,0.09598269313573837
310,0.15,0.0,0.10527895390987396
310,0.15,0.1,0.10527895390987396
310,0.15,0.2,0.11068540811538696
311,0.0,0.0,0.1934950053691864
311,0.0,0.1,0.1934950053691864
311,0.0,0.2,0.17330433428287506
311,0.03,0.0,0.19101853668689728
311,0.03,0.1,0.19101853668689728
311,0.03,0.2,0.13323800265789032
311,0.06,0.0,0.16681966185569763
311,0.06,0.1,0.16681966185569763
311,0.06,0.2,0.11688020825386047
311,0.09,0.0,0.12589116394519806
311,0.09,0.1,0.12589116394519806
311,0.09,0.2,0.10005117952823639
311,0.12,0.0,0.13027217984199524
311,0.12,0.1,0.13027217984199524
311,0.12,0.2,0.11005879193544388
311,0.15,0.0,0.13506187498569489
311,0.15,0.1,0.13506187498569489
311,0.15,0.2,0.10096020996570587
312,0.0,0.0,0.14262047410011292
312,0.0,0.1,0.14262047410011292
312,0.0,0.2,0.19906872510910034
312,0.03,0.0,0.14913325011730194
312,0.03,0.1,0.14913325011730194
312,0.03,0.2,0.19712619483470917
312,0.06,0.0,0.1754380166530609
312,0.06,0.1,0.1754380166530609
312,0.06,0.2,0.19163522124290466
312,0.09,0.0,0.16222132742404938
312,0.09,0.1,0.16222132742404938
312,0.09,0.2,0.17284764349460602
312,0.12,0.0,0.16456906497478485
312,0.12,0.1,0.16456906497478485
312,0.12,0.2,0.1583988219499588
312,0.15,0.0,0.1532188504934311
312,0.15,0.1,0.1532188504934311
312,0.15,0.2,0.13330994546413422
313,0.0,0.0,0.11308041214942932
313,0.0,0.1,0.11308041214942932
313,0.0,0.2,0.15788283944129944
313,0.03,0.0,0.11149642616510391
313,0.03,0.1,0.11149642616510391
313,0.03,0.2,0.1400023251771927
313,0.06,0.0,0.12691950798034668
313,0.06,0.1,0.12691950798034668
313,0.06,0.2,0.14271140098571777
313,0.09,0.0,0.1293111890554428
313,0.09,0.1,0.1293111890554428
313,0.09,0.2,0.11655877530574799
313,0.12,0.0,0.11837155371904373
313,0.12,0.1,0.11837155371904373
313,0.12,0.2,0.11712327599525452
313,0.15,0.0,0.11544225364923477
313,0.15,0.1,0.11544225364923477
313,0.15,0.2,0.10555862635374069
314,0.0,0.0,0.1488400101661682
314,0.0,0.1,0.1488400101661682
314,0.0,0.2,0.12484414875507355
314,0.03,0.0,0.11255373060703278
314,0.03,0.1,0.11255373060703278
314,0.03,0.2,0.10866299271583557
314,0.06,0.0,0.13128948211669922
314,0.06,0.1,0.13128948211669922
314,0.06,0.2,0.13143247365951538
314,0.09,0.0,0.12371498346328735
314,0.09,0.1,0.12371498346328735
314,0.09,0.2,0.11505352705717087
314,0.12,0.0,0.09701576828956604
314,0.12,0.1,0.09701576828956604
314,0.12,0.2,0.10670628398656845
314,0.15,0.0,0.09849589318037033
314,0.15,0.1,0.09849589318037033
314,0.15,0.2,0.10313274711370468
315,0.0,0.0,0.10038153827190399
315,0.0,0.1,0.10038153827190399
315,0.0,0.2,0.11031141132116318
315,0.03,0.0,0.12424898147583008
315,0.03,0.1,0.12424898147583008
315,0.03,0.2,0.10841668397188187
315,0.06,0.0,0.11110099405050278
315,0.06,0.1,0.11110099405050278
315,0.06,0.2,0.10710426419973373
315,0.09,0.0,0.08404365181922913
315,0.09,0.1,0.08404365181922913
315,0.09,0.2,0.10450995713472366
315,0.12,0.0,0.08931882679462433
315,0.12,0.1,0.08931882679462433
315,0.12,0.2,0.09228701889514923
315,0.15,0.0,0.10465995222330093
315,0.15,0.1,0.10465995222330093
315,0.15,0.2,0.10070541501045227
316,0.0,0.0,0.1194276511669159
316,0.0,0.1,0.1194276511669159
316,0.0,0.2,0.09875945746898651
316,0.03,0.0,0.11641844362020493
316,0.03,0.1,0.11641844362020493
316,0.03,0.2,0.12693077325820923
316,0.06,0.0,0.10916005074977875
316,0.06,0.1,0.10916005074977875
316,0.06,0.2,0.1210717037320137
316,0.09,0.0,0.14552131295204163
316,0.09,0.1,0.14552131295204163
316,0.09,0.2,0.12605145573616028
316,0.12,0.0,0.18226496875286102
316,0.12,0.1,0.18226496875286102
316,0.12,0.2,0.11990970373153687
316,0.15,0.0,0.14660434424877167
316,0.15,0.1,0.14660434424877167
316,0.15,0.2,0.12126091122627258
317,0.0,0.0,0.1689540147781372
317,0.0,0.1,0.1689540147781372
317,0.0,0.2,0.21184185147285461
317,0.03,0.0,0.20256851613521576
317,0.03,0.1,0.20256851613521576
317,0.03,0.2,0.22607621550559998
317,0.06,0.0,0.19298268854618073
317,0.06,0.1,0.19298268854618073
317,0.06,0.2,0.21767008304595947
317,0.09,0.0,0.1568964421749115
317,0.09,0.1,0.1568964421749115
317,0.09,0.2,0.18531985580921173
317,0.12,0.0,0.14154760539531708
317,0.12,0.1,0.14154760539531708
317,0.12,0.2,0.1509990692138672
317,0.15,0.0,0.14262308180332184
317,0.15,0.1,0.14262308180332184
317,0.15,0.2,0.14738532900810242
318,0.0,0.0,0.13989543914794922
318,0.0,0.1,0.13989543914794922
318,0.0,0.2,0.17381200194358826
318,0.03,0.0,0.13876260817050934
318,0.03,0.1,0.13876260817050934
318,0.03,0.2,0.17094367742538452
318,0.06,0.0,0.1643935739994049
318,0.06,0.1,0.1643935739994049
318,0.06,0.2,0.14505524933338165
318,0.09,0.0,0.1614980250597
318,0.09,0.1,0.1614980250597
318,0.09,0.2,0.1340690553188324
318,0.12,0.0,0.1350616216659546
318,0.12,0.1,0.1350616216659546
318,0.12,0.2,0.12353713065385818
318,0.15,0.0,0.10756897926330566
318,0.15,0.1,0.10756897926330566
318,0.15,0.2,0.12383019924163818
319,0.0,0.0,0.09064680337905884
319,0.0,0.1,0.09064680337905884
319,0.0,0.2,0.14143583178520203
319,0.03,0.0,0.12069033831357956
319,0.03,0.1,0.12069033831357956
319,0.03,0.2,0.1599532812833786
319,0.06,0.0,0.13871683180332184
319,0.06,0.1,0.13871683180332184
319,0.06,0.2,0.15548111498355865
319,0.09,0.0,0.1530950665473938
319,0.09,0.1,0.1530950665473938
319,0.09,0.2,0.15758393704891205
319,0.12,0.0,0.16535334289073944
319,0.12,0.1,0.16535334289073944
319,0.12,0.2,0.15912911295890808
319,0.15,0.0,0.1582014113664627
319,0.15,0.1,0.1582014113664627
319,0.15,0.2,0.13724584877490997
32,0.0,0.0,0.09740719944238663
32,0.0,0.1,0.09740719944238663
32,0.0,0.2,0.13253797590732574
32,0.03,0.0,0.09942497313022614
32,0.03,0.1,0.09942497313022614
32,0.03,0.2,0.1313207447528839
32,0.06,0.0,0.12236649543046951
32,0.06,0.1,0.12236649543046951
32,0.06,0.2,0.14079773426055908
32,0.09,0.0,0.14748771488666534
32,0.09,0.1,0.14748771488666534
32,0.09,0.2,0.14410500228405
32,0.12,0.0,0.130266010761261
32,0.12,0.1,0.130266010761261
32,0.12,0.2,0.12073123455047607
32,0.15,0.0,0.11430606245994568
32,0.15,0.1,0.11430606245994568
32,0.15,0.2,0.09901655465364456
320,0.0,0.0,0.13380800187587738
320,0.0,0.1,0.13380800187587738
320,0.0,0.2,0.1655948907136917
320,0.03,0.0,0.15907330811023712
320,0.03,0.1,0.15907330811023712
320,0.03,0.2,0.13971693813800812
320,0.06,0.0,0.15796490013599396
320,0.06,0.1,0.15796490013599396
320,0.06,0.2,0.16464494168758392
320,0.09,0.0,0.1399780958890915
320,0.09,0.1,0.1399780958890915
320,0.09,0.2,0.1210005134344101
320,0.12,0.0,0.13676056265830994
320,0.12,0.1,0.13676056265830994
320,0.12,0.2,0.18238720297813416
320,0.15,0.0,0.14086949825286865
320,0.15,0.1,0.14086949825286865
320,0.15,0.2,0.15756316483020782
321,0.0,0.0,0.10607011616230011
321,0.0,0.1,0.10607011616230011
321,0.0,0.2,0.1398722231388092
321,0.03,0.0,0.10926807671785355
321,0.03,0.1,0.10926807671785355
321,0.03,0.2,0.13641908764839172
321,0.06,0.0,0.11261311173439026
321,0.06,0.1,0.11261311173439026
321,0.06,0.2,0.13694241642951965
321,0.09,0.0,0.14638276398181915
321,0.09,0.1,0.14638276398181915
321,0.09,0.2,0.11598924547433853
321,0.12,0.0,0.16092151403427124
321,0.12,0.1,0.16092151403427124
321,0.12,0.2,0.10087335854768753
321,0.15,0.0,0.13567134737968445
321,0.15,0.1,0.13567134737968445
321,0.15,0.2,0.09042132645845413
322,0.0,0.0,0.11216896772384644
322,0.0,0.1,0.11216896772384644
322,0.0,0.2,0.15331147611141205
322,0.03,0.0,0.12288615107536316
322,0.03,0.1,0.12288615107536316
322,0.03,0.2,0.15947510302066803
322,0.06,0.0,0.1307767778635025
322,0.06,0.1,0.1307767778635025
322,0.06,0.2,0.14446070790290833
322,0.09,0.0,0.15534521639347076
322,0.09,0.1,0.15534521639347076
322,0.09,0.2,0.12922890484333038
322,0.12,0.0,0.15210981667041779
322,0.12,0.1,0.15210981667041779
322,0.12,0.2,0.12295766919851303
322,0.15,0.0,0.15152034163475037
322,0.15,0.1,0.15152034163475037
322,0.15,0.2,0.1348344385623932
323,0.0,0.0,0.1883334219455719
323,0.0,0.1,0.1883334219455719
323,0.0,0.2,0.18463927507400513
323,0.03,0.0,0.1748144030570984
323,0.03,0.1,0.1748144030570984
323,0.03,0.2,0.15246418118476868
323,0.06,0.0,0.1858084797859192
323,0.06,0.1,0.1858084797859192
323,0.06,0.2,0.16945290565490723
323,0.09,0.0,0.14640304446220398
323,0.09,0.1,0.14640304446220398
323,0.09,0.2,0.14245574176311493
323,0.12,0.0,0.15693782269954681
323,0.12,0.1,0.15693782269954681
323,0.12,0.2,0.12496154010295868
323,0.15,0.0,0.1457120180130005
323,0.15,0.1,0.1457120180130005
323,0.15,0.2,0.11189999431371689
324,0.0,0.0,0.08961860090494156
324,0.0,0.1,0.08961860090494156
324,0.0,0.2,0.09685657918453217
324,0.03,0.0,0.1174648329615593
324,0.03,0.1,0.1174648329615593
324,0.03,0.2,0.0859653502702713
324,0.06,0.0,0.11176300048828125
324,0.06,0.1,0.11176300048828125
324,0.06,0.2,0.09127756208181381
324,0.09,0.0,0.10133710503578186
324,0.09,0.1,0.10133710503578186
324,0.09,0.2,0.1024322509765625
324,0.12,0.0,0.0927683413028717
324,0.12,0.1,0.0927683413028717
324,0.12,0.2,0.0945533886551857
324,0.15,0.0,0.09117597341537476
324,0.15,0.1,0.09117597341537476
324,0.15,0.2,0.08922342211008072
325,0.0,0.0,0.10044914484024048
325,0.0,0.1,0.10044914484024048
325,0.0,0.2,0.10417255014181137
325,0.03,0.0,0.1116381287574768
325,0.03,0.1,0.1116381287574768
325,0.03,0.2,0.1178131029009819
325,0.06,0.0,0.12024301290512085
325,0.06,0.1,0.12024301290512085
325,0.06,0.2,0.10628722608089447
325,0.09,0.0,0.09825430810451508
325,0.09,0.1,0.09825430810451508
325,0.09,0.2,0.10130122303962708
325,0.12,0.0,0.09858357906341553
325,0.12,0.1,0.09858357906341553
325,0.12,0.2,0.10608172416687012
325,0.15,0.0,0.10111632198095322
325,0.15,0.1,0.10111632198095322
325,0.15,0.2,0.08544888347387314
326,0.0,0.0,0.12207554280757904
326,0.0,0.1,0.12207554280757904
326,0.0,0.2,0.15216991305351257
326,0.03,0.0,0.13565026223659515
326,0.03,0.1,0.13565026223659515
326,0.03,0.2,0.1422521471977234
326,0.06,0.0,0.15675482153892517
326,0.06,0.1,0.15675482153892517
326,0.06,0.2,0.13843372464179993
326,0.09,0.0,0.13622911274433136
326,0.09,0.1,0.13622911274433136
326,0.09,0.2,0.17215688526630402
326,0.12,0.0,0.1364472657442093
326,0.12,0.1,0.1364472657442093
326,0.12,0.2,0.1755487322807312
326,0.15,0.0,0.14344443380832672
326,0.15,0.1,0.14344443380832672
326,0.15,0.2,0.1870909035205841
327,0.0,0.0,0.10508160293102264
327,0.0,0.1,0.10508160293102264
327,0.0,0.2,0.09822987765073776
327,0.03,0.0,0.10112468898296356
327,0.03,0.1,0.10112468898296356
327,0.03,0.2,0.09154996275901794
327,0.06,0.0,0.10595440119504929
327,0.06,0.1,0.10595440119504929
327,0.06,0.2,0.08780129998922348
327,0.09,0.0,0.0869801938533783
327,0.09,0.1,0.0869801938533783
327,0.09,0.2,0.09139330685138702
327,0.12,0.0,0.11374349892139435
327,0.12,0.1,0.11374349892139435
327,0.12,0.2,0.09554814547300339
327,0.15,0.0,0.08860504627227783
327,0.15,0.1,0.08860504627227783
327,0.15,0.2,0.1004442423582077
328,0.0,0.0,0.2014792263507843
328,0.0,0.1,0.2014792263507843
328,0.0,0.2,0.2046757936477661
328,0.03,0.0,0.16743959486484528
328,0.03,0.1,0.16743959486484528
328,0.03,0.2,0.2062646746635437
328,0.06,0.0,0.16856873035430908
328,0.06,0.1,0.16856873035430908
328,0.06,0.2,0.2239517867565155
328,0.09,0.0,0.18449026346206665
328,0.09,0.1,0.18449026346206665
328,0.09,0.2,0.2432052046060562
328,0.12,0.0,0.18671360611915588
328,0.12,0.1,0.18671360611915588
328,0.12,0.2,0.24046899378299713
328,0.15,0.0,0.17680993676185608
328,0.15,0.1,0.17680993676185608
328,0.15,0.2,0.24625003337860107
329,0.0,0.0,0.09985440224409103
329,0.0,0.1,0.09985440224409103
329,0.0,0.2,0.11695240437984467
329,0.03,0.0,0.11460557579994202
329,0.03,0.1,0.11460557579994202
329,0.03,0.2,0.125130757689476
329,0.06,0.0,0.11169367283582687
329,0.06,0.1,0.11169367283582687
329,0.06,0.2,0.11179932951927185
329,0.09,0.0,0.10470914840698242
329,0.09,0.1,0.10470914840698242
329,0.09,0.2,0.1064801961183548
329,0.12,0.0,0.09488455206155777
329,0.12,0.1,0.09488455206155777
329,0.12,0.2,0.09465313702821732
329,0.15,0.0,0.10912766307592392
329,0.15,0.1,0.10912766307592392
329,0.15,0.2,0.10869555175304413
33,0.0,0.0,0.10139895975589752
33,0.0,0.1,0.10139895975589752
33,0.0,0.2,0.17056721448898315
33,0.03,0.0,0.12815500795841217
33,0.03,0.1,0.12815500795841217
33,0.03,0.2,0.18961557745933533
33,0.06,0.0,0.16263720393180847
33,0.06,0.1,0.16263720393180847
33,0.06,0.2,0.19846686720848083
33,0.09,0.0,0.17173387110233307
33,0.09,0.1,0.17173387110233307
33,0.09,0.2,0.18198375403881073
33,0.12,0.0,0.17787262797355652
33,0.12,0.1,0.17787262797355652
33,0.12,0.2,0.16984893381595612
33,0.15,0.0,0.16826383769512177
33,0.15,0.1,0.16826383769512177
33,0.15,0.2,0.15245121717453003
330,0.0,0.0,0.2164631187915802
330,0.0,0.1,0.2164631187915802
330,0.0,0.2,0.20336493849754333
330,0.03,0.0,0.18399259448051453
330,0.03,0.1,0.18399259448051453
330,0.03,0.2,0.1974196583032608
330,0.06,0.0,0.16236622631549835
330,0.06,0.1,0.16236622631549835
330,0.06,0.2,0.15477783977985382
330,0.09,0.0,0.1661861091852188
330,0.09,0.1,0.1661861091852188
330,0.09,0.2,0.15396083891391754
330,0.12,0.0,0.1310131996870041
330,0.12,0.1,0.1310131996870041
330,0.12,0.2,0.1389683187007904
330,0.15,0.0,0.11361765116453171
330,0.15,0.1,0.11361765116453171
330,0.15,0.2,0.13102291524410248
331,0.0,0.0,0.14040467143058777
331,0.0,0.1,0.14040467143058777
331,0.0,0.2,0.17653366923332214
331,0.03,0.0,0.14117614924907684
331,0.03,0.1,0.14117614924907684
331,0.03,0.2,0.1758330911397934
331,0.06,0.0,0.16571909189224243
331,0.06,0.1,0.16571909189224243
331,0.06,0.2,0.17617137730121613
331,0.09,0.0,0.15890517830848694
331,0.09,0.1,0.15890517830848694
331,0.09,0.2,0.1502053141593933
331,0.12,0.0,0.15699119865894318
331,0.12,0.1,0.15699119865894318
331,0.12,0.2,0.15440905094146729
331,0.15,0.0,0.16029345989227295
331,0.15,0.1,0.16029345989227295
331,0.15,0.2,0.14180922508239746
332,0.0,0.0,0.0937071442604065
332,0.0,0.1,0.0937071442604065
332,0.0,0.2,0.0941413938999176
332,0.03,0.0,0.09484358876943588
332,0.03,0.1,0.09484358876943588
332,0.03,0.2,0.11224348843097687
332,0.06,0.0,0.09684967249631882
332,0.06,0.1,0.09684967249631882
332,0.06,0.2,0.12314862757921219
332,0.09,0.0,0.10360989719629288
332,0.09,0.1,0.10360989719629288
332,0.09,0.2,0.09933217614889145
332,0.12,0.0,0.09222149103879929
332,0.12,0.1,0.09222149103879929
332,0.12,0.2,0.09408705681562424
332,0.15,0.0,0.10657809674739838
332,0.15,0.1,0.10657809674739838
332,0.15,0.2,0.11844349652528763
333,0.0,0.0,0.11263347417116165
333,0.0,0.1,0.11263347417116165
333,0.0,0.2,0.1307886242866516
333,0.03,0.0,0.11555662006139755
333,0.03,0.1,0.11555662006139755
333,0.03,0.2,0.1268981546163559
333,0.06,0.0,0.11264362931251526
333,0.06,0.1,0.11264362931251526
333,0.06,0.2,0.12102892249822617
333,0.09,0.0,0.10866818577051163
333,0.09,0.1,0.10866818577051163
333,0.09,0.2,0.11282632499933243
333,0.12,0.0,0.10911818593740463
333,0.12,0.1,0.10911818593740463
333,0.12,0.2,0.11035050451755524
333,0.15,0.0,0.11255867779254913
333,0.15,0.1,0.11255867779254913
333,0.15,0.2,0.10128507018089294
334,0.0,0.0,0.10872548818588257
334,0.0,0.1,0.10872548818588257
334,0.0,0.2,0.15459196269512177
334,0.03,0.0,0.1341814398765564
334,0.03,0.1,0.1341814398765564
334,0.03,0.2,0.16065530478954315
334,0.06,0.0,0.15192808210849762
334,0.06,0.1,0.15192808210849762
334,0.06,0.2,0.1483629047870636
334,0.09,0.0,0.15130463242530823
334,0.09,0.1,0.15130463242530823
334,0.09,0.2,0.13550934195518494
334,0.12,0.0,0.14694249629974365
334,0.12,0.1,0.14694249629974365
334,0.12,0.2,0.12853588163852692
334,0.15,0.0,0.13196547329425812
334,0.15,0.1,0.13196547329425812
334,0.15,0.2,0.10001508891582489
335,0.0,0.0,0.09758928418159485
335,0.0,0.1,0.09758928418159485
335,0.0,0.2,0.10882879793643951
335,0.03,0.0,0.09210291504859924
335,0.03,0.1,0.09210291504859924
335,0.03,0.2,0.10784636437892914
335,0.06,0.0,0.0995747298002243
335,0.06,0.1,0.0995747298002243
335,0.06,0.2,0.11412589251995087
335,0.09,0.0,0.09972399473190308
335,0.09,0.1,0.09972399473190308
335,0.09,0.2,0.13371390104293823
335,0.12,0.0,0.09726430475711823
335,0.12,0.1,0.09726430475711823
335,0.12,0.2,0.13206738233566284
335,0.15,0.0,0.10460752248764038
335,0.15,0.1,0.10460752248764038
335,0.15,0.2,0.14351119101047516
336,0.0,0.0,0.11421723663806915
336,0.0,0.1,0.11421723663806915
336,0.0,0.2,0.10332643985748291
336,0.03,0.0,0.09480644017457962
336,0.03,0.1,0.09480644017457962
336,0.03,0.2,0.09660835564136505
336,0.06,0.0,0.117282435297966
336,0.06,0.1,0.117282435297966
336,0.06,0.2,0.11496645957231522
336,0.09,0.0,0.1032000482082367
336,0.09,0.1,0.1032000482082367
336,0.09,0.2,0.11435480415821075
336,0.12,0.0,0.1286381632089615
336,0.12,0.1,0.1286381632089615
336,0.12,0.2,0.11453388631343842
336,0.15,0.0,0.13175170123577118
336,0.15,0.1,0.13175170123577118
336,0.15,0.2,0.12779149413108826
337,0.0,0.0,0.09015165269374847
337,0.0,0.1,0.09015165269374847
337,0.0,0.2,0.145771324634552
337,0.03,0.0,0.10631113499403
337,0.03,0.1,0.10631113499403
337,0.03,0.2,0.1628071516752243
337,0.06,0.0,0.17905230820178986
337,0.06,0.1,0.17905230820178986
337,0.06,0.2,0.17640914022922516
337,0.09,0.0,0.20562724769115448
337,0.09,0.1,0.20562724769115448
337,0.09,0.2,0.1517585664987564
337,0.12,0.0,0.20279522240161896
337,0.12,0.1,0.20279522240161896
337,0.12,0.2,0.12051141262054443
337,0.15,0.0,0.16289368271827698
337,0.15,0.1,0.16289368271827698
337,0.15,0.2,0.10145988315343857
338,0.0,0.0,0.09366653114557266
338,0.0,0.1,0.09366653114557266
338,0.0,0.2,0.15683269500732422
338,0.03,0.0,0.10710397362709045
338,0.03,0.1,0.10710397362709045
338,0.03,0.2,0.16417817771434784
338,0.06,0.0,0.18750916421413422
338,0.06,0.1,0.18750916421413422
338,0.06,0.2,0.17254452407360077
338,0.09,0.0,0.21464285254478455
338,0.09,0.1,0.21464285254478455
338,0.09,0.2,0.14482028782367706
338,0.12,0.0,0.19673168659210205
338,0.12,0.1,0.19673168659210205
338,0.12,0.2,0.11488868296146393
338,0.15,0.0,0.14521528780460358
338,0.15,0.1,0.14521528780460358
338,0.15,0.2,0.09562474489212036
339,0.0,0.0,0.1023569107055664
339,0.0,0.1,0.1023569107055664
339,0.0,0.2,0.1495339721441269
339,0.03,0.0,0.12144335359334946
339,0.03,0.1,0.12144335359334946
339,0.03,0.2,0.1372843086719513
339,0.06,0.0,0.123030886054039
339,0.06,0.1,0.123030886054039
339,0.06,0.2,0.1228012964129448
339,0.09,0.0,0.13776491582393646
339,0.09,0.1,0.13776491582393646
339,0.09,0.2,0.11087271571159363
339,0.12,0.0,0.12223798036575317
339,0.12,0.1,0.12223798036575317
339,0.12,0.2,0.1188596710562706
339,0.15,0.0,0.12122660130262375
339,0.15,0.1,0.12122660130262375
339,0.15,0.2,0.09670642018318176
34,0.0,0.0,0.11633472144603729
34,0.0,0.1,0.11633472144603729
34,0.0,0.2,0.14534485340118408
34,0.03,0.0,0.12776577472686768
34,0.03,0.1,0.12776577472686768
34,0.03,0.2,0.14985886216163635
34,0.06,0.0,0.1450406312942505
34,0.06,0.1,0.1450406312942505
34,0.06,0.2,0.1599021703004837
34,0.09,0.0,0.16584813594818115
34,0.09,0.1,0.16584813594818115
34,0.09,0.2,0.16326703131198883
34,0.12,0.0,0.17211541533470154
34,0.12,0.1,0.17211541533470154
34,0.12,0.2,0.1553259789943695
34,0.15,0.0,0.15203678607940674
34,0.15,0.1,0.15203678607940674
34,0.15,0.2,0.13014517724514008
340,0.0,0.0,0.09703407436609268
340,0.0,0.1,0.09703407436609268
340,0.0,0.2,0.09192221611738205
340,0.03,0.0,0.094477079808712
340,0.03,0.1,0.094477079808712
340,0.03,0.2,0.09992775321006775
340,0.06,0.0,0.10802967846393585
340,0.06,0.1,0.10802967846393585
340,0.06,0.2,0.1152767613530159
340,0.09,0.0,0.09677734225988388
340,0.09,0.1,0.09677734225988388
340,0.09,0.2,0.09719374030828476
340,0.12,0.0,0.09534356743097305
340,0.12,0.1,0.09534356743097305
340,0.12,0.2,0.09165306389331818
340,0.15,0.0,0.0963023453950882
340,0.15,0.1,0.0963023453950882
340,0.15,0.2,0.09684691578149796
341,0.0,0.0,0.26036059856414795
341,0.0,0.1,0.26036059856414795
341,0.0,0.2,0.3100391626358032
341,0.03,0.0,0.26608529686927795
341,0.03,0.1,0.26608529686927795
341,0.03,0.2,0.34803885221481323
341,0.06,0.0,0.24038228392601013
341,0.06,0.1,0.24038228392601013
341,0.06,0.2,0.33190879225730896
341,0.09,0.0,0.1961340755224228
341,0.09,0.1,0.1961340755224228
341,0.09,0.2,0.32557520270347595
341,0.12,0.0,0.19276346266269684
341,0.12,0.1,0.19276346266269684
341,0.12,0.2,0.29235899448394775
341,0.15,0.0,0.25046446919441223
341,0.15,0.1,0.25046446919441223
341,0.15,0.2,0.2850304841995239
342,0.0,0.0,0.11169088631868362
342,0.0,0.1,0.11169088631868362
342,0.0,0.2,0.11700371652841568
342,0.03,0.0,0.10835198312997818
342,0.03,0.1,0.10835198312997818
342,0.03,0.2,0.10775846242904663
342,0.06,0.0,0.08836992084980011
342,0.06,0.1,0.08836992084980011
342,0.06,0.2,0.09562921524047852
342,0.09,0.0,0.09455900639295578
342,0.09,0.1,0.09455900639295578
342,0.09,0.2,0.09721261262893677
342,0.12,0.0,0.09594757109880447
342,0.12,0.1,0.09594757109880447
342,0.12,0.2,0.09853732585906982
342,0.15,0.0,0.11253747344017029
342,0.15,0.1,0.11253747344017029
342,0.15,0.2,0.09580598026514053
343,0.0,0.0,0.10740836709737778
343,0.0,0.1,0.10740836709737778
343,0.0,0.2,0.10563099384307861
343,0.03,0.0,0.12115435302257538
343,0.03,0.1,0.12115435302257538
343,0.03,0.2,0.11956799030303955
343,0.06,0.0,0.10758428275585175
343,0.06,0.1,0.10758428275585175
343,0.06,0.2,0.1352587342262268
343,0.09,0.0,0.12697428464889526
343,0.09,0.1,0.12697428464889526
343,0.09,0.2,0.14552073180675507
343,0.12,0.0,0.12034893035888672
343,0.12,0.1,0.12034893035888672
343,0.12,0.2,0.11489754915237427
343,0.15,0.0,0.1002427190542221
343,0.15,0.1,0.1002427190542221
343,0.15,0.2,0.09152337163686752
344,0.0,0.0,0.11272499710321426
344,0.0,0.1,0.11272499710321426
344,0.0,0.2,0.09938538819551468
344,0.03,0.0,0.0984918400645256
344,0.03,0.1,0.0984918400645256
344,0.03,0.2,0.11433607339859009
344,0.06,0.0,0.09470974653959274
344,0.06,0.1,0.09470974653959274
344,0.06,0.2,0.10901861637830734
344,0.09,0.0,0.09652157127857208
344,0.09,0.1,0.09652157127857208
344,0.09,0.2,0.11067326366901398
344,0.12,0.0,0.09484599530696869
344,0.12,0.1,0.09484599530696869
344,0.12,0.2,0.10182224214076996
344,0.15,0.0,0.10792053490877151
344,0.15,0.1,0.10792053490877151
344,0.15,0.2,0.10376542806625366
345,0.0,0.0,0.10030332952737808
345,0.0,0.1,0.10030332952737808
345,0.0,0.2,0.13248059153556824
345,0.03,0.0,0.12480185925960541
345,0.03,0.1,0.12480185925960541
345,0.03,0.2,0.12886935472488403
345,0.06,0.0,0.13699506223201752
345,0.06,0.1,0.13699506223201752
345,0.06,0.2,0.12175072729587555
345,0.09,0.0,0.13387352228164673
345,0.09,0.1,0.13387352228164673
345,0.09,0.2,0.11619163304567337
345,0.12,0.0,0.09417260438203812
345,0.12,0.1,0.09417260438203812
345,0.12,0.2,0.09027848392724991
345,0.15,0.0,0.09670134633779526
345,0.15,0.1,0.09670134633779526
345,0.15,0.2,0.10411328077316284
346,0.0,0.0,0.09312168508768082
346,0.0,0.1,0.09312168508768082
346,0.0,0.2,0.12639929354190826
346,0.03,0.0,0.09661936014890671
346,0.03,0.1,0.09661936014890671
346,0.03,0.2,0.12197082489728928
346,0.06,0.0,0.11170048266649246
346,0.06,0.1,0.11170048266649246
346,0.06,0.2,0.11787354201078415
346,0.09,0.0,0.11370134353637695
346,0.09,0.1,0.11370134353637695
346,0.09,0.2,0.11903548240661621
346,0.12,0.0,0.10949268192052841
346,0.12,0.1,0.10949268192052841
346,0.12,0.2,0.10653126239776611
346,0.15,0.0,0.0889972448348999
346,0.15,0.1,0.0889972448348999
346,0.15,0.2,0.09989667683839798
347,0.0,0.0,0.0934770330786705
347,0.0,0.1,0.0934770330786705
347,0.0,0.2,0.10947053134441376
347,0.03,0.0,0.10011954605579376
347,0.03,0.1,0.10011954605579376
347,0.03,0.2,0.09112776070833206
347,0.06,0.0,0.08855243772268295
347,0.06,0.1,0.08855243772268295
347,0.06,0.2,0.10264407098293304
347,0.09,0.0,0.10637659579515457
347,0.09,0.1,0.10637659579515457
347,0.09,0.2,0.12779417634010315
347,0.12,0.0,0.09045996516942978
347,0.12,0.1,0.09045996516942978
347,0.12,0.2,0.14668458700180054
347,0.15,0.0,0.09966525435447693
347,0.15,0.1,0.09966525435447693
347,0.15,0.2,0.11718346923589706
348,0.0,0.0,0.09013223648071289
348,0.0,0.1,0.09013223648071289
348,0.0,0.2,0.12586332857608795
348,0.03,0.0,0.10096350312232971
348,0.03,0.1,0.10096350312232971
348,0.03,0.2,0.14024659991264343
348,0.06,0.0,0.10590850561857224
348,0.06,0.1,0.10590850561857224
348,0.06,0.2,0.125482439994812
348,0.09,0.0,0.1233968734741211
348,0.09,0.1,0.1233968734741211
348,0.09,0.2,0.11080232262611389
348,0.12,0.0,0.11593936383724213
348,0.12,0.1,0.11593936383724213
348,0.12,0.2,0.10653012245893478
348,0.15,0.0,0.10213630646467209
348,0.15,0.1,0.10213630646467209
348,0.15,0.2,0.11262068897485733
349,0.0,0.0,0.1610802412033081
349,0.0,0.1,0.1610802412033081
349,0.0,0.2,0.15845343470573425
349,0.03,0.0,0.14560791850090027
349,0.03,0.1,0.14560791850090027
349,0.03,0.2,0.16861724853515625
349,0.06,0.0,0.1632239669561386
349,0.06,0.1,0.1632239669561386
349,0.06,0.2,0.1653584986925125
349,0.09,0.0,0.14420124888420105
349,0.09,0.1,0.14420124888420105
349,0.09,0.2,0.1547391265630722
349,0.12,0.0,0.1627965271472931
349,0.12,0.1,0.1627965271472931
349,0.12,0.2,0.16905279457569122
349,0.15,0.0,0.14682191610336304
349,0.15,0.1,0.14682191610336304
349,0.15,0.2,0.15260232985019684
35,0.0,0.0,0.11632875353097916
35,0.0,0.1,0.11632875353097916
35,0.0,0.2,0.13359181582927704
35,0.03,0.0,0.12037007510662079
35,0.03,0.1,0.12037007510662079
35,0.03,0.2,0.13395291566848755
35,0.06,0.0,0.109474778175354
35,0.06,0.1,0.109474778175354
35,0.06,0.2,0.11955080926418304
35,0.09,0.0,0.11236449331045151
35,0.09,0.1,0.11236449331045151
35,0.09,0.2,0.1176760196685791
35,0.12,0.0,0.12210928648710251
35,0.12,0.1,0.12210928648710251
35,0.12,0.2,0.12447012960910797
35,0.15,0.0,0.11214768886566162
35,0.15,0.1,0.11214768886566162
35,0.15,0.2,0.10249153524637222
350,0.0,0.0,0.13573889434337616
350,0.0,0.1,0.13573889434337616
350,0.0,0.2,0.13894784450531006
350,0.03,0.0,0.11629033833742142
350,0.03,0.1,0.11629033833742142
350,0.03,0.2,0.1077180802822113
350,0.06,0.0,0.10662590712308884
350,0.06,0.1,0.10662590712308884
350,0.06,0.2,0.09125068038702011
350,0.09,0.0,0.12888599932193756
350,0.09,0.1,0.12888599932193756
350,0.09,0.2,0.10034424811601639
350,0.12,0.0,0.10380973666906357
350,0.12,0.1,0.10380973666906357
350,0.12,0.2,0.1049061119556427
350,0.15,0.0,0.08928010612726212
350,0.15,0.1,0.08928010612726212
350,0.15,0.2,0.09233492612838745
351,0.0,0.0,0.09987834841012955
351,0.0,0.1,0.09987834841012955
351,0.0,0.2,0.1580045521259308
351,0.03,0.0,0.13525576889514923
351,0.03,0.1,0.13525576889514923
351,0.03,0.2,0.1627812683582306
351,0.06,0.0,0.15970930457115173
351,0.06,0.1,0.15970930457115173
351,0.06,0.2,0.17255406081676483
351,0.09,0.0,0.1704089641571045
351,0.09,0.1,0.1704089641571045
351,0.09,0.2,0.16641637682914734
351,0.12,0.0,0.16415752470493317
351,0.12,0.1,0.16415752470493317
351,0.12,0.2,0.15431442856788635
351,0.15,0.0,0.1687680035829544
351,0.15,0.1,0.1687680035829544
351,0.15,0.2,0.1330862045288086
352,0.0,0.0,0.09286917746067047
352,0.0,0.1,0.09286917746067047
352,0.0,0.2,0.10170793533325195
352,0.03,0.0,0.09531159698963165
352,0.03,0.1,0.09531159698963165
352,0.03,0.2,0.09029563516378403
352,0.06,0.0,0.09426707774400711
352,0.06,0.1,0.09426707774400711
352,0.06,0.2,0.1019185408949852
352,0.09,0.0,0.08616084605455399
352,0.09,0.1,0.08616084605455399
352,0.09,0.2,0.10001371800899506
352,0.12,0.0,0.08356347680091858
352,0.12,0.1,0.08356347680091858
352,0.12,0.2,0.09679986536502838
352,0.15,0.0,0.08516064286231995
352,0.15,0.1,0.08516064286231995
352,0.15,0.2,0.08044208586215973
353,0.0,0.0,0.10184982419013977
353,0.0,0.1,0.10184982419013977
353,0.0,0.2,0.1403331309556961
353,0.03,0.0,0.12465661019086838
353,0.03,0.1,0.12465661019086838
353,0.03,0.2,0.15450581908226013
353,0.06,0.0,0.1543237715959549
353,0.06,0.1,0.1543237715959549
353,0.06,0.2,0.16984206438064575
353,0.09,0.0,0.158809095621109
353,0.09,0.1,0.158809095621109
353,0.09,0.2,0.16388998925685883
353,0.12,0.0,0.16180260479450226
353,0.12,0.1,0.16180260479450226
353,0.12,0.2,0.1458185315132141
353,0.15,0.0,0.15463128685951233
353,0.15,0.1,0.15463128685951233
353,0.15,0.2,0.14026468992233276
354,0.0,0.0,0.10616792738437653
354,0.0,0.1,0.10616792738437653
354,0.0,0.2,0.14740131795406342
354,0.03,0.0,0.13070568442344666
354,0.03,0.1,0.13070568442344666
354,0.03,0.2,0.14102250337600708
354,0.06,0.0,0.15131989121437073
354,0.06,0.1,0.15131989121437073
354,0.06,0.2,0.14094185829162598
354,0.09,0.0,0.16130076348781586
354,0.09,0.1,0.16130076348781586
354,0.09,0.2,0.11854976415634155
354,0.12,0.0,0.1286354511976242
354,0.12,0.1,0.1286354511976242
354,0.12,0.2,0.07918870449066162
354,0.15,0.0,0.08228377997875214
354,0.15,0.1,0.08228377997875214
354,0.15,0.2,0.08969292789697647
355,0.0,0.0,0.11842291802167892
355,0.0,0.1,0.11842291802167892
355,0.0,0.2,0.13060030341148376
355,0.03,0.0,0.11926590651273727
355,0.03,0.1,0.11926590651273727
355,0.03,0.2,0.11966065317392349
355,0.06,0.0,0.12076564878225327
355,0.06,0.1,0.12076564878225327
355,0.06,0.2,0.09744593501091003
355,0.09,0.0,0.10715493559837341
355,0.09,0.1,0.10715493559837341
355,0.09,0.2,0.10810235887765884
355,0.12,0.0,0.0934380367398262
355,0.12,0.1,0.0934380367398262
355,0.12,0.2,0.10175779461860657
355,0.15,0.0,0.099635548889637
355,0.15,0.1,0.099635548889637
355,0.15,0.2,0.10190004855394363
356,0.0,0.0,0.11083736270666122
356,0.0,0.1,0.11083736270666122
356,0.0,0.2,0.13834062218666077
356,0.03,0.0,0.11170109361410141
356,0.03,0.1,0.11170109361410141
356,0.03,0.2,0.11776626855134964
356,0.06,0.0,0.12180975079536438
356,0.06,0.1,0.12180975079536438
356,0.06,0.2,0.1283561885356903
356,0.09,0.0,0.13842038810253143
356,0.09,0.1,0.13842038810253143
356,0.09,0.2,0.131737619638443
356,0.12,0.0,0.11234419792890549
356,0.12,0.1,0.11234419792890549
356,0.12,0.2,0.10466236621141434
356,0.15,0.0,0.10115667432546616
356,0.15,0.1,0.10115667432546616
356,0.15,0.2,0.1027156412601471
357,0.0,0.0,0.09532727301120758
357,0.0,0.1,0.09532727301120758
357,0.0,0.2,0.0813828855752945
357,0.03,0.0,0.08125002682209015
357,0.03,0.1,0.08125002682209015
357,0.03,0.2,0.09789159148931503
357,0.06,0.0,0.09442920982837677
357,0.06,0.1,0.09442920982837677
357,0.06,0.2,0.08756023645401001
357,0.09,0.0,0.09791430085897446
357,0.09,0.1,0.09791430085897446
357,0.09,0.2,0.09855090826749802
357,0.12,0.0,0.10145149379968643
357,0.12,0.1,0.10145149379968643
357,0.12,0.2,0.0858994871377945
357,0.15,0.0,0.09377649426460266
357,0.15,0.1,0.09377649426460266
357,0.15,0.2,0.09323476999998093
358,0.0,0.0,0.11151524633169174
358,0.0,0.1,0.11151524633169174
358,0.0,0.2,0.09776300191879272
358,0.03,0.0,0.12925752997398376
358,0.03,0.1,0.12925752997398376
358,0.03,0.2,0.10810106247663498
358,0.06,0.0,0.09287422150373459
358,0.06,0.1,0.09287422150373459
358,0.06,0.2,0.10387224704027176
358,0.09,0.0,0.10387072712182999
358,0.09,0.1,0.10387072712182999
358,0.09,0.2,0.10143393278121948
358,0.12,0.0,0.08877657353878021
358,0.12,0.1,0.08877657353878021
358,0.12,0.2,0.09624311327934265
358,0.15,0.0,0.09518176317214966
358,0.15,0.1,0.09518176317214966
358,0.15,0.2,0.11351163685321808
359,0.0,0.0,0.09900320321321487
359,0.0,0.1,0.09900320321321487
359,0.0,0.2,0.0900440365076065
359,0.03,0.0,0.09511841833591461
359,0.03,0.1,0.09511841833591461
359,0.03,0.2,0.10763466358184814
359,0.06,0.0,0.08885038644075394
359,0.06,0.1,0.08885038644075394
359,0.06,0.2,0.0906367376446724
359,0.09,0.0,0.09084933996200562
359,0.09,0.1,0.09084933996200562
359,0.09,0.2,0.09922328591346741
359,0.12,0.0,0.09310100227594376
359,0.12,0.1,0.09310100227594376
359,0.12,0.2,0.10304605960845947
359,0.15,0.0,0.0924200639128685
359,0.15,0.1,0.0924200639128685
359,0.15,0.2,0.12053240835666656
36,0.0,0.0,0.09815558046102524
36,0.0,0.1,0.09815558046102524
36,0.0,0.2,0.09727509319782257
36,0.03,0.0,0.09627892822027206
36,0.03,0.1,0.09627892822027206
36,0.03,0.2,0.11090100556612015
36,0.06,0.0,0.11120996624231339
36,0.06,0.1,0.11120996624231339
36,0.06,0.2,0.12014038115739822
36,0.09,0.0,0.0994664877653122
36,0.09,0.1,0.0994664877653122
36,0.09,0.2,0.1300993710756302
36,0.12,0.0,0.09958218783140182
36,0.12,0.1,0.09958218783140182
36,0.12,0.2,0.1322561502456665
36,0.15,0.0,0.10745274275541306
36,0.15,0.1,0.10745274275541306
36,0.15,0.2,0.13698239624500275
360,0.0,0.0,0.09938639402389526
360,0.0,0.1,0.09938639402389526
360,0.0,0.2,0.1345682144165039
360,0.03,0.0,0.12187912315130234
360,0.03,0.1,0.12187912315130234
360,0.03,0.2,0.14086401462554932
360,0.06,0.0,0.14519914984703064
360,0.06,0.1,0.14519914984703064
360,0.06,0.2,0.14832833409309387
360,0.09,0.0,0.14420723915100098
360,0.09,0.1,0.14420723915100098
360,0.09,0.2,0.1376660019159317
360,0.12,0.0,0.15008161962032318
360,0.12,0.1,0.15008161962032318
360,0.12,0.2,0.15188118815422058
360,0.15,0.0,0.14649896323680878
360,0.15,0.1,0.14649896323680878
360,0.15,0.2,0.13357198238372803
361,0.0,0.0,0.12584523856639862
361,0.0,0.1,0.12584523856639862
361,0.0,0.2,0.13501612842082977
361,0.03,0.0,0.12964259088039398
361,0.03,0.1,0.12964259088039398
361,0.03,0.2,0.13830412924289703
361,0.06,0.0,0.129844069480896
361,0.06,0.1,0.129844069480896
361,0.06,0.2,0.12862369418144226
361,0.09,0.0,0.11930146813392639
361,0.09,0.1,0.11930146813392639
361,0.09,0.2,0.10351835936307907
361,0.12,0.0,0.10044712573289871
361,0.12,0.1,0.10044712573289871
361,0.12,0.2,0.10503002256155014
361,0.15,0.0,0.08984507620334625
361,0.15,0.1,0.08984507620334625
361,0.15,0.2,0.09864067286252975
362,0.0,0.0,0.10977208614349365
362,0.0,0.1,0.10977208614349365
362,0.0,0.2,0.0974726751446724
362,0.03,0.0,0.11815647780895233
362,0.03,0.1,0.11815647780895233
362,0.03,0.2,0.12895455956459045
362,0.06,0.0,0.09875784814357758
362,0.06,0.1,0.09875784814357758
362,0.06,0.2,0.10767445713281631
362,0.09,0.0,0.1012255921959877
362,0.09,0.1,0.1012255921959877
362,0.09,0.2,0.11657736450433731
362,0.12,0.0,0.11506235599517822
362,0.12,0.1,0.11506235599517822
362,0.12,0.2,0.13389547169208527
362,0.15,0.0,0.10896090418100357
362,0.15,0.1,0.10896090418100357
362,0.15,0.2,0.12121690064668655
363,0.0,0.0,0.09770718961954117
363,0.0,0.1,0.09770718961954117
363,0.0,0.2,0.09144775569438934
363,0.03,0.0,0.09233623743057251
363,0.03,0.1,0.09233623743057251
363,0.03,0.2,0.10158082842826843
363,0.06,0.0,0.1028718650341034
363,0.06,0.1,0.1028718650341034
363,0.06,0.2,0.10367640852928162
363,0.09,0.0,0.10319536179304123
363,0.09,0.1,0.10319536179304123
363,0.09,0.2,0.1030525267124176
363,0.12,0.0,0.10172303766012192
363,0.12,0.1,0.10172303766012192
363,0.12,0.2,0.09260278195142746
363,0.15,0.0,0.10002511739730835
363,0.15,0.1,0.10002511739730835
363,0.15,0.2,0.08287661522626877
364,0.0,0.0,0.09837081283330917
364,0.0,0.1,0.09837081283330917
364,0.0,0.2,0.09856318682432175
364,0.03,0.0,0.09494984149932861
364,0.03,0.1,0.09494984149932861
364,0.03,0.2,0.10028167068958282
364,0.06,0.0,0.09654974192380905
364,0.06,0.1,0.09654974192380905
364,0.06,0.2,0.08954613655805588
364,0.09,0.0,0.09542666375637054
364,0.09,0.1,0.09542666375637054
364,0.09,0.2,0.09971804916858673
364,0.12,0.0,0.11117198318243027
364,0.12,0.1,0.11117198318243027
364,0.12,0.2,0.11422207951545715
364,0.15,0.0,0.11476034671068192
364,0.15,0.1,0.11476034671068192
364,0.15,0.2,0.11862014979124069
365,0.0,0.0,0.10595163702964783
365,0.0,0.1,0.10595163702964783
365,0.0,0.2,0.10186706483364105
365,0.03,0.0,0.09974109381437302
365,0.03,0.1,0.09974109381437302
365,0.03,0.2,0.1008065938949585
365,0.06,0.0,0.10160578042268753
365,0.06,0.1,0.10160578042268753
365,0.06,0.2,0.10291844606399536
365,0.09,0.0,0.10618794709444046
365,0.09,0.1,0.10618794709444046
365,0.09,0.2,0.10705230385065079
365,0.12,0.0,0.11639514565467834
365,0.12,0.1,0.11639514565467834
365,0.12,0.2,0.11582542955875397
365,0.15,0.0,0.11554283648729324
365,0.15,0.1,0.11554283648729324
365,0.15,0.2,0.08510363101959229
366,0.0,0.0,0.08319611847400665
366,0.0,0.1,0.08319611847400665
366,0.0,0.2,0.10205032676458359
366,0.03,0.0,0.0816088542342186
366,0.03,0.1,0.0816088542342186
366,0.03,0.2,0.09540808200836182
366,0.06,0.0,0.09561025351285934
366,0.06,0.1,0.09561025351285934
366,0.06,0.2,0.10375117510557175
366,0.09,0.0,0.09621018916368484
366,0.09,0.1,0.09621018916368484
366,0.09,0.2,0.10462228208780289
366,0.12,0.0,0.09384060651063919
366,0.12,0.1,0.09384060651063919
366,0.12,0.2,0.1078406572341919
366,0.15,0.0,0.08559801429510117
366,0.15,0.1,0.08559801429510117
366,0.15,0.2,0.10259480774402618
367,0.0,0.0,0.09401347488164902
367,0.0,0.1,0.09401347488164902
367,0.0,0.2,0.09787315875291824
367,0.03,0.0,0.09192688763141632
367,0.03,0.1,0.09192688763141632
367,0.03,0.2,0.09966747462749481
367,0.06,0.0,0.10195234417915344
367,0.06,0.1,0.10195234417915344
367,0.06,0.2,0.0910576581954956
367,0.09,0.0,0.10103180259466171
367,0.09,0.1,0.10103180259466171
367,0.09,0.2,0.08841096609830856
367,0.12,0.0,0.11831545829772949
367,0.12,0.1,0.11831545829772949
367,0.12,0.2,0.10831625759601593
367,0.15,0.0,0.09369423240423203
367,0.15,0.1,0.09369423240423203
367,0.15,0.2,0.1084536537528038
368,0.0,0.0,0.1040540337562561
368,0.0,0.1,0.1040540337562561
368,0.0,0.2,0.13957540690898895
368,0.03,0.0,0.12960335612297058
368,0.03,0.1,0.12960335612297058
368,0.03,0.2,0.1425815224647522
368,0.06,0.0,0.11474965512752533
368,0.06,0.1,0.11474965512752533
368,0.06,0.2,0.11830487847328186
368,0.09,0.0,0.12627290189266205
368,0.09,0.1,0.12627290189266205
368,0.09,0.2,0.09990544617176056
368,0.12,0.0,0.13849802315235138
368,0.12,0.1,0.13849802315235138
368,0.12,0.2,0.12324658036231995
368,0.15,0.0,0.11206842213869095
368,0.15,0.1,0.11206842213869095
368,0.15,0.2,0.10998228192329407
369,0.0,0.0,0.09099762886762619
369,0.0,0.1,0.09099762886762619
369,0.0,0.2,0.0954185202717781
369,0.03,0.0,0.09054510295391083
369,0.03,0.1,0.09054510295391083
369,0.03,0.2,0.09996771812438965
369,0.06,0.0,0.11270803958177567
369,0.06,0.1,0.11270803958177567
369,0.06,0.2,0.10082327574491501
369,0.09,0.0,0.10220178961753845
369,0.09,0.1,0.10220178961753845
369,0.09,0.2,0.10189782828092575
369,0.12,0.0,0.09696336835622787
369,0.12,0.1,0.09696336835622787
369,0.12,0.2,0.0885486826300621
369,0.15,0.0,0.0922837182879448
369,0.15,0.1,0.0922837182879448
369,0.15,0.2,0.09892164915800095
37,0.0,0.0,0.08673073351383209
37,0.0,0.1,0.08673073351383209
37,0.0,0.2,0.11861705780029297
37,0.03,0.0,0.09332029521465302
37,0.03,0.1,0.09332029521465302
37,0.03,0.2,0.15279391407966614
37,0.06,0.0,0.08830035477876663
37,0.06,0.1,0.08830035477876663
37,0.06,0.2,0.1695820838212967
37,0.09,0.0,0.10467585921287537
37,0.09,0.1,0.10467585921287537
37,0.09,0.2,0.17234884202480316
37,0.12,0.0,0.12582220137119293
37,0.12,0.1,0.12582220137119293
37,0.12,0.2,0.16524134576320648
37,0.15,0.0,0.16680172085762024
37,0.15,0.1,0.16680172085762024
37,0.15,0.2,0.1573973447084427
370,0.0,0.0,0.12661506235599518
370,0.0,0.1,0.12661506235599518
370,0.0,0.2,0.10906650871038437
370,0.03,0.0,0.14081670343875885
370,0.03,0.1,0.14081670343875885
370,0.03,0.2,0.11140432208776474
370,0.06,0.0,0.12987245619297028
370,0.06,0.1,0.12987245619297028
370,0.06,0.2,0.1247430145740509
370,0.09,0.0,0.13457223773002625
370,0.09,0.1,0.13457223773002625
370,0.09,0.2,0.13989806175231934
370,0.12,0.0,0.12076480686664581
370,0.12,0.1,0.12076480686664581
370,0.12,0.2,0.13679459691047668
370,0.15,0.0,0.11292693018913269
370,0.15,0.1,0.11292693018913269
370,0.15,0.2,0.12730930745601654
371,0.0,0.0,0.08437229692935944
371,0.0,0.1,0.08437229692935944
371,0.0,0.2,0.10043865442276001
371,0.03,0.0,0.09176598489284515
371,0.03,0.1,0.09176598489284515
371,0.03,0.2,0.08528631180524826
371,0.06,0.0,0.08494780212640762
371,0.06,0.1,0.08494780212640762
371,0.06,0.2,0.1021091416478157
371,0.09,0.0,0.08753931522369385
371,0.09,0.1,0.08753931522369385
371,0.09,0.2,0.09842228144407272
371,0.12,0.0,0.0908670574426651
371,0.12,0.1,0.0908670574426651
371,0.12,0.2,0.10675099492073059
371,0.15,0.0,0.10659866780042648
371,0.15,0.1,0.10659866780042648
371,0.15,0.2,0.11946774274110794
372,0.0,0.0,0.09700917452573776
372,0.0,0.1,0.09700917452573776
372,0.0,0.2,0.09029066562652588
372,0.03,0.0,0.10240776091814041
372,0.03,0.1,0.10240776091814041
372,0.03,0.2,0.10840898752212524
372,0.06,0.0,0.10477283596992493
372,0.06,0.1,0.10477283596992493
372,0.06,0.2,0.11509092152118683
372,0.09,0.0,0.11037053167819977
372,0.09,0.1,0.11037053167819977
372,0.09,0.2,0.11210155487060547
372,0.12,0.0,0.08234422653913498
372,0.12,0.1,0.08234422653913498
372,0.12,0.2,0.0907038077712059
372,0.15,0.0,0.0847802609205246
372,0.15,0.1,0.0847802609205246
372,0.15,0.2,0.09593354165554047
373,0.0,0.0,0.08873918652534485
373,0.0,0.1,0.08873918652534485
373,0.0,0.2,0.08472596853971481
373,0.03,0.0,0.09807917475700378
373,0.03,0.1,0.09807917475700378
373,0.03,0.2,0.09998000413179398
373,0.06,0.0,0.10873524844646454
373,0.06,0.1,0.10873524844646454
373,0.06,0.2,0.09586675465106964
373,0.09,0.0,0.10432233661413193
373,0.09,0.1,0.10432233661413193
373,0.09,0.2,0.09354164451360703
373,0.12,0.0,0.09280421584844589
373,0.12,0.1,0.09280421584844589
373,0.12,0.2,0.09308218210935593
373,0.15,0.0,0.10635501146316528
373,0.15,0.1,0.10635501146316528
373,0.15,0.2,0.09245480597019196
374,0.0,0.0,0.10573288798332214
374,0.0,0.1,0.10573288798332214
374,0.0,0.2,0.13203617930412292
374,0.03,0.0,0.10178384929895401
374,0.03,0.1,0.10178384929895401
374,0.03,0.2,0.09816265106201172
374,0.06,0.0,0.09890249371528625
374,0.06,0.1,0.09890249371528625
374,0.06,0.2,0.09575475007295609
374,0.09,0.0,0.09178873896598816
374,0.09,0.1,0.09178873896598816
374,0.09,0.2,0.10996542125940323
374,0.12,0.0,0.08925986289978027
374,0.12,0.1,0.08925986289978027
374,0.12,0.2,0.09677403420209885
374,0.15,0.0,0.09813906997442245
374,0.15,0.1,0.09813906997442245
374,0.15,0.2,0.11246690154075623
375,0.0,0.0,0.1131022647023201
375,0.0,0.1,0.1131022647023201
375,0.0,0.2,0.15604950487613678
375,0.03,0.0,0.13132238388061523
375,0.03,0.1,0.13132238388061523
375,0.03,0.2,0.1558273583650589
375,0.06,0.0,0.11404625326395035
375,0.06,0.1,0.11404625326395035
375,0.06,0.2,0.12366043776273727
375,0.09,0.0,0.12222066521644592
375,0.09,0.1,0.12222066521644592
375,0.09,0.2,0.10865596681833267
375,0.12,0.0,0.1447572261095047
375,0.12,0.1,0.1447572261095047
375,0.12,0.2,0.12144066393375397
375,0.15,0.0,0.13696074485778809
375,0.15,0.1,0.13696074485778809
375,0.15,0.2,0.12980018556118011
376,0.0,0.0,0.1302437037229538
376,0.0,0.1,0.1302437037229538
376,0.0,0.2,0.09562148153781891
376,0.03,0.0,0.12815707921981812
376,0.03,0.1,0.12815707921981812
376,0.03,0.2,0.0991213396191597
376,0.06,0.0,0.10851789265871048
376,0.06,0.1,0.10851789265871048
376,0.06,0.2,0.10737667977809906
376,0.09,0.0,0.09823153913021088
376,0.09,0.1,0.09823153913021088
376,0.09,0.2,0.11413224041461945
376,0.12,0.0,0.09472860395908356
376,0.12,0.1,0.09472860395908356
376,0.12,0.2,0.10272233188152313
376,0.15,0.0,0.10758191347122192
376,0.15,0.1,0.10758191347122192
376,0.15,0.2,0.10235516726970673
377,0.0,0.0,0.11664606630802155
377,0.0,0.1,0.11664606630802155
377,0.0,0.2,0.11722753196954727
377,0.03,0.0,0.09342879056930542
377,0.03,0.1,0.09342879056930542
377,0.03,0.2,0.09555353969335556
377,0.06,0.0,0.09450539946556091
377,0.06,0.1,0.09450539946556091
377,0.06,0.2,0.09292466193437576
377,0.09,0.0,0.10329592227935791
377,0.09,0.1,0.10329592227935791
377,0.09,0.2,0.0986737310886383
377,0.12,0.0,0.10029265284538269
377,0.12,0.1,0.10029265284538269
377,0.12,0.2,0.09652450680732727
377,0.15,0.0,0.1173197478055954
377,0.15,0.1,0.1173197478055954
377,0.15,0.2,0.10402791202068329
378,0.0,0.0,0.1201464906334877
378,0.0,0.1,0.1201464906334877
378,0.0,0.2,0.11966178566217422
378,0.03,0.0,0.10941065102815628
378,0.03,0.1,0.10941065102815628
378,0.03,0.2,0.1088925153017044
378,0.06,0.0,0.09389179199934006
378,0.06,0.1,0.09389179199934006
378,0.06,0.2,0.09913551062345505
378,0.09,0.0,0.08223788440227509
378,0.09,0.1,0.08223788440227509
378,0.09,0.2,0.09512871503829956
378,0.12,0.0,0.10272231698036194
378,0.12,0.1,0.10272231698036194
378,0.12,0.2,0.10584495961666107
378,0.15,0.0,0.09343959391117096
378,0.15,0.1,0.09343959391117096
378,0.15,0.2,0.11248315870761871
379,0.0,0.0,0.15409860014915466
379,0.0,0.1,0.15409860014915466
379,0.0,0.2,0.21672892570495605
379,0.03,0.0,0.19737665355205536
379,0.03,0.1,0.19737665355205536
379,0.03,0.2,0.21391747891902924
379,0.06,0.0,0.21921786665916443
379,0.06,0.1,0.21921786665916443
379,0.06,0.2,0.19847461581230164
379,0.09,0.0,0.19277264177799225
379,0.09,0.1,0.19277264177799225
379,0.09,0.2,0.16419561207294464
379,0.12,0.0,0.15562032163143158
379,0.12,0.1,0.15562032163143158
379,0.12,0.2,0.12039218097925186
379,0.15,0.0,0.13265253603458405
379,0.15,0.1,0.13265253603458405
379,0.15,0.2,0.11353542655706406
38,0.0,0.0,0.09323690086603165
38,0.0,0.1,0.09323690086603165
38,0.0,0.2,0.1044800728559494
38,0.03,0.0,0.1008976474404335
38,0.03,0.1,0.1008976474404335
38,0.03,0.2,0.1099475771188736
38,0.06,0.0,0.10120338201522827
38,0.06,0.1,0.10120338201522827
38,0.06,0.2,0.12406808137893677
38,0.09,0.0,0.10892898589372635
38,0.09,0.1,0.10892898589372635
38,0.09,0.2,0.13338784873485565
38,0.12,0.0,0.11165586113929749
38,0.12,0.1,0.11165586113929749
38,0.12,0.2,0.12186073511838913
38,0.15,0.0,0.11106839030981064
38,0.15,0.1,0.11106839030981064
38,0.15,0.2,0.14590021967887878
380,0.0,0.0,0.09347784519195557
380,0.0,0.1,0.09347784519195557
380,0.0,0.2,0.11324066668748856
380,0.03,0.0,0.1101657897233963
380,0.03,0.1,0.1101657897233963
380,0.03,0.2,0.1018296629190445
380,0.06,0.0,0.12927301228046417
380,0.06,0.1,0.12927301228046417
380,0.06,0.2,0.10186000168323517
380,0.09,0.0,0.10269360989332199
380,0.09,0.1,0.10269360989332199
380,0.09,0.2,0.09852639585733414
380,0.12,0.0,0.11038324981927872
380,0.12,0.1,0.11038324981927872
380,0.12,0.2,0.10415860265493393
380,0.15,0.0,0.09971022605895996
380,0.15,0.1,0.09971022605895996
380,0.15,0.2,0.11080068349838257
381,0.0,0.0,0.15531452000141144
381,0.0,0.1,0.15531452000141144
381,0.0,0.2,0.16937081515789032
381,0.03,0.0,0.12672358751296997
381,0.03,0.1,0.12672358751296997
381,0.03,0.2,0.1908726990222931
381,0.06,0.0,0.13088206946849823
381,0.06,0.1,0.13088206946849823
381,0.06,0.2,0.19296970963478088
381,0.09,0.0,0.16800285875797272
381,0.09,0.1,0.16800285875797272
381,0.09,0.2,0.18838301301002502
381,0.12,0.0,0.16572171449661255
381,0.12,0.1,0.16572171449661255
381,0.12,0.2,0.176954448223114
381,0.15,0.0,0.1686597764492035
381,0.15,0.1,0.1686597764492035
381,0.15,0.2,0.18142646551132202
382,0.0,0.0,0.0874224603176117
382,0.0,0.1,0.0874224603176117
382,0.0,0.2,0.11172656714916229
382,0.03,0.0,0.100833959877491
382,0.03,0.1,0.100833959877491
382,0.03,0.2,0.10242223739624023
382,0.06,0.0,0.10627248883247375
382,0.06,0.1,0.10627248883247375
382,0.06,0.2,0.10441460460424423
382,0.09,0.0,0.10482095181941986
382,0.09,0.1,0.10482095181941986
382,0.09,0.2,0.118399478495121
382,0.12,0.0,0.09437163919210434
382,0.12,0.1,0.09437163919210434
382,0.12,0.2,0.11440705507993698
382,0.15,0.0,0.08244267851114273
382,0.15,0.1,0.08244267851114273
382,0.15,0.2,0.09894466400146484
383,0.0,0.0,0.15673121809959412
383,0.0,0.1,0.15673121809959412
383,0.0,0.2,0.19418911635875702
383,0.03,0.0,0.17749837040901184
383,0.03,0.1,0.17749837040901184
383,0.03,0.2,0.17812474071979523
383,0.06,0.0,0.1865042746067047
383,0.06,0.1,0.1865042746067047
383,0.06,0.2,0.16320279240608215
383,0.09,0.0,0.15491294860839844
383,0.09,0.1,0.15491294860839844
383,0.09,0.2,0.13930131494998932
383,0.12,0.0,0.12299041450023651
383,0.12,0.1,0.12299041450023651
383,0.12,0.2,0.10372569411993027
383,0.15,0.0,0.10442224889993668
383,0.15,0.1,0.10442224889993668
383,0.15,0.2,0.1045750081539154
384,0.0,0.0,0.23134401440620422
384,0.0,0.1,0.23134401440620422
384,0.0,0.2,0.20965349674224854
384,0.03,0.0,0.18909889459609985
384,0.03,0.1,0.18909889459609985
384,0.03,0.2,0.1585698276758194
384,0.06,0.0,0.1615336686372757
384,0.06,0.1,0.1615336686372757
384,0.06,0.2,0.14845682680606842
384,0.09,0.0,0.14830614626407623
384,0.09,0.1,0.14830614626407623
384,0.09,0.2,0.14591927826404572
384,0.12,0.0,0.13432025909423828
384,0.12,0.1,0.13432025909423828
384,0.12,0.2,0.17042875289916992
384,0.15,0.0,0.13242705166339874
384,0.15,0.1,0.13242705166339874
384,0.15,0.2,0.1765953004360199
385,0.0,0.0,0.107349693775177
385,0.0,0.1,0.107349693775177
385,0.0,0.2,0.15437905490398407
385,0.03,0.0,0.12840089201927185
385,0.03,0.1,0.12840089201927185
385,0.03,0.2,0.1532188355922699
385,0.06,0.0,0.1339806169271469
385,0.06,0.1,0.1339806169271469
385,0.06,0.2,0.12761624157428741
385,0.09,0.0,0.12696538865566254
385,0.09,0.1,0.12696538865566254
385,0.09,0.2,0.09032582491636276
385,0.12,0.0,0.13164761662483215
385,0.12,0.1,0.13164761662483215
385,0.12,0.2,0.0916609987616539
385,0.15,0.0,0.10337720811367035
385,0.15,0.1,0.10337720811367035
385,0.15,0.2,0.09968499839305878
386,0.0,0.0,0.1306556761264801
386,0.0,0.1,0.1306556761264801
386,0.0,0.2,0.11966893076896667
386,0.03,0.0,0.1261933147907257
386,0.03,0.1,0.1261933147907257
386,0.03,0.2,0.12418809533119202
386,0.06,0.0,0.11593607068061829
386,0.06,0.1,0.11593607068061829
386,0.06,0.2,0.13393506407737732
386,0.09,0.0,0.10748597979545593
386,0.09,0.1,0.10748597979545593
386,0.09,0.2,0.14691829681396484
386,0.12,0.0,0.1061967983841896
386,0.12,0.1,0.1061967983841896
386,0.12,0.2,0.12177251279354095
386,0.15,0.0,0.11390708386898041
386,0.15,0.1,0.11390708386898041
386,0.15,0.2,0.12723104655742645
387,0.0,0.0,0.12510226666927338
387,0.0,0.1,0.12510226666927338
387,0.0,0.2,0.13389649987220764
387,0.03,0.0,0.09887672960758209
387,0.03,0.1,0.09887672960758209
387,0.03,0.2,0.10306944698095322
387,0.06,0.0,0.10766280442476273
387,0.06,0.1,0.10766280442476273
387,0.06,0.2,0.11249538511037827
387,0.09,0.0,0.10424288362264633
387,0.09,0.1,0.10424288362264633
387,0.09,0.2,0.11900966614484787
387,0.12,0.0,0.11067507416009903
387,0.12,0.1,0.11067507416009903
387,0.12,0.2,0.11318715661764145
387,0.15,0.0,0.10707493126392365
387,0.15,0.1,0.10707493126392365
387,0.15,0.2,0.115999735891819
388,0.0,0.0,0.11113207042217255
388,0.0,0.1,0.11113207042217255
388,0.0,0.2,0.10049592703580856
388,0.03,0.0,0.08980066329240799
388,0.03,0.1,0.08980066329240799
388,0.03,0.2,0.10277552157640457
388,0.06,0.0,0.08833848685026169
388,0.06,0.1,0.08833848685026169
388,0.06,0.2,0.09322085976600647
388,0.09,0.0,0.09278754144906998
388,0.09,0.1,0.09278754144906998
388,0.09,0.2,0.09538213163614273
388,0.12,0.0,0.10870908200740814
388,0.12,0.1,0.10870908200740814
388,0.12,0.2,0.09995371848344803
388,0.15,0.0,0.09184692800045013
388,0.15,0.1,0.09184692800045013
388,0.15,0.2,0.1067400723695755
389,0.0,0.0,0.1057257279753685
389,0.0,0.1,0.1057257279753685
389,0.0,0.2,0.1420983076095581
389,0.03,0.0,0.11708254367113113
389,0.03,0.1,0.11708254367113113
389,0.03,0.2,0.1165476068854332
389,0.06,0.0,0.12482773512601852
389,0.06,0.1,0.12482773512601852
389,0.06,0.2,0.12961404025554657
389,0.09,0.0,0.11591055244207382
389,0.09,0.1,0.11591055244207382
389,0.09,0.2,0.13985271751880646
389,0.12,0.0,0.11449478566646576
389,0.12,0.1,0.11449478566646576
389,0.12,0.2,0.1293276995420456
389,0.15,0.0,0.11283566057682037
389,0.15,0.1,0.11283566057682037
389,0.15,0.2,0.10259117186069489
39,0.0,0.0,0.10912757366895676
39,0.0,0.1,0.10912757366895676
39,0.0,0.2,0.13718029856681824
39,0.03,0.0,0.12447120249271393
39,0.03,0.1,0.12447120249271393
39,0.03,0.2,0.15095306932926178
39,0.06,0.0,0.15714535117149353
39,0.06,0.1,0.15714535117149353
39,0.06,0.2,0.14732854068279266
39,0.09,0.0,0.13763225078582764
39,0.09,0.1,0.13763225078582764
39,0.09,0.2,0.136293426156044
39,0.12,0.0,0.13329532742500305
39,0.12,0.1,0.13329532742500305
39,0.12,0.2,0.12868750095367432
39,0.15,0.0,0.12362796813249588
39,0.15,0.1,0.12362796813249588
39,0.15,0.2,0.1132233664393425
390,0.0,0.0,0.10409772396087646
390,0.0,0.1,0.10409772396087646
390,0.0,0.2,0.08963817358016968
390,0.03,0.0,0.09817029535770416
390,0.03,0.1,0.09817029535770416
390,0.03,0.2,0.09988674521446228
390,0.06,0.0,0.09277595579624176
390,0.06,0.1,0.09277595579624176
390,0.06,0.2,0.09066307544708252
390,0.09,0.0,0.08100239187479019
390,0.09,0.1,0.08100239187479019
390,0.09,0.2,0.08534365147352219
390,0.12,0.0,0.0865633636713028
390,0.12,0.1,0.0865633636713028
390,0.12,0.2,0.10173626989126205
390,0.15,0.0,0.09232839196920395
390,0.15,0.1,0.09232839196920395
390,0.15,0.2,0.09725243598222733
391,0.0,0.0,0.10338039696216583
391,0.0,0.1,0.10338039696216583
391,0.0,0.2,0.09881589561700821
391,0.03,0.0,0.10631763190031052
391,0.03,0.1,0.10631763190031052
391,0.03,0.2,0.09260213375091553
391,0.06,0.0,0.09472652524709702
391,0.06,0.1,0.09472652524709702
391,0.06,0.2,0.10689984261989594
391,0.09,0.0,0.09490048140287399
391,0.09,0.1,0.09490048140287399
391,0.09,0.2,0.08787348121404648
391,0.12,0.0,0.0955098569393158
391,0.12,0.1,0.0955098569393158
391,0.12,0.2,0.09705130755901337
391,0.15,0.0,0.0979553759098053
391,0.15,0.1,0.0979553759098053
391,0.15,0.2,0.10315418243408203
392,0.0,0.0,0.1454068422317505
392,0.0,0.1,0.1454068422317505
392,0.0,0.2,0.16699957847595215
392,0.03,0.0,0.14851878583431244
392,0.03,0.1,0.14851878583431244
392,0.03,0.2,0.1997549831867218
392,0.06,0.0,0.15478914976119995
392,0.06,0.1,0.15478914976119995
392,0.06,0.2,0.19693854451179504
392,0.09,0.0,0.16803818941116333
392,0.09,0.1,0.16803818941116333
392,0.09,0.2,0.1841152310371399
392,0.12,0.0,0.21874508261680603
392,0.12,0.1,0.21874508261680603
392,0.12,0.2,0.22607651352882385
392,0.15,0.0,0.2517142593860626
392,0.15,0.1,0.2517142593860626
392,0.15,0.2,0.228693425655365
393,0.0,0.0,0.09204395115375519
393,0.0,0.1,0.09204395115375519
393,0.0,0.2,0.11569244414567947
393,0.03,0.0,0.12179218232631683
393,0.03,0.1,0.12179218232631683
393,0.03,0.2,0.10858622193336487
393,0.06,0.0,0.10881783068180084
393,0.06,0.1,0.10881783068180084
393,0.06,0.2,0.11274387687444687
393,0.09,0.0,0.0995604544878006
393,0.09,0.1,0.0995604544878006
393,0.09,0.2,0.10035046935081482
393,0.12,0.0,0.10998590290546417
393,0.12,0.1,0.10998590290546417
393,0.12,0.2,0.10815908759832382
393,0.15,0.0,0.09457593411207199
393,0.15,0.1,0.09457593411207199
393,0.15,0.2,0.10771315544843674
394,0.0,0.0,0.12478276342153549
394,0.0,0.1,0.12478276342153549
394,0.0,0.2,0.138230562210083
394,0.03,0.0,0.12492283433675766
394,0.03,0.1,0.12492283433675766
394,0.03,0.2,0.13726070523262024
394,0.06,0.0,0.1277681440114975
394,0.06,0.1,0.1277681440114975
394,0.06,0.2,0.14042025804519653
394,0.09,0.0,0.11985117942094803
394,0.09,0.1,0.11985117942094803
394,0.09,0.2,0.12970921397209167
394,0.12,0.0,0.1084161326289177
394,0.12,0.1,0.1084161326289177
394,0.12,0.2,0.10490255057811737
394,0.15,0.0,0.10724326968193054
394,0.15,0.1,0.10724326968193054
394,0.15,0.2,0.09887003898620605
395,0.0,0.0,0.1480194330215454
395,0.0,0.1,0.1480194330215454
395,0.0,0.2,0.2406676709651947
395,0.03,0.0,0.1844356209039688
395,0.03,0.1,0.1844356209039688
395,0.03,0.2,0.24919889867305756
395,0.06,0.0,0.23962005972862244
395,0.06,0.1,0.23962005972862244
395,0.06,0.2,0.25187206268310547
395,0.09,0.0,0.23130859434604645
395,0.09,0.1,0.23130859434604645
395,0.09,0.2,0.22822298109531403
395,0.12,0.0,0.23963598906993866
395,0.12,0.1,0.23963598906993866
395,0.12,0.2,0.2270878702402115
395,0.15,0.0,0.23086072504520416
395,0.15,0.1,0.23086072504520416
395,0.15,0.2,0.2131277173757553
396,0.0,0.0,0.10185639560222626
396,0.0,0.1,0.10185639560222626
396,0.0,0.2,0.14754241704940796
396,0.03,0.0,0.10374569147825241
396,0.03,0.1,0.10374569147825241
396,0.03,0.2,0.14441004395484924
396,0.06,0.0,0.12894925475120544
396,0.06,0.1,0.12894925475120544
396,0.06,0.2,0.13948160409927368
396,0.09,0.0,0.12796922028064728
396,0.09,0.1,0.12796922028064728
396,0.09,0.2,0.11146509647369385
396,0.12,0.0,0.12040872871875763
396,0.12,0.1,0.12040872871875763
396,0.12,0.2,0.10507060587406158
396,0.15,0.0,0.09910064935684204
396,0.15,0.1,0.09910064935684204
396,0.15,0.2,0.09330339729785919
397,0.0,0.0,0.09604837000370026
397,0.0,0.1,0.09604837000370026
397,0.0,0.2,0.10573534667491913
397,0.03,0.0,0.08883082121610641
397,0.03,0.1,0.08883082121610641
397,0.03,0.2,0.10880064964294434
397,0.06,0.0,0.10233329981565475
397,0.06,0.1,0.10233329981565475
397,0.06,0.2,0.10448303818702698
397,0.09,0.0,0.10580522567033768
397,0.09,0.1,0.10580522567033768
397,0.09,0.2,0.09983430057764053
397,0.12,0.0,0.1019020527601242
397,0.12,0.1,0.1019020527601242
397,0.12,0.2,0.10332339257001877
397,0.15,0.0,0.09116657823324203
397,0.15,0.1,0.09116657823324203
397,0.15,0.2,0.10285070538520813
398,0.0,0.0,0.12419401109218597
398,0.0,0.1,0.12419401109218597
398,0.0,0.2,0.14802847802639008
398,0.03,0.0,0.11641214787960052
398,0.03,0.1,0.11641214787960052
398,0.03,0.2,0.1383953094482422
398,0.06,0.0,0.11093886196613312
398,0.06,0.1,0.11093886196613312
398,0.06,0.2,0.1332962065935135
398,0.09,0.0,0.11834978312253952
398,0.09,0.1,0.11834978312253952
398,0.09,0.2,0.14387622475624084
398,0.12,0.0,0.12036391347646713
398,0.12,0.1,0.12036391347646713
398,0.12,0.2,0.12125813961029053
398,0.15,0.0,0.1200806051492691
398,0.15,0.1,0.1200806051492691
398,0.15,0.2,0.1277916580438614
399,0.0,0.0,0.1026727631688118
399,0.0,0.1,0.1026727631688118
399,0.0,0.2,0.11720447242259979
399,0.03,0.0,0.09811537712812424
399,0.03,0.1,0.09811537712812424
399,0.03,0.2,0.10422330349683762
399,0.06,0.0,0.10757826268672943
399,0.06,0.1,0.10757826268672943
399,0.06,0.2,0.09453075379133224
399,0.09,0.0,0.10196582973003387
399,0.09,0.1,0.10196582973003387
399,0.09,0.2,0.09637279063463211
399,0.12,0.0,0.11536559462547302
399,0.12,0.1,0.11536559462547302
399,0.12,0.2,0.12276722490787506
399,0.15,0.0,0.09974389523267746
399,0.15,0.1,0.09974389523267746
399,0.15,0.2,0.09253572672605515
4,0.0,0.0,0.08484286814928055
4,0.0,0.1,0.08484286814928055
4,0.0,0.2,0.10151367634534836
4,0.03,0.0,0.08476286381483078
4,0.03,0.1,0.08476286381483078
4,0.03,0.2,0.10605587065219879
4,0.06,0.0,0.09742356836795807
4,0.06,0.1,0.09742356836795807
4,0.06,0.2,0.09284114092588425
4,0.09,0.0,0.08928868174552917
4,0.09,0.1,0.08928868174552917
4,0.09,0.2,0.09156253188848495
4,0.12,0.0,0.09085464477539062
4,0.12,0.1,0.09085464477539062
4,0.12,0.2,0.09729627519845963
4,0.15,0.0,0.09148446470499039
4,0.15,0.1,0.09148446470499039
4,0.15,0.2,0.08700785040855408
40,0.0,0.0,0.11732359975576401
40,0.0,0.1,0.11732359975576401
40,0.0,0.2,0.1414531022310257
40,0.03,0.0,0.12339591234922409
40,0.03,0.1,0.12339591234922409
40,0.03,0.2,0.14777998626232147
40,0.06,0.0,0.14889900386333466
40,0.06,0.1,0.14889900386333466
40,0.06,0.2,0.14780373871326447
40,0.09,0.0,0.16518405079841614
40,0.09,0.1,0.16518405079841614
40,0.09,0.2,0.1513330489397049
40,0.12,0.0,0.16601786017417908
40,0.12,0.1,0.16601786017417908
40,0.12,0.2,0.1426958292722702
40,0.15,0.0,0.14150714874267578
40,0.15,0.1,0.14150714874267578
40,0.15,0.2,0.1128930151462555
400,0.0,0.0,0.09267565608024597
400,0.0,0.1,0.09267565608024597
400,0.0,0.2,0.08778100460767746
400,0.03,0.0,0.08673626184463501
400,0.03,0.1,0.08673626184463501
400,0.03,0.2,0.10968650132417679
400,0.06,0.0,0.11487101018428802
400,0.06,0.1,0.11487101018428802
400,0.06,0.2,0.09498459845781326
400,0.09,0.0,0.09904912114143372
400,0.09,0.1,0.09904912114143372
400,0.09,0.2,0.09973234683275223
400,0.12,0.0,0.0885237380862236
400,0.12,0.1,0.0885237380862236
400,0.12,0.2,0.1126435250043869
400,0.15,0.0,0.09780532866716385
400,0.15,0.1,0.09780532866716385
400,0.15,0.2,0.10914591699838638
401,0.0,0.0,0.09800975024700165
401,0.0,0.1,0.09800975024700165
401,0.0,0.2,0.09755949676036835
401,0.03,0.0,0.0883314311504364
401,0.03,0.1,0.0883314311504364
401,0.03,0.2,0.0978321060538292
401,0.06,0.0,0.09718090295791626
401,0.06,0.1,0.09718090295791626
401,0.06,0.2,0.11019539833068848
401,0.09,0.0,0.11394140124320984
401,0.09,0.1,0.11394140124320984
401,0.09,0.2,0.10652866959571838
401,0.12,0.0,0.09482337534427643
401,0.12,0.1,0.09482337534427643
401,0.12,0.2,0.1000787541270256
401,0.15,0.0,0.1285237967967987
401,0.15,0.1,0.1285237967967987
401,0.15,0.2,0.09764254838228226
402,0.0,0.0,0.11254756152629852
402,0.0,0.1,0.11254756152629852
402,0.0,0.2,0.12443100661039352
402,0.03,0.0,0.09303734451532364
402,0.03,0.1,0.09303734451532364
402,0.03,0.2,0.12011512368917465
402,0.06,0.0,0.10411667823791504
402,0.06,0.1,0.10411667823791504
402,0.06,0.2,0.12937670946121216
402,0.09,0.0,0.11469714343547821
402,0.09,0.1,0.11469714343547821
402,0.09,0.2,0.12928922474384308
402,0.12,0.0,0.13755756616592407
402,0.12,0.1,0.13755756616592407
402,0.12,0.2,0.13032595813274384
402,0.15,0.0,0.10946756601333618
402,0.15,0.1,0.10946756601333618
402,0.15,0.2,0.12368477880954742
403,0.0,0.0,0.0932316780090332
403,0.0,0.1,0.0932316780090332
403,0.0,0.2,0.10442936420440674
403,0.03,0.0,0.10620484501123428
403,0.03,0.1,0.10620484501123428
403,0.03,0.2,0.09656902402639389
403,0.06,0.0,0.09434983879327774
403,0.06,0.1,0.09434983879327774
403,0.06,0.2,0.0855829268693924
403,0.09,0.0,0.1402202844619751
403,0.09,0.1,0.1402202844619751
403,0.09,0.2,0.11849834769964218
403,0.12,0.0,0.12474815547466278
403,0.12,0.1,0.12474815547466278
403,0.12,0.2,0.11936667561531067
403,0.15,0.0,0.0930594950914383
403,0.15,0.1,0.0930594950914383
403,0.15,0.2,0.09505617618560791
404,0.0,0.0,0.10844864696264267
404,0.0,0.1,0.10844864696264267
404,0.0,0.2,0.13890573382377625
404,0.03,0.0,0.1225261315703392
404,0.03,0.1,0.1225261315703392
404,0.03,0.2,0.13359057903289795
404,0.06,0.0,0.1397743672132492
404,0.06,0.1,0.1397743672132492
404,0.06,0.2,0.14176936447620392
404,0.09,0.0,0.12289348244667053
404,0.09,0.1,0.12289348244667053
404,0.09,0.2,0.10357220470905304
404,0.12,0.0,0.13281995058059692
404,0.12,0.1,0.13281995058059692
404,0.12,0.2,0.10870138555765152
404,0.15,0.0,0.12965644896030426
404,0.15,0.1,0.12965644896030426
404,0.15,0.2,0.1216156929731369
405,0.0,0.0,0.13356202840805054
405,0.0,0.1,0.13356202840805054
405,0.0,0.2,0.12449993938207626
405,0.03,0.0,0.15165884792804718
405,0.03,0.1,0.15165884792804718
405,0.03,0.2,0.11149220168590546
405,0.06,0.0,0.12138602882623672
405,0.06,0.1,0.12138602882623672
405,0.06,0.2,0.11383632570505142
405,0.09,0.0,0.14329412579536438
405,0.09,0.1,0.14329412579536438
405,0.09,0.2,0.11287727952003479
405,0.12,0.0,0.12274275720119476
405,0.12,0.1,0.12274275720119476
405,0.12,0.2,0.11710261553525925
405,0.15,0.0,0.12608999013900757
405,0.15,0.1,0.12608999013900757
405,0.15,0.2,0.10376191139221191
406,0.0,0.0,0.0901319608092308
406,0.0,0.1,0.0901319608092308
406,0.0,0.2,0.13083666563034058
406,0.03,0.0,0.10439420491456985
406,0.03,0.1,0.10439420491456985
406,0.03,0.2,0.12641723453998566
406,0.06,0.0,0.13351000845432281
406,0.06,0.1,0.13351000845432281
406,0.06,0.2,0.12637923657894135
406,0.09,0.0,0.14132359623908997
406,0.09,0.1,0.14132359623908997
406,0.09,0.2,0.10468050837516785
406,0.12,0.0,0.12068621814250946
406,0.12,0.1,0.12068621814250946
406,0.12,0.2,0.08827123045921326
406,0.15,0.0,0.10085336863994598
406,0.15,0.1,0.10085336863994598
406,0.15,0.2,0.0898766741156578
407,0.0,0.0,0.0946861132979393
407,0.0,0.1,0.0946861132979393
407,0.0,0.2,0.11328787356615067
407,0.03,0.0,0.09616279602050781
407,0.03,0.1,0.09616279602050781
407,0.03,0.2,0.12383534759283066
407,0.06,0.0,0.09779023379087448
407,0.06,0.1,0.09779023379087448
407,0.06,0.2,0.14797647297382355
407,0.09,0.0,0.09951241314411163
407,0.09,0.1,0.09951241314411163
407,0.09,0.2,0.1366642862558365
407,0.12,0.0,0.11856698989868164
407,0.12,0.1,0.11856698989868164
407,0.12,0.2,0.1444028615951538
407,0.15,0.0,0.12188344448804855
407,0.15,0.1,0.12188344448804855
407,0.15,0.2,0.1392161101102829
408,0.0,0.0,0.13426819443702698
408,0.0,0.1,0.13426819443702698
408,0.0,0.2,0.13787305355072021
408,0.03,0.0,0.09258585423231125
408,0.03,0.1,0.09258585423231125
408,0.03,0.2,0.10465709120035172
408,0.06,0.0,0.10924500972032547
408,0.06,0.1,0.10924500972032547
408,0.06,0.2,0.10970693081617355
408,0.09,0.0,0.09856659919023514
408,0.09,0.1,0.09856659919023514
408,0.09,0.2,0.12453895062208176
408,0.12,0.0,0.09946072101593018
408,0.12,0.1,0.09946072101593018
408,0.12,0.2,0.11582481116056442
408,0.15,0.0,0.0946066752076149
408,0.15,0.1,0.0946066752076149
408,0.15,0.2,0.09563828259706497
409,0.0,0.0,0.10345982015132904
409,0.0,0.1,0.10345982015132904
409,0.0,0.2,0.12451574951410294
409,0.03,0.0,0.1171187236905098
409,0.03,0.1,0.1171187236905098
409,0.03,0.2,0.11474913358688354
409,0.06,0.0,0.1411425918340683
409,0.06,0.1,0.1411425918340683
409,0.06,0.2,0.13086126744747162
409,0.09,0.0,0.15374860167503357
409,0.09,0.1,0.15374860167503357
409,0.09,0.2,0.1303081512451172
409,0.12,0.0,0.14230407774448395
409,0.12,0.1,0.14230407774448395
409,0.12,0.2,0.10374023765325546
409,0.15,0.0,0.1334264576435089
409,0.15,0.1,0.1334264576435089
409,0.15,0.2,0.09180493652820587
41,0.0,0.0,0.0848756954073906
41,0.0,0.1,0.0848756954073906
41,0.0,0.2,0.13212130963802338
41,0.03,0.0,0.10438539832830429
41,0.03,0.1,0.10438539832830429
41,0.03,0.2,0.1372307687997818
41,0.06,0.0,0.1299118846654892
41,0.06,0.1,0.1299118846654892
41,0.06,0.2,0.1277315318584442
41,0.09,0.0,0.1349380761384964
41,0.09,0.1,0.1349380761384964
41,0.09,0.2,0.10620157420635223
41,0.12,0.0,0.13015827536582947
41,0.12,0.1,0.13015827536582947
41,0.12,0.2,0.11359141021966934
41,0.15,0.0,0.10823045670986176
41,0.15,0.1,0.10823045670986176
41,0.15,0.2,0.1007273942232132
410,0.0,0.0,0.10972930490970612
410,0.0,0.1,0.10972930490970612
410,0.0,0.2,0.15934720635414124
410,0.03,0.0,0.13383647799491882
410,0.03,0.1,0.13383647799491882
410,0.03,0.2,0.15498976409435272
410,0.06,0.0,0.1395692080259323
410,0.06,0.1,0.1395692080259323
410,0.06,0.2,0.13286393880844116
410,0.09,0.0,0.15692375600337982
410,0.09,0.1,0.15692375600337982
410,0.09,0.2,0.11654119938611984
410,0.12,0.0,0.13488271832466125
410,0.12,0.1,0.13488271832466125
410,0.12,0.2,0.1033412516117096
410,0.15,0.0,0.12786982953548431
410,0.15,0.1,0.12786982953548431
410,0.15,0.2,0.10757995396852493
411,0.0,0.0,0.12941601872444153
411,0.0,0.1,0.12941601872444153
411,0.0,0.2,0.11063815653324127
411,0.03,0.0,0.11382461339235306
411,0.03,0.1,0.11382461339235306
411,0.03,0.2,0.10275416076183319
411,0.06,0.0,0.115767702460289
411,0.06,0.1,0.115767702460289
411,0.06,0.2,0.13323886692523956
411,0.09,0.0,0.11732569336891174
411,0.09,0.1,0.11732569336891174
411,0.09,0.2,0.13567133247852325
411,0.12,0.0,0.115079365670681
411,0.12,0.1,0.115079365670681
411,0.12,0.2,0.11631355434656143
411,0.15,0.0,0.1429874151945114
411,0.15,0.1,0.1429874151945114
411,0.15,0.2,0.12420487403869629
412,0.0,0.0,0.08718936145305634
412,0.0,0.1,0.08718936145305634
412,0.0,0.2,0.09065774083137512
412,0.03,0.0,0.08449757099151611
412,0.03,0.1,0.08449757099151611
412,0.03,0.2,0.0948982760310173
412,0.06,0.0,0.09322632104158401
412,0.06,0.1,0.09322632104158401
412,0.06,0.2,0.10297290235757828
412,0.09,0.0,0.08550137281417847
412,0.09,0.1,0.08550137281417847
412,0.09,0.2,0.0918613001704216
412,0.12,0.0,0.09489458799362183
412,0.12,0.1,0.09489458799362183
412,0.12,0.2,0.08968272805213928
412,0.15,0.0,0.0965045690536499
412,0.15,0.1,0.0965045690536499
412,0.15,0.2,0.08632685244083405
42,0.0,0.0,0.11202377080917358
42,0.0,0.1,0.11202377080917358
42,0.0,0.2,0.17591048777103424
42,0.03,0.0,0.13712669909000397
42,0.03,0.1,0.13712669909000397
42,0.03,0.2,0.19454194605350494
42,0.06,0.0,0.17563721537590027
42,0.06,0.1,0.17563721537590027
42,0.06,0.2,0.20086093246936798
42,0.09,0.0,0.1878793090581894
42,0.09,0.1,0.1878793090581894
42,0.09,0.2,0.18268287181854248
42,0.12,0.0,0.18828122317790985
42,0.12,0.1,0.18828122317790985
42,0.12,0.2,0.16687044501304626
42,0.15,0.0,0.17775596678256989
42,0.15,0.1,0.17775596678256989
42,0.15,0.2,0.15026943385601044
43,0.0,0.0,0.08866903185844421
43,0.0,0.1,0.08866903185844421
43,0.0,0.2,0.08797958493232727
43,0.03,0.0,0.09130709618330002
43,0.03,0.1,0.09130709618330002
43,0.03,0.2,0.0935240164399147
43,0.06,0.0,0.08606666326522827
43,0.06,0.1,0.08606666326522827
43,0.06,0.2,0.09648547321557999
43,0.09,0.0,0.09940828382968903
43,0.09,0.1,0.09940828382968903
43,0.09,0.2,0.10752996057271957
43,0.12,0.0,0.09391749650239944
43,0.12,0.1,0.09391749650239944
43,0.12,0.2,0.08820408582687378
43,0.15,0.0,0.08267992734909058
43,0.15,0.1,0.08267992734909058
43,0.15,0.2,0.08500749617815018
44,0.0,0.0,0.10988274961709976
44,0.0,0.1,0.10988274961709976
44,0.0,0.2,0.15064091980457306
44,0.03,0.0,0.1326412856578827
44,0.03,0.1,0.1326412856578827
44,0.03,0.2,0.16766412556171417
44,0.06,0.0,0.13064050674438477
44,0.06,0.1,0.13064050674438477
44,0.06,0.2,0.18260541558265686
44,0.09,0.0,0.12003964930772781
44,0.09,0.1,0.12003964930772781
44,0.09,0.2,0.16323347389698029
44,0.12,0.0,0.14750966429710388
44,0.12,0.1,0.14750966429710388
44,0.12,0.2,0.17927639186382294
44,0.15,0.0,0.14964556694030762
44,0.15,0.1,0.14964556694030762
44,0.15,0.2,0.17817597091197968
45,0.0,0.0,0.11526992172002792
45,0.0,0.1,0.11526992172002792
45,0.0,0.2,0.14710722863674164
45,0.03,0.0,0.11942356824874878
45,0.03,0.1,0.11942356824874878
45,0.03,0.2,0.1424543559551239
45,0.06,0.0,0.11906487494707108
45,0.06,0.1,0.11906487494707108
45,0.06,0.2,0.13168193399906158
45,0.09,0.0,0.12335381656885147
45,0.09,0.1,0.12335381656885147
45,0.09,0.2,0.11776143312454224
45,0.12,0.0,0.13471084833145142
45,0.12,0.1,0.13471084833145142
45,0.12,0.2,0.11495108157396317
45,0.15,0.0,0.1129559651017189
45,0.15,0.1,0.1129559651017189
45,0.15,0.2,0.10880780220031738
46,0.0,0.0,0.0928855612874031
46,0.0,0.1,0.0928855612874031
46,0.0,0.2,0.0960526093840599
46,0.03,0.0,0.10743395239114761
46,0.03,0.1,0.10743395239114761
46,0.03,0.2,0.10003958642482758
46,0.06,0.0,0.09527289867401123
46,0.06,0.1,0.09527289867401123
46,0.06,0.2,0.09917688369750977
46,0.09,0.0,0.0919618010520935
46,0.09,0.1,0.0919618010520935
46,0.09,0.2,0.09561388939619064
46,0.12,0.0,0.08623690903186798
46,0.12,0.1,0.08623690903186798
46,0.12,0.2,0.09968419373035431
46,0.15,0.0,0.09148595482110977
46,0.15,0.1,0.09148595482110977
46,0.15,0.2,0.09796435385942459
47,0.0,0.0,0.09396983683109283
47,0.0,0.1,0.09396983683109283
47,0.0,0.2,0.11146548390388489
47,0.03,0.0,0.1388770490884781
47,0.03,0.1,0.1388770490884781
47,0.03,0.2,0.10915522277355194
47,0.06,0.0,0.1199081689119339
47,0.06,0.1,0.1199081689119339
47,0.06,0.2,0.08963333070278168
47,0.09,0.0,0.10804682970046997
47,0.09,0.1,0.10804682970046997
47,0.09,0.2,0.11313988268375397
47,0.12,0.0,0.11082970350980759
47,0.12,0.1,0.11082970350980759
47,0.12,0.2,0.10621927678585052
47,0.15,0.0,0.10583226382732391
47,0.15,0.1,0.10583226382732391
47,0.15,0.2,0.13151858747005463
48,0.0,0.0,0.10588794201612473
48,0.0,0.1,0.10588794201612473
48,0.0,0.2,0.12145986407995224
48,0.03,0.0,0.0890449807047844
48,0.03,0.1,0.0890449807047844
48,0.03,0.2,0.14336472749710083
48,0.06,0.0,0.10977071523666382
48,0.06,0.1,0.10977071523666382
48,0.06,0.2,0.14643695950508118
48,0.09,0.0,0.13814786076545715
48,0.09,0.1,0.13814786076545715
48,0.09,0.2,0.13124880194664001
48,0.12,0.0,0.15567481517791748
48,0.12,0.1,0.15567481517791748
48,0.12,0.2,0.11862660199403763
48,0.15,0.0,0.1470462828874588
48,0.15,0.1,0.1470462828874588
48,0.15,0.2,0.10689224302768707
49,0.0,0.0,0.13215883076190948
49,0.0,0.1,0.13215883076190948
49,0.0,0.2,0.12029903382062912
49,0.03,0.0,0.10427950322628021
49,0.03,0.1,0.10427950322628021
49,0.03,0.2,0.11963460594415665
49,0.06,0.0,0.1241583451628685
49,0.06,0.1,0.1241583451628685
49,0.06,0.2,0.12604376673698425
49,0.09,0.0,0.1280565708875656
49,0.09,0.1,0.1280565708875656
49,0.09,0.2,0.12704505026340485
49,0.12,0.0,0.11826395988464355
49,0.12,0.1,0.11826395988464355
49,0.12,0.2,0.11114388704299927
49,0.15,0.0,0.15272511541843414
49,0.15,0.1,0.15272511541843414
49,0.15,0.2,0.1251390129327774
5,0.0,0.0,0.09649501740932465
5,0.0,0.1,0.09649501740932465
5,0.0,0.2,0.11115521192550659
5,0.03,0.0,0.10945003479719162
5,0.03,0.1,0.10945003479719162
5,0.03,0.2,0.1337047964334488
5,0.06,0.0,0.10162647813558578
5,0.06,0.1,0.10162647813558578
5,0.06,0.2,0.11115477979183197
5,0.09,0.0,0.10387484729290009
5,0.09,0.1,0.10387484729290009
5,0.09,0.2,0.1205432191491127
5,0.12,0.0,0.11247052997350693
5,0.12,0.1,0.11247052997350693
5,0.12,0.2,0.10836169123649597
5,0.15,0.0,0.1166100949048996
5,0.15,0.1,0.1166100949048996
5,0.15,0.2,0.11270257085561752
50,0.0,0.0,0.10964721441268921
50,0.0,0.1,0.10964721441268921
50,0.0,0.2,0.12479764968156815
50,0.03,0.0,0.11786352097988129
50,0.03,0.1,0.11786352097988129
50,0.03,0.2,0.12433825433254242
50,0.06,0.0,0.11118648946285248
50,0.06,0.1,0.11118648946285248
50,0.06,0.2,0.12614618241786957
50,0.09,0.0,0.1338517665863037
50,0.09,0.1,0.1338517665863037
50,0.09,0.2,0.13062411546707153
50,0.12,0.0,0.13548173010349274
50,0.12,0.1,0.13548173010349274
50,0.12,0.2,0.12193262577056885
50,0.15,0.0,0.10572197288274765
50,0.15,0.1,0.10572197288274765
50,0.15,0.2,0.10853460431098938
51,0.0,0.0,0.10198359191417694
51,0.0,0.1,0.10198359191417694
51,0.0,0.2,0.11588579416275024
51,0.03,0.0,0.09611742198467255
51,0.03,0.1,0.09611742198467255
51,0.03,0.2,0.13292914628982544
51,0.06,0.0,0.10187216103076935
51,0.06,0.1,0.10187216103076935
51,0.06,0.2,0.11067025363445282
51,0.09,0.0,0.11193200200796127
51,0.09,0.1,0.11193200200796127
51,0.09,0.2,0.11052653938531876
51,0.12,0.0,0.13262653350830078
51,0.12,0.1,0.13262653350830078
51,0.12,0.2,0.12884539365768433
51,0.15,0.0,0.11916028708219528
51,0.15,0.1,0.11916028708219528
51,0.15,0.2,0.1431223303079605
52,0.0,0.0,0.10232039541006088
52,0.0,0.1,0.10232039541006088
52,0.0,0.2,0.12542229890823364
52,0.03,0.0,0.1099696010351181
52,0.03,0.1,0.1099696010351181
52,0.03,0.2,0.11993537098169327
52,0.06,0.0,0.12179441004991531
52,0.06,0.1,0.12179441004991531
52,0.06,0.2,0.11519379168748856
52,0.09,0.0,0.11753353476524353
52,0.09,0.1,0.11753353476524353
52,0.09,0.2,0.11728765070438385
52,0.12,0.0,0.11908752471208572
52,0.12,0.1,0.11908752471208572
52,0.12,0.2,0.10759519040584564
52,0.15,0.0,0.09332817792892456
52,0.15,0.1,0.09332817792892456
52,0.15,0.2,0.10053512454032898
53,0.0,0.0,0.10082831978797913
53,0.0,0.1,0.10082831978797913
53,0.0,0.2,0.1273965984582901
53,0.03,0.0,0.10012834519147873
53,0.03,0.1,0.10012834519147873
53,0.03,0.2,0.1286478042602539
53,0.06,0.0,0.11533904075622559
53,0.06,0.1,0.11533904075622559
53,0.06,0.2,0.1183190867304802
53,0.09,0.0,0.12598368525505066
53,0.09,0.1,0.12598368525505066
53,0.09,0.2,0.12120719254016876
53,0.12,0.0,0.1300603151321411
53,0.12,0.1,0.1300603151321411
53,0.12,0.2,0.12222037464380264
53,0.15,0.0,0.1101173609495163
53,0.15,0.1,0.1101173609495163
53,0.15,0.2,0.10321392863988876
54,0.0,0.0,0.09611532092094421
54,0.0,0.1,0.09611532092094421
54,0.0,0.2,0.09689855575561523
54,0.03,0.0,0.08715817332267761
54,0.03,0.1,0.08715817332267761
54,0.03,0.2,0.0942784771323204
54,0.06,0.0,0.09768831729888916
54,0.06,0.1,0.09768831729888916
54,0.06,0.2,0.11173543334007263
54,0.09,0.0,0.09391313046216965
54,0.09,0.1,0.09391313046216965
54,0.09,0.2,0.10666193068027496
54,0.12,0.0,0.08662373572587967
54,0.12,0.1,0.08662373572587967
54,0.12,0.2,0.08635921031236649
54,0.15,0.0,0.0840100347995758
54,0.15,0.1,0.0840100347995758
54,0.15,0.2,0.08109714090824127
55,0.0,0.0,0.10348394513130188
55,0.0,0.1,0.10348394513130188
55,0.0,0.2,0.11683260649442673
55,0.03,0.0,0.11977964639663696
55,0.03,0.1,0.11977964639663696
55,0.03,0.2,0.11745304614305496
55,0.06,0.0,0.1107272207736969
55,0.06,0.1,0.1107272207736969
55,0.06,0.2,0.12113741040229797
55,0.09,0.0,0.10918634384870529
55,0.09,0.1,0.10918634384870529
55,0.09,0.2,0.11506043374538422
55,0.12,0.0,0.10701195895671844
55,0.12,0.1,0.10701195895671844
55,0.12,0.2,0.13674718141555786
55,0.15,0.0,0.1109815314412117
55,0.15,0.1,0.1109815314412117
55,0.15,0.2,0.10756351798772812
56,0.0,0.0,0.10689537227153778
56,0.0,0.1,0.10689537227153778
56,0.0,0.2,0.10476075857877731
56,0.03,0.0,0.11220140010118484
56,0.03,0.1,0.11220140010118484
56,0.03,0.2,0.09706651419401169
56,0.06,0.0,0.11179900914430618
56,0.06,0.1,0.11179900914430618
56,0.06,0.2,0.11153773963451385
56,0.09,0.0,0.09429207444190979
56,0.09,0.1,0.09429207444190979
56,0.09,0.2,0.09310580790042877
56,0.12,0.0,0.10447137802839279
56,0.12,0.1,0.10447137802839279
56,0.12,0.2,0.12660309672355652
56,0.15,0.0,0.10528270155191422
56,0.15,0.1,0.10528270155191422
56,0.15,0.2,0.10190676897764206
57,0.0,0.0,0.09125452488660812
57,0.0,0.1,0.09125452488660812
57,0.0,0.2,0.11690206080675125
57,0.03,0.0,0.10077907890081406
57,0.03,0.1,0.10077907890081406
57,0.03,0.2,0.12484925985336304
57,0.06,0.0,0.10151907056570053
57,0.06,0.1,0.10151907056570053
57,0.06,0.2,0.1363176554441452
57,0.09,0.0,0.11760060489177704
57,0.09,0.1,0.11760060489177704
57,0.09,0.2,0.13220538198947906
57,0.12,0.0,0.1305193156003952
57,0.12,0.1,0.1305193156003952
57,0.12,0.2,0.12371278554201126
57,0.15,0.0,0.12447360157966614
57,0.15,0.1,0.12447360157966614
57,0.15,0.2,0.11305276304483414
58,0.0,0.0,0.11857667565345764
58,0.0,0.1,0.11857667565345764
58,0.0,0.2,0.11955714970827103
58,0.03,0.0,0.11162436753511429
58,0.03,0.1,0.11162436753511429
58,0.03,0.2,0.11322186887264252
58,0.06,0.0,0.10618969798088074
58,0.06,0.1,0.10618969798088074
58,0.06,0.2,0.12372121214866638
58,0.09,0.0,0.11752288043498993
58,0.09,0.1,0.11752288043498993
58,0.09,0.2,0.1319417804479599
58,0.12,0.0,0.11281187832355499
58,0.12,0.1,0.11281187832355499
58,0.12,0.2,0.11321275681257248
58,0.15,0.0,0.10863347351551056
58,0.15,0.1,0.10863347351551056
58,0.15,0.2,0.1102943867444992
59,0.0,0.0,0.11238540709018707
59,0.0,0.1,0.11238540709018707
59,0.0,0.2,0.17128001153469086
59,0.03,0.0,0.12330585718154907
59,0.03,0.1,0.12330585718154907
59,0.03,0.2,0.18434393405914307
59,0.06,0.0,0.14255832135677338
59,0.06,0.1,0.14255832135677338
59,0.06,0.2,0.19438695907592773
59,0.09,0.0,0.16199590265750885
59,0.09,0.1,0.16199590265750885
59,0.09,0.2,0.19387692213058472
59,0.12,0.0,0.17211304605007172
59,0.12,0.1,0.17211304605007172
59,0.12,0.2,0.18363840878009796
59,0.15,0.0,0.16947464644908905
59,0.15,0.1,0.16947464644908905
59,0.15,0.2,0.16154347360134125
6,0.0,0.0,0.1100274994969368
6,0.0,0.1,0.1100274994969368
6,0.0,0.2,0.16260236501693726
6,0.03,0.0,0.09757392108440399
6,0.03,0.1,0.09757392108440399
6,0.03,0.2,0.13591106235980988
6,0.06,0.0,0.10988150537014008
6,0.06,0.1,0.10988150537014008
6,0.06,0.2,0.14110171794891357
6,0.09,0.0,0.12279309332370758
6,0.09,0.1,0.12279309332370758
6,0.09,0.2,0.10787206888198853
6,0.12,0.0,0.1482589840888977
6,0.12,0.1,0.1482589840888977
6,0.12,0.2,0.12223759293556213
6,0.15,0.0,0.17039000988006592
6,0.15,0.1,0.17039000988006592
6,0.15,0.2,0.12335953861474991
60,0.0,0.0,0.10376520454883575
60,0.0,0.1,0.10376520454883575
60,0.0,0.2,0.10620734095573425
60,0.03,0.0,0.09708290547132492
60,0.03,0.1,0.09708290547132492
60,0.03,0.2,0.10640547424554825
60,0.06,0.0,0.0790409967303276
60,0.06,0.1,0.0790409967303276
60,0.06,0.2,0.10861045867204666
60,0.09,0.0,0.0860227644443512
60,0.09,0.1,0.0860227644443512
60,0.09,0.2,0.09178150445222855
60,0.12,0.0,0.09122852981090546
60,0.12,0.1,0.09122852981090546
60,0.12,0.2,0.08345230668783188
60,0.15,0.0,0.0952097699046135
60,0.15,0.1,0.0952097699046135
60,0.15,0.2,0.09188077598810196
61,0.0,0.0,0.10662641376256943
61,0.0,0.1,0.10662641376256943
61,0.0,0.2,0.12647414207458496
61,0.03,0.0,0.10474520921707153
61,0.03,0.1,0.10474520921707153
61,0.03,0.2,0.10697820782661438
61,0.06,0.0,0.1082584485411644
61,0.06,0.1,0.1082584485411644
61,0.06,0.2,0.09902229905128479
61,0.09,0.0,0.1156085804104805
61,0.09,0.1,0.1156085804104805
61,0.09,0.2,0.10970283299684525
61,0.12,0.0,0.10270029306411743
61,0.12,0.1,0.10270029306411743
61,0.12,0.2,0.1085796058177948
61,0.15,0.0,0.10659322142601013
61,0.15,0.1,0.10659322142601013
61,0.15,0.2,0.11899936199188232
62,0.0,0.0,0.11103717982769012
62,0.0,0.1,0.11103717982769012
62,0.0,0.2,0.1744278073310852
62,0.03,0.0,0.12789851427078247
62,0.03,0.1,0.12789851427078247
62,0.03,0.2,0.18723730742931366
62,0.06,0.0,0.14704912900924683
62,0.06,0.1,0.14704912900924683
62,0.06,0.2,0.19601409137248993
62,0.09,0.0,0.1644856482744217
62,0.09,0.1,0.1644856482744217
62,0.09,0.2,0.19674111902713776
62,0.12,0.0,0.17187240719795227
62,0.12,0.1,0.17187240719795227
62,0.12,0.2,0.1855727583169937
62,0.15,0.0,0.1674593687057495
62,0.15,0.1,0.1674593687057495
62,0.15,0.2,0.1632438600063324
63,0.0,0.0,0.08913571387529373
63,0.0,0.1,0.08913571387529373
63,0.0,0.2,0.18082496523857117
63,0.03,0.0,0.11437011510133743
63,0.03,0.1,0.11437011510133743
63,0.03,0.2,0.1748168170452118
63,0.06,0.0,0.1719679832458496
63,0.06,0.1,0.1719679832458496
63,0.06,0.2,0.14894121885299683
63,0.09,0.0,0.2186128944158554
63,0.09,0.1,0.2186128944158554
63,0.09,0.2,0.14234448969364166
63,0.12,0.0,0.2120293378829956
63,0.12,0.1,0.2120293378829956
63,0.12,0.2,0.11472364515066147
63,0.15,0.0,0.1560048907995224
63,0.15,0.1,0.1560048907995224
63,0.15,0.2,0.08612573891878128
64,0.0,0.0,0.09609612077474594
64,0.0,0.1,0.09609612077474594
64,0.0,0.2,0.10004974156618118
64,0.03,0.0,0.10215726494789124
64,0.03,0.1,0.10215726494789124
64,0.03,0.2,0.10397414118051529
64,0.06,0.0,0.09308526664972305
64,0.06,0.1,0.09308526664972305
64,0.06,0.2,0.10882433503866196
64,0.09,0.0,0.10377690196037292
64,0.09,0.1,0.10377690196037292
64,0.09,0.2,0.1074693351984024
64,0.12,0.0,0.10790656507015228
64,0.12,0.1,0.10790656507015228
64,0.12,0.2,0.11449151486158371
64,0.15,0.0,0.11502841860055923
64,0.15,0.1,0.11502841860055923
64,0.15,0.2,0.10559875518083572
65,0.0,0.0,0.07956263422966003
65,0.0,0.1,0.07956263422966003
65,0.0,0.2,0.08609260618686676
65,0.03,0.0,0.09588237851858139
65,0.03,0.1,0.09588237851858139
65,0.03,0.2,0.09860509634017944
65,0.06,0.0,0.09478757530450821
65,0.06,0.1,0.09478757530450821
65,0.06,0.2,0.11470074951648712
65,0.09,0.0,0.09168777614831924
65,0.09,0.1,0.09168777614831924
65,0.09,0.2,0.13920004665851593
65,0.12,0.0,0.0957748219370842
65,0.12,0.1,0.0957748219370842
65,0.12,0.2,0.12263432890176773
65,0.15,0.0,0.0935133621096611
65,0.15,0.1,0.0935133621096611
65,0.15,0.2,0.1071779653429985
66,0.0,0.0,0.1051313728094101
66,0.0,0.1,0.1051313728094101
66,0.0,0.2,0.11664904654026031
66,0.03,0.0,0.08530674129724503
66,0.03,0.1,0.08530674129724503
66,0.03,0.2,0.10363828390836716
66,0.06,0.0,0.10071481019258499
66,0.06,0.1,0.10071481019258499
66,0.06,0.2,0.12345558404922485
66,0.09,0.0,0.08879759907722473
66,0.09,0.1,0.08879759907722473
66,0.09,0.2,0.10047934204339981
66,0.12,0.0,0.0942322239279747
66,0.12,0.1,0.0942322239279747
66,0.12,0.2,0.0909804105758667
66,0.15,0.0,0.09308000653982162
66,0.15,0.1,0.09308000653982162
66,0.15,0.2,0.0845772996544838
67,0.0,0.0,0.10093314200639725
67,0.0,0.1,0.10093314200639725
67,0.0,0.2,0.11509601771831512
67,0.03,0.0,0.10510404407978058
67,0.03,0.1,0.10510404407978058
67,0.03,0.2,0.11046469211578369
67,0.06,0.0,0.10766641050577164
67,0.06,0.1,0.10766641050577164
67,0.06,0.2,0.1227816790342331
67,0.09,0.0,0.10564786195755005
67,0.09,0.1,0.10564786195755005
67,0.09,0.2,0.1037360280752182
67,0.12,0.0,0.13123084604740143
67,0.12,0.1,0.13123084604740143
67,0.12,0.2,0.11814135313034058
67,0.15,0.0,0.12173925340175629
67,0.15,0.1,0.12173925340175629
67,0.15,0.2,0.09993575513362885
68,0.0,0.0,0.10363923013210297
68,0.0,0.1,0.10363923013210297
68,0.0,0.2,0.18459518253803253
68,0.03,0.0,0.10669431835412979
68,0.03,0.1,0.10669431835412979
68,0.03,0.2,0.17541363835334778
68,0.06,0.0,0.1667977124452591
68,0.06,0.1,0.1667977124452591
68,0.06,0.2,0.17202873528003693
68,0.09,0.0,0.2024177461862564
68,0.09,0.1,0.2024177461862564
68,0.09,0.2,0.15731093287467957
68,0.12,0.0,0.18113403022289276
68,0.12,0.1,0.18113403022289276
68,0.12,0.2,0.1167379766702652
68,0.15,0.0,0.11877314001321793
68,0.15,0.1,0.11877314001321793
68,0.15,0.2,0.09220317006111145
69,0.0,0.0,0.175566166639328
69,0.0,0.1,0.175566166639328
69,0.0,0.2,0.1625695377588272
69,0.03,0.0,0.18712587654590607
69,0.03,0.1,0.18712587654590607
69,0.03,0.2,0.18467891216278076
69,0.06,0.0,0.15509121119976044
69,0.06,0.1,0.15509121119976044
69,0.06,0.2,0.14369943737983704
69,0.09,0.0,0.1634792536497116
69,0.09,0.1,0.1634792536497116
69,0.09,0.2,0.14696311950683594
69,0.12,0.0,0.1669773906469345
69,0.12,0.1,0.1669773906469345
69,0.12,0.2,0.14567047357559204
69,0.15,0.0,0.1396770179271698
69,0.15,0.1,0.1396770179271698
69,0.15,0.2,0.13811567425727844
7,0.0,0.0,0.08120620995759964
7,0.0,0.1,0.08120620995759964
7,0.0,0.2,0.08643897622823715
7,0.03,0.0,0.09856260567903519
7,0.03,0.1,0.09856260567903519
7,0.03,0.2,0.09972533583641052
7,0.06,0.0,0.09323078393936157
7,0.06,0.1,0.09323078393936157
7,0.06,0.2,0.08451330661773682
7,0.09,0.0,0.08867739140987396
7,0.09,0.1,0.08867739140987396
7,0.09,0.2,0.08702940493822098
7,0.12,0.0,0.09294010698795319
7,0.12,0.1,0.09294010698795319
7,0.12,0.2,0.09266314655542374
7,0.15,0.0,0.08489880710840225
7,0.15,0.1,0.08489880710840225
7,0.15,0.2,0.08640434592962265
70,0.0,0.0,0.10620023310184479
70,0.0,0.1,0.10620023310184479
70,0.0,0.2,0.14010150730609894
70,0.03,0.0,0.1359090954065323
70,0.03,0.1,0.1359090954065323
70,0.03,0.2,0.11608193814754486
70,0.06,0.0,0.14569500088691711
70,0.06,0.1,0.14569500088691711
70,0.06,0.2,0.12905353307724
70,0.09,0.0,0.14890144765377045
70,0.09,0.1,0.14890144765377045
70,0.09,0.2,0.11598274856805801
70,0.12,0.0,0.11867673695087433
70,0.12,0.1,0.11867673695087433
70,0.12,0.2,0.111407570540905
70,0.15,0.0,0.11781875789165497
70,0.15,0.1,0.11781875789165497
70,0.15,0.2,0.11139406263828278
71,0.0,0.0,0.08800207078456879
71,0.0,0.1,0.08800207078456879
71,0.0,0.2,0.1738329976797104
71,0.03,0.0,0.12099254876375198
71,0.03,0.1,0.12099254876375198
71,0.03,0.2,0.173514261841774
71,0.06,0.0,0.17088304460048676
71,0.06,0.1,0.17088304460048676
71,0.06,0.2,0.16120117902755737
71,0.09,0.0,0.18615540862083435
71,0.09,0.1,0.18615540862083435
71,0.09,0.2,0.1371440589427948
71,0.12,0.0,0.17219851911067963
71,0.12,0.1,0.17219851911067963
71,0.12,0.2,0.10282237082719803
71,0.15,0.0,0.13035771250724792
71,0.15,0.1,0.13035771250724792
71,0.15,0.2,0.09572665393352509
72,0.0,0.0,0.09171051532030106
72,0.0,0.1,0.09171051532030106
72,0.0,0.2,0.11078330874443054
72,0.03,0.0,0.09797655045986176
72,0.03,0.1,0.09797655045986176
72,0.03,0.2,0.12670695781707764
72,0.06,0.0,0.1057855561375618
72,0.06,0.1,0.1057855561375618
72,0.06,0.2,0.12523408234119415
72,0.09,0.0,0.10037507116794586
72,0.09,0.1,0.10037507116794586
72,0.09,0.2,0.12442319095134735
72,0.12,0.0,0.11391925811767578
72,0.12,0.1,0.11391925811767578
72,0.12,0.2,0.127582386136055
72,0.15,0.0,0.11381414532661438
72,0.15,0.1,0.11381414532661438
72,0.15,0.2,0.11113979667425156
73,0.0,0.0,0.09680111706256866
73,0.0,0.1,0.09680111706256866
73,0.0,0.2,0.16462442278862
73,0.03,0.0,0.10199824720621109
73,0.03,0.1,0.10199824720621109
73,0.03,0.2,0.138982355594635
73,0.06,0.0,0.15642322599887848
73,0.06,0.1,0.15642322599887848
73,0.06,0.2,0.13195167481899261
73,0.09,0.0,0.18402253091335297
73,0.09,0.1,0.18402253091335297
73,0.09,0.2,0.11228221654891968
73,0.12,0.0,0.15620745718479156
73,0.12,0.1,0.15620745718479156
73,0.12,0.2,0.09721419960260391
73,0.15,0.0,0.10271763801574707
73,0.15,0.1,0.10271763801574707
73,0.15,0.2,0.08772846311330795
74,0.0,0.0,0.11834613978862762
74,0.0,0.1,0.11834613978862762
74,0.0,0.2,0.23276405036449432
74,0.03,0.0,0.1567695587873459
74,0.03,0.1,0.1567695587873459
74,0.03,0.2,0.22153741121292114
74,0.06,0.0,0.194679856300354
74,0.06,0.1,0.194679856300354
74,0.06,0.2,0.203489288687706
74,0.09,0.0,0.23470768332481384
74,0.09,0.1,0.23470768332481384
74,0.09,0.2,0.1817576140165329
74,0.12,0.0,0.22327160835266113
74,0.12,0.1,0.22327160835266113
74,0.12,0.2,0.13805723190307617
74,0.15,0.0,0.16371117532253265
74,0.15,0.1,0.16371117532253265
74,0.15,0.2,0.099504753947258
75,0.0,0.0,0.1115136668086052
75,0.0,0.1,0.1115136668086052
75,0.0,0.2,0.19849196076393127
75,0.03,0.0,0.1534443497657776
75,0.03,0.1,0.1534443497657776
75,0.03,0.2,0.22227361798286438
75,0.06,0.0,0.19350481033325195
75,0.06,0.1,0.19350481033325195
75,0.06,0.2,0.21609756350517273
75,0.09,0.0,0.21525675058364868
75,0.09,0.1,0.21525675058364868
75,0.09,0.2,0.1878664642572403
75,0.12,0.0,0.2081012725830078
75,0.12,0.1,0.2081012725830078
75,0.12,0.2,0.1487974375486374
75,0.15,0.0,0.18460799753665924
75,0.15,0.1,0.18460799753665924
75,0.15,0.2,0.11497146636247635
76,0.0,0.0,0.08622617274522781
76,0.0,0.1,0.08622617274522781
76,0.0,0.2,0.09886616468429565
76,0.03,0.0,0.09291815012693405
76,0.03,0.1,0.09291815012693405
76,0.03,0.2,0.11844372749328613
76,0.06,0.0,0.08771611750125885
76,0.06,0.1,0.08771611750125885
76,0.06,0.2,0.10196948051452637
76,0.09,0.0,0.09286998212337494
76,0.09,0.1,0.09286998212337494
76,0.09,0.2,0.11754338443279266
76,0.12,0.0,0.10411640256643295
76,0.12,0.1,0.10411640256643295
76,0.12,0.2,0.11466146260499954
76,0.15,0.0,0.13106441497802734
76,0.15,0.1,0.13106441497802734
76,0.15,0.2,0.13038912415504456
77,0.0,0.0,0.08645375072956085
77,0.0,0.1,0.08645375072956085
77,0.0,0.2,0.11453177779912949
77,0.03,0.0,0.10316982120275497
77,0.03,0.1,0.10316982120275497
77,0.03,0.2,0.11480768024921417
77,0.06,0.0,0.11575291305780411
77,0.06,0.1,0.11575291305780411
77,0.06,0.2,0.11515212804079056
77,0.09,0.0,0.11951211839914322
77,0.09,0.1,0.11951211839914322
77,0.09,0.2,0.11616644263267517
77,0.12,0.0,0.11898884177207947
77,0.12,0.1,0.11898884177207947
77,0.12,0.2,0.11656802892684937
77,0.15,0.0,0.09028942137956619
77,0.15,0.1,0.09028942137956619
77,0.15,0.2,0.10183847695589066
78,0.0,0.0,0.10763779282569885
78,0.0,0.1,0.10763779282569885
78,0.0,0.2,0.10403116047382355
78,0.03,0.0,0.102683886885643
78,0.03,0.1,0.102683886885643
78,0.03,0.2,0.1204923614859581
78,0.06,0.0,0.10960421711206436
78,0.06,0.1,0.10960421711206436
78,0.06,0.2,0.10631510615348816
78,0.09,0.0,0.09778004884719849
78,0.09,0.1,0.09778004884719849
78,0.09,0.2,0.08487223833799362
78,0.12,0.0,0.09340913593769073
78,0.12,0.1,0.09340913593769073
78,0.12,0.2,0.10842662304639816
78,0.15,0.0,0.09364766627550125
78,0.15,0.1,0.09364766627550125
78,0.15,0.2,0.08682025969028473
79,0.0,0.0,0.12819385528564453
79,0.0,0.1,0.12819385528564453
79,0.0,0.2,0.12826181948184967
79,0.03,0.0,0.12869663536548615
79,0.03,0.1,0.12869663536548615
79,0.03,0.2,0.1264144778251648
79,0.06,0.0,0.11210712790489197
79,0.06,0.1,0.11210712790489197
79,0.06,0.2,0.15403948724269867
79,0.09,0.0,0.11006290465593338
79,0.09,0.1,0.11006290465593338
79,0.09,0.2,0.1465328484773636
79,0.12,0.0,0.13541816174983978
79,0.12,0.1,0.13541816174983978
79,0.12,0.2,0.14777110517024994
79,0.15,0.0,0.1526944488286972
79,0.15,0.1,0.1526944488286972
79,0.15,0.2,0.1250876486301422
8,0.0,0.0,0.09607594460248947
8,0.0,0.1,0.09607594460248947
8,0.0,0.2,0.10874621570110321
8,0.03,0.0,0.09792980551719666
8,0.03,0.1,0.09792980551719666
8,0.03,0.2,0.10039646178483963
8,0.06,0.0,0.08521045744419098
8,0.06,0.1,0.08521045744419098
8,0.06,0.2,0.08643057942390442
8,0.09,0.0,0.09388954937458038
8,0.09,0.1,0.09388954937458038
8,0.09,0.2,0.09230571240186691
8,0.12,0.0,0.10284373164176941
8,0.12,0.1,0.10284373164176941
8,0.12,0.2,0.105765201151371
8,0.15,0.0,0.09340344369411469
8,0.15,0.1,0.09340344369411469
8,0.15,0.2,0.08393315970897675
80,0.0,0.0,0.08265449106693268
80,0.0,0.1,0.08265449106693268
80,0.0,0.2,0.10692279040813446
80,0.03,0.0,0.10547353327274323
80,0.03,0.1,0.10547353327274323
80,0.03,0.2,0.09293587505817413
80,0.06,0.0,0.08487362414598465
80,0.06,0.1,0.08487362414598465
80,0.06,0.2,0.09536872059106827
80,0.09,0.0,0.10741794109344482
80,0.09,0.1,0.10741794109344482
80,0.09,0.2,0.09761231392621994
80,0.12,0.0,0.09888157248497009
80,0.12,0.1,0.09888157248497009
80,0.12,0.2,0.0996428057551384
80,0.15,0.0,0.09059096872806549
80,0.15,0.1,0.09059096872806549
80,0.15,0.2,0.10232868790626526
81,0.0,0.0,0.15096214413642883
81,0.0,0.1,0.15096214413642883
81,0.0,0.2,0.2578966021537781
81,0.03,0.0,0.19092772901058197
81,0.03,0.1,0.19092772901058197
81,0.03,0.2,0.26922160387039185
81,0.06,0.0,0.22334878146648407
81,0.06,0.1,0.22334878146648407
81,0.06,0.2,0.24996373057365417
81,0.09,0.0,0.23266153037548065
81,0.09,0.1,0.23266153037548065
81,0.09,0.2,0.20492619276046753
81,0.12,0.0,0.22616013884544373
81,0.12,0.1,0.22616013884544373
81,0.12,0.2,0.1568087339401245
81,0.15,0.0,0.19068802893161774
81,0.15,0.1,0.19068802893161774
81,0.15,0.2,0.09875380247831345
82,0.0,0.0,0.10477112978696823
82,0.0,0.1,0.10477112978696823
82,0.0,0.2,0.11883296072483063
82,0.03,0.0,0.10123702883720398
82,0.03,0.1,0.10123702883720398
82,0.03,0.2,0.13131411373615265
82,0.06,0.0,0.12288584560155869
82,0.06,0.1,0.12288584560155869
82,0.06,0.2,0.1167549416422844
82,0.09,0.0,0.13275888562202454
82,0.09,0.1,0.13275888562202454
82,0.09,0.2,0.1062287911772728
82,0.12,0.0,0.12450702488422394
82,0.12,0.1,0.12450702488422394
82,0.12,0.2,0.10570266842842102
82,0.15,0.0,0.1037815734744072
82,0.15,0.1,0.1037815734744072
82,0.15,0.2,0.09743553400039673
83,0.0,0.0,0.11014354974031448
83,0.0,0.1,0.11014354974031448
83,0.0,0.2,0.143421933054924
83,0.03,0.0,0.1339651495218277
83,0.03,0.1,0.1339651495218277
83,0.03,0.2,0.13297536969184875
83,0.06,0.0,0.12905888259410858
83,0.06,0.1,0.12905888259410858
83,0.06,0.2,0.15197502076625824
83,0.09,0.0,0.12112642079591751
83,0.09,0.1,0.12112642079591751
83,0.09,0.2,0.1677204966545105
83,0.12,0.0,0.12117889523506165
83,0.12,0.1,0.12117889523506165
83,0.12,0.2,0.15322893857955933
83,0.15,0.0,0.12209343165159225
83,0.15,0.1,0.12209343165159225
83,0.15,0.2,0.12786580622196198
84,0.0,0.0,0.11445973068475723
84,0.0,0.1,0.11445973068475723
84,0.0,0.2,0.11673770099878311
84,0.03,0.0,0.09964218735694885
84,0.03,0.1,0.09964218735694885
84,0.03,0.2,0.10843882709741592
84,0.06,0.0,0.12779568135738373
84,0.06,0.1,0.12779568135738373
84,0.06,0.2,0.1131109967827797
84,0.09,0.0,0.1309104859828949
84,0.09,0.1,0.1309104859828949
84,0.09,0.2,0.10497013479471207
84,0.12,0.0,0.0991450697183609
84,0.12,0.1,0.0991450697183609
84,0.12,0.2,0.08787858486175537
84,0.15,0.0,0.09434647858142853
84,0.15,0.1,0.09434647858142853
84,0.15,0.2,0.08972132951021194
85,0.0,0.0,0.11147396266460419
85,0.0,0.1,0.11147396266460419
85,0.0,0.2,0.14514721930027008
85,0.03,0.0,0.12194997817277908
85,0.03,0.1,0.12194997817277908
85,0.03,0.2,0.14564763009548187
85,0.06,0.0,0.12022092193365097
85,0.06,0.1,0.12022092193365097
85,0.06,0.2,0.10787523537874222
85,0.09,0.0,0.12093944102525711
85,0.09,0.1,0.12093944102525711
85,0.09,0.2,0.09238939732313156
85,0.12,0.0,0.11823692917823792
85,0.12,0.1,0.11823692917823792
85,0.12,0.2,0.10633531212806702
85,0.15,0.0,0.10326873511075974
85,0.15,0.1,0.10326873511075974
85,0.15,0.2,0.09838329255580902
86,0.0,0.0,0.123960480093956
86,0.0,0.1,0.123960480093956
86,0.0,0.2,0.15875518321990967
86,0.03,0.0,0.11347658932209015
86,0.03,0.1,0.11347658932209015
86,0.03,0.2,0.14549465477466583
86,0.06,0.0,0.10912241786718369
86,0.06,0.1,0.10912241786718369
86,0.06,0.2,0.11969873309135437
86,0.09,0.0,0.11221498250961304
86,0.09,0.1,0.11221498250961304
86,0.09,0.2,0.09180159866809845
86,0.12,0.0,0.11927181482315063
86,0.12,0.1,0.11927181482315063
86,0.12,0.2,0.08481195569038391
86,0.15,0.0,0.10825130343437195
86,0.15,0.1,0.10825130343437195
86,0.15,0.2,0.08441243320703506
87,0.0,0.0,0.09054430574178696
87,0.0,0.1,0.09054430574178696
87,0.0,0.2,0.09610149264335632
87,0.03,0.0,0.0835651233792305
87,0.03,0.1,0.0835651233792305
87,0.03,0.2,0.09299735724925995
87,0.06,0.0,0.08531618118286133
87,0.06,0.1,0.08531618118286133
87,0.06,0.2,0.08857409656047821
87,0.09,0.0,0.08280280232429504
87,0.09,0.1,0.08280280232429504
87,0.09,0.2,0.07662377506494522
87,0.12,0.0,0.08561582118272781
87,0.12,0.1,0.08561582118272781
87,0.12,0.2,0.08397538214921951
87,0.15,0.0,0.08213797956705093
87,0.15,0.1,0.08213797956705093
87,0.15,0.2,0.0905020609498024
88,0.0,0.0,0.11334804445505142
88,0.0,0.1,0.11334804445505142
88,0.0,0.2,0.1393299251794815
88,0.03,0.0,0.11422814428806305
88,0.03,0.1,0.11422814428806305
88,0.03,0.2,0.12761470675468445
88,0.06,0.0,0.1205703392624855
88,0.06,0.1,0.1205703392624855
88,0.06,0.2,0.1204167827963829
88,0.09,0.0,0.11585506796836853
88,0.09,0.1,0.11585506796836853
88,0.09,0.2,0.13850252330303192
88,0.12,0.0,0.11690735816955566
88,0.12,0.1,0.11690735816955566
88,0.12,0.2,0.13424304127693176
88,0.15,0.0,0.12707996368408203
88,0.15,0.1,0.12707996368408203
88,0.15,0.2,0.1030508279800415
89,0.0,0.0,0.07921607047319412
89,0.0,0.1,0.07921607047319412
89,0.0,0.2,0.09571652859449387
89,0.03,0.0,0.09285225719213486
89,0.03,0.1,0.09285225719213486
89,0.03,0.2,0.09143518656492233
89,0.06,0.0,0.085015669465065
89,0.06,0.1,0.085015669465065
89,0.06,0.2,0.09079720079898834
89,0.09,0.0,0.08085549622774124
89,0.09,0.1,0.08085549622774124
89,0.09,0.2,0.07976993173360825
89,0.12,0.0,0.08595748990774155
89,0.12,0.1,0.08595748990774155
89,0.12,0.2,0.08323984593153
89,0.15,0.0,0.08500141650438309
89,0.15,0.1,0.08500141650438309
89,0.15,0.2,0.0782608836889267
9,0.0,0.0,0.09130031615495682
9,0.0,0.1,0.09130031615495682
9,0.0,0.2,0.0949489027261734
9,0.03,0.0,0.08358079940080643
9,0.03,0.1,0.08358079940080643
9,0.03,0.2,0.113038569688797
9,0.06,0.0,0.09070408344268799
9,0.06,0.1,0.09070408344268799
9,0.06,0.2,0.10379248112440109
9,0.09,0.0,0.08169453591108322
9,0.09,0.1,0.08169453591108322
9,0.09,0.2,0.08986746519804001
9,0.12,0.0,0.08873116970062256
9,0.12,0.1,0.08873116970062256
9,0.12,0.2,0.10431840270757675
9,0.15,0.0,0.0831872895359993
9,0.15,0.1,0.0831872895359993
9,0.15,0.2,0.08224564045667648
90,0.0,0.0,0.1173616424202919
90,0.0,0.1,0.1173616424202919
90,0.0,0.2,0.10082080215215683
90,0.03,0.0,0.1278069168329239
90,0.03,0.1,0.1278069168329239
90,0.03,0.2,0.10539042204618454
90,0.06,0.0,0.14105074107646942
90,0.06,0.1,0.14105074107646942
90,0.06,0.2,0.13036556541919708
90,0.09,0.0,0.13065586984157562
90,0.09,0.1,0.13065586984157562
90,0.09,0.2,0.10601473599672318
90,0.12,0.0,0.13500282168388367
90,0.12,0.1,0.13500282168388367
90,0.12,0.2,0.11286593228578568
90,0.15,0.0,0.12183662503957748
90,0.15,0.1,0.12183662503957748
90,0.15,0.2,0.13248294591903687
91,0.0,0.0,0.0940072163939476
91,0.0,0.1,0.0940072163939476
91,0.0,0.2,0.10428056120872498
91,0.03,0.0,0.09050068259239197
91,0.03,0.1,0.09050068259239197
91,0.03,0.2,0.1089758574962616
91,0.06,0.0,0.11098358035087585
91,0.06,0.1,0.11098358035087585
91,0.06,0.2,0.1005394458770752
91,0.09,0.0,0.09226774424314499
91,0.09,0.1,0.09226774424314499
91,0.09,0.2,0.09750062972307205
91,0.12,0.0,0.09124211221933365
91,0.12,0.1,0.09124211221933365
91,0.12,0.2,0.09145797044038773
91,0.15,0.0,0.08887989073991776
91,0.15,0.1,0.08887989073991776
91,0.15,0.2,0.09860348701477051
92,0.0,0.0,0.11056475341320038
92,0.0,0.1,0.11056475341320038
92,0.0,0.2,0.10960599780082703
92,0.03,0.0,0.10015691816806793
92,0.03,0.1,0.10015691816806793
92,0.03,0.2,0.09767687320709229
92,0.06,0.0,0.0865318775177002
92,0.06,0.1,0.0865318775177002
92,0.06,0.2,0.09467041492462158
92,0.09,0.0,0.09699397534132004
92,0.09,0.1,0.09699397534132004
92,0.09,0.2,0.08653747290372849
92,0.12,0.0,0.10514309257268906
92,0.12,0.1,0.10514309257268906
92,0.12,0.2,0.0985310897231102
92,0.15,0.0,0.09188180416822433
92,0.15,0.1,0.09188180416822433
92,0.15,0.2,0.1191944032907486
93,0.0,0.0,0.09505002945661545
93,0.0,0.1,0.09505002945661545
93,0.0,0.2,0.09514933079481125
93,0.03,0.0,0.10262322425842285
93,0.03,0.1,0.10262322425842285
93,0.03,0.2,0.1154734343290329
93,0.06,0.0,0.0903419479727745
93,0.06,0.1,0.0903419479727745
93,0.06,0.2,0.11159360408782959
93,0.09,0.0,0.10270068049430847
93,0.09,0.1,0.10270068049430847
93,0.09,0.2,0.10093658417463303
93,0.12,0.0,0.11280851066112518
93,0.12,0.1,0.11280851066112518
93,0.12,0.2,0.10353903472423553
93,0.15,0.0,0.098624587059021
93,0.15,0.1,0.098624587059021
93,0.15,0.2,0.10077980160713196
94,0.0,0.0,0.12648455798625946
94,0.0,0.1,0.12648455798625946
94,0.0,0.2,0.18406186997890472
94,0.03,0.0,0.1382921189069748
94,0.03,0.1,0.1382921189069748
94,0.03,0.2,0.204467311501503
94,0.06,0.0,0.15624353289604187
94,0.06,0.1,0.15624353289604187
94,0.06,0.2,0.21413297951221466
94,0.09,0.0,0.19055695831775665
94,0.09,0.1,0.19055695831775665
94,0.09,0.2,0.2352512925863266
94,0.12,0.0,0.19553835690021515
94,0.12,0.1,0.19553835690021515
94,0.12,0.2,0.25343555212020874
94,0.15,0.0,0.2157209813594818
94,0.15,0.1,0.2157209813594818
94,0.15,0.2,0.22787076234817505
95,0.0,0.0,0.09286689013242722
95,0.0,0.1,0.09286689013242722
95,0.0,0.2,0.12413870543241501
95,0.03,0.0,0.09768867492675781
95,0.03,0.1,0.09768867492675781
95,0.03,0.2,0.11402881145477295
95,0.06,0.0,0.10619065910577774
95,0.06,0.1,0.10619065910577774
95,0.06,0.2,0.10985980182886124
95,0.09,0.0,0.09757120907306671
95,0.09,0.1,0.09757120907306671
95,0.09,0.2,0.11884674429893494
95,0.12,0.0,0.09438391029834747
95,0.12,0.1,0.09438391029834747
95,0.12,0.2,0.09924185276031494
95,0.15,0.0,0.09747636318206787
95,0.15,0.1,0.09747636318206787
95,0.15,0.2,0.10894927382469177
96,0.0,0.0,0.11929132044315338
96,0.0,0.1,0.11929132044315338
96,0.0,0.2,0.2619613707065582
96,0.03,0.0,0.16442927718162537
96,0.03,0.1,0.16442927718162537
96,0.03,0.2,0.2701452076435089
96,0.06,0.0,0.23868893086910248
96,0.06,0.1,0.23868893086910248
96,0.06,0.2,0.27081388235092163
96,0.09,0.0,0.2723618447780609
96,0.09,0.1,0.2723618447780609
96,0.09,0.2,0.24243596196174622
96,0.12,0.0,0.26737329363822937
96,0.12,0.1,0.26737329363822937
96,0.12,0.2,0.18971867859363556
96,0.15,0.0,0.2273443192243576
96,0.15,0.1,0.2273443192243576
96,0.15,0.2,0.13047204911708832
97,0.0,0.0,0.1239178404211998
97,0.0,0.1,0.1239178404211998
97,0.0,0.2,0.20802946388721466
97,0.03,0.0,0.15598495304584503
97,0.03,0.1,0.15598495304584503
97,0.03,0.2,0.21743857860565186
97,0.06,0.0,0.17805702984333038
97,0.06,0.1,0.17805702984333038
97,0.06,0.2,0.20142516493797302
97,0.09,0.0,0.18829263746738434
97,0.09,0.1,0.18829263746738434
97,0.09,0.2,0.17120271921157837
97,0.12,0.0,0.18866097927093506
97,0.12,0.1,0.18866097927093506
97,0.12,0.2,0.15087063610553741
97,0.15,0.0,0.16505028307437897
97,0.15,0.1,0.16505028307437897
97,0.15,0.2,0.10263219475746155
98,0.0,0.0,0.08626504987478256
98,0.0,0.1,0.08626504987478256
98,0.0,0.2,0.10495761036872864
98,0.03,0.0,0.10189509391784668
98,0.03,0.1,0.10189509391784668
98,0.03,0.2,0.1280669867992401
98,0.06,0.0,0.10916972160339355
98,0.06,0.1,0.10916972160339355
98,0.06,0.2,0.11421193182468414
98,0.09,0.0,0.13170361518859863
98,0.09,0.1,0.13170361518859863
98,0.09,0.2,0.11184509843587875
98,0.12,0.0,0.1180041953921318
98,0.12,0.1,0.1180041953921318
98,0.12,0.2,0.08796173334121704
98,0.15,0.0,0.0986301600933075
98,0.15,0.1,0.0986301600933075
98,0.15,0.2,0.08110224455595016
99,0.0,0.0,0.09297800064086914
99,0.0,0.1,0.09297800064086914
99,0.0,0.2,0.11174487322568893
99,0.03,0.0,0.09285183995962143
99,0.03,0.1,0.09285183995962143
99,0.03,0.2,0.12707273662090302
99,0.06,0.0,0.10673564672470093
99,0.06,0.1,0.10673564672470093
99,0.06,0.2,0.1425088793039322
99,0.09,0.0,0.10523954778909683
99,0.09,0.1,0.10523954778909683
99,0.09,0.2,0.13210202753543854
99,0.12,0.0,0.10862298309803009
99,0.12,0.1,0.10862298309803009
99,0.12,0.2,0.11101777851581573
99,0.15,0.0,0.12464646995067596
99,0.15,0.1,0.12464646995067596
99,0.15,0.2,0.11133863031864166
