unit_id,delay,duration,abs_max_value
0,0.0,0.0,0.09520068019628525
0,0.0,0.1,0.09520068019628525
0,0.0,0.2,0.0778115838766098
0,0.03,0.0,0.11240227520465851
0,0.03,0.1,0.11240227520465851
0,0.03,0.2,0.09386582672595978
0,0.06,0.0,0.10116241127252579
0,0.06,0.1,0.10116241127252579
0,0.06,0.2,0.09765886515378952
0,0.09,0.0,0.08387742936611176
0,0.09,0.1,0.08387742936611176
0,0.09,0.2,0.08617445081472397
0,0.12,0.0,0.09801896661520004
0,0.12,0.1,0.09801896661520004
0,0.12,0.2,0.09151875972747803
0,0.15,0.0,0.09255401045084
0,0.15,0.1,0.09255401045084
0,0.15,0.2,0.09254790097475052
1,0.0,0.0,0.09628831595182419
1,0.0,0.1,0.09628831595182419
1,0.0,0.2,0.10073154419660568
1,0.03,0.0,0.08922477066516876
1,0.03,0.1,0.08922477066516876
1,0.03,0.2,0.08444623649120331
1,0.06,0.0,0.08756722509860992
1,0.06,0.1,0.08756722509860992
1,0.06,0.2,0.08710010349750519
1,0.09,0.0,0.08539702743291855
1,0.09,0.1,0.08539702743291855
1,0.09,0.2,0.0906868577003479
1,0.12,0.0,0.08904608339071274
1,0.12,0.1,0.08904608339071274
1,0.12,0.2,0.08986970037221909
1,0.15,0.0,0.08764153718948364
1,0.15,0.1,0.08764153718948364
1,0.15,0.2,0.0953914076089859
10,0.0,0.0,0.08182302117347717
10,0.0,0.1,0.08182302117347717
10,0.0,0.2,0.09760332107543945
10,0.03,0.0,0.08013086020946503
10,0.03,0.1,0.08013086020946503
10,0.03,0.2,0.08915600180625916
10,0.06,0.0,0.08785881847143173
10,0.06,0.1,0.08785881847143173
10,0.06,0.2,0.09203780442476273
10,0.09,0.0,0.09419704228639603
10,0.09,0.1,0.09419704228639603
10,0.09,0.2,0.08648775517940521
10,0.12,0.0,0.08451858162879944
10,0.12,0.1,0.08451858162879944
10,0.12,0.2,0.09849245101213455
10,0.15,0.0,0.08307665586471558
10,0.15,0.1,0.08307665586471558
10,0.15,0.2,0.09350644052028656
100,0.0,0.0,0.0993918925523758
100,0.0,0.1,0.0993918925523758
100,0.0,0.2,0.0938229039311409
100,0.03,0.0,0.08475633710622787
100,0.03,0.1,0.08475633710622787
100,0.03,0.2,0.09124349802732468
100,0.06,0.0,0.0925232544541359
100,0.06,0.1,0.0925232544541359
100,0.06,0.2,0.11435288190841675
100,0.09,0.0,0.09215228259563446
100,0.09,0.1,0.09215228259563446
100,0.09,0.2,0.09246781468391418
100,0.12,0.0,0.08381727337837219
100,0.12,0.1,0.08381727337837219
100,0.12,0.2,0.10985468327999115
100,0.15,0.0,0.11851995438337326
100,0.15,0.1,0.11851995438337326
100,0.15,0.2,0.11688591539859772
101,0.0,0.0,0.08231545239686966
101,0.0,0.1,0.08231545239686966
101,0.0,0.2,0.101719431579113
101,0.03,0.0,0.09200666099786758
101,0.03,0.1,0.09200666099786758
101,0.03,0.2,0.0937950536608696
101,0.06,0.0,0.09824692457914352
101,0.06,0.1,0.09824692457914352
101,0.06,0.2,0.10237445682287216
101,0.09,0.0,0.09521959722042084
101,0.09,0.1,0.09521959722042084
101,0.09,0.2,0.07866895198822021
101,0.12,0.0,0.08646958321332932
101,0.12,0.1,0.08646958321332932
101,0.12,0.2,0.08655447512865067
101,0.15,0.0,0.10485201328992844
101,0.15,0.1,0.10485201328992844
101,0.15,0.2,0.07621870189905167
102,0.0,0.0,0.09459979832172394
102,0.0,0.1,0.09459979832172394
102,0.0,0.2,0.08644324541091919
102,0.03,0.0,0.08612973988056183
102,0.03,0.1,0.08612973988056183
102,0.03,0.2,0.08927173912525177
102,0.06,0.0,0.08557219058275223
102,0.06,0.1,0.08557219058275223
102,0.06,0.2,0.08654375374317169
102,0.09,0.0,0.09242197871208191
102,0.09,0.1,0.09242197871208191
102,0.09,0.2,0.08741548657417297
102,0.12,0.0,0.09061381965875626
102,0.12,0.1,0.09061381965875626
102,0.12,0.2,0.0886489674448967
102,0.15,0.0,0.08996977657079697
102,0.15,0.1,0.08996977657079697
102,0.15,0.2,0.09257055073976517
103,0.0,0.0,0.09899113327264786
103,0.0,0.1,0.09899113327264786
103,0.0,0.2,0.07772766798734665
103,0.03,0.0,0.09215175360441208
103,0.03,0.1,0.09215175360441208
103,0.03,0.2,0.10035991668701172
103,0.06,0.0,0.08451878279447556
103,0.06,0.1,0.08451878279447556
103,0.06,0.2,0.08536741882562637
103,0.09,0.0,0.0903928130865097
103,0.09,0.1,0.0903928130865097
103,0.09,0.2,0.08677122741937637
103,0.12,0.0,0.0955413207411766
103,0.12,0.1,0.0955413207411766
103,0.12,0.2,0.08425113558769226
103,0.15,0.0,0.07827310264110565
103,0.15,0.1,0.07827310264110565
103,0.15,0.2,0.07892454415559769
104,0.0,0.0,0.08322899043560028
104,0.0,0.1,0.08322899043560028
104,0.0,0.2,0.11326232552528381
104,0.03,0.0,0.08710508793592453
104,0.03,0.1,0.08710508793592453
104,0.03,0.2,0.09479689598083496
104,0.06,0.0,0.09279157221317291
104,0.06,0.1,0.09279157221317291
104,0.06,0.2,0.09682868421077728
104,0.09,0.0,0.08923745900392532
104,0.09,0.1,0.08923745900392532
104,0.09,0.2,0.10411936044692993
104,0.12,0.0,0.09076433628797531
104,0.12,0.1,0.09076433628797531
104,0.12,0.2,0.0806073546409607
104,0.15,0.0,0.08910836279392242
104,0.15,0.1,0.08910836279392242
104,0.15,0.2,0.09507553279399872
105,0.0,0.0,0.10146135836839676
105,0.0,0.1,0.10146135836839676
105,0.0,0.2,0.08898984640836716
105,0.03,0.0,0.09593554586172104
105,0.03,0.1,0.09593554586172104
105,0.03,0.2,0.09186886996030807
105,0.06,0.0,0.08783785253763199
105,0.06,0.1,0.08783785253763199
105,0.06,0.2,0.08845658600330353
105,0.09,0.0,0.08426950126886368
105,0.09,0.1,0.08426950126886368
105,0.09,0.2,0.10185607522726059
105,0.12,0.0,0.08436787128448486
105,0.12,0.1,0.08436787128448486
105,0.12,0.2,0.09696779400110245
105,0.15,0.0,0.08285542577505112
105,0.15,0.1,0.08285542577505112
105,0.15,0.2,0.0890548974275589
106,0.0,0.0,0.12134342640638351
106,0.0,0.1,0.12134342640638351
106,0.0,0.2,0.11530235409736633
106,0.03,0.0,0.12578463554382324
106,0.03,0.1,0.12578463554382324
106,0.03,0.2,0.12603290379047394
106,0.06,0.0,0.10188919305801392
106,0.06,0.1,0.10188919305801392
106,0.06,0.2,0.10900020599365234
106,0.09,0.0,0.13483159244060516
106,0.09,0.1,0.13483159244060516
106,0.09,0.2,0.1097395196557045
106,0.12,0.0,0.10513979196548462
106,0.12,0.1,0.10513979196548462
106,0.12,0.2,0.11174369603395462
106,0.15,0.0,0.10157563537359238
106,0.15,0.1,0.10157563537359238
106,0.15,0.2,0.11594520509243011
107,0.0,0.0,0.11526458710432053
107,0.0,0.1,0.11526458710432053
107,0.0,0.2,0.1801108866930008
107,0.03,0.0,0.13338175415992737
107,0.03,0.1,0.13338175415992737
107,0.03,0.2,0.18364916741847992
107,0.06,0.0,0.1538800597190857
107,0.06,0.1,0.1538800597190857
107,0.06,0.2,0.1645589917898178
107,0.09,0.0,0.16782204806804657
107,0.09,0.1,0.16782204806804657
107,0.09,0.2,0.12931184470653534
107,0.12,0.0,0.17219989001750946
107,0.12,0.1,0.17219989001750946
107,0.12,0.2,0.11124328523874283
107,0.15,0.0,0.14123928546905518
107,0.15,0.1,0.14123928546905518
107,0.15,0.2,0.11434464901685715
108,0.0,0.0,0.09060154110193253
108,0.0,0.1,0.09060154110193253
108,0.0,0.2,0.10731326788663864
108,0.03,0.0,0.09225834161043167
108,0.03,0.1,0.09225834161043167
108,0.03,0.2,0.0918157771229744
108,0.06,0.0,0.09141696244478226
108,0.06,0.1,0.09141696244478226
108,0.06,0.2,0.09039795398712158
108,0.09,0.0,0.11209628731012344
108,0.09,0.1,0.11209628731012344
108,0.09,0.2,0.12442830204963684
108,0.12,0.0,0.09867884963750839
108,0.12,0.1,0.09867884963750839
108,0.12,0.2,0.11330986768007278
108,0.15,0.0,0.11312292516231537
108,0.15,0.1,0.11312292516231537
108,0.15,0.2,0.09591691195964813
109,0.0,0.0,0.10420764982700348
109,0.0,0.1,0.10420764982700348
109,0.0,0.2,0.10940700024366379
109,0.03,0.0,0.11871617287397385
109,0.03,0.1,0.11871617287397385
109,0.03,0.2,0.1227322593331337
109,0.06,0.0,0.1188717857003212
109,0.06,0.1,0.1188717857003212
109,0.06,0.2,0.11669721454381943
109,0.09,0.0,0.13207821547985077
109,0.09,0.1,0.13207821547985077
109,0.09,0.2,0.13692013919353485
109,0.12,0.0,0.1466023474931717
109,0.12,0.1,0.1466023474931717
109,0.12,0.2,0.15471044182777405
109,0.15,0.0,0.1383446902036667
109,0.15,0.1,0.1383446902036667
109,0.15,0.2,0.15951645374298096
11,0.0,0.0,0.11818365007638931
11,0.0,0.1,0.11818365007638931
11,0.0,0.2,0.11297089606523514
11,0.03,0.0,0.1281134933233261
11,0.03,0.1,0.1281134933233261
11,0.03,0.2,0.15727922320365906
11,0.06,0.0,0.12271936237812042
11,0.06,0.1,0.12271936237812042
11,0.06,0.2,0.153867706656456
11,0.09,0.0,0.11981289833784103
11,0.09,0.1,0.11981289833784103
11,0.09,0.2,0.11907605081796646
11,0.12,0.0,0.12640510499477386
11,0.12,0.1,0.12640510499477386
11,0.12,0.2,0.12986212968826294
11,0.15,0.0,0.14217989146709442
11,0.15,0.1,0.14217989146709442
11,0.15,0.2,0.11647530645132065
110,0.0,0.0,0.1002434715628624
110,0.0,0.1,0.1002434715628624
110,0.0,0.2,0.0944581851363182
110,0.03,0.0,0.0887293815612793
110,0.03,0.1,0.0887293815612793
110,0.03,0.2,0.09065122902393341
110,0.06,0.0,0.10639286041259766
110,0.06,0.1,0.10639286041259766
110,0.06,0.2,0.10296406596899033
110,0.09,0.0,0.09728754311800003
110,0.09,0.1,0.09728754311800003
110,0.09,0.2,0.10720749199390411
110,0.12,0.0,0.08940213173627853
110,0.12,0.1,0.08940213173627853
110,0.12,0.2,0.09956231713294983
110,0.15,0.0,0.09915146231651306
110,0.15,0.1,0.09915146231651306
110,0.15,0.2,0.09980940818786621
111,0.0,0.0,0.09514520317316055
111,0.0,0.1,0.09514520317316055
111,0.0,0.2,0.12550637125968933
111,0.03,0.0,0.12037637084722519
111,0.03,0.1,0.12037637084722519
111,0.03,0.2,0.14900504052639008
111,0.06,0.0,0.11349578946828842
111,0.06,0.1,0.11349578946828842
111,0.06,0.2,0.15543225407600403
111,0.09,0.0,0.10934410989284515
111,0.09,0.1,0.10934410989284515
111,0.09,0.2,0.15571017563343048
111,0.12,0.0,0.13388392329216003
111,0.12,0.1,0.13388392329216003
111,0.12,0.2,0.16066908836364746
111,0.15,0.0,0.15477417409420013
111,0.15,0.1,0.15477417409420013
111,0.15,0.2,0.17706875503063202
112,0.0,0.0,0.10926912724971771
112,0.0,0.1,0.10926912724971771
112,0.0,0.2,0.1255069077014923
112,0.03,0.0,0.11934234201908112
112,0.03,0.1,0.11934234201908112
112,0.03,0.2,0.15756869316101074
112,0.06,0.0,0.11366065591573715
112,0.06,0.1,0.11366065591573715
112,0.06,0.2,0.16379186511039734
112,0.09,0.0,0.12715888023376465
112,0.09,0.1,0.12715888023376465
112,0.09,0.2,0.1777951717376709
112,0.12,0.0,0.14973804354667664
112,0.12,0.1,0.14973804354667664
112,0.12,0.2,0.19182540476322174
112,0.15,0.0,0.15974387526512146
112,0.15,0.1,0.15974387526512146
112,0.15,0.2,0.18802613019943237
113,0.0,0.0,0.12062469869852066
113,0.0,0.1,0.12062469869852066
113,0.0,0.2,0.1297367513179779
113,0.03,0.0,0.11587236821651459
113,0.03,0.1,0.11587236821651459
113,0.03,0.2,0.11374535411596298
113,0.06,0.0,0.10885629057884216
113,0.06,0.1,0.10885629057884216
113,0.06,0.2,0.10824029892683029
113,0.09,0.0,0.10413242131471634
113,0.09,0.1,0.10413242131471634
113,0.09,0.2,0.09188904613256454
113,0.12,0.0,0.10075146704912186
113,0.12,0.1,0.10075146704912186
113,0.12,0.2,0.10865095257759094
113,0.15,0.0,0.09580917656421661
113,0.15,0.1,0.09580917656421661
113,0.15,0.2,0.09125450998544693
114,0.0,0.0,0.1027747318148613
114,0.0,0.1,0.1027747318148613
114,0.0,0.2,0.11932812631130219
114,0.03,0.0,0.10214637964963913
114,0.03,0.1,0.10214637964963913
114,0.03,0.2,0.14363063871860504
114,0.06,0.0,0.11121360212564468
114,0.06,0.1,0.11121360212564468
114,0.06,0.2,0.14066822826862335
114,0.09,0.0,0.122427798807621
114,0.09,0.1,0.122427798807621
114,0.09,0.2,0.13371609151363373
114,0.12,0.0,0.13776010274887085
114,0.12,0.1,0.13776010274887085
114,0.12,0.2,0.1324060708284378
114,0.15,0.0,0.12902949750423431
114,0.15,0.1,0.12902949750423431
114,0.15,0.2,0.11808902025222778
115,0.0,0.0,0.08563479781150818
115,0.0,0.1,0.08563479781150818
115,0.0,0.2,0.07965521514415741
115,0.03,0.0,0.0914091095328331
115,0.03,0.1,0.0914091095328331
115,0.03,0.2,0.09635748714208603
115,0.06,0.0,0.08072210103273392
115,0.06,0.1,0.08072210103273392
115,0.06,0.2,0.10153982788324356
115,0.09,0.0,0.08448775112628937
115,0.09,0.1,0.08448775112628937
115,0.09,0.2,0.08390991389751434
115,0.12,0.0,0.08478271216154099
115,0.12,0.1,0.08478271216154099
115,0.12,0.2,0.08787630498409271
115,0.15,0.0,0.08949227631092072
115,0.15,0.1,0.08949227631092072
115,0.15,0.2,0.08367408066987991
116,0.0,0.0,0.10841263085603714
116,0.0,0.1,0.10841263085603714
116,0.0,0.2,0.12816862761974335
116,0.03,0.0,0.09449004381895065
116,0.03,0.1,0.09449004381895065
116,0.03,0.2,0.1523910015821457
116,0.06,0.0,0.12049416452646255
116,0.06,0.1,0.12049416452646255
116,0.06,0.2,0.15100188553333282
116,0.09,0.0,0.14939247071743011
116,0.09,0.1,0.14939247071743011
116,0.09,0.2,0.15160541236400604
116,0.12,0.0,0.1456882208585739
116,0.12,0.1,0.1456882208585739
116,0.12,0.2,0.1523301750421524
116,0.15,0.0,0.12609659135341644
116,0.15,0.1,0.12609659135341644
116,0.15,0.2,0.1323596090078354
117,0.0,0.0,0.2037244439125061
117,0.0,0.1,0.2037244439125061
117,0.0,0.2,0.3221057951450348
117,0.03,0.0,0.24070104956626892
117,0.03,0.1,0.24070104956626892
117,0.03,0.2,0.32286903262138367
117,0.06,0.0,0.27907130122184753
117,0.06,0.1,0.27907130122184753
117,0.06,0.2,0.2973375916481018
117,0.09,0.0,0.3013787865638733
117,0.09,0.1,0.3013787865638733
117,0.09,0.2,0.2605954110622406
117,0.12,0.0,0.2828407287597656
117,0.12,0.1,0.2828407287597656
117,0.12,0.2,0.20115718245506287
117,0.15,0.0,0.2318408042192459
117,0.15,0.1,0.2318408042192459
117,0.15,0.2,0.1401911973953247
118,0.0,0.0,0.21118097007274628
118,0.0,0.1,0.21118097007274628
118,0.0,0.2,0.22445030510425568
118,0.03,0.0,0.17186397314071655
118,0.03,0.1,0.17186397314071655
118,0.03,0.2,0.18333621323108673
118,0.06,0.0,0.16689027845859528
118,0.06,0.1,0.16689027845859528
118,0.06,0.2,0.18025629222393036
118,0.09,0.0,0.16202959418296814
118,0.09,0.1,0.16202959418296814
118,0.09,0.2,0.1732049286365509
118,0.12,0.0,0.14100736379623413
118,0.12,0.1,0.14100736379623413
118,0.12,0.2,0.15067028999328613
118,0.15,0.0,0.1446273922920227
118,0.15,0.1,0.1446273922920227
118,0.15,0.2,0.16723468899726868
119,0.0,0.0,0.0798492506146431
119,0.0,0.1,0.0798492506146431
119,0.0,0.2,0.08718612790107727
119,0.03,0.0,0.10339531302452087
119,0.03,0.1,0.10339531302452087
119,0.03,0.2,0.09384745359420776
119,0.06,0.0,0.0988570898771286
119,0.06,0.1,0.0988570898771286
119,0.06,0.2,0.09244676679372787
119,0.09,0.0,0.08418426662683487
119,0.09,0.1,0.08418426662683487
119,0.09,0.2,0.08567953109741211
119,0.12,0.0,0.09832817316055298
119,0.12,0.1,0.09832817316055298
119,0.12,0.2,0.08538590371608734
119,0.15,0.0,0.08466082066297531
119,0.15,0.1,0.08466082066297531
119,0.15,0.2,0.07651112973690033
12,0.0,0.0,0.09431882947683334
12,0.0,0.1,0.09431882947683334
12,0.0,0.2,0.10329050570726395
12,0.03,0.0,0.08626306056976318
12,0.03,0.1,0.08626306056976318
12,0.03,0.2,0.12267690151929855
12,0.06,0.0,0.09106749296188354
12,0.06,0.1,0.09106749296188354
12,0.06,0.2,0.10759205371141434
12,0.09,0.0,0.09571418166160583
12,0.09,0.1,0.09571418166160583
12,0.09,0.2,0.11405124515295029
12,0.12,0.0,0.11817745119333267
12,0.12,0.1,0.11817745119333267
12,0.12,0.2,0.11217838525772095
12,0.15,0.0,0.1225697323679924
12,0.15,0.1,0.1225697323679924
12,0.15,0.2,0.0981767326593399
120,0.0,0.0,0.08720637112855911
120,0.0,0.1,0.08720637112855911
120,0.0,0.2,0.08107759803533554
120,0.03,0.0,0.08502846211194992
120,0.03,0.1,0.08502846211194992
120,0.03,0.2,0.09294422715902328
120,0.06,0.0,0.08315026760101318
120,0.06,0.1,0.08315026760101318
120,0.06,0.2,0.09157887101173401
120,0.09,0.0,0.09059668332338333
120,0.09,0.1,0.09059668332338333
120,0.09,0.2,0.08816570788621902
120,0.12,0.0,0.08589087426662445
120,0.12,0.1,0.08589087426662445
120,0.12,0.2,0.07980331778526306
120,0.15,0.0,0.09122161567211151
120,0.15,0.1,0.09122161567211151
120,0.15,0.2,0.09073493629693985
121,0.0,0.0,0.10471244901418686
121,0.0,0.1,0.10471244901418686
121,0.0,0.2,0.12202522158622742
121,0.03,0.0,0.09133849292993546
121,0.03,0.1,0.09133849292993546
121,0.03,0.2,0.1332157552242279
121,0.06,0.0,0.1178949773311615
121,0.06,0.1,0.1178949773311615
121,0.06,0.2,0.1703168898820877
121,0.09,0.0,0.1425027996301651
121,0.09,0.1,0.1425027996301651
121,0.09,0.2,0.16594073176383972
121,0.12,0.0,0.13464100658893585
121,0.12,0.1,0.13464100658893585
121,0.12,0.2,0.15970724821090698
121,0.15,0.0,0.14685910940170288
121,0.15,0.1,0.14685910940170288
121,0.15,0.2,0.1682998090982437
122,0.0,0.0,0.10887235403060913
122,0.0,0.1,0.10887235403060913
122,0.0,0.2,0.09029072523117065
122,0.03,0.0,0.09566167742013931
122,0.03,0.1,0.09566167742013931
122,0.03,0.2,0.0925670936703682
122,0.06,0.0,0.09947729110717773
122,0.06,0.1,0.09947729110717773
122,0.06,0.2,0.0876757949590683
122,0.09,0.0,0.09070633351802826
122,0.09,0.1,0.09070633351802826
122,0.09,0.2,0.08468160033226013
122,0.12,0.0,0.08776218444108963
122,0.12,0.1,0.08776218444108963
122,0.12,0.2,0.09172647446393967
122,0.15,0.0,0.09422033280134201
122,0.15,0.1,0.09422033280134201
122,0.15,0.2,0.09899837523698807
123,0.0,0.0,0.09117048978805542
123,0.0,0.1,0.09117048978805542
123,0.0,0.2,0.08453980833292007
123,0.03,0.0,0.09666579216718674
123,0.03,0.1,0.09666579216718674
123,0.03,0.2,0.10968421399593353
123,0.06,0.0,0.08983628451824188
123,0.06,0.1,0.08983628451824188
123,0.06,0.2,0.09397514164447784
123,0.09,0.0,0.08543107658624649
123,0.09,0.1,0.08543107658624649
123,0.09,0.2,0.10659413039684296
123,0.12,0.0,0.08652833104133606
123,0.12,0.1,0.08652833104133606
123,0.12,0.2,0.10190096497535706
123,0.15,0.0,0.0941924899816513
123,0.15,0.1,0.0941924899816513
123,0.15,0.2,0.09986802935600281
124,0.0,0.0,0.09538745135068893
124,0.0,0.1,0.09538745135068893
124,0.0,0.2,0.1053566038608551
124,0.03,0.0,0.09911515563726425
124,0.03,0.1,0.09911515563726425
124,0.03,0.2,0.1088441014289856
124,0.06,0.0,0.09786023944616318
124,0.06,0.1,0.09786023944616318
124,0.06,0.2,0.1112198680639267
124,0.09,0.0,0.10225193947553635
124,0.09,0.1,0.10225193947553635
124,0.09,0.2,0.11730840802192688
124,0.12,0.0,0.0907311737537384
124,0.12,0.1,0.0907311737537384
124,0.12,0.2,0.11023109406232834
124,0.15,0.0,0.10854026675224304
124,0.15,0.1,0.10854026675224304
124,0.15,0.2,0.09477528929710388
125,0.0,0.0,0.08424504101276398
125,0.0,0.1,0.08424504101276398
125,0.0,0.2,0.09054312855005264
125,0.03,0.0,0.1028754860162735
125,0.03,0.1,0.1028754860162735
125,0.03,0.2,0.10166903585195541
125,0.06,0.0,0.09482356905937195
125,0.06,0.1,0.09482356905937195
125,0.06,0.2,0.09078526496887207
125,0.09,0.0,0.10020670294761658
125,0.09,0.1,0.10020670294761658
125,0.09,0.2,0.1008136123418808
125,0.12,0.0,0.09111563116312027
125,0.12,0.1,0.09111563116312027
125,0.12,0.2,0.09179653227329254
125,0.15,0.0,0.0809040442109108
125,0.15,0.1,0.0809040442109108
125,0.15,0.2,0.07935460656881332
126,0.0,0.0,0.08302515745162964
126,0.0,0.1,0.08302515745162964
126,0.0,0.2,0.09539420902729034
126,0.03,0.0,0.10658210515975952
126,0.03,0.1,0.10658210515975952
126,0.03,0.2,0.10235938429832458
126,0.06,0.0,0.08888433873653412
126,0.06,0.1,0.08888433873653412
126,0.06,0.2,0.09798029810190201
126,0.09,0.0,0.09314898401498795
126,0.09,0.1,0.09314898401498795
126,0.09,0.2,0.11904071271419525
126,0.12,0.0,0.10585974901914597
126,0.12,0.1,0.10585974901914597
126,0.12,0.2,0.10795976966619492
126,0.15,0.0,0.0824887678027153
126,0.15,0.1,0.0824887678027153
126,0.15,0.2,0.09243089705705643
127,0.0,0.0,0.11050816625356674
127,0.0,0.1,0.11050816625356674
127,0.0,0.2,0.0905442014336586
127,0.03,0.0,0.09555494785308838
127,0.03,0.1,0.09555494785308838
127,0.03,0.2,0.09841432422399521
127,0.06,0.0,0.08926177769899368
127,0.06,0.1,0.08926177769899368
127,0.06,0.2,0.10830771178007126
127,0.09,0.0,0.09043839573860168
127,0.09,0.1,0.09043839573860168
127,0.09,0.2,0.09161141514778137
127,0.12,0.0,0.09154418855905533
127,0.12,0.1,0.09154418855905533
127,0.12,0.2,0.08562307059764862
127,0.15,0.0,0.09171522408723831
127,0.15,0.1,0.09171522408723831
127,0.15,0.2,0.10420985519886017
128,0.0,0.0,0.09716134518384933
128,0.0,0.1,0.09716134518384933
128,0.0,0.2,0.11880133301019669
128,0.03,0.0,0.09162066131830215
128,0.03,0.1,0.09162066131830215
128,0.03,0.2,0.10639090836048126
128,0.06,0.0,0.10126339644193649
128,0.06,0.1,0.10126339644193649
128,0.06,0.2,0.10326137393712997
128,0.09,0.0,0.09153261035680771
128,0.09,0.1,0.09153261035680771
128,0.09,0.2,0.09593874961137772
128,0.12,0.0,0.09278305619955063
128,0.12,0.1,0.09278305619955063
128,0.12,0.2,0.09122712910175323
128,0.15,0.0,0.08884195238351822
128,0.15,0.1,0.08884195238351822
128,0.15,0.2,0.09706269949674606
129,0.0,0.0,0.08477902412414551
129,0.0,0.1,0.08477902412414551
129,0.0,0.2,0.08588346838951111
129,0.03,0.0,0.08233001828193665
129,0.03,0.1,0.08233001828193665
129,0.03,0.2,0.09568934142589569
129,0.06,0.0,0.10384584218263626
129,0.06,0.1,0.10384584218263626
129,0.06,0.2,0.08367452770471573
129,0.09,0.0,0.08864466845989227
129,0.09,0.1,0.08864466845989227
129,0.09,0.2,0.09497372061014175
129,0.12,0.0,0.07705551385879517
129,0.12,0.1,0.07705551385879517
129,0.12,0.2,0.09138907492160797
129,0.15,0.0,0.08679342269897461
129,0.15,0.1,0.08679342269897461
129,0.15,0.2,0.09779427945613861
13,0.0,0.0,0.09242809563875198
13,0.0,0.1,0.09242809563875198
13,0.0,0.2,0.13426832854747772
13,0.03,0.0,0.1054556742310524
13,0.03,0.1,0.1054556742310524
13,0.03,0.2,0.14032453298568726
13,0.06,0.0,0.11558375507593155
13,0.06,0.1,0.11558375507593155
13,0.06,0.2,0.13381026685237885
13,0.09,0.0,0.11629356443881989
13,0.09,0.1,0.11629356443881989
13,0.09,0.2,0.1251683086156845
13,0.12,0.0,0.11464059352874756
13,0.12,0.1,0.11464059352874756
13,0.12,0.2,0.11071091890335083
13,0.15,0.0,0.09215006977319717
13,0.15,0.1,0.09215006977319717
13,0.15,0.2,0.09105534851551056
130,0.0,0.0,0.1568637192249298
130,0.0,0.1,0.1568637192249298
130,0.0,0.2,0.21431685984134674
130,0.03,0.0,0.17973259091377258
130,0.03,0.1,0.17973259091377258
130,0.03,0.2,0.21231044828891754
130,0.06,0.0,0.19137027859687805
130,0.06,0.1,0.19137027859687805
130,0.06,0.2,0.19910413026809692
130,0.09,0.0,0.18735924363136292
130,0.09,0.1,0.18735924363136292
130,0.09,0.2,0.163053497672081
130,0.12,0.0,0.16782473027706146
130,0.12,0.1,0.16782473027706146
130,0.12,0.2,0.1361299604177475
130,0.15,0.0,0.14555881917476654
130,0.15,0.1,0.14555881917476654
130,0.15,0.2,0.12232159823179245
131,0.0,0.0,0.09523477405309677
131,0.0,0.1,0.09523477405309677
131,0.0,0.2,0.10018086433410645
131,0.03,0.0,0.09068919718265533
131,0.03,0.1,0.09068919718265533
131,0.03,0.2,0.0840950757265091
131,0.06,0.0,0.10723160952329636
131,0.06,0.1,0.10723160952329636
131,0.06,0.2,0.09507877379655838
131,0.09,0.0,0.09583576768636703
131,0.09,0.1,0.09583576768636703
131,0.09,0.2,0.08425614982843399
131,0.12,0.0,0.09133420884609222
131,0.12,0.1,0.09133420884609222
131,0.12,0.2,0.09948115050792694
131,0.15,0.0,0.09976790100336075
131,0.15,0.1,0.09976790100336075
131,0.15,0.2,0.10513057559728622
132,0.0,0.0,0.10815270245075226
132,0.0,0.1,0.10815270245075226
132,0.0,0.2,0.08934269100427628
132,0.03,0.0,0.09814408421516418
132,0.03,0.1,0.09814408421516418
132,0.03,0.2,0.08535479754209518
132,0.06,0.0,0.08822979032993317
132,0.06,0.1,0.08822979032993317
132,0.06,0.2,0.09091601520776749
132,0.09,0.0,0.08384605497121811
132,0.09,0.1,0.08384605497121811
132,0.09,0.2,0.09587711095809937
132,0.12,0.0,0.09188944101333618
132,0.12,0.1,0.09188944101333618
132,0.12,0.2,0.09187057614326477
132,0.15,0.0,0.10039051622152328
132,0.15,0.1,0.10039051622152328
132,0.15,0.2,0.08980641514062881
133,0.0,0.0,0.08860201388597488
133,0.0,0.1,0.08860201388597488
133,0.0,0.2,0.09421712905168533
133,0.03,0.0,0.10280469059944153
133,0.03,0.1,0.10280469059944153
133,0.03,0.2,0.08193942159414291
133,0.06,0.0,0.12478438764810562
133,0.06,0.1,0.12478438764810562
133,0.06,0.2,0.09687163680791855
133,0.09,0.0,0.10026992857456207
133,0.09,0.1,0.10026992857456207
133,0.09,0.2,0.10297996550798416
133,0.12,0.0,0.08230313658714294
133,0.12,0.1,0.08230313658714294
133,0.12,0.2,0.09111548215150833
133,0.15,0.0,0.09679592400789261
133,0.15,0.1,0.09679592400789261
133,0.15,0.2,0.08302786201238632
134,0.0,0.0,0.09575600922107697
134,0.0,0.1,0.09575600922107697
134,0.0,0.2,0.09655483812093735
134,0.03,0.0,0.0880284234881401
134,0.03,0.1,0.0880284234881401
134,0.03,0.2,0.09891417622566223
134,0.06,0.0,0.08471992611885071
134,0.06,0.1,0.08471992611885071
134,0.06,0.2,0.1062382310628891
134,0.09,0.0,0.09086119383573532
134,0.09,0.1,0.09086119383573532
134,0.09,0.2,0.11883427202701569
134,0.12,0.0,0.1096314862370491
134,0.12,0.1,0.1096314862370491
134,0.12,0.2,0.11687963455915451
134,0.15,0.0,0.10206332057714462
134,0.15,0.1,0.10206332057714462
134,0.15,0.2,0.12329613417387009
135,0.0,0.0,0.09439018368721008
135,0.0,0.1,0.09439018368721008
135,0.0,0.2,0.09095413982868195
135,0.03,0.0,0.07986192405223846
135,0.03,0.1,0.07986192405223846
135,0.03,0.2,0.09768559038639069
135,0.06,0.0,0.08402585983276367
135,0.06,0.1,0.08402585983276367
135,0.06,0.2,0.09255514293909073
135,0.09,0.0,0.0842447504401207
135,0.09,0.1,0.0842447504401207
135,0.09,0.2,0.09348291158676147
135,0.12,0.0,0.08703627437353134
135,0.12,0.1,0.08703627437353134
135,0.12,0.2,0.08991345763206482
135,0.15,0.0,0.08638224750757217
135,0.15,0.1,0.08638224750757217
135,0.15,0.2,0.1113457903265953
136,0.0,0.0,0.10001400858163834
136,0.0,0.1,0.10001400858163834
136,0.0,0.2,0.1491675078868866
136,0.03,0.0,0.11347319930791855
136,0.03,0.1,0.11347319930791855
136,0.03,0.2,0.14202797412872314
136,0.06,0.0,0.12810808420181274
136,0.06,0.1,0.12810808420181274
136,0.06,0.2,0.1321507692337036
136,0.09,0.0,0.13767847418785095
136,0.09,0.1,0.13767847418785095
136,0.09,0.2,0.1218392625451088
136,0.12,0.0,0.12041869759559631
136,0.12,0.1,0.12041869759559631
136,0.12,0.2,0.11340586841106415
136,0.15,0.0,0.09777956455945969
136,0.15,0.1,0.09777956455945969
136,0.15,0.2,0.08628395944833755
137,0.0,0.0,0.0881388708949089
137,0.0,0.1,0.0881388708949089
137,0.0,0.2,0.09942562133073807
137,0.03,0.0,0.09291595965623856
137,0.03,0.1,0.09291595965623856
137,0.03,0.2,0.09709881991147995
137,0.06,0.0,0.09912334382534027
137,0.06,0.1,0.09912334382534027
137,0.06,0.2,0.08951985090970993
137,0.09,0.0,0.09923596680164337
137,0.09,0.1,0.09923596680164337
137,0.09,0.2,0.11004788428544998
137,0.12,0.0,0.09555823355913162
137,0.12,0.1,0.09555823355913162
137,0.12,0.2,0.11279793828725815
137,0.15,0.0,0.10066850483417511
137,0.15,0.1,0.10066850483417511
137,0.15,0.2,0.10581618547439575
138,0.0,0.0,0.13767701387405396
138,0.0,0.1,0.13767701387405396
138,0.0,0.2,0.1923622041940689
138,0.03,0.0,0.15870927274227142
138,0.03,0.1,0.15870927274227142
138,0.03,0.2,0.19528821110725403
138,0.06,0.0,0.1818637251853943
138,0.06,0.1,0.1818637251853943
138,0.06,0.2,0.20275598764419556
138,0.09,0.0,0.16808953881263733
138,0.09,0.1,0.16808953881263733
138,0.09,0.2,0.19032885134220123
138,0.12,0.0,0.16559676826000214
138,0.12,0.1,0.16559676826000214
138,0.12,0.2,0.18247660994529724
138,0.15,0.0,0.15790261328220367
138,0.15,0.1,0.15790261328220367
138,0.15,0.2,0.14210942387580872
139,0.0,0.0,0.09031835198402405
139,0.0,0.1,0.09031835198402405
139,0.0,0.2,0.08809462189674377
139,0.03,0.0,0.08322125673294067
139,0.03,0.1,0.08322125673294067
139,0.03,0.2,0.10515554994344711
139,0.06,0.0,0.11102288216352463
139,0.06,0.1,0.11102288216352463
139,0.06,0.2,0.08575107902288437
139,0.09,0.0,0.10181552916765213
139,0.09,0.1,0.10181552916765213
139,0.09,0.2,0.09217376261949539
139,0.12,0.0,0.09056521952152252
139,0.12,0.1,0.09056521952152252
139,0.12,0.2,0.09852799773216248
139,0.15,0.0,0.09724828600883484
139,0.15,0.1,0.09724828600883484
139,0.15,0.2,0.10454375296831131
14,0.0,0.0,0.09193947911262512
14,0.0,0.1,0.09193947911262512
14,0.0,0.2,0.10535261034965515
14,0.03,0.0,0.09131594002246857
14,0.03,0.1,0.09131594002246857
14,0.03,0.2,0.13135279715061188
14,0.06,0.0,0.11058821529150009
14,0.06,0.1,0.11058821529150009
14,0.06,0.2,0.14873632788658142
14,0.09,0.0,0.11513280868530273
14,0.09,0.1,0.11513280868530273
14,0.09,0.2,0.1406536102294922
14,0.12,0.0,0.10830361396074295
14,0.12,0.1,0.10830361396074295
14,0.12,0.2,0.1034870520234108
14,0.15,0.0,0.10863525420427322
14,0.15,0.1,0.10863525420427322
14,0.15,0.2,0.09041991829872131
140,0.0,0.0,0.09466578811407089
140,0.0,0.1,0.09466578811407089
140,0.0,0.2,0.09814587980508804
140,0.03,0.0,0.08936314284801483
140,0.03,0.1,0.08936314284801483
140,0.03,0.2,0.1061999723315239
140,0.06,0.0,0.09844451397657394
140,0.06,0.1,0.09844451397657394
140,0.06,0.2,0.11151573061943054
140,0.09,0.0,0.10468219220638275
140,0.09,0.1,0.10468219220638275
140,0.09,0.2,0.10648408532142639
140,0.12,0.0,0.10201375186443329
140,0.12,0.1,0.10201375186443329
140,0.12,0.2,0.10154958814382553
140,0.15,0.0,0.10658548027276993
140,0.15,0.1,0.10658548027276993
140,0.15,0.2,0.09861192107200623
141,0.0,0.0,0.10427360981702805
141,0.0,0.1,0.10427360981702805
141,0.0,0.2,0.20046643912792206
141,0.03,0.0,0.13352978229522705
141,0.03,0.1,0.13352978229522705
141,0.03,0.2,0.18601739406585693
141,0.06,0.0,0.16357353329658508
141,0.06,0.1,0.16357353329658508
141,0.06,0.2,0.17926742136478424
141,0.09,0.0,0.2096075415611267
141,0.09,0.1,0.2096075415611267
141,0.09,0.2,0.1823042780160904
141,0.12,0.0,0.20649220049381256
141,0.12,0.1,0.20649220049381256
141,0.12,0.2,0.15292726457118988
141,0.15,0.0,0.1626545488834381
141,0.15,0.1,0.1626545488834381
141,0.15,0.2,0.10126078873872757
142,0.0,0.0,0.10565944761037827
142,0.0,0.1,0.10565944761037827
142,0.0,0.2,0.09209287911653519
142,0.03,0.0,0.11790259927511215
142,0.03,0.1,0.11790259927511215
142,0.03,0.2,0.12163572013378143
142,0.06,0.0,0.09623687714338303
142,0.06,0.1,0.09623687714338303
142,0.06,0.2,0.09864749014377594
142,0.09,0.0,0.09434359520673752
142,0.09,0.1,0.09434359520673752
142,0.09,0.2,0.10476063936948776
142,0.12,0.0,0.11381847411394119
142,0.12,0.1,0.11381847411394119
142,0.12,0.2,0.12614081799983978
142,0.15,0.0,0.11434982717037201
142,0.15,0.1,0.11434982717037201
142,0.15,0.2,0.11231548339128494
143,0.0,0.0,0.09516622871160507
143,0.0,0.1,0.09516622871160507
143,0.0,0.2,0.08819294720888138
143,0.03,0.0,0.08893709629774094
143,0.03,0.1,0.08893709629774094
143,0.03,0.2,0.09504429250955582
143,0.06,0.0,0.0828171893954277
143,0.06,0.1,0.0828171893954277
143,0.06,0.2,0.09042815864086151
143,0.09,0.0,0.09863840788602829
143,0.09,0.1,0.09863840788602829
143,0.09,0.2,0.08439601212739944
143,0.12,0.0,0.09270136058330536
143,0.12,0.1,0.09270136058330536
143,0.12,0.2,0.08516160398721695
143,0.15,0.0,0.08246169239282608
143,0.15,0.1,0.08246169239282608
143,0.15,0.2,0.08890797197818756
144,0.0,0.0,0.08957536518573761
144,0.0,0.1,0.08957536518573761
144,0.0,0.2,0.09894245117902756
144,0.03,0.0,0.09728143364191055
144,0.03,0.1,0.09728143364191055
144,0.03,0.2,0.0999578982591629
144,0.06,0.0,0.11394114792346954
144,0.06,0.1,0.11394114792346954
144,0.06,0.2,0.10277571529150009
144,0.09,0.0,0.08851727843284607
144,0.09,0.1,0.08851727843284607
144,0.09,0.2,0.09665339440107346
144,0.12,0.0,0.09212645888328552
144,0.12,0.1,0.09212645888328552
144,0.12,0.2,0.08465543389320374
144,0.15,0.0,0.08443645387887955
144,0.15,0.1,0.08443645387887955
144,0.15,0.2,0.09331494569778442
145,0.0,0.0,0.09057793766260147
145,0.0,0.1,0.09057793766260147
145,0.0,0.2,0.10338661819696426
145,0.03,0.0,0.09629806131124496
145,0.03,0.1,0.09629806131124496
145,0.03,0.2,0.10466855764389038
145,0.06,0.0,0.09789471328258514
145,0.06,0.1,0.09789471328258514
145,0.06,0.2,0.11430235952138901
145,0.09,0.0,0.10968538373708725
145,0.09,0.1,0.10968538373708725
145,0.09,0.2,0.1312611848115921
145,0.12,0.0,0.09718473255634308
145,0.12,0.1,0.09718473255634308
145,0.12,0.2,0.11801368743181229
145,0.15,0.0,0.10372020304203033
145,0.15,0.1,0.10372020304203033
145,0.15,0.2,0.11758704483509064
146,0.0,0.0,0.08309192210435867
146,0.0,0.1,0.08309192210435867
146,0.0,0.2,0.07852531224489212
146,0.03,0.0,0.10390321910381317
146,0.03,0.1,0.10390321910381317
146,0.03,0.2,0.09510283172130585
146,0.06,0.0,0.10019098222255707
146,0.06,0.1,0.10019098222255707
146,0.06,0.2,0.08268941193819046
146,0.09,0.0,0.08799140155315399
146,0.09,0.1,0.08799140155315399
146,0.09,0.2,0.08760420233011246
146,0.12,0.0,0.08771536499261856
146,0.12,0.1,0.08771536499261856
146,0.12,0.2,0.09348303824663162
146,0.15,0.0,0.08337564021348953
146,0.15,0.1,0.08337564021348953
146,0.15,0.2,0.08738331496715546
147,0.0,0.0,0.10803180187940598
147,0.0,0.1,0.10803180187940598
147,0.0,0.2,0.11332032829523087
147,0.03,0.0,0.14135700464248657
147,0.03,0.1,0.14135700464248657
147,0.03,0.2,0.1340353637933731
147,0.06,0.0,0.11230365931987762
147,0.06,0.1,0.11230365931987762
147,0.06,0.2,0.12731949985027313
147,0.09,0.0,0.10273594409227371
147,0.09,0.1,0.10273594409227371
147,0.09,0.2,0.11788436770439148
147,0.12,0.0,0.09589637070894241
147,0.12,0.1,0.09589637070894241
147,0.12,0.2,0.09270723164081573
147,0.15,0.0,0.09421799331903458
147,0.15,0.1,0.09421799331903458
147,0.15,0.2,0.09124475717544556
148,0.0,0.0,0.08437103033065796
148,0.0,0.1,0.08437103033065796
148,0.0,0.2,0.09839829802513123
148,0.03,0.0,0.10197719931602478
148,0.03,0.1,0.10197719931602478
148,0.03,0.2,0.11510883271694183
148,0.06,0.0,0.09335951507091522
148,0.06,0.1,0.09335951507091522
148,0.06,0.2,0.08686156570911407
148,0.09,0.0,0.10254358500242233
148,0.09,0.1,0.10254358500242233
148,0.09,0.2,0.08879251778125763
148,0.12,0.0,0.10912631452083588
148,0.12,0.1,0.10912631452083588
148,0.12,0.2,0.08251446485519409
148,0.15,0.0,0.08003481477499008
148,0.15,0.1,0.08003481477499008
148,0.15,0.2,0.08122987300157547
149,0.0,0.0,0.11193200200796127
149,0.0,0.1,0.11193200200796127
149,0.0,0.2,0.09565594792366028
149,0.03,0.0,0.11464055627584457
149,0.03,0.1,0.11464055627584457
149,0.03,0.2,0.10538392513990402
149,0.06,0.0,0.11372891813516617
149,0.06,0.1,0.11372891813516617
149,0.06,0.2,0.10168369114398956
149,0.09,0.0,0.10022107511758804
149,0.09,0.1,0.10022107511758804
149,0.09,0.2,0.08929211646318436
149,0.12,0.0,0.11713632196187973
149,0.12,0.1,0.11713632196187973
149,0.12,0.2,0.10412389039993286
149,0.15,0.0,0.1204623430967331
149,0.15,0.1,0.1204623430967331
149,0.15,0.2,0.11448387056589127
15,0.0,0.0,0.18015898764133453
15,0.0,0.1,0.18015898764133453
15,0.0,0.2,0.27549463510513306
15,0.03,0.0,0.20599670708179474
15,0.03,0.1,0.20599670708179474
15,0.03,0.2,0.27318915724754333
15,0.06,0.0,0.23033908009529114
15,0.06,0.1,0.23033908009529114
15,0.06,0.2,0.26611411571502686
15,0.09,0.0,0.2411806732416153
15,0.09,0.1,0.2411806732416153
15,0.09,0.2,0.24335813522338867
15,0.12,0.0,0.21931208670139313
15,0.12,0.1,0.21931208670139313
15,0.12,0.2,0.19486716389656067
15,0.15,0.0,0.19061629474163055
15,0.15,0.1,0.19061629474163055
15,0.15,0.2,0.14810331165790558
150,0.0,0.0,0.10768047720193863
150,0.0,0.1,0.10768047720193863
150,0.0,0.2,0.10781560838222504
150,0.03,0.0,0.09305313229560852
150,0.03,0.1,0.09305313229560852
150,0.03,0.2,0.10517635941505432
150,0.06,0.0,0.1325504183769226
150,0.06,0.1,0.1325504183769226
150,0.06,0.2,0.10554216057062149
150,0.09,0.0,0.09646205604076385
150,0.09,0.1,0.09646205604076385
150,0.09,0.2,0.10206615179777145
150,0.12,0.0,0.10029199719429016
150,0.12,0.1,0.10029199719429016
150,0.12,0.2,0.10160859674215317
150,0.15,0.0,0.09104614704847336
150,0.15,0.1,0.09104614704847336
150,0.15,0.2,0.08713719993829727
151,0.0,0.0,0.08929091691970825
151,0.0,0.1,0.08929091691970825
151,0.0,0.2,0.09371539205312729
151,0.03,0.0,0.09758926928043365
151,0.03,0.1,0.09758926928043365
151,0.03,0.2,0.10630327463150024
151,0.06,0.0,0.09653645008802414
151,0.06,0.1,0.09653645008802414
151,0.06,0.2,0.08902743458747864
151,0.09,0.0,0.0892067551612854
151,0.09,0.1,0.0892067551612854
151,0.09,0.2,0.09165243059396744
151,0.12,0.0,0.10613000392913818
151,0.12,0.1,0.10613000392913818
151,0.12,0.2,0.08118822425603867
151,0.15,0.0,0.09310653060674667
151,0.15,0.1,0.09310653060674667
151,0.15,0.2,0.08623822033405304
152,0.0,0.0,0.09919451922178268
152,0.0,0.1,0.09919451922178268
152,0.0,0.2,0.11085069924592972
152,0.03,0.0,0.09931685775518417
152,0.03,0.1,0.09931685775518417
152,0.03,0.2,0.1350061297416687
152,0.06,0.0,0.0888555720448494
152,0.06,0.1,0.0888555720448494
152,0.06,0.2,0.11040722578763962
152,0.09,0.0,0.1122158095240593
152,0.09,0.1,0.1122158095240593
152,0.09,0.2,0.0965946838259697
152,0.12,0.0,0.10160466283559799
152,0.12,0.1,0.10160466283559799
152,0.12,0.2,0.09794986993074417
152,0.15,0.0,0.10659028589725494
152,0.15,0.1,0.10659028589725494
152,0.15,0.2,0.10101839900016785
153,0.0,0.0,0.08668583631515503
153,0.0,0.1,0.08668583631515503
153,0.0,0.2,0.08767607063055038
153,0.03,0.0,0.09041815996170044
153,0.03,0.1,0.09041815996170044
153,0.03,0.2,0.09363320469856262
153,0.06,0.0,0.09166048467159271
153,0.06,0.1,0.09166048467159271
153,0.06,0.2,0.08931022882461548
153,0.09,0.0,0.10025548189878464
153,0.09,0.1,0.10025548189878464
153,0.09,0.2,0.09478331357240677
153,0.12,0.0,0.08447671681642532
153,0.12,0.1,0.08447671681642532
153,0.12,0.2,0.08197984099388123
153,0.15,0.0,0.08024843037128448
153,0.15,0.1,0.08024843037128448
153,0.15,0.2,0.09150193631649017
154,0.0,0.0,0.09725071489810944
154,0.0,0.1,0.09725071489810944
154,0.0,0.2,0.08845104277133942
154,0.03,0.0,0.08714184165000916
154,0.03,0.1,0.08714184165000916
154,0.03,0.2,0.08428950607776642
154,0.06,0.0,0.08401184529066086
154,0.06,0.1,0.08401184529066086
154,0.06,0.2,0.0864572674036026
154,0.09,0.0,0.08690587431192398
154,0.09,0.1,0.08690587431192398
154,0.09,0.2,0.09111349284648895
154,0.12,0.0,0.08775606006383896
154,0.12,0.1,0.08775606006383896
154,0.12,0.2,0.1029725968837738
154,0.15,0.0,0.08521774411201477
154,0.15,0.1,0.08521774411201477
154,0.15,0.2,0.08870850503444672
155,0.0,0.0,0.08847631514072418
155,0.0,0.1,0.08847631514072418
155,0.0,0.2,0.08143463730812073
155,0.03,0.0,0.09258247166872025
155,0.03,0.1,0.09258247166872025
155,0.03,0.2,0.0875500738620758
155,0.06,0.0,0.07462947815656662
155,0.06,0.1,0.07462947815656662
155,0.06,0.2,0.0862196832895279
155,0.09,0.0,0.08375025540590286
155,0.09,0.1,0.08375025540590286
155,0.09,0.2,0.08508317172527313
155,0.12,0.0,0.07793952524662018
155,0.12,0.1,0.07793952524662018
155,0.12,0.2,0.08041859418153763
155,0.15,0.0,0.08844510465860367
155,0.15,0.1,0.08844510465860367
155,0.15,0.2,0.0891978070139885
156,0.0,0.0,0.09289755672216415
156,0.0,0.1,0.09289755672216415
156,0.0,0.2,0.09041424840688705
156,0.03,0.0,0.0938853845000267
156,0.03,0.1,0.0938853845000267
156,0.03,0.2,0.08080842345952988
156,0.06,0.0,0.08670009672641754
156,0.06,0.1,0.08670009672641754
156,0.06,0.2,0.08764677494764328
156,0.09,0.0,0.08972328156232834
156,0.09,0.1,0.08972328156232834
156,0.09,0.2,0.09445930272340775
156,0.12,0.0,0.08806969970464706
156,0.12,0.1,0.08806969970464706
156,0.12,0.2,0.08693134039640427
156,0.15,0.0,0.08821337670087814
156,0.15,0.1,0.08821337670087814
156,0.15,0.2,0.08658807724714279
157,0.0,0.0,0.1251780092716217
157,0.0,0.1,0.1251780092716217
157,0.0,0.2,0.19960294663906097
157,0.03,0.0,0.16565746068954468
157,0.03,0.1,0.16565746068954468
157,0.03,0.2,0.19884009659290314
157,0.06,0.0,0.19243739545345306
157,0.06,0.1,0.19243739545345306
157,0.06,0.2,0.18942588567733765
157,0.09,0.0,0.19368083775043488
157,0.09,0.1,0.19368083775043488
157,0.09,0.2,0.15417823195457458
157,0.12,0.0,0.16102562844753265
157,0.12,0.1,0.16102562844753265
157,0.12,0.2,0.10561463236808777
157,0.15,0.0,0.12379957735538483
157,0.15,0.1,0.12379957735538483
157,0.15,0.2,0.08392341434955597
158,0.0,0.0,0.11842095106840134
158,0.0,0.1,0.11842095106840134
158,0.0,0.2,0.11325234919786453
158,0.03,0.0,0.1176559329032898
158,0.03,0.1,0.1176559329032898
158,0.03,0.2,0.10172264277935028
158,0.06,0.0,0.09864727407693863
158,0.06,0.1,0.09864727407693863
158,0.06,0.2,0.13031992316246033
158,0.09,0.0,0.11362703144550323
158,0.09,0.1,0.11362703144550323
158,0.09,0.2,0.12144805490970612
158,0.12,0.0,0.10108780860900879
158,0.12,0.1,0.10108780860900879
158,0.12,0.2,0.11246241629123688
158,0.15,0.0,0.12958697974681854
158,0.15,0.1,0.12958697974681854
158,0.15,0.2,0.13486474752426147
159,0.0,0.0,0.14357705414295197
159,0.0,0.1,0.14357705414295197
159,0.0,0.2,0.1447562575340271
159,0.03,0.0,0.1908600926399231
159,0.03,0.1,0.1908600926399231
159,0.03,0.2,0.13550935685634613
159,0.06,0.0,0.1844533234834671
159,0.06,0.1,0.1844533234834671
159,0.06,0.2,0.10672636330127716
159,0.09,0.0,0.17942623794078827
159,0.09,0.1,0.17942623794078827
159,0.09,0.2,0.11019107699394226
159,0.12,0.0,0.17013293504714966
159,0.12,0.1,0.17013293504714966
159,0.12,0.2,0.12067971378564835
159,0.15,0.0,0.15538927912712097
159,0.15,0.1,0.15538927912712097
159,0.15,0.2,0.10029474645853043
16,0.0,0.0,0.10002110153436661
16,0.0,0.1,0.10002110153436661
16,0.0,0.2,0.14606820046901703
16,0.03,0.0,0.1299988031387329
16,0.03,0.1,0.1299988031387329
16,0.03,0.2,0.1716073751449585
16,0.06,0.0,0.16027699410915375
16,0.06,0.1,0.16027699410915375
16,0.06,0.2,0.16983535885810852
16,0.09,0.0,0.1628771722316742
16,0.09,0.1,0.1628771722316742
16,0.09,0.2,0.16273987293243408
16,0.12,0.0,0.189466655254364
16,0.12,0.1,0.189466655254364
16,0.12,0.2,0.15395718812942505
16,0.15,0.0,0.19220814108848572
16,0.15,0.1,0.19220814108848572
16,0.15,0.2,0.14999304711818695
160,0.0,0.0,0.1143406331539154
160,0.0,0.1,0.1143406331539154
160,0.0,0.2,0.13172458112239838
160,0.03,0.0,0.12671594321727753
160,0.03,0.1,0.12671594321727753
160,0.03,0.2,0.11889589577913284
160,0.06,0.0,0.13938875496387482
160,0.06,0.1,0.13938875496387482
160,0.06,0.2,0.1252809762954712
160,0.09,0.0,0.1222723051905632
160,0.09,0.1,0.1222723051905632
160,0.09,0.2,0.11941667646169662
160,0.12,0.0,0.11376631259918213
160,0.12,0.1,0.11376631259918213
160,0.12,0.2,0.12440495938062668
160,0.15,0.0,0.11201004683971405
160,0.15,0.1,0.11201004683971405
160,0.15,0.2,0.1152346134185791
161,0.0,0.0,0.1349174976348877
161,0.0,0.1,0.1349174976348877
161,0.0,0.2,0.14732243120670319
161,0.03,0.0,0.13257233798503876
161,0.03,0.1,0.13257233798503876
161,0.03,0.2,0.1603419929742813
161,0.06,0.0,0.17056457698345184
161,0.06,0.1,0.17056457698345184
161,0.06,0.2,0.1988881230354309
161,0.09,0.0,0.152446910738945
161,0.09,0.1,0.152446910738945
161,0.09,0.2,0.18941479921340942
161,0.12,0.0,0.13930240273475647
161,0.12,0.1,0.13930240273475647
161,0.12,0.2,0.15668417513370514
161,0.15,0.0,0.17395377159118652
161,0.15,0.1,0.17395377159118652
161,0.15,0.2,0.15946443378925323
162,0.0,0.0,0.09120067954063416
162,0.0,0.1,0.09120067954063416
162,0.0,0.2,0.1576368808746338
162,0.03,0.0,0.11656535416841507
162,0.03,0.1,0.11656535416841507
162,0.03,0.2,0.16098855435848236
162,0.06,0.0,0.13928945362567902
162,0.06,0.1,0.13928945362567902
162,0.06,0.2,0.16667304933071136
162,0.09,0.0,0.16360944509506226
162,0.09,0.1,0.16360944509506226
162,0.09,0.2,0.154863640666008
162,0.12,0.0,0.15677791833877563
162,0.12,0.1,0.15677791833877563
162,0.12,0.2,0.14716768264770508
162,0.15,0.0,0.1418675184249878
162,0.15,0.1,0.1418675184249878
162,0.15,0.2,0.12679065763950348
163,0.0,0.0,0.11335352063179016
163,0.0,0.1,0.11335352063179016
163,0.0,0.2,0.13407839834690094
163,0.03,0.0,0.11710254102945328
163,0.03,0.1,0.11710254102945328
163,0.03,0.2,0.13379347324371338
163,0.06,0.0,0.11642914265394211
163,0.06,0.1,0.11642914265394211
163,0.06,0.2,0.1337435394525528
163,0.09,0.0,0.12173742800951004
163,0.09,0.1,0.12173742800951004
163,0.09,0.2,0.12272214144468307
163,0.12,0.0,0.10778659582138062
163,0.12,0.1,0.10778659582138062
163,0.12,0.2,0.11116885393857956
163,0.15,0.0,0.10317963361740112
163,0.15,0.1,0.10317963361740112
163,0.15,0.2,0.10092119127511978
164,0.0,0.0,0.1036449447274208
164,0.0,0.1,0.1036449447274208
164,0.0,0.2,0.09069506078958511
164,0.03,0.0,0.12846459448337555
164,0.03,0.1,0.12846459448337555
164,0.03,0.2,0.11160466820001602
164,0.06,0.0,0.10961692035198212
164,0.06,0.1,0.10961692035198212
164,0.06,0.2,0.09422451257705688
164,0.09,0.0,0.09938906878232956
164,0.09,0.1,0.09938906878232956
164,0.09,0.2,0.10031547397375107
164,0.12,0.0,0.11847185343503952
164,0.12,0.1,0.11847185343503952
164,0.12,0.2,0.09848590195178986
164,0.15,0.0,0.10265016555786133
164,0.15,0.1,0.10265016555786133
164,0.15,0.2,0.09713897854089737
165,0.0,0.0,0.16681334376335144
165,0.0,0.1,0.16681334376335144
165,0.0,0.2,0.1689082533121109
165,0.03,0.0,0.13858509063720703
165,0.03,0.1,0.13858509063720703
165,0.03,0.2,0.1561879962682724
165,0.06,0.0,0.12387292832136154
165,0.06,0.1,0.12387292832136154
165,0.06,0.2,0.1565004289150238
165,0.09,0.0,0.11558495461940765
165,0.09,0.1,0.11558495461940765
165,0.09,0.2,0.13711543381214142
165,0.12,0.0,0.09672503918409348
165,0.12,0.1,0.09672503918409348
165,0.12,0.2,0.10944437980651855
165,0.15,0.0,0.12384939193725586
165,0.15,0.1,0.12384939193725586
165,0.15,0.2,0.13219515979290009
166,0.0,0.0,0.10980969667434692
166,0.0,0.1,0.10980969667434692
166,0.0,0.2,0.10234434902667999
166,0.03,0.0,0.09532909840345383
166,0.03,0.1,0.09532909840345383
166,0.03,0.2,0.1042630523443222
166,0.06,0.0,0.09435150027275085
166,0.06,0.1,0.09435150027275085
166,0.06,0.2,0.10454996675252914
166,0.09,0.0,0.09528370201587677
166,0.09,0.1,0.09528370201587677
166,0.09,0.2,0.0941062718629837
166,0.12,0.0,0.09781737625598907
166,0.12,0.1,0.09781737625598907
166,0.12,0.2,0.1021491289138794
166,0.15,0.0,0.10383766889572144
166,0.15,0.1,0.10383766889572144
166,0.15,0.2,0.0964340940117836
167,0.0,0.0,0.09540638327598572
167,0.0,0.1,0.09540638327598572
167,0.0,0.2,0.0956963375210762
167,0.03,0.0,0.10213036090135574
167,0.03,0.1,0.10213036090135574
167,0.03,0.2,0.08772891014814377
167,0.06,0.0,0.08946777880191803
167,0.06,0.1,0.08946777880191803
167,0.06,0.2,0.09896069020032883
167,0.09,0.0,0.10225485265254974
167,0.09,0.1,0.10225485265254974
167,0.09,0.2,0.10542043298482895
167,0.12,0.0,0.09030891954898834
167,0.12,0.1,0.09030891954898834
167,0.12,0.2,0.0896734669804573
167,0.15,0.0,0.0960453599691391
167,0.15,0.1,0.0960453599691391
167,0.15,0.2,0.09324292838573456
168,0.0,0.0,0.08640636503696442
168,0.0,0.1,0.08640636503696442
168,0.0,0.2,0.09966177493333817
168,0.03,0.0,0.09858784079551697
168,0.03,0.1,0.09858784079551697
168,0.03,0.2,0.09812617301940918
168,0.06,0.0,0.09828807413578033
168,0.06,0.1,0.09828807413578033
168,0.06,0.2,0.10474105924367905
168,0.09,0.0,0.09569962322711945
168,0.09,0.1,0.09569962322711945
168,0.09,0.2,0.10640176385641098
168,0.12,0.0,0.09521829336881638
168,0.12,0.1,0.09521829336881638
168,0.12,0.2,0.11146881431341171
168,0.15,0.0,0.10081060230731964
168,0.15,0.1,0.10081060230731964
168,0.15,0.2,0.1133873239159584
169,0.0,0.0,0.08826618641614914
169,0.0,0.1,0.08826618641614914
169,0.0,0.2,0.11409791558980942
169,0.03,0.0,0.1043701022863388
169,0.03,0.1,0.1043701022863388
169,0.03,0.2,0.12749607861042023
169,0.06,0.0,0.11275701969861984
169,0.06,0.1,0.11275701969861984
169,0.06,0.2,0.12374553829431534
169,0.09,0.0,0.10901514440774918
169,0.09,0.1,0.10901514440774918
169,0.09,0.2,0.11207043379545212
169,0.12,0.0,0.10825126618146896
169,0.12,0.1,0.10825126618146896
169,0.12,0.2,0.11301245540380478
169,0.15,0.0,0.09442289173603058
169,0.15,0.1,0.09442289173603058
169,0.15,0.2,0.09693434089422226
17,0.0,0.0,0.08024297654628754
17,0.0,0.1,0.08024297654628754
17,0.0,0.2,0.08486714959144592
17,0.03,0.0,0.09706302732229233
17,0.03,0.1,0.09706302732229233
17,0.03,0.2,0.11021705716848373
17,0.06,0.0,0.09624996781349182
17,0.06,0.1,0.09624996781349182
17,0.06,0.2,0.09594482183456421
17,0.09,0.0,0.10683844238519669
17,0.09,0.1,0.10683844238519669
17,0.09,0.2,0.09838049858808517
17,0.12,0.0,0.09297949820756912
17,0.12,0.1,0.09297949820756912
17,0.12,0.2,0.09461843967437744
17,0.15,0.0,0.10473033785820007
17,0.15,0.1,0.10473033785820007
17,0.15,0.2,0.08424440771341324
170,0.0,0.0,0.08667627722024918
170,0.0,0.1,0.08667627722024918
170,0.0,0.2,0.09793954342603683
170,0.03,0.0,0.08835770934820175
170,0.03,0.1,0.08835770934820175
170,0.03,0.2,0.09315180033445358
170,0.06,0.0,0.09592419117689133
170,0.06,0.1,0.09592419117689133
170,0.06,0.2,0.0990486890077591
170,0.09,0.0,0.08713610470294952
170,0.09,0.1,0.08713610470294952
170,0.09,0.2,0.09231489151716232
170,0.12,0.0,0.08999941498041153
170,0.12,0.1,0.08999941498041153
170,0.12,0.2,0.08916902542114258
170,0.15,0.0,0.09663766622543335
170,0.15,0.1,0.09663766622543335
170,0.15,0.2,0.0908225029706955
171,0.0,0.0,0.08797681331634521
171,0.0,0.1,0.08797681331634521
171,0.0,0.2,0.08996027708053589
171,0.03,0.0,0.0950644388794899
171,0.03,0.1,0.0950644388794899
171,0.03,0.2,0.09936344623565674
171,0.06,0.0,0.10491976886987686
171,0.06,0.1,0.10491976886987686
171,0.06,0.2,0.10049066692590714
171,0.09,0.0,0.08689127117395401
171,0.09,0.1,0.08689127117395401
171,0.09,0.2,0.09183145314455032
171,0.12,0.0,0.08896061033010483
171,0.12,0.1,0.08896061033010483
171,0.12,0.2,0.09210313111543655
171,0.15,0.0,0.09105255454778671
171,0.15,0.1,0.09105255454778671
171,0.15,0.2,0.10614660382270813
172,0.0,0.0,0.20254305005073547
172,0.0,0.1,0.20254305005073547
172,0.0,0.2,0.20065829157829285
172,0.03,0.0,0.1736825704574585
172,0.03,0.1,0.1736825704574585
172,0.03,0.2,0.22551769018173218
172,0.06,0.0,0.2144167125225067
172,0.06,0.1,0.2144167125225067
172,0.06,0.2,0.21650584042072296
172,0.09,0.0,0.18988829851150513
172,0.09,0.1,0.18988829851150513
172,0.09,0.2,0.21091987192630768
172,0.12,0.0,0.1948913335800171
172,0.12,0.1,0.1948913335800171
172,0.12,0.2,0.23397588729858398
172,0.15,0.0,0.20329353213310242
172,0.15,0.1,0.20329353213310242
172,0.15,0.2,0.22480559349060059
173,0.0,0.0,0.09204629063606262
173,0.0,0.1,0.09204629063606262
173,0.0,0.2,0.12003833800554276
173,0.03,0.0,0.10058187693357468
173,0.03,0.1,0.10058187693357468
173,0.03,0.2,0.12158334255218506
173,0.06,0.0,0.10021268576383591
173,0.06,0.1,0.10021268576383591
173,0.06,0.2,0.1004091426730156
173,0.09,0.0,0.12033422291278839
173,0.09,0.1,0.12033422291278839
173,0.09,0.2,0.10366572439670563
173,0.12,0.0,0.13126516342163086
173,0.12,0.1,0.13126516342163086
173,0.12,0.2,0.10185877233743668
173,0.15,0.0,0.10626929998397827
173,0.15,0.1,0.10626929998397827
173,0.15,0.2,0.09537322074174881
174,0.0,0.0,0.1046392098069191
174,0.0,0.1,0.1046392098069191
174,0.0,0.2,0.10977230221033096
174,0.03,0.0,0.09587450325489044
174,0.03,0.1,0.09587450325489044
174,0.03,0.2,0.1245569959282875
174,0.06,0.0,0.10844863206148148
174,0.06,0.1,0.10844863206148148
174,0.06,0.2,0.1285909116268158
174,0.09,0.0,0.12235754728317261
174,0.09,0.1,0.12235754728317261
174,0.09,0.2,0.12502256035804749
174,0.12,0.0,0.12594696879386902
174,0.12,0.1,0.12594696879386902
174,0.12,0.2,0.11884336918592453
174,0.15,0.0,0.11566076427698135
174,0.15,0.1,0.11566076427698135
174,0.15,0.2,0.10853346437215805
175,0.0,0.0,0.08252592384815216
175,0.0,0.1,0.08252592384815216
175,0.0,0.2,0.09732788056135178
175,0.03,0.0,0.08178694546222687
175,0.03,0.1,0.08178694546222687
175,0.03,0.2,0.09438057988882065
175,0.06,0.0,0.09829501807689667
175,0.06,0.1,0.09829501807689667
175,0.06,0.2,0.10185537487268448
175,0.09,0.0,0.09369488805532455
175,0.09,0.1,0.09369488805532455
175,0.09,0.2,0.0872192457318306
175,0.12,0.0,0.08702679723501205
175,0.12,0.1,0.08702679723501205
175,0.12,0.2,0.08743488788604736
175,0.15,0.0,0.08664056658744812
175,0.15,0.1,0.08664056658744812
175,0.15,0.2,0.08957681059837341
176,0.0,0.0,0.08738834410905838
176,0.0,0.1,0.08738834410905838
176,0.0,0.2,0.10840445011854172
176,0.03,0.0,0.09314758330583572
176,0.03,0.1,0.09314758330583572
176,0.03,0.2,0.09811975806951523
176,0.06,0.0,0.10667344182729721
176,0.06,0.1,0.10667344182729721
176,0.06,0.2,0.08570264279842377
176,0.09,0.0,0.08790934085845947
176,0.09,0.1,0.08790934085845947
176,0.09,0.2,0.09782496094703674
176,0.12,0.0,0.09430335462093353
176,0.12,0.1,0.09430335462093353
176,0.12,0.2,0.08091528713703156
176,0.15,0.0,0.08962833136320114
176,0.15,0.1,0.08962833136320114
176,0.15,0.2,0.08485429733991623
177,0.0,0.0,0.10350414365530014
177,0.0,0.1,0.10350414365530014
177,0.0,0.2,0.09391731768846512
177,0.03,0.0,0.09316632151603699
177,0.03,0.1,0.09316632151603699
177,0.03,0.2,0.10029695183038712
177,0.06,0.0,0.11592558026313782
177,0.06,0.1,0.11592558026313782
177,0.06,0.2,0.09581702202558517
177,0.09,0.0,0.11354614794254303
177,0.09,0.1,0.11354614794254303
177,0.09,0.2,0.08922356367111206
177,0.12,0.0,0.0850679874420166
177,0.12,0.1,0.0850679874420166
177,0.12,0.2,0.0828753411769867
177,0.15,0.0,0.08983055502176285
177,0.15,0.1,0.08983055502176285
177,0.15,0.2,0.09234584867954254
178,0.0,0.0,0.0892663449048996
178,0.0,0.1,0.0892663449048996
178,0.0,0.2,0.09429553896188736
178,0.03,0.0,0.0879647508263588
178,0.03,0.1,0.0879647508263588
178,0.03,0.2,0.08396098017692566
178,0.06,0.0,0.08533497899770737
178,0.06,0.1,0.08533497899770737
178,0.06,0.2,0.08969259262084961
178,0.09,0.0,0.09217292070388794
178,0.09,0.1,0.09217292070388794
178,0.09,0.2,0.10368483513593674
178,0.12,0.0,0.08788913488388062
178,0.12,0.1,0.08788913488388062
178,0.12,0.2,0.0884837731719017
178,0.15,0.0,0.10898808389902115
178,0.15,0.1,0.10898808389902115
178,0.15,0.2,0.09928987175226212
179,0.0,0.0,0.11170824617147446
179,0.0,0.1,0.11170824617147446
179,0.0,0.2,0.09487956017255783
179,0.03,0.0,0.10741227120161057
179,0.03,0.1,0.10741227120161057
179,0.03,0.2,0.08396279066801071
179,0.06,0.0,0.0989869087934494
179,0.06,0.1,0.0989869087934494
179,0.06,0.2,0.09802090376615524
179,0.09,0.0,0.08872577548027039
179,0.09,0.1,0.08872577548027039
179,0.09,0.2,0.10403361916542053
179,0.12,0.0,0.09923043847084045
179,0.12,0.1,0.09923043847084045
179,0.12,0.2,0.0906122699379921
179,0.15,0.0,0.09029138088226318
179,0.15,0.1,0.09029138088226318
179,0.15,0.2,0.09450073540210724
18,0.0,0.0,0.09833234548568726
18,0.0,0.1,0.09833234548568726
18,0.0,0.2,0.11115403473377228
18,0.03,0.0,0.0973433330655098
18,0.03,0.1,0.0973433330655098
18,0.03,0.2,0.12231799960136414
18,0.06,0.0,0.1156458705663681
18,0.06,0.1,0.1156458705663681
18,0.06,0.2,0.1054828017950058
18,0.09,0.0,0.12124006450176239
18,0.09,0.1,0.12124006450176239
18,0.09,0.2,0.10118453949689865
18,0.12,0.0,0.10627724975347519
18,0.12,0.1,0.10627724975347519
18,0.12,0.2,0.10367686301469803
18,0.15,0.0,0.08930178731679916
18,0.15,0.1,0.08930178731679916
18,0.15,0.2,0.08786532282829285
180,0.0,0.0,0.09512807428836823
180,0.0,0.1,0.09512807428836823
180,0.0,0.2,0.1086057648062706
180,0.03,0.0,0.09502418339252472
180,0.03,0.1,0.09502418339252472
180,0.03,0.2,0.11423411220312119
180,0.06,0.0,0.12181761115789413
180,0.06,0.1,0.12181761115789413
180,0.06,0.2,0.11247960478067398
180,0.09,0.0,0.11498698592185974
180,0.09,0.1,0.11498698592185974
180,0.09,0.2,0.10376714169979095
180,0.12,0.0,0.11252238601446152
180,0.12,0.1,0.11252238601446152
180,0.12,0.2,0.10340971499681473
180,0.15,0.0,0.09887982159852982
180,0.15,0.1,0.09887982159852982
180,0.15,0.2,0.09645341336727142
181,0.0,0.0,0.09900710731744766
181,0.0,0.1,0.09900710731744766
181,0.0,0.2,0.1019534096121788
181,0.03,0.0,0.10453646630048752
181,0.03,0.1,0.10453646630048752
181,0.03,0.2,0.10035673528909683
181,0.06,0.0,0.0994705930352211
181,0.06,0.1,0.0994705930352211
181,0.06,0.2,0.09081179648637772
181,0.09,0.0,0.08772867172956467
181,0.09,0.1,0.08772867172956467
181,0.09,0.2,0.0852879136800766
181,0.12,0.0,0.08561008423566818
181,0.12,0.1,0.08561008423566818
181,0.12,0.2,0.10038957744836807
181,0.15,0.0,0.08805745840072632
181,0.15,0.1,0.08805745840072632
181,0.15,0.2,0.08938286453485489
182,0.0,0.0,0.09298116713762283
182,0.0,0.1,0.09298116713762283
182,0.0,0.2,0.10273472219705582
182,0.03,0.0,0.09070762246847153
182,0.03,0.1,0.09070762246847153
182,0.03,0.2,0.11991343647241592
182,0.06,0.0,0.11044220626354218
182,0.06,0.1,0.11044220626354218
182,0.06,0.2,0.10449016094207764
182,0.09,0.0,0.09342874586582184
182,0.09,0.1,0.09342874586582184
182,0.09,0.2,0.09083189815282822
182,0.12,0.0,0.0964135006070137
182,0.12,0.1,0.0964135006070137
182,0.12,0.2,0.09766935557126999
182,0.15,0.0,0.10272994637489319
182,0.15,0.1,0.10272994637489319
182,0.15,0.2,0.09209774434566498
183,0.0,0.0,0.097817562520504
183,0.0,0.1,0.097817562520504
183,0.0,0.2,0.11749664694070816
183,0.03,0.0,0.12838351726531982
183,0.03,0.1,0.12838351726531982
183,0.03,0.2,0.12652543187141418
183,0.06,0.0,0.12283364683389664
183,0.06,0.1,0.12283364683389664
183,0.06,0.2,0.1094907820224762
183,0.09,0.0,0.10948311537504196
183,0.09,0.1,0.10948311537504196
183,0.09,0.2,0.10378056764602661
183,0.12,0.0,0.09977445006370544
183,0.12,0.1,0.09977445006370544
183,0.12,0.2,0.09257689118385315
183,0.15,0.0,0.08673571795225143
183,0.15,0.1,0.08673571795225143
183,0.15,0.2,0.1043214201927185
184,0.0,0.0,0.09811601787805557
184,0.0,0.1,0.09811601787805557
184,0.0,0.2,0.10105777531862259
184,0.03,0.0,0.0994608998298645
184,0.03,0.1,0.0994608998298645
184,0.03,0.2,0.10780506581068039
184,0.06,0.0,0.12796629965305328
184,0.06,0.1,0.12796629965305328
184,0.06,0.2,0.09649399667978287
184,0.09,0.0,0.11592090129852295
184,0.09,0.1,0.11592090129852295
184,0.09,0.2,0.08965460956096649
184,0.12,0.0,0.11063041538000107
184,0.12,0.1,0.11063041538000107
184,0.12,0.2,0.09275922179222107
184,0.15,0.0,0.10197373479604721
184,0.15,0.1,0.10197373479604721
184,0.15,0.2,0.08088564872741699
185,0.0,0.0,0.08716505765914917
185,0.0,0.1,0.08716505765914917
185,0.0,0.2,0.08970259130001068
185,0.03,0.0,0.0950692892074585
185,0.03,0.1,0.0950692892074585
185,0.03,0.2,0.09974774718284607
185,0.06,0.0,0.08695606887340546
185,0.06,0.1,0.08695606887340546
185,0.06,0.2,0.08395160734653473
185,0.09,0.0,0.08440802991390228
185,0.09,0.1,0.08440802991390228
185,0.09,0.2,0.11120642721652985
185,0.12,0.0,0.08791182935237885
185,0.12,0.1,0.08791182935237885
185,0.12,0.2,0.08889129012823105
185,0.15,0.0,0.08219191431999207
185,0.15,0.1,0.08219191431999207
185,0.15,0.2,0.08847111463546753
186,0.0,0.0,0.0929747223854065
186,0.0,0.1,0.0929747223854065
186,0.0,0.2,0.08126993477344513
186,0.03,0.0,0.08635201305150986
186,0.03,0.1,0.08635201305150986
186,0.03,0.2,0.08497548848390579
186,0.06,0.0,0.08675973862409592
186,0.06,0.1,0.08675973862409592
186,0.06,0.2,0.08189374953508377
186,0.09,0.0,0.08093958348035812
186,0.09,0.1,0.08093958348035812
186,0.09,0.2,0.07950988411903381
186,0.12,0.0,0.10280115157365799
186,0.12,0.1,0.10280115157365799
186,0.12,0.2,0.0855977013707161
186,0.15,0.0,0.07640804350376129
186,0.15,0.1,0.07640804350376129
186,0.15,0.2,0.08250198513269424
187,0.0,0.0,0.16065096855163574
187,0.0,0.1,0.16065096855163574
187,0.0,0.2,0.2381824404001236
187,0.03,0.0,0.18309366703033447
187,0.03,0.1,0.18309366703033447
187,0.03,0.2,0.22034749388694763
187,0.06,0.0,0.21466486155986786
187,0.06,0.1,0.21466486155986786
187,0.06,0.2,0.2018020749092102
187,0.09,0.0,0.2337500900030136
187,0.09,0.1,0.2337500900030136
187,0.09,0.2,0.169475257396698
187,0.12,0.0,0.20847909152507782
187,0.12,0.1,0.20847909152507782
187,0.12,0.2,0.1308518946170807
187,0.15,0.0,0.15856362879276276
187,0.15,0.1,0.15856362879276276
187,0.15,0.2,0.11486110836267471
188,0.0,0.0,0.09636060148477554
188,0.0,0.1,0.09636060148477554
188,0.0,0.2,0.09869824349880219
188,0.03,0.0,0.09483667463064194
188,0.03,0.1,0.09483667463064194
188,0.03,0.2,0.09087631851434708
188,0.06,0.0,0.08339109271764755
188,0.06,0.1,0.08339109271764755
188,0.06,0.2,0.09264953434467316
188,0.09,0.0,0.10565593838691711
188,0.09,0.1,0.10565593838691711
188,0.09,0.2,0.09862842410802841
188,0.12,0.0,0.0938129648566246
188,0.12,0.1,0.0938129648566246
188,0.12,0.2,0.10189954191446304
188,0.15,0.0,0.0926826223731041
188,0.15,0.1,0.0926826223731041
188,0.15,0.2,0.08893170207738876
189,0.0,0.0,0.17182207107543945
189,0.0,0.1,0.17182207107543945
189,0.0,0.2,0.22827157378196716
189,0.03,0.0,0.20080029964447021
189,0.03,0.1,0.20080029964447021
189,0.03,0.2,0.21454812586307526
189,0.06,0.0,0.21853743493556976
189,0.06,0.1,0.21853743493556976
189,0.06,0.2,0.17997342348098755
189,0.09,0.0,0.2043207287788391
189,0.09,0.1,0.2043207287788391
189,0.09,0.2,0.12820257246494293
189,0.12,0.0,0.16190433502197266
189,0.12,0.1,0.16190433502197266
189,0.12,0.2,0.0976841002702713
189,0.15,0.0,0.10455375909805298
189,0.15,0.1,0.10455375909805298
189,0.15,0.2,0.08394776284694672
19,0.0,0.0,0.0850701704621315
19,0.0,0.1,0.0850701704621315
19,0.0,0.2,0.08827057480812073
19,0.03,0.0,0.0919533520936966
19,0.03,0.1,0.0919533520936966
19,0.03,0.2,0.11218728870153427
19,0.06,0.0,0.09530506283044815
19,0.06,0.1,0.09530506283044815
19,0.06,0.2,0.12812943756580353
19,0.09,0.0,0.1009252518415451
19,0.09,0.1,0.1009252518415451
19,0.09,0.2,0.13183914124965668
19,0.12,0.0,0.12580913305282593
19,0.12,0.1,0.12580913305282593
19,0.12,0.2,0.14560244977474213
19,0.15,0.0,0.1538524329662323
19,0.15,0.1,0.1538524329662323
19,0.15,0.2,0.14759358763694763
190,0.0,0.0,0.09510793536901474
190,0.0,0.1,0.09510793536901474
190,0.0,0.2,0.09868115186691284
190,0.03,0.0,0.0943654254078865
190,0.03,0.1,0.0943654254078865
190,0.03,0.2,0.0941648855805397
190,0.06,0.0,0.10752765834331512
190,0.06,0.1,0.10752765834331512
190,0.06,0.2,0.09133552014827728
190,0.09,0.0,0.12011152505874634
190,0.09,0.1,0.12011152505874634
190,0.09,0.2,0.09171397984027863
190,0.12,0.0,0.08615085482597351
190,0.12,0.1,0.08615085482597351
190,0.12,0.2,0.10013362765312195
190,0.15,0.0,0.08247154951095581
190,0.15,0.1,0.08247154951095581
190,0.15,0.2,0.07891858369112015
191,0.0,0.0,0.12217552959918976
191,0.0,0.1,0.12217552959918976
191,0.0,0.2,0.12257090955972672
191,0.03,0.0,0.09359198808670044
191,0.03,0.1,0.09359198808670044
191,0.03,0.2,0.1020752415060997
191,0.06,0.0,0.10342077165842056
191,0.06,0.1,0.10342077165842056
191,0.06,0.2,0.1164175271987915
191,0.09,0.0,0.09540831297636032
191,0.09,0.1,0.09540831297636032
191,0.09,0.2,0.11111791431903839
191,0.12,0.0,0.09337461739778519
191,0.12,0.1,0.09337461739778519
191,0.12,0.2,0.09640471637248993
191,0.15,0.0,0.1047448217868805
191,0.15,0.1,0.1047448217868805
191,0.15,0.2,0.09758195281028748
192,0.0,0.0,0.10662924498319626
192,0.0,0.1,0.10662924498319626
192,0.0,0.2,0.09100794792175293
192,0.03,0.0,0.08848371356725693
192,0.03,0.1,0.08848371356725693
192,0.03,0.2,0.08828207850456238
192,0.06,0.0,0.09230317175388336
192,0.06,0.1,0.09230317175388336
192,0.06,0.2,0.09596819430589676
192,0.09,0.0,0.0950716957449913
192,0.09,0.1,0.0950716957449913
192,0.09,0.2,0.08770231157541275
192,0.12,0.0,0.09395384788513184
192,0.12,0.1,0.09395384788513184
192,0.12,0.2,0.0830707997083664
192,0.15,0.0,0.09167180210351944
192,0.15,0.1,0.09167180210351944
192,0.15,0.2,0.09725005179643631
193,0.0,0.0,0.1107928454875946
193,0.0,0.1,0.1107928454875946
193,0.0,0.2,0.11893443018198013
193,0.03,0.0,0.09567081928253174
193,0.03,0.1,0.09567081928253174
193,0.03,0.2,0.09714964777231216
193,0.06,0.0,0.09449677169322968
193,0.06,0.1,0.09449677169322968
193,0.06,0.2,0.09410697966814041
193,0.09,0.0,0.10253138840198517
193,0.09,0.1,0.10253138840198517
193,0.09,0.2,0.09218304604291916
193,0.12,0.0,0.08974096179008484
193,0.12,0.1,0.08974096179008484
193,0.12,0.2,0.09666714817285538
193,0.15,0.0,0.08453861624002457
193,0.15,0.1,0.08453861624002457
193,0.15,0.2,0.09692317992448807
194,0.0,0.0,0.15182636678218842
194,0.0,0.1,0.15182636678218842
194,0.0,0.2,0.1670578271150589
194,0.03,0.0,0.19863736629486084
194,0.03,0.1,0.19863736629486084
194,0.03,0.2,0.1657499521970749
194,0.06,0.0,0.23673203587532043
194,0.06,0.1,0.23673203587532043
194,0.06,0.2,0.18035128712654114
194,0.09,0.0,0.23812836408615112
194,0.09,0.1,0.23812836408615112
194,0.09,0.2,0.18303591012954712
194,0.12,0.0,0.21010622382164001
194,0.12,0.1,0.21010622382164001
194,0.12,0.2,0.17349909245967865
194,0.15,0.0,0.20004680752754211
194,0.15,0.1,0.20004680752754211
194,0.15,0.2,0.15059801936149597
195,0.0,0.0,0.09534177929162979
195,0.0,0.1,0.09534177929162979
195,0.0,0.2,0.09871885180473328
195,0.03,0.0,0.09975823760032654
195,0.03,0.1,0.09975823760032654
195,0.03,0.2,0.09842586517333984
195,0.06,0.0,0.09314608573913574
195,0.06,0.1,0.09314608573913574
195,0.06,0.2,0.10284043848514557
195,0.09,0.0,0.10799898952245712
195,0.09,0.1,0.10799898952245712
195,0.09,0.2,0.10259521752595901
195,0.12,0.0,0.10880255699157715
195,0.12,0.1,0.10880255699157715
195,0.12,0.2,0.08505372703075409
195,0.15,0.0,0.1009177565574646
195,0.15,0.1,0.1009177565574646
195,0.15,0.2,0.10676407068967819
196,0.0,0.0,0.08591604977846146
196,0.0,0.1,0.08591604977846146
196,0.0,0.2,0.08564866334199905
196,0.03,0.0,0.08527195453643799
196,0.03,0.1,0.08527195453643799
196,0.03,0.2,0.08379337936639786
196,0.06,0.0,0.08165987581014633
196,0.06,0.1,0.08165987581014633
196,0.06,0.2,0.09406674653291702
196,0.09,0.0,0.08175261318683624
196,0.09,0.1,0.08175261318683624
196,0.09,0.2,0.08290703594684601
196,0.12,0.0,0.08881869167089462
196,0.12,0.1,0.08881869167089462
196,0.12,0.2,0.09945829957723618
196,0.15,0.0,0.0945105329155922
196,0.15,0.1,0.0945105329155922
196,0.15,0.2,0.09556548297405243
197,0.0,0.0,0.11396373063325882
197,0.0,0.1,0.11396373063325882
197,0.0,0.2,0.15774869918823242
197,0.03,0.0,0.12790843844413757
197,0.03,0.1,0.12790843844413757
197,0.03,0.2,0.16073822975158691
197,0.06,0.0,0.12282025068998337
197,0.06,0.1,0.12282025068998337
197,0.06,0.2,0.1265445500612259
197,0.09,0.0,0.13814006745815277
197,0.09,0.1,0.13814006745815277
197,0.09,0.2,0.11185560375452042
197,0.12,0.0,0.13273847103118896
197,0.12,0.1,0.13273847103118896
197,0.12,0.2,0.10739590972661972
197,0.15,0.0,0.11255166679620743
197,0.15,0.1,0.11255166679620743
197,0.15,0.2,0.09143596142530441
198,0.0,0.0,0.09042099863290787
198,0.0,0.1,0.09042099863290787
198,0.0,0.2,0.10082951933145523
198,0.03,0.0,0.09020185470581055
198,0.03,0.1,0.09020185470581055
198,0.03,0.2,0.09345968812704086
198,0.06,0.0,0.11266854405403137
198,0.06,0.1,0.11266854405403137
198,0.06,0.2,0.11748065054416656
198,0.09,0.0,0.0965978279709816
198,0.09,0.1,0.0965978279709816
198,0.09,0.2,0.09883152693510056
198,0.12,0.0,0.09073543548583984
198,0.12,0.1,0.09073543548583984
198,0.12,0.2,0.1037847027182579
198,0.15,0.0,0.08585311472415924
198,0.15,0.1,0.08585311472415924
198,0.15,0.2,0.09444890171289444
199,0.0,0.0,0.08654876053333282
199,0.0,0.1,0.08654876053333282
199,0.0,0.2,0.09605076909065247
199,0.03,0.0,0.08530410379171371
199,0.03,0.1,0.08530410379171371
199,0.03,0.2,0.09636667370796204
199,0.06,0.0,0.0845036432147026
199,0.06,0.1,0.0845036432147026
199,0.06,0.2,0.08593042939901352
199,0.09,0.0,0.09634441137313843
199,0.09,0.1,0.09634441137313843
199,0.09,0.2,0.08712274581193924
199,0.12,0.0,0.1094525009393692
199,0.12,0.1,0.1094525009393692
199,0.12,0.2,0.1064017117023468
199,0.15,0.0,0.10317850112915039
199,0.15,0.1,0.10317850112915039
199,0.15,0.2,0.09740666300058365
2,0.0,0.0,0.11460515111684799
2,0.0,0.1,0.11460515111684799
2,0.0,0.2,0.14252392947673798
2,0.03,0.0,0.11319460719823837
2,0.03,0.1,0.11319460719823837
2,0.03,0.2,0.1519486904144287
2,0.06,0.0,0.11407077312469482
2,0.06,0.1,0.11407077312469482
2,0.06,0.2,0.14900216460227966
2,0.09,0.0,0.11595961451530457
2,0.09,0.1,0.11595961451530457
2,0.09,0.2,0.13391371071338654
2,0.12,0.0,0.11687249690294266
2,0.12,0.1,0.11687249690294266
2,0.12,0.2,0.11978417634963989
2,0.15,0.0,0.12048093229532242
2,0.15,0.1,0.12048093229532242
2,0.15,0.2,0.1027398481965065
20,0.0,0.0,0.1370345652103424
20,0.0,0.1,0.1370345652103424
20,0.0,0.2,0.13446743786334991
20,0.03,0.0,0.10893448442220688
20,0.03,0.1,0.10893448442220688
20,0.03,0.2,0.12457861751317978
20,0.06,0.0,0.1059885025024414
20,0.06,0.1,0.1059885025024414
20,0.06,0.2,0.1167726218700409
20,0.09,0.0,0.10643178969621658
20,0.09,0.1,0.10643178969621658
20,0.09,0.2,0.11153581738471985
20,0.12,0.0,0.10174522548913956
20,0.12,0.1,0.10174522548913956
20,0.12,0.2,0.10549728572368622
20,0.15,0.0,0.10695061832666397
20,0.15,0.1,0.10695061832666397
20,0.15,0.2,0.10548122227191925
200,0.0,0.0,0.15378914773464203
200,0.0,0.1,0.15378914773464203
200,0.0,0.2,0.22960150241851807
200,0.03,0.0,0.20003128051757812
200,0.03,0.1,0.20003128051757812
200,0.03,0.2,0.2387600541114807
200,0.06,0.0,0.22094564139842987
200,0.06,0.1,0.22094564139842987
200,0.06,0.2,0.21472561359405518
200,0.09,0.0,0.21905888617038727
200,0.09,0.1,0.21905888617038727
200,0.09,0.2,0.17374397814273834
200,0.12,0.0,0.1984935998916626
200,0.12,0.1,0.1984935998916626
200,0.12,0.2,0.12808215618133545
200,0.15,0.0,0.1461867243051529
200,0.15,0.1,0.1461867243051529
200,0.15,0.2,0.09752291440963745
201,0.0,0.0,0.11762052029371262
201,0.0,0.1,0.11762052029371262
201,0.0,0.2,0.1242646649479866
201,0.03,0.0,0.10580000281333923
201,0.03,0.1,0.10580000281333923
201,0.03,0.2,0.1037164032459259
201,0.06,0.0,0.08895251899957657
201,0.06,0.1,0.08895251899957657
201,0.06,0.2,0.09985361248254776
201,0.09,0.0,0.08853927254676819
201,0.09,0.1,0.08853927254676819
201,0.09,0.2,0.08344563841819763
201,0.12,0.0,0.12592217326164246
201,0.12,0.1,0.12592217326164246
201,0.12,0.2,0.10860928893089294
201,0.15,0.0,0.10751334577798843
201,0.15,0.1,0.10751334577798843
201,0.15,0.2,0.08896777033805847
202,0.0,0.0,0.09457602351903915
202,0.0,0.1,0.09457602351903915
202,0.0,0.2,0.106673963367939
202,0.03,0.0,0.10095829516649246
202,0.03,0.1,0.10095829516649246
202,0.03,0.2,0.10485496371984482
202,0.06,0.0,0.10397332906723022
202,0.06,0.1,0.10397332906723022
202,0.06,0.2,0.09290594607591629
202,0.09,0.0,0.08772006630897522
202,0.09,0.1,0.08772006630897522
202,0.09,0.2,0.09776894748210907
202,0.12,0.0,0.11947173625230789
202,0.12,0.1,0.11947173625230789
202,0.12,0.2,0.09360308945178986
202,0.15,0.0,0.09963149577379227
202,0.15,0.1,0.09963149577379227
202,0.15,0.2,0.09987988322973251
203,0.0,0.0,0.10665953159332275
203,0.0,0.1,0.10665953159332275
203,0.0,0.2,0.11964177340269089
203,0.03,0.0,0.11725021153688431
203,0.03,0.1,0.11725021153688431
203,0.03,0.2,0.13291923701763153
203,0.06,0.0,0.12329930812120438
203,0.06,0.1,0.12329930812120438
203,0.06,0.2,0.16268977522850037
203,0.09,0.0,0.13731296360492706
203,0.09,0.1,0.13731296360492706
203,0.09,0.2,0.17644187808036804
203,0.12,0.0,0.11965012550354004
203,0.12,0.1,0.11965012550354004
203,0.12,0.2,0.16558466851711273
203,0.15,0.0,0.1204974427819252
203,0.15,0.1,0.1204974427819252
203,0.15,0.2,0.16885517537593842
204,0.0,0.0,0.15475693345069885
204,0.0,0.1,0.15475693345069885
204,0.0,0.2,0.20008789002895355
204,0.03,0.0,0.15536771714687347
204,0.03,0.1,0.15536771714687347
204,0.03,0.2,0.18267981708049774
204,0.06,0.0,0.14372025430202484
204,0.06,0.1,0.14372025430202484
204,0.06,0.2,0.16534072160720825
204,0.09,0.0,0.15723928809165955
204,0.09,0.1,0.15723928809165955
204,0.09,0.2,0.16515856981277466
204,0.12,0.0,0.16146613657474518
204,0.12,0.1,0.16146613657474518
204,0.12,0.2,0.16872085630893707
204,0.15,0.0,0.16947035491466522
204,0.15,0.1,0.16947035491466522
204,0.15,0.2,0.17812100052833557
205,0.0,0.0,0.08635423332452774
205,0.0,0.1,0.08635423332452774
205,0.0,0.2,0.08924981951713562
205,0.03,0.0,0.08488266170024872
205,0.03,0.1,0.08488266170024872
205,0.03,0.2,0.09878215938806534
205,0.06,0.0,0.07710413634777069
205,0.06,0.1,0.07710413634777069
205,0.06,0.2,0.09205951541662216
205,0.09,0.0,0.08375189453363419
205,0.09,0.1,0.08375189453363419
205,0.09,0.2,0.09382317215204239
205,0.12,0.0,0.09668049216270447
205,0.12,0.1,0.09668049216270447
205,0.12,0.2,0.08670521527528763
205,0.15,0.0,0.0855441763997078
205,0.15,0.1,0.0855441763997078
205,0.15,0.2,0.08038952201604843
206,0.0,0.0,0.08602943271398544
206,0.0,0.1,0.08602943271398544
206,0.0,0.2,0.10243487358093262
206,0.03,0.0,0.09088487923145294
206,0.03,0.1,0.09088487923145294
206,0.03,0.2,0.11521991342306137
206,0.06,0.0,0.09920147061347961
206,0.06,0.1,0.09920147061347961
206,0.06,0.2,0.11772004514932632
206,0.09,0.0,0.09155191481113434
206,0.09,0.1,0.09155191481113434
206,0.09,0.2,0.08583977818489075
206,0.12,0.0,0.0998799204826355
206,0.12,0.1,0.0998799204826355
206,0.12,0.2,0.09035257250070572
206,0.15,0.0,0.09186597168445587
206,0.15,0.1,0.09186597168445587
206,0.15,0.2,0.09467193484306335
207,0.0,0.0,0.11458050459623337
207,0.0,0.1,0.11458050459623337
207,0.0,0.2,0.16179655492305756
207,0.03,0.0,0.12621431052684784
207,0.03,0.1,0.12621431052684784
207,0.03,0.2,0.16385936737060547
207,0.06,0.0,0.13307294249534607
207,0.06,0.1,0.13307294249534607
207,0.06,0.2,0.1579633504152298
207,0.09,0.0,0.14850971102714539
207,0.09,0.1,0.14850971102714539
207,0.09,0.2,0.15850481390953064
207,0.12,0.0,0.13448655605316162
207,0.12,0.1,0.13448655605316162
207,0.12,0.2,0.13043822348117828
207,0.15,0.0,0.13341806828975677
207,0.15,0.1,0.13341806828975677
207,0.15,0.2,0.13228817284107208
208,0.0,0.0,0.08748461306095123
208,0.0,0.1,0.08748461306095123
208,0.0,0.2,0.10655901581048965
208,0.03,0.0,0.09250790625810623
208,0.03,0.1,0.09250790625810623
208,0.03,0.2,0.10235831141471863
208,0.06,0.0,0.10984987765550613
208,0.06,0.1,0.10984987765550613
208,0.06,0.2,0.11184438318014145
208,0.09,0.0,0.09391836822032928
208,0.09,0.1,0.09391836822032928
208,0.09,0.2,0.11517267674207687
208,0.12,0.0,0.09590359777212143
208,0.12,0.1,0.09590359777212143
208,0.12,0.2,0.10117365419864655
208,0.15,0.0,0.09495680034160614
208,0.15,0.1,0.09495680034160614
208,0.15,0.2,0.1029905304312706
209,0.0,0.0,0.1296730935573578
209,0.0,0.1,0.1296730935573578
209,0.0,0.2,0.19288162887096405
209,0.03,0.0,0.14084148406982422
209,0.03,0.1,0.14084148406982422
209,0.03,0.2,0.1829405426979065
209,0.06,0.0,0.16423743963241577
209,0.06,0.1,0.16423743963241577
209,0.06,0.2,0.1654176265001297
209,0.09,0.0,0.17950835824012756
209,0.09,0.1,0.17950835824012756
209,0.09,0.2,0.16125266253948212
209,0.12,0.0,0.16365721821784973
209,0.12,0.1,0.16365721821784973
209,0.12,0.2,0.13514456152915955
209,0.15,0.0,0.1333979219198227
209,0.15,0.1,0.1333979219198227
209,0.15,0.2,0.1101251095533371
21,0.0,0.0,0.09300317615270615
21,0.0,0.1,0.09300317615270615
21,0.0,0.2,0.08777812868356705
21,0.03,0.0,0.08791529387235641
21,0.03,0.1,0.08791529387235641
21,0.03,0.2,0.08910290151834488
21,0.06,0.0,0.07856664806604385
21,0.06,0.1,0.07856664806604385
21,0.06,0.2,0.08826165646314621
21,0.09,0.0,0.09739893674850464
21,0.09,0.1,0.09739893674850464
21,0.09,0.2,0.08960479497909546
21,0.12,0.0,0.09686286747455597
21,0.12,0.1,0.09686286747455597
21,0.12,0.2,0.08946734666824341
21,0.15,0.0,0.1071147546172142
21,0.15,0.1,0.1071147546172142
21,0.15,0.2,0.10146254301071167
210,0.0,0.0,0.0943824052810669
210,0.0,0.1,0.0943824052810669
210,0.0,0.2,0.09627125412225723
210,0.03,0.0,0.08709222823381424
210,0.03,0.1,0.08709222823381424
210,0.03,0.2,0.10233256965875626
210,0.06,0.0,0.09870928525924683
210,0.06,0.1,0.09870928525924683
210,0.06,0.2,0.1130131334066391
210,0.09,0.0,0.10195828229188919
210,0.09,0.1,0.10195828229188919
210,0.09,0.2,0.10791631042957306
210,0.12,0.0,0.11773361265659332
210,0.12,0.1,0.11773361265659332
210,0.12,0.2,0.09829925000667572
210,0.15,0.0,0.09566795825958252
210,0.15,0.1,0.09566795825958252
210,0.15,0.2,0.10213854908943176
211,0.0,0.0,0.11094053834676743
211,0.0,0.1,0.11094053834676743
211,0.0,0.2,0.22849386930465698
211,0.03,0.0,0.1594209372997284
211,0.03,0.1,0.1594209372997284
211,0.03,0.2,0.25201156735420227
211,0.06,0.0,0.21610397100448608
211,0.06,0.1,0.21610397100448608
211,0.06,0.2,0.26442816853523254
211,0.09,0.0,0.2531053423881531
211,0.09,0.1,0.2531053423881531
211,0.09,0.2,0.2465813308954239
211,0.12,0.0,0.25029993057250977
211,0.12,0.1,0.25029993057250977
211,0.12,0.2,0.20237459242343903
211,0.15,0.0,0.21571730077266693
211,0.15,0.1,0.21571730077266693
211,0.15,0.2,0.14884053170681
212,0.0,0.0,0.0996893048286438
212,0.0,0.1,0.0996893048286438
212,0.0,0.2,0.09440316259860992
212,0.03,0.0,0.09816475957632065
212,0.03,0.1,0.09816475957632065
212,0.03,0.2,0.1015540286898613
212,0.06,0.0,0.1002998799085617
212,0.06,0.1,0.1002998799085617
212,0.06,0.2,0.09774085879325867
212,0.09,0.0,0.13465742766857147
212,0.09,0.1,0.13465742766857147
212,0.09,0.2,0.10668804496526718
212,0.12,0.0,0.10268210619688034
212,0.12,0.1,0.10268210619688034
212,0.12,0.2,0.10194216668605804
212,0.15,0.0,0.09674449265003204
212,0.15,0.1,0.09674449265003204
212,0.15,0.2,0.08802448213100433
213,0.0,0.0,0.1075645461678505
213,0.0,0.1,0.1075645461678505
213,0.0,0.2,0.09845785796642303
213,0.03,0.0,0.13168857991695404
213,0.03,0.1,0.13168857991695404
213,0.03,0.2,0.10489723086357117
213,0.06,0.0,0.13509754836559296
213,0.06,0.1,0.13509754836559296
213,0.06,0.2,0.1106310486793518
213,0.09,0.0,0.09140677750110626
213,0.09,0.1,0.09140677750110626
213,0.09,0.2,0.09704577177762985
213,0.12,0.0,0.0861566886305809
213,0.12,0.1,0.0861566886305809
213,0.12,0.2,0.09234921634197235
213,0.15,0.0,0.09225417673587799
213,0.15,0.1,0.09225417673587799
213,0.15,0.2,0.08124034106731415
214,0.0,0.0,0.08880501985549927
214,0.0,0.1,0.08880501985549927
214,0.0,0.2,0.10705767571926117
214,0.03,0.0,0.1012975201010704
214,0.03,0.1,0.1012975201010704
214,0.03,0.2,0.11613574624061584
214,0.06,0.0,0.12294075638055801
214,0.06,0.1,0.12294075638055801
214,0.06,0.2,0.12173594534397125
214,0.09,0.0,0.1102728471159935
214,0.09,0.1,0.1102728471159935
214,0.09,0.2,0.11430277675390244
214,0.12,0.0,0.1129230409860611
214,0.12,0.1,0.1129230409860611
214,0.12,0.2,0.11055053770542145
214,0.15,0.0,0.10650637000799179
214,0.15,0.1,0.10650637000799179
214,0.15,0.2,0.11018294841051102
215,0.0,0.0,0.09561482816934586
215,0.0,0.1,0.09561482816934586
215,0.0,0.2,0.09129087626934052
215,0.03,0.0,0.08079156279563904
215,0.03,0.1,0.08079156279563904
215,0.03,0.2,0.0989358052611351
215,0.06,0.0,0.08837955445051193
215,0.06,0.1,0.08837955445051193
215,0.06,0.2,0.08944060653448105
215,0.09,0.0,0.08803629130125046
215,0.09,0.1,0.08803629130125046
215,0.09,0.2,0.09306573122739792
215,0.12,0.0,0.0811336562037468
215,0.12,0.1,0.0811336562037468
215,0.12,0.2,0.08573167026042938
215,0.15,0.0,0.09060944616794586
215,0.15,0.1,0.09060944616794586
215,0.15,0.2,0.09451406449079514
216,0.0,0.0,0.07941631972789764
216,0.0,0.1,0.07941631972789764
216,0.0,0.2,0.09867267310619354
216,0.03,0.0,0.07846856862306595
216,0.03,0.1,0.07846856862306595
216,0.03,0.2,0.1042109876871109
216,0.06,0.0,0.09371496737003326
216,0.06,0.1,0.09371496737003326
216,0.06,0.2,0.10515128821134567
216,0.09,0.0,0.10622081905603409
216,0.09,0.1,0.10622081905603409
216,0.09,0.2,0.10151678323745728
216,0.12,0.0,0.09296941012144089
216,0.12,0.1,0.09296941012144089
216,0.12,0.2,0.08583518862724304
216,0.15,0.0,0.0803275853395462
216,0.15,0.1,0.0803275853395462
216,0.15,0.2,0.08879481256008148
217,0.0,0.0,0.09419111162424088
217,0.0,0.1,0.09419111162424088
217,0.0,0.2,0.09723074734210968
217,0.03,0.0,0.10714291781187057
217,0.03,0.1,0.10714291781187057
217,0.03,0.2,0.08591853082180023
217,0.06,0.0,0.09631509333848953
217,0.06,0.1,0.09631509333848953
217,0.06,0.2,0.08907851576805115
217,0.09,0.0,0.08794794231653214
217,0.09,0.1,0.08794794231653214
217,0.09,0.2,0.0882636159658432
217,0.12,0.0,0.08181100338697433
217,0.12,0.1,0.08181100338697433
217,0.12,0.2,0.08520614355802536
217,0.15,0.0,0.08931530267000198
217,0.15,0.1,0.08931530267000198
217,0.15,0.2,0.08469729870557785
218,0.0,0.0,0.09623731672763824
218,0.0,0.1,0.09623731672763824
218,0.0,0.2,0.1054355725646019
218,0.03,0.0,0.09571948647499084
218,0.03,0.1,0.09571948647499084
218,0.03,0.2,0.11659282445907593
218,0.06,0.0,0.11840028315782547
218,0.06,0.1,0.11840028315782547
218,0.06,0.2,0.09679125994443893
218,0.09,0.0,0.12611499428749084
218,0.09,0.1,0.12611499428749084
218,0.09,0.2,0.0850614681839943
218,0.12,0.0,0.1046726405620575
218,0.12,0.1,0.1046726405620575
218,0.12,0.2,0.08749157935380936
218,0.15,0.0,0.10094603896141052
218,0.15,0.1,0.10094603896141052
218,0.15,0.2,0.09220406413078308
219,0.0,0.0,0.11085116118192673
219,0.0,0.1,0.11085116118192673
219,0.0,0.2,0.1128377616405487
219,0.03,0.0,0.11277695745229721
219,0.03,0.1,0.11277695745229721
219,0.03,0.2,0.10841937363147736
219,0.06,0.0,0.09458675980567932
219,0.06,0.1,0.09458675980567932
219,0.06,0.2,0.09088777750730515
219,0.09,0.0,0.09827376157045364
219,0.09,0.1,0.09827376157045364
219,0.09,0.2,0.1026756763458252
219,0.12,0.0,0.08530396968126297
219,0.12,0.1,0.08530396968126297
219,0.12,0.2,0.08714037388563156
219,0.15,0.0,0.1050041988492012
219,0.15,0.1,0.1050041988492012
219,0.15,0.2,0.0894790068268776
22,0.0,0.0,0.09143296629190445
22,0.0,0.1,0.09143296629190445
22,0.0,0.2,0.10608221590518951
22,0.03,0.0,0.12888938188552856
22,0.03,0.1,0.12888938188552856
22,0.03,0.2,0.1083218902349472
22,0.06,0.0,0.09578125923871994
22,0.06,0.1,0.09578125923871994
22,0.06,0.2,0.11482681334018707
22,0.09,0.0,0.09959828853607178
22,0.09,0.1,0.09959828853607178
22,0.09,0.2,0.1220935508608818
22,0.12,0.0,0.11027531325817108
22,0.12,0.1,0.11027531325817108
22,0.12,0.2,0.09741480648517609
22,0.15,0.0,0.12060417234897614
22,0.15,0.1,0.12060417234897614
22,0.15,0.2,0.10117577016353607
220,0.0,0.0,0.10672365874052048
220,0.0,0.1,0.10672365874052048
220,0.0,0.2,0.12858599424362183
220,0.03,0.0,0.1093430370092392
220,0.03,0.1,0.1093430370092392
220,0.03,0.2,0.1440393179655075
220,0.06,0.0,0.10759253054857254
220,0.06,0.1,0.10759253054857254
220,0.06,0.2,0.15538090467453003
220,0.09,0.0,0.1402224749326706
220,0.09,0.1,0.1402224749326706
220,0.09,0.2,0.16979460418224335
220,0.12,0.0,0.1506059169769287
220,0.12,0.1,0.1506059169769287
220,0.12,0.2,0.14376187324523926
220,0.15,0.0,0.1419660896062851
220,0.15,0.1,0.1419660896062851
220,0.15,0.2,0.12986710667610168
221,0.0,0.0,0.10763834416866302
221,0.0,0.1,0.10763834416866302
221,0.0,0.2,0.10171816498041153
221,0.03,0.0,0.11087130755186081
221,0.03,0.1,0.11087130755186081
221,0.03,0.2,0.10617957264184952
221,0.06,0.0,0.10625802725553513
221,0.06,0.1,0.10625802725553513
221,0.06,0.2,0.09982594847679138
221,0.09,0.0,0.09219450503587723
221,0.09,0.1,0.09219450503587723
221,0.09,0.2,0.0886838510632515
221,0.12,0.0,0.0924779623746872
221,0.12,0.1,0.0924779623746872
221,0.12,0.2,0.09423765540122986
221,0.15,0.0,0.09543411433696747
221,0.15,0.1,0.09543411433696747
221,0.15,0.2,0.09678471088409424
222,0.0,0.0,0.09837185591459274
222,0.0,0.1,0.09837185591459274
222,0.0,0.2,0.15409108996391296
222,0.03,0.0,0.114935502409935
222,0.03,0.1,0.114935502409935
222,0.03,0.2,0.16334086656570435
222,0.06,0.0,0.12507972121238708
222,0.06,0.1,0.12507972121238708
222,0.06,0.2,0.16151699423789978
222,0.09,0.0,0.135502889752388
222,0.09,0.1,0.135502889752388
222,0.09,0.2,0.1419895589351654
222,0.12,0.0,0.12762947380542755
222,0.12,0.1,0.12762947380542755
222,0.12,0.2,0.10945585370063782
222,0.15,0.0,0.11374074220657349
222,0.15,0.1,0.11374074220657349
222,0.15,0.2,0.09616247564554214
223,0.0,0.0,0.09080711752176285
223,0.0,0.1,0.09080711752176285
223,0.0,0.2,0.0916539877653122
223,0.03,0.0,0.09117460995912552
223,0.03,0.1,0.09117460995912552
223,0.03,0.2,0.10295858234167099
223,0.06,0.0,0.0860549658536911
223,0.06,0.1,0.0860549658536911
223,0.06,0.2,0.0894964411854744
223,0.09,0.0,0.09205778688192368
223,0.09,0.1,0.09205778688192368
223,0.09,0.2,0.09311583638191223
223,0.12,0.0,0.09520132094621658
223,0.12,0.1,0.09520132094621658
223,0.12,0.2,0.10201855003833771
223,0.15,0.0,0.10665997862815857
223,0.15,0.1,0.10665997862815857
223,0.15,0.2,0.10509710013866425
224,0.0,0.0,0.11361251026391983
224,0.0,0.1,0.11361251026391983
224,0.0,0.2,0.14481694996356964
224,0.03,0.0,0.10658811777830124
224,0.03,0.1,0.10658811777830124
224,0.03,0.2,0.12857797741889954
224,0.06,0.0,0.11674586683511734
224,0.06,0.1,0.11674586683511734
224,0.06,0.2,0.13671624660491943
224,0.09,0.0,0.11122062802314758
224,0.09,0.1,0.11122062802314758
224,0.09,0.2,0.11027411371469498
224,0.12,0.0,0.09784738719463348
224,0.12,0.1,0.09784738719463348
224,0.12,0.2,0.1252681165933609
224,0.15,0.0,0.12036433815956116
224,0.15,0.1,0.12036433815956116
224,0.15,0.2,0.1121746152639389
225,0.0,0.0,0.12775683403015137
225,0.0,0.1,0.12775683403015137
225,0.0,0.2,0.12946176528930664
225,0.03,0.0,0.12045887857675552
225,0.03,0.1,0.12045887857675552
225,0.03,0.2,0.11849842220544815
225,0.06,0.0,0.10386522859334946
225,0.06,0.1,0.10386522859334946
225,0.06,0.2,0.1081303134560585
225,0.09,0.0,0.09180706739425659
225,0.09,0.1,0.09180706739425659
225,0.09,0.2,0.09633737802505493
225,0.12,0.0,0.10570237785577774
225,0.12,0.1,0.10570237785577774
225,0.12,0.2,0.11376146972179413
225,0.15,0.0,0.09592124819755554
225,0.15,0.1,0.09592124819755554
225,0.15,0.2,0.09956002235412598
226,0.0,0.0,0.08424399793148041
226,0.0,0.1,0.08424399793148041
226,0.0,0.2,0.07967059314250946
226,0.03,0.0,0.08393216878175735
226,0.03,0.1,0.08393216878175735
226,0.03,0.2,0.08936449885368347
226,0.06,0.0,0.0815589427947998
226,0.06,0.1,0.0815589427947998
226,0.06,0.2,0.0952475443482399
226,0.09,0.0,0.08233091980218887
226,0.09,0.1,0.08233091980218887
226,0.09,0.2,0.08868920803070068
226,0.12,0.0,0.08943381160497665
226,0.12,0.1,0.08943381160497665
226,0.12,0.2,0.09652280807495117
226,0.15,0.0,0.09192781895399094
226,0.15,0.1,0.09192781895399094
226,0.15,0.2,0.09547760337591171
227,0.0,0.0,0.1321827471256256
227,0.0,0.1,0.1321827471256256
227,0.0,0.2,0.14230851829051971
227,0.03,0.0,0.15514762699604034
227,0.03,0.1,0.15514762699604034
227,0.03,0.2,0.14368799328804016
227,0.06,0.0,0.1378401219844818
227,0.06,0.1,0.1378401219844818
227,0.06,0.2,0.12091243267059326
227,0.09,0.0,0.11977862566709518
227,0.09,0.1,0.11977862566709518
227,0.09,0.2,0.12662841379642487
227,0.12,0.0,0.11969151347875595
227,0.12,0.1,0.11969151347875595
227,0.12,0.2,0.12484762072563171
227,0.15,0.0,0.10746323317289352
227,0.15,0.1,0.10746323317289352
227,0.15,0.2,0.12767791748046875
228,0.0,0.0,0.08538200706243515
228,0.0,0.1,0.08538200706243515
228,0.0,0.2,0.08162108063697815
228,0.03,0.0,0.0868280827999115
228,0.03,0.1,0.0868280827999115
228,0.03,0.2,0.09239371120929718
228,0.06,0.0,0.0807012990117073
228,0.06,0.1,0.0807012990117073
228,0.06,0.2,0.08102092891931534
228,0.09,0.0,0.09641304612159729
228,0.09,0.1,0.09641304612159729
228,0.09,0.2,0.08282945305109024
228,0.12,0.0,0.08574936538934708
228,0.12,0.1,0.08574936538934708
228,0.12,0.2,0.08463415503501892
228,0.15,0.0,0.09554348140954971
228,0.15,0.1,0.09554348140954971
228,0.15,0.2,0.07997354120016098
229,0.0,0.0,0.10977011919021606
229,0.0,0.1,0.10977011919021606
229,0.0,0.2,0.11089319735765457
229,0.03,0.0,0.08552178740501404
229,0.03,0.1,0.08552178740501404
229,0.03,0.2,0.09262446314096451
229,0.06,0.0,0.0919814258813858
229,0.06,0.1,0.0919814258813858
229,0.06,0.2,0.10074961930513382
229,0.09,0.0,0.09847386181354523
229,0.09,0.1,0.09847386181354523
229,0.09,0.2,0.09951426088809967
229,0.12,0.0,0.10133694112300873
229,0.12,0.1,0.10133694112300873
229,0.12,0.2,0.08742589503526688
229,0.15,0.0,0.11349234730005264
229,0.15,0.1,0.11349234730005264
229,0.15,0.2,0.1108832061290741
23,0.0,0.0,0.09904523938894272
23,0.0,0.1,0.09904523938894272
23,0.0,0.2,0.09496151655912399
23,0.03,0.0,0.09500256180763245
23,0.03,0.1,0.09500256180763245
23,0.03,0.2,0.09541375935077667
23,0.06,0.0,0.10577630251646042
23,0.06,0.1,0.10577630251646042
23,0.06,0.2,0.09763290733098984
23,0.09,0.0,0.08957275003194809
23,0.09,0.1,0.08957275003194809
23,0.09,0.2,0.08405335247516632
23,0.12,0.0,0.09331154823303223
23,0.12,0.1,0.09331154823303223
23,0.12,0.2,0.09492999315261841
23,0.15,0.0,0.08747904002666473
23,0.15,0.1,0.08747904002666473
23,0.15,0.2,0.09913228452205658
230,0.0,0.0,0.09682197123765945
230,0.0,0.1,0.09682197123765945
230,0.0,0.2,0.0941600352525711
230,0.03,0.0,0.08574839681386948
230,0.03,0.1,0.08574839681386948
230,0.03,0.2,0.09307332336902618
230,0.06,0.0,0.08378435671329498
230,0.06,0.1,0.08378435671329498
230,0.06,0.2,0.0900069996714592
230,0.09,0.0,0.0973309725522995
230,0.09,0.1,0.0973309725522995
230,0.09,0.2,0.10201694816350937
230,0.12,0.0,0.0908629298210144
230,0.12,0.1,0.0908629298210144
230,0.12,0.2,0.09285987913608551
230,0.15,0.0,0.08683393150568008
230,0.15,0.1,0.08683393150568008
230,0.15,0.2,0.09574410319328308
231,0.0,0.0,0.10223513096570969
231,0.0,0.1,0.10223513096570969
231,0.0,0.2,0.09248002618551254
231,0.03,0.0,0.08547379821538925
231,0.03,0.1,0.08547379821538925
231,0.03,0.2,0.10355940461158752
231,0.06,0.0,0.082577183842659
231,0.06,0.1,0.082577183842659
231,0.06,0.2,0.0877012312412262
231,0.09,0.0,0.09356685727834702
231,0.09,0.1,0.09356685727834702
231,0.09,0.2,0.0847022607922554
231,0.12,0.0,0.08615139126777649
231,0.12,0.1,0.08615139126777649
231,0.12,0.2,0.08587323874235153
231,0.15,0.0,0.0818837583065033
231,0.15,0.1,0.0818837583065033
231,0.15,0.2,0.08730906993150711
232,0.0,0.0,0.1365797370672226
232,0.0,0.1,0.1365797370672226
232,0.0,0.2,0.17223703861236572
232,0.03,0.0,0.13800832629203796
232,0.03,0.1,0.13800832629203796
232,0.03,0.2,0.16658900678157806
232,0.06,0.0,0.1527622640132904
232,0.06,0.1,0.1527622640132904
232,0.06,0.2,0.14870290458202362
232,0.09,0.0,0.16365021467208862
232,0.09,0.1,0.16365021467208862
232,0.09,0.2,0.14110419154167175
232,0.12,0.0,0.14269614219665527
232,0.12,0.1,0.14269614219665527
232,0.12,0.2,0.1520235538482666
232,0.15,0.0,0.12289804220199585
232,0.15,0.1,0.12289804220199585
232,0.15,0.2,0.12148451060056686
233,0.0,0.0,0.08268426358699799
233,0.0,0.1,0.08268426358699799
233,0.0,0.2,0.10239333659410477
233,0.03,0.0,0.081187404692173
233,0.03,0.1,0.081187404692173
233,0.03,0.2,0.09844797104597092
233,0.06,0.0,0.08768471330404282
233,0.06,0.1,0.08768471330404282
233,0.06,0.2,0.09495441615581512
233,0.09,0.0,0.0874597355723381
233,0.09,0.1,0.0874597355723381
233,0.09,0.2,0.08757065236568451
233,0.12,0.0,0.09551923722028732
233,0.12,0.1,0.09551923722028732
233,0.12,0.2,0.09590795636177063
233,0.15,0.0,0.0826025977730751
233,0.15,0.1,0.0826025977730751
233,0.15,0.2,0.08211538195610046
234,0.0,0.0,0.11557606607675552
234,0.0,0.1,0.11557606607675552
234,0.0,0.2,0.13042514026165009
234,0.03,0.0,0.09354075789451599
234,0.03,0.1,0.09354075789451599
234,0.03,0.2,0.11182080954313278
234,0.06,0.0,0.09026039391756058
234,0.06,0.1,0.09026039391756058
234,0.06,0.2,0.11153057217597961
234,0.09,0.0,0.09478208422660828
234,0.09,0.1,0.09478208422660828
234,0.09,0.2,0.12178613990545273
234,0.12,0.0,0.09425545483827591
234,0.12,0.1,0.09425545483827591
234,0.12,0.2,0.12301778048276901
234,0.15,0.0,0.11405348777770996
234,0.15,0.1,0.11405348777770996
234,0.15,0.2,0.1313767433166504
235,0.0,0.0,0.09165825694799423
235,0.0,0.1,0.09165825694799423
235,0.0,0.2,0.0941605344414711
235,0.03,0.0,0.09309419244527817
235,0.03,0.1,0.09309419244527817
235,0.03,0.2,0.09170106798410416
235,0.06,0.0,0.08292658627033234
235,0.06,0.1,0.08292658627033234
235,0.06,0.2,0.08308713883161545
235,0.09,0.0,0.09222452342510223
235,0.09,0.1,0.09222452342510223
235,0.09,0.2,0.09048151969909668
235,0.12,0.0,0.10223390907049179
235,0.12,0.1,0.10223390907049179
235,0.12,0.2,0.08644706010818481
235,0.15,0.0,0.08847448974847794
235,0.15,0.1,0.08847448974847794
235,0.15,0.2,0.09422382712364197
236,0.0,0.0,0.10992715507745743
236,0.0,0.1,0.10992715507745743
236,0.0,0.2,0.10996571183204651
236,0.03,0.0,0.09769977629184723
236,0.03,0.1,0.09769977629184723
236,0.03,0.2,0.10099239647388458
236,0.06,0.0,0.09401044994592667
236,0.06,0.1,0.09401044994592667
236,0.06,0.2,0.08234798163175583
236,0.09,0.0,0.1067320927977562
236,0.09,0.1,0.1067320927977562
236,0.09,0.2,0.09773518145084381
236,0.12,0.0,0.08812552690505981
236,0.12,0.1,0.08812552690505981
236,0.12,0.2,0.08652994781732559
236,0.15,0.0,0.10476493835449219
236,0.15,0.1,0.10476493835449219
236,0.15,0.2,0.0836765468120575
237,0.0,0.0,0.08573396503925323
237,0.0,0.1,0.08573396503925323
237,0.0,0.2,0.09659426659345627
237,0.03,0.0,0.10297412425279617
237,0.03,0.1,0.10297412425279617
237,0.03,0.2,0.12193766236305237
237,0.06,0.0,0.08777008205652237
237,0.06,0.1,0.08777008205652237
237,0.06,0.2,0.11446106433868408
237,0.09,0.0,0.0994693711400032
237,0.09,0.1,0.0994693711400032
237,0.09,0.2,0.10657341778278351
237,0.12,0.0,0.10977877676486969
237,0.12,0.1,0.10977877676486969
237,0.12,0.2,0.09485440701246262
237,0.15,0.0,0.1165962815284729
237,0.15,0.1,0.1165962815284729
237,0.15,0.2,0.0969877764582634
238,0.0,0.0,0.10071398317813873
238,0.0,0.1,0.10071398317813873
238,0.0,0.2,0.07832201570272446
238,0.03,0.0,0.10341394692659378
238,0.03,0.1,0.10341394692659378
238,0.03,0.2,0.10208074748516083
238,0.06,0.0,0.08809427917003632
238,0.06,0.1,0.08809427917003632
238,0.06,0.2,0.09686121344566345
238,0.09,0.0,0.10027166455984116
238,0.09,0.1,0.10027166455984116
238,0.09,0.2,0.08801249414682388
238,0.12,0.0,0.0904817208647728
238,0.12,0.1,0.0904817208647728
238,0.12,0.2,0.1344318836927414
238,0.15,0.0,0.11098164319992065
238,0.15,0.1,0.11098164319992065
238,0.15,0.2,0.1293528527021408
239,0.0,0.0,0.08907219022512436
239,0.0,0.1,0.08907219022512436
239,0.0,0.2,0.10273727029561996
239,0.03,0.0,0.0986049547791481
239,0.03,0.1,0.0986049547791481
239,0.03,0.2,0.10441511124372482
239,0.06,0.0,0.09710690379142761
239,0.06,0.1,0.09710690379142761
239,0.06,0.2,0.09077185392379761
239,0.09,0.0,0.09598967432975769
239,0.09,0.1,0.09598967432975769
239,0.09,0.2,0.08952506631612778
239,0.12,0.0,0.0919230505824089
239,0.12,0.1,0.0919230505824089
239,0.12,0.2,0.09010421484708786
239,0.15,0.0,0.09101726859807968
239,0.15,0.1,0.09101726859807968
239,0.15,0.2,0.0857417955994606
24,0.0,0.0,0.11573337018489838
24,0.0,0.1,0.11573337018489838
24,0.0,0.2,0.20300762355327606
24,0.03,0.0,0.1503729224205017
24,0.03,0.1,0.1503729224205017
24,0.03,0.2,0.20978370308876038
24,0.06,0.0,0.17290262877941132
24,0.06,0.1,0.17290262877941132
24,0.06,0.2,0.20033515989780426
24,0.09,0.0,0.20459485054016113
24,0.09,0.1,0.20459485054016113
24,0.09,0.2,0.1836751103401184
24,0.12,0.0,0.20513728260993958
24,0.12,0.1,0.20513728260993958
24,0.12,0.2,0.15425905585289001
24,0.15,0.0,0.1603461056947708
24,0.15,0.1,0.1603461056947708
24,0.15,0.2,0.11676114797592163
240,0.0,0.0,0.0939546748995781
240,0.0,0.1,0.0939546748995781
240,0.0,0.2,0.09197787195444107
240,0.03,0.0,0.10732215642929077
240,0.03,0.1,0.10732215642929077
240,0.03,0.2,0.10801774263381958
240,0.06,0.0,0.10205601900815964
240,0.06,0.1,0.10205601900815964
240,0.06,0.2,0.09565426409244537
240,0.09,0.0,0.09628845751285553
240,0.09,0.1,0.09628845751285553
240,0.09,0.2,0.0914367213845253
240,0.12,0.0,0.09919051080942154
240,0.12,0.1,0.09919051080942154
240,0.12,0.2,0.09968551248311996
240,0.15,0.0,0.11810742318630219
240,0.15,0.1,0.11810742318630219
240,0.15,0.2,0.11954649537801743
241,0.0,0.0,0.10950954258441925
241,0.0,0.1,0.10950954258441925
241,0.0,0.2,0.09631010890007019
241,0.03,0.0,0.09369567781686783
241,0.03,0.1,0.09369567781686783
241,0.03,0.2,0.09959328919649124
241,0.06,0.0,0.09513543546199799
241,0.06,0.1,0.09513543546199799
241,0.06,0.2,0.10547050088644028
241,0.09,0.0,0.09344436228275299
241,0.09,0.1,0.09344436228275299
241,0.09,0.2,0.11514061689376831
241,0.12,0.0,0.1016596183180809
241,0.12,0.1,0.1016596183180809
241,0.12,0.2,0.10659859329462051
241,0.15,0.0,0.10118665546178818
241,0.15,0.1,0.10118665546178818
241,0.15,0.2,0.08913888037204742
242,0.0,0.0,0.09606083482503891
242,0.0,0.1,0.09606083482503891
242,0.0,0.2,0.11395461857318878
242,0.03,0.0,0.10518281906843185
242,0.03,0.1,0.10518281906843185
242,0.03,0.2,0.11354177445173264
242,0.06,0.0,0.1075323298573494
242,0.06,0.1,0.1075323298573494
242,0.06,0.2,0.11006050556898117
242,0.09,0.0,0.10810524225234985
242,0.09,0.1,0.10810524225234985
242,0.09,0.2,0.10419883579015732
242,0.12,0.0,0.12264469265937805
242,0.12,0.1,0.12264469265937805
242,0.12,0.2,0.10637775808572769
242,0.15,0.0,0.10277251899242401
242,0.15,0.1,0.10277251899242401
242,0.15,0.2,0.09295082837343216
243,0.0,0.0,0.08643601834774017
243,0.0,0.1,0.08643601834774017
243,0.0,0.2,0.09583371877670288
243,0.03,0.0,0.08302342891693115
243,0.03,0.1,0.08302342891693115
243,0.03,0.2,0.0983448326587677
243,0.06,0.0,0.09094631671905518
243,0.06,0.1,0.09094631671905518
243,0.06,0.2,0.08858593553304672
243,0.09,0.0,0.12570151686668396
243,0.09,0.1,0.12570151686668396
243,0.09,0.2,0.08503064513206482
243,0.12,0.0,0.12459265440702438
243,0.12,0.1,0.12459265440702438
243,0.12,0.2,0.09560950100421906
243,0.15,0.0,0.08294432610273361
243,0.15,0.1,0.08294432610273361
243,0.15,0.2,0.08921458572149277
244,0.0,0.0,0.12234879285097122
244,0.0,0.1,0.12234879285097122
244,0.0,0.2,0.13740547001361847
244,0.03,0.0,0.15352392196655273
244,0.03,0.1,0.15352392196655273
244,0.03,0.2,0.14299802482128143
244,0.06,0.0,0.16179820895195007
244,0.06,0.1,0.16179820895195007
244,0.06,0.2,0.12930315732955933
244,0.09,0.0,0.15788660943508148
244,0.09,0.1,0.15788660943508148
244,0.09,0.2,0.11562573164701462
244,0.12,0.0,0.13625258207321167
244,0.12,0.1,0.13625258207321167
244,0.12,0.2,0.0949237272143364
244,0.15,0.0,0.11986038088798523
244,0.15,0.1,0.11986038088798523
244,0.15,0.2,0.08610855042934418
245,0.0,0.0,0.09608425199985504
245,0.0,0.1,0.09608425199985504
245,0.0,0.2,0.13323403894901276
245,0.03,0.0,0.12695430219173431
245,0.03,0.1,0.12695430219173431
245,0.03,0.2,0.1281980723142624
245,0.06,0.0,0.13489338755607605
245,0.06,0.1,0.13489338755607605
245,0.06,0.2,0.10561064630746841
245,0.09,0.0,0.12797334790229797
245,0.09,0.1,0.12797334790229797
245,0.09,0.2,0.09837393462657928
245,0.12,0.0,0.1070050597190857
245,0.12,0.1,0.1070050597190857
245,0.12,0.2,0.09606420248746872
245,0.15,0.0,0.08841903507709503
245,0.15,0.1,0.08841903507709503
245,0.15,0.2,0.08629655838012695
246,0.0,0.0,0.1064797043800354
246,0.0,0.1,0.1064797043800354
246,0.0,0.2,0.16996468603610992
246,0.03,0.0,0.12831714749336243
246,0.03,0.1,0.12831714749336243
246,0.03,0.2,0.1921001821756363
246,0.06,0.0,0.1882903277873993
246,0.06,0.1,0.1882903277873993
246,0.06,0.2,0.20892587304115295
246,0.09,0.0,0.18368476629257202
246,0.09,0.1,0.18368476629257202
246,0.09,0.2,0.18103517591953278
246,0.12,0.0,0.17189911007881165
246,0.12,0.1,0.17189911007881165
246,0.12,0.2,0.18332439661026
246,0.15,0.0,0.16382230818271637
246,0.15,0.1,0.16382230818271637
246,0.15,0.2,0.1582276076078415
247,0.0,0.0,0.09149382263422012
247,0.0,0.1,0.09149382263422012
247,0.0,0.2,0.10300357639789581
247,0.03,0.0,0.09120383858680725
247,0.03,0.1,0.09120383858680725
247,0.03,0.2,0.0939364805817604
247,0.06,0.0,0.09333577752113342
247,0.06,0.1,0.09333577752113342
247,0.06,0.2,0.10859500616788864
247,0.09,0.0,0.08930239081382751
247,0.09,0.1,0.08930239081382751
247,0.09,0.2,0.10587780922651291
247,0.12,0.0,0.09389010071754456
247,0.12,0.1,0.09389010071754456
247,0.12,0.2,0.08321622759103775
247,0.15,0.0,0.07727403193712234
247,0.15,0.1,0.07727403193712234
247,0.15,0.2,0.08791689574718475
248,0.0,0.0,0.12667615711688995
248,0.0,0.1,0.12667615711688995
248,0.0,0.2,0.14296428859233856
248,0.03,0.0,0.146906316280365
248,0.03,0.1,0.146906316280365
248,0.03,0.2,0.1641446053981781
248,0.06,0.0,0.14934252202510834
248,0.06,0.1,0.14934252202510834
248,0.06,0.2,0.15970031917095184
248,0.09,0.0,0.1297111213207245
248,0.09,0.1,0.1297111213207245
248,0.09,0.2,0.16662481427192688
248,0.12,0.0,0.1503397673368454
248,0.12,0.1,0.1503397673368454
248,0.12,0.2,0.15800566971302032
248,0.15,0.0,0.1547788679599762
248,0.15,0.1,0.1547788679599762
248,0.15,0.2,0.1668422669172287
249,0.0,0.0,0.13109275698661804
249,0.0,0.1,0.13109275698661804
249,0.0,0.2,0.14236603677272797
249,0.03,0.0,0.11132410168647766
249,0.03,0.1,0.11132410168647766
249,0.03,0.2,0.16523835062980652
249,0.06,0.0,0.10993754118680954
249,0.06,0.1,0.10993754118680954
249,0.06,0.2,0.16562126576900482
249,0.09,0.0,0.13427671790122986
249,0.09,0.1,0.13427671790122986
249,0.09,0.2,0.1559656858444214
249,0.12,0.0,0.17531819641590118
249,0.12,0.1,0.17531819641590118
249,0.12,0.2,0.1827639937400818
249,0.15,0.0,0.1683240383863449
249,0.15,0.1,0.1683240383863449
249,0.15,0.2,0.1804606020450592
25,0.0,0.0,0.0955347865819931
25,0.0,0.1,0.0955347865819931
25,0.0,0.2,0.09362577646970749
25,0.03,0.0,0.10022355616092682
25,0.03,0.1,0.10022355616092682
25,0.03,0.2,0.11493261903524399
25,0.06,0.0,0.09073135256767273
25,0.06,0.1,0.09073135256767273
25,0.06,0.2,0.10372574627399445
25,0.09,0.0,0.10530468076467514
25,0.09,0.1,0.10530468076467514
25,0.09,0.2,0.09348339587450027
25,0.12,0.0,0.09914418309926987
25,0.12,0.1,0.09914418309926987
25,0.12,0.2,0.10750453919172287
25,0.15,0.0,0.0916767418384552
25,0.15,0.1,0.0916767418384552
25,0.15,0.2,0.09493392705917358
250,0.0,0.0,0.08103228360414505
250,0.0,0.1,0.08103228360414505
250,0.0,0.2,0.088657446205616
250,0.03,0.0,0.090929314494133
250,0.03,0.1,0.090929314494133
250,0.03,0.2,0.09117446839809418
250,0.06,0.0,0.08890904486179352
250,0.06,0.1,0.08890904486179352
250,0.06,0.2,0.08735742419958115
250,0.09,0.0,0.08564992994070053
250,0.09,0.1,0.08564992994070053
250,0.09,0.2,0.08794928342103958
250,0.12,0.0,0.08334629982709885
250,0.12,0.1,0.08334629982709885
250,0.12,0.2,0.09793046116828918
250,0.15,0.0,0.09061046689748764
250,0.15,0.1,0.09061046689748764
250,0.15,0.2,0.10816886276006699
251,0.0,0.0,0.08455979824066162
251,0.0,0.1,0.08455979824066162
251,0.0,0.2,0.09172264486551285
251,0.03,0.0,0.10052745789289474
251,0.03,0.1,0.10052745789289474
251,0.03,0.2,0.10778500884771347
251,0.06,0.0,0.09089331328868866
251,0.06,0.1,0.09089331328868866
251,0.06,0.2,0.09129384160041809
251,0.09,0.0,0.08915208280086517
251,0.09,0.1,0.08915208280086517
251,0.09,0.2,0.08351147919893265
251,0.12,0.0,0.08434759080410004
251,0.12,0.1,0.08434759080410004
251,0.12,0.2,0.09460512548685074
251,0.15,0.0,0.08337482064962387
251,0.15,0.1,0.08337482064962387
251,0.15,0.2,0.08966731280088425
252,0.0,0.0,0.10836446285247803
252,0.0,0.1,0.10836446285247803
252,0.0,0.2,0.155236154794693
252,0.03,0.0,0.12595447897911072
252,0.03,0.1,0.12595447897911072
252,0.03,0.2,0.16881902515888214
252,0.06,0.0,0.13820277154445648
252,0.06,0.1,0.13820277154445648
252,0.06,0.2,0.1565098613500595
252,0.09,0.0,0.15431828796863556
252,0.09,0.1,0.15431828796863556
252,0.09,0.2,0.14539456367492676
252,0.12,0.0,0.1231035366654396
252,0.12,0.1,0.1231035366654396
252,0.12,0.2,0.1154651865363121
252,0.15,0.0,0.09927822649478912
252,0.15,0.1,0.09927822649478912
252,0.15,0.2,0.09318016469478607
253,0.0,0.0,0.11500376462936401
253,0.0,0.1,0.11500376462936401
253,0.0,0.2,0.11489894986152649
253,0.03,0.0,0.10694007575511932
253,0.03,0.1,0.10694007575511932
253,0.03,0.2,0.10047969967126846
253,0.06,0.0,0.10847633332014084
253,0.06,0.1,0.10847633332014084
253,0.06,0.2,0.10341882705688477
253,0.09,0.0,0.08753670006990433
253,0.09,0.1,0.08753670006990433
253,0.09,0.2,0.09805294126272202
253,0.12,0.0,0.09397469460964203
253,0.12,0.1,0.09397469460964203
253,0.12,0.2,0.08308406919240952
253,0.15,0.0,0.0948394164443016
253,0.15,0.1,0.0948394164443016
253,0.15,0.2,0.10648861527442932
254,0.0,0.0,0.14726760983467102
254,0.0,0.1,0.14726760983467102
254,0.0,0.2,0.1340266615152359
254,0.03,0.0,0.1273632049560547
254,0.03,0.1,0.1273632049560547
254,0.03,0.2,0.12195073813199997
254,0.06,0.0,0.10852093994617462
254,0.06,0.1,0.10852093994617462
254,0.06,0.2,0.11522755771875381
254,0.09,0.0,0.09535316377878189
254,0.09,0.1,0.09535316377878189
254,0.09,0.2,0.11663738638162613
254,0.12,0.0,0.09475623816251755
254,0.12,0.1,0.09475623816251755
254,0.12,0.2,0.1205429956316948
254,0.15,0.0,0.09524080157279968
254,0.15,0.1,0.09524080157279968
254,0.15,0.2,0.11512795835733414
255,0.0,0.0,0.14703021943569183
255,0.0,0.1,0.14703021943569183
255,0.0,0.2,0.17153120040893555
255,0.03,0.0,0.15699148178100586
255,0.03,0.1,0.15699148178100586
255,0.03,0.2,0.15580491721630096
255,0.06,0.0,0.1789371818304062
255,0.06,0.1,0.1789371818304062
255,0.06,0.2,0.15326577425003052
255,0.09,0.0,0.17702028155326843
255,0.09,0.1,0.17702028155326843
255,0.09,0.2,0.15032073855400085
255,0.12,0.0,0.1670207679271698
255,0.12,0.1,0.1670207679271698
255,0.12,0.2,0.16487349569797516
255,0.15,0.0,0.12692615389823914
255,0.15,0.1,0.12692615389823914
255,0.15,0.2,0.13837964832782745
256,0.0,0.0,0.08427875488996506
256,0.0,0.1,0.08427875488996506
256,0.0,0.2,0.08172816783189774
256,0.03,0.0,0.10042237490415573
256,0.03,0.1,0.10042237490415573
256,0.03,0.2,0.08544821292161942
256,0.06,0.0,0.0830836147069931
256,0.06,0.1,0.0830836147069931
256,0.06,0.2,0.08337774872779846
256,0.09,0.0,0.10004469007253647
256,0.09,0.1,0.10004469007253647
256,0.09,0.2,0.08343339711427689
256,0.12,0.0,0.08589333295822144
256,0.12,0.1,0.08589333295822144
256,0.12,0.2,0.09597409516572952
256,0.15,0.0,0.09934435039758682
256,0.15,0.1,0.09934435039758682
256,0.15,0.2,0.10100899636745453
257,0.0,0.0,0.1299707591533661
257,0.0,0.1,0.1299707591533661
257,0.0,0.2,0.13142617046833038
257,0.03,0.0,0.13295257091522217
257,0.03,0.1,0.13295257091522217
257,0.03,0.2,0.14841024577617645
257,0.06,0.0,0.1383782923221588
257,0.06,0.1,0.1383782923221588
257,0.06,0.2,0.1058623269200325
257,0.09,0.0,0.12766781449317932
257,0.09,0.1,0.12766781449317932
257,0.09,0.2,0.10535596311092377
257,0.12,0.0,0.10284540802240372
257,0.12,0.1,0.10284540802240372
257,0.12,0.2,0.10619688779115677
257,0.15,0.0,0.10097171366214752
257,0.15,0.1,0.10097171366214752
257,0.15,0.2,0.11912116408348083
258,0.0,0.0,0.1574562042951584
258,0.0,0.1,0.1574562042951584
258,0.0,0.2,0.1995527595281601
258,0.03,0.0,0.12605330348014832
258,0.03,0.1,0.12605330348014832
258,0.03,0.2,0.18391625583171844
258,0.06,0.0,0.15013667941093445
258,0.06,0.1,0.15013667941093445
258,0.06,0.2,0.17711490392684937
258,0.09,0.0,0.12821932137012482
258,0.09,0.1,0.12821932137012482
258,0.09,0.2,0.1443987339735031
258,0.12,0.0,0.168161079287529
258,0.12,0.1,0.168161079287529
258,0.12,0.2,0.17792253196239471
258,0.15,0.0,0.17322658002376556
258,0.15,0.1,0.17322658002376556
258,0.15,0.2,0.1566639542579651
259,0.0,0.0,0.10347655415534973
259,0.0,0.1,0.10347655415534973
259,0.0,0.2,0.11103246361017227
259,0.03,0.0,0.09358076006174088
259,0.03,0.1,0.09358076006174088
259,0.03,0.2,0.1076495423913002
259,0.06,0.0,0.09018255770206451
259,0.06,0.1,0.09018255770206451
259,0.06,0.2,0.09798254072666168
259,0.09,0.0,0.09179674088954926
259,0.09,0.1,0.09179674088954926
259,0.09,0.2,0.0985301285982132
259,0.12,0.0,0.08262919634580612
259,0.12,0.1,0.08262919634580612
259,0.12,0.2,0.08527711778879166
259,0.15,0.0,0.08218885958194733
259,0.15,0.1,0.08218885958194733
259,0.15,0.2,0.08820363879203796
26,0.0,0.0,0.1062379777431488
26,0.0,0.1,0.1062379777431488
26,0.0,0.2,0.11323630064725876
26,0.03,0.0,0.10579637438058853
26,0.03,0.1,0.10579637438058853
26,0.03,0.2,0.13410165905952454
26,0.06,0.0,0.11142207682132721
26,0.06,0.1,0.11142207682132721
26,0.06,0.2,0.14046986401081085
26,0.09,0.0,0.13081496953964233
26,0.09,0.1,0.13081496953964233
26,0.09,0.2,0.12071119248867035
26,0.12,0.0,0.1375005841255188
26,0.12,0.1,0.1375005841255188
26,0.12,0.2,0.11234458535909653
26,0.15,0.0,0.12843289971351624
26,0.15,0.1,0.12843289971351624
26,0.15,0.2,0.11264777183532715
260,0.0,0.0,0.09220743924379349
260,0.0,0.1,0.09220743924379349
260,0.0,0.2,0.09250243008136749
260,0.03,0.0,0.08647044003009796
260,0.03,0.1,0.08647044003009796
260,0.03,0.2,0.09248126298189163
260,0.06,0.0,0.09840593487024307
260,0.06,0.1,0.09840593487024307
260,0.06,0.2,0.08255811780691147
260,0.09,0.0,0.10874209553003311
260,0.09,0.1,0.10874209553003311
260,0.09,0.2,0.08343944698572159
260,0.12,0.0,0.09119326621294022
260,0.12,0.1,0.09119326621294022
260,0.12,0.2,0.08883777260780334
260,0.15,0.0,0.08671248704195023
260,0.15,0.1,0.08671248704195023
260,0.15,0.2,0.08746247738599777
261,0.0,0.0,0.09049070626497269
261,0.0,0.1,0.09049070626497269
261,0.0,0.2,0.08391857147216797
261,0.03,0.0,0.09507936239242554
261,0.03,0.1,0.09507936239242554
261,0.03,0.2,0.08838676661252975
261,0.06,0.0,0.0892033576965332
261,0.06,0.1,0.0892033576965332
261,0.06,0.2,0.07576348632574081
261,0.09,0.0,0.09223795682191849
261,0.09,0.1,0.09223795682191849
261,0.09,0.2,0.09063641726970673
261,0.12,0.0,0.08250308036804199
261,0.12,0.1,0.08250308036804199
261,0.12,0.2,0.08661350607872009
261,0.15,0.0,0.09097760915756226
261,0.15,0.1,0.09097760915756226
261,0.15,0.2,0.08456140011548996
262,0.0,0.0,0.13003668189048767
262,0.0,0.1,0.13003668189048767
262,0.0,0.2,0.13009998202323914
262,0.03,0.0,0.147661030292511
262,0.03,0.1,0.147661030292511
262,0.03,0.2,0.17334824800491333
262,0.06,0.0,0.14915549755096436
262,0.06,0.1,0.14915549755096436
262,0.06,0.2,0.12932263314723969
262,0.09,0.0,0.12357499450445175
262,0.09,0.1,0.12357499450445175
262,0.09,0.2,0.15031857788562775
262,0.12,0.0,0.119407519698143
262,0.12,0.1,0.119407519698143
262,0.12,0.2,0.18251897394657135
262,0.15,0.0,0.10721580684185028
262,0.15,0.1,0.10721580684185028
262,0.15,0.2,0.19625219702720642
263,0.0,0.0,0.10042031854391098
263,0.0,0.1,0.10042031854391098
263,0.0,0.2,0.09158273786306381
263,0.03,0.0,0.11225112527608871
263,0.03,0.1,0.11225112527608871
263,0.03,0.2,0.08992952108383179
263,0.06,0.0,0.13649773597717285
263,0.06,0.1,0.13649773597717285
263,0.06,0.2,0.09392794221639633
263,0.09,0.0,0.08994825184345245
263,0.09,0.1,0.08994825184345245
263,0.09,0.2,0.09234235435724258
263,0.12,0.0,0.10806136578321457
263,0.12,0.1,0.10806136578321457
263,0.12,0.2,0.09558680653572083
263,0.15,0.0,0.11618286371231079
263,0.15,0.1,0.11618286371231079
263,0.15,0.2,0.10162843018770218
264,0.0,0.0,0.08731059730052948
264,0.0,0.1,0.08731059730052948
264,0.0,0.2,0.0935155525803566
264,0.03,0.0,0.09626133739948273
264,0.03,0.1,0.09626133739948273
264,0.03,0.2,0.09240642935037613
264,0.06,0.0,0.10715191066265106
264,0.06,0.1,0.10715191066265106
264,0.06,0.2,0.09702132642269135
264,0.09,0.0,0.08931484073400497
264,0.09,0.1,0.08931484073400497
264,0.09,0.2,0.08984025567770004
264,0.12,0.0,0.09118659794330597
264,0.12,0.1,0.09118659794330597
264,0.12,0.2,0.08768334239721298
264,0.15,0.0,0.0994582548737526
264,0.15,0.1,0.0994582548737526
264,0.15,0.2,0.08948355913162231
265,0.0,0.0,0.08101114630699158
265,0.0,0.1,0.08101114630699158
265,0.0,0.2,0.15567705035209656
265,0.03,0.0,0.11659527570009232
265,0.03,0.1,0.11659527570009232
265,0.03,0.2,0.18957875669002533
265,0.06,0.0,0.14399176836013794
265,0.06,0.1,0.14399176836013794
265,0.06,0.2,0.19099785387516022
265,0.09,0.0,0.17733381688594818
265,0.09,0.1,0.17733381688594818
265,0.09,0.2,0.17703959345817566
265,0.12,0.0,0.1916726529598236
265,0.12,0.1,0.1916726529598236
265,0.12,0.2,0.15120232105255127
265,0.15,0.0,0.19018200039863586
265,0.15,0.1,0.19018200039863586
265,0.15,0.2,0.12350188195705414
266,0.0,0.0,0.123125821352005
266,0.0,0.1,0.123125821352005
266,0.0,0.2,0.1325286626815796
266,0.03,0.0,0.09960903972387314
266,0.03,0.1,0.09960903972387314
266,0.03,0.2,0.108566515147686
266,0.06,0.0,0.08818923681974411
266,0.06,0.1,0.08818923681974411
266,0.06,0.2,0.08980605751276016
266,0.09,0.0,0.09955807030200958
266,0.09,0.1,0.09955807030200958
266,0.09,0.2,0.10217635333538055
266,0.12,0.0,0.09219130128622055
266,0.12,0.1,0.09219130128622055
266,0.12,0.2,0.11255648732185364
266,0.15,0.0,0.08875963091850281
266,0.15,0.1,0.08875963091850281
266,0.15,0.2,0.09579005837440491
267,0.0,0.0,0.1100868508219719
267,0.0,0.1,0.1100868508219719
267,0.0,0.2,0.07871808856725693
267,0.03,0.0,0.09053493291139603
267,0.03,0.1,0.09053493291139603
267,0.03,0.2,0.08017098158597946
267,0.06,0.0,0.09324632585048676
267,0.06,0.1,0.09324632585048676
267,0.06,0.2,0.08342073857784271
267,0.09,0.0,0.09450094401836395
267,0.09,0.1,0.09450094401836395
267,0.09,0.2,0.07671712338924408
267,0.12,0.0,0.080281101167202
267,0.12,0.1,0.080281101167202
267,0.12,0.2,0.08833794295787811
267,0.15,0.0,0.08477620035409927
267,0.15,0.1,0.08477620035409927
267,0.15,0.2,0.08800773322582245
268,0.0,0.0,0.10903145372867584
268,0.0,0.1,0.10903145372867584
268,0.0,0.2,0.10887331515550613
268,0.03,0.0,0.1128045842051506
268,0.03,0.1,0.1128045842051506
268,0.03,0.2,0.11171279102563858
268,0.06,0.0,0.12364041805267334
268,0.06,0.1,0.12364041805267334
268,0.06,0.2,0.10905435681343079
268,0.09,0.0,0.12477424740791321
268,0.09,0.1,0.12477424740791321
268,0.09,0.2,0.1000802144408226
268,0.12,0.0,0.10961510241031647
268,0.12,0.1,0.10961510241031647
268,0.12,0.2,0.11751402914524078
268,0.15,0.0,0.11118194460868835
268,0.15,0.1,0.11118194460868835
268,0.15,0.2,0.1109791249036789
269,0.0,0.0,0.08943987637758255
269,0.0,0.1,0.08943987637758255
269,0.0,0.2,0.09938959032297134
269,0.03,0.0,0.08402860164642334
269,0.03,0.1,0.08402860164642334
269,0.03,0.2,0.09931047260761261
269,0.06,0.0,0.1125304102897644
269,0.06,0.1,0.1125304102897644
269,0.06,0.2,0.1206221878528595
269,0.09,0.0,0.11231686174869537
269,0.09,0.1,0.11231686174869537
269,0.09,0.2,0.14210039377212524
269,0.12,0.0,0.10701838880777359
269,0.12,0.1,0.10701838880777359
269,0.12,0.2,0.12793518602848053
269,0.15,0.0,0.08854059129953384
269,0.15,0.1,0.08854059129953384
269,0.15,0.2,0.11055611073970795
27,0.0,0.0,0.0911785140633583
27,0.0,0.1,0.0911785140633583
27,0.0,0.2,0.0992651954293251
27,0.03,0.0,0.09950599074363708
27,0.03,0.1,0.09950599074363708
27,0.03,0.2,0.10108716040849686
27,0.06,0.0,0.09279486536979675
27,0.06,0.1,0.09279486536979675
27,0.06,0.2,0.09935998916625977
27,0.09,0.0,0.10514562577009201
27,0.09,0.1,0.10514562577009201
27,0.09,0.2,0.10855384916067123
27,0.12,0.0,0.09751670807600021
27,0.12,0.1,0.09751670807600021
27,0.12,0.2,0.09462068974971771
27,0.15,0.0,0.10292890667915344
27,0.15,0.1,0.10292890667915344
27,0.15,0.2,0.1048344224691391
270,0.0,0.0,0.1191091313958168
270,0.0,0.1,0.1191091313958168
270,0.0,0.2,0.12138782441616058
270,0.03,0.0,0.12629012763500214
270,0.03,0.1,0.12629012763500214
270,0.03,0.2,0.12992094457149506
270,0.06,0.0,0.12443865090608597
270,0.06,0.1,0.12443865090608597
270,0.06,0.2,0.12241823971271515
270,0.09,0.0,0.12378133088350296
270,0.09,0.1,0.12378133088350296
270,0.09,0.2,0.11932554841041565
270,0.12,0.0,0.12717433273792267
270,0.12,0.1,0.12717433273792267
270,0.12,0.2,0.12574873864650726
270,0.15,0.0,0.10774460434913635
270,0.15,0.1,0.10774460434913635
270,0.15,0.2,0.11084647476673126
271,0.0,0.0,0.10577813535928726
271,0.0,0.1,0.10577813535928726
271,0.0,0.2,0.13551488518714905
271,0.03,0.0,0.10665834695100784
271,0.03,0.1,0.10665834695100784
271,0.03,0.2,0.13177353143692017
271,0.06,0.0,0.11501170694828033
271,0.06,0.1,0.11501170694828033
271,0.06,0.2,0.13345812261104584
271,0.09,0.0,0.10165725648403168
271,0.09,0.1,0.10165725648403168
271,0.09,0.2,0.11429383605718613
271,0.12,0.0,0.09731356054544449
271,0.12,0.1,0.09731356054544449
271,0.12,0.2,0.10454203933477402
271,0.15,0.0,0.09943333268165588
271,0.15,0.1,0.09943333268165588
271,0.15,0.2,0.09960431605577469
272,0.0,0.0,0.14953887462615967
272,0.0,0.1,0.14953887462615967
272,0.0,0.2,0.11995882540941238
272,0.03,0.0,0.1600402295589447
272,0.03,0.1,0.1600402295589447
272,0.03,0.2,0.13285279273986816
272,0.06,0.0,0.15844635665416718
272,0.06,0.1,0.15844635665416718
272,0.06,0.2,0.12617281079292297
272,0.09,0.0,0.12590093910694122
272,0.09,0.1,0.12590093910694122
272,0.09,0.2,0.11885474622249603
272,0.12,0.0,0.09836091846227646
272,0.12,0.1,0.09836091846227646
272,0.12,0.2,0.11330954730510712
272,0.15,0.0,0.10230988264083862
272,0.15,0.1,0.10230988264083862
272,0.15,0.2,0.09753303974866867
273,0.0,0.0,0.08199138939380646
273,0.0,0.1,0.08199138939380646
273,0.0,0.2,0.09268935769796371
273,0.03,0.0,0.095291867852211
273,0.03,0.1,0.095291867852211
273,0.03,0.2,0.08702807873487473
273,0.06,0.0,0.09127747267484665
273,0.06,0.1,0.09127747267484665
273,0.06,0.2,0.08784060925245285
273,0.09,0.0,0.09650889784097672
273,0.09,0.1,0.09650889784097672
273,0.09,0.2,0.09338170289993286
273,0.12,0.0,0.0840248242020607
273,0.12,0.1,0.0840248242020607
273,0.12,0.2,0.08924225717782974
273,0.15,0.0,0.0993141382932663
273,0.15,0.1,0.0993141382932663
273,0.15,0.2,0.0959457978606224
274,0.0,0.0,0.08240435272455215
274,0.0,0.1,0.08240435272455215
274,0.0,0.2,0.101119264960289
274,0.03,0.0,0.09211160987615585
274,0.03,0.1,0.09211160987615585
274,0.03,0.2,0.10011764615774155
274,0.06,0.0,0.09197331219911575
274,0.06,0.1,0.09197331219911575
274,0.06,0.2,0.11290008574724197
274,0.09,0.0,0.1114862784743309
274,0.09,0.1,0.1114862784743309
274,0.09,0.2,0.11723385751247406
274,0.12,0.0,0.09598087519407272
274,0.12,0.1,0.09598087519407272
274,0.12,0.2,0.1093938946723938
274,0.15,0.0,0.09500813484191895
274,0.15,0.1,0.09500813484191895
274,0.15,0.2,0.09506305307149887
275,0.0,0.0,0.09787087887525558
275,0.0,0.1,0.09787087887525558
275,0.0,0.2,0.10690620541572571
275,0.03,0.0,0.0888056606054306
275,0.03,0.1,0.0888056606054306
275,0.03,0.2,0.09854104369878769
275,0.06,0.0,0.08519238233566284
275,0.06,0.1,0.08519238233566284
275,0.06,0.2,0.11029857397079468
275,0.09,0.0,0.09539130330085754
275,0.09,0.1,0.09539130330085754
275,0.09,0.2,0.11494585126638412
275,0.12,0.0,0.09238876402378082
275,0.12,0.1,0.09238876402378082
275,0.12,0.2,0.10935564339160919
275,0.15,0.0,0.11690650135278702
275,0.15,0.1,0.11690650135278702
275,0.15,0.2,0.11949783563613892
276,0.0,0.0,0.09324752539396286
276,0.0,0.1,0.09324752539396286
276,0.0,0.2,0.09757044166326523
276,0.03,0.0,0.09783478081226349
276,0.03,0.1,0.09783478081226349
276,0.03,0.2,0.10785242170095444
276,0.06,0.0,0.09313245117664337
276,0.06,0.1,0.09313245117664337
276,0.06,0.2,0.10368212312459946
276,0.09,0.0,0.09033293277025223
276,0.09,0.1,0.09033293277025223
276,0.09,0.2,0.09957405179738998
276,0.12,0.0,0.09447338432073593
276,0.12,0.1,0.09447338432073593
276,0.12,0.2,0.11045464128255844
276,0.15,0.0,0.09297339618206024
276,0.15,0.1,0.09297339618206024
276,0.15,0.2,0.10592484474182129
277,0.0,0.0,0.09279531240463257
277,0.0,0.1,0.09279531240463257
277,0.0,0.2,0.09864860028028488
277,0.03,0.0,0.09516271948814392
277,0.03,0.1,0.09516271948814392
277,0.03,0.2,0.09161068499088287
277,0.06,0.0,0.08880298584699631
277,0.06,0.1,0.08880298584699631
277,0.06,0.2,0.10227672010660172
277,0.09,0.0,0.0856546014547348
277,0.09,0.1,0.0856546014547348
277,0.09,0.2,0.10082045197486877
277,0.12,0.0,0.08960410207509995
277,0.12,0.1,0.08960410207509995
277,0.12,0.2,0.10057961940765381
277,0.15,0.0,0.08651985973119736
277,0.15,0.1,0.08651985973119736
277,0.15,0.2,0.10237132012844086
278,0.0,0.0,0.0884414091706276
278,0.0,0.1,0.0884414091706276
278,0.0,0.2,0.15340879559516907
278,0.03,0.0,0.11044887453317642
278,0.03,0.1,0.11044887453317642
278,0.03,0.2,0.16115112602710724
278,0.06,0.0,0.1350780576467514
278,0.06,0.1,0.1350780576467514
278,0.06,0.2,0.16410601139068604
278,0.09,0.0,0.15903252363204956
278,0.09,0.1,0.15903252363204956
278,0.09,0.2,0.16949068009853363
278,0.12,0.0,0.1546282023191452
278,0.12,0.1,0.1546282023191452
278,0.12,0.2,0.14436586201190948
278,0.15,0.0,0.14085718989372253
278,0.15,0.1,0.14085718989372253
278,0.15,0.2,0.1137397363781929
279,0.0,0.0,0.10187296569347382
279,0.0,0.1,0.10187296569347382
279,0.0,0.2,0.09317656606435776
279,0.03,0.0,0.08496994525194168
279,0.03,0.1,0.08496994525194168
279,0.03,0.2,0.09010393917560577
279,0.06,0.0,0.0980353057384491
279,0.06,0.1,0.0980353057384491
279,0.06,0.2,0.08660747110843658
279,0.09,0.0,0.09349124133586884
279,0.09,0.1,0.09349124133586884
279,0.09,0.2,0.09259787201881409
279,0.12,0.0,0.10080177336931229
279,0.12,0.1,0.10080177336931229
279,0.12,0.2,0.09153104573488235
279,0.15,0.0,0.09302076697349548
279,0.15,0.1,0.09302076697349548
279,0.15,0.2,0.09537141025066376
28,0.0,0.0,0.0961420089006424
28,0.0,0.1,0.0961420089006424
28,0.0,0.2,0.17036421597003937
28,0.03,0.0,0.1018088236451149
28,0.03,0.1,0.1018088236451149
28,0.03,0.2,0.18194295465946198
28,0.06,0.0,0.12195314466953278
28,0.06,0.1,0.12195314466953278
28,0.06,0.2,0.16295072436332703
28,0.09,0.0,0.19788038730621338
28,0.09,0.1,0.19788038730621338
28,0.09,0.2,0.1403903216123581
28,0.12,0.0,0.21866506338119507
28,0.12,0.1,0.21866506338119507
28,0.12,0.2,0.12275749444961548
28,0.15,0.0,0.19783622026443481
28,0.15,0.1,0.19783622026443481
28,0.15,0.2,0.1250799149274826
280,0.0,0.0,0.09085143357515335
280,0.0,0.1,0.09085143357515335
280,0.0,0.2,0.09956560283899307
280,0.03,0.0,0.08353135734796524
280,0.03,0.1,0.08353135734796524
280,0.03,0.2,0.1076662689447403
280,0.06,0.0,0.08871213346719742
280,0.06,0.1,0.08871213346719742
280,0.06,0.2,0.10327884554862976
280,0.09,0.0,0.08564071357250214
280,0.09,0.1,0.08564071357250214
280,0.09,0.2,0.096930593252182
280,0.12,0.0,0.1010531559586525
280,0.12,0.1,0.1010531559586525
280,0.12,0.2,0.10214076936244965
280,0.15,0.0,0.09199988842010498
280,0.15,0.1,0.09199988842010498
280,0.15,0.2,0.09907346963882446
281,0.0,0.0,0.09237921237945557
281,0.0,0.1,0.09237921237945557
281,0.0,0.2,0.09035424888134003
281,0.03,0.0,0.09189888834953308
281,0.03,0.1,0.09189888834953308
281,0.03,0.2,0.0971754640340805
281,0.06,0.0,0.09058286249637604
281,0.06,0.1,0.09058286249637604
281,0.06,0.2,0.10330405831336975
281,0.09,0.0,0.09304641932249069
281,0.09,0.1,0.09304641932249069
281,0.09,0.2,0.09440339356660843
281,0.12,0.0,0.0886882096529007
281,0.12,0.1,0.0886882096529007
281,0.12,0.2,0.08578837662935257
281,0.15,0.0,0.1027703583240509
281,0.15,0.1,0.1027703583240509
281,0.15,0.2,0.09269578754901886
282,0.0,0.0,0.09701457619667053
282,0.0,0.1,0.09701457619667053
282,0.0,0.2,0.08252640813589096
282,0.03,0.0,0.08478611707687378
282,0.03,0.1,0.08478611707687378
282,0.03,0.2,0.09597007930278778
282,0.06,0.0,0.09031110256910324
282,0.06,0.1,0.09031110256910324
282,0.06,0.2,0.08412197232246399
282,0.09,0.0,0.08122807741165161
282,0.09,0.1,0.08122807741165161
282,0.09,0.2,0.08483903855085373
282,0.12,0.0,0.08691779524087906
282,0.12,0.1,0.08691779524087906
282,0.12,0.2,0.07889401167631149
282,0.15,0.0,0.08712568134069443
282,0.15,0.1,0.08712568134069443
282,0.15,0.2,0.08805135637521744
283,0.0,0.0,0.09127199649810791
283,0.0,0.1,0.09127199649810791
283,0.0,0.2,0.10929591953754425
283,0.03,0.0,0.1044963002204895
283,0.03,0.1,0.1044963002204895
283,0.03,0.2,0.11390671133995056
283,0.06,0.0,0.09453471750020981
283,0.06,0.1,0.09453471750020981
283,0.06,0.2,0.10453957319259644
283,0.09,0.0,0.10007008165121078
283,0.09,0.1,0.10007008165121078
283,0.09,0.2,0.09411604702472687
283,0.12,0.0,0.10520771145820618
283,0.12,0.1,0.10520771145820618
283,0.12,0.2,0.11053463071584702
283,0.15,0.0,0.09490890055894852
283,0.15,0.1,0.09490890055894852
283,0.15,0.2,0.10636060684919357
284,0.0,0.0,0.09045851230621338
284,0.0,0.1,0.09045851230621338
284,0.0,0.2,0.08981060981750488
284,0.03,0.0,0.10513371229171753
284,0.03,0.1,0.10513371229171753
284,0.03,0.2,0.09299139678478241
284,0.06,0.0,0.09753575921058655
284,0.06,0.1,0.09753575921058655
284,0.06,0.2,0.0846066027879715
284,0.09,0.0,0.09718894958496094
284,0.09,0.1,0.09718894958496094
284,0.09,0.2,0.09820810705423355
284,0.12,0.0,0.08511389791965485
284,0.12,0.1,0.08511389791965485
284,0.12,0.2,0.08176544308662415
284,0.15,0.0,0.09667213261127472
284,0.15,0.1,0.09667213261127472
284,0.15,0.2,0.09271290153265
285,0.0,0.0,0.11885242909193039
285,0.0,0.1,0.11885242909193039
285,0.0,0.2,0.15742698311805725
285,0.03,0.0,0.12014248967170715
285,0.03,0.1,0.12014248967170715
285,0.03,0.2,0.14423546195030212
285,0.06,0.0,0.13117387890815735
285,0.06,0.1,0.13117387890815735
285,0.06,0.2,0.1469283103942871
285,0.09,0.0,0.14735276997089386
285,0.09,0.1,0.14735276997089386
285,0.09,0.2,0.15545813739299774
285,0.12,0.0,0.13181662559509277
285,0.12,0.1,0.13181662559509277
285,0.12,0.2,0.13498489558696747
285,0.15,0.0,0.10913130640983582
285,0.15,0.1,0.10913130640983582
285,0.15,0.2,0.10811170190572739
286,0.0,0.0,0.10288863629102707
286,0.0,0.1,0.10288863629102707
286,0.0,0.2,0.09697631001472473
286,0.03,0.0,0.09586609154939651
286,0.03,0.1,0.09586609154939651
286,0.03,0.2,0.10489210486412048
286,0.06,0.0,0.1095094382762909
286,0.06,0.1,0.1095094382762909
286,0.06,0.2,0.11278370022773743
286,0.09,0.0,0.08643725514411926
286,0.09,0.1,0.08643725514411926
286,0.09,0.2,0.09432194381952286
286,0.12,0.0,0.07732213288545609
286,0.12,0.1,0.07732213288545609
286,0.12,0.2,0.10133880376815796
286,0.15,0.0,0.09614036232233047
286,0.15,0.1,0.09614036232233047
286,0.15,0.2,0.10716502368450165
287,0.0,0.0,0.09008806198835373
287,0.0,0.1,0.09008806198835373
287,0.0,0.2,0.10064651817083359
287,0.03,0.0,0.099187932908535
287,0.03,0.1,0.099187932908535
287,0.03,0.2,0.1452803760766983
287,0.06,0.0,0.10549403727054596
287,0.06,0.1,0.10549403727054596
287,0.06,0.2,0.12805341184139252
287,0.09,0.0,0.10667482763528824
287,0.09,0.1,0.10667482763528824
287,0.09,0.2,0.12452239543199539
287,0.12,0.0,0.11778944730758667
287,0.12,0.1,0.11778944730758667
287,0.12,0.2,0.13467241823673248
287,0.15,0.0,0.12206653505563736
287,0.15,0.1,0.12206653505563736
287,0.15,0.2,0.11575810611248016
288,0.0,0.0,0.08945461362600327
288,0.0,0.1,0.08945461362600327
288,0.0,0.2,0.09490656107664108
288,0.03,0.0,0.09334606677293777
288,0.03,0.1,0.09334606677293777
288,0.03,0.2,0.11670014262199402
288,0.06,0.0,0.08275934308767319
288,0.06,0.1,0.08275934308767319
288,0.06,0.2,0.09034264832735062
288,0.09,0.0,0.09830667823553085
288,0.09,0.1,0.09830667823553085
288,0.09,0.2,0.09680717438459396
288,0.12,0.0,0.10802711546421051
288,0.12,0.1,0.10802711546421051
288,0.12,0.2,0.09742504358291626
288,0.15,0.0,0.11379633098840714
288,0.15,0.1,0.11379633098840714
288,0.15,0.2,0.08541538566350937
289,0.0,0.0,0.09783174097537994
289,0.0,0.1,0.09783174097537994
289,0.0,0.2,0.11300010234117508
289,0.03,0.0,0.10182958096265793
289,0.03,0.1,0.10182958096265793
289,0.03,0.2,0.10712219774723053
289,0.06,0.0,0.10914086550474167
289,0.06,0.1,0.10914086550474167
289,0.06,0.2,0.1129218339920044
289,0.09,0.0,0.08702170848846436
289,0.09,0.1,0.08702170848846436
289,0.09,0.2,0.1055067852139473
289,0.12,0.0,0.10259098559617996
289,0.12,0.1,0.10259098559617996
289,0.12,0.2,0.09203149378299713
289,0.15,0.0,0.09253990650177002
289,0.15,0.1,0.09253990650177002
289,0.15,0.2,0.08595562726259232
29,0.0,0.0,0.095097117125988
29,0.0,0.1,0.095097117125988
29,0.0,0.2,0.096480593085289
29,0.03,0.0,0.09706030040979385
29,0.03,0.1,0.09706030040979385
29,0.03,0.2,0.10723573714494705
29,0.06,0.0,0.1003449559211731
29,0.06,0.1,0.1003449559211731
29,0.06,0.2,0.0938776507973671
29,0.09,0.0,0.10607882589101791
29,0.09,0.1,0.10607882589101791
29,0.09,0.2,0.09186971187591553
29,0.12,0.0,0.11570639163255692
29,0.12,0.1,0.11570639163255692
29,0.12,0.2,0.1153021827340126
29,0.15,0.0,0.08429430425167084
29,0.15,0.1,0.08429430425167084
29,0.15,0.2,0.10364413261413574
290,0.0,0.0,0.09417968988418579
290,0.0,0.1,0.09417968988418579
290,0.0,0.2,0.09209690988063812
290,0.03,0.0,0.10593671351671219
290,0.03,0.1,0.10593671351671219
290,0.03,0.2,0.09990134090185165
290,0.06,0.0,0.08803362399339676
290,0.06,0.1,0.08803362399339676
290,0.06,0.2,0.1035861149430275
290,0.09,0.0,0.08353418111801147
290,0.09,0.1,0.08353418111801147
290,0.09,0.2,0.09752675145864487
290,0.12,0.0,0.09281289577484131
290,0.12,0.1,0.09281289577484131
290,0.12,0.2,0.10195888578891754
290,0.15,0.0,0.11002505570650101
290,0.15,0.1,0.11002505570650101
290,0.15,0.2,0.08754324167966843
291,0.0,0.0,0.1669604778289795
291,0.0,0.1,0.1669604778289795
291,0.0,0.2,0.2006850689649582
291,0.03,0.0,0.1578739732503891
291,0.03,0.1,0.1578739732503891
291,0.03,0.2,0.15181446075439453
291,0.06,0.0,0.11428547650575638
291,0.06,0.1,0.11428547650575638
291,0.06,0.2,0.11975277960300446
291,0.09,0.0,0.13022910058498383
291,0.09,0.1,0.13022910058498383
291,0.09,0.2,0.14412418007850647
291,0.12,0.0,0.1196625605225563
291,0.12,0.1,0.1196625605225563
291,0.12,0.2,0.12434710562229156
291,0.15,0.0,0.1258685290813446
291,0.15,0.1,0.1258685290813446
291,0.15,0.2,0.12564842402935028
3,0.0,0.0,0.09363812208175659
3,0.0,0.1,0.09363812208175659
3,0.0,0.2,0.08536552637815475
3,0.03,0.0,0.08479668945074081
3,0.03,0.1,0.08479668945074081
3,0.03,0.2,0.09994129091501236
3,0.06,0.0,0.08291859924793243
3,0.06,0.1,0.08291859924793243
3,0.06,0.2,0.09062201529741287
3,0.09,0.0,0.08809125423431396
3,0.09,0.1,0.08809125423431396
3,0.09,0.2,0.09001677483320236
3,0.12,0.0,0.0904538631439209
3,0.12,0.1,0.0904538631439209
3,0.12,0.2,0.09229662269353867
3,0.15,0.0,0.09468746930360794
3,0.15,0.1,0.09468746930360794
3,0.15,0.2,0.08585704863071442
30,0.0,0.0,0.07994190603494644
30,0.0,0.1,0.07994190603494644
30,0.0,0.2,0.08309555053710938
30,0.03,0.0,0.08629199117422104
30,0.03,0.1,0.08629199117422104
30,0.03,0.2,0.08507073670625687
30,0.06,0.0,0.08589346706867218
30,0.06,0.1,0.08589346706867218
30,0.06,0.2,0.08443775027990341
30,0.09,0.0,0.08764137327671051
30,0.09,0.1,0.08764137327671051
30,0.09,0.2,0.08284064382314682
30,0.12,0.0,0.08430542796850204
30,0.12,0.1,0.08430542796850204
30,0.12,0.2,0.0879453644156456
30,0.15,0.0,0.07957674562931061
30,0.15,0.1,0.07957674562931061
30,0.15,0.2,0.0836605578660965
31,0.0,0.0,0.08519741147756577
31,0.0,0.1,0.08519741147756577
31,0.0,0.2,0.08960290253162384
31,0.03,0.0,0.08595342934131622
31,0.03,0.1,0.08595342934131622
31,0.03,0.2,0.09376198053359985
31,0.06,0.0,0.09057136625051498
31,0.06,0.1,0.09057136625051498
31,0.06,0.2,0.09499255567789078
31,0.09,0.0,0.09082502126693726
31,0.09,0.1,0.09082502126693726
31,0.09,0.2,0.09553833305835724
31,0.12,0.0,0.12196424603462219
31,0.12,0.1,0.12196424603462219
31,0.12,0.2,0.08405086398124695
31,0.15,0.0,0.11812466382980347
31,0.15,0.1,0.11812466382980347
31,0.15,0.2,0.08858446776866913
32,0.0,0.0,0.16540996730327606
32,0.0,0.1,0.16540996730327606
32,0.0,0.2,0.25282642245292664
32,0.03,0.0,0.17944826185703278
32,0.03,0.1,0.17944826185703278
32,0.03,0.2,0.234263077378273
32,0.06,0.0,0.1934148073196411
32,0.06,0.1,0.1934148073196411
32,0.06,0.2,0.18159456551074982
32,0.09,0.0,0.22868028283119202
32,0.09,0.1,0.22868028283119202
32,0.09,0.2,0.15713723003864288
32,0.12,0.0,0.23067539930343628
32,0.12,0.1,0.23067539930343628
32,0.12,0.2,0.13855572044849396
32,0.15,0.0,0.17798970639705658
32,0.15,0.1,0.17798970639705658
32,0.15,0.2,0.11586882174015045
33,0.0,0.0,0.08851907402276993
33,0.0,0.1,0.08851907402276993
33,0.0,0.2,0.15240120887756348
33,0.03,0.0,0.13159744441509247
33,0.03,0.1,0.13159744441509247
33,0.03,0.2,0.1642075777053833
33,0.06,0.0,0.15247853100299835
33,0.06,0.1,0.15247853100299835
33,0.06,0.2,0.14730745553970337
33,0.09,0.0,0.1609233319759369
33,0.09,0.1,0.1609233319759369
33,0.09,0.2,0.1360713094472885
33,0.12,0.0,0.13814526796340942
33,0.12,0.1,0.13814526796340942
33,0.12,0.2,0.12286604195833206
33,0.15,0.0,0.10288391262292862
33,0.15,0.1,0.10288391262292862
33,0.15,0.2,0.10866862535476685
34,0.0,0.0,0.10189106315374374
34,0.0,0.1,0.10189106315374374
34,0.0,0.2,0.1418544501066208
34,0.03,0.0,0.10741206258535385
34,0.03,0.1,0.10741206258535385
34,0.03,0.2,0.13926853239536285
34,0.06,0.0,0.12250889837741852
34,0.06,0.1,0.12250889837741852
34,0.06,0.2,0.13014313578605652
34,0.09,0.0,0.11929981410503387
34,0.09,0.1,0.11929981410503387
34,0.09,0.2,0.10888531804084778
34,0.12,0.0,0.10373885184526443
34,0.12,0.1,0.10373885184526443
34,0.12,0.2,0.09515219926834106
34,0.15,0.0,0.10309234261512756
34,0.15,0.1,0.10309234261512756
34,0.15,0.2,0.089342400431633
35,0.0,0.0,0.09789720922708511
35,0.0,0.1,0.09789720922708511
35,0.0,0.2,0.09308777004480362
35,0.03,0.0,0.11918176710605621
35,0.03,0.1,0.11918176710605621
35,0.03,0.2,0.12172769010066986
35,0.06,0.0,0.09480644017457962
35,0.06,0.1,0.09480644017457962
35,0.06,0.2,0.10920156538486481
35,0.09,0.0,0.1000460535287857
35,0.09,0.1,0.1000460535287857
35,0.09,0.2,0.08153257519006729
35,0.12,0.0,0.09776796400547028
35,0.12,0.1,0.09776796400547028
35,0.12,0.2,0.09339611977338791
35,0.15,0.0,0.09008986502885818
35,0.15,0.1,0.09008986502885818
35,0.15,0.2,0.10005803406238556
36,0.0,0.0,0.1010289266705513
36,0.0,0.1,0.1010289266705513
36,0.0,0.2,0.16590721905231476
36,0.03,0.0,0.1347614973783493
36,0.03,0.1,0.1347614973783493
36,0.03,0.2,0.17344559729099274
36,0.06,0.0,0.1707281619310379
36,0.06,0.1,0.1707281619310379
36,0.06,0.2,0.17747431993484497
36,0.09,0.0,0.16332760453224182
36,0.09,0.1,0.16332760453224182
36,0.09,0.2,0.1495451182126999
36,0.12,0.0,0.1697642207145691
36,0.12,0.1,0.1697642207145691
36,0.12,0.2,0.11475186049938202
36,0.15,0.0,0.14094394445419312
36,0.15,0.1,0.14094394445419312
36,0.15,0.2,0.08680654317140579
37,0.0,0.0,0.11167334765195847
37,0.0,0.1,0.11167334765195847
37,0.0,0.2,0.10200239717960358
37,0.03,0.0,0.09336325526237488
37,0.03,0.1,0.09336325526237488
37,0.03,0.2,0.10902204364538193
37,0.06,0.0,0.08921592682600021
37,0.06,0.1,0.08921592682600021
37,0.06,0.2,0.09999270737171173
37,0.09,0.0,0.10536245256662369
37,0.09,0.1,0.10536245256662369
37,0.09,0.2,0.0948912724852562
37,0.12,0.0,0.10131091624498367
37,0.12,0.1,0.10131091624498367
37,0.12,0.2,0.10039670765399933
37,0.15,0.0,0.09879278391599655
37,0.15,0.1,0.09879278391599655
37,0.15,0.2,0.09420183300971985
38,0.0,0.0,0.09297425299882889
38,0.0,0.1,0.09297425299882889
38,0.0,0.2,0.15285883843898773
38,0.03,0.0,0.11226929724216461
38,0.03,0.1,0.11226929724216461
38,0.03,0.2,0.1839495748281479
38,0.06,0.0,0.14699815213680267
38,0.06,0.1,0.14699815213680267
38,0.06,0.2,0.19915859401226044
38,0.09,0.0,0.17102473974227905
38,0.09,0.1,0.17102473974227905
38,0.09,0.2,0.18318843841552734
38,0.12,0.0,0.18320876359939575
38,0.12,0.1,0.18320876359939575
38,0.12,0.2,0.17237718403339386
38,0.15,0.0,0.1885192096233368
38,0.15,0.1,0.1885192096233368
38,0.15,0.2,0.1483701467514038
39,0.0,0.0,0.08234962075948715
39,0.0,0.1,0.08234962075948715
39,0.0,0.2,0.11314830929040909
39,0.03,0.0,0.09418892115354538
39,0.03,0.1,0.09418892115354538
39,0.03,0.2,0.10918600112199783
39,0.06,0.0,0.09852313250303268
39,0.06,0.1,0.09852313250303268
39,0.06,0.2,0.08589549362659454
39,0.09,0.0,0.08582939952611923
39,0.09,0.1,0.08582939952611923
39,0.09,0.2,0.08248379826545715
39,0.12,0.0,0.10841748118400574
39,0.12,0.1,0.10841748118400574
39,0.12,0.2,0.10793741047382355
39,0.15,0.0,0.08904898166656494
39,0.15,0.1,0.08904898166656494
39,0.15,0.2,0.09564795345067978
4,0.0,0.0,0.09929380565881729
4,0.0,0.1,0.09929380565881729
4,0.0,0.2,0.10047770291566849
4,0.03,0.0,0.12368234246969223
4,0.03,0.1,0.12368234246969223
4,0.03,0.2,0.13141411542892456
4,0.06,0.0,0.14193645119667053
4,0.06,0.1,0.14193645119667053
4,0.06,0.2,0.14788013696670532
4,0.09,0.0,0.09945870190858841
4,0.09,0.1,0.09945870190858841
4,0.09,0.2,0.09913387894630432
4,0.12,0.0,0.1052616685628891
4,0.12,0.1,0.1052616685628891
4,0.12,0.2,0.09777514636516571
4,0.15,0.0,0.12358102947473526
4,0.15,0.1,0.12358102947473526
4,0.15,0.2,0.10005107522010803
40,0.0,0.0,0.2348104566335678
40,0.0,0.1,0.2348104566335678
40,0.0,0.2,0.1625068634748459
40,0.03,0.0,0.22688058018684387
40,0.03,0.1,0.22688058018684387
40,0.03,0.2,0.13477955758571625
40,0.06,0.0,0.21368585526943207
40,0.06,0.1,0.21368585526943207
40,0.06,0.2,0.14089961349964142
40,0.09,0.0,0.22426088154315948
40,0.09,0.1,0.22426088154315948
40,0.09,0.2,0.15814755856990814
40,0.12,0.0,0.22818079590797424
40,0.12,0.1,0.22818079590797424
40,0.12,0.2,0.16833780705928802
40,0.15,0.0,0.18208912014961243
40,0.15,0.1,0.18208912014961243
40,0.15,0.2,0.16346198320388794
41,0.0,0.0,0.1012091264128685
41,0.0,0.1,0.1012091264128685
41,0.0,0.2,0.22584187984466553
41,0.03,0.0,0.1707623302936554
41,0.03,0.1,0.1707623302936554
41,0.03,0.2,0.25535863637924194
41,0.06,0.0,0.23102064430713654
41,0.06,0.1,0.23102064430713654
41,0.06,0.2,0.24383416771888733
41,0.09,0.0,0.2671821415424347
41,0.09,0.1,0.2671821415424347
41,0.09,0.2,0.21823005378246307
41,0.12,0.0,0.2620638906955719
41,0.12,0.1,0.2620638906955719
41,0.12,0.2,0.18398840725421906
41,0.15,0.0,0.21493665874004364
41,0.15,0.1,0.21493665874004364
41,0.15,0.2,0.14583703875541687
42,0.0,0.0,0.10018844157457352
42,0.0,0.1,0.10018844157457352
42,0.0,0.2,0.15850231051445007
42,0.03,0.0,0.12574781477451324
42,0.03,0.1,0.12574781477451324
42,0.03,0.2,0.15762916207313538
42,0.06,0.0,0.1470625251531601
42,0.06,0.1,0.1470625251531601
42,0.06,0.2,0.15177759528160095
42,0.09,0.0,0.1559455245733261
42,0.09,0.1,0.1559455245733261
42,0.09,0.2,0.14138925075531006
42,0.12,0.0,0.14499205350875854
42,0.12,0.1,0.14499205350875854
42,0.12,0.2,0.12093700468540192
42,0.15,0.0,0.13371197879314423
42,0.15,0.1,0.13371197879314423
42,0.15,0.2,0.11103881895542145
43,0.0,0.0,0.09337925910949707
43,0.0,0.1,0.09337925910949707
43,0.0,0.2,0.10960563272237778
43,0.03,0.0,0.09298284351825714
43,0.03,0.1,0.09298284351825714
43,0.03,0.2,0.08709258586168289
43,0.06,0.0,0.09341207146644592
43,0.06,0.1,0.09341207146644592
43,0.06,0.2,0.08769611269235611
43,0.09,0.0,0.09908427298069
43,0.09,0.1,0.09908427298069
43,0.09,0.2,0.09660409390926361
43,0.12,0.0,0.09275797009468079
43,0.12,0.1,0.09275797009468079
43,0.12,0.2,0.10372708737850189
43,0.15,0.0,0.09974722564220428
43,0.15,0.1,0.09974722564220428
43,0.15,0.2,0.09985500574111938
44,0.0,0.0,0.10972664505243301
44,0.0,0.1,0.10972664505243301
44,0.0,0.2,0.09104310721158981
44,0.03,0.0,0.10730285942554474
44,0.03,0.1,0.10730285942554474
44,0.03,0.2,0.09392178803682327
44,0.06,0.0,0.09615955501794815
44,0.06,0.1,0.09615955501794815
44,0.06,0.2,0.08964557945728302
44,0.09,0.0,0.08040212094783783
44,0.09,0.1,0.08040212094783783
44,0.09,0.2,0.10182368010282516
44,0.12,0.0,0.10009214282035828
44,0.12,0.1,0.10009214282035828
44,0.12,0.2,0.0921359583735466
44,0.15,0.0,0.08673956990242004
44,0.15,0.1,0.08673956990242004
44,0.15,0.2,0.09366096556186676
45,0.0,0.0,0.08607438206672668
45,0.0,0.1,0.08607438206672668
45,0.0,0.2,0.11208811402320862
45,0.03,0.0,0.0979233831167221
45,0.03,0.1,0.0979233831167221
45,0.03,0.2,0.13492627441883087
45,0.06,0.0,0.1363109052181244
45,0.06,0.1,0.1363109052181244
45,0.06,0.2,0.14762943983078003
45,0.09,0.0,0.15047073364257812
45,0.09,0.1,0.15047073364257812
45,0.09,0.2,0.15365637838840485
45,0.12,0.0,0.14327973127365112
45,0.12,0.1,0.14327973127365112
45,0.12,0.2,0.128608837723732
45,0.15,0.0,0.1319628208875656
45,0.15,0.1,0.1319628208875656
45,0.15,0.2,0.10086866468191147
46,0.0,0.0,0.08850739896297455
46,0.0,0.1,0.08850739896297455
46,0.0,0.2,0.12261369824409485
46,0.03,0.0,0.09135345369577408
46,0.03,0.1,0.09135345369577408
46,0.03,0.2,0.11828973889350891
46,0.06,0.0,0.11030491441488266
46,0.06,0.1,0.11030491441488266
46,0.06,0.2,0.10852030664682388
46,0.09,0.0,0.11224253475666046
46,0.09,0.1,0.11224253475666046
46,0.09,0.2,0.09342027455568314
46,0.12,0.0,0.11903370171785355
46,0.12,0.1,0.11903370171785355
46,0.12,0.2,0.08051248639822006
46,0.15,0.0,0.10797283798456192
46,0.15,0.1,0.10797283798456192
46,0.15,0.2,0.11875161528587341
47,0.0,0.0,0.08882608264684677
47,0.0,0.1,0.08882608264684677
47,0.0,0.2,0.0860397219657898
47,0.03,0.0,0.09281665831804276
47,0.03,0.1,0.09281665831804276
47,0.03,0.2,0.084139883518219
47,0.06,0.0,0.08368657529354095
47,0.06,0.1,0.08368657529354095
47,0.06,0.2,0.09017474949359894
47,0.09,0.0,0.08092543482780457
47,0.09,0.1,0.08092543482780457
47,0.09,0.2,0.09417938441038132
47,0.12,0.0,0.09167396277189255
47,0.12,0.1,0.09167396277189255
47,0.12,0.2,0.08537882566452026
47,0.15,0.0,0.08818414062261581
47,0.15,0.1,0.08818414062261581
47,0.15,0.2,0.08446595817804337
48,0.0,0.0,0.07689716666936874
48,0.0,0.1,0.07689716666936874
48,0.0,0.2,0.08353732526302338
48,0.03,0.0,0.08236850053071976
48,0.03,0.1,0.08236850053071976
48,0.03,0.2,0.08582912385463715
48,0.06,0.0,0.07912061363458633
48,0.06,0.1,0.07912061363458633
48,0.06,0.2,0.08957608789205551
48,0.09,0.0,0.08249568194150925
48,0.09,0.1,0.08249568194150925
48,0.09,0.2,0.08601392060518265
48,0.12,0.0,0.08191826194524765
48,0.12,0.1,0.08191826194524765
48,0.12,0.2,0.08806729316711426
48,0.15,0.0,0.08177460730075836
48,0.15,0.1,0.08177460730075836
48,0.15,0.2,0.08914375305175781
49,0.0,0.0,0.09042268246412277
49,0.0,0.1,0.09042268246412277
49,0.0,0.2,0.0943102240562439
49,0.03,0.0,0.10132686793804169
49,0.03,0.1,0.10132686793804169
49,0.03,0.2,0.09093108773231506
49,0.06,0.0,0.09614932537078857
49,0.06,0.1,0.09614932537078857
49,0.06,0.2,0.10676655173301697
49,0.09,0.0,0.0901796966791153
49,0.09,0.1,0.0901796966791153
49,0.09,0.2,0.08531433343887329
49,0.12,0.0,0.0879398062825203
49,0.12,0.1,0.0879398062825203
49,0.12,0.2,0.09578060358762741
49,0.15,0.0,0.09179193526506424
49,0.15,0.1,0.09179193526506424
49,0.15,0.2,0.08067508041858673
5,0.0,0.0,0.0870618149638176
5,0.0,0.1,0.0870618149638176
5,0.0,0.2,0.08406062424182892
5,0.03,0.0,0.09421936422586441
5,0.03,0.1,0.09421936422586441
5,0.03,0.2,0.089091457426548
5,0.06,0.0,0.08337949961423874
5,0.06,0.1,0.08337949961423874
5,0.06,0.2,0.08082856237888336
5,0.09,0.0,0.09118164330720901
5,0.09,0.1,0.09118164330720901
5,0.09,0.2,0.0841764435172081
5,0.12,0.0,0.08274324238300323
5,0.12,0.1,0.08274324238300323
5,0.12,0.2,0.07990055531263351
5,0.15,0.0,0.08437009155750275
5,0.15,0.1,0.08437009155750275
5,0.15,0.2,0.0801110565662384
50,0.0,0.0,0.17905181646347046
50,0.0,0.1,0.17905181646347046
50,0.0,0.2,0.1502164751291275
50,0.03,0.0,0.15666189789772034
50,0.03,0.1,0.15666189789772034
50,0.03,0.2,0.14492584764957428
50,0.06,0.0,0.1355365514755249
50,0.06,0.1,0.1355365514755249
50,0.06,0.2,0.1683773547410965
50,0.09,0.0,0.16091415286064148
50,0.09,0.1,0.16091415286064148
50,0.09,0.2,0.14577440917491913
50,0.12,0.0,0.15735895931720734
50,0.12,0.1,0.15735895931720734
50,0.12,0.2,0.1502211093902588
50,0.15,0.0,0.1739102602005005
50,0.15,0.1,0.1739102602005005
50,0.15,0.2,0.1616816520690918
51,0.0,0.0,0.09358103573322296
51,0.0,0.1,0.09358103573322296
51,0.0,0.2,0.12124226987361908
51,0.03,0.0,0.09089980274438858
51,0.03,0.1,0.09089980274438858
51,0.03,0.2,0.10475599020719528
51,0.06,0.0,0.09420498460531235
51,0.06,0.1,0.09420498460531235
51,0.06,0.2,0.10749636590480804
51,0.09,0.0,0.09426090121269226
51,0.09,0.1,0.09426090121269226
51,0.09,0.2,0.09402836114168167
51,0.12,0.0,0.10014016181230545
51,0.12,0.1,0.10014016181230545
51,0.12,0.2,0.09251870214939117
51,0.15,0.0,0.10308241844177246
51,0.15,0.1,0.10308241844177246
51,0.15,0.2,0.08553527295589447
52,0.0,0.0,0.10485389828681946
52,0.0,0.1,0.10485389828681946
52,0.0,0.2,0.09821584820747375
52,0.03,0.0,0.0978272557258606
52,0.03,0.1,0.0978272557258606
52,0.03,0.2,0.08788183331489563
52,0.06,0.0,0.1114560142159462
52,0.06,0.1,0.1114560142159462
52,0.06,0.2,0.09563147276639938
52,0.09,0.0,0.10639698803424835
52,0.09,0.1,0.10639698803424835
52,0.09,0.2,0.0971812978386879
52,0.12,0.0,0.0880671963095665
52,0.12,0.1,0.0880671963095665
52,0.12,0.2,0.09823262691497803
52,0.15,0.0,0.08806201815605164
52,0.15,0.1,0.08806201815605164
52,0.15,0.2,0.10193430632352829
53,0.0,0.0,0.12427356094121933
53,0.0,0.1,0.12427356094121933
53,0.0,0.2,0.12529778480529785
53,0.03,0.0,0.0971655547618866
53,0.03,0.1,0.0971655547618866
53,0.03,0.2,0.09182799607515335
53,0.06,0.0,0.10172521322965622
53,0.06,0.1,0.10172521322965622
53,0.06,0.2,0.10578671097755432
53,0.09,0.0,0.11180310696363449
53,0.09,0.1,0.11180310696363449
53,0.09,0.2,0.1006789579987526
53,0.12,0.0,0.10103709995746613
53,0.12,0.1,0.10103709995746613
53,0.12,0.2,0.12049342691898346
53,0.15,0.0,0.1001090556383133
53,0.15,0.1,0.1001090556383133
53,0.15,0.2,0.10330937802791595
54,0.0,0.0,0.09581521153450012
54,0.0,0.1,0.09581521153450012
54,0.0,0.2,0.0868758037686348
54,0.03,0.0,0.08666285872459412
54,0.03,0.1,0.08666285872459412
54,0.03,0.2,0.0986071527004242
54,0.06,0.0,0.08440645039081573
54,0.06,0.1,0.08440645039081573
54,0.06,0.2,0.07972986251115799
54,0.09,0.0,0.09327562898397446
54,0.09,0.1,0.09327562898397446
54,0.09,0.2,0.09074199944734573
54,0.12,0.0,0.101741261780262
54,0.12,0.1,0.101741261780262
54,0.12,0.2,0.09065482020378113
54,0.15,0.0,0.09215149283409119
54,0.15,0.1,0.09215149283409119
54,0.15,0.2,0.08653254061937332
55,0.0,0.0,0.08531232923269272
55,0.0,0.1,0.08531232923269272
55,0.0,0.2,0.18019293248653412
55,0.03,0.0,0.15825816988945007
55,0.03,0.1,0.15825816988945007
55,0.03,0.2,0.19634859263896942
55,0.06,0.0,0.22093920409679413
55,0.06,0.1,0.22093920409679413
55,0.06,0.2,0.18944816291332245
55,0.09,0.0,0.21860258281230927
55,0.09,0.1,0.21860258281230927
55,0.09,0.2,0.14925473928451538
55,0.12,0.0,0.1819058358669281
55,0.12,0.1,0.1819058358669281
55,0.12,0.2,0.11745019257068634
55,0.15,0.0,0.10509849339723587
55,0.15,0.1,0.10509849339723587
55,0.15,0.2,0.08900932967662811
56,0.0,0.0,0.11292526125907898
56,0.0,0.1,0.11292526125907898
56,0.0,0.2,0.17937606573104858
56,0.03,0.0,0.139869824051857
56,0.03,0.1,0.139869824051857
56,0.03,0.2,0.19105929136276245
56,0.06,0.0,0.16485415399074554
56,0.06,0.1,0.16485415399074554
56,0.06,0.2,0.19641052186489105
56,0.09,0.0,0.1718447059392929
56,0.09,0.1,0.1718447059392929
56,0.09,0.2,0.18378570675849915
56,0.12,0.0,0.15706539154052734
56,0.12,0.1,0.15706539154052734
56,0.12,0.2,0.1494438499212265
56,0.15,0.0,0.13335511088371277
56,0.15,0.1,0.13335511088371277
56,0.15,0.2,0.11994382739067078
57,0.0,0.0,0.09998510032892227
57,0.0,0.1,0.09998510032892227
57,0.0,0.2,0.15218020975589752
57,0.03,0.0,0.1096324771642685
57,0.03,0.1,0.1096324771642685
57,0.03,0.2,0.15626850724220276
57,0.06,0.0,0.12888260185718536
57,0.06,0.1,0.12888260185718536
57,0.06,0.2,0.16451670229434967
57,0.09,0.0,0.14223092794418335
57,0.09,0.1,0.14223092794418335
57,0.09,0.2,0.17205587029457092
57,0.12,0.0,0.14157961308956146
57,0.12,0.1,0.14157961308956146
57,0.12,0.2,0.15091738104820251
57,0.15,0.0,0.1475217640399933
57,0.15,0.1,0.1475217640399933
57,0.15,0.2,0.14545802772045135
58,0.0,0.0,0.09055963903665543
58,0.0,0.1,0.09055963903665543
58,0.0,0.2,0.09436976909637451
58,0.03,0.0,0.09670838713645935
58,0.03,0.1,0.09670838713645935
58,0.03,0.2,0.08180208504199982
58,0.06,0.0,0.09094090014696121
58,0.06,0.1,0.09094090014696121
58,0.06,0.2,0.0816078782081604
58,0.09,0.0,0.08165270835161209
58,0.09,0.1,0.08165270835161209
58,0.09,0.2,0.10195952653884888
58,0.12,0.0,0.09713995456695557
58,0.12,0.1,0.09713995456695557
58,0.12,0.2,0.09854022413492203
58,0.15,0.0,0.08482833951711655
58,0.15,0.1,0.08482833951711655
58,0.15,0.2,0.09498182684183121
59,0.0,0.0,0.1011127382516861
59,0.0,0.1,0.1011127382516861
59,0.0,0.2,0.13133378326892853
59,0.03,0.0,0.14714322984218597
59,0.03,0.1,0.14714322984218597
59,0.03,0.2,0.1397031843662262
59,0.06,0.0,0.13942734897136688
59,0.06,0.1,0.13942734897136688
59,0.06,0.2,0.10487353801727295
59,0.09,0.0,0.14001858234405518
59,0.09,0.1,0.14001858234405518
59,0.09,0.2,0.09075849503278732
59,0.12,0.0,0.0983826071023941
59,0.12,0.1,0.0983826071023941
59,0.12,0.2,0.08203274756669998
59,0.15,0.0,0.09701542556285858
59,0.15,0.1,0.09701542556285858
59,0.15,0.2,0.08120481669902802
6,0.0,0.0,0.08641821146011353
6,0.0,0.1,0.08641821146011353
6,0.0,0.2,0.08200028538703918
6,0.03,0.0,0.09590306133031845
6,0.03,0.1,0.09590306133031845
6,0.03,0.2,0.08647691458463669
6,0.06,0.0,0.0874677374958992
6,0.06,0.1,0.0874677374958992
6,0.06,0.2,0.09120643883943558
6,0.09,0.0,0.09327970445156097
6,0.09,0.1,0.09327970445156097
6,0.09,0.2,0.09879688173532486
6,0.12,0.0,0.09489896148443222
6,0.12,0.1,0.09489896148443222
6,0.12,0.2,0.0840706080198288
6,0.15,0.0,0.0885617583990097
6,0.15,0.1,0.0885617583990097
6,0.15,0.2,0.08930517733097076
60,0.0,0.0,0.09831372648477554
60,0.0,0.1,0.09831372648477554
60,0.0,0.2,0.10747192800045013
60,0.03,0.0,0.09241607040166855
60,0.03,0.1,0.09241607040166855
60,0.03,0.2,0.0954066663980484
60,0.06,0.0,0.08325540274381638
60,0.06,0.1,0.08325540274381638
60,0.06,0.2,0.10167214274406433
60,0.09,0.0,0.11077284812927246
60,0.09,0.1,0.11077284812927246
60,0.09,0.2,0.09253490716218948
60,0.12,0.0,0.0944233387708664
60,0.12,0.1,0.0944233387708664
60,0.12,0.2,0.09663823992013931
60,0.15,0.0,0.09851747006177902
60,0.15,0.1,0.09851747006177902
60,0.15,0.2,0.08830948173999786
61,0.0,0.0,0.09450708329677582
61,0.0,0.1,0.09450708329677582
61,0.0,0.2,0.1029265895485878
61,0.03,0.0,0.08436034619808197
61,0.03,0.1,0.08436034619808197
61,0.03,0.2,0.08974592387676239
61,0.06,0.0,0.08749545365571976
61,0.06,0.1,0.08749545365571976
61,0.06,0.2,0.09039132297039032
61,0.09,0.0,0.1172129362821579
61,0.09,0.1,0.1172129362821579
61,0.09,0.2,0.100953109562397
61,0.12,0.0,0.09307437390089035
61,0.12,0.1,0.09307437390089035
61,0.12,0.2,0.10399897396564484
61,0.15,0.0,0.09620622545480728
61,0.15,0.1,0.09620622545480728
61,0.15,0.2,0.10761482268571854
62,0.0,0.0,0.11451933532953262
62,0.0,0.1,0.11451933532953262
62,0.0,0.2,0.1561184525489807
62,0.03,0.0,0.11006128787994385
62,0.03,0.1,0.11006128787994385
62,0.03,0.2,0.16978079080581665
62,0.06,0.0,0.1323084533214569
62,0.06,0.1,0.1323084533214569
62,0.06,0.2,0.15676827728748322
62,0.09,0.0,0.14682188630104065
62,0.09,0.1,0.14682188630104065
62,0.09,0.2,0.15929336845874786
62,0.12,0.0,0.14592766761779785
62,0.12,0.1,0.14592766761779785
62,0.12,0.2,0.1710483431816101
62,0.15,0.0,0.13274483382701874
62,0.15,0.1,0.13274483382701874
62,0.15,0.2,0.13672517240047455
63,0.0,0.0,0.14275406301021576
63,0.0,0.1,0.14275406301021576
63,0.0,0.2,0.3152404725551605
63,0.03,0.0,0.1898072212934494
63,0.03,0.1,0.1898072212934494
63,0.03,0.2,0.3413148820400238
63,0.06,0.0,0.25583210587501526
63,0.06,0.1,0.25583210587501526
63,0.06,0.2,0.3338598608970642
63,0.09,0.0,0.3316265046596527
63,0.09,0.1,0.3316265046596527
63,0.09,0.2,0.30714428424835205
63,0.12,0.0,0.34443578124046326
63,0.12,0.1,0.34443578124046326
63,0.12,0.2,0.24081799387931824
63,0.15,0.0,0.30867066979408264
63,0.15,0.1,0.30867066979408264
63,0.15,0.2,0.1693354696035385
64,0.0,0.0,0.08552650362253189
64,0.0,0.1,0.08552650362253189
64,0.0,0.2,0.09331890940666199
64,0.03,0.0,0.09312497824430466
64,0.03,0.1,0.09312497824430466
64,0.03,0.2,0.09911743551492691
64,0.06,0.0,0.09607834368944168
64,0.06,0.1,0.09607834368944168
64,0.06,0.2,0.09501012414693832
64,0.09,0.0,0.08646174520254135
64,0.09,0.1,0.08646174520254135
64,0.09,0.2,0.08092670142650604
64,0.12,0.0,0.10798600316047668
64,0.12,0.1,0.10798600316047668
64,0.12,0.2,0.09260115772485733
64,0.15,0.0,0.08990747481584549
64,0.15,0.1,0.08990747481584549
64,0.15,0.2,0.08821114152669907
65,0.0,0.0,0.14112244546413422
65,0.0,0.1,0.14112244546413422
65,0.0,0.2,0.14087678492069244
65,0.03,0.0,0.15529075264930725
65,0.03,0.1,0.15529075264930725
65,0.03,0.2,0.10932370275259018
65,0.06,0.0,0.15353555977344513
65,0.06,0.1,0.15353555977344513
65,0.06,0.2,0.11875119060277939
65,0.09,0.0,0.1196247786283493
65,0.09,0.1,0.1196247786283493
65,0.09,0.2,0.10682667791843414
65,0.12,0.0,0.10042011737823486
65,0.12,0.1,0.10042011737823486
65,0.12,0.2,0.09287881851196289
65,0.15,0.0,0.10436683148145676
65,0.15,0.1,0.10436683148145676
65,0.15,0.2,0.10755700618028641
66,0.0,0.0,0.08523838967084885
66,0.0,0.1,0.08523838967084885
66,0.0,0.2,0.08973192423582077
66,0.03,0.0,0.08385367691516876
66,0.03,0.1,0.08385367691516876
66,0.03,0.2,0.10367871820926666
66,0.06,0.0,0.08788266777992249
66,0.06,0.1,0.08788266777992249
66,0.06,0.2,0.0796809121966362
66,0.09,0.0,0.10252095013856888
66,0.09,0.1,0.10252095013856888
66,0.09,0.2,0.08605732768774033
66,0.12,0.0,0.09005945175886154
66,0.12,0.1,0.09005945175886154
66,0.12,0.2,0.08722507208585739
66,0.15,0.0,0.08804075419902802
66,0.15,0.1,0.08804075419902802
66,0.15,0.2,0.0934145376086235
67,0.0,0.0,0.14094178378582
67,0.0,0.1,0.14094178378582
67,0.0,0.2,0.14863456785678864
67,0.03,0.0,0.14651601016521454
67,0.03,0.1,0.14651601016521454
67,0.03,0.2,0.14813494682312012
67,0.06,0.0,0.12801089882850647
67,0.06,0.1,0.12801089882850647
67,0.06,0.2,0.1553841233253479
67,0.09,0.0,0.12881174683570862
67,0.09,0.1,0.12881174683570862
67,0.09,0.2,0.16115781664848328
67,0.12,0.0,0.12189115583896637
67,0.12,0.1,0.12189115583896637
67,0.12,0.2,0.12093044817447662
67,0.15,0.0,0.12041790783405304
67,0.15,0.1,0.12041790783405304
67,0.15,0.2,0.11355628818273544
68,0.0,0.0,0.11352960765361786
68,0.0,0.1,0.11352960765361786
68,0.0,0.2,0.09553737193346024
68,0.03,0.0,0.0907767042517662
68,0.03,0.1,0.0907767042517662
68,0.03,0.2,0.0970960184931755
68,0.06,0.0,0.09419846534729004
68,0.06,0.1,0.09419846534729004
68,0.06,0.2,0.1077193170785904
68,0.09,0.0,0.10542088001966476
68,0.09,0.1,0.10542088001966476
68,0.09,0.2,0.08547154068946838
68,0.12,0.0,0.08972077816724777
68,0.12,0.1,0.08972077816724777
68,0.12,0.2,0.08827406167984009
68,0.15,0.0,0.08385120332241058
68,0.15,0.1,0.08385120332241058
68,0.15,0.2,0.0797899141907692
69,0.0,0.0,0.10737062245607376
69,0.0,0.1,0.10737062245607376
69,0.0,0.2,0.12407733500003815
69,0.03,0.0,0.11070891469717026
69,0.03,0.1,0.11070891469717026
69,0.03,0.2,0.13449814915657043
69,0.06,0.0,0.10569652915000916
69,0.06,0.1,0.10569652915000916
69,0.06,0.2,0.11900776624679565
69,0.09,0.0,0.10639439523220062
69,0.09,0.1,0.10639439523220062
69,0.09,0.2,0.11747318506240845
69,0.12,0.0,0.10556569695472717
69,0.12,0.1,0.10556569695472717
69,0.12,0.2,0.11904043704271317
69,0.15,0.0,0.09673690050840378
69,0.15,0.1,0.09673690050840378
69,0.15,0.2,0.0986420065164566
7,0.0,0.0,0.08553025871515274
7,0.0,0.1,0.08553025871515274
7,0.0,0.2,0.09755443781614304
7,0.03,0.0,0.08947063982486725
7,0.03,0.1,0.08947063982486725
7,0.03,0.2,0.09783385694026947
7,0.06,0.0,0.09383748471736908
7,0.06,0.1,0.09383748471736908
7,0.06,0.2,0.08454515039920807
7,0.09,0.0,0.10023580491542816
7,0.09,0.1,0.10023580491542816
7,0.09,0.2,0.09113896638154984
7,0.12,0.0,0.08494637161493301
7,0.12,0.1,0.08494637161493301
7,0.12,0.2,0.10181859135627747
7,0.15,0.0,0.0847131535410881
7,0.15,0.1,0.0847131535410881
7,0.15,0.2,0.09010498225688934
70,0.0,0.0,0.10098214447498322
70,0.0,0.1,0.10098214447498322
70,0.0,0.2,0.12803347408771515
70,0.03,0.0,0.10292092710733414
70,0.03,0.1,0.10292092710733414
70,0.03,0.2,0.1287022978067398
70,0.06,0.0,0.09353917092084885
70,0.06,0.1,0.09353917092084885
70,0.06,0.2,0.11595577001571655
70,0.09,0.0,0.12067054212093353
70,0.09,0.1,0.12067054212093353
70,0.09,0.2,0.12314765155315399
70,0.12,0.0,0.11883825063705444
70,0.12,0.1,0.11883825063705444
70,0.12,0.2,0.11081178486347198
70,0.15,0.0,0.10636215656995773
70,0.15,0.1,0.10636215656995773
70,0.15,0.2,0.10180545598268509
71,0.0,0.0,0.08757030218839645
71,0.0,0.1,0.08757030218839645
71,0.0,0.2,0.097348153591156
71,0.03,0.0,0.08445760607719421
71,0.03,0.1,0.08445760607719421
71,0.03,0.2,0.10869450122117996
71,0.06,0.0,0.08950358629226685
71,0.06,0.1,0.08950358629226685
71,0.06,0.2,0.09097889065742493
71,0.09,0.0,0.08815662562847137
71,0.09,0.1,0.08815662562847137
71,0.09,0.2,0.08730936795473099
71,0.12,0.0,0.09575919061899185
71,0.12,0.1,0.09575919061899185
71,0.12,0.2,0.09564396739006042
71,0.15,0.0,0.09875062108039856
71,0.15,0.1,0.09875062108039856
71,0.15,0.2,0.09798165410757065
72,0.0,0.0,0.13485892117023468
72,0.0,0.1,0.13485892117023468
72,0.0,0.2,0.22981292009353638
72,0.03,0.0,0.14505280554294586
72,0.03,0.1,0.14505280554294586
72,0.03,0.2,0.23877911269664764
72,0.06,0.0,0.16605244576931
72,0.06,0.1,0.16605244576931
72,0.06,0.2,0.24284693598747253
72,0.09,0.0,0.21067878603935242
72,0.09,0.1,0.21067878603935242
72,0.09,0.2,0.23225532472133636
72,0.12,0.0,0.22708120942115784
72,0.12,0.1,0.22708120942115784
72,0.12,0.2,0.20135605335235596
72,0.15,0.0,0.22388723492622375
72,0.15,0.1,0.22388723492622375
72,0.15,0.2,0.1854349821805954
73,0.0,0.0,0.10140148550271988
73,0.0,0.1,0.10140148550271988
73,0.0,0.2,0.0921529084444046
73,0.03,0.0,0.08712434023618698
73,0.03,0.1,0.08712434023618698
73,0.03,0.2,0.09567051380872726
73,0.06,0.0,0.09272021055221558
73,0.06,0.1,0.09272021055221558
73,0.06,0.2,0.10530439764261246
73,0.09,0.0,0.10157131403684616
73,0.09,0.1,0.10157131403684616
73,0.09,0.2,0.10149381309747696
73,0.12,0.0,0.08707360178232193
73,0.12,0.1,0.08707360178232193
73,0.12,0.2,0.10367808490991592
73,0.15,0.0,0.08873863518238068
73,0.15,0.1,0.08873863518238068
73,0.15,0.2,0.09618103504180908
74,0.0,0.0,0.10250198096036911
74,0.0,0.1,0.10250198096036911
74,0.0,0.2,0.15833783149719238
74,0.03,0.0,0.11269178986549377
74,0.03,0.1,0.11269178986549377
74,0.03,0.2,0.15780523419380188
74,0.06,0.0,0.1267402023077011
74,0.06,0.1,0.1267402023077011
74,0.06,0.2,0.15103287994861603
74,0.09,0.0,0.12520870566368103
74,0.09,0.1,0.12520870566368103
74,0.09,0.2,0.12926557660102844
74,0.12,0.0,0.13506954908370972
74,0.12,0.1,0.13506954908370972
74,0.12,0.2,0.11382350325584412
74,0.15,0.0,0.11672063171863556
74,0.15,0.1,0.11672063171863556
74,0.15,0.2,0.0984315425157547
75,0.0,0.0,0.11040517687797546
75,0.0,0.1,0.11040517687797546
75,0.0,0.2,0.15640059113502502
75,0.03,0.0,0.10595221817493439
75,0.03,0.1,0.10595221817493439
75,0.03,0.2,0.15403425693511963
75,0.06,0.0,0.10502322018146515
75,0.06,0.1,0.10502322018146515
75,0.06,0.2,0.14274513721466064
75,0.09,0.0,0.12796548008918762
75,0.09,0.1,0.12796548008918762
75,0.09,0.2,0.14496652781963348
75,0.12,0.0,0.13398274779319763
75,0.12,0.1,0.13398274779319763
75,0.12,0.2,0.13588955998420715
75,0.15,0.0,0.12497612088918686
75,0.15,0.1,0.12497612088918686
75,0.15,0.2,0.11722368746995926
76,0.0,0.0,0.13940905034542084
76,0.0,0.1,0.13940905034542084
76,0.0,0.2,0.2333025187253952
76,0.03,0.0,0.18124155700206757
76,0.03,0.1,0.18124155700206757
76,0.03,0.2,0.24365006387233734
76,0.06,0.0,0.2223593294620514
76,0.06,0.1,0.2223593294620514
76,0.06,0.2,0.24155616760253906
76,0.09,0.0,0.2175402194261551
76,0.09,0.1,0.2175402194261551
76,0.09,0.2,0.2049292027950287
76,0.12,0.0,0.21649502217769623
76,0.12,0.1,0.21649502217769623
76,0.12,0.2,0.17487376928329468
76,0.15,0.0,0.18335002660751343
76,0.15,0.1,0.18335002660751343
76,0.15,0.2,0.1394854485988617
77,0.0,0.0,0.1136445701122284
77,0.0,0.1,0.1136445701122284
77,0.0,0.2,0.19061420857906342
77,0.03,0.0,0.12138549238443375
77,0.03,0.1,0.12138549238443375
77,0.03,0.2,0.174837127327919
77,0.06,0.0,0.15341566503047943
77,0.06,0.1,0.15341566503047943
77,0.06,0.2,0.16733036935329437
77,0.09,0.0,0.17126761376857758
77,0.09,0.1,0.17126761376857758
77,0.09,0.2,0.15823101997375488
77,0.12,0.0,0.153986856341362
77,0.12,0.1,0.153986856341362
77,0.12,0.2,0.13072095811367035
77,0.15,0.0,0.11161696165800095
77,0.15,0.1,0.11161696165800095
77,0.15,0.2,0.09074833244085312
78,0.0,0.0,0.10571818053722382
78,0.0,0.1,0.10571818053722382
78,0.0,0.2,0.10583613812923431
78,0.03,0.0,0.10370702296495438
78,0.03,0.1,0.10370702296495438
78,0.03,0.2,0.09907054901123047
78,0.06,0.0,0.09804078936576843
78,0.06,0.1,0.09804078936576843
78,0.06,0.2,0.10663822293281555
78,0.09,0.0,0.09452950954437256
78,0.09,0.1,0.09452950954437256
78,0.09,0.2,0.10203608870506287
78,0.12,0.0,0.09135962277650833
78,0.12,0.1,0.09135962277650833
78,0.12,0.2,0.10059181600809097
78,0.15,0.0,0.0893801748752594
78,0.15,0.1,0.0893801748752594
78,0.15,0.2,0.08820576965808868
79,0.0,0.0,0.10043469816446304
79,0.0,0.1,0.10043469816446304
79,0.0,0.2,0.1255328506231308
79,0.03,0.0,0.12898403406143188
79,0.03,0.1,0.12898403406143188
79,0.03,0.2,0.12328415364027023
79,0.06,0.0,0.09127993136644363
79,0.06,0.1,0.09127993136644363
79,0.06,0.2,0.09832637757062912
79,0.09,0.0,0.1227172389626503
79,0.09,0.1,0.1227172389626503
79,0.09,0.2,0.09349977970123291
79,0.12,0.0,0.08835035562515259
79,0.12,0.1,0.08835035562515259
79,0.12,0.2,0.09599854052066803
79,0.15,0.0,0.09833618253469467
79,0.15,0.1,0.09833618253469467
79,0.15,0.2,0.08839111030101776
8,0.0,0.0,0.10931335389614105
8,0.0,0.1,0.10931335389614105
8,0.0,0.2,0.15647223591804504
8,0.03,0.0,0.10780303925275803
8,0.03,0.1,0.10780303925275803
8,0.03,0.2,0.13959568738937378
8,0.06,0.0,0.14835913479328156
8,0.06,0.1,0.14835913479328156
8,0.06,0.2,0.13756528496742249
8,0.09,0.0,0.15589027106761932
8,0.09,0.1,0.15589027106761932
8,0.09,0.2,0.1192927360534668
8,0.12,0.0,0.14534777402877808
8,0.12,0.1,0.14534777402877808
8,0.12,0.2,0.09223708510398865
8,0.15,0.0,0.09720920771360397
8,0.15,0.1,0.09720920771360397
8,0.15,0.2,0.08830840140581131
80,0.0,0.0,0.0803680419921875
80,0.0,0.1,0.0803680419921875
80,0.0,0.2,0.07992339879274368
80,0.03,0.0,0.09051387012004852
80,0.03,0.1,0.09051387012004852
80,0.03,0.2,0.08157564699649811
80,0.06,0.0,0.08813561499118805
80,0.06,0.1,0.08813561499118805
80,0.06,0.2,0.08228131383657455
80,0.09,0.0,0.10190274566411972
80,0.09,0.1,0.10190274566411972
80,0.09,0.2,0.08949390798807144
80,0.12,0.0,0.08826985210180283
80,0.12,0.1,0.08826985210180283
80,0.12,0.2,0.08753559738397598
80,0.15,0.0,0.08365084230899811
80,0.15,0.1,0.08365084230899811
80,0.15,0.2,0.09021733701229095
81,0.0,0.0,0.08570827543735504
81,0.0,0.1,0.08570827543735504
81,0.0,0.2,0.09093596786260605
81,0.03,0.0,0.08883504569530487
81,0.03,0.1,0.08883504569530487
81,0.03,0.2,0.09877468645572662
81,0.06,0.0,0.0899190679192543
81,0.06,0.1,0.0899190679192543
81,0.06,0.2,0.11902467906475067
81,0.09,0.0,0.10850372165441513
81,0.09,0.1,0.10850372165441513
81,0.09,0.2,0.11709371954202652
81,0.12,0.0,0.1211995780467987
81,0.12,0.1,0.1211995780467987
81,0.12,0.2,0.1119619831442833
81,0.15,0.0,0.11443201452493668
81,0.15,0.1,0.11443201452493668
81,0.15,0.2,0.11943136155605316
82,0.0,0.0,0.09295408427715302
82,0.0,0.1,0.09295408427715302
82,0.0,0.2,0.0946396067738533
82,0.03,0.0,0.09297900646924973
82,0.03,0.1,0.09297900646924973
82,0.03,0.2,0.086666040122509
82,0.06,0.0,0.09202251583337784
82,0.06,0.1,0.09202251583337784
82,0.06,0.2,0.111251100897789
82,0.09,0.0,0.09578745067119598
82,0.09,0.1,0.09578745067119598
82,0.09,0.2,0.12370990961790085
82,0.12,0.0,0.09133702516555786
82,0.12,0.1,0.09133702516555786
82,0.12,0.2,0.11412257701158524
82,0.15,0.0,0.11074640601873398
82,0.15,0.1,0.11074640601873398
82,0.15,0.2,0.12609797716140747
83,0.0,0.0,0.09152743965387344
83,0.0,0.1,0.09152743965387344
83,0.0,0.2,0.09166760742664337
83,0.03,0.0,0.09539014846086502
83,0.03,0.1,0.09539014846086502
83,0.03,0.2,0.09614934027194977
83,0.06,0.0,0.09467168152332306
83,0.06,0.1,0.09467168152332306
83,0.06,0.2,0.09574172645807266
83,0.09,0.0,0.09633519500494003
83,0.09,0.1,0.09633519500494003
83,0.09,0.2,0.09820573776960373
83,0.12,0.0,0.10305097699165344
83,0.12,0.1,0.10305097699165344
83,0.12,0.2,0.09545830637216568
83,0.15,0.0,0.1029994860291481
83,0.15,0.1,0.1029994860291481
83,0.15,0.2,0.10714805871248245
84,0.0,0.0,0.1089218333363533
84,0.0,0.1,0.1089218333363533
84,0.0,0.2,0.1241053119301796
84,0.03,0.0,0.12434137612581253
84,0.03,0.1,0.12434137612581253
84,0.03,0.2,0.12526899576187134
84,0.06,0.0,0.1128200888633728
84,0.06,0.1,0.1128200888633728
84,0.06,0.2,0.0984429121017456
84,0.09,0.0,0.10690048336982727
84,0.09,0.1,0.10690048336982727
84,0.09,0.2,0.10522644966840744
84,0.12,0.0,0.09085361659526825
84,0.12,0.1,0.09085361659526825
84,0.12,0.2,0.10270515084266663
84,0.15,0.0,0.0814283937215805
84,0.15,0.1,0.0814283937215805
84,0.15,0.2,0.08887473493814468
85,0.0,0.0,0.09992282837629318
85,0.0,0.1,0.09992282837629318
85,0.0,0.2,0.09726332873106003
85,0.03,0.0,0.0907098725438118
85,0.03,0.1,0.0907098725438118
85,0.03,0.2,0.11116206645965576
85,0.06,0.0,0.09106259793043137
85,0.06,0.1,0.09106259793043137
85,0.06,0.2,0.09921954572200775
85,0.09,0.0,0.09654515981674194
85,0.09,0.1,0.09654515981674194
85,0.09,0.2,0.0926138311624527
85,0.12,0.0,0.10253787040710449
85,0.12,0.1,0.10253787040710449
85,0.12,0.2,0.10524892061948776
85,0.15,0.0,0.10874797403812408
85,0.15,0.1,0.10874797403812408
85,0.15,0.2,0.10678111016750336
86,0.0,0.0,0.10351057350635529
86,0.0,0.1,0.10351057350635529
86,0.0,0.2,0.08378435671329498
86,0.03,0.0,0.10025522857904434
86,0.03,0.1,0.10025522857904434
86,0.03,0.2,0.09631512314081192
86,0.06,0.0,0.09365464001893997
86,0.06,0.1,0.09365464001893997
86,0.06,0.2,0.09901349246501923
86,0.09,0.0,0.10239595174789429
86,0.09,0.1,0.10239595174789429
86,0.09,0.2,0.08467036485671997
86,0.12,0.0,0.09016997367143631
86,0.12,0.1,0.09016997367143631
86,0.12,0.2,0.0869177058339119
86,0.15,0.0,0.1207273080945015
86,0.15,0.1,0.1207273080945015
86,0.15,0.2,0.10922154784202576
87,0.0,0.0,0.10447723418474197
87,0.0,0.1,0.10447723418474197
87,0.0,0.2,0.0890507847070694
87,0.03,0.0,0.09552937746047974
87,0.03,0.1,0.09552937746047974
87,0.03,0.2,0.09857093542814255
87,0.06,0.0,0.0890638530254364
87,0.06,0.1,0.0890638530254364
87,0.06,0.2,0.0872998908162117
87,0.09,0.0,0.0869443342089653
87,0.09,0.1,0.0869443342089653
87,0.09,0.2,0.09207984060049057
87,0.12,0.0,0.09980160742998123
87,0.12,0.1,0.09980160742998123
87,0.12,0.2,0.1068512350320816
87,0.15,0.0,0.08515836298465729
87,0.15,0.1,0.08515836298465729
87,0.15,0.2,0.09302450716495514
88,0.0,0.0,0.13131342828273773
88,0.0,0.1,0.13131342828273773
88,0.0,0.2,0.20748339593410492
88,0.03,0.0,0.15050502121448517
88,0.03,0.1,0.15050502121448517
88,0.03,0.2,0.2212992161512375
88,0.06,0.0,0.17074541747570038
88,0.06,0.1,0.17074541747570038
88,0.06,0.2,0.2317768633365631
88,0.09,0.0,0.18309734761714935
88,0.09,0.1,0.18309734761714935
88,0.09,0.2,0.22130072116851807
88,0.12,0.0,0.1831827163696289
88,0.12,0.1,0.1831827163696289
88,0.12,0.2,0.18890853226184845
88,0.15,0.0,0.18749044835567474
88,0.15,0.1,0.18749044835567474
88,0.15,0.2,0.1580224186182022
89,0.0,0.0,0.09848508983850479
89,0.0,0.1,0.09848508983850479
89,0.0,0.2,0.10573745518922806
89,0.03,0.0,0.09941994398832321
89,0.03,0.1,0.09941994398832321
89,0.03,0.2,0.10896747559309006
89,0.06,0.0,0.09422829747200012
89,0.06,0.1,0.09422829747200012
89,0.06,0.2,0.11332614719867706
89,0.09,0.0,0.10455985367298126
89,0.09,0.1,0.10455985367298126
89,0.09,0.2,0.10867367684841156
89,0.12,0.0,0.10938772559165955
89,0.12,0.1,0.10938772559165955
89,0.12,0.2,0.111224465072155
89,0.15,0.0,0.11458741128444672
89,0.15,0.1,0.11458741128444672
89,0.15,0.2,0.12038710713386536
9,0.0,0.0,0.08581508696079254
9,0.0,0.1,0.08581508696079254
9,0.0,0.2,0.09169997274875641
9,0.03,0.0,0.08262836933135986
9,0.03,0.1,0.08262836933135986
9,0.03,0.2,0.08026670664548874
9,0.06,0.0,0.08689951151609421
9,0.06,0.1,0.08689951151609421
9,0.06,0.2,0.08028507977724075
9,0.09,0.0,0.08480102568864822
9,0.09,0.1,0.08480102568864822
9,0.09,0.2,0.10078852623701096
9,0.12,0.0,0.07933736592531204
9,0.12,0.1,0.07933736592531204
9,0.12,0.2,0.08564814180135727
9,0.15,0.0,0.08933310955762863
9,0.15,0.1,0.08933310955762863
9,0.15,0.2,0.08779189735651016
90,0.0,0.0,0.10793118923902512
90,0.0,0.1,0.10793118923902512
90,0.0,0.2,0.11825014650821686
90,0.03,0.0,0.09775879979133606
90,0.03,0.1,0.09775879979133606
90,0.03,0.2,0.11372015625238419
90,0.06,0.0,0.11059218645095825
90,0.06,0.1,0.11059218645095825
90,0.06,0.2,0.13711602985858917
90,0.09,0.0,0.12933027744293213
90,0.09,0.1,0.12933027744293213
90,0.09,0.2,0.10973704606294632
90,0.12,0.0,0.10254828631877899
90,0.12,0.1,0.10254828631877899
90,0.12,0.2,0.10555364191532135
90,0.15,0.0,0.08711209893226624
90,0.15,0.1,0.08711209893226624
90,0.15,0.2,0.09461619704961777
91,0.0,0.0,0.14452201128005981
91,0.0,0.1,0.14452201128005981
91,0.0,0.2,0.1374533325433731
91,0.03,0.0,0.1419491022825241
91,0.03,0.1,0.1419491022825241
91,0.03,0.2,0.14071381092071533
91,0.06,0.0,0.13943615555763245
91,0.06,0.1,0.13943615555763245
91,0.06,0.2,0.12874987721443176
91,0.09,0.0,0.10897451639175415
91,0.09,0.1,0.10897451639175415
91,0.09,0.2,0.11462445557117462
91,0.12,0.0,0.09646909683942795
91,0.12,0.1,0.09646909683942795
91,0.12,0.2,0.09409426152706146
91,0.15,0.0,0.09449616074562073
91,0.15,0.1,0.09449616074562073
91,0.15,0.2,0.09742433577775955
92,0.0,0.0,0.10362156480550766
92,0.0,0.1,0.10362156480550766
92,0.0,0.2,0.10307261347770691
92,0.03,0.0,0.09041507542133331
92,0.03,0.1,0.09041507542133331
92,0.03,0.2,0.0953168272972107
92,0.06,0.0,0.09367495030164719
92,0.06,0.1,0.09367495030164719
92,0.06,0.2,0.0930415689945221
92,0.09,0.0,0.08995748311281204
92,0.09,0.1,0.08995748311281204
92,0.09,0.2,0.11510945856571198
92,0.12,0.0,0.09848282486200333
92,0.12,0.1,0.09848282486200333
92,0.12,0.2,0.09517218917608261
92,0.15,0.0,0.08610312640666962
92,0.15,0.1,0.08610312640666962
92,0.15,0.2,0.09128843992948532
93,0.0,0.0,0.10530465841293335
93,0.0,0.1,0.10530465841293335
93,0.0,0.2,0.1002439558506012
93,0.03,0.0,0.09485345333814621
93,0.03,0.1,0.09485345333814621
93,0.03,0.2,0.088831827044487
93,0.06,0.0,0.08874571323394775
93,0.06,0.1,0.08874571323394775
93,0.06,0.2,0.10136852413415909
93,0.09,0.0,0.09599358588457108
93,0.09,0.1,0.09599358588457108
93,0.09,0.2,0.10029025375843048
93,0.12,0.0,0.08508001267910004
93,0.12,0.1,0.08508001267910004
93,0.12,0.2,0.09122706204652786
93,0.15,0.0,0.0802965834736824
93,0.15,0.1,0.0802965834736824
93,0.15,0.2,0.09529509395360947
94,0.0,0.0,0.13816377520561218
94,0.0,0.1,0.13816377520561218
94,0.0,0.2,0.13437116146087646
94,0.03,0.0,0.1146395355463028
94,0.03,0.1,0.1146395355463028
94,0.03,0.2,0.12960243225097656
94,0.06,0.0,0.12798655033111572
94,0.06,0.1,0.12798655033111572
94,0.06,0.2,0.11096207797527313
94,0.09,0.0,0.1235172227025032
94,0.09,0.1,0.1235172227025032
94,0.09,0.2,0.12560558319091797
94,0.12,0.0,0.11710613965988159
94,0.12,0.1,0.11710613965988159
94,0.12,0.2,0.12880773842334747
94,0.15,0.0,0.14749924838542938
94,0.15,0.1,0.14749924838542938
94,0.15,0.2,0.13506969809532166
95,0.0,0.0,0.09673821926116943
95,0.0,0.1,0.09673821926116943
95,0.0,0.2,0.09486942738294601
95,0.03,0.0,0.09608381241559982
95,0.03,0.1,0.09608381241559982
95,0.03,0.2,0.08960259705781937
95,0.06,0.0,0.09072024375200272
95,0.06,0.1,0.09072024375200272
95,0.06,0.2,0.1319657862186432
95,0.09,0.0,0.10996772348880768
95,0.09,0.1,0.10996772348880768
95,0.09,0.2,0.10466010868549347
95,0.12,0.0,0.10104484856128693
95,0.12,0.1,0.10104484856128693
95,0.12,0.2,0.09884754568338394
95,0.15,0.0,0.0963759645819664
95,0.15,0.1,0.0963759645819664
95,0.15,0.2,0.09579988569021225
96,0.0,0.0,0.11584430187940598
96,0.0,0.1,0.11584430187940598
96,0.0,0.2,0.10141762346029282
96,0.03,0.0,0.10346270352602005
96,0.03,0.1,0.10346270352602005
96,0.03,0.2,0.09835615009069443
96,0.06,0.0,0.0914817750453949
96,0.06,0.1,0.0914817750453949
96,0.06,0.2,0.09177704155445099
96,0.09,0.0,0.12377627193927765
96,0.09,0.1,0.12377627193927765
96,0.09,0.2,0.10069525241851807
96,0.12,0.0,0.10359513759613037
96,0.12,0.1,0.10359513759613037
96,0.12,0.2,0.10624948889017105
96,0.15,0.0,0.0925959050655365
96,0.15,0.1,0.0925959050655365
96,0.15,0.2,0.09588487446308136
97,0.0,0.0,0.08268416672945023
97,0.0,0.1,0.08268416672945023
97,0.0,0.2,0.10502537339925766
97,0.03,0.0,0.08916927129030228
97,0.03,0.1,0.08916927129030228
97,0.03,0.2,0.09618127346038818
97,0.06,0.0,0.09671937674283981
97,0.06,0.1,0.09671937674283981
97,0.06,0.2,0.10230716317892075
97,0.09,0.0,0.10114826261997223
97,0.09,0.1,0.10114826261997223
97,0.09,0.2,0.09616516530513763
97,0.12,0.0,0.10424023866653442
97,0.12,0.1,0.10424023866653442
97,0.12,0.2,0.09377764910459518
97,0.15,0.0,0.09193477034568787
97,0.15,0.1,0.09193477034568787
97,0.15,0.2,0.08143086731433868
98,0.0,0.0,0.11334533244371414
98,0.0,0.1,0.11334533244371414
98,0.0,0.2,0.13851767778396606
98,0.03,0.0,0.11146071553230286
98,0.03,0.1,0.11146071553230286
98,0.03,0.2,0.10283372551202774
98,0.06,0.0,0.1092250868678093
98,0.06,0.1,0.1092250868678093
98,0.06,0.2,0.11290517449378967
98,0.09,0.0,0.09970156103372574
98,0.09,0.1,0.09970156103372574
98,0.09,0.2,0.10206422954797745
98,0.12,0.0,0.10300350189208984
98,0.12,0.1,0.10300350189208984
98,0.12,0.2,0.11213888227939606
98,0.15,0.0,0.09717599302530289
98,0.15,0.1,0.09717599302530289
98,0.15,0.2,0.10255732387304306
99,0.0,0.0,0.13303357362747192
99,0.0,0.1,0.13303357362747192
99,0.0,0.2,0.17347541451454163
99,0.03,0.0,0.13671843707561493
99,0.03,0.1,0.13671843707561493
99,0.03,0.2,0.16840502619743347
99,0.06,0.0,0.14871996641159058
99,0.06,0.1,0.14871996641159058
99,0.06,0.2,0.1476282775402069
99,0.09,0.0,0.16041848063468933
99,0.09,0.1,0.16041848063468933
99,0.09,0.2,0.13129843771457672
99,0.12,0.0,0.1614651381969452
99,0.12,0.1,0.1614651381969452
99,0.12,0.2,0.12339521199464798
99,0.15,0.0,0.11843536049127579
99,0.15,0.1,0.11843536049127579
99,0.15,0.2,0.09947158396244049
