unit_id,delay,duration,lib_id,abs_max_value,x_deg,y_deg,theta_deg,sigma_deg,xi,yi,theta_idx,theta_rad,sigma_idx,sigma,frequency_idx,frequency,source_file
0,0.09,0.2,ab4a70858e,0.11098072677850723,-15.223880597014926,11.650943396226417,112.48408527317332,14.32,25,20,5,1.5707963267948966,2,4.0,12,1.3,/mnt/ceph-hdd/workspaces/ws/cidbn_wibral_neuro_nonhuman/u19361-allen-hdd/results/zebra/meso/sub-832700_ses-multiplane-ophys-832700-2026-01-24-12-06-12_ophys/events/VISl_7/trial_0/phase_0/lib_ab4a70858e/lib_ab4a70858e__delay_0.09__dur_0.2.h5
1,0.09,0.0,ab4a70858e,0.11616893857717514,15.223880597014926,8.066037735849058,22.515923572829163,17.91,42,22,9,2.827433388230814,3,5.0,6,0.07,/mnt/ceph-hdd/workspaces/ws/cidbn_wibral_neuro_nonhuman/u19361-allen-hdd/results/zebra/meso/sub-832700_ses-multiplane-ophys-832700-2026-01-24-12-06-12_ophys/events/VISl_7/trial_0/phase_0/lib_ab4a70858e/lib_ab4a70858e__delay_0.09__dur_0.0.h5
10,0.0,0.0,ab4a70858e,0.10661987215280533,-38.507462686567166,-29.57547169811321,22.515923572829195,7.16,12,43,1,0.3141592653589793,0,2.0,12,1.3,/mnt/ceph-hdd/workspaces/ws/cidbn_wibral_neuro_nonhuman/u19361-allen-hdd/results/zebra/meso/sub-832700_ses-multiplane-ophys-832700-2026-01-24-12-06-12_ophys/events/VISl_7/trial_0/phase_0/lib_ab4a70858e/lib_ab4a70858e__delay_0.0__dur_0.0.h5
100,0.0,0.0,ab4a70858e,0.15264500677585602,-17.014925373134325,22.405660377358487,157.4840764271708,17.91,24,14,7,2.199114857512855,3,5.0,12,1.3,/mnt/ceph-hdd/workspaces/ws/cidbn_wibral_neuro_nonhuman/u19361-allen-hdd/results/zebra/meso/sub-832700_ses-multiplane-ophys-832700-2026-01-24-12-06-12_ophys/events/VISl_7/trial_0/phase_0/lib_ab4a70858e/lib_ab4a70858e__delay_0.0__dur_0.0.h5
101,0.15,0.0,ab4a70858e,0.12990719079971313,8.059701492537314,33.160377358490564,157.4840764271708,7.16,38,8,7,2.199114857512855,0,2.0,12,1.3,/mnt/ceph-hdd/workspaces/ws/cidbn_wibral_neuro_nonhuman/u19361-allen-hdd/results/zebra/meso/sub-832700_ses-multiplane-ophys-832700-2026-01-24-12-06-12_ophys/events/VISl_7/trial_0/phase_0/lib_ab4a70858e/lib_ab4a70858e__delay_0.15__dur_0.0.h5
102,0.0,0.0,ab4a70858e,0.11148975789546967,-36.71641791044776,-31.367924528301888,0.0,17.91,13,44,0,0.0,3,5.0,11,1.2,/mnt/ceph-hdd/workspaces/ws/cidbn_wibral_neuro_nonhuman/u19361-allen-hdd/results/zebra/meso/sub-832700_ses-multiplane-ophys-832700-2026-01-24-12-06-12_ophys/events/VISl_7/trial_0/phase_0/lib_ab4a70858e/lib_ab4a70858e__delay_0.0__dur_0.0.h5
103,0.12,0.2,ab4a70858e,0.1240219995379448,-24.179104477611936,34.95283018867924,45.02251307527088,14.32,20,7,2,0.6283185307179586,2,4.0,12,1.3,/mnt/ceph-hdd/workspaces/ws/cidbn_wibral_neuro_nonhuman/u19361-allen-hdd/results/zebra/meso/sub-832700_ses-multiplane-ophys-832700-2026-01-24-12-06-12_ophys/events/VISl_7/trial_0/phase_0/lib_ab4a70858e/lib_ab4a70858e__delay_0.12__dur_0.2.h5
104,0.0,0.2,ab4a70858e,0.09569662064313889,-0.8955223880596961,24.198113207547166,90.0,7.16,33,13,4,1.2566370614359172,0,2.0,10,1.1,/mnt/ceph-hdd/workspaces/ws/cidbn_wibral_neuro_nonhuman/u19361-allen-hdd/results/zebra/meso/sub-832700_ses-multiplane-ophys-832700-2026-01-24-12-06-12_ophys/events/VISl_7/trial_0/phase_0/lib_ab4a70858e/lib_ab4a70858e__delay_0.0__dur_0.2.h5
105,0.12,0.2,ab4a70858e,0.1174718588590622,-29.55223880597015,42.12264150943396,45.02251307527088,21.49,17,3,2,0.6283185307179586,4,6.0,12,1.3,/mnt/ceph-hdd/workspaces/ws/cidbn_wibral_neuro_nonhuman/u19361-allen-hdd/results/zebra/meso/sub-832700_ses-multiplane-ophys-832700-2026-01-24-12-06-12_ophys/events/VISl_7/trial_0/phase_0/lib_ab4a70858e/lib_ab4a70858e__delay_0.12__dur_0.2.h5
106,0.09,0.2,ab4a70858e,0.13188530504703522,-47.46268656716418,-31.367924528301888,157.4840764271708,17.91,7,44,7,2.199114857512855,3,5.0,11,1.2,/mnt/ceph-hdd/workspaces/ws/cidbn_wibral_neuro_nonhuman/u19361-allen-hdd/results/zebra/meso/sub-832700_ses-multiplane-ophys-832700-2026-01-24-12-06-12_ophys/events/VISl_7/trial_0/phase_0/lib_ab4a70858e/lib_ab4a70858e__delay_0.09__dur_0.2.h5
107,0.06,0.0,ab4a70858e,0.11973056942224503,9.85074626865672,33.160377358490564,157.4840764271708,7.16,39,8,7,2.199114857512855,0,2.0,12,1.3,/mnt/ceph-hdd/workspaces/ws/cidbn_wibral_neuro_nonhuman/u19361-allen-hdd/results/zebra/meso/sub-832700_ses-multiplane-ophys-832700-2026-01-24-12-06-12_ophys/events/VISl_7/trial_0/phase_0/lib_ab4a70858e/lib_ab4a70858e__delay_0.06__dur_0.0.h5
108,0.12,0.2,ab4a70858e,0.11126062273979187,31.343283582089555,40.33018867924528,180.0,10.74,51,4,8,2.5132741228718345,1,3.0,12,1.3,/mnt/ceph-hdd/workspaces/ws/cidbn_wibral_neuro_nonhuman/u19361-allen-hdd/results/zebra/meso/sub-832700_ses-multiplane-ophys-832700-2026-01-24-12-06-12_ophys/events/VISl_7/trial_0/phase_0/lib_ab4a70858e/lib_ab4a70858e__delay_0.12__dur_0.2.h5
109,0.09,0.0,ab4a70858e,0.16288016736507416,-6.268656716417908,11.650943396226417,67.51591472682667,14.32,30,20,3,0.9424777960769379,2,4.0,1,0.02,/mnt/ceph-hdd/workspaces/ws/cidbn_wibral_neuro_nonhuman/u19361-allen-hdd/results/zebra/meso/sub-832700_ses-multiplane-ophys-832700-2026-01-24-12-06-12_ophys/events/VISl_7/trial_0/phase_0/lib_ab4a70858e/lib_ab4a70858e__delay_0.09__dur_0.0.h5
11,0.06,0.2,ab4a70858e,0.10040056705474854,-33.134328358208954,31.367924528301884,45.02251307527088,14.32,15,9,2,0.6283185307179586,2,4.0,11,1.2,/mnt/ceph-hdd/workspaces/ws/cidbn_wibral_neuro_nonhuman/u19361-allen-hdd/results/zebra/meso/sub-832700_ses-multiplane-ophys-832700-2026-01-24-12-06-12_ophys/events/VISl_7/trial_0/phase_0/lib_ab4a70858e/lib_ab4a70858e__delay_0.06__dur_0.2.h5
110,0.15,0.0,ab4a70858e,0.1208091527223587,6.268656716417908,4.481132075471699,134.9774869247291,7.16,37,24,6,1.8849555921538759,0,2.0,10,1.1,/mnt/ceph-hdd/workspaces/ws/cidbn_wibral_neuro_nonhuman/u19361-allen-hdd/results/zebra/meso/sub-832700_ses-multiplane-ophys-832700-2026-01-24-12-06-12_ophys/events/VISl_7/trial_0/phase_0/lib_ab4a70858e/lib_ab4a70858e__delay_0.15__dur_0.0.h5
111,0.03,0.0,ab4a70858e,0.1323930025100708,-13.43283582089552,0.8962264150943398,180.0,17.91,26,26,8,2.5132741228718345,3,5.0,2,0.03,/mnt/ceph-hdd/workspaces/ws/cidbn_wibral_neuro_nonhuman/u19361-allen-hdd/results/zebra/meso/sub-832700_ses-multiplane-ophys-832700-2026-01-24-12-06-12_ophys/events/VISl_7/trial_0/phase_0/lib_ab4a70858e/lib_ab4a70858e__delay_0.03__dur_0.0.h5
112,0.0,0.0,ab4a70858e,0.10320882499217987,-25.970149253731343,13.443396226415096,90.0,7.16,19,19,4,1.2566370614359172,0,2.0,12,1.3,/mnt/ceph-hdd/workspaces/ws/cidbn_wibral_neuro_nonhuman/u19361-allen-hdd/results/zebra/meso/sub-832700_ses-multiplane-ophys-832700-2026-01-24-12-06-12_ophys/events/VISl_7/trial_0/phase_0/lib_ab4a70858e/lib_ab4a70858e__delay_0.0__dur_0.0.h5
113,0.15,0.0,ab4a70858e,0.10516484826803207,-0.8955223880596961,27.783018867924525,22.515923572829163,7.16,33,11,9,2.827433388230814,0,2.0,11,1.2,/mnt/ceph-hdd/workspaces/ws/cidbn_wibral_neuro_nonhuman/u19361-allen-hdd/results/zebra/meso/sub-832700_ses-multiplane-ophys-832700-2026-01-24-12-06-12_ophys/events/VISl_7/trial_0/phase_0/lib_ab4a70858e/lib_ab4a70858e__delay_0.15__dur_0.0.h5
114,0.06,0.0,ab4a70858e,0.1200246512889862,-18.80597014925373,25.990566037735846,67.51591472682667,14.32,23,12,3,0.9424777960769379,2,4.0,12,1.3,/mnt/ceph-hdd/workspaces/ws/cidbn_wibral_neuro_nonhuman/u19361-allen-hdd/results/zebra/meso/sub-832700_ses-multiplane-ophys-832700-2026-01-24-12-06-12_ophys/events/VISl_7/trial_0/phase_0/lib_ab4a70858e/lib_ab4a70858e__delay_0.06__dur_0.0.h5
115,0.12,0.2,ab4a70858e,0.12169725447893143,36.71641791044776,45.70754716981132,22.515923572829195,28.65,54,1,1,0.3141592653589793,5,8.0,10,1.1,/mnt/ceph-hdd/workspaces/ws/cidbn_wibral_neuro_nonhuman/u19361-allen-hdd/results/zebra/meso/sub-832700_ses-multiplane-ophys-832700-2026-01-24-12-06-12_ophys/events/VISl_7/trial_0/phase_0/lib_ab4a70858e/lib_ab4a70858e__delay_0.12__dur_0.2.h5
116,0.03,0.0,ab4a70858e,0.12750118970870972,-38.507462686567166,-27.78301886792453,45.02251307527088,14.32,12,42,2,0.6283185307179586,2,4.0,10,1.1,/mnt/ceph-hdd/workspaces/ws/cidbn_wibral_neuro_nonhuman/u19361-allen-hdd/results/zebra/meso/sub-832700_ses-multiplane-ophys-832700-2026-01-24-12-06-12_ophys/events/VISl_7/trial_0/phase_0/lib_ab4a70858e/lib_ab4a70858e__delay_0.03__dur_0.0.h5
117,0.15,0.2,ab4a70858e,0.17172397673130035,-20.59701492537313,6.273584905660378,45.02251307527088,10.74,22,23,2,0.6283185307179586,1,3.0,12,1.3,/mnt/ceph-hdd/workspaces/ws/cidbn_wibral_neuro_nonhuman/u19361-allen-hdd/results/zebra/meso/sub-832700_ses-multiplane-ophys-832700-2026-01-24-12-06-12_ophys/events/VISl_7/trial_0/phase_0/lib_ab4a70858e/lib_ab4a70858e__delay_0.15__dur_0.2.h5
118,0.03,0.2,ab4a70858e,0.1025405302643776,33.13432835820896,-25.99056603773585,180.0,7.16,52,41,8,2.5132741228718345,0,2.0,11,1.2,/mnt/ceph-hdd/workspaces/ws/cidbn_wibral_neuro_nonhuman/u19361-allen-hdd/results/zebra/meso/sub-832700_ses-multiplane-ophys-832700-2026-01-24-12-06-12_ophys/events/VISl_7/trial_0/phase_0/lib_ab4a70858e/lib_ab4a70858e__delay_0.03__dur_0.2.h5
119,0.15,0.2,ab4a70858e,0.11007470637559891,-0.8955223880596961,13.443396226415096,157.4840764271708,10.74,33,19,7,2.199114857512855,1,3.0,10,1.1,/mnt/ceph-hdd/workspaces/ws/cidbn_wibral_neuro_nonhuman/u19361-allen-hdd/results/zebra/meso/sub-832700_ses-multiplane-ophys-832700-2026-01-24-12-06-12_ophys/events/VISl_7/trial_0/phase_0/lib_ab4a70858e/lib_ab4a70858e__delay_0.15__dur_0.2.h5
12,0.03,0.2,ab4a70858e,0.14311625063419342,-20.59701492537313,22.405660377358487,67.51591472682667,14.32,22,14,3,0.9424777960769379,2,4.0,12,1.3,/mnt/ceph-hdd/workspaces/ws/cidbn_wibral_neuro_nonhuman/u19361-allen-hdd/results/zebra/meso/sub-832700_ses-multiplane-ophys-832700-2026-01-24-12-06-12_ophys/events/VISl_7/trial_0/phase_0/lib_ab4a70858e/lib_ab4a70858e__delay_0.03__dur_0.2.h5
120,0.12,0.0,ab4a70858e,0.21802151203155518,6.268656716417908,24.198113207547166,22.515923572829195,21.49,37,13,1,0.3141592653589793,4,6.0,7,0.08,/mnt/ceph-hdd/workspaces/ws/cidbn_wibral_neuro_nonhuman/u19361-allen-hdd/results/zebra/meso/sub-832700_ses-multiplane-ophys-832700-2026-01-24-12-06-12_ophys/events/VISl_7/trial_0/phase_0/lib_ab4a70858e/lib_ab4a70858e__delay_0.12__dur_0.0.h5
121,0.15,0.0,ab4a70858e,0.09914824366569519,-2.6865671641791025,-6.273584905660378,90.0,21.49,32,30,4,1.2566370614359172,4,6.0,10,1.1,/mnt/ceph-hdd/workspaces/ws/cidbn_wibral_neuro_nonhuman/u19361-allen-hdd/results/zebra/meso/sub-832700_ses-multiplane-ophys-832700-2026-01-24-12-06-12_ophys/events/VISl_7/trial_0/phase_0/lib_ab4a70858e/lib_ab4a70858e__delay_0.15__dur_0.0.h5
122,0.03,0.0,ab4a70858e,0.13185185194015503,4.477611940298516,-24.19811320754717,157.4840764271708,17.91,36,40,7,2.199114857512855,3,5.0,11,1.2,/mnt/ceph-hdd/workspaces/ws/cidbn_wibral_neuro_nonhuman/u19361-allen-hdd/results/zebra/meso/sub-832700_ses-multiplane-ophys-832700-2026-01-24-12-06-12_ophys/events/VISl_7/trial_0/phase_0/lib_ab4a70858e/lib_ab4a70858e__delay_0.03__dur_0.0.h5
123,0.15,0.0,ab4a70858e,0.14260828495025635,11.641791044776127,24.198113207547166,22.515923572829163,21.49,40,13,9,2.827433388230814,4,6.0,3,0.04,/mnt/ceph-hdd/workspaces/ws/cidbn_wibral_neuro_nonhuman/u19361-allen-hdd/results/zebra/meso/sub-832700_ses-multiplane-ophys-832700-2026-01-24-12-06-12_ophys/events/VISl_7/trial_0/phase_0/lib_ab4a70858e/lib_ab4a70858e__delay_0.15__dur_0.0.h5
124,0.0,0.0,ab4a70858e,0.11365344375371933,27.761194029850756,42.12264150943396,22.515923572829163,7.16,49,3,9,2.827433388230814,0,2.0,11,1.2,/mnt/ceph-hdd/workspaces/ws/cidbn_wibral_neuro_nonhuman/u19361-allen-hdd/results/zebra/meso/sub-832700_ses-multiplane-ophys-832700-2026-01-24-12-06-12_ophys/events/VISl_7/trial_0/phase_0/lib_ab4a70858e/lib_ab4a70858e__delay_0.0__dur_0.0.h5
125,0.15,0.0,ab4a70858e,0.12798525393009186,13.43283582089552,4.481132075471699,22.515923572829163,21.49,41,24,9,2.827433388230814,4,6.0,9,0.1,/mnt/ceph-hdd/workspaces/ws/cidbn_wibral_neuro_nonhuman/u19361-allen-hdd/results/zebra/meso/sub-832700_ses-multiplane-ophys-832700-2026-01-24-12-06-12_ophys/events/VISl_7/trial_0/phase_0/lib_ab4a70858e/lib_ab4a70858e__delay_0.15__dur_0.0.h5
126,0.06,0.2,ab4a70858e,0.11982698738574982,8.059701492537314,27.783018867924525,0.0,28.65,38,11,0,0.0,5,8.0,4,0.05,/mnt/ceph-hdd/workspaces/ws/cidbn_wibral_neuro_nonhuman/u19361-allen-hdd/results/zebra/meso/sub-832700_ses-multiplane-ophys-832700-2026-01-24-12-06-12_ophys/events/VISl_7/trial_0/phase_0/lib_ab4a70858e/lib_ab4a70858e__delay_0.06__dur_0.2.h5
127,0.12,0.0,ab4a70858e,0.17096036672592163,15.223880597014926,25.990566037735846,0.0,28.65,42,12,0,0.0,5,8.0,3,0.04,/mnt/ceph-hdd/workspaces/ws/cidbn_wibral_neuro_nonhuman/u19361-allen-hdd/results/zebra/meso/sub-832700_ses-multiplane-ophys-832700-2026-01-24-12-06-12_ophys/events/VISl_7/trial_0/phase_0/lib_ab4a70858e/lib_ab4a70858e__delay_0.12__dur_0.0.h5
128,0.15,0.2,ab4a70858e,0.10641878843307495,-34.92537313432835,-13.443396226415096,90.0,14.32,14,34,4,1.2566370614359172,2,4.0,10,1.1,/mnt/ceph-hdd/workspaces/ws/cidbn_wibral_neuro_nonhuman/u19361-allen-hdd/results/zebra/meso/sub-832700_ses-multiplane-ophys-832700-2026-01-24-12-06-12_ophys/events/VISl_7/trial_0/phase_0/lib_ab4a70858e/lib_ab4a70858e__delay_0.15__dur_0.2.h5
129,0.12,0.2,ab4a70858e,0.1384122669696808,-4.477611940298509,27.783018867924525,0.0,21.49,31,11,0,0.0,4,6.0,11,1.2,/mnt/ceph-hdd/workspaces/ws/cidbn_wibral_neuro_nonhuman/u19361-allen-hdd/results/zebra/meso/sub-832700_ses-multiplane-ophys-832700-2026-01-24-12-06-12_ophys/events/VISl_7/trial_0/phase_0/lib_ab4a70858e/lib_ab4a70858e__delay_0.12__dur_0.2.h5
13,0.0,0.2,ab4a70858e,0.1299116462469101,-9.850746268656714,-6.273584905660378,180.0,14.32,28,30,8,2.5132741228718345,2,4.0,12,1.3,/mnt/ceph-hdd/workspaces/ws/cidbn_wibral_neuro_nonhuman/u19361-allen-hdd/results/zebra/meso/sub-832700_ses-multiplane-ophys-832700-2026-01-24-12-06-12_ophys/events/VISl_7/trial_0/phase_0/lib_ab4a70858e/lib_ab4a70858e__delay_0.0__dur_0.2.h5
130,0.09,0.0,ab4a70858e,0.1841864287853241,6.268656716417908,8.066037735849058,90.0,21.49,37,22,4,1.2566370614359172,4,6.0,1,0.02,/mnt/ceph-hdd/workspaces/ws/cidbn_wibral_neuro_nonhuman/u19361-allen-hdd/results/zebra/meso/sub-832700_ses-multiplane-ophys-832700-2026-01-24-12-06-12_ophys/events/VISl_7/trial_0/phase_0/lib_ab4a70858e/lib_ab4a70858e__delay_0.09__dur_0.0.h5
131,0.12,0.2,ab4a70858e,0.12419847398996353,17.014925373134332,4.481132075471699,67.51591472682667,14.32,43,24,3,0.9424777960769379,2,4.0,12,1.3,/mnt/ceph-hdd/workspaces/ws/cidbn_wibral_neuro_nonhuman/u19361-allen-hdd/results/zebra/meso/sub-832700_ses-multiplane-ophys-832700-2026-01-24-12-06-12_ophys/events/VISl_7/trial_0/phase_0/lib_ab4a70858e/lib_ab4a70858e__delay_0.12__dur_0.2.h5
132,0.06,0.0,ab4a70858e,0.22742637991905212,-4.477611940298509,6.273584905660378,22.515923572829163,21.49,31,23,9,2.827433388230814,4,6.0,3,0.04,/mnt/ceph-hdd/workspaces/ws/cidbn_wibral_neuro_nonhuman/u19361-allen-hdd/results/zebra/meso/sub-832700_ses-multiplane-ophys-832700-2026-01-24-12-06-12_ophys/events/VISl_7/trial_0/phase_0/lib_ab4a70858e/lib_ab4a70858e__delay_0.06__dur_0.0.h5
133,0.12,0.2,ab4a70858e,0.10988280177116394,-49.25373134328358,8.066037735849058,157.4840764271708,17.91,6,22,7,2.199114857512855,3,5.0,10,1.1,/mnt/ceph-hdd/workspaces/ws/cidbn_wibral_neuro_nonhuman/u19361-allen-hdd/results/zebra/meso/sub-832700_ses-multiplane-ophys-832700-2026-01-24-12-06-12_ophys/events/VISl_7/trial_0/phase_0/lib_ab4a70858e/lib_ab4a70858e__delay_0.12__dur_0.2.h5
134,0.06,0.2,ab4a70858e,0.14215010404586792,-8.059701492537314,0.8962264150943398,22.515923572829163,28.65,29,26,9,2.827433388230814,5,8.0,1,0.02,/mnt/ceph-hdd/workspaces/ws/cidbn_wibral_neuro_nonhuman/u19361-allen-hdd/results/zebra/meso/sub-832700_ses-multiplane-ophys-832700-2026-01-24-12-06-12_ophys/events/VISl_7/trial_0/phase_0/lib_ab4a70858e/lib_ab4a70858e__delay_0.06__dur_0.2.h5
135,0.06,0.2,ab4a70858e,0.15207470953464508,6.268656716417908,25.990566037735846,67.51591472682667,14.32,37,12,3,0.9424777960769379,2,4.0,3,0.04,/mnt/ceph-hdd/workspaces/ws/cidbn_wibral_neuro_nonhuman/u19361-allen-hdd/results/zebra/meso/sub-832700_ses-multiplane-ophys-832700-2026-01-24-12-06-12_ophys/events/VISl_7/trial_0/phase_0/lib_ab4a70858e/lib_ab4a70858e__delay_0.06__dur_0.2.h5
136,0.03,0.2,ab4a70858e,0.20045000314712524,15.223880597014926,18.820754716981128,112.48408527317332,28.65,42,16,5,1.5707963267948966,5,8.0,2,0.03,/mnt/ceph-hdd/workspaces/ws/cidbn_wibral_neuro_nonhuman/u19361-allen-hdd/results/zebra/meso/sub-832700_ses-multiplane-ophys-832700-2026-01-24-12-06-12_ophys/events/VISl_7/trial_0/phase_0/lib_ab4a70858e/lib_ab4a70858e__delay_0.03__dur_0.2.h5
137,0.12,0.0,ab4a70858e,0.1279071569442749,-0.8955223880596961,0.8962264150943398,157.4840764271708,14.32,33,26,7,2.199114857512855,2,4.0,12,1.3,/mnt/ceph-hdd/workspaces/ws/cidbn_wibral_neuro_nonhuman/u19361-allen-hdd/results/zebra/meso/sub-832700_ses-multiplane-ophys-832700-2026-01-24-12-06-12_ophys/events/VISl_7/trial_0/phase_0/lib_ab4a70858e/lib_ab4a70858e__delay_0.12__dur_0.0.h5
138,0.03,0.0,ab4a70858e,0.10216347128152847,-0.8955223880596961,-9.858490566037737,22.515923572829195,7.16,33,32,1,0.3141592653589793,0,2.0,12,1.3,/mnt/ceph-hdd/workspaces/ws/cidbn_wibral_neuro_nonhuman/u19361-allen-hdd/results/zebra/meso/sub-832700_ses-multiplane-ophys-832700-2026-01-24-12-06-12_ophys/events/VISl_7/trial_0/phase_0/lib_ab4a70858e/lib_ab4a70858e__delay_0.03__dur_0.0.h5
139,0.15,0.0,ab4a70858e,0.13044723868370056,-11.64179104477612,2.6886792452830193,157.4840764271708,17.91,27,25,7,2.199114857512855,3,5.0,12,1.3,/mnt/ceph-hdd/workspaces/ws/cidbn_wibral_neuro_nonhuman/u19361-allen-hdd/results/zebra/meso/sub-832700_ses-multiplane-ophys-832700-2026-01-24-12-06-12_ophys/events/VISl_7/trial_0/phase_0/lib_ab4a70858e/lib_ab4a70858e__delay_0.15__dur_0.0.h5
14,0.06,0.2,ab4a70858e,0.12923574447631836,-8.059701492537314,4.481132075471699,22.515923572829195,28.65,29,24,1,0.3141592653589793,5,8.0,1,0.02,/mnt/ceph-hdd/workspaces/ws/cidbn_wibral_neuro_nonhuman/u19361-allen-hdd/results/zebra/meso/sub-832700_ses-multiplane-ophys-832700-2026-01-24-12-06-12_ophys/events/VISl_7/trial_0/phase_0/lib_ab4a70858e/lib_ab4a70858e__delay_0.06__dur_0.2.h5
140,0.15,0.2,ab4a70858e,0.09984081983566284,11.641791044776127,-4.481132075471699,180.0,10.74,40,29,8,2.5132741228718345,1,3.0,12,1.3,/mnt/ceph-hdd/workspaces/ws/cidbn_wibral_neuro_nonhuman/u19361-allen-hdd/results/zebra/meso/sub-832700_ses-multiplane-ophys-832700-2026-01-24-12-06-12_ophys/events/VISl_7/trial_0/phase_0/lib_ab4a70858e/lib_ab4a70858e__delay_0.15__dur_0.2.h5
141,0.09,0.0,ab4a70858e,0.17924635112285614,11.641791044776127,22.405660377358487,180.0,28.65,40,14,8,2.5132741228718345,5,8.0,3,0.04,/mnt/ceph-hdd/workspaces/ws/cidbn_wibral_neuro_nonhuman/u19361-allen-hdd/results/zebra/meso/sub-832700_ses-multiplane-ophys-832700-2026-01-24-12-06-12_ophys/events/VISl_7/trial_0/phase_0/lib_ab4a70858e/lib_ab4a70858e__delay_0.09__dur_0.0.h5
142,0.03,0.2,ab4a70858e,0.13028323650360107,20.59701492537313,-0.8962264150943398,45.02251307527088,7.16,45,27,2,0.6283185307179586,0,2.0,12,1.3,/mnt/ceph-hdd/workspaces/ws/cidbn_wibral_neuro_nonhuman/u19361-allen-hdd/results/zebra/meso/sub-832700_ses-multiplane-ophys-832700-2026-01-24-12-06-12_ophys/events/VISl_7/trial_0/phase_0/lib_ab4a70858e/lib_ab4a70858e__delay_0.03__dur_0.2.h5
143,0.12,0.0,ab4a70858e,0.14278443157672882,9.85074626865672,31.367924528301884,22.515923572829195,17.91,39,9,1,0.3141592653589793,3,5.0,3,0.04,/mnt/ceph-hdd/workspaces/ws/cidbn_wibral_neuro_nonhuman/u19361-allen-hdd/results/zebra/meso/sub-832700_ses-multiplane-ophys-832700-2026-01-24-12-06-12_ophys/events/VISl_7/trial_0/phase_0/lib_ab4a70858e/lib_ab4a70858e__delay_0.12__dur_0.0.h5
144,0.0,0.2,ab4a70858e,0.12151042371988297,11.641791044776127,36.74528301886792,180.0,7.16,40,6,8,2.5132741228718345,0,2.0,12,1.3,/mnt/ceph-hdd/workspaces/ws/cidbn_wibral_neuro_nonhuman/u19361-allen-hdd/results/zebra/meso/sub-832700_ses-multiplane-ophys-832700-2026-01-24-12-06-12_ophys/events/VISl_7/trial_0/phase_0/lib_ab4a70858e/lib_ab4a70858e__delay_0.0__dur_0.2.h5
145,0.09,0.2,ab4a70858e,0.1330157369375229,8.059701492537314,13.443396226415096,0.0,17.91,38,19,0,0.0,3,5.0,9,0.1,/mnt/ceph-hdd/workspaces/ws/cidbn_wibral_neuro_nonhuman/u19361-allen-hdd/results/zebra/meso/sub-832700_ses-multiplane-ophys-832700-2026-01-24-12-06-12_ophys/events/VISl_7/trial_0/phase_0/lib_ab4a70858e/lib_ab4a70858e__delay_0.09__dur_0.2.h5
146,0.06,0.2,ab4a70858e,0.1291373372077942,0.8955223880597032,-31.367924528301888,157.4840764271708,7.16,34,44,7,2.199114857512855,0,2.0,11,1.2,/mnt/ceph-hdd/workspaces/ws/cidbn_wibral_neuro_nonhuman/u19361-allen-hdd/results/zebra/meso/sub-832700_ses-multiplane-ophys-832700-2026-01-24-12-06-12_ophys/events/VISl_7/trial_0/phase_0/lib_ab4a70858e/lib_ab4a70858e__delay_0.06__dur_0.2.h5
147,0.09,0.2,ab4a70858e,0.14187392592430115,-4.477611940298509,-11.650943396226417,0.0,10.74,31,33,0,0.0,1,3.0,11,1.2,/mnt/ceph-hdd/workspaces/ws/cidbn_wibral_neuro_nonhuman/u19361-allen-hdd/results/zebra/meso/sub-832700_ses-multiplane-ophys-832700-2026-01-24-12-06-12_ophys/events/VISl_7/trial_0/phase_0/lib_ab4a70858e/lib_ab4a70858e__delay_0.09__dur_0.2.h5
148,0.09,0.0,ab4a70858e,0.13383162021636963,15.223880597014926,2.6886792452830193,45.02251307527088,7.16,42,25,2,0.6283185307179586,0,2.0,12,1.3,/mnt/ceph-hdd/workspaces/ws/cidbn_wibral_neuro_nonhuman/u19361-allen-hdd/results/zebra/meso/sub-832700_ses-multiplane-ophys-832700-2026-01-24-12-06-12_ophys/events/VISl_7/trial_0/phase_0/lib_ab4a70858e/lib_ab4a70858e__delay_0.09__dur_0.0.h5
149,0.09,0.2,ab4a70858e,0.12577463686466217,9.85074626865672,24.198113207547166,180.0,10.74,39,13,8,2.5132741228718345,1,3.0,12,1.3,/mnt/ceph-hdd/workspaces/ws/cidbn_wibral_neuro_nonhuman/u19361-allen-hdd/results/zebra/meso/sub-832700_ses-multiplane-ophys-832700-2026-01-24-12-06-12_ophys/events/VISl_7/trial_0/phase_0/lib_ab4a70858e/lib_ab4a70858e__delay_0.09__dur_0.2.h5
15,0.15,0.0,ab4a70858e,0.1167101338505745,-17.014925373134325,15.235849056603776,157.4840764271708,28.65,24,18,7,2.199114857512855,5,8.0,3,0.04,/mnt/ceph-hdd/workspaces/ws/cidbn_wibral_neuro_nonhuman/u19361-allen-hdd/results/zebra/meso/sub-832700_ses-multiplane-ophys-832700-2026-01-24-12-06-12_ophys/events/VISl_7/trial_0/phase_0/lib_ab4a70858e/lib_ab4a70858e__delay_0.15__dur_0.0.h5
150,0.15,0.2,ab4a70858e,0.11394383013248444,27.761194029850756,24.198113207547166,157.4840764271708,10.74,49,13,7,2.199114857512855,1,3.0,12,1.3,/mnt/ceph-hdd/workspaces/ws/cidbn_wibral_neuro_nonhuman/u19361-allen-hdd/results/zebra/meso/sub-832700_ses-multiplane-ophys-832700-2026-01-24-12-06-12_ophys/events/VISl_7/trial_0/phase_0/lib_ab4a70858e/lib_ab4a70858e__delay_0.15__dur_0.2.h5
151,0.12,0.0,ab4a70858e,0.1315469890832901,-8.059701492537314,13.443396226415096,0.0,10.74,29,19,0,0.0,1,3.0,11,1.2,/mnt/ceph-hdd/workspaces/ws/cidbn_wibral_neuro_nonhuman/u19361-allen-hdd/results/zebra/meso/sub-832700_ses-multiplane-ophys-832700-2026-01-24-12-06-12_ophys/events/VISl_7/trial_0/phase_0/lib_ab4a70858e/lib_ab4a70858e__delay_0.12__dur_0.0.h5
152,0.03,0.2,ab4a70858e,0.1152385026216507,-0.8955223880596961,18.820754716981128,157.4840764271708,7.16,33,16,7,2.199114857512855,0,2.0,12,1.3,/mnt/ceph-hdd/workspaces/ws/cidbn_wibral_neuro_nonhuman/u19361-allen-hdd/results/zebra/meso/sub-832700_ses-multiplane-ophys-832700-2026-01-24-12-06-12_ophys/events/VISl_7/trial_0/phase_0/lib_ab4a70858e/lib_ab4a70858e__delay_0.03__dur_0.2.h5
153,0.09,0.0,ab4a70858e,0.10667634010314941,-34.92537313432835,24.198113207547166,45.02251307527088,7.16,14,13,2,0.6283185307179586,0,2.0,12,1.3,/mnt/ceph-hdd/workspaces/ws/cidbn_wibral_neuro_nonhuman/u19361-allen-hdd/results/zebra/meso/sub-832700_ses-multiplane-ophys-832700-2026-01-24-12-06-12_ophys/events/VISl_7/trial_0/phase_0/lib_ab4a70858e/lib_ab4a70858e__delay_0.09__dur_0.0.h5
154,0.12,0.2,ab4a70858e,0.09073083847761154,-11.64179104477612,22.405660377358487,45.02251307527088,7.16,27,14,2,0.6283185307179586,0,2.0,12,1.3,/mnt/ceph-hdd/workspaces/ws/cidbn_wibral_neuro_nonhuman/u19361-allen-hdd/results/zebra/meso/sub-832700_ses-multiplane-ophys-832700-2026-01-24-12-06-12_ophys/events/VISl_7/trial_0/phase_0/lib_ab4a70858e/lib_ab4a70858e__delay_0.12__dur_0.2.h5
155,0.0,0.0,ab4a70858e,0.1048121377825737,-13.43283582089552,11.650943396226417,157.4840764271708,10.74,26,20,7,2.199114857512855,1,3.0,12,1.3,/mnt/ceph-hdd/workspaces/ws/cidbn_wibral_neuro_nonhuman/u19361-allen-hdd/results/zebra/meso/sub-832700_ses-multiplane-ophys-832700-2026-01-24-12-06-12_ophys/events/VISl_7/trial_0/phase_0/lib_ab4a70858e/lib_ab4a70858e__delay_0.0__dur_0.0.h5
156,0.06,0.0,ab4a70858e,0.11310874670743942,-34.92537313432835,36.74528301886792,90.0,10.74,14,6,4,1.2566370614359172,1,3.0,12,1.3,/mnt/ceph-hdd/workspaces/ws/cidbn_wibral_neuro_nonhuman/u19361-allen-hdd/results/zebra/meso/sub-832700_ses-multiplane-ophys-832700-2026-01-24-12-06-12_ophys/events/VISl_7/trial_0/phase_0/lib_ab4a70858e/lib_ab4a70858e__delay_0.06__dur_0.0.h5
157,0.0,0.2,ab4a70858e,0.15955007076263428,8.059701492537314,-0.8962264150943398,134.9774869247291,17.91,38,27,6,1.8849555921538759,3,5.0,3,0.04,/mnt/ceph-hdd/workspaces/ws/cidbn_wibral_neuro_nonhuman/u19361-allen-hdd/results/zebra/meso/sub-832700_ses-multiplane-ophys-832700-2026-01-24-12-06-12_ophys/events/VISl_7/trial_0/phase_0/lib_ab4a70858e/lib_ab4a70858e__delay_0.0__dur_0.2.h5
158,0.06,0.2,ab4a70858e,0.11669882386922836,-29.55223880597015,38.5377358490566,157.4840764271708,7.16,17,5,7,2.199114857512855,0,2.0,12,1.3,/mnt/ceph-hdd/workspaces/ws/cidbn_wibral_neuro_nonhuman/u19361-allen-hdd/results/zebra/meso/sub-832700_ses-multiplane-ophys-832700-2026-01-24-12-06-12_ophys/events/VISl_7/trial_0/phase_0/lib_ab4a70858e/lib_ab4a70858e__delay_0.06__dur_0.2.h5
159,0.12,0.0,ab4a70858e,0.10608021169900894,15.223880597014926,8.066037735849058,157.4840764271708,28.65,42,22,7,2.199114857512855,5,8.0,2,0.03,/mnt/ceph-hdd/workspaces/ws/cidbn_wibral_neuro_nonhuman/u19361-allen-hdd/results/zebra/meso/sub-832700_ses-multiplane-ophys-832700-2026-01-24-12-06-12_ophys/events/VISl_7/trial_0/phase_0/lib_ab4a70858e/lib_ab4a70858e__delay_0.12__dur_0.0.h5
16,0.12,0.0,ab4a70858e,0.12023888528347015,-15.223880597014926,2.6886792452830193,45.02251307527088,17.91,25,25,2,0.6283185307179586,3,5.0,12,1.3,/mnt/ceph-hdd/workspaces/ws/cidbn_wibral_neuro_nonhuman/u19361-allen-hdd/results/zebra/meso/sub-832700_ses-multiplane-ophys-832700-2026-01-24-12-06-12_ophys/events/VISl_7/trial_0/phase_0/lib_ab4a70858e/lib_ab4a70858e__delay_0.12__dur_0.0.h5
160,0.0,0.2,ab4a70858e,0.11190608888864517,-27.761194029850742,-22.40566037735849,112.48408527317332,21.49,18,39,5,1.5707963267948966,4,6.0,11,1.2,/mnt/ceph-hdd/workspaces/ws/cidbn_wibral_neuro_nonhuman/u19361-allen-hdd/results/zebra/meso/sub-832700_ses-multiplane-ophys-832700-2026-01-24-12-06-12_ophys/events/VISl_7/trial_0/phase_0/lib_ab4a70858e/lib_ab4a70858e__delay_0.0__dur_0.2.h5
161,0.09,0.0,ab4a70858e,0.13379491865634918,-33.134328358208954,34.95283018867924,0.0,10.74,15,7,0,0.0,1,3.0,12,1.3,/mnt/ceph-hdd/workspaces/ws/cidbn_wibral_neuro_nonhuman/u19361-allen-hdd/results/zebra/meso/sub-832700_ses-multiplane-ophys-832700-2026-01-24-12-06-12_ophys/events/VISl_7/trial_0/phase_0/lib_ab4a70858e/lib_ab4a70858e__delay_0.09__dur_0.0.h5
162,0.0,0.2,ab4a70858e,0.12621542811393738,6.268656716417908,18.820754716981128,134.9774869247291,10.74,37,16,6,1.8849555921538759,1,3.0,7,0.08,/mnt/ceph-hdd/workspaces/ws/cidbn_wibral_neuro_nonhuman/u19361-allen-hdd/results/zebra/meso/sub-832700_ses-multiplane-ophys-832700-2026-01-24-12-06-12_ophys/events/VISl_7/trial_0/phase_0/lib_ab4a70858e/lib_ab4a70858e__delay_0.0__dur_0.2.h5
163,0.12,0.2,ab4a70858e,0.14545004069805145,-17.014925373134325,6.273584905660378,157.4840764271708,14.32,24,23,7,2.199114857512855,2,4.0,12,1.3,/mnt/ceph-hdd/workspaces/ws/cidbn_wibral_neuro_nonhuman/u19361-allen-hdd/results/zebra/meso/sub-832700_ses-multiplane-ophys-832700-2026-01-24-12-06-12_ophys/events/VISl_7/trial_0/phase_0/lib_ab4a70858e/lib_ab4a70858e__delay_0.12__dur_0.2.h5
164,0.15,0.0,ab4a70858e,0.1270105242729187,9.85074626865672,-6.273584905660378,134.9774869247291,17.91,39,30,6,1.8849555921538759,3,5.0,10,1.1,/mnt/ceph-hdd/workspaces/ws/cidbn_wibral_neuro_nonhuman/u19361-allen-hdd/results/zebra/meso/sub-832700_ses-multiplane-ophys-832700-2026-01-24-12-06-12_ophys/events/VISl_7/trial_0/phase_0/lib_ab4a70858e/lib_ab4a70858e__delay_0.15__dur_0.0.h5
165,0.0,0.0,ab4a70858e,0.09132257103919983,-40.298507462686565,38.5377358490566,67.51591472682667,10.74,11,5,3,0.9424777960769379,1,3.0,11,1.2,/mnt/ceph-hdd/workspaces/ws/cidbn_wibral_neuro_nonhuman/u19361-allen-hdd/results/zebra/meso/sub-832700_ses-multiplane-ophys-832700-2026-01-24-12-06-12_ophys/events/VISl_7/trial_0/phase_0/lib_ab4a70858e/lib_ab4a70858e__delay_0.0__dur_0.0.h5
166,0.0,0.2,ab4a70858e,0.09834106266498566,-27.761194029850742,-4.481132075471699,180.0,10.74,18,29,8,2.5132741228718345,1,3.0,12,1.3,/mnt/ceph-hdd/workspaces/ws/cidbn_wibral_neuro_nonhuman/u19361-allen-hdd/results/zebra/meso/sub-832700_ses-multiplane-ophys-832700-2026-01-24-12-06-12_ophys/events/VISl_7/trial_0/phase_0/lib_ab4a70858e/lib_ab4a70858e__delay_0.0__dur_0.2.h5
167,0.12,0.2,ab4a70858e,0.12608876824378967,17.014925373134332,4.481132075471699,67.51591472682667,7.16,43,24,3,0.9424777960769379,0,2.0,10,1.1,/mnt/ceph-hdd/workspaces/ws/cidbn_wibral_neuro_nonhuman/u19361-allen-hdd/results/zebra/meso/sub-832700_ses-multiplane-ophys-832700-2026-01-24-12-06-12_ophys/events/VISl_7/trial_0/phase_0/lib_ab4a70858e/lib_ab4a70858e__delay_0.12__dur_0.2.h5
168,0.0,0.2,ab4a70858e,0.11224435269832611,-40.298507462686565,-22.40566037735849,22.515923572829195,7.16,11,39,1,0.3141592653589793,0,2.0,10,1.1,/mnt/ceph-hdd/workspaces/ws/cidbn_wibral_neuro_nonhuman/u19361-allen-hdd/results/zebra/meso/sub-832700_ses-multiplane-ophys-832700-2026-01-24-12-06-12_ophys/events/VISl_7/trial_0/phase_0/lib_ab4a70858e/lib_ab4a70858e__delay_0.0__dur_0.2.h5
169,0.03,0.2,ab4a70858e,0.1476573348045349,0.8955223880597032,13.443396226415096,67.51591472682667,17.91,34,19,3,0.9424777960769379,3,5.0,4,0.05,/mnt/ceph-hdd/workspaces/ws/cidbn_wibral_neuro_nonhuman/u19361-allen-hdd/results/zebra/meso/sub-832700_ses-multiplane-ophys-832700-2026-01-24-12-06-12_ophys/events/VISl_7/trial_0/phase_0/lib_ab4a70858e/lib_ab4a70858e__delay_0.03__dur_0.2.h5
17,0.15,0.2,ab4a70858e,0.11151791363954544,52.83582089552239,42.12264150943396,22.515923572829163,7.16,63,3,9,2.827433388230814,0,2.0,12,1.3,/mnt/ceph-hdd/workspaces/ws/cidbn_wibral_neuro_nonhuman/u19361-allen-hdd/results/zebra/meso/sub-832700_ses-multiplane-ophys-832700-2026-01-24-12-06-12_ophys/events/VISl_7/trial_0/phase_0/lib_ab4a70858e/lib_ab4a70858e__delay_0.15__dur_0.2.h5
170,0.0,0.2,ab4a70858e,0.11729923635721207,4.477611940298516,4.481132075471699,134.9774869247291,17.91,36,24,6,1.8849555921538759,3,5.0,3,0.04,/mnt/ceph-hdd/workspaces/ws/cidbn_wibral_neuro_nonhuman/u19361-allen-hdd/results/zebra/meso/sub-832700_ses-multiplane-ophys-832700-2026-01-24-12-06-12_ophys/events/VISl_7/trial_0/phase_0/lib_ab4a70858e/lib_ab4a70858e__delay_0.0__dur_0.2.h5
171,0.06,0.2,ab4a70858e,0.09808565676212311,13.43283582089552,47.5,45.02251307527088,10.74,41,0,2,0.6283185307179586,1,3.0,10,1.1,/mnt/ceph-hdd/workspaces/ws/cidbn_wibral_neuro_nonhuman/u19361-allen-hdd/results/zebra/meso/sub-832700_ses-multiplane-ophys-832700-2026-01-24-12-06-12_ophys/events/VISl_7/trial_0/phase_0/lib_ab4a70858e/lib_ab4a70858e__delay_0.06__dur_0.2.h5
172,0.12,0.2,ab4a70858e,0.15185125172138214,13.43283582089552,18.820754716981128,22.515923572829163,21.49,41,16,9,2.827433388230814,4,6.0,3,0.04,/mnt/ceph-hdd/workspaces/ws/cidbn_wibral_neuro_nonhuman/u19361-allen-hdd/results/zebra/meso/sub-832700_ses-multiplane-ophys-832700-2026-01-24-12-06-12_ophys/events/VISl_7/trial_0/phase_0/lib_ab4a70858e/lib_ab4a70858e__delay_0.12__dur_0.2.h5
173,0.0,0.0,ab4a70858e,0.10660183429718018,8.059701492537314,-40.33018867924528,67.51591472682667,7.16,38,49,3,0.9424777960769379,0,2.0,10,1.1,/mnt/ceph-hdd/workspaces/ws/cidbn_wibral_neuro_nonhuman/u19361-allen-hdd/results/zebra/meso/sub-832700_ses-multiplane-ophys-832700-2026-01-24-12-06-12_ophys/events/VISl_7/trial_0/phase_0/lib_ab4a70858e/lib_ab4a70858e__delay_0.0__dur_0.0.h5
174,0.15,0.2,ab4a70858e,0.18881581723690033,-11.64179104477612,-0.8962264150943398,45.02251307527088,17.91,27,27,2,0.6283185307179586,3,5.0,12,1.3,/mnt/ceph-hdd/workspaces/ws/cidbn_wibral_neuro_nonhuman/u19361-allen-hdd/results/zebra/meso/sub-832700_ses-multiplane-ophys-832700-2026-01-24-12-06-12_ophys/events/VISl_7/trial_0/phase_0/lib_ab4a70858e/lib_ab4a70858e__delay_0.15__dur_0.2.h5
175,0.0,0.2,ab4a70858e,0.14179295301437378,-18.80597014925373,2.6886792452830193,180.0,17.91,23,25,8,2.5132741228718345,3,5.0,12,1.3,/mnt/ceph-hdd/workspaces/ws/cidbn_wibral_neuro_nonhuman/u19361-allen-hdd/results/zebra/meso/sub-832700_ses-multiplane-ophys-832700-2026-01-24-12-06-12_ophys/events/VISl_7/trial_0/phase_0/lib_ab4a70858e/lib_ab4a70858e__delay_0.0__dur_0.2.h5
176,0.09,0.0,ab4a70858e,0.2412824183702469,17.014925373134332,6.273584905660378,157.4840764271708,21.49,43,23,7,2.199114857512855,4,6.0,3,0.04,/mnt/ceph-hdd/workspaces/ws/cidbn_wibral_neuro_nonhuman/u19361-allen-hdd/results/zebra/meso/sub-832700_ses-multiplane-ophys-832700-2026-01-24-12-06-12_ophys/events/VISl_7/trial_0/phase_0/lib_ab4a70858e/lib_ab4a70858e__delay_0.09__dur_0.0.h5
177,0.03,0.2,ab4a70858e,0.12756195664405823,-8.059701492537314,27.783018867924525,112.48408527317332,28.65,29,11,5,1.5707963267948966,5,8.0,11,1.2,/mnt/ceph-hdd/workspaces/ws/cidbn_wibral_neuro_nonhuman/u19361-allen-hdd/results/zebra/meso/sub-832700_ses-multiplane-ophys-832700-2026-01-24-12-06-12_ophys/events/VISl_7/trial_0/phase_0/lib_ab4a70858e/lib_ab4a70858e__delay_0.03__dur_0.2.h5
178,0.15,0.2,ab4a70858e,0.11795095354318619,58.20895522388061,13.443396226415096,67.51591472682667,14.32,66,19,3,0.9424777960769379,2,4.0,12,1.3,/mnt/ceph-hdd/workspaces/ws/cidbn_wibral_neuro_nonhuman/u19361-allen-hdd/results/zebra/meso/sub-832700_ses-multiplane-ophys-832700-2026-01-24-12-06-12_ophys/events/VISl_7/trial_0/phase_0/lib_ab4a70858e/lib_ab4a70858e__delay_0.15__dur_0.2.h5
179,0.12,0.2,ab4a70858e,0.10641243308782578,20.59701492537313,-33.160377358490564,157.4840764271708,14.32,45,45,7,2.199114857512855,2,4.0,10,1.1,/mnt/ceph-hdd/workspaces/ws/cidbn_wibral_neuro_nonhuman/u19361-allen-hdd/results/zebra/meso/sub-832700_ses-multiplane-ophys-832700-2026-01-24-12-06-12_ophys/events/VISl_7/trial_0/phase_0/lib_ab4a70858e/lib_ab4a70858e__delay_0.12__dur_0.2.h5
18,0.15,0.0,ab4a70858e,0.12889720499515533,-11.64179104477612,15.235849056603776,67.51591472682667,17.91,27,18,3,0.9424777960769379,3,5.0,4,0.05,/mnt/ceph-hdd/workspaces/ws/cidbn_wibral_neuro_nonhuman/u19361-allen-hdd/results/zebra/meso/sub-832700_ses-multiplane-ophys-832700-2026-01-24-12-06-12_ophys/events/VISl_7/trial_0/phase_0/lib_ab4a70858e/lib_ab4a70858e__delay_0.15__dur_0.0.h5
180,0.03,0.0,ab4a70858e,0.12852323055267334,-0.8955223880596961,-36.74528301886792,67.51591472682667,17.91,33,47,3,0.9424777960769379,3,5.0,10,1.1,/mnt/ceph-hdd/workspaces/ws/cidbn_wibral_neuro_nonhuman/u19361-allen-hdd/results/zebra/meso/sub-832700_ses-multiplane-ophys-832700-2026-01-24-12-06-12_ophys/events/VISl_7/trial_0/phase_0/lib_ab4a70858e/lib_ab4a70858e__delay_0.03__dur_0.0.h5
181,0.03,0.2,ab4a70858e,0.1271747350692749,6.268656716417908,2.6886792452830193,22.515923572829163,14.32,37,25,9,2.827433388230814,2,4.0,12,1.3,/mnt/ceph-hdd/workspaces/ws/cidbn_wibral_neuro_nonhuman/u19361-allen-hdd/results/zebra/meso/sub-832700_ses-multiplane-ophys-832700-2026-01-24-12-06-12_ophys/events/VISl_7/trial_0/phase_0/lib_ab4a70858e/lib_ab4a70858e__delay_0.03__dur_0.2.h5
182,0.03,0.2,ab4a70858e,0.11899259686470032,-6.268656716417908,20.613207547169807,0.0,10.74,30,15,0,0.0,1,3.0,11,1.2,/mnt/ceph-hdd/workspaces/ws/cidbn_wibral_neuro_nonhuman/u19361-allen-hdd/results/zebra/meso/sub-832700_ses-multiplane-ophys-832700-2026-01-24-12-06-12_ophys/events/VISl_7/trial_0/phase_0/lib_ab4a70858e/lib_ab4a70858e__delay_0.03__dur_0.2.h5
183,0.15,0.2,ab4a70858e,0.11292047053575516,-2.6865671641791025,-20.61320754716981,112.48408527317332,10.74,32,38,5,1.5707963267948966,1,3.0,12,1.3,/mnt/ceph-hdd/workspaces/ws/cidbn_wibral_neuro_nonhuman/u19361-allen-hdd/results/zebra/meso/sub-832700_ses-multiplane-ophys-832700-2026-01-24-12-06-12_ophys/events/VISl_7/trial_0/phase_0/lib_ab4a70858e/lib_ab4a70858e__delay_0.15__dur_0.2.h5
184,0.06,0.2,ab4a70858e,0.16257596015930176,-13.43283582089552,-9.858490566037737,45.02251307527088,17.91,26,32,2,0.6283185307179586,3,5.0,12,1.3,/mnt/ceph-hdd/workspaces/ws/cidbn_wibral_neuro_nonhuman/u19361-allen-hdd/results/zebra/meso/sub-832700_ses-multiplane-ophys-832700-2026-01-24-12-06-12_ophys/events/VISl_7/trial_0/phase_0/lib_ab4a70858e/lib_ab4a70858e__delay_0.06__dur_0.2.h5
185,0.09,0.2,ab4a70858e,0.09915868192911148,-40.298507462686565,38.5377358490566,45.02251307527088,7.16,11,5,2,0.6283185307179586,0,2.0,10,1.1,/mnt/ceph-hdd/workspaces/ws/cidbn_wibral_neuro_nonhuman/u19361-allen-hdd/results/zebra/meso/sub-832700_ses-multiplane-ophys-832700-2026-01-24-12-06-12_ophys/events/VISl_7/trial_0/phase_0/lib_ab4a70858e/lib_ab4a70858e__delay_0.09__dur_0.2.h5
186,0.0,0.2,ab4a70858e,0.11286885291337967,17.014925373134332,34.95283018867924,45.02251307527088,10.74,43,7,2,0.6283185307179586,1,3.0,10,1.1,/mnt/ceph-hdd/workspaces/ws/cidbn_wibral_neuro_nonhuman/u19361-allen-hdd/results/zebra/meso/sub-832700_ses-multiplane-ophys-832700-2026-01-24-12-06-12_ophys/events/VISl_7/trial_0/phase_0/lib_ab4a70858e/lib_ab4a70858e__delay_0.0__dur_0.2.h5
187,0.0,0.2,ab4a70858e,0.10860667377710342,29.55223880597015,-17.028301886792452,67.51591472682667,7.16,50,36,3,0.9424777960769379,0,2.0,10,1.1,/mnt/ceph-hdd/workspaces/ws/cidbn_wibral_neuro_nonhuman/u19361-allen-hdd/results/zebra/meso/sub-832700_ses-multiplane-ophys-832700-2026-01-24-12-06-12_ophys/events/VISl_7/trial_0/phase_0/lib_ab4a70858e/lib_ab4a70858e__delay_0.0__dur_0.2.h5
188,0.09,0.0,ab4a70858e,0.15672965347766876,17.014925373134332,11.650943396226417,22.515923572829195,17.91,43,20,1,0.3141592653589793,3,5.0,6,0.07,/mnt/ceph-hdd/workspaces/ws/cidbn_wibral_neuro_nonhuman/u19361-allen-hdd/results/zebra/meso/sub-832700_ses-multiplane-ophys-832700-2026-01-24-12-06-12_ophys/events/VISl_7/trial_0/phase_0/lib_ab4a70858e/lib_ab4a70858e__delay_0.09__dur_0.0.h5
189,0.15,0.0,ab4a70858e,0.10544748604297638,8.059701492537314,-0.8962264150943398,180.0,14.32,38,27,8,2.5132741228718345,2,4.0,10,1.1,/mnt/ceph-hdd/workspaces/ws/cidbn_wibral_neuro_nonhuman/u19361-allen-hdd/results/zebra/meso/sub-832700_ses-multiplane-ophys-832700-2026-01-24-12-06-12_ophys/events/VISl_7/trial_0/phase_0/lib_ab4a70858e/lib_ab4a70858e__delay_0.15__dur_0.0.h5
19,0.0,0.0,ab4a70858e,0.11799445003271103,-15.223880597014926,4.481132075471699,22.515923572829195,10.74,25,24,1,0.3141592653589793,1,3.0,12,1.3,/mnt/ceph-hdd/workspaces/ws/cidbn_wibral_neuro_nonhuman/u19361-allen-hdd/results/zebra/meso/sub-832700_ses-multiplane-ophys-832700-2026-01-24-12-06-12_ophys/events/VISl_7/trial_0/phase_0/lib_ab4a70858e/lib_ab4a70858e__delay_0.0__dur_0.0.h5
190,0.0,0.0,ab4a70858e,0.12756679952144623,-36.71641791044776,-42.12264150943396,45.02251307527088,10.74,13,50,2,0.6283185307179586,1,3.0,10,1.1,/mnt/ceph-hdd/workspaces/ws/cidbn_wibral_neuro_nonhuman/u19361-allen-hdd/results/zebra/meso/sub-832700_ses-multiplane-ophys-832700-2026-01-24-12-06-12_ophys/events/VISl_7/trial_0/phase_0/lib_ab4a70858e/lib_ab4a70858e__delay_0.0__dur_0.0.h5
191,0.09,0.2,ab4a70858e,0.13117696344852448,-25.970149253731343,25.990566037735846,45.02251307527088,17.91,19,12,2,0.6283185307179586,3,5.0,12,1.3,/mnt/ceph-hdd/workspaces/ws/cidbn_wibral_neuro_nonhuman/u19361-allen-hdd/results/zebra/meso/sub-832700_ses-multiplane-ophys-832700-2026-01-24-12-06-12_ophys/events/VISl_7/trial_0/phase_0/lib_ab4a70858e/lib_ab4a70858e__delay_0.09__dur_0.2.h5
192,0.12,0.0,ab4a70858e,0.16046084463596344,6.268656716417908,-6.273584905660378,0.0,10.74,37,30,0,0.0,1,3.0,11,1.2,/mnt/ceph-hdd/workspaces/ws/cidbn_wibral_neuro_nonhuman/u19361-allen-hdd/results/zebra/meso/sub-832700_ses-multiplane-ophys-832700-2026-01-24-12-06-12_ophys/events/VISl_7/trial_0/phase_0/lib_ab4a70858e/lib_ab4a70858e__delay_0.12__dur_0.0.h5
193,0.0,0.2,ab4a70858e,0.11010152846574783,-36.71641791044776,17.02830188679245,45.02251307527088,14.32,13,17,2,0.6283185307179586,2,4.0,9,0.1,/mnt/ceph-hdd/workspaces/ws/cidbn_wibral_neuro_nonhuman/u19361-allen-hdd/results/zebra/meso/sub-832700_ses-multiplane-ophys-832700-2026-01-24-12-06-12_ophys/events/VISl_7/trial_0/phase_0/lib_ab4a70858e/lib_ab4a70858e__delay_0.0__dur_0.2.h5
194,0.09,0.0,ab4a70858e,0.11725903302431107,9.85074626865672,6.273584905660378,180.0,21.49,39,23,8,2.5132741228718345,4,6.0,3,0.04,/mnt/ceph-hdd/workspaces/ws/cidbn_wibral_neuro_nonhuman/u19361-allen-hdd/results/zebra/meso/sub-832700_ses-multiplane-ophys-832700-2026-01-24-12-06-12_ophys/events/VISl_7/trial_0/phase_0/lib_ab4a70858e/lib_ab4a70858e__delay_0.09__dur_0.0.h5
195,0.0,0.0,ab4a70858e,0.1078118160367012,47.462686567164184,-2.6886792452830193,112.48408527317332,7.16,60,28,5,1.5707963267948966,0,2.0,11,1.2,/mnt/ceph-hdd/workspaces/ws/cidbn_wibral_neuro_nonhuman/u19361-allen-hdd/results/zebra/meso/sub-832700_ses-multiplane-ophys-832700-2026-01-24-12-06-12_ophys/events/VISl_7/trial_0/phase_0/lib_ab4a70858e/lib_ab4a70858e__delay_0.0__dur_0.0.h5
196,0.15,0.2,ab4a70858e,0.11083254963159561,45.67164179104478,15.235849056603776,22.515923572829195,17.91,59,18,1,0.3141592653589793,3,5.0,11,1.2,/mnt/ceph-hdd/workspaces/ws/cidbn_wibral_neuro_nonhuman/u19361-allen-hdd/results/zebra/meso/sub-832700_ses-multiplane-ophys-832700-2026-01-24-12-06-12_ophys/events/VISl_7/trial_0/phase_0/lib_ab4a70858e/lib_ab4a70858e__delay_0.15__dur_0.2.h5
197,0.06,0.0,ab4a70858e,0.1246609091758728,17.014925373134332,4.481132075471699,22.515923572829195,21.49,43,24,1,0.3141592653589793,4,6.0,4,0.05,/mnt/ceph-hdd/workspaces/ws/cidbn_wibral_neuro_nonhuman/u19361-allen-hdd/results/zebra/meso/sub-832700_ses-multiplane-ophys-832700-2026-01-24-12-06-12_ophys/events/VISl_7/trial_0/phase_0/lib_ab4a70858e/lib_ab4a70858e__delay_0.06__dur_0.0.h5
198,0.06,0.2,ab4a70858e,0.12481433153152466,17.014925373134332,11.650943396226417,157.4840764271708,10.74,43,20,7,2.199114857512855,1,3.0,12,1.3,/mnt/ceph-hdd/workspaces/ws/cidbn_wibral_neuro_nonhuman/u19361-allen-hdd/results/zebra/meso/sub-832700_ses-multiplane-ophys-832700-2026-01-24-12-06-12_ophys/events/VISl_7/trial_0/phase_0/lib_ab4a70858e/lib_ab4a70858e__delay_0.06__dur_0.2.h5
199,0.03,0.2,ab4a70858e,0.16448642313480377,20.59701492537313,9.858490566037737,0.0,28.65,45,21,0,0.0,5,8.0,3,0.04,/mnt/ceph-hdd/workspaces/ws/cidbn_wibral_neuro_nonhuman/u19361-allen-hdd/results/zebra/meso/sub-832700_ses-multiplane-ophys-832700-2026-01-24-12-06-12_ophys/events/VISl_7/trial_0/phase_0/lib_ab4a70858e/lib_ab4a70858e__delay_0.03__dur_0.2.h5
2,0.03,0.2,ab4a70858e,0.12637323141098022,-2.6865671641791025,-13.443396226415096,45.02251307527088,7.16,32,34,2,0.6283185307179586,0,2.0,11,1.2,/mnt/ceph-hdd/workspaces/ws/cidbn_wibral_neuro_nonhuman/u19361-allen-hdd/results/zebra/meso/sub-832700_ses-multiplane-ophys-832700-2026-01-24-12-06-12_ophys/events/VISl_7/trial_0/phase_0/lib_ab4a70858e/lib_ab4a70858e__delay_0.03__dur_0.2.h5
20,0.15,0.2,ab4a70858e,0.13103008270263672,-29.55223880597015,42.12264150943396,22.515923572829195,14.32,17,3,1,0.3141592653589793,2,4.0,12,1.3,/mnt/ceph-hdd/workspaces/ws/cidbn_wibral_neuro_nonhuman/u19361-allen-hdd/results/zebra/meso/sub-832700_ses-multiplane-ophys-832700-2026-01-24-12-06-12_ophys/events/VISl_7/trial_0/phase_0/lib_ab4a70858e/lib_ab4a70858e__delay_0.15__dur_0.2.h5
200,0.15,0.0,ab4a70858e,0.12160434573888779,-40.298507462686565,-22.40566037735849,112.48408527317332,21.49,11,39,5,1.5707963267948966,4,6.0,11,1.2,/mnt/ceph-hdd/workspaces/ws/cidbn_wibral_neuro_nonhuman/u19361-allen-hdd/results/zebra/meso/sub-832700_ses-multiplane-ophys-832700-2026-01-24-12-06-12_ophys/events/VISl_7/trial_0/phase_0/lib_ab4a70858e/lib_ab4a70858e__delay_0.15__dur_0.0.h5
201,0.0,0.0,ab4a70858e,0.1372484415769577,-17.014925373134325,6.273584905660378,112.48408527317332,21.49,24,23,5,1.5707963267948966,4,6.0,11,1.2,/mnt/ceph-hdd/workspaces/ws/cidbn_wibral_neuro_nonhuman/u19361-allen-hdd/results/zebra/meso/sub-832700_ses-multiplane-ophys-832700-2026-01-24-12-06-12_ophys/events/VISl_7/trial_0/phase_0/lib_ab4a70858e/lib_ab4a70858e__delay_0.0__dur_0.0.h5
202,0.12,0.2,ab4a70858e,0.09695516526699066,2.6865671641791096,2.6886792452830193,134.9774869247291,14.32,35,25,6,1.8849555921538759,2,4.0,9,0.1,/mnt/ceph-hdd/workspaces/ws/cidbn_wibral_neuro_nonhuman/u19361-allen-hdd/results/zebra/meso/sub-832700_ses-multiplane-ophys-832700-2026-01-24-12-06-12_ophys/events/VISl_7/trial_0/phase_0/lib_ab4a70858e/lib_ab4a70858e__delay_0.12__dur_0.2.h5
203,0.03,0.0,ab4a70858e,0.0975804254412651,47.462686567164184,9.858490566037737,45.02251307527088,17.91,60,21,2,0.6283185307179586,3,5.0,10,1.1,/mnt/ceph-hdd/workspaces/ws/cidbn_wibral_neuro_nonhuman/u19361-allen-hdd/results/zebra/meso/sub-832700_ses-multiplane-ophys-832700-2026-01-24-12-06-12_ophys/events/VISl_7/trial_0/phase_0/lib_ab4a70858e/lib_ab4a70858e__delay_0.03__dur_0.0.h5
204,0.0,0.0,ab4a70858e,0.11635619401931763,25.97014925373135,22.405660377358487,157.4840764271708,10.74,48,14,7,2.199114857512855,1,3.0,12,1.3,/mnt/ceph-hdd/workspaces/ws/cidbn_wibral_neuro_nonhuman/u19361-allen-hdd/results/zebra/meso/sub-832700_ses-multiplane-ophys-832700-2026-01-24-12-06-12_ophys/events/VISl_7/trial_0/phase_0/lib_ab4a70858e/lib_ab4a70858e__delay_0.0__dur_0.0.h5
205,0.06,0.2,ab4a70858e,0.13075563311576843,-9.850746268656714,-6.273584905660378,180.0,7.16,28,30,8,2.5132741228718345,0,2.0,12,1.3,/mnt/ceph-hdd/workspaces/ws/cidbn_wibral_neuro_nonhuman/u19361-allen-hdd/results/zebra/meso/sub-832700_ses-multiplane-ophys-832700-2026-01-24-12-06-12_ophys/events/VISl_7/trial_0/phase_0/lib_ab4a70858e/lib_ab4a70858e__delay_0.06__dur_0.2.h5
206,0.06,0.2,ab4a70858e,0.11640890687704086,47.462686567164184,0.8962264150943398,22.515923572829195,10.74,60,26,1,0.3141592653589793,1,3.0,10,1.1,/mnt/ceph-hdd/workspaces/ws/cidbn_wibral_neuro_nonhuman/u19361-allen-hdd/results/zebra/meso/sub-832700_ses-multiplane-ophys-832700-2026-01-24-12-06-12_ophys/events/VISl_7/trial_0/phase_0/lib_ab4a70858e/lib_ab4a70858e__delay_0.06__dur_0.2.h5
207,0.0,0.0,ab4a70858e,0.10982576757669449,-56.417910447761194,-34.95283018867924,90.0,7.16,2,46,4,1.2566370614359172,0,2.0,10,1.1,/mnt/ceph-hdd/workspaces/ws/cidbn_wibral_neuro_nonhuman/u19361-allen-hdd/results/zebra/meso/sub-832700_ses-multiplane-ophys-832700-2026-01-24-12-06-12_ophys/events/VISl_7/trial_0/phase_0/lib_ab4a70858e/lib_ab4a70858e__delay_0.0__dur_0.0.h5
208,0.15,0.2,ab4a70858e,0.10406707227230072,-45.67164179104478,42.12264150943396,45.02251307527088,10.74,8,3,2,0.6283185307179586,1,3.0,11,1.2,/mnt/ceph-hdd/workspaces/ws/cidbn_wibral_neuro_nonhuman/u19361-allen-hdd/results/zebra/meso/sub-832700_ses-multiplane-ophys-832700-2026-01-24-12-06-12_ophys/events/VISl_7/trial_0/phase_0/lib_ab4a70858e/lib_ab4a70858e__delay_0.15__dur_0.2.h5
209,0.06,0.0,ab4a70858e,0.14389203488826752,6.268656716417908,-2.6886792452830193,22.515923572829195,21.49,37,28,1,0.3141592653589793,4,6.0,4,0.05,/mnt/ceph-hdd/workspaces/ws/cidbn_wibral_neuro_nonhuman/u19361-allen-hdd/results/zebra/meso/sub-832700_ses-multiplane-ophys-832700-2026-01-24-12-06-12_ophys/events/VISl_7/trial_0/phase_0/lib_ab4a70858e/lib_ab4a70858e__delay_0.06__dur_0.0.h5
21,0.15,0.0,ab4a70858e,0.10503640025854111,31.343283582089555,38.5377358490566,22.515923572829195,10.74,51,5,1,0.3141592653589793,1,3.0,12,1.3,/mnt/ceph-hdd/workspaces/ws/cidbn_wibral_neuro_nonhuman/u19361-allen-hdd/results/zebra/meso/sub-832700_ses-multiplane-ophys-832700-2026-01-24-12-06-12_ophys/events/VISl_7/trial_0/phase_0/lib_ab4a70858e/lib_ab4a70858e__delay_0.15__dur_0.0.h5
210,0.12,0.2,ab4a70858e,0.10481557250022888,29.55223880597015,-45.70754716981132,112.48408527317332,7.16,50,52,5,1.5707963267948966,0,2.0,11,1.2,/mnt/ceph-hdd/workspaces/ws/cidbn_wibral_neuro_nonhuman/u19361-allen-hdd/results/zebra/meso/sub-832700_ses-multiplane-ophys-832700-2026-01-24-12-06-12_ophys/events/VISl_7/trial_0/phase_0/lib_ab4a70858e/lib_ab4a70858e__delay_0.12__dur_0.2.h5
211,0.09,0.2,ab4a70858e,0.10858951508998871,11.641791044776127,22.405660377358487,112.48408527317332,17.91,40,14,5,1.5707963267948966,3,5.0,11,1.2,/mnt/ceph-hdd/workspaces/ws/cidbn_wibral_neuro_nonhuman/u19361-allen-hdd/results/zebra/meso/sub-832700_ses-multiplane-ophys-832700-2026-01-24-12-06-12_ophys/events/VISl_7/trial_0/phase_0/lib_ab4a70858e/lib_ab4a70858e__delay_0.09__dur_0.2.h5
212,0.12,0.0,ab4a70858e,0.11558962613344193,8.059701492537314,-15.235849056603776,22.515923572829195,7.16,38,35,1,0.3141592653589793,0,2.0,12,1.3,/mnt/ceph-hdd/workspaces/ws/cidbn_wibral_neuro_nonhuman/u19361-allen-hdd/results/zebra/meso/sub-832700_ses-multiplane-ophys-832700-2026-01-24-12-06-12_ophys/events/VISl_7/trial_0/phase_0/lib_ab4a70858e/lib_ab4a70858e__delay_0.12__dur_0.0.h5
213,0.0,0.2,ab4a70858e,0.11434471607208252,-15.223880597014926,6.273584905660378,22.515923572829163,7.16,25,23,9,2.827433388230814,0,2.0,12,1.3,/mnt/ceph-hdd/workspaces/ws/cidbn_wibral_neuro_nonhuman/u19361-allen-hdd/results/zebra/meso/sub-832700_ses-multiplane-ophys-832700-2026-01-24-12-06-12_ophys/events/VISl_7/trial_0/phase_0/lib_ab4a70858e/lib_ab4a70858e__delay_0.0__dur_0.2.h5
214,0.15,0.0,ab4a70858e,0.12594644725322723,-17.014925373134325,-11.650943396226417,45.02251307527088,21.49,24,33,2,0.6283185307179586,4,6.0,12,1.3,/mnt/ceph-hdd/workspaces/ws/cidbn_wibral_neuro_nonhuman/u19361-allen-hdd/results/zebra/meso/sub-832700_ses-multiplane-ophys-832700-2026-01-24-12-06-12_ophys/events/VISl_7/trial_0/phase_0/lib_ab4a70858e/lib_ab4a70858e__delay_0.15__dur_0.0.h5
215,0.0,0.0,ab4a70858e,0.12407580763101578,13.43283582089552,25.990566037735846,0.0,14.32,41,12,0,0.0,2,4.0,11,1.2,/mnt/ceph-hdd/workspaces/ws/cidbn_wibral_neuro_nonhuman/u19361-allen-hdd/results/zebra/meso/sub-832700_ses-multiplane-ophys-832700-2026-01-24-12-06-12_ophys/events/VISl_7/trial_0/phase_0/lib_ab4a70858e/lib_ab4a70858e__delay_0.0__dur_0.0.h5
216,0.12,0.2,ab4a70858e,0.11013370752334595,-20.59701492537313,17.02830188679245,45.02251307527088,17.91,22,17,2,0.6283185307179586,3,5.0,11,1.2,/mnt/ceph-hdd/workspaces/ws/cidbn_wibral_neuro_nonhuman/u19361-allen-hdd/results/zebra/meso/sub-832700_ses-multiplane-ophys-832700-2026-01-24-12-06-12_ophys/events/VISl_7/trial_0/phase_0/lib_ab4a70858e/lib_ab4a70858e__delay_0.12__dur_0.2.h5
217,0.12,0.2,ab4a70858e,0.14529281854629517,24.179104477611943,0.8962264150943398,22.515923572829163,21.49,47,26,9,2.827433388230814,4,6.0,3,0.04,/mnt/ceph-hdd/workspaces/ws/cidbn_wibral_neuro_nonhuman/u19361-allen-hdd/results/zebra/meso/sub-832700_ses-multiplane-ophys-832700-2026-01-24-12-06-12_ophys/events/VISl_7/trial_0/phase_0/lib_ab4a70858e/lib_ab4a70858e__delay_0.12__dur_0.2.h5
218,0.03,0.2,ab4a70858e,0.24727997183799744,15.223880597014926,11.650943396226417,22.515923572829195,17.91,42,20,1,0.3141592653589793,3,5.0,9,0.1,/mnt/ceph-hdd/workspaces/ws/cidbn_wibral_neuro_nonhuman/u19361-allen-hdd/results/zebra/meso/sub-832700_ses-multiplane-ophys-832700-2026-01-24-12-06-12_ophys/events/VISl_7/trial_0/phase_0/lib_ab4a70858e/lib_ab4a70858e__delay_0.03__dur_0.2.h5
219,0.03,0.2,ab4a70858e,0.11671287566423416,9.85074626865672,22.405660377358487,180.0,10.74,39,14,8,2.5132741228718345,1,3.0,12,1.3,/mnt/ceph-hdd/workspaces/ws/cidbn_wibral_neuro_nonhuman/u19361-allen-hdd/results/zebra/meso/sub-832700_ses-multiplane-ophys-832700-2026-01-24-12-06-12_ophys/events/VISl_7/trial_0/phase_0/lib_ab4a70858e/lib_ab4a70858e__delay_0.03__dur_0.2.h5
22,0.06,0.2,ab4a70858e,0.127163365483284,-15.223880597014926,8.066037735849058,45.02251307527088,17.91,25,22,2,0.6283185307179586,3,5.0,11,1.2,/mnt/ceph-hdd/workspaces/ws/cidbn_wibral_neuro_nonhuman/u19361-allen-hdd/results/zebra/meso/sub-832700_ses-multiplane-ophys-832700-2026-01-24-12-06-12_ophys/events/VISl_7/trial_0/phase_0/lib_ab4a70858e/lib_ab4a70858e__delay_0.06__dur_0.2.h5
220,0.12,0.2,ab4a70858e,0.13162939250469208,-18.80597014925373,9.858490566037737,45.02251307527088,21.49,23,21,2,0.6283185307179586,4,6.0,12,1.3,/mnt/ceph-hdd/workspaces/ws/cidbn_wibral_neuro_nonhuman/u19361-allen-hdd/results/zebra/meso/sub-832700_ses-multiplane-ophys-832700-2026-01-24-12-06-12_ophys/events/VISl_7/trial_0/phase_0/lib_ab4a70858e/lib_ab4a70858e__delay_0.12__dur_0.2.h5
221,0.15,0.0,ab4a70858e,0.1460966169834137,2.6865671641791096,-2.6886792452830193,45.02251307527088,17.91,35,28,2,0.6283185307179586,3,5.0,3,0.04,/mnt/ceph-hdd/workspaces/ws/cidbn_wibral_neuro_nonhuman/u19361-allen-hdd/results/zebra/meso/sub-832700_ses-multiplane-ophys-832700-2026-01-24-12-06-12_ophys/events/VISl_7/trial_0/phase_0/lib_ab4a70858e/lib_ab4a70858e__delay_0.15__dur_0.0.h5
222,0.12,0.0,ab4a70858e,0.11452744901180267,47.462686567164184,-38.5377358490566,22.515923572829163,7.16,60,48,9,2.827433388230814,0,2.0,10,1.1,/mnt/ceph-hdd/workspaces/ws/cidbn_wibral_neuro_nonhuman/u19361-allen-hdd/results/zebra/meso/sub-832700_ses-multiplane-ophys-832700-2026-01-24-12-06-12_ophys/events/VISl_7/trial_0/phase_0/lib_ab4a70858e/lib_ab4a70858e__delay_0.12__dur_0.0.h5
223,0.12,0.2,ab4a70858e,0.1283283680677414,-0.8955223880596961,-17.028301886792452,67.51591472682667,10.74,33,36,3,0.9424777960769379,1,3.0,10,1.1,/mnt/ceph-hdd/workspaces/ws/cidbn_wibral_neuro_nonhuman/u19361-allen-hdd/results/zebra/meso/sub-832700_ses-multiplane-ophys-832700-2026-01-24-12-06-12_ophys/events/VISl_7/trial_0/phase_0/lib_ab4a70858e/lib_ab4a70858e__delay_0.12__dur_0.2.h5
224,0.0,0.2,ab4a70858e,0.15582287311553955,11.641791044776127,22.405660377358487,112.48408527317332,14.32,40,14,5,1.5707963267948966,2,4.0,11,1.2,/mnt/ceph-hdd/workspaces/ws/cidbn_wibral_neuro_nonhuman/u19361-allen-hdd/results/zebra/meso/sub-832700_ses-multiplane-ophys-832700-2026-01-24-12-06-12_ophys/events/VISl_7/trial_0/phase_0/lib_ab4a70858e/lib_ab4a70858e__delay_0.0__dur_0.2.h5
225,0.06,0.0,ab4a70858e,0.12933850288391113,24.179104477611943,-25.99056603773585,22.515923572829163,17.91,47,41,9,2.827433388230814,3,5.0,11,1.2,/mnt/ceph-hdd/workspaces/ws/cidbn_wibral_neuro_nonhuman/u19361-allen-hdd/results/zebra/meso/sub-832700_ses-multiplane-ophys-832700-2026-01-24-12-06-12_ophys/events/VISl_7/trial_0/phase_0/lib_ab4a70858e/lib_ab4a70858e__delay_0.06__dur_0.0.h5
226,0.03,0.2,ab4a70858e,0.10775161534547806,45.67164179104478,9.858490566037737,45.02251307527088,10.74,59,21,2,0.6283185307179586,1,3.0,11,1.2,/mnt/ceph-hdd/workspaces/ws/cidbn_wibral_neuro_nonhuman/u19361-allen-hdd/results/zebra/meso/sub-832700_ses-multiplane-ophys-832700-2026-01-24-12-06-12_ophys/events/VISl_7/trial_0/phase_0/lib_ab4a70858e/lib_ab4a70858e__delay_0.03__dur_0.2.h5
227,0.12,0.2,ab4a70858e,0.11819671839475632,-2.6865671641791025,0.8962264150943398,180.0,14.32,32,26,8,2.5132741228718345,2,4.0,12,1.3,/mnt/ceph-hdd/workspaces/ws/cidbn_wibral_neuro_nonhuman/u19361-allen-hdd/results/zebra/meso/sub-832700_ses-multiplane-ophys-832700-2026-01-24-12-06-12_ophys/events/VISl_7/trial_0/phase_0/lib_ab4a70858e/lib_ab4a70858e__delay_0.12__dur_0.2.h5
228,0.0,0.2,ab4a70858e,0.13184742629528046,-31.34328358208955,31.367924528301884,45.02251307527088,14.32,16,9,2,0.6283185307179586,2,4.0,12,1.3,/mnt/ceph-hdd/workspaces/ws/cidbn_wibral_neuro_nonhuman/u19361-allen-hdd/results/zebra/meso/sub-832700_ses-multiplane-ophys-832700-2026-01-24-12-06-12_ophys/events/VISl_7/trial_0/phase_0/lib_ab4a70858e/lib_ab4a70858e__delay_0.0__dur_0.2.h5
229,0.09,0.0,ab4a70858e,0.1174248605966568,6.268656716417908,-4.481132075471699,90.0,28.65,37,29,4,1.2566370614359172,5,8.0,5,0.06,/mnt/ceph-hdd/workspaces/ws/cidbn_wibral_neuro_nonhuman/u19361-allen-hdd/results/zebra/meso/sub-832700_ses-multiplane-ophys-832700-2026-01-24-12-06-12_ophys/events/VISl_7/trial_0/phase_0/lib_ab4a70858e/lib_ab4a70858e__delay_0.09__dur_0.0.h5
23,0.12,0.0,ab4a70858e,0.12131741642951965,-13.43283582089552,29.575471698113205,180.0,28.65,26,10,8,2.5132741228718345,5,8.0,2,0.03,/mnt/ceph-hdd/workspaces/ws/cidbn_wibral_neuro_nonhuman/u19361-allen-hdd/results/zebra/meso/sub-832700_ses-multiplane-ophys-832700-2026-01-24-12-06-12_ophys/events/VISl_7/trial_0/phase_0/lib_ab4a70858e/lib_ab4a70858e__delay_0.12__dur_0.0.h5
230,0.09,0.0,ab4a70858e,0.1451713889837265,-0.8955223880596961,-8.066037735849058,0.0,28.65,33,31,0,0.0,5,8.0,9,0.1,/mnt/ceph-hdd/workspaces/ws/cidbn_wibral_neuro_nonhuman/u19361-allen-hdd/results/zebra/meso/sub-832700_ses-multiplane-ophys-832700-2026-01-24-12-06-12_ophys/events/VISl_7/trial_0/phase_0/lib_ab4a70858e/lib_ab4a70858e__delay_0.09__dur_0.0.h5
231,0.09,0.0,ab4a70858e,0.10263983905315399,52.83582089552239,17.02830188679245,157.4840764271708,21.49,63,17,7,2.199114857512855,4,6.0,6,0.07,/mnt/ceph-hdd/workspaces/ws/cidbn_wibral_neuro_nonhuman/u19361-allen-hdd/results/zebra/meso/sub-832700_ses-multiplane-ophys-832700-2026-01-24-12-06-12_ophys/events/VISl_7/trial_0/phase_0/lib_ab4a70858e/lib_ab4a70858e__delay_0.09__dur_0.0.h5
232,0.06,0.0,ab4a70858e,0.23305733501911163,24.179104477611943,2.6886792452830193,112.48408527317332,21.49,47,25,5,1.5707963267948966,4,6.0,3,0.04,/mnt/ceph-hdd/workspaces/ws/cidbn_wibral_neuro_nonhuman/u19361-allen-hdd/results/zebra/meso/sub-832700_ses-multiplane-ophys-832700-2026-01-24-12-06-12_ophys/events/VISl_7/trial_0/phase_0/lib_ab4a70858e/lib_ab4a70858e__delay_0.06__dur_0.0.h5
233,0.03,0.0,ab4a70858e,0.12303914874792099,13.43283582089552,-27.78301886792453,67.51591472682667,21.49,41,42,3,0.9424777960769379,4,6.0,10,1.1,/mnt/ceph-hdd/workspaces/ws/cidbn_wibral_neuro_nonhuman/u19361-allen-hdd/results/zebra/meso/sub-832700_ses-multiplane-ophys-832700-2026-01-24-12-06-12_ophys/events/VISl_7/trial_0/phase_0/lib_ab4a70858e/lib_ab4a70858e__delay_0.03__dur_0.0.h5
234,0.06,0.2,ab4a70858e,0.13005560636520386,13.43283582089552,8.066037735849058,0.0,7.16,41,22,0,0.0,0,2.0,11,1.2,/mnt/ceph-hdd/workspaces/ws/cidbn_wibral_neuro_nonhuman/u19361-allen-hdd/results/zebra/meso/sub-832700_ses-multiplane-ophys-832700-2026-01-24-12-06-12_ophys/events/VISl_7/trial_0/phase_0/lib_ab4a70858e/lib_ab4a70858e__delay_0.06__dur_0.2.h5
235,0.12,0.2,ab4a70858e,0.13482438027858734,-22.388059701492537,-15.235849056603776,45.02251307527088,10.74,21,35,2,0.6283185307179586,1,3.0,12,1.3,/mnt/ceph-hdd/workspaces/ws/cidbn_wibral_neuro_nonhuman/u19361-allen-hdd/results/zebra/meso/sub-832700_ses-multiplane-ophys-832700-2026-01-24-12-06-12_ophys/events/VISl_7/trial_0/phase_0/lib_ab4a70858e/lib_ab4a70858e__delay_0.12__dur_0.2.h5
236,0.03,0.2,ab4a70858e,0.16745026409626007,38.507462686567166,-0.8962264150943398,90.0,21.49,55,27,4,1.2566370614359172,4,6.0,4,0.05,/mnt/ceph-hdd/workspaces/ws/cidbn_wibral_neuro_nonhuman/u19361-allen-hdd/results/zebra/meso/sub-832700_ses-multiplane-ophys-832700-2026-01-24-12-06-12_ophys/events/VISl_7/trial_0/phase_0/lib_ab4a70858e/lib_ab4a70858e__delay_0.03__dur_0.2.h5
237,0.09,0.0,ab4a70858e,0.11173275113105774,4.477611940298516,0.8962264150943398,157.4840764271708,14.32,36,26,7,2.199114857512855,2,4.0,12,1.3,/mnt/ceph-hdd/workspaces/ws/cidbn_wibral_neuro_nonhuman/u19361-allen-hdd/results/zebra/meso/sub-832700_ses-multiplane-ophys-832700-2026-01-24-12-06-12_ophys/events/VISl_7/trial_0/phase_0/lib_ab4a70858e/lib_ab4a70858e__delay_0.09__dur_0.0.h5
238,0.15,0.0,ab4a70858e,0.1321353316307068,2.6865671641791096,-2.6886792452830193,22.515923572829163,7.16,35,28,9,2.827433388230814,0,2.0,12,1.3,/mnt/ceph-hdd/workspaces/ws/cidbn_wibral_neuro_nonhuman/u19361-allen-hdd/results/zebra/meso/sub-832700_ses-multiplane-ophys-832700-2026-01-24-12-06-12_ophys/events/VISl_7/trial_0/phase_0/lib_ab4a70858e/lib_ab4a70858e__delay_0.15__dur_0.0.h5
239,0.03,0.2,ab4a70858e,0.12679676711559296,8.059701492537314,-4.481132075471699,180.0,21.49,38,29,8,2.5132741228718345,4,6.0,4,0.05,/mnt/ceph-hdd/workspaces/ws/cidbn_wibral_neuro_nonhuman/u19361-allen-hdd/results/zebra/meso/sub-832700_ses-multiplane-ophys-832700-2026-01-24-12-06-12_ophys/events/VISl_7/trial_0/phase_0/lib_ab4a70858e/lib_ab4a70858e__delay_0.03__dur_0.2.h5
24,0.03,0.2,ab4a70858e,0.13231191039085388,-6.268656716417908,13.443396226415096,22.515923572829163,28.65,30,19,9,2.827433388230814,5,8.0,4,0.05,/mnt/ceph-hdd/workspaces/ws/cidbn_wibral_neuro_nonhuman/u19361-allen-hdd/results/zebra/meso/sub-832700_ses-multiplane-ophys-832700-2026-01-24-12-06-12_ophys/events/VISl_7/trial_0/phase_0/lib_ab4a70858e/lib_ab4a70858e__delay_0.03__dur_0.2.h5
240,0.15,0.2,ab4a70858e,0.15748578310012817,-24.179104477611936,34.95283018867924,45.02251307527088,17.91,20,7,2,0.6283185307179586,3,5.0,12,1.3,/mnt/ceph-hdd/workspaces/ws/cidbn_wibral_neuro_nonhuman/u19361-allen-hdd/results/zebra/meso/sub-832700_ses-multiplane-ophys-832700-2026-01-24-12-06-12_ophys/events/VISl_7/trial_0/phase_0/lib_ab4a70858e/lib_ab4a70858e__delay_0.15__dur_0.2.h5
241,0.06,0.2,ab4a70858e,0.1413745880126953,-8.059701492537314,24.198113207547166,112.48408527317332,21.49,29,13,5,1.5707963267948966,4,6.0,11,1.2,/mnt/ceph-hdd/workspaces/ws/cidbn_wibral_neuro_nonhuman/u19361-allen-hdd/results/zebra/meso/sub-832700_ses-multiplane-ophys-832700-2026-01-24-12-06-12_ophys/events/VISl_7/trial_0/phase_0/lib_ab4a70858e/lib_ab4a70858e__delay_0.06__dur_0.2.h5
242,0.12,0.2,ab4a70858e,0.1435793787240982,29.55223880597015,20.613207547169807,157.4840764271708,14.32,50,15,7,2.199114857512855,2,4.0,12,1.3,/mnt/ceph-hdd/workspaces/ws/cidbn_wibral_neuro_nonhuman/u19361-allen-hdd/results/zebra/meso/sub-832700_ses-multiplane-ophys-832700-2026-01-24-12-06-12_ophys/events/VISl_7/trial_0/phase_0/lib_ab4a70858e/lib_ab4a70858e__delay_0.12__dur_0.2.h5
243,0.03,0.2,ab4a70858e,0.22778959572315216,18.80597014925374,4.481132075471699,67.51591472682667,28.65,44,24,3,0.9424777960769379,5,8.0,4,0.05,/mnt/ceph-hdd/workspaces/ws/cidbn_wibral_neuro_nonhuman/u19361-allen-hdd/results/zebra/meso/sub-832700_ses-multiplane-ophys-832700-2026-01-24-12-06-12_ophys/events/VISl_7/trial_0/phase_0/lib_ab4a70858e/lib_ab4a70858e__delay_0.03__dur_0.2.h5
244,0.12,0.0,ab4a70858e,0.17722593247890472,24.179104477611943,-4.481132075471699,157.4840764271708,17.91,47,29,7,2.199114857512855,3,5.0,2,0.03,/mnt/ceph-hdd/workspaces/ws/cidbn_wibral_neuro_nonhuman/u19361-allen-hdd/results/zebra/meso/sub-832700_ses-multiplane-ophys-832700-2026-01-24-12-06-12_ophys/events/VISl_7/trial_0/phase_0/lib_ab4a70858e/lib_ab4a70858e__delay_0.12__dur_0.0.h5
245,0.03,0.2,ab4a70858e,0.1283072978258133,-0.8955223880596961,-15.235849056603776,134.9774869247291,10.74,33,35,6,1.8849555921538759,1,3.0,10,1.1,/mnt/ceph-hdd/workspaces/ws/cidbn_wibral_neuro_nonhuman/u19361-allen-hdd/results/zebra/meso/sub-832700_ses-multiplane-ophys-832700-2026-01-24-12-06-12_ophys/events/VISl_7/trial_0/phase_0/lib_ab4a70858e/lib_ab4a70858e__delay_0.03__dur_0.2.h5
246,0.03,0.0,ab4a70858e,0.10992293804883957,2.6865671641791096,-0.8962264150943398,157.4840764271708,10.74,35,27,7,2.199114857512855,1,3.0,12,1.3,/mnt/ceph-hdd/workspaces/ws/cidbn_wibral_neuro_nonhuman/u19361-allen-hdd/results/zebra/meso/sub-832700_ses-multiplane-ophys-832700-2026-01-24-12-06-12_ophys/events/VISl_7/trial_0/phase_0/lib_ab4a70858e/lib_ab4a70858e__delay_0.03__dur_0.0.h5
247,0.09,0.2,ab4a70858e,0.12135843187570572,24.179104477611943,-6.273584905660378,22.515923572829195,28.65,47,30,1,0.3141592653589793,5,8.0,3,0.04,/mnt/ceph-hdd/workspaces/ws/cidbn_wibral_neuro_nonhuman/u19361-allen-hdd/results/zebra/meso/sub-832700_ses-multiplane-ophys-832700-2026-01-24-12-06-12_ophys/events/VISl_7/trial_0/phase_0/lib_ab4a70858e/lib_ab4a70858e__delay_0.09__dur_0.2.h5
248,0.09,0.2,ab4a70858e,0.11619336158037186,20.59701492537313,-31.367924528301888,157.4840764271708,17.91,45,44,7,2.199114857512855,3,5.0,10,1.1,/mnt/ceph-hdd/workspaces/ws/cidbn_wibral_neuro_nonhuman/u19361-allen-hdd/results/zebra/meso/sub-832700_ses-multiplane-ophys-832700-2026-01-24-12-06-12_ophys/events/VISl_7/trial_0/phase_0/lib_ab4a70858e/lib_ab4a70858e__delay_0.09__dur_0.2.h5
249,0.15,0.0,ab4a70858e,0.09421920031309128,-56.417910447761194,-36.74528301886792,90.0,7.16,2,47,4,1.2566370614359172,0,2.0,10,1.1,/mnt/ceph-hdd/workspaces/ws/cidbn_wibral_neuro_nonhuman/u19361-allen-hdd/results/zebra/meso/sub-832700_ses-multiplane-ophys-832700-2026-01-24-12-06-12_ophys/events/VISl_7/trial_0/phase_0/lib_ab4a70858e/lib_ab4a70858e__delay_0.15__dur_0.0.h5
25,0.06,0.2,ab4a70858e,0.17532017827033997,-24.179104477611936,4.481132075471699,45.02251307527088,10.74,20,24,2,0.6283185307179586,1,3.0,12,1.3,/mnt/ceph-hdd/workspaces/ws/cidbn_wibral_neuro_nonhuman/u19361-allen-hdd/results/zebra/meso/sub-832700_ses-multiplane-ophys-832700-2026-01-24-12-06-12_ophys/events/VISl_7/trial_0/phase_0/lib_ab4a70858e/lib_ab4a70858e__delay_0.06__dur_0.2.h5
250,0.15,0.2,ab4a70858e,0.0982193723320961,-9.850746268656714,11.650943396226417,45.02251307527088,28.65,28,20,2,0.6283185307179586,5,8.0,9,0.1,/mnt/ceph-hdd/workspaces/ws/cidbn_wibral_neuro_nonhuman/u19361-allen-hdd/results/zebra/meso/sub-832700_ses-multiplane-ophys-832700-2026-01-24-12-06-12_ophys/events/VISl_7/trial_0/phase_0/lib_ab4a70858e/lib_ab4a70858e__delay_0.15__dur_0.2.h5
251,0.03,0.0,ab4a70858e,0.12321331351995468,-15.223880597014926,0.8962264150943398,45.02251307527088,14.32,25,26,2,0.6283185307179586,2,4.0,12,1.3,/mnt/ceph-hdd/workspaces/ws/cidbn_wibral_neuro_nonhuman/u19361-allen-hdd/results/zebra/meso/sub-832700_ses-multiplane-ophys-832700-2026-01-24-12-06-12_ophys/events/VISl_7/trial_0/phase_0/lib_ab4a70858e/lib_ab4a70858e__delay_0.03__dur_0.0.h5
252,0.15,0.0,ab4a70858e,0.12042316794395447,-43.88059701492537,25.990566037735846,0.0,17.91,9,12,0,0.0,3,5.0,11,1.2,/mnt/ceph-hdd/workspaces/ws/cidbn_wibral_neuro_nonhuman/u19361-allen-hdd/results/zebra/meso/sub-832700_ses-multiplane-ophys-832700-2026-01-24-12-06-12_ophys/events/VISl_7/trial_0/phase_0/lib_ab4a70858e/lib_ab4a70858e__delay_0.15__dur_0.0.h5
253,0.15,0.2,ab4a70858e,0.10014138370752335,4.477611940298516,36.74528301886792,22.515923572829195,14.32,36,6,1,0.3141592653589793,2,4.0,12,1.3,/mnt/ceph-hdd/workspaces/ws/cidbn_wibral_neuro_nonhuman/u19361-allen-hdd/results/zebra/meso/sub-832700_ses-multiplane-ophys-832700-2026-01-24-12-06-12_ophys/events/VISl_7/trial_0/phase_0/lib_ab4a70858e/lib_ab4a70858e__delay_0.15__dur_0.2.h5
254,0.0,0.2,ab4a70858e,0.25362569093704224,6.268656716417908,-4.481132075471699,22.515923572829195,28.65,37,29,1,0.3141592653589793,5,8.0,1,0.02,/mnt/ceph-hdd/workspaces/ws/cidbn_wibral_neuro_nonhuman/u19361-allen-hdd/results/zebra/meso/sub-832700_ses-multiplane-ophys-832700-2026-01-24-12-06-12_ophys/events/VISl_7/trial_0/phase_0/lib_ab4a70858e/lib_ab4a70858e__delay_0.0__dur_0.2.h5
255,0.03,0.2,ab4a70858e,0.1656789779663086,36.71641791044776,4.481132075471699,134.9774869247291,21.49,54,24,6,1.8849555921538759,4,6.0,2,0.03,/mnt/ceph-hdd/workspaces/ws/cidbn_wibral_neuro_nonhuman/u19361-allen-hdd/results/zebra/meso/sub-832700_ses-multiplane-ophys-832700-2026-01-24-12-06-12_ophys/events/VISl_7/trial_0/phase_0/lib_ab4a70858e/lib_ab4a70858e__delay_0.03__dur_0.2.h5
256,0.06,0.0,ab4a70858e,0.12089215964078903,6.268656716417908,4.481132075471699,134.9774869247291,10.74,37,24,6,1.8849555921538759,1,3.0,10,1.1,/mnt/ceph-hdd/workspaces/ws/cidbn_wibral_neuro_nonhuman/u19361-allen-hdd/results/zebra/meso/sub-832700_ses-multiplane-ophys-832700-2026-01-24-12-06-12_ophys/events/VISl_7/trial_0/phase_0/lib_ab4a70858e/lib_ab4a70858e__delay_0.06__dur_0.0.h5
257,0.12,0.0,ab4a70858e,0.2627977430820465,38.507462686567166,0.8962264150943398,45.02251307527088,21.49,55,26,2,0.6283185307179586,4,6.0,1,0.02,/mnt/ceph-hdd/workspaces/ws/cidbn_wibral_neuro_nonhuman/u19361-allen-hdd/results/zebra/meso/sub-832700_ses-multiplane-ophys-832700-2026-01-24-12-06-12_ophys/events/VISl_7/trial_0/phase_0/lib_ab4a70858e/lib_ab4a70858e__delay_0.12__dur_0.0.h5
258,0.0,0.2,ab4a70858e,0.14649197459220886,33.13432835820896,-29.57547169811321,0.0,14.32,52,43,0,0.0,2,4.0,11,1.2,/mnt/ceph-hdd/workspaces/ws/cidbn_wibral_neuro_nonhuman/u19361-allen-hdd/results/zebra/meso/sub-832700_ses-multiplane-ophys-832700-2026-01-24-12-06-12_ophys/events/VISl_7/trial_0/phase_0/lib_ab4a70858e/lib_ab4a70858e__delay_0.0__dur_0.2.h5
259,0.09,0.2,ab4a70858e,0.132784903049469,8.059701492537314,-9.858490566037737,0.0,21.49,38,32,0,0.0,4,6.0,3,0.04,/mnt/ceph-hdd/workspaces/ws/cidbn_wibral_neuro_nonhuman/u19361-allen-hdd/results/zebra/meso/sub-832700_ses-multiplane-ophys-832700-2026-01-24-12-06-12_ophys/events/VISl_7/trial_0/phase_0/lib_ab4a70858e/lib_ab4a70858e__delay_0.09__dur_0.2.h5
26,0.12,0.0,ab4a70858e,0.12220342457294464,-27.761194029850742,42.12264150943396,180.0,10.74,18,3,8,2.5132741228718345,1,3.0,11,1.2,/mnt/ceph-hdd/workspaces/ws/cidbn_wibral_neuro_nonhuman/u19361-allen-hdd/results/zebra/meso/sub-832700_ses-multiplane-ophys-832700-2026-01-24-12-06-12_ophys/events/VISl_7/trial_0/phase_0/lib_ab4a70858e/lib_ab4a70858e__delay_0.12__dur_0.0.h5
260,0.0,0.2,ab4a70858e,0.13716143369674683,33.13432835820896,31.367924528301884,157.4840764271708,7.16,52,9,7,2.199114857512855,0,2.0,12,1.3,/mnt/ceph-hdd/workspaces/ws/cidbn_wibral_neuro_nonhuman/u19361-allen-hdd/results/zebra/meso/sub-832700_ses-multiplane-ophys-832700-2026-01-24-12-06-12_ophys/events/VISl_7/trial_0/phase_0/lib_ab4a70858e/lib_ab4a70858e__delay_0.0__dur_0.2.h5
261,0.12,0.2,ab4a70858e,0.18047605454921722,38.507462686567166,-0.8962264150943398,67.51591472682667,21.49,55,27,3,0.9424777960769379,4,6.0,2,0.03,/mnt/ceph-hdd/workspaces/ws/cidbn_wibral_neuro_nonhuman/u19361-allen-hdd/results/zebra/meso/sub-832700_ses-multiplane-ophys-832700-2026-01-24-12-06-12_ophys/events/VISl_7/trial_0/phase_0/lib_ab4a70858e/lib_ab4a70858e__delay_0.12__dur_0.2.h5
262,0.06,0.2,ab4a70858e,0.11511863023042679,-25.970149253731343,20.613207547169807,67.51591472682667,21.49,19,15,3,0.9424777960769379,4,6.0,12,1.3,/mnt/ceph-hdd/workspaces/ws/cidbn_wibral_neuro_nonhuman/u19361-allen-hdd/results/zebra/meso/sub-832700_ses-multiplane-ophys-832700-2026-01-24-12-06-12_ophys/events/VISl_7/trial_0/phase_0/lib_ab4a70858e/lib_ab4a70858e__delay_0.06__dur_0.2.h5
263,0.15,0.2,ab4a70858e,0.11548673361539841,-42.089552238805965,34.95283018867924,67.51591472682667,10.74,10,7,3,0.9424777960769379,1,3.0,11,1.2,/mnt/ceph-hdd/workspaces/ws/cidbn_wibral_neuro_nonhuman/u19361-allen-hdd/results/zebra/meso/sub-832700_ses-multiplane-ophys-832700-2026-01-24-12-06-12_ophys/events/VISl_7/trial_0/phase_0/lib_ab4a70858e/lib_ab4a70858e__delay_0.15__dur_0.2.h5
264,0.06,0.0,ab4a70858e,0.10098551213741302,49.25373134328359,13.443396226415096,67.51591472682667,10.74,61,19,3,0.9424777960769379,1,3.0,12,1.3,/mnt/ceph-hdd/workspaces/ws/cidbn_wibral_neuro_nonhuman/u19361-allen-hdd/results/zebra/meso/sub-832700_ses-multiplane-ophys-832700-2026-01-24-12-06-12_ophys/events/VISl_7/trial_0/phase_0/lib_ab4a70858e/lib_ab4a70858e__delay_0.06__dur_0.0.h5
265,0.15,0.2,ab4a70858e,0.10747978091239929,-18.80597014925373,-17.028301886792452,67.51591472682667,14.32,23,36,3,0.9424777960769379,2,4.0,12,1.3,/mnt/ceph-hdd/workspaces/ws/cidbn_wibral_neuro_nonhuman/u19361-allen-hdd/results/zebra/meso/sub-832700_ses-multiplane-ophys-832700-2026-01-24-12-06-12_ophys/events/VISl_7/trial_0/phase_0/lib_ab4a70858e/lib_ab4a70858e__delay_0.15__dur_0.2.h5
266,0.09,0.2,ab4a70858e,0.12554535269737244,24.179104477611943,-4.481132075471699,180.0,14.32,47,29,8,2.5132741228718345,2,4.0,6,0.07,/mnt/ceph-hdd/workspaces/ws/cidbn_wibral_neuro_nonhuman/u19361-allen-hdd/results/zebra/meso/sub-832700_ses-multiplane-ophys-832700-2026-01-24-12-06-12_ophys/events/VISl_7/trial_0/phase_0/lib_ab4a70858e/lib_ab4a70858e__delay_0.09__dur_0.2.h5
267,0.15,0.0,ab4a70858e,0.10792149603366852,-4.477611940298509,-17.028301886792452,180.0,10.74,31,36,8,2.5132741228718345,1,3.0,10,1.1,/mnt/ceph-hdd/workspaces/ws/cidbn_wibral_neuro_nonhuman/u19361-allen-hdd/results/zebra/meso/sub-832700_ses-multiplane-ophys-832700-2026-01-24-12-06-12_ophys/events/VISl_7/trial_0/phase_0/lib_ab4a70858e/lib_ab4a70858e__delay_0.15__dur_0.0.h5
268,0.12,0.0,ab4a70858e,0.11303030699491501,2.6865671641791096,20.613207547169807,0.0,17.91,35,15,0,0.0,3,5.0,11,1.2,/mnt/ceph-hdd/workspaces/ws/cidbn_wibral_neuro_nonhuman/u19361-allen-hdd/results/zebra/meso/sub-832700_ses-multiplane-ophys-832700-2026-01-24-12-06-12_ophys/events/VISl_7/trial_0/phase_0/lib_ab4a70858e/lib_ab4a70858e__delay_0.12__dur_0.0.h5
269,0.15,0.0,ab4a70858e,0.09841126203536987,15.223880597014926,-11.650943396226417,90.0,14.32,42,33,4,1.2566370614359172,2,4.0,10,1.1,/mnt/ceph-hdd/workspaces/ws/cidbn_wibral_neuro_nonhuman/u19361-allen-hdd/results/zebra/meso/sub-832700_ses-multiplane-ophys-832700-2026-01-24-12-06-12_ophys/events/VISl_7/trial_0/phase_0/lib_ab4a70858e/lib_ab4a70858e__delay_0.15__dur_0.0.h5
27,0.03,0.2,ab4a70858e,0.09838505834341049,-42.089552238805965,22.405660377358487,90.0,21.49,10,14,4,1.2566370614359172,4,6.0,8,0.09,/mnt/ceph-hdd/workspaces/ws/cidbn_wibral_neuro_nonhuman/u19361-allen-hdd/results/zebra/meso/sub-832700_ses-multiplane-ophys-832700-2026-01-24-12-06-12_ophys/events/VISl_7/trial_0/phase_0/lib_ab4a70858e/lib_ab4a70858e__delay_0.03__dur_0.2.h5
270,0.06,0.0,ab4a70858e,0.1238882765173912,8.059701492537314,31.367924528301884,180.0,7.16,38,9,8,2.5132741228718345,0,2.0,12,1.3,/mnt/ceph-hdd/workspaces/ws/cidbn_wibral_neuro_nonhuman/u19361-allen-hdd/results/zebra/meso/sub-832700_ses-multiplane-ophys-832700-2026-01-24-12-06-12_ophys/events/VISl_7/trial_0/phase_0/lib_ab4a70858e/lib_ab4a70858e__delay_0.06__dur_0.0.h5
271,0.03,0.2,ab4a70858e,0.12842310965061188,11.641791044776127,-0.8962264150943398,45.02251307527088,21.49,40,27,2,0.6283185307179586,4,6.0,4,0.05,/mnt/ceph-hdd/workspaces/ws/cidbn_wibral_neuro_nonhuman/u19361-allen-hdd/results/zebra/meso/sub-832700_ses-multiplane-ophys-832700-2026-01-24-12-06-12_ophys/events/VISl_7/trial_0/phase_0/lib_ab4a70858e/lib_ab4a70858e__delay_0.03__dur_0.2.h5
272,0.12,0.2,ab4a70858e,0.11091049760580063,-6.268656716417908,-25.99056603773585,45.02251307527088,7.16,30,41,2,0.6283185307179586,0,2.0,12,1.3,/mnt/ceph-hdd/workspaces/ws/cidbn_wibral_neuro_nonhuman/u19361-allen-hdd/results/zebra/meso/sub-832700_ses-multiplane-ophys-832700-2026-01-24-12-06-12_ophys/events/VISl_7/trial_0/phase_0/lib_ab4a70858e/lib_ab4a70858e__delay_0.12__dur_0.2.h5
273,0.09,0.2,ab4a70858e,0.10537397861480713,40.29850746268657,24.198113207547166,67.51591472682667,17.91,56,13,3,0.9424777960769379,3,5.0,10,1.1,/mnt/ceph-hdd/workspaces/ws/cidbn_wibral_neuro_nonhuman/u19361-allen-hdd/results/zebra/meso/sub-832700_ses-multiplane-ophys-832700-2026-01-24-12-06-12_ophys/events/VISl_7/trial_0/phase_0/lib_ab4a70858e/lib_ab4a70858e__delay_0.09__dur_0.2.h5
274,0.12,0.2,ab4a70858e,0.11559095233678818,-4.477611940298509,-9.858490566037737,22.515923572829195,21.49,31,32,1,0.3141592653589793,4,6.0,4,0.05,/mnt/ceph-hdd/workspaces/ws/cidbn_wibral_neuro_nonhuman/u19361-allen-hdd/results/zebra/meso/sub-832700_ses-multiplane-ophys-832700-2026-01-24-12-06-12_ophys/events/VISl_7/trial_0/phase_0/lib_ab4a70858e/lib_ab4a70858e__delay_0.12__dur_0.2.h5
275,0.06,0.2,ab4a70858e,0.13684864342212677,34.92537313432837,-6.273584905660378,0.0,21.49,53,30,0,0.0,4,6.0,3,0.04,/mnt/ceph-hdd/workspaces/ws/cidbn_wibral_neuro_nonhuman/u19361-allen-hdd/results/zebra/meso/sub-832700_ses-multiplane-ophys-832700-2026-01-24-12-06-12_ophys/events/VISl_7/trial_0/phase_0/lib_ab4a70858e/lib_ab4a70858e__delay_0.06__dur_0.2.h5
276,0.03,0.2,ab4a70858e,0.1214490756392479,33.13432835820896,-6.273584905660378,0.0,21.49,52,30,0,0.0,4,6.0,3,0.04,/mnt/ceph-hdd/workspaces/ws/cidbn_wibral_neuro_nonhuman/u19361-allen-hdd/results/zebra/meso/sub-832700_ses-multiplane-ophys-832700-2026-01-24-12-06-12_ophys/events/VISl_7/trial_0/phase_0/lib_ab4a70858e/lib_ab4a70858e__delay_0.03__dur_0.2.h5
277,0.09,0.2,ab4a70858e,0.11506520211696625,-24.179104477611936,17.02830188679245,90.0,14.32,20,17,4,1.2566370614359172,2,4.0,11,1.2,/mnt/ceph-hdd/workspaces/ws/cidbn_wibral_neuro_nonhuman/u19361-allen-hdd/results/zebra/meso/sub-832700_ses-multiplane-ophys-832700-2026-01-24-12-06-12_ophys/events/VISl_7/trial_0/phase_0/lib_ab4a70858e/lib_ab4a70858e__delay_0.09__dur_0.2.h5
278,0.03,0.0,ab4a70858e,0.11590369790792465,9.85074626865672,-31.367924528301888,45.02251307527088,14.32,39,44,2,0.6283185307179586,2,4.0,11,1.2,/mnt/ceph-hdd/workspaces/ws/cidbn_wibral_neuro_nonhuman/u19361-allen-hdd/results/zebra/meso/sub-832700_ses-multiplane-ophys-832700-2026-01-24-12-06-12_ophys/events/VISl_7/trial_0/phase_0/lib_ab4a70858e/lib_ab4a70858e__delay_0.03__dur_0.0.h5
279,0.0,0.2,ab4a70858e,0.11209814250469208,-15.223880597014926,-18.82075471698113,67.51591472682667,14.32,25,37,3,0.9424777960769379,2,4.0,12,1.3,/mnt/ceph-hdd/workspaces/ws/cidbn_wibral_neuro_nonhuman/u19361-allen-hdd/results/zebra/meso/sub-832700_ses-multiplane-ophys-832700-2026-01-24-12-06-12_ophys/events/VISl_7/trial_0/phase_0/lib_ab4a70858e/lib_ab4a70858e__delay_0.0__dur_0.2.h5
28,0.0,0.2,ab4a70858e,0.10021921992301941,-24.179104477611936,24.198113207547166,45.02251307527088,10.74,20,13,2,0.6283185307179586,1,3.0,12,1.3,/mnt/ceph-hdd/workspaces/ws/cidbn_wibral_neuro_nonhuman/u19361-allen-hdd/results/zebra/meso/sub-832700_ses-multiplane-ophys-832700-2026-01-24-12-06-12_ophys/events/VISl_7/trial_0/phase_0/lib_ab4a70858e/lib_ab4a70858e__delay_0.0__dur_0.2.h5
280,0.03,0.0,ab4a70858e,0.12279601395130157,25.97014925373135,11.650943396226417,67.51591472682667,7.16,48,20,3,0.9424777960769379,0,2.0,10,1.1,/mnt/ceph-hdd/workspaces/ws/cidbn_wibral_neuro_nonhuman/u19361-allen-hdd/results/zebra/meso/sub-832700_ses-multiplane-ophys-832700-2026-01-24-12-06-12_ophys/events/VISl_7/trial_0/phase_0/lib_ab4a70858e/lib_ab4a70858e__delay_0.03__dur_0.0.h5
281,0.15,0.2,ab4a70858e,0.09130704402923584,-24.179104477611936,4.481132075471699,0.0,17.91,20,24,0,0.0,3,5.0,9,0.1,/mnt/ceph-hdd/workspaces/ws/cidbn_wibral_neuro_nonhuman/u19361-allen-hdd/results/zebra/meso/sub-832700_ses-multiplane-ophys-832700-2026-01-24-12-06-12_ophys/events/VISl_7/trial_0/phase_0/lib_ab4a70858e/lib_ab4a70858e__delay_0.15__dur_0.2.h5
282,0.09,0.0,ab4a70858e,0.10740135610103607,43.88059701492537,9.858490566037737,134.9774869247291,10.74,58,21,6,1.8849555921538759,1,3.0,11,1.2,/mnt/ceph-hdd/workspaces/ws/cidbn_wibral_neuro_nonhuman/u19361-allen-hdd/results/zebra/meso/sub-832700_ses-multiplane-ophys-832700-2026-01-24-12-06-12_ophys/events/VISl_7/trial_0/phase_0/lib_ab4a70858e/lib_ab4a70858e__delay_0.09__dur_0.0.h5
283,0.09,0.0,ab4a70858e,0.18952001631259918,2.6865671641791096,-15.235849056603776,22.515923572829195,28.65,35,35,1,0.3141592653589793,5,8.0,1,0.02,/mnt/ceph-hdd/workspaces/ws/cidbn_wibral_neuro_nonhuman/u19361-allen-hdd/results/zebra/meso/sub-832700_ses-multiplane-ophys-832700-2026-01-24-12-06-12_ophys/events/VISl_7/trial_0/phase_0/lib_ab4a70858e/lib_ab4a70858e__delay_0.09__dur_0.0.h5
284,0.09,0.0,ab4a70858e,0.1461150050163269,15.223880597014926,2.6886792452830193,22.515923572829195,28.65,42,25,1,0.3141592653589793,5,8.0,2,0.03,/mnt/ceph-hdd/workspaces/ws/cidbn_wibral_neuro_nonhuman/u19361-allen-hdd/results/zebra/meso/sub-832700_ses-multiplane-ophys-832700-2026-01-24-12-06-12_ophys/events/VISl_7/trial_0/phase_0/lib_ab4a70858e/lib_ab4a70858e__delay_0.09__dur_0.0.h5
285,0.12,0.0,ab4a70858e,0.13384467363357544,13.43283582089552,-2.6886792452830193,90.0,17.91,41,28,4,1.2566370614359172,3,5.0,4,0.05,/mnt/ceph-hdd/workspaces/ws/cidbn_wibral_neuro_nonhuman/u19361-allen-hdd/results/zebra/meso/sub-832700_ses-multiplane-ophys-832700-2026-01-24-12-06-12_ophys/events/VISl_7/trial_0/phase_0/lib_ab4a70858e/lib_ab4a70858e__delay_0.12__dur_0.0.h5
286,0.12,0.0,ab4a70858e,0.15203894674777985,33.13432835820896,-0.8962264150943398,22.515923572829195,14.32,52,27,1,0.3141592653589793,2,4.0,9,0.1,/mnt/ceph-hdd/workspaces/ws/cidbn_wibral_neuro_nonhuman/u19361-allen-hdd/results/zebra/meso/sub-832700_ses-multiplane-ophys-832700-2026-01-24-12-06-12_ophys/events/VISl_7/trial_0/phase_0/lib_ab4a70858e/lib_ab4a70858e__delay_0.12__dur_0.0.h5
287,0.06,0.0,ab4a70858e,0.11410064250230789,22.388059701492537,-2.6886792452830193,157.4840764271708,7.16,46,28,7,2.199114857512855,0,2.0,12,1.3,/mnt/ceph-hdd/workspaces/ws/cidbn_wibral_neuro_nonhuman/u19361-allen-hdd/results/zebra/meso/sub-832700_ses-multiplane-ophys-832700-2026-01-24-12-06-12_ophys/events/VISl_7/trial_0/phase_0/lib_ab4a70858e/lib_ab4a70858e__delay_0.06__dur_0.0.h5
288,0.06,0.0,ab4a70858e,0.10735511779785156,-18.80597014925373,33.160377358490564,22.515923572829195,7.16,23,8,1,0.3141592653589793,0,2.0,10,1.1,/mnt/ceph-hdd/workspaces/ws/cidbn_wibral_neuro_nonhuman/u19361-allen-hdd/results/zebra/meso/sub-832700_ses-multiplane-ophys-832700-2026-01-24-12-06-12_ophys/events/VISl_7/trial_0/phase_0/lib_ab4a70858e/lib_ab4a70858e__delay_0.06__dur_0.0.h5
289,0.03,0.2,ab4a70858e,0.12405230849981308,-22.388059701492537,33.160377358490564,157.4840764271708,7.16,21,8,7,2.199114857512855,0,2.0,12,1.3,/mnt/ceph-hdd/workspaces/ws/cidbn_wibral_neuro_nonhuman/u19361-allen-hdd/results/zebra/meso/sub-832700_ses-multiplane-ophys-832700-2026-01-24-12-06-12_ophys/events/VISl_7/trial_0/phase_0/lib_ab4a70858e/lib_ab4a70858e__delay_0.03__dur_0.2.h5
29,0.06,0.0,ab4a70858e,0.13098041713237762,15.223880597014926,38.5377358490566,112.48408527317332,10.74,42,5,5,1.5707963267948966,1,3.0,12,1.3,/mnt/ceph-hdd/workspaces/ws/cidbn_wibral_neuro_nonhuman/u19361-allen-hdd/results/zebra/meso/sub-832700_ses-multiplane-ophys-832700-2026-01-24-12-06-12_ophys/events/VISl_7/trial_0/phase_0/lib_ab4a70858e/lib_ab4a70858e__delay_0.06__dur_0.0.h5
290,0.15,0.2,ab4a70858e,0.12664854526519775,-4.477611940298509,-8.066037735849058,180.0,21.49,31,31,8,2.5132741228718345,4,6.0,12,1.3,/mnt/ceph-hdd/workspaces/ws/cidbn_wibral_neuro_nonhuman/u19361-allen-hdd/results/zebra/meso/sub-832700_ses-multiplane-ophys-832700-2026-01-24-12-06-12_ophys/events/VISl_7/trial_0/phase_0/lib_ab4a70858e/lib_ab4a70858e__delay_0.15__dur_0.2.h5
291,0.0,0.2,ab4a70858e,0.14160878956317902,27.761194029850756,-9.858490566037737,157.4840764271708,14.32,49,32,7,2.199114857512855,2,4.0,12,1.3,/mnt/ceph-hdd/workspaces/ws/cidbn_wibral_neuro_nonhuman/u19361-allen-hdd/results/zebra/meso/sub-832700_ses-multiplane-ophys-832700-2026-01-24-12-06-12_ophys/events/VISl_7/trial_0/phase_0/lib_ab4a70858e/lib_ab4a70858e__delay_0.0__dur_0.2.h5
292,0.09,0.0,ab4a70858e,0.17893488705158234,15.223880597014926,0.8962264150943398,180.0,28.65,42,26,8,2.5132741228718345,5,8.0,3,0.04,/mnt/ceph-hdd/workspaces/ws/cidbn_wibral_neuro_nonhuman/u19361-allen-hdd/results/zebra/meso/sub-832700_ses-multiplane-ophys-832700-2026-01-24-12-06-12_ophys/events/VISl_7/trial_0/phase_0/lib_ab4a70858e/lib_ab4a70858e__delay_0.09__dur_0.0.h5
293,0.0,0.2,ab4a70858e,0.14673388004302979,-15.223880597014926,6.273584905660378,157.4840764271708,17.91,25,23,7,2.199114857512855,3,5.0,12,1.3,/mnt/ceph-hdd/workspaces/ws/cidbn_wibral_neuro_nonhuman/u19361-allen-hdd/results/zebra/meso/sub-832700_ses-multiplane-ophys-832700-2026-01-24-12-06-12_ophys/events/VISl_7/trial_0/phase_0/lib_ab4a70858e/lib_ab4a70858e__delay_0.0__dur_0.2.h5
294,0.12,0.2,ab4a70858e,0.12209798395633698,17.014925373134332,0.8962264150943398,45.02251307527088,14.32,43,26,2,0.6283185307179586,2,4.0,3,0.04,/mnt/ceph-hdd/workspaces/ws/cidbn_wibral_neuro_nonhuman/u19361-allen-hdd/results/zebra/meso/sub-832700_ses-multiplane-ophys-832700-2026-01-24-12-06-12_ophys/events/VISl_7/trial_0/phase_0/lib_ab4a70858e/lib_ab4a70858e__delay_0.12__dur_0.2.h5
295,0.03,0.2,ab4a70858e,0.15244735777378082,29.55223880597015,-2.6886792452830193,22.515923572829195,14.32,50,28,1,0.3141592653589793,2,4.0,9,0.1,/mnt/ceph-hdd/workspaces/ws/cidbn_wibral_neuro_nonhuman/u19361-allen-hdd/results/zebra/meso/sub-832700_ses-multiplane-ophys-832700-2026-01-24-12-06-12_ophys/events/VISl_7/trial_0/phase_0/lib_ab4a70858e/lib_ab4a70858e__delay_0.03__dur_0.2.h5
296,0.09,0.0,ab4a70858e,0.12659896910190582,25.97014925373135,-11.650943396226417,22.515923572829195,28.65,48,33,1,0.3141592653589793,5,8.0,6,0.07,/mnt/ceph-hdd/workspaces/ws/cidbn_wibral_neuro_nonhuman/u19361-allen-hdd/results/zebra/meso/sub-832700_ses-multiplane-ophys-832700-2026-01-24-12-06-12_ophys/events/VISl_7/trial_0/phase_0/lib_ab4a70858e/lib_ab4a70858e__delay_0.09__dur_0.0.h5
297,0.03,0.2,ab4a70858e,0.12264683842658997,-29.55223880597015,42.12264150943396,45.02251307527088,17.91,17,3,2,0.6283185307179586,3,5.0,12,1.3,/mnt/ceph-hdd/workspaces/ws/cidbn_wibral_neuro_nonhuman/u19361-allen-hdd/results/zebra/meso/sub-832700_ses-multiplane-ophys-832700-2026-01-24-12-06-12_ophys/events/VISl_7/trial_0/phase_0/lib_ab4a70858e/lib_ab4a70858e__delay_0.03__dur_0.2.h5
298,0.12,0.0,ab4a70858e,0.1135602816939354,-36.71641791044776,36.74528301886792,134.9774869247291,14.32,13,6,6,1.8849555921538759,2,4.0,11,1.2,/mnt/ceph-hdd/workspaces/ws/cidbn_wibral_neuro_nonhuman/u19361-allen-hdd/results/zebra/meso/sub-832700_ses-multiplane-ophys-832700-2026-01-24-12-06-12_ophys/events/VISl_7/trial_0/phase_0/lib_ab4a70858e/lib_ab4a70858e__delay_0.12__dur_0.0.h5
299,0.0,0.2,ab4a70858e,0.1437053382396698,18.80597014925374,-4.481132075471699,112.48408527317332,10.74,44,29,5,1.5707963267948966,1,3.0,11,1.2,/mnt/ceph-hdd/workspaces/ws/cidbn_wibral_neuro_nonhuman/u19361-allen-hdd/results/zebra/meso/sub-832700_ses-multiplane-ophys-832700-2026-01-24-12-06-12_ophys/events/VISl_7/trial_0/phase_0/lib_ab4a70858e/lib_ab4a70858e__delay_0.0__dur_0.2.h5
3,0.15,0.2,ab4a70858e,0.11866169422864914,29.55223880597015,-15.235849056603776,157.4840764271708,10.74,50,35,7,2.199114857512855,1,3.0,12,1.3,/mnt/ceph-hdd/workspaces/ws/cidbn_wibral_neuro_nonhuman/u19361-allen-hdd/results/zebra/meso/sub-832700_ses-multiplane-ophys-832700-2026-01-24-12-06-12_ophys/events/VISl_7/trial_0/phase_0/lib_ab4a70858e/lib_ab4a70858e__delay_0.15__dur_0.2.h5
30,0.03,0.0,ab4a70858e,0.10628523677587509,-33.134328358208954,42.12264150943396,0.0,28.65,15,3,0,0.0,5,8.0,11,1.2,/mnt/ceph-hdd/workspaces/ws/cidbn_wibral_neuro_nonhuman/u19361-allen-hdd/results/zebra/meso/sub-832700_ses-multiplane-ophys-832700-2026-01-24-12-06-12_ophys/events/VISl_7/trial_0/phase_0/lib_ab4a70858e/lib_ab4a70858e__delay_0.03__dur_0.0.h5
300,0.0,0.2,ab4a70858e,0.12215438485145569,40.29850746268657,20.613207547169807,157.4840764271708,14.32,56,15,7,2.199114857512855,2,4.0,10,1.1,/mnt/ceph-hdd/workspaces/ws/cidbn_wibral_neuro_nonhuman/u19361-allen-hdd/results/zebra/meso/sub-832700_ses-multiplane-ophys-832700-2026-01-24-12-06-12_ophys/events/VISl_7/trial_0/phase_0/lib_ab4a70858e/lib_ab4a70858e__delay_0.0__dur_0.2.h5
301,0.0,0.2,ab4a70858e,0.113971047103405,24.179104477611943,6.273584905660378,90.0,28.65,47,23,4,1.2566370614359172,5,8.0,4,0.05,/mnt/ceph-hdd/workspaces/ws/cidbn_wibral_neuro_nonhuman/u19361-allen-hdd/results/zebra/meso/sub-832700_ses-multiplane-ophys-832700-2026-01-24-12-06-12_ophys/events/VISl_7/trial_0/phase_0/lib_ab4a70858e/lib_ab4a70858e__delay_0.0__dur_0.2.h5
302,0.09,0.2,ab4a70858e,0.13509191572666168,27.761194029850756,-8.066037735849058,22.515923572829163,28.65,49,31,9,2.827433388230814,5,8.0,2,0.03,/mnt/ceph-hdd/workspaces/ws/cidbn_wibral_neuro_nonhuman/u19361-allen-hdd/results/zebra/meso/sub-832700_ses-multiplane-ophys-832700-2026-01-24-12-06-12_ophys/events/VISl_7/trial_0/phase_0/lib_ab4a70858e/lib_ab4a70858e__delay_0.09__dur_0.2.h5
303,0.06,0.0,ab4a70858e,0.1688745766878128,-22.388059701492537,-0.8962264150943398,45.02251307527088,28.65,21,27,2,0.6283185307179586,5,8.0,11,1.2,/mnt/ceph-hdd/workspaces/ws/cidbn_wibral_neuro_nonhuman/u19361-allen-hdd/results/zebra/meso/sub-832700_ses-multiplane-ophys-832700-2026-01-24-12-06-12_ophys/events/VISl_7/trial_0/phase_0/lib_ab4a70858e/lib_ab4a70858e__delay_0.06__dur_0.0.h5
304,0.09,0.0,ab4a70858e,0.09809721261262894,29.55223880597015,-6.273584905660378,0.0,14.32,50,30,0,0.0,2,4.0,12,1.3,/mnt/ceph-hdd/workspaces/ws/cidbn_wibral_neuro_nonhuman/u19361-allen-hdd/results/zebra/meso/sub-832700_ses-multiplane-ophys-832700-2026-01-24-12-06-12_ophys/events/VISl_7/trial_0/phase_0/lib_ab4a70858e/lib_ab4a70858e__delay_0.09__dur_0.0.h5
305,0.15,0.2,ab4a70858e,0.12208691984415054,33.13432835820896,24.198113207547166,67.51591472682667,10.74,52,13,3,0.9424777960769379,1,3.0,11,1.2,/mnt/ceph-hdd/workspaces/ws/cidbn_wibral_neuro_nonhuman/u19361-allen-hdd/results/zebra/meso/sub-832700_ses-multiplane-ophys-832700-2026-01-24-12-06-12_ophys/events/VISl_7/trial_0/phase_0/lib_ab4a70858e/lib_ab4a70858e__delay_0.15__dur_0.2.h5
306,0.09,0.0,ab4a70858e,0.12159039825201035,-8.059701492537314,-17.028301886792452,157.4840764271708,7.16,29,36,7,2.199114857512855,0,2.0,12,1.3,/mnt/ceph-hdd/workspaces/ws/cidbn_wibral_neuro_nonhuman/u19361-allen-hdd/results/zebra/meso/sub-832700_ses-multiplane-ophys-832700-2026-01-24-12-06-12_ophys/events/VISl_7/trial_0/phase_0/lib_ab4a70858e/lib_ab4a70858e__delay_0.09__dur_0.0.h5
307,0.06,0.0,ab4a70858e,0.1045864000916481,-4.477611940298509,-22.40566037735849,22.515923572829195,17.91,31,39,1,0.3141592653589793,3,5.0,8,0.09,/mnt/ceph-hdd/workspaces/ws/cidbn_wibral_neuro_nonhuman/u19361-allen-hdd/results/zebra/meso/sub-832700_ses-multiplane-ophys-832700-2026-01-24-12-06-12_ophys/events/VISl_7/trial_0/phase_0/lib_ab4a70858e/lib_ab4a70858e__delay_0.06__dur_0.0.h5
308,0.06,0.0,ab4a70858e,0.09419863671064377,-25.970149253731343,-31.367924528301888,90.0,7.16,19,44,4,1.2566370614359172,0,2.0,10,1.1,/mnt/ceph-hdd/workspaces/ws/cidbn_wibral_neuro_nonhuman/u19361-allen-hdd/results/zebra/meso/sub-832700_ses-multiplane-ophys-832700-2026-01-24-12-06-12_ophys/events/VISl_7/trial_0/phase_0/lib_ab4a70858e/lib_ab4a70858e__delay_0.06__dur_0.0.h5
309,0.09,0.0,ab4a70858e,0.10776757448911667,-36.71641791044776,-45.70754716981132,112.48408527317332,21.49,13,52,5,1.5707963267948966,4,6.0,11,1.2,/mnt/ceph-hdd/workspaces/ws/cidbn_wibral_neuro_nonhuman/u19361-allen-hdd/results/zebra/meso/sub-832700_ses-multiplane-ophys-832700-2026-01-24-12-06-12_ophys/events/VISl_7/trial_0/phase_0/lib_ab4a70858e/lib_ab4a70858e__delay_0.09__dur_0.0.h5
31,0.0,0.2,ab4a70858e,0.12143094092607498,-8.059701492537314,22.405660377358487,180.0,28.65,29,14,8,2.5132741228718345,5,8.0,3,0.04,/mnt/ceph-hdd/workspaces/ws/cidbn_wibral_neuro_nonhuman/u19361-allen-hdd/results/zebra/meso/sub-832700_ses-multiplane-ophys-832700-2026-01-24-12-06-12_ophys/events/VISl_7/trial_0/phase_0/lib_ab4a70858e/lib_ab4a70858e__delay_0.0__dur_0.2.h5
310,0.12,0.0,ab4a70858e,0.11290028691291809,-20.59701492537313,-4.481132075471699,112.48408527317332,10.74,22,29,5,1.5707963267948966,1,3.0,11,1.2,/mnt/ceph-hdd/workspaces/ws/cidbn_wibral_neuro_nonhuman/u19361-allen-hdd/results/zebra/meso/sub-832700_ses-multiplane-ophys-832700-2026-01-24-12-06-12_ophys/events/VISl_7/trial_0/phase_0/lib_ab4a70858e/lib_ab4a70858e__delay_0.12__dur_0.0.h5
311,0.15,0.2,ab4a70858e,0.14240023493766785,-15.223880597014926,-17.028301886792452,45.02251307527088,17.91,25,36,2,0.6283185307179586,3,5.0,12,1.3,/mnt/ceph-hdd/workspaces/ws/cidbn_wibral_neuro_nonhuman/u19361-allen-hdd/results/zebra/meso/sub-832700_ses-multiplane-ophys-832700-2026-01-24-12-06-12_ophys/events/VISl_7/trial_0/phase_0/lib_ab4a70858e/lib_ab4a70858e__delay_0.15__dur_0.2.h5
312,0.09,0.0,ab4a70858e,0.147038534283638,42.08955223880598,-0.8962264150943398,180.0,28.65,57,27,8,2.5132741228718345,5,8.0,3,0.04,/mnt/ceph-hdd/workspaces/ws/cidbn_wibral_neuro_nonhuman/u19361-allen-hdd/results/zebra/meso/sub-832700_ses-multiplane-ophys-832700-2026-01-24-12-06-12_ophys/events/VISl_7/trial_0/phase_0/lib_ab4a70858e/lib_ab4a70858e__delay_0.09__dur_0.0.h5
313,0.09,0.2,ab4a70858e,0.10381671786308289,-6.268656716417908,4.481132075471699,180.0,7.16,30,24,8,2.5132741228718345,0,2.0,12,1.3,/mnt/ceph-hdd/workspaces/ws/cidbn_wibral_neuro_nonhuman/u19361-allen-hdd/results/zebra/meso/sub-832700_ses-multiplane-ophys-832700-2026-01-24-12-06-12_ophys/events/VISl_7/trial_0/phase_0/lib_ab4a70858e/lib_ab4a70858e__delay_0.09__dur_0.2.h5
32,0.09,0.0,ab4a70858e,0.2944820821285248,-13.43283582089552,15.235849056603776,134.9774869247291,17.91,26,18,6,1.8849555921538759,3,5.0,1,0.02,/mnt/ceph-hdd/workspaces/ws/cidbn_wibral_neuro_nonhuman/u19361-allen-hdd/results/zebra/meso/sub-832700_ses-multiplane-ophys-832700-2026-01-24-12-06-12_ophys/events/VISl_7/trial_0/phase_0/lib_ab4a70858e/lib_ab4a70858e__delay_0.09__dur_0.0.h5
33,0.03,0.2,ab4a70858e,0.13804806768894196,-6.268656716417908,9.858490566037737,134.9774869247291,14.32,30,21,6,1.8849555921538759,2,4.0,4,0.05,/mnt/ceph-hdd/workspaces/ws/cidbn_wibral_neuro_nonhuman/u19361-allen-hdd/results/zebra/meso/sub-832700_ses-multiplane-ophys-832700-2026-01-24-12-06-12_ophys/events/VISl_7/trial_0/phase_0/lib_ab4a70858e/lib_ab4a70858e__delay_0.03__dur_0.2.h5
34,0.06,0.2,ab4a70858e,0.13898949325084686,-24.179104477611936,0.8962264150943398,157.4840764271708,14.32,20,26,7,2.199114857512855,2,4.0,12,1.3,/mnt/ceph-hdd/workspaces/ws/cidbn_wibral_neuro_nonhuman/u19361-allen-hdd/results/zebra/meso/sub-832700_ses-multiplane-ophys-832700-2026-01-24-12-06-12_ophys/events/VISl_7/trial_0/phase_0/lib_ab4a70858e/lib_ab4a70858e__delay_0.06__dur_0.2.h5
35,0.09,0.0,ab4a70858e,0.1432969719171524,-11.64179104477612,9.858490566037737,45.02251307527088,14.32,27,21,2,0.6283185307179586,2,4.0,1,0.02,/mnt/ceph-hdd/workspaces/ws/cidbn_wibral_neuro_nonhuman/u19361-allen-hdd/results/zebra/meso/sub-832700_ses-multiplane-ophys-832700-2026-01-24-12-06-12_ophys/events/VISl_7/trial_0/phase_0/lib_ab4a70858e/lib_ab4a70858e__delay_0.09__dur_0.0.h5
36,0.0,0.2,ab4a70858e,0.14525537192821503,-20.59701492537313,11.650943396226417,0.0,28.65,22,20,0,0.0,5,8.0,1,0.02,/mnt/ceph-hdd/workspaces/ws/cidbn_wibral_neuro_nonhuman/u19361-allen-hdd/results/zebra/meso/sub-832700_ses-multiplane-ophys-832700-2026-01-24-12-06-12_ophys/events/VISl_7/trial_0/phase_0/lib_ab4a70858e/lib_ab4a70858e__delay_0.0__dur_0.2.h5
37,0.06,0.2,ab4a70858e,0.13732513785362244,-0.8955223880596961,-34.95283018867924,0.0,14.32,33,46,0,0.0,2,4.0,11,1.2,/mnt/ceph-hdd/workspaces/ws/cidbn_wibral_neuro_nonhuman/u19361-allen-hdd/results/zebra/meso/sub-832700_ses-multiplane-ophys-832700-2026-01-24-12-06-12_ophys/events/VISl_7/trial_0/phase_0/lib_ab4a70858e/lib_ab4a70858e__delay_0.06__dur_0.2.h5
38,0.06,0.0,ab4a70858e,0.0927700325846672,49.25373134328359,2.6886792452830193,157.4840764271708,21.49,61,25,7,2.199114857512855,4,6.0,12,1.3,/mnt/ceph-hdd/workspaces/ws/cidbn_wibral_neuro_nonhuman/u19361-allen-hdd/results/zebra/meso/sub-832700_ses-multiplane-ophys-832700-2026-01-24-12-06-12_ophys/events/VISl_7/trial_0/phase_0/lib_ab4a70858e/lib_ab4a70858e__delay_0.06__dur_0.0.h5
39,0.03,0.2,ab4a70858e,0.1510774940252304,-11.64179104477612,34.95283018867924,67.51591472682667,10.74,27,7,3,0.9424777960769379,1,3.0,12,1.3,/mnt/ceph-hdd/workspaces/ws/cidbn_wibral_neuro_nonhuman/u19361-allen-hdd/results/zebra/meso/sub-832700_ses-multiplane-ophys-832700-2026-01-24-12-06-12_ophys/events/VISl_7/trial_0/phase_0/lib_ab4a70858e/lib_ab4a70858e__delay_0.03__dur_0.2.h5
4,0.12,0.2,ab4a70858e,0.1248655617237091,-36.71641791044776,20.613207547169807,22.515923572829195,14.32,13,15,1,0.3141592653589793,2,4.0,10,1.1,/mnt/ceph-hdd/workspaces/ws/cidbn_wibral_neuro_nonhuman/u19361-allen-hdd/results/zebra/meso/sub-832700_ses-multiplane-ophys-832700-2026-01-24-12-06-12_ophys/events/VISl_7/trial_0/phase_0/lib_ab4a70858e/lib_ab4a70858e__delay_0.12__dur_0.2.h5
40,0.03,0.0,ab4a70858e,0.13195128738880157,-24.179104477611936,-27.78301886792453,134.9774869247291,28.65,20,42,6,1.8849555921538759,5,8.0,9,0.1,/mnt/ceph-hdd/workspaces/ws/cidbn_wibral_neuro_nonhuman/u19361-allen-hdd/results/zebra/meso/sub-832700_ses-multiplane-ophys-832700-2026-01-24-12-06-12_ophys/events/VISl_7/trial_0/phase_0/lib_ab4a70858e/lib_ab4a70858e__delay_0.03__dur_0.0.h5
41,0.12,0.2,ab4a70858e,0.10827265679836273,-18.80597014925373,11.650943396226417,45.02251307527088,10.74,23,20,2,0.6283185307179586,1,3.0,12,1.3,/mnt/ceph-hdd/workspaces/ws/cidbn_wibral_neuro_nonhuman/u19361-allen-hdd/results/zebra/meso/sub-832700_ses-multiplane-ophys-832700-2026-01-24-12-06-12_ophys/events/VISl_7/trial_0/phase_0/lib_ab4a70858e/lib_ab4a70858e__delay_0.12__dur_0.2.h5
42,0.15,0.2,ab4a70858e,0.1008320078253746,-13.43283582089552,4.481132075471699,45.02251307527088,14.32,26,24,2,0.6283185307179586,2,4.0,6,0.07,/mnt/ceph-hdd/workspaces/ws/cidbn_wibral_neuro_nonhuman/u19361-allen-hdd/results/zebra/meso/sub-832700_ses-multiplane-ophys-832700-2026-01-24-12-06-12_ophys/events/VISl_7/trial_0/phase_0/lib_ab4a70858e/lib_ab4a70858e__delay_0.15__dur_0.2.h5
43,0.03,0.0,ab4a70858e,0.11287686973810196,-11.64179104477612,29.575471698113205,180.0,28.65,27,10,8,2.5132741228718345,5,8.0,12,1.3,/mnt/ceph-hdd/workspaces/ws/cidbn_wibral_neuro_nonhuman/u19361-allen-hdd/results/zebra/meso/sub-832700_ses-multiplane-ophys-832700-2026-01-24-12-06-12_ophys/events/VISl_7/trial_0/phase_0/lib_ab4a70858e/lib_ab4a70858e__delay_0.03__dur_0.0.h5
44,0.09,0.0,ab4a70858e,0.20299158990383148,-17.014925373134325,11.650943396226417,134.9774869247291,14.32,24,20,6,1.8849555921538759,2,4.0,3,0.04,/mnt/ceph-hdd/workspaces/ws/cidbn_wibral_neuro_nonhuman/u19361-allen-hdd/results/zebra/meso/sub-832700_ses-multiplane-ophys-832700-2026-01-24-12-06-12_ophys/events/VISl_7/trial_0/phase_0/lib_ab4a70858e/lib_ab4a70858e__delay_0.09__dur_0.0.h5
45,0.09,0.2,ab4a70858e,0.11982914060354233,-47.46268656716418,18.820754716981128,112.48408527317332,14.32,7,16,5,1.5707963267948966,2,4.0,11,1.2,/mnt/ceph-hdd/workspaces/ws/cidbn_wibral_neuro_nonhuman/u19361-allen-hdd/results/zebra/meso/sub-832700_ses-multiplane-ophys-832700-2026-01-24-12-06-12_ophys/events/VISl_7/trial_0/phase_0/lib_ab4a70858e/lib_ab4a70858e__delay_0.09__dur_0.2.h5
46,0.09,0.0,ab4a70858e,0.2560378909111023,-6.268656716417908,9.858490566037737,67.51591472682667,28.65,30,21,3,0.9424777960769379,5,8.0,3,0.04,/mnt/ceph-hdd/workspaces/ws/cidbn_wibral_neuro_nonhuman/u19361-allen-hdd/results/zebra/meso/sub-832700_ses-multiplane-ophys-832700-2026-01-24-12-06-12_ophys/events/VISl_7/trial_0/phase_0/lib_ab4a70858e/lib_ab4a70858e__delay_0.09__dur_0.0.h5
47,0.15,0.0,ab4a70858e,0.11737250536680222,-36.71641791044776,11.650943396226417,112.48408527317332,21.49,13,20,5,1.5707963267948966,4,6.0,3,0.04,/mnt/ceph-hdd/workspaces/ws/cidbn_wibral_neuro_nonhuman/u19361-allen-hdd/results/zebra/meso/sub-832700_ses-multiplane-ophys-832700-2026-01-24-12-06-12_ophys/events/VISl_7/trial_0/phase_0/lib_ab4a70858e/lib_ab4a70858e__delay_0.15__dur_0.0.h5
48,0.03,0.2,ab4a70858e,0.11043823510408401,-25.970149253731343,25.990566037735846,157.4840764271708,7.16,19,12,7,2.199114857512855,0,2.0,12,1.3,/mnt/ceph-hdd/workspaces/ws/cidbn_wibral_neuro_nonhuman/u19361-allen-hdd/results/zebra/meso/sub-832700_ses-multiplane-ophys-832700-2026-01-24-12-06-12_ophys/events/VISl_7/trial_0/phase_0/lib_ab4a70858e/lib_ab4a70858e__delay_0.03__dur_0.2.h5
49,0.06,0.2,ab4a70858e,0.10089968889951706,13.43283582089552,-8.066037735849058,45.02251307527088,28.65,41,31,2,0.6283185307179586,5,8.0,5,0.06,/mnt/ceph-hdd/workspaces/ws/cidbn_wibral_neuro_nonhuman/u19361-allen-hdd/results/zebra/meso/sub-832700_ses-multiplane-ophys-832700-2026-01-24-12-06-12_ophys/events/VISl_7/trial_0/phase_0/lib_ab4a70858e/lib_ab4a70858e__delay_0.06__dur_0.2.h5
5,0.09,0.0,ab4a70858e,0.11795928329229355,38.507462686567166,-11.650943396226417,157.4840764271708,10.74,55,33,7,2.199114857512855,1,3.0,12,1.3,/mnt/ceph-hdd/workspaces/ws/cidbn_wibral_neuro_nonhuman/u19361-allen-hdd/results/zebra/meso/sub-832700_ses-multiplane-ophys-832700-2026-01-24-12-06-12_ophys/events/VISl_7/trial_0/phase_0/lib_ab4a70858e/lib_ab4a70858e__delay_0.09__dur_0.0.h5
50,0.09,0.0,ab4a70858e,0.10872697085142136,-58.208955223880594,2.6886792452830193,22.515923572829195,17.91,1,25,1,0.3141592653589793,3,5.0,9,0.1,/mnt/ceph-hdd/workspaces/ws/cidbn_wibral_neuro_nonhuman/u19361-allen-hdd/results/zebra/meso/sub-832700_ses-multiplane-ophys-832700-2026-01-24-12-06-12_ophys/events/VISl_7/trial_0/phase_0/lib_ab4a70858e/lib_ab4a70858e__delay_0.09__dur_0.0.h5
51,0.12,0.0,ab4a70858e,0.10471425950527191,22.388059701492537,25.990566037735846,134.9774869247291,28.65,46,12,6,1.8849555921538759,5,8.0,3,0.04,/mnt/ceph-hdd/workspaces/ws/cidbn_wibral_neuro_nonhuman/u19361-allen-hdd/results/zebra/meso/sub-832700_ses-multiplane-ophys-832700-2026-01-24-12-06-12_ophys/events/VISl_7/trial_0/phase_0/lib_ab4a70858e/lib_ab4a70858e__delay_0.12__dur_0.0.h5
52,0.06,0.0,ab4a70858e,0.17793183028697968,-2.6865671641791025,9.858490566037737,157.4840764271708,21.49,32,21,7,2.199114857512855,4,6.0,3,0.04,/mnt/ceph-hdd/workspaces/ws/cidbn_wibral_neuro_nonhuman/u19361-allen-hdd/results/zebra/meso/sub-832700_ses-multiplane-ophys-832700-2026-01-24-12-06-12_ophys/events/VISl_7/trial_0/phase_0/lib_ab4a70858e/lib_ab4a70858e__delay_0.06__dur_0.0.h5
53,0.09,0.0,ab4a70858e,0.1393943578004837,-11.64179104477612,6.273584905660378,45.02251307527088,17.91,27,23,2,0.6283185307179586,3,5.0,12,1.3,/mnt/ceph-hdd/workspaces/ws/cidbn_wibral_neuro_nonhuman/u19361-allen-hdd/results/zebra/meso/sub-832700_ses-multiplane-ophys-832700-2026-01-24-12-06-12_ophys/events/VISl_7/trial_0/phase_0/lib_ab4a70858e/lib_ab4a70858e__delay_0.09__dur_0.0.h5
54,0.15,0.0,ab4a70858e,0.1580885946750641,-15.223880597014926,22.405660377358487,67.51591472682667,7.16,25,14,3,0.9424777960769379,0,2.0,10,1.1,/mnt/ceph-hdd/workspaces/ws/cidbn_wibral_neuro_nonhuman/u19361-allen-hdd/results/zebra/meso/sub-832700_ses-multiplane-ophys-832700-2026-01-24-12-06-12_ophys/events/VISl_7/trial_0/phase_0/lib_ab4a70858e/lib_ab4a70858e__delay_0.15__dur_0.0.h5
55,0.12,0.0,ab4a70858e,0.1021403968334198,-20.59701492537313,47.5,157.4840764271708,17.91,22,0,7,2.199114857512855,3,5.0,12,1.3,/mnt/ceph-hdd/workspaces/ws/cidbn_wibral_neuro_nonhuman/u19361-allen-hdd/results/zebra/meso/sub-832700_ses-multiplane-ophys-832700-2026-01-24-12-06-12_ophys/events/VISl_7/trial_0/phase_0/lib_ab4a70858e/lib_ab4a70858e__delay_0.12__dur_0.0.h5
56,0.09,0.2,ab4a70858e,0.12802036106586456,54.626865671641795,-33.160377358490564,67.51591472682667,28.65,64,45,3,0.9424777960769379,5,8.0,10,1.1,/mnt/ceph-hdd/workspaces/ws/cidbn_wibral_neuro_nonhuman/u19361-allen-hdd/results/zebra/meso/sub-832700_ses-multiplane-ophys-832700-2026-01-24-12-06-12_ophys/events/VISl_7/trial_0/phase_0/lib_ab4a70858e/lib_ab4a70858e__delay_0.09__dur_0.2.h5
57,0.09,0.0,ab4a70858e,0.13601115345954895,13.43283582089552,22.405660377358487,180.0,21.49,41,14,8,2.5132741228718345,4,6.0,2,0.03,/mnt/ceph-hdd/workspaces/ws/cidbn_wibral_neuro_nonhuman/u19361-allen-hdd/results/zebra/meso/sub-832700_ses-multiplane-ophys-832700-2026-01-24-12-06-12_ophys/events/VISl_7/trial_0/phase_0/lib_ab4a70858e/lib_ab4a70858e__delay_0.09__dur_0.0.h5
58,0.12,0.2,ab4a70858e,0.11182476580142975,-43.88059701492537,-0.8962264150943398,112.48408527317332,10.74,9,27,5,1.5707963267948966,1,3.0,11,1.2,/mnt/ceph-hdd/workspaces/ws/cidbn_wibral_neuro_nonhuman/u19361-allen-hdd/results/zebra/meso/sub-832700_ses-multiplane-ophys-832700-2026-01-24-12-06-12_ophys/events/VISl_7/trial_0/phase_0/lib_ab4a70858e/lib_ab4a70858e__delay_0.12__dur_0.2.h5
59,0.09,0.2,ab4a70858e,0.1186877116560936,-34.92537313432835,-8.066037735849058,157.4840764271708,7.16,14,31,7,2.199114857512855,0,2.0,12,1.3,/mnt/ceph-hdd/workspaces/ws/cidbn_wibral_neuro_nonhuman/u19361-allen-hdd/results/zebra/meso/sub-832700_ses-multiplane-ophys-832700-2026-01-24-12-06-12_ophys/events/VISl_7/trial_0/phase_0/lib_ab4a70858e/lib_ab4a70858e__delay_0.09__dur_0.2.h5
6,0.06,0.2,ab4a70858e,0.10812588036060333,-15.223880597014926,-8.066037735849058,45.02251307527088,14.32,25,31,2,0.6283185307179586,2,4.0,12,1.3,/mnt/ceph-hdd/workspaces/ws/cidbn_wibral_neuro_nonhuman/u19361-allen-hdd/results/zebra/meso/sub-832700_ses-multiplane-ophys-832700-2026-01-24-12-06-12_ophys/events/VISl_7/trial_0/phase_0/lib_ab4a70858e/lib_ab4a70858e__delay_0.06__dur_0.2.h5
60,0.12,0.0,ab4a70858e,0.10398518294095993,-34.92537313432835,-22.40566037735849,112.48408527317332,17.91,14,39,5,1.5707963267948966,3,5.0,12,1.3,/mnt/ceph-hdd/workspaces/ws/cidbn_wibral_neuro_nonhuman/u19361-allen-hdd/results/zebra/meso/sub-832700_ses-multiplane-ophys-832700-2026-01-24-12-06-12_ophys/events/VISl_7/trial_0/phase_0/lib_ab4a70858e/lib_ab4a70858e__delay_0.12__dur_0.0.h5
61,0.0,0.2,ab4a70858e,0.10592309385538101,45.67164179104478,9.858490566037737,112.48408527317332,10.74,59,21,5,1.5707963267948966,1,3.0,12,1.3,/mnt/ceph-hdd/workspaces/ws/cidbn_wibral_neuro_nonhuman/u19361-allen-hdd/results/zebra/meso/sub-832700_ses-multiplane-ophys-832700-2026-01-24-12-06-12_ophys/events/VISl_7/trial_0/phase_0/lib_ab4a70858e/lib_ab4a70858e__delay_0.0__dur_0.2.h5
62,0.15,0.0,ab4a70858e,0.12408612668514252,-15.223880597014926,18.820754716981128,180.0,7.16,25,16,8,2.5132741228718345,0,2.0,12,1.3,/mnt/ceph-hdd/workspaces/ws/cidbn_wibral_neuro_nonhuman/u19361-allen-hdd/results/zebra/meso/sub-832700_ses-multiplane-ophys-832700-2026-01-24-12-06-12_ophys/events/VISl_7/trial_0/phase_0/lib_ab4a70858e/lib_ab4a70858e__delay_0.15__dur_0.0.h5
63,0.0,0.2,ab4a70858e,0.15645992755889893,-8.059701492537314,17.02830188679245,157.4840764271708,28.65,29,17,7,2.199114857512855,5,8.0,3,0.04,/mnt/ceph-hdd/workspaces/ws/cidbn_wibral_neuro_nonhuman/u19361-allen-hdd/results/zebra/meso/sub-832700_ses-multiplane-ophys-832700-2026-01-24-12-06-12_ophys/events/VISl_7/trial_0/phase_0/lib_ab4a70858e/lib_ab4a70858e__delay_0.0__dur_0.2.h5
64,0.06,0.2,ab4a70858e,0.15924812853336334,-4.477611940298509,11.650943396226417,157.4840764271708,28.65,31,20,7,2.199114857512855,5,8.0,1,0.02,/mnt/ceph-hdd/workspaces/ws/cidbn_wibral_neuro_nonhuman/u19361-allen-hdd/results/zebra/meso/sub-832700_ses-multiplane-ophys-832700-2026-01-24-12-06-12_ophys/events/VISl_7/trial_0/phase_0/lib_ab4a70858e/lib_ab4a70858e__delay_0.06__dur_0.2.h5
65,0.03,0.2,ab4a70858e,0.1636965274810791,-20.59701492537313,-2.6886792452830193,45.02251307527088,10.74,22,28,2,0.6283185307179586,1,3.0,12,1.3,/mnt/ceph-hdd/workspaces/ws/cidbn_wibral_neuro_nonhuman/u19361-allen-hdd/results/zebra/meso/sub-832700_ses-multiplane-ophys-832700-2026-01-24-12-06-12_ophys/events/VISl_7/trial_0/phase_0/lib_ab4a70858e/lib_ab4a70858e__delay_0.03__dur_0.2.h5
66,0.0,0.2,ab4a70858e,0.1000586748123169,-15.223880597014926,13.443396226415096,67.51591472682667,7.16,25,19,3,0.9424777960769379,0,2.0,11,1.2,/mnt/ceph-hdd/workspaces/ws/cidbn_wibral_neuro_nonhuman/u19361-allen-hdd/results/zebra/meso/sub-832700_ses-multiplane-ophys-832700-2026-01-24-12-06-12_ophys/events/VISl_7/trial_0/phase_0/lib_ab4a70858e/lib_ab4a70858e__delay_0.0__dur_0.2.h5
67,0.06,0.0,ab4a70858e,0.16011439263820648,-8.059701492537314,11.650943396226417,0.0,21.49,29,20,0,0.0,4,6.0,2,0.03,/mnt/ceph-hdd/workspaces/ws/cidbn_wibral_neuro_nonhuman/u19361-allen-hdd/results/zebra/meso/sub-832700_ses-multiplane-ophys-832700-2026-01-24-12-06-12_ophys/events/VISl_7/trial_0/phase_0/lib_ab4a70858e/lib_ab4a70858e__delay_0.06__dur_0.0.h5
68,0.06,0.2,ab4a70858e,0.10365051031112671,6.268656716417908,42.12264150943396,157.4840764271708,7.16,37,3,7,2.199114857512855,0,2.0,10,1.1,/mnt/ceph-hdd/workspaces/ws/cidbn_wibral_neuro_nonhuman/u19361-allen-hdd/results/zebra/meso/sub-832700_ses-multiplane-ophys-832700-2026-01-24-12-06-12_ophys/events/VISl_7/trial_0/phase_0/lib_ab4a70858e/lib_ab4a70858e__delay_0.06__dur_0.2.h5
69,0.12,0.2,ab4a70858e,0.17645452916622162,-8.059701492537314,4.481132075471699,112.48408527317332,28.65,29,24,5,1.5707963267948966,5,8.0,11,1.2,/mnt/ceph-hdd/workspaces/ws/cidbn_wibral_neuro_nonhuman/u19361-allen-hdd/results/zebra/meso/sub-832700_ses-multiplane-ophys-832700-2026-01-24-12-06-12_ophys/events/VISl_7/trial_0/phase_0/lib_ab4a70858e/lib_ab4a70858e__delay_0.12__dur_0.2.h5
7,0.0,0.2,ab4a70858e,0.1217375099658966,43.88059701492537,-2.6886792452830193,22.515923572829163,17.91,58,28,9,2.827433388230814,3,5.0,2,0.03,/mnt/ceph-hdd/workspaces/ws/cidbn_wibral_neuro_nonhuman/u19361-allen-hdd/results/zebra/meso/sub-832700_ses-multiplane-ophys-832700-2026-01-24-12-06-12_ophys/events/VISl_7/trial_0/phase_0/lib_ab4a70858e/lib_ab4a70858e__delay_0.0__dur_0.2.h5
70,0.09,0.2,ab4a70858e,0.11201424896717072,58.20895522388061,20.613207547169807,157.4840764271708,14.32,66,15,7,2.199114857512855,2,4.0,11,1.2,/mnt/ceph-hdd/workspaces/ws/cidbn_wibral_neuro_nonhuman/u19361-allen-hdd/results/zebra/meso/sub-832700_ses-multiplane-ophys-832700-2026-01-24-12-06-12_ophys/events/VISl_7/trial_0/phase_0/lib_ab4a70858e/lib_ab4a70858e__delay_0.09__dur_0.2.h5
71,0.06,0.0,ab4a70858e,0.15064792335033417,56.4179104477612,-17.028301886792452,0.0,17.91,65,36,0,0.0,3,5.0,11,1.2,/mnt/ceph-hdd/workspaces/ws/cidbn_wibral_neuro_nonhuman/u19361-allen-hdd/results/zebra/meso/sub-832700_ses-multiplane-ophys-832700-2026-01-24-12-06-12_ophys/events/VISl_7/trial_0/phase_0/lib_ab4a70858e/lib_ab4a70858e__delay_0.06__dur_0.0.h5
72,0.03,0.0,ab4a70858e,0.10208325833082199,6.268656716417908,-17.028301886792452,22.515923572829163,28.65,37,36,9,2.827433388230814,5,8.0,3,0.04,/mnt/ceph-hdd/workspaces/ws/cidbn_wibral_neuro_nonhuman/u19361-allen-hdd/results/zebra/meso/sub-832700_ses-multiplane-ophys-832700-2026-01-24-12-06-12_ophys/events/VISl_7/trial_0/phase_0/lib_ab4a70858e/lib_ab4a70858e__delay_0.03__dur_0.0.h5
73,0.09,0.2,ab4a70858e,0.12999826669692993,-15.223880597014926,17.02830188679245,180.0,10.74,25,17,8,2.5132741228718345,1,3.0,12,1.3,/mnt/ceph-hdd/workspaces/ws/cidbn_wibral_neuro_nonhuman/u19361-allen-hdd/results/zebra/meso/sub-832700_ses-multiplane-ophys-832700-2026-01-24-12-06-12_ophys/events/VISl_7/trial_0/phase_0/lib_ab4a70858e/lib_ab4a70858e__delay_0.09__dur_0.2.h5
74,0.0,0.0,ab4a70858e,0.11132272332906723,-58.208955223880594,31.367924528301884,0.0,17.91,1,9,0,0.0,3,5.0,11,1.2,/mnt/ceph-hdd/workspaces/ws/cidbn_wibral_neuro_nonhuman/u19361-allen-hdd/results/zebra/meso/sub-832700_ses-multiplane-ophys-832700-2026-01-24-12-06-12_ophys/events/VISl_7/trial_0/phase_0/lib_ab4a70858e/lib_ab4a70858e__delay_0.0__dur_0.0.h5
75,0.06,0.0,ab4a70858e,0.09809126704931259,-36.71641791044776,8.066037735849058,45.02251307527088,28.65,13,22,2,0.6283185307179586,5,8.0,10,1.1,/mnt/ceph-hdd/workspaces/ws/cidbn_wibral_neuro_nonhuman/u19361-allen-hdd/results/zebra/meso/sub-832700_ses-multiplane-ophys-832700-2026-01-24-12-06-12_ophys/events/VISl_7/trial_0/phase_0/lib_ab4a70858e/lib_ab4a70858e__delay_0.06__dur_0.0.h5
76,0.09,0.0,ab4a70858e,0.10418056696653366,11.641791044776127,-34.95283018867924,90.0,10.74,40,46,4,1.2566370614359172,1,3.0,11,1.2,/mnt/ceph-hdd/workspaces/ws/cidbn_wibral_neuro_nonhuman/u19361-allen-hdd/results/zebra/meso/sub-832700_ses-multiplane-ophys-832700-2026-01-24-12-06-12_ophys/events/VISl_7/trial_0/phase_0/lib_ab4a70858e/lib_ab4a70858e__delay_0.09__dur_0.0.h5
77,0.06,0.2,ab4a70858e,0.12787993252277374,-17.014925373134325,31.367924528301884,67.51591472682667,10.74,24,9,3,0.9424777960769379,1,3.0,12,1.3,/mnt/ceph-hdd/workspaces/ws/cidbn_wibral_neuro_nonhuman/u19361-allen-hdd/results/zebra/meso/sub-832700_ses-multiplane-ophys-832700-2026-01-24-12-06-12_ophys/events/VISl_7/trial_0/phase_0/lib_ab4a70858e/lib_ab4a70858e__delay_0.06__dur_0.2.h5
78,0.03,0.2,ab4a70858e,0.1180884838104248,8.059701492537314,27.783018867924525,180.0,17.91,38,11,8,2.5132741228718345,3,5.0,12,1.3,/mnt/ceph-hdd/workspaces/ws/cidbn_wibral_neuro_nonhuman/u19361-allen-hdd/results/zebra/meso/sub-832700_ses-multiplane-ophys-832700-2026-01-24-12-06-12_ophys/events/VISl_7/trial_0/phase_0/lib_ab4a70858e/lib_ab4a70858e__delay_0.03__dur_0.2.h5
79,0.06,0.2,ab4a70858e,0.10967902839183807,-9.850746268656714,-18.82075471698113,134.9774869247291,28.65,28,37,6,1.8849555921538759,5,8.0,2,0.03,/mnt/ceph-hdd/workspaces/ws/cidbn_wibral_neuro_nonhuman/u19361-allen-hdd/results/zebra/meso/sub-832700_ses-multiplane-ophys-832700-2026-01-24-12-06-12_ophys/events/VISl_7/trial_0/phase_0/lib_ab4a70858e/lib_ab4a70858e__delay_0.06__dur_0.2.h5
8,0.03,0.2,ab4a70858e,0.11419744044542313,-20.59701492537313,17.02830188679245,90.0,14.32,22,17,4,1.2566370614359172,2,4.0,4,0.05,/mnt/ceph-hdd/workspaces/ws/cidbn_wibral_neuro_nonhuman/u19361-allen-hdd/results/zebra/meso/sub-832700_ses-multiplane-ophys-832700-2026-01-24-12-06-12_ophys/events/VISl_7/trial_0/phase_0/lib_ab4a70858e/lib_ab4a70858e__delay_0.03__dur_0.2.h5
80,0.09,0.2,ab4a70858e,0.13747240602970123,-6.268656716417908,34.95283018867924,0.0,14.32,30,7,0,0.0,2,4.0,11,1.2,/mnt/ceph-hdd/workspaces/ws/cidbn_wibral_neuro_nonhuman/u19361-allen-hdd/results/zebra/meso/sub-832700_ses-multiplane-ophys-832700-2026-01-24-12-06-12_ophys/events/VISl_7/trial_0/phase_0/lib_ab4a70858e/lib_ab4a70858e__delay_0.09__dur_0.2.h5
81,0.06,0.0,ab4a70858e,0.1102956011891365,2.6865671641791096,-0.8962264150943398,22.515923572829163,10.74,35,27,9,2.827433388230814,1,3.0,11,1.2,/mnt/ceph-hdd/workspaces/ws/cidbn_wibral_neuro_nonhuman/u19361-allen-hdd/results/zebra/meso/sub-832700_ses-multiplane-ophys-832700-2026-01-24-12-06-12_ophys/events/VISl_7/trial_0/phase_0/lib_ab4a70858e/lib_ab4a70858e__delay_0.06__dur_0.0.h5
82,0.09,0.2,ab4a70858e,0.11930350214242935,-13.43283582089552,29.575471698113205,112.48408527317332,10.74,26,10,5,1.5707963267948966,1,3.0,12,1.3,/mnt/ceph-hdd/workspaces/ws/cidbn_wibral_neuro_nonhuman/u19361-allen-hdd/results/zebra/meso/sub-832700_ses-multiplane-ophys-832700-2026-01-24-12-06-12_ophys/events/VISl_7/trial_0/phase_0/lib_ab4a70858e/lib_ab4a70858e__delay_0.09__dur_0.2.h5
83,0.0,0.0,ab4a70858e,0.1555788815021515,-4.477611940298509,-4.481132075471699,180.0,14.32,31,29,8,2.5132741228718345,2,4.0,12,1.3,/mnt/ceph-hdd/workspaces/ws/cidbn_wibral_neuro_nonhuman/u19361-allen-hdd/results/zebra/meso/sub-832700_ses-multiplane-ophys-832700-2026-01-24-12-06-12_ophys/events/VISl_7/trial_0/phase_0/lib_ab4a70858e/lib_ab4a70858e__delay_0.0__dur_0.0.h5
84,0.12,0.0,ab4a70858e,0.11394733190536499,8.059701492537314,11.650943396226417,134.9774869247291,28.65,38,20,6,1.8849555921538759,5,8.0,2,0.03,/mnt/ceph-hdd/workspaces/ws/cidbn_wibral_neuro_nonhuman/u19361-allen-hdd/results/zebra/meso/sub-832700_ses-multiplane-ophys-832700-2026-01-24-12-06-12_ophys/events/VISl_7/trial_0/phase_0/lib_ab4a70858e/lib_ab4a70858e__delay_0.12__dur_0.0.h5
85,0.15,0.2,ab4a70858e,0.11804915219545364,-24.179104477611936,8.066037735849058,157.4840764271708,17.91,20,22,7,2.199114857512855,3,5.0,12,1.3,/mnt/ceph-hdd/workspaces/ws/cidbn_wibral_neuro_nonhuman/u19361-allen-hdd/results/zebra/meso/sub-832700_ses-multiplane-ophys-832700-2026-01-24-12-06-12_ophys/events/VISl_7/trial_0/phase_0/lib_ab4a70858e/lib_ab4a70858e__delay_0.15__dur_0.2.h5
86,0.15,0.0,ab4a70858e,0.12070918083190918,11.641791044776127,25.990566037735846,112.48408527317332,10.74,40,12,5,1.5707963267948966,1,3.0,11,1.2,/mnt/ceph-hdd/workspaces/ws/cidbn_wibral_neuro_nonhuman/u19361-allen-hdd/results/zebra/meso/sub-832700_ses-multiplane-ophys-832700-2026-01-24-12-06-12_ophys/events/VISl_7/trial_0/phase_0/lib_ab4a70858e/lib_ab4a70858e__delay_0.15__dur_0.0.h5
87,0.0,0.0,ab4a70858e,0.12920330464839935,-22.388059701492537,6.273584905660378,45.02251307527088,21.49,21,23,2,0.6283185307179586,4,6.0,12,1.3,/mnt/ceph-hdd/workspaces/ws/cidbn_wibral_neuro_nonhuman/u19361-allen-hdd/results/zebra/meso/sub-832700_ses-multiplane-ophys-832700-2026-01-24-12-06-12_ophys/events/VISl_7/trial_0/phase_0/lib_ab4a70858e/lib_ab4a70858e__delay_0.0__dur_0.0.h5
88,0.03,0.2,ab4a70858e,0.15643532574176788,-18.80597014925373,18.820754716981128,112.48408527317332,17.91,23,16,5,1.5707963267948966,3,5.0,11,1.2,/mnt/ceph-hdd/workspaces/ws/cidbn_wibral_neuro_nonhuman/u19361-allen-hdd/results/zebra/meso/sub-832700_ses-multiplane-ophys-832700-2026-01-24-12-06-12_ophys/events/VISl_7/trial_0/phase_0/lib_ab4a70858e/lib_ab4a70858e__delay_0.03__dur_0.2.h5
89,0.12,0.2,ab4a70858e,0.10535309463739395,-40.298507462686565,-27.78301886792453,180.0,28.65,11,42,8,2.5132741228718345,5,8.0,5,0.06,/mnt/ceph-hdd/workspaces/ws/cidbn_wibral_neuro_nonhuman/u19361-allen-hdd/results/zebra/meso/sub-832700_ses-multiplane-ophys-832700-2026-01-24-12-06-12_ophys/events/VISl_7/trial_0/phase_0/lib_ab4a70858e/lib_ab4a70858e__delay_0.12__dur_0.2.h5
9,0.12,0.2,ab4a70858e,0.14431582391262054,9.85074626865672,-24.19811320754717,157.4840764271708,7.16,39,40,7,2.199114857512855,0,2.0,12,1.3,/mnt/ceph-hdd/workspaces/ws/cidbn_wibral_neuro_nonhuman/u19361-allen-hdd/results/zebra/meso/sub-832700_ses-multiplane-ophys-832700-2026-01-24-12-06-12_ophys/events/VISl_7/trial_0/phase_0/lib_ab4a70858e/lib_ab4a70858e__delay_0.12__dur_0.2.h5
90,0.12,0.2,ab4a70858e,0.10389389097690582,-25.970149253731343,-20.61320754716981,112.48408527317332,21.49,19,38,5,1.5707963267948966,4,6.0,11,1.2,/mnt/ceph-hdd/workspaces/ws/cidbn_wibral_neuro_nonhuman/u19361-allen-hdd/results/zebra/meso/sub-832700_ses-multiplane-ophys-832700-2026-01-24-12-06-12_ophys/events/VISl_7/trial_0/phase_0/lib_ab4a70858e/lib_ab4a70858e__delay_0.12__dur_0.2.h5
91,0.0,0.2,ab4a70858e,0.12424006313085556,-0.8955223880596961,8.066037735849058,157.4840764271708,21.49,33,22,7,2.199114857512855,4,6.0,2,0.03,/mnt/ceph-hdd/workspaces/ws/cidbn_wibral_neuro_nonhuman/u19361-allen-hdd/results/zebra/meso/sub-832700_ses-multiplane-ophys-832700-2026-01-24-12-06-12_ophys/events/VISl_7/trial_0/phase_0/lib_ab4a70858e/lib_ab4a70858e__delay_0.0__dur_0.2.h5
92,0.12,0.2,ab4a70858e,0.11543720960617065,-45.67164179104478,6.273584905660378,157.4840764271708,10.74,8,23,7,2.199114857512855,1,3.0,12,1.3,/mnt/ceph-hdd/workspaces/ws/cidbn_wibral_neuro_nonhuman/u19361-allen-hdd/results/zebra/meso/sub-832700_ses-multiplane-ophys-832700-2026-01-24-12-06-12_ophys/events/VISl_7/trial_0/phase_0/lib_ab4a70858e/lib_ab4a70858e__delay_0.12__dur_0.2.h5
93,0.09,0.2,ab4a70858e,0.10890459269285202,0.8955223880597032,20.613207547169807,180.0,28.65,34,15,8,2.5132741228718345,5,8.0,9,0.1,/mnt/ceph-hdd/workspaces/ws/cidbn_wibral_neuro_nonhuman/u19361-allen-hdd/results/zebra/meso/sub-832700_ses-multiplane-ophys-832700-2026-01-24-12-06-12_ophys/events/VISl_7/trial_0/phase_0/lib_ab4a70858e/lib_ab4a70858e__delay_0.09__dur_0.2.h5
94,0.15,0.0,ab4a70858e,0.12086817622184753,22.388059701492537,33.160377358490564,180.0,28.65,46,8,8,2.5132741228718345,5,8.0,10,1.1,/mnt/ceph-hdd/workspaces/ws/cidbn_wibral_neuro_nonhuman/u19361-allen-hdd/results/zebra/meso/sub-832700_ses-multiplane-ophys-832700-2026-01-24-12-06-12_ophys/events/VISl_7/trial_0/phase_0/lib_ab4a70858e/lib_ab4a70858e__delay_0.15__dur_0.0.h5
95,0.06,0.2,ab4a70858e,0.11473254859447479,-11.64179104477612,33.160377358490564,112.48408527317332,17.91,27,8,5,1.5707963267948966,3,5.0,11,1.2,/mnt/ceph-hdd/workspaces/ws/cidbn_wibral_neuro_nonhuman/u19361-allen-hdd/results/zebra/meso/sub-832700_ses-multiplane-ophys-832700-2026-01-24-12-06-12_ophys/events/VISl_7/trial_0/phase_0/lib_ab4a70858e/lib_ab4a70858e__delay_0.06__dur_0.2.h5
96,0.0,0.2,ab4a70858e,0.11283734440803528,-0.8955223880596961,-38.5377358490566,45.02251307527088,14.32,33,48,2,0.6283185307179586,2,4.0,12,1.3,/mnt/ceph-hdd/workspaces/ws/cidbn_wibral_neuro_nonhuman/u19361-allen-hdd/results/zebra/meso/sub-832700_ses-multiplane-ophys-832700-2026-01-24-12-06-12_ophys/events/VISl_7/trial_0/phase_0/lib_ab4a70858e/lib_ab4a70858e__delay_0.0__dur_0.2.h5
97,0.0,0.2,ab4a70858e,0.09691274166107178,-17.014925373134325,20.613207547169807,157.4840764271708,28.65,24,15,7,2.199114857512855,5,8.0,4,0.05,/mnt/ceph-hdd/workspaces/ws/cidbn_wibral_neuro_nonhuman/u19361-allen-hdd/results/zebra/meso/sub-832700_ses-multiplane-ophys-832700-2026-01-24-12-06-12_ophys/events/VISl_7/trial_0/phase_0/lib_ab4a70858e/lib_ab4a70858e__delay_0.0__dur_0.2.h5
98,0.0,0.2,ab4a70858e,0.16579580307006836,2.6865671641791096,20.613207547169807,45.02251307527088,17.91,35,15,2,0.6283185307179586,3,5.0,3,0.04,/mnt/ceph-hdd/workspaces/ws/cidbn_wibral_neuro_nonhuman/u19361-allen-hdd/results/zebra/meso/sub-832700_ses-multiplane-ophys-832700-2026-01-24-12-06-12_ophys/events/VISl_7/trial_0/phase_0/lib_ab4a70858e/lib_ab4a70858e__delay_0.0__dur_0.2.h5
99,0.03,0.0,ab4a70858e,0.1048009991645813,-0.8955223880596961,20.613207547169807,134.9774869247291,10.74,33,15,6,1.8849555921538759,1,3.0,12,1.3,/mnt/ceph-hdd/workspaces/ws/cidbn_wibral_neuro_nonhuman/u19361-allen-hdd/results/zebra/meso/sub-832700_ses-multiplane-ophys-832700-2026-01-24-12-06-12_ophys/events/VISl_7/trial_0/phase_0/lib_ab4a70858e/lib_ab4a70858e__delay_0.03__dur_0.0.h5
