unit_id,delay,duration,lib_id,abs_max_value,x_deg,y_deg,theta_deg,sigma_deg,xi,yi,theta_idx,theta_rad,sigma_idx,sigma,frequency_idx,frequency,source_file
00bb379d-ca15-45ea-b87a-2556f6479712,0.0,0.18000000000000002,ab4a70858e,0.08155259490013123,-47.46268656716418,15.235849056603776,180.0,14.32,7,18,8,2.5132741228718345,2,4.0,9,0.1,/user/raabe14/u19361/workspace-allen/results/zebra/sub-830795_ses-ecephys-830795-2026-02-23-15-03-59_ecephys.nwb/ProbeD/trial_1/phase_1/lib_ab4a70858e/lib_ab4a70858e__delay_0.0__dur_0.18000000000000002.h5
00e94b7d-83de-4630-8926-bed3a40632f5,0.0,0.23,ab4a70858e,0.08180373907089233,-4.477611940298509,20.613207547169807,90.0,10.74,31,15,4,1.2566370614359172,1,3.0,9,0.1,/user/raabe14/u19361/workspace-allen/results/zebra/sub-830795_ses-ecephys-830795-2026-02-23-15-03-59_ecephys.nwb/ProbeD/trial_1/phase_1/lib_ab4a70858e/lib_ab4a70858e__delay_0.0__dur_0.23.h5
018d5995-63cd-4fba-9577-9496c813dc85,0.15000000000000002,0.23,ab4a70858e,0.08632748574018478,-6.268656716417908,-6.273584905660378,22.515923572829163,21.49,30,30,9,2.827433388230814,4,6.0,9,0.1,/user/raabe14/u19361/workspace-allen/results/zebra/sub-830795_ses-ecephys-830795-2026-02-23-15-03-59_ecephys.nwb/ProbeD/trial_1/phase_1/lib_ab4a70858e/lib_ab4a70858e__delay_0.15000000000000002__dur_0.23.h5
01c3f118-f397-455f-8fee-f21b6e9339a0,0.15000000000000002,0.23,ab4a70858e,0.08331619948148727,-8.059701492537314,9.858490566037737,0.0,14.32,29,21,0,0.0,2,4.0,11,1.2,/user/raabe14/u19361/workspace-allen/results/zebra/sub-830795_ses-ecephys-830795-2026-02-23-15-03-59_ecephys.nwb/ProbeD/trial_1/phase_1/lib_ab4a70858e/lib_ab4a70858e__delay_0.15000000000000002__dur_0.23.h5
01f886c4-6758-4832-ba53-7aee3f5ea6bf,0.0,0.18000000000000002,ab4a70858e,0.08579608052968979,36.71641791044776,-45.70754716981132,22.515923572829195,28.65,54,52,1,0.3141592653589793,5,8.0,1,0.02,/user/raabe14/u19361/workspace-allen/results/zebra/sub-830795_ses-ecephys-830795-2026-02-23-15-03-59_ecephys.nwb/ProbeD/trial_1/phase_1/lib_ab4a70858e/lib_ab4a70858e__delay_0.0__dur_0.18000000000000002.h5
026fbd50-16da-493e-9c03-b09c6011d5a4,0.30000000000000004,0.18000000000000002,ab4a70858e,0.08463893085718155,-49.25373134328358,17.02830188679245,0.0,7.16,6,17,0,0.0,0,2.0,11,1.2,/user/raabe14/u19361/workspace-allen/results/zebra/sub-830795_ses-ecephys-830795-2026-02-23-15-03-59_ecephys.nwb/ProbeD/trial_1/phase_1/lib_ab4a70858e/lib_ab4a70858e__delay_0.30000000000000004__dur_0.18000000000000002.h5
02e7e78f-8aa6-45cd-abb5-a163020e440a,0.05,0.03,ab4a70858e,0.0,-60.0,47.5,0.0,7.16,0,0,0,0.0,0,2.0,0,0.01,/user/raabe14/u19361/workspace-allen/results/zebra/sub-830795_ses-ecephys-830795-2026-02-23-15-03-59_ecephys.nwb/ProbeD/trial_1/phase_1/lib_ab4a70858e/lib_ab4a70858e__delay_0.05__dur_0.03.h5
02f753b8-bf5f-4cfa-a32a-156b37a86c49,0.0,0.23,ab4a70858e,0.07769878953695297,-40.298507462686565,6.273584905660378,134.9774869247291,21.49,11,23,6,1.8849555921538759,4,6.0,9,0.1,/user/raabe14/u19361/workspace-allen/results/zebra/sub-830795_ses-ecephys-830795-2026-02-23-15-03-59_ecephys.nwb/ProbeD/trial_1/phase_1/lib_ab4a70858e/lib_ab4a70858e__delay_0.0__dur_0.23.h5
03416298-3fdb-4a0f-98ac-3fe580a0c2b7,0.30000000000000004,0.23,ab4a70858e,0.11263567209243774,-60.0,-0.8962264150943398,67.51591472682667,14.32,0,27,3,0.9424777960769379,2,4.0,12,1.3,/user/raabe14/u19361/workspace-allen/results/zebra/sub-830795_ses-ecephys-830795-2026-02-23-15-03-59_ecephys.nwb/ProbeD/trial_1/phase_1/lib_ab4a70858e/lib_ab4a70858e__delay_0.30000000000000004__dur_0.23.h5
0341b28e-81c7-4380-a8d6-0fca21cb2961,0.30000000000000004,0.23,ab4a70858e,0.12211015075445175,-4.477611940298509,31.367924528301884,180.0,17.91,31,9,8,2.5132741228718345,3,5.0,12,1.3,/user/raabe14/u19361/workspace-allen/results/zebra/sub-830795_ses-ecephys-830795-2026-02-23-15-03-59_ecephys.nwb/ProbeD/trial_1/phase_1/lib_ab4a70858e/lib_ab4a70858e__delay_0.30000000000000004__dur_0.23.h5
03ccf74d-80b0-475c-ba43-9bcc73058d0d,0.1,0.13,ab4a70858e,0.07534436136484146,-47.46268656716418,-24.19811320754717,157.4840764271708,28.65,7,40,7,2.199114857512855,5,8.0,2,0.03,/user/raabe14/u19361/workspace-allen/results/zebra/sub-830795_ses-ecephys-830795-2026-02-23-15-03-59_ecephys.nwb/ProbeD/trial_1/phase_1/lib_ab4a70858e/lib_ab4a70858e__delay_0.1__dur_0.13.h5
03df607f-56de-458f-bf6a-0047c2a474a3,0.0,0.08,ab4a70858e,0.11133010685443878,8.059701492537314,0.8962264150943398,67.51591472682667,10.74,38,26,3,0.9424777960769379,1,3.0,9,0.1,/user/raabe14/u19361/workspace-allen/results/zebra/sub-830795_ses-ecephys-830795-2026-02-23-15-03-59_ecephys.nwb/ProbeD/trial_1/phase_1/lib_ab4a70858e/lib_ab4a70858e__delay_0.0__dur_0.08.h5
066e65bb-4dd4-4f62-aaeb-35204cccf945,0.15000000000000002,0.23,ab4a70858e,0.15016934275627136,9.85074626865672,-33.160377358490564,22.515923572829163,14.32,39,45,9,2.827433388230814,2,4.0,12,1.3,/user/raabe14/u19361/workspace-allen/results/zebra/sub-830795_ses-ecephys-830795-2026-02-23-15-03-59_ecephys.nwb/ProbeD/trial_1/phase_1/lib_ab4a70858e/lib_ab4a70858e__delay_0.15000000000000002__dur_0.23.h5
068f3740-94dc-4ab5-9af1-875931dc47e7,0.15000000000000002,0.13,ab4a70858e,0.07162223011255264,-47.46268656716418,17.02830188679245,90.0,21.49,7,17,4,1.2566370614359172,4,6.0,6,0.07,/user/raabe14/u19361/workspace-allen/results/zebra/sub-830795_ses-ecephys-830795-2026-02-23-15-03-59_ecephys.nwb/ProbeD/trial_1/phase_1/lib_ab4a70858e/lib_ab4a70858e__delay_0.15000000000000002__dur_0.13.h5
0692b670-351c-4ca3-8f89-89a670ed7961,0.25,0.23,ab4a70858e,0.1280377209186554,8.059701492537314,-36.74528301886792,22.515923572829163,10.74,38,47,9,2.827433388230814,1,3.0,12,1.3,/user/raabe14/u19361/workspace-allen/results/zebra/sub-830795_ses-ecephys-830795-2026-02-23-15-03-59_ecephys.nwb/ProbeD/trial_1/phase_1/lib_ab4a70858e/lib_ab4a70858e__delay_0.25__dur_0.23.h5
06ea257f-41b0-47d9-aa0d-6462653be44a,0.0,0.13,ab4a70858e,0.0813923254609108,0.8955223880597032,-36.74528301886792,67.51591472682667,10.74,34,47,3,0.9424777960769379,1,3.0,0,0.01,/user/raabe14/u19361/workspace-allen/results/zebra/sub-830795_ses-ecephys-830795-2026-02-23-15-03-59_ecephys.nwb/ProbeD/trial_1/phase_1/lib_ab4a70858e/lib_ab4a70858e__delay_0.0__dur_0.13.h5
06ed0cdb-753f-4470-ad5c-3bdaca9580c2,0.0,0.13,ab4a70858e,0.0751095786690712,-4.477611940298509,43.91509433962264,67.51591472682667,28.65,31,2,3,0.9424777960769379,5,8.0,9,0.1,/user/raabe14/u19361/workspace-allen/results/zebra/sub-830795_ses-ecephys-830795-2026-02-23-15-03-59_ecephys.nwb/ProbeD/trial_1/phase_1/lib_ab4a70858e/lib_ab4a70858e__delay_0.0__dur_0.13.h5
06f34d87-1345-4658-b090-e75f2ce52c5f,0.30000000000000004,0.13,ab4a70858e,0.07191012054681778,0.8955223880597032,2.6886792452830193,22.515923572829195,7.16,34,25,1,0.3141592653589793,0,2.0,9,0.1,/user/raabe14/u19361/workspace-allen/results/zebra/sub-830795_ses-ecephys-830795-2026-02-23-15-03-59_ecephys.nwb/ProbeD/trial_1/phase_1/lib_ab4a70858e/lib_ab4a70858e__delay_0.30000000000000004__dur_0.13.h5
07612f15-5c4e-4889-9023-41a3a101d6f9,0.05,0.13,ab4a70858e,0.18572738766670227,4.477611940298516,8.066037735849058,45.02251307527088,17.91,36,22,2,0.6283185307179586,3,5.0,0,0.01,/user/raabe14/u19361/workspace-allen/results/zebra/sub-830795_ses-ecephys-830795-2026-02-23-15-03-59_ecephys.nwb/ProbeD/trial_1/phase_1/lib_ab4a70858e/lib_ab4a70858e__delay_0.05__dur_0.13.h5
09646cd9-eb49-47da-abec-31b1edfaf5c9,0.0,0.13,ab4a70858e,0.13815651834011078,25.97014925373135,6.273584905660378,22.515923572829163,14.32,48,23,9,2.827433388230814,2,4.0,3,0.04,/user/raabe14/u19361/workspace-allen/results/zebra/sub-830795_ses-ecephys-830795-2026-02-23-15-03-59_ecephys.nwb/ProbeD/trial_1/phase_1/lib_ab4a70858e/lib_ab4a70858e__delay_0.0__dur_0.13.h5
096df912-8ff3-45e5-8883-86a7c9cf4501,0.05,0.23,ab4a70858e,0.0751473680138588,-17.014925373134325,-18.82075471698113,157.4840764271708,17.91,24,37,7,2.199114857512855,3,5.0,12,1.3,/user/raabe14/u19361/workspace-allen/results/zebra/sub-830795_ses-ecephys-830795-2026-02-23-15-03-59_ecephys.nwb/ProbeD/trial_1/phase_1/lib_ab4a70858e/lib_ab4a70858e__delay_0.05__dur_0.23.h5
09c791a0-18e0-4c76-ae58-459e940d6aa4,0.1,0.23,ab4a70858e,0.07119150459766388,15.223880597014926,8.066037735849058,45.02251307527088,21.49,42,22,2,0.6283185307179586,4,6.0,9,0.1,/user/raabe14/u19361/workspace-allen/results/zebra/sub-830795_ses-ecephys-830795-2026-02-23-15-03-59_ecephys.nwb/ProbeD/trial_1/phase_1/lib_ab4a70858e/lib_ab4a70858e__delay_0.1__dur_0.23.h5
09e3d893-56d7-4627-80bc-8cb94448281c,0.15000000000000002,0.23,ab4a70858e,0.09759406745433807,15.223880597014926,-8.066037735849058,67.51591472682667,28.65,42,31,3,0.9424777960769379,5,8.0,4,0.05,/user/raabe14/u19361/workspace-allen/results/zebra/sub-830795_ses-ecephys-830795-2026-02-23-15-03-59_ecephys.nwb/ProbeD/trial_1/phase_1/lib_ab4a70858e/lib_ab4a70858e__delay_0.15000000000000002__dur_0.23.h5
0b41e12e-2155-4675-9b2a-78c34f005ad3,0.2,0.23,ab4a70858e,0.08239707350730896,-4.477611940298509,18.820754716981128,180.0,10.74,31,16,8,2.5132741228718345,1,3.0,12,1.3,/user/raabe14/u19361/workspace-allen/results/zebra/sub-830795_ses-ecephys-830795-2026-02-23-15-03-59_ecephys.nwb/ProbeD/trial_1/phase_1/lib_ab4a70858e/lib_ab4a70858e__delay_0.2__dur_0.23.h5
0c0b20d9-a213-459c-8680-9b5a2cf12858,0.05,0.23,ab4a70858e,0.08140898495912552,-8.059701492537314,-17.028301886792452,0.0,10.74,29,36,0,0.0,1,3.0,11,1.2,/user/raabe14/u19361/workspace-allen/results/zebra/sub-830795_ses-ecephys-830795-2026-02-23-15-03-59_ecephys.nwb/ProbeD/trial_1/phase_1/lib_ab4a70858e/lib_ab4a70858e__delay_0.05__dur_0.23.h5
0c11147f-767e-4727-b6c3-6147428cb38c,0.1,0.23,ab4a70858e,0.07603351026773453,-6.268656716417908,13.443396226415096,180.0,7.16,30,19,8,2.5132741228718345,0,2.0,12,1.3,/user/raabe14/u19361/workspace-allen/results/zebra/sub-830795_ses-ecephys-830795-2026-02-23-15-03-59_ecephys.nwb/ProbeD/trial_1/phase_1/lib_ab4a70858e/lib_ab4a70858e__delay_0.1__dur_0.23.h5
0c2eb110-5e7c-4d10-8640-e093e4e4e344,0.30000000000000004,0.23,ab4a70858e,0.08197906613349915,-45.67164179104478,38.5377358490566,180.0,14.32,8,5,8,2.5132741228718345,2,4.0,9,0.1,/user/raabe14/u19361/workspace-allen/results/zebra/sub-830795_ses-ecephys-830795-2026-02-23-15-03-59_ecephys.nwb/ProbeD/trial_1/phase_1/lib_ab4a70858e/lib_ab4a70858e__delay_0.30000000000000004__dur_0.23.h5
0ca4a1f6-d48d-438d-a01c-285dc8d9e3e4,0.2,0.13,ab4a70858e,0.07339350879192352,52.83582089552239,29.575471698113205,45.02251307527088,28.65,63,10,2,0.6283185307179586,5,8.0,6,0.07,/user/raabe14/u19361/workspace-allen/results/zebra/sub-830795_ses-ecephys-830795-2026-02-23-15-03-59_ecephys.nwb/ProbeD/trial_1/phase_1/lib_ab4a70858e/lib_ab4a70858e__delay_0.2__dur_0.13.h5
0d010407-4cd6-42d4-86b4-d92f4d7fc59c,0.05,0.03,ab4a70858e,0.0,-60.0,47.5,0.0,7.16,0,0,0,0.0,0,2.0,0,0.01,/user/raabe14/u19361/workspace-allen/results/zebra/sub-830795_ses-ecephys-830795-2026-02-23-15-03-59_ecephys.nwb/ProbeD/trial_1/phase_1/lib_ab4a70858e/lib_ab4a70858e__delay_0.05__dur_0.03.h5
0d155bcd-af1c-48d9-9ae2-14d7d69205ee,0.30000000000000004,0.08,ab4a70858e,0.07960277795791626,-2.6865671641791025,-31.367924528301888,112.48408527317332,14.32,32,44,5,1.5707963267948966,2,4.0,7,0.08,/user/raabe14/u19361/workspace-allen/results/zebra/sub-830795_ses-ecephys-830795-2026-02-23-15-03-59_ecephys.nwb/ProbeD/trial_1/phase_1/lib_ab4a70858e/lib_ab4a70858e__delay_0.30000000000000004__dur_0.08.h5
0d80ed91-8222-460d-b031-976f8616a504,0.0,0.13,ab4a70858e,0.22408238053321838,4.477611940298516,-11.650943396226417,0.0,21.49,36,33,0,0.0,4,6.0,4,0.05,/user/raabe14/u19361/workspace-allen/results/zebra/sub-830795_ses-ecephys-830795-2026-02-23-15-03-59_ecephys.nwb/ProbeD/trial_1/phase_1/lib_ab4a70858e/lib_ab4a70858e__delay_0.0__dur_0.13.h5
0db46f1c-6818-4995-ae53-9fdfdee3e8f7,0.1,0.23,ab4a70858e,0.07544893026351929,-34.92537313432835,29.575471698113205,45.02251307527088,7.16,14,10,2,0.6283185307179586,0,2.0,12,1.3,/user/raabe14/u19361/workspace-allen/results/zebra/sub-830795_ses-ecephys-830795-2026-02-23-15-03-59_ecephys.nwb/ProbeD/trial_1/phase_1/lib_ab4a70858e/lib_ab4a70858e__delay_0.1__dur_0.23.h5
0df1f736-e17d-4638-947c-74b9c1c7fd03,0.05,0.13,ab4a70858e,0.10064491629600525,-54.62686567164179,-11.650943396226417,157.4840764271708,14.32,3,33,7,2.199114857512855,2,4.0,12,1.3,/user/raabe14/u19361/workspace-allen/results/zebra/sub-830795_ses-ecephys-830795-2026-02-23-15-03-59_ecephys.nwb/ProbeD/trial_1/phase_1/lib_ab4a70858e/lib_ab4a70858e__delay_0.05__dur_0.13.h5
0e1414e5-a8b4-4799-8e95-8cbebb8c3477,0.25,0.18000000000000002,ab4a70858e,0.0767417922616005,-27.761194029850742,-6.273584905660378,22.515923572829195,21.49,18,30,1,0.3141592653589793,4,6.0,3,0.04,/user/raabe14/u19361/workspace-allen/results/zebra/sub-830795_ses-ecephys-830795-2026-02-23-15-03-59_ecephys.nwb/ProbeD/trial_1/phase_1/lib_ab4a70858e/lib_ab4a70858e__delay_0.25__dur_0.18000000000000002.h5
0e1d32ed-2546-481e-b7df-2f426d3bbfeb,0.05,0.13,ab4a70858e,0.11241184175014496,-4.477611940298509,-2.6886792452830193,22.515923572829163,28.65,31,28,9,2.827433388230814,5,8.0,1,0.02,/user/raabe14/u19361/workspace-allen/results/zebra/sub-830795_ses-ecephys-830795-2026-02-23-15-03-59_ecephys.nwb/ProbeD/trial_1/phase_1/lib_ab4a70858e/lib_ab4a70858e__delay_0.05__dur_0.13.h5
0e20b0f2-3e56-4a08-ab9b-c33e5c32d2ea,0.0,0.13,ab4a70858e,0.1592923402786255,6.268656716417908,-2.6886792452830193,45.02251307527088,10.74,37,28,2,0.6283185307179586,1,3.0,0,0.01,/user/raabe14/u19361/workspace-allen/results/zebra/sub-830795_ses-ecephys-830795-2026-02-23-15-03-59_ecephys.nwb/ProbeD/trial_1/phase_1/lib_ab4a70858e/lib_ab4a70858e__delay_0.0__dur_0.13.h5
0e30d0aa-41d8-4ad4-bcc2-3c33e20787d5,0.30000000000000004,0.23,ab4a70858e,0.07151105254888535,4.477611940298516,11.650943396226417,67.51591472682667,28.65,36,20,3,0.9424777960769379,5,8.0,7,0.08,/user/raabe14/u19361/workspace-allen/results/zebra/sub-830795_ses-ecephys-830795-2026-02-23-15-03-59_ecephys.nwb/ProbeD/trial_1/phase_1/lib_ab4a70858e/lib_ab4a70858e__delay_0.30000000000000004__dur_0.23.h5
0e553439-cc2e-4d6b-a5d0-f9d235077a72,0.05,0.03,ab4a70858e,0.0,-60.0,47.5,0.0,7.16,0,0,0,0.0,0,2.0,0,0.01,/user/raabe14/u19361/workspace-allen/results/zebra/sub-830795_ses-ecephys-830795-2026-02-23-15-03-59_ecephys.nwb/ProbeD/trial_1/phase_1/lib_ab4a70858e/lib_ab4a70858e__delay_0.05__dur_0.03.h5
0ef305bb-d6ec-400d-9d55-53abfbf8eb61,0.1,0.23,ab4a70858e,0.0722806304693222,-9.850746268656714,15.235849056603776,180.0,14.32,28,18,8,2.5132741228718345,2,4.0,12,1.3,/user/raabe14/u19361/workspace-allen/results/zebra/sub-830795_ses-ecephys-830795-2026-02-23-15-03-59_ecephys.nwb/ProbeD/trial_1/phase_1/lib_ab4a70858e/lib_ab4a70858e__delay_0.1__dur_0.23.h5
0f1a0065-0b39-4be5-96de-0699419e8285,0.05,0.23,ab4a70858e,0.09267999231815338,8.059701492537314,-11.650943396226417,22.515923572829163,14.32,38,33,9,2.827433388230814,2,4.0,0,0.01,/user/raabe14/u19361/workspace-allen/results/zebra/sub-830795_ses-ecephys-830795-2026-02-23-15-03-59_ecephys.nwb/ProbeD/trial_1/phase_1/lib_ab4a70858e/lib_ab4a70858e__delay_0.05__dur_0.23.h5
0ff7b11b-67f7-4d15-9410-5c86b6fa1b86,0.0,0.23,ab4a70858e,0.1534966081380844,58.20895522388061,2.6886792452830193,0.0,21.49,66,25,0,0.0,4,6.0,11,1.2,/user/raabe14/u19361/workspace-allen/results/zebra/sub-830795_ses-ecephys-830795-2026-02-23-15-03-59_ecephys.nwb/ProbeD/trial_1/phase_1/lib_ab4a70858e/lib_ab4a70858e__delay_0.0__dur_0.23.h5
10158301-d813-445b-9914-ce3cc4bb5a77,0.1,0.18000000000000002,ab4a70858e,0.12057625502347946,-6.268656716417908,-9.858490566037737,0.0,17.91,30,32,0,0.0,3,5.0,11,1.2,/user/raabe14/u19361/workspace-allen/results/zebra/sub-830795_ses-ecephys-830795-2026-02-23-15-03-59_ecephys.nwb/ProbeD/trial_1/phase_1/lib_ab4a70858e/lib_ab4a70858e__delay_0.1__dur_0.18000000000000002.h5
10b94bec-f9c8-41f7-a54e-28665940f382,0.1,0.23,ab4a70858e,0.07985632866621017,-6.268656716417908,-13.443396226415096,90.0,28.65,30,34,4,1.2566370614359172,5,8.0,8,0.09,/user/raabe14/u19361/workspace-allen/results/zebra/sub-830795_ses-ecephys-830795-2026-02-23-15-03-59_ecephys.nwb/ProbeD/trial_1/phase_1/lib_ab4a70858e/lib_ab4a70858e__delay_0.1__dur_0.23.h5
10cd822c-334b-4b18-84ae-52a2ce76b1db,0.15000000000000002,0.23,ab4a70858e,0.0737757533788681,-43.88059701492537,-13.443396226415096,157.4840764271708,14.32,9,34,7,2.199114857512855,2,4.0,3,0.04,/user/raabe14/u19361/workspace-allen/results/zebra/sub-830795_ses-ecephys-830795-2026-02-23-15-03-59_ecephys.nwb/ProbeD/trial_1/phase_1/lib_ab4a70858e/lib_ab4a70858e__delay_0.15000000000000002__dur_0.23.h5
11807943-9c26-424f-90e8-d75d43af302b,0.0,0.08,ab4a70858e,0.19630083441734314,8.059701492537314,-0.8962264150943398,45.02251307527088,17.91,38,27,2,0.6283185307179586,3,5.0,3,0.04,/user/raabe14/u19361/workspace-allen/results/zebra/sub-830795_ses-ecephys-830795-2026-02-23-15-03-59_ecephys.nwb/ProbeD/trial_1/phase_1/lib_ab4a70858e/lib_ab4a70858e__delay_0.0__dur_0.08.h5
123ebcf7-81ee-4d74-ac72-ef0bc19c1bcf,0.0,0.08,ab4a70858e,0.17166303098201752,8.059701492537314,-11.650943396226417,0.0,17.91,38,33,0,0.0,3,5.0,7,0.08,/user/raabe14/u19361/workspace-allen/results/zebra/sub-830795_ses-ecephys-830795-2026-02-23-15-03-59_ecephys.nwb/ProbeD/trial_1/phase_1/lib_ab4a70858e/lib_ab4a70858e__delay_0.0__dur_0.08.h5
12901b17-2f1b-47cf-bfce-14693b738f1d,0.05,0.18000000000000002,ab4a70858e,0.143189936876297,17.014925373134332,-27.78301886792453,0.0,28.65,43,42,0,0.0,5,8.0,0,0.01,/user/raabe14/u19361/workspace-allen/results/zebra/sub-830795_ses-ecephys-830795-2026-02-23-15-03-59_ecephys.nwb/ProbeD/trial_1/phase_1/lib_ab4a70858e/lib_ab4a70858e__delay_0.05__dur_0.18000000000000002.h5
12d2033c-dcf8-41b6-ad72-839167235734,0.15000000000000002,0.13,ab4a70858e,0.07953254133462906,13.43283582089552,27.783018867924525,45.02251307527088,14.32,41,11,2,0.6283185307179586,2,4.0,9,0.1,/user/raabe14/u19361/workspace-allen/results/zebra/sub-830795_ses-ecephys-830795-2026-02-23-15-03-59_ecephys.nwb/ProbeD/trial_1/phase_1/lib_ab4a70858e/lib_ab4a70858e__delay_0.15000000000000002__dur_0.13.h5
13402e88-4325-4d67-bfae-edffca23b060,0.0,0.13,ab4a70858e,0.12577353417873383,8.059701492537314,-20.61320754716981,22.515923572829163,28.65,38,38,9,2.827433388230814,5,8.0,0,0.01,/user/raabe14/u19361/workspace-allen/results/zebra/sub-830795_ses-ecephys-830795-2026-02-23-15-03-59_ecephys.nwb/ProbeD/trial_1/phase_1/lib_ab4a70858e/lib_ab4a70858e__delay_0.0__dur_0.13.h5
13a456d4-ab6f-45b8-a87c-8776cba5d707,0.0,0.13,ab4a70858e,0.13163502514362335,6.268656716417908,-4.481132075471699,45.02251307527088,10.74,37,29,2,0.6283185307179586,1,3.0,4,0.05,/user/raabe14/u19361/workspace-allen/results/zebra/sub-830795_ses-ecephys-830795-2026-02-23-15-03-59_ecephys.nwb/ProbeD/trial_1/phase_1/lib_ab4a70858e/lib_ab4a70858e__delay_0.0__dur_0.13.h5
13b3641e-e7fd-4972-bacf-e3af1af17bd1,0.0,0.13,ab4a70858e,0.11323513090610504,-15.223880597014926,29.575471698113205,180.0,14.32,25,10,8,2.5132741228718345,2,4.0,12,1.3,/user/raabe14/u19361/workspace-allen/results/zebra/sub-830795_ses-ecephys-830795-2026-02-23-15-03-59_ecephys.nwb/ProbeD/trial_1/phase_1/lib_ab4a70858e/lib_ab4a70858e__delay_0.0__dur_0.13.h5
13e89810-d54c-4ea1-8d77-6a9a79760aa1,0.0,0.13,ab4a70858e,0.1485718935728073,9.85074626865672,-15.235849056603776,45.02251307527088,28.65,39,35,2,0.6283185307179586,5,8.0,0,0.01,/user/raabe14/u19361/workspace-allen/results/zebra/sub-830795_ses-ecephys-830795-2026-02-23-15-03-59_ecephys.nwb/ProbeD/trial_1/phase_1/lib_ab4a70858e/lib_ab4a70858e__delay_0.0__dur_0.13.h5
1465668d-1e90-4192-aa0f-b0a327770e50,0.05,0.18000000000000002,ab4a70858e,0.07964584976434708,0.8955223880597032,-34.95283018867924,112.48408527317332,10.74,34,46,5,1.5707963267948966,1,3.0,11,1.2,/user/raabe14/u19361/workspace-allen/results/zebra/sub-830795_ses-ecephys-830795-2026-02-23-15-03-59_ecephys.nwb/ProbeD/trial_1/phase_1/lib_ab4a70858e/lib_ab4a70858e__delay_0.05__dur_0.18000000000000002.h5
14698634-0378-48e9-85c4-0a4153c1e8bc,0.2,0.23,ab4a70858e,0.0803159698843956,9.85074626865672,27.783018867924525,0.0,17.91,39,11,0,0.0,3,5.0,5,0.06,/user/raabe14/u19361/workspace-allen/results/zebra/sub-830795_ses-ecephys-830795-2026-02-23-15-03-59_ecephys.nwb/ProbeD/trial_1/phase_1/lib_ab4a70858e/lib_ab4a70858e__delay_0.2__dur_0.23.h5
147c000f-927b-4f60-bce5-b1cae0624bbd,0.1,0.23,ab4a70858e,0.09064339101314545,56.4179104477612,2.6886792452830193,0.0,17.91,65,25,0,0.0,3,5.0,11,1.2,/user/raabe14/u19361/workspace-allen/results/zebra/sub-830795_ses-ecephys-830795-2026-02-23-15-03-59_ecephys.nwb/ProbeD/trial_1/phase_1/lib_ab4a70858e/lib_ab4a70858e__delay_0.1__dur_0.23.h5
14d5e487-ec9e-464f-a198-0ffe9097b7b6,0.15000000000000002,0.23,ab4a70858e,0.1027626246213913,47.462686567164184,2.6886792452830193,157.4840764271708,10.74,60,25,7,2.199114857512855,1,3.0,12,1.3,/user/raabe14/u19361/workspace-allen/results/zebra/sub-830795_ses-ecephys-830795-2026-02-23-15-03-59_ecephys.nwb/ProbeD/trial_1/phase_1/lib_ab4a70858e/lib_ab4a70858e__delay_0.15000000000000002__dur_0.23.h5
14f72a83-b535-48ef-bdf5-2e513338d1e2,0.0,0.08,ab4a70858e,0.0786796510219574,11.641791044776127,20.613207547169807,67.51591472682667,14.32,40,15,3,0.9424777960769379,2,4.0,0,0.01,/user/raabe14/u19361/workspace-allen/results/zebra/sub-830795_ses-ecephys-830795-2026-02-23-15-03-59_ecephys.nwb/ProbeD/trial_1/phase_1/lib_ab4a70858e/lib_ab4a70858e__delay_0.0__dur_0.08.h5
1651dabe-28d2-489e-9636-be3ce1bedccf,0.1,0.13,ab4a70858e,0.07116841524839401,33.13432835820896,-8.066037735849058,112.48408527317332,14.32,52,31,5,1.5707963267948966,2,4.0,7,0.08,/user/raabe14/u19361/workspace-allen/results/zebra/sub-830795_ses-ecephys-830795-2026-02-23-15-03-59_ecephys.nwb/ProbeD/trial_1/phase_1/lib_ab4a70858e/lib_ab4a70858e__delay_0.1__dur_0.13.h5
165b1891-62b5-4235-bf0b-cf0aa8ef636f,0.15000000000000002,0.23,ab4a70858e,0.08222563564777374,-18.80597014925373,20.613207547169807,112.48408527317332,28.65,23,15,5,1.5707963267948966,5,8.0,5,0.06,/user/raabe14/u19361/workspace-allen/results/zebra/sub-830795_ses-ecephys-830795-2026-02-23-15-03-59_ecephys.nwb/ProbeD/trial_1/phase_1/lib_ab4a70858e/lib_ab4a70858e__delay_0.15000000000000002__dur_0.23.h5
166bad63-8cf7-4374-b740-5dfc488781cc,0.2,0.18000000000000002,ab4a70858e,0.07230863720178604,13.43283582089552,38.5377358490566,0.0,7.16,41,5,0,0.0,0,2.0,0,0.01,/user/raabe14/u19361/workspace-allen/results/zebra/sub-830795_ses-ecephys-830795-2026-02-23-15-03-59_ecephys.nwb/ProbeD/trial_1/phase_1/lib_ab4a70858e/lib_ab4a70858e__delay_0.2__dur_0.18000000000000002.h5
1709dcf3-55a4-49ed-a9f6-a1b3ea333ad1,0.05,0.08,ab4a70858e,0.085850290954113,-34.92537313432835,17.02830188679245,0.0,14.32,14,17,0,0.0,2,4.0,0,0.01,/user/raabe14/u19361/workspace-allen/results/zebra/sub-830795_ses-ecephys-830795-2026-02-23-15-03-59_ecephys.nwb/ProbeD/trial_1/phase_1/lib_ab4a70858e/lib_ab4a70858e__delay_0.05__dur_0.08.h5
17b934f6-9388-47c2-8c6e-00dd2f5b1f85,0.30000000000000004,0.13,ab4a70858e,0.08108474314212799,-29.55223880597015,20.613207547169807,157.4840764271708,7.16,17,15,7,2.199114857512855,0,2.0,0,0.01,/user/raabe14/u19361/workspace-allen/results/zebra/sub-830795_ses-ecephys-830795-2026-02-23-15-03-59_ecephys.nwb/ProbeD/trial_1/phase_1/lib_ab4a70858e/lib_ab4a70858e__delay_0.30000000000000004__dur_0.13.h5
17f76cee-a41e-40af-afca-022c2f3a9588,0.0,0.18000000000000002,ab4a70858e,0.0734645426273346,-9.850746268656714,18.820754716981128,180.0,14.32,28,16,8,2.5132741228718345,2,4.0,12,1.3,/user/raabe14/u19361/workspace-allen/results/zebra/sub-830795_ses-ecephys-830795-2026-02-23-15-03-59_ecephys.nwb/ProbeD/trial_1/phase_1/lib_ab4a70858e/lib_ab4a70858e__delay_0.0__dur_0.18000000000000002.h5
187bf04e-d24f-4267-a8b6-b2645526c82b,0.0,0.13,ab4a70858e,0.24892155826091766,2.6865671641791096,-2.6886792452830193,22.515923572829195,17.91,35,28,1,0.3141592653589793,3,5.0,5,0.06,/user/raabe14/u19361/workspace-allen/results/zebra/sub-830795_ses-ecephys-830795-2026-02-23-15-03-59_ecephys.nwb/ProbeD/trial_1/phase_1/lib_ab4a70858e/lib_ab4a70858e__delay_0.0__dur_0.13.h5
198b1d2d-b62b-49b2-9678-71166ceb314e,0.1,0.08,ab4a70858e,0.07858230918645859,-43.88059701492537,-17.028301886792452,0.0,14.32,9,36,0,0.0,2,4.0,11,1.2,/user/raabe14/u19361/workspace-allen/results/zebra/sub-830795_ses-ecephys-830795-2026-02-23-15-03-59_ecephys.nwb/ProbeD/trial_1/phase_1/lib_ab4a70858e/lib_ab4a70858e__delay_0.1__dur_0.08.h5
1998ad58-6b05-4c24-99cd-39945f81f471,0.05,0.08,ab4a70858e,0.266325980424881,4.477611940298516,-4.481132075471699,134.9774869247291,21.49,36,29,6,1.8849555921538759,4,6.0,0,0.01,/user/raabe14/u19361/workspace-allen/results/zebra/sub-830795_ses-ecephys-830795-2026-02-23-15-03-59_ecephys.nwb/ProbeD/trial_1/phase_1/lib_ab4a70858e/lib_ab4a70858e__delay_0.05__dur_0.08.h5
19ad0c5f-9ee3-43cb-ba2a-64fb7a9ce79c,0.30000000000000004,0.23,ab4a70858e,0.066462442278862,-17.014925373134325,-6.273584905660378,22.515923572829163,21.49,24,30,9,2.827433388230814,4,6.0,8,0.09,/user/raabe14/u19361/workspace-allen/results/zebra/sub-830795_ses-ecephys-830795-2026-02-23-15-03-59_ecephys.nwb/ProbeD/trial_1/phase_1/lib_ab4a70858e/lib_ab4a70858e__delay_0.30000000000000004__dur_0.23.h5
1ad6c7b7-c37f-4502-a1f1-fce365d9e7da,0.2,0.23,ab4a70858e,0.08581560850143433,-9.850746268656714,-20.61320754716981,67.51591472682667,28.65,28,38,3,0.9424777960769379,5,8.0,7,0.08,/user/raabe14/u19361/workspace-allen/results/zebra/sub-830795_ses-ecephys-830795-2026-02-23-15-03-59_ecephys.nwb/ProbeD/trial_1/phase_1/lib_ab4a70858e/lib_ab4a70858e__delay_0.2__dur_0.23.h5
1b5999a5-87e0-4f44-ae6f-8e788ed3e18d,0.0,0.23,ab4a70858e,0.08778006583452225,-4.477611940298509,18.820754716981128,180.0,10.74,31,16,8,2.5132741228718345,1,3.0,12,1.3,/user/raabe14/u19361/workspace-allen/results/zebra/sub-830795_ses-ecephys-830795-2026-02-23-15-03-59_ecephys.nwb/ProbeD/trial_1/phase_1/lib_ab4a70858e/lib_ab4a70858e__delay_0.0__dur_0.23.h5
1b968124-2f73-4546-b78a-923b7dd527c4,0.30000000000000004,0.23,ab4a70858e,0.09200621396303177,11.641791044776127,-15.235849056603776,45.02251307527088,10.74,40,35,2,0.6283185307179586,1,3.0,0,0.01,/user/raabe14/u19361/workspace-allen/results/zebra/sub-830795_ses-ecephys-830795-2026-02-23-15-03-59_ecephys.nwb/ProbeD/trial_1/phase_1/lib_ab4a70858e/lib_ab4a70858e__delay_0.30000000000000004__dur_0.23.h5
1c9b3fcf-47a7-40b8-8c72-bfd08772884a,0.1,0.23,ab4a70858e,0.08346154540777206,-8.059701492537314,6.273584905660378,180.0,21.49,29,23,8,2.5132741228718345,4,6.0,12,1.3,/user/raabe14/u19361/workspace-allen/results/zebra/sub-830795_ses-ecephys-830795-2026-02-23-15-03-59_ecephys.nwb/ProbeD/trial_1/phase_1/lib_ab4a70858e/lib_ab4a70858e__delay_0.1__dur_0.23.h5
1cfe66cc-6316-4a85-bd8b-69f85d24439e,0.25,0.23,ab4a70858e,0.07408636808395386,-29.55223880597015,34.95283018867924,45.02251307527088,10.74,17,7,2,0.6283185307179586,1,3.0,9,0.1,/user/raabe14/u19361/workspace-allen/results/zebra/sub-830795_ses-ecephys-830795-2026-02-23-15-03-59_ecephys.nwb/ProbeD/trial_1/phase_1/lib_ab4a70858e/lib_ab4a70858e__delay_0.25__dur_0.23.h5
1da9dbee-c5e9-4790-b454-d59d092df235,0.0,0.18000000000000002,ab4a70858e,0.08870359510183334,-18.80597014925373,-27.78301886792453,67.51591472682667,7.16,23,42,3,0.9424777960769379,0,2.0,12,1.3,/user/raabe14/u19361/workspace-allen/results/zebra/sub-830795_ses-ecephys-830795-2026-02-23-15-03-59_ecephys.nwb/ProbeD/trial_1/phase_1/lib_ab4a70858e/lib_ab4a70858e__delay_0.0__dur_0.18000000000000002.h5
1dc84a7a-fddf-4c88-89d2-1ef19812fb8d,0.0,0.08,ab4a70858e,0.13449391722679138,6.268656716417908,2.6886792452830193,67.51591472682667,28.65,37,25,3,0.9424777960769379,5,8.0,2,0.03,/user/raabe14/u19361/workspace-allen/results/zebra/sub-830795_ses-ecephys-830795-2026-02-23-15-03-59_ecephys.nwb/ProbeD/trial_1/phase_1/lib_ab4a70858e/lib_ab4a70858e__delay_0.0__dur_0.08.h5
1df51df1-3ebe-4ef3-965d-297a080ed933,0.0,0.08,ab4a70858e,0.07338617742061615,27.761194029850756,25.990566037735846,45.02251307527088,7.16,49,12,2,0.6283185307179586,0,2.0,9,0.1,/user/raabe14/u19361/workspace-allen/results/zebra/sub-830795_ses-ecephys-830795-2026-02-23-15-03-59_ecephys.nwb/ProbeD/trial_1/phase_1/lib_ab4a70858e/lib_ab4a70858e__delay_0.0__dur_0.08.h5
1dffd018-f6c1-4333-933b-95bb65cfc3c2,0.05,0.03,ab4a70858e,0.0,-60.0,47.5,0.0,7.16,0,0,0,0.0,0,2.0,0,0.01,/user/raabe14/u19361/workspace-allen/results/zebra/sub-830795_ses-ecephys-830795-2026-02-23-15-03-59_ecephys.nwb/ProbeD/trial_1/phase_1/lib_ab4a70858e/lib_ab4a70858e__delay_0.05__dur_0.03.h5
1e0fdf31-2ce7-4b4e-8fed-8252bf8ecfeb,0.05,0.23,ab4a70858e,0.0799504965543747,2.6865671641791096,-11.650943396226417,0.0,7.16,35,33,0,0.0,0,2.0,0,0.01,/user/raabe14/u19361/workspace-allen/results/zebra/sub-830795_ses-ecephys-830795-2026-02-23-15-03-59_ecephys.nwb/ProbeD/trial_1/phase_1/lib_ab4a70858e/lib_ab4a70858e__delay_0.05__dur_0.23.h5
1e983b20-666b-45a6-b362-ce04d1fc2df9,0.0,0.18000000000000002,ab4a70858e,0.07320041954517365,56.4179104477612,-6.273584905660378,0.0,10.74,65,30,0,0.0,1,3.0,11,1.2,/user/raabe14/u19361/workspace-allen/results/zebra/sub-830795_ses-ecephys-830795-2026-02-23-15-03-59_ecephys.nwb/ProbeD/trial_1/phase_1/lib_ab4a70858e/lib_ab4a70858e__delay_0.0__dur_0.18000000000000002.h5
1ed2aef2-02c2-4943-9b68-fa5b140d468c,0.0,0.23,ab4a70858e,0.10013387352228165,-24.179104477611936,2.6886792452830193,157.4840764271708,17.91,20,25,7,2.199114857512855,3,5.0,12,1.3,/user/raabe14/u19361/workspace-allen/results/zebra/sub-830795_ses-ecephys-830795-2026-02-23-15-03-59_ecephys.nwb/ProbeD/trial_1/phase_1/lib_ab4a70858e/lib_ab4a70858e__delay_0.0__dur_0.23.h5
1edadf62-12ec-45b8-8e77-6f2b515bf090,0.0,0.23,ab4a70858e,0.1120934933423996,13.43283582089552,15.235849056603776,22.515923572829195,28.65,41,18,1,0.3141592653589793,5,8.0,0,0.01,/user/raabe14/u19361/workspace-allen/results/zebra/sub-830795_ses-ecephys-830795-2026-02-23-15-03-59_ecephys.nwb/ProbeD/trial_1/phase_1/lib_ab4a70858e/lib_ab4a70858e__delay_0.0__dur_0.23.h5
1edcf432-c428-47bb-9830-fc3122bb9f80,0.15000000000000002,0.23,ab4a70858e,0.07038922607898712,-45.67164179104478,0.8962264150943398,134.9774869247291,28.65,8,26,6,1.8849555921538759,5,8.0,8,0.09,/user/raabe14/u19361/workspace-allen/results/zebra/sub-830795_ses-ecephys-830795-2026-02-23-15-03-59_ecephys.nwb/ProbeD/trial_1/phase_1/lib_ab4a70858e/lib_ab4a70858e__delay_0.15000000000000002__dur_0.23.h5
2029a7e5-0e3c-4050-aaa4-56d5967b9b30,0.0,0.23,ab4a70858e,0.07957032322883606,-22.388059701492537,-38.5377358490566,67.51591472682667,7.16,21,48,3,0.9424777960769379,0,2.0,9,0.1,/user/raabe14/u19361/workspace-allen/results/zebra/sub-830795_ses-ecephys-830795-2026-02-23-15-03-59_ecephys.nwb/ProbeD/trial_1/phase_1/lib_ab4a70858e/lib_ab4a70858e__delay_0.0__dur_0.23.h5
2035e283-4818-4cf3-80c2-5db433369034,0.0,0.23,ab4a70858e,0.0949636697769165,-60.0,-6.273584905660378,0.0,17.91,0,30,0,0.0,3,5.0,11,1.2,/user/raabe14/u19361/workspace-allen/results/zebra/sub-830795_ses-ecephys-830795-2026-02-23-15-03-59_ecephys.nwb/ProbeD/trial_1/phase_1/lib_ab4a70858e/lib_ab4a70858e__delay_0.0__dur_0.23.h5
2092ec4e-885d-4a65-83b0-94e8a206960e,0.05,0.03,ab4a70858e,0.0,-60.0,47.5,0.0,7.16,0,0,0,0.0,0,2.0,0,0.01,/user/raabe14/u19361/workspace-allen/results/zebra/sub-830795_ses-ecephys-830795-2026-02-23-15-03-59_ecephys.nwb/ProbeD/trial_1/phase_1/lib_ab4a70858e/lib_ab4a70858e__delay_0.05__dur_0.03.h5
21e5d4f2-7490-4aa7-9c0b-123c2f83d899,0.30000000000000004,0.23,ab4a70858e,0.0780874490737915,0.8955223880597032,-2.6886792452830193,90.0,28.65,34,28,4,1.2566370614359172,5,8.0,6,0.07,/user/raabe14/u19361/workspace-allen/results/zebra/sub-830795_ses-ecephys-830795-2026-02-23-15-03-59_ecephys.nwb/ProbeD/trial_1/phase_1/lib_ab4a70858e/lib_ab4a70858e__delay_0.30000000000000004__dur_0.23.h5
2294a706-dce9-4635-beaf-7efa58413c5b,0.30000000000000004,0.23,ab4a70858e,0.11099166423082352,-4.477611940298509,13.443396226415096,0.0,28.65,31,19,0,0.0,5,8.0,9,0.1,/user/raabe14/u19361/workspace-allen/results/zebra/sub-830795_ses-ecephys-830795-2026-02-23-15-03-59_ecephys.nwb/ProbeD/trial_1/phase_1/lib_ab4a70858e/lib_ab4a70858e__delay_0.30000000000000004__dur_0.23.h5
22a515b3-2816-4a78-8d84-1f81216d09e2,0.2,0.23,ab4a70858e,0.07966699451208115,-33.134328358208954,-4.481132075471699,112.48408527317332,17.91,15,29,5,1.5707963267948966,3,5.0,1,0.02,/user/raabe14/u19361/workspace-allen/results/zebra/sub-830795_ses-ecephys-830795-2026-02-23-15-03-59_ecephys.nwb/ProbeD/trial_1/phase_1/lib_ab4a70858e/lib_ab4a70858e__delay_0.2__dur_0.23.h5
230a9763-7d0e-4b7d-83b3-4cb433d0faaf,0.30000000000000004,0.18000000000000002,ab4a70858e,0.09274933487176895,-27.761194029850742,-9.858490566037737,180.0,14.32,18,32,8,2.5132741228718345,2,4.0,12,1.3,/user/raabe14/u19361/workspace-allen/results/zebra/sub-830795_ses-ecephys-830795-2026-02-23-15-03-59_ecephys.nwb/ProbeD/trial_1/phase_1/lib_ab4a70858e/lib_ab4a70858e__delay_0.30000000000000004__dur_0.18000000000000002.h5
231bfeda-17a4-4e2e-99a2-b8711953b885,0.05,0.08,ab4a70858e,0.0845966786146164,6.268656716417908,11.650943396226417,90.0,14.32,37,20,4,1.2566370614359172,2,4.0,4,0.05,/user/raabe14/u19361/workspace-allen/results/zebra/sub-830795_ses-ecephys-830795-2026-02-23-15-03-59_ecephys.nwb/ProbeD/trial_1/phase_1/lib_ab4a70858e/lib_ab4a70858e__delay_0.05__dur_0.08.h5
232d0532-727e-4b05-8d33-a2db8c16629d,0.05,0.03,ab4a70858e,0.0,-60.0,47.5,0.0,7.16,0,0,0,0.0,0,2.0,0,0.01,/user/raabe14/u19361/workspace-allen/results/zebra/sub-830795_ses-ecephys-830795-2026-02-23-15-03-59_ecephys.nwb/ProbeD/trial_1/phase_1/lib_ab4a70858e/lib_ab4a70858e__delay_0.05__dur_0.03.h5
245318f5-5152-4a8a-b6c6-ea0554524242,0.05,0.03,ab4a70858e,0.0,-60.0,47.5,0.0,7.16,0,0,0,0.0,0,2.0,0,0.01,/user/raabe14/u19361/workspace-allen/results/zebra/sub-830795_ses-ecephys-830795-2026-02-23-15-03-59_ecephys.nwb/ProbeD/trial_1/phase_1/lib_ab4a70858e/lib_ab4a70858e__delay_0.05__dur_0.03.h5
248c7b9a-1ce1-451f-892c-93be939d3fa7,0.2,0.23,ab4a70858e,0.08013713359832764,-43.88059701492537,18.820754716981128,157.4840764271708,17.91,9,16,7,2.199114857512855,3,5.0,9,0.1,/user/raabe14/u19361/workspace-allen/results/zebra/sub-830795_ses-ecephys-830795-2026-02-23-15-03-59_ecephys.nwb/ProbeD/trial_1/phase_1/lib_ab4a70858e/lib_ab4a70858e__delay_0.2__dur_0.23.h5
249eda2b-6bbe-4941-95fc-0bd76a1cc93c,0.05,0.18000000000000002,ab4a70858e,0.08054406195878983,-22.388059701492537,11.650943396226417,67.51591472682667,28.65,21,20,3,0.9424777960769379,5,8.0,4,0.05,/user/raabe14/u19361/workspace-allen/results/zebra/sub-830795_ses-ecephys-830795-2026-02-23-15-03-59_ecephys.nwb/ProbeD/trial_1/phase_1/lib_ab4a70858e/lib_ab4a70858e__delay_0.05__dur_0.18000000000000002.h5
25f655ff-6938-4999-9c9b-12a03ddc55f9,0.1,0.23,ab4a70858e,0.07752472162246704,-13.43283582089552,-17.028301886792452,157.4840764271708,17.91,26,36,7,2.199114857512855,3,5.0,12,1.3,/user/raabe14/u19361/workspace-allen/results/zebra/sub-830795_ses-ecephys-830795-2026-02-23-15-03-59_ecephys.nwb/ProbeD/trial_1/phase_1/lib_ab4a70858e/lib_ab4a70858e__delay_0.1__dur_0.23.h5
26032761-1eae-434e-be4b-e91122c4fd80,0.05,0.13,ab4a70858e,0.08845418691635132,47.462686567164184,8.066037735849058,180.0,28.65,60,22,8,2.5132741228718345,5,8.0,3,0.04,/user/raabe14/u19361/workspace-allen/results/zebra/sub-830795_ses-ecephys-830795-2026-02-23-15-03-59_ecephys.nwb/ProbeD/trial_1/phase_1/lib_ab4a70858e/lib_ab4a70858e__delay_0.05__dur_0.13.h5
2687db29-d861-4b32-87fa-fa65a10244fd,0.05,0.03,ab4a70858e,0.0,-60.0,47.5,0.0,7.16,0,0,0,0.0,0,2.0,0,0.01,/user/raabe14/u19361/workspace-allen/results/zebra/sub-830795_ses-ecephys-830795-2026-02-23-15-03-59_ecephys.nwb/ProbeD/trial_1/phase_1/lib_ab4a70858e/lib_ab4a70858e__delay_0.05__dur_0.03.h5
278c8b3b-2414-450a-83b7-464540dff812,0.0,0.18000000000000002,ab4a70858e,0.0727381557226181,-0.8955223880596961,-17.028301886792452,45.02251307527088,7.16,33,36,2,0.6283185307179586,0,2.0,12,1.3,/user/raabe14/u19361/workspace-allen/results/zebra/sub-830795_ses-ecephys-830795-2026-02-23-15-03-59_ecephys.nwb/ProbeD/trial_1/phase_1/lib_ab4a70858e/lib_ab4a70858e__delay_0.0__dur_0.18000000000000002.h5
2799a367-902b-42e8-9748-c65a22509311,0.2,0.18000000000000002,ab4a70858e,0.082525834441185,54.626865671641795,8.066037735849058,67.51591472682667,17.91,64,22,3,0.9424777960769379,3,5.0,4,0.05,/user/raabe14/u19361/workspace-allen/results/zebra/sub-830795_ses-ecephys-830795-2026-02-23-15-03-59_ecephys.nwb/ProbeD/trial_1/phase_1/lib_ab4a70858e/lib_ab4a70858e__delay_0.2__dur_0.18000000000000002.h5
2807fa6c-6b3c-4536-813f-9220569746de,0.05,0.13,ab4a70858e,0.0778348445892334,-27.761194029850742,-8.066037735849058,67.51591472682667,21.49,18,31,3,0.9424777960769379,4,6.0,0,0.01,/user/raabe14/u19361/workspace-allen/results/zebra/sub-830795_ses-ecephys-830795-2026-02-23-15-03-59_ecephys.nwb/ProbeD/trial_1/phase_1/lib_ab4a70858e/lib_ab4a70858e__delay_0.05__dur_0.13.h5
289b6814-5b6b-4c34-8221-c4376d8bd847,0.25,0.23,ab4a70858e,0.08016582578420639,4.477611940298516,38.5377358490566,157.4840764271708,10.74,36,5,7,2.199114857512855,1,3.0,12,1.3,/user/raabe14/u19361/workspace-allen/results/zebra/sub-830795_ses-ecephys-830795-2026-02-23-15-03-59_ecephys.nwb/ProbeD/trial_1/phase_1/lib_ab4a70858e/lib_ab4a70858e__delay_0.25__dur_0.23.h5
2912d916-2668-4ba2-90b0-58db7841161c,0.05,0.03,ab4a70858e,0.0,-60.0,47.5,0.0,7.16,0,0,0,0.0,0,2.0,0,0.01,/user/raabe14/u19361/workspace-allen/results/zebra/sub-830795_ses-ecephys-830795-2026-02-23-15-03-59_ecephys.nwb/ProbeD/trial_1/phase_1/lib_ab4a70858e/lib_ab4a70858e__delay_0.05__dur_0.03.h5
29661a09-ef80-4c80-9616-c7259ab0e681,0.1,0.13,ab4a70858e,0.11554036289453506,31.343283582089555,31.367924528301884,90.0,14.32,51,9,4,1.2566370614359172,2,4.0,12,1.3,/user/raabe14/u19361/workspace-allen/results/zebra/sub-830795_ses-ecephys-830795-2026-02-23-15-03-59_ecephys.nwb/ProbeD/trial_1/phase_1/lib_ab4a70858e/lib_ab4a70858e__delay_0.1__dur_0.13.h5
297f5630-ec7f-45c8-b93c-7f0e7a294a4a,0.05,0.03,ab4a70858e,0.0,-60.0,47.5,0.0,7.16,0,0,0,0.0,0,2.0,0,0.01,/user/raabe14/u19361/workspace-allen/results/zebra/sub-830795_ses-ecephys-830795-2026-02-23-15-03-59_ecephys.nwb/ProbeD/trial_1/phase_1/lib_ab4a70858e/lib_ab4a70858e__delay_0.05__dur_0.03.h5
2983fc32-d6de-4003-bbc2-17cdf194ecc7,0.05,0.23,ab4a70858e,0.07650216668844223,-9.850746268656714,34.95283018867924,0.0,21.49,28,7,0,0.0,4,6.0,8,0.09,/user/raabe14/u19361/workspace-allen/results/zebra/sub-830795_ses-ecephys-830795-2026-02-23-15-03-59_ecephys.nwb/ProbeD/trial_1/phase_1/lib_ab4a70858e/lib_ab4a70858e__delay_0.05__dur_0.23.h5
29986d15-9569-480b-98a5-c65f5256688b,0.0,0.18000000000000002,ab4a70858e,0.07531554996967316,8.059701492537314,-0.8962264150943398,45.02251307527088,7.16,38,27,2,0.6283185307179586,0,2.0,0,0.01,/user/raabe14/u19361/workspace-allen/results/zebra/sub-830795_ses-ecephys-830795-2026-02-23-15-03-59_ecephys.nwb/ProbeD/trial_1/phase_1/lib_ab4a70858e/lib_ab4a70858e__delay_0.0__dur_0.18000000000000002.h5
2a0d5c00-dd0a-452e-b917-3ec2d9d6afdf,0.05,0.23,ab4a70858e,0.08608704060316086,-25.970149253731343,-34.95283018867924,22.515923572829163,21.49,19,46,9,2.827433388230814,4,6.0,4,0.05,/user/raabe14/u19361/workspace-allen/results/zebra/sub-830795_ses-ecephys-830795-2026-02-23-15-03-59_ecephys.nwb/ProbeD/trial_1/phase_1/lib_ab4a70858e/lib_ab4a70858e__delay_0.05__dur_0.23.h5
2ac7e77c-dbda-4c81-b404-11be6c6ef0a2,0.0,0.13,ab4a70858e,0.11382106691598892,22.388059701492537,-8.066037735849058,112.48408527317332,7.16,46,31,5,1.5707963267948966,0,2.0,0,0.01,/user/raabe14/u19361/workspace-allen/results/zebra/sub-830795_ses-ecephys-830795-2026-02-23-15-03-59_ecephys.nwb/ProbeD/trial_1/phase_1/lib_ab4a70858e/lib_ab4a70858e__delay_0.0__dur_0.13.h5
2be1c245-d1fa-4fbe-b794-4a7c0b8b2514,0.2,0.13,ab4a70858e,0.08281414210796356,42.08955223880598,22.405660377358487,22.515923572829195,17.91,57,14,1,0.3141592653589793,3,5.0,1,0.02,/user/raabe14/u19361/workspace-allen/results/zebra/sub-830795_ses-ecephys-830795-2026-02-23-15-03-59_ecephys.nwb/ProbeD/trial_1/phase_1/lib_ab4a70858e/lib_ab4a70858e__delay_0.2__dur_0.13.h5
2c773c92-4530-4f69-a151-ba5828917a3a,0.0,0.08,ab4a70858e,0.24668097496032715,4.477611940298516,-4.481132075471699,157.4840764271708,21.49,36,29,7,2.199114857512855,4,6.0,0,0.01,/user/raabe14/u19361/workspace-allen/results/zebra/sub-830795_ses-ecephys-830795-2026-02-23-15-03-59_ecephys.nwb/ProbeD/trial_1/phase_1/lib_ab4a70858e/lib_ab4a70858e__delay_0.0__dur_0.08.h5
2c90b569-a668-45de-9964-4d2e5a20d1e7,0.0,0.23,ab4a70858e,0.0812431275844574,8.059701492537314,-6.273584905660378,157.4840764271708,7.16,38,30,7,2.199114857512855,0,2.0,12,1.3,/user/raabe14/u19361/workspace-allen/results/zebra/sub-830795_ses-ecephys-830795-2026-02-23-15-03-59_ecephys.nwb/ProbeD/trial_1/phase_1/lib_ab4a70858e/lib_ab4a70858e__delay_0.0__dur_0.23.h5
2d06d9e9-6b05-47de-9054-3947e6b395de,0.25,0.23,ab4a70858e,0.08189266175031662,-43.88059701492537,17.02830188679245,45.02251307527088,10.74,9,17,2,0.6283185307179586,1,3.0,0,0.01,/user/raabe14/u19361/workspace-allen/results/zebra/sub-830795_ses-ecephys-830795-2026-02-23-15-03-59_ecephys.nwb/ProbeD/trial_1/phase_1/lib_ab4a70858e/lib_ab4a70858e__delay_0.25__dur_0.23.h5
2d48c591-ae84-4819-9098-38727bcb7d55,0.0,0.13,ab4a70858e,0.09014778584241867,17.014925373134332,-6.273584905660378,22.515923572829195,21.49,43,30,1,0.3141592653589793,4,6.0,8,0.09,/user/raabe14/u19361/workspace-allen/results/zebra/sub-830795_ses-ecephys-830795-2026-02-23-15-03-59_ecephys.nwb/ProbeD/trial_1/phase_1/lib_ab4a70858e/lib_ab4a70858e__delay_0.0__dur_0.13.h5
2d6d4f7f-d361-4f13-8c8c-2880c5a53a31,0.30000000000000004,0.23,ab4a70858e,0.07666326314210892,9.85074626865672,-33.160377358490564,45.02251307527088,28.65,39,45,2,0.6283185307179586,5,8.0,8,0.09,/user/raabe14/u19361/workspace-allen/results/zebra/sub-830795_ses-ecephys-830795-2026-02-23-15-03-59_ecephys.nwb/ProbeD/trial_1/phase_1/lib_ab4a70858e/lib_ab4a70858e__delay_0.30000000000000004__dur_0.23.h5
2e1210ea-9207-49c7-a9d8-6554749cb4eb,0.1,0.08,ab4a70858e,0.0691637173295021,-49.25373134328358,-18.82075471698113,180.0,21.49,6,37,8,2.5132741228718345,4,6.0,12,1.3,/user/raabe14/u19361/workspace-allen/results/zebra/sub-830795_ses-ecephys-830795-2026-02-23-15-03-59_ecephys.nwb/ProbeD/trial_1/phase_1/lib_ab4a70858e/lib_ab4a70858e__delay_0.1__dur_0.08.h5
2e81b832-064b-4260-9ecc-fba2a3f0738a,0.0,0.08,ab4a70858e,0.11848520487546921,-31.34328358208955,-27.78301886792453,157.4840764271708,21.49,16,42,7,2.199114857512855,4,6.0,0,0.01,/user/raabe14/u19361/workspace-allen/results/zebra/sub-830795_ses-ecephys-830795-2026-02-23-15-03-59_ecephys.nwb/ProbeD/trial_1/phase_1/lib_ab4a70858e/lib_ab4a70858e__delay_0.0__dur_0.08.h5
2edffca3-34fd-451a-8010-4d3f0d5af878,0.25,0.18000000000000002,ab4a70858e,0.07059759646654129,-0.8955223880596961,36.74528301886792,22.515923572829163,28.65,33,6,9,2.827433388230814,5,8.0,9,0.1,/user/raabe14/u19361/workspace-allen/results/zebra/sub-830795_ses-ecephys-830795-2026-02-23-15-03-59_ecephys.nwb/ProbeD/trial_1/phase_1/lib_ab4a70858e/lib_ab4a70858e__delay_0.25__dur_0.18000000000000002.h5
2f4c53a7-f3aa-49d6-887d-63894584f703,0.05,0.18000000000000002,ab4a70858e,0.07208213210105896,-4.477611940298509,-6.273584905660378,45.02251307527088,10.74,31,30,2,0.6283185307179586,1,3.0,12,1.3,/user/raabe14/u19361/workspace-allen/results/zebra/sub-830795_ses-ecephys-830795-2026-02-23-15-03-59_ecephys.nwb/ProbeD/trial_1/phase_1/lib_ab4a70858e/lib_ab4a70858e__delay_0.05__dur_0.18000000000000002.h5
2f720161-e268-4452-a73c-c309d709539c,0.0,0.18000000000000002,ab4a70858e,0.08372795581817627,40.29850746268657,6.273584905660378,157.4840764271708,10.74,56,23,7,2.199114857512855,1,3.0,12,1.3,/user/raabe14/u19361/workspace-allen/results/zebra/sub-830795_ses-ecephys-830795-2026-02-23-15-03-59_ecephys.nwb/ProbeD/trial_1/phase_1/lib_ab4a70858e/lib_ab4a70858e__delay_0.0__dur_0.18000000000000002.h5
303f2ba9-5af7-4064-9301-6b269331b02a,0.05,0.08,ab4a70858e,0.08754932880401611,-52.83582089552239,-11.650943396226417,180.0,10.74,4,33,8,2.5132741228718345,1,3.0,2,0.03,/user/raabe14/u19361/workspace-allen/results/zebra/sub-830795_ses-ecephys-830795-2026-02-23-15-03-59_ecephys.nwb/ProbeD/trial_1/phase_1/lib_ab4a70858e/lib_ab4a70858e__delay_0.05__dur_0.08.h5
3146a6e3-eb24-424c-9e87-d01b5b24021e,0.0,0.13,ab4a70858e,0.1548827588558197,20.59701492537313,-11.650943396226417,67.51591472682667,14.32,45,33,3,0.9424777960769379,2,4.0,4,0.05,/user/raabe14/u19361/workspace-allen/results/zebra/sub-830795_ses-ecephys-830795-2026-02-23-15-03-59_ecephys.nwb/ProbeD/trial_1/phase_1/lib_ab4a70858e/lib_ab4a70858e__delay_0.0__dur_0.13.h5
31697cdc-143d-4a83-8754-b1b2f0bae911,0.30000000000000004,0.23,ab4a70858e,0.09530704468488693,-8.059701492537314,40.33018867924528,0.0,7.16,29,4,0,0.0,0,2.0,11,1.2,/user/raabe14/u19361/workspace-allen/results/zebra/sub-830795_ses-ecephys-830795-2026-02-23-15-03-59_ecephys.nwb/ProbeD/trial_1/phase_1/lib_ab4a70858e/lib_ab4a70858e__delay_0.30000000000000004__dur_0.23.h5
330a10e2-f004-4ad5-b953-0a91abe055e8,0.0,0.23,ab4a70858e,0.09481595456600189,27.761194029850756,22.405660377358487,157.4840764271708,17.91,49,14,7,2.199114857512855,3,5.0,12,1.3,/user/raabe14/u19361/workspace-allen/results/zebra/sub-830795_ses-ecephys-830795-2026-02-23-15-03-59_ecephys.nwb/ProbeD/trial_1/phase_1/lib_ab4a70858e/lib_ab4a70858e__delay_0.0__dur_0.23.h5
335f4fb7-9bc9-409e-9662-ff2d1eab4453,0.1,0.23,ab4a70858e,0.1035865917801857,9.85074626865672,-27.78301886792453,0.0,28.65,39,42,0,0.0,5,8.0,6,0.07,/user/raabe14/u19361/workspace-allen/results/zebra/sub-830795_ses-ecephys-830795-2026-02-23-15-03-59_ecephys.nwb/ProbeD/trial_1/phase_1/lib_ab4a70858e/lib_ab4a70858e__delay_0.1__dur_0.23.h5
33f84939-fc0c-4fdf-ba9e-8096abe3a068,0.05,0.23,ab4a70858e,0.07295958697795868,-27.761194029850742,-9.858490566037737,45.02251307527088,10.74,18,32,2,0.6283185307179586,1,3.0,12,1.3,/user/raabe14/u19361/workspace-allen/results/zebra/sub-830795_ses-ecephys-830795-2026-02-23-15-03-59_ecephys.nwb/ProbeD/trial_1/phase_1/lib_ab4a70858e/lib_ab4a70858e__delay_0.05__dur_0.23.h5
341bfade-db83-4338-8b8e-01693f78aba5,0.15000000000000002,0.23,ab4a70858e,0.13089793920516968,9.85074626865672,-33.160377358490564,22.515923572829163,14.32,39,45,9,2.827433388230814,2,4.0,12,1.3,/user/raabe14/u19361/workspace-allen/results/zebra/sub-830795_ses-ecephys-830795-2026-02-23-15-03-59_ecephys.nwb/ProbeD/trial_1/phase_1/lib_ab4a70858e/lib_ab4a70858e__delay_0.15000000000000002__dur_0.23.h5
3469f3f1-29bf-4bae-afc7-fd2ca020891c,0.05,0.23,ab4a70858e,0.13045454025268555,-2.6865671641791025,-8.066037735849058,157.4840764271708,28.65,32,31,7,2.199114857512855,5,8.0,0,0.01,/user/raabe14/u19361/workspace-allen/results/zebra/sub-830795_ses-ecephys-830795-2026-02-23-15-03-59_ecephys.nwb/ProbeD/trial_1/phase_1/lib_ab4a70858e/lib_ab4a70858e__delay_0.05__dur_0.23.h5
350cc75b-52f6-418e-95ff-a40677acf33b,0.25,0.18000000000000002,ab4a70858e,0.11915078014135361,-6.268656716417908,-13.443396226415096,112.48408527317332,21.49,30,34,5,1.5707963267948966,4,6.0,11,1.2,/user/raabe14/u19361/workspace-allen/results/zebra/sub-830795_ses-ecephys-830795-2026-02-23-15-03-59_ecephys.nwb/ProbeD/trial_1/phase_1/lib_ab4a70858e/lib_ab4a70858e__delay_0.25__dur_0.18000000000000002.h5
35d573e7-075f-40b5-982b-4a7c091bced6,0.0,0.23,ab4a70858e,0.07836685329675674,4.477611940298516,27.783018867924525,157.4840764271708,10.74,36,11,7,2.199114857512855,1,3.0,12,1.3,/user/raabe14/u19361/workspace-allen/results/zebra/sub-830795_ses-ecephys-830795-2026-02-23-15-03-59_ecephys.nwb/ProbeD/trial_1/phase_1/lib_ab4a70858e/lib_ab4a70858e__delay_0.0__dur_0.23.h5
36502fb9-9716-417e-bee6-7d9fa185db33,0.25,0.23,ab4a70858e,0.07386846095323563,42.08955223880598,47.5,112.48408527317332,7.16,57,0,5,1.5707963267948966,0,2.0,11,1.2,/user/raabe14/u19361/workspace-allen/results/zebra/sub-830795_ses-ecephys-830795-2026-02-23-15-03-59_ecephys.nwb/ProbeD/trial_1/phase_1/lib_ab4a70858e/lib_ab4a70858e__delay_0.25__dur_0.23.h5
369a171c-0e8b-4236-91e5-aa1997f989ce,0.2,0.23,ab4a70858e,0.1047462746500969,-6.268656716417908,18.820754716981128,180.0,14.32,30,16,8,2.5132741228718345,2,4.0,9,0.1,/user/raabe14/u19361/workspace-allen/results/zebra/sub-830795_ses-ecephys-830795-2026-02-23-15-03-59_ecephys.nwb/ProbeD/trial_1/phase_1/lib_ab4a70858e/lib_ab4a70858e__delay_0.2__dur_0.23.h5
380243ec-9ae5-4534-bf71-f5d0ee1402f8,0.05,0.03,ab4a70858e,0.0,-60.0,47.5,0.0,7.16,0,0,0,0.0,0,2.0,0,0.01,/user/raabe14/u19361/workspace-allen/results/zebra/sub-830795_ses-ecephys-830795-2026-02-23-15-03-59_ecephys.nwb/ProbeD/trial_1/phase_1/lib_ab4a70858e/lib_ab4a70858e__delay_0.05__dur_0.03.h5
3aee0ebf-bae5-4b6d-91ae-8995a7fea7df,0.0,0.13,ab4a70858e,0.07917094975709915,29.55223880597015,-15.235849056603776,134.9774869247291,7.16,50,35,6,1.8849555921538759,0,2.0,8,0.09,/user/raabe14/u19361/workspace-allen/results/zebra/sub-830795_ses-ecephys-830795-2026-02-23-15-03-59_ecephys.nwb/ProbeD/trial_1/phase_1/lib_ab4a70858e/lib_ab4a70858e__delay_0.0__dur_0.13.h5
3af77d92-57c0-441d-a941-3f017ba0482a,0.2,0.23,ab4a70858e,0.08588932454586029,-24.179104477611936,-27.78301886792453,0.0,17.91,20,42,0,0.0,3,5.0,11,1.2,/user/raabe14/u19361/workspace-allen/results/zebra/sub-830795_ses-ecephys-830795-2026-02-23-15-03-59_ecephys.nwb/ProbeD/trial_1/phase_1/lib_ab4a70858e/lib_ab4a70858e__delay_0.2__dur_0.23.h5
3c16878a-c0cc-442b-8a5b-e13ead8af762,0.15000000000000002,0.23,ab4a70858e,0.07296233624219894,-18.80597014925373,18.820754716981128,157.4840764271708,7.16,23,16,7,2.199114857512855,0,2.0,12,1.3,/user/raabe14/u19361/workspace-allen/results/zebra/sub-830795_ses-ecephys-830795-2026-02-23-15-03-59_ecephys.nwb/ProbeD/trial_1/phase_1/lib_ab4a70858e/lib_ab4a70858e__delay_0.15000000000000002__dur_0.23.h5
3cbb411e-2c72-4704-915d-1007a63bfe76,0.15000000000000002,0.18000000000000002,ab4a70858e,0.07819424569606781,4.477611940298516,-0.8962264150943398,180.0,7.16,36,27,8,2.5132741228718345,0,2.0,12,1.3,/user/raabe14/u19361/workspace-allen/results/zebra/sub-830795_ses-ecephys-830795-2026-02-23-15-03-59_ecephys.nwb/ProbeD/trial_1/phase_1/lib_ab4a70858e/lib_ab4a70858e__delay_0.15000000000000002__dur_0.18000000000000002.h5
3de78f34-02e2-4f63-b842-91c5310edebd,0.30000000000000004,0.23,ab4a70858e,0.08274976909160614,-25.970149253731343,31.367924528301884,112.48408527317332,10.74,19,9,5,1.5707963267948966,1,3.0,11,1.2,/user/raabe14/u19361/workspace-allen/results/zebra/sub-830795_ses-ecephys-830795-2026-02-23-15-03-59_ecephys.nwb/ProbeD/trial_1/phase_1/lib_ab4a70858e/lib_ab4a70858e__delay_0.30000000000000004__dur_0.23.h5
3e06eaf4-431d-46e3-88ea-27fa240684ae,0.30000000000000004,0.23,ab4a70858e,0.07534696906805038,-2.6865671641791025,-25.99056603773585,45.02251307527088,21.49,32,41,2,0.6283185307179586,4,6.0,12,1.3,/user/raabe14/u19361/workspace-allen/results/zebra/sub-830795_ses-ecephys-830795-2026-02-23-15-03-59_ecephys.nwb/ProbeD/trial_1/phase_1/lib_ab4a70858e/lib_ab4a70858e__delay_0.30000000000000004__dur_0.23.h5
3e4e9b8f-d446-450d-af08-ed0c36bb333c,0.30000000000000004,0.13,ab4a70858e,0.08770932257175446,-0.8955223880596961,-9.858490566037737,90.0,7.16,33,32,4,1.2566370614359172,0,2.0,9,0.1,/user/raabe14/u19361/workspace-allen/results/zebra/sub-830795_ses-ecephys-830795-2026-02-23-15-03-59_ecephys.nwb/ProbeD/trial_1/phase_1/lib_ab4a70858e/lib_ab4a70858e__delay_0.30000000000000004__dur_0.13.h5
3f587a66-72a2-4caa-8038-8340787c362b,0.30000000000000004,0.23,ab4a70858e,0.08177300542593002,-15.223880597014926,-22.40566037735849,157.4840764271708,7.16,25,39,7,2.199114857512855,0,2.0,12,1.3,/user/raabe14/u19361/workspace-allen/results/zebra/sub-830795_ses-ecephys-830795-2026-02-23-15-03-59_ecephys.nwb/ProbeD/trial_1/phase_1/lib_ab4a70858e/lib_ab4a70858e__delay_0.30000000000000004__dur_0.23.h5
3fa3a4ea-d8c3-4414-b132-7576e38aa548,0.30000000000000004,0.23,ab4a70858e,0.13519887626171112,-18.80597014925373,-0.8962264150943398,157.4840764271708,14.32,23,27,7,2.199114857512855,2,4.0,12,1.3,/user/raabe14/u19361/workspace-allen/results/zebra/sub-830795_ses-ecephys-830795-2026-02-23-15-03-59_ecephys.nwb/ProbeD/trial_1/phase_1/lib_ab4a70858e/lib_ab4a70858e__delay_0.30000000000000004__dur_0.23.h5
40ab1da4-18f7-4946-80f2-24ca686a346f,0.30000000000000004,0.23,ab4a70858e,0.07139822095632553,2.6865671641791096,33.160377358490564,112.48408527317332,7.16,35,8,5,1.5707963267948966,0,2.0,0,0.01,/user/raabe14/u19361/workspace-allen/results/zebra/sub-830795_ses-ecephys-830795-2026-02-23-15-03-59_ecephys.nwb/ProbeD/trial_1/phase_1/lib_ab4a70858e/lib_ab4a70858e__delay_0.30000000000000004__dur_0.23.h5
40c8a6af-15c0-4d99-bf6d-2543db630097,0.30000000000000004,0.23,ab4a70858e,0.06995444744825363,-18.80597014925373,-18.82075471698113,157.4840764271708,7.16,23,37,7,2.199114857512855,0,2.0,0,0.01,/user/raabe14/u19361/workspace-allen/results/zebra/sub-830795_ses-ecephys-830795-2026-02-23-15-03-59_ecephys.nwb/ProbeD/trial_1/phase_1/lib_ab4a70858e/lib_ab4a70858e__delay_0.30000000000000004__dur_0.23.h5
4101d38d-10c3-491d-aa04-6e4176f7f688,0.30000000000000004,0.23,ab4a70858e,0.08018375188112259,-4.477611940298509,-15.235849056603776,180.0,21.49,31,35,8,2.5132741228718345,4,6.0,12,1.3,/user/raabe14/u19361/workspace-allen/results/zebra/sub-830795_ses-ecephys-830795-2026-02-23-15-03-59_ecephys.nwb/ProbeD/trial_1/phase_1/lib_ab4a70858e/lib_ab4a70858e__delay_0.30000000000000004__dur_0.23.h5
41769d86-a649-4462-a499-df327356bc0a,0.30000000000000004,0.23,ab4a70858e,0.08542053401470184,38.507462686567166,-15.235849056603776,22.515923572829163,28.65,55,35,9,2.827433388230814,5,8.0,7,0.08,/user/raabe14/u19361/workspace-allen/results/zebra/sub-830795_ses-ecephys-830795-2026-02-23-15-03-59_ecephys.nwb/ProbeD/trial_1/phase_1/lib_ab4a70858e/lib_ab4a70858e__delay_0.30000000000000004__dur_0.23.h5
4257eaa8-7b02-4de7-bed3-a50efb97ad01,0.2,0.18000000000000002,ab4a70858e,0.09579262137413025,-13.43283582089552,38.5377358490566,67.51591472682667,7.16,26,5,3,0.9424777960769379,0,2.0,12,1.3,/user/raabe14/u19361/workspace-allen/results/zebra/sub-830795_ses-ecephys-830795-2026-02-23-15-03-59_ecephys.nwb/ProbeD/trial_1/phase_1/lib_ab4a70858e/lib_ab4a70858e__delay_0.2__dur_0.18000000000000002.h5
4271b71f-b7d4-47a0-a733-adb43fd05e0b,0.05,0.03,ab4a70858e,0.0,-60.0,47.5,0.0,7.16,0,0,0,0.0,0,2.0,0,0.01,/user/raabe14/u19361/workspace-allen/results/zebra/sub-830795_ses-ecephys-830795-2026-02-23-15-03-59_ecephys.nwb/ProbeD/trial_1/phase_1/lib_ab4a70858e/lib_ab4a70858e__delay_0.05__dur_0.03.h5
427d373c-09aa-47ff-92e6-0cc380d69905,0.1,0.18000000000000002,ab4a70858e,0.07624825835227966,-27.761194029850742,-9.858490566037737,45.02251307527088,28.65,18,32,2,0.6283185307179586,5,8.0,2,0.03,/user/raabe14/u19361/workspace-allen/results/zebra/sub-830795_ses-ecephys-830795-2026-02-23-15-03-59_ecephys.nwb/ProbeD/trial_1/phase_1/lib_ab4a70858e/lib_ab4a70858e__delay_0.1__dur_0.18000000000000002.h5
42e30f4f-e648-43cb-9544-629761eb081d,0.30000000000000004,0.23,ab4a70858e,0.0825563371181488,-15.223880597014926,31.367924528301884,112.48408527317332,21.49,25,9,5,1.5707963267948966,4,6.0,11,1.2,/user/raabe14/u19361/workspace-allen/results/zebra/sub-830795_ses-ecephys-830795-2026-02-23-15-03-59_ecephys.nwb/ProbeD/trial_1/phase_1/lib_ab4a70858e/lib_ab4a70858e__delay_0.30000000000000004__dur_0.23.h5
42f4c2a1-49b2-4752-97a9-898854ecaba6,0.30000000000000004,0.23,ab4a70858e,0.1402401179075241,15.223880597014926,-0.8962264150943398,67.51591472682667,14.32,42,27,3,0.9424777960769379,2,4.0,12,1.3,/user/raabe14/u19361/workspace-allen/results/zebra/sub-830795_ses-ecephys-830795-2026-02-23-15-03-59_ecephys.nwb/ProbeD/trial_1/phase_1/lib_ab4a70858e/lib_ab4a70858e__delay_0.30000000000000004__dur_0.23.h5
430ee8ad-e8ae-45b7-9975-f0eaf50a15ad,0.0,0.23,ab4a70858e,0.06989927589893341,56.4179104477612,-31.367924528301888,22.515923572829163,10.74,65,44,9,2.827433388230814,1,3.0,0,0.01,/user/raabe14/u19361/workspace-allen/results/zebra/sub-830795_ses-ecephys-830795-2026-02-23-15-03-59_ecephys.nwb/ProbeD/trial_1/phase_1/lib_ab4a70858e/lib_ab4a70858e__delay_0.0__dur_0.23.h5
438aede6-9fd0-4bf0-b725-7f10ca9cf93f,0.15000000000000002,0.13,ab4a70858e,0.07016683369874954,-6.268656716417908,-27.78301886792453,112.48408527317332,17.91,30,42,5,1.5707963267948966,3,5.0,11,1.2,/user/raabe14/u19361/workspace-allen/results/zebra/sub-830795_ses-ecephys-830795-2026-02-23-15-03-59_ecephys.nwb/ProbeD/trial_1/phase_1/lib_ab4a70858e/lib_ab4a70858e__delay_0.15000000000000002__dur_0.13.h5
438f33eb-c71a-4fff-b36c-ea9e4af54462,0.1,0.23,ab4a70858e,0.0812796950340271,47.462686567164184,-0.8962264150943398,0.0,14.32,60,27,0,0.0,2,4.0,11,1.2,/user/raabe14/u19361/workspace-allen/results/zebra/sub-830795_ses-ecephys-830795-2026-02-23-15-03-59_ecephys.nwb/ProbeD/trial_1/phase_1/lib_ab4a70858e/lib_ab4a70858e__delay_0.1__dur_0.23.h5
4391bab1-1157-4aa6-9bb0-b03ef20b2827,0.25,0.18000000000000002,ab4a70858e,0.08181272447109222,15.223880597014926,29.575471698113205,157.4840764271708,14.32,42,10,7,2.199114857512855,2,4.0,12,1.3,/user/raabe14/u19361/workspace-allen/results/zebra/sub-830795_ses-ecephys-830795-2026-02-23-15-03-59_ecephys.nwb/ProbeD/trial_1/phase_1/lib_ab4a70858e/lib_ab4a70858e__delay_0.25__dur_0.18000000000000002.h5
44735be5-d02a-4f6f-b853-960600cf4a73,0.30000000000000004,0.23,ab4a70858e,0.08374776691198349,-15.223880597014926,29.575471698113205,0.0,17.91,25,10,0,0.0,3,5.0,11,1.2,/user/raabe14/u19361/workspace-allen/results/zebra/sub-830795_ses-ecephys-830795-2026-02-23-15-03-59_ecephys.nwb/ProbeD/trial_1/phase_1/lib_ab4a70858e/lib_ab4a70858e__delay_0.30000000000000004__dur_0.23.h5
44e06fb5-d682-478e-8669-55b89312ade6,0.05,0.03,ab4a70858e,0.0,-60.0,47.5,0.0,7.16,0,0,0,0.0,0,2.0,0,0.01,/user/raabe14/u19361/workspace-allen/results/zebra/sub-830795_ses-ecephys-830795-2026-02-23-15-03-59_ecephys.nwb/ProbeD/trial_1/phase_1/lib_ab4a70858e/lib_ab4a70858e__delay_0.05__dur_0.03.h5
45457580-fa5d-4393-b866-092b5c28fa48,0.25,0.23,ab4a70858e,0.14226822555065155,8.059701492537314,-33.160377358490564,22.515923572829163,10.74,38,45,9,2.827433388230814,1,3.0,12,1.3,/user/raabe14/u19361/workspace-allen/results/zebra/sub-830795_ses-ecephys-830795-2026-02-23-15-03-59_ecephys.nwb/ProbeD/trial_1/phase_1/lib_ab4a70858e/lib_ab4a70858e__delay_0.25__dur_0.23.h5
46040971-b3cc-46c0-bad8-166da3ab25fe,0.15000000000000002,0.23,ab4a70858e,0.1262364387512207,11.641791044776127,-4.481132075471699,180.0,28.65,40,29,8,2.5132741228718345,5,8.0,9,0.1,/user/raabe14/u19361/workspace-allen/results/zebra/sub-830795_ses-ecephys-830795-2026-02-23-15-03-59_ecephys.nwb/ProbeD/trial_1/phase_1/lib_ab4a70858e/lib_ab4a70858e__delay_0.15000000000000002__dur_0.23.h5
4628c7c3-de31-42a2-abb9-7048188514a4,0.0,0.18000000000000002,ab4a70858e,0.0881841704249382,-20.59701492537313,-29.57547169811321,45.02251307527088,7.16,22,43,2,0.6283185307179586,0,2.0,12,1.3,/user/raabe14/u19361/workspace-allen/results/zebra/sub-830795_ses-ecephys-830795-2026-02-23-15-03-59_ecephys.nwb/ProbeD/trial_1/phase_1/lib_ab4a70858e/lib_ab4a70858e__delay_0.0__dur_0.18000000000000002.h5
46996a90-e5fc-4c85-b396-2ae926432d07,0.0,0.18000000000000002,ab4a70858e,0.08127627521753311,24.179104477611943,-31.367924528301888,45.02251307527088,14.32,47,44,2,0.6283185307179586,2,4.0,9,0.1,/user/raabe14/u19361/workspace-allen/results/zebra/sub-830795_ses-ecephys-830795-2026-02-23-15-03-59_ecephys.nwb/ProbeD/trial_1/phase_1/lib_ab4a70858e/lib_ab4a70858e__delay_0.0__dur_0.18000000000000002.h5
474e98a4-a512-4874-a578-6752d842037d,0.25,0.18000000000000002,ab4a70858e,0.08161492645740509,-29.55223880597015,2.6886792452830193,157.4840764271708,28.65,17,25,7,2.199114857512855,5,8.0,8,0.09,/user/raabe14/u19361/workspace-allen/results/zebra/sub-830795_ses-ecephys-830795-2026-02-23-15-03-59_ecephys.nwb/ProbeD/trial_1/phase_1/lib_ab4a70858e/lib_ab4a70858e__delay_0.25__dur_0.18000000000000002.h5
47beaf63-a23b-4e11-91f9-1b1843e347c9,0.30000000000000004,0.23,ab4a70858e,0.07543715834617615,-20.59701492537313,-13.443396226415096,22.515923572829163,21.49,22,34,9,2.827433388230814,4,6.0,9,0.1,/user/raabe14/u19361/workspace-allen/results/zebra/sub-830795_ses-ecephys-830795-2026-02-23-15-03-59_ecephys.nwb/ProbeD/trial_1/phase_1/lib_ab4a70858e/lib_ab4a70858e__delay_0.30000000000000004__dur_0.23.h5
486d26f5-51a8-4eda-bfbc-88293f9d09a9,0.30000000000000004,0.23,ab4a70858e,0.07456372678279877,24.179104477611943,2.6886792452830193,22.515923572829163,14.32,47,25,9,2.827433388230814,2,4.0,0,0.01,/user/raabe14/u19361/workspace-allen/results/zebra/sub-830795_ses-ecephys-830795-2026-02-23-15-03-59_ecephys.nwb/ProbeD/trial_1/phase_1/lib_ab4a70858e/lib_ab4a70858e__delay_0.30000000000000004__dur_0.23.h5
48d7d4f8-3606-4961-8c9d-25d65c199e95,0.1,0.08,ab4a70858e,0.07463391870260239,56.4179104477612,2.6886792452830193,134.9774869247291,7.16,65,25,6,1.8849555921538759,0,2.0,9,0.1,/user/raabe14/u19361/workspace-allen/results/zebra/sub-830795_ses-ecephys-830795-2026-02-23-15-03-59_ecephys.nwb/ProbeD/trial_1/phase_1/lib_ab4a70858e/lib_ab4a70858e__delay_0.1__dur_0.08.h5
48fc3897-1d28-422c-ae6b-79f16b37f667,0.30000000000000004,0.23,ab4a70858e,0.07675101608037949,-38.507462686567166,4.481132075471699,180.0,10.74,12,24,8,2.5132741228718345,1,3.0,2,0.03,/user/raabe14/u19361/workspace-allen/results/zebra/sub-830795_ses-ecephys-830795-2026-02-23-15-03-59_ecephys.nwb/ProbeD/trial_1/phase_1/lib_ab4a70858e/lib_ab4a70858e__delay_0.30000000000000004__dur_0.23.h5
48fef106-90a8-4680-8e1d-da15643c8784,0.0,0.13,ab4a70858e,0.08076976239681244,-4.477611940298509,20.613207547169807,180.0,7.16,31,15,8,2.5132741228718345,0,2.0,12,1.3,/user/raabe14/u19361/workspace-allen/results/zebra/sub-830795_ses-ecephys-830795-2026-02-23-15-03-59_ecephys.nwb/ProbeD/trial_1/phase_1/lib_ab4a70858e/lib_ab4a70858e__delay_0.0__dur_0.13.h5
495ea9fb-85b1-4001-9280-217c17b6dc40,0.0,0.08,ab4a70858e,0.18533043563365936,6.268656716417908,0.8962264150943398,134.9774869247291,21.49,37,26,6,1.8849555921538759,4,6.0,6,0.07,/user/raabe14/u19361/workspace-allen/results/zebra/sub-830795_ses-ecephys-830795-2026-02-23-15-03-59_ecephys.nwb/ProbeD/trial_1/phase_1/lib_ab4a70858e/lib_ab4a70858e__delay_0.0__dur_0.08.h5
4a7c74ec-9e73-44a0-9a6b-e500d855ede0,0.30000000000000004,0.23,ab4a70858e,0.10881874710321426,-38.507462686567166,-38.5377358490566,180.0,10.74,12,48,8,2.5132741228718345,1,3.0,12,1.3,/user/raabe14/u19361/workspace-allen/results/zebra/sub-830795_ses-ecephys-830795-2026-02-23-15-03-59_ecephys.nwb/ProbeD/trial_1/phase_1/lib_ab4a70858e/lib_ab4a70858e__delay_0.30000000000000004__dur_0.23.h5
4aa196ff-eca8-4cd0-a4c8-4a2a45c29b9e,0.05,0.18000000000000002,ab4a70858e,0.07657886296510696,-6.268656716417908,22.405660377358487,157.4840764271708,21.49,30,14,7,2.199114857512855,4,6.0,9,0.1,/user/raabe14/u19361/workspace-allen/results/zebra/sub-830795_ses-ecephys-830795-2026-02-23-15-03-59_ecephys.nwb/ProbeD/trial_1/phase_1/lib_ab4a70858e/lib_ab4a70858e__delay_0.05__dur_0.18000000000000002.h5
4acc3fcf-931f-4de2-ae4e-495ca3e6539b,0.15000000000000002,0.23,ab4a70858e,0.08013410866260529,11.641791044776127,-13.443396226415096,180.0,17.91,40,34,8,2.5132741228718345,3,5.0,2,0.03,/user/raabe14/u19361/workspace-allen/results/zebra/sub-830795_ses-ecephys-830795-2026-02-23-15-03-59_ecephys.nwb/ProbeD/trial_1/phase_1/lib_ab4a70858e/lib_ab4a70858e__delay_0.15000000000000002__dur_0.23.h5
4b0db4a3-a1b0-4397-8d25-b4d87f3ee222,0.30000000000000004,0.23,ab4a70858e,0.07905514538288116,-18.80597014925373,-15.235849056603776,22.515923572829163,17.91,23,35,9,2.827433388230814,3,5.0,9,0.1,/user/raabe14/u19361/workspace-allen/results/zebra/sub-830795_ses-ecephys-830795-2026-02-23-15-03-59_ecephys.nwb/ProbeD/trial_1/phase_1/lib_ab4a70858e/lib_ab4a70858e__delay_0.30000000000000004__dur_0.23.h5
4b60ed0b-13a6-4b9b-bcd4-75087d062735,0.1,0.23,ab4a70858e,0.07852417975664139,-20.59701492537313,0.8962264150943398,180.0,7.16,22,26,8,2.5132741228718345,0,2.0,12,1.3,/user/raabe14/u19361/workspace-allen/results/zebra/sub-830795_ses-ecephys-830795-2026-02-23-15-03-59_ecephys.nwb/ProbeD/trial_1/phase_1/lib_ab4a70858e/lib_ab4a70858e__delay_0.1__dur_0.23.h5
4c097f4c-7327-4694-bfe1-42d377a6cba1,0.0,0.13,ab4a70858e,0.0867190957069397,-22.388059701492537,25.990566037735846,67.51591472682667,10.74,21,12,3,0.9424777960769379,1,3.0,12,1.3,/user/raabe14/u19361/workspace-allen/results/zebra/sub-830795_ses-ecephys-830795-2026-02-23-15-03-59_ecephys.nwb/ProbeD/trial_1/phase_1/lib_ab4a70858e/lib_ab4a70858e__delay_0.0__dur_0.13.h5
4d213a81-a9ff-4002-8315-5ad07b2b0353,0.05,0.03,ab4a70858e,0.0,-60.0,47.5,0.0,7.16,0,0,0,0.0,0,2.0,0,0.01,/user/raabe14/u19361/workspace-allen/results/zebra/sub-830795_ses-ecephys-830795-2026-02-23-15-03-59_ecephys.nwb/ProbeD/trial_1/phase_1/lib_ab4a70858e/lib_ab4a70858e__delay_0.05__dur_0.03.h5
4dc7436a-ad4f-42ac-b0fe-d4c47ccf79d5,0.0,0.13,ab4a70858e,0.10414475947618484,-4.477611940298509,-0.8962264150943398,90.0,17.91,31,27,4,1.2566370614359172,3,5.0,8,0.09,/user/raabe14/u19361/workspace-allen/results/zebra/sub-830795_ses-ecephys-830795-2026-02-23-15-03-59_ecephys.nwb/ProbeD/trial_1/phase_1/lib_ab4a70858e/lib_ab4a70858e__delay_0.0__dur_0.13.h5
4e925cef-778e-43d2-aecc-6ead4c10be27,0.15000000000000002,0.08,ab4a70858e,0.15689614415168762,-29.55223880597015,40.33018867924528,180.0,17.91,17,4,8,2.5132741228718345,3,5.0,12,1.3,/user/raabe14/u19361/workspace-allen/results/zebra/sub-830795_ses-ecephys-830795-2026-02-23-15-03-59_ecephys.nwb/ProbeD/trial_1/phase_1/lib_ab4a70858e/lib_ab4a70858e__delay_0.15000000000000002__dur_0.08.h5
4ec884fb-f17a-41d2-a55c-1a36e5430db8,0.1,0.23,ab4a70858e,0.07761464267969131,51.04477611940298,8.066037735849058,45.02251307527088,28.65,62,22,2,0.6283185307179586,5,8.0,5,0.06,/user/raabe14/u19361/workspace-allen/results/zebra/sub-830795_ses-ecephys-830795-2026-02-23-15-03-59_ecephys.nwb/ProbeD/trial_1/phase_1/lib_ab4a70858e/lib_ab4a70858e__delay_0.1__dur_0.23.h5
4edfe3cb-f4c8-4420-ba5e-41836e3832e7,0.30000000000000004,0.23,ab4a70858e,0.0888553038239479,-15.223880597014926,-20.61320754716981,157.4840764271708,10.74,25,38,7,2.199114857512855,1,3.0,12,1.3,/user/raabe14/u19361/workspace-allen/results/zebra/sub-830795_ses-ecephys-830795-2026-02-23-15-03-59_ecephys.nwb/ProbeD/trial_1/phase_1/lib_ab4a70858e/lib_ab4a70858e__delay_0.30000000000000004__dur_0.23.h5
4eff4070-8c9c-4c71-909a-8ee3e17fb66b,0.15000000000000002,0.23,ab4a70858e,0.09587064385414124,-58.208955223880594,17.02830188679245,112.48408527317332,10.74,1,17,5,1.5707963267948966,1,3.0,11,1.2,/user/raabe14/u19361/workspace-allen/results/zebra/sub-830795_ses-ecephys-830795-2026-02-23-15-03-59_ecephys.nwb/ProbeD/trial_1/phase_1/lib_ab4a70858e/lib_ab4a70858e__delay_0.15000000000000002__dur_0.23.h5
4f109635-c0d2-4df3-92b0-dafef5ec53f3,0.0,0.23,ab4a70858e,0.07190617173910141,2.6865671641791096,-11.650943396226417,22.515923572829163,7.16,35,33,9,2.827433388230814,0,2.0,9,0.1,/user/raabe14/u19361/workspace-allen/results/zebra/sub-830795_ses-ecephys-830795-2026-02-23-15-03-59_ecephys.nwb/ProbeD/trial_1/phase_1/lib_ab4a70858e/lib_ab4a70858e__delay_0.0__dur_0.23.h5
4ff44640-c313-41c6-8d98-2bc31b3411e2,0.0,0.23,ab4a70858e,0.07546093314886093,-31.34328358208955,45.70754716981132,22.515923572829163,7.16,16,1,9,2.827433388230814,0,2.0,9,0.1,/user/raabe14/u19361/workspace-allen/results/zebra/sub-830795_ses-ecephys-830795-2026-02-23-15-03-59_ecephys.nwb/ProbeD/trial_1/phase_1/lib_ab4a70858e/lib_ab4a70858e__delay_0.0__dur_0.23.h5
50048562-2693-49d0-8307-240b9d4bf3db,0.05,0.03,ab4a70858e,0.0,-60.0,47.5,0.0,7.16,0,0,0,0.0,0,2.0,0,0.01,/user/raabe14/u19361/workspace-allen/results/zebra/sub-830795_ses-ecephys-830795-2026-02-23-15-03-59_ecephys.nwb/ProbeD/trial_1/phase_1/lib_ab4a70858e/lib_ab4a70858e__delay_0.05__dur_0.03.h5
503ecf13-4678-477a-b7c0-f50b36d857ce,0.15000000000000002,0.13,ab4a70858e,0.08294524997472763,-25.970149253731343,-18.82075471698113,157.4840764271708,10.74,19,37,7,2.199114857512855,1,3.0,12,1.3,/user/raabe14/u19361/workspace-allen/results/zebra/sub-830795_ses-ecephys-830795-2026-02-23-15-03-59_ecephys.nwb/ProbeD/trial_1/phase_1/lib_ab4a70858e/lib_ab4a70858e__delay_0.15000000000000002__dur_0.13.h5
50799af1-a66b-4d81-8ee8-34fae7e75b22,0.0,0.08,ab4a70858e,0.06869962066411972,0.8955223880597032,11.650943396226417,157.4840764271708,7.16,34,20,7,2.199114857512855,0,2.0,9,0.1,/user/raabe14/u19361/workspace-allen/results/zebra/sub-830795_ses-ecephys-830795-2026-02-23-15-03-59_ecephys.nwb/ProbeD/trial_1/phase_1/lib_ab4a70858e/lib_ab4a70858e__delay_0.0__dur_0.08.h5
50f83e1d-7445-431d-87e0-f25bfcab7adf,0.30000000000000004,0.23,ab4a70858e,0.095242939889431,29.55223880597015,31.367924528301884,0.0,17.91,50,9,0,0.0,3,5.0,11,1.2,/user/raabe14/u19361/workspace-allen/results/zebra/sub-830795_ses-ecephys-830795-2026-02-23-15-03-59_ecephys.nwb/ProbeD/trial_1/phase_1/lib_ab4a70858e/lib_ab4a70858e__delay_0.30000000000000004__dur_0.23.h5
511158a1-8121-4883-b094-06c1f3c6956e,0.0,0.13,ab4a70858e,0.09646698087453842,-0.8955223880596961,-4.481132075471699,45.02251307527088,21.49,33,29,2,0.6283185307179586,4,6.0,0,0.01,/user/raabe14/u19361/workspace-allen/results/zebra/sub-830795_ses-ecephys-830795-2026-02-23-15-03-59_ecephys.nwb/ProbeD/trial_1/phase_1/lib_ab4a70858e/lib_ab4a70858e__delay_0.0__dur_0.13.h5
5164efff-db0f-46cc-bb80-0a0f617c8f6b,0.0,0.18000000000000002,ab4a70858e,0.1610550582408905,-2.6865671641791025,-25.99056603773585,180.0,10.74,32,41,8,2.5132741228718345,1,3.0,12,1.3,/user/raabe14/u19361/workspace-allen/results/zebra/sub-830795_ses-ecephys-830795-2026-02-23-15-03-59_ecephys.nwb/ProbeD/trial_1/phase_1/lib_ab4a70858e/lib_ab4a70858e__delay_0.0__dur_0.18000000000000002.h5
51cd8cde-aa48-4213-94ee-68473e1b6063,0.0,0.13,ab4a70858e,0.08062644302845001,58.20895522388061,-42.12264150943396,112.48408527317332,28.65,66,50,5,1.5707963267948966,5,8.0,11,1.2,/user/raabe14/u19361/workspace-allen/results/zebra/sub-830795_ses-ecephys-830795-2026-02-23-15-03-59_ecephys.nwb/ProbeD/trial_1/phase_1/lib_ab4a70858e/lib_ab4a70858e__delay_0.0__dur_0.13.h5
521b65c1-7733-4978-a62d-843eae647c88,0.1,0.13,ab4a70858e,0.07836594432592392,58.20895522388061,17.02830188679245,180.0,10.74,66,17,8,2.5132741228718345,1,3.0,4,0.05,/user/raabe14/u19361/workspace-allen/results/zebra/sub-830795_ses-ecephys-830795-2026-02-23-15-03-59_ecephys.nwb/ProbeD/trial_1/phase_1/lib_ab4a70858e/lib_ab4a70858e__delay_0.1__dur_0.13.h5
52d73575-441d-499e-b636-477b40b56e9e,0.15000000000000002,0.08,ab4a70858e,0.09089489281177521,-40.298507462686565,18.820754716981128,0.0,14.32,11,16,0,0.0,2,4.0,12,1.3,/user/raabe14/u19361/workspace-allen/results/zebra/sub-830795_ses-ecephys-830795-2026-02-23-15-03-59_ecephys.nwb/ProbeD/trial_1/phase_1/lib_ab4a70858e/lib_ab4a70858e__delay_0.15000000000000002__dur_0.08.h5
538a23a8-3724-4ed4-add0-21e6baa2b991,0.1,0.23,ab4a70858e,0.08772069215774536,-11.64179104477612,24.198113207547166,67.51591472682667,7.16,27,13,3,0.9424777960769379,0,2.0,12,1.3,/user/raabe14/u19361/workspace-allen/results/zebra/sub-830795_ses-ecephys-830795-2026-02-23-15-03-59_ecephys.nwb/ProbeD/trial_1/phase_1/lib_ab4a70858e/lib_ab4a70858e__delay_0.1__dur_0.23.h5
5390d33d-3bb7-4b18-8a3f-8a66ae0fdf67,0.2,0.23,ab4a70858e,0.08081066608428955,-31.34328358208955,-9.858490566037737,157.4840764271708,14.32,16,32,7,2.199114857512855,2,4.0,8,0.09,/user/raabe14/u19361/workspace-allen/results/zebra/sub-830795_ses-ecephys-830795-2026-02-23-15-03-59_ecephys.nwb/ProbeD/trial_1/phase_1/lib_ab4a70858e/lib_ab4a70858e__delay_0.2__dur_0.23.h5
53b3b605-e5ff-41d8-81f1-2130bff27d17,0.1,0.13,ab4a70858e,0.07965097576379776,17.014925373134332,-2.6886792452830193,180.0,17.91,43,28,8,2.5132741228718345,3,5.0,9,0.1,/user/raabe14/u19361/workspace-allen/results/zebra/sub-830795_ses-ecephys-830795-2026-02-23-15-03-59_ecephys.nwb/ProbeD/trial_1/phase_1/lib_ab4a70858e/lib_ab4a70858e__delay_0.1__dur_0.13.h5
540da715-18c7-4d21-ba39-9723943a5219,0.0,0.13,ab4a70858e,0.10097482800483704,58.20895522388061,15.235849056603776,134.9774869247291,28.65,66,18,6,1.8849555921538759,5,8.0,0,0.01,/user/raabe14/u19361/workspace-allen/results/zebra/sub-830795_ses-ecephys-830795-2026-02-23-15-03-59_ecephys.nwb/ProbeD/trial_1/phase_1/lib_ab4a70858e/lib_ab4a70858e__delay_0.0__dur_0.13.h5
5419c360-6867-4c71-9851-e098470df34e,0.15000000000000002,0.23,ab4a70858e,0.13750316202640533,9.85074626865672,-33.160377358490564,22.515923572829163,14.32,39,45,9,2.827433388230814,2,4.0,12,1.3,/user/raabe14/u19361/workspace-allen/results/zebra/sub-830795_ses-ecephys-830795-2026-02-23-15-03-59_ecephys.nwb/ProbeD/trial_1/phase_1/lib_ab4a70858e/lib_ab4a70858e__delay_0.15000000000000002__dur_0.23.h5
544402ee-6198-47d0-a292-35a1d2a2dd1e,0.25,0.23,ab4a70858e,0.0699957087635994,-27.761194029850742,29.575471698113205,45.02251307527088,7.16,18,10,2,0.6283185307179586,0,2.0,12,1.3,/user/raabe14/u19361/workspace-allen/results/zebra/sub-830795_ses-ecephys-830795-2026-02-23-15-03-59_ecephys.nwb/ProbeD/trial_1/phase_1/lib_ab4a70858e/lib_ab4a70858e__delay_0.25__dur_0.23.h5
554e7d71-b191-45fb-9e05-2072d3b7c9ac,0.1,0.23,ab4a70858e,0.07793611288070679,-20.59701492537313,-15.235849056603776,90.0,28.65,22,35,4,1.2566370614359172,5,8.0,3,0.04,/user/raabe14/u19361/workspace-allen/results/zebra/sub-830795_ses-ecephys-830795-2026-02-23-15-03-59_ecephys.nwb/ProbeD/trial_1/phase_1/lib_ab4a70858e/lib_ab4a70858e__delay_0.1__dur_0.23.h5
55742124-2b51-4d66-b2ad-4fe302e970c0,0.0,0.18000000000000002,ab4a70858e,0.08625560253858566,-17.014925373134325,25.990566037735846,0.0,14.32,24,12,0,0.0,2,4.0,11,1.2,/user/raabe14/u19361/workspace-allen/results/zebra/sub-830795_ses-ecephys-830795-2026-02-23-15-03-59_ecephys.nwb/ProbeD/trial_1/phase_1/lib_ab4a70858e/lib_ab4a70858e__delay_0.0__dur_0.18000000000000002.h5
55de416b-4802-4ceb-acfc-bd5acf159bb6,0.05,0.23,ab4a70858e,0.07989130914211273,-18.80597014925373,-22.40566037735849,0.0,14.32,23,39,0,0.0,2,4.0,9,0.1,/user/raabe14/u19361/workspace-allen/results/zebra/sub-830795_ses-ecephys-830795-2026-02-23-15-03-59_ecephys.nwb/ProbeD/trial_1/phase_1/lib_ab4a70858e/lib_ab4a70858e__delay_0.05__dur_0.23.h5
561343a3-5274-493d-a6d4-9c768bdc71d9,0.25,0.23,ab4a70858e,0.07593248784542084,20.59701492537313,-36.74528301886792,180.0,17.91,45,47,8,2.5132741228718345,3,5.0,8,0.09,/user/raabe14/u19361/workspace-allen/results/zebra/sub-830795_ses-ecephys-830795-2026-02-23-15-03-59_ecephys.nwb/ProbeD/trial_1/phase_1/lib_ab4a70858e/lib_ab4a70858e__delay_0.25__dur_0.23.h5
56928672-2f7b-40ab-a9fa-3e6e2a3a301d,0.30000000000000004,0.18000000000000002,ab4a70858e,0.07257027924060822,-31.34328358208955,18.820754716981128,45.02251307527088,10.74,16,16,2,0.6283185307179586,1,3.0,12,1.3,/user/raabe14/u19361/workspace-allen/results/zebra/sub-830795_ses-ecephys-830795-2026-02-23-15-03-59_ecephys.nwb/ProbeD/trial_1/phase_1/lib_ab4a70858e/lib_ab4a70858e__delay_0.30000000000000004__dur_0.18000000000000002.h5
56c0a8e9-a8a5-4e35-8e32-3acaec554093,0.2,0.23,ab4a70858e,0.07697732746601105,9.85074626865672,-13.443396226415096,180.0,21.49,39,34,8,2.5132741228718345,4,6.0,4,0.05,/user/raabe14/u19361/workspace-allen/results/zebra/sub-830795_ses-ecephys-830795-2026-02-23-15-03-59_ecephys.nwb/ProbeD/trial_1/phase_1/lib_ab4a70858e/lib_ab4a70858e__delay_0.2__dur_0.23.h5
57b78321-d1ae-4b1f-b8c3-0bf7c4e4109f,0.05,0.03,ab4a70858e,0.0,-60.0,47.5,0.0,7.16,0,0,0,0.0,0,2.0,0,0.01,/user/raabe14/u19361/workspace-allen/results/zebra/sub-830795_ses-ecephys-830795-2026-02-23-15-03-59_ecephys.nwb/ProbeD/trial_1/phase_1/lib_ab4a70858e/lib_ab4a70858e__delay_0.05__dur_0.03.h5
57bffae5-5873-49d8-97a3-784b966f3329,0.05,0.18000000000000002,ab4a70858e,0.09151453524827957,8.059701492537314,40.33018867924528,67.51591472682667,21.49,38,4,3,0.9424777960769379,4,6.0,0,0.01,/user/raabe14/u19361/workspace-allen/results/zebra/sub-830795_ses-ecephys-830795-2026-02-23-15-03-59_ecephys.nwb/ProbeD/trial_1/phase_1/lib_ab4a70858e/lib_ab4a70858e__delay_0.05__dur_0.18000000000000002.h5
5802ae7a-63d8-4a6d-a7a4-35e3d424ca40,0.0,0.18000000000000002,ab4a70858e,0.14022578299045563,20.59701492537313,20.613207547169807,157.4840764271708,28.65,45,15,7,2.199114857512855,5,8.0,0,0.01,/user/raabe14/u19361/workspace-allen/results/zebra/sub-830795_ses-ecephys-830795-2026-02-23-15-03-59_ecephys.nwb/ProbeD/trial_1/phase_1/lib_ab4a70858e/lib_ab4a70858e__delay_0.0__dur_0.18000000000000002.h5
58088ea1-35a2-4d5b-88b9-33daa2052c19,0.15000000000000002,0.23,ab4a70858e,0.08500780165195465,-31.34328358208955,-13.443396226415096,134.9774869247291,10.74,16,34,6,1.8849555921538759,1,3.0,9,0.1,/user/raabe14/u19361/workspace-allen/results/zebra/sub-830795_ses-ecephys-830795-2026-02-23-15-03-59_ecephys.nwb/ProbeD/trial_1/phase_1/lib_ab4a70858e/lib_ab4a70858e__delay_0.15000000000000002__dur_0.23.h5
593442d1-ca64-4342-ade4-39a217dac7cf,0.15000000000000002,0.23,ab4a70858e,0.07435175776481628,-45.67164179104478,-8.066037735849058,67.51591472682667,28.65,8,31,3,0.9424777960769379,5,8.0,7,0.08,/user/raabe14/u19361/workspace-allen/results/zebra/sub-830795_ses-ecephys-830795-2026-02-23-15-03-59_ecephys.nwb/ProbeD/trial_1/phase_1/lib_ab4a70858e/lib_ab4a70858e__delay_0.15000000000000002__dur_0.23.h5
59423424-8efe-4bb9-a6ee-28da2de32ad2,0.05,0.03,ab4a70858e,0.0,-60.0,47.5,0.0,7.16,0,0,0,0.0,0,2.0,0,0.01,/user/raabe14/u19361/workspace-allen/results/zebra/sub-830795_ses-ecephys-830795-2026-02-23-15-03-59_ecephys.nwb/ProbeD/trial_1/phase_1/lib_ab4a70858e/lib_ab4a70858e__delay_0.05__dur_0.03.h5
596186af-8ae5-4281-af3e-e87d56a909fd,0.0,0.13,ab4a70858e,0.13807205855846405,0.8955223880597032,6.273584905660378,67.51591472682667,28.65,34,23,3,0.9424777960769379,5,8.0,1,0.02,/user/raabe14/u19361/workspace-allen/results/zebra/sub-830795_ses-ecephys-830795-2026-02-23-15-03-59_ecephys.nwb/ProbeD/trial_1/phase_1/lib_ab4a70858e/lib_ab4a70858e__delay_0.0__dur_0.13.h5
5af39513-0adf-4f8e-b5a2-ab937e4d49be,0.0,0.23,ab4a70858e,0.10239274054765701,-27.761194029850742,-2.6886792452830193,0.0,14.32,18,28,0,0.0,2,4.0,11,1.2,/user/raabe14/u19361/workspace-allen/results/zebra/sub-830795_ses-ecephys-830795-2026-02-23-15-03-59_ecephys.nwb/ProbeD/trial_1/phase_1/lib_ab4a70858e/lib_ab4a70858e__delay_0.0__dur_0.23.h5
5b29567e-6876-43f2-91b8-a990080b9ab8,0.1,0.23,ab4a70858e,0.12253401428461075,58.20895522388061,2.6886792452830193,0.0,21.49,66,25,0,0.0,4,6.0,11,1.2,/user/raabe14/u19361/workspace-allen/results/zebra/sub-830795_ses-ecephys-830795-2026-02-23-15-03-59_ecephys.nwb/ProbeD/trial_1/phase_1/lib_ab4a70858e/lib_ab4a70858e__delay_0.1__dur_0.23.h5
5babefe1-a916-4136-bc05-199bd9e68906,0.2,0.18000000000000002,ab4a70858e,0.07296279072761536,-15.223880597014926,6.273584905660378,45.02251307527088,21.49,25,23,2,0.6283185307179586,4,6.0,9,0.1,/user/raabe14/u19361/workspace-allen/results/zebra/sub-830795_ses-ecephys-830795-2026-02-23-15-03-59_ecephys.nwb/ProbeD/trial_1/phase_1/lib_ab4a70858e/lib_ab4a70858e__delay_0.2__dur_0.18000000000000002.h5
5d08ba62-bd6f-4988-89d5-636327be5880,0.0,0.13,ab4a70858e,0.10311020910739899,0.8955223880597032,-9.858490566037737,22.515923572829195,28.65,34,32,1,0.3141592653589793,5,8.0,0,0.01,/user/raabe14/u19361/workspace-allen/results/zebra/sub-830795_ses-ecephys-830795-2026-02-23-15-03-59_ecephys.nwb/ProbeD/trial_1/phase_1/lib_ab4a70858e/lib_ab4a70858e__delay_0.0__dur_0.13.h5
5d5f3eef-35c8-4a08-b9ca-44d9039e8341,0.1,0.13,ab4a70858e,0.08038157969713211,-60.0,2.6886792452830193,180.0,7.16,0,25,8,2.5132741228718345,0,2.0,9,0.1,/user/raabe14/u19361/workspace-allen/results/zebra/sub-830795_ses-ecephys-830795-2026-02-23-15-03-59_ecephys.nwb/ProbeD/trial_1/phase_1/lib_ab4a70858e/lib_ab4a70858e__delay_0.1__dur_0.13.h5
5d94f1c1-fa6e-40e6-ba66-7723df49b2e9,0.05,0.03,ab4a70858e,0.0,-60.0,47.5,0.0,7.16,0,0,0,0.0,0,2.0,0,0.01,/user/raabe14/u19361/workspace-allen/results/zebra/sub-830795_ses-ecephys-830795-2026-02-23-15-03-59_ecephys.nwb/ProbeD/trial_1/phase_1/lib_ab4a70858e/lib_ab4a70858e__delay_0.05__dur_0.03.h5
5dd441df-5848-4b4a-b367-e8c597812124,0.0,0.08,ab4a70858e,0.08055677264928818,24.179104477611943,15.235849056603776,67.51591472682667,21.49,47,18,3,0.9424777960769379,4,6.0,7,0.08,/user/raabe14/u19361/workspace-allen/results/zebra/sub-830795_ses-ecephys-830795-2026-02-23-15-03-59_ecephys.nwb/ProbeD/trial_1/phase_1/lib_ab4a70858e/lib_ab4a70858e__delay_0.0__dur_0.08.h5
5ec5a271-0452-40a1-91aa-9613db53fd7c,0.2,0.23,ab4a70858e,0.07444433122873306,-54.62686567164179,-17.028301886792452,157.4840764271708,14.32,3,36,7,2.199114857512855,2,4.0,2,0.03,/user/raabe14/u19361/workspace-allen/results/zebra/sub-830795_ses-ecephys-830795-2026-02-23-15-03-59_ecephys.nwb/ProbeD/trial_1/phase_1/lib_ab4a70858e/lib_ab4a70858e__delay_0.2__dur_0.23.h5
5f011d06-2066-49ac-b754-5f4f73db1663,0.15000000000000002,0.23,ab4a70858e,0.07940889894962311,34.92537313432837,-2.6886792452830193,22.515923572829163,28.65,53,28,9,2.827433388230814,5,8.0,5,0.06,/user/raabe14/u19361/workspace-allen/results/zebra/sub-830795_ses-ecephys-830795-2026-02-23-15-03-59_ecephys.nwb/ProbeD/trial_1/phase_1/lib_ab4a70858e/lib_ab4a70858e__delay_0.15000000000000002__dur_0.23.h5
5f313b46-6222-44fa-80f0-ceb3264c7301,0.0,0.18000000000000002,ab4a70858e,0.07761580497026443,-24.179104477611936,-38.5377358490566,67.51591472682667,17.91,20,48,3,0.9424777960769379,3,5.0,9,0.1,/user/raabe14/u19361/workspace-allen/results/zebra/sub-830795_ses-ecephys-830795-2026-02-23-15-03-59_ecephys.nwb/ProbeD/trial_1/phase_1/lib_ab4a70858e/lib_ab4a70858e__delay_0.0__dur_0.18000000000000002.h5
5f50ee48-206b-45ce-b979-3552b2a434dc,0.30000000000000004,0.13,ab4a70858e,0.07399669289588928,-52.83582089552239,24.198113207547166,0.0,7.16,4,13,0,0.0,0,2.0,11,1.2,/user/raabe14/u19361/workspace-allen/results/zebra/sub-830795_ses-ecephys-830795-2026-02-23-15-03-59_ecephys.nwb/ProbeD/trial_1/phase_1/lib_ab4a70858e/lib_ab4a70858e__delay_0.30000000000000004__dur_0.13.h5
5fd29be2-589e-4ace-8349-a8cd21c909d9,0.0,0.18000000000000002,ab4a70858e,0.11425649374723434,2.6865671641791096,-11.650943396226417,0.0,14.32,35,33,0,0.0,2,4.0,7,0.08,/user/raabe14/u19361/workspace-allen/results/zebra/sub-830795_ses-ecephys-830795-2026-02-23-15-03-59_ecephys.nwb/ProbeD/trial_1/phase_1/lib_ab4a70858e/lib_ab4a70858e__delay_0.0__dur_0.18000000000000002.h5
60497e61-e65b-433a-867e-82b0e5c8c729,0.05,0.13,ab4a70858e,0.09174581617116928,11.641791044776127,-8.066037735849058,134.9774869247291,14.32,40,31,6,1.8849555921538759,2,4.0,8,0.09,/user/raabe14/u19361/workspace-allen/results/zebra/sub-830795_ses-ecephys-830795-2026-02-23-15-03-59_ecephys.nwb/ProbeD/trial_1/phase_1/lib_ab4a70858e/lib_ab4a70858e__delay_0.05__dur_0.13.h5
608a7413-62d0-40dd-aaca-efa66fbe2247,0.0,0.18000000000000002,ab4a70858e,0.07184576988220215,9.85074626865672,-29.57547169811321,22.515923572829195,28.65,39,43,1,0.3141592653589793,5,8.0,5,0.06,/user/raabe14/u19361/workspace-allen/results/zebra/sub-830795_ses-ecephys-830795-2026-02-23-15-03-59_ecephys.nwb/ProbeD/trial_1/phase_1/lib_ab4a70858e/lib_ab4a70858e__delay_0.0__dur_0.18000000000000002.h5
611e5540-0c78-4837-be9e-73ddb222fea2,0.0,0.18000000000000002,ab4a70858e,0.09139829874038696,-18.80597014925373,-15.235849056603776,157.4840764271708,28.65,23,35,7,2.199114857512855,5,8.0,3,0.04,/user/raabe14/u19361/workspace-allen/results/zebra/sub-830795_ses-ecephys-830795-2026-02-23-15-03-59_ecephys.nwb/ProbeD/trial_1/phase_1/lib_ab4a70858e/lib_ab4a70858e__delay_0.0__dur_0.18000000000000002.h5
61724cc7-cbf0-4cd4-bce6-d99530f2a487,0.1,0.23,ab4a70858e,0.07267990708351135,-9.850746268656714,6.273584905660378,112.48408527317332,28.65,28,23,5,1.5707963267948966,5,8.0,11,1.2,/user/raabe14/u19361/workspace-allen/results/zebra/sub-830795_ses-ecephys-830795-2026-02-23-15-03-59_ecephys.nwb/ProbeD/trial_1/phase_1/lib_ab4a70858e/lib_ab4a70858e__delay_0.1__dur_0.23.h5
61aea9e5-a6a7-4f54-9471-33f0c4dc26d1,0.2,0.13,ab4a70858e,0.10066520422697067,47.462686567164184,24.198113207547166,112.48408527317332,14.32,60,13,5,1.5707963267948966,2,4.0,11,1.2,/user/raabe14/u19361/workspace-allen/results/zebra/sub-830795_ses-ecephys-830795-2026-02-23-15-03-59_ecephys.nwb/ProbeD/trial_1/phase_1/lib_ab4a70858e/lib_ab4a70858e__delay_0.2__dur_0.13.h5
61ff3f18-3f75-465f-8796-352a6ec53be8,0.15000000000000002,0.23,ab4a70858e,0.08308791369199753,24.179104477611943,15.235849056603776,67.51591472682667,14.32,47,18,3,0.9424777960769379,2,4.0,9,0.1,/user/raabe14/u19361/workspace-allen/results/zebra/sub-830795_ses-ecephys-830795-2026-02-23-15-03-59_ecephys.nwb/ProbeD/trial_1/phase_1/lib_ab4a70858e/lib_ab4a70858e__delay_0.15000000000000002__dur_0.23.h5
64198901-469a-4685-84bd-2610e28bc4cd,0.05,0.13,ab4a70858e,0.08094950020313263,47.462686567164184,-18.82075471698113,134.9774869247291,10.74,60,37,6,1.8849555921538759,1,3.0,2,0.03,/user/raabe14/u19361/workspace-allen/results/zebra/sub-830795_ses-ecephys-830795-2026-02-23-15-03-59_ecephys.nwb/ProbeD/trial_1/phase_1/lib_ab4a70858e/lib_ab4a70858e__delay_0.05__dur_0.13.h5
6468deeb-970c-49d5-9a9d-a1fbf8d0eb26,0.30000000000000004,0.23,ab4a70858e,0.08982290327548981,-9.850746268656714,-29.57547169811321,0.0,14.32,28,43,0,0.0,2,4.0,11,1.2,/user/raabe14/u19361/workspace-allen/results/zebra/sub-830795_ses-ecephys-830795-2026-02-23-15-03-59_ecephys.nwb/ProbeD/trial_1/phase_1/lib_ab4a70858e/lib_ab4a70858e__delay_0.30000000000000004__dur_0.23.h5
647b9cc6-d798-4917-a2dc-90092c760913,0.0,0.23,ab4a70858e,0.10498599708080292,18.80597014925374,-8.066037735849058,112.48408527317332,17.91,44,31,5,1.5707963267948966,3,5.0,9,0.1,/user/raabe14/u19361/workspace-allen/results/zebra/sub-830795_ses-ecephys-830795-2026-02-23-15-03-59_ecephys.nwb/ProbeD/trial_1/phase_1/lib_ab4a70858e/lib_ab4a70858e__delay_0.0__dur_0.23.h5
650cdfda-6c0b-4fba-ae31-6082de14d209,0.05,0.13,ab4a70858e,0.07953935116529465,45.67164179104478,-0.8962264150943398,45.02251307527088,7.16,59,27,2,0.6283185307179586,0,2.0,9,0.1,/user/raabe14/u19361/workspace-allen/results/zebra/sub-830795_ses-ecephys-830795-2026-02-23-15-03-59_ecephys.nwb/ProbeD/trial_1/phase_1/lib_ab4a70858e/lib_ab4a70858e__delay_0.05__dur_0.13.h5
65b9cf34-930b-46d6-b4f3-1da23f98c4dd,0.25,0.23,ab4a70858e,0.14537328481674194,-15.223880597014926,0.8962264150943398,157.4840764271708,10.74,25,26,7,2.199114857512855,1,3.0,12,1.3,/user/raabe14/u19361/workspace-allen/results/zebra/sub-830795_ses-ecephys-830795-2026-02-23-15-03-59_ecephys.nwb/ProbeD/trial_1/phase_1/lib_ab4a70858e/lib_ab4a70858e__delay_0.25__dur_0.23.h5
65edefe5-4a22-4fdb-a00d-30c3ea6e6b15,0.0,0.13,ab4a70858e,0.14262863993644714,52.83582089552239,-2.6886792452830193,112.48408527317332,28.65,63,28,5,1.5707963267948966,5,8.0,0,0.01,/user/raabe14/u19361/workspace-allen/results/zebra/sub-830795_ses-ecephys-830795-2026-02-23-15-03-59_ecephys.nwb/ProbeD/trial_1/phase_1/lib_ab4a70858e/lib_ab4a70858e__delay_0.0__dur_0.13.h5
66551d1f-f647-4922-85c8-3dbe4eb97ef8,0.0,0.23,ab4a70858e,0.08637924492359161,-29.55223880597015,33.160377358490564,45.02251307527088,17.91,17,8,2,0.6283185307179586,3,5.0,12,1.3,/user/raabe14/u19361/workspace-allen/results/zebra/sub-830795_ses-ecephys-830795-2026-02-23-15-03-59_ecephys.nwb/ProbeD/trial_1/phase_1/lib_ab4a70858e/lib_ab4a70858e__delay_0.0__dur_0.23.h5
6904942f-9158-4d6f-a18c-6378cefe9e1a,0.15000000000000002,0.13,ab4a70858e,0.0790102481842041,20.59701492537313,22.405660377358487,45.02251307527088,21.49,45,14,2,0.6283185307179586,4,6.0,0,0.01,/user/raabe14/u19361/workspace-allen/results/zebra/sub-830795_ses-ecephys-830795-2026-02-23-15-03-59_ecephys.nwb/ProbeD/trial_1/phase_1/lib_ab4a70858e/lib_ab4a70858e__delay_0.15000000000000002__dur_0.13.h5
697c78d1-4a7d-45f0-9cb8-2bcef6c72c65,0.30000000000000004,0.23,ab4a70858e,0.12197113037109375,9.85074626865672,-0.8962264150943398,112.48408527317332,10.74,39,27,5,1.5707963267948966,1,3.0,11,1.2,/user/raabe14/u19361/workspace-allen/results/zebra/sub-830795_ses-ecephys-830795-2026-02-23-15-03-59_ecephys.nwb/ProbeD/trial_1/phase_1/lib_ab4a70858e/lib_ab4a70858e__delay_0.30000000000000004__dur_0.23.h5
6ab73dda-dcb8-422b-b234-041b4dbcda03,0.1,0.23,ab4a70858e,0.07374821603298187,-15.223880597014926,25.990566037735846,112.48408527317332,17.91,25,12,5,1.5707963267948966,3,5.0,11,1.2,/user/raabe14/u19361/workspace-allen/results/zebra/sub-830795_ses-ecephys-830795-2026-02-23-15-03-59_ecephys.nwb/ProbeD/trial_1/phase_1/lib_ab4a70858e/lib_ab4a70858e__delay_0.1__dur_0.23.h5
6b9e620d-bc89-4546-bc08-85352fe66c87,0.2,0.18000000000000002,ab4a70858e,0.09497331827878952,-25.970149253731343,29.575471698113205,45.02251307527088,14.32,19,10,2,0.6283185307179586,2,4.0,12,1.3,/user/raabe14/u19361/workspace-allen/results/zebra/sub-830795_ses-ecephys-830795-2026-02-23-15-03-59_ecephys.nwb/ProbeD/trial_1/phase_1/lib_ab4a70858e/lib_ab4a70858e__delay_0.2__dur_0.18000000000000002.h5
6ba6871f-6689-4d87-992d-9842a80d518e,0.1,0.18000000000000002,ab4a70858e,0.08482667058706284,-29.55223880597015,33.160377358490564,22.515923572829163,7.16,17,8,9,2.827433388230814,0,2.0,9,0.1,/user/raabe14/u19361/workspace-allen/results/zebra/sub-830795_ses-ecephys-830795-2026-02-23-15-03-59_ecephys.nwb/ProbeD/trial_1/phase_1/lib_ab4a70858e/lib_ab4a70858e__delay_0.1__dur_0.18000000000000002.h5
6be2e7a5-352c-41c5-846e-6d398d7eab56,0.1,0.23,ab4a70858e,0.08665574342012405,-8.059701492537314,-40.33018867924528,90.0,28.65,29,49,4,1.2566370614359172,5,8.0,7,0.08,/user/raabe14/u19361/workspace-allen/results/zebra/sub-830795_ses-ecephys-830795-2026-02-23-15-03-59_ecephys.nwb/ProbeD/trial_1/phase_1/lib_ab4a70858e/lib_ab4a70858e__delay_0.1__dur_0.23.h5
6d8edc3e-f3fe-4ca0-b2c3-11bf5d5e47d4,0.05,0.03,ab4a70858e,0.0,-60.0,47.5,0.0,7.16,0,0,0,0.0,0,2.0,0,0.01,/user/raabe14/u19361/workspace-allen/results/zebra/sub-830795_ses-ecephys-830795-2026-02-23-15-03-59_ecephys.nwb/ProbeD/trial_1/phase_1/lib_ab4a70858e/lib_ab4a70858e__delay_0.05__dur_0.03.h5
6dddd53f-aff1-4bc1-b728-8727eb92af19,0.05,0.23,ab4a70858e,0.07387949526309967,9.85074626865672,-22.40566037735849,45.02251307527088,10.74,39,39,2,0.6283185307179586,1,3.0,12,1.3,/user/raabe14/u19361/workspace-allen/results/zebra/sub-830795_ses-ecephys-830795-2026-02-23-15-03-59_ecephys.nwb/ProbeD/trial_1/phase_1/lib_ab4a70858e/lib_ab4a70858e__delay_0.05__dur_0.23.h5
6e3388ca-4f89-46a2-b938-1316dca9a717,0.30000000000000004,0.13,ab4a70858e,0.09057766944169998,22.388059701492537,0.8962264150943398,0.0,14.32,46,26,0,0.0,2,4.0,11,1.2,/user/raabe14/u19361/workspace-allen/results/zebra/sub-830795_ses-ecephys-830795-2026-02-23-15-03-59_ecephys.nwb/ProbeD/trial_1/phase_1/lib_ab4a70858e/lib_ab4a70858e__delay_0.30000000000000004__dur_0.13.h5
6e4100cd-9be2-45fd-aa7b-45cb9f3a9919,0.30000000000000004,0.23,ab4a70858e,0.07377941161394119,4.477611940298516,-38.5377358490566,112.48408527317332,7.16,36,48,5,1.5707963267948966,0,2.0,11,1.2,/user/raabe14/u19361/workspace-allen/results/zebra/sub-830795_ses-ecephys-830795-2026-02-23-15-03-59_ecephys.nwb/ProbeD/trial_1/phase_1/lib_ab4a70858e/lib_ab4a70858e__delay_0.30000000000000004__dur_0.23.h5
6e5ed155-ddc3-4b37-9946-0308790c5bab,0.0,0.13,ab4a70858e,0.11120560020208359,-0.8955223880596961,-2.6886792452830193,45.02251307527088,28.65,33,28,2,0.6283185307179586,5,8.0,4,0.05,/user/raabe14/u19361/workspace-allen/results/zebra/sub-830795_ses-ecephys-830795-2026-02-23-15-03-59_ecephys.nwb/ProbeD/trial_1/phase_1/lib_ab4a70858e/lib_ab4a70858e__delay_0.0__dur_0.13.h5
6ec10e2f-2624-4e72-bdfe-adf536498c62,0.05,0.23,ab4a70858e,0.08651317656040192,25.97014925373135,17.02830188679245,112.48408527317332,21.49,48,17,5,1.5707963267948966,4,6.0,7,0.08,/user/raabe14/u19361/workspace-allen/results/zebra/sub-830795_ses-ecephys-830795-2026-02-23-15-03-59_ecephys.nwb/ProbeD/trial_1/phase_1/lib_ab4a70858e/lib_ab4a70858e__delay_0.05__dur_0.23.h5
6eda1eac-bda2-4d0f-824a-2a5e1b1e9784,0.25,0.13,ab4a70858e,0.08501268923282623,6.268656716417908,-27.78301886792453,0.0,10.74,37,42,0,0.0,1,3.0,4,0.05,/user/raabe14/u19361/workspace-allen/results/zebra/sub-830795_ses-ecephys-830795-2026-02-23-15-03-59_ecephys.nwb/ProbeD/trial_1/phase_1/lib_ab4a70858e/lib_ab4a70858e__delay_0.25__dur_0.13.h5
6ee39585-2fbd-43e5-83ef-d600ac3b32dd,0.0,0.13,ab4a70858e,0.15321952104568481,17.014925373134332,2.6886792452830193,45.02251307527088,14.32,43,25,2,0.6283185307179586,2,4.0,4,0.05,/user/raabe14/u19361/workspace-allen/results/zebra/sub-830795_ses-ecephys-830795-2026-02-23-15-03-59_ecephys.nwb/ProbeD/trial_1/phase_1/lib_ab4a70858e/lib_ab4a70858e__delay_0.0__dur_0.13.h5
6f6be166-2743-4a3c-b652-3f33d09f1604,0.30000000000000004,0.23,ab4a70858e,0.16391754150390625,-45.67164179104478,45.70754716981132,112.48408527317332,17.91,8,1,5,1.5707963267948966,3,5.0,11,1.2,/user/raabe14/u19361/workspace-allen/results/zebra/sub-830795_ses-ecephys-830795-2026-02-23-15-03-59_ecephys.nwb/ProbeD/trial_1/phase_1/lib_ab4a70858e/lib_ab4a70858e__delay_0.30000000000000004__dur_0.23.h5
6f90ec84-5f65-4790-8fe1-3425ec0ed413,0.30000000000000004,0.23,ab4a70858e,0.0900031328201294,27.761194029850756,25.990566037735846,0.0,28.65,49,12,0,0.0,5,8.0,11,1.2,/user/raabe14/u19361/workspace-allen/results/zebra/sub-830795_ses-ecephys-830795-2026-02-23-15-03-59_ecephys.nwb/ProbeD/trial_1/phase_1/lib_ab4a70858e/lib_ab4a70858e__delay_0.30000000000000004__dur_0.23.h5
7101faf4-6176-46a5-aecc-e20e18da1c7c,0.0,0.23,ab4a70858e,0.07427074760198593,-4.477611940298509,47.5,0.0,10.74,31,0,0,0.0,1,3.0,9,0.1,/user/raabe14/u19361/workspace-allen/results/zebra/sub-830795_ses-ecephys-830795-2026-02-23-15-03-59_ecephys.nwb/ProbeD/trial_1/phase_1/lib_ab4a70858e/lib_ab4a70858e__delay_0.0__dur_0.23.h5
711104bd-45cd-4822-a8da-fdf46410194d,0.25,0.18000000000000002,ab4a70858e,0.07819768041372299,18.80597014925374,22.405660377358487,67.51591472682667,21.49,44,14,3,0.9424777960769379,4,6.0,8,0.09,/user/raabe14/u19361/workspace-allen/results/zebra/sub-830795_ses-ecephys-830795-2026-02-23-15-03-59_ecephys.nwb/ProbeD/trial_1/phase_1/lib_ab4a70858e/lib_ab4a70858e__delay_0.25__dur_0.18000000000000002.h5
713c6b5b-76f9-4d57-8323-b3f41a781861,0.0,0.18000000000000002,ab4a70858e,0.10598798841238022,18.80597014925374,-9.858490566037737,0.0,28.65,44,32,0,0.0,5,8.0,1,0.02,/user/raabe14/u19361/workspace-allen/results/zebra/sub-830795_ses-ecephys-830795-2026-02-23-15-03-59_ecephys.nwb/ProbeD/trial_1/phase_1/lib_ab4a70858e/lib_ab4a70858e__delay_0.0__dur_0.18000000000000002.h5
719ec269-8901-4677-8c11-ee35cfe7efd0,0.15000000000000002,0.23,ab4a70858e,0.08546161651611328,-24.179104477611936,25.990566037735846,45.02251307527088,17.91,20,12,2,0.6283185307179586,3,5.0,12,1.3,/user/raabe14/u19361/workspace-allen/results/zebra/sub-830795_ses-ecephys-830795-2026-02-23-15-03-59_ecephys.nwb/ProbeD/trial_1/phase_1/lib_ab4a70858e/lib_ab4a70858e__delay_0.15000000000000002__dur_0.23.h5
71da3754-2cfc-4a87-978c-64aa083c164f,0.05,0.23,ab4a70858e,0.0806349441409111,45.67164179104478,-20.61320754716981,157.4840764271708,28.65,59,38,7,2.199114857512855,5,8.0,6,0.07,/user/raabe14/u19361/workspace-allen/results/zebra/sub-830795_ses-ecephys-830795-2026-02-23-15-03-59_ecephys.nwb/ProbeD/trial_1/phase_1/lib_ab4a70858e/lib_ab4a70858e__delay_0.05__dur_0.23.h5
7212fdf4-13a5-4840-98d0-b52498a3abf6,0.15000000000000002,0.23,ab4a70858e,0.08534099906682968,-2.6865671641791025,-6.273584905660378,134.9774869247291,28.65,32,30,6,1.8849555921538759,5,8.0,3,0.04,/user/raabe14/u19361/workspace-allen/results/zebra/sub-830795_ses-ecephys-830795-2026-02-23-15-03-59_ecephys.nwb/ProbeD/trial_1/phase_1/lib_ab4a70858e/lib_ab4a70858e__delay_0.15000000000000002__dur_0.23.h5
722bd415-2072-4b92-8b7c-f75f71b30cba,0.25,0.23,ab4a70858e,0.0768146738409996,-15.223880597014926,13.443396226415096,22.515923572829163,28.65,25,19,9,2.827433388230814,5,8.0,9,0.1,/user/raabe14/u19361/workspace-allen/results/zebra/sub-830795_ses-ecephys-830795-2026-02-23-15-03-59_ecephys.nwb/ProbeD/trial_1/phase_1/lib_ab4a70858e/lib_ab4a70858e__delay_0.25__dur_0.23.h5
72d4037b-415e-4152-83a7-36b7dbef71e7,0.2,0.23,ab4a70858e,0.07183137536048889,11.641791044776127,29.575471698113205,157.4840764271708,10.74,40,10,7,2.199114857512855,1,3.0,12,1.3,/user/raabe14/u19361/workspace-allen/results/zebra/sub-830795_ses-ecephys-830795-2026-02-23-15-03-59_ecephys.nwb/ProbeD/trial_1/phase_1/lib_ab4a70858e/lib_ab4a70858e__delay_0.2__dur_0.23.h5
7301381a-866e-4a12-a818-80335a901f96,0.0,0.13,ab4a70858e,0.13308285176753998,58.20895522388061,4.481132075471699,112.48408527317332,28.65,66,24,5,1.5707963267948966,5,8.0,0,0.01,/user/raabe14/u19361/workspace-allen/results/zebra/sub-830795_ses-ecephys-830795-2026-02-23-15-03-59_ecephys.nwb/ProbeD/trial_1/phase_1/lib_ab4a70858e/lib_ab4a70858e__delay_0.0__dur_0.13.h5
7329ee35-7f29-4617-b940-712c19031430,0.30000000000000004,0.18000000000000002,ab4a70858e,0.07305857539176941,4.477611940298516,40.33018867924528,67.51591472682667,17.91,36,4,3,0.9424777960769379,3,5.0,9,0.1,/user/raabe14/u19361/workspace-allen/results/zebra/sub-830795_ses-ecephys-830795-2026-02-23-15-03-59_ecephys.nwb/ProbeD/trial_1/phase_1/lib_ab4a70858e/lib_ab4a70858e__delay_0.30000000000000004__dur_0.18000000000000002.h5
73544774-9486-4600-aa02-72c2381d858c,0.25,0.23,ab4a70858e,0.08318382501602173,-8.059701492537314,-13.443396226415096,134.9774869247291,14.32,29,34,6,1.8849555921538759,2,4.0,9,0.1,/user/raabe14/u19361/workspace-allen/results/zebra/sub-830795_ses-ecephys-830795-2026-02-23-15-03-59_ecephys.nwb/ProbeD/trial_1/phase_1/lib_ab4a70858e/lib_ab4a70858e__delay_0.25__dur_0.23.h5
7374d29d-bc92-446c-84df-a08db37d4a6b,0.0,0.18000000000000002,ab4a70858e,0.09232690185308456,-4.477611940298509,-2.6886792452830193,180.0,21.49,31,28,8,2.5132741228718345,4,6.0,12,1.3,/user/raabe14/u19361/workspace-allen/results/zebra/sub-830795_ses-ecephys-830795-2026-02-23-15-03-59_ecephys.nwb/ProbeD/trial_1/phase_1/lib_ab4a70858e/lib_ab4a70858e__delay_0.0__dur_0.18000000000000002.h5
737e6ebb-8f36-4fb8-a1c7-5cd53a8f8f74,0.15000000000000002,0.23,ab4a70858e,0.08055190742015839,0.8955223880597032,15.235849056603776,90.0,17.91,34,18,4,1.2566370614359172,3,5.0,9,0.1,/user/raabe14/u19361/workspace-allen/results/zebra/sub-830795_ses-ecephys-830795-2026-02-23-15-03-59_ecephys.nwb/ProbeD/trial_1/phase_1/lib_ab4a70858e/lib_ab4a70858e__delay_0.15000000000000002__dur_0.23.h5
7397fd56-2bb7-490f-8f2f-d4c02076fc40,0.05,0.23,ab4a70858e,0.07957030832767487,-49.25373134328358,15.235849056603776,157.4840764271708,14.32,6,18,7,2.199114857512855,2,4.0,9,0.1,/user/raabe14/u19361/workspace-allen/results/zebra/sub-830795_ses-ecephys-830795-2026-02-23-15-03-59_ecephys.nwb/ProbeD/trial_1/phase_1/lib_ab4a70858e/lib_ab4a70858e__delay_0.05__dur_0.23.h5
73c3cc9e-e604-4077-a3ff-3f2ebff5609b,0.15000000000000002,0.08,ab4a70858e,0.08918051421642303,-24.179104477611936,-9.858490566037737,180.0,10.74,20,32,8,2.5132741228718345,1,3.0,12,1.3,/user/raabe14/u19361/workspace-allen/results/zebra/sub-830795_ses-ecephys-830795-2026-02-23-15-03-59_ecephys.nwb/ProbeD/trial_1/phase_1/lib_ab4a70858e/lib_ab4a70858e__delay_0.15000000000000002__dur_0.08.h5
73c3f7d7-e2ff-41f0-a907-6e540ece9244,0.0,0.18000000000000002,ab4a70858e,0.08520946651697159,11.641791044776127,8.066037735849058,134.9774869247291,21.49,40,22,6,1.8849555921538759,4,6.0,9,0.1,/user/raabe14/u19361/workspace-allen/results/zebra/sub-830795_ses-ecephys-830795-2026-02-23-15-03-59_ecephys.nwb/ProbeD/trial_1/phase_1/lib_ab4a70858e/lib_ab4a70858e__delay_0.0__dur_0.18000000000000002.h5
74766f62-a04f-4296-9148-4d722f6d9d44,0.15000000000000002,0.23,ab4a70858e,0.12330362200737,-15.223880597014926,2.6886792452830193,112.48408527317332,14.32,25,25,5,1.5707963267948966,2,4.0,11,1.2,/user/raabe14/u19361/workspace-allen/results/zebra/sub-830795_ses-ecephys-830795-2026-02-23-15-03-59_ecephys.nwb/ProbeD/trial_1/phase_1/lib_ab4a70858e/lib_ab4a70858e__delay_0.15000000000000002__dur_0.23.h5
74778407-69b0-4e3b-9a0c-1ecc12ed7dc2,0.1,0.23,ab4a70858e,0.1308128982782364,-11.64179104477612,20.613207547169807,90.0,10.74,27,15,4,1.2566370614359172,1,3.0,11,1.2,/user/raabe14/u19361/workspace-allen/results/zebra/sub-830795_ses-ecephys-830795-2026-02-23-15-03-59_ecephys.nwb/ProbeD/trial_1/phase_1/lib_ab4a70858e/lib_ab4a70858e__delay_0.1__dur_0.23.h5
74a4f00d-dbef-49fd-b312-899e56a998ae,0.1,0.18000000000000002,ab4a70858e,0.09346920996904373,6.268656716417908,25.990566037735846,45.02251307527088,21.49,37,12,2,0.6283185307179586,4,6.0,8,0.09,/user/raabe14/u19361/workspace-allen/results/zebra/sub-830795_ses-ecephys-830795-2026-02-23-15-03-59_ecephys.nwb/ProbeD/trial_1/phase_1/lib_ab4a70858e/lib_ab4a70858e__delay_0.1__dur_0.18000000000000002.h5
74d07fdd-1a73-4492-81e6-a7490f533f88,0.2,0.18000000000000002,ab4a70858e,0.07975870370864868,-34.92537313432835,-13.443396226415096,180.0,10.74,14,34,8,2.5132741228718345,1,3.0,12,1.3,/user/raabe14/u19361/workspace-allen/results/zebra/sub-830795_ses-ecephys-830795-2026-02-23-15-03-59_ecephys.nwb/ProbeD/trial_1/phase_1/lib_ab4a70858e/lib_ab4a70858e__delay_0.2__dur_0.18000000000000002.h5
755b9d04-cf7b-4b81-922b-62410815c7e9,0.30000000000000004,0.18000000000000002,ab4a70858e,0.07120717316865921,-20.59701492537313,-6.273584905660378,45.02251307527088,7.16,22,30,2,0.6283185307179586,0,2.0,4,0.05,/user/raabe14/u19361/workspace-allen/results/zebra/sub-830795_ses-ecephys-830795-2026-02-23-15-03-59_ecephys.nwb/ProbeD/trial_1/phase_1/lib_ab4a70858e/lib_ab4a70858e__delay_0.30000000000000004__dur_0.18000000000000002.h5
7562c549-0610-48fe-99ce-b7f5d6db485b,0.25,0.13,ab4a70858e,0.07773519307374954,6.268656716417908,-11.650943396226417,45.02251307527088,14.32,37,33,2,0.6283185307179586,2,4.0,8,0.09,/user/raabe14/u19361/workspace-allen/results/zebra/sub-830795_ses-ecephys-830795-2026-02-23-15-03-59_ecephys.nwb/ProbeD/trial_1/phase_1/lib_ab4a70858e/lib_ab4a70858e__delay_0.25__dur_0.13.h5
758ee9dc-7bd0-465b-bea2-81d5b92140ca,0.30000000000000004,0.23,ab4a70858e,0.09134988486766815,51.04477611940298,-0.8962264150943398,112.48408527317332,10.74,62,27,5,1.5707963267948966,1,3.0,2,0.03,/user/raabe14/u19361/workspace-allen/results/zebra/sub-830795_ses-ecephys-830795-2026-02-23-15-03-59_ecephys.nwb/ProbeD/trial_1/phase_1/lib_ab4a70858e/lib_ab4a70858e__delay_0.30000000000000004__dur_0.23.h5
75b6c6da-fdb5-47e5-b3e6-4c8b5c4d593b,0.05,0.03,ab4a70858e,0.0,-60.0,47.5,0.0,7.16,0,0,0,0.0,0,2.0,0,0.01,/user/raabe14/u19361/workspace-allen/results/zebra/sub-830795_ses-ecephys-830795-2026-02-23-15-03-59_ecephys.nwb/ProbeD/trial_1/phase_1/lib_ab4a70858e/lib_ab4a70858e__delay_0.05__dur_0.03.h5
75bb774c-23c5-424a-b23e-707e833c2af2,0.05,0.08,ab4a70858e,0.09603092074394226,33.13432835820896,-2.6886792452830193,0.0,21.49,52,28,0,0.0,4,6.0,11,1.2,/user/raabe14/u19361/workspace-allen/results/zebra/sub-830795_ses-ecephys-830795-2026-02-23-15-03-59_ecephys.nwb/ProbeD/trial_1/phase_1/lib_ab4a70858e/lib_ab4a70858e__delay_0.05__dur_0.08.h5
767c2844-86f1-4038-8b18-f5a8d794b0bc,0.25,0.23,ab4a70858e,0.07454724609851837,17.014925373134332,9.858490566037737,157.4840764271708,10.74,43,21,7,2.199114857512855,1,3.0,9,0.1,/user/raabe14/u19361/workspace-allen/results/zebra/sub-830795_ses-ecephys-830795-2026-02-23-15-03-59_ecephys.nwb/ProbeD/trial_1/phase_1/lib_ab4a70858e/lib_ab4a70858e__delay_0.25__dur_0.23.h5
783c40e9-388c-46e8-8e08-cfbaf6a378dc,0.2,0.23,ab4a70858e,0.07173971086740494,8.059701492537314,13.443396226415096,22.515923572829195,10.74,38,19,1,0.3141592653589793,1,3.0,9,0.1,/user/raabe14/u19361/workspace-allen/results/zebra/sub-830795_ses-ecephys-830795-2026-02-23-15-03-59_ecephys.nwb/ProbeD/trial_1/phase_1/lib_ab4a70858e/lib_ab4a70858e__delay_0.2__dur_0.23.h5
78549954-44cd-4e5f-9725-a214c0d48135,0.1,0.18000000000000002,ab4a70858e,0.07707620412111282,43.88059701492537,6.273584905660378,67.51591472682667,14.32,58,23,3,0.9424777960769379,2,4.0,9,0.1,/user/raabe14/u19361/workspace-allen/results/zebra/sub-830795_ses-ecephys-830795-2026-02-23-15-03-59_ecephys.nwb/ProbeD/trial_1/phase_1/lib_ab4a70858e/lib_ab4a70858e__delay_0.1__dur_0.18000000000000002.h5
78fb42d0-9489-4595-95fc-a2b71f7690bb,0.0,0.18000000000000002,ab4a70858e,0.07218417525291443,27.761194029850756,-22.40566037735849,45.02251307527088,28.65,49,39,2,0.6283185307179586,5,8.0,5,0.06,/user/raabe14/u19361/workspace-allen/results/zebra/sub-830795_ses-ecephys-830795-2026-02-23-15-03-59_ecephys.nwb/ProbeD/trial_1/phase_1/lib_ab4a70858e/lib_ab4a70858e__delay_0.0__dur_0.18000000000000002.h5
7998811c-bc76-4bc6-969d-f53f006824f9,0.25,0.23,ab4a70858e,0.0733119323849678,-4.477611940298509,31.367924528301884,45.02251307527088,17.91,31,9,2,0.6283185307179586,3,5.0,4,0.05,/user/raabe14/u19361/workspace-allen/results/zebra/sub-830795_ses-ecephys-830795-2026-02-23-15-03-59_ecephys.nwb/ProbeD/trial_1/phase_1/lib_ab4a70858e/lib_ab4a70858e__delay_0.25__dur_0.23.h5
7a3b9af6-a841-4fea-b78c-4db3d5f56646,0.05,0.23,ab4a70858e,0.07552817463874817,-0.8955223880596961,-0.8962264150943398,22.515923572829163,14.32,33,27,9,2.827433388230814,2,4.0,9,0.1,/user/raabe14/u19361/workspace-allen/results/zebra/sub-830795_ses-ecephys-830795-2026-02-23-15-03-59_ecephys.nwb/ProbeD/trial_1/phase_1/lib_ab4a70858e/lib_ab4a70858e__delay_0.05__dur_0.23.h5
7b1b1c8e-3bf6-4e35-9b96-1b2bd2ae8d90,0.15000000000000002,0.23,ab4a70858e,0.08384250104427338,-20.59701492537313,17.02830188679245,157.4840764271708,21.49,22,17,7,2.199114857512855,4,6.0,9,0.1,/user/raabe14/u19361/workspace-allen/results/zebra/sub-830795_ses-ecephys-830795-2026-02-23-15-03-59_ecephys.nwb/ProbeD/trial_1/phase_1/lib_ab4a70858e/lib_ab4a70858e__delay_0.15000000000000002__dur_0.23.h5
7c9f93b6-30ed-4ecd-bc47-8d36419b4776,0.15000000000000002,0.18000000000000002,ab4a70858e,0.08322186022996902,17.014925373134332,18.820754716981128,45.02251307527088,17.91,43,16,2,0.6283185307179586,3,5.0,8,0.09,/user/raabe14/u19361/workspace-allen/results/zebra/sub-830795_ses-ecephys-830795-2026-02-23-15-03-59_ecephys.nwb/ProbeD/trial_1/phase_1/lib_ab4a70858e/lib_ab4a70858e__delay_0.15000000000000002__dur_0.18000000000000002.h5
7d3663fd-c8ae-472b-a526-c59d4f08c012,0.15000000000000002,0.23,ab4a70858e,0.08762819319963455,-58.208955223880594,-33.160377358490564,22.515923572829163,28.65,1,45,9,2.827433388230814,5,8.0,9,0.1,/user/raabe14/u19361/workspace-allen/results/zebra/sub-830795_ses-ecephys-830795-2026-02-23-15-03-59_ecephys.nwb/ProbeD/trial_1/phase_1/lib_ab4a70858e/lib_ab4a70858e__delay_0.15000000000000002__dur_0.23.h5
7db4b1ae-0a58-4f08-9b4f-37c48d740b35,0.0,0.08,ab4a70858e,0.1094839945435524,-27.761194029850742,0.8962264150943398,0.0,21.49,18,26,0,0.0,4,6.0,11,1.2,/user/raabe14/u19361/workspace-allen/results/zebra/sub-830795_ses-ecephys-830795-2026-02-23-15-03-59_ecephys.nwb/ProbeD/trial_1/phase_1/lib_ab4a70858e/lib_ab4a70858e__delay_0.0__dur_0.08.h5
7ddb0192-db07-47cb-89c1-5d709d263d45,0.15000000000000002,0.08,ab4a70858e,0.07263533025979996,6.268656716417908,18.820754716981128,157.4840764271708,10.74,37,16,7,2.199114857512855,1,3.0,12,1.3,/user/raabe14/u19361/workspace-allen/results/zebra/sub-830795_ses-ecephys-830795-2026-02-23-15-03-59_ecephys.nwb/ProbeD/trial_1/phase_1/lib_ab4a70858e/lib_ab4a70858e__delay_0.15000000000000002__dur_0.08.h5
7e1827e6-e84f-49c4-95af-2056893050ca,0.05,0.23,ab4a70858e,0.08332653343677521,-29.55223880597015,0.8962264150943398,45.02251307527088,28.65,17,26,2,0.6283185307179586,5,8.0,6,0.07,/user/raabe14/u19361/workspace-allen/results/zebra/sub-830795_ses-ecephys-830795-2026-02-23-15-03-59_ecephys.nwb/ProbeD/trial_1/phase_1/lib_ab4a70858e/lib_ab4a70858e__delay_0.05__dur_0.23.h5
7e940650-81bc-46d7-92ab-3a523f46fc6b,0.0,0.08,ab4a70858e,0.08081762492656708,-18.80597014925373,29.575471698113205,0.0,17.91,23,10,0,0.0,3,5.0,11,1.2,/user/raabe14/u19361/workspace-allen/results/zebra/sub-830795_ses-ecephys-830795-2026-02-23-15-03-59_ecephys.nwb/ProbeD/trial_1/phase_1/lib_ab4a70858e/lib_ab4a70858e__delay_0.0__dur_0.08.h5
7e99eef4-8993-4217-a962-f5bf74e647d7,0.05,0.03,ab4a70858e,0.0,-60.0,47.5,0.0,7.16,0,0,0,0.0,0,2.0,0,0.01,/user/raabe14/u19361/workspace-allen/results/zebra/sub-830795_ses-ecephys-830795-2026-02-23-15-03-59_ecephys.nwb/ProbeD/trial_1/phase_1/lib_ab4a70858e/lib_ab4a70858e__delay_0.05__dur_0.03.h5
7ea3e9da-336f-410c-acd4-488ef18d91cf,0.05,0.08,ab4a70858e,0.3470032513141632,52.83582089552239,-11.650943396226417,90.0,28.65,63,33,4,1.2566370614359172,5,8.0,0,0.01,/user/raabe14/u19361/workspace-allen/results/zebra/sub-830795_ses-ecephys-830795-2026-02-23-15-03-59_ecephys.nwb/ProbeD/trial_1/phase_1/lib_ab4a70858e/lib_ab4a70858e__delay_0.05__dur_0.08.h5
7ea6fabf-c983-41ea-8bbb-ab05748dd029,0.1,0.23,ab4a70858e,0.08325260877609253,-11.64179104477612,24.198113207547166,67.51591472682667,7.16,27,13,3,0.9424777960769379,0,2.0,12,1.3,/user/raabe14/u19361/workspace-allen/results/zebra/sub-830795_ses-ecephys-830795-2026-02-23-15-03-59_ecephys.nwb/ProbeD/trial_1/phase_1/lib_ab4a70858e/lib_ab4a70858e__delay_0.1__dur_0.23.h5
7edea4f1-8e92-4597-b829-d553ee7d6266,0.0,0.18000000000000002,ab4a70858e,0.08016692101955414,-25.970149253731343,0.8962264150943398,180.0,14.32,19,26,8,2.5132741228718345,2,4.0,12,1.3,/user/raabe14/u19361/workspace-allen/results/zebra/sub-830795_ses-ecephys-830795-2026-02-23-15-03-59_ecephys.nwb/ProbeD/trial_1/phase_1/lib_ab4a70858e/lib_ab4a70858e__delay_0.0__dur_0.18000000000000002.h5
7f77f12d-7c59-4120-8ed8-15346947a7f6,0.25,0.23,ab4a70858e,0.07984944432973862,-27.761194029850742,38.5377358490566,112.48408527317332,21.49,18,5,5,1.5707963267948966,4,6.0,11,1.2,/user/raabe14/u19361/workspace-allen/results/zebra/sub-830795_ses-ecephys-830795-2026-02-23-15-03-59_ecephys.nwb/ProbeD/trial_1/phase_1/lib_ab4a70858e/lib_ab4a70858e__delay_0.25__dur_0.23.h5
7fe0b12a-dc5e-4654-8cb7-877896efd3c7,0.05,0.13,ab4a70858e,0.15870487689971924,27.761194029850756,-22.40566037735849,22.515923572829195,28.65,49,39,1,0.3141592653589793,5,8.0,0,0.01,/user/raabe14/u19361/workspace-allen/results/zebra/sub-830795_ses-ecephys-830795-2026-02-23-15-03-59_ecephys.nwb/ProbeD/trial_1/phase_1/lib_ab4a70858e/lib_ab4a70858e__delay_0.05__dur_0.13.h5
801c2a45-0a8f-4271-8a90-344157c1e377,0.15000000000000002,0.23,ab4a70858e,0.0882231593132019,-15.223880597014926,-8.066037735849058,0.0,21.49,25,31,0,0.0,4,6.0,11,1.2,/user/raabe14/u19361/workspace-allen/results/zebra/sub-830795_ses-ecephys-830795-2026-02-23-15-03-59_ecephys.nwb/ProbeD/trial_1/phase_1/lib_ab4a70858e/lib_ab4a70858e__delay_0.15000000000000002__dur_0.23.h5
80374e8a-0767-4b53-aad8-550188c6b818,0.1,0.13,ab4a70858e,0.07301586121320724,-45.67164179104478,29.575471698113205,112.48408527317332,7.16,8,10,5,1.5707963267948966,0,2.0,11,1.2,/user/raabe14/u19361/workspace-allen/results/zebra/sub-830795_ses-ecephys-830795-2026-02-23-15-03-59_ecephys.nwb/ProbeD/trial_1/phase_1/lib_ab4a70858e/lib_ab4a70858e__delay_0.1__dur_0.13.h5
80ca6095-abf6-46fe-9357-016c490fecc4,0.05,0.08,ab4a70858e,0.16624610126018524,24.179104477611943,-13.443396226415096,67.51591472682667,28.65,47,34,3,0.9424777960769379,5,8.0,0,0.01,/user/raabe14/u19361/workspace-allen/results/zebra/sub-830795_ses-ecephys-830795-2026-02-23-15-03-59_ecephys.nwb/ProbeD/trial_1/phase_1/lib_ab4a70858e/lib_ab4a70858e__delay_0.05__dur_0.08.h5
80f17c2a-7b7b-4cb5-b8f8-48ac17654f41,0.0,0.13,ab4a70858e,0.08932752162218094,-9.850746268656714,0.8962264150943398,112.48408527317332,17.91,28,26,5,1.5707963267948966,3,5.0,11,1.2,/user/raabe14/u19361/workspace-allen/results/zebra/sub-830795_ses-ecephys-830795-2026-02-23-15-03-59_ecephys.nwb/ProbeD/trial_1/phase_1/lib_ab4a70858e/lib_ab4a70858e__delay_0.0__dur_0.13.h5
812ed743-5c91-4ab9-af4c-71596e85198f,0.2,0.13,ab4a70858e,0.10177197307348251,18.80597014925374,20.613207547169807,45.02251307527088,17.91,44,15,2,0.6283185307179586,3,5.0,9,0.1,/user/raabe14/u19361/workspace-allen/results/zebra/sub-830795_ses-ecephys-830795-2026-02-23-15-03-59_ecephys.nwb/ProbeD/trial_1/phase_1/lib_ab4a70858e/lib_ab4a70858e__delay_0.2__dur_0.13.h5
81c05882-eead-4a0d-90b2-47bda88081ed,0.0,0.23,ab4a70858e,0.08842062205076218,58.20895522388061,0.8962264150943398,67.51591472682667,17.91,66,26,3,0.9424777960769379,3,5.0,12,1.3,/user/raabe14/u19361/workspace-allen/results/zebra/sub-830795_ses-ecephys-830795-2026-02-23-15-03-59_ecephys.nwb/ProbeD/trial_1/phase_1/lib_ab4a70858e/lib_ab4a70858e__delay_0.0__dur_0.23.h5
81da7cc5-a77a-413a-9c64-0b41783e1168,0.0,0.13,ab4a70858e,0.12217140197753906,-52.83582089552239,33.160377358490564,157.4840764271708,7.16,4,8,7,2.199114857512855,0,2.0,12,1.3,/user/raabe14/u19361/workspace-allen/results/zebra/sub-830795_ses-ecephys-830795-2026-02-23-15-03-59_ecephys.nwb/ProbeD/trial_1/phase_1/lib_ab4a70858e/lib_ab4a70858e__delay_0.0__dur_0.13.h5
81ed1ba7-ac89-4e46-9d16-2641b8f52b16,0.25,0.23,ab4a70858e,0.1060686856508255,-18.80597014925373,-4.481132075471699,112.48408527317332,21.49,23,29,5,1.5707963267948966,4,6.0,12,1.3,/user/raabe14/u19361/workspace-allen/results/zebra/sub-830795_ses-ecephys-830795-2026-02-23-15-03-59_ecephys.nwb/ProbeD/trial_1/phase_1/lib_ab4a70858e/lib_ab4a70858e__delay_0.25__dur_0.23.h5
82722fd1-7a60-422c-976b-032ff06b7039,0.25,0.23,ab4a70858e,0.07911556214094162,-9.850746268656714,17.02830188679245,180.0,10.74,28,17,8,2.5132741228718345,1,3.0,12,1.3,/user/raabe14/u19361/workspace-allen/results/zebra/sub-830795_ses-ecephys-830795-2026-02-23-15-03-59_ecephys.nwb/ProbeD/trial_1/phase_1/lib_ab4a70858e/lib_ab4a70858e__delay_0.25__dur_0.23.h5
82a42b27-981c-4a95-b87e-30c70bd10ceb,0.0,0.23,ab4a70858e,0.08253658562898636,-33.134328358208954,-15.235849056603776,90.0,21.49,15,35,4,1.2566370614359172,4,6.0,9,0.1,/user/raabe14/u19361/workspace-allen/results/zebra/sub-830795_ses-ecephys-830795-2026-02-23-15-03-59_ecephys.nwb/ProbeD/trial_1/phase_1/lib_ab4a70858e/lib_ab4a70858e__delay_0.0__dur_0.23.h5
831dd6c7-d4ec-4300-b5e7-4c62f5aee137,0.25,0.23,ab4a70858e,0.13453350961208344,33.13432835820896,31.367924528301884,0.0,21.49,52,9,0,0.0,4,6.0,11,1.2,/user/raabe14/u19361/workspace-allen/results/zebra/sub-830795_ses-ecephys-830795-2026-02-23-15-03-59_ecephys.nwb/ProbeD/trial_1/phase_1/lib_ab4a70858e/lib_ab4a70858e__delay_0.25__dur_0.23.h5
84199ec8-2873-482f-837c-30ba40773024,0.0,0.23,ab4a70858e,0.08596570044755936,13.43283582089552,4.481132075471699,22.515923572829195,10.74,41,24,1,0.3141592653589793,1,3.0,0,0.01,/user/raabe14/u19361/workspace-allen/results/zebra/sub-830795_ses-ecephys-830795-2026-02-23-15-03-59_ecephys.nwb/ProbeD/trial_1/phase_1/lib_ab4a70858e/lib_ab4a70858e__delay_0.0__dur_0.23.h5
85249ec9-08ef-45dd-a710-66c29b8189df,0.05,0.03,ab4a70858e,0.0,-60.0,47.5,0.0,7.16,0,0,0,0.0,0,2.0,0,0.01,/user/raabe14/u19361/workspace-allen/results/zebra/sub-830795_ses-ecephys-830795-2026-02-23-15-03-59_ecephys.nwb/ProbeD/trial_1/phase_1/lib_ab4a70858e/lib_ab4a70858e__delay_0.05__dur_0.03.h5
870d98bc-ae0f-4fb3-96d7-8cb634107285,0.0,0.23,ab4a70858e,0.09654820710420609,-25.970149253731343,9.858490566037737,67.51591472682667,14.32,19,21,3,0.9424777960769379,2,4.0,12,1.3,/user/raabe14/u19361/workspace-allen/results/zebra/sub-830795_ses-ecephys-830795-2026-02-23-15-03-59_ecephys.nwb/ProbeD/trial_1/phase_1/lib_ab4a70858e/lib_ab4a70858e__delay_0.0__dur_0.23.h5
87929ff1-f014-4aff-8319-ddc0ff5f90ab,0.1,0.23,ab4a70858e,0.08592119812965393,45.67164179104478,-6.273584905660378,22.515923572829195,7.16,59,30,1,0.3141592653589793,0,2.0,0,0.01,/user/raabe14/u19361/workspace-allen/results/zebra/sub-830795_ses-ecephys-830795-2026-02-23-15-03-59_ecephys.nwb/ProbeD/trial_1/phase_1/lib_ab4a70858e/lib_ab4a70858e__delay_0.1__dur_0.23.h5
87cdd55b-209e-4aee-b35c-82c3442e7320,0.0,0.13,ab4a70858e,0.12462740391492844,2.6865671641791096,4.481132075471699,134.9774869247291,14.32,35,24,6,1.8849555921538759,2,4.0,0,0.01,/user/raabe14/u19361/workspace-allen/results/zebra/sub-830795_ses-ecephys-830795-2026-02-23-15-03-59_ecephys.nwb/ProbeD/trial_1/phase_1/lib_ab4a70858e/lib_ab4a70858e__delay_0.0__dur_0.13.h5
87d9f52b-4bd4-4d9b-ad3f-019c045808f3,0.0,0.08,ab4a70858e,0.16086073219776154,24.179104477611943,-25.99056603773585,22.515923572829195,28.65,47,41,1,0.3141592653589793,5,8.0,0,0.01,/user/raabe14/u19361/workspace-allen/results/zebra/sub-830795_ses-ecephys-830795-2026-02-23-15-03-59_ecephys.nwb/ProbeD/trial_1/phase_1/lib_ab4a70858e/lib_ab4a70858e__delay_0.0__dur_0.08.h5
8836edb5-54da-41c7-b4c8-20e4fde3db8f,0.0,0.23,ab4a70858e,0.07740286737680435,-11.64179104477612,8.066037735849058,45.02251307527088,14.32,27,22,2,0.6283185307179586,2,4.0,9,0.1,/user/raabe14/u19361/workspace-allen/results/zebra/sub-830795_ses-ecephys-830795-2026-02-23-15-03-59_ecephys.nwb/ProbeD/trial_1/phase_1/lib_ab4a70858e/lib_ab4a70858e__delay_0.0__dur_0.23.h5
884650cc-49b4-4bdd-b93f-0d4ce2007b02,0.2,0.23,ab4a70858e,0.07467624545097351,0.8955223880597032,11.650943396226417,157.4840764271708,7.16,34,20,7,2.199114857512855,0,2.0,0,0.01,/user/raabe14/u19361/workspace-allen/results/zebra/sub-830795_ses-ecephys-830795-2026-02-23-15-03-59_ecephys.nwb/ProbeD/trial_1/phase_1/lib_ab4a70858e/lib_ab4a70858e__delay_0.2__dur_0.23.h5
8869a2f2-6e25-459f-8cee-87ed46603012,0.0,0.23,ab4a70858e,0.10791099071502686,-2.6865671641791025,-13.443396226415096,22.515923572829195,14.32,32,34,1,0.3141592653589793,2,4.0,9,0.1,/user/raabe14/u19361/workspace-allen/results/zebra/sub-830795_ses-ecephys-830795-2026-02-23-15-03-59_ecephys.nwb/ProbeD/trial_1/phase_1/lib_ab4a70858e/lib_ab4a70858e__delay_0.0__dur_0.23.h5
887d63e3-a59e-4f75-84b7-d781272a8c46,0.05,0.23,ab4a70858e,0.07453533262014389,0.8955223880597032,24.198113207547166,112.48408527317332,28.65,34,13,5,1.5707963267948966,5,8.0,7,0.08,/user/raabe14/u19361/workspace-allen/results/zebra/sub-830795_ses-ecephys-830795-2026-02-23-15-03-59_ecephys.nwb/ProbeD/trial_1/phase_1/lib_ab4a70858e/lib_ab4a70858e__delay_0.05__dur_0.23.h5
88c04697-9482-4887-93e9-9bfe04b1b6ae,0.30000000000000004,0.23,ab4a70858e,0.07062956690788269,58.20895522388061,15.235849056603776,45.02251307527088,10.74,66,18,2,0.6283185307179586,1,3.0,12,1.3,/user/raabe14/u19361/workspace-allen/results/zebra/sub-830795_ses-ecephys-830795-2026-02-23-15-03-59_ecephys.nwb/ProbeD/trial_1/phase_1/lib_ab4a70858e/lib_ab4a70858e__delay_0.30000000000000004__dur_0.23.h5
89775998-a20c-4973-93ee-ca1de35eb20b,0.15000000000000002,0.23,ab4a70858e,0.0759018063545227,-25.970149253731343,6.273584905660378,112.48408527317332,7.16,19,23,5,1.5707963267948966,0,2.0,9,0.1,/user/raabe14/u19361/workspace-allen/results/zebra/sub-830795_ses-ecephys-830795-2026-02-23-15-03-59_ecephys.nwb/ProbeD/trial_1/phase_1/lib_ab4a70858e/lib_ab4a70858e__delay_0.15000000000000002__dur_0.23.h5
8a0c288f-d915-4016-996b-75003826db04,0.25,0.18000000000000002,ab4a70858e,0.07428381592035294,-20.59701492537313,8.066037735849058,67.51591472682667,14.32,22,22,3,0.9424777960769379,2,4.0,12,1.3,/user/raabe14/u19361/workspace-allen/results/zebra/sub-830795_ses-ecephys-830795-2026-02-23-15-03-59_ecephys.nwb/ProbeD/trial_1/phase_1/lib_ab4a70858e/lib_ab4a70858e__delay_0.25__dur_0.18000000000000002.h5
8aaf9abb-148f-4f5a-998c-703dfa7f8836,0.30000000000000004,0.23,ab4a70858e,0.0758986845612526,-8.059701492537314,8.066037735849058,90.0,7.16,29,22,4,1.2566370614359172,0,2.0,0,0.01,/user/raabe14/u19361/workspace-allen/results/zebra/sub-830795_ses-ecephys-830795-2026-02-23-15-03-59_ecephys.nwb/ProbeD/trial_1/phase_1/lib_ab4a70858e/lib_ab4a70858e__delay_0.30000000000000004__dur_0.23.h5
8ab5c807-aaef-489f-abf6-328ae99ed78c,0.15000000000000002,0.23,ab4a70858e,0.07650793343782425,56.4179104477612,2.6886792452830193,0.0,7.16,65,25,0,0.0,0,2.0,11,1.2,/user/raabe14/u19361/workspace-allen/results/zebra/sub-830795_ses-ecephys-830795-2026-02-23-15-03-59_ecephys.nwb/ProbeD/trial_1/phase_1/lib_ab4a70858e/lib_ab4a70858e__delay_0.15000000000000002__dur_0.23.h5
8cec3452-bee1-40db-99f5-3a305f40880c,0.0,0.18000000000000002,ab4a70858e,0.07896847277879715,-25.970149253731343,-38.5377358490566,22.515923572829163,28.65,19,48,9,2.827433388230814,5,8.0,2,0.03,/user/raabe14/u19361/workspace-allen/results/zebra/sub-830795_ses-ecephys-830795-2026-02-23-15-03-59_ecephys.nwb/ProbeD/trial_1/phase_1/lib_ab4a70858e/lib_ab4a70858e__delay_0.0__dur_0.18000000000000002.h5
8d314021-ac16-40b6-abae-9bac13dca8f0,0.0,0.23,ab4a70858e,0.08328550308942795,-24.179104477611936,-34.95283018867924,45.02251307527088,7.16,20,46,2,0.6283185307179586,0,2.0,7,0.08,/user/raabe14/u19361/workspace-allen/results/zebra/sub-830795_ses-ecephys-830795-2026-02-23-15-03-59_ecephys.nwb/ProbeD/trial_1/phase_1/lib_ab4a70858e/lib_ab4a70858e__delay_0.0__dur_0.23.h5
8d32dfee-1eb3-4b07-985a-7fff4757afd1,0.0,0.23,ab4a70858e,0.06834083795547485,20.59701492537313,8.066037735849058,45.02251307527088,7.16,45,22,2,0.6283185307179586,0,2.0,0,0.01,/user/raabe14/u19361/workspace-allen/results/zebra/sub-830795_ses-ecephys-830795-2026-02-23-15-03-59_ecephys.nwb/ProbeD/trial_1/phase_1/lib_ab4a70858e/lib_ab4a70858e__delay_0.0__dur_0.23.h5
8d744e44-8c3f-4171-bdaa-d5db48d81f60,0.30000000000000004,0.18000000000000002,ab4a70858e,0.07505058497190475,-9.850746268656714,47.5,0.0,28.65,28,0,0,0.0,5,8.0,8,0.09,/user/raabe14/u19361/workspace-allen/results/zebra/sub-830795_ses-ecephys-830795-2026-02-23-15-03-59_ecephys.nwb/ProbeD/trial_1/phase_1/lib_ab4a70858e/lib_ab4a70858e__delay_0.30000000000000004__dur_0.18000000000000002.h5
8e13c588-1425-4a24-b1e1-9b57b82398f9,0.1,0.23,ab4a70858e,0.12958738207817078,-34.92537313432835,2.6886792452830193,157.4840764271708,14.32,14,25,7,2.199114857512855,2,4.0,12,1.3,/user/raabe14/u19361/workspace-allen/results/zebra/sub-830795_ses-ecephys-830795-2026-02-23-15-03-59_ecephys.nwb/ProbeD/trial_1/phase_1/lib_ab4a70858e/lib_ab4a70858e__delay_0.1__dur_0.23.h5
8e81ccb9-7a20-4114-a6f3-994cec05acd5,0.25,0.18000000000000002,ab4a70858e,0.08744673430919647,0.8955223880597032,-8.066037735849058,67.51591472682667,17.91,34,31,3,0.9424777960769379,3,5.0,9,0.1,/user/raabe14/u19361/workspace-allen/results/zebra/sub-830795_ses-ecephys-830795-2026-02-23-15-03-59_ecephys.nwb/ProbeD/trial_1/phase_1/lib_ab4a70858e/lib_ab4a70858e__delay_0.25__dur_0.18000000000000002.h5
8efd5220-cb86-4e09-b795-504d6b4541b4,0.1,0.18000000000000002,ab4a70858e,0.08400364220142365,-2.6865671641791025,8.066037735849058,90.0,21.49,32,22,4,1.2566370614359172,4,6.0,8,0.09,/user/raabe14/u19361/workspace-allen/results/zebra/sub-830795_ses-ecephys-830795-2026-02-23-15-03-59_ecephys.nwb/ProbeD/trial_1/phase_1/lib_ab4a70858e/lib_ab4a70858e__delay_0.1__dur_0.18000000000000002.h5
8f130a71-8977-4776-9126-0ca8de9c599b,0.25,0.13,ab4a70858e,0.07245920598506927,24.179104477611943,-36.74528301886792,157.4840764271708,17.91,47,47,7,2.199114857512855,3,5.0,9,0.1,/user/raabe14/u19361/workspace-allen/results/zebra/sub-830795_ses-ecephys-830795-2026-02-23-15-03-59_ecephys.nwb/ProbeD/trial_1/phase_1/lib_ab4a70858e/lib_ab4a70858e__delay_0.25__dur_0.13.h5
8f1d6072-c886-4238-829d-bee894b5fc46,0.30000000000000004,0.23,ab4a70858e,0.09048708528280258,-27.761194029850742,42.12264150943396,180.0,10.74,18,3,8,2.5132741228718345,1,3.0,9,0.1,/user/raabe14/u19361/workspace-allen/results/zebra/sub-830795_ses-ecephys-830795-2026-02-23-15-03-59_ecephys.nwb/ProbeD/trial_1/phase_1/lib_ab4a70858e/lib_ab4a70858e__delay_0.30000000000000004__dur_0.23.h5
8f9ef767-b73e-4d7c-ac0c-5282d8434ae9,0.1,0.18000000000000002,ab4a70858e,0.08509078621864319,-4.477611940298509,43.91509433962264,0.0,7.16,31,2,0,0.0,0,2.0,0,0.01,/user/raabe14/u19361/workspace-allen/results/zebra/sub-830795_ses-ecephys-830795-2026-02-23-15-03-59_ecephys.nwb/ProbeD/trial_1/phase_1/lib_ab4a70858e/lib_ab4a70858e__delay_0.1__dur_0.18000000000000002.h5
8fabeff4-c225-4ce9-843c-de3db1a70aa7,0.0,0.13,ab4a70858e,0.09010384231805801,-24.179104477611936,42.12264150943396,22.515923572829195,28.65,20,3,1,0.3141592653589793,5,8.0,0,0.01,/user/raabe14/u19361/workspace-allen/results/zebra/sub-830795_ses-ecephys-830795-2026-02-23-15-03-59_ecephys.nwb/ProbeD/trial_1/phase_1/lib_ab4a70858e/lib_ab4a70858e__delay_0.0__dur_0.13.h5
903ac184-2d6f-4d25-bd0f-c839113d458a,0.0,0.13,ab4a70858e,0.10364023596048355,0.8955223880597032,6.273584905660378,67.51591472682667,21.49,34,23,3,0.9424777960769379,4,6.0,4,0.05,/user/raabe14/u19361/workspace-allen/results/zebra/sub-830795_ses-ecephys-830795-2026-02-23-15-03-59_ecephys.nwb/ProbeD/trial_1/phase_1/lib_ab4a70858e/lib_ab4a70858e__delay_0.0__dur_0.13.h5
90933c7e-0685-4a5b-a333-2a6f6f55b08d,0.30000000000000004,0.23,ab4a70858e,0.08844153583049774,-18.80597014925373,33.160377358490564,180.0,21.49,23,8,8,2.5132741228718345,4,6.0,9,0.1,/user/raabe14/u19361/workspace-allen/results/zebra/sub-830795_ses-ecephys-830795-2026-02-23-15-03-59_ecephys.nwb/ProbeD/trial_1/phase_1/lib_ab4a70858e/lib_ab4a70858e__delay_0.30000000000000004__dur_0.23.h5
90fc3e49-fc3e-4d8b-b980-ffd6fc3544d3,0.1,0.18000000000000002,ab4a70858e,0.07818494737148285,8.059701492537314,15.235849056603776,67.51591472682667,7.16,38,18,3,0.9424777960769379,0,2.0,0,0.01,/user/raabe14/u19361/workspace-allen/results/zebra/sub-830795_ses-ecephys-830795-2026-02-23-15-03-59_ecephys.nwb/ProbeD/trial_1/phase_1/lib_ab4a70858e/lib_ab4a70858e__delay_0.1__dur_0.18000000000000002.h5
90fc84eb-dad7-424c-9c3c-58ea3b6abc08,0.30000000000000004,0.18000000000000002,ab4a70858e,0.07634084671735764,13.43283582089552,9.858490566037737,22.515923572829195,7.16,41,21,1,0.3141592653589793,0,2.0,0,0.01,/user/raabe14/u19361/workspace-allen/results/zebra/sub-830795_ses-ecephys-830795-2026-02-23-15-03-59_ecephys.nwb/ProbeD/trial_1/phase_1/lib_ab4a70858e/lib_ab4a70858e__delay_0.30000000000000004__dur_0.18000000000000002.h5
9176fc17-1fff-419d-b1ec-ed5013672ee8,0.0,0.13,ab4a70858e,0.0747452825307846,-25.970149253731343,-45.70754716981132,112.48408527317332,17.91,19,52,5,1.5707963267948966,3,5.0,6,0.07,/user/raabe14/u19361/workspace-allen/results/zebra/sub-830795_ses-ecephys-830795-2026-02-23-15-03-59_ecephys.nwb/ProbeD/trial_1/phase_1/lib_ab4a70858e/lib_ab4a70858e__delay_0.0__dur_0.13.h5
91df639d-d8b0-4d81-b374-2d363f90f822,0.05,0.03,ab4a70858e,0.0,-60.0,47.5,0.0,7.16,0,0,0,0.0,0,2.0,0,0.01,/user/raabe14/u19361/workspace-allen/results/zebra/sub-830795_ses-ecephys-830795-2026-02-23-15-03-59_ecephys.nwb/ProbeD/trial_1/phase_1/lib_ab4a70858e/lib_ab4a70858e__delay_0.05__dur_0.03.h5
91e29ac0-d2d3-4c3f-bd99-e4d086f5cf6f,0.0,0.13,ab4a70858e,0.07473935186862946,-40.298507462686565,2.6886792452830193,67.51591472682667,28.65,11,25,3,0.9424777960769379,5,8.0,12,1.3,/user/raabe14/u19361/workspace-allen/results/zebra/sub-830795_ses-ecephys-830795-2026-02-23-15-03-59_ecephys.nwb/ProbeD/trial_1/phase_1/lib_ab4a70858e/lib_ab4a70858e__delay_0.0__dur_0.13.h5
927607b4-7291-4145-b380-de5d537047fb,0.2,0.23,ab4a70858e,0.07995308190584183,-2.6865671641791025,42.12264150943396,22.515923572829195,14.32,32,3,1,0.3141592653589793,2,4.0,9,0.1,/user/raabe14/u19361/workspace-allen/results/zebra/sub-830795_ses-ecephys-830795-2026-02-23-15-03-59_ecephys.nwb/ProbeD/trial_1/phase_1/lib_ab4a70858e/lib_ab4a70858e__delay_0.2__dur_0.23.h5
92984e68-0607-46a5-886d-d9ad8193efe0,0.05,0.03,ab4a70858e,0.0,-60.0,47.5,0.0,7.16,0,0,0,0.0,0,2.0,0,0.01,/user/raabe14/u19361/workspace-allen/results/zebra/sub-830795_ses-ecephys-830795-2026-02-23-15-03-59_ecephys.nwb/ProbeD/trial_1/phase_1/lib_ab4a70858e/lib_ab4a70858e__delay_0.05__dur_0.03.h5
92ebe21c-dd40-4a6e-ae9a-c2ad0a8ebbbb,0.15000000000000002,0.18000000000000002,ab4a70858e,0.08443114161491394,2.6865671641791096,22.405660377358487,22.515923572829195,17.91,35,14,1,0.3141592653589793,3,5.0,8,0.09,/user/raabe14/u19361/workspace-allen/results/zebra/sub-830795_ses-ecephys-830795-2026-02-23-15-03-59_ecephys.nwb/ProbeD/trial_1/phase_1/lib_ab4a70858e/lib_ab4a70858e__delay_0.15000000000000002__dur_0.18000000000000002.h5
9395d3e2-1d1c-40a7-8da5-dcc2485b5b48,0.30000000000000004,0.18000000000000002,ab4a70858e,0.07884114235639572,13.43283582089552,0.8962264150943398,157.4840764271708,14.32,41,26,7,2.199114857512855,2,4.0,7,0.08,/user/raabe14/u19361/workspace-allen/results/zebra/sub-830795_ses-ecephys-830795-2026-02-23-15-03-59_ecephys.nwb/ProbeD/trial_1/phase_1/lib_ab4a70858e/lib_ab4a70858e__delay_0.30000000000000004__dur_0.18000000000000002.h5
94523f88-57bd-49e7-baf5-1d48385cab67,0.0,0.23,ab4a70858e,0.11983363330364227,-22.388059701492537,2.6886792452830193,157.4840764271708,21.49,21,25,7,2.199114857512855,4,6.0,12,1.3,/user/raabe14/u19361/workspace-allen/results/zebra/sub-830795_ses-ecephys-830795-2026-02-23-15-03-59_ecephys.nwb/ProbeD/trial_1/phase_1/lib_ab4a70858e/lib_ab4a70858e__delay_0.0__dur_0.23.h5
9462794a-647a-4bd7-8563-9bc69ce0e545,0.30000000000000004,0.23,ab4a70858e,0.08018675446510315,24.179104477611943,25.990566037735846,157.4840764271708,10.74,47,12,7,2.199114857512855,1,3.0,12,1.3,/user/raabe14/u19361/workspace-allen/results/zebra/sub-830795_ses-ecephys-830795-2026-02-23-15-03-59_ecephys.nwb/ProbeD/trial_1/phase_1/lib_ab4a70858e/lib_ab4a70858e__delay_0.30000000000000004__dur_0.23.h5
94e4c906-804f-4c76-bc19-3106dfc0a29b,0.2,0.13,ab4a70858e,0.08265964686870575,8.059701492537314,6.273584905660378,22.515923572829195,28.65,38,23,1,0.3141592653589793,5,8.0,9,0.1,/user/raabe14/u19361/workspace-allen/results/zebra/sub-830795_ses-ecephys-830795-2026-02-23-15-03-59_ecephys.nwb/ProbeD/trial_1/phase_1/lib_ab4a70858e/lib_ab4a70858e__delay_0.2__dur_0.13.h5
94e70b98-1310-43df-8e29-5ce1606956fd,0.30000000000000004,0.23,ab4a70858e,0.07746239751577377,-25.970149253731343,-6.273584905660378,180.0,28.65,19,30,8,2.5132741228718345,5,8.0,0,0.01,/user/raabe14/u19361/workspace-allen/results/zebra/sub-830795_ses-ecephys-830795-2026-02-23-15-03-59_ecephys.nwb/ProbeD/trial_1/phase_1/lib_ab4a70858e/lib_ab4a70858e__delay_0.30000000000000004__dur_0.23.h5
951cf87b-1786-4476-b246-45b1cdea2399,0.05,0.08,ab4a70858e,0.08636197447776794,0.8955223880597032,8.066037735849058,112.48408527317332,14.32,34,22,5,1.5707963267948966,2,4.0,5,0.06,/user/raabe14/u19361/workspace-allen/results/zebra/sub-830795_ses-ecephys-830795-2026-02-23-15-03-59_ecephys.nwb/ProbeD/trial_1/phase_1/lib_ab4a70858e/lib_ab4a70858e__delay_0.05__dur_0.08.h5
976107ac-e5fa-42ca-a02d-3bc7cf7c2502,0.0,0.23,ab4a70858e,0.07365671545267105,51.04477611940298,-0.8962264150943398,112.48408527317332,7.16,62,27,5,1.5707963267948966,0,2.0,0,0.01,/user/raabe14/u19361/workspace-allen/results/zebra/sub-830795_ses-ecephys-830795-2026-02-23-15-03-59_ecephys.nwb/ProbeD/trial_1/phase_1/lib_ab4a70858e/lib_ab4a70858e__delay_0.0__dur_0.23.h5
97d43e25-fadf-4a3e-9887-a4b7fe48832b,0.05,0.18000000000000002,ab4a70858e,0.08050727844238281,4.477611940298516,-33.160377358490564,157.4840764271708,14.32,36,45,7,2.199114857512855,2,4.0,9,0.1,/user/raabe14/u19361/workspace-allen/results/zebra/sub-830795_ses-ecephys-830795-2026-02-23-15-03-59_ecephys.nwb/ProbeD/trial_1/phase_1/lib_ab4a70858e/lib_ab4a70858e__delay_0.05__dur_0.18000000000000002.h5
98123e15-8be9-4cb8-8784-a2bbc77e3410,0.15000000000000002,0.23,ab4a70858e,0.08385869115591049,-4.477611940298509,31.367924528301884,157.4840764271708,14.32,31,9,7,2.199114857512855,2,4.0,12,1.3,/user/raabe14/u19361/workspace-allen/results/zebra/sub-830795_ses-ecephys-830795-2026-02-23-15-03-59_ecephys.nwb/ProbeD/trial_1/phase_1/lib_ab4a70858e/lib_ab4a70858e__delay_0.15000000000000002__dur_0.23.h5
988f98d0-6352-435c-80eb-99350af8a20e,0.0,0.13,ab4a70858e,0.07532200217247009,45.67164179104478,-0.8962264150943398,157.4840764271708,10.74,59,27,7,2.199114857512855,1,3.0,8,0.09,/user/raabe14/u19361/workspace-allen/results/zebra/sub-830795_ses-ecephys-830795-2026-02-23-15-03-59_ecephys.nwb/ProbeD/trial_1/phase_1/lib_ab4a70858e/lib_ab4a70858e__delay_0.0__dur_0.13.h5
98d56fe9-342e-4cfb-9551-7bd637425b85,0.15000000000000002,0.13,ab4a70858e,0.09501790255308151,11.641791044776127,27.783018867924525,45.02251307527088,14.32,40,11,2,0.6283185307179586,2,4.0,9,0.1,/user/raabe14/u19361/workspace-allen/results/zebra/sub-830795_ses-ecephys-830795-2026-02-23-15-03-59_ecephys.nwb/ProbeD/trial_1/phase_1/lib_ab4a70858e/lib_ab4a70858e__delay_0.15000000000000002__dur_0.13.h5
991cc657-1c11-4121-9990-e254f7a630d2,0.0,0.08,ab4a70858e,0.2585606575012207,8.059701492537314,-0.8962264150943398,67.51591472682667,14.32,38,27,3,0.9424777960769379,2,4.0,2,0.03,/user/raabe14/u19361/workspace-allen/results/zebra/sub-830795_ses-ecephys-830795-2026-02-23-15-03-59_ecephys.nwb/ProbeD/trial_1/phase_1/lib_ab4a70858e/lib_ab4a70858e__delay_0.0__dur_0.08.h5
99bfd987-9ce0-413d-a11a-07713cc65956,0.0,0.13,ab4a70858e,0.1505887359380722,24.179104477611943,-34.95283018867924,22.515923572829195,28.65,47,46,1,0.3141592653589793,5,8.0,0,0.01,/user/raabe14/u19361/workspace-allen/results/zebra/sub-830795_ses-ecephys-830795-2026-02-23-15-03-59_ecephys.nwb/ProbeD/trial_1/phase_1/lib_ab4a70858e/lib_ab4a70858e__delay_0.0__dur_0.13.h5
99f5c2ef-be3c-49f0-8039-cae30d698b95,0.05,0.03,ab4a70858e,0.0,-60.0,47.5,0.0,7.16,0,0,0,0.0,0,2.0,0,0.01,/user/raabe14/u19361/workspace-allen/results/zebra/sub-830795_ses-ecephys-830795-2026-02-23-15-03-59_ecephys.nwb/ProbeD/trial_1/phase_1/lib_ab4a70858e/lib_ab4a70858e__delay_0.05__dur_0.03.h5
9ba25161-02f4-4677-b472-5300223d8256,0.15000000000000002,0.23,ab4a70858e,0.08294036239385605,43.88059701492537,-2.6886792452830193,157.4840764271708,10.74,58,28,7,2.199114857512855,1,3.0,12,1.3,/user/raabe14/u19361/workspace-allen/results/zebra/sub-830795_ses-ecephys-830795-2026-02-23-15-03-59_ecephys.nwb/ProbeD/trial_1/phase_1/lib_ab4a70858e/lib_ab4a70858e__delay_0.15000000000000002__dur_0.23.h5
9c4e18b5-e65b-4468-bfbe-0c64d2150808,0.1,0.23,ab4a70858e,0.06711170077323914,31.343283582089555,-2.6886792452830193,22.515923572829163,7.16,51,28,9,2.827433388230814,0,2.0,9,0.1,/user/raabe14/u19361/workspace-allen/results/zebra/sub-830795_ses-ecephys-830795-2026-02-23-15-03-59_ecephys.nwb/ProbeD/trial_1/phase_1/lib_ab4a70858e/lib_ab4a70858e__delay_0.1__dur_0.23.h5
9ccd7b4c-f429-4d5f-b196-9e9628e5524e,0.0,0.18000000000000002,ab4a70858e,0.07539062201976776,36.71641791044776,-9.858490566037737,112.48408527317332,14.32,54,32,5,1.5707963267948966,2,4.0,0,0.01,/user/raabe14/u19361/workspace-allen/results/zebra/sub-830795_ses-ecephys-830795-2026-02-23-15-03-59_ecephys.nwb/ProbeD/trial_1/phase_1/lib_ab4a70858e/lib_ab4a70858e__delay_0.0__dur_0.18000000000000002.h5
9ce659c7-ed5d-4da9-a82a-af332e95f0f3,0.0,0.23,ab4a70858e,0.10480544716119766,-13.43283582089552,-2.6886792452830193,112.48408527317332,10.74,26,28,5,1.5707963267948966,1,3.0,11,1.2,/user/raabe14/u19361/workspace-allen/results/zebra/sub-830795_ses-ecephys-830795-2026-02-23-15-03-59_ecephys.nwb/ProbeD/trial_1/phase_1/lib_ab4a70858e/lib_ab4a70858e__delay_0.0__dur_0.23.h5
9d37d807-6308-4701-8927-3db7f68e358c,0.15000000000000002,0.23,ab4a70858e,0.07663591206073761,29.55223880597015,-0.8962264150943398,0.0,7.16,50,27,0,0.0,0,2.0,11,1.2,/user/raabe14/u19361/workspace-allen/results/zebra/sub-830795_ses-ecephys-830795-2026-02-23-15-03-59_ecephys.nwb/ProbeD/trial_1/phase_1/lib_ab4a70858e/lib_ab4a70858e__delay_0.15000000000000002__dur_0.23.h5
9e1ffa3f-19c7-4907-b93c-f44057d82dd6,0.05,0.08,ab4a70858e,0.1967451572418213,11.641791044776127,-6.273584905660378,0.0,14.32,40,30,0,0.0,2,4.0,3,0.04,/user/raabe14/u19361/workspace-allen/results/zebra/sub-830795_ses-ecephys-830795-2026-02-23-15-03-59_ecephys.nwb/ProbeD/trial_1/phase_1/lib_ab4a70858e/lib_ab4a70858e__delay_0.05__dur_0.08.h5
9e76abfd-9a88-4c12-a9dd-9ae3620cf567,0.0,0.13,ab4a70858e,0.08416199684143066,2.6865671641791096,8.066037735849058,90.0,17.91,35,22,4,1.2566370614359172,3,5.0,0,0.01,/user/raabe14/u19361/workspace-allen/results/zebra/sub-830795_ses-ecephys-830795-2026-02-23-15-03-59_ecephys.nwb/ProbeD/trial_1/phase_1/lib_ab4a70858e/lib_ab4a70858e__delay_0.0__dur_0.13.h5
9ea0113b-a904-4dd0-9ee8-9fe9cc8b492a,0.15000000000000002,0.18000000000000002,ab4a70858e,0.06952390819787979,-24.179104477611936,-6.273584905660378,90.0,17.91,20,30,4,1.2566370614359172,3,5.0,6,0.07,/user/raabe14/u19361/workspace-allen/results/zebra/sub-830795_ses-ecephys-830795-2026-02-23-15-03-59_ecephys.nwb/ProbeD/trial_1/phase_1/lib_ab4a70858e/lib_ab4a70858e__delay_0.15000000000000002__dur_0.18000000000000002.h5
9ead580b-b71f-483c-9068-0173e6a846dd,0.0,0.13,ab4a70858e,0.08936914801597595,-17.014925373134325,-0.8962264150943398,112.48408527317332,21.49,24,27,5,1.5707963267948966,4,6.0,11,1.2,/user/raabe14/u19361/workspace-allen/results/zebra/sub-830795_ses-ecephys-830795-2026-02-23-15-03-59_ecephys.nwb/ProbeD/trial_1/phase_1/lib_ab4a70858e/lib_ab4a70858e__delay_0.0__dur_0.13.h5
9ed41d6d-380a-401a-ae62-1fdbbb2da463,0.25,0.23,ab4a70858e,0.08430296182632446,27.761194029850756,8.066037735849058,157.4840764271708,10.74,49,22,7,2.199114857512855,1,3.0,12,1.3,/user/raabe14/u19361/workspace-allen/results/zebra/sub-830795_ses-ecephys-830795-2026-02-23-15-03-59_ecephys.nwb/ProbeD/trial_1/phase_1/lib_ab4a70858e/lib_ab4a70858e__delay_0.25__dur_0.23.h5
9effee6e-a089-4562-90c9-580e507197ec,0.25,0.23,ab4a70858e,0.08452588319778442,-38.507462686567166,-15.235849056603776,157.4840764271708,17.91,12,35,7,2.199114857512855,3,5.0,9,0.1,/user/raabe14/u19361/workspace-allen/results/zebra/sub-830795_ses-ecephys-830795-2026-02-23-15-03-59_ecephys.nwb/ProbeD/trial_1/phase_1/lib_ab4a70858e/lib_ab4a70858e__delay_0.25__dur_0.23.h5
9fa2d2f0-98aa-4ac5-bfc9-27a718a8ee3d,0.1,0.18000000000000002,ab4a70858e,0.14014668762683868,-18.80597014925373,-18.82075471698113,157.4840764271708,17.91,23,37,7,2.199114857512855,3,5.0,12,1.3,/user/raabe14/u19361/workspace-allen/results/zebra/sub-830795_ses-ecephys-830795-2026-02-23-15-03-59_ecephys.nwb/ProbeD/trial_1/phase_1/lib_ab4a70858e/lib_ab4a70858e__delay_0.1__dur_0.18000000000000002.h5
a058c0a7-7dc0-4829-9a5a-27464350f20b,0.30000000000000004,0.18000000000000002,ab4a70858e,0.11156127601861954,29.55223880597015,-13.443396226415096,0.0,14.32,50,34,0,0.0,2,4.0,11,1.2,/user/raabe14/u19361/workspace-allen/results/zebra/sub-830795_ses-ecephys-830795-2026-02-23-15-03-59_ecephys.nwb/ProbeD/trial_1/phase_1/lib_ab4a70858e/lib_ab4a70858e__delay_0.30000000000000004__dur_0.18000000000000002.h5
a09b9a1c-e98e-4909-8700-065d04a29c80,0.30000000000000004,0.23,ab4a70858e,0.07862838357686996,6.268656716417908,-34.95283018867924,67.51591472682667,28.65,37,46,3,0.9424777960769379,5,8.0,7,0.08,/user/raabe14/u19361/workspace-allen/results/zebra/sub-830795_ses-ecephys-830795-2026-02-23-15-03-59_ecephys.nwb/ProbeD/trial_1/phase_1/lib_ab4a70858e/lib_ab4a70858e__delay_0.30000000000000004__dur_0.23.h5
a0a3deff-8dd6-4ba4-a708-2dadcc67c8a5,0.15000000000000002,0.13,ab4a70858e,0.07723128795623779,-25.970149253731343,29.575471698113205,0.0,10.74,19,10,0,0.0,1,3.0,11,1.2,/user/raabe14/u19361/workspace-allen/results/zebra/sub-830795_ses-ecephys-830795-2026-02-23-15-03-59_ecephys.nwb/ProbeD/trial_1/phase_1/lib_ab4a70858e/lib_ab4a70858e__delay_0.15000000000000002__dur_0.13.h5
a0d30881-b71a-451f-8cd8-f7ebac90933e,0.2,0.18000000000000002,ab4a70858e,0.09290419518947601,2.6865671641791096,15.235849056603776,134.9774869247291,17.91,35,18,6,1.8849555921538759,3,5.0,9,0.1,/user/raabe14/u19361/workspace-allen/results/zebra/sub-830795_ses-ecephys-830795-2026-02-23-15-03-59_ecephys.nwb/ProbeD/trial_1/phase_1/lib_ab4a70858e/lib_ab4a70858e__delay_0.2__dur_0.18000000000000002.h5
a11d46d6-84a3-4a7c-9455-80abc8dc7568,0.2,0.23,ab4a70858e,0.07093396782875061,-31.34328358208955,47.5,22.515923572829195,21.49,16,0,1,0.3141592653589793,4,6.0,5,0.06,/user/raabe14/u19361/workspace-allen/results/zebra/sub-830795_ses-ecephys-830795-2026-02-23-15-03-59_ecephys.nwb/ProbeD/trial_1/phase_1/lib_ab4a70858e/lib_ab4a70858e__delay_0.2__dur_0.23.h5
a15b36f4-700f-4cc0-a721-67381ebfbc64,0.15000000000000002,0.23,ab4a70858e,0.08201557397842407,-2.6865671641791025,29.575471698113205,22.515923572829163,21.49,32,10,9,2.827433388230814,4,6.0,7,0.08,/user/raabe14/u19361/workspace-allen/results/zebra/sub-830795_ses-ecephys-830795-2026-02-23-15-03-59_ecephys.nwb/ProbeD/trial_1/phase_1/lib_ab4a70858e/lib_ab4a70858e__delay_0.15000000000000002__dur_0.23.h5
a165f6a1-a6c3-4ca3-a212-4912cf76adfa,0.15000000000000002,0.18000000000000002,ab4a70858e,0.07461290806531906,-49.25373134328358,33.160377358490564,112.48408527317332,21.49,6,8,5,1.5707963267948966,4,6.0,5,0.06,/user/raabe14/u19361/workspace-allen/results/zebra/sub-830795_ses-ecephys-830795-2026-02-23-15-03-59_ecephys.nwb/ProbeD/trial_1/phase_1/lib_ab4a70858e/lib_ab4a70858e__delay_0.15000000000000002__dur_0.18000000000000002.h5
a1c2804b-9db6-4f0a-b8cf-605f1e98e8e8,0.0,0.23,ab4a70858e,0.07614856213331223,-25.970149253731343,-38.5377358490566,67.51591472682667,28.65,19,48,3,0.9424777960769379,5,8.0,8,0.09,/user/raabe14/u19361/workspace-allen/results/zebra/sub-830795_ses-ecephys-830795-2026-02-23-15-03-59_ecephys.nwb/ProbeD/trial_1/phase_1/lib_ab4a70858e/lib_ab4a70858e__delay_0.0__dur_0.23.h5
a234b5c4-be2d-4bbd-9a75-4dfc233607f1,0.15000000000000002,0.13,ab4a70858e,0.07494565099477768,-49.25373134328358,-36.74528301886792,112.48408527317332,21.49,6,47,5,1.5707963267948966,4,6.0,0,0.01,/user/raabe14/u19361/workspace-allen/results/zebra/sub-830795_ses-ecephys-830795-2026-02-23-15-03-59_ecephys.nwb/ProbeD/trial_1/phase_1/lib_ab4a70858e/lib_ab4a70858e__delay_0.15000000000000002__dur_0.13.h5
a28a8bb6-2e3b-425c-8c51-bef1c076c7d5,0.1,0.18000000000000002,ab4a70858e,0.08165762573480606,51.04477611940298,34.95283018867924,90.0,10.74,62,7,4,1.2566370614359172,1,3.0,3,0.04,/user/raabe14/u19361/workspace-allen/results/zebra/sub-830795_ses-ecephys-830795-2026-02-23-15-03-59_ecephys.nwb/ProbeD/trial_1/phase_1/lib_ab4a70858e/lib_ab4a70858e__delay_0.1__dur_0.18000000000000002.h5
a2e1dba4-f308-414b-86f5-fba00728d6e5,0.0,0.13,ab4a70858e,0.12250596284866333,11.641791044776127,-6.273584905660378,90.0,21.49,40,30,4,1.2566370614359172,4,6.0,0,0.01,/user/raabe14/u19361/workspace-allen/results/zebra/sub-830795_ses-ecephys-830795-2026-02-23-15-03-59_ecephys.nwb/ProbeD/trial_1/phase_1/lib_ab4a70858e/lib_ab4a70858e__delay_0.0__dur_0.13.h5
a2f77d85-bdb8-455d-895e-eaa29845bf70,0.05,0.18000000000000002,ab4a70858e,0.08146412670612335,4.477611940298516,22.405660377358487,0.0,7.16,36,14,0,0.0,0,2.0,0,0.01,/user/raabe14/u19361/workspace-allen/results/zebra/sub-830795_ses-ecephys-830795-2026-02-23-15-03-59_ecephys.nwb/ProbeD/trial_1/phase_1/lib_ab4a70858e/lib_ab4a70858e__delay_0.05__dur_0.18000000000000002.h5
a33cb04a-9906-4109-a1fe-b12f57d80273,0.25,0.23,ab4a70858e,0.08607198297977448,-4.477611940298509,20.613207547169807,180.0,7.16,31,15,8,2.5132741228718345,0,2.0,12,1.3,/user/raabe14/u19361/workspace-allen/results/zebra/sub-830795_ses-ecephys-830795-2026-02-23-15-03-59_ecephys.nwb/ProbeD/trial_1/phase_1/lib_ab4a70858e/lib_ab4a70858e__delay_0.25__dur_0.23.h5
a3720509-6972-40ae-9f9c-b8fb9130390c,0.0,0.18000000000000002,ab4a70858e,0.07373692840337753,27.761194029850756,17.02830188679245,67.51591472682667,28.65,49,17,3,0.9424777960769379,5,8.0,4,0.05,/user/raabe14/u19361/workspace-allen/results/zebra/sub-830795_ses-ecephys-830795-2026-02-23-15-03-59_ecephys.nwb/ProbeD/trial_1/phase_1/lib_ab4a70858e/lib_ab4a70858e__delay_0.0__dur_0.18000000000000002.h5
a41ab9e3-b954-425b-90d7-58ddf9cab059,0.30000000000000004,0.18000000000000002,ab4a70858e,0.08267996460199356,-17.014925373134325,-9.858490566037737,180.0,14.32,24,32,8,2.5132741228718345,2,4.0,12,1.3,/user/raabe14/u19361/workspace-allen/results/zebra/sub-830795_ses-ecephys-830795-2026-02-23-15-03-59_ecephys.nwb/ProbeD/trial_1/phase_1/lib_ab4a70858e/lib_ab4a70858e__delay_0.30000000000000004__dur_0.18000000000000002.h5
a4c216ca-c7d5-4670-90ff-e6dda5d2bdf1,0.15000000000000002,0.13,ab4a70858e,0.0825464203953743,-9.850746268656714,-9.858490566037737,112.48408527317332,7.16,28,32,5,1.5707963267948966,0,2.0,11,1.2,/user/raabe14/u19361/workspace-allen/results/zebra/sub-830795_ses-ecephys-830795-2026-02-23-15-03-59_ecephys.nwb/ProbeD/trial_1/phase_1/lib_ab4a70858e/lib_ab4a70858e__delay_0.15000000000000002__dur_0.13.h5
a4dce426-17af-4317-8d26-5fbe6fdf5fcc,0.05,0.03,ab4a70858e,0.0,-60.0,47.5,0.0,7.16,0,0,0,0.0,0,2.0,0,0.01,/user/raabe14/u19361/workspace-allen/results/zebra/sub-830795_ses-ecephys-830795-2026-02-23-15-03-59_ecephys.nwb/ProbeD/trial_1/phase_1/lib_ab4a70858e/lib_ab4a70858e__delay_0.05__dur_0.03.h5
a4e76da5-6629-4a26-b5dd-963442b5d128,0.2,0.23,ab4a70858e,0.08087079226970673,8.059701492537314,-13.443396226415096,0.0,10.74,38,34,0,0.0,1,3.0,0,0.01,/user/raabe14/u19361/workspace-allen/results/zebra/sub-830795_ses-ecephys-830795-2026-02-23-15-03-59_ecephys.nwb/ProbeD/trial_1/phase_1/lib_ab4a70858e/lib_ab4a70858e__delay_0.2__dur_0.23.h5
a50c7f0e-f0af-462a-9684-d62ad1adb4bb,0.30000000000000004,0.18000000000000002,ab4a70858e,0.08023445308208466,2.6865671641791096,31.367924528301884,45.02251307527088,7.16,35,9,2,0.6283185307179586,0,2.0,9,0.1,/user/raabe14/u19361/workspace-allen/results/zebra/sub-830795_ses-ecephys-830795-2026-02-23-15-03-59_ecephys.nwb/ProbeD/trial_1/phase_1/lib_ab4a70858e/lib_ab4a70858e__delay_0.30000000000000004__dur_0.18000000000000002.h5
a5794ec8-2c4e-4cf9-a4ef-34f0ae077840,0.05,0.18000000000000002,ab4a70858e,0.08752717822790146,-6.268656716417908,-17.028301886792452,0.0,7.16,30,36,0,0.0,0,2.0,11,1.2,/user/raabe14/u19361/workspace-allen/results/zebra/sub-830795_ses-ecephys-830795-2026-02-23-15-03-59_ecephys.nwb/ProbeD/trial_1/phase_1/lib_ab4a70858e/lib_ab4a70858e__delay_0.05__dur_0.18000000000000002.h5
a5fd0aa6-9660-4f6a-a71e-ce6960ab1901,0.0,0.13,ab4a70858e,0.252372682094574,20.59701492537313,-11.650943396226417,67.51591472682667,17.91,45,33,3,0.9424777960769379,3,5.0,3,0.04,/user/raabe14/u19361/workspace-allen/results/zebra/sub-830795_ses-ecephys-830795-2026-02-23-15-03-59_ecephys.nwb/ProbeD/trial_1/phase_1/lib_ab4a70858e/lib_ab4a70858e__delay_0.0__dur_0.13.h5
a60e0ff9-d613-4bf1-9799-21d3f24a264c,0.05,0.18000000000000002,ab4a70858e,0.12267696857452393,-15.223880597014926,-11.650943396226417,67.51591472682667,10.74,25,33,3,0.9424777960769379,1,3.0,12,1.3,/user/raabe14/u19361/workspace-allen/results/zebra/sub-830795_ses-ecephys-830795-2026-02-23-15-03-59_ecephys.nwb/ProbeD/trial_1/phase_1/lib_ab4a70858e/lib_ab4a70858e__delay_0.05__dur_0.18000000000000002.h5
a639a66d-7d2f-4262-8c38-7697dcc83596,0.0,0.18000000000000002,ab4a70858e,0.15487293899059296,-27.761194029850742,18.820754716981128,45.02251307527088,14.32,18,16,2,0.6283185307179586,2,4.0,12,1.3,/user/raabe14/u19361/workspace-allen/results/zebra/sub-830795_ses-ecephys-830795-2026-02-23-15-03-59_ecephys.nwb/ProbeD/trial_1/phase_1/lib_ab4a70858e/lib_ab4a70858e__delay_0.0__dur_0.18000000000000002.h5
a6656986-06d1-4e4b-9fd2-c47cd1999fd6,0.30000000000000004,0.18000000000000002,ab4a70858e,0.07270609587430954,56.4179104477612,42.12264150943396,67.51591472682667,7.16,65,3,3,0.9424777960769379,0,2.0,9,0.1,/user/raabe14/u19361/workspace-allen/results/zebra/sub-830795_ses-ecephys-830795-2026-02-23-15-03-59_ecephys.nwb/ProbeD/trial_1/phase_1/lib_ab4a70858e/lib_ab4a70858e__delay_0.30000000000000004__dur_0.18000000000000002.h5
a667f494-f188-495d-a48d-26360612ff6b,0.25,0.18000000000000002,ab4a70858e,0.108150914311409,-13.43283582089552,-9.858490566037737,22.515923572829195,28.65,26,32,1,0.3141592653589793,5,8.0,8,0.09,/user/raabe14/u19361/workspace-allen/results/zebra/sub-830795_ses-ecephys-830795-2026-02-23-15-03-59_ecephys.nwb/ProbeD/trial_1/phase_1/lib_ab4a70858e/lib_ab4a70858e__delay_0.25__dur_0.18000000000000002.h5
a71429be-e8f6-4164-b38e-663b63de3ffa,0.0,0.13,ab4a70858e,0.20652979612350464,24.179104477611943,-4.481132075471699,90.0,14.32,47,29,4,1.2566370614359172,2,4.0,0,0.01,/user/raabe14/u19361/workspace-allen/results/zebra/sub-830795_ses-ecephys-830795-2026-02-23-15-03-59_ecephys.nwb/ProbeD/trial_1/phase_1/lib_ab4a70858e/lib_ab4a70858e__delay_0.0__dur_0.13.h5
a7825ada-5cb4-4f52-88ff-a5a789a73204,0.2,0.23,ab4a70858e,0.08530326187610626,58.20895522388061,-6.273584905660378,0.0,14.32,66,30,0,0.0,2,4.0,11,1.2,/user/raabe14/u19361/workspace-allen/results/zebra/sub-830795_ses-ecephys-830795-2026-02-23-15-03-59_ecephys.nwb/ProbeD/trial_1/phase_1/lib_ab4a70858e/lib_ab4a70858e__delay_0.2__dur_0.23.h5
a861cd10-b375-4912-a704-2182be281d66,0.0,0.03,ab4a70858e,0.0766710638999939,52.83582089552239,25.990566037735846,112.48408527317332,28.65,63,12,5,1.5707963267948966,5,8.0,0,0.01,/user/raabe14/u19361/workspace-allen/results/zebra/sub-830795_ses-ecephys-830795-2026-02-23-15-03-59_ecephys.nwb/ProbeD/trial_1/phase_1/lib_ab4a70858e/lib_ab4a70858e__delay_0.0__dur_0.03.h5
a89a26d2-8f27-44ab-8f9b-fa497142a518,0.30000000000000004,0.23,ab4a70858e,0.19717003405094147,-18.80597014925373,-22.40566037735849,157.4840764271708,14.32,23,39,7,2.199114857512855,2,4.0,12,1.3,/user/raabe14/u19361/workspace-allen/results/zebra/sub-830795_ses-ecephys-830795-2026-02-23-15-03-59_ecephys.nwb/ProbeD/trial_1/phase_1/lib_ab4a70858e/lib_ab4a70858e__delay_0.30000000000000004__dur_0.23.h5
a8c76177-a194-4639-b542-382af0ac7a68,0.15000000000000002,0.18000000000000002,ab4a70858e,0.07991818338632584,-24.179104477611936,17.02830188679245,112.48408527317332,28.65,20,17,5,1.5707963267948966,5,8.0,11,1.2,/user/raabe14/u19361/workspace-allen/results/zebra/sub-830795_ses-ecephys-830795-2026-02-23-15-03-59_ecephys.nwb/ProbeD/trial_1/phase_1/lib_ab4a70858e/lib_ab4a70858e__delay_0.15000000000000002__dur_0.18000000000000002.h5
a8d5a404-f6e2-457a-b295-4bf2ebc4ba79,0.30000000000000004,0.08,ab4a70858e,0.08363498747348785,20.59701492537313,17.02830188679245,0.0,14.32,45,17,0,0.0,2,4.0,11,1.2,/user/raabe14/u19361/workspace-allen/results/zebra/sub-830795_ses-ecephys-830795-2026-02-23-15-03-59_ecephys.nwb/ProbeD/trial_1/phase_1/lib_ab4a70858e/lib_ab4a70858e__delay_0.30000000000000004__dur_0.08.h5
a90bf18f-7c35-4f6f-a9c5-55b994096cc0,0.15000000000000002,0.23,ab4a70858e,0.07808992266654968,-15.223880597014926,-22.40566037735849,157.4840764271708,10.74,25,39,7,2.199114857512855,1,3.0,12,1.3,/user/raabe14/u19361/workspace-allen/results/zebra/sub-830795_ses-ecephys-830795-2026-02-23-15-03-59_ecephys.nwb/ProbeD/trial_1/phase_1/lib_ab4a70858e/lib_ab4a70858e__delay_0.15000000000000002__dur_0.23.h5
a964379e-b1b5-4b68-97e9-442d20d7ec82,0.30000000000000004,0.23,ab4a70858e,0.07775603979825974,-17.014925373134325,11.650943396226417,0.0,14.32,24,20,0,0.0,2,4.0,11,1.2,/user/raabe14/u19361/workspace-allen/results/zebra/sub-830795_ses-ecephys-830795-2026-02-23-15-03-59_ecephys.nwb/ProbeD/trial_1/phase_1/lib_ab4a70858e/lib_ab4a70858e__delay_0.30000000000000004__dur_0.23.h5
a9b97e8e-8665-4929-b5f5-f1faeab03219,0.05,0.23,ab4a70858e,0.07813569903373718,-33.134328358208954,0.8962264150943398,112.48408527317332,14.32,15,26,5,1.5707963267948966,2,4.0,11,1.2,/user/raabe14/u19361/workspace-allen/results/zebra/sub-830795_ses-ecephys-830795-2026-02-23-15-03-59_ecephys.nwb/ProbeD/trial_1/phase_1/lib_ab4a70858e/lib_ab4a70858e__delay_0.05__dur_0.23.h5
aa1dd0d7-af70-4a54-a762-188bb74b0717,0.30000000000000004,0.23,ab4a70858e,0.08623433113098145,9.85074626865672,-29.57547169811321,0.0,7.16,39,43,0,0.0,0,2.0,0,0.01,/user/raabe14/u19361/workspace-allen/results/zebra/sub-830795_ses-ecephys-830795-2026-02-23-15-03-59_ecephys.nwb/ProbeD/trial_1/phase_1/lib_ab4a70858e/lib_ab4a70858e__delay_0.30000000000000004__dur_0.23.h5
aaaa488f-3079-42ff-a236-7f9d68b3dc38,0.1,0.18000000000000002,ab4a70858e,0.09275680035352707,-17.014925373134325,-22.40566037735849,157.4840764271708,17.91,24,39,7,2.199114857512855,3,5.0,12,1.3,/user/raabe14/u19361/workspace-allen/results/zebra/sub-830795_ses-ecephys-830795-2026-02-23-15-03-59_ecephys.nwb/ProbeD/trial_1/phase_1/lib_ab4a70858e/lib_ab4a70858e__delay_0.1__dur_0.18000000000000002.h5
ab3b717c-2fd4-4192-89a7-752602043e57,0.0,0.13,ab4a70858e,0.17899839580059052,24.179104477611943,-27.78301886792453,22.515923572829195,28.65,47,42,1,0.3141592653589793,5,8.0,0,0.01,/user/raabe14/u19361/workspace-allen/results/zebra/sub-830795_ses-ecephys-830795-2026-02-23-15-03-59_ecephys.nwb/ProbeD/trial_1/phase_1/lib_ab4a70858e/lib_ab4a70858e__delay_0.0__dur_0.13.h5
abd3dfcd-ada3-4ee8-aa77-3a8a9d08be35,0.05,0.03,ab4a70858e,0.0,-60.0,47.5,0.0,7.16,0,0,0,0.0,0,2.0,0,0.01,/user/raabe14/u19361/workspace-allen/results/zebra/sub-830795_ses-ecephys-830795-2026-02-23-15-03-59_ecephys.nwb/ProbeD/trial_1/phase_1/lib_ab4a70858e/lib_ab4a70858e__delay_0.05__dur_0.03.h5
ad3a05b9-33d5-4b60-84fe-7dd38dfd2f8b,0.05,0.03,ab4a70858e,0.0,-60.0,47.5,0.0,7.16,0,0,0,0.0,0,2.0,0,0.01,/user/raabe14/u19361/workspace-allen/results/zebra/sub-830795_ses-ecephys-830795-2026-02-23-15-03-59_ecephys.nwb/ProbeD/trial_1/phase_1/lib_ab4a70858e/lib_ab4a70858e__delay_0.05__dur_0.03.h5
ae21f98f-ed72-435c-8185-776e6fdd23d7,0.30000000000000004,0.23,ab4a70858e,0.1023058369755745,-22.388059701492537,22.405660377358487,45.02251307527088,14.32,21,14,2,0.6283185307179586,2,4.0,9,0.1,/user/raabe14/u19361/workspace-allen/results/zebra/sub-830795_ses-ecephys-830795-2026-02-23-15-03-59_ecephys.nwb/ProbeD/trial_1/phase_1/lib_ab4a70858e/lib_ab4a70858e__delay_0.30000000000000004__dur_0.23.h5
ae52e6b9-0c3b-4984-94ee-2833f2120a7e,0.2,0.23,ab4a70858e,0.11015509814023972,-42.089552238805965,42.12264150943396,112.48408527317332,17.91,10,3,5,1.5707963267948966,3,5.0,11,1.2,/user/raabe14/u19361/workspace-allen/results/zebra/sub-830795_ses-ecephys-830795-2026-02-23-15-03-59_ecephys.nwb/ProbeD/trial_1/phase_1/lib_ab4a70858e/lib_ab4a70858e__delay_0.2__dur_0.23.h5
aed1f723-68d5-4a4b-ac4d-4ad8a05095e2,0.1,0.08,ab4a70858e,0.08270226418972015,-22.388059701492537,-17.028301886792452,45.02251307527088,14.32,21,36,2,0.6283185307179586,2,4.0,0,0.01,/user/raabe14/u19361/workspace-allen/results/zebra/sub-830795_ses-ecephys-830795-2026-02-23-15-03-59_ecephys.nwb/ProbeD/trial_1/phase_1/lib_ab4a70858e/lib_ab4a70858e__delay_0.1__dur_0.08.h5
aee014ef-d769-41c1-9898-14a5bacc2d7c,0.15000000000000002,0.23,ab4a70858e,0.08714873343706131,-17.014925373134325,15.235849056603776,45.02251307527088,7.16,24,18,2,0.6283185307179586,0,2.0,11,1.2,/user/raabe14/u19361/workspace-allen/results/zebra/sub-830795_ses-ecephys-830795-2026-02-23-15-03-59_ecephys.nwb/ProbeD/trial_1/phase_1/lib_ab4a70858e/lib_ab4a70858e__delay_0.15000000000000002__dur_0.23.h5
af081866-ff03-42f5-be90-c6c006e7207c,0.2,0.23,ab4a70858e,0.11909221857786179,-0.8955223880596961,27.783018867924525,157.4840764271708,10.74,33,11,7,2.199114857512855,1,3.0,12,1.3,/user/raabe14/u19361/workspace-allen/results/zebra/sub-830795_ses-ecephys-830795-2026-02-23-15-03-59_ecephys.nwb/ProbeD/trial_1/phase_1/lib_ab4a70858e/lib_ab4a70858e__delay_0.2__dur_0.23.h5
af395fb5-c9c5-4f2c-bb96-2d41c23c8ec5,0.1,0.23,ab4a70858e,0.08800909668207169,58.20895522388061,-13.443396226415096,67.51591472682667,14.32,66,34,3,0.9424777960769379,2,4.0,12,1.3,/user/raabe14/u19361/workspace-allen/results/zebra/sub-830795_ses-ecephys-830795-2026-02-23-15-03-59_ecephys.nwb/ProbeD/trial_1/phase_1/lib_ab4a70858e/lib_ab4a70858e__delay_0.1__dur_0.23.h5
af7c26a0-2c29-46c4-b416-e481f36ddadc,0.1,0.13,ab4a70858e,0.07754524052143097,-60.0,25.990566037735846,134.9774869247291,28.65,0,12,6,1.8849555921538759,5,8.0,4,0.05,/user/raabe14/u19361/workspace-allen/results/zebra/sub-830795_ses-ecephys-830795-2026-02-23-15-03-59_ecephys.nwb/ProbeD/trial_1/phase_1/lib_ab4a70858e/lib_ab4a70858e__delay_0.1__dur_0.13.h5
aff1040c-0861-4167-b011-0b2628f8e79c,0.15000000000000002,0.13,ab4a70858e,0.07279012352228165,20.59701492537313,9.858490566037737,0.0,21.49,45,21,0,0.0,4,6.0,9,0.1,/user/raabe14/u19361/workspace-allen/results/zebra/sub-830795_ses-ecephys-830795-2026-02-23-15-03-59_ecephys.nwb/ProbeD/trial_1/phase_1/lib_ab4a70858e/lib_ab4a70858e__delay_0.15000000000000002__dur_0.13.h5
b084452d-b315-4ed8-b360-b3c079d2cef1,0.1,0.18000000000000002,ab4a70858e,0.07153355330228806,-8.059701492537314,13.443396226415096,22.515923572829163,28.65,29,19,9,2.827433388230814,5,8.0,3,0.04,/user/raabe14/u19361/workspace-allen/results/zebra/sub-830795_ses-ecephys-830795-2026-02-23-15-03-59_ecephys.nwb/ProbeD/trial_1/phase_1/lib_ab4a70858e/lib_ab4a70858e__delay_0.1__dur_0.18000000000000002.h5
b10d6736-da6b-4543-b678-4a79c859da2d,0.1,0.18000000000000002,ab4a70858e,0.07148515433073044,-0.8955223880596961,-27.78301886792453,157.4840764271708,28.65,33,42,7,2.199114857512855,5,8.0,3,0.04,/user/raabe14/u19361/workspace-allen/results/zebra/sub-830795_ses-ecephys-830795-2026-02-23-15-03-59_ecephys.nwb/ProbeD/trial_1/phase_1/lib_ab4a70858e/lib_ab4a70858e__delay_0.1__dur_0.18000000000000002.h5
b21251be-8ad9-402d-9f39-bbcad231cabc,0.0,0.23,ab4a70858e,0.08227894455194473,38.507462686567166,36.74528301886792,180.0,28.65,55,6,8,2.5132741228718345,5,8.0,0,0.01,/user/raabe14/u19361/workspace-allen/results/zebra/sub-830795_ses-ecephys-830795-2026-02-23-15-03-59_ecephys.nwb/ProbeD/trial_1/phase_1/lib_ab4a70858e/lib_ab4a70858e__delay_0.0__dur_0.23.h5
b21d9a43-d84e-42d8-9443-3deb7ab23d1a,0.0,0.08,ab4a70858e,0.09598777443170547,13.43283582089552,6.273584905660378,180.0,17.91,41,23,8,2.5132741228718345,3,5.0,0,0.01,/user/raabe14/u19361/workspace-allen/results/zebra/sub-830795_ses-ecephys-830795-2026-02-23-15-03-59_ecephys.nwb/ProbeD/trial_1/phase_1/lib_ab4a70858e/lib_ab4a70858e__delay_0.0__dur_0.08.h5
b2302101-f67f-401e-bb5d-28ec5f06e09e,0.30000000000000004,0.23,ab4a70858e,0.07730422914028168,20.59701492537313,0.8962264150943398,90.0,7.16,45,26,4,1.2566370614359172,0,2.0,6,0.07,/user/raabe14/u19361/workspace-allen/results/zebra/sub-830795_ses-ecephys-830795-2026-02-23-15-03-59_ecephys.nwb/ProbeD/trial_1/phase_1/lib_ab4a70858e/lib_ab4a70858e__delay_0.30000000000000004__dur_0.23.h5
b2415a27-9ef1-438f-936d-24a701c3931f,0.0,0.08,ab4a70858e,0.17617952823638916,15.223880597014926,-11.650943396226417,67.51591472682667,10.74,42,33,3,0.9424777960769379,1,3.0,0,0.01,/user/raabe14/u19361/workspace-allen/results/zebra/sub-830795_ses-ecephys-830795-2026-02-23-15-03-59_ecephys.nwb/ProbeD/trial_1/phase_1/lib_ab4a70858e/lib_ab4a70858e__delay_0.0__dur_0.08.h5
b30386a6-eb2f-45bc-8494-2b0da2409c0b,0.0,0.13,ab4a70858e,0.11305218189954758,-17.014925373134325,-2.6886792452830193,22.515923572829195,28.65,24,28,1,0.3141592653589793,5,8.0,1,0.02,/user/raabe14/u19361/workspace-allen/results/zebra/sub-830795_ses-ecephys-830795-2026-02-23-15-03-59_ecephys.nwb/ProbeD/trial_1/phase_1/lib_ab4a70858e/lib_ab4a70858e__delay_0.0__dur_0.13.h5
b3243145-eb7f-4cb1-ae79-6e3034d22215,0.15000000000000002,0.23,ab4a70858e,0.07251952588558197,54.626865671641795,-6.273584905660378,0.0,7.16,64,30,0,0.0,0,2.0,11,1.2,/user/raabe14/u19361/workspace-allen/results/zebra/sub-830795_ses-ecephys-830795-2026-02-23-15-03-59_ecephys.nwb/ProbeD/trial_1/phase_1/lib_ab4a70858e/lib_ab4a70858e__delay_0.15000000000000002__dur_0.23.h5
b39ab3a6-e6ef-4cc5-8f2f-e0f2a93a010e,0.0,0.13,ab4a70858e,0.15447314083576202,-6.268656716417908,9.858490566037737,0.0,28.65,30,21,0,0.0,5,8.0,0,0.01,/user/raabe14/u19361/workspace-allen/results/zebra/sub-830795_ses-ecephys-830795-2026-02-23-15-03-59_ecephys.nwb/ProbeD/trial_1/phase_1/lib_ab4a70858e/lib_ab4a70858e__delay_0.0__dur_0.13.h5
b3bdbeff-662a-49a4-ae95-7c807f5fa872,0.2,0.23,ab4a70858e,0.08011041581630707,38.507462686567166,-25.99056603773585,45.02251307527088,21.49,55,41,2,0.6283185307179586,4,6.0,9,0.1,/user/raabe14/u19361/workspace-allen/results/zebra/sub-830795_ses-ecephys-830795-2026-02-23-15-03-59_ecephys.nwb/ProbeD/trial_1/phase_1/lib_ab4a70858e/lib_ab4a70858e__delay_0.2__dur_0.23.h5
b3dccb11-9b67-4986-aedd-d2b31ddcedc6,0.05,0.03,ab4a70858e,0.0,-60.0,47.5,0.0,7.16,0,0,0,0.0,0,2.0,0,0.01,/user/raabe14/u19361/workspace-allen/results/zebra/sub-830795_ses-ecephys-830795-2026-02-23-15-03-59_ecephys.nwb/ProbeD/trial_1/phase_1/lib_ab4a70858e/lib_ab4a70858e__delay_0.05__dur_0.03.h5
b4572b46-6b51-4fc6-b2ae-745d35ada3fa,0.0,0.23,ab4a70858e,0.07069920748472214,-31.34328358208955,45.70754716981132,22.515923572829163,7.16,16,1,9,2.827433388230814,0,2.0,9,0.1,/user/raabe14/u19361/workspace-allen/results/zebra/sub-830795_ses-ecephys-830795-2026-02-23-15-03-59_ecephys.nwb/ProbeD/trial_1/phase_1/lib_ab4a70858e/lib_ab4a70858e__delay_0.0__dur_0.23.h5
b562b9c6-4116-4f0b-b3db-a8cf9957dee5,0.2,0.23,ab4a70858e,0.08590113371610641,-31.34328358208955,-8.066037735849058,134.9774869247291,7.16,16,31,6,1.8849555921538759,0,2.0,9,0.1,/user/raabe14/u19361/workspace-allen/results/zebra/sub-830795_ses-ecephys-830795-2026-02-23-15-03-59_ecephys.nwb/ProbeD/trial_1/phase_1/lib_ab4a70858e/lib_ab4a70858e__delay_0.2__dur_0.23.h5
b6d50025-b967-4e11-bebe-0541f6821d4a,0.05,0.08,ab4a70858e,0.31753283739089966,20.59701492537313,-29.57547169811321,22.515923572829195,28.65,45,43,1,0.3141592653589793,5,8.0,0,0.01,/user/raabe14/u19361/workspace-allen/results/zebra/sub-830795_ses-ecephys-830795-2026-02-23-15-03-59_ecephys.nwb/ProbeD/trial_1/phase_1/lib_ab4a70858e/lib_ab4a70858e__delay_0.05__dur_0.08.h5
b747b0ab-ae69-4372-bb82-8aacb43be8ff,0.25,0.08,ab4a70858e,0.07610000669956207,-15.223880597014926,34.95283018867924,180.0,10.74,25,7,8,2.5132741228718345,1,3.0,12,1.3,/user/raabe14/u19361/workspace-allen/results/zebra/sub-830795_ses-ecephys-830795-2026-02-23-15-03-59_ecephys.nwb/ProbeD/trial_1/phase_1/lib_ab4a70858e/lib_ab4a70858e__delay_0.25__dur_0.08.h5
b75915f2-6e2a-4fb7-ae84-bb8ae8a0fd57,0.1,0.18000000000000002,ab4a70858e,0.07907899469137192,-25.970149253731343,-11.650943396226417,45.02251307527088,28.65,19,33,2,0.6283185307179586,5,8.0,2,0.03,/user/raabe14/u19361/workspace-allen/results/zebra/sub-830795_ses-ecephys-830795-2026-02-23-15-03-59_ecephys.nwb/ProbeD/trial_1/phase_1/lib_ab4a70858e/lib_ab4a70858e__delay_0.1__dur_0.18000000000000002.h5
b8482465-c399-4ac2-918a-64f7122139d2,0.2,0.23,ab4a70858e,0.0964365154504776,-4.477611940298509,18.820754716981128,180.0,10.74,31,16,8,2.5132741228718345,1,3.0,12,1.3,/user/raabe14/u19361/workspace-allen/results/zebra/sub-830795_ses-ecephys-830795-2026-02-23-15-03-59_ecephys.nwb/ProbeD/trial_1/phase_1/lib_ab4a70858e/lib_ab4a70858e__delay_0.2__dur_0.23.h5
ba9cd77c-73a6-4e62-8b36-180403ddae7c,0.1,0.18000000000000002,ab4a70858e,0.07584372907876968,-2.6865671641791025,40.33018867924528,45.02251307527088,14.32,32,4,2,0.6283185307179586,2,4.0,9,0.1,/user/raabe14/u19361/workspace-allen/results/zebra/sub-830795_ses-ecephys-830795-2026-02-23-15-03-59_ecephys.nwb/ProbeD/trial_1/phase_1/lib_ab4a70858e/lib_ab4a70858e__delay_0.1__dur_0.18000000000000002.h5
baaaccc3-98e2-45c0-9420-c8c19fc62d7e,0.15000000000000002,0.18000000000000002,ab4a70858e,0.07167883962392807,-15.223880597014926,-29.57547169811321,134.9774869247291,14.32,25,43,6,1.8849555921538759,2,4.0,3,0.04,/user/raabe14/u19361/workspace-allen/results/zebra/sub-830795_ses-ecephys-830795-2026-02-23-15-03-59_ecephys.nwb/ProbeD/trial_1/phase_1/lib_ab4a70858e/lib_ab4a70858e__delay_0.15000000000000002__dur_0.18000000000000002.h5
baf0873e-47a6-4653-b479-b6c50d649762,0.0,0.08,ab4a70858e,0.09008803963661194,13.43283582089552,-0.8962264150943398,180.0,10.74,41,27,8,2.5132741228718345,1,3.0,1,0.02,/user/raabe14/u19361/workspace-allen/results/zebra/sub-830795_ses-ecephys-830795-2026-02-23-15-03-59_ecephys.nwb/ProbeD/trial_1/phase_1/lib_ab4a70858e/lib_ab4a70858e__delay_0.0__dur_0.08.h5
bb961060-12c0-46a6-bb18-64ba47a7e871,0.1,0.18000000000000002,ab4a70858e,0.07342162728309631,56.4179104477612,-13.443396226415096,0.0,7.16,65,34,0,0.0,0,2.0,11,1.2,/user/raabe14/u19361/workspace-allen/results/zebra/sub-830795_ses-ecephys-830795-2026-02-23-15-03-59_ecephys.nwb/ProbeD/trial_1/phase_1/lib_ab4a70858e/lib_ab4a70858e__delay_0.1__dur_0.18000000000000002.h5
bcf01147-d56a-458e-9066-9928d9a70d6b,0.0,0.13,ab4a70858e,0.08199318498373032,8.059701492537314,4.481132075471699,0.0,17.91,38,24,0,0.0,3,5.0,5,0.06,/user/raabe14/u19361/workspace-allen/results/zebra/sub-830795_ses-ecephys-830795-2026-02-23-15-03-59_ecephys.nwb/ProbeD/trial_1/phase_1/lib_ab4a70858e/lib_ab4a70858e__delay_0.0__dur_0.13.h5
bd0e1016-67c1-450b-a26b-daf4bff60aca,0.0,0.08,ab4a70858e,0.2325666844844818,11.641791044776127,-2.6886792452830193,134.9774869247291,28.65,40,28,6,1.8849555921538759,5,8.0,0,0.01,/user/raabe14/u19361/workspace-allen/results/zebra/sub-830795_ses-ecephys-830795-2026-02-23-15-03-59_ecephys.nwb/ProbeD/trial_1/phase_1/lib_ab4a70858e/lib_ab4a70858e__delay_0.0__dur_0.08.h5
bd435c49-8df7-4f91-ad52-999b463a03c6,0.30000000000000004,0.23,ab4a70858e,0.08231393247842789,-4.477611940298509,-31.367924528301888,67.51591472682667,28.65,31,44,3,0.9424777960769379,5,8.0,6,0.07,/user/raabe14/u19361/workspace-allen/results/zebra/sub-830795_ses-ecephys-830795-2026-02-23-15-03-59_ecephys.nwb/ProbeD/trial_1/phase_1/lib_ab4a70858e/lib_ab4a70858e__delay_0.30000000000000004__dur_0.23.h5
be149b9a-b565-435e-94e0-fc5ae4af3cbc,0.1,0.13,ab4a70858e,0.07638704031705856,8.059701492537314,-33.160377358490564,157.4840764271708,28.65,38,45,7,2.199114857512855,5,8.0,9,0.1,/user/raabe14/u19361/workspace-allen/results/zebra/sub-830795_ses-ecephys-830795-2026-02-23-15-03-59_ecephys.nwb/ProbeD/trial_1/phase_1/lib_ab4a70858e/lib_ab4a70858e__delay_0.1__dur_0.13.h5
be6671fd-2634-44b6-8944-dfc3a5444a4d,0.25,0.23,ab4a70858e,0.08047149330377579,-22.388059701492537,18.820754716981128,134.9774869247291,21.49,21,16,6,1.8849555921538759,4,6.0,4,0.05,/user/raabe14/u19361/workspace-allen/results/zebra/sub-830795_ses-ecephys-830795-2026-02-23-15-03-59_ecephys.nwb/ProbeD/trial_1/phase_1/lib_ab4a70858e/lib_ab4a70858e__delay_0.25__dur_0.23.h5
beb194f4-00ab-49af-b395-c4e1c19c7364,0.2,0.13,ab4a70858e,0.07677613198757172,-17.014925373134325,22.405660377358487,0.0,21.49,24,14,0,0.0,4,6.0,9,0.1,/user/raabe14/u19361/workspace-allen/results/zebra/sub-830795_ses-ecephys-830795-2026-02-23-15-03-59_ecephys.nwb/ProbeD/trial_1/phase_1/lib_ab4a70858e/lib_ab4a70858e__delay_0.2__dur_0.13.h5
bf014c59-350c-42d9-9958-4af757915e82,0.0,0.13,ab4a70858e,0.24395182728767395,8.059701492537314,-0.8962264150943398,22.515923572829195,14.32,38,27,1,0.3141592653589793,2,4.0,4,0.05,/user/raabe14/u19361/workspace-allen/results/zebra/sub-830795_ses-ecephys-830795-2026-02-23-15-03-59_ecephys.nwb/ProbeD/trial_1/phase_1/lib_ab4a70858e/lib_ab4a70858e__delay_0.0__dur_0.13.h5
bf0dc949-2e1d-4643-80b1-df5d2dc54080,0.05,0.18000000000000002,ab4a70858e,0.08469650149345398,-18.80597014925373,38.5377358490566,157.4840764271708,7.16,23,5,7,2.199114857512855,0,2.0,9,0.1,/user/raabe14/u19361/workspace-allen/results/zebra/sub-830795_ses-ecephys-830795-2026-02-23-15-03-59_ecephys.nwb/ProbeD/trial_1/phase_1/lib_ab4a70858e/lib_ab4a70858e__delay_0.05__dur_0.18000000000000002.h5
bf80c096-f794-4bde-bad2-53f90ce7fe39,0.25,0.23,ab4a70858e,0.07740693539381027,-15.223880597014926,-18.82075471698113,134.9774869247291,7.16,25,37,6,1.8849555921538759,0,2.0,8,0.09,/user/raabe14/u19361/workspace-allen/results/zebra/sub-830795_ses-ecephys-830795-2026-02-23-15-03-59_ecephys.nwb/ProbeD/trial_1/phase_1/lib_ab4a70858e/lib_ab4a70858e__delay_0.25__dur_0.23.h5
bfa4062f-8536-4501-b55d-bbc0cd5707ab,0.0,0.13,ab4a70858e,0.1681218296289444,0.8955223880597032,8.066037735849058,67.51591472682667,17.91,34,22,3,0.9424777960769379,3,5.0,0,0.01,/user/raabe14/u19361/workspace-allen/results/zebra/sub-830795_ses-ecephys-830795-2026-02-23-15-03-59_ecephys.nwb/ProbeD/trial_1/phase_1/lib_ab4a70858e/lib_ab4a70858e__delay_0.0__dur_0.13.h5
bfc3d80a-d8aa-40d2-9652-35a14931706e,0.25,0.18000000000000002,ab4a70858e,0.07425922900438309,-8.059701492537314,11.650943396226417,0.0,7.16,29,20,0,0.0,0,2.0,11,1.2,/user/raabe14/u19361/workspace-allen/results/zebra/sub-830795_ses-ecephys-830795-2026-02-23-15-03-59_ecephys.nwb/ProbeD/trial_1/phase_1/lib_ab4a70858e/lib_ab4a70858e__delay_0.25__dur_0.18000000000000002.h5
c0bd7da6-f789-457e-a40f-f5d5e730b917,0.30000000000000004,0.13,ab4a70858e,0.08782650530338287,31.343283582089555,-20.61320754716981,157.4840764271708,14.32,51,38,7,2.199114857512855,2,4.0,12,1.3,/user/raabe14/u19361/workspace-allen/results/zebra/sub-830795_ses-ecephys-830795-2026-02-23-15-03-59_ecephys.nwb/ProbeD/trial_1/phase_1/lib_ab4a70858e/lib_ab4a70858e__delay_0.30000000000000004__dur_0.13.h5
c1a38b00-9080-4d34-987a-f2e1c092f3b1,0.0,0.23,ab4a70858e,0.08292680978775024,0.8955223880597032,-11.650943396226417,45.02251307527088,17.91,34,33,2,0.6283185307179586,3,5.0,8,0.09,/user/raabe14/u19361/workspace-allen/results/zebra/sub-830795_ses-ecephys-830795-2026-02-23-15-03-59_ecephys.nwb/ProbeD/trial_1/phase_1/lib_ab4a70858e/lib_ab4a70858e__delay_0.0__dur_0.23.h5
c1b1732a-f0c3-4d5c-8a57-406557d66433,0.0,0.18000000000000002,ab4a70858e,0.08251994103193283,-25.970149253731343,15.235849056603776,0.0,14.32,19,18,0,0.0,2,4.0,0,0.01,/user/raabe14/u19361/workspace-allen/results/zebra/sub-830795_ses-ecephys-830795-2026-02-23-15-03-59_ecephys.nwb/ProbeD/trial_1/phase_1/lib_ab4a70858e/lib_ab4a70858e__delay_0.0__dur_0.18000000000000002.h5
c20db86a-f646-4b75-adc9-e005fe617f8c,0.30000000000000004,0.13,ab4a70858e,0.08318895846605301,-4.477611940298509,4.481132075471699,67.51591472682667,14.32,31,24,3,0.9424777960769379,2,4.0,0,0.01,/user/raabe14/u19361/workspace-allen/results/zebra/sub-830795_ses-ecephys-830795-2026-02-23-15-03-59_ecephys.nwb/ProbeD/trial_1/phase_1/lib_ab4a70858e/lib_ab4a70858e__delay_0.30000000000000004__dur_0.13.h5
c24da9ea-2cdd-4327-95cc-47dba21baf37,0.0,0.08,ab4a70858e,0.16464680433273315,13.43283582089552,-0.8962264150943398,134.9774869247291,21.49,41,27,6,1.8849555921538759,4,6.0,3,0.04,/user/raabe14/u19361/workspace-allen/results/zebra/sub-830795_ses-ecephys-830795-2026-02-23-15-03-59_ecephys.nwb/ProbeD/trial_1/phase_1/lib_ab4a70858e/lib_ab4a70858e__delay_0.0__dur_0.08.h5
c308492c-ea76-4a3a-a88e-afe2d1a64b66,0.2,0.18000000000000002,ab4a70858e,0.08215890824794769,6.268656716417908,15.235849056603776,0.0,7.16,37,18,0,0.0,0,2.0,9,0.1,/user/raabe14/u19361/workspace-allen/results/zebra/sub-830795_ses-ecephys-830795-2026-02-23-15-03-59_ecephys.nwb/ProbeD/trial_1/phase_1/lib_ab4a70858e/lib_ab4a70858e__delay_0.2__dur_0.18000000000000002.h5
c3291cc3-7321-4375-8d61-9ee6ab783cf4,0.05,0.13,ab4a70858e,0.11279358714818954,-15.223880597014926,-18.82075471698113,157.4840764271708,17.91,25,37,7,2.199114857512855,3,5.0,12,1.3,/user/raabe14/u19361/workspace-allen/results/zebra/sub-830795_ses-ecephys-830795-2026-02-23-15-03-59_ecephys.nwb/ProbeD/trial_1/phase_1/lib_ab4a70858e/lib_ab4a70858e__delay_0.05__dur_0.13.h5
c35f301b-a762-4b48-bc8d-8e796a7ed187,0.15000000000000002,0.23,ab4a70858e,0.07974865287542343,-38.507462686567166,2.6886792452830193,67.51591472682667,21.49,12,25,3,0.9424777960769379,4,6.0,7,0.08,/user/raabe14/u19361/workspace-allen/results/zebra/sub-830795_ses-ecephys-830795-2026-02-23-15-03-59_ecephys.nwb/ProbeD/trial_1/phase_1/lib_ab4a70858e/lib_ab4a70858e__delay_0.15000000000000002__dur_0.23.h5
c381fed8-5a37-481b-976e-c77075991ce4,0.05,0.23,ab4a70858e,0.08384997397661209,-13.43283582089552,-17.028301886792452,157.4840764271708,14.32,26,36,7,2.199114857512855,2,4.0,12,1.3,/user/raabe14/u19361/workspace-allen/results/zebra/sub-830795_ses-ecephys-830795-2026-02-23-15-03-59_ecephys.nwb/ProbeD/trial_1/phase_1/lib_ab4a70858e/lib_ab4a70858e__delay_0.05__dur_0.23.h5
c434b026-e91e-4869-9a70-fba3dfa6481b,0.30000000000000004,0.23,ab4a70858e,0.08541049063205719,-15.223880597014926,-17.028301886792452,157.4840764271708,7.16,25,36,7,2.199114857512855,0,2.0,9,0.1,/user/raabe14/u19361/workspace-allen/results/zebra/sub-830795_ses-ecephys-830795-2026-02-23-15-03-59_ecephys.nwb/ProbeD/trial_1/phase_1/lib_ab4a70858e/lib_ab4a70858e__delay_0.30000000000000004__dur_0.23.h5
c47d84d2-fd9c-464d-98a6-ff256f94e4cb,0.30000000000000004,0.23,ab4a70858e,0.0719040036201477,56.4179104477612,43.91509433962264,180.0,7.16,65,2,8,2.5132741228718345,0,2.0,12,1.3,/user/raabe14/u19361/workspace-allen/results/zebra/sub-830795_ses-ecephys-830795-2026-02-23-15-03-59_ecephys.nwb/ProbeD/trial_1/phase_1/lib_ab4a70858e/lib_ab4a70858e__delay_0.30000000000000004__dur_0.23.h5
c49991eb-ae48-4aec-8db5-43ae194b974a,0.0,0.23,ab4a70858e,0.09476649016141891,22.388059701492537,24.198113207547166,0.0,14.32,46,13,0,0.0,2,4.0,11,1.2,/user/raabe14/u19361/workspace-allen/results/zebra/sub-830795_ses-ecephys-830795-2026-02-23-15-03-59_ecephys.nwb/ProbeD/trial_1/phase_1/lib_ab4a70858e/lib_ab4a70858e__delay_0.0__dur_0.23.h5
c4fbc0e9-8c66-4b81-bdb5-4f35ca25d220,0.05,0.13,ab4a70858e,0.11067605763673782,-11.64179104477612,-8.066037735849058,0.0,28.65,27,31,0,0.0,5,8.0,0,0.01,/user/raabe14/u19361/workspace-allen/results/zebra/sub-830795_ses-ecephys-830795-2026-02-23-15-03-59_ecephys.nwb/ProbeD/trial_1/phase_1/lib_ab4a70858e/lib_ab4a70858e__delay_0.05__dur_0.13.h5
c57b105b-c577-494a-86ff-fbc7afc4a7ab,0.15000000000000002,0.18000000000000002,ab4a70858e,0.08307135105133057,-24.179104477611936,13.443396226415096,112.48408527317332,28.65,20,19,5,1.5707963267948966,5,8.0,11,1.2,/user/raabe14/u19361/workspace-allen/results/zebra/sub-830795_ses-ecephys-830795-2026-02-23-15-03-59_ecephys.nwb/ProbeD/trial_1/phase_1/lib_ab4a70858e/lib_ab4a70858e__delay_0.15000000000000002__dur_0.18000000000000002.h5
c66dc876-dc1f-4ebb-9f37-4f6db5d98e42,0.2,0.23,ab4a70858e,0.09041056782007217,9.85074626865672,24.198113207547166,157.4840764271708,10.74,39,13,7,2.199114857512855,1,3.0,12,1.3,/user/raabe14/u19361/workspace-allen/results/zebra/sub-830795_ses-ecephys-830795-2026-02-23-15-03-59_ecephys.nwb/ProbeD/trial_1/phase_1/lib_ab4a70858e/lib_ab4a70858e__delay_0.2__dur_0.23.h5
c67949e7-2d74-460e-9607-bec7ca9baa52,0.2,0.23,ab4a70858e,0.07885253429412842,11.641791044776127,-15.235849056603776,0.0,17.91,40,35,0,0.0,3,5.0,4,0.05,/user/raabe14/u19361/workspace-allen/results/zebra/sub-830795_ses-ecephys-830795-2026-02-23-15-03-59_ecephys.nwb/ProbeD/trial_1/phase_1/lib_ab4a70858e/lib_ab4a70858e__delay_0.2__dur_0.23.h5
c6c55bd8-8464-450c-bc65-d296b3525ac4,0.0,0.08,ab4a70858e,0.11116418242454529,24.179104477611943,-6.273584905660378,0.0,28.65,47,30,0,0.0,5,8.0,2,0.03,/user/raabe14/u19361/workspace-allen/results/zebra/sub-830795_ses-ecephys-830795-2026-02-23-15-03-59_ecephys.nwb/ProbeD/trial_1/phase_1/lib_ab4a70858e/lib_ab4a70858e__delay_0.0__dur_0.08.h5
c78f010a-ee15-47d4-9030-fd591cafbc63,0.05,0.23,ab4a70858e,0.06999878585338593,-25.970149253731343,-22.40566037735849,0.0,28.65,19,39,0,0.0,5,8.0,1,0.02,/user/raabe14/u19361/workspace-allen/results/zebra/sub-830795_ses-ecephys-830795-2026-02-23-15-03-59_ecephys.nwb/ProbeD/trial_1/phase_1/lib_ab4a70858e/lib_ab4a70858e__delay_0.05__dur_0.23.h5
c7a3d5bc-d31f-4e7c-b221-bf8c48db549d,0.1,0.23,ab4a70858e,0.1257152259349823,-18.80597014925373,-9.858490566037737,157.4840764271708,21.49,23,32,7,2.199114857512855,4,6.0,12,1.3,/user/raabe14/u19361/workspace-allen/results/zebra/sub-830795_ses-ecephys-830795-2026-02-23-15-03-59_ecephys.nwb/ProbeD/trial_1/phase_1/lib_ab4a70858e/lib_ab4a70858e__delay_0.1__dur_0.23.h5
c8194a5e-5142-475f-a994-f27e2d1c28ef,0.30000000000000004,0.23,ab4a70858e,0.23829390108585358,-45.67164179104478,45.70754716981132,112.48408527317332,17.91,8,1,5,1.5707963267948966,3,5.0,11,1.2,/user/raabe14/u19361/workspace-allen/results/zebra/sub-830795_ses-ecephys-830795-2026-02-23-15-03-59_ecephys.nwb/ProbeD/trial_1/phase_1/lib_ab4a70858e/lib_ab4a70858e__delay_0.30000000000000004__dur_0.23.h5
c8788532-5890-437d-98af-6354a55b0340,0.1,0.13,ab4a70858e,0.08511922508478165,-24.179104477611936,31.367924528301884,67.51591472682667,17.91,20,9,3,0.9424777960769379,3,5.0,7,0.08,/user/raabe14/u19361/workspace-allen/results/zebra/sub-830795_ses-ecephys-830795-2026-02-23-15-03-59_ecephys.nwb/ProbeD/trial_1/phase_1/lib_ab4a70858e/lib_ab4a70858e__delay_0.1__dur_0.13.h5
c93e5af6-a119-4e55-9bde-b5f3e8aee1f8,0.05,0.03,ab4a70858e,0.0,-60.0,47.5,0.0,7.16,0,0,0,0.0,0,2.0,0,0.01,/user/raabe14/u19361/workspace-allen/results/zebra/sub-830795_ses-ecephys-830795-2026-02-23-15-03-59_ecephys.nwb/ProbeD/trial_1/phase_1/lib_ab4a70858e/lib_ab4a70858e__delay_0.05__dur_0.03.h5
ca35b804-a26c-4a3d-9a96-cf9295e00a40,0.05,0.08,ab4a70858e,0.09490884840488434,4.477611940298516,29.575471698113205,112.48408527317332,14.32,36,10,5,1.5707963267948966,2,4.0,0,0.01,/user/raabe14/u19361/workspace-allen/results/zebra/sub-830795_ses-ecephys-830795-2026-02-23-15-03-59_ecephys.nwb/ProbeD/trial_1/phase_1/lib_ab4a70858e/lib_ab4a70858e__delay_0.05__dur_0.08.h5
ca469354-cf64-4c6b-a60f-57865e54a651,0.0,0.13,ab4a70858e,0.19486325979232788,11.641791044776127,-6.273584905660378,0.0,14.32,40,30,0,0.0,2,4.0,8,0.09,/user/raabe14/u19361/workspace-allen/results/zebra/sub-830795_ses-ecephys-830795-2026-02-23-15-03-59_ecephys.nwb/ProbeD/trial_1/phase_1/lib_ab4a70858e/lib_ab4a70858e__delay_0.0__dur_0.13.h5
ca5a4083-a90d-4842-8fed-005c5f1b9fe0,0.2,0.13,ab4a70858e,0.07592321187257767,-9.850746268656714,8.066037735849058,112.48408527317332,28.65,28,22,5,1.5707963267948966,5,8.0,6,0.07,/user/raabe14/u19361/workspace-allen/results/zebra/sub-830795_ses-ecephys-830795-2026-02-23-15-03-59_ecephys.nwb/ProbeD/trial_1/phase_1/lib_ab4a70858e/lib_ab4a70858e__delay_0.2__dur_0.13.h5
cc5483e8-5674-49b2-b07a-4d876f325ab3,0.30000000000000004,0.18000000000000002,ab4a70858e,0.07924076914787292,-8.059701492537314,-8.066037735849058,112.48408527317332,7.16,29,31,5,1.5707963267948966,0,2.0,9,0.1,/user/raabe14/u19361/workspace-allen/results/zebra/sub-830795_ses-ecephys-830795-2026-02-23-15-03-59_ecephys.nwb/ProbeD/trial_1/phase_1/lib_ab4a70858e/lib_ab4a70858e__delay_0.30000000000000004__dur_0.18000000000000002.h5
cd77fa46-7942-4d94-9d59-cc2c2ea8811f,0.0,0.08,ab4a70858e,0.14420199394226074,9.85074626865672,2.6886792452830193,22.515923572829195,17.91,39,25,1,0.3141592653589793,3,5.0,6,0.07,/user/raabe14/u19361/workspace-allen/results/zebra/sub-830795_ses-ecephys-830795-2026-02-23-15-03-59_ecephys.nwb/ProbeD/trial_1/phase_1/lib_ab4a70858e/lib_ab4a70858e__delay_0.0__dur_0.08.h5
cef42df0-73cb-43e1-baa1-232afccf4b52,0.0,0.08,ab4a70858e,0.08823681622743607,33.13432835820896,-11.650943396226417,67.51591472682667,17.91,52,33,3,0.9424777960769379,3,5.0,2,0.03,/user/raabe14/u19361/workspace-allen/results/zebra/sub-830795_ses-ecephys-830795-2026-02-23-15-03-59_ecephys.nwb/ProbeD/trial_1/phase_1/lib_ab4a70858e/lib_ab4a70858e__delay_0.0__dur_0.08.h5
cefd176c-851a-4a73-9f0a-387d24553b14,0.15000000000000002,0.23,ab4a70858e,0.11113759130239487,-15.223880597014926,-6.273584905660378,22.515923572829163,28.65,25,30,9,2.827433388230814,5,8.0,9,0.1,/user/raabe14/u19361/workspace-allen/results/zebra/sub-830795_ses-ecephys-830795-2026-02-23-15-03-59_ecephys.nwb/ProbeD/trial_1/phase_1/lib_ab4a70858e/lib_ab4a70858e__delay_0.15000000000000002__dur_0.23.h5
cf38de78-a536-4a97-b4ac-c94f1ffad7ba,0.1,0.13,ab4a70858e,0.08329906314611435,9.85074626865672,-18.82075471698113,0.0,28.65,39,37,0,0.0,5,8.0,0,0.01,/user/raabe14/u19361/workspace-allen/results/zebra/sub-830795_ses-ecephys-830795-2026-02-23-15-03-59_ecephys.nwb/ProbeD/trial_1/phase_1/lib_ab4a70858e/lib_ab4a70858e__delay_0.1__dur_0.13.h5
cfc2612d-590f-411a-a827-519520511448,0.0,0.08,ab4a70858e,0.10432986915111542,51.04477611940298,-4.481132075471699,112.48408527317332,28.65,62,29,5,1.5707963267948966,5,8.0,1,0.02,/user/raabe14/u19361/workspace-allen/results/zebra/sub-830795_ses-ecephys-830795-2026-02-23-15-03-59_ecephys.nwb/ProbeD/trial_1/phase_1/lib_ab4a70858e/lib_ab4a70858e__delay_0.0__dur_0.08.h5
cfc3e1df-fa59-4500-8ab7-8caa4974c4d7,0.2,0.18000000000000002,ab4a70858e,0.09156899899244308,51.04477611940298,-34.95283018867924,134.9774869247291,28.65,62,46,6,1.8849555921538759,5,8.0,8,0.09,/user/raabe14/u19361/workspace-allen/results/zebra/sub-830795_ses-ecephys-830795-2026-02-23-15-03-59_ecephys.nwb/ProbeD/trial_1/phase_1/lib_ab4a70858e/lib_ab4a70858e__delay_0.2__dur_0.18000000000000002.h5
cfffa06f-79aa-4eee-9239-c275bb4d6ba4,0.0,0.08,ab4a70858e,0.13299819827079773,-4.477611940298509,4.481132075471699,157.4840764271708,21.49,31,24,7,2.199114857512855,4,6.0,10,1.1,/user/raabe14/u19361/workspace-allen/results/zebra/sub-830795_ses-ecephys-830795-2026-02-23-15-03-59_ecephys.nwb/ProbeD/trial_1/phase_1/lib_ab4a70858e/lib_ab4a70858e__delay_0.0__dur_0.08.h5
d12173ad-5ae0-4b2b-ab4b-ba21f203bc77,0.05,0.23,ab4a70858e,0.14990855753421783,-22.388059701492537,6.273584905660378,157.4840764271708,17.91,21,23,7,2.199114857512855,3,5.0,12,1.3,/user/raabe14/u19361/workspace-allen/results/zebra/sub-830795_ses-ecephys-830795-2026-02-23-15-03-59_ecephys.nwb/ProbeD/trial_1/phase_1/lib_ab4a70858e/lib_ab4a70858e__delay_0.05__dur_0.23.h5
d1c81dbb-e69f-4fcf-8822-f347de2f6675,0.15000000000000002,0.23,ab4a70858e,0.08086871355772018,45.67164179104478,33.160377358490564,67.51591472682667,21.49,59,8,3,0.9424777960769379,4,6.0,8,0.09,/user/raabe14/u19361/workspace-allen/results/zebra/sub-830795_ses-ecephys-830795-2026-02-23-15-03-59_ecephys.nwb/ProbeD/trial_1/phase_1/lib_ab4a70858e/lib_ab4a70858e__delay_0.15000000000000002__dur_0.23.h5
d217767b-8e04-44ec-8f62-576d241bef4d,0.2,0.23,ab4a70858e,0.07981588691473007,-33.134328358208954,47.5,90.0,10.74,15,0,4,1.2566370614359172,1,3.0,0,0.01,/user/raabe14/u19361/workspace-allen/results/zebra/sub-830795_ses-ecephys-830795-2026-02-23-15-03-59_ecephys.nwb/ProbeD/trial_1/phase_1/lib_ab4a70858e/lib_ab4a70858e__delay_0.2__dur_0.23.h5
d22a76d0-05dd-4e2a-9b5a-1e5b1be1eb4f,0.15000000000000002,0.23,ab4a70858e,0.0735781341791153,-20.59701492537313,4.481132075471699,22.515923572829163,28.65,22,24,9,2.827433388230814,5,8.0,9,0.1,/user/raabe14/u19361/workspace-allen/results/zebra/sub-830795_ses-ecephys-830795-2026-02-23-15-03-59_ecephys.nwb/ProbeD/trial_1/phase_1/lib_ab4a70858e/lib_ab4a70858e__delay_0.15000000000000002__dur_0.23.h5
d28809ac-476f-4927-8cc5-a8abe49484d8,0.05,0.03,ab4a70858e,0.0,-60.0,47.5,0.0,7.16,0,0,0,0.0,0,2.0,0,0.01,/user/raabe14/u19361/workspace-allen/results/zebra/sub-830795_ses-ecephys-830795-2026-02-23-15-03-59_ecephys.nwb/ProbeD/trial_1/phase_1/lib_ab4a70858e/lib_ab4a70858e__delay_0.05__dur_0.03.h5
d2afcede-2e83-4030-8315-f0d1f4bf1ad7,0.15000000000000002,0.23,ab4a70858e,0.1000346839427948,-13.43283582089552,18.820754716981128,112.48408527317332,21.49,26,16,5,1.5707963267948966,4,6.0,11,1.2,/user/raabe14/u19361/workspace-allen/results/zebra/sub-830795_ses-ecephys-830795-2026-02-23-15-03-59_ecephys.nwb/ProbeD/trial_1/phase_1/lib_ab4a70858e/lib_ab4a70858e__delay_0.15000000000000002__dur_0.23.h5
d2d308cc-62eb-4688-a60d-6a86614e7d82,0.1,0.18000000000000002,ab4a70858e,0.08306442946195602,-9.850746268656714,-24.19811320754717,112.48408527317332,28.65,28,40,5,1.5707963267948966,5,8.0,11,1.2,/user/raabe14/u19361/workspace-allen/results/zebra/sub-830795_ses-ecephys-830795-2026-02-23-15-03-59_ecephys.nwb/ProbeD/trial_1/phase_1/lib_ab4a70858e/lib_ab4a70858e__delay_0.1__dur_0.18000000000000002.h5
d2f9c598-48de-4098-8e57-bafcb9c974a2,0.0,0.23,ab4a70858e,0.15390077233314514,6.268656716417908,6.273584905660378,22.515923572829195,28.65,37,23,1,0.3141592653589793,5,8.0,1,0.02,/user/raabe14/u19361/workspace-allen/results/zebra/sub-830795_ses-ecephys-830795-2026-02-23-15-03-59_ecephys.nwb/ProbeD/trial_1/phase_1/lib_ab4a70858e/lib_ab4a70858e__delay_0.0__dur_0.23.h5
d4464035-f1f2-4ada-a932-2c3d914d7012,0.25,0.23,ab4a70858e,0.07671015709638596,-6.268656716417908,29.575471698113205,0.0,17.91,30,10,0,0.0,3,5.0,11,1.2,/user/raabe14/u19361/workspace-allen/results/zebra/sub-830795_ses-ecephys-830795-2026-02-23-15-03-59_ecephys.nwb/ProbeD/trial_1/phase_1/lib_ab4a70858e/lib_ab4a70858e__delay_0.25__dur_0.23.h5
d50e7cfe-c60a-49fa-adb7-92a4f46bd4ca,0.0,0.23,ab4a70858e,0.08281702548265457,-17.014925373134325,-15.235849056603776,22.515923572829163,17.91,24,35,9,2.827433388230814,3,5.0,9,0.1,/user/raabe14/u19361/workspace-allen/results/zebra/sub-830795_ses-ecephys-830795-2026-02-23-15-03-59_ecephys.nwb/ProbeD/trial_1/phase_1/lib_ab4a70858e/lib_ab4a70858e__delay_0.0__dur_0.23.h5
d60eb969-5500-4ceb-aa6d-c869d974d143,0.30000000000000004,0.23,ab4a70858e,0.07637627422809601,9.85074626865672,-31.367924528301888,22.515923572829195,7.16,39,44,1,0.3141592653589793,0,2.0,0,0.01,/user/raabe14/u19361/workspace-allen/results/zebra/sub-830795_ses-ecephys-830795-2026-02-23-15-03-59_ecephys.nwb/ProbeD/trial_1/phase_1/lib_ab4a70858e/lib_ab4a70858e__delay_0.30000000000000004__dur_0.23.h5
d655e9f6-a418-422c-a7ee-2682be32e650,0.2,0.23,ab4a70858e,0.08324062079191208,-13.43283582089552,-36.74528301886792,90.0,28.65,26,47,4,1.2566370614359172,5,8.0,9,0.1,/user/raabe14/u19361/workspace-allen/results/zebra/sub-830795_ses-ecephys-830795-2026-02-23-15-03-59_ecephys.nwb/ProbeD/trial_1/phase_1/lib_ab4a70858e/lib_ab4a70858e__delay_0.2__dur_0.23.h5
d6a68076-f5ac-4791-979b-5248a50a052e,0.2,0.23,ab4a70858e,0.0712072029709816,15.223880597014926,-29.57547169811321,22.515923572829195,7.16,42,43,1,0.3141592653589793,0,2.0,0,0.01,/user/raabe14/u19361/workspace-allen/results/zebra/sub-830795_ses-ecephys-830795-2026-02-23-15-03-59_ecephys.nwb/ProbeD/trial_1/phase_1/lib_ab4a70858e/lib_ab4a70858e__delay_0.2__dur_0.23.h5
d6d3d69d-e58c-494b-8135-8cc4263ef176,0.2,0.18000000000000002,ab4a70858e,0.07846995443105698,0.8955223880597032,47.5,67.51591472682667,28.65,34,0,3,0.9424777960769379,5,8.0,8,0.09,/user/raabe14/u19361/workspace-allen/results/zebra/sub-830795_ses-ecephys-830795-2026-02-23-15-03-59_ecephys.nwb/ProbeD/trial_1/phase_1/lib_ab4a70858e/lib_ab4a70858e__delay_0.2__dur_0.18000000000000002.h5
d7903430-ad62-432f-8887-32705beafc45,0.25,0.23,ab4a70858e,0.08856441080570221,-25.970149253731343,-0.8962264150943398,157.4840764271708,28.65,19,27,7,2.199114857512855,5,8.0,12,1.3,/user/raabe14/u19361/workspace-allen/results/zebra/sub-830795_ses-ecephys-830795-2026-02-23-15-03-59_ecephys.nwb/ProbeD/trial_1/phase_1/lib_ab4a70858e/lib_ab4a70858e__delay_0.25__dur_0.23.h5
d913f732-e134-4617-8f01-ef351c3aa542,0.0,0.13,ab4a70858e,0.09415928274393082,34.92537313432837,-13.443396226415096,157.4840764271708,7.16,53,34,7,2.199114857512855,0,2.0,12,1.3,/user/raabe14/u19361/workspace-allen/results/zebra/sub-830795_ses-ecephys-830795-2026-02-23-15-03-59_ecephys.nwb/ProbeD/trial_1/phase_1/lib_ab4a70858e/lib_ab4a70858e__delay_0.0__dur_0.13.h5
d9610512-3e06-4807-951d-d271f41551f3,0.2,0.13,ab4a70858e,0.0776062086224556,36.71641791044776,22.405660377358487,90.0,10.74,54,14,4,1.2566370614359172,1,3.0,8,0.09,/user/raabe14/u19361/workspace-allen/results/zebra/sub-830795_ses-ecephys-830795-2026-02-23-15-03-59_ecephys.nwb/ProbeD/trial_1/phase_1/lib_ab4a70858e/lib_ab4a70858e__delay_0.2__dur_0.13.h5
d99fd4ec-1c09-46a8-9498-feed293290e0,0.05,0.03,ab4a70858e,0.0,-60.0,47.5,0.0,7.16,0,0,0,0.0,0,2.0,0,0.01,/user/raabe14/u19361/workspace-allen/results/zebra/sub-830795_ses-ecephys-830795-2026-02-23-15-03-59_ecephys.nwb/ProbeD/trial_1/phase_1/lib_ab4a70858e/lib_ab4a70858e__delay_0.05__dur_0.03.h5
da3a88ee-0df7-4a65-837f-9dbca84ac3dc,0.05,0.13,ab4a70858e,0.13638314604759216,9.85074626865672,-31.367924528301888,0.0,28.65,39,44,0,0.0,5,8.0,0,0.01,/user/raabe14/u19361/workspace-allen/results/zebra/sub-830795_ses-ecephys-830795-2026-02-23-15-03-59_ecephys.nwb/ProbeD/trial_1/phase_1/lib_ab4a70858e/lib_ab4a70858e__delay_0.05__dur_0.13.h5
da637645-7375-45c8-a098-fca3e8fd9f7f,0.30000000000000004,0.13,ab4a70858e,0.07917387783527374,8.059701492537314,-17.028301886792452,22.515923572829195,10.74,38,36,1,0.3141592653589793,1,3.0,0,0.01,/user/raabe14/u19361/workspace-allen/results/zebra/sub-830795_ses-ecephys-830795-2026-02-23-15-03-59_ecephys.nwb/ProbeD/trial_1/phase_1/lib_ab4a70858e/lib_ab4a70858e__delay_0.30000000000000004__dur_0.13.h5
da98dd85-c759-4e98-8732-7dea8de9d290,0.0,0.13,ab4a70858e,0.06955482065677643,-45.67164179104478,-13.443396226415096,90.0,14.32,8,34,4,1.2566370614359172,2,4.0,0,0.01,/user/raabe14/u19361/workspace-allen/results/zebra/sub-830795_ses-ecephys-830795-2026-02-23-15-03-59_ecephys.nwb/ProbeD/trial_1/phase_1/lib_ab4a70858e/lib_ab4a70858e__delay_0.0__dur_0.13.h5
db0acc4c-7359-4912-aca7-e3b8ab0698b6,0.0,0.18000000000000002,ab4a70858e,0.07201268523931503,-8.059701492537314,40.33018867924528,112.48408527317332,17.91,29,4,5,1.5707963267948966,3,5.0,11,1.2,/user/raabe14/u19361/workspace-allen/results/zebra/sub-830795_ses-ecephys-830795-2026-02-23-15-03-59_ecephys.nwb/ProbeD/trial_1/phase_1/lib_ab4a70858e/lib_ab4a70858e__delay_0.0__dur_0.18000000000000002.h5
db0eeb4d-5141-4fb6-b98b-5f66d5939cba,0.1,0.23,ab4a70858e,0.07597075402736664,2.6865671641791096,-34.95283018867924,67.51591472682667,21.49,35,46,3,0.9424777960769379,4,6.0,6,0.07,/user/raabe14/u19361/workspace-allen/results/zebra/sub-830795_ses-ecephys-830795-2026-02-23-15-03-59_ecephys.nwb/ProbeD/trial_1/phase_1/lib_ab4a70858e/lib_ab4a70858e__delay_0.1__dur_0.23.h5
db16b1df-9867-4107-8e34-09c484fa24d9,0.15000000000000002,0.23,ab4a70858e,0.07897871732711792,0.8955223880597032,-4.481132075471699,90.0,10.74,34,29,4,1.2566370614359172,1,3.0,8,0.09,/user/raabe14/u19361/workspace-allen/results/zebra/sub-830795_ses-ecephys-830795-2026-02-23-15-03-59_ecephys.nwb/ProbeD/trial_1/phase_1/lib_ab4a70858e/lib_ab4a70858e__delay_0.15000000000000002__dur_0.23.h5
db6d8f81-93d3-4fb6-94a2-6ec7dc3e7920,0.30000000000000004,0.23,ab4a70858e,0.0778241828083992,2.6865671641791096,-20.61320754716981,45.02251307527088,21.49,35,38,2,0.6283185307179586,4,6.0,5,0.06,/user/raabe14/u19361/workspace-allen/results/zebra/sub-830795_ses-ecephys-830795-2026-02-23-15-03-59_ecephys.nwb/ProbeD/trial_1/phase_1/lib_ab4a70858e/lib_ab4a70858e__delay_0.30000000000000004__dur_0.23.h5
db8c1b6b-3f1a-4232-bc49-0644de3ec7a4,0.2,0.13,ab4a70858e,0.07380267232656479,45.67164179104478,17.02830188679245,22.515923572829163,7.16,59,17,9,2.827433388230814,0,2.0,2,0.03,/user/raabe14/u19361/workspace-allen/results/zebra/sub-830795_ses-ecephys-830795-2026-02-23-15-03-59_ecephys.nwb/ProbeD/trial_1/phase_1/lib_ab4a70858e/lib_ab4a70858e__delay_0.2__dur_0.13.h5
dc1da639-92a5-4aea-abcc-691ca674fb8f,0.30000000000000004,0.23,ab4a70858e,0.08116129040718079,40.29850746268657,-25.99056603773585,0.0,7.16,56,41,0,0.0,0,2.0,11,1.2,/user/raabe14/u19361/workspace-allen/results/zebra/sub-830795_ses-ecephys-830795-2026-02-23-15-03-59_ecephys.nwb/ProbeD/trial_1/phase_1/lib_ab4a70858e/lib_ab4a70858e__delay_0.30000000000000004__dur_0.23.h5
dc3b83df-637f-4cb6-9cd5-50b9180da9b0,0.05,0.23,ab4a70858e,0.07537864148616791,-17.014925373134325,-18.82075471698113,157.4840764271708,17.91,24,37,7,2.199114857512855,3,5.0,12,1.3,/user/raabe14/u19361/workspace-allen/results/zebra/sub-830795_ses-ecephys-830795-2026-02-23-15-03-59_ecephys.nwb/ProbeD/trial_1/phase_1/lib_ab4a70858e/lib_ab4a70858e__delay_0.05__dur_0.23.h5
dd3603a8-e218-4792-9fbf-8dbbb52d007f,0.0,0.13,ab4a70858e,0.22353437542915344,4.477611940298516,-0.8962264150943398,45.02251307527088,21.49,36,27,2,0.6283185307179586,4,6.0,3,0.04,/user/raabe14/u19361/workspace-allen/results/zebra/sub-830795_ses-ecephys-830795-2026-02-23-15-03-59_ecephys.nwb/ProbeD/trial_1/phase_1/lib_ab4a70858e/lib_ab4a70858e__delay_0.0__dur_0.13.h5
dd6859ed-ec71-41db-874a-a60a91840a35,0.0,0.23,ab4a70858e,0.08719142526388168,58.20895522388061,2.6886792452830193,0.0,21.49,66,25,0,0.0,4,6.0,11,1.2,/user/raabe14/u19361/workspace-allen/results/zebra/sub-830795_ses-ecephys-830795-2026-02-23-15-03-59_ecephys.nwb/ProbeD/trial_1/phase_1/lib_ab4a70858e/lib_ab4a70858e__delay_0.0__dur_0.23.h5
ddc566f0-212d-4f61-a6c7-2bcbd0800c95,0.30000000000000004,0.23,ab4a70858e,0.08414837718009949,51.04477611940298,0.8962264150943398,112.48408527317332,10.74,62,26,5,1.5707963267948966,1,3.0,6,0.07,/user/raabe14/u19361/workspace-allen/results/zebra/sub-830795_ses-ecephys-830795-2026-02-23-15-03-59_ecephys.nwb/ProbeD/trial_1/phase_1/lib_ab4a70858e/lib_ab4a70858e__delay_0.30000000000000004__dur_0.23.h5
de26d972-38d9-4c54-85ab-4d24070c2376,0.0,0.13,ab4a70858e,0.21137356758117676,15.223880597014926,-17.028301886792452,22.515923572829195,28.65,42,36,1,0.3141592653589793,5,8.0,0,0.01,/user/raabe14/u19361/workspace-allen/results/zebra/sub-830795_ses-ecephys-830795-2026-02-23-15-03-59_ecephys.nwb/ProbeD/trial_1/phase_1/lib_ab4a70858e/lib_ab4a70858e__delay_0.0__dur_0.13.h5
de7f85ca-17b0-4713-a50b-e1f2e90d785a,0.30000000000000004,0.23,ab4a70858e,0.082355797290802,-29.55223880597015,-38.5377358490566,45.02251307527088,10.74,17,48,2,0.6283185307179586,1,3.0,12,1.3,/user/raabe14/u19361/workspace-allen/results/zebra/sub-830795_ses-ecephys-830795-2026-02-23-15-03-59_ecephys.nwb/ProbeD/trial_1/phase_1/lib_ab4a70858e/lib_ab4a70858e__delay_0.30000000000000004__dur_0.23.h5
dfa72c05-8cfd-4936-9b0c-187cf9d493f4,0.30000000000000004,0.23,ab4a70858e,0.08046957850456238,34.92537313432837,2.6886792452830193,134.9774869247291,7.16,53,25,6,1.8849555921538759,0,2.0,9,0.1,/user/raabe14/u19361/workspace-allen/results/zebra/sub-830795_ses-ecephys-830795-2026-02-23-15-03-59_ecephys.nwb/ProbeD/trial_1/phase_1/lib_ab4a70858e/lib_ab4a70858e__delay_0.30000000000000004__dur_0.23.h5
e00a9be0-f2ad-4bcd-ad36-e484db0a109f,0.0,0.08,ab4a70858e,0.08598317950963974,-42.089552238805965,-6.273584905660378,67.51591472682667,17.91,10,30,3,0.9424777960769379,3,5.0,6,0.07,/user/raabe14/u19361/workspace-allen/results/zebra/sub-830795_ses-ecephys-830795-2026-02-23-15-03-59_ecephys.nwb/ProbeD/trial_1/phase_1/lib_ab4a70858e/lib_ab4a70858e__delay_0.0__dur_0.08.h5
e09eb324-7170-4e6b-8862-02b3e2bda8ae,0.2,0.18000000000000002,ab4a70858e,0.12464743107557297,9.85074626865672,0.8962264150943398,67.51591472682667,14.32,39,26,3,0.9424777960769379,2,4.0,12,1.3,/user/raabe14/u19361/workspace-allen/results/zebra/sub-830795_ses-ecephys-830795-2026-02-23-15-03-59_ecephys.nwb/ProbeD/trial_1/phase_1/lib_ab4a70858e/lib_ab4a70858e__delay_0.2__dur_0.18000000000000002.h5
e0a938d8-8025-4fdb-8319-20741429347c,0.30000000000000004,0.18000000000000002,ab4a70858e,0.08544288575649261,0.8955223880597032,15.235849056603776,45.02251307527088,7.16,34,18,2,0.6283185307179586,0,2.0,9,0.1,/user/raabe14/u19361/workspace-allen/results/zebra/sub-830795_ses-ecephys-830795-2026-02-23-15-03-59_ecephys.nwb/ProbeD/trial_1/phase_1/lib_ab4a70858e/lib_ab4a70858e__delay_0.30000000000000004__dur_0.18000000000000002.h5
e0eac1ba-a989-4b26-ab29-36823052a93a,0.0,0.13,ab4a70858e,0.07409016042947769,33.13432835820896,-18.82075471698113,112.48408527317332,7.16,52,37,5,1.5707963267948966,0,2.0,0,0.01,/user/raabe14/u19361/workspace-allen/results/zebra/sub-830795_ses-ecephys-830795-2026-02-23-15-03-59_ecephys.nwb/ProbeD/trial_1/phase_1/lib_ab4a70858e/lib_ab4a70858e__delay_0.0__dur_0.13.h5
e0f6470a-0827-4f3e-a966-fcd850d558f5,0.25,0.23,ab4a70858e,0.08469521999359131,-25.970149253731343,11.650943396226417,22.515923572829163,7.16,19,20,9,2.827433388230814,0,2.0,0,0.01,/user/raabe14/u19361/workspace-allen/results/zebra/sub-830795_ses-ecephys-830795-2026-02-23-15-03-59_ecephys.nwb/ProbeD/trial_1/phase_1/lib_ab4a70858e/lib_ab4a70858e__delay_0.25__dur_0.23.h5
e1568c0c-7d7a-4735-8ccd-4416e8434194,0.05,0.03,ab4a70858e,0.0,-60.0,47.5,0.0,7.16,0,0,0,0.0,0,2.0,0,0.01,/user/raabe14/u19361/workspace-allen/results/zebra/sub-830795_ses-ecephys-830795-2026-02-23-15-03-59_ecephys.nwb/ProbeD/trial_1/phase_1/lib_ab4a70858e/lib_ab4a70858e__delay_0.05__dur_0.03.h5
e204a97e-f27d-41bc-8753-2c2216b90fae,0.05,0.08,ab4a70858e,0.1886148303747177,17.014925373134332,2.6886792452830193,134.9774869247291,17.91,43,25,6,1.8849555921538759,3,5.0,2,0.03,/user/raabe14/u19361/workspace-allen/results/zebra/sub-830795_ses-ecephys-830795-2026-02-23-15-03-59_ecephys.nwb/ProbeD/trial_1/phase_1/lib_ab4a70858e/lib_ab4a70858e__delay_0.05__dur_0.08.h5
e2691255-3e3b-4cc3-9116-a89abb9ea3e4,0.1,0.23,ab4a70858e,0.1190083846449852,-27.761194029850742,6.273584905660378,157.4840764271708,14.32,18,23,7,2.199114857512855,2,4.0,12,1.3,/user/raabe14/u19361/workspace-allen/results/zebra/sub-830795_ses-ecephys-830795-2026-02-23-15-03-59_ecephys.nwb/ProbeD/trial_1/phase_1/lib_ab4a70858e/lib_ab4a70858e__delay_0.1__dur_0.23.h5
e37df3cd-ad46-498e-be68-b0129d72e20f,0.0,0.13,ab4a70858e,0.08699251711368561,18.80597014925374,-8.066037735849058,67.51591472682667,10.74,44,31,3,0.9424777960769379,1,3.0,3,0.04,/user/raabe14/u19361/workspace-allen/results/zebra/sub-830795_ses-ecephys-830795-2026-02-23-15-03-59_ecephys.nwb/ProbeD/trial_1/phase_1/lib_ab4a70858e/lib_ab4a70858e__delay_0.0__dur_0.13.h5
e389d2e3-d1da-4276-9c0a-5a81b4366d0e,0.15000000000000002,0.13,ab4a70858e,0.09007178992033005,-24.179104477611936,13.443396226415096,112.48408527317332,28.65,20,19,5,1.5707963267948966,5,8.0,11,1.2,/user/raabe14/u19361/workspace-allen/results/zebra/sub-830795_ses-ecephys-830795-2026-02-23-15-03-59_ecephys.nwb/ProbeD/trial_1/phase_1/lib_ab4a70858e/lib_ab4a70858e__delay_0.15000000000000002__dur_0.13.h5
e3e1047e-e2f3-4347-bdaa-6cf4cf54c677,0.15000000000000002,0.23,ab4a70858e,0.08078087121248245,-11.64179104477612,40.33018867924528,90.0,17.91,27,4,4,1.2566370614359172,3,5.0,8,0.09,/user/raabe14/u19361/workspace-allen/results/zebra/sub-830795_ses-ecephys-830795-2026-02-23-15-03-59_ecephys.nwb/ProbeD/trial_1/phase_1/lib_ab4a70858e/lib_ab4a70858e__delay_0.15000000000000002__dur_0.23.h5
e427603e-6f95-48c8-aaf0-1de0bf3bfb67,0.15000000000000002,0.23,ab4a70858e,0.07261491566896439,0.8955223880597032,17.02830188679245,157.4840764271708,10.74,34,17,7,2.199114857512855,1,3.0,12,1.3,/user/raabe14/u19361/workspace-allen/results/zebra/sub-830795_ses-ecephys-830795-2026-02-23-15-03-59_ecephys.nwb/ProbeD/trial_1/phase_1/lib_ab4a70858e/lib_ab4a70858e__delay_0.15000000000000002__dur_0.23.h5
e48f3631-5850-403d-8db4-1b52c6236913,0.2,0.18000000000000002,ab4a70858e,0.07212759554386139,-6.268656716417908,-22.40566037735849,45.02251307527088,21.49,30,39,2,0.6283185307179586,4,6.0,9,0.1,/user/raabe14/u19361/workspace-allen/results/zebra/sub-830795_ses-ecephys-830795-2026-02-23-15-03-59_ecephys.nwb/ProbeD/trial_1/phase_1/lib_ab4a70858e/lib_ab4a70858e__delay_0.2__dur_0.18000000000000002.h5
e5de544b-5bc1-421f-a44f-eddf58212309,0.25,0.18000000000000002,ab4a70858e,0.08437175303697586,51.04477611940298,25.990566037735846,112.48408527317332,7.16,62,12,5,1.5707963267948966,0,2.0,11,1.2,/user/raabe14/u19361/workspace-allen/results/zebra/sub-830795_ses-ecephys-830795-2026-02-23-15-03-59_ecephys.nwb/ProbeD/trial_1/phase_1/lib_ab4a70858e/lib_ab4a70858e__delay_0.25__dur_0.18000000000000002.h5
e5e944be-cdc7-44ed-b94f-d1825c16c0e1,0.30000000000000004,0.08,ab4a70858e,0.08392982929944992,17.014925373134332,-45.70754716981132,90.0,28.65,43,52,4,1.2566370614359172,5,8.0,6,0.07,/user/raabe14/u19361/workspace-allen/results/zebra/sub-830795_ses-ecephys-830795-2026-02-23-15-03-59_ecephys.nwb/ProbeD/trial_1/phase_1/lib_ab4a70858e/lib_ab4a70858e__delay_0.30000000000000004__dur_0.08.h5
e5e9ccc6-265e-4d8e-a3b7-8f119c0494c2,0.30000000000000004,0.23,ab4a70858e,0.08581005036830902,58.20895522388061,-11.650943396226417,45.02251307527088,7.16,66,33,2,0.6283185307179586,0,2.0,9,0.1,/user/raabe14/u19361/workspace-allen/results/zebra/sub-830795_ses-ecephys-830795-2026-02-23-15-03-59_ecephys.nwb/ProbeD/trial_1/phase_1/lib_ab4a70858e/lib_ab4a70858e__delay_0.30000000000000004__dur_0.23.h5
e613e2b7-5682-4ef9-82ef-56d644ba41c8,0.15000000000000002,0.23,ab4a70858e,0.08056651800870895,-33.134328358208954,-15.235849056603776,134.9774869247291,21.49,15,35,6,1.8849555921538759,4,6.0,9,0.1,/user/raabe14/u19361/workspace-allen/results/zebra/sub-830795_ses-ecephys-830795-2026-02-23-15-03-59_ecephys.nwb/ProbeD/trial_1/phase_1/lib_ab4a70858e/lib_ab4a70858e__delay_0.15000000000000002__dur_0.23.h5
e6af8511-c577-4e3d-9160-1bb69adc8d6c,0.0,0.08,ab4a70858e,0.07562255859375,-15.223880597014926,27.783018867924525,134.9774869247291,17.91,25,11,6,1.8849555921538759,3,5.0,2,0.03,/user/raabe14/u19361/workspace-allen/results/zebra/sub-830795_ses-ecephys-830795-2026-02-23-15-03-59_ecephys.nwb/ProbeD/trial_1/phase_1/lib_ab4a70858e/lib_ab4a70858e__delay_0.0__dur_0.08.h5
e752b174-8504-443c-b50d-02773fec6950,0.30000000000000004,0.23,ab4a70858e,0.0735875591635704,-29.55223880597015,-13.443396226415096,157.4840764271708,14.32,17,34,7,2.199114857512855,2,4.0,9,0.1,/user/raabe14/u19361/workspace-allen/results/zebra/sub-830795_ses-ecephys-830795-2026-02-23-15-03-59_ecephys.nwb/ProbeD/trial_1/phase_1/lib_ab4a70858e/lib_ab4a70858e__delay_0.30000000000000004__dur_0.23.h5
e906a9b4-b776-4284-aadd-adcd44656688,0.0,0.13,ab4a70858e,0.1181371882557869,8.059701492537314,-31.367924528301888,157.4840764271708,7.16,38,44,7,2.199114857512855,0,2.0,9,0.1,/user/raabe14/u19361/workspace-allen/results/zebra/sub-830795_ses-ecephys-830795-2026-02-23-15-03-59_ecephys.nwb/ProbeD/trial_1/phase_1/lib_ab4a70858e/lib_ab4a70858e__delay_0.0__dur_0.13.h5
e9a960a8-83df-4765-b538-d0fdd43a8e18,0.30000000000000004,0.18000000000000002,ab4a70858e,0.07453016191720963,6.268656716417908,-17.028301886792452,22.515923572829195,10.74,37,36,1,0.3141592653589793,1,3.0,0,0.01,/user/raabe14/u19361/workspace-allen/results/zebra/sub-830795_ses-ecephys-830795-2026-02-23-15-03-59_ecephys.nwb/ProbeD/trial_1/phase_1/lib_ab4a70858e/lib_ab4a70858e__delay_0.30000000000000004__dur_0.18000000000000002.h5
e9b0220e-ed04-44cf-8732-b9655f75701a,0.0,0.13,ab4a70858e,0.1278223991394043,-0.8955223880596961,4.481132075471699,112.48408527317332,17.91,33,24,5,1.5707963267948966,3,5.0,2,0.03,/user/raabe14/u19361/workspace-allen/results/zebra/sub-830795_ses-ecephys-830795-2026-02-23-15-03-59_ecephys.nwb/ProbeD/trial_1/phase_1/lib_ab4a70858e/lib_ab4a70858e__delay_0.0__dur_0.13.h5
e9cf7a22-0a4b-4d91-aa77-449aee738762,0.30000000000000004,0.23,ab4a70858e,0.08481127768754959,-38.507462686567166,-22.40566037735849,22.515923572829195,7.16,12,39,1,0.3141592653589793,0,2.0,9,0.1,/user/raabe14/u19361/workspace-allen/results/zebra/sub-830795_ses-ecephys-830795-2026-02-23-15-03-59_ecephys.nwb/ProbeD/trial_1/phase_1/lib_ab4a70858e/lib_ab4a70858e__delay_0.30000000000000004__dur_0.23.h5
ea5abe75-eaa2-4fca-80d6-e2e790b07fd9,0.0,0.13,ab4a70858e,0.0747288390994072,-20.59701492537313,25.990566037735846,180.0,10.74,22,12,8,2.5132741228718345,1,3.0,12,1.3,/user/raabe14/u19361/workspace-allen/results/zebra/sub-830795_ses-ecephys-830795-2026-02-23-15-03-59_ecephys.nwb/ProbeD/trial_1/phase_1/lib_ab4a70858e/lib_ab4a70858e__delay_0.0__dur_0.13.h5
eb5cfcdf-e6b0-4333-8e54-28653b01dbef,0.30000000000000004,0.23,ab4a70858e,0.08043474704027176,49.25373134328359,4.481132075471699,90.0,28.65,61,24,4,1.2566370614359172,5,8.0,5,0.06,/user/raabe14/u19361/workspace-allen/results/zebra/sub-830795_ses-ecephys-830795-2026-02-23-15-03-59_ecephys.nwb/ProbeD/trial_1/phase_1/lib_ab4a70858e/lib_ab4a70858e__delay_0.30000000000000004__dur_0.23.h5
eb6d9651-26ec-4ba5-b8b5-04105a82398d,0.2,0.08,ab4a70858e,0.1193915382027626,17.014925373134332,11.650943396226417,157.4840764271708,17.91,43,20,7,2.199114857512855,3,5.0,12,1.3,/user/raabe14/u19361/workspace-allen/results/zebra/sub-830795_ses-ecephys-830795-2026-02-23-15-03-59_ecephys.nwb/ProbeD/trial_1/phase_1/lib_ab4a70858e/lib_ab4a70858e__delay_0.2__dur_0.08.h5
ebd64dca-facb-4af0-a2f7-f16b0fd83f67,0.30000000000000004,0.18000000000000002,ab4a70858e,0.07600194960832596,6.268656716417908,24.198113207547166,157.4840764271708,10.74,37,13,7,2.199114857512855,1,3.0,12,1.3,/user/raabe14/u19361/workspace-allen/results/zebra/sub-830795_ses-ecephys-830795-2026-02-23-15-03-59_ecephys.nwb/ProbeD/trial_1/phase_1/lib_ab4a70858e/lib_ab4a70858e__delay_0.30000000000000004__dur_0.18000000000000002.h5
ece6c34e-84e2-43e3-a0d5-8f2c1f89581f,0.30000000000000004,0.23,ab4a70858e,0.08491689711809158,-24.179104477611936,29.575471698113205,112.48408527317332,17.91,20,10,5,1.5707963267948966,3,5.0,11,1.2,/user/raabe14/u19361/workspace-allen/results/zebra/sub-830795_ses-ecephys-830795-2026-02-23-15-03-59_ecephys.nwb/ProbeD/trial_1/phase_1/lib_ab4a70858e/lib_ab4a70858e__delay_0.30000000000000004__dur_0.23.h5
ed3a3b60-801c-4298-a2f2-d30db8eabb9d,0.05,0.18000000000000002,ab4a70858e,0.0859113335609436,-8.059701492537314,-6.273584905660378,90.0,28.65,29,30,4,1.2566370614359172,5,8.0,2,0.03,/user/raabe14/u19361/workspace-allen/results/zebra/sub-830795_ses-ecephys-830795-2026-02-23-15-03-59_ecephys.nwb/ProbeD/trial_1/phase_1/lib_ab4a70858e/lib_ab4a70858e__delay_0.05__dur_0.18000000000000002.h5
ed8bd0db-4a6d-41e8-84af-890a1c5f5791,0.15000000000000002,0.23,ab4a70858e,0.08622555434703827,27.761194029850756,8.066037735849058,157.4840764271708,10.74,49,22,7,2.199114857512855,1,3.0,12,1.3,/user/raabe14/u19361/workspace-allen/results/zebra/sub-830795_ses-ecephys-830795-2026-02-23-15-03-59_ecephys.nwb/ProbeD/trial_1/phase_1/lib_ab4a70858e/lib_ab4a70858e__delay_0.15000000000000002__dur_0.23.h5
edb3cfbc-ba2c-4b01-acae-0a351a49d171,0.05,0.03,ab4a70858e,0.0,-60.0,47.5,0.0,7.16,0,0,0,0.0,0,2.0,0,0.01,/user/raabe14/u19361/workspace-allen/results/zebra/sub-830795_ses-ecephys-830795-2026-02-23-15-03-59_ecephys.nwb/ProbeD/trial_1/phase_1/lib_ab4a70858e/lib_ab4a70858e__delay_0.05__dur_0.03.h5
edcceef4-eb93-48e8-877b-bb37cc1e1cea,0.0,0.23,ab4a70858e,0.11049510538578033,-25.970149253731343,-11.650943396226417,157.4840764271708,21.49,19,33,7,2.199114857512855,4,6.0,12,1.3,/user/raabe14/u19361/workspace-allen/results/zebra/sub-830795_ses-ecephys-830795-2026-02-23-15-03-59_ecephys.nwb/ProbeD/trial_1/phase_1/lib_ab4a70858e/lib_ab4a70858e__delay_0.0__dur_0.23.h5
ee169635-08cc-46a0-9bed-8801bddee9a9,0.25,0.23,ab4a70858e,0.08281560242176056,-4.477611940298509,18.820754716981128,180.0,10.74,31,16,8,2.5132741228718345,1,3.0,12,1.3,/user/raabe14/u19361/workspace-allen/results/zebra/sub-830795_ses-ecephys-830795-2026-02-23-15-03-59_ecephys.nwb/ProbeD/trial_1/phase_1/lib_ab4a70858e/lib_ab4a70858e__delay_0.25__dur_0.23.h5
ee294f2f-99fd-4750-aa87-d2dde7952d70,0.0,0.13,ab4a70858e,0.08178050071001053,31.343283582089555,-42.12264150943396,22.515923572829195,28.65,51,50,1,0.3141592653589793,5,8.0,0,0.01,/user/raabe14/u19361/workspace-allen/results/zebra/sub-830795_ses-ecephys-830795-2026-02-23-15-03-59_ecephys.nwb/ProbeD/trial_1/phase_1/lib_ab4a70858e/lib_ab4a70858e__delay_0.0__dur_0.13.h5
ef0759ba-e41c-4799-b37b-2878c9b222e7,0.15000000000000002,0.23,ab4a70858e,0.13399069011211395,9.85074626865672,-33.160377358490564,22.515923572829163,14.32,39,45,9,2.827433388230814,2,4.0,12,1.3,/user/raabe14/u19361/workspace-allen/results/zebra/sub-830795_ses-ecephys-830795-2026-02-23-15-03-59_ecephys.nwb/ProbeD/trial_1/phase_1/lib_ab4a70858e/lib_ab4a70858e__delay_0.15000000000000002__dur_0.23.h5
ef296e0c-1282-4436-a767-dc85bec40f48,0.0,0.23,ab4a70858e,0.07797862589359283,31.343283582089555,-18.82075471698113,67.51591472682667,21.49,51,37,3,0.9424777960769379,4,6.0,9,0.1,/user/raabe14/u19361/workspace-allen/results/zebra/sub-830795_ses-ecephys-830795-2026-02-23-15-03-59_ecephys.nwb/ProbeD/trial_1/phase_1/lib_ab4a70858e/lib_ab4a70858e__delay_0.0__dur_0.23.h5
efb2bdde-c0c7-44d6-be4b-5c8d6bcdc966,0.25,0.18000000000000002,ab4a70858e,0.08048192411661148,33.13432835820896,-6.273584905660378,134.9774869247291,21.49,52,30,6,1.8849555921538759,4,6.0,9,0.1,/user/raabe14/u19361/workspace-allen/results/zebra/sub-830795_ses-ecephys-830795-2026-02-23-15-03-59_ecephys.nwb/ProbeD/trial_1/phase_1/lib_ab4a70858e/lib_ab4a70858e__delay_0.25__dur_0.18000000000000002.h5
f01c84b3-0da0-4c3e-b6f9-a1c499f6e668,0.1,0.18000000000000002,ab4a70858e,0.07646509259939194,29.55223880597015,-9.858490566037737,22.515923572829195,28.65,50,32,1,0.3141592653589793,5,8.0,9,0.1,/user/raabe14/u19361/workspace-allen/results/zebra/sub-830795_ses-ecephys-830795-2026-02-23-15-03-59_ecephys.nwb/ProbeD/trial_1/phase_1/lib_ab4a70858e/lib_ab4a70858e__delay_0.1__dur_0.18000000000000002.h5
f081ab06-82a3-4949-a907-c1609f01da11,0.15000000000000002,0.23,ab4a70858e,0.09634106606245041,-49.25373134328358,18.820754716981128,90.0,21.49,6,16,4,1.2566370614359172,4,6.0,9,0.1,/user/raabe14/u19361/workspace-allen/results/zebra/sub-830795_ses-ecephys-830795-2026-02-23-15-03-59_ecephys.nwb/ProbeD/trial_1/phase_1/lib_ab4a70858e/lib_ab4a70858e__delay_0.15000000000000002__dur_0.23.h5
f0edcd21-20e4-4326-a9ff-8186a77d174d,0.30000000000000004,0.23,ab4a70858e,0.10242944955825806,-29.55223880597015,-22.40566037735849,112.48408527317332,14.32,17,39,5,1.5707963267948966,2,4.0,11,1.2,/user/raabe14/u19361/workspace-allen/results/zebra/sub-830795_ses-ecephys-830795-2026-02-23-15-03-59_ecephys.nwb/ProbeD/trial_1/phase_1/lib_ab4a70858e/lib_ab4a70858e__delay_0.30000000000000004__dur_0.23.h5
f1a940c6-5a37-48e3-a190-7d02bd06e743,0.25,0.23,ab4a70858e,0.08218958973884583,-6.268656716417908,-6.273584905660378,180.0,17.91,30,30,8,2.5132741228718345,3,5.0,9,0.1,/user/raabe14/u19361/workspace-allen/results/zebra/sub-830795_ses-ecephys-830795-2026-02-23-15-03-59_ecephys.nwb/ProbeD/trial_1/phase_1/lib_ab4a70858e/lib_ab4a70858e__delay_0.25__dur_0.23.h5
f1aba4a4-6797-467d-b74e-84554f4bdb30,0.2,0.23,ab4a70858e,0.12958000600337982,45.67164179104478,2.6886792452830193,157.4840764271708,10.74,59,25,7,2.199114857512855,1,3.0,12,1.3,/user/raabe14/u19361/workspace-allen/results/zebra/sub-830795_ses-ecephys-830795-2026-02-23-15-03-59_ecephys.nwb/ProbeD/trial_1/phase_1/lib_ab4a70858e/lib_ab4a70858e__delay_0.2__dur_0.23.h5
f1b54fa1-dae5-47f8-afde-88dbbb9bf4b0,0.0,0.13,ab4a70858e,0.14769363403320312,0.8955223880597032,2.6886792452830193,22.515923572829195,17.91,34,25,1,0.3141592653589793,3,5.0,0,0.01,/user/raabe14/u19361/workspace-allen/results/zebra/sub-830795_ses-ecephys-830795-2026-02-23-15-03-59_ecephys.nwb/ProbeD/trial_1/phase_1/lib_ab4a70858e/lib_ab4a70858e__delay_0.0__dur_0.13.h5
f1cc364b-cbca-4d4c-a01c-7726157f8299,0.2,0.13,ab4a70858e,0.08806516975164413,-34.92537313432835,9.858490566037737,45.02251307527088,28.65,14,21,2,0.6283185307179586,5,8.0,5,0.06,/user/raabe14/u19361/workspace-allen/results/zebra/sub-830795_ses-ecephys-830795-2026-02-23-15-03-59_ecephys.nwb/ProbeD/trial_1/phase_1/lib_ab4a70858e/lib_ab4a70858e__delay_0.2__dur_0.13.h5
f3cb4266-7231-4e88-aadb-d465b3b21f24,0.0,0.13,ab4a70858e,0.13659675419330597,2.6865671641791096,-2.6886792452830193,45.02251307527088,17.91,35,28,2,0.6283185307179586,3,5.0,1,0.02,/user/raabe14/u19361/workspace-allen/results/zebra/sub-830795_ses-ecephys-830795-2026-02-23-15-03-59_ecephys.nwb/ProbeD/trial_1/phase_1/lib_ab4a70858e/lib_ab4a70858e__delay_0.0__dur_0.13.h5
f408cacb-2b64-4347-99c0-81a1287e9154,0.2,0.18000000000000002,ab4a70858e,0.089760921895504,-20.59701492537313,-6.273584905660378,45.02251307527088,14.32,22,30,2,0.6283185307179586,2,4.0,11,1.2,/user/raabe14/u19361/workspace-allen/results/zebra/sub-830795_ses-ecephys-830795-2026-02-23-15-03-59_ecephys.nwb/ProbeD/trial_1/phase_1/lib_ab4a70858e/lib_ab4a70858e__delay_0.2__dur_0.18000000000000002.h5
f4b8c2a6-f744-4efe-92b6-fff4d84b8772,0.30000000000000004,0.18000000000000002,ab4a70858e,0.0712864026427269,11.641791044776127,-27.78301886792453,0.0,17.91,40,42,0,0.0,3,5.0,7,0.08,/user/raabe14/u19361/workspace-allen/results/zebra/sub-830795_ses-ecephys-830795-2026-02-23-15-03-59_ecephys.nwb/ProbeD/trial_1/phase_1/lib_ab4a70858e/lib_ab4a70858e__delay_0.30000000000000004__dur_0.18000000000000002.h5
f4bc1bcb-48cf-4502-965a-1544d5e60ced,0.30000000000000004,0.18000000000000002,ab4a70858e,0.07279616594314575,25.97014925373135,15.235849056603776,90.0,28.65,48,18,4,1.2566370614359172,5,8.0,2,0.03,/user/raabe14/u19361/workspace-allen/results/zebra/sub-830795_ses-ecephys-830795-2026-02-23-15-03-59_ecephys.nwb/ProbeD/trial_1/phase_1/lib_ab4a70858e/lib_ab4a70858e__delay_0.30000000000000004__dur_0.18000000000000002.h5
f4edbb61-8712-4f07-8bda-90b1ad5632ad,0.1,0.23,ab4a70858e,0.09933491051197052,-20.59701492537313,2.6886792452830193,157.4840764271708,14.32,22,25,7,2.199114857512855,2,4.0,12,1.3,/user/raabe14/u19361/workspace-allen/results/zebra/sub-830795_ses-ecephys-830795-2026-02-23-15-03-59_ecephys.nwb/ProbeD/trial_1/phase_1/lib_ab4a70858e/lib_ab4a70858e__delay_0.1__dur_0.23.h5
f58bfc5d-4b71-4b1b-aba6-0c37ee79f221,0.0,0.23,ab4a70858e,0.12724681198596954,-36.71641791044776,17.02830188679245,180.0,10.74,13,17,8,2.5132741228718345,1,3.0,12,1.3,/user/raabe14/u19361/workspace-allen/results/zebra/sub-830795_ses-ecephys-830795-2026-02-23-15-03-59_ecephys.nwb/ProbeD/trial_1/phase_1/lib_ab4a70858e/lib_ab4a70858e__delay_0.0__dur_0.23.h5
f5948d52-4cde-453f-a445-5a702cab1b1e,0.05,0.23,ab4a70858e,0.1031138151884079,33.13432835820896,4.481132075471699,90.0,28.65,52,24,4,1.2566370614359172,5,8.0,2,0.03,/user/raabe14/u19361/workspace-allen/results/zebra/sub-830795_ses-ecephys-830795-2026-02-23-15-03-59_ecephys.nwb/ProbeD/trial_1/phase_1/lib_ab4a70858e/lib_ab4a70858e__delay_0.05__dur_0.23.h5
f67c472c-7e91-4662-881c-3b58a9a8552b,0.0,0.23,ab4a70858e,0.0702991932630539,-33.134328358208954,0.8962264150943398,157.4840764271708,28.65,15,26,7,2.199114857512855,5,8.0,9,0.1,/user/raabe14/u19361/workspace-allen/results/zebra/sub-830795_ses-ecephys-830795-2026-02-23-15-03-59_ecephys.nwb/ProbeD/trial_1/phase_1/lib_ab4a70858e/lib_ab4a70858e__delay_0.0__dur_0.23.h5
f6c60fd6-5344-496c-ba53-0c8e7a543425,0.2,0.13,ab4a70858e,0.07924535125494003,-2.6865671641791025,-29.57547169811321,67.51591472682667,28.65,32,43,3,0.9424777960769379,5,8.0,8,0.09,/user/raabe14/u19361/workspace-allen/results/zebra/sub-830795_ses-ecephys-830795-2026-02-23-15-03-59_ecephys.nwb/ProbeD/trial_1/phase_1/lib_ab4a70858e/lib_ab4a70858e__delay_0.2__dur_0.13.h5
f751198a-e6d8-40fa-9c73-df100c309a58,0.2,0.23,ab4a70858e,0.06838488578796387,-18.80597014925373,-13.443396226415096,45.02251307527088,10.74,23,34,2,0.6283185307179586,1,3.0,11,1.2,/user/raabe14/u19361/workspace-allen/results/zebra/sub-830795_ses-ecephys-830795-2026-02-23-15-03-59_ecephys.nwb/ProbeD/trial_1/phase_1/lib_ab4a70858e/lib_ab4a70858e__delay_0.2__dur_0.23.h5
f7b6d8c1-affe-4ed9-92d6-c9e16e511eb5,0.30000000000000004,0.23,ab4a70858e,0.07642944902181625,-11.64179104477612,42.12264150943396,0.0,21.49,27,3,0,0.0,4,6.0,7,0.08,/user/raabe14/u19361/workspace-allen/results/zebra/sub-830795_ses-ecephys-830795-2026-02-23-15-03-59_ecephys.nwb/ProbeD/trial_1/phase_1/lib_ab4a70858e/lib_ab4a70858e__delay_0.30000000000000004__dur_0.23.h5
f88d381a-a23e-4e43-9399-d10aad7ee81e,0.30000000000000004,0.13,ab4a70858e,0.07663522660732269,8.059701492537314,27.783018867924525,22.515923572829195,10.74,38,11,1,0.3141592653589793,1,3.0,1,0.02,/user/raabe14/u19361/workspace-allen/results/zebra/sub-830795_ses-ecephys-830795-2026-02-23-15-03-59_ecephys.nwb/ProbeD/trial_1/phase_1/lib_ab4a70858e/lib_ab4a70858e__delay_0.30000000000000004__dur_0.13.h5
f8af15f5-5c6f-41a9-8c25-670840ffb127,0.0,0.23,ab4a70858e,0.09542176127433777,-24.179104477611936,-42.12264150943396,0.0,17.91,20,50,0,0.0,3,5.0,2,0.03,/user/raabe14/u19361/workspace-allen/results/zebra/sub-830795_ses-ecephys-830795-2026-02-23-15-03-59_ecephys.nwb/ProbeD/trial_1/phase_1/lib_ab4a70858e/lib_ab4a70858e__delay_0.0__dur_0.23.h5
f94d6d2a-224c-4472-b6d0-0f072deae203,0.2,0.23,ab4a70858e,0.07763790339231491,8.059701492537314,45.70754716981132,67.51591472682667,17.91,38,1,3,0.9424777960769379,3,5.0,9,0.1,/user/raabe14/u19361/workspace-allen/results/zebra/sub-830795_ses-ecephys-830795-2026-02-23-15-03-59_ecephys.nwb/ProbeD/trial_1/phase_1/lib_ab4a70858e/lib_ab4a70858e__delay_0.2__dur_0.23.h5
f9b9d93d-0fd4-4604-9841-72922513bb19,0.05,0.13,ab4a70858e,0.08273915201425552,17.014925373134332,-38.5377358490566,67.51591472682667,10.74,43,48,3,0.9424777960769379,1,3.0,9,0.1,/user/raabe14/u19361/workspace-allen/results/zebra/sub-830795_ses-ecephys-830795-2026-02-23-15-03-59_ecephys.nwb/ProbeD/trial_1/phase_1/lib_ab4a70858e/lib_ab4a70858e__delay_0.05__dur_0.13.h5
fb871c68-174e-46c6-8536-8041c75e70c9,0.15000000000000002,0.23,ab4a70858e,0.1137513518333435,33.13432835820896,13.443396226415096,67.51591472682667,14.32,52,19,3,0.9424777960769379,2,4.0,12,1.3,/user/raabe14/u19361/workspace-allen/results/zebra/sub-830795_ses-ecephys-830795-2026-02-23-15-03-59_ecephys.nwb/ProbeD/trial_1/phase_1/lib_ab4a70858e/lib_ab4a70858e__delay_0.15000000000000002__dur_0.23.h5
fb9af91e-9288-41d1-8688-60ab2cfdba54,0.1,0.18000000000000002,ab4a70858e,0.0720362514257431,-47.46268656716418,15.235849056603776,45.02251307527088,17.91,7,18,2,0.6283185307179586,3,5.0,9,0.1,/user/raabe14/u19361/workspace-allen/results/zebra/sub-830795_ses-ecephys-830795-2026-02-23-15-03-59_ecephys.nwb/ProbeD/trial_1/phase_1/lib_ab4a70858e/lib_ab4a70858e__delay_0.1__dur_0.18000000000000002.h5
fd5eecf3-594f-4351-ba69-3b8f886f8ab7,0.0,0.23,ab4a70858e,0.08247287571430206,-25.970149253731343,17.02830188679245,0.0,28.65,19,17,0,0.0,5,8.0,9,0.1,/user/raabe14/u19361/workspace-allen/results/zebra/sub-830795_ses-ecephys-830795-2026-02-23-15-03-59_ecephys.nwb/ProbeD/trial_1/phase_1/lib_ab4a70858e/lib_ab4a70858e__delay_0.0__dur_0.23.h5
fdce11f6-bb83-44a3-bc4b-980622a9ee70,0.2,0.18000000000000002,ab4a70858e,0.07042381167411804,20.59701492537313,47.5,0.0,17.91,45,0,0,0.0,3,5.0,11,1.2,/user/raabe14/u19361/workspace-allen/results/zebra/sub-830795_ses-ecephys-830795-2026-02-23-15-03-59_ecephys.nwb/ProbeD/trial_1/phase_1/lib_ab4a70858e/lib_ab4a70858e__delay_0.2__dur_0.18000000000000002.h5
fe37db0e-92ba-465b-acaa-e163b6b337cb,0.15000000000000002,0.18000000000000002,ab4a70858e,0.0725417286157608,-17.014925373134325,29.575471698113205,0.0,17.91,24,10,0,0.0,3,5.0,11,1.2,/user/raabe14/u19361/workspace-allen/results/zebra/sub-830795_ses-ecephys-830795-2026-02-23-15-03-59_ecephys.nwb/ProbeD/trial_1/phase_1/lib_ab4a70858e/lib_ab4a70858e__delay_0.15000000000000002__dur_0.18000000000000002.h5
feca2770-2636-4532-bc38-e43f3f73d210,0.05,0.08,ab4a70858e,0.12504079937934875,25.97014925373135,-2.6886792452830193,45.02251307527088,21.49,48,28,2,0.6283185307179586,4,6.0,0,0.01,/user/raabe14/u19361/workspace-allen/results/zebra/sub-830795_ses-ecephys-830795-2026-02-23-15-03-59_ecephys.nwb/ProbeD/trial_1/phase_1/lib_ab4a70858e/lib_ab4a70858e__delay_0.05__dur_0.08.h5
ff8901f9-ddfb-4475-8b27-c0d222734998,0.05,0.23,ab4a70858e,0.08177976310253143,18.80597014925374,0.8962264150943398,90.0,7.16,44,26,4,1.2566370614359172,0,2.0,9,0.1,/user/raabe14/u19361/workspace-allen/results/zebra/sub-830795_ses-ecephys-830795-2026-02-23-15-03-59_ecephys.nwb/ProbeD/trial_1/phase_1/lib_ab4a70858e/lib_ab4a70858e__delay_0.05__dur_0.23.h5
ff9179dc-61eb-4735-89c3-bafaf09c9a68,0.0,0.23,ab4a70858e,0.07278866320848465,-33.134328358208954,42.12264150943396,180.0,7.16,15,3,8,2.5132741228718345,0,2.0,12,1.3,/user/raabe14/u19361/workspace-allen/results/zebra/sub-830795_ses-ecephys-830795-2026-02-23-15-03-59_ecephys.nwb/ProbeD/trial_1/phase_1/lib_ab4a70858e/lib_ab4a70858e__delay_0.0__dur_0.23.h5
ffa52da4-41b1-4ca1-8b86-727aa71c734d,0.30000000000000004,0.23,ab4a70858e,0.06936944276094437,13.43283582089552,-42.12264150943396,67.51591472682667,17.91,41,50,3,0.9424777960769379,3,5.0,9,0.1,/user/raabe14/u19361/workspace-allen/results/zebra/sub-830795_ses-ecephys-830795-2026-02-23-15-03-59_ecephys.nwb/ProbeD/trial_1/phase_1/lib_ab4a70858e/lib_ab4a70858e__delay_0.30000000000000004__dur_0.23.h5
ffd553d0-bbe1-4a09-8511-9a06697f766e,0.05,0.03,ab4a70858e,0.0,-60.0,47.5,0.0,7.16,0,0,0,0.0,0,2.0,0,0.01,/user/raabe14/u19361/workspace-allen/results/zebra/sub-830795_ses-ecephys-830795-2026-02-23-15-03-59_ecephys.nwb/ProbeD/trial_1/phase_1/lib_ab4a70858e/lib_ab4a70858e__delay_0.05__dur_0.03.h5
ffdd2ed7-52d4-431e-a598-7e583597381e,0.0,0.08,ab4a70858e,0.11832469701766968,6.268656716417908,18.820754716981128,22.515923572829195,21.49,37,16,1,0.3141592653589793,4,6.0,0,0.01,/user/raabe14/u19361/workspace-allen/results/zebra/sub-830795_ses-ecephys-830795-2026-02-23-15-03-59_ecephys.nwb/ProbeD/trial_1/phase_1/lib_ab4a70858e/lib_ab4a70858e__delay_0.0__dur_0.08.h5
fff84ed3-f2c3-4332-8ece-b6d22f0adb3d,0.2,0.23,ab4a70858e,0.09818413853645325,15.223880597014926,-9.858490566037737,45.02251307527088,28.65,42,32,2,0.6283185307179586,5,8.0,5,0.06,/user/raabe14/u19361/workspace-allen/results/zebra/sub-830795_ses-ecephys-830795-2026-02-23-15-03-59_ecephys.nwb/ProbeD/trial_1/phase_1/lib_ab4a70858e/lib_ab4a70858e__delay_0.2__dur_0.23.h5
