unit_id,delay,duration,lib_id,abs_max_value,x_deg,y_deg,theta_deg,sigma_deg,xi,yi,theta_idx,theta_rad,sigma_idx,sigma,frequency_idx,frequency,source_file
001b97e3-cef8-442d-97a5-a97f2036ce27,0.03,0.23,ab4a70858e,0.0823335126042366,-31.34328358208955,-4.481132075471699,22.515923572829163,21.49,16,29,9,2.827433388230814,4,6.0,9,0.1,/user/raabe14/u19361/workspace-allen/results/zebra/sub-830795_ses-ecephys-830795-2026-02-23-15-03-59_ecephys.nwb/ProbeF/trial_1/phase_0/lib_ab4a70858e/lib_ab4a70858e__delay_0.03__dur_0.23.h5
002691ee-7acd-4e1e-b685-9ee42232e421,0.30000000000000004,0.23,ab4a70858e,0.1268802434206009,4.477611940298516,0.8962264150943398,67.51591472682667,10.74,36,26,3,0.9424777960769379,1,3.0,12,1.3,/user/raabe14/u19361/workspace-allen/results/zebra/sub-830795_ses-ecephys-830795-2026-02-23-15-03-59_ecephys.nwb/ProbeF/trial_1/phase_0/lib_ab4a70858e/lib_ab4a70858e__delay_0.30000000000000004__dur_0.23.h5
0026ce90-1375-402b-8347-275d4b4ac29e,0.25,0.23,ab4a70858e,0.07784431427717209,-13.43283582089552,45.70754716981132,67.51591472682667,17.91,26,1,3,0.9424777960769379,3,5.0,8,0.09,/user/raabe14/u19361/workspace-allen/results/zebra/sub-830795_ses-ecephys-830795-2026-02-23-15-03-59_ecephys.nwb/ProbeF/trial_1/phase_0/lib_ab4a70858e/lib_ab4a70858e__delay_0.25__dur_0.23.h5
004cecef-0f54-4ac6-830f-26371e77e363,0.30000000000000004,0.23,ab4a70858e,0.07891640067100525,-11.64179104477612,27.783018867924525,22.515923572829163,17.91,27,11,9,2.827433388230814,3,5.0,9,0.1,/user/raabe14/u19361/workspace-allen/results/zebra/sub-830795_ses-ecephys-830795-2026-02-23-15-03-59_ecephys.nwb/ProbeF/trial_1/phase_0/lib_ab4a70858e/lib_ab4a70858e__delay_0.30000000000000004__dur_0.23.h5
00efadfe-3129-48c5-a1c9-2a3ae7ed72e8,0.09,0.18000000000000002,ab4a70858e,0.08042371273040771,-0.8955223880596961,-9.858490566037737,0.0,10.74,33,32,0,0.0,1,3.0,11,1.2,/user/raabe14/u19361/workspace-allen/results/zebra/sub-830795_ses-ecephys-830795-2026-02-23-15-03-59_ecephys.nwb/ProbeF/trial_1/phase_0/lib_ab4a70858e/lib_ab4a70858e__delay_0.09__dur_0.18000000000000002.h5
016b98b8-3eaf-48c3-b7fd-3f5654675164,0.0,0.13,ab4a70858e,0.08431634306907654,27.761194029850756,-15.235849056603776,112.48408527317332,28.65,49,35,5,1.5707963267948966,5,8.0,2,0.03,/user/raabe14/u19361/workspace-allen/results/zebra/sub-830795_ses-ecephys-830795-2026-02-23-15-03-59_ecephys.nwb/ProbeF/trial_1/phase_0/lib_ab4a70858e/lib_ab4a70858e__delay_0.0__dur_0.13.h5
03368e34-6430-417f-afeb-ba427e3e9f94,0.06,0.23,ab4a70858e,0.09870696067810059,9.85074626865672,-31.367924528301888,22.515923572829163,14.32,39,44,9,2.827433388230814,2,4.0,12,1.3,/user/raabe14/u19361/workspace-allen/results/zebra/sub-830795_ses-ecephys-830795-2026-02-23-15-03-59_ecephys.nwb/ProbeF/trial_1/phase_0/lib_ab4a70858e/lib_ab4a70858e__delay_0.06__dur_0.23.h5
0469836b-f6f5-4088-878a-4aa16137abd0,0.2,0.23,ab4a70858e,0.0861269161105156,-0.8955223880596961,-13.443396226415096,0.0,7.16,33,34,0,0.0,0,2.0,11,1.2,/user/raabe14/u19361/workspace-allen/results/zebra/sub-830795_ses-ecephys-830795-2026-02-23-15-03-59_ecephys.nwb/ProbeF/trial_1/phase_0/lib_ab4a70858e/lib_ab4a70858e__delay_0.2__dur_0.23.h5
049f8194-933b-4889-82ed-e487500467db,0.01,0.03,ab4a70858e,0.0,-60.0,47.5,0.0,7.16,0,0,0,0.0,0,2.0,0,0.01,/user/raabe14/u19361/workspace-allen/results/zebra/sub-830795_ses-ecephys-830795-2026-02-23-15-03-59_ecephys.nwb/ProbeF/trial_1/phase_0/lib_ab4a70858e/lib_ab4a70858e__delay_0.01__dur_0.03.h5
05bea790-79c4-40fa-b368-f1c589bc4309,0.08,0.13,ab4a70858e,0.07546407729387283,-31.34328358208955,31.367924528301884,22.515923572829195,7.16,16,9,1,0.3141592653589793,0,2.0,9,0.1,/user/raabe14/u19361/workspace-allen/results/zebra/sub-830795_ses-ecephys-830795-2026-02-23-15-03-59_ecephys.nwb/ProbeF/trial_1/phase_0/lib_ab4a70858e/lib_ab4a70858e__delay_0.08__dur_0.13.h5
0660c948-48ae-4d45-809e-24662336358f,0.01,0.03,ab4a70858e,0.0,-60.0,47.5,0.0,7.16,0,0,0,0.0,0,2.0,0,0.01,/user/raabe14/u19361/workspace-allen/results/zebra/sub-830795_ses-ecephys-830795-2026-02-23-15-03-59_ecephys.nwb/ProbeF/trial_1/phase_0/lib_ab4a70858e/lib_ab4a70858e__delay_0.01__dur_0.03.h5
06760f26-b35f-4d3f-8807-c6372c15518a,0.0,0.23,ab4a70858e,0.08215537667274475,-25.970149253731343,-6.273584905660378,22.515923572829163,21.49,19,30,9,2.827433388230814,4,6.0,9,0.1,/user/raabe14/u19361/workspace-allen/results/zebra/sub-830795_ses-ecephys-830795-2026-02-23-15-03-59_ecephys.nwb/ProbeF/trial_1/phase_0/lib_ab4a70858e/lib_ab4a70858e__delay_0.0__dur_0.23.h5
067d22a4-0fce-4a6a-bc4c-1bc5673e0f9c,0.30000000000000004,0.23,ab4a70858e,0.08460862934589386,6.268656716417908,-27.78301886792453,67.51591472682667,17.91,37,42,3,0.9424777960769379,3,5.0,6,0.07,/user/raabe14/u19361/workspace-allen/results/zebra/sub-830795_ses-ecephys-830795-2026-02-23-15-03-59_ecephys.nwb/ProbeF/trial_1/phase_0/lib_ab4a70858e/lib_ab4a70858e__delay_0.30000000000000004__dur_0.23.h5
06d2d94e-1fc7-46b7-8fb0-b801413b15b1,0.08,0.23,ab4a70858e,0.08514820784330368,36.71641791044776,29.575471698113205,0.0,28.65,54,10,0,0.0,5,8.0,11,1.2,/user/raabe14/u19361/workspace-allen/results/zebra/sub-830795_ses-ecephys-830795-2026-02-23-15-03-59_ecephys.nwb/ProbeF/trial_1/phase_0/lib_ab4a70858e/lib_ab4a70858e__delay_0.08__dur_0.23.h5
072efc58-daf6-4031-a1ef-ed207651e71d,0.30000000000000004,0.23,ab4a70858e,0.09885472059249878,-25.970149253731343,2.6886792452830193,112.48408527317332,28.65,19,25,5,1.5707963267948966,5,8.0,11,1.2,/user/raabe14/u19361/workspace-allen/results/zebra/sub-830795_ses-ecephys-830795-2026-02-23-15-03-59_ecephys.nwb/ProbeF/trial_1/phase_0/lib_ab4a70858e/lib_ab4a70858e__delay_0.30000000000000004__dur_0.23.h5
085822f8-bd66-4831-8de5-45d200205fcb,0.05,0.13,ab4a70858e,0.0814857929944992,42.08955223880598,-4.481132075471699,67.51591472682667,10.74,57,29,3,0.9424777960769379,1,3.0,11,1.2,/user/raabe14/u19361/workspace-allen/results/zebra/sub-830795_ses-ecephys-830795-2026-02-23-15-03-59_ecephys.nwb/ProbeF/trial_1/phase_0/lib_ab4a70858e/lib_ab4a70858e__delay_0.05__dur_0.13.h5
08aa1db0-ab18-4754-907d-b58f79f087e8,0.06,0.08,ab4a70858e,0.07311413437128067,17.014925373134332,-29.57547169811321,67.51591472682667,14.32,43,43,3,0.9424777960769379,2,4.0,9,0.1,/user/raabe14/u19361/workspace-allen/results/zebra/sub-830795_ses-ecephys-830795-2026-02-23-15-03-59_ecephys.nwb/ProbeF/trial_1/phase_0/lib_ab4a70858e/lib_ab4a70858e__delay_0.06__dur_0.08.h5
08f4bdb3-02f3-46f8-9e93-cfe59c5e83e1,0.30000000000000004,0.23,ab4a70858e,0.09138889610767365,52.83582089552239,-43.91509433962264,180.0,28.65,63,51,8,2.5132741228718345,5,8.0,8,0.09,/user/raabe14/u19361/workspace-allen/results/zebra/sub-830795_ses-ecephys-830795-2026-02-23-15-03-59_ecephys.nwb/ProbeF/trial_1/phase_0/lib_ab4a70858e/lib_ab4a70858e__delay_0.30000000000000004__dur_0.23.h5
0973a34f-0301-44c4-9981-edcfbf055a50,0.30000000000000004,0.13,ab4a70858e,0.06794457882642746,-33.134328358208954,-27.78301886792453,134.9774869247291,7.16,15,42,6,1.8849555921538759,0,2.0,9,0.1,/user/raabe14/u19361/workspace-allen/results/zebra/sub-830795_ses-ecephys-830795-2026-02-23-15-03-59_ecephys.nwb/ProbeF/trial_1/phase_0/lib_ab4a70858e/lib_ab4a70858e__delay_0.30000000000000004__dur_0.13.h5
09afab22-a74f-44f6-9fe3-07193cc9ec8e,0.1,0.23,ab4a70858e,0.08485216647386551,-18.80597014925373,-18.82075471698113,134.9774869247291,28.65,23,37,6,1.8849555921538759,5,8.0,8,0.09,/user/raabe14/u19361/workspace-allen/results/zebra/sub-830795_ses-ecephys-830795-2026-02-23-15-03-59_ecephys.nwb/ProbeF/trial_1/phase_0/lib_ab4a70858e/lib_ab4a70858e__delay_0.1__dur_0.23.h5
09cbb120-7e9c-4054-bd7b-e80d92296928,0.0,0.13,ab4a70858e,0.07571357488632202,6.268656716417908,-40.33018867924528,180.0,14.32,37,49,8,2.5132741228718345,2,4.0,9,0.1,/user/raabe14/u19361/workspace-allen/results/zebra/sub-830795_ses-ecephys-830795-2026-02-23-15-03-59_ecephys.nwb/ProbeF/trial_1/phase_0/lib_ab4a70858e/lib_ab4a70858e__delay_0.0__dur_0.13.h5
09cffb87-f152-44de-9492-bcfe495e9420,0.30000000000000004,0.23,ab4a70858e,0.07862861454486847,-18.80597014925373,-24.19811320754717,157.4840764271708,14.32,23,40,7,2.199114857512855,2,4.0,12,1.3,/user/raabe14/u19361/workspace-allen/results/zebra/sub-830795_ses-ecephys-830795-2026-02-23-15-03-59_ecephys.nwb/ProbeF/trial_1/phase_0/lib_ab4a70858e/lib_ab4a70858e__delay_0.30000000000000004__dur_0.23.h5
0a54edb2-dc5b-4cc2-93b5-d1d3c64defe2,0.30000000000000004,0.08,ab4a70858e,0.0724741667509079,13.43283582089552,-38.5377358490566,180.0,14.32,41,48,8,2.5132741228718345,2,4.0,5,0.06,/user/raabe14/u19361/workspace-allen/results/zebra/sub-830795_ses-ecephys-830795-2026-02-23-15-03-59_ecephys.nwb/ProbeF/trial_1/phase_0/lib_ab4a70858e/lib_ab4a70858e__delay_0.30000000000000004__dur_0.08.h5
0ad9e216-a761-4657-8282-b11a796bcf83,0.30000000000000004,0.23,ab4a70858e,0.07198935747146606,-33.134328358208954,47.5,112.48408527317332,10.74,15,0,5,1.5707963267948966,1,3.0,11,1.2,/user/raabe14/u19361/workspace-allen/results/zebra/sub-830795_ses-ecephys-830795-2026-02-23-15-03-59_ecephys.nwb/ProbeF/trial_1/phase_0/lib_ab4a70858e/lib_ab4a70858e__delay_0.30000000000000004__dur_0.23.h5
0b0abe3f-172e-4c39-b0c0-f8a67c3ddfe8,0.25,0.18000000000000002,ab4a70858e,0.07842452824115753,20.59701492537313,2.6886792452830193,67.51591472682667,17.91,45,25,3,0.9424777960769379,3,5.0,6,0.07,/user/raabe14/u19361/workspace-allen/results/zebra/sub-830795_ses-ecephys-830795-2026-02-23-15-03-59_ecephys.nwb/ProbeF/trial_1/phase_0/lib_ab4a70858e/lib_ab4a70858e__delay_0.25__dur_0.18000000000000002.h5
0d6540d4-eaaa-4dc4-a301-97b9239a68fa,0.0,0.13,ab4a70858e,0.07698920369148254,-6.268656716417908,-20.61320754716981,0.0,7.16,30,38,0,0.0,0,2.0,11,1.2,/user/raabe14/u19361/workspace-allen/results/zebra/sub-830795_ses-ecephys-830795-2026-02-23-15-03-59_ecephys.nwb/ProbeF/trial_1/phase_0/lib_ab4a70858e/lib_ab4a70858e__delay_0.0__dur_0.13.h5
0dacd113-917d-4827-8b7b-939fc39986b2,0.2,0.23,ab4a70858e,0.08292819559574127,-2.6865671641791025,18.820754716981128,180.0,10.74,32,16,8,2.5132741228718345,1,3.0,12,1.3,/user/raabe14/u19361/workspace-allen/results/zebra/sub-830795_ses-ecephys-830795-2026-02-23-15-03-59_ecephys.nwb/ProbeF/trial_1/phase_0/lib_ab4a70858e/lib_ab4a70858e__delay_0.2__dur_0.23.h5
0e227cf9-80a3-4a42-ab9c-8f12f1197126,0.1,0.13,ab4a70858e,0.10395573079586029,-47.46268656716418,-15.235849056603776,157.4840764271708,10.74,7,35,7,2.199114857512855,1,3.0,12,1.3,/user/raabe14/u19361/workspace-allen/results/zebra/sub-830795_ses-ecephys-830795-2026-02-23-15-03-59_ecephys.nwb/ProbeF/trial_1/phase_0/lib_ab4a70858e/lib_ab4a70858e__delay_0.1__dur_0.13.h5
0e55d654-3930-4301-a2f5-4ce00604ec31,0.05,0.18000000000000002,ab4a70858e,0.09277383238077164,-4.477611940298509,29.575471698113205,0.0,14.32,31,10,0,0.0,2,4.0,11,1.2,/user/raabe14/u19361/workspace-allen/results/zebra/sub-830795_ses-ecephys-830795-2026-02-23-15-03-59_ecephys.nwb/ProbeF/trial_1/phase_0/lib_ab4a70858e/lib_ab4a70858e__delay_0.05__dur_0.18000000000000002.h5
0f06bdfc-4359-427d-a894-b8e41d548f11,0.30000000000000004,0.23,ab4a70858e,0.0735502541065216,11.641791044776127,-2.6886792452830193,134.9774869247291,28.65,40,28,6,1.8849555921538759,5,8.0,9,0.1,/user/raabe14/u19361/workspace-allen/results/zebra/sub-830795_ses-ecephys-830795-2026-02-23-15-03-59_ecephys.nwb/ProbeF/trial_1/phase_0/lib_ab4a70858e/lib_ab4a70858e__delay_0.30000000000000004__dur_0.23.h5
0f68a5f4-534f-45e4-b867-ea684d02026e,0.30000000000000004,0.23,ab4a70858e,0.07709482312202454,-13.43283582089552,-15.235849056603776,157.4840764271708,7.16,26,35,7,2.199114857512855,0,2.0,12,1.3,/user/raabe14/u19361/workspace-allen/results/zebra/sub-830795_ses-ecephys-830795-2026-02-23-15-03-59_ecephys.nwb/ProbeF/trial_1/phase_0/lib_ab4a70858e/lib_ab4a70858e__delay_0.30000000000000004__dur_0.23.h5
0f7463b6-cf30-4bb2-a15f-61a85261e94d,0.03,0.18000000000000002,ab4a70858e,0.07741845399141312,-42.089552238805965,27.783018867924525,45.02251307527088,10.74,10,11,2,0.6283185307179586,1,3.0,12,1.3,/user/raabe14/u19361/workspace-allen/results/zebra/sub-830795_ses-ecephys-830795-2026-02-23-15-03-59_ecephys.nwb/ProbeF/trial_1/phase_0/lib_ab4a70858e/lib_ab4a70858e__delay_0.03__dur_0.18000000000000002.h5
105e4884-d4be-43d2-9eed-02cb953efa7f,0.01,0.23,ab4a70858e,0.09043385088443756,31.343283582089555,34.95283018867924,112.48408527317332,17.91,51,7,5,1.5707963267948966,3,5.0,4,0.05,/user/raabe14/u19361/workspace-allen/results/zebra/sub-830795_ses-ecephys-830795-2026-02-23-15-03-59_ecephys.nwb/ProbeF/trial_1/phase_0/lib_ab4a70858e/lib_ab4a70858e__delay_0.01__dur_0.23.h5
119258d6-7ed0-40ff-800c-26a0e867ba8b,0.2,0.23,ab4a70858e,0.07380085438489914,36.71641791044776,0.8962264150943398,134.9774869247291,14.32,54,26,6,1.8849555921538759,2,4.0,9,0.1,/user/raabe14/u19361/workspace-allen/results/zebra/sub-830795_ses-ecephys-830795-2026-02-23-15-03-59_ecephys.nwb/ProbeF/trial_1/phase_0/lib_ab4a70858e/lib_ab4a70858e__delay_0.2__dur_0.23.h5
11ddee5d-cb20-4bce-bbf3-240b9c8e1c6d,0.25,0.13,ab4a70858e,0.07655362039804459,-11.64179104477612,40.33018867924528,90.0,28.65,27,4,4,1.2566370614359172,5,8.0,9,0.1,/user/raabe14/u19361/workspace-allen/results/zebra/sub-830795_ses-ecephys-830795-2026-02-23-15-03-59_ecephys.nwb/ProbeF/trial_1/phase_0/lib_ab4a70858e/lib_ab4a70858e__delay_0.25__dur_0.13.h5
11e56929-e1bd-4c50-93fd-65b630e79070,0.1,0.18000000000000002,ab4a70858e,0.08628248423337936,34.92537313432837,29.575471698113205,0.0,21.49,53,10,0,0.0,4,6.0,11,1.2,/user/raabe14/u19361/workspace-allen/results/zebra/sub-830795_ses-ecephys-830795-2026-02-23-15-03-59_ecephys.nwb/ProbeF/trial_1/phase_0/lib_ab4a70858e/lib_ab4a70858e__delay_0.1__dur_0.18000000000000002.h5
13f6f1a4-069b-4d91-a9e2-f3c3d4546d7f,0.02,0.23,ab4a70858e,0.07837735861539841,33.13432835820896,2.6886792452830193,67.51591472682667,28.65,52,25,3,0.9424777960769379,5,8.0,5,0.06,/user/raabe14/u19361/workspace-allen/results/zebra/sub-830795_ses-ecephys-830795-2026-02-23-15-03-59_ecephys.nwb/ProbeF/trial_1/phase_0/lib_ab4a70858e/lib_ab4a70858e__delay_0.02__dur_0.23.h5
13fb52cc-4cb5-4bfe-b7ca-e4db044530e6,0.15000000000000002,0.23,ab4a70858e,0.07991589605808258,-45.67164179104478,47.5,180.0,28.65,8,0,8,2.5132741228718345,5,8.0,4,0.05,/user/raabe14/u19361/workspace-allen/results/zebra/sub-830795_ses-ecephys-830795-2026-02-23-15-03-59_ecephys.nwb/ProbeF/trial_1/phase_0/lib_ab4a70858e/lib_ab4a70858e__delay_0.15000000000000002__dur_0.23.h5
14976e01-bf44-4a21-a1a0-c9319fe2344c,0.2,0.18000000000000002,ab4a70858e,0.08158684521913528,-56.417910447761194,33.160377358490564,0.0,17.91,2,8,0,0.0,3,5.0,11,1.2,/user/raabe14/u19361/workspace-allen/results/zebra/sub-830795_ses-ecephys-830795-2026-02-23-15-03-59_ecephys.nwb/ProbeF/trial_1/phase_0/lib_ab4a70858e/lib_ab4a70858e__delay_0.2__dur_0.18000000000000002.h5
153db119-dcb9-4d70-9428-a8d1bbd13520,0.01,0.03,ab4a70858e,0.0,-60.0,47.5,0.0,7.16,0,0,0,0.0,0,2.0,0,0.01,/user/raabe14/u19361/workspace-allen/results/zebra/sub-830795_ses-ecephys-830795-2026-02-23-15-03-59_ecephys.nwb/ProbeF/trial_1/phase_0/lib_ab4a70858e/lib_ab4a70858e__delay_0.01__dur_0.03.h5
157ac414-138a-44cb-8f69-cd00b05dbf23,0.30000000000000004,0.13,ab4a70858e,0.08554813265800476,33.13432835820896,-15.235849056603776,0.0,14.32,52,35,0,0.0,2,4.0,4,0.05,/user/raabe14/u19361/workspace-allen/results/zebra/sub-830795_ses-ecephys-830795-2026-02-23-15-03-59_ecephys.nwb/ProbeF/trial_1/phase_0/lib_ab4a70858e/lib_ab4a70858e__delay_0.30000000000000004__dur_0.13.h5
16644da8-6be6-4fa2-a1dd-5bda20ac09f1,0.07,0.18000000000000002,ab4a70858e,0.09132031351327896,-40.298507462686565,-15.235849056603776,180.0,14.32,11,35,8,2.5132741228718345,2,4.0,7,0.08,/user/raabe14/u19361/workspace-allen/results/zebra/sub-830795_ses-ecephys-830795-2026-02-23-15-03-59_ecephys.nwb/ProbeF/trial_1/phase_0/lib_ab4a70858e/lib_ab4a70858e__delay_0.07__dur_0.18000000000000002.h5
16c80407-09c8-481c-a087-0c0c76d6a3c9,0.01,0.13,ab4a70858e,0.08897778391838074,-51.04477611940298,-8.066037735849058,22.515923572829195,7.16,5,31,1,0.3141592653589793,0,2.0,10,1.1,/user/raabe14/u19361/workspace-allen/results/zebra/sub-830795_ses-ecephys-830795-2026-02-23-15-03-59_ecephys.nwb/ProbeF/trial_1/phase_0/lib_ab4a70858e/lib_ab4a70858e__delay_0.01__dur_0.13.h5
170017b5-5252-4fb9-951b-86e0caa30564,0.04,0.18000000000000002,ab4a70858e,0.11370410770177841,-15.223880597014926,11.650943396226417,45.02251307527088,10.74,25,20,2,0.6283185307179586,1,3.0,11,1.2,/user/raabe14/u19361/workspace-allen/results/zebra/sub-830795_ses-ecephys-830795-2026-02-23-15-03-59_ecephys.nwb/ProbeF/trial_1/phase_0/lib_ab4a70858e/lib_ab4a70858e__delay_0.04__dur_0.18000000000000002.h5
17f886bf-5925-4684-a487-dc83348ae2a1,0.1,0.08,ab4a70858e,0.08220598101615906,43.88059701492537,-29.57547169811321,112.48408527317332,7.16,58,43,5,1.5707963267948966,0,2.0,11,1.2,/user/raabe14/u19361/workspace-allen/results/zebra/sub-830795_ses-ecephys-830795-2026-02-23-15-03-59_ecephys.nwb/ProbeF/trial_1/phase_0/lib_ab4a70858e/lib_ab4a70858e__delay_0.1__dur_0.08.h5
194ab144-c615-424f-b09e-35953fed2f16,0.30000000000000004,0.13,ab4a70858e,0.07104972004890442,27.761194029850756,-11.650943396226417,180.0,10.74,49,33,8,2.5132741228718345,1,3.0,9,0.1,/user/raabe14/u19361/workspace-allen/results/zebra/sub-830795_ses-ecephys-830795-2026-02-23-15-03-59_ecephys.nwb/ProbeF/trial_1/phase_0/lib_ab4a70858e/lib_ab4a70858e__delay_0.30000000000000004__dur_0.13.h5
1aa25bd1-a5ac-4b1c-b35d-7fa2ad92aeb5,0.2,0.23,ab4a70858e,0.10067170858383179,36.71641791044776,-20.61320754716981,0.0,17.91,54,38,0,0.0,3,5.0,11,1.2,/user/raabe14/u19361/workspace-allen/results/zebra/sub-830795_ses-ecephys-830795-2026-02-23-15-03-59_ecephys.nwb/ProbeF/trial_1/phase_0/lib_ab4a70858e/lib_ab4a70858e__delay_0.2__dur_0.23.h5
1cd6e480-93b8-42f8-b987-a88fe9cfe232,0.04,0.18000000000000002,ab4a70858e,0.09299319237470627,-8.059701492537314,15.235849056603776,180.0,10.74,29,18,8,2.5132741228718345,1,3.0,12,1.3,/user/raabe14/u19361/workspace-allen/results/zebra/sub-830795_ses-ecephys-830795-2026-02-23-15-03-59_ecephys.nwb/ProbeF/trial_1/phase_0/lib_ab4a70858e/lib_ab4a70858e__delay_0.04__dur_0.18000000000000002.h5
1d705c82-b3cf-4ae7-97bd-7b891425c9f3,0.0,0.23,ab4a70858e,0.08095366507768631,54.626865671641795,9.858490566037737,90.0,10.74,64,21,4,1.2566370614359172,1,3.0,9,0.1,/user/raabe14/u19361/workspace-allen/results/zebra/sub-830795_ses-ecephys-830795-2026-02-23-15-03-59_ecephys.nwb/ProbeF/trial_1/phase_0/lib_ab4a70858e/lib_ab4a70858e__delay_0.0__dur_0.23.h5
1d84d213-114f-41ab-b514-2cbf6c569dab,0.15000000000000002,0.23,ab4a70858e,0.0880928635597229,-13.43283582089552,-2.6886792452830193,45.02251307527088,28.65,26,28,2,0.6283185307179586,5,8.0,8,0.09,/user/raabe14/u19361/workspace-allen/results/zebra/sub-830795_ses-ecephys-830795-2026-02-23-15-03-59_ecephys.nwb/ProbeF/trial_1/phase_0/lib_ab4a70858e/lib_ab4a70858e__delay_0.15000000000000002__dur_0.23.h5
1ddb5066-31fe-4cc4-8e16-a12de02d7cc6,0.01,0.03,ab4a70858e,0.0,-60.0,47.5,0.0,7.16,0,0,0,0.0,0,2.0,0,0.01,/user/raabe14/u19361/workspace-allen/results/zebra/sub-830795_ses-ecephys-830795-2026-02-23-15-03-59_ecephys.nwb/ProbeF/trial_1/phase_0/lib_ab4a70858e/lib_ab4a70858e__delay_0.01__dur_0.03.h5
1e6bd34b-b303-4435-8c3f-ab86eac0f8ed,0.1,0.13,ab4a70858e,0.07899420708417892,-18.80597014925373,22.405660377358487,90.0,14.32,23,14,4,1.2566370614359172,2,4.0,9,0.1,/user/raabe14/u19361/workspace-allen/results/zebra/sub-830795_ses-ecephys-830795-2026-02-23-15-03-59_ecephys.nwb/ProbeF/trial_1/phase_0/lib_ab4a70858e/lib_ab4a70858e__delay_0.1__dur_0.13.h5
1e97f930-fe49-471b-92a2-c4f3cd247232,0.1,0.23,ab4a70858e,0.0859314352273941,11.641791044776127,2.6886792452830193,67.51591472682667,14.32,40,25,3,0.9424777960769379,2,4.0,12,1.3,/user/raabe14/u19361/workspace-allen/results/zebra/sub-830795_ses-ecephys-830795-2026-02-23-15-03-59_ecephys.nwb/ProbeF/trial_1/phase_0/lib_ab4a70858e/lib_ab4a70858e__delay_0.1__dur_0.23.h5
1eda999a-55a1-4b6e-b01a-faa3e90e703e,0.05,0.18000000000000002,ab4a70858e,0.10263729095458984,-6.268656716417908,33.160377358490564,180.0,17.91,30,8,8,2.5132741228718345,3,5.0,12,1.3,/user/raabe14/u19361/workspace-allen/results/zebra/sub-830795_ses-ecephys-830795-2026-02-23-15-03-59_ecephys.nwb/ProbeF/trial_1/phase_0/lib_ab4a70858e/lib_ab4a70858e__delay_0.05__dur_0.18000000000000002.h5
1f00600a-eec1-4775-a929-2cb81ba50d50,0.30000000000000004,0.23,ab4a70858e,0.0852227732539177,-9.850746268656714,4.481132075471699,112.48408527317332,10.74,28,24,5,1.5707963267948966,1,3.0,11,1.2,/user/raabe14/u19361/workspace-allen/results/zebra/sub-830795_ses-ecephys-830795-2026-02-23-15-03-59_ecephys.nwb/ProbeF/trial_1/phase_0/lib_ab4a70858e/lib_ab4a70858e__delay_0.30000000000000004__dur_0.23.h5
1f562b83-1b05-4076-b001-71b0b1f9270d,0.0,0.13,ab4a70858e,0.07424154877662659,-38.507462686567166,-15.235849056603776,157.4840764271708,7.16,12,35,7,2.199114857512855,0,2.0,12,1.3,/user/raabe14/u19361/workspace-allen/results/zebra/sub-830795_ses-ecephys-830795-2026-02-23-15-03-59_ecephys.nwb/ProbeF/trial_1/phase_0/lib_ab4a70858e/lib_ab4a70858e__delay_0.0__dur_0.13.h5
1f7efe68-c04f-41fd-a2cd-da83fef66795,0.01,0.23,ab4a70858e,0.09087071567773819,-47.46268656716418,11.650943396226417,67.51591472682667,28.65,7,20,3,0.9424777960769379,5,8.0,9,0.1,/user/raabe14/u19361/workspace-allen/results/zebra/sub-830795_ses-ecephys-830795-2026-02-23-15-03-59_ecephys.nwb/ProbeF/trial_1/phase_0/lib_ab4a70858e/lib_ab4a70858e__delay_0.01__dur_0.23.h5
216e9671-f046-4b75-8692-1b72384f46ba,0.30000000000000004,0.23,ab4a70858e,0.08396146446466446,-6.268656716417908,20.613207547169807,180.0,10.74,30,15,8,2.5132741228718345,1,3.0,12,1.3,/user/raabe14/u19361/workspace-allen/results/zebra/sub-830795_ses-ecephys-830795-2026-02-23-15-03-59_ecephys.nwb/ProbeF/trial_1/phase_0/lib_ab4a70858e/lib_ab4a70858e__delay_0.30000000000000004__dur_0.23.h5
21f5bf8e-74b2-48ef-96ef-16edb815879e,0.01,0.03,ab4a70858e,0.0,-60.0,47.5,0.0,7.16,0,0,0,0.0,0,2.0,0,0.01,/user/raabe14/u19361/workspace-allen/results/zebra/sub-830795_ses-ecephys-830795-2026-02-23-15-03-59_ecephys.nwb/ProbeF/trial_1/phase_0/lib_ab4a70858e/lib_ab4a70858e__delay_0.01__dur_0.03.h5
2291d2f4-306c-4750-88c7-73664b1e419f,0.30000000000000004,0.23,ab4a70858e,0.08608938753604889,36.71641791044776,27.783018867924525,0.0,17.91,54,11,0,0.0,3,5.0,11,1.2,/user/raabe14/u19361/workspace-allen/results/zebra/sub-830795_ses-ecephys-830795-2026-02-23-15-03-59_ecephys.nwb/ProbeF/trial_1/phase_0/lib_ab4a70858e/lib_ab4a70858e__delay_0.30000000000000004__dur_0.23.h5
22dd4241-d9f1-4284-8d13-2c89e01d10f4,0.02,0.23,ab4a70858e,0.0820610523223877,-6.268656716417908,33.160377358490564,180.0,17.91,30,8,8,2.5132741228718345,3,5.0,12,1.3,/user/raabe14/u19361/workspace-allen/results/zebra/sub-830795_ses-ecephys-830795-2026-02-23-15-03-59_ecephys.nwb/ProbeF/trial_1/phase_0/lib_ab4a70858e/lib_ab4a70858e__delay_0.02__dur_0.23.h5
2365817c-0b2d-4abf-a909-41b4ff84f4ac,0.0,0.08,ab4a70858e,0.09335777908563614,54.626865671641795,27.783018867924525,0.0,14.32,64,11,0,0.0,2,4.0,11,1.2,/user/raabe14/u19361/workspace-allen/results/zebra/sub-830795_ses-ecephys-830795-2026-02-23-15-03-59_ecephys.nwb/ProbeF/trial_1/phase_0/lib_ab4a70858e/lib_ab4a70858e__delay_0.0__dur_0.08.h5
244636aa-0b7c-4d96-b09d-8b3c2ea51a39,0.15000000000000002,0.23,ab4a70858e,0.07899368554353714,-40.298507462686565,-22.40566037735849,112.48408527317332,28.65,11,39,5,1.5707963267948966,5,8.0,9,0.1,/user/raabe14/u19361/workspace-allen/results/zebra/sub-830795_ses-ecephys-830795-2026-02-23-15-03-59_ecephys.nwb/ProbeF/trial_1/phase_0/lib_ab4a70858e/lib_ab4a70858e__delay_0.15000000000000002__dur_0.23.h5
244e0b7a-c57e-40fd-91fe-18636ecfa74f,0.2,0.23,ab4a70858e,0.06845158338546753,6.268656716417908,-29.57547169811321,45.02251307527088,10.74,37,43,2,0.6283185307179586,1,3.0,9,0.1,/user/raabe14/u19361/workspace-allen/results/zebra/sub-830795_ses-ecephys-830795-2026-02-23-15-03-59_ecephys.nwb/ProbeF/trial_1/phase_0/lib_ab4a70858e/lib_ab4a70858e__delay_0.2__dur_0.23.h5
24abc62e-9cbf-4ee5-855d-9cab0e3f631d,0.15000000000000002,0.23,ab4a70858e,0.07753242552280426,58.20895522388061,-8.066037735849058,180.0,28.65,66,31,8,2.5132741228718345,5,8.0,9,0.1,/user/raabe14/u19361/workspace-allen/results/zebra/sub-830795_ses-ecephys-830795-2026-02-23-15-03-59_ecephys.nwb/ProbeF/trial_1/phase_0/lib_ab4a70858e/lib_ab4a70858e__delay_0.15000000000000002__dur_0.23.h5
24aea92b-708d-465d-9442-8951f048fb2f,0.30000000000000004,0.23,ab4a70858e,0.07777371257543564,-8.059701492537314,6.273584905660378,22.515923572829195,7.16,29,23,1,0.3141592653589793,0,2.0,9,0.1,/user/raabe14/u19361/workspace-allen/results/zebra/sub-830795_ses-ecephys-830795-2026-02-23-15-03-59_ecephys.nwb/ProbeF/trial_1/phase_0/lib_ab4a70858e/lib_ab4a70858e__delay_0.30000000000000004__dur_0.23.h5
24f9ae57-439d-4ad7-a3fe-a0e7a8489178,0.01,0.03,ab4a70858e,0.0,-60.0,47.5,0.0,7.16,0,0,0,0.0,0,2.0,0,0.01,/user/raabe14/u19361/workspace-allen/results/zebra/sub-830795_ses-ecephys-830795-2026-02-23-15-03-59_ecephys.nwb/ProbeF/trial_1/phase_0/lib_ab4a70858e/lib_ab4a70858e__delay_0.01__dur_0.03.h5
2546b51d-db6b-4810-a3b8-54b2d5e2f643,0.01,0.03,ab4a70858e,0.0,-60.0,47.5,0.0,7.16,0,0,0,0.0,0,2.0,0,0.01,/user/raabe14/u19361/workspace-allen/results/zebra/sub-830795_ses-ecephys-830795-2026-02-23-15-03-59_ecephys.nwb/ProbeF/trial_1/phase_0/lib_ab4a70858e/lib_ab4a70858e__delay_0.01__dur_0.03.h5
256f2f76-a23c-4cbb-bc4a-af3402102236,0.15000000000000002,0.23,ab4a70858e,0.08695229887962341,2.6865671641791096,31.367924528301884,22.515923572829163,14.32,35,9,9,2.827433388230814,2,4.0,9,0.1,/user/raabe14/u19361/workspace-allen/results/zebra/sub-830795_ses-ecephys-830795-2026-02-23-15-03-59_ecephys.nwb/ProbeF/trial_1/phase_0/lib_ab4a70858e/lib_ab4a70858e__delay_0.15000000000000002__dur_0.23.h5
259cb4a0-0534-4fb2-9ae9-fe2129a9e9b4,0.15000000000000002,0.23,ab4a70858e,0.13339874148368835,52.83582089552239,-8.066037735849058,67.51591472682667,10.74,63,31,3,0.9424777960769379,1,3.0,12,1.3,/user/raabe14/u19361/workspace-allen/results/zebra/sub-830795_ses-ecephys-830795-2026-02-23-15-03-59_ecephys.nwb/ProbeF/trial_1/phase_0/lib_ab4a70858e/lib_ab4a70858e__delay_0.15000000000000002__dur_0.23.h5
27ac474e-6ba4-4acb-84c6-f93f4b3e7eb8,0.30000000000000004,0.13,ab4a70858e,0.08036276698112488,-8.059701492537314,31.367924528301884,45.02251307527088,21.49,29,9,2,0.6283185307179586,4,6.0,6,0.07,/user/raabe14/u19361/workspace-allen/results/zebra/sub-830795_ses-ecephys-830795-2026-02-23-15-03-59_ecephys.nwb/ProbeF/trial_1/phase_0/lib_ab4a70858e/lib_ab4a70858e__delay_0.30000000000000004__dur_0.13.h5
27bae207-d7a3-4bd0-a553-55b1aa4678cc,0.01,0.03,ab4a70858e,0.0,-60.0,47.5,0.0,7.16,0,0,0,0.0,0,2.0,0,0.01,/user/raabe14/u19361/workspace-allen/results/zebra/sub-830795_ses-ecephys-830795-2026-02-23-15-03-59_ecephys.nwb/ProbeF/trial_1/phase_0/lib_ab4a70858e/lib_ab4a70858e__delay_0.01__dur_0.03.h5
27c1994e-311f-42cd-8c53-0c494ecdc103,0.02,0.18000000000000002,ab4a70858e,0.0970631018280983,27.761194029850756,-20.61320754716981,0.0,14.32,49,38,0,0.0,2,4.0,11,1.2,/user/raabe14/u19361/workspace-allen/results/zebra/sub-830795_ses-ecephys-830795-2026-02-23-15-03-59_ecephys.nwb/ProbeF/trial_1/phase_0/lib_ab4a70858e/lib_ab4a70858e__delay_0.02__dur_0.18000000000000002.h5
27ecf3cf-b4dc-4e86-b997-e873aac33421,0.01,0.03,ab4a70858e,0.0,-60.0,47.5,0.0,7.16,0,0,0,0.0,0,2.0,0,0.01,/user/raabe14/u19361/workspace-allen/results/zebra/sub-830795_ses-ecephys-830795-2026-02-23-15-03-59_ecephys.nwb/ProbeF/trial_1/phase_0/lib_ab4a70858e/lib_ab4a70858e__delay_0.01__dur_0.03.h5
2884f518-b337-454e-8753-59c75c9660c9,0.01,0.03,ab4a70858e,0.0,-60.0,47.5,0.0,7.16,0,0,0,0.0,0,2.0,0,0.01,/user/raabe14/u19361/workspace-allen/results/zebra/sub-830795_ses-ecephys-830795-2026-02-23-15-03-59_ecephys.nwb/ProbeF/trial_1/phase_0/lib_ab4a70858e/lib_ab4a70858e__delay_0.01__dur_0.03.h5
29759cf7-d6e8-4b58-b5f3-5ddc63b01fad,0.05,0.13,ab4a70858e,0.06648498773574829,-27.761194029850742,31.367924528301884,112.48408527317332,14.32,18,9,5,1.5707963267948966,2,4.0,11,1.2,/user/raabe14/u19361/workspace-allen/results/zebra/sub-830795_ses-ecephys-830795-2026-02-23-15-03-59_ecephys.nwb/ProbeF/trial_1/phase_0/lib_ab4a70858e/lib_ab4a70858e__delay_0.05__dur_0.13.h5
2af4a53e-4b2f-418e-b3fc-e8f7ce352209,0.25,0.23,ab4a70858e,0.11807602643966675,-2.6865671641791025,29.575471698113205,112.48408527317332,28.65,32,10,5,1.5707963267948966,5,8.0,11,1.2,/user/raabe14/u19361/workspace-allen/results/zebra/sub-830795_ses-ecephys-830795-2026-02-23-15-03-59_ecephys.nwb/ProbeF/trial_1/phase_0/lib_ab4a70858e/lib_ab4a70858e__delay_0.25__dur_0.23.h5
2b6c11dd-f483-4bc4-b6b3-d2d3f885d9d7,0.0,0.23,ab4a70858e,0.073918916285038,-15.223880597014926,-2.6886792452830193,22.515923572829163,10.74,25,28,9,2.827433388230814,1,3.0,9,0.1,/user/raabe14/u19361/workspace-allen/results/zebra/sub-830795_ses-ecephys-830795-2026-02-23-15-03-59_ecephys.nwb/ProbeF/trial_1/phase_0/lib_ab4a70858e/lib_ab4a70858e__delay_0.0__dur_0.23.h5
2bd186ab-85ae-44d3-a014-12cc79a22aef,0.01,0.03,ab4a70858e,0.0,-60.0,47.5,0.0,7.16,0,0,0,0.0,0,2.0,0,0.01,/user/raabe14/u19361/workspace-allen/results/zebra/sub-830795_ses-ecephys-830795-2026-02-23-15-03-59_ecephys.nwb/ProbeF/trial_1/phase_0/lib_ab4a70858e/lib_ab4a70858e__delay_0.01__dur_0.03.h5
2d31e035-2c76-489d-a648-0987b1dd0b3d,0.05,0.23,ab4a70858e,0.0789046436548233,2.6865671641791096,6.273584905660378,22.515923572829163,17.91,35,23,9,2.827433388230814,3,5.0,7,0.08,/user/raabe14/u19361/workspace-allen/results/zebra/sub-830795_ses-ecephys-830795-2026-02-23-15-03-59_ecephys.nwb/ProbeF/trial_1/phase_0/lib_ab4a70858e/lib_ab4a70858e__delay_0.05__dur_0.23.h5
2e1c1a2b-4ea2-41ec-8c38-f280000b33b5,0.30000000000000004,0.23,ab4a70858e,0.07231848686933517,-6.268656716417908,25.990566037735846,67.51591472682667,7.16,30,12,3,0.9424777960769379,0,2.0,9,0.1,/user/raabe14/u19361/workspace-allen/results/zebra/sub-830795_ses-ecephys-830795-2026-02-23-15-03-59_ecephys.nwb/ProbeF/trial_1/phase_0/lib_ab4a70858e/lib_ab4a70858e__delay_0.30000000000000004__dur_0.23.h5
2e3f1954-369a-4ffa-847b-b269f75cdab7,0.1,0.23,ab4a70858e,0.08389829844236374,-13.43283582089552,17.02830188679245,22.515923572829195,10.74,26,17,1,0.3141592653589793,1,3.0,8,0.09,/user/raabe14/u19361/workspace-allen/results/zebra/sub-830795_ses-ecephys-830795-2026-02-23-15-03-59_ecephys.nwb/ProbeF/trial_1/phase_0/lib_ab4a70858e/lib_ab4a70858e__delay_0.1__dur_0.23.h5
2fc38107-5508-4875-9732-492a70ba538e,0.01,0.23,ab4a70858e,0.08316465467214584,-13.43283582089552,-4.481132075471699,90.0,21.49,26,29,4,1.2566370614359172,4,6.0,8,0.09,/user/raabe14/u19361/workspace-allen/results/zebra/sub-830795_ses-ecephys-830795-2026-02-23-15-03-59_ecephys.nwb/ProbeF/trial_1/phase_0/lib_ab4a70858e/lib_ab4a70858e__delay_0.01__dur_0.23.h5
2fd6d545-158a-4108-99ba-bbae5c43f706,0.1,0.23,ab4a70858e,0.08076104521751404,-42.089552238805965,-11.650943396226417,112.48408527317332,21.49,10,33,5,1.5707963267948966,4,6.0,9,0.1,/user/raabe14/u19361/workspace-allen/results/zebra/sub-830795_ses-ecephys-830795-2026-02-23-15-03-59_ecephys.nwb/ProbeF/trial_1/phase_0/lib_ab4a70858e/lib_ab4a70858e__delay_0.1__dur_0.23.h5
301e2ecd-6c80-4155-9b0f-be9df78e5c8c,0.0,0.23,ab4a70858e,0.10138946026563644,-22.388059701492537,-15.235849056603776,22.515923572829163,28.65,21,35,9,2.827433388230814,5,8.0,8,0.09,/user/raabe14/u19361/workspace-allen/results/zebra/sub-830795_ses-ecephys-830795-2026-02-23-15-03-59_ecephys.nwb/ProbeF/trial_1/phase_0/lib_ab4a70858e/lib_ab4a70858e__delay_0.0__dur_0.23.h5
307f0827-ba19-4415-b122-86260352dfba,0.2,0.08,ab4a70858e,0.07113777846097946,-34.92537313432835,4.481132075471699,157.4840764271708,28.65,14,24,7,2.199114857512855,5,8.0,9,0.1,/user/raabe14/u19361/workspace-allen/results/zebra/sub-830795_ses-ecephys-830795-2026-02-23-15-03-59_ecephys.nwb/ProbeF/trial_1/phase_0/lib_ab4a70858e/lib_ab4a70858e__delay_0.2__dur_0.08.h5
310b43e6-4335-4605-ba6f-23482c45676a,0.30000000000000004,0.13,ab4a70858e,0.07612628489732742,-8.059701492537314,25.990566037735846,112.48408527317332,10.74,29,12,5,1.5707963267948966,1,3.0,11,1.2,/user/raabe14/u19361/workspace-allen/results/zebra/sub-830795_ses-ecephys-830795-2026-02-23-15-03-59_ecephys.nwb/ProbeF/trial_1/phase_0/lib_ab4a70858e/lib_ab4a70858e__delay_0.30000000000000004__dur_0.13.h5
32f1bdd1-6997-47de-89f2-8661ea6eeb1d,0.06,0.08,ab4a70858e,0.07149161398410797,49.25373134328359,17.02830188679245,112.48408527317332,7.16,61,17,5,1.5707963267948966,0,2.0,11,1.2,/user/raabe14/u19361/workspace-allen/results/zebra/sub-830795_ses-ecephys-830795-2026-02-23-15-03-59_ecephys.nwb/ProbeF/trial_1/phase_0/lib_ab4a70858e/lib_ab4a70858e__delay_0.06__dur_0.08.h5
33523db1-a46c-4a81-8ae4-a9c50d5d1aab,0.01,0.23,ab4a70858e,0.07661082595586777,-27.761194029850742,-18.82075471698113,67.51591472682667,21.49,18,37,3,0.9424777960769379,4,6.0,7,0.08,/user/raabe14/u19361/workspace-allen/results/zebra/sub-830795_ses-ecephys-830795-2026-02-23-15-03-59_ecephys.nwb/ProbeF/trial_1/phase_0/lib_ab4a70858e/lib_ab4a70858e__delay_0.01__dur_0.23.h5
33798935-adc7-444e-872b-592bcdc48258,0.0,0.08,ab4a70858e,0.06985504925251007,20.59701492537313,27.783018867924525,0.0,17.91,45,11,0,0.0,3,5.0,11,1.2,/user/raabe14/u19361/workspace-allen/results/zebra/sub-830795_ses-ecephys-830795-2026-02-23-15-03-59_ecephys.nwb/ProbeF/trial_1/phase_0/lib_ab4a70858e/lib_ab4a70858e__delay_0.0__dur_0.08.h5
3393ec53-1ed0-4bcd-a4f9-d23ca76db515,0.0,0.13,ab4a70858e,0.07238420099020004,-40.298507462686565,22.405660377358487,180.0,28.65,11,14,8,2.5132741228718345,5,8.0,9,0.1,/user/raabe14/u19361/workspace-allen/results/zebra/sub-830795_ses-ecephys-830795-2026-02-23-15-03-59_ecephys.nwb/ProbeF/trial_1/phase_0/lib_ab4a70858e/lib_ab4a70858e__delay_0.0__dur_0.13.h5
34a457ab-ee16-4408-ac26-ccf647c35ce6,0.08,0.18000000000000002,ab4a70858e,0.08047688007354736,-22.388059701492537,-20.61320754716981,157.4840764271708,14.32,21,38,7,2.199114857512855,2,4.0,12,1.3,/user/raabe14/u19361/workspace-allen/results/zebra/sub-830795_ses-ecephys-830795-2026-02-23-15-03-59_ecephys.nwb/ProbeF/trial_1/phase_0/lib_ab4a70858e/lib_ab4a70858e__delay_0.08__dur_0.18000000000000002.h5
34fa5c77-4eb1-42f3-8856-5da33694c47f,0.30000000000000004,0.18000000000000002,ab4a70858e,0.11720174551010132,-2.6865671641791025,27.783018867924525,112.48408527317332,28.65,32,11,5,1.5707963267948966,5,8.0,11,1.2,/user/raabe14/u19361/workspace-allen/results/zebra/sub-830795_ses-ecephys-830795-2026-02-23-15-03-59_ecephys.nwb/ProbeF/trial_1/phase_0/lib_ab4a70858e/lib_ab4a70858e__delay_0.30000000000000004__dur_0.18000000000000002.h5
35e447e1-2fc1-4e44-8f51-c82a6b037d94,0.0,0.13,ab4a70858e,0.0831659659743309,20.59701492537313,11.650943396226417,67.51591472682667,17.91,45,20,3,0.9424777960769379,3,5.0,12,1.3,/user/raabe14/u19361/workspace-allen/results/zebra/sub-830795_ses-ecephys-830795-2026-02-23-15-03-59_ecephys.nwb/ProbeF/trial_1/phase_0/lib_ab4a70858e/lib_ab4a70858e__delay_0.0__dur_0.13.h5
367471e0-800e-427b-9bc6-d3c58c3ec8c6,0.2,0.18000000000000002,ab4a70858e,0.08157076686620712,-34.92537313432835,34.95283018867924,45.02251307527088,7.16,14,7,2,0.6283185307179586,0,2.0,12,1.3,/user/raabe14/u19361/workspace-allen/results/zebra/sub-830795_ses-ecephys-830795-2026-02-23-15-03-59_ecephys.nwb/ProbeF/trial_1/phase_0/lib_ab4a70858e/lib_ab4a70858e__delay_0.2__dur_0.18000000000000002.h5
367955c8-15fc-4b04-8dcf-bee7d931b58f,0.30000000000000004,0.23,ab4a70858e,0.08059096336364746,-6.268656716417908,15.235849056603776,90.0,21.49,30,18,4,1.2566370614359172,4,6.0,9,0.1,/user/raabe14/u19361/workspace-allen/results/zebra/sub-830795_ses-ecephys-830795-2026-02-23-15-03-59_ecephys.nwb/ProbeF/trial_1/phase_0/lib_ab4a70858e/lib_ab4a70858e__delay_0.30000000000000004__dur_0.23.h5
3799721b-9e2b-4608-8634-ce044f512a48,0.30000000000000004,0.23,ab4a70858e,0.07852727919816971,9.85074626865672,15.235849056603776,22.515923572829163,14.32,39,18,9,2.827433388230814,2,4.0,9,0.1,/user/raabe14/u19361/workspace-allen/results/zebra/sub-830795_ses-ecephys-830795-2026-02-23-15-03-59_ecephys.nwb/ProbeF/trial_1/phase_0/lib_ab4a70858e/lib_ab4a70858e__delay_0.30000000000000004__dur_0.23.h5
37af9dc3-cc61-45d0-930d-86a4d96859b1,0.2,0.23,ab4a70858e,0.0830792784690857,-51.04477611940298,22.405660377358487,67.51591472682667,7.16,5,14,3,0.9424777960769379,0,2.0,12,1.3,/user/raabe14/u19361/workspace-allen/results/zebra/sub-830795_ses-ecephys-830795-2026-02-23-15-03-59_ecephys.nwb/ProbeF/trial_1/phase_0/lib_ab4a70858e/lib_ab4a70858e__delay_0.2__dur_0.23.h5
37c2a37d-c023-4f7e-b266-ddb4b15be406,0.09,0.13,ab4a70858e,0.08295987546443939,-25.970149253731343,-9.858490566037737,45.02251307527088,28.65,19,32,2,0.6283185307179586,5,8.0,9,0.1,/user/raabe14/u19361/workspace-allen/results/zebra/sub-830795_ses-ecephys-830795-2026-02-23-15-03-59_ecephys.nwb/ProbeF/trial_1/phase_0/lib_ab4a70858e/lib_ab4a70858e__delay_0.09__dur_0.13.h5
37e8c3e6-3ec0-4386-814e-3d2001507804,0.04,0.13,ab4a70858e,0.09445373713970184,-51.04477611940298,-15.235849056603776,112.48408527317332,28.65,5,35,5,1.5707963267948966,5,8.0,7,0.08,/user/raabe14/u19361/workspace-allen/results/zebra/sub-830795_ses-ecephys-830795-2026-02-23-15-03-59_ecephys.nwb/ProbeF/trial_1/phase_0/lib_ab4a70858e/lib_ab4a70858e__delay_0.04__dur_0.13.h5
38cd2f4a-cf3c-4ec9-8a33-65e4e79384e7,0.1,0.23,ab4a70858e,0.07454165816307068,0.8955223880597032,29.575471698113205,157.4840764271708,28.65,34,10,7,2.199114857512855,5,8.0,5,0.06,/user/raabe14/u19361/workspace-allen/results/zebra/sub-830795_ses-ecephys-830795-2026-02-23-15-03-59_ecephys.nwb/ProbeF/trial_1/phase_0/lib_ab4a70858e/lib_ab4a70858e__delay_0.1__dur_0.23.h5
38e97338-ba46-44b0-821c-9f3f35a0e448,0.2,0.23,ab4a70858e,0.13121691346168518,-20.59701492537313,2.6886792452830193,45.02251307527088,17.91,22,25,2,0.6283185307179586,3,5.0,12,1.3,/user/raabe14/u19361/workspace-allen/results/zebra/sub-830795_ses-ecephys-830795-2026-02-23-15-03-59_ecephys.nwb/ProbeF/trial_1/phase_0/lib_ab4a70858e/lib_ab4a70858e__delay_0.2__dur_0.23.h5
392c3b57-c018-468d-ac37-b9eafa8a2461,0.30000000000000004,0.23,ab4a70858e,0.0964689776301384,-9.850746268656714,27.783018867924525,45.02251307527088,14.32,28,11,2,0.6283185307179586,2,4.0,7,0.08,/user/raabe14/u19361/workspace-allen/results/zebra/sub-830795_ses-ecephys-830795-2026-02-23-15-03-59_ecephys.nwb/ProbeF/trial_1/phase_0/lib_ab4a70858e/lib_ab4a70858e__delay_0.30000000000000004__dur_0.23.h5
3a0dda4e-3f47-4064-80dc-70fb1fba9952,0.01,0.03,ab4a70858e,0.0,-60.0,47.5,0.0,7.16,0,0,0,0.0,0,2.0,0,0.01,/user/raabe14/u19361/workspace-allen/results/zebra/sub-830795_ses-ecephys-830795-2026-02-23-15-03-59_ecephys.nwb/ProbeF/trial_1/phase_0/lib_ab4a70858e/lib_ab4a70858e__delay_0.01__dur_0.03.h5
3a10fb8f-8f77-4fcb-9077-d00720edc76d,0.01,0.18000000000000002,ab4a70858e,0.0726860761642456,-56.417910447761194,20.613207547169807,22.515923572829163,7.16,2,15,9,2.827433388230814,0,2.0,9,0.1,/user/raabe14/u19361/workspace-allen/results/zebra/sub-830795_ses-ecephys-830795-2026-02-23-15-03-59_ecephys.nwb/ProbeF/trial_1/phase_0/lib_ab4a70858e/lib_ab4a70858e__delay_0.01__dur_0.18000000000000002.h5
3a35e36b-4a8f-4a4e-aa5e-d8ed79d8b586,0.30000000000000004,0.23,ab4a70858e,0.07484757900238037,-15.223880597014926,15.235849056603776,0.0,21.49,25,18,0,0.0,4,6.0,4,0.05,/user/raabe14/u19361/workspace-allen/results/zebra/sub-830795_ses-ecephys-830795-2026-02-23-15-03-59_ecephys.nwb/ProbeF/trial_1/phase_0/lib_ab4a70858e/lib_ab4a70858e__delay_0.30000000000000004__dur_0.23.h5
3ad347a5-ccb3-4eb0-9782-c8afb8fa86d6,0.05,0.13,ab4a70858e,0.07635155320167542,-0.8955223880596961,31.367924528301884,45.02251307527088,14.32,33,9,2,0.6283185307179586,2,4.0,9,0.1,/user/raabe14/u19361/workspace-allen/results/zebra/sub-830795_ses-ecephys-830795-2026-02-23-15-03-59_ecephys.nwb/ProbeF/trial_1/phase_0/lib_ab4a70858e/lib_ab4a70858e__delay_0.05__dur_0.13.h5
3afe0ae6-2764-4fdb-9f27-2c0e88a1c596,0.1,0.13,ab4a70858e,0.08490639925003052,-34.92537313432835,-13.443396226415096,22.515923572829195,14.32,14,34,1,0.3141592653589793,2,4.0,9,0.1,/user/raabe14/u19361/workspace-allen/results/zebra/sub-830795_ses-ecephys-830795-2026-02-23-15-03-59_ecephys.nwb/ProbeF/trial_1/phase_0/lib_ab4a70858e/lib_ab4a70858e__delay_0.1__dur_0.13.h5
3b2dd93b-f241-4f9b-a5bf-b90e7b13d3ff,0.0,0.13,ab4a70858e,0.0759950652718544,58.20895522388061,33.160377358490564,90.0,21.49,66,8,4,1.2566370614359172,4,6.0,5,0.06,/user/raabe14/u19361/workspace-allen/results/zebra/sub-830795_ses-ecephys-830795-2026-02-23-15-03-59_ecephys.nwb/ProbeF/trial_1/phase_0/lib_ab4a70858e/lib_ab4a70858e__delay_0.0__dur_0.13.h5
3bf28398-8ae1-4b31-aef5-df650876d374,0.30000000000000004,0.23,ab4a70858e,0.0737067461013794,-6.268656716417908,38.5377358490566,0.0,7.16,30,5,0,0.0,0,2.0,11,1.2,/user/raabe14/u19361/workspace-allen/results/zebra/sub-830795_ses-ecephys-830795-2026-02-23-15-03-59_ecephys.nwb/ProbeF/trial_1/phase_0/lib_ab4a70858e/lib_ab4a70858e__delay_0.30000000000000004__dur_0.23.h5
3c57eef9-7b5d-4e60-b6b9-e875e73883c7,0.07,0.18000000000000002,ab4a70858e,0.08370049297809601,-29.55223880597015,-15.235849056603776,157.4840764271708,10.74,17,35,7,2.199114857512855,1,3.0,8,0.09,/user/raabe14/u19361/workspace-allen/results/zebra/sub-830795_ses-ecephys-830795-2026-02-23-15-03-59_ecephys.nwb/ProbeF/trial_1/phase_0/lib_ab4a70858e/lib_ab4a70858e__delay_0.07__dur_0.18000000000000002.h5
3c9c0877-ca6c-45d6-853b-62d54d3f9ad2,0.30000000000000004,0.23,ab4a70858e,0.1161036267876625,-17.014925373134325,-2.6886792452830193,112.48408527317332,17.91,24,28,5,1.5707963267948966,3,5.0,12,1.3,/user/raabe14/u19361/workspace-allen/results/zebra/sub-830795_ses-ecephys-830795-2026-02-23-15-03-59_ecephys.nwb/ProbeF/trial_1/phase_0/lib_ab4a70858e/lib_ab4a70858e__delay_0.30000000000000004__dur_0.23.h5
3cc6c591-200d-444a-ae7f-579131c80549,0.2,0.23,ab4a70858e,0.09384334832429886,22.388059701492537,27.783018867924525,0.0,17.91,46,11,0,0.0,3,5.0,11,1.2,/user/raabe14/u19361/workspace-allen/results/zebra/sub-830795_ses-ecephys-830795-2026-02-23-15-03-59_ecephys.nwb/ProbeF/trial_1/phase_0/lib_ab4a70858e/lib_ab4a70858e__delay_0.2__dur_0.23.h5
3d31a683-7bf6-427e-b327-35a1ad5bef16,0.01,0.03,ab4a70858e,0.0,-60.0,47.5,0.0,7.16,0,0,0,0.0,0,2.0,0,0.01,/user/raabe14/u19361/workspace-allen/results/zebra/sub-830795_ses-ecephys-830795-2026-02-23-15-03-59_ecephys.nwb/ProbeF/trial_1/phase_0/lib_ab4a70858e/lib_ab4a70858e__delay_0.01__dur_0.03.h5
3df16c83-27f5-4a8b-8583-a3930a2c1977,0.15000000000000002,0.18000000000000002,ab4a70858e,0.08698039501905441,-0.8955223880596961,-6.273584905660378,180.0,21.49,33,30,8,2.5132741228718345,4,6.0,9,0.1,/user/raabe14/u19361/workspace-allen/results/zebra/sub-830795_ses-ecephys-830795-2026-02-23-15-03-59_ecephys.nwb/ProbeF/trial_1/phase_0/lib_ab4a70858e/lib_ab4a70858e__delay_0.15000000000000002__dur_0.18000000000000002.h5
3e2f131c-596c-440a-b360-e45dc973dc1d,0.0,0.23,ab4a70858e,0.07923980057239532,-36.71641791044776,17.02830188679245,157.4840764271708,28.65,13,17,7,2.199114857512855,5,8.0,9,0.1,/user/raabe14/u19361/workspace-allen/results/zebra/sub-830795_ses-ecephys-830795-2026-02-23-15-03-59_ecephys.nwb/ProbeF/trial_1/phase_0/lib_ab4a70858e/lib_ab4a70858e__delay_0.0__dur_0.23.h5
3e82f3da-af83-4f75-911d-71b45108d12b,0.30000000000000004,0.18000000000000002,ab4a70858e,0.06827468425035477,-29.55223880597015,47.5,112.48408527317332,17.91,17,0,5,1.5707963267948966,3,5.0,8,0.09,/user/raabe14/u19361/workspace-allen/results/zebra/sub-830795_ses-ecephys-830795-2026-02-23-15-03-59_ecephys.nwb/ProbeF/trial_1/phase_0/lib_ab4a70858e/lib_ab4a70858e__delay_0.30000000000000004__dur_0.18000000000000002.h5
3f844b1a-e3b9-4b61-9697-97941bf1532b,0.30000000000000004,0.13,ab4a70858e,0.07433167099952698,-22.388059701492537,-38.5377358490566,157.4840764271708,28.65,21,48,7,2.199114857512855,5,8.0,7,0.08,/user/raabe14/u19361/workspace-allen/results/zebra/sub-830795_ses-ecephys-830795-2026-02-23-15-03-59_ecephys.nwb/ProbeF/trial_1/phase_0/lib_ab4a70858e/lib_ab4a70858e__delay_0.30000000000000004__dur_0.13.h5
4004e302-922c-45ff-a371-41020fdabea3,0.30000000000000004,0.23,ab4a70858e,0.07213746011257172,47.462686567164184,20.613207547169807,134.9774869247291,28.65,60,15,6,1.8849555921538759,5,8.0,9,0.1,/user/raabe14/u19361/workspace-allen/results/zebra/sub-830795_ses-ecephys-830795-2026-02-23-15-03-59_ecephys.nwb/ProbeF/trial_1/phase_0/lib_ab4a70858e/lib_ab4a70858e__delay_0.30000000000000004__dur_0.23.h5
403dddd9-00d5-427d-b11e-9d166809a775,0.08,0.23,ab4a70858e,0.07654761523008347,-13.43283582089552,36.74528301886792,180.0,14.32,26,6,8,2.5132741228718345,2,4.0,12,1.3,/user/raabe14/u19361/workspace-allen/results/zebra/sub-830795_ses-ecephys-830795-2026-02-23-15-03-59_ecephys.nwb/ProbeF/trial_1/phase_0/lib_ab4a70858e/lib_ab4a70858e__delay_0.08__dur_0.23.h5
405225ab-7ed9-41ef-a87d-3a1be9f03157,0.1,0.23,ab4a70858e,0.0716702863574028,-51.04477611940298,42.12264150943396,22.515923572829195,7.16,5,3,1,0.3141592653589793,0,2.0,9,0.1,/user/raabe14/u19361/workspace-allen/results/zebra/sub-830795_ses-ecephys-830795-2026-02-23-15-03-59_ecephys.nwb/ProbeF/trial_1/phase_0/lib_ab4a70858e/lib_ab4a70858e__delay_0.1__dur_0.23.h5
409fe5ef-f3b6-4e20-b466-3c47a75cda23,0.25,0.23,ab4a70858e,0.15159428119659424,-2.6865671641791025,29.575471698113205,112.48408527317332,28.65,32,10,5,1.5707963267948966,5,8.0,11,1.2,/user/raabe14/u19361/workspace-allen/results/zebra/sub-830795_ses-ecephys-830795-2026-02-23-15-03-59_ecephys.nwb/ProbeF/trial_1/phase_0/lib_ab4a70858e/lib_ab4a70858e__delay_0.25__dur_0.23.h5
41d290ae-5ef8-4068-9307-d75b15969b1e,0.2,0.23,ab4a70858e,0.0724668949842453,-8.059701492537314,-2.6886792452830193,112.48408527317332,10.74,29,28,5,1.5707963267948966,1,3.0,11,1.2,/user/raabe14/u19361/workspace-allen/results/zebra/sub-830795_ses-ecephys-830795-2026-02-23-15-03-59_ecephys.nwb/ProbeF/trial_1/phase_0/lib_ab4a70858e/lib_ab4a70858e__delay_0.2__dur_0.23.h5
41efd446-32ff-4f0f-929f-bbda43956387,0.06,0.23,ab4a70858e,0.08899617940187454,-9.850746268656714,0.8962264150943398,157.4840764271708,10.74,28,26,7,2.199114857512855,1,3.0,12,1.3,/user/raabe14/u19361/workspace-allen/results/zebra/sub-830795_ses-ecephys-830795-2026-02-23-15-03-59_ecephys.nwb/ProbeF/trial_1/phase_0/lib_ab4a70858e/lib_ab4a70858e__delay_0.06__dur_0.23.h5
42c98fd4-3b57-4084-8610-0313e2bfbacd,0.25,0.18000000000000002,ab4a70858e,0.07732906192541122,-4.477611940298509,6.273584905660378,180.0,14.32,31,23,8,2.5132741228718345,2,4.0,12,1.3,/user/raabe14/u19361/workspace-allen/results/zebra/sub-830795_ses-ecephys-830795-2026-02-23-15-03-59_ecephys.nwb/ProbeF/trial_1/phase_0/lib_ab4a70858e/lib_ab4a70858e__delay_0.25__dur_0.18000000000000002.h5
435817b4-b9f0-4cce-82ea-d05dcf290e89,0.0,0.18000000000000002,ab4a70858e,0.10453810542821884,8.059701492537314,31.367924528301884,22.515923572829195,21.49,38,9,1,0.3141592653589793,4,6.0,12,1.3,/user/raabe14/u19361/workspace-allen/results/zebra/sub-830795_ses-ecephys-830795-2026-02-23-15-03-59_ecephys.nwb/ProbeF/trial_1/phase_0/lib_ab4a70858e/lib_ab4a70858e__delay_0.0__dur_0.18000000000000002.h5
44971c88-237a-471b-9962-3943c84010bc,0.15000000000000002,0.23,ab4a70858e,0.07704862207174301,8.059701492537314,43.91509433962264,180.0,10.74,38,2,8,2.5132741228718345,1,3.0,9,0.1,/user/raabe14/u19361/workspace-allen/results/zebra/sub-830795_ses-ecephys-830795-2026-02-23-15-03-59_ecephys.nwb/ProbeF/trial_1/phase_0/lib_ab4a70858e/lib_ab4a70858e__delay_0.15000000000000002__dur_0.23.h5
45924edd-3ab6-4d7c-8738-8c52217a89bd,0.30000000000000004,0.18000000000000002,ab4a70858e,0.07970672100782394,11.641791044776127,47.5,90.0,14.32,40,0,4,1.2566370614359172,2,4.0,9,0.1,/user/raabe14/u19361/workspace-allen/results/zebra/sub-830795_ses-ecephys-830795-2026-02-23-15-03-59_ecephys.nwb/ProbeF/trial_1/phase_0/lib_ab4a70858e/lib_ab4a70858e__delay_0.30000000000000004__dur_0.18000000000000002.h5
45b20696-0703-46e1-a668-93e35e9e4321,0.01,0.03,ab4a70858e,0.0,-60.0,47.5,0.0,7.16,0,0,0,0.0,0,2.0,0,0.01,/user/raabe14/u19361/workspace-allen/results/zebra/sub-830795_ses-ecephys-830795-2026-02-23-15-03-59_ecephys.nwb/ProbeF/trial_1/phase_0/lib_ab4a70858e/lib_ab4a70858e__delay_0.01__dur_0.03.h5
45fb3b85-823a-4861-b7a0-76fe8a83dfad,0.03,0.13,ab4a70858e,0.06904595345258713,-18.80597014925373,-34.95283018867924,45.02251307527088,10.74,23,46,2,0.6283185307179586,1,3.0,9,0.1,/user/raabe14/u19361/workspace-allen/results/zebra/sub-830795_ses-ecephys-830795-2026-02-23-15-03-59_ecephys.nwb/ProbeF/trial_1/phase_0/lib_ab4a70858e/lib_ab4a70858e__delay_0.03__dur_0.13.h5
468eec78-5fb3-4c08-9d74-8d42d6de0e40,0.01,0.03,ab4a70858e,0.0,-60.0,47.5,0.0,7.16,0,0,0,0.0,0,2.0,0,0.01,/user/raabe14/u19361/workspace-allen/results/zebra/sub-830795_ses-ecephys-830795-2026-02-23-15-03-59_ecephys.nwb/ProbeF/trial_1/phase_0/lib_ab4a70858e/lib_ab4a70858e__delay_0.01__dur_0.03.h5
4694af6d-a603-47b2-8d0e-96e23ea9f9c3,0.08,0.23,ab4a70858e,0.07990027964115143,-18.80597014925373,-9.858490566037737,157.4840764271708,28.65,23,32,7,2.199114857512855,5,8.0,9,0.1,/user/raabe14/u19361/workspace-allen/results/zebra/sub-830795_ses-ecephys-830795-2026-02-23-15-03-59_ecephys.nwb/ProbeF/trial_1/phase_0/lib_ab4a70858e/lib_ab4a70858e__delay_0.08__dur_0.23.h5
46f1a3b2-862e-4943-8a30-72abb0c2b21a,0.30000000000000004,0.23,ab4a70858e,0.08674778044223785,17.014925373134332,27.783018867924525,157.4840764271708,10.74,43,11,7,2.199114857512855,1,3.0,12,1.3,/user/raabe14/u19361/workspace-allen/results/zebra/sub-830795_ses-ecephys-830795-2026-02-23-15-03-59_ecephys.nwb/ProbeF/trial_1/phase_0/lib_ab4a70858e/lib_ab4a70858e__delay_0.30000000000000004__dur_0.23.h5
474ba720-3cff-4fde-961a-76115133a017,0.01,0.03,ab4a70858e,0.0,-60.0,47.5,0.0,7.16,0,0,0,0.0,0,2.0,0,0.01,/user/raabe14/u19361/workspace-allen/results/zebra/sub-830795_ses-ecephys-830795-2026-02-23-15-03-59_ecephys.nwb/ProbeF/trial_1/phase_0/lib_ab4a70858e/lib_ab4a70858e__delay_0.01__dur_0.03.h5
48082bb3-2c84-4f7c-a014-9b8b4109cc89,0.01,0.03,ab4a70858e,0.0,-60.0,47.5,0.0,7.16,0,0,0,0.0,0,2.0,0,0.01,/user/raabe14/u19361/workspace-allen/results/zebra/sub-830795_ses-ecephys-830795-2026-02-23-15-03-59_ecephys.nwb/ProbeF/trial_1/phase_0/lib_ab4a70858e/lib_ab4a70858e__delay_0.01__dur_0.03.h5
490a485a-ff16-40ab-848a-1370875d6aa0,0.03,0.23,ab4a70858e,0.08587981760501862,-25.970149253731343,9.858490566037737,0.0,14.32,19,21,0,0.0,2,4.0,11,1.2,/user/raabe14/u19361/workspace-allen/results/zebra/sub-830795_ses-ecephys-830795-2026-02-23-15-03-59_ecephys.nwb/ProbeF/trial_1/phase_0/lib_ab4a70858e/lib_ab4a70858e__delay_0.03__dur_0.23.h5
49c4ac12-d600-467f-899c-12aec214ddd6,0.08,0.23,ab4a70858e,0.08047172427177429,17.014925373134332,-31.367924528301888,67.51591472682667,21.49,43,44,3,0.9424777960769379,4,6.0,6,0.07,/user/raabe14/u19361/workspace-allen/results/zebra/sub-830795_ses-ecephys-830795-2026-02-23-15-03-59_ecephys.nwb/ProbeF/trial_1/phase_0/lib_ab4a70858e/lib_ab4a70858e__delay_0.08__dur_0.23.h5
4a4d85e8-e6c5-4387-b072-2e3ba223ab0b,0.0,0.13,ab4a70858e,0.12177639454603195,-22.388059701492537,29.575471698113205,45.02251307527088,17.91,21,10,2,0.6283185307179586,3,5.0,12,1.3,/user/raabe14/u19361/workspace-allen/results/zebra/sub-830795_ses-ecephys-830795-2026-02-23-15-03-59_ecephys.nwb/ProbeF/trial_1/phase_0/lib_ab4a70858e/lib_ab4a70858e__delay_0.0__dur_0.13.h5
4a7358b4-1e97-484a-ace7-c1548ecaed79,0.30000000000000004,0.23,ab4a70858e,0.13620787858963013,-8.059701492537314,17.02830188679245,180.0,10.74,29,17,8,2.5132741228718345,1,3.0,12,1.3,/user/raabe14/u19361/workspace-allen/results/zebra/sub-830795_ses-ecephys-830795-2026-02-23-15-03-59_ecephys.nwb/ProbeF/trial_1/phase_0/lib_ab4a70858e/lib_ab4a70858e__delay_0.30000000000000004__dur_0.23.h5
4ad90989-45e1-4ed7-a106-a4d588c8c44c,0.15000000000000002,0.13,ab4a70858e,0.08029518276453018,-54.62686567164179,-4.481132075471699,67.51591472682667,7.16,3,29,3,0.9424777960769379,0,2.0,12,1.3,/user/raabe14/u19361/workspace-allen/results/zebra/sub-830795_ses-ecephys-830795-2026-02-23-15-03-59_ecephys.nwb/ProbeF/trial_1/phase_0/lib_ab4a70858e/lib_ab4a70858e__delay_0.15000000000000002__dur_0.13.h5
4b1c997a-d7b6-40d1-b735-a14c27803c6d,0.05,0.18000000000000002,ab4a70858e,0.07295213639736176,17.014925373134332,42.12264150943396,67.51591472682667,21.49,43,3,3,0.9424777960769379,4,6.0,9,0.1,/user/raabe14/u19361/workspace-allen/results/zebra/sub-830795_ses-ecephys-830795-2026-02-23-15-03-59_ecephys.nwb/ProbeF/trial_1/phase_0/lib_ab4a70858e/lib_ab4a70858e__delay_0.05__dur_0.18000000000000002.h5
4b4710a2-0887-4f1d-8ef5-360c3dbfe2cc,0.01,0.03,ab4a70858e,0.0,-60.0,47.5,0.0,7.16,0,0,0,0.0,0,2.0,0,0.01,/user/raabe14/u19361/workspace-allen/results/zebra/sub-830795_ses-ecephys-830795-2026-02-23-15-03-59_ecephys.nwb/ProbeF/trial_1/phase_0/lib_ab4a70858e/lib_ab4a70858e__delay_0.01__dur_0.03.h5
4b823938-a88f-414f-bcaa-158a2d664a1f,0.06,0.23,ab4a70858e,0.07780572772026062,29.55223880597015,36.74528301886792,45.02251307527088,17.91,50,6,2,0.6283185307179586,3,5.0,9,0.1,/user/raabe14/u19361/workspace-allen/results/zebra/sub-830795_ses-ecephys-830795-2026-02-23-15-03-59_ecephys.nwb/ProbeF/trial_1/phase_0/lib_ab4a70858e/lib_ab4a70858e__delay_0.06__dur_0.23.h5
4bcd3156-dcfa-4e6b-95c3-c724dd485704,0.03,0.23,ab4a70858e,0.08044841140508652,-11.64179104477612,9.858490566037737,157.4840764271708,14.32,27,21,7,2.199114857512855,2,4.0,12,1.3,/user/raabe14/u19361/workspace-allen/results/zebra/sub-830795_ses-ecephys-830795-2026-02-23-15-03-59_ecephys.nwb/ProbeF/trial_1/phase_0/lib_ab4a70858e/lib_ab4a70858e__delay_0.03__dur_0.23.h5
4c3ba134-405b-46d2-a267-1acd4c9903d0,0.01,0.23,ab4a70858e,0.0816284790635109,-24.179104477611936,4.481132075471699,0.0,17.91,20,24,0,0.0,3,5.0,11,1.2,/user/raabe14/u19361/workspace-allen/results/zebra/sub-830795_ses-ecephys-830795-2026-02-23-15-03-59_ecephys.nwb/ProbeF/trial_1/phase_0/lib_ab4a70858e/lib_ab4a70858e__delay_0.01__dur_0.23.h5
4c7936d6-88c5-4d52-9343-0e868028629d,0.01,0.03,ab4a70858e,0.0,-60.0,47.5,0.0,7.16,0,0,0,0.0,0,2.0,0,0.01,/user/raabe14/u19361/workspace-allen/results/zebra/sub-830795_ses-ecephys-830795-2026-02-23-15-03-59_ecephys.nwb/ProbeF/trial_1/phase_0/lib_ab4a70858e/lib_ab4a70858e__delay_0.01__dur_0.03.h5
4c9d6828-9f1e-4e42-97e3-0822f4e1af2f,0.1,0.13,ab4a70858e,0.07944851368665695,52.83582089552239,29.575471698113205,90.0,14.32,63,10,4,1.2566370614359172,2,4.0,6,0.07,/user/raabe14/u19361/workspace-allen/results/zebra/sub-830795_ses-ecephys-830795-2026-02-23-15-03-59_ecephys.nwb/ProbeF/trial_1/phase_0/lib_ab4a70858e/lib_ab4a70858e__delay_0.1__dur_0.13.h5
4e08da71-7916-4191-988b-9256d8a0519e,0.25,0.18000000000000002,ab4a70858e,0.08102186024188995,49.25373134328359,34.95283018867924,180.0,7.16,61,7,8,2.5132741228718345,0,2.0,12,1.3,/user/raabe14/u19361/workspace-allen/results/zebra/sub-830795_ses-ecephys-830795-2026-02-23-15-03-59_ecephys.nwb/ProbeF/trial_1/phase_0/lib_ab4a70858e/lib_ab4a70858e__delay_0.25__dur_0.18000000000000002.h5
4e2ede16-24b4-4a2c-b91b-94735017d3b0,0.30000000000000004,0.23,ab4a70858e,0.08476272225379944,-17.014925373134325,-15.235849056603776,45.02251307527088,28.65,24,35,2,0.6283185307179586,5,8.0,6,0.07,/user/raabe14/u19361/workspace-allen/results/zebra/sub-830795_ses-ecephys-830795-2026-02-23-15-03-59_ecephys.nwb/ProbeF/trial_1/phase_0/lib_ab4a70858e/lib_ab4a70858e__delay_0.30000000000000004__dur_0.23.h5
4e6b1214-4696-4914-b348-dfc0aa89acf0,0.30000000000000004,0.23,ab4a70858e,0.08466021716594696,-4.477611940298509,31.367924528301884,90.0,28.65,31,9,4,1.2566370614359172,5,8.0,8,0.09,/user/raabe14/u19361/workspace-allen/results/zebra/sub-830795_ses-ecephys-830795-2026-02-23-15-03-59_ecephys.nwb/ProbeF/trial_1/phase_0/lib_ab4a70858e/lib_ab4a70858e__delay_0.30000000000000004__dur_0.23.h5
4e8b589b-ad03-4282-9894-6add8778cabf,0.08,0.18000000000000002,ab4a70858e,0.09283055365085602,-24.179104477611936,29.575471698113205,45.02251307527088,14.32,20,10,2,0.6283185307179586,2,4.0,12,1.3,/user/raabe14/u19361/workspace-allen/results/zebra/sub-830795_ses-ecephys-830795-2026-02-23-15-03-59_ecephys.nwb/ProbeF/trial_1/phase_0/lib_ab4a70858e/lib_ab4a70858e__delay_0.08__dur_0.18000000000000002.h5
4e93488b-b032-4f49-8270-6f7d40e6029b,0.01,0.03,ab4a70858e,0.0,-60.0,47.5,0.0,7.16,0,0,0,0.0,0,2.0,0,0.01,/user/raabe14/u19361/workspace-allen/results/zebra/sub-830795_ses-ecephys-830795-2026-02-23-15-03-59_ecephys.nwb/ProbeF/trial_1/phase_0/lib_ab4a70858e/lib_ab4a70858e__delay_0.01__dur_0.03.h5
4fe8d515-9677-4987-bb6e-925d9dc06957,0.30000000000000004,0.23,ab4a70858e,0.07807191461324692,-9.850746268656714,-18.82075471698113,90.0,21.49,28,37,4,1.2566370614359172,4,6.0,6,0.07,/user/raabe14/u19361/workspace-allen/results/zebra/sub-830795_ses-ecephys-830795-2026-02-23-15-03-59_ecephys.nwb/ProbeF/trial_1/phase_0/lib_ab4a70858e/lib_ab4a70858e__delay_0.30000000000000004__dur_0.23.h5
501035ba-c99e-446a-bc14-b1a98ce79507,0.09,0.08,ab4a70858e,0.07484692335128784,36.71641791044776,15.235849056603776,134.9774869247291,14.32,54,18,6,1.8849555921538759,2,4.0,7,0.08,/user/raabe14/u19361/workspace-allen/results/zebra/sub-830795_ses-ecephys-830795-2026-02-23-15-03-59_ecephys.nwb/ProbeF/trial_1/phase_0/lib_ab4a70858e/lib_ab4a70858e__delay_0.09__dur_0.08.h5
5063a63c-837a-42a0-8a3d-56f84e491b12,0.1,0.18000000000000002,ab4a70858e,0.09003430604934692,45.67164179104478,-4.481132075471699,67.51591472682667,14.32,59,29,3,0.9424777960769379,2,4.0,10,1.1,/user/raabe14/u19361/workspace-allen/results/zebra/sub-830795_ses-ecephys-830795-2026-02-23-15-03-59_ecephys.nwb/ProbeF/trial_1/phase_0/lib_ab4a70858e/lib_ab4a70858e__delay_0.1__dur_0.18000000000000002.h5
5064e187-db19-4581-a691-429217543f01,0.06,0.23,ab4a70858e,0.08875004202127457,-22.388059701492537,6.273584905660378,67.51591472682667,7.16,21,23,3,0.9424777960769379,0,2.0,12,1.3,/user/raabe14/u19361/workspace-allen/results/zebra/sub-830795_ses-ecephys-830795-2026-02-23-15-03-59_ecephys.nwb/ProbeF/trial_1/phase_0/lib_ab4a70858e/lib_ab4a70858e__delay_0.06__dur_0.23.h5
50a472b7-f0dc-419e-ae46-77c7f25801cb,0.07,0.23,ab4a70858e,0.0795489251613617,-31.34328358208955,15.235849056603776,112.48408527317332,28.65,16,18,5,1.5707963267948966,5,8.0,11,1.2,/user/raabe14/u19361/workspace-allen/results/zebra/sub-830795_ses-ecephys-830795-2026-02-23-15-03-59_ecephys.nwb/ProbeF/trial_1/phase_0/lib_ab4a70858e/lib_ab4a70858e__delay_0.07__dur_0.23.h5
50a4d1e8-8dcf-47bb-95e8-e599025cd2c3,0.01,0.03,ab4a70858e,0.0,-60.0,47.5,0.0,7.16,0,0,0,0.0,0,2.0,0,0.01,/user/raabe14/u19361/workspace-allen/results/zebra/sub-830795_ses-ecephys-830795-2026-02-23-15-03-59_ecephys.nwb/ProbeF/trial_1/phase_0/lib_ab4a70858e/lib_ab4a70858e__delay_0.01__dur_0.03.h5
50b04352-7f4e-4e74-8041-4858c96b4507,0.04,0.18000000000000002,ab4a70858e,0.08800268173217773,-24.179104477611936,-27.78301886792453,0.0,10.74,20,42,0,0.0,1,3.0,9,0.1,/user/raabe14/u19361/workspace-allen/results/zebra/sub-830795_ses-ecephys-830795-2026-02-23-15-03-59_ecephys.nwb/ProbeF/trial_1/phase_0/lib_ab4a70858e/lib_ab4a70858e__delay_0.04__dur_0.18000000000000002.h5
50d07264-d06b-4865-b49c-4d6dc9737c0f,0.0,0.18000000000000002,ab4a70858e,0.0809934213757515,-27.761194029850742,6.273584905660378,22.515923572829163,17.91,18,23,9,2.827433388230814,3,5.0,3,0.04,/user/raabe14/u19361/workspace-allen/results/zebra/sub-830795_ses-ecephys-830795-2026-02-23-15-03-59_ecephys.nwb/ProbeF/trial_1/phase_0/lib_ab4a70858e/lib_ab4a70858e__delay_0.0__dur_0.18000000000000002.h5
51121ee0-a8b3-4cd6-85f9-542e3022fbd4,0.01,0.03,ab4a70858e,0.0,-60.0,47.5,0.0,7.16,0,0,0,0.0,0,2.0,0,0.01,/user/raabe14/u19361/workspace-allen/results/zebra/sub-830795_ses-ecephys-830795-2026-02-23-15-03-59_ecephys.nwb/ProbeF/trial_1/phase_0/lib_ab4a70858e/lib_ab4a70858e__delay_0.01__dur_0.03.h5
5124453e-65ba-44cc-9231-ff1c2f3a4d44,0.30000000000000004,0.08,ab4a70858e,0.07915578782558441,36.71641791044776,6.273584905660378,134.9774869247291,10.74,54,23,6,1.8849555921538759,1,3.0,8,0.09,/user/raabe14/u19361/workspace-allen/results/zebra/sub-830795_ses-ecephys-830795-2026-02-23-15-03-59_ecephys.nwb/ProbeF/trial_1/phase_0/lib_ab4a70858e/lib_ab4a70858e__delay_0.30000000000000004__dur_0.08.h5
51a52cb6-cee9-4c58-945e-eca22eaabf41,0.03,0.23,ab4a70858e,0.0794297456741333,6.268656716417908,-15.235849056603776,67.51591472682667,28.65,37,35,3,0.9424777960769379,5,8.0,9,0.1,/user/raabe14/u19361/workspace-allen/results/zebra/sub-830795_ses-ecephys-830795-2026-02-23-15-03-59_ecephys.nwb/ProbeF/trial_1/phase_0/lib_ab4a70858e/lib_ab4a70858e__delay_0.03__dur_0.23.h5
51ae2eb0-7347-4b07-8454-5921b75f309c,0.0,0.13,ab4a70858e,0.07930972427129745,-56.417910447761194,45.70754716981132,67.51591472682667,21.49,2,1,3,0.9424777960769379,4,6.0,8,0.09,/user/raabe14/u19361/workspace-allen/results/zebra/sub-830795_ses-ecephys-830795-2026-02-23-15-03-59_ecephys.nwb/ProbeF/trial_1/phase_0/lib_ab4a70858e/lib_ab4a70858e__delay_0.0__dur_0.13.h5
524cbce3-d3c5-4d39-990b-253930dc9525,0.05,0.08,ab4a70858e,0.06884757429361343,45.67164179104478,31.367924528301884,0.0,10.74,59,9,0,0.0,1,3.0,11,1.2,/user/raabe14/u19361/workspace-allen/results/zebra/sub-830795_ses-ecephys-830795-2026-02-23-15-03-59_ecephys.nwb/ProbeF/trial_1/phase_0/lib_ab4a70858e/lib_ab4a70858e__delay_0.05__dur_0.08.h5
52a0c9ed-412e-4ef3-80b5-3fdc7e757a65,0.25,0.18000000000000002,ab4a70858e,0.11037437617778778,-15.223880597014926,13.443396226415096,157.4840764271708,14.32,25,19,7,2.199114857512855,2,4.0,12,1.3,/user/raabe14/u19361/workspace-allen/results/zebra/sub-830795_ses-ecephys-830795-2026-02-23-15-03-59_ecephys.nwb/ProbeF/trial_1/phase_0/lib_ab4a70858e/lib_ab4a70858e__delay_0.25__dur_0.18000000000000002.h5
534f05fb-c4c4-476d-bc15-92cb8ab5c727,0.15000000000000002,0.13,ab4a70858e,0.07978653907775879,-31.34328358208955,34.95283018867924,22.515923572829163,10.74,16,7,9,2.827433388230814,1,3.0,7,0.08,/user/raabe14/u19361/workspace-allen/results/zebra/sub-830795_ses-ecephys-830795-2026-02-23-15-03-59_ecephys.nwb/ProbeF/trial_1/phase_0/lib_ab4a70858e/lib_ab4a70858e__delay_0.15000000000000002__dur_0.13.h5
53b38493-0d56-4553-a2ee-1b4a60df60d7,0.01,0.03,ab4a70858e,0.0,-60.0,47.5,0.0,7.16,0,0,0,0.0,0,2.0,0,0.01,/user/raabe14/u19361/workspace-allen/results/zebra/sub-830795_ses-ecephys-830795-2026-02-23-15-03-59_ecephys.nwb/ProbeF/trial_1/phase_0/lib_ab4a70858e/lib_ab4a70858e__delay_0.01__dur_0.03.h5
53bc4c1d-3678-4303-ae1b-89d3ec5fdd63,0.25,0.18000000000000002,ab4a70858e,0.07981019467115402,-24.179104477611936,-6.273584905660378,22.515923572829163,10.74,20,30,9,2.827433388230814,1,3.0,9,0.1,/user/raabe14/u19361/workspace-allen/results/zebra/sub-830795_ses-ecephys-830795-2026-02-23-15-03-59_ecephys.nwb/ProbeF/trial_1/phase_0/lib_ab4a70858e/lib_ab4a70858e__delay_0.25__dur_0.18000000000000002.h5
543c6c57-70bc-45f6-a929-b876f59c9792,0.30000000000000004,0.23,ab4a70858e,0.07628996670246124,-0.8955223880596961,-9.858490566037737,0.0,17.91,33,32,0,0.0,3,5.0,11,1.2,/user/raabe14/u19361/workspace-allen/results/zebra/sub-830795_ses-ecephys-830795-2026-02-23-15-03-59_ecephys.nwb/ProbeF/trial_1/phase_0/lib_ab4a70858e/lib_ab4a70858e__delay_0.30000000000000004__dur_0.23.h5
547f6cd8-c398-4c89-8a7d-0d68929619d6,0.01,0.03,ab4a70858e,0.0,-60.0,47.5,0.0,7.16,0,0,0,0.0,0,2.0,0,0.01,/user/raabe14/u19361/workspace-allen/results/zebra/sub-830795_ses-ecephys-830795-2026-02-23-15-03-59_ecephys.nwb/ProbeF/trial_1/phase_0/lib_ab4a70858e/lib_ab4a70858e__delay_0.01__dur_0.03.h5
54cf9b25-b432-4f55-9020-8d608afc39df,0.01,0.18000000000000002,ab4a70858e,0.07697253674268723,8.059701492537314,-11.650943396226417,45.02251307527088,7.16,38,33,2,0.6283185307179586,0,2.0,9,0.1,/user/raabe14/u19361/workspace-allen/results/zebra/sub-830795_ses-ecephys-830795-2026-02-23-15-03-59_ecephys.nwb/ProbeF/trial_1/phase_0/lib_ab4a70858e/lib_ab4a70858e__delay_0.01__dur_0.18000000000000002.h5
554bac54-8058-4832-b445-3683d3c7bf4f,0.0,0.23,ab4a70858e,0.07242603600025177,2.6865671641791096,-36.74528301886792,45.02251307527088,10.74,35,47,2,0.6283185307179586,1,3.0,12,1.3,/user/raabe14/u19361/workspace-allen/results/zebra/sub-830795_ses-ecephys-830795-2026-02-23-15-03-59_ecephys.nwb/ProbeF/trial_1/phase_0/lib_ab4a70858e/lib_ab4a70858e__delay_0.0__dur_0.23.h5
556fea15-d0b5-4847-abff-9f81cab5028b,0.30000000000000004,0.23,ab4a70858e,0.06804521381855011,-51.04477611940298,43.91509433962264,134.9774869247291,28.65,5,2,6,1.8849555921538759,5,8.0,3,0.04,/user/raabe14/u19361/workspace-allen/results/zebra/sub-830795_ses-ecephys-830795-2026-02-23-15-03-59_ecephys.nwb/ProbeF/trial_1/phase_0/lib_ab4a70858e/lib_ab4a70858e__delay_0.30000000000000004__dur_0.23.h5
5703e5ae-5062-415f-a9da-af16308031ff,0.30000000000000004,0.23,ab4a70858e,0.07465209811925888,-27.761194029850742,9.858490566037737,0.0,28.65,18,21,0,0.0,5,8.0,9,0.1,/user/raabe14/u19361/workspace-allen/results/zebra/sub-830795_ses-ecephys-830795-2026-02-23-15-03-59_ecephys.nwb/ProbeF/trial_1/phase_0/lib_ab4a70858e/lib_ab4a70858e__delay_0.30000000000000004__dur_0.23.h5
58392e31-482f-4d78-abfc-ae7259ee2fe3,0.15000000000000002,0.18000000000000002,ab4a70858e,0.09352914243936539,-31.34328358208955,13.443396226415096,67.51591472682667,7.16,16,19,3,0.9424777960769379,0,2.0,12,1.3,/user/raabe14/u19361/workspace-allen/results/zebra/sub-830795_ses-ecephys-830795-2026-02-23-15-03-59_ecephys.nwb/ProbeF/trial_1/phase_0/lib_ab4a70858e/lib_ab4a70858e__delay_0.15000000000000002__dur_0.18000000000000002.h5
58ef6466-9f55-4b9e-8216-d277bfeebad3,0.01,0.03,ab4a70858e,0.0,-60.0,47.5,0.0,7.16,0,0,0,0.0,0,2.0,0,0.01,/user/raabe14/u19361/workspace-allen/results/zebra/sub-830795_ses-ecephys-830795-2026-02-23-15-03-59_ecephys.nwb/ProbeF/trial_1/phase_0/lib_ab4a70858e/lib_ab4a70858e__delay_0.01__dur_0.03.h5
5a3307e4-8c9e-45d8-91b8-17a7941b8960,0.04,0.08,ab4a70858e,0.06802509725093842,-6.268656716417908,24.198113207547166,0.0,7.16,30,13,0,0.0,0,2.0,11,1.2,/user/raabe14/u19361/workspace-allen/results/zebra/sub-830795_ses-ecephys-830795-2026-02-23-15-03-59_ecephys.nwb/ProbeF/trial_1/phase_0/lib_ab4a70858e/lib_ab4a70858e__delay_0.04__dur_0.08.h5
5a5c7b2b-ce3b-470c-9e4d-f7cc1e564376,0.15000000000000002,0.23,ab4a70858e,0.08490093797445297,4.477611940298516,-2.6886792452830193,0.0,28.65,36,28,0,0.0,5,8.0,3,0.04,/user/raabe14/u19361/workspace-allen/results/zebra/sub-830795_ses-ecephys-830795-2026-02-23-15-03-59_ecephys.nwb/ProbeF/trial_1/phase_0/lib_ab4a70858e/lib_ab4a70858e__delay_0.15000000000000002__dur_0.23.h5
5a764d2c-b503-4955-9757-f67e1e50f3ce,0.01,0.03,ab4a70858e,0.0,-60.0,47.5,0.0,7.16,0,0,0,0.0,0,2.0,0,0.01,/user/raabe14/u19361/workspace-allen/results/zebra/sub-830795_ses-ecephys-830795-2026-02-23-15-03-59_ecephys.nwb/ProbeF/trial_1/phase_0/lib_ab4a70858e/lib_ab4a70858e__delay_0.01__dur_0.03.h5
5bb9966c-6a81-4c96-969d-a78c5afb6fcf,0.25,0.23,ab4a70858e,0.07814836502075195,-25.970149253731343,-0.8962264150943398,112.48408527317332,10.74,19,27,5,1.5707963267948966,1,3.0,11,1.2,/user/raabe14/u19361/workspace-allen/results/zebra/sub-830795_ses-ecephys-830795-2026-02-23-15-03-59_ecephys.nwb/ProbeF/trial_1/phase_0/lib_ab4a70858e/lib_ab4a70858e__delay_0.25__dur_0.23.h5
5bc6a376-49f2-4815-b652-157c47790012,0.01,0.03,ab4a70858e,0.0,-60.0,47.5,0.0,7.16,0,0,0,0.0,0,2.0,0,0.01,/user/raabe14/u19361/workspace-allen/results/zebra/sub-830795_ses-ecephys-830795-2026-02-23-15-03-59_ecephys.nwb/ProbeF/trial_1/phase_0/lib_ab4a70858e/lib_ab4a70858e__delay_0.01__dur_0.03.h5
5bec713c-b5c9-4cc7-a749-4e9b03f50421,0.1,0.18000000000000002,ab4a70858e,0.09317541122436523,-24.179104477611936,20.613207547169807,22.515923572829163,28.65,20,15,9,2.827433388230814,5,8.0,6,0.07,/user/raabe14/u19361/workspace-allen/results/zebra/sub-830795_ses-ecephys-830795-2026-02-23-15-03-59_ecephys.nwb/ProbeF/trial_1/phase_0/lib_ab4a70858e/lib_ab4a70858e__delay_0.1__dur_0.18000000000000002.h5
5c881bb6-ebe6-480b-80a3-6569fa9b943d,0.0,0.08,ab4a70858e,0.07823880761861801,-49.25373134328358,29.575471698113205,0.0,17.91,6,10,0,0.0,3,5.0,11,1.2,/user/raabe14/u19361/workspace-allen/results/zebra/sub-830795_ses-ecephys-830795-2026-02-23-15-03-59_ecephys.nwb/ProbeF/trial_1/phase_0/lib_ab4a70858e/lib_ab4a70858e__delay_0.0__dur_0.08.h5
5cce330c-4f7c-46d2-965c-1f530e391b08,0.09,0.18000000000000002,ab4a70858e,0.08576861768960953,15.223880597014926,17.02830188679245,112.48408527317332,14.32,42,17,5,1.5707963267948966,2,4.0,11,1.2,/user/raabe14/u19361/workspace-allen/results/zebra/sub-830795_ses-ecephys-830795-2026-02-23-15-03-59_ecephys.nwb/ProbeF/trial_1/phase_0/lib_ab4a70858e/lib_ab4a70858e__delay_0.09__dur_0.18000000000000002.h5
5d044c3c-4328-4797-8bf4-7524797c5168,0.2,0.23,ab4a70858e,0.08477184176445007,-18.80597014925373,17.02830188679245,157.4840764271708,17.91,23,17,7,2.199114857512855,3,5.0,7,0.08,/user/raabe14/u19361/workspace-allen/results/zebra/sub-830795_ses-ecephys-830795-2026-02-23-15-03-59_ecephys.nwb/ProbeF/trial_1/phase_0/lib_ab4a70858e/lib_ab4a70858e__delay_0.2__dur_0.23.h5
5d592116-dbed-4152-9da7-785c0c9289a1,0.30000000000000004,0.08,ab4a70858e,0.07897263765335083,-22.388059701492537,-0.8962264150943398,157.4840764271708,28.65,21,27,7,2.199114857512855,5,8.0,9,0.1,/user/raabe14/u19361/workspace-allen/results/zebra/sub-830795_ses-ecephys-830795-2026-02-23-15-03-59_ecephys.nwb/ProbeF/trial_1/phase_0/lib_ab4a70858e/lib_ab4a70858e__delay_0.30000000000000004__dur_0.08.h5
5d7fca92-b7d1-4b6f-8097-58399a57b8eb,0.25,0.13,ab4a70858e,0.08134773373603821,-18.80597014925373,-9.858490566037737,0.0,7.16,23,32,0,0.0,0,2.0,9,0.1,/user/raabe14/u19361/workspace-allen/results/zebra/sub-830795_ses-ecephys-830795-2026-02-23-15-03-59_ecephys.nwb/ProbeF/trial_1/phase_0/lib_ab4a70858e/lib_ab4a70858e__delay_0.25__dur_0.13.h5
5d8f1815-cc09-400a-92c2-f01916979d49,0.15000000000000002,0.13,ab4a70858e,0.07744058966636658,24.179104477611943,-2.6886792452830193,112.48408527317332,7.16,47,28,5,1.5707963267948966,0,2.0,11,1.2,/user/raabe14/u19361/workspace-allen/results/zebra/sub-830795_ses-ecephys-830795-2026-02-23-15-03-59_ecephys.nwb/ProbeF/trial_1/phase_0/lib_ab4a70858e/lib_ab4a70858e__delay_0.15000000000000002__dur_0.13.h5
5deb3118-e610-4043-9614-cda9e05fc285,0.01,0.03,ab4a70858e,0.0,-60.0,47.5,0.0,7.16,0,0,0,0.0,0,2.0,0,0.01,/user/raabe14/u19361/workspace-allen/results/zebra/sub-830795_ses-ecephys-830795-2026-02-23-15-03-59_ecephys.nwb/ProbeF/trial_1/phase_0/lib_ab4a70858e/lib_ab4a70858e__delay_0.01__dur_0.03.h5
5e5d7ea5-fbf3-4377-8a03-9963ba6459ed,0.07,0.23,ab4a70858e,0.08697853237390518,-13.43283582089552,8.066037735849058,45.02251307527088,17.91,26,22,2,0.6283185307179586,3,5.0,11,1.2,/user/raabe14/u19361/workspace-allen/results/zebra/sub-830795_ses-ecephys-830795-2026-02-23-15-03-59_ecephys.nwb/ProbeF/trial_1/phase_0/lib_ab4a70858e/lib_ab4a70858e__delay_0.07__dur_0.23.h5
5facd701-17a5-4480-b7ea-cc2cec2f32c7,0.25,0.23,ab4a70858e,0.08316388726234436,-0.8955223880596961,4.481132075471699,134.9774869247291,28.65,33,24,6,1.8849555921538759,5,8.0,3,0.04,/user/raabe14/u19361/workspace-allen/results/zebra/sub-830795_ses-ecephys-830795-2026-02-23-15-03-59_ecephys.nwb/ProbeF/trial_1/phase_0/lib_ab4a70858e/lib_ab4a70858e__delay_0.25__dur_0.23.h5
60e98d47-b3b5-4024-8430-105e046c5f34,0.05,0.23,ab4a70858e,0.09981789439916611,-22.388059701492537,-17.028301886792452,157.4840764271708,17.91,21,36,7,2.199114857512855,3,5.0,12,1.3,/user/raabe14/u19361/workspace-allen/results/zebra/sub-830795_ses-ecephys-830795-2026-02-23-15-03-59_ecephys.nwb/ProbeF/trial_1/phase_0/lib_ab4a70858e/lib_ab4a70858e__delay_0.05__dur_0.23.h5
61a9ff58-b6a8-472b-871a-415f76b6eabe,0.02,0.18000000000000002,ab4a70858e,0.07958652079105377,-34.92537313432835,15.235849056603776,90.0,17.91,14,18,4,1.2566370614359172,3,5.0,5,0.06,/user/raabe14/u19361/workspace-allen/results/zebra/sub-830795_ses-ecephys-830795-2026-02-23-15-03-59_ecephys.nwb/ProbeF/trial_1/phase_0/lib_ab4a70858e/lib_ab4a70858e__delay_0.02__dur_0.18000000000000002.h5
626a2646-aab8-4bf9-ac6a-caa93a407a95,0.2,0.23,ab4a70858e,0.12304368615150452,-43.88059701492537,2.6886792452830193,157.4840764271708,17.91,9,25,7,2.199114857512855,3,5.0,12,1.3,/user/raabe14/u19361/workspace-allen/results/zebra/sub-830795_ses-ecephys-830795-2026-02-23-15-03-59_ecephys.nwb/ProbeF/trial_1/phase_0/lib_ab4a70858e/lib_ab4a70858e__delay_0.2__dur_0.23.h5
62fc665e-4539-482f-8a0b-3575c95fba63,0.01,0.03,ab4a70858e,0.0,-60.0,47.5,0.0,7.16,0,0,0,0.0,0,2.0,0,0.01,/user/raabe14/u19361/workspace-allen/results/zebra/sub-830795_ses-ecephys-830795-2026-02-23-15-03-59_ecephys.nwb/ProbeF/trial_1/phase_0/lib_ab4a70858e/lib_ab4a70858e__delay_0.01__dur_0.03.h5
635cadc9-55ad-481a-a48c-23aadf35beb9,0.2,0.08,ab4a70858e,0.08866859972476959,-29.55223880597015,24.198113207547166,22.515923572829195,28.65,17,13,1,0.3141592653589793,5,8.0,7,0.08,/user/raabe14/u19361/workspace-allen/results/zebra/sub-830795_ses-ecephys-830795-2026-02-23-15-03-59_ecephys.nwb/ProbeF/trial_1/phase_0/lib_ab4a70858e/lib_ab4a70858e__delay_0.2__dur_0.08.h5
6381e553-9d9c-4fb4-9526-0d90deaee3bc,0.25,0.18000000000000002,ab4a70858e,0.07668982446193695,-0.8955223880596961,6.273584905660378,0.0,7.16,33,23,0,0.0,0,2.0,11,1.2,/user/raabe14/u19361/workspace-allen/results/zebra/sub-830795_ses-ecephys-830795-2026-02-23-15-03-59_ecephys.nwb/ProbeF/trial_1/phase_0/lib_ab4a70858e/lib_ab4a70858e__delay_0.25__dur_0.18000000000000002.h5
6444ffc3-2162-4a75-af18-6fa55f3df95b,0.15000000000000002,0.23,ab4a70858e,0.08320021629333496,-24.179104477611936,-6.273584905660378,67.51591472682667,7.16,20,30,3,0.9424777960769379,0,2.0,12,1.3,/user/raabe14/u19361/workspace-allen/results/zebra/sub-830795_ses-ecephys-830795-2026-02-23-15-03-59_ecephys.nwb/ProbeF/trial_1/phase_0/lib_ab4a70858e/lib_ab4a70858e__delay_0.15000000000000002__dur_0.23.h5
6721c091-def0-4686-bcf9-1c8bd933532e,0.01,0.18000000000000002,ab4a70858e,0.07831620424985886,-11.64179104477612,-0.8962264150943398,112.48408527317332,14.32,27,27,5,1.5707963267948966,2,4.0,9,0.1,/user/raabe14/u19361/workspace-allen/results/zebra/sub-830795_ses-ecephys-830795-2026-02-23-15-03-59_ecephys.nwb/ProbeF/trial_1/phase_0/lib_ab4a70858e/lib_ab4a70858e__delay_0.01__dur_0.18000000000000002.h5
67740a89-d7a2-4d22-8f2a-cd24587dc54e,0.0,0.23,ab4a70858e,0.07784880697727203,-11.64179104477612,22.405660377358487,112.48408527317332,14.32,27,14,5,1.5707963267948966,2,4.0,11,1.2,/user/raabe14/u19361/workspace-allen/results/zebra/sub-830795_ses-ecephys-830795-2026-02-23-15-03-59_ecephys.nwb/ProbeF/trial_1/phase_0/lib_ab4a70858e/lib_ab4a70858e__delay_0.0__dur_0.23.h5
6782a497-e466-4b5a-83d1-856e3bd38fd2,0.15000000000000002,0.13,ab4a70858e,0.07643499225378036,-20.59701492537313,31.367924528301884,90.0,17.91,22,9,4,1.2566370614359172,3,5.0,7,0.08,/user/raabe14/u19361/workspace-allen/results/zebra/sub-830795_ses-ecephys-830795-2026-02-23-15-03-59_ecephys.nwb/ProbeF/trial_1/phase_0/lib_ab4a70858e/lib_ab4a70858e__delay_0.15000000000000002__dur_0.13.h5
679b14eb-49df-434d-9789-679dd30f758b,0.05,0.23,ab4a70858e,0.07963181287050247,-2.6865671641791025,15.235849056603776,112.48408527317332,17.91,32,18,5,1.5707963267948966,3,5.0,3,0.04,/user/raabe14/u19361/workspace-allen/results/zebra/sub-830795_ses-ecephys-830795-2026-02-23-15-03-59_ecephys.nwb/ProbeF/trial_1/phase_0/lib_ab4a70858e/lib_ab4a70858e__delay_0.05__dur_0.23.h5
67e09798-bf3b-4fc9-b254-5597781a308b,0.01,0.13,ab4a70858e,0.07833502441644669,-31.34328358208955,-45.70754716981132,45.02251307527088,7.16,16,52,2,0.6283185307179586,0,2.0,9,0.1,/user/raabe14/u19361/workspace-allen/results/zebra/sub-830795_ses-ecephys-830795-2026-02-23-15-03-59_ecephys.nwb/ProbeF/trial_1/phase_0/lib_ab4a70858e/lib_ab4a70858e__delay_0.01__dur_0.13.h5
6850eab1-8ebd-44af-b1aa-a003fd8ec0cd,0.0,0.23,ab4a70858e,0.09048179537057877,-8.059701492537314,47.5,22.515923572829195,28.65,29,0,1,0.3141592653589793,5,8.0,6,0.07,/user/raabe14/u19361/workspace-allen/results/zebra/sub-830795_ses-ecephys-830795-2026-02-23-15-03-59_ecephys.nwb/ProbeF/trial_1/phase_0/lib_ab4a70858e/lib_ab4a70858e__delay_0.0__dur_0.23.h5
697ef139-786c-4c09-82e8-82c79350c9b4,0.08,0.18000000000000002,ab4a70858e,0.09476155787706375,-33.134328358208954,34.95283018867924,22.515923572829163,10.74,15,7,9,2.827433388230814,1,3.0,7,0.08,/user/raabe14/u19361/workspace-allen/results/zebra/sub-830795_ses-ecephys-830795-2026-02-23-15-03-59_ecephys.nwb/ProbeF/trial_1/phase_0/lib_ab4a70858e/lib_ab4a70858e__delay_0.08__dur_0.18000000000000002.h5
6995aae7-dcb8-4877-8f97-05172ca75920,0.30000000000000004,0.18000000000000002,ab4a70858e,0.07512300461530685,-36.71641791044776,13.443396226415096,112.48408527317332,14.32,13,19,5,1.5707963267948966,2,4.0,9,0.1,/user/raabe14/u19361/workspace-allen/results/zebra/sub-830795_ses-ecephys-830795-2026-02-23-15-03-59_ecephys.nwb/ProbeF/trial_1/phase_0/lib_ab4a70858e/lib_ab4a70858e__delay_0.30000000000000004__dur_0.18000000000000002.h5
69977c44-8e44-4adb-87c8-19d7f3f02b38,0.05,0.23,ab4a70858e,0.08081914484500885,31.343283582089555,31.367924528301884,112.48408527317332,21.49,51,9,5,1.5707963267948966,4,6.0,6,0.07,/user/raabe14/u19361/workspace-allen/results/zebra/sub-830795_ses-ecephys-830795-2026-02-23-15-03-59_ecephys.nwb/ProbeF/trial_1/phase_0/lib_ab4a70858e/lib_ab4a70858e__delay_0.05__dur_0.23.h5
69ecbd69-423f-4f4a-96cc-0fe8c34597de,0.02,0.23,ab4a70858e,0.10213365405797958,-25.970149253731343,38.5377358490566,0.0,10.74,19,5,0,0.0,1,3.0,11,1.2,/user/raabe14/u19361/workspace-allen/results/zebra/sub-830795_ses-ecephys-830795-2026-02-23-15-03-59_ecephys.nwb/ProbeF/trial_1/phase_0/lib_ab4a70858e/lib_ab4a70858e__delay_0.02__dur_0.23.h5
6a73cbd7-83b4-455d-a884-41e540b99e29,0.0,0.13,ab4a70858e,0.10112423449754715,-2.6865671641791025,-25.99056603773585,180.0,14.32,32,41,8,2.5132741228718345,2,4.0,12,1.3,/user/raabe14/u19361/workspace-allen/results/zebra/sub-830795_ses-ecephys-830795-2026-02-23-15-03-59_ecephys.nwb/ProbeF/trial_1/phase_0/lib_ab4a70858e/lib_ab4a70858e__delay_0.0__dur_0.13.h5
6aa92762-1daa-49c9-808e-dfcdc36f920b,0.25,0.23,ab4a70858e,0.10760816931724548,-17.014925373134325,-4.481132075471699,112.48408527317332,21.49,24,29,5,1.5707963267948966,4,6.0,12,1.3,/user/raabe14/u19361/workspace-allen/results/zebra/sub-830795_ses-ecephys-830795-2026-02-23-15-03-59_ecephys.nwb/ProbeF/trial_1/phase_0/lib_ab4a70858e/lib_ab4a70858e__delay_0.25__dur_0.23.h5
6ad6e6e8-1845-428c-9f67-5b6c2a53ce18,0.25,0.23,ab4a70858e,0.07612495869398117,31.343283582089555,-2.6886792452830193,67.51591472682667,7.16,51,28,3,0.9424777960769379,0,2.0,12,1.3,/user/raabe14/u19361/workspace-allen/results/zebra/sub-830795_ses-ecephys-830795-2026-02-23-15-03-59_ecephys.nwb/ProbeF/trial_1/phase_0/lib_ab4a70858e/lib_ab4a70858e__delay_0.25__dur_0.23.h5
6b5ab99b-3cb2-4e27-be64-9f9aebf9dffe,0.01,0.23,ab4a70858e,0.0788370668888092,-20.59701492537313,27.783018867924525,67.51591472682667,14.32,22,11,3,0.9424777960769379,2,4.0,12,1.3,/user/raabe14/u19361/workspace-allen/results/zebra/sub-830795_ses-ecephys-830795-2026-02-23-15-03-59_ecephys.nwb/ProbeF/trial_1/phase_0/lib_ab4a70858e/lib_ab4a70858e__delay_0.01__dur_0.23.h5
6bba5295-7317-4381-860d-a3f98f0763e9,0.01,0.03,ab4a70858e,0.0,-60.0,47.5,0.0,7.16,0,0,0,0.0,0,2.0,0,0.01,/user/raabe14/u19361/workspace-allen/results/zebra/sub-830795_ses-ecephys-830795-2026-02-23-15-03-59_ecephys.nwb/ProbeF/trial_1/phase_0/lib_ab4a70858e/lib_ab4a70858e__delay_0.01__dur_0.03.h5
6bc57a4d-7163-48dd-b0c3-df64aedf52c3,0.25,0.23,ab4a70858e,0.17145216464996338,-2.6865671641791025,29.575471698113205,112.48408527317332,28.65,32,10,5,1.5707963267948966,5,8.0,11,1.2,/user/raabe14/u19361/workspace-allen/results/zebra/sub-830795_ses-ecephys-830795-2026-02-23-15-03-59_ecephys.nwb/ProbeF/trial_1/phase_0/lib_ab4a70858e/lib_ab4a70858e__delay_0.25__dur_0.23.h5
6c5f480a-f9ac-4035-94df-1a995ba0fca7,0.15000000000000002,0.18000000000000002,ab4a70858e,0.07680763304233551,-6.268656716417908,-11.650943396226417,180.0,14.32,30,33,8,2.5132741228718345,2,4.0,9,0.1,/user/raabe14/u19361/workspace-allen/results/zebra/sub-830795_ses-ecephys-830795-2026-02-23-15-03-59_ecephys.nwb/ProbeF/trial_1/phase_0/lib_ab4a70858e/lib_ab4a70858e__delay_0.15000000000000002__dur_0.18000000000000002.h5
6c8538e8-dcbf-4bef-934c-5a2e2d07223f,0.1,0.18000000000000002,ab4a70858e,0.07671419531106949,-27.761194029850742,15.235849056603776,0.0,7.16,18,18,0,0.0,0,2.0,9,0.1,/user/raabe14/u19361/workspace-allen/results/zebra/sub-830795_ses-ecephys-830795-2026-02-23-15-03-59_ecephys.nwb/ProbeF/trial_1/phase_0/lib_ab4a70858e/lib_ab4a70858e__delay_0.1__dur_0.18000000000000002.h5
6ca55176-7f51-4351-9557-102182561a07,0.07,0.23,ab4a70858e,0.08870250731706619,-18.80597014925373,-4.481132075471699,157.4840764271708,14.32,23,29,7,2.199114857512855,2,4.0,12,1.3,/user/raabe14/u19361/workspace-allen/results/zebra/sub-830795_ses-ecephys-830795-2026-02-23-15-03-59_ecephys.nwb/ProbeF/trial_1/phase_0/lib_ab4a70858e/lib_ab4a70858e__delay_0.07__dur_0.23.h5
6ccd3518-81fe-483e-ad86-5e2e0886918c,0.2,0.23,ab4a70858e,0.07895082980394363,-17.014925373134325,38.5377358490566,112.48408527317332,21.49,24,5,5,1.5707963267948966,4,6.0,11,1.2,/user/raabe14/u19361/workspace-allen/results/zebra/sub-830795_ses-ecephys-830795-2026-02-23-15-03-59_ecephys.nwb/ProbeF/trial_1/phase_0/lib_ab4a70858e/lib_ab4a70858e__delay_0.2__dur_0.23.h5
6e098885-f745-4ae8-b766-b3506ab9501f,0.0,0.18000000000000002,ab4a70858e,0.0815245732665062,38.507462686567166,8.066037735849058,67.51591472682667,28.65,55,22,3,0.9424777960769379,5,8.0,9,0.1,/user/raabe14/u19361/workspace-allen/results/zebra/sub-830795_ses-ecephys-830795-2026-02-23-15-03-59_ecephys.nwb/ProbeF/trial_1/phase_0/lib_ab4a70858e/lib_ab4a70858e__delay_0.0__dur_0.18000000000000002.h5
6e943fd1-3c25-46d1-a25c-850c4b7f387a,0.25,0.18000000000000002,ab4a70858e,0.06631220877170563,2.6865671641791096,20.613207547169807,157.4840764271708,28.65,35,15,7,2.199114857512855,5,8.0,9,0.1,/user/raabe14/u19361/workspace-allen/results/zebra/sub-830795_ses-ecephys-830795-2026-02-23-15-03-59_ecephys.nwb/ProbeF/trial_1/phase_0/lib_ab4a70858e/lib_ab4a70858e__delay_0.25__dur_0.18000000000000002.h5
6f21e6c0-4b45-4f98-b7db-68ac0eafc06b,0.15000000000000002,0.08,ab4a70858e,0.08748505264520645,2.6865671641791096,17.02830188679245,45.02251307527088,14.32,35,17,2,0.6283185307179586,2,4.0,12,1.3,/user/raabe14/u19361/workspace-allen/results/zebra/sub-830795_ses-ecephys-830795-2026-02-23-15-03-59_ecephys.nwb/ProbeF/trial_1/phase_0/lib_ab4a70858e/lib_ab4a70858e__delay_0.15000000000000002__dur_0.08.h5
6f9be4f7-d051-4723-bc63-fb438c111231,0.25,0.23,ab4a70858e,0.08305475860834122,18.80597014925374,9.858490566037737,134.9774869247291,14.32,44,21,6,1.8849555921538759,2,4.0,9,0.1,/user/raabe14/u19361/workspace-allen/results/zebra/sub-830795_ses-ecephys-830795-2026-02-23-15-03-59_ecephys.nwb/ProbeF/trial_1/phase_0/lib_ab4a70858e/lib_ab4a70858e__delay_0.25__dur_0.23.h5
6fa51c6f-7b4c-4d0c-ba8d-d42b5b38333e,0.30000000000000004,0.18000000000000002,ab4a70858e,0.07831902801990509,31.343283582089555,45.70754716981132,157.4840764271708,14.32,51,1,7,2.199114857512855,2,4.0,9,0.1,/user/raabe14/u19361/workspace-allen/results/zebra/sub-830795_ses-ecephys-830795-2026-02-23-15-03-59_ecephys.nwb/ProbeF/trial_1/phase_0/lib_ab4a70858e/lib_ab4a70858e__delay_0.30000000000000004__dur_0.18000000000000002.h5
704d878b-660d-4fce-88de-a08a3f244204,0.0,0.18000000000000002,ab4a70858e,0.07872770726680756,-20.59701492537313,11.650943396226417,157.4840764271708,7.16,22,20,7,2.199114857512855,0,2.0,9,0.1,/user/raabe14/u19361/workspace-allen/results/zebra/sub-830795_ses-ecephys-830795-2026-02-23-15-03-59_ecephys.nwb/ProbeF/trial_1/phase_0/lib_ab4a70858e/lib_ab4a70858e__delay_0.0__dur_0.18000000000000002.h5
71708bdc-e8e5-40b0-971c-8c076cca115a,0.25,0.23,ab4a70858e,0.08072412759065628,-25.970149253731343,6.273584905660378,180.0,28.65,19,23,8,2.5132741228718345,5,8.0,5,0.06,/user/raabe14/u19361/workspace-allen/results/zebra/sub-830795_ses-ecephys-830795-2026-02-23-15-03-59_ecephys.nwb/ProbeF/trial_1/phase_0/lib_ab4a70858e/lib_ab4a70858e__delay_0.25__dur_0.23.h5
71b408da-b702-48b0-8172-8ae23b3a75b9,0.2,0.23,ab4a70858e,0.10742440074682236,15.223880597014926,-31.367924528301888,67.51591472682667,28.65,42,44,3,0.9424777960769379,5,8.0,9,0.1,/user/raabe14/u19361/workspace-allen/results/zebra/sub-830795_ses-ecephys-830795-2026-02-23-15-03-59_ecephys.nwb/ProbeF/trial_1/phase_0/lib_ab4a70858e/lib_ab4a70858e__delay_0.2__dur_0.23.h5
72f16fc2-7ebd-4d4a-81c2-fbabd0320968,0.30000000000000004,0.23,ab4a70858e,0.07425256818532944,-60.0,13.443396226415096,112.48408527317332,17.91,0,19,5,1.5707963267948966,3,5.0,9,0.1,/user/raabe14/u19361/workspace-allen/results/zebra/sub-830795_ses-ecephys-830795-2026-02-23-15-03-59_ecephys.nwb/ProbeF/trial_1/phase_0/lib_ab4a70858e/lib_ab4a70858e__delay_0.30000000000000004__dur_0.23.h5
73567311-a657-4671-a8f8-3ad3f5d84ccb,0.2,0.18000000000000002,ab4a70858e,0.07526927441358566,-20.59701492537313,8.066037735849058,157.4840764271708,14.32,22,22,7,2.199114857512855,2,4.0,12,1.3,/user/raabe14/u19361/workspace-allen/results/zebra/sub-830795_ses-ecephys-830795-2026-02-23-15-03-59_ecephys.nwb/ProbeF/trial_1/phase_0/lib_ab4a70858e/lib_ab4a70858e__delay_0.2__dur_0.18000000000000002.h5
7368568e-a4a0-4c65-8fcb-4b650d60ce5f,0.30000000000000004,0.18000000000000002,ab4a70858e,0.09213351458311081,-11.64179104477612,-17.028301886792452,112.48408527317332,7.16,27,36,5,1.5707963267948966,0,2.0,11,1.2,/user/raabe14/u19361/workspace-allen/results/zebra/sub-830795_ses-ecephys-830795-2026-02-23-15-03-59_ecephys.nwb/ProbeF/trial_1/phase_0/lib_ab4a70858e/lib_ab4a70858e__delay_0.30000000000000004__dur_0.18000000000000002.h5
73e5a0e8-6751-462a-ba51-0f4ed48e3fa0,0.0,0.13,ab4a70858e,0.07206401973962784,4.477611940298516,-4.481132075471699,67.51591472682667,10.74,36,29,3,0.9424777960769379,1,3.0,12,1.3,/user/raabe14/u19361/workspace-allen/results/zebra/sub-830795_ses-ecephys-830795-2026-02-23-15-03-59_ecephys.nwb/ProbeF/trial_1/phase_0/lib_ab4a70858e/lib_ab4a70858e__delay_0.0__dur_0.13.h5
74409fc0-5166-4ec3-b9c3-11f0edd7c34f,0.01,0.03,ab4a70858e,0.0,-60.0,47.5,0.0,7.16,0,0,0,0.0,0,2.0,0,0.01,/user/raabe14/u19361/workspace-allen/results/zebra/sub-830795_ses-ecephys-830795-2026-02-23-15-03-59_ecephys.nwb/ProbeF/trial_1/phase_0/lib_ab4a70858e/lib_ab4a70858e__delay_0.01__dur_0.03.h5
74947807-257a-4525-a478-2730a7d97898,0.1,0.23,ab4a70858e,0.09614419937133789,-0.8955223880596961,0.8962264150943398,112.48408527317332,7.16,33,26,5,1.5707963267948966,0,2.0,11,1.2,/user/raabe14/u19361/workspace-allen/results/zebra/sub-830795_ses-ecephys-830795-2026-02-23-15-03-59_ecephys.nwb/ProbeF/trial_1/phase_0/lib_ab4a70858e/lib_ab4a70858e__delay_0.1__dur_0.23.h5
74afca3c-d7c3-439f-bcc7-9b7cbbcf8a2d,0.1,0.13,ab4a70858e,0.07991429418325424,31.343283582089555,-8.066037735849058,67.51591472682667,14.32,51,31,3,0.9424777960769379,2,4.0,12,1.3,/user/raabe14/u19361/workspace-allen/results/zebra/sub-830795_ses-ecephys-830795-2026-02-23-15-03-59_ecephys.nwb/ProbeF/trial_1/phase_0/lib_ab4a70858e/lib_ab4a70858e__delay_0.1__dur_0.13.h5
74be201a-c910-43ad-8a40-4ebe410b7922,0.09,0.23,ab4a70858e,0.08749320358037949,-8.059701492537314,15.235849056603776,180.0,10.74,29,18,8,2.5132741228718345,1,3.0,12,1.3,/user/raabe14/u19361/workspace-allen/results/zebra/sub-830795_ses-ecephys-830795-2026-02-23-15-03-59_ecephys.nwb/ProbeF/trial_1/phase_0/lib_ab4a70858e/lib_ab4a70858e__delay_0.09__dur_0.23.h5
75f2a259-3f76-435d-a8ac-e71ebf974f72,0.09,0.18000000000000002,ab4a70858e,0.09267142415046692,-20.59701492537313,15.235849056603776,0.0,17.91,22,18,0,0.0,3,5.0,5,0.06,/user/raabe14/u19361/workspace-allen/results/zebra/sub-830795_ses-ecephys-830795-2026-02-23-15-03-59_ecephys.nwb/ProbeF/trial_1/phase_0/lib_ab4a70858e/lib_ab4a70858e__delay_0.09__dur_0.18000000000000002.h5
760f1d8c-e5ca-4b00-a171-6da31695aacf,0.30000000000000004,0.23,ab4a70858e,0.07578593492507935,-8.059701492537314,-9.858490566037737,22.515923572829195,28.65,29,32,1,0.3141592653589793,5,8.0,5,0.06,/user/raabe14/u19361/workspace-allen/results/zebra/sub-830795_ses-ecephys-830795-2026-02-23-15-03-59_ecephys.nwb/ProbeF/trial_1/phase_0/lib_ab4a70858e/lib_ab4a70858e__delay_0.30000000000000004__dur_0.23.h5
76a6bec4-24b8-48d3-9696-73765641e3a2,0.01,0.18000000000000002,ab4a70858e,0.12604840099811554,-17.014925373134325,-2.6886792452830193,112.48408527317332,21.49,24,28,5,1.5707963267948966,4,6.0,11,1.2,/user/raabe14/u19361/workspace-allen/results/zebra/sub-830795_ses-ecephys-830795-2026-02-23-15-03-59_ecephys.nwb/ProbeF/trial_1/phase_0/lib_ab4a70858e/lib_ab4a70858e__delay_0.01__dur_0.18000000000000002.h5
77de2eaa-3b5a-472f-bfb9-ab9666b706aa,0.09,0.23,ab4a70858e,0.08564899861812592,-13.43283582089552,-22.40566037735849,22.515923572829195,14.32,26,39,1,0.3141592653589793,2,4.0,9,0.1,/user/raabe14/u19361/workspace-allen/results/zebra/sub-830795_ses-ecephys-830795-2026-02-23-15-03-59_ecephys.nwb/ProbeF/trial_1/phase_0/lib_ab4a70858e/lib_ab4a70858e__delay_0.09__dur_0.23.h5
786e5853-d4e7-4c6f-9d7b-b6d839290d31,0.1,0.18000000000000002,ab4a70858e,0.07167579978704453,-6.268656716417908,22.405660377358487,180.0,10.74,30,14,8,2.5132741228718345,1,3.0,12,1.3,/user/raabe14/u19361/workspace-allen/results/zebra/sub-830795_ses-ecephys-830795-2026-02-23-15-03-59_ecephys.nwb/ProbeF/trial_1/phase_0/lib_ab4a70858e/lib_ab4a70858e__delay_0.1__dur_0.18000000000000002.h5
78cb39cc-3004-48a9-90ea-1d6d8b0d19f8,0.15000000000000002,0.23,ab4a70858e,0.07661527395248413,58.20895522388061,-13.443396226415096,45.02251307527088,10.74,66,34,2,0.6283185307179586,1,3.0,9,0.1,/user/raabe14/u19361/workspace-allen/results/zebra/sub-830795_ses-ecephys-830795-2026-02-23-15-03-59_ecephys.nwb/ProbeF/trial_1/phase_0/lib_ab4a70858e/lib_ab4a70858e__delay_0.15000000000000002__dur_0.23.h5
78ebd07c-52c4-4ba1-ada9-db6c0a6a04ca,0.30000000000000004,0.18000000000000002,ab4a70858e,0.07280133664608002,25.97014925373135,-9.858490566037737,157.4840764271708,14.32,48,32,7,2.199114857512855,2,4.0,9,0.1,/user/raabe14/u19361/workspace-allen/results/zebra/sub-830795_ses-ecephys-830795-2026-02-23-15-03-59_ecephys.nwb/ProbeF/trial_1/phase_0/lib_ab4a70858e/lib_ab4a70858e__delay_0.30000000000000004__dur_0.18000000000000002.h5
78fde0a5-4803-4352-9d4e-fa2fc876186a,0.02,0.08,ab4a70858e,0.10740264505147934,-24.179104477611936,42.12264150943396,45.02251307527088,21.49,20,3,2,0.6283185307179586,4,6.0,12,1.3,/user/raabe14/u19361/workspace-allen/results/zebra/sub-830795_ses-ecephys-830795-2026-02-23-15-03-59_ecephys.nwb/ProbeF/trial_1/phase_0/lib_ab4a70858e/lib_ab4a70858e__delay_0.02__dur_0.08.h5
798dda10-ebf7-4bae-9f4b-1838539b1570,0.2,0.23,ab4a70858e,0.09666363149881363,-13.43283582089552,-33.160377358490564,180.0,7.16,26,45,8,2.5132741228718345,0,2.0,12,1.3,/user/raabe14/u19361/workspace-allen/results/zebra/sub-830795_ses-ecephys-830795-2026-02-23-15-03-59_ecephys.nwb/ProbeF/trial_1/phase_0/lib_ab4a70858e/lib_ab4a70858e__delay_0.2__dur_0.23.h5
7a6b7c2c-2b12-4bed-9af3-c6cb14065e44,0.01,0.03,ab4a70858e,0.0,-60.0,47.5,0.0,7.16,0,0,0,0.0,0,2.0,0,0.01,/user/raabe14/u19361/workspace-allen/results/zebra/sub-830795_ses-ecephys-830795-2026-02-23-15-03-59_ecephys.nwb/ProbeF/trial_1/phase_0/lib_ab4a70858e/lib_ab4a70858e__delay_0.01__dur_0.03.h5
7a9c4481-2359-42a7-ad4d-396fab62b62c,0.06,0.23,ab4a70858e,0.101166732609272,13.43283582089552,-40.33018867924528,45.02251307527088,7.16,41,49,2,0.6283185307179586,0,2.0,12,1.3,/user/raabe14/u19361/workspace-allen/results/zebra/sub-830795_ses-ecephys-830795-2026-02-23-15-03-59_ecephys.nwb/ProbeF/trial_1/phase_0/lib_ab4a70858e/lib_ab4a70858e__delay_0.06__dur_0.23.h5
7ae6d6fa-bb73-4e09-86d9-40e728366f42,0.25,0.23,ab4a70858e,0.07561185956001282,-6.268656716417908,4.481132075471699,0.0,7.16,30,24,0,0.0,0,2.0,11,1.2,/user/raabe14/u19361/workspace-allen/results/zebra/sub-830795_ses-ecephys-830795-2026-02-23-15-03-59_ecephys.nwb/ProbeF/trial_1/phase_0/lib_ab4a70858e/lib_ab4a70858e__delay_0.25__dur_0.23.h5
7b026dcb-b383-4904-a0d6-4728c91b2996,0.30000000000000004,0.13,ab4a70858e,0.07823314517736435,38.507462686567166,-34.95283018867924,90.0,28.65,55,46,4,1.2566370614359172,5,8.0,9,0.1,/user/raabe14/u19361/workspace-allen/results/zebra/sub-830795_ses-ecephys-830795-2026-02-23-15-03-59_ecephys.nwb/ProbeF/trial_1/phase_0/lib_ab4a70858e/lib_ab4a70858e__delay_0.30000000000000004__dur_0.13.h5
7b0fafa9-cd2b-4981-8e05-eac84e3759df,0.30000000000000004,0.18000000000000002,ab4a70858e,0.07636340707540512,54.626865671641795,-6.273584905660378,0.0,28.65,64,30,0,0.0,5,8.0,11,1.2,/user/raabe14/u19361/workspace-allen/results/zebra/sub-830795_ses-ecephys-830795-2026-02-23-15-03-59_ecephys.nwb/ProbeF/trial_1/phase_0/lib_ab4a70858e/lib_ab4a70858e__delay_0.30000000000000004__dur_0.18000000000000002.h5
7b14d0a9-42b0-45cb-b0e1-ef978be71de1,0.30000000000000004,0.18000000000000002,ab4a70858e,0.07335682213306427,-51.04477611940298,47.5,112.48408527317332,28.65,5,0,5,1.5707963267948966,5,8.0,7,0.08,/user/raabe14/u19361/workspace-allen/results/zebra/sub-830795_ses-ecephys-830795-2026-02-23-15-03-59_ecephys.nwb/ProbeF/trial_1/phase_0/lib_ab4a70858e/lib_ab4a70858e__delay_0.30000000000000004__dur_0.18000000000000002.h5
7b4d4f68-1853-4111-99fc-9929630f195c,0.30000000000000004,0.18000000000000002,ab4a70858e,0.07628639787435532,0.8955223880597032,-27.78301886792453,0.0,17.91,34,42,0,0.0,3,5.0,8,0.09,/user/raabe14/u19361/workspace-allen/results/zebra/sub-830795_ses-ecephys-830795-2026-02-23-15-03-59_ecephys.nwb/ProbeF/trial_1/phase_0/lib_ab4a70858e/lib_ab4a70858e__delay_0.30000000000000004__dur_0.18000000000000002.h5
7b53eb96-fb25-4770-a528-6187a7fcd2c7,0.2,0.18000000000000002,ab4a70858e,0.07726144045591354,11.641791044776127,2.6886792452830193,67.51591472682667,17.91,40,25,3,0.9424777960769379,3,5.0,12,1.3,/user/raabe14/u19361/workspace-allen/results/zebra/sub-830795_ses-ecephys-830795-2026-02-23-15-03-59_ecephys.nwb/ProbeF/trial_1/phase_0/lib_ab4a70858e/lib_ab4a70858e__delay_0.2__dur_0.18000000000000002.h5
7bcef294-1bf4-46ee-bf77-4226c45e0deb,0.06,0.13,ab4a70858e,0.09576532244682312,58.20895522388061,-17.028301886792452,0.0,14.32,66,36,0,0.0,2,4.0,11,1.2,/user/raabe14/u19361/workspace-allen/results/zebra/sub-830795_ses-ecephys-830795-2026-02-23-15-03-59_ecephys.nwb/ProbeF/trial_1/phase_0/lib_ab4a70858e/lib_ab4a70858e__delay_0.06__dur_0.13.h5
7bd5756e-13b8-44c8-bf4b-c0accb01ce32,0.02,0.08,ab4a70858e,0.10036006569862366,18.80597014925374,11.650943396226417,67.51591472682667,14.32,44,20,3,0.9424777960769379,2,4.0,12,1.3,/user/raabe14/u19361/workspace-allen/results/zebra/sub-830795_ses-ecephys-830795-2026-02-23-15-03-59_ecephys.nwb/ProbeF/trial_1/phase_0/lib_ab4a70858e/lib_ab4a70858e__delay_0.02__dur_0.08.h5
7d35d8b3-a4a1-47a2-b0c0-02fc299679cc,0.25,0.23,ab4a70858e,0.08630121499300003,-17.014925373134325,2.6886792452830193,112.48408527317332,28.65,24,25,5,1.5707963267948966,5,8.0,11,1.2,/user/raabe14/u19361/workspace-allen/results/zebra/sub-830795_ses-ecephys-830795-2026-02-23-15-03-59_ecephys.nwb/ProbeF/trial_1/phase_0/lib_ab4a70858e/lib_ab4a70858e__delay_0.25__dur_0.23.h5
7d9173a5-7e14-400b-8097-4497a0e4cec3,0.01,0.03,ab4a70858e,0.0,-60.0,47.5,0.0,7.16,0,0,0,0.0,0,2.0,0,0.01,/user/raabe14/u19361/workspace-allen/results/zebra/sub-830795_ses-ecephys-830795-2026-02-23-15-03-59_ecephys.nwb/ProbeF/trial_1/phase_0/lib_ab4a70858e/lib_ab4a70858e__delay_0.01__dur_0.03.h5
7eeb587b-9a6e-4f81-af06-ca06e7962fac,0.05,0.23,ab4a70858e,0.0813193991780281,58.20895522388061,-11.650943396226417,67.51591472682667,7.16,66,33,3,0.9424777960769379,0,2.0,12,1.3,/user/raabe14/u19361/workspace-allen/results/zebra/sub-830795_ses-ecephys-830795-2026-02-23-15-03-59_ecephys.nwb/ProbeF/trial_1/phase_0/lib_ab4a70858e/lib_ab4a70858e__delay_0.05__dur_0.23.h5
7ff7ce14-1f76-4c15-9d3a-45990304390d,0.07,0.18000000000000002,ab4a70858e,0.07793769985437393,-34.92537313432835,-29.57547169811321,157.4840764271708,14.32,14,43,7,2.199114857512855,2,4.0,12,1.3,/user/raabe14/u19361/workspace-allen/results/zebra/sub-830795_ses-ecephys-830795-2026-02-23-15-03-59_ecephys.nwb/ProbeF/trial_1/phase_0/lib_ab4a70858e/lib_ab4a70858e__delay_0.07__dur_0.18000000000000002.h5
7fff2a3c-0169-4ee7-b522-54e61faa6e4b,0.2,0.23,ab4a70858e,0.09982610493898392,-8.059701492537314,27.783018867924525,112.48408527317332,28.65,29,11,5,1.5707963267948966,5,8.0,11,1.2,/user/raabe14/u19361/workspace-allen/results/zebra/sub-830795_ses-ecephys-830795-2026-02-23-15-03-59_ecephys.nwb/ProbeF/trial_1/phase_0/lib_ab4a70858e/lib_ab4a70858e__delay_0.2__dur_0.23.h5
803f7e8f-2b72-458c-abd1-af5aca5cfd40,0.0,0.18000000000000002,ab4a70858e,0.12926042079925537,-13.43283582089552,-40.33018867924528,180.0,10.74,26,49,8,2.5132741228718345,1,3.0,11,1.2,/user/raabe14/u19361/workspace-allen/results/zebra/sub-830795_ses-ecephys-830795-2026-02-23-15-03-59_ecephys.nwb/ProbeF/trial_1/phase_0/lib_ab4a70858e/lib_ab4a70858e__delay_0.0__dur_0.18000000000000002.h5
8094d47c-c846-4212-83b1-d9f981d67129,0.15000000000000002,0.13,ab4a70858e,0.07505479454994202,45.67164179104478,-0.8962264150943398,22.515923572829163,17.91,59,27,9,2.827433388230814,3,5.0,8,0.09,/user/raabe14/u19361/workspace-allen/results/zebra/sub-830795_ses-ecephys-830795-2026-02-23-15-03-59_ecephys.nwb/ProbeF/trial_1/phase_0/lib_ab4a70858e/lib_ab4a70858e__delay_0.15000000000000002__dur_0.13.h5
81344458-06b7-4759-8139-ff38fb3319bc,0.0,0.23,ab4a70858e,0.08038565516471863,-4.477611940298509,38.5377358490566,180.0,14.32,31,5,8,2.5132741228718345,2,4.0,12,1.3,/user/raabe14/u19361/workspace-allen/results/zebra/sub-830795_ses-ecephys-830795-2026-02-23-15-03-59_ecephys.nwb/ProbeF/trial_1/phase_0/lib_ab4a70858e/lib_ab4a70858e__delay_0.0__dur_0.23.h5
8147647f-cd98-4608-b8ca-83d984c5969a,0.30000000000000004,0.23,ab4a70858e,0.08580219000577927,-0.8955223880596961,24.198113207547166,0.0,17.91,33,13,0,0.0,3,5.0,11,1.2,/user/raabe14/u19361/workspace-allen/results/zebra/sub-830795_ses-ecephys-830795-2026-02-23-15-03-59_ecephys.nwb/ProbeF/trial_1/phase_0/lib_ab4a70858e/lib_ab4a70858e__delay_0.30000000000000004__dur_0.23.h5
815c374d-f89e-4677-afb7-55f451913e20,0.01,0.03,ab4a70858e,0.0,-60.0,47.5,0.0,7.16,0,0,0,0.0,0,2.0,0,0.01,/user/raabe14/u19361/workspace-allen/results/zebra/sub-830795_ses-ecephys-830795-2026-02-23-15-03-59_ecephys.nwb/ProbeF/trial_1/phase_0/lib_ab4a70858e/lib_ab4a70858e__delay_0.01__dur_0.03.h5
819f34fa-00ed-42ba-bf11-d659901ebe81,0.05,0.18000000000000002,ab4a70858e,0.08399436622858047,15.223880597014926,38.5377358490566,180.0,7.16,42,5,8,2.5132741228718345,0,2.0,12,1.3,/user/raabe14/u19361/workspace-allen/results/zebra/sub-830795_ses-ecephys-830795-2026-02-23-15-03-59_ecephys.nwb/ProbeF/trial_1/phase_0/lib_ab4a70858e/lib_ab4a70858e__delay_0.05__dur_0.18000000000000002.h5
82379eaa-e939-4198-9cf7-5af425ca2a38,0.30000000000000004,0.13,ab4a70858e,0.07981865108013153,33.13432835820896,-6.273584905660378,22.515923572829195,28.65,52,30,1,0.3141592653589793,5,8.0,5,0.06,/user/raabe14/u19361/workspace-allen/results/zebra/sub-830795_ses-ecephys-830795-2026-02-23-15-03-59_ecephys.nwb/ProbeF/trial_1/phase_0/lib_ab4a70858e/lib_ab4a70858e__delay_0.30000000000000004__dur_0.13.h5
8294ce60-9579-446d-b576-0b53a43e4f3c,0.30000000000000004,0.23,ab4a70858e,0.07801669836044312,-33.134328358208954,34.95283018867924,45.02251307527088,7.16,15,7,2,0.6283185307179586,0,2.0,12,1.3,/user/raabe14/u19361/workspace-allen/results/zebra/sub-830795_ses-ecephys-830795-2026-02-23-15-03-59_ecephys.nwb/ProbeF/trial_1/phase_0/lib_ab4a70858e/lib_ab4a70858e__delay_0.30000000000000004__dur_0.23.h5
829b525c-76eb-46ab-9f3f-9414042fd797,0.30000000000000004,0.18000000000000002,ab4a70858e,0.08931602537631989,-56.417910447761194,-4.481132075471699,0.0,21.49,2,29,0,0.0,4,6.0,11,1.2,/user/raabe14/u19361/workspace-allen/results/zebra/sub-830795_ses-ecephys-830795-2026-02-23-15-03-59_ecephys.nwb/ProbeF/trial_1/phase_0/lib_ab4a70858e/lib_ab4a70858e__delay_0.30000000000000004__dur_0.18000000000000002.h5
82e2c318-9a92-4a5d-af68-5050c58f3805,0.07,0.13,ab4a70858e,0.07362956553697586,25.97014925373135,-6.273584905660378,90.0,17.91,48,30,4,1.2566370614359172,3,5.0,9,0.1,/user/raabe14/u19361/workspace-allen/results/zebra/sub-830795_ses-ecephys-830795-2026-02-23-15-03-59_ecephys.nwb/ProbeF/trial_1/phase_0/lib_ab4a70858e/lib_ab4a70858e__delay_0.07__dur_0.13.h5
82f6f677-53f1-42d5-b562-bf116e27b16c,0.09,0.23,ab4a70858e,0.11116773635149002,58.20895522388061,-9.858490566037737,0.0,14.32,66,32,0,0.0,2,4.0,11,1.2,/user/raabe14/u19361/workspace-allen/results/zebra/sub-830795_ses-ecephys-830795-2026-02-23-15-03-59_ecephys.nwb/ProbeF/trial_1/phase_0/lib_ab4a70858e/lib_ab4a70858e__delay_0.09__dur_0.23.h5
8368ceca-fbef-4062-ab52-dfb985c91170,0.30000000000000004,0.18000000000000002,ab4a70858e,0.10319416224956512,34.92537313432837,29.575471698113205,0.0,21.49,53,10,0,0.0,4,6.0,11,1.2,/user/raabe14/u19361/workspace-allen/results/zebra/sub-830795_ses-ecephys-830795-2026-02-23-15-03-59_ecephys.nwb/ProbeF/trial_1/phase_0/lib_ab4a70858e/lib_ab4a70858e__delay_0.30000000000000004__dur_0.18000000000000002.h5
83a2ae26-3c6f-470c-9e06-5aa83a038b8e,0.30000000000000004,0.18000000000000002,ab4a70858e,0.08292719721794128,4.477611940298516,45.70754716981132,22.515923572829195,28.65,36,1,1,0.3141592653589793,5,8.0,5,0.06,/user/raabe14/u19361/workspace-allen/results/zebra/sub-830795_ses-ecephys-830795-2026-02-23-15-03-59_ecephys.nwb/ProbeF/trial_1/phase_0/lib_ab4a70858e/lib_ab4a70858e__delay_0.30000000000000004__dur_0.18000000000000002.h5
84611b9b-4ccd-4518-9f0c-ec435422d98f,0.01,0.18000000000000002,ab4a70858e,0.10557293891906738,-29.55223880597015,42.12264150943396,45.02251307527088,17.91,17,3,2,0.6283185307179586,3,5.0,12,1.3,/user/raabe14/u19361/workspace-allen/results/zebra/sub-830795_ses-ecephys-830795-2026-02-23-15-03-59_ecephys.nwb/ProbeF/trial_1/phase_0/lib_ab4a70858e/lib_ab4a70858e__delay_0.01__dur_0.18000000000000002.h5
84edbb35-e44d-4eb8-8fa5-a05468bd44d2,0.0,0.23,ab4a70858e,0.07301471382379532,-31.34328358208955,27.783018867924525,45.02251307527088,14.32,16,11,2,0.6283185307179586,2,4.0,12,1.3,/user/raabe14/u19361/workspace-allen/results/zebra/sub-830795_ses-ecephys-830795-2026-02-23-15-03-59_ecephys.nwb/ProbeF/trial_1/phase_0/lib_ab4a70858e/lib_ab4a70858e__delay_0.0__dur_0.23.h5
85380c2e-99dd-47b2-a582-bb282ae00e14,0.01,0.23,ab4a70858e,0.12243293225765228,-42.089552238805965,2.6886792452830193,157.4840764271708,14.32,10,25,7,2.199114857512855,2,4.0,12,1.3,/user/raabe14/u19361/workspace-allen/results/zebra/sub-830795_ses-ecephys-830795-2026-02-23-15-03-59_ecephys.nwb/ProbeF/trial_1/phase_0/lib_ab4a70858e/lib_ab4a70858e__delay_0.01__dur_0.23.h5
855a9034-378c-475d-bdc8-ca6b66717571,0.15000000000000002,0.23,ab4a70858e,0.12427698075771332,4.477611940298516,-29.57547169811321,67.51591472682667,17.91,36,43,3,0.9424777960769379,3,5.0,9,0.1,/user/raabe14/u19361/workspace-allen/results/zebra/sub-830795_ses-ecephys-830795-2026-02-23-15-03-59_ecephys.nwb/ProbeF/trial_1/phase_0/lib_ab4a70858e/lib_ab4a70858e__delay_0.15000000000000002__dur_0.23.h5
856625c0-e1c3-435e-864f-b57efa07632c,0.01,0.18000000000000002,ab4a70858e,0.07843665033578873,20.59701492537313,20.613207547169807,112.48408527317332,7.16,45,15,5,1.5707963267948966,0,2.0,11,1.2,/user/raabe14/u19361/workspace-allen/results/zebra/sub-830795_ses-ecephys-830795-2026-02-23-15-03-59_ecephys.nwb/ProbeF/trial_1/phase_0/lib_ab4a70858e/lib_ab4a70858e__delay_0.01__dur_0.18000000000000002.h5
857939ea-9b4f-4c5f-8e49-995dc3d277cc,0.30000000000000004,0.13,ab4a70858e,0.08170460909605026,22.388059701492537,27.783018867924525,157.4840764271708,17.91,46,11,7,2.199114857512855,3,5.0,12,1.3,/user/raabe14/u19361/workspace-allen/results/zebra/sub-830795_ses-ecephys-830795-2026-02-23-15-03-59_ecephys.nwb/ProbeF/trial_1/phase_0/lib_ab4a70858e/lib_ab4a70858e__delay_0.30000000000000004__dur_0.13.h5
85fa2831-bf2b-47ce-8aae-3975d22a5b54,0.30000000000000004,0.23,ab4a70858e,0.07231247425079346,58.20895522388061,-0.8962264150943398,157.4840764271708,14.32,66,27,7,2.199114857512855,2,4.0,12,1.3,/user/raabe14/u19361/workspace-allen/results/zebra/sub-830795_ses-ecephys-830795-2026-02-23-15-03-59_ecephys.nwb/ProbeF/trial_1/phase_0/lib_ab4a70858e/lib_ab4a70858e__delay_0.30000000000000004__dur_0.23.h5
8685e238-41b1-4bf0-ab88-c68ea0b847ed,0.01,0.03,ab4a70858e,0.0,-60.0,47.5,0.0,7.16,0,0,0,0.0,0,2.0,0,0.01,/user/raabe14/u19361/workspace-allen/results/zebra/sub-830795_ses-ecephys-830795-2026-02-23-15-03-59_ecephys.nwb/ProbeF/trial_1/phase_0/lib_ab4a70858e/lib_ab4a70858e__delay_0.01__dur_0.03.h5
8694ae56-ac0f-4dbb-94e1-d94c938f7c24,0.30000000000000004,0.18000000000000002,ab4a70858e,0.08476899564266205,17.014925373134332,-0.8962264150943398,134.9774869247291,14.32,43,27,6,1.8849555921538759,2,4.0,9,0.1,/user/raabe14/u19361/workspace-allen/results/zebra/sub-830795_ses-ecephys-830795-2026-02-23-15-03-59_ecephys.nwb/ProbeF/trial_1/phase_0/lib_ab4a70858e/lib_ab4a70858e__delay_0.30000000000000004__dur_0.18000000000000002.h5
8725d2a0-6d24-47f4-a957-47752365d333,0.15000000000000002,0.18000000000000002,ab4a70858e,0.07291318476200104,17.014925373134332,4.481132075471699,45.02251307527088,7.16,43,24,2,0.6283185307179586,0,2.0,9,0.1,/user/raabe14/u19361/workspace-allen/results/zebra/sub-830795_ses-ecephys-830795-2026-02-23-15-03-59_ecephys.nwb/ProbeF/trial_1/phase_0/lib_ab4a70858e/lib_ab4a70858e__delay_0.15000000000000002__dur_0.18000000000000002.h5
88988e46-72ac-496e-b68f-1b967a8640e0,0.30000000000000004,0.23,ab4a70858e,0.10307659953832626,-17.014925373134325,47.5,112.48408527317332,28.65,24,0,5,1.5707963267948966,5,8.0,11,1.2,/user/raabe14/u19361/workspace-allen/results/zebra/sub-830795_ses-ecephys-830795-2026-02-23-15-03-59_ecephys.nwb/ProbeF/trial_1/phase_0/lib_ab4a70858e/lib_ab4a70858e__delay_0.30000000000000004__dur_0.23.h5
894d4a5c-defb-4f0d-8280-9b1da9e546b8,0.01,0.03,ab4a70858e,0.0,-60.0,47.5,0.0,7.16,0,0,0,0.0,0,2.0,0,0.01,/user/raabe14/u19361/workspace-allen/results/zebra/sub-830795_ses-ecephys-830795-2026-02-23-15-03-59_ecephys.nwb/ProbeF/trial_1/phase_0/lib_ab4a70858e/lib_ab4a70858e__delay_0.01__dur_0.03.h5
897aa8da-3aaf-42a0-8d3d-b1ce99fbd34c,0.0,0.08,ab4a70858e,0.0734177902340889,8.059701492537314,38.5377358490566,45.02251307527088,7.16,38,5,2,0.6283185307179586,0,2.0,12,1.3,/user/raabe14/u19361/workspace-allen/results/zebra/sub-830795_ses-ecephys-830795-2026-02-23-15-03-59_ecephys.nwb/ProbeF/trial_1/phase_0/lib_ab4a70858e/lib_ab4a70858e__delay_0.0__dur_0.08.h5
89808f8e-fa8f-4d78-aa51-89db780e1417,0.30000000000000004,0.18000000000000002,ab4a70858e,0.07431365549564362,43.88059701492537,-18.82075471698113,67.51591472682667,14.32,58,37,3,0.9424777960769379,2,4.0,9,0.1,/user/raabe14/u19361/workspace-allen/results/zebra/sub-830795_ses-ecephys-830795-2026-02-23-15-03-59_ecephys.nwb/ProbeF/trial_1/phase_0/lib_ab4a70858e/lib_ab4a70858e__delay_0.30000000000000004__dur_0.18000000000000002.h5
89ce22c3-b99f-4c34-b3a8-09741e9a54a4,0.15000000000000002,0.23,ab4a70858e,0.06908166408538818,54.626865671641795,-2.6886792452830193,22.515923572829163,14.32,64,28,9,2.827433388230814,2,4.0,9,0.1,/user/raabe14/u19361/workspace-allen/results/zebra/sub-830795_ses-ecephys-830795-2026-02-23-15-03-59_ecephys.nwb/ProbeF/trial_1/phase_0/lib_ab4a70858e/lib_ab4a70858e__delay_0.15000000000000002__dur_0.23.h5
8b6fc9cf-c806-4f0a-83dd-57370b7cd222,0.25,0.23,ab4a70858e,0.12086232006549835,-6.268656716417908,18.820754716981128,180.0,14.32,30,16,8,2.5132741228718345,2,4.0,12,1.3,/user/raabe14/u19361/workspace-allen/results/zebra/sub-830795_ses-ecephys-830795-2026-02-23-15-03-59_ecephys.nwb/ProbeF/trial_1/phase_0/lib_ab4a70858e/lib_ab4a70858e__delay_0.25__dur_0.23.h5
8bd42a16-8ba5-42ee-8c7f-3b807ad5919a,0.25,0.18000000000000002,ab4a70858e,0.07982512563467026,-6.268656716417908,-17.028301886792452,45.02251307527088,14.32,30,36,2,0.6283185307179586,2,4.0,12,1.3,/user/raabe14/u19361/workspace-allen/results/zebra/sub-830795_ses-ecephys-830795-2026-02-23-15-03-59_ecephys.nwb/ProbeF/trial_1/phase_0/lib_ab4a70858e/lib_ab4a70858e__delay_0.25__dur_0.18000000000000002.h5
8bde99ea-c5d8-47fd-adbf-2c1a27972d65,0.0,0.23,ab4a70858e,0.07650290429592133,8.059701492537314,40.33018867924528,0.0,21.49,38,4,0,0.0,4,6.0,9,0.1,/user/raabe14/u19361/workspace-allen/results/zebra/sub-830795_ses-ecephys-830795-2026-02-23-15-03-59_ecephys.nwb/ProbeF/trial_1/phase_0/lib_ab4a70858e/lib_ab4a70858e__delay_0.0__dur_0.23.h5
8c33b236-d0e6-4fe3-804b-992b75cb1275,0.1,0.23,ab4a70858e,0.07408101856708527,-8.059701492537314,-11.650943396226417,157.4840764271708,28.65,29,33,7,2.199114857512855,5,8.0,9,0.1,/user/raabe14/u19361/workspace-allen/results/zebra/sub-830795_ses-ecephys-830795-2026-02-23-15-03-59_ecephys.nwb/ProbeF/trial_1/phase_0/lib_ab4a70858e/lib_ab4a70858e__delay_0.1__dur_0.23.h5
8cb3f9cc-000a-4ad9-adc2-a4b716231aa3,0.08,0.23,ab4a70858e,0.0983106791973114,-6.268656716417908,-13.443396226415096,67.51591472682667,7.16,30,34,3,0.9424777960769379,0,2.0,12,1.3,/user/raabe14/u19361/workspace-allen/results/zebra/sub-830795_ses-ecephys-830795-2026-02-23-15-03-59_ecephys.nwb/ProbeF/trial_1/phase_0/lib_ab4a70858e/lib_ab4a70858e__delay_0.08__dur_0.23.h5
8cbd53c8-8cc0-4488-a3eb-a8868e6d736a,0.30000000000000004,0.23,ab4a70858e,0.07498136162757874,11.641791044776127,-43.91509433962264,90.0,17.91,40,51,4,1.2566370614359172,3,5.0,8,0.09,/user/raabe14/u19361/workspace-allen/results/zebra/sub-830795_ses-ecephys-830795-2026-02-23-15-03-59_ecephys.nwb/ProbeF/trial_1/phase_0/lib_ab4a70858e/lib_ab4a70858e__delay_0.30000000000000004__dur_0.23.h5
8da80e45-df87-473f-b15f-a3c592062eca,0.15000000000000002,0.23,ab4a70858e,0.08732546120882034,-18.80597014925373,-22.40566037735849,22.515923572829163,14.32,23,39,9,2.827433388230814,2,4.0,8,0.09,/user/raabe14/u19361/workspace-allen/results/zebra/sub-830795_ses-ecephys-830795-2026-02-23-15-03-59_ecephys.nwb/ProbeF/trial_1/phase_0/lib_ab4a70858e/lib_ab4a70858e__delay_0.15000000000000002__dur_0.23.h5
8e2e81eb-503a-4ffe-bc2a-9e917bcfe4bf,0.01,0.03,ab4a70858e,0.0,-60.0,47.5,0.0,7.16,0,0,0,0.0,0,2.0,0,0.01,/user/raabe14/u19361/workspace-allen/results/zebra/sub-830795_ses-ecephys-830795-2026-02-23-15-03-59_ecephys.nwb/ProbeF/trial_1/phase_0/lib_ab4a70858e/lib_ab4a70858e__delay_0.01__dur_0.03.h5
8ec067b9-e6e4-49ef-8fd7-5f9147814d97,0.30000000000000004,0.23,ab4a70858e,0.10119795054197311,-0.8955223880596961,40.33018867924528,22.515923572829163,17.91,33,4,9,2.827433388230814,3,5.0,9,0.1,/user/raabe14/u19361/workspace-allen/results/zebra/sub-830795_ses-ecephys-830795-2026-02-23-15-03-59_ecephys.nwb/ProbeF/trial_1/phase_0/lib_ab4a70858e/lib_ab4a70858e__delay_0.30000000000000004__dur_0.23.h5
8f150284-202f-4d61-90d2-a6a53e3d9fc1,0.06,0.08,ab4a70858e,0.13935190439224243,-17.014925373134325,2.6886792452830193,45.02251307527088,21.49,24,25,2,0.6283185307179586,4,6.0,11,1.2,/user/raabe14/u19361/workspace-allen/results/zebra/sub-830795_ses-ecephys-830795-2026-02-23-15-03-59_ecephys.nwb/ProbeF/trial_1/phase_0/lib_ab4a70858e/lib_ab4a70858e__delay_0.06__dur_0.08.h5
901608f6-e9d6-49c6-9da6-ebd4845fe5cc,0.25,0.23,ab4a70858e,0.08253604173660278,17.014925373134332,0.8962264150943398,134.9774869247291,28.65,43,26,6,1.8849555921538759,5,8.0,9,0.1,/user/raabe14/u19361/workspace-allen/results/zebra/sub-830795_ses-ecephys-830795-2026-02-23-15-03-59_ecephys.nwb/ProbeF/trial_1/phase_0/lib_ab4a70858e/lib_ab4a70858e__delay_0.25__dur_0.23.h5
9135ee64-ffc3-4cf8-a1cb-f965b2a971e8,0.01,0.03,ab4a70858e,0.0,-60.0,47.5,0.0,7.16,0,0,0,0.0,0,2.0,0,0.01,/user/raabe14/u19361/workspace-allen/results/zebra/sub-830795_ses-ecephys-830795-2026-02-23-15-03-59_ecephys.nwb/ProbeF/trial_1/phase_0/lib_ab4a70858e/lib_ab4a70858e__delay_0.01__dur_0.03.h5
9177043f-5b5d-4881-b154-ad56fe41e263,0.30000000000000004,0.23,ab4a70858e,0.07276415079832077,-2.6865671641791025,-17.028301886792452,90.0,28.65,32,36,4,1.2566370614359172,5,8.0,7,0.08,/user/raabe14/u19361/workspace-allen/results/zebra/sub-830795_ses-ecephys-830795-2026-02-23-15-03-59_ecephys.nwb/ProbeF/trial_1/phase_0/lib_ab4a70858e/lib_ab4a70858e__delay_0.30000000000000004__dur_0.23.h5
9181558d-c1b2-4fe0-adb0-f5e7ae3f461b,0.0,0.18000000000000002,ab4a70858e,0.07895535975694656,-15.223880597014926,8.066037735849058,45.02251307527088,17.91,25,22,2,0.6283185307179586,3,5.0,11,1.2,/user/raabe14/u19361/workspace-allen/results/zebra/sub-830795_ses-ecephys-830795-2026-02-23-15-03-59_ecephys.nwb/ProbeF/trial_1/phase_0/lib_ab4a70858e/lib_ab4a70858e__delay_0.0__dur_0.18000000000000002.h5
9285fbf9-d436-42da-abd6-76a45a98e857,0.01,0.23,ab4a70858e,0.07264608889818192,-15.223880597014926,9.858490566037737,157.4840764271708,10.74,25,21,7,2.199114857512855,1,3.0,12,1.3,/user/raabe14/u19361/workspace-allen/results/zebra/sub-830795_ses-ecephys-830795-2026-02-23-15-03-59_ecephys.nwb/ProbeF/trial_1/phase_0/lib_ab4a70858e/lib_ab4a70858e__delay_0.01__dur_0.23.h5
928f9960-90e6-488e-9cd0-45ae0c4097c5,0.25,0.23,ab4a70858e,0.07570356130599976,-24.179104477611936,0.8962264150943398,0.0,14.32,20,26,0,0.0,2,4.0,9,0.1,/user/raabe14/u19361/workspace-allen/results/zebra/sub-830795_ses-ecephys-830795-2026-02-23-15-03-59_ecephys.nwb/ProbeF/trial_1/phase_0/lib_ab4a70858e/lib_ab4a70858e__delay_0.25__dur_0.23.h5
92a88276-0952-493d-827d-3ee42d7c4312,0.06,0.18000000000000002,ab4a70858e,0.0772947296500206,4.477611940298516,-43.91509433962264,45.02251307527088,10.74,36,51,2,0.6283185307179586,1,3.0,12,1.3,/user/raabe14/u19361/workspace-allen/results/zebra/sub-830795_ses-ecephys-830795-2026-02-23-15-03-59_ecephys.nwb/ProbeF/trial_1/phase_0/lib_ab4a70858e/lib_ab4a70858e__delay_0.06__dur_0.18000000000000002.h5
92bdb06b-a05a-4fee-8e15-113daa0f91dd,0.07,0.18000000000000002,ab4a70858e,0.07700453698635101,15.223880597014926,-0.8962264150943398,157.4840764271708,14.32,42,27,7,2.199114857512855,2,4.0,7,0.08,/user/raabe14/u19361/workspace-allen/results/zebra/sub-830795_ses-ecephys-830795-2026-02-23-15-03-59_ecephys.nwb/ProbeF/trial_1/phase_0/lib_ab4a70858e/lib_ab4a70858e__delay_0.07__dur_0.18000000000000002.h5
93034e64-932d-4e9d-8914-d903cf792567,0.25,0.23,ab4a70858e,0.08676803857088089,-18.80597014925373,-36.74528301886792,22.515923572829163,21.49,23,47,9,2.827433388230814,4,6.0,7,0.08,/user/raabe14/u19361/workspace-allen/results/zebra/sub-830795_ses-ecephys-830795-2026-02-23-15-03-59_ecephys.nwb/ProbeF/trial_1/phase_0/lib_ab4a70858e/lib_ab4a70858e__delay_0.25__dur_0.23.h5
94962568-94ea-4dab-8b46-7f14d4b9f1f0,0.01,0.23,ab4a70858e,0.07448499649763107,6.268656716417908,-29.57547169811321,90.0,28.65,37,43,4,1.2566370614359172,5,8.0,5,0.06,/user/raabe14/u19361/workspace-allen/results/zebra/sub-830795_ses-ecephys-830795-2026-02-23-15-03-59_ecephys.nwb/ProbeF/trial_1/phase_0/lib_ab4a70858e/lib_ab4a70858e__delay_0.01__dur_0.23.h5
94f72c6d-19dc-4281-afaf-888b7d4c3361,0.30000000000000004,0.18000000000000002,ab4a70858e,0.07205004245042801,-18.80597014925373,0.8962264150943398,67.51591472682667,7.16,23,26,3,0.9424777960769379,0,2.0,11,1.2,/user/raabe14/u19361/workspace-allen/results/zebra/sub-830795_ses-ecephys-830795-2026-02-23-15-03-59_ecephys.nwb/ProbeF/trial_1/phase_0/lib_ab4a70858e/lib_ab4a70858e__delay_0.30000000000000004__dur_0.18000000000000002.h5
9608cd7a-e02e-47e9-9746-dde880f083fc,0.25,0.23,ab4a70858e,0.17157979309558868,-11.64179104477612,27.783018867924525,112.48408527317332,28.65,27,11,5,1.5707963267948966,5,8.0,11,1.2,/user/raabe14/u19361/workspace-allen/results/zebra/sub-830795_ses-ecephys-830795-2026-02-23-15-03-59_ecephys.nwb/ProbeF/trial_1/phase_0/lib_ab4a70858e/lib_ab4a70858e__delay_0.25__dur_0.23.h5
965af3e2-cffa-4355-b8e2-904db076f571,0.1,0.18000000000000002,ab4a70858e,0.07276313006877899,-13.43283582089552,-11.650943396226417,45.02251307527088,7.16,26,33,2,0.6283185307179586,0,2.0,9,0.1,/user/raabe14/u19361/workspace-allen/results/zebra/sub-830795_ses-ecephys-830795-2026-02-23-15-03-59_ecephys.nwb/ProbeF/trial_1/phase_0/lib_ab4a70858e/lib_ab4a70858e__delay_0.1__dur_0.18000000000000002.h5
96adc15e-7b8b-4039-aa4b-44563ee46af2,0.25,0.23,ab4a70858e,0.09201157838106155,-17.014925373134325,-36.74528301886792,90.0,21.49,24,47,4,1.2566370614359172,4,6.0,9,0.1,/user/raabe14/u19361/workspace-allen/results/zebra/sub-830795_ses-ecephys-830795-2026-02-23-15-03-59_ecephys.nwb/ProbeF/trial_1/phase_0/lib_ab4a70858e/lib_ab4a70858e__delay_0.25__dur_0.23.h5
97b296af-42f6-4bb6-ab86-cf7b80bcab96,0.30000000000000004,0.13,ab4a70858e,0.07675313949584961,36.71641791044776,-4.481132075471699,134.9774869247291,7.16,54,29,6,1.8849555921538759,0,2.0,9,0.1,/user/raabe14/u19361/workspace-allen/results/zebra/sub-830795_ses-ecephys-830795-2026-02-23-15-03-59_ecephys.nwb/ProbeF/trial_1/phase_0/lib_ab4a70858e/lib_ab4a70858e__delay_0.30000000000000004__dur_0.13.h5
99281d25-badc-4272-9273-399684f7b4d4,0.2,0.18000000000000002,ab4a70858e,0.07809032499790192,-0.8955223880596961,27.783018867924525,45.02251307527088,17.91,33,11,2,0.6283185307179586,3,5.0,8,0.09,/user/raabe14/u19361/workspace-allen/results/zebra/sub-830795_ses-ecephys-830795-2026-02-23-15-03-59_ecephys.nwb/ProbeF/trial_1/phase_0/lib_ab4a70858e/lib_ab4a70858e__delay_0.2__dur_0.18000000000000002.h5
993ac29f-fd21-4093-952b-bb513e6c4e33,0.15000000000000002,0.23,ab4a70858e,0.0709441527724266,54.626865671641795,0.8962264150943398,67.51591472682667,28.65,64,26,3,0.9424777960769379,5,8.0,7,0.08,/user/raabe14/u19361/workspace-allen/results/zebra/sub-830795_ses-ecephys-830795-2026-02-23-15-03-59_ecephys.nwb/ProbeF/trial_1/phase_0/lib_ab4a70858e/lib_ab4a70858e__delay_0.15000000000000002__dur_0.23.h5
9a38bbb0-6668-4ce5-a630-2878f2dafeea,0.05,0.08,ab4a70858e,0.08510296046733856,-42.089552238805965,-8.066037735849058,45.02251307527088,28.65,10,31,2,0.6283185307179586,5,8.0,9,0.1,/user/raabe14/u19361/workspace-allen/results/zebra/sub-830795_ses-ecephys-830795-2026-02-23-15-03-59_ecephys.nwb/ProbeF/trial_1/phase_0/lib_ab4a70858e/lib_ab4a70858e__delay_0.05__dur_0.08.h5
9aa9a1c1-7eb0-4084-8910-bc51d02bbdec,0.30000000000000004,0.23,ab4a70858e,0.07768218964338303,-38.507462686567166,-17.028301886792452,157.4840764271708,14.32,12,36,7,2.199114857512855,2,4.0,8,0.09,/user/raabe14/u19361/workspace-allen/results/zebra/sub-830795_ses-ecephys-830795-2026-02-23-15-03-59_ecephys.nwb/ProbeF/trial_1/phase_0/lib_ab4a70858e/lib_ab4a70858e__delay_0.30000000000000004__dur_0.23.h5
9b364ecb-8776-49b9-925a-d0bc27dd7842,0.0,0.23,ab4a70858e,0.07921985536813736,-9.850746268656714,34.95283018867924,0.0,14.32,28,7,0,0.0,2,4.0,11,1.2,/user/raabe14/u19361/workspace-allen/results/zebra/sub-830795_ses-ecephys-830795-2026-02-23-15-03-59_ecephys.nwb/ProbeF/trial_1/phase_0/lib_ab4a70858e/lib_ab4a70858e__delay_0.0__dur_0.23.h5
9bdacb65-929b-4a41-9aac-c743ed1201ef,0.0,0.23,ab4a70858e,0.07588508725166321,47.462686567164184,-15.235849056603776,180.0,21.49,60,35,8,2.5132741228718345,4,6.0,9,0.1,/user/raabe14/u19361/workspace-allen/results/zebra/sub-830795_ses-ecephys-830795-2026-02-23-15-03-59_ecephys.nwb/ProbeF/trial_1/phase_0/lib_ab4a70858e/lib_ab4a70858e__delay_0.0__dur_0.23.h5
9cd4f805-7599-43b2-b7f0-b37fd9700669,0.15000000000000002,0.23,ab4a70858e,0.07821908593177795,-11.64179104477612,25.990566037735846,45.02251307527088,7.16,27,12,2,0.6283185307179586,0,2.0,12,1.3,/user/raabe14/u19361/workspace-allen/results/zebra/sub-830795_ses-ecephys-830795-2026-02-23-15-03-59_ecephys.nwb/ProbeF/trial_1/phase_0/lib_ab4a70858e/lib_ab4a70858e__delay_0.15000000000000002__dur_0.23.h5
9d70021b-b7ce-4111-a498-874b02fdbe61,0.2,0.18000000000000002,ab4a70858e,0.07955074310302734,27.761194029850756,4.481132075471699,90.0,10.74,49,24,4,1.2566370614359172,1,3.0,5,0.06,/user/raabe14/u19361/workspace-allen/results/zebra/sub-830795_ses-ecephys-830795-2026-02-23-15-03-59_ecephys.nwb/ProbeF/trial_1/phase_0/lib_ab4a70858e/lib_ab4a70858e__delay_0.2__dur_0.18000000000000002.h5
9d86f703-e06e-4990-842f-584441bb81c2,0.15000000000000002,0.23,ab4a70858e,0.0996231958270073,40.29850746268657,-20.61320754716981,0.0,21.49,56,38,0,0.0,4,6.0,11,1.2,/user/raabe14/u19361/workspace-allen/results/zebra/sub-830795_ses-ecephys-830795-2026-02-23-15-03-59_ecephys.nwb/ProbeF/trial_1/phase_0/lib_ab4a70858e/lib_ab4a70858e__delay_0.15000000000000002__dur_0.23.h5
9d8c88d9-ec6e-4b1f-85d5-db70521c0faf,0.02,0.13,ab4a70858e,0.08621813356876373,58.20895522388061,2.6886792452830193,67.51591472682667,21.49,66,25,3,0.9424777960769379,4,6.0,12,1.3,/user/raabe14/u19361/workspace-allen/results/zebra/sub-830795_ses-ecephys-830795-2026-02-23-15-03-59_ecephys.nwb/ProbeF/trial_1/phase_0/lib_ab4a70858e/lib_ab4a70858e__delay_0.02__dur_0.13.h5
9da5c27e-55b4-4c39-8327-ef015137e93c,0.0,0.23,ab4a70858e,0.0742817148566246,2.6865671641791096,-9.858490566037737,112.48408527317332,21.49,35,32,5,1.5707963267948966,4,6.0,11,1.2,/user/raabe14/u19361/workspace-allen/results/zebra/sub-830795_ses-ecephys-830795-2026-02-23-15-03-59_ecephys.nwb/ProbeF/trial_1/phase_0/lib_ab4a70858e/lib_ab4a70858e__delay_0.0__dur_0.23.h5
9dd95597-9d85-4d89-994c-6c31a83a5244,0.30000000000000004,0.23,ab4a70858e,0.07438156753778458,-47.46268656716418,2.6886792452830193,67.51591472682667,28.65,7,25,3,0.9424777960769379,5,8.0,3,0.04,/user/raabe14/u19361/workspace-allen/results/zebra/sub-830795_ses-ecephys-830795-2026-02-23-15-03-59_ecephys.nwb/ProbeF/trial_1/phase_0/lib_ab4a70858e/lib_ab4a70858e__delay_0.30000000000000004__dur_0.23.h5
9e42f91d-67bc-4fa4-956b-c2bbebff86f7,0.30000000000000004,0.23,ab4a70858e,0.0834365263581276,-6.268656716417908,-17.028301886792452,180.0,10.74,30,36,8,2.5132741228718345,1,3.0,12,1.3,/user/raabe14/u19361/workspace-allen/results/zebra/sub-830795_ses-ecephys-830795-2026-02-23-15-03-59_ecephys.nwb/ProbeF/trial_1/phase_0/lib_ab4a70858e/lib_ab4a70858e__delay_0.30000000000000004__dur_0.23.h5
9ef22f7a-cd3f-47f5-926c-852eae433c25,0.05,0.23,ab4a70858e,0.08610682934522629,-25.970149253731343,-6.273584905660378,180.0,10.74,19,30,8,2.5132741228718345,1,3.0,12,1.3,/user/raabe14/u19361/workspace-allen/results/zebra/sub-830795_ses-ecephys-830795-2026-02-23-15-03-59_ecephys.nwb/ProbeF/trial_1/phase_0/lib_ab4a70858e/lib_ab4a70858e__delay_0.05__dur_0.23.h5
9f1d9f3d-8332-4736-bd65-ad4246dcc85b,0.2,0.13,ab4a70858e,0.07468510419130325,8.059701492537314,13.443396226415096,134.9774869247291,7.16,38,19,6,1.8849555921538759,0,2.0,9,0.1,/user/raabe14/u19361/workspace-allen/results/zebra/sub-830795_ses-ecephys-830795-2026-02-23-15-03-59_ecephys.nwb/ProbeF/trial_1/phase_0/lib_ab4a70858e/lib_ab4a70858e__delay_0.2__dur_0.13.h5
9f622f55-c63a-42f7-8feb-fa02d5113530,0.04,0.08,ab4a70858e,0.07316326349973679,2.6865671641791096,-24.19811320754717,45.02251307527088,28.65,35,40,2,0.6283185307179586,5,8.0,6,0.07,/user/raabe14/u19361/workspace-allen/results/zebra/sub-830795_ses-ecephys-830795-2026-02-23-15-03-59_ecephys.nwb/ProbeF/trial_1/phase_0/lib_ab4a70858e/lib_ab4a70858e__delay_0.04__dur_0.08.h5
9f7a667d-8c10-403f-a47c-78a1b9b24fea,0.30000000000000004,0.23,ab4a70858e,0.07655560225248337,47.462686567164184,47.5,157.4840764271708,28.65,60,0,7,2.199114857512855,5,8.0,3,0.04,/user/raabe14/u19361/workspace-allen/results/zebra/sub-830795_ses-ecephys-830795-2026-02-23-15-03-59_ecephys.nwb/ProbeF/trial_1/phase_0/lib_ab4a70858e/lib_ab4a70858e__delay_0.30000000000000004__dur_0.23.h5
a038e1ee-737a-4bbd-9c89-855ef09a5c98,0.01,0.03,ab4a70858e,0.0,-60.0,47.5,0.0,7.16,0,0,0,0.0,0,2.0,0,0.01,/user/raabe14/u19361/workspace-allen/results/zebra/sub-830795_ses-ecephys-830795-2026-02-23-15-03-59_ecephys.nwb/ProbeF/trial_1/phase_0/lib_ab4a70858e/lib_ab4a70858e__delay_0.01__dur_0.03.h5
a11aee0c-8e06-4ab6-9ddc-c4dcd41522be,0.25,0.23,ab4a70858e,0.07984159141778946,45.67164179104478,11.650943396226417,22.515923572829163,10.74,59,20,9,2.827433388230814,1,3.0,6,0.07,/user/raabe14/u19361/workspace-allen/results/zebra/sub-830795_ses-ecephys-830795-2026-02-23-15-03-59_ecephys.nwb/ProbeF/trial_1/phase_0/lib_ab4a70858e/lib_ab4a70858e__delay_0.25__dur_0.23.h5
a1a3f035-48c8-4b6e-a9ab-e0a6811930a8,0.2,0.18000000000000002,ab4a70858e,0.08603187650442123,38.507462686567166,-17.028301886792452,45.02251307527088,28.65,55,36,2,0.6283185307179586,5,8.0,8,0.09,/user/raabe14/u19361/workspace-allen/results/zebra/sub-830795_ses-ecephys-830795-2026-02-23-15-03-59_ecephys.nwb/ProbeF/trial_1/phase_0/lib_ab4a70858e/lib_ab4a70858e__delay_0.2__dur_0.18000000000000002.h5
a20b4e2f-4866-48f6-9a61-ffdcd85a5636,0.03,0.13,ab4a70858e,0.07249326258897781,-22.388059701492537,-4.481132075471699,67.51591472682667,10.74,21,29,3,0.9424777960769379,1,3.0,9,0.1,/user/raabe14/u19361/workspace-allen/results/zebra/sub-830795_ses-ecephys-830795-2026-02-23-15-03-59_ecephys.nwb/ProbeF/trial_1/phase_0/lib_ab4a70858e/lib_ab4a70858e__delay_0.03__dur_0.13.h5
a2214b75-8c83-439c-889c-c268454b5406,0.0,0.18000000000000002,ab4a70858e,0.07718262076377869,-13.43283582089552,-27.78301886792453,90.0,28.65,26,42,4,1.2566370614359172,5,8.0,7,0.08,/user/raabe14/u19361/workspace-allen/results/zebra/sub-830795_ses-ecephys-830795-2026-02-23-15-03-59_ecephys.nwb/ProbeF/trial_1/phase_0/lib_ab4a70858e/lib_ab4a70858e__delay_0.0__dur_0.18000000000000002.h5
a302da9e-72d6-4fe0-82f2-4ad0927381a5,0.02,0.23,ab4a70858e,0.07717397063970566,17.014925373134332,-17.028301886792452,67.51591472682667,21.49,43,36,3,0.9424777960769379,4,6.0,9,0.1,/user/raabe14/u19361/workspace-allen/results/zebra/sub-830795_ses-ecephys-830795-2026-02-23-15-03-59_ecephys.nwb/ProbeF/trial_1/phase_0/lib_ab4a70858e/lib_ab4a70858e__delay_0.02__dur_0.23.h5
a34fc9e1-29da-476e-a6f7-03f358c09838,0.30000000000000004,0.13,ab4a70858e,0.08815111219882965,24.179104477611943,-13.443396226415096,67.51591472682667,28.65,47,34,3,0.9424777960769379,5,8.0,9,0.1,/user/raabe14/u19361/workspace-allen/results/zebra/sub-830795_ses-ecephys-830795-2026-02-23-15-03-59_ecephys.nwb/ProbeF/trial_1/phase_0/lib_ab4a70858e/lib_ab4a70858e__delay_0.30000000000000004__dur_0.13.h5
a37b31b9-ea8f-4d39-b8ed-816a5171b246,0.0,0.23,ab4a70858e,0.1343485713005066,-60.0,0.8962264150943398,67.51591472682667,14.32,0,26,3,0.9424777960769379,2,4.0,12,1.3,/user/raabe14/u19361/workspace-allen/results/zebra/sub-830795_ses-ecephys-830795-2026-02-23-15-03-59_ecephys.nwb/ProbeF/trial_1/phase_0/lib_ab4a70858e/lib_ab4a70858e__delay_0.0__dur_0.23.h5
a50728f4-262b-4f67-82e8-f3ba74046a7f,0.30000000000000004,0.23,ab4a70858e,0.08343467861413956,-8.059701492537314,15.235849056603776,180.0,14.32,29,18,8,2.5132741228718345,2,4.0,12,1.3,/user/raabe14/u19361/workspace-allen/results/zebra/sub-830795_ses-ecephys-830795-2026-02-23-15-03-59_ecephys.nwb/ProbeF/trial_1/phase_0/lib_ab4a70858e/lib_ab4a70858e__delay_0.30000000000000004__dur_0.23.h5
a5c0c00c-9f17-4944-8ce4-1fa0b09cb2dd,0.30000000000000004,0.23,ab4a70858e,0.07508823275566101,13.43283582089552,-43.91509433962264,112.48408527317332,10.74,41,51,5,1.5707963267948966,1,3.0,11,1.2,/user/raabe14/u19361/workspace-allen/results/zebra/sub-830795_ses-ecephys-830795-2026-02-23-15-03-59_ecephys.nwb/ProbeF/trial_1/phase_0/lib_ab4a70858e/lib_ab4a70858e__delay_0.30000000000000004__dur_0.23.h5
a61bc7f8-d9b4-4079-9109-c9ac84454002,0.0,0.23,ab4a70858e,0.07337687909603119,-34.92537313432835,-43.91509433962264,67.51591472682667,10.74,14,51,3,0.9424777960769379,1,3.0,4,0.05,/user/raabe14/u19361/workspace-allen/results/zebra/sub-830795_ses-ecephys-830795-2026-02-23-15-03-59_ecephys.nwb/ProbeF/trial_1/phase_0/lib_ab4a70858e/lib_ab4a70858e__delay_0.0__dur_0.23.h5
a63bf087-ae69-4e79-982e-e74197f19f4b,0.30000000000000004,0.18000000000000002,ab4a70858e,0.07549020648002625,31.343283582089555,-6.273584905660378,180.0,21.49,51,30,8,2.5132741228718345,4,6.0,8,0.09,/user/raabe14/u19361/workspace-allen/results/zebra/sub-830795_ses-ecephys-830795-2026-02-23-15-03-59_ecephys.nwb/ProbeF/trial_1/phase_0/lib_ab4a70858e/lib_ab4a70858e__delay_0.30000000000000004__dur_0.18000000000000002.h5
a67fdc07-f21a-462c-89d7-623f63223546,0.01,0.23,ab4a70858e,0.07436482608318329,58.20895522388061,-4.481132075471699,67.51591472682667,7.16,66,29,3,0.9424777960769379,0,2.0,12,1.3,/user/raabe14/u19361/workspace-allen/results/zebra/sub-830795_ses-ecephys-830795-2026-02-23-15-03-59_ecephys.nwb/ProbeF/trial_1/phase_0/lib_ab4a70858e/lib_ab4a70858e__delay_0.01__dur_0.23.h5
a6960ec2-ccb6-4ae9-8d22-a8f847a0a4b3,0.01,0.18000000000000002,ab4a70858e,0.07489623129367828,54.626865671641795,45.70754716981132,112.48408527317332,21.49,64,1,5,1.5707963267948966,4,6.0,7,0.08,/user/raabe14/u19361/workspace-allen/results/zebra/sub-830795_ses-ecephys-830795-2026-02-23-15-03-59_ecephys.nwb/ProbeF/trial_1/phase_0/lib_ab4a70858e/lib_ab4a70858e__delay_0.01__dur_0.18000000000000002.h5
a78566fb-6c9e-4f53-8b91-43133bbe432d,0.04,0.18000000000000002,ab4a70858e,0.07824517041444778,18.80597014925374,-25.99056603773585,90.0,28.65,44,41,4,1.2566370614359172,5,8.0,8,0.09,/user/raabe14/u19361/workspace-allen/results/zebra/sub-830795_ses-ecephys-830795-2026-02-23-15-03-59_ecephys.nwb/ProbeF/trial_1/phase_0/lib_ab4a70858e/lib_ab4a70858e__delay_0.04__dur_0.18000000000000002.h5
a79d7d14-77d6-4429-af29-5dc5ccad6e7c,0.30000000000000004,0.13,ab4a70858e,0.07783760130405426,-9.850746268656714,-0.8962264150943398,22.515923572829163,17.91,28,27,9,2.827433388230814,3,5.0,7,0.08,/user/raabe14/u19361/workspace-allen/results/zebra/sub-830795_ses-ecephys-830795-2026-02-23-15-03-59_ecephys.nwb/ProbeF/trial_1/phase_0/lib_ab4a70858e/lib_ab4a70858e__delay_0.30000000000000004__dur_0.13.h5
a7ca4375-8fe2-4d66-85d9-952fc6995d5d,0.0,0.18000000000000002,ab4a70858e,0.0918499156832695,-33.134328358208954,18.820754716981128,90.0,14.32,15,16,4,1.2566370614359172,2,4.0,5,0.06,/user/raabe14/u19361/workspace-allen/results/zebra/sub-830795_ses-ecephys-830795-2026-02-23-15-03-59_ecephys.nwb/ProbeF/trial_1/phase_0/lib_ab4a70858e/lib_ab4a70858e__delay_0.0__dur_0.18000000000000002.h5
a7ce5027-32e1-4902-b520-83ac6ae01842,0.2,0.13,ab4a70858e,0.07186651974916458,-9.850746268656714,4.481132075471699,67.51591472682667,28.65,28,24,3,0.9424777960769379,5,8.0,7,0.08,/user/raabe14/u19361/workspace-allen/results/zebra/sub-830795_ses-ecephys-830795-2026-02-23-15-03-59_ecephys.nwb/ProbeF/trial_1/phase_0/lib_ab4a70858e/lib_ab4a70858e__delay_0.2__dur_0.13.h5
a835884f-154a-4ff4-a8d2-f6c553f4e020,0.05,0.23,ab4a70858e,0.07627003639936447,-27.761194029850742,-20.61320754716981,157.4840764271708,7.16,18,38,7,2.199114857512855,0,2.0,12,1.3,/user/raabe14/u19361/workspace-allen/results/zebra/sub-830795_ses-ecephys-830795-2026-02-23-15-03-59_ecephys.nwb/ProbeF/trial_1/phase_0/lib_ab4a70858e/lib_ab4a70858e__delay_0.05__dur_0.23.h5
a872338b-e540-41ef-a2b3-47c5004e8b2d,0.25,0.23,ab4a70858e,0.07839598506689072,-2.6865671641791025,18.820754716981128,157.4840764271708,14.32,32,16,7,2.199114857512855,2,4.0,9,0.1,/user/raabe14/u19361/workspace-allen/results/zebra/sub-830795_ses-ecephys-830795-2026-02-23-15-03-59_ecephys.nwb/ProbeF/trial_1/phase_0/lib_ab4a70858e/lib_ab4a70858e__delay_0.25__dur_0.23.h5
a94a3eb9-4c4a-4707-98e6-412b2cd59dc2,0.01,0.03,ab4a70858e,0.0,-60.0,47.5,0.0,7.16,0,0,0,0.0,0,2.0,0,0.01,/user/raabe14/u19361/workspace-allen/results/zebra/sub-830795_ses-ecephys-830795-2026-02-23-15-03-59_ecephys.nwb/ProbeF/trial_1/phase_0/lib_ab4a70858e/lib_ab4a70858e__delay_0.01__dur_0.03.h5
a9af9c20-5c27-4fef-b8f7-bd7dfb45d74f,0.06,0.23,ab4a70858e,0.07437722384929657,13.43283582089552,-18.82075471698113,90.0,28.65,41,37,4,1.2566370614359172,5,8.0,6,0.07,/user/raabe14/u19361/workspace-allen/results/zebra/sub-830795_ses-ecephys-830795-2026-02-23-15-03-59_ecephys.nwb/ProbeF/trial_1/phase_0/lib_ab4a70858e/lib_ab4a70858e__delay_0.06__dur_0.23.h5
aaa9a573-9b4c-4374-a59a-84daa200a246,0.25,0.23,ab4a70858e,0.09773869812488556,24.179104477611943,33.160377358490564,0.0,17.91,47,8,0,0.0,3,5.0,11,1.2,/user/raabe14/u19361/workspace-allen/results/zebra/sub-830795_ses-ecephys-830795-2026-02-23-15-03-59_ecephys.nwb/ProbeF/trial_1/phase_0/lib_ab4a70858e/lib_ab4a70858e__delay_0.25__dur_0.23.h5
ab46209f-b121-42f6-b9e1-2a106152774d,0.02,0.23,ab4a70858e,0.07934467494487762,-18.80597014925373,24.198113207547166,112.48408527317332,10.74,23,13,5,1.5707963267948966,1,3.0,11,1.2,/user/raabe14/u19361/workspace-allen/results/zebra/sub-830795_ses-ecephys-830795-2026-02-23-15-03-59_ecephys.nwb/ProbeF/trial_1/phase_0/lib_ab4a70858e/lib_ab4a70858e__delay_0.02__dur_0.23.h5
ab67377b-b666-436d-bd89-81f014b7823b,0.01,0.03,ab4a70858e,0.0,-60.0,47.5,0.0,7.16,0,0,0,0.0,0,2.0,0,0.01,/user/raabe14/u19361/workspace-allen/results/zebra/sub-830795_ses-ecephys-830795-2026-02-23-15-03-59_ecephys.nwb/ProbeF/trial_1/phase_0/lib_ab4a70858e/lib_ab4a70858e__delay_0.01__dur_0.03.h5
ab97027c-203d-4287-b0ac-441c010f0101,0.06,0.18000000000000002,ab4a70858e,0.08824694901704788,-11.64179104477612,-0.8962264150943398,0.0,17.91,27,27,0,0.0,3,5.0,5,0.06,/user/raabe14/u19361/workspace-allen/results/zebra/sub-830795_ses-ecephys-830795-2026-02-23-15-03-59_ecephys.nwb/ProbeF/trial_1/phase_0/lib_ab4a70858e/lib_ab4a70858e__delay_0.06__dur_0.18000000000000002.h5
abbfad7f-98cd-42d9-af50-340d7b418fa3,0.08,0.23,ab4a70858e,0.0756947323679924,29.55223880597015,-25.99056603773585,45.02251307527088,28.65,50,41,2,0.6283185307179586,5,8.0,8,0.09,/user/raabe14/u19361/workspace-allen/results/zebra/sub-830795_ses-ecephys-830795-2026-02-23-15-03-59_ecephys.nwb/ProbeF/trial_1/phase_0/lib_ab4a70858e/lib_ab4a70858e__delay_0.08__dur_0.23.h5
acce2fa4-e659-40d5-a855-8cedac163bbc,0.08,0.18000000000000002,ab4a70858e,0.0839700847864151,-8.059701492537314,-9.858490566037737,180.0,17.91,29,32,8,2.5132741228718345,3,5.0,9,0.1,/user/raabe14/u19361/workspace-allen/results/zebra/sub-830795_ses-ecephys-830795-2026-02-23-15-03-59_ecephys.nwb/ProbeF/trial_1/phase_0/lib_ab4a70858e/lib_ab4a70858e__delay_0.08__dur_0.18000000000000002.h5
acd8720e-091b-487d-a729-39e261f76691,0.01,0.13,ab4a70858e,0.07997170090675354,-38.507462686567166,-11.650943396226417,180.0,10.74,12,33,8,2.5132741228718345,1,3.0,12,1.3,/user/raabe14/u19361/workspace-allen/results/zebra/sub-830795_ses-ecephys-830795-2026-02-23-15-03-59_ecephys.nwb/ProbeF/trial_1/phase_0/lib_ab4a70858e/lib_ab4a70858e__delay_0.01__dur_0.13.h5
ad3ddb85-304c-414e-898e-da998f08ae6a,0.0,0.13,ab4a70858e,0.0725722536444664,-45.67164179104478,40.33018867924528,22.515923572829195,28.65,8,4,1,0.3141592653589793,5,8.0,9,0.1,/user/raabe14/u19361/workspace-allen/results/zebra/sub-830795_ses-ecephys-830795-2026-02-23-15-03-59_ecephys.nwb/ProbeF/trial_1/phase_0/lib_ab4a70858e/lib_ab4a70858e__delay_0.0__dur_0.13.h5
ad3f8ea2-0690-4d1b-8582-45039d6259a3,0.01,0.18000000000000002,ab4a70858e,0.08182226121425629,-33.134328358208954,40.33018867924528,45.02251307527088,10.74,15,4,2,0.6283185307179586,1,3.0,9,0.1,/user/raabe14/u19361/workspace-allen/results/zebra/sub-830795_ses-ecephys-830795-2026-02-23-15-03-59_ecephys.nwb/ProbeF/trial_1/phase_0/lib_ab4a70858e/lib_ab4a70858e__delay_0.01__dur_0.18000000000000002.h5
ad9b21ea-7f92-4c2a-b5c6-ff2a5a789bb9,0.1,0.23,ab4a70858e,0.08707614988088608,-42.089552238805965,0.8962264150943398,157.4840764271708,17.91,10,26,7,2.199114857512855,3,5.0,12,1.3,/user/raabe14/u19361/workspace-allen/results/zebra/sub-830795_ses-ecephys-830795-2026-02-23-15-03-59_ecephys.nwb/ProbeF/trial_1/phase_0/lib_ab4a70858e/lib_ab4a70858e__delay_0.1__dur_0.23.h5
ae7ff713-7fef-4a21-97f0-b97d28cd29c4,0.01,0.03,ab4a70858e,0.0,-60.0,47.5,0.0,7.16,0,0,0,0.0,0,2.0,0,0.01,/user/raabe14/u19361/workspace-allen/results/zebra/sub-830795_ses-ecephys-830795-2026-02-23-15-03-59_ecephys.nwb/ProbeF/trial_1/phase_0/lib_ab4a70858e/lib_ab4a70858e__delay_0.01__dur_0.03.h5
aec92436-55f9-4590-8ecb-02d50b1035d5,0.09,0.18000000000000002,ab4a70858e,0.09938786923885345,25.97014925373135,8.066037735849058,22.515923572829163,28.65,48,22,9,2.827433388230814,5,8.0,9,0.1,/user/raabe14/u19361/workspace-allen/results/zebra/sub-830795_ses-ecephys-830795-2026-02-23-15-03-59_ecephys.nwb/ProbeF/trial_1/phase_0/lib_ab4a70858e/lib_ab4a70858e__delay_0.09__dur_0.18000000000000002.h5
af52eb8c-9d80-4ec0-b0ed-6f4e56f47181,0.2,0.23,ab4a70858e,0.08253438025712967,22.388059701492537,33.160377358490564,0.0,21.49,46,8,0,0.0,4,6.0,11,1.2,/user/raabe14/u19361/workspace-allen/results/zebra/sub-830795_ses-ecephys-830795-2026-02-23-15-03-59_ecephys.nwb/ProbeF/trial_1/phase_0/lib_ab4a70858e/lib_ab4a70858e__delay_0.2__dur_0.23.h5
b013ab5c-bf20-4fc0-9336-6f5b5bda021e,0.30000000000000004,0.18000000000000002,ab4a70858e,0.08276118338108063,-24.179104477611936,34.95283018867924,180.0,14.32,20,7,8,2.5132741228718345,2,4.0,9,0.1,/user/raabe14/u19361/workspace-allen/results/zebra/sub-830795_ses-ecephys-830795-2026-02-23-15-03-59_ecephys.nwb/ProbeF/trial_1/phase_0/lib_ab4a70858e/lib_ab4a70858e__delay_0.30000000000000004__dur_0.18000000000000002.h5
b05918b2-979d-40e4-a5f0-92ddb147cf48,0.30000000000000004,0.23,ab4a70858e,0.08658585697412491,-2.6865671641791025,-13.443396226415096,157.4840764271708,14.32,32,34,7,2.199114857512855,2,4.0,9,0.1,/user/raabe14/u19361/workspace-allen/results/zebra/sub-830795_ses-ecephys-830795-2026-02-23-15-03-59_ecephys.nwb/ProbeF/trial_1/phase_0/lib_ab4a70858e/lib_ab4a70858e__delay_0.30000000000000004__dur_0.23.h5
b0c9efa7-6fee-4901-975c-ad61e66e1007,0.01,0.13,ab4a70858e,0.08843475580215454,11.641791044776127,-31.367924528301888,45.02251307527088,14.32,40,44,2,0.6283185307179586,2,4.0,9,0.1,/user/raabe14/u19361/workspace-allen/results/zebra/sub-830795_ses-ecephys-830795-2026-02-23-15-03-59_ecephys.nwb/ProbeF/trial_1/phase_0/lib_ab4a70858e/lib_ab4a70858e__delay_0.01__dur_0.13.h5
b0ce85f7-28ba-48af-b27e-8cbf871af3dd,0.25,0.18000000000000002,ab4a70858e,0.08024568855762482,0.8955223880597032,-45.70754716981132,67.51591472682667,21.49,34,52,3,0.9424777960769379,4,6.0,1,0.02,/user/raabe14/u19361/workspace-allen/results/zebra/sub-830795_ses-ecephys-830795-2026-02-23-15-03-59_ecephys.nwb/ProbeF/trial_1/phase_0/lib_ab4a70858e/lib_ab4a70858e__delay_0.25__dur_0.18000000000000002.h5
b0d28126-c050-4c06-bc12-6a7c070feb17,0.25,0.13,ab4a70858e,0.0775233656167984,-54.62686567164179,-11.650943396226417,157.4840764271708,10.74,3,33,7,2.199114857512855,1,3.0,12,1.3,/user/raabe14/u19361/workspace-allen/results/zebra/sub-830795_ses-ecephys-830795-2026-02-23-15-03-59_ecephys.nwb/ProbeF/trial_1/phase_0/lib_ab4a70858e/lib_ab4a70858e__delay_0.25__dur_0.13.h5
b109c0fa-a9a2-4819-bfb8-f23af70f64e8,0.01,0.03,ab4a70858e,0.0,-60.0,47.5,0.0,7.16,0,0,0,0.0,0,2.0,0,0.01,/user/raabe14/u19361/workspace-allen/results/zebra/sub-830795_ses-ecephys-830795-2026-02-23-15-03-59_ecephys.nwb/ProbeF/trial_1/phase_0/lib_ab4a70858e/lib_ab4a70858e__delay_0.01__dur_0.03.h5
b122d534-194b-4259-9ebe-eb0aa89f24fa,0.25,0.13,ab4a70858e,0.07137248665094376,-29.55223880597015,-20.61320754716981,45.02251307527088,14.32,17,38,2,0.6283185307179586,2,4.0,9,0.1,/user/raabe14/u19361/workspace-allen/results/zebra/sub-830795_ses-ecephys-830795-2026-02-23-15-03-59_ecephys.nwb/ProbeF/trial_1/phase_0/lib_ab4a70858e/lib_ab4a70858e__delay_0.25__dur_0.13.h5
b12ceec4-e123-491d-a49e-74912b89bb6a,0.1,0.23,ab4a70858e,0.10017318278551102,-4.477611940298509,15.235849056603776,180.0,10.74,31,18,8,2.5132741228718345,1,3.0,12,1.3,/user/raabe14/u19361/workspace-allen/results/zebra/sub-830795_ses-ecephys-830795-2026-02-23-15-03-59_ecephys.nwb/ProbeF/trial_1/phase_0/lib_ab4a70858e/lib_ab4a70858e__delay_0.1__dur_0.23.h5
b1f84f9b-15f2-4a7d-8146-2f964d64d845,0.01,0.08,ab4a70858e,0.07307498157024384,-17.014925373134325,18.820754716981128,0.0,10.74,24,16,0,0.0,1,3.0,9,0.1,/user/raabe14/u19361/workspace-allen/results/zebra/sub-830795_ses-ecephys-830795-2026-02-23-15-03-59_ecephys.nwb/ProbeF/trial_1/phase_0/lib_ab4a70858e/lib_ab4a70858e__delay_0.01__dur_0.08.h5
b212149b-2de8-4f5e-b628-90e3e3f2e467,0.08,0.23,ab4a70858e,0.07832448929548264,4.477611940298516,9.858490566037737,45.02251307527088,28.65,36,21,2,0.6283185307179586,5,8.0,7,0.08,/user/raabe14/u19361/workspace-allen/results/zebra/sub-830795_ses-ecephys-830795-2026-02-23-15-03-59_ecephys.nwb/ProbeF/trial_1/phase_0/lib_ab4a70858e/lib_ab4a70858e__delay_0.08__dur_0.23.h5
b217b8be-b6bc-4344-93c4-9f0d1ec4684d,0.30000000000000004,0.23,ab4a70858e,0.08645515143871307,-0.8955223880596961,24.198113207547166,0.0,17.91,33,13,0,0.0,3,5.0,11,1.2,/user/raabe14/u19361/workspace-allen/results/zebra/sub-830795_ses-ecephys-830795-2026-02-23-15-03-59_ecephys.nwb/ProbeF/trial_1/phase_0/lib_ab4a70858e/lib_ab4a70858e__delay_0.30000000000000004__dur_0.23.h5
b219ef9c-5802-4aad-9c82-ce3660a93b17,0.25,0.23,ab4a70858e,0.07785680890083313,-24.179104477611936,-9.858490566037737,180.0,28.65,20,32,8,2.5132741228718345,5,8.0,8,0.09,/user/raabe14/u19361/workspace-allen/results/zebra/sub-830795_ses-ecephys-830795-2026-02-23-15-03-59_ecephys.nwb/ProbeF/trial_1/phase_0/lib_ab4a70858e/lib_ab4a70858e__delay_0.25__dur_0.23.h5
b2f60fe5-26e0-430b-9233-09f0ad371b63,0.25,0.18000000000000002,ab4a70858e,0.0814974457025528,-24.179104477611936,-6.273584905660378,112.48408527317332,14.32,20,30,5,1.5707963267948966,2,4.0,11,1.2,/user/raabe14/u19361/workspace-allen/results/zebra/sub-830795_ses-ecephys-830795-2026-02-23-15-03-59_ecephys.nwb/ProbeF/trial_1/phase_0/lib_ab4a70858e/lib_ab4a70858e__delay_0.25__dur_0.18000000000000002.h5
b3a5faf1-999b-4e64-aa56-282ce54bb0d8,0.01,0.03,ab4a70858e,0.0,-60.0,47.5,0.0,7.16,0,0,0,0.0,0,2.0,0,0.01,/user/raabe14/u19361/workspace-allen/results/zebra/sub-830795_ses-ecephys-830795-2026-02-23-15-03-59_ecephys.nwb/ProbeF/trial_1/phase_0/lib_ab4a70858e/lib_ab4a70858e__delay_0.01__dur_0.03.h5
b4313be7-46b9-4603-b047-a75ad67f4fd7,0.2,0.23,ab4a70858e,0.07485196739435196,-2.6865671641791025,-0.8962264150943398,180.0,7.16,32,27,8,2.5132741228718345,0,2.0,12,1.3,/user/raabe14/u19361/workspace-allen/results/zebra/sub-830795_ses-ecephys-830795-2026-02-23-15-03-59_ecephys.nwb/ProbeF/trial_1/phase_0/lib_ab4a70858e/lib_ab4a70858e__delay_0.2__dur_0.23.h5
b4bf8722-2896-4515-b226-bda4cc2edbd8,0.25,0.18000000000000002,ab4a70858e,0.0699610561132431,-11.64179104477612,36.74528301886792,22.515923572829195,17.91,27,6,1,0.3141592653589793,3,5.0,7,0.08,/user/raabe14/u19361/workspace-allen/results/zebra/sub-830795_ses-ecephys-830795-2026-02-23-15-03-59_ecephys.nwb/ProbeF/trial_1/phase_0/lib_ab4a70858e/lib_ab4a70858e__delay_0.25__dur_0.18000000000000002.h5
b4d68814-8098-4c9c-88be-7b4d38e3d07e,0.01,0.18000000000000002,ab4a70858e,0.07924755662679672,47.462686567164184,-15.235849056603776,112.48408527317332,28.65,60,35,5,1.5707963267948966,5,8.0,8,0.09,/user/raabe14/u19361/workspace-allen/results/zebra/sub-830795_ses-ecephys-830795-2026-02-23-15-03-59_ecephys.nwb/ProbeF/trial_1/phase_0/lib_ab4a70858e/lib_ab4a70858e__delay_0.01__dur_0.18000000000000002.h5
b55f5e94-0c5c-461d-9822-cfceabf7d9dc,0.03,0.13,ab4a70858e,0.07388961315155029,-38.507462686567166,4.481132075471699,22.515923572829163,10.74,12,24,9,2.827433388230814,1,3.0,9,0.1,/user/raabe14/u19361/workspace-allen/results/zebra/sub-830795_ses-ecephys-830795-2026-02-23-15-03-59_ecephys.nwb/ProbeF/trial_1/phase_0/lib_ab4a70858e/lib_ab4a70858e__delay_0.03__dur_0.13.h5
b60dd041-1fa1-4d7f-a493-6806c27c4e75,0.09,0.23,ab4a70858e,0.07935129106044769,11.641791044776127,0.8962264150943398,45.02251307527088,10.74,40,26,2,0.6283185307179586,1,3.0,7,0.08,/user/raabe14/u19361/workspace-allen/results/zebra/sub-830795_ses-ecephys-830795-2026-02-23-15-03-59_ecephys.nwb/ProbeF/trial_1/phase_0/lib_ab4a70858e/lib_ab4a70858e__delay_0.09__dur_0.23.h5
b7103f6e-0197-4032-a337-e27d52726db8,0.01,0.03,ab4a70858e,0.0,-60.0,47.5,0.0,7.16,0,0,0,0.0,0,2.0,0,0.01,/user/raabe14/u19361/workspace-allen/results/zebra/sub-830795_ses-ecephys-830795-2026-02-23-15-03-59_ecephys.nwb/ProbeF/trial_1/phase_0/lib_ab4a70858e/lib_ab4a70858e__delay_0.01__dur_0.03.h5
b72f5011-d4cb-440f-9d04-c7e3831b4b35,0.25,0.23,ab4a70858e,0.07071390748023987,-29.55223880597015,42.12264150943396,45.02251307527088,17.91,17,3,2,0.6283185307179586,3,5.0,9,0.1,/user/raabe14/u19361/workspace-allen/results/zebra/sub-830795_ses-ecephys-830795-2026-02-23-15-03-59_ecephys.nwb/ProbeF/trial_1/phase_0/lib_ab4a70858e/lib_ab4a70858e__delay_0.25__dur_0.23.h5
b8452a95-ad00-43de-9d84-ad12bbc1709d,0.2,0.23,ab4a70858e,0.0858425572514534,-56.417910447761194,-11.650943396226417,67.51591472682667,14.32,2,33,3,0.9424777960769379,2,4.0,12,1.3,/user/raabe14/u19361/workspace-allen/results/zebra/sub-830795_ses-ecephys-830795-2026-02-23-15-03-59_ecephys.nwb/ProbeF/trial_1/phase_0/lib_ab4a70858e/lib_ab4a70858e__delay_0.2__dur_0.23.h5
ba0c5b3d-5300-49ed-8557-3b92a8e76712,0.0,0.13,ab4a70858e,0.07111998647451401,-33.134328358208954,9.858490566037737,67.51591472682667,7.16,15,21,3,0.9424777960769379,0,2.0,12,1.3,/user/raabe14/u19361/workspace-allen/results/zebra/sub-830795_ses-ecephys-830795-2026-02-23-15-03-59_ecephys.nwb/ProbeF/trial_1/phase_0/lib_ab4a70858e/lib_ab4a70858e__delay_0.0__dur_0.13.h5
bb231a2e-237b-4104-ae2c-795b8b501b8d,0.15000000000000002,0.23,ab4a70858e,0.08431842923164368,-18.80597014925373,-22.40566037735849,112.48408527317332,17.91,23,39,5,1.5707963267948966,3,5.0,9,0.1,/user/raabe14/u19361/workspace-allen/results/zebra/sub-830795_ses-ecephys-830795-2026-02-23-15-03-59_ecephys.nwb/ProbeF/trial_1/phase_0/lib_ab4a70858e/lib_ab4a70858e__delay_0.15000000000000002__dur_0.23.h5
bb6651ae-74d1-41ba-bcb3-595ba8d11bcd,0.15000000000000002,0.23,ab4a70858e,0.08157450705766678,-2.6865671641791025,8.066037735849058,67.51591472682667,10.74,32,22,3,0.9424777960769379,1,3.0,9,0.1,/user/raabe14/u19361/workspace-allen/results/zebra/sub-830795_ses-ecephys-830795-2026-02-23-15-03-59_ecephys.nwb/ProbeF/trial_1/phase_0/lib_ab4a70858e/lib_ab4a70858e__delay_0.15000000000000002__dur_0.23.h5
bbb0f97d-9b20-4604-8e11-ba8e39fda5b9,0.03,0.23,ab4a70858e,0.0903780609369278,-0.8955223880596961,9.858490566037737,67.51591472682667,17.91,33,21,3,0.9424777960769379,3,5.0,7,0.08,/user/raabe14/u19361/workspace-allen/results/zebra/sub-830795_ses-ecephys-830795-2026-02-23-15-03-59_ecephys.nwb/ProbeF/trial_1/phase_0/lib_ab4a70858e/lib_ab4a70858e__delay_0.03__dur_0.23.h5
bbe587b6-e440-42a1-95ec-7863e04a8584,0.03,0.13,ab4a70858e,0.07406587153673172,6.268656716417908,-0.8962264150943398,0.0,7.16,37,27,0,0.0,0,2.0,11,1.2,/user/raabe14/u19361/workspace-allen/results/zebra/sub-830795_ses-ecephys-830795-2026-02-23-15-03-59_ecephys.nwb/ProbeF/trial_1/phase_0/lib_ab4a70858e/lib_ab4a70858e__delay_0.03__dur_0.13.h5
bc0cb608-01af-4a30-984f-4dcde2a63f1b,0.08,0.23,ab4a70858e,0.07650481164455414,56.4179104477612,0.8962264150943398,45.02251307527088,10.74,65,26,2,0.6283185307179586,1,3.0,12,1.3,/user/raabe14/u19361/workspace-allen/results/zebra/sub-830795_ses-ecephys-830795-2026-02-23-15-03-59_ecephys.nwb/ProbeF/trial_1/phase_0/lib_ab4a70858e/lib_ab4a70858e__delay_0.08__dur_0.23.h5
bdbc95ea-1f23-416c-89b8-a7b3666a0397,0.30000000000000004,0.23,ab4a70858e,0.0759265273809433,9.85074626865672,-24.19811320754717,45.02251307527088,7.16,39,40,2,0.6283185307179586,0,2.0,5,0.06,/user/raabe14/u19361/workspace-allen/results/zebra/sub-830795_ses-ecephys-830795-2026-02-23-15-03-59_ecephys.nwb/ProbeF/trial_1/phase_0/lib_ab4a70858e/lib_ab4a70858e__delay_0.30000000000000004__dur_0.23.h5
be598eff-9e1f-4b58-b639-37c006169851,0.01,0.23,ab4a70858e,0.12106584757566452,-4.477611940298509,15.235849056603776,180.0,10.74,31,18,8,2.5132741228718345,1,3.0,12,1.3,/user/raabe14/u19361/workspace-allen/results/zebra/sub-830795_ses-ecephys-830795-2026-02-23-15-03-59_ecephys.nwb/ProbeF/trial_1/phase_0/lib_ab4a70858e/lib_ab4a70858e__delay_0.01__dur_0.23.h5
be9f3500-badc-431b-9cdc-8283e7c0d10e,0.2,0.13,ab4a70858e,0.08348342776298523,6.268656716417908,-8.066037735849058,157.4840764271708,7.16,37,31,7,2.199114857512855,0,2.0,12,1.3,/user/raabe14/u19361/workspace-allen/results/zebra/sub-830795_ses-ecephys-830795-2026-02-23-15-03-59_ecephys.nwb/ProbeF/trial_1/phase_0/lib_ab4a70858e/lib_ab4a70858e__delay_0.2__dur_0.13.h5
bea07218-a56c-449f-bd65-7dd4c2ed5789,0.1,0.13,ab4a70858e,0.07546243816614151,-27.761194029850742,-36.74528301886792,22.515923572829195,17.91,18,47,1,0.3141592653589793,3,5.0,9,0.1,/user/raabe14/u19361/workspace-allen/results/zebra/sub-830795_ses-ecephys-830795-2026-02-23-15-03-59_ecephys.nwb/ProbeF/trial_1/phase_0/lib_ab4a70858e/lib_ab4a70858e__delay_0.1__dur_0.13.h5
bee8bee8-8d1f-44b8-90d9-a159e25db3bf,0.1,0.23,ab4a70858e,0.07170193642377853,-17.014925373134325,20.613207547169807,112.48408527317332,28.65,24,15,5,1.5707963267948966,5,8.0,11,1.2,/user/raabe14/u19361/workspace-allen/results/zebra/sub-830795_ses-ecephys-830795-2026-02-23-15-03-59_ecephys.nwb/ProbeF/trial_1/phase_0/lib_ab4a70858e/lib_ab4a70858e__delay_0.1__dur_0.23.h5
bf0482cf-d221-4bb3-910a-e598594dfec6,0.0,0.18000000000000002,ab4a70858e,0.07797372341156006,8.059701492537314,-4.481132075471699,67.51591472682667,10.74,38,29,3,0.9424777960769379,1,3.0,12,1.3,/user/raabe14/u19361/workspace-allen/results/zebra/sub-830795_ses-ecephys-830795-2026-02-23-15-03-59_ecephys.nwb/ProbeF/trial_1/phase_0/lib_ab4a70858e/lib_ab4a70858e__delay_0.0__dur_0.18000000000000002.h5
bf6d2b74-ff65-4dc1-8baf-39eb52dbb96d,0.01,0.23,ab4a70858e,0.07182114571332932,-25.970149253731343,0.8962264150943398,112.48408527317332,28.65,19,26,5,1.5707963267948966,5,8.0,11,1.2,/user/raabe14/u19361/workspace-allen/results/zebra/sub-830795_ses-ecephys-830795-2026-02-23-15-03-59_ecephys.nwb/ProbeF/trial_1/phase_0/lib_ab4a70858e/lib_ab4a70858e__delay_0.01__dur_0.23.h5
bf8b33a8-5ac9-4d9b-a5dd-980563b81f8e,0.25,0.23,ab4a70858e,0.10241755098104477,-43.88059701492537,31.367924528301884,0.0,17.91,9,9,0,0.0,3,5.0,11,1.2,/user/raabe14/u19361/workspace-allen/results/zebra/sub-830795_ses-ecephys-830795-2026-02-23-15-03-59_ecephys.nwb/ProbeF/trial_1/phase_0/lib_ab4a70858e/lib_ab4a70858e__delay_0.25__dur_0.23.h5
bffe817e-c228-4ef9-908c-4e3e5207a5a4,0.15000000000000002,0.23,ab4a70858e,0.07487180829048157,-6.268656716417908,15.235849056603776,157.4840764271708,14.32,30,18,7,2.199114857512855,2,4.0,12,1.3,/user/raabe14/u19361/workspace-allen/results/zebra/sub-830795_ses-ecephys-830795-2026-02-23-15-03-59_ecephys.nwb/ProbeF/trial_1/phase_0/lib_ab4a70858e/lib_ab4a70858e__delay_0.15000000000000002__dur_0.23.h5
c0aed2ce-1267-4732-a0eb-b180317cb3e9,0.01,0.03,ab4a70858e,0.0,-60.0,47.5,0.0,7.16,0,0,0,0.0,0,2.0,0,0.01,/user/raabe14/u19361/workspace-allen/results/zebra/sub-830795_ses-ecephys-830795-2026-02-23-15-03-59_ecephys.nwb/ProbeF/trial_1/phase_0/lib_ab4a70858e/lib_ab4a70858e__delay_0.01__dur_0.03.h5
c0c9f27d-faeb-476c-b374-6aac65c0ae2a,0.30000000000000004,0.23,ab4a70858e,0.0825265645980835,-18.80597014925373,27.783018867924525,112.48408527317332,7.16,23,11,5,1.5707963267948966,0,2.0,11,1.2,/user/raabe14/u19361/workspace-allen/results/zebra/sub-830795_ses-ecephys-830795-2026-02-23-15-03-59_ecephys.nwb/ProbeF/trial_1/phase_0/lib_ab4a70858e/lib_ab4a70858e__delay_0.30000000000000004__dur_0.23.h5
c0ea3cb5-c6ba-405c-ae5b-3868fb27a12a,0.0,0.18000000000000002,ab4a70858e,0.07456646859645844,-13.43283582089552,18.820754716981128,45.02251307527088,28.65,26,16,2,0.6283185307179586,5,8.0,5,0.06,/user/raabe14/u19361/workspace-allen/results/zebra/sub-830795_ses-ecephys-830795-2026-02-23-15-03-59_ecephys.nwb/ProbeF/trial_1/phase_0/lib_ab4a70858e/lib_ab4a70858e__delay_0.0__dur_0.18000000000000002.h5
c1fcf87a-ba1e-46d1-8905-ae27a67bc5f2,0.2,0.23,ab4a70858e,0.08827509731054306,-27.761194029850742,-18.82075471698113,112.48408527317332,14.32,18,37,5,1.5707963267948966,2,4.0,8,0.09,/user/raabe14/u19361/workspace-allen/results/zebra/sub-830795_ses-ecephys-830795-2026-02-23-15-03-59_ecephys.nwb/ProbeF/trial_1/phase_0/lib_ab4a70858e/lib_ab4a70858e__delay_0.2__dur_0.23.h5
c2724760-c281-4f94-aa53-3bbe9768d488,0.02,0.13,ab4a70858e,0.07720549404621124,-15.223880597014926,13.443396226415096,22.515923572829195,28.65,25,19,1,0.3141592653589793,5,8.0,9,0.1,/user/raabe14/u19361/workspace-allen/results/zebra/sub-830795_ses-ecephys-830795-2026-02-23-15-03-59_ecephys.nwb/ProbeF/trial_1/phase_0/lib_ab4a70858e/lib_ab4a70858e__delay_0.02__dur_0.13.h5
c36a4be0-4d80-4740-bd75-7ab3871956bd,0.25,0.18000000000000002,ab4a70858e,0.0878535583615303,-15.223880597014926,-42.12264150943396,45.02251307527088,28.65,25,50,2,0.6283185307179586,5,8.0,9,0.1,/user/raabe14/u19361/workspace-allen/results/zebra/sub-830795_ses-ecephys-830795-2026-02-23-15-03-59_ecephys.nwb/ProbeF/trial_1/phase_0/lib_ab4a70858e/lib_ab4a70858e__delay_0.25__dur_0.18000000000000002.h5
c4adc4e2-db40-4577-a3b0-767035c83eca,0.1,0.23,ab4a70858e,0.0755917876958847,52.83582089552239,-4.481132075471699,67.51591472682667,10.74,63,29,3,0.9424777960769379,1,3.0,9,0.1,/user/raabe14/u19361/workspace-allen/results/zebra/sub-830795_ses-ecephys-830795-2026-02-23-15-03-59_ecephys.nwb/ProbeF/trial_1/phase_0/lib_ab4a70858e/lib_ab4a70858e__delay_0.1__dur_0.23.h5
c5b9bd90-3c19-4efa-a613-5b1ad8befd82,0.07,0.18000000000000002,ab4a70858e,0.08161652088165283,-42.089552238805965,-4.481132075471699,134.9774869247291,28.65,10,29,6,1.8849555921538759,5,8.0,8,0.09,/user/raabe14/u19361/workspace-allen/results/zebra/sub-830795_ses-ecephys-830795-2026-02-23-15-03-59_ecephys.nwb/ProbeF/trial_1/phase_0/lib_ab4a70858e/lib_ab4a70858e__delay_0.07__dur_0.18000000000000002.h5
c5ccb8b3-4265-475d-8e61-5c1f49ebac03,0.30000000000000004,0.23,ab4a70858e,0.06806198507547379,-29.55223880597015,-6.273584905660378,22.515923572829163,28.65,17,30,9,2.827433388230814,5,8.0,9,0.1,/user/raabe14/u19361/workspace-allen/results/zebra/sub-830795_ses-ecephys-830795-2026-02-23-15-03-59_ecephys.nwb/ProbeF/trial_1/phase_0/lib_ab4a70858e/lib_ab4a70858e__delay_0.30000000000000004__dur_0.23.h5
c67c3df8-841c-4345-a523-2ad7c60aa43c,0.01,0.03,ab4a70858e,0.0,-60.0,47.5,0.0,7.16,0,0,0,0.0,0,2.0,0,0.01,/user/raabe14/u19361/workspace-allen/results/zebra/sub-830795_ses-ecephys-830795-2026-02-23-15-03-59_ecephys.nwb/ProbeF/trial_1/phase_0/lib_ab4a70858e/lib_ab4a70858e__delay_0.01__dur_0.03.h5
c6a280ea-b9ea-458f-9c44-7ac921ea4b90,0.01,0.03,ab4a70858e,0.0,-60.0,47.5,0.0,7.16,0,0,0,0.0,0,2.0,0,0.01,/user/raabe14/u19361/workspace-allen/results/zebra/sub-830795_ses-ecephys-830795-2026-02-23-15-03-59_ecephys.nwb/ProbeF/trial_1/phase_0/lib_ab4a70858e/lib_ab4a70858e__delay_0.01__dur_0.03.h5
c705cff1-3750-453d-8864-057747a0fac0,0.1,0.23,ab4a70858e,0.0923023447394371,8.059701492537314,-0.8962264150943398,67.51591472682667,14.32,38,27,3,0.9424777960769379,2,4.0,12,1.3,/user/raabe14/u19361/workspace-allen/results/zebra/sub-830795_ses-ecephys-830795-2026-02-23-15-03-59_ecephys.nwb/ProbeF/trial_1/phase_0/lib_ab4a70858e/lib_ab4a70858e__delay_0.1__dur_0.23.h5
c718ef8a-915d-438a-b8d0-10a7f4f02410,0.25,0.23,ab4a70858e,0.07763652503490448,58.20895522388061,-15.235849056603776,22.515923572829195,14.32,66,35,1,0.3141592653589793,2,4.0,9,0.1,/user/raabe14/u19361/workspace-allen/results/zebra/sub-830795_ses-ecephys-830795-2026-02-23-15-03-59_ecephys.nwb/ProbeF/trial_1/phase_0/lib_ab4a70858e/lib_ab4a70858e__delay_0.25__dur_0.23.h5
c72f408c-bf67-4d6f-b8a4-fb50205906ca,0.30000000000000004,0.18000000000000002,ab4a70858e,0.08442196995019913,-22.388059701492537,0.8962264150943398,157.4840764271708,17.91,21,26,7,2.199114857512855,3,5.0,12,1.3,/user/raabe14/u19361/workspace-allen/results/zebra/sub-830795_ses-ecephys-830795-2026-02-23-15-03-59_ecephys.nwb/ProbeF/trial_1/phase_0/lib_ab4a70858e/lib_ab4a70858e__delay_0.30000000000000004__dur_0.18000000000000002.h5
c745b56c-7683-493a-8dae-d5436186deaf,0.01,0.23,ab4a70858e,0.08764771372079849,-0.8955223880596961,8.066037735849058,112.48408527317332,28.65,33,22,5,1.5707963267948966,5,8.0,9,0.1,/user/raabe14/u19361/workspace-allen/results/zebra/sub-830795_ses-ecephys-830795-2026-02-23-15-03-59_ecephys.nwb/ProbeF/trial_1/phase_0/lib_ab4a70858e/lib_ab4a70858e__delay_0.01__dur_0.23.h5
c7e53c75-c005-4d11-a91c-6f078598085c,0.15000000000000002,0.18000000000000002,ab4a70858e,0.08190460503101349,-49.25373134328358,18.820754716981128,180.0,10.74,6,16,8,2.5132741228718345,1,3.0,9,0.1,/user/raabe14/u19361/workspace-allen/results/zebra/sub-830795_ses-ecephys-830795-2026-02-23-15-03-59_ecephys.nwb/ProbeF/trial_1/phase_0/lib_ab4a70858e/lib_ab4a70858e__delay_0.15000000000000002__dur_0.18000000000000002.h5
c7f65e1e-2308-4f9c-921a-bbe796b2ff85,0.02,0.18000000000000002,ab4a70858e,0.09350696951150894,54.626865671641795,-15.235849056603776,157.4840764271708,10.74,64,35,7,2.199114857512855,1,3.0,12,1.3,/user/raabe14/u19361/workspace-allen/results/zebra/sub-830795_ses-ecephys-830795-2026-02-23-15-03-59_ecephys.nwb/ProbeF/trial_1/phase_0/lib_ab4a70858e/lib_ab4a70858e__delay_0.02__dur_0.18000000000000002.h5
c925d536-f826-4c52-a2ab-eb1edea2be46,0.30000000000000004,0.23,ab4a70858e,0.08827951550483704,40.29850746268657,36.74528301886792,67.51591472682667,28.65,56,6,3,0.9424777960769379,5,8.0,9,0.1,/user/raabe14/u19361/workspace-allen/results/zebra/sub-830795_ses-ecephys-830795-2026-02-23-15-03-59_ecephys.nwb/ProbeF/trial_1/phase_0/lib_ab4a70858e/lib_ab4a70858e__delay_0.30000000000000004__dur_0.23.h5
ca18669e-448b-4e62-bf3f-25f1db079db1,0.01,0.03,ab4a70858e,0.0,-60.0,47.5,0.0,7.16,0,0,0,0.0,0,2.0,0,0.01,/user/raabe14/u19361/workspace-allen/results/zebra/sub-830795_ses-ecephys-830795-2026-02-23-15-03-59_ecephys.nwb/ProbeF/trial_1/phase_0/lib_ab4a70858e/lib_ab4a70858e__delay_0.01__dur_0.03.h5
ca2e8d79-ba60-4d4f-beab-23271c582c78,0.30000000000000004,0.23,ab4a70858e,0.0831560343503952,51.04477611940298,-8.066037735849058,67.51591472682667,7.16,62,31,3,0.9424777960769379,0,2.0,12,1.3,/user/raabe14/u19361/workspace-allen/results/zebra/sub-830795_ses-ecephys-830795-2026-02-23-15-03-59_ecephys.nwb/ProbeF/trial_1/phase_0/lib_ab4a70858e/lib_ab4a70858e__delay_0.30000000000000004__dur_0.23.h5
ca59ef49-ed5a-49c3-98ce-5ec0737f15da,0.01,0.03,ab4a70858e,0.0,-60.0,47.5,0.0,7.16,0,0,0,0.0,0,2.0,0,0.01,/user/raabe14/u19361/workspace-allen/results/zebra/sub-830795_ses-ecephys-830795-2026-02-23-15-03-59_ecephys.nwb/ProbeF/trial_1/phase_0/lib_ab4a70858e/lib_ab4a70858e__delay_0.01__dur_0.03.h5
ca84bec9-b370-4437-8c8f-a6e1c8280404,0.07,0.23,ab4a70858e,0.09420976787805557,-6.268656716417908,18.820754716981128,180.0,10.74,30,16,8,2.5132741228718345,1,3.0,12,1.3,/user/raabe14/u19361/workspace-allen/results/zebra/sub-830795_ses-ecephys-830795-2026-02-23-15-03-59_ecephys.nwb/ProbeF/trial_1/phase_0/lib_ab4a70858e/lib_ab4a70858e__delay_0.07__dur_0.23.h5
cb746729-7611-48d5-abff-527fb921f12e,0.30000000000000004,0.23,ab4a70858e,0.07781576365232468,-0.8955223880596961,-15.235849056603776,67.51591472682667,7.16,33,35,3,0.9424777960769379,0,2.0,12,1.3,/user/raabe14/u19361/workspace-allen/results/zebra/sub-830795_ses-ecephys-830795-2026-02-23-15-03-59_ecephys.nwb/ProbeF/trial_1/phase_0/lib_ab4a70858e/lib_ab4a70858e__delay_0.30000000000000004__dur_0.23.h5
cb77daf6-8375-4dbd-ab81-9ccf8c838481,0.15000000000000002,0.23,ab4a70858e,0.07413278520107269,0.8955223880597032,-0.8962264150943398,0.0,21.49,34,27,0,0.0,4,6.0,9,0.1,/user/raabe14/u19361/workspace-allen/results/zebra/sub-830795_ses-ecephys-830795-2026-02-23-15-03-59_ecephys.nwb/ProbeF/trial_1/phase_0/lib_ab4a70858e/lib_ab4a70858e__delay_0.15000000000000002__dur_0.23.h5
cc5b173c-2513-4493-b49c-13631af0916d,0.30000000000000004,0.23,ab4a70858e,0.07446596771478653,49.25373134328359,-2.6886792452830193,0.0,17.91,61,28,0,0.0,3,5.0,11,1.2,/user/raabe14/u19361/workspace-allen/results/zebra/sub-830795_ses-ecephys-830795-2026-02-23-15-03-59_ecephys.nwb/ProbeF/trial_1/phase_0/lib_ab4a70858e/lib_ab4a70858e__delay_0.30000000000000004__dur_0.23.h5
cd076e49-0060-4fda-ae99-d8d680a29bd8,0.01,0.18000000000000002,ab4a70858e,0.08474943786859512,-6.268656716417908,27.783018867924525,67.51591472682667,17.91,30,11,3,0.9424777960769379,3,5.0,5,0.06,/user/raabe14/u19361/workspace-allen/results/zebra/sub-830795_ses-ecephys-830795-2026-02-23-15-03-59_ecephys.nwb/ProbeF/trial_1/phase_0/lib_ab4a70858e/lib_ab4a70858e__delay_0.01__dur_0.18000000000000002.h5
cd1790a1-e1a3-4b9f-9efe-9609cfe8eba1,0.01,0.03,ab4a70858e,0.0,-60.0,47.5,0.0,7.16,0,0,0,0.0,0,2.0,0,0.01,/user/raabe14/u19361/workspace-allen/results/zebra/sub-830795_ses-ecephys-830795-2026-02-23-15-03-59_ecephys.nwb/ProbeF/trial_1/phase_0/lib_ab4a70858e/lib_ab4a70858e__delay_0.01__dur_0.03.h5
cd240d3b-46ca-4cc8-8dc1-2fa3ae2ef0b6,0.25,0.23,ab4a70858e,0.12059947848320007,-11.64179104477612,33.160377358490564,112.48408527317332,28.65,27,8,5,1.5707963267948966,5,8.0,11,1.2,/user/raabe14/u19361/workspace-allen/results/zebra/sub-830795_ses-ecephys-830795-2026-02-23-15-03-59_ecephys.nwb/ProbeF/trial_1/phase_0/lib_ab4a70858e/lib_ab4a70858e__delay_0.25__dur_0.23.h5
cd9399c8-bb87-4d74-a4f1-fafdf1198206,0.0,0.13,ab4a70858e,0.08827431499958038,9.85074626865672,11.650943396226417,112.48408527317332,10.74,39,20,5,1.5707963267948966,1,3.0,8,0.09,/user/raabe14/u19361/workspace-allen/results/zebra/sub-830795_ses-ecephys-830795-2026-02-23-15-03-59_ecephys.nwb/ProbeF/trial_1/phase_0/lib_ab4a70858e/lib_ab4a70858e__delay_0.0__dur_0.13.h5
cddee8ae-1b22-480e-880a-32142f9084d8,0.25,0.18000000000000002,ab4a70858e,0.09269997477531433,-33.134328358208954,15.235849056603776,67.51591472682667,17.91,15,18,3,0.9424777960769379,3,5.0,12,1.3,/user/raabe14/u19361/workspace-allen/results/zebra/sub-830795_ses-ecephys-830795-2026-02-23-15-03-59_ecephys.nwb/ProbeF/trial_1/phase_0/lib_ab4a70858e/lib_ab4a70858e__delay_0.25__dur_0.18000000000000002.h5
ce055815-04f3-44bf-b562-ff886bdb81a4,0.01,0.03,ab4a70858e,0.0,-60.0,47.5,0.0,7.16,0,0,0,0.0,0,2.0,0,0.01,/user/raabe14/u19361/workspace-allen/results/zebra/sub-830795_ses-ecephys-830795-2026-02-23-15-03-59_ecephys.nwb/ProbeF/trial_1/phase_0/lib_ab4a70858e/lib_ab4a70858e__delay_0.01__dur_0.03.h5
ceacbc4f-843d-4c5b-99cd-38173cb76d57,0.15000000000000002,0.23,ab4a70858e,0.11124275624752045,-15.223880597014926,-8.066037735849058,112.48408527317332,28.65,25,31,5,1.5707963267948966,5,8.0,4,0.05,/user/raabe14/u19361/workspace-allen/results/zebra/sub-830795_ses-ecephys-830795-2026-02-23-15-03-59_ecephys.nwb/ProbeF/trial_1/phase_0/lib_ab4a70858e/lib_ab4a70858e__delay_0.15000000000000002__dur_0.23.h5
ceb5200b-197e-4228-bc14-93f1362014b5,0.25,0.18000000000000002,ab4a70858e,0.09247264266014099,58.20895522388061,-22.40566037735849,157.4840764271708,17.91,66,39,7,2.199114857512855,3,5.0,12,1.3,/user/raabe14/u19361/workspace-allen/results/zebra/sub-830795_ses-ecephys-830795-2026-02-23-15-03-59_ecephys.nwb/ProbeF/trial_1/phase_0/lib_ab4a70858e/lib_ab4a70858e__delay_0.25__dur_0.18000000000000002.h5
cfb6188e-2e29-4e0c-a44d-a08cbdbce3aa,0.09,0.23,ab4a70858e,0.08425410836935043,-17.014925373134325,8.066037735849058,112.48408527317332,28.65,24,22,5,1.5707963267948966,5,8.0,11,1.2,/user/raabe14/u19361/workspace-allen/results/zebra/sub-830795_ses-ecephys-830795-2026-02-23-15-03-59_ecephys.nwb/ProbeF/trial_1/phase_0/lib_ab4a70858e/lib_ab4a70858e__delay_0.09__dur_0.23.h5
cfe907c8-32e3-4b88-8a17-45789c6eca3a,0.30000000000000004,0.18000000000000002,ab4a70858e,0.07560475170612335,-36.71641791044776,-20.61320754716981,157.4840764271708,21.49,13,38,7,2.199114857512855,4,6.0,8,0.09,/user/raabe14/u19361/workspace-allen/results/zebra/sub-830795_ses-ecephys-830795-2026-02-23-15-03-59_ecephys.nwb/ProbeF/trial_1/phase_0/lib_ab4a70858e/lib_ab4a70858e__delay_0.30000000000000004__dur_0.18000000000000002.h5
cff44249-e2e0-498d-9804-9cbb95345bb2,0.06,0.23,ab4a70858e,0.07829122245311737,-38.507462686567166,31.367924528301884,67.51591472682667,10.74,12,9,3,0.9424777960769379,1,3.0,9,0.1,/user/raabe14/u19361/workspace-allen/results/zebra/sub-830795_ses-ecephys-830795-2026-02-23-15-03-59_ecephys.nwb/ProbeF/trial_1/phase_0/lib_ab4a70858e/lib_ab4a70858e__delay_0.06__dur_0.23.h5
d0a07e2b-0b71-4e7e-87e1-044ed7ec6f7e,0.15000000000000002,0.23,ab4a70858e,0.07656418532133102,-4.477611940298509,17.02830188679245,157.4840764271708,7.16,31,17,7,2.199114857512855,0,2.0,12,1.3,/user/raabe14/u19361/workspace-allen/results/zebra/sub-830795_ses-ecephys-830795-2026-02-23-15-03-59_ecephys.nwb/ProbeF/trial_1/phase_0/lib_ab4a70858e/lib_ab4a70858e__delay_0.15000000000000002__dur_0.23.h5
d0c096d9-adcf-48c1-9ac8-4a1ed9e25a74,0.2,0.18000000000000002,ab4a70858e,0.07932855188846588,-51.04477611940298,8.066037735849058,134.9774869247291,28.65,5,22,6,1.8849555921538759,5,8.0,8,0.09,/user/raabe14/u19361/workspace-allen/results/zebra/sub-830795_ses-ecephys-830795-2026-02-23-15-03-59_ecephys.nwb/ProbeF/trial_1/phase_0/lib_ab4a70858e/lib_ab4a70858e__delay_0.2__dur_0.18000000000000002.h5
d10c4301-7e92-4dfa-9b90-3c4921498d2f,0.04,0.13,ab4a70858e,0.07882159948348999,-36.71641791044776,24.198113207547166,112.48408527317332,10.74,13,13,5,1.5707963267948966,1,3.0,6,0.07,/user/raabe14/u19361/workspace-allen/results/zebra/sub-830795_ses-ecephys-830795-2026-02-23-15-03-59_ecephys.nwb/ProbeF/trial_1/phase_0/lib_ab4a70858e/lib_ab4a70858e__delay_0.04__dur_0.13.h5
d1ed51fe-8680-4dbd-b67e-378249111c74,0.01,0.03,ab4a70858e,0.0,-60.0,47.5,0.0,7.16,0,0,0,0.0,0,2.0,0,0.01,/user/raabe14/u19361/workspace-allen/results/zebra/sub-830795_ses-ecephys-830795-2026-02-23-15-03-59_ecephys.nwb/ProbeF/trial_1/phase_0/lib_ab4a70858e/lib_ab4a70858e__delay_0.01__dur_0.03.h5
d20f863a-76e7-4706-8bc4-7f3e48bcaf26,0.30000000000000004,0.23,ab4a70858e,0.14241673052310944,-8.059701492537314,38.5377358490566,0.0,14.32,29,5,0,0.0,2,4.0,11,1.2,/user/raabe14/u19361/workspace-allen/results/zebra/sub-830795_ses-ecephys-830795-2026-02-23-15-03-59_ecephys.nwb/ProbeF/trial_1/phase_0/lib_ab4a70858e/lib_ab4a70858e__delay_0.30000000000000004__dur_0.23.h5
d3627f45-8f1e-40af-b3fa-3010bef32cef,0.01,0.03,ab4a70858e,0.0,-60.0,47.5,0.0,7.16,0,0,0,0.0,0,2.0,0,0.01,/user/raabe14/u19361/workspace-allen/results/zebra/sub-830795_ses-ecephys-830795-2026-02-23-15-03-59_ecephys.nwb/ProbeF/trial_1/phase_0/lib_ab4a70858e/lib_ab4a70858e__delay_0.01__dur_0.03.h5
d3833dae-8b78-46ce-aaad-fc7c0f6117bb,0.0,0.23,ab4a70858e,0.09994012117385864,-27.761194029850742,25.990566037735846,0.0,10.74,18,12,0,0.0,1,3.0,11,1.2,/user/raabe14/u19361/workspace-allen/results/zebra/sub-830795_ses-ecephys-830795-2026-02-23-15-03-59_ecephys.nwb/ProbeF/trial_1/phase_0/lib_ab4a70858e/lib_ab4a70858e__delay_0.0__dur_0.23.h5
d3998e95-d80c-42be-9b71-fcc1654f27f8,0.03,0.18000000000000002,ab4a70858e,0.09186536818742752,-24.179104477611936,4.481132075471699,134.9774869247291,21.49,20,24,6,1.8849555921538759,4,6.0,8,0.09,/user/raabe14/u19361/workspace-allen/results/zebra/sub-830795_ses-ecephys-830795-2026-02-23-15-03-59_ecephys.nwb/ProbeF/trial_1/phase_0/lib_ab4a70858e/lib_ab4a70858e__delay_0.03__dur_0.18000000000000002.h5
d3d96622-8857-4402-9ad6-896ffeb4e5a7,0.01,0.03,ab4a70858e,0.0,-60.0,47.5,0.0,7.16,0,0,0,0.0,0,2.0,0,0.01,/user/raabe14/u19361/workspace-allen/results/zebra/sub-830795_ses-ecephys-830795-2026-02-23-15-03-59_ecephys.nwb/ProbeF/trial_1/phase_0/lib_ab4a70858e/lib_ab4a70858e__delay_0.01__dur_0.03.h5
d4e57a52-627e-42e4-80f7-85d2af9679d6,0.01,0.03,ab4a70858e,0.0,-60.0,47.5,0.0,7.16,0,0,0,0.0,0,2.0,0,0.01,/user/raabe14/u19361/workspace-allen/results/zebra/sub-830795_ses-ecephys-830795-2026-02-23-15-03-59_ecephys.nwb/ProbeF/trial_1/phase_0/lib_ab4a70858e/lib_ab4a70858e__delay_0.01__dur_0.03.h5
d520b691-b7b5-497d-aea6-755916f4a734,0.08,0.23,ab4a70858e,0.09413746744394302,56.4179104477612,-22.40566037735849,180.0,28.65,65,39,8,2.5132741228718345,5,8.0,9,0.1,/user/raabe14/u19361/workspace-allen/results/zebra/sub-830795_ses-ecephys-830795-2026-02-23-15-03-59_ecephys.nwb/ProbeF/trial_1/phase_0/lib_ab4a70858e/lib_ab4a70858e__delay_0.08__dur_0.23.h5
d5369c35-0d13-4ab0-a213-d5cf94b5c2ea,0.01,0.18000000000000002,ab4a70858e,0.08717448264360428,54.626865671641795,47.5,134.9774869247291,28.65,64,0,6,1.8849555921538759,5,8.0,7,0.08,/user/raabe14/u19361/workspace-allen/results/zebra/sub-830795_ses-ecephys-830795-2026-02-23-15-03-59_ecephys.nwb/ProbeF/trial_1/phase_0/lib_ab4a70858e/lib_ab4a70858e__delay_0.01__dur_0.18000000000000002.h5
d5a9696f-d17b-42d9-a58a-884dfc8f48f1,0.30000000000000004,0.23,ab4a70858e,0.07177849113941193,4.477611940298516,25.990566037735846,0.0,10.74,36,12,0,0.0,1,3.0,11,1.2,/user/raabe14/u19361/workspace-allen/results/zebra/sub-830795_ses-ecephys-830795-2026-02-23-15-03-59_ecephys.nwb/ProbeF/trial_1/phase_0/lib_ab4a70858e/lib_ab4a70858e__delay_0.30000000000000004__dur_0.23.h5
d6370d9f-317e-44b6-af8a-117104ded60a,0.25,0.23,ab4a70858e,0.13115379214286804,-17.014925373134325,25.990566037735846,45.02251307527088,10.74,24,12,2,0.6283185307179586,1,3.0,12,1.3,/user/raabe14/u19361/workspace-allen/results/zebra/sub-830795_ses-ecephys-830795-2026-02-23-15-03-59_ecephys.nwb/ProbeF/trial_1/phase_0/lib_ab4a70858e/lib_ab4a70858e__delay_0.25__dur_0.23.h5
d6f6d509-5c6a-4186-982d-0219308536a9,0.2,0.18000000000000002,ab4a70858e,0.09274414926767349,-0.8955223880596961,18.820754716981128,45.02251307527088,17.91,33,16,2,0.6283185307179586,3,5.0,7,0.08,/user/raabe14/u19361/workspace-allen/results/zebra/sub-830795_ses-ecephys-830795-2026-02-23-15-03-59_ecephys.nwb/ProbeF/trial_1/phase_0/lib_ab4a70858e/lib_ab4a70858e__delay_0.2__dur_0.18000000000000002.h5
d7134993-540c-4c25-a646-d4c5b1fb062b,0.2,0.23,ab4a70858e,0.09133280813694,-38.507462686567166,31.367924528301884,22.515923572829195,14.32,12,9,1,0.3141592653589793,2,4.0,8,0.09,/user/raabe14/u19361/workspace-allen/results/zebra/sub-830795_ses-ecephys-830795-2026-02-23-15-03-59_ecephys.nwb/ProbeF/trial_1/phase_0/lib_ab4a70858e/lib_ab4a70858e__delay_0.2__dur_0.23.h5
d7533ec8-3c2d-4cfc-ac67-f57bd5677156,0.02,0.18000000000000002,ab4a70858e,0.07547994703054428,-45.67164179104478,-0.8962264150943398,67.51591472682667,7.16,8,27,3,0.9424777960769379,0,2.0,12,1.3,/user/raabe14/u19361/workspace-allen/results/zebra/sub-830795_ses-ecephys-830795-2026-02-23-15-03-59_ecephys.nwb/ProbeF/trial_1/phase_0/lib_ab4a70858e/lib_ab4a70858e__delay_0.02__dur_0.18000000000000002.h5
d7bd4d1f-0958-4ecb-970f-4f6ddd89760a,0.15000000000000002,0.23,ab4a70858e,0.06945270299911499,-22.388059701492537,8.066037735849058,45.02251307527088,10.74,21,22,2,0.6283185307179586,1,3.0,9,0.1,/user/raabe14/u19361/workspace-allen/results/zebra/sub-830795_ses-ecephys-830795-2026-02-23-15-03-59_ecephys.nwb/ProbeF/trial_1/phase_0/lib_ab4a70858e/lib_ab4a70858e__delay_0.15000000000000002__dur_0.23.h5
d7e7570e-ab1e-431d-99ea-754c968e924d,0.01,0.23,ab4a70858e,0.0826340764760971,2.6865671641791096,-2.6886792452830193,0.0,17.91,35,28,0,0.0,3,5.0,11,1.2,/user/raabe14/u19361/workspace-allen/results/zebra/sub-830795_ses-ecephys-830795-2026-02-23-15-03-59_ecephys.nwb/ProbeF/trial_1/phase_0/lib_ab4a70858e/lib_ab4a70858e__delay_0.01__dur_0.23.h5
d863b32b-9089-4474-bccf-15d8aa2428d0,0.06,0.18000000000000002,ab4a70858e,0.07276119291782379,-11.64179104477612,27.783018867924525,157.4840764271708,7.16,27,11,7,2.199114857512855,0,2.0,12,1.3,/user/raabe14/u19361/workspace-allen/results/zebra/sub-830795_ses-ecephys-830795-2026-02-23-15-03-59_ecephys.nwb/ProbeF/trial_1/phase_0/lib_ab4a70858e/lib_ab4a70858e__delay_0.06__dur_0.18000000000000002.h5
d8e7de38-e87a-4615-bf68-cacaedaa4ba5,0.06,0.23,ab4a70858e,0.09364181011915207,9.85074626865672,-0.8962264150943398,67.51591472682667,21.49,39,27,3,0.9424777960769379,4,6.0,12,1.3,/user/raabe14/u19361/workspace-allen/results/zebra/sub-830795_ses-ecephys-830795-2026-02-23-15-03-59_ecephys.nwb/ProbeF/trial_1/phase_0/lib_ab4a70858e/lib_ab4a70858e__delay_0.06__dur_0.23.h5
d93fd3af-9ac0-4f79-a71c-34cf4283750d,0.0,0.13,ab4a70858e,0.08888137340545654,-60.0,24.198113207547166,112.48408527317332,28.65,0,13,5,1.5707963267948966,5,8.0,8,0.09,/user/raabe14/u19361/workspace-allen/results/zebra/sub-830795_ses-ecephys-830795-2026-02-23-15-03-59_ecephys.nwb/ProbeF/trial_1/phase_0/lib_ab4a70858e/lib_ab4a70858e__delay_0.0__dur_0.13.h5
da96d12b-48fe-4016-a237-9f0547894c97,0.01,0.18000000000000002,ab4a70858e,0.08461391180753708,-31.34328358208955,-0.8962264150943398,45.02251307527088,28.65,16,27,2,0.6283185307179586,5,8.0,7,0.08,/user/raabe14/u19361/workspace-allen/results/zebra/sub-830795_ses-ecephys-830795-2026-02-23-15-03-59_ecephys.nwb/ProbeF/trial_1/phase_0/lib_ab4a70858e/lib_ab4a70858e__delay_0.01__dur_0.18000000000000002.h5
daa1deb3-f050-42d9-9c6b-7547562ad661,0.15000000000000002,0.23,ab4a70858e,0.07800623774528503,22.388059701492537,-33.160377358490564,67.51591472682667,14.32,46,45,3,0.9424777960769379,2,4.0,9,0.1,/user/raabe14/u19361/workspace-allen/results/zebra/sub-830795_ses-ecephys-830795-2026-02-23-15-03-59_ecephys.nwb/ProbeF/trial_1/phase_0/lib_ab4a70858e/lib_ab4a70858e__delay_0.15000000000000002__dur_0.23.h5
dc7a16b1-df60-440e-82c9-0194b006aaa0,0.30000000000000004,0.13,ab4a70858e,0.06966491788625717,2.6865671641791096,-45.70754716981132,180.0,7.16,35,52,8,2.5132741228718345,0,2.0,12,1.3,/user/raabe14/u19361/workspace-allen/results/zebra/sub-830795_ses-ecephys-830795-2026-02-23-15-03-59_ecephys.nwb/ProbeF/trial_1/phase_0/lib_ab4a70858e/lib_ab4a70858e__delay_0.30000000000000004__dur_0.13.h5
dc804797-622a-4fdd-aab1-9d713eaed1b8,0.0,0.18000000000000002,ab4a70858e,0.0875164046883583,11.641791044776127,2.6886792452830193,67.51591472682667,17.91,40,25,3,0.9424777960769379,3,5.0,12,1.3,/user/raabe14/u19361/workspace-allen/results/zebra/sub-830795_ses-ecephys-830795-2026-02-23-15-03-59_ecephys.nwb/ProbeF/trial_1/phase_0/lib_ab4a70858e/lib_ab4a70858e__delay_0.0__dur_0.18000000000000002.h5
dcaecf6e-c510-4a2f-817b-9e53c928e493,0.01,0.03,ab4a70858e,0.0,-60.0,47.5,0.0,7.16,0,0,0,0.0,0,2.0,0,0.01,/user/raabe14/u19361/workspace-allen/results/zebra/sub-830795_ses-ecephys-830795-2026-02-23-15-03-59_ecephys.nwb/ProbeF/trial_1/phase_0/lib_ab4a70858e/lib_ab4a70858e__delay_0.01__dur_0.03.h5
dcc6c071-5360-42d8-a5e9-ac779e8f5db2,0.04,0.23,ab4a70858e,0.08146058768033981,-17.014925373134325,15.235849056603776,22.515923572829195,7.16,24,18,1,0.3141592653589793,0,2.0,9,0.1,/user/raabe14/u19361/workspace-allen/results/zebra/sub-830795_ses-ecephys-830795-2026-02-23-15-03-59_ecephys.nwb/ProbeF/trial_1/phase_0/lib_ab4a70858e/lib_ab4a70858e__delay_0.04__dur_0.23.h5
dd6098e8-5504-4c5f-a258-289a6d80eb9f,0.05,0.18000000000000002,ab4a70858e,0.08008597791194916,-8.059701492537314,0.8962264150943398,112.48408527317332,7.16,29,26,5,1.5707963267948966,0,2.0,11,1.2,/user/raabe14/u19361/workspace-allen/results/zebra/sub-830795_ses-ecephys-830795-2026-02-23-15-03-59_ecephys.nwb/ProbeF/trial_1/phase_0/lib_ab4a70858e/lib_ab4a70858e__delay_0.05__dur_0.18000000000000002.h5
dd79116c-c1f5-490d-a9a0-bd06e1a839c4,0.01,0.03,ab4a70858e,0.0,-60.0,47.5,0.0,7.16,0,0,0,0.0,0,2.0,0,0.01,/user/raabe14/u19361/workspace-allen/results/zebra/sub-830795_ses-ecephys-830795-2026-02-23-15-03-59_ecephys.nwb/ProbeF/trial_1/phase_0/lib_ab4a70858e/lib_ab4a70858e__delay_0.01__dur_0.03.h5
de28e700-17b2-4023-8e60-29f5b45c16cc,0.2,0.23,ab4a70858e,0.07696730643510818,9.85074626865672,-6.273584905660378,180.0,28.65,39,30,8,2.5132741228718345,5,8.0,2,0.03,/user/raabe14/u19361/workspace-allen/results/zebra/sub-830795_ses-ecephys-830795-2026-02-23-15-03-59_ecephys.nwb/ProbeF/trial_1/phase_0/lib_ab4a70858e/lib_ab4a70858e__delay_0.2__dur_0.23.h5
de3353e5-949f-4197-9586-1f850318d9f6,0.01,0.03,ab4a70858e,0.0,-60.0,47.5,0.0,7.16,0,0,0,0.0,0,2.0,0,0.01,/user/raabe14/u19361/workspace-allen/results/zebra/sub-830795_ses-ecephys-830795-2026-02-23-15-03-59_ecephys.nwb/ProbeF/trial_1/phase_0/lib_ab4a70858e/lib_ab4a70858e__delay_0.01__dur_0.03.h5
de5c5783-50cb-4a19-b4a0-c20588860e39,0.25,0.23,ab4a70858e,0.10010416060686111,-13.43283582089552,-24.19811320754717,45.02251307527088,7.16,26,40,2,0.6283185307179586,0,2.0,12,1.3,/user/raabe14/u19361/workspace-allen/results/zebra/sub-830795_ses-ecephys-830795-2026-02-23-15-03-59_ecephys.nwb/ProbeF/trial_1/phase_0/lib_ab4a70858e/lib_ab4a70858e__delay_0.25__dur_0.23.h5
de72ca0d-fbcb-4dc7-837c-fb8a6b4a1740,0.25,0.18000000000000002,ab4a70858e,0.07929182797670364,-20.59701492537313,43.91509433962264,67.51591472682667,10.74,22,2,3,0.9424777960769379,1,3.0,5,0.06,/user/raabe14/u19361/workspace-allen/results/zebra/sub-830795_ses-ecephys-830795-2026-02-23-15-03-59_ecephys.nwb/ProbeF/trial_1/phase_0/lib_ab4a70858e/lib_ab4a70858e__delay_0.25__dur_0.18000000000000002.h5
dfb227f5-2c5e-4135-9ae8-7209bb936c93,0.30000000000000004,0.08,ab4a70858e,0.07550390809774399,-42.089552238805965,33.160377358490564,22.515923572829195,10.74,10,8,1,0.3141592653589793,1,3.0,9,0.1,/user/raabe14/u19361/workspace-allen/results/zebra/sub-830795_ses-ecephys-830795-2026-02-23-15-03-59_ecephys.nwb/ProbeF/trial_1/phase_0/lib_ab4a70858e/lib_ab4a70858e__delay_0.30000000000000004__dur_0.08.h5
e02a5fdd-bc45-4faa-a71d-4c503336c95c,0.25,0.13,ab4a70858e,0.06987674534320831,-43.88059701492537,11.650943396226417,45.02251307527088,7.16,9,20,2,0.6283185307179586,0,2.0,12,1.3,/user/raabe14/u19361/workspace-allen/results/zebra/sub-830795_ses-ecephys-830795-2026-02-23-15-03-59_ecephys.nwb/ProbeF/trial_1/phase_0/lib_ab4a70858e/lib_ab4a70858e__delay_0.25__dur_0.13.h5
e0b16cea-c149-4a1f-af15-c053d964cf4a,0.01,0.13,ab4a70858e,0.06985688209533691,-0.8955223880596961,29.575471698113205,0.0,7.16,33,10,0,0.0,0,2.0,11,1.2,/user/raabe14/u19361/workspace-allen/results/zebra/sub-830795_ses-ecephys-830795-2026-02-23-15-03-59_ecephys.nwb/ProbeF/trial_1/phase_0/lib_ab4a70858e/lib_ab4a70858e__delay_0.01__dur_0.13.h5
e0c53cf8-85a2-4b67-b78c-6b6335188c77,0.09,0.23,ab4a70858e,0.07929117977619171,-0.8955223880596961,36.74528301886792,180.0,10.74,33,6,8,2.5132741228718345,1,3.0,12,1.3,/user/raabe14/u19361/workspace-allen/results/zebra/sub-830795_ses-ecephys-830795-2026-02-23-15-03-59_ecephys.nwb/ProbeF/trial_1/phase_0/lib_ab4a70858e/lib_ab4a70858e__delay_0.09__dur_0.23.h5
e0d118d6-88b0-4c53-86a0-c27626b99395,0.30000000000000004,0.18000000000000002,ab4a70858e,0.08692152798175812,-29.55223880597015,13.443396226415096,180.0,21.49,17,19,8,2.5132741228718345,4,6.0,8,0.09,/user/raabe14/u19361/workspace-allen/results/zebra/sub-830795_ses-ecephys-830795-2026-02-23-15-03-59_ecephys.nwb/ProbeF/trial_1/phase_0/lib_ab4a70858e/lib_ab4a70858e__delay_0.30000000000000004__dur_0.18000000000000002.h5
e2aa0ab8-387b-4aac-9c68-6e75ad82bc1e,0.25,0.18000000000000002,ab4a70858e,0.07573116570711136,-25.970149253731343,42.12264150943396,45.02251307527088,10.74,19,3,2,0.6283185307179586,1,3.0,12,1.3,/user/raabe14/u19361/workspace-allen/results/zebra/sub-830795_ses-ecephys-830795-2026-02-23-15-03-59_ecephys.nwb/ProbeF/trial_1/phase_0/lib_ab4a70858e/lib_ab4a70858e__delay_0.25__dur_0.18000000000000002.h5
e31fd617-b986-4aad-ab2e-1139ca8bcf3d,0.07,0.23,ab4a70858e,0.10513153672218323,51.04477611940298,4.481132075471699,45.02251307527088,14.32,62,24,2,0.6283185307179586,2,4.0,12,1.3,/user/raabe14/u19361/workspace-allen/results/zebra/sub-830795_ses-ecephys-830795-2026-02-23-15-03-59_ecephys.nwb/ProbeF/trial_1/phase_0/lib_ab4a70858e/lib_ab4a70858e__delay_0.07__dur_0.23.h5
e4bfbaed-a668-49ed-b1e0-dc9282ab1d0c,0.30000000000000004,0.23,ab4a70858e,0.07974275201559067,-11.64179104477612,17.02830188679245,180.0,14.32,27,17,8,2.5132741228718345,2,4.0,12,1.3,/user/raabe14/u19361/workspace-allen/results/zebra/sub-830795_ses-ecephys-830795-2026-02-23-15-03-59_ecephys.nwb/ProbeF/trial_1/phase_0/lib_ab4a70858e/lib_ab4a70858e__delay_0.30000000000000004__dur_0.23.h5
e544797f-ae64-4705-843f-c76ea6dd3677,0.01,0.03,ab4a70858e,0.0,-60.0,47.5,0.0,7.16,0,0,0,0.0,0,2.0,0,0.01,/user/raabe14/u19361/workspace-allen/results/zebra/sub-830795_ses-ecephys-830795-2026-02-23-15-03-59_ecephys.nwb/ProbeF/trial_1/phase_0/lib_ab4a70858e/lib_ab4a70858e__delay_0.01__dur_0.03.h5
e7100353-6018-4be1-9a43-474d8c0f906d,0.01,0.03,ab4a70858e,0.0,-60.0,47.5,0.0,7.16,0,0,0,0.0,0,2.0,0,0.01,/user/raabe14/u19361/workspace-allen/results/zebra/sub-830795_ses-ecephys-830795-2026-02-23-15-03-59_ecephys.nwb/ProbeF/trial_1/phase_0/lib_ab4a70858e/lib_ab4a70858e__delay_0.01__dur_0.03.h5
e7f8b420-7a90-48c7-9584-50125b5f77c9,0.15000000000000002,0.18000000000000002,ab4a70858e,0.07595222443342209,-17.014925373134325,6.273584905660378,67.51591472682667,28.65,24,23,3,0.9424777960769379,5,8.0,9,0.1,/user/raabe14/u19361/workspace-allen/results/zebra/sub-830795_ses-ecephys-830795-2026-02-23-15-03-59_ecephys.nwb/ProbeF/trial_1/phase_0/lib_ab4a70858e/lib_ab4a70858e__delay_0.15000000000000002__dur_0.18000000000000002.h5
e7f9c6cd-8d54-4f76-9ddb-a4e69d9c9214,0.25,0.18000000000000002,ab4a70858e,0.08382619172334671,27.761194029850756,27.783018867924525,157.4840764271708,7.16,49,11,7,2.199114857512855,0,2.0,12,1.3,/user/raabe14/u19361/workspace-allen/results/zebra/sub-830795_ses-ecephys-830795-2026-02-23-15-03-59_ecephys.nwb/ProbeF/trial_1/phase_0/lib_ab4a70858e/lib_ab4a70858e__delay_0.25__dur_0.18000000000000002.h5
e8609e88-043d-4e0c-9041-49315c72d97a,0.01,0.13,ab4a70858e,0.07892987877130508,-33.134328358208954,0.8962264150943398,45.02251307527088,7.16,15,26,2,0.6283185307179586,0,2.0,12,1.3,/user/raabe14/u19361/workspace-allen/results/zebra/sub-830795_ses-ecephys-830795-2026-02-23-15-03-59_ecephys.nwb/ProbeF/trial_1/phase_0/lib_ab4a70858e/lib_ab4a70858e__delay_0.01__dur_0.13.h5
e897178f-6a90-4681-8410-70416179216d,0.02,0.13,ab4a70858e,0.07575879245996475,18.80597014925374,8.066037735849058,45.02251307527088,21.49,44,22,2,0.6283185307179586,4,6.0,3,0.04,/user/raabe14/u19361/workspace-allen/results/zebra/sub-830795_ses-ecephys-830795-2026-02-23-15-03-59_ecephys.nwb/ProbeF/trial_1/phase_0/lib_ab4a70858e/lib_ab4a70858e__delay_0.02__dur_0.13.h5
e8e3f4c5-af54-4e74-be2d-e141ee5ace3d,0.2,0.23,ab4a70858e,0.0779620110988617,56.4179104477612,-6.273584905660378,0.0,17.91,65,30,0,0.0,3,5.0,11,1.2,/user/raabe14/u19361/workspace-allen/results/zebra/sub-830795_ses-ecephys-830795-2026-02-23-15-03-59_ecephys.nwb/ProbeF/trial_1/phase_0/lib_ab4a70858e/lib_ab4a70858e__delay_0.2__dur_0.23.h5
e90ec4d5-d911-4391-b7af-666a151ec34e,0.05,0.23,ab4a70858e,0.08519067615270615,-15.223880597014926,29.575471698113205,22.515923572829163,17.91,25,10,9,2.827433388230814,3,5.0,6,0.07,/user/raabe14/u19361/workspace-allen/results/zebra/sub-830795_ses-ecephys-830795-2026-02-23-15-03-59_ecephys.nwb/ProbeF/trial_1/phase_0/lib_ab4a70858e/lib_ab4a70858e__delay_0.05__dur_0.23.h5
e96e044a-8dea-47a6-9cea-e80e9171470d,0.1,0.13,ab4a70858e,0.07430889457464218,-15.223880597014926,-11.650943396226417,22.515923572829163,17.91,25,33,9,2.827433388230814,3,5.0,4,0.05,/user/raabe14/u19361/workspace-allen/results/zebra/sub-830795_ses-ecephys-830795-2026-02-23-15-03-59_ecephys.nwb/ProbeF/trial_1/phase_0/lib_ab4a70858e/lib_ab4a70858e__delay_0.1__dur_0.13.h5
e9c0496a-58c0-4e7e-85ae-75e6b75e704c,0.01,0.03,ab4a70858e,0.0,-60.0,47.5,0.0,7.16,0,0,0,0.0,0,2.0,0,0.01,/user/raabe14/u19361/workspace-allen/results/zebra/sub-830795_ses-ecephys-830795-2026-02-23-15-03-59_ecephys.nwb/ProbeF/trial_1/phase_0/lib_ab4a70858e/lib_ab4a70858e__delay_0.01__dur_0.03.h5
ea5ae2b6-f3a2-4f63-b7e9-0070ba346f63,0.15000000000000002,0.23,ab4a70858e,0.06933457404375076,-36.71641791044776,34.95283018867924,22.515923572829163,14.32,13,7,9,2.827433388230814,2,4.0,4,0.05,/user/raabe14/u19361/workspace-allen/results/zebra/sub-830795_ses-ecephys-830795-2026-02-23-15-03-59_ecephys.nwb/ProbeF/trial_1/phase_0/lib_ab4a70858e/lib_ab4a70858e__delay_0.15000000000000002__dur_0.23.h5
ec04f531-d98f-4d6f-801b-e370111a1832,0.05,0.23,ab4a70858e,0.1583074927330017,11.641791044776127,-11.650943396226417,112.48408527317332,14.32,40,33,5,1.5707963267948966,2,4.0,11,1.2,/user/raabe14/u19361/workspace-allen/results/zebra/sub-830795_ses-ecephys-830795-2026-02-23-15-03-59_ecephys.nwb/ProbeF/trial_1/phase_0/lib_ab4a70858e/lib_ab4a70858e__delay_0.05__dur_0.23.h5
ec1018bc-4b23-49f6-aa35-037284ebc1a8,0.04,0.23,ab4a70858e,0.10604355484247208,9.85074626865672,-27.78301886792453,22.515923572829163,14.32,39,42,9,2.827433388230814,2,4.0,12,1.3,/user/raabe14/u19361/workspace-allen/results/zebra/sub-830795_ses-ecephys-830795-2026-02-23-15-03-59_ecephys.nwb/ProbeF/trial_1/phase_0/lib_ab4a70858e/lib_ab4a70858e__delay_0.04__dur_0.23.h5
ec430385-b4fb-470a-adb4-51759da90c3f,0.07,0.18000000000000002,ab4a70858e,0.11352413892745972,6.268656716417908,29.575471698113205,180.0,14.32,37,10,8,2.5132741228718345,2,4.0,12,1.3,/user/raabe14/u19361/workspace-allen/results/zebra/sub-830795_ses-ecephys-830795-2026-02-23-15-03-59_ecephys.nwb/ProbeF/trial_1/phase_0/lib_ab4a70858e/lib_ab4a70858e__delay_0.07__dur_0.18000000000000002.h5
ec7f9ac9-6800-4baf-a010-08c8a8575973,0.2,0.23,ab4a70858e,0.08698562532663345,0.8955223880597032,-2.6886792452830193,157.4840764271708,21.49,34,28,7,2.199114857512855,4,6.0,9,0.1,/user/raabe14/u19361/workspace-allen/results/zebra/sub-830795_ses-ecephys-830795-2026-02-23-15-03-59_ecephys.nwb/ProbeF/trial_1/phase_0/lib_ab4a70858e/lib_ab4a70858e__delay_0.2__dur_0.23.h5
ecc09364-d27e-4410-a624-5c93074f2df7,0.09,0.13,ab4a70858e,0.078802190721035,33.13432835820896,-6.273584905660378,134.9774869247291,14.32,52,30,6,1.8849555921538759,2,4.0,6,0.07,/user/raabe14/u19361/workspace-allen/results/zebra/sub-830795_ses-ecephys-830795-2026-02-23-15-03-59_ecephys.nwb/ProbeF/trial_1/phase_0/lib_ab4a70858e/lib_ab4a70858e__delay_0.09__dur_0.13.h5
ed1b7c36-49d6-42d8-b1ed-5012d20f28c2,0.15000000000000002,0.23,ab4a70858e,0.09689519554376602,-18.80597014925373,-0.8962264150943398,67.51591472682667,17.91,23,27,3,0.9424777960769379,3,5.0,12,1.3,/user/raabe14/u19361/workspace-allen/results/zebra/sub-830795_ses-ecephys-830795-2026-02-23-15-03-59_ecephys.nwb/ProbeF/trial_1/phase_0/lib_ab4a70858e/lib_ab4a70858e__delay_0.15000000000000002__dur_0.23.h5
ed56218a-7c6f-410a-a754-c630c04d9591,0.30000000000000004,0.18000000000000002,ab4a70858e,0.08700087666511536,-15.223880597014926,42.12264150943396,67.51591472682667,28.65,25,3,3,0.9424777960769379,5,8.0,8,0.09,/user/raabe14/u19361/workspace-allen/results/zebra/sub-830795_ses-ecephys-830795-2026-02-23-15-03-59_ecephys.nwb/ProbeF/trial_1/phase_0/lib_ab4a70858e/lib_ab4a70858e__delay_0.30000000000000004__dur_0.18000000000000002.h5
edc25690-bc80-4a46-bd36-3f11053ec728,0.2,0.18000000000000002,ab4a70858e,0.07451862096786499,-36.71641791044776,-6.273584905660378,0.0,7.16,13,30,0,0.0,0,2.0,11,1.2,/user/raabe14/u19361/workspace-allen/results/zebra/sub-830795_ses-ecephys-830795-2026-02-23-15-03-59_ecephys.nwb/ProbeF/trial_1/phase_0/lib_ab4a70858e/lib_ab4a70858e__delay_0.2__dur_0.18000000000000002.h5
ee45b16c-a2a4-4b69-baf3-d95950c3fbbd,0.01,0.03,ab4a70858e,0.0,-60.0,47.5,0.0,7.16,0,0,0,0.0,0,2.0,0,0.01,/user/raabe14/u19361/workspace-allen/results/zebra/sub-830795_ses-ecephys-830795-2026-02-23-15-03-59_ecephys.nwb/ProbeF/trial_1/phase_0/lib_ab4a70858e/lib_ab4a70858e__delay_0.01__dur_0.03.h5
ee5bf1f8-6cbc-4065-8e6f-3a25fc6c56ef,0.2,0.18000000000000002,ab4a70858e,0.08951960504055023,-17.014925373134325,-17.028301886792452,0.0,7.16,24,36,0,0.0,0,2.0,11,1.2,/user/raabe14/u19361/workspace-allen/results/zebra/sub-830795_ses-ecephys-830795-2026-02-23-15-03-59_ecephys.nwb/ProbeF/trial_1/phase_0/lib_ab4a70858e/lib_ab4a70858e__delay_0.2__dur_0.18000000000000002.h5
ef8674a2-441c-46ce-98d5-d30ee76a907b,0.15000000000000002,0.08,ab4a70858e,0.07817422598600388,43.88059701492537,15.235849056603776,90.0,14.32,58,18,4,1.2566370614359172,2,4.0,7,0.08,/user/raabe14/u19361/workspace-allen/results/zebra/sub-830795_ses-ecephys-830795-2026-02-23-15-03-59_ecephys.nwb/ProbeF/trial_1/phase_0/lib_ab4a70858e/lib_ab4a70858e__delay_0.15000000000000002__dur_0.08.h5
efb6fa07-cf2c-4aab-9dff-b355586c85f8,0.15000000000000002,0.13,ab4a70858e,0.06895485520362854,-38.507462686567166,-17.028301886792452,180.0,28.65,12,36,8,2.5132741228718345,5,8.0,9,0.1,/user/raabe14/u19361/workspace-allen/results/zebra/sub-830795_ses-ecephys-830795-2026-02-23-15-03-59_ecephys.nwb/ProbeF/trial_1/phase_0/lib_ab4a70858e/lib_ab4a70858e__delay_0.15000000000000002__dur_0.13.h5
f007be16-22f8-4551-85e5-ddf26a10f455,0.15000000000000002,0.18000000000000002,ab4a70858e,0.07667659223079681,-24.179104477611936,15.235849056603776,157.4840764271708,21.49,20,18,7,2.199114857512855,4,6.0,9,0.1,/user/raabe14/u19361/workspace-allen/results/zebra/sub-830795_ses-ecephys-830795-2026-02-23-15-03-59_ecephys.nwb/ProbeF/trial_1/phase_0/lib_ab4a70858e/lib_ab4a70858e__delay_0.15000000000000002__dur_0.18000000000000002.h5
f015a2be-31da-4936-ba28-cd25cc7b8ca4,0.15000000000000002,0.23,ab4a70858e,0.08747566491365433,34.92537313432837,4.481132075471699,134.9774869247291,14.32,53,24,6,1.8849555921538759,2,4.0,9,0.1,/user/raabe14/u19361/workspace-allen/results/zebra/sub-830795_ses-ecephys-830795-2026-02-23-15-03-59_ecephys.nwb/ProbeF/trial_1/phase_0/lib_ab4a70858e/lib_ab4a70858e__delay_0.15000000000000002__dur_0.23.h5
f02b65c3-bfef-4742-b9c2-fe6c0e62334f,0.09,0.23,ab4a70858e,0.07569550722837448,0.8955223880597032,-20.61320754716981,67.51591472682667,14.32,34,38,3,0.9424777960769379,2,4.0,8,0.09,/user/raabe14/u19361/workspace-allen/results/zebra/sub-830795_ses-ecephys-830795-2026-02-23-15-03-59_ecephys.nwb/ProbeF/trial_1/phase_0/lib_ab4a70858e/lib_ab4a70858e__delay_0.09__dur_0.23.h5
f10b1ed1-2343-4572-8d27-7807e7c20a53,0.25,0.18000000000000002,ab4a70858e,0.07874860614538193,2.6865671641791096,-45.70754716981132,45.02251307527088,28.65,35,52,2,0.6283185307179586,5,8.0,4,0.05,/user/raabe14/u19361/workspace-allen/results/zebra/sub-830795_ses-ecephys-830795-2026-02-23-15-03-59_ecephys.nwb/ProbeF/trial_1/phase_0/lib_ab4a70858e/lib_ab4a70858e__delay_0.25__dur_0.18000000000000002.h5
f2c3bd7e-b0c8-4192-ad15-7e31a10b6294,0.01,0.03,ab4a70858e,0.0,-60.0,47.5,0.0,7.16,0,0,0,0.0,0,2.0,0,0.01,/user/raabe14/u19361/workspace-allen/results/zebra/sub-830795_ses-ecephys-830795-2026-02-23-15-03-59_ecephys.nwb/ProbeF/trial_1/phase_0/lib_ab4a70858e/lib_ab4a70858e__delay_0.01__dur_0.03.h5
f2c54381-5519-4eff-b30a-50a3e50211d9,0.1,0.18000000000000002,ab4a70858e,0.10098986327648163,6.268656716417908,31.367924528301884,180.0,14.32,37,9,8,2.5132741228718345,2,4.0,12,1.3,/user/raabe14/u19361/workspace-allen/results/zebra/sub-830795_ses-ecephys-830795-2026-02-23-15-03-59_ecephys.nwb/ProbeF/trial_1/phase_0/lib_ab4a70858e/lib_ab4a70858e__delay_0.1__dur_0.18000000000000002.h5
f2c5d2b8-5865-4101-9384-a4b82d30b36f,0.01,0.03,ab4a70858e,0.0,-60.0,47.5,0.0,7.16,0,0,0,0.0,0,2.0,0,0.01,/user/raabe14/u19361/workspace-allen/results/zebra/sub-830795_ses-ecephys-830795-2026-02-23-15-03-59_ecephys.nwb/ProbeF/trial_1/phase_0/lib_ab4a70858e/lib_ab4a70858e__delay_0.01__dur_0.03.h5
f2efffb3-f4fd-48eb-8c82-2c1f536bc7ad,0.0,0.18000000000000002,ab4a70858e,0.11182721704244614,58.20895522388061,-0.8962264150943398,67.51591472682667,17.91,66,27,3,0.9424777960769379,3,5.0,12,1.3,/user/raabe14/u19361/workspace-allen/results/zebra/sub-830795_ses-ecephys-830795-2026-02-23-15-03-59_ecephys.nwb/ProbeF/trial_1/phase_0/lib_ab4a70858e/lib_ab4a70858e__delay_0.0__dur_0.18000000000000002.h5
f30b64c5-2229-47b1-96f6-a35fec73ee00,0.04,0.18000000000000002,ab4a70858e,0.0717291384935379,-11.64179104477612,36.74528301886792,180.0,28.65,27,6,8,2.5132741228718345,5,8.0,3,0.04,/user/raabe14/u19361/workspace-allen/results/zebra/sub-830795_ses-ecephys-830795-2026-02-23-15-03-59_ecephys.nwb/ProbeF/trial_1/phase_0/lib_ab4a70858e/lib_ab4a70858e__delay_0.04__dur_0.18000000000000002.h5
f3543735-3927-4ddf-b611-a15951d33b40,0.01,0.03,ab4a70858e,0.0,-60.0,47.5,0.0,7.16,0,0,0,0.0,0,2.0,0,0.01,/user/raabe14/u19361/workspace-allen/results/zebra/sub-830795_ses-ecephys-830795-2026-02-23-15-03-59_ecephys.nwb/ProbeF/trial_1/phase_0/lib_ab4a70858e/lib_ab4a70858e__delay_0.01__dur_0.03.h5
f38f38f7-3462-46ca-879b-da182a6ce50f,0.15000000000000002,0.23,ab4a70858e,0.10580586642026901,43.88059701492537,2.6886792452830193,0.0,28.65,58,25,0,0.0,5,8.0,11,1.2,/user/raabe14/u19361/workspace-allen/results/zebra/sub-830795_ses-ecephys-830795-2026-02-23-15-03-59_ecephys.nwb/ProbeF/trial_1/phase_0/lib_ab4a70858e/lib_ab4a70858e__delay_0.15000000000000002__dur_0.23.h5
f4fc597e-8174-4a9b-a245-1f65da1a70a0,0.30000000000000004,0.23,ab4a70858e,0.08038701862096786,0.8955223880597032,0.8962264150943398,22.515923572829195,28.65,34,26,1,0.3141592653589793,5,8.0,3,0.04,/user/raabe14/u19361/workspace-allen/results/zebra/sub-830795_ses-ecephys-830795-2026-02-23-15-03-59_ecephys.nwb/ProbeF/trial_1/phase_0/lib_ab4a70858e/lib_ab4a70858e__delay_0.30000000000000004__dur_0.23.h5
f5819858-a8f1-44d3-a736-43e31a83118f,0.04,0.13,ab4a70858e,0.07744194567203522,-6.268656716417908,18.820754716981128,180.0,10.74,30,16,8,2.5132741228718345,1,3.0,12,1.3,/user/raabe14/u19361/workspace-allen/results/zebra/sub-830795_ses-ecephys-830795-2026-02-23-15-03-59_ecephys.nwb/ProbeF/trial_1/phase_0/lib_ab4a70858e/lib_ab4a70858e__delay_0.04__dur_0.13.h5
f5ccad68-18ac-4138-828f-6015a42c2158,0.30000000000000004,0.23,ab4a70858e,0.1211085319519043,-2.6865671641791025,27.783018867924525,112.48408527317332,21.49,32,11,5,1.5707963267948966,4,6.0,11,1.2,/user/raabe14/u19361/workspace-allen/results/zebra/sub-830795_ses-ecephys-830795-2026-02-23-15-03-59_ecephys.nwb/ProbeF/trial_1/phase_0/lib_ab4a70858e/lib_ab4a70858e__delay_0.30000000000000004__dur_0.23.h5
f618470f-34c5-4a99-a61b-db3bbe6eb781,0.0,0.18000000000000002,ab4a70858e,0.07343121618032455,-52.83582089552239,-15.235849056603776,157.4840764271708,7.16,4,35,7,2.199114857512855,0,2.0,12,1.3,/user/raabe14/u19361/workspace-allen/results/zebra/sub-830795_ses-ecephys-830795-2026-02-23-15-03-59_ecephys.nwb/ProbeF/trial_1/phase_0/lib_ab4a70858e/lib_ab4a70858e__delay_0.0__dur_0.18000000000000002.h5
f61b7196-abfe-4bb3-aa85-e6b07f0a1f3f,0.01,0.03,ab4a70858e,0.0,-60.0,47.5,0.0,7.16,0,0,0,0.0,0,2.0,0,0.01,/user/raabe14/u19361/workspace-allen/results/zebra/sub-830795_ses-ecephys-830795-2026-02-23-15-03-59_ecephys.nwb/ProbeF/trial_1/phase_0/lib_ab4a70858e/lib_ab4a70858e__delay_0.01__dur_0.03.h5
f64f2300-7555-408b-98e9-2c21ed5c99a4,0.25,0.23,ab4a70858e,0.08517417311668396,0.8955223880597032,-34.95283018867924,67.51591472682667,28.65,34,46,3,0.9424777960769379,5,8.0,8,0.09,/user/raabe14/u19361/workspace-allen/results/zebra/sub-830795_ses-ecephys-830795-2026-02-23-15-03-59_ecephys.nwb/ProbeF/trial_1/phase_0/lib_ab4a70858e/lib_ab4a70858e__delay_0.25__dur_0.23.h5
f6bfa2d2-9cad-4937-aed7-dd669eadc10b,0.02,0.18000000000000002,ab4a70858e,0.11282452940940857,-6.268656716417908,11.650943396226417,180.0,10.74,30,20,8,2.5132741228718345,1,3.0,12,1.3,/user/raabe14/u19361/workspace-allen/results/zebra/sub-830795_ses-ecephys-830795-2026-02-23-15-03-59_ecephys.nwb/ProbeF/trial_1/phase_0/lib_ab4a70858e/lib_ab4a70858e__delay_0.02__dur_0.18000000000000002.h5
f6e06b37-05b8-463e-82ad-5df13cfe5ef2,0.0,0.13,ab4a70858e,0.08423347026109695,-25.970149253731343,4.481132075471699,157.4840764271708,17.91,19,24,7,2.199114857512855,3,5.0,12,1.3,/user/raabe14/u19361/workspace-allen/results/zebra/sub-830795_ses-ecephys-830795-2026-02-23-15-03-59_ecephys.nwb/ProbeF/trial_1/phase_0/lib_ab4a70858e/lib_ab4a70858e__delay_0.0__dur_0.13.h5
f71c5cba-665c-49b5-bb0b-2243e143d108,0.06,0.23,ab4a70858e,0.0702432170510292,-20.59701492537313,15.235849056603776,0.0,28.65,22,18,0,0.0,5,8.0,9,0.1,/user/raabe14/u19361/workspace-allen/results/zebra/sub-830795_ses-ecephys-830795-2026-02-23-15-03-59_ecephys.nwb/ProbeF/trial_1/phase_0/lib_ab4a70858e/lib_ab4a70858e__delay_0.06__dur_0.23.h5
f7715a15-a1c1-419c-a9cc-42c8a544e58a,0.05,0.23,ab4a70858e,0.08561613410711288,2.6865671641791096,-25.99056603773585,180.0,28.65,35,41,8,2.5132741228718345,5,8.0,3,0.04,/user/raabe14/u19361/workspace-allen/results/zebra/sub-830795_ses-ecephys-830795-2026-02-23-15-03-59_ecephys.nwb/ProbeF/trial_1/phase_0/lib_ab4a70858e/lib_ab4a70858e__delay_0.05__dur_0.23.h5
f784fd27-e93c-4f0e-8300-0f272a9013ea,0.0,0.23,ab4a70858e,0.07635802775621414,-31.34328358208955,22.405660377358487,22.515923572829163,17.91,16,14,9,2.827433388230814,3,5.0,4,0.05,/user/raabe14/u19361/workspace-allen/results/zebra/sub-830795_ses-ecephys-830795-2026-02-23-15-03-59_ecephys.nwb/ProbeF/trial_1/phase_0/lib_ab4a70858e/lib_ab4a70858e__delay_0.0__dur_0.23.h5
f7e3d744-c57f-4702-8334-db5e246c1d13,0.15000000000000002,0.23,ab4a70858e,0.09860369563102722,42.08955223880598,-6.273584905660378,0.0,28.65,57,30,0,0.0,5,8.0,11,1.2,/user/raabe14/u19361/workspace-allen/results/zebra/sub-830795_ses-ecephys-830795-2026-02-23-15-03-59_ecephys.nwb/ProbeF/trial_1/phase_0/lib_ab4a70858e/lib_ab4a70858e__delay_0.15000000000000002__dur_0.23.h5
f807d862-39a9-42b7-aafd-4d3722f422e3,0.15000000000000002,0.13,ab4a70858e,0.07821238785982132,31.343283582089555,-2.6886792452830193,0.0,28.65,51,28,0,0.0,5,8.0,11,1.2,/user/raabe14/u19361/workspace-allen/results/zebra/sub-830795_ses-ecephys-830795-2026-02-23-15-03-59_ecephys.nwb/ProbeF/trial_1/phase_0/lib_ab4a70858e/lib_ab4a70858e__delay_0.15000000000000002__dur_0.13.h5
f8532e9b-d116-4ec9-bcb6-15a801a4f499,0.01,0.03,ab4a70858e,0.0,-60.0,47.5,0.0,7.16,0,0,0,0.0,0,2.0,0,0.01,/user/raabe14/u19361/workspace-allen/results/zebra/sub-830795_ses-ecephys-830795-2026-02-23-15-03-59_ecephys.nwb/ProbeF/trial_1/phase_0/lib_ab4a70858e/lib_ab4a70858e__delay_0.01__dur_0.03.h5
f85d0630-e7f1-4b71-a4b3-776714143020,0.30000000000000004,0.18000000000000002,ab4a70858e,0.07701076567173004,8.059701492537314,20.613207547169807,90.0,28.65,38,15,4,1.2566370614359172,5,8.0,9,0.1,/user/raabe14/u19361/workspace-allen/results/zebra/sub-830795_ses-ecephys-830795-2026-02-23-15-03-59_ecephys.nwb/ProbeF/trial_1/phase_0/lib_ab4a70858e/lib_ab4a70858e__delay_0.30000000000000004__dur_0.18000000000000002.h5
f8a02b85-d356-4c05-a902-66d2992d7d03,0.25,0.18000000000000002,ab4a70858e,0.08005639910697937,-20.59701492537313,15.235849056603776,22.515923572829163,28.65,22,18,9,2.827433388230814,5,8.0,6,0.07,/user/raabe14/u19361/workspace-allen/results/zebra/sub-830795_ses-ecephys-830795-2026-02-23-15-03-59_ecephys.nwb/ProbeF/trial_1/phase_0/lib_ab4a70858e/lib_ab4a70858e__delay_0.25__dur_0.18000000000000002.h5
f8dc40e5-372b-45c6-a9a2-a3fdf2cfbc02,0.0,0.13,ab4a70858e,0.07326838374137878,17.014925373134332,-22.40566037735849,45.02251307527088,10.74,43,39,2,0.6283185307179586,1,3.0,9,0.1,/user/raabe14/u19361/workspace-allen/results/zebra/sub-830795_ses-ecephys-830795-2026-02-23-15-03-59_ecephys.nwb/ProbeF/trial_1/phase_0/lib_ab4a70858e/lib_ab4a70858e__delay_0.0__dur_0.13.h5
f905e379-744e-4a53-9fbe-911814ee2087,0.01,0.18000000000000002,ab4a70858e,0.08932653069496155,-20.59701492537313,-2.6886792452830193,157.4840764271708,17.91,22,28,7,2.199114857512855,3,5.0,9,0.1,/user/raabe14/u19361/workspace-allen/results/zebra/sub-830795_ses-ecephys-830795-2026-02-23-15-03-59_ecephys.nwb/ProbeF/trial_1/phase_0/lib_ab4a70858e/lib_ab4a70858e__delay_0.01__dur_0.18000000000000002.h5
f992917d-7666-4191-beb6-83070d477d3c,0.30000000000000004,0.23,ab4a70858e,0.08715393394231796,58.20895522388061,11.650943396226417,157.4840764271708,14.32,66,20,7,2.199114857512855,2,4.0,12,1.3,/user/raabe14/u19361/workspace-allen/results/zebra/sub-830795_ses-ecephys-830795-2026-02-23-15-03-59_ecephys.nwb/ProbeF/trial_1/phase_0/lib_ab4a70858e/lib_ab4a70858e__delay_0.30000000000000004__dur_0.23.h5
fa33a9c4-d13e-45f0-b5cb-dfe6568e0f47,0.15000000000000002,0.23,ab4a70858e,0.07712440937757492,-29.55223880597015,-36.74528301886792,90.0,14.32,17,47,4,1.2566370614359172,2,4.0,9,0.1,/user/raabe14/u19361/workspace-allen/results/zebra/sub-830795_ses-ecephys-830795-2026-02-23-15-03-59_ecephys.nwb/ProbeF/trial_1/phase_0/lib_ab4a70858e/lib_ab4a70858e__delay_0.15000000000000002__dur_0.23.h5
fae7926d-62df-4b55-8ffb-ca03ba0fea02,0.25,0.23,ab4a70858e,0.07891405373811722,-27.761194029850742,17.02830188679245,157.4840764271708,21.49,18,17,7,2.199114857512855,4,6.0,3,0.04,/user/raabe14/u19361/workspace-allen/results/zebra/sub-830795_ses-ecephys-830795-2026-02-23-15-03-59_ecephys.nwb/ProbeF/trial_1/phase_0/lib_ab4a70858e/lib_ab4a70858e__delay_0.25__dur_0.23.h5
fb73a9c0-4f6d-49ca-aacc-a5b79392ba8b,0.06,0.23,ab4a70858e,0.07474855333566666,2.6865671641791096,8.066037735849058,22.515923572829163,17.91,35,22,9,2.827433388230814,3,5.0,4,0.05,/user/raabe14/u19361/workspace-allen/results/zebra/sub-830795_ses-ecephys-830795-2026-02-23-15-03-59_ecephys.nwb/ProbeF/trial_1/phase_0/lib_ab4a70858e/lib_ab4a70858e__delay_0.06__dur_0.23.h5
fc21db0e-d704-4c0c-935f-a84b606b2447,0.01,0.03,ab4a70858e,0.0,-60.0,47.5,0.0,7.16,0,0,0,0.0,0,2.0,0,0.01,/user/raabe14/u19361/workspace-allen/results/zebra/sub-830795_ses-ecephys-830795-2026-02-23-15-03-59_ecephys.nwb/ProbeF/trial_1/phase_0/lib_ab4a70858e/lib_ab4a70858e__delay_0.01__dur_0.03.h5
fc2f5bc0-ebeb-4fcd-acb9-43871606cce2,0.1,0.23,ab4a70858e,0.09042631834745407,33.13432835820896,29.575471698113205,0.0,21.49,52,10,0,0.0,4,6.0,11,1.2,/user/raabe14/u19361/workspace-allen/results/zebra/sub-830795_ses-ecephys-830795-2026-02-23-15-03-59_ecephys.nwb/ProbeF/trial_1/phase_0/lib_ab4a70858e/lib_ab4a70858e__delay_0.1__dur_0.23.h5
fc4afd27-8e10-491d-adc0-067dceb5dc6f,0.2,0.23,ab4a70858e,0.09806345403194427,-8.059701492537314,33.160377358490564,112.48408527317332,21.49,29,8,5,1.5707963267948966,4,6.0,11,1.2,/user/raabe14/u19361/workspace-allen/results/zebra/sub-830795_ses-ecephys-830795-2026-02-23-15-03-59_ecephys.nwb/ProbeF/trial_1/phase_0/lib_ab4a70858e/lib_ab4a70858e__delay_0.2__dur_0.23.h5
fc6e5ef6-ac3d-4860-b822-811d9be9c167,0.0,0.08,ab4a70858e,0.10496825724840164,4.477611940298516,0.8962264150943398,67.51591472682667,14.32,36,26,3,0.9424777960769379,2,4.0,12,1.3,/user/raabe14/u19361/workspace-allen/results/zebra/sub-830795_ses-ecephys-830795-2026-02-23-15-03-59_ecephys.nwb/ProbeF/trial_1/phase_0/lib_ab4a70858e/lib_ab4a70858e__delay_0.0__dur_0.08.h5
fd0ab372-1edc-4b8a-a1a1-b7e24d33194d,0.25,0.13,ab4a70858e,0.07796002924442291,49.25373134328359,24.198113207547166,45.02251307527088,10.74,61,13,2,0.6283185307179586,1,3.0,3,0.04,/user/raabe14/u19361/workspace-allen/results/zebra/sub-830795_ses-ecephys-830795-2026-02-23-15-03-59_ecephys.nwb/ProbeF/trial_1/phase_0/lib_ab4a70858e/lib_ab4a70858e__delay_0.25__dur_0.13.h5
fdc2de6f-513c-46d9-b99d-408db8930018,0.25,0.23,ab4a70858e,0.07838866114616394,22.388059701492537,2.6886792452830193,157.4840764271708,10.74,46,25,7,2.199114857512855,1,3.0,7,0.08,/user/raabe14/u19361/workspace-allen/results/zebra/sub-830795_ses-ecephys-830795-2026-02-23-15-03-59_ecephys.nwb/ProbeF/trial_1/phase_0/lib_ab4a70858e/lib_ab4a70858e__delay_0.25__dur_0.23.h5
fea668dd-65d4-4003-bcb7-2987019e01e3,0.15000000000000002,0.23,ab4a70858e,0.1082516610622406,27.761194029850756,33.160377358490564,0.0,21.49,49,8,0,0.0,4,6.0,11,1.2,/user/raabe14/u19361/workspace-allen/results/zebra/sub-830795_ses-ecephys-830795-2026-02-23-15-03-59_ecephys.nwb/ProbeF/trial_1/phase_0/lib_ab4a70858e/lib_ab4a70858e__delay_0.15000000000000002__dur_0.23.h5
ff5caf83-2dc7-4e2a-a2ea-1398a06ccc89,0.01,0.03,ab4a70858e,0.0,-60.0,47.5,0.0,7.16,0,0,0,0.0,0,2.0,0,0.01,/user/raabe14/u19361/workspace-allen/results/zebra/sub-830795_ses-ecephys-830795-2026-02-23-15-03-59_ecephys.nwb/ProbeF/trial_1/phase_0/lib_ab4a70858e/lib_ab4a70858e__delay_0.01__dur_0.03.h5
