unit_id,delay,duration,lib_id,abs_max_value,x_deg,y_deg,theta_deg,sigma_deg,xi,yi,theta_idx,theta_rad,sigma_idx,sigma,frequency_idx,frequency,source_file
001b97e3-cef8-442d-97a5-a97f2036ce27,0.05,0.23,ab4a70858e,0.0772530809044838,-33.134328358208954,-8.066037735849058,22.515923572829163,21.49,15,31,9,2.827433388230814,4,6.0,9,0.1,/user/raabe14/u19361/workspace-allen/results/zebra/sub-830795_ses-ecephys-830795-2026-02-23-15-03-59_ecephys.nwb/ProbeF/trial_1/phase_1/lib_ab4a70858e/lib_ab4a70858e__delay_0.05__dur_0.23.h5
002691ee-7acd-4e1e-b685-9ee42232e421,0.30000000000000004,0.23,ab4a70858e,0.12569917738437653,6.268656716417908,2.6886792452830193,67.51591472682667,10.74,37,25,3,0.9424777960769379,1,3.0,12,1.3,/user/raabe14/u19361/workspace-allen/results/zebra/sub-830795_ses-ecephys-830795-2026-02-23-15-03-59_ecephys.nwb/ProbeF/trial_1/phase_1/lib_ab4a70858e/lib_ab4a70858e__delay_0.30000000000000004__dur_0.23.h5
0026ce90-1375-402b-8347-275d4b4ac29e,0.25,0.18000000000000002,ab4a70858e,0.07526136934757233,-18.80597014925373,47.5,67.51591472682667,14.32,23,0,3,0.9424777960769379,2,4.0,9,0.1,/user/raabe14/u19361/workspace-allen/results/zebra/sub-830795_ses-ecephys-830795-2026-02-23-15-03-59_ecephys.nwb/ProbeF/trial_1/phase_1/lib_ab4a70858e/lib_ab4a70858e__delay_0.25__dur_0.18000000000000002.h5
004cecef-0f54-4ac6-830f-26371e77e363,0.30000000000000004,0.23,ab4a70858e,0.07859079539775848,-13.43283582089552,33.160377358490564,22.515923572829163,21.49,26,8,9,2.827433388230814,4,6.0,9,0.1,/user/raabe14/u19361/workspace-allen/results/zebra/sub-830795_ses-ecephys-830795-2026-02-23-15-03-59_ecephys.nwb/ProbeF/trial_1/phase_1/lib_ab4a70858e/lib_ab4a70858e__delay_0.30000000000000004__dur_0.23.h5
00efadfe-3129-48c5-a1c9-2a3ae7ed72e8,0.05,0.23,ab4a70858e,0.08353379368782043,-0.8955223880596961,-8.066037735849058,0.0,7.16,33,31,0,0.0,0,2.0,11,1.2,/user/raabe14/u19361/workspace-allen/results/zebra/sub-830795_ses-ecephys-830795-2026-02-23-15-03-59_ecephys.nwb/ProbeF/trial_1/phase_1/lib_ab4a70858e/lib_ab4a70858e__delay_0.05__dur_0.23.h5
016b98b8-3eaf-48c3-b7fd-3f5654675164,0.0,0.18000000000000002,ab4a70858e,0.08664820343255997,9.85074626865672,-24.19811320754717,157.4840764271708,28.65,39,40,7,2.199114857512855,5,8.0,0,0.01,/user/raabe14/u19361/workspace-allen/results/zebra/sub-830795_ses-ecephys-830795-2026-02-23-15-03-59_ecephys.nwb/ProbeF/trial_1/phase_1/lib_ab4a70858e/lib_ab4a70858e__delay_0.0__dur_0.18000000000000002.h5
03368e34-6430-417f-afeb-ba427e3e9f94,0.1,0.18000000000000002,ab4a70858e,0.09557095170021057,9.85074626865672,-33.160377358490564,22.515923572829163,14.32,39,45,9,2.827433388230814,2,4.0,12,1.3,/user/raabe14/u19361/workspace-allen/results/zebra/sub-830795_ses-ecephys-830795-2026-02-23-15-03-59_ecephys.nwb/ProbeF/trial_1/phase_1/lib_ab4a70858e/lib_ab4a70858e__delay_0.1__dur_0.18000000000000002.h5
0469836b-f6f5-4088-878a-4aa16137abd0,0.2,0.23,ab4a70858e,0.08644922077655792,-9.850746268656714,-22.40566037735849,45.02251307527088,28.65,28,39,2,0.6283185307179586,5,8.0,9,0.1,/user/raabe14/u19361/workspace-allen/results/zebra/sub-830795_ses-ecephys-830795-2026-02-23-15-03-59_ecephys.nwb/ProbeF/trial_1/phase_1/lib_ab4a70858e/lib_ab4a70858e__delay_0.2__dur_0.23.h5
049f8194-933b-4889-82ed-e487500467db,0.05,0.03,ab4a70858e,0.0,-60.0,47.5,0.0,7.16,0,0,0,0.0,0,2.0,0,0.01,/user/raabe14/u19361/workspace-allen/results/zebra/sub-830795_ses-ecephys-830795-2026-02-23-15-03-59_ecephys.nwb/ProbeF/trial_1/phase_1/lib_ab4a70858e/lib_ab4a70858e__delay_0.05__dur_0.03.h5
05bea790-79c4-40fa-b368-f1c589bc4309,0.2,0.23,ab4a70858e,0.07216615229845047,6.268656716417908,-18.82075471698113,0.0,28.65,37,37,0,0.0,5,8.0,9,0.1,/user/raabe14/u19361/workspace-allen/results/zebra/sub-830795_ses-ecephys-830795-2026-02-23-15-03-59_ecephys.nwb/ProbeF/trial_1/phase_1/lib_ab4a70858e/lib_ab4a70858e__delay_0.2__dur_0.23.h5
0660c948-48ae-4d45-809e-24662336358f,0.05,0.03,ab4a70858e,0.0,-60.0,47.5,0.0,7.16,0,0,0,0.0,0,2.0,0,0.01,/user/raabe14/u19361/workspace-allen/results/zebra/sub-830795_ses-ecephys-830795-2026-02-23-15-03-59_ecephys.nwb/ProbeF/trial_1/phase_1/lib_ab4a70858e/lib_ab4a70858e__delay_0.05__dur_0.03.h5
06760f26-b35f-4d3f-8807-c6372c15518a,0.0,0.23,ab4a70858e,0.07884477823972702,-22.388059701492537,-2.6886792452830193,22.515923572829163,21.49,21,28,9,2.827433388230814,4,6.0,9,0.1,/user/raabe14/u19361/workspace-allen/results/zebra/sub-830795_ses-ecephys-830795-2026-02-23-15-03-59_ecephys.nwb/ProbeF/trial_1/phase_1/lib_ab4a70858e/lib_ab4a70858e__delay_0.0__dur_0.23.h5
067d22a4-0fce-4a6a-bc4c-1bc5673e0f9c,0.30000000000000004,0.23,ab4a70858e,0.08160767704248428,0.8955223880597032,-25.99056603773585,67.51591472682667,21.49,34,41,3,0.9424777960769379,4,6.0,6,0.07,/user/raabe14/u19361/workspace-allen/results/zebra/sub-830795_ses-ecephys-830795-2026-02-23-15-03-59_ecephys.nwb/ProbeF/trial_1/phase_1/lib_ab4a70858e/lib_ab4a70858e__delay_0.30000000000000004__dur_0.23.h5
06d2d94e-1fc7-46b7-8fb0-b801413b15b1,0.15000000000000002,0.23,ab4a70858e,0.08580026775598526,38.507462686567166,27.783018867924525,0.0,28.65,55,11,0,0.0,5,8.0,11,1.2,/user/raabe14/u19361/workspace-allen/results/zebra/sub-830795_ses-ecephys-830795-2026-02-23-15-03-59_ecephys.nwb/ProbeF/trial_1/phase_1/lib_ab4a70858e/lib_ab4a70858e__delay_0.15000000000000002__dur_0.23.h5
072efc58-daf6-4031-a1ef-ed207651e71d,0.30000000000000004,0.18000000000000002,ab4a70858e,0.10167878866195679,-27.761194029850742,6.273584905660378,112.48408527317332,28.65,18,23,5,1.5707963267948966,5,8.0,11,1.2,/user/raabe14/u19361/workspace-allen/results/zebra/sub-830795_ses-ecephys-830795-2026-02-23-15-03-59_ecephys.nwb/ProbeF/trial_1/phase_1/lib_ab4a70858e/lib_ab4a70858e__delay_0.30000000000000004__dur_0.18000000000000002.h5
085822f8-bd66-4831-8de5-45d200205fcb,0.05,0.13,ab4a70858e,0.07869608700275421,43.88059701492537,-2.6886792452830193,67.51591472682667,10.74,58,28,3,0.9424777960769379,1,3.0,11,1.2,/user/raabe14/u19361/workspace-allen/results/zebra/sub-830795_ses-ecephys-830795-2026-02-23-15-03-59_ecephys.nwb/ProbeF/trial_1/phase_1/lib_ab4a70858e/lib_ab4a70858e__delay_0.05__dur_0.13.h5
08aa1db0-ab18-4754-907d-b58f79f087e8,0.05,0.13,ab4a70858e,0.07073447853326797,13.43283582089552,-25.99056603773585,67.51591472682667,7.16,41,41,3,0.9424777960769379,0,2.0,9,0.1,/user/raabe14/u19361/workspace-allen/results/zebra/sub-830795_ses-ecephys-830795-2026-02-23-15-03-59_ecephys.nwb/ProbeF/trial_1/phase_1/lib_ab4a70858e/lib_ab4a70858e__delay_0.05__dur_0.13.h5
08f4bdb3-02f3-46f8-9e93-cfe59c5e83e1,0.30000000000000004,0.23,ab4a70858e,0.08983055502176285,56.4179104477612,-40.33018867924528,180.0,28.65,65,49,8,2.5132741228718345,5,8.0,8,0.09,/user/raabe14/u19361/workspace-allen/results/zebra/sub-830795_ses-ecephys-830795-2026-02-23-15-03-59_ecephys.nwb/ProbeF/trial_1/phase_1/lib_ab4a70858e/lib_ab4a70858e__delay_0.30000000000000004__dur_0.23.h5
0973a34f-0301-44c4-9981-edcfbf055a50,0.30000000000000004,0.18000000000000002,ab4a70858e,0.06701672077178955,-0.8955223880596961,-22.40566037735849,0.0,7.16,33,39,0,0.0,0,2.0,9,0.1,/user/raabe14/u19361/workspace-allen/results/zebra/sub-830795_ses-ecephys-830795-2026-02-23-15-03-59_ecephys.nwb/ProbeF/trial_1/phase_1/lib_ab4a70858e/lib_ab4a70858e__delay_0.30000000000000004__dur_0.18000000000000002.h5
09afab22-a74f-44f6-9fe3-07193cc9ec8e,0.1,0.18000000000000002,ab4a70858e,0.0853603184223175,-24.179104477611936,-18.82075471698113,134.9774869247291,21.49,20,37,6,1.8849555921538759,4,6.0,9,0.1,/user/raabe14/u19361/workspace-allen/results/zebra/sub-830795_ses-ecephys-830795-2026-02-23-15-03-59_ecephys.nwb/ProbeF/trial_1/phase_1/lib_ab4a70858e/lib_ab4a70858e__delay_0.1__dur_0.18000000000000002.h5
09cbb120-7e9c-4054-bd7b-e80d92296928,0.0,0.13,ab4a70858e,0.07710262387990952,9.85074626865672,-31.367924528301888,22.515923572829195,28.65,39,44,1,0.3141592653589793,5,8.0,3,0.04,/user/raabe14/u19361/workspace-allen/results/zebra/sub-830795_ses-ecephys-830795-2026-02-23-15-03-59_ecephys.nwb/ProbeF/trial_1/phase_1/lib_ab4a70858e/lib_ab4a70858e__delay_0.0__dur_0.13.h5
09cffb87-f152-44de-9492-bcfe495e9420,0.30000000000000004,0.23,ab4a70858e,0.08009125292301178,-18.80597014925373,-22.40566037735849,157.4840764271708,14.32,23,39,7,2.199114857512855,2,4.0,12,1.3,/user/raabe14/u19361/workspace-allen/results/zebra/sub-830795_ses-ecephys-830795-2026-02-23-15-03-59_ecephys.nwb/ProbeF/trial_1/phase_1/lib_ab4a70858e/lib_ab4a70858e__delay_0.30000000000000004__dur_0.23.h5
0a54edb2-dc5b-4cc2-93b5-d1d3c64defe2,0.15000000000000002,0.23,ab4a70858e,0.07462257146835327,18.80597014925374,-27.78301886792453,180.0,28.65,44,42,8,2.5132741228718345,5,8.0,0,0.01,/user/raabe14/u19361/workspace-allen/results/zebra/sub-830795_ses-ecephys-830795-2026-02-23-15-03-59_ecephys.nwb/ProbeF/trial_1/phase_1/lib_ab4a70858e/lib_ab4a70858e__delay_0.15000000000000002__dur_0.23.h5
0ad9e216-a761-4657-8282-b11a796bcf83,0.0,0.23,ab4a70858e,0.07237475365400314,-29.55223880597015,27.783018867924525,112.48408527317332,14.32,17,11,5,1.5707963267948966,2,4.0,11,1.2,/user/raabe14/u19361/workspace-allen/results/zebra/sub-830795_ses-ecephys-830795-2026-02-23-15-03-59_ecephys.nwb/ProbeF/trial_1/phase_1/lib_ab4a70858e/lib_ab4a70858e__delay_0.0__dur_0.23.h5
0b0abe3f-172e-4c39-b0c0-f8a67c3ddfe8,0.25,0.18000000000000002,ab4a70858e,0.07811471074819565,24.179104477611943,-4.481132075471699,67.51591472682667,21.49,47,29,3,0.9424777960769379,4,6.0,5,0.06,/user/raabe14/u19361/workspace-allen/results/zebra/sub-830795_ses-ecephys-830795-2026-02-23-15-03-59_ecephys.nwb/ProbeF/trial_1/phase_1/lib_ab4a70858e/lib_ab4a70858e__delay_0.25__dur_0.18000000000000002.h5
0d6540d4-eaaa-4dc4-a301-97b9239a68fa,0.0,0.13,ab4a70858e,0.07990270107984543,-6.268656716417908,-24.19811320754717,0.0,7.16,30,40,0,0.0,0,2.0,11,1.2,/user/raabe14/u19361/workspace-allen/results/zebra/sub-830795_ses-ecephys-830795-2026-02-23-15-03-59_ecephys.nwb/ProbeF/trial_1/phase_1/lib_ab4a70858e/lib_ab4a70858e__delay_0.0__dur_0.13.h5
0dacd113-917d-4827-8b7b-939fc39986b2,0.2,0.23,ab4a70858e,0.0858079046010971,-4.477611940298509,20.613207547169807,180.0,10.74,31,15,8,2.5132741228718345,1,3.0,12,1.3,/user/raabe14/u19361/workspace-allen/results/zebra/sub-830795_ses-ecephys-830795-2026-02-23-15-03-59_ecephys.nwb/ProbeF/trial_1/phase_1/lib_ab4a70858e/lib_ab4a70858e__delay_0.2__dur_0.23.h5
0e227cf9-80a3-4a42-ab9c-8f12f1197126,0.1,0.13,ab4a70858e,0.10388035327196121,-47.46268656716418,-17.028301886792452,157.4840764271708,10.74,7,36,7,2.199114857512855,1,3.0,12,1.3,/user/raabe14/u19361/workspace-allen/results/zebra/sub-830795_ses-ecephys-830795-2026-02-23-15-03-59_ecephys.nwb/ProbeF/trial_1/phase_1/lib_ab4a70858e/lib_ab4a70858e__delay_0.1__dur_0.13.h5
0e55d654-3930-4301-a2f5-4ce00604ec31,0.05,0.18000000000000002,ab4a70858e,0.09427208453416824,-6.268656716417908,31.367924528301884,0.0,14.32,30,9,0,0.0,2,4.0,11,1.2,/user/raabe14/u19361/workspace-allen/results/zebra/sub-830795_ses-ecephys-830795-2026-02-23-15-03-59_ecephys.nwb/ProbeF/trial_1/phase_1/lib_ab4a70858e/lib_ab4a70858e__delay_0.05__dur_0.18000000000000002.h5
0f06bdfc-4359-427d-a894-b8e41d548f11,0.25,0.18000000000000002,ab4a70858e,0.07424291968345642,-0.8955223880596961,36.74528301886792,22.515923572829163,28.65,33,6,9,2.827433388230814,5,8.0,4,0.05,/user/raabe14/u19361/workspace-allen/results/zebra/sub-830795_ses-ecephys-830795-2026-02-23-15-03-59_ecephys.nwb/ProbeF/trial_1/phase_1/lib_ab4a70858e/lib_ab4a70858e__delay_0.25__dur_0.18000000000000002.h5
0f68a5f4-534f-45e4-b867-ea684d02026e,0.30000000000000004,0.23,ab4a70858e,0.07757193595170975,-11.64179104477612,-17.028301886792452,157.4840764271708,10.74,27,36,7,2.199114857512855,1,3.0,12,1.3,/user/raabe14/u19361/workspace-allen/results/zebra/sub-830795_ses-ecephys-830795-2026-02-23-15-03-59_ecephys.nwb/ProbeF/trial_1/phase_1/lib_ab4a70858e/lib_ab4a70858e__delay_0.30000000000000004__dur_0.23.h5
0f7463b6-cf30-4bb2-a15f-61a85261e94d,0.0,0.23,ab4a70858e,0.07348566502332687,-43.88059701492537,25.990566037735846,45.02251307527088,10.74,9,12,2,0.6283185307179586,1,3.0,12,1.3,/user/raabe14/u19361/workspace-allen/results/zebra/sub-830795_ses-ecephys-830795-2026-02-23-15-03-59_ecephys.nwb/ProbeF/trial_1/phase_1/lib_ab4a70858e/lib_ab4a70858e__delay_0.0__dur_0.23.h5
105e4884-d4be-43d2-9eed-02cb953efa7f,0.0,0.23,ab4a70858e,0.0853969007730484,24.179104477611943,31.367924528301884,112.48408527317332,17.91,47,9,5,1.5707963267948966,3,5.0,4,0.05,/user/raabe14/u19361/workspace-allen/results/zebra/sub-830795_ses-ecephys-830795-2026-02-23-15-03-59_ecephys.nwb/ProbeF/trial_1/phase_1/lib_ab4a70858e/lib_ab4a70858e__delay_0.0__dur_0.23.h5
119258d6-7ed0-40ff-800c-26a0e867ba8b,0.2,0.23,ab4a70858e,0.08026639372110367,31.343283582089555,0.8962264150943398,134.9774869247291,14.32,51,26,6,1.8849555921538759,2,4.0,9,0.1,/user/raabe14/u19361/workspace-allen/results/zebra/sub-830795_ses-ecephys-830795-2026-02-23-15-03-59_ecephys.nwb/ProbeF/trial_1/phase_1/lib_ab4a70858e/lib_ab4a70858e__delay_0.2__dur_0.23.h5
11ddee5d-cb20-4bce-bbf3-240b9c8e1c6d,0.25,0.13,ab4a70858e,0.07756878435611725,-8.059701492537314,36.74528301886792,90.0,28.65,29,6,4,1.2566370614359172,5,8.0,9,0.1,/user/raabe14/u19361/workspace-allen/results/zebra/sub-830795_ses-ecephys-830795-2026-02-23-15-03-59_ecephys.nwb/ProbeF/trial_1/phase_1/lib_ab4a70858e/lib_ab4a70858e__delay_0.25__dur_0.13.h5
11e56929-e1bd-4c50-93fd-65b630e79070,0.1,0.23,ab4a70858e,0.08801109343767166,34.92537313432837,27.783018867924525,0.0,21.49,53,11,0,0.0,4,6.0,11,1.2,/user/raabe14/u19361/workspace-allen/results/zebra/sub-830795_ses-ecephys-830795-2026-02-23-15-03-59_ecephys.nwb/ProbeF/trial_1/phase_1/lib_ab4a70858e/lib_ab4a70858e__delay_0.1__dur_0.23.h5
13f6f1a4-069b-4d91-a9e2-f3c3d4546d7f,0.05,0.23,ab4a70858e,0.0778450146317482,25.97014925373135,6.273584905660378,67.51591472682667,28.65,48,23,3,0.9424777960769379,5,8.0,5,0.06,/user/raabe14/u19361/workspace-allen/results/zebra/sub-830795_ses-ecephys-830795-2026-02-23-15-03-59_ecephys.nwb/ProbeF/trial_1/phase_1/lib_ab4a70858e/lib_ab4a70858e__delay_0.05__dur_0.23.h5
13fb52cc-4cb5-4bfe-b7ca-e4db044530e6,0.15000000000000002,0.23,ab4a70858e,0.08627653121948242,-47.46268656716418,38.5377358490566,180.0,17.91,7,5,8,2.5132741228718345,3,5.0,1,0.02,/user/raabe14/u19361/workspace-allen/results/zebra/sub-830795_ses-ecephys-830795-2026-02-23-15-03-59_ecephys.nwb/ProbeF/trial_1/phase_1/lib_ab4a70858e/lib_ab4a70858e__delay_0.15000000000000002__dur_0.23.h5
14976e01-bf44-4a21-a1a0-c9319fe2344c,0.2,0.18000000000000002,ab4a70858e,0.07823481410741806,-52.83582089552239,31.367924528301884,0.0,14.32,4,9,0,0.0,2,4.0,11,1.2,/user/raabe14/u19361/workspace-allen/results/zebra/sub-830795_ses-ecephys-830795-2026-02-23-15-03-59_ecephys.nwb/ProbeF/trial_1/phase_1/lib_ab4a70858e/lib_ab4a70858e__delay_0.2__dur_0.18000000000000002.h5
153db119-dcb9-4d70-9428-a8d1bbd13520,0.05,0.03,ab4a70858e,0.0,-60.0,47.5,0.0,7.16,0,0,0,0.0,0,2.0,0,0.01,/user/raabe14/u19361/workspace-allen/results/zebra/sub-830795_ses-ecephys-830795-2026-02-23-15-03-59_ecephys.nwb/ProbeF/trial_1/phase_1/lib_ab4a70858e/lib_ab4a70858e__delay_0.05__dur_0.03.h5
157ac414-138a-44cb-8f69-cd00b05dbf23,0.30000000000000004,0.18000000000000002,ab4a70858e,0.08674287796020508,40.29850746268657,-0.8962264150943398,0.0,28.65,56,27,0,0.0,5,8.0,1,0.02,/user/raabe14/u19361/workspace-allen/results/zebra/sub-830795_ses-ecephys-830795-2026-02-23-15-03-59_ecephys.nwb/ProbeF/trial_1/phase_1/lib_ab4a70858e/lib_ab4a70858e__delay_0.30000000000000004__dur_0.18000000000000002.h5
16644da8-6be6-4fa2-a1dd-5bda20ac09f1,0.05,0.23,ab4a70858e,0.08385150134563446,-36.71641791044776,-11.650943396226417,180.0,14.32,13,33,8,2.5132741228718345,2,4.0,9,0.1,/user/raabe14/u19361/workspace-allen/results/zebra/sub-830795_ses-ecephys-830795-2026-02-23-15-03-59_ecephys.nwb/ProbeF/trial_1/phase_1/lib_ab4a70858e/lib_ab4a70858e__delay_0.05__dur_0.23.h5
16c80407-09c8-481c-a087-0c0c76d6a3c9,0.15000000000000002,0.23,ab4a70858e,0.08850803971290588,-31.34328358208955,31.367924528301884,180.0,28.65,16,9,8,2.5132741228718345,5,8.0,9,0.1,/user/raabe14/u19361/workspace-allen/results/zebra/sub-830795_ses-ecephys-830795-2026-02-23-15-03-59_ecephys.nwb/ProbeF/trial_1/phase_1/lib_ab4a70858e/lib_ab4a70858e__delay_0.15000000000000002__dur_0.23.h5
170017b5-5252-4fb9-951b-86e0caa30564,0.0,0.18000000000000002,ab4a70858e,0.11050797998905182,-18.80597014925373,0.8962264150943398,180.0,28.65,23,26,8,2.5132741228718345,5,8.0,12,1.3,/user/raabe14/u19361/workspace-allen/results/zebra/sub-830795_ses-ecephys-830795-2026-02-23-15-03-59_ecephys.nwb/ProbeF/trial_1/phase_1/lib_ab4a70858e/lib_ab4a70858e__delay_0.0__dur_0.18000000000000002.h5
17f886bf-5925-4684-a487-dc83348ae2a1,0.1,0.13,ab4a70858e,0.0761275663971901,40.29850746268657,-29.57547169811321,112.48408527317332,7.16,56,43,5,1.5707963267948966,0,2.0,11,1.2,/user/raabe14/u19361/workspace-allen/results/zebra/sub-830795_ses-ecephys-830795-2026-02-23-15-03-59_ecephys.nwb/ProbeF/trial_1/phase_1/lib_ab4a70858e/lib_ab4a70858e__delay_0.1__dur_0.13.h5
194ab144-c615-424f-b09e-35953fed2f16,0.30000000000000004,0.13,ab4a70858e,0.06781657785177231,25.97014925373135,-17.028301886792452,180.0,7.16,48,36,8,2.5132741228718345,0,2.0,0,0.01,/user/raabe14/u19361/workspace-allen/results/zebra/sub-830795_ses-ecephys-830795-2026-02-23-15-03-59_ecephys.nwb/ProbeF/trial_1/phase_1/lib_ab4a70858e/lib_ab4a70858e__delay_0.30000000000000004__dur_0.13.h5
1aa25bd1-a5ac-4b1c-b35d-7fa2ad92aeb5,0.25,0.18000000000000002,ab4a70858e,0.10706085711717606,31.343283582089555,-22.40566037735849,0.0,17.91,51,39,0,0.0,3,5.0,11,1.2,/user/raabe14/u19361/workspace-allen/results/zebra/sub-830795_ses-ecephys-830795-2026-02-23-15-03-59_ecephys.nwb/ProbeF/trial_1/phase_1/lib_ab4a70858e/lib_ab4a70858e__delay_0.25__dur_0.18000000000000002.h5
1cd6e480-93b8-42f8-b987-a88fe9cfe232,0.05,0.23,ab4a70858e,0.08891576528549194,-6.268656716417908,15.235849056603776,180.0,10.74,30,18,8,2.5132741228718345,1,3.0,12,1.3,/user/raabe14/u19361/workspace-allen/results/zebra/sub-830795_ses-ecephys-830795-2026-02-23-15-03-59_ecephys.nwb/ProbeF/trial_1/phase_1/lib_ab4a70858e/lib_ab4a70858e__delay_0.05__dur_0.23.h5
1d705c82-b3cf-4ae7-97bd-7b891425c9f3,0.0,0.23,ab4a70858e,0.08245233446359634,58.20895522388061,8.066037735849058,90.0,10.74,66,22,4,1.2566370614359172,1,3.0,9,0.1,/user/raabe14/u19361/workspace-allen/results/zebra/sub-830795_ses-ecephys-830795-2026-02-23-15-03-59_ecephys.nwb/ProbeF/trial_1/phase_1/lib_ab4a70858e/lib_ab4a70858e__delay_0.0__dur_0.23.h5
1d84d213-114f-41ab-b514-2cbf6c569dab,0.1,0.23,ab4a70858e,0.087730273604393,-17.014925373134325,0.8962264150943398,45.02251307527088,28.65,24,26,2,0.6283185307179586,5,8.0,8,0.09,/user/raabe14/u19361/workspace-allen/results/zebra/sub-830795_ses-ecephys-830795-2026-02-23-15-03-59_ecephys.nwb/ProbeF/trial_1/phase_1/lib_ab4a70858e/lib_ab4a70858e__delay_0.1__dur_0.23.h5
1ddb5066-31fe-4cc4-8e16-a12de02d7cc6,0.05,0.03,ab4a70858e,0.0,-60.0,47.5,0.0,7.16,0,0,0,0.0,0,2.0,0,0.01,/user/raabe14/u19361/workspace-allen/results/zebra/sub-830795_ses-ecephys-830795-2026-02-23-15-03-59_ecephys.nwb/ProbeF/trial_1/phase_1/lib_ab4a70858e/lib_ab4a70858e__delay_0.05__dur_0.03.h5
1e6bd34b-b303-4435-8c3f-ab86eac0f8ed,0.1,0.13,ab4a70858e,0.08271351456642151,-24.179104477611936,24.198113207547166,112.48408527317332,14.32,20,13,5,1.5707963267948966,2,4.0,7,0.08,/user/raabe14/u19361/workspace-allen/results/zebra/sub-830795_ses-ecephys-830795-2026-02-23-15-03-59_ecephys.nwb/ProbeF/trial_1/phase_1/lib_ab4a70858e/lib_ab4a70858e__delay_0.1__dur_0.13.h5
1e97f930-fe49-471b-92a2-c4f3cd247232,0.2,0.23,ab4a70858e,0.0868292823433876,9.85074626865672,0.8962264150943398,67.51591472682667,14.32,39,26,3,0.9424777960769379,2,4.0,12,1.3,/user/raabe14/u19361/workspace-allen/results/zebra/sub-830795_ses-ecephys-830795-2026-02-23-15-03-59_ecephys.nwb/ProbeF/trial_1/phase_1/lib_ab4a70858e/lib_ab4a70858e__delay_0.2__dur_0.23.h5
1eda999a-55a1-4b6e-b01a-faa3e90e703e,0.05,0.18000000000000002,ab4a70858e,0.10311131924390793,-4.477611940298509,31.367924528301884,180.0,17.91,31,9,8,2.5132741228718345,3,5.0,12,1.3,/user/raabe14/u19361/workspace-allen/results/zebra/sub-830795_ses-ecephys-830795-2026-02-23-15-03-59_ecephys.nwb/ProbeF/trial_1/phase_1/lib_ab4a70858e/lib_ab4a70858e__delay_0.05__dur_0.18000000000000002.h5
1f00600a-eec1-4775-a929-2cb81ba50d50,0.30000000000000004,0.23,ab4a70858e,0.08133041858673096,-6.268656716417908,4.481132075471699,112.48408527317332,7.16,30,24,5,1.5707963267948966,0,2.0,11,1.2,/user/raabe14/u19361/workspace-allen/results/zebra/sub-830795_ses-ecephys-830795-2026-02-23-15-03-59_ecephys.nwb/ProbeF/trial_1/phase_1/lib_ab4a70858e/lib_ab4a70858e__delay_0.30000000000000004__dur_0.23.h5
1f562b83-1b05-4076-b001-71b0b1f9270d,0.0,0.08,ab4a70858e,0.07003507763147354,-33.134328358208954,-17.028301886792452,0.0,7.16,15,36,0,0.0,0,2.0,11,1.2,/user/raabe14/u19361/workspace-allen/results/zebra/sub-830795_ses-ecephys-830795-2026-02-23-15-03-59_ecephys.nwb/ProbeF/trial_1/phase_1/lib_ab4a70858e/lib_ab4a70858e__delay_0.0__dur_0.08.h5
1f7efe68-c04f-41fd-a2cd-da83fef66795,0.0,0.23,ab4a70858e,0.08788120746612549,-43.88059701492537,9.858490566037737,67.51591472682667,28.65,9,21,3,0.9424777960769379,5,8.0,9,0.1,/user/raabe14/u19361/workspace-allen/results/zebra/sub-830795_ses-ecephys-830795-2026-02-23-15-03-59_ecephys.nwb/ProbeF/trial_1/phase_1/lib_ab4a70858e/lib_ab4a70858e__delay_0.0__dur_0.23.h5
216e9671-f046-4b75-8692-1b72384f46ba,0.30000000000000004,0.23,ab4a70858e,0.08462837338447571,-8.059701492537314,22.405660377358487,180.0,10.74,29,14,8,2.5132741228718345,1,3.0,12,1.3,/user/raabe14/u19361/workspace-allen/results/zebra/sub-830795_ses-ecephys-830795-2026-02-23-15-03-59_ecephys.nwb/ProbeF/trial_1/phase_1/lib_ab4a70858e/lib_ab4a70858e__delay_0.30000000000000004__dur_0.23.h5
21f5bf8e-74b2-48ef-96ef-16edb815879e,0.05,0.03,ab4a70858e,0.0,-60.0,47.5,0.0,7.16,0,0,0,0.0,0,2.0,0,0.01,/user/raabe14/u19361/workspace-allen/results/zebra/sub-830795_ses-ecephys-830795-2026-02-23-15-03-59_ecephys.nwb/ProbeF/trial_1/phase_1/lib_ab4a70858e/lib_ab4a70858e__delay_0.05__dur_0.03.h5
2291d2f4-306c-4750-88c7-73664b1e419f,0.30000000000000004,0.23,ab4a70858e,0.08334101736545563,38.507462686567166,25.990566037735846,0.0,17.91,55,12,0,0.0,3,5.0,11,1.2,/user/raabe14/u19361/workspace-allen/results/zebra/sub-830795_ses-ecephys-830795-2026-02-23-15-03-59_ecephys.nwb/ProbeF/trial_1/phase_1/lib_ab4a70858e/lib_ab4a70858e__delay_0.30000000000000004__dur_0.23.h5
22dd4241-d9f1-4284-8d13-2c89e01d10f4,0.25,0.13,ab4a70858e,0.08215472847223282,-8.059701492537314,-8.066037735849058,67.51591472682667,17.91,29,31,3,0.9424777960769379,3,5.0,9,0.1,/user/raabe14/u19361/workspace-allen/results/zebra/sub-830795_ses-ecephys-830795-2026-02-23-15-03-59_ecephys.nwb/ProbeF/trial_1/phase_1/lib_ab4a70858e/lib_ab4a70858e__delay_0.25__dur_0.13.h5
2365817c-0b2d-4abf-a909-41b4ff84f4ac,0.1,0.08,ab4a70858e,0.09195542335510254,47.462686567164184,27.783018867924525,0.0,10.74,60,11,0,0.0,1,3.0,11,1.2,/user/raabe14/u19361/workspace-allen/results/zebra/sub-830795_ses-ecephys-830795-2026-02-23-15-03-59_ecephys.nwb/ProbeF/trial_1/phase_1/lib_ab4a70858e/lib_ab4a70858e__delay_0.1__dur_0.08.h5
244636aa-0b7c-4d96-b09d-8b3c2ea51a39,0.0,0.13,ab4a70858e,0.0825643315911293,13.43283582089552,-20.61320754716981,157.4840764271708,7.16,41,38,7,2.199114857512855,0,2.0,9,0.1,/user/raabe14/u19361/workspace-allen/results/zebra/sub-830795_ses-ecephys-830795-2026-02-23-15-03-59_ecephys.nwb/ProbeF/trial_1/phase_1/lib_ab4a70858e/lib_ab4a70858e__delay_0.0__dur_0.13.h5
244e0b7a-c57e-40fd-91fe-18636ecfa74f,0.30000000000000004,0.23,ab4a70858e,0.07528791576623917,-4.477611940298509,20.613207547169807,180.0,7.16,31,15,8,2.5132741228718345,0,2.0,12,1.3,/user/raabe14/u19361/workspace-allen/results/zebra/sub-830795_ses-ecephys-830795-2026-02-23-15-03-59_ecephys.nwb/ProbeF/trial_1/phase_1/lib_ab4a70858e/lib_ab4a70858e__delay_0.30000000000000004__dur_0.23.h5
24abc62e-9cbf-4ee5-855d-9cab0e3f631d,0.15000000000000002,0.23,ab4a70858e,0.08363412320613861,54.626865671641795,13.443396226415096,134.9774869247291,10.74,64,19,6,1.8849555921538759,1,3.0,2,0.03,/user/raabe14/u19361/workspace-allen/results/zebra/sub-830795_ses-ecephys-830795-2026-02-23-15-03-59_ecephys.nwb/ProbeF/trial_1/phase_1/lib_ab4a70858e/lib_ab4a70858e__delay_0.15000000000000002__dur_0.23.h5
24aea92b-708d-465d-9442-8951f048fb2f,0.25,0.23,ab4a70858e,0.07606879621744156,13.43283582089552,-20.61320754716981,22.515923572829163,28.65,41,38,9,2.827433388230814,5,8.0,3,0.04,/user/raabe14/u19361/workspace-allen/results/zebra/sub-830795_ses-ecephys-830795-2026-02-23-15-03-59_ecephys.nwb/ProbeF/trial_1/phase_1/lib_ab4a70858e/lib_ab4a70858e__delay_0.25__dur_0.23.h5
24f9ae57-439d-4ad7-a3fe-a0e7a8489178,0.05,0.03,ab4a70858e,0.0,-60.0,47.5,0.0,7.16,0,0,0,0.0,0,2.0,0,0.01,/user/raabe14/u19361/workspace-allen/results/zebra/sub-830795_ses-ecephys-830795-2026-02-23-15-03-59_ecephys.nwb/ProbeF/trial_1/phase_1/lib_ab4a70858e/lib_ab4a70858e__delay_0.05__dur_0.03.h5
2546b51d-db6b-4810-a3b8-54b2d5e2f643,0.05,0.03,ab4a70858e,0.0,-60.0,47.5,0.0,7.16,0,0,0,0.0,0,2.0,0,0.01,/user/raabe14/u19361/workspace-allen/results/zebra/sub-830795_ses-ecephys-830795-2026-02-23-15-03-59_ecephys.nwb/ProbeF/trial_1/phase_1/lib_ab4a70858e/lib_ab4a70858e__delay_0.05__dur_0.03.h5
256f2f76-a23c-4cbb-bc4a-af3402102236,0.15000000000000002,0.23,ab4a70858e,0.09021444618701935,0.8955223880597032,27.783018867924525,22.515923572829163,17.91,34,11,9,2.827433388230814,3,5.0,9,0.1,/user/raabe14/u19361/workspace-allen/results/zebra/sub-830795_ses-ecephys-830795-2026-02-23-15-03-59_ecephys.nwb/ProbeF/trial_1/phase_1/lib_ab4a70858e/lib_ab4a70858e__delay_0.15000000000000002__dur_0.23.h5
259cb4a0-0534-4fb2-9ae9-fe2129a9e9b4,0.15000000000000002,0.23,ab4a70858e,0.13466760516166687,51.04477611940298,-9.858490566037737,67.51591472682667,10.74,62,32,3,0.9424777960769379,1,3.0,12,1.3,/user/raabe14/u19361/workspace-allen/results/zebra/sub-830795_ses-ecephys-830795-2026-02-23-15-03-59_ecephys.nwb/ProbeF/trial_1/phase_1/lib_ab4a70858e/lib_ab4a70858e__delay_0.15000000000000002__dur_0.23.h5
27ac474e-6ba4-4acb-84c6-f93f4b3e7eb8,0.05,0.13,ab4a70858e,0.08676262199878693,-13.43283582089552,13.443396226415096,67.51591472682667,7.16,26,19,3,0.9424777960769379,0,2.0,9,0.1,/user/raabe14/u19361/workspace-allen/results/zebra/sub-830795_ses-ecephys-830795-2026-02-23-15-03-59_ecephys.nwb/ProbeF/trial_1/phase_1/lib_ab4a70858e/lib_ab4a70858e__delay_0.05__dur_0.13.h5
27bae207-d7a3-4bd0-a553-55b1aa4678cc,0.05,0.03,ab4a70858e,0.0,-60.0,47.5,0.0,7.16,0,0,0,0.0,0,2.0,0,0.01,/user/raabe14/u19361/workspace-allen/results/zebra/sub-830795_ses-ecephys-830795-2026-02-23-15-03-59_ecephys.nwb/ProbeF/trial_1/phase_1/lib_ab4a70858e/lib_ab4a70858e__delay_0.05__dur_0.03.h5
27c1994e-311f-42cd-8c53-0c494ecdc103,0.0,0.18000000000000002,ab4a70858e,0.10237389802932739,25.97014925373135,-18.82075471698113,0.0,14.32,48,37,0,0.0,2,4.0,11,1.2,/user/raabe14/u19361/workspace-allen/results/zebra/sub-830795_ses-ecephys-830795-2026-02-23-15-03-59_ecephys.nwb/ProbeF/trial_1/phase_1/lib_ab4a70858e/lib_ab4a70858e__delay_0.0__dur_0.18000000000000002.h5
27ecf3cf-b4dc-4e86-b997-e873aac33421,0.05,0.03,ab4a70858e,0.0,-60.0,47.5,0.0,7.16,0,0,0,0.0,0,2.0,0,0.01,/user/raabe14/u19361/workspace-allen/results/zebra/sub-830795_ses-ecephys-830795-2026-02-23-15-03-59_ecephys.nwb/ProbeF/trial_1/phase_1/lib_ab4a70858e/lib_ab4a70858e__delay_0.05__dur_0.03.h5
2884f518-b337-454e-8753-59c75c9660c9,0.05,0.03,ab4a70858e,0.0,-60.0,47.5,0.0,7.16,0,0,0,0.0,0,2.0,0,0.01,/user/raabe14/u19361/workspace-allen/results/zebra/sub-830795_ses-ecephys-830795-2026-02-23-15-03-59_ecephys.nwb/ProbeF/trial_1/phase_1/lib_ab4a70858e/lib_ab4a70858e__delay_0.05__dur_0.03.h5
29759cf7-d6e8-4b58-b5f3-5ddc63b01fad,0.05,0.13,ab4a70858e,0.0694698765873909,-29.55223880597015,29.575471698113205,112.48408527317332,14.32,17,10,5,1.5707963267948966,2,4.0,11,1.2,/user/raabe14/u19361/workspace-allen/results/zebra/sub-830795_ses-ecephys-830795-2026-02-23-15-03-59_ecephys.nwb/ProbeF/trial_1/phase_1/lib_ab4a70858e/lib_ab4a70858e__delay_0.05__dur_0.13.h5
2af4a53e-4b2f-418e-b3fc-e8f7ce352209,0.25,0.23,ab4a70858e,0.11761372536420822,-9.850746268656714,31.367924528301884,112.48408527317332,28.65,28,9,5,1.5707963267948966,5,8.0,11,1.2,/user/raabe14/u19361/workspace-allen/results/zebra/sub-830795_ses-ecephys-830795-2026-02-23-15-03-59_ecephys.nwb/ProbeF/trial_1/phase_1/lib_ab4a70858e/lib_ab4a70858e__delay_0.25__dur_0.23.h5
2b6c11dd-f483-4bc4-b6b3-d2d3f885d9d7,0.0,0.18000000000000002,ab4a70858e,0.06952525675296783,-11.64179104477612,0.8962264150943398,180.0,7.16,27,26,8,2.5132741228718345,0,2.0,9,0.1,/user/raabe14/u19361/workspace-allen/results/zebra/sub-830795_ses-ecephys-830795-2026-02-23-15-03-59_ecephys.nwb/ProbeF/trial_1/phase_1/lib_ab4a70858e/lib_ab4a70858e__delay_0.0__dur_0.18000000000000002.h5
2bd186ab-85ae-44d3-a014-12cc79a22aef,0.05,0.03,ab4a70858e,0.0,-60.0,47.5,0.0,7.16,0,0,0,0.0,0,2.0,0,0.01,/user/raabe14/u19361/workspace-allen/results/zebra/sub-830795_ses-ecephys-830795-2026-02-23-15-03-59_ecephys.nwb/ProbeF/trial_1/phase_1/lib_ab4a70858e/lib_ab4a70858e__delay_0.05__dur_0.03.h5
2d31e035-2c76-489d-a648-0987b1dd0b3d,0.30000000000000004,0.18000000000000002,ab4a70858e,0.07488881051540375,-38.507462686567166,8.066037735849058,134.9774869247291,28.65,12,22,6,1.8849555921538759,5,8.0,8,0.09,/user/raabe14/u19361/workspace-allen/results/zebra/sub-830795_ses-ecephys-830795-2026-02-23-15-03-59_ecephys.nwb/ProbeF/trial_1/phase_1/lib_ab4a70858e/lib_ab4a70858e__delay_0.30000000000000004__dur_0.18000000000000002.h5
2e1c1a2b-4ea2-41ec-8c38-f280000b33b5,0.30000000000000004,0.08,ab4a70858e,0.0751049593091011,-8.059701492537314,29.575471698113205,45.02251307527088,7.16,29,10,2,0.6283185307179586,0,2.0,9,0.1,/user/raabe14/u19361/workspace-allen/results/zebra/sub-830795_ses-ecephys-830795-2026-02-23-15-03-59_ecephys.nwb/ProbeF/trial_1/phase_1/lib_ab4a70858e/lib_ab4a70858e__delay_0.30000000000000004__dur_0.08.h5
2e3f1954-369a-4ffa-847b-b269f75cdab7,0.1,0.23,ab4a70858e,0.08426520973443985,-15.223880597014926,22.405660377358487,22.515923572829195,10.74,25,14,1,0.3141592653589793,1,3.0,7,0.08,/user/raabe14/u19361/workspace-allen/results/zebra/sub-830795_ses-ecephys-830795-2026-02-23-15-03-59_ecephys.nwb/ProbeF/trial_1/phase_1/lib_ab4a70858e/lib_ab4a70858e__delay_0.1__dur_0.23.h5
2fc38107-5508-4875-9732-492a70ba538e,0.0,0.23,ab4a70858e,0.08030697703361511,-18.80597014925373,-2.6886792452830193,90.0,21.49,23,28,4,1.2566370614359172,4,6.0,8,0.09,/user/raabe14/u19361/workspace-allen/results/zebra/sub-830795_ses-ecephys-830795-2026-02-23-15-03-59_ecephys.nwb/ProbeF/trial_1/phase_1/lib_ab4a70858e/lib_ab4a70858e__delay_0.0__dur_0.23.h5
2fd6d545-158a-4108-99ba-bbae5c43f706,0.1,0.23,ab4a70858e,0.07767415791749954,-45.67164179104478,-11.650943396226417,112.48408527317332,21.49,8,33,5,1.5707963267948966,4,6.0,9,0.1,/user/raabe14/u19361/workspace-allen/results/zebra/sub-830795_ses-ecephys-830795-2026-02-23-15-03-59_ecephys.nwb/ProbeF/trial_1/phase_1/lib_ab4a70858e/lib_ab4a70858e__delay_0.1__dur_0.23.h5
301e2ecd-6c80-4155-9b0f-be9df78e5c8c,0.0,0.23,ab4a70858e,0.10450510680675507,-22.388059701492537,-9.858490566037737,22.515923572829163,28.65,21,32,9,2.827433388230814,5,8.0,8,0.09,/user/raabe14/u19361/workspace-allen/results/zebra/sub-830795_ses-ecephys-830795-2026-02-23-15-03-59_ecephys.nwb/ProbeF/trial_1/phase_1/lib_ab4a70858e/lib_ab4a70858e__delay_0.0__dur_0.23.h5
307f0827-ba19-4415-b122-86260352dfba,0.30000000000000004,0.18000000000000002,ab4a70858e,0.07621518522500992,-20.59701492537313,4.481132075471699,45.02251307527088,7.16,22,24,2,0.6283185307179586,0,2.0,9,0.1,/user/raabe14/u19361/workspace-allen/results/zebra/sub-830795_ses-ecephys-830795-2026-02-23-15-03-59_ecephys.nwb/ProbeF/trial_1/phase_1/lib_ab4a70858e/lib_ab4a70858e__delay_0.30000000000000004__dur_0.18000000000000002.h5
310b43e6-4335-4605-ba6f-23482c45676a,0.30000000000000004,0.23,ab4a70858e,0.07918570935726166,-9.850746268656714,22.405660377358487,112.48408527317332,14.32,28,14,5,1.5707963267948966,2,4.0,11,1.2,/user/raabe14/u19361/workspace-allen/results/zebra/sub-830795_ses-ecephys-830795-2026-02-23-15-03-59_ecephys.nwb/ProbeF/trial_1/phase_1/lib_ab4a70858e/lib_ab4a70858e__delay_0.30000000000000004__dur_0.23.h5
32f1bdd1-6997-47de-89f2-8661ea6eeb1d,0.1,0.23,ab4a70858e,0.07410252094268799,51.04477611940298,0.8962264150943398,180.0,7.16,62,26,8,2.5132741228718345,0,2.0,9,0.1,/user/raabe14/u19361/workspace-allen/results/zebra/sub-830795_ses-ecephys-830795-2026-02-23-15-03-59_ecephys.nwb/ProbeF/trial_1/phase_1/lib_ab4a70858e/lib_ab4a70858e__delay_0.1__dur_0.23.h5
33523db1-a46c-4a81-8ae4-a9c50d5d1aab,0.0,0.23,ab4a70858e,0.07994213700294495,-34.92537313432835,-18.82075471698113,90.0,10.74,14,37,4,1.2566370614359172,1,3.0,6,0.07,/user/raabe14/u19361/workspace-allen/results/zebra/sub-830795_ses-ecephys-830795-2026-02-23-15-03-59_ecephys.nwb/ProbeF/trial_1/phase_1/lib_ab4a70858e/lib_ab4a70858e__delay_0.0__dur_0.23.h5
33798935-adc7-444e-872b-592bcdc48258,0.30000000000000004,0.23,ab4a70858e,0.07059873640537262,6.268656716417908,-43.91509433962264,112.48408527317332,7.16,37,51,5,1.5707963267948966,0,2.0,11,1.2,/user/raabe14/u19361/workspace-allen/results/zebra/sub-830795_ses-ecephys-830795-2026-02-23-15-03-59_ecephys.nwb/ProbeF/trial_1/phase_1/lib_ab4a70858e/lib_ab4a70858e__delay_0.30000000000000004__dur_0.23.h5
3393ec53-1ed0-4bcd-a4f9-d23ca76db515,0.2,0.23,ab4a70858e,0.07820511609315872,-8.059701492537314,-6.273584905660378,22.515923572829195,7.16,29,30,1,0.3141592653589793,0,2.0,0,0.01,/user/raabe14/u19361/workspace-allen/results/zebra/sub-830795_ses-ecephys-830795-2026-02-23-15-03-59_ecephys.nwb/ProbeF/trial_1/phase_1/lib_ab4a70858e/lib_ab4a70858e__delay_0.2__dur_0.23.h5
34a457ab-ee16-4408-ac26-ccf647c35ce6,0.05,0.23,ab4a70858e,0.07901819795370102,-22.388059701492537,-18.82075471698113,157.4840764271708,14.32,21,37,7,2.199114857512855,2,4.0,12,1.3,/user/raabe14/u19361/workspace-allen/results/zebra/sub-830795_ses-ecephys-830795-2026-02-23-15-03-59_ecephys.nwb/ProbeF/trial_1/phase_1/lib_ab4a70858e/lib_ab4a70858e__delay_0.05__dur_0.23.h5
34fa5c77-4eb1-42f3-8856-5da33694c47f,0.30000000000000004,0.13,ab4a70858e,0.11901484429836273,-0.8955223880596961,22.405660377358487,112.48408527317332,21.49,33,14,5,1.5707963267948966,4,6.0,11,1.2,/user/raabe14/u19361/workspace-allen/results/zebra/sub-830795_ses-ecephys-830795-2026-02-23-15-03-59_ecephys.nwb/ProbeF/trial_1/phase_1/lib_ab4a70858e/lib_ab4a70858e__delay_0.30000000000000004__dur_0.13.h5
35e447e1-2fc1-4e44-8f51-c82a6b037d94,0.0,0.13,ab4a70858e,0.08332342654466629,18.80597014925374,9.858490566037737,67.51591472682667,17.91,44,21,3,0.9424777960769379,3,5.0,12,1.3,/user/raabe14/u19361/workspace-allen/results/zebra/sub-830795_ses-ecephys-830795-2026-02-23-15-03-59_ecephys.nwb/ProbeF/trial_1/phase_1/lib_ab4a70858e/lib_ab4a70858e__delay_0.0__dur_0.13.h5
367471e0-800e-427b-9bc6-d3c58c3ec8c6,0.2,0.18000000000000002,ab4a70858e,0.07982182502746582,-38.507462686567166,34.95283018867924,45.02251307527088,7.16,12,7,2,0.6283185307179586,0,2.0,12,1.3,/user/raabe14/u19361/workspace-allen/results/zebra/sub-830795_ses-ecephys-830795-2026-02-23-15-03-59_ecephys.nwb/ProbeF/trial_1/phase_1/lib_ab4a70858e/lib_ab4a70858e__delay_0.2__dur_0.18000000000000002.h5
367955c8-15fc-4b04-8dcf-bee7d931b58f,0.30000000000000004,0.23,ab4a70858e,0.07690901309251785,-9.850746268656714,18.820754716981128,90.0,21.49,28,16,4,1.2566370614359172,4,6.0,9,0.1,/user/raabe14/u19361/workspace-allen/results/zebra/sub-830795_ses-ecephys-830795-2026-02-23-15-03-59_ecephys.nwb/ProbeF/trial_1/phase_1/lib_ab4a70858e/lib_ab4a70858e__delay_0.30000000000000004__dur_0.23.h5
3799721b-9e2b-4608-8634-ce044f512a48,0.30000000000000004,0.23,ab4a70858e,0.07761352509260178,13.43283582089552,18.820754716981128,22.515923572829163,14.32,41,16,9,2.827433388230814,2,4.0,9,0.1,/user/raabe14/u19361/workspace-allen/results/zebra/sub-830795_ses-ecephys-830795-2026-02-23-15-03-59_ecephys.nwb/ProbeF/trial_1/phase_1/lib_ab4a70858e/lib_ab4a70858e__delay_0.30000000000000004__dur_0.23.h5
37af9dc3-cc61-45d0-930d-86a4d96859b1,0.2,0.23,ab4a70858e,0.08239437639713287,-52.83582089552239,20.613207547169807,67.51591472682667,7.16,4,15,3,0.9424777960769379,0,2.0,12,1.3,/user/raabe14/u19361/workspace-allen/results/zebra/sub-830795_ses-ecephys-830795-2026-02-23-15-03-59_ecephys.nwb/ProbeF/trial_1/phase_1/lib_ab4a70858e/lib_ab4a70858e__delay_0.2__dur_0.23.h5
37c2a37d-c023-4f7e-b266-ddb4b15be406,0.1,0.23,ab4a70858e,0.07699399441480637,-25.970149253731343,-15.235849056603776,45.02251307527088,28.65,19,35,2,0.6283185307179586,5,8.0,9,0.1,/user/raabe14/u19361/workspace-allen/results/zebra/sub-830795_ses-ecephys-830795-2026-02-23-15-03-59_ecephys.nwb/ProbeF/trial_1/phase_1/lib_ab4a70858e/lib_ab4a70858e__delay_0.1__dur_0.23.h5
37e8c3e6-3ec0-4386-814e-3d2001507804,0.05,0.13,ab4a70858e,0.09189281612634659,-45.67164179104478,-13.443396226415096,112.48408527317332,28.65,8,34,5,1.5707963267948966,5,8.0,7,0.08,/user/raabe14/u19361/workspace-allen/results/zebra/sub-830795_ses-ecephys-830795-2026-02-23-15-03-59_ecephys.nwb/ProbeF/trial_1/phase_1/lib_ab4a70858e/lib_ab4a70858e__delay_0.05__dur_0.13.h5
38cd2f4a-cf3c-4ec9-8a33-65e4e79384e7,0.1,0.23,ab4a70858e,0.0751848965883255,6.268656716417908,34.95283018867924,157.4840764271708,28.65,37,7,7,2.199114857512855,5,8.0,5,0.06,/user/raabe14/u19361/workspace-allen/results/zebra/sub-830795_ses-ecephys-830795-2026-02-23-15-03-59_ecephys.nwb/ProbeF/trial_1/phase_1/lib_ab4a70858e/lib_ab4a70858e__delay_0.1__dur_0.23.h5
38e97338-ba46-44b0-821c-9f3f35a0e448,0.25,0.23,ab4a70858e,0.1307266652584076,-22.388059701492537,2.6886792452830193,45.02251307527088,17.91,21,25,2,0.6283185307179586,3,5.0,12,1.3,/user/raabe14/u19361/workspace-allen/results/zebra/sub-830795_ses-ecephys-830795-2026-02-23-15-03-59_ecephys.nwb/ProbeF/trial_1/phase_1/lib_ab4a70858e/lib_ab4a70858e__delay_0.25__dur_0.23.h5
392c3b57-c018-468d-ac37-b9eafa8a2461,0.30000000000000004,0.23,ab4a70858e,0.0921100452542305,-6.268656716417908,22.405660377358487,45.02251307527088,7.16,30,14,2,0.6283185307179586,0,2.0,0,0.01,/user/raabe14/u19361/workspace-allen/results/zebra/sub-830795_ses-ecephys-830795-2026-02-23-15-03-59_ecephys.nwb/ProbeF/trial_1/phase_1/lib_ab4a70858e/lib_ab4a70858e__delay_0.30000000000000004__dur_0.23.h5
3a0dda4e-3f47-4064-80dc-70fb1fba9952,0.05,0.03,ab4a70858e,0.0,-60.0,47.5,0.0,7.16,0,0,0,0.0,0,2.0,0,0.01,/user/raabe14/u19361/workspace-allen/results/zebra/sub-830795_ses-ecephys-830795-2026-02-23-15-03-59_ecephys.nwb/ProbeF/trial_1/phase_1/lib_ab4a70858e/lib_ab4a70858e__delay_0.05__dur_0.03.h5
3a10fb8f-8f77-4fcb-9077-d00720edc76d,0.30000000000000004,0.23,ab4a70858e,0.07196963578462601,24.179104477611943,-4.481132075471699,134.9774869247291,7.16,47,29,6,1.8849555921538759,0,2.0,9,0.1,/user/raabe14/u19361/workspace-allen/results/zebra/sub-830795_ses-ecephys-830795-2026-02-23-15-03-59_ecephys.nwb/ProbeF/trial_1/phase_1/lib_ab4a70858e/lib_ab4a70858e__delay_0.30000000000000004__dur_0.23.h5
3a35e36b-4a8f-4a4e-aa5e-d8ed79d8b586,0.1,0.23,ab4a70858e,0.07459700852632523,0.8955223880597032,-4.481132075471699,157.4840764271708,7.16,34,29,7,2.199114857512855,0,2.0,8,0.09,/user/raabe14/u19361/workspace-allen/results/zebra/sub-830795_ses-ecephys-830795-2026-02-23-15-03-59_ecephys.nwb/ProbeF/trial_1/phase_1/lib_ab4a70858e/lib_ab4a70858e__delay_0.1__dur_0.23.h5
3ad347a5-ccb3-4eb0-9782-c8afb8fa86d6,0.15000000000000002,0.23,ab4a70858e,0.077749103307724,29.55223880597015,-4.481132075471699,90.0,7.16,50,29,4,1.2566370614359172,0,2.0,0,0.01,/user/raabe14/u19361/workspace-allen/results/zebra/sub-830795_ses-ecephys-830795-2026-02-23-15-03-59_ecephys.nwb/ProbeF/trial_1/phase_1/lib_ab4a70858e/lib_ab4a70858e__delay_0.15000000000000002__dur_0.23.h5
3afe0ae6-2764-4fdb-9f27-2c0e88a1c596,0.1,0.18000000000000002,ab4a70858e,0.09017975628376007,-38.507462686567166,-9.858490566037737,45.02251307527088,7.16,12,32,2,0.6283185307179586,0,2.0,9,0.1,/user/raabe14/u19361/workspace-allen/results/zebra/sub-830795_ses-ecephys-830795-2026-02-23-15-03-59_ecephys.nwb/ProbeF/trial_1/phase_1/lib_ab4a70858e/lib_ab4a70858e__delay_0.1__dur_0.18000000000000002.h5
3b2dd93b-f241-4f9b-a5bf-b90e7b13d3ff,0.0,0.13,ab4a70858e,0.07617855072021484,49.25373134328359,31.367924528301884,90.0,17.91,61,9,4,1.2566370614359172,3,5.0,5,0.06,/user/raabe14/u19361/workspace-allen/results/zebra/sub-830795_ses-ecephys-830795-2026-02-23-15-03-59_ecephys.nwb/ProbeF/trial_1/phase_1/lib_ab4a70858e/lib_ab4a70858e__delay_0.0__dur_0.13.h5
3bf28398-8ae1-4b31-aef5-df650876d374,0.30000000000000004,0.23,ab4a70858e,0.07667745649814606,-6.268656716417908,42.12264150943396,0.0,7.16,30,3,0,0.0,0,2.0,5,0.06,/user/raabe14/u19361/workspace-allen/results/zebra/sub-830795_ses-ecephys-830795-2026-02-23-15-03-59_ecephys.nwb/ProbeF/trial_1/phase_1/lib_ab4a70858e/lib_ab4a70858e__delay_0.30000000000000004__dur_0.23.h5
3c57eef9-7b5d-4e60-b6b9-e875e73883c7,0.15000000000000002,0.18000000000000002,ab4a70858e,0.0813889130949974,56.4179104477612,-17.028301886792452,22.515923572829195,17.91,65,36,1,0.3141592653589793,3,5.0,9,0.1,/user/raabe14/u19361/workspace-allen/results/zebra/sub-830795_ses-ecephys-830795-2026-02-23-15-03-59_ecephys.nwb/ProbeF/trial_1/phase_1/lib_ab4a70858e/lib_ab4a70858e__delay_0.15000000000000002__dur_0.18000000000000002.h5
3c9c0877-ca6c-45d6-853b-62d54d3f9ad2,0.30000000000000004,0.23,ab4a70858e,0.11999714374542236,-15.223880597014926,-4.481132075471699,112.48408527317332,17.91,25,29,5,1.5707963267948966,3,5.0,12,1.3,/user/raabe14/u19361/workspace-allen/results/zebra/sub-830795_ses-ecephys-830795-2026-02-23-15-03-59_ecephys.nwb/ProbeF/trial_1/phase_1/lib_ab4a70858e/lib_ab4a70858e__delay_0.30000000000000004__dur_0.23.h5
3cc6c591-200d-444a-ae7f-579131c80549,0.2,0.23,ab4a70858e,0.09458409249782562,27.761194029850756,25.990566037735846,0.0,17.91,49,12,0,0.0,3,5.0,11,1.2,/user/raabe14/u19361/workspace-allen/results/zebra/sub-830795_ses-ecephys-830795-2026-02-23-15-03-59_ecephys.nwb/ProbeF/trial_1/phase_1/lib_ab4a70858e/lib_ab4a70858e__delay_0.2__dur_0.23.h5
3d31a683-7bf6-427e-b327-35a1ad5bef16,0.05,0.03,ab4a70858e,0.0,-60.0,47.5,0.0,7.16,0,0,0,0.0,0,2.0,0,0.01,/user/raabe14/u19361/workspace-allen/results/zebra/sub-830795_ses-ecephys-830795-2026-02-23-15-03-59_ecephys.nwb/ProbeF/trial_1/phase_1/lib_ab4a70858e/lib_ab4a70858e__delay_0.05__dur_0.03.h5
3df16c83-27f5-4a8b-8583-a3930a2c1977,0.15000000000000002,0.18000000000000002,ab4a70858e,0.08945494145154953,-2.6865671641791025,-9.858490566037737,180.0,17.91,32,32,8,2.5132741228718345,3,5.0,9,0.1,/user/raabe14/u19361/workspace-allen/results/zebra/sub-830795_ses-ecephys-830795-2026-02-23-15-03-59_ecephys.nwb/ProbeF/trial_1/phase_1/lib_ab4a70858e/lib_ab4a70858e__delay_0.15000000000000002__dur_0.18000000000000002.h5
3e2f131c-596c-440a-b360-e45dc973dc1d,0.0,0.23,ab4a70858e,0.07914428412914276,-42.089552238805965,17.02830188679245,157.4840764271708,28.65,10,17,7,2.199114857512855,5,8.0,9,0.1,/user/raabe14/u19361/workspace-allen/results/zebra/sub-830795_ses-ecephys-830795-2026-02-23-15-03-59_ecephys.nwb/ProbeF/trial_1/phase_1/lib_ab4a70858e/lib_ab4a70858e__delay_0.0__dur_0.23.h5
3e82f3da-af83-4f75-911d-71b45108d12b,0.30000000000000004,0.18000000000000002,ab4a70858e,0.06801915913820267,-24.179104477611936,47.5,112.48408527317332,14.32,20,0,5,1.5707963267948966,2,4.0,8,0.09,/user/raabe14/u19361/workspace-allen/results/zebra/sub-830795_ses-ecephys-830795-2026-02-23-15-03-59_ecephys.nwb/ProbeF/trial_1/phase_1/lib_ab4a70858e/lib_ab4a70858e__delay_0.30000000000000004__dur_0.18000000000000002.h5
3f844b1a-e3b9-4b61-9697-97941bf1532b,0.30000000000000004,0.13,ab4a70858e,0.07631134241819382,-24.179104477611936,-45.70754716981132,157.4840764271708,28.65,20,52,7,2.199114857512855,5,8.0,7,0.08,/user/raabe14/u19361/workspace-allen/results/zebra/sub-830795_ses-ecephys-830795-2026-02-23-15-03-59_ecephys.nwb/ProbeF/trial_1/phase_1/lib_ab4a70858e/lib_ab4a70858e__delay_0.30000000000000004__dur_0.13.h5
4004e302-922c-45ff-a371-41020fdabea3,0.30000000000000004,0.23,ab4a70858e,0.07497742027044296,47.462686567164184,11.650943396226417,45.02251307527088,7.16,60,20,2,0.6283185307179586,0,2.0,12,1.3,/user/raabe14/u19361/workspace-allen/results/zebra/sub-830795_ses-ecephys-830795-2026-02-23-15-03-59_ecephys.nwb/ProbeF/trial_1/phase_1/lib_ab4a70858e/lib_ab4a70858e__delay_0.30000000000000004__dur_0.23.h5
403dddd9-00d5-427d-b11e-9d166809a775,0.05,0.23,ab4a70858e,0.07402674108743668,-11.64179104477612,34.95283018867924,180.0,10.74,27,7,8,2.5132741228718345,1,3.0,12,1.3,/user/raabe14/u19361/workspace-allen/results/zebra/sub-830795_ses-ecephys-830795-2026-02-23-15-03-59_ecephys.nwb/ProbeF/trial_1/phase_1/lib_ab4a70858e/lib_ab4a70858e__delay_0.05__dur_0.23.h5
405225ab-7ed9-41ef-a87d-3a1be9f03157,0.0,0.08,ab4a70858e,0.0755314901471138,-6.268656716417908,25.990566037735846,67.51591472682667,7.16,30,12,3,0.9424777960769379,0,2.0,12,1.3,/user/raabe14/u19361/workspace-allen/results/zebra/sub-830795_ses-ecephys-830795-2026-02-23-15-03-59_ecephys.nwb/ProbeF/trial_1/phase_1/lib_ab4a70858e/lib_ab4a70858e__delay_0.0__dur_0.08.h5
409fe5ef-f3b6-4e20-b466-3c47a75cda23,0.25,0.23,ab4a70858e,0.15521322190761566,-9.850746268656714,31.367924528301884,112.48408527317332,28.65,28,9,5,1.5707963267948966,5,8.0,11,1.2,/user/raabe14/u19361/workspace-allen/results/zebra/sub-830795_ses-ecephys-830795-2026-02-23-15-03-59_ecephys.nwb/ProbeF/trial_1/phase_1/lib_ab4a70858e/lib_ab4a70858e__delay_0.25__dur_0.23.h5
41d290ae-5ef8-4068-9307-d75b15969b1e,0.25,0.13,ab4a70858e,0.07414032518863678,-9.850746268656714,18.820754716981128,112.48408527317332,17.91,28,16,5,1.5707963267948966,3,5.0,11,1.2,/user/raabe14/u19361/workspace-allen/results/zebra/sub-830795_ses-ecephys-830795-2026-02-23-15-03-59_ecephys.nwb/ProbeF/trial_1/phase_1/lib_ab4a70858e/lib_ab4a70858e__delay_0.25__dur_0.13.h5
41efd446-32ff-4f0f-929f-bbda43956387,0.1,0.23,ab4a70858e,0.08420400321483612,-11.64179104477612,2.6886792452830193,157.4840764271708,10.74,27,25,7,2.199114857512855,1,3.0,12,1.3,/user/raabe14/u19361/workspace-allen/results/zebra/sub-830795_ses-ecephys-830795-2026-02-23-15-03-59_ecephys.nwb/ProbeF/trial_1/phase_1/lib_ab4a70858e/lib_ab4a70858e__delay_0.1__dur_0.23.h5
42c98fd4-3b57-4084-8610-0313e2bfbacd,0.30000000000000004,0.23,ab4a70858e,0.08402037620544434,-25.970149253731343,4.481132075471699,180.0,7.16,19,24,8,2.5132741228718345,0,2.0,12,1.3,/user/raabe14/u19361/workspace-allen/results/zebra/sub-830795_ses-ecephys-830795-2026-02-23-15-03-59_ecephys.nwb/ProbeF/trial_1/phase_1/lib_ab4a70858e/lib_ab4a70858e__delay_0.30000000000000004__dur_0.23.h5
435817b4-b9f0-4cce-82ea-d05dcf290e89,0.0,0.13,ab4a70858e,0.10448380559682846,8.059701492537314,33.160377358490564,22.515923572829195,21.49,38,8,1,0.3141592653589793,4,6.0,12,1.3,/user/raabe14/u19361/workspace-allen/results/zebra/sub-830795_ses-ecephys-830795-2026-02-23-15-03-59_ecephys.nwb/ProbeF/trial_1/phase_1/lib_ab4a70858e/lib_ab4a70858e__delay_0.0__dur_0.13.h5
44971c88-237a-471b-9962-3943c84010bc,0.1,0.23,ab4a70858e,0.08136788755655289,-56.417910447761194,18.820754716981128,157.4840764271708,7.16,2,16,7,2.199114857512855,0,2.0,9,0.1,/user/raabe14/u19361/workspace-allen/results/zebra/sub-830795_ses-ecephys-830795-2026-02-23-15-03-59_ecephys.nwb/ProbeF/trial_1/phase_1/lib_ab4a70858e/lib_ab4a70858e__delay_0.1__dur_0.23.h5
45924edd-3ab6-4d7c-8738-8c52217a89bd,0.30000000000000004,0.18000000000000002,ab4a70858e,0.07324603199958801,6.268656716417908,45.70754716981132,90.0,14.32,37,1,4,1.2566370614359172,2,4.0,9,0.1,/user/raabe14/u19361/workspace-allen/results/zebra/sub-830795_ses-ecephys-830795-2026-02-23-15-03-59_ecephys.nwb/ProbeF/trial_1/phase_1/lib_ab4a70858e/lib_ab4a70858e__delay_0.30000000000000004__dur_0.18000000000000002.h5
45b20696-0703-46e1-a668-93e35e9e4321,0.05,0.03,ab4a70858e,0.0,-60.0,47.5,0.0,7.16,0,0,0,0.0,0,2.0,0,0.01,/user/raabe14/u19361/workspace-allen/results/zebra/sub-830795_ses-ecephys-830795-2026-02-23-15-03-59_ecephys.nwb/ProbeF/trial_1/phase_1/lib_ab4a70858e/lib_ab4a70858e__delay_0.05__dur_0.03.h5
45fb3b85-823a-4861-b7a0-76fe8a83dfad,0.15000000000000002,0.18000000000000002,ab4a70858e,0.06914059072732925,-6.268656716417908,43.91509433962264,22.515923572829195,7.16,30,2,1,0.3141592653589793,0,2.0,9,0.1,/user/raabe14/u19361/workspace-allen/results/zebra/sub-830795_ses-ecephys-830795-2026-02-23-15-03-59_ecephys.nwb/ProbeF/trial_1/phase_1/lib_ab4a70858e/lib_ab4a70858e__delay_0.15000000000000002__dur_0.18000000000000002.h5
468eec78-5fb3-4c08-9d74-8d42d6de0e40,0.05,0.03,ab4a70858e,0.0,-60.0,47.5,0.0,7.16,0,0,0,0.0,0,2.0,0,0.01,/user/raabe14/u19361/workspace-allen/results/zebra/sub-830795_ses-ecephys-830795-2026-02-23-15-03-59_ecephys.nwb/ProbeF/trial_1/phase_1/lib_ab4a70858e/lib_ab4a70858e__delay_0.05__dur_0.03.h5
4694af6d-a603-47b2-8d0e-96e23ea9f9c3,0.05,0.23,ab4a70858e,0.07660617679357529,-9.850746268656714,0.8962264150943398,157.4840764271708,28.65,28,26,7,2.199114857512855,5,8.0,9,0.1,/user/raabe14/u19361/workspace-allen/results/zebra/sub-830795_ses-ecephys-830795-2026-02-23-15-03-59_ecephys.nwb/ProbeF/trial_1/phase_1/lib_ab4a70858e/lib_ab4a70858e__delay_0.05__dur_0.23.h5
46f1a3b2-862e-4943-8a30-72abb0c2b21a,0.30000000000000004,0.23,ab4a70858e,0.08429975807666779,18.80597014925374,25.990566037735846,157.4840764271708,10.74,44,12,7,2.199114857512855,1,3.0,12,1.3,/user/raabe14/u19361/workspace-allen/results/zebra/sub-830795_ses-ecephys-830795-2026-02-23-15-03-59_ecephys.nwb/ProbeF/trial_1/phase_1/lib_ab4a70858e/lib_ab4a70858e__delay_0.30000000000000004__dur_0.23.h5
474ba720-3cff-4fde-961a-76115133a017,0.05,0.03,ab4a70858e,0.0,-60.0,47.5,0.0,7.16,0,0,0,0.0,0,2.0,0,0.01,/user/raabe14/u19361/workspace-allen/results/zebra/sub-830795_ses-ecephys-830795-2026-02-23-15-03-59_ecephys.nwb/ProbeF/trial_1/phase_1/lib_ab4a70858e/lib_ab4a70858e__delay_0.05__dur_0.03.h5
48082bb3-2c84-4f7c-a014-9b8b4109cc89,0.05,0.03,ab4a70858e,0.0,-60.0,47.5,0.0,7.16,0,0,0,0.0,0,2.0,0,0.01,/user/raabe14/u19361/workspace-allen/results/zebra/sub-830795_ses-ecephys-830795-2026-02-23-15-03-59_ecephys.nwb/ProbeF/trial_1/phase_1/lib_ab4a70858e/lib_ab4a70858e__delay_0.05__dur_0.03.h5
490a485a-ff16-40ab-848a-1370875d6aa0,0.05,0.13,ab4a70858e,0.07668567448854446,-22.388059701492537,20.613207547169807,22.515923572829195,10.74,21,15,1,0.3141592653589793,1,3.0,9,0.1,/user/raabe14/u19361/workspace-allen/results/zebra/sub-830795_ses-ecephys-830795-2026-02-23-15-03-59_ecephys.nwb/ProbeF/trial_1/phase_1/lib_ab4a70858e/lib_ab4a70858e__delay_0.05__dur_0.13.h5
49c4ac12-d600-467f-899c-12aec214ddd6,0.05,0.23,ab4a70858e,0.07744807749986649,11.641791044776127,-27.78301886792453,67.51591472682667,17.91,40,42,3,0.9424777960769379,3,5.0,5,0.06,/user/raabe14/u19361/workspace-allen/results/zebra/sub-830795_ses-ecephys-830795-2026-02-23-15-03-59_ecephys.nwb/ProbeF/trial_1/phase_1/lib_ab4a70858e/lib_ab4a70858e__delay_0.05__dur_0.23.h5
4a4d85e8-e6c5-4387-b072-2e3ba223ab0b,0.0,0.13,ab4a70858e,0.12171228975057602,-24.179104477611936,27.783018867924525,45.02251307527088,17.91,20,11,2,0.6283185307179586,3,5.0,12,1.3,/user/raabe14/u19361/workspace-allen/results/zebra/sub-830795_ses-ecephys-830795-2026-02-23-15-03-59_ecephys.nwb/ProbeF/trial_1/phase_1/lib_ab4a70858e/lib_ab4a70858e__delay_0.0__dur_0.13.h5
4a7358b4-1e97-484a-ace7-c1548ecaed79,0.2,0.23,ab4a70858e,0.1357952058315277,-6.268656716417908,15.235849056603776,180.0,10.74,30,18,8,2.5132741228718345,1,3.0,12,1.3,/user/raabe14/u19361/workspace-allen/results/zebra/sub-830795_ses-ecephys-830795-2026-02-23-15-03-59_ecephys.nwb/ProbeF/trial_1/phase_1/lib_ab4a70858e/lib_ab4a70858e__delay_0.2__dur_0.23.h5
4ad90989-45e1-4ed7-a106-a4d588c8c44c,0.15000000000000002,0.13,ab4a70858e,0.08024419099092484,-52.83582089552239,-2.6886792452830193,0.0,10.74,4,28,0,0.0,1,3.0,11,1.2,/user/raabe14/u19361/workspace-allen/results/zebra/sub-830795_ses-ecephys-830795-2026-02-23-15-03-59_ecephys.nwb/ProbeF/trial_1/phase_1/lib_ab4a70858e/lib_ab4a70858e__delay_0.15000000000000002__dur_0.13.h5
4b1c997a-d7b6-40d1-b735-a14c27803c6d,0.05,0.18000000000000002,ab4a70858e,0.07294610887765884,13.43283582089552,43.91509433962264,67.51591472682667,28.65,41,2,3,0.9424777960769379,5,8.0,9,0.1,/user/raabe14/u19361/workspace-allen/results/zebra/sub-830795_ses-ecephys-830795-2026-02-23-15-03-59_ecephys.nwb/ProbeF/trial_1/phase_1/lib_ab4a70858e/lib_ab4a70858e__delay_0.05__dur_0.18000000000000002.h5
4b4710a2-0887-4f1d-8ef5-360c3dbfe2cc,0.05,0.03,ab4a70858e,0.0,-60.0,47.5,0.0,7.16,0,0,0,0.0,0,2.0,0,0.01,/user/raabe14/u19361/workspace-allen/results/zebra/sub-830795_ses-ecephys-830795-2026-02-23-15-03-59_ecephys.nwb/ProbeF/trial_1/phase_1/lib_ab4a70858e/lib_ab4a70858e__delay_0.05__dur_0.03.h5
4b823938-a88f-414f-bcaa-158a2d664a1f,0.05,0.23,ab4a70858e,0.07661934942007065,22.388059701492537,36.74528301886792,45.02251307527088,14.32,46,6,2,0.6283185307179586,2,4.0,9,0.1,/user/raabe14/u19361/workspace-allen/results/zebra/sub-830795_ses-ecephys-830795-2026-02-23-15-03-59_ecephys.nwb/ProbeF/trial_1/phase_1/lib_ab4a70858e/lib_ab4a70858e__delay_0.05__dur_0.23.h5
4bcd3156-dcfa-4e6b-95c3-c724dd485704,0.15000000000000002,0.23,ab4a70858e,0.08070389926433563,-9.850746268656714,11.650943396226417,67.51591472682667,10.74,28,20,3,0.9424777960769379,1,3.0,12,1.3,/user/raabe14/u19361/workspace-allen/results/zebra/sub-830795_ses-ecephys-830795-2026-02-23-15-03-59_ecephys.nwb/ProbeF/trial_1/phase_1/lib_ab4a70858e/lib_ab4a70858e__delay_0.15000000000000002__dur_0.23.h5
4c3ba134-405b-46d2-a267-1acd4c9903d0,0.0,0.23,ab4a70858e,0.07597809284925461,-17.014925373134325,24.198113207547166,22.515923572829195,10.74,24,13,1,0.3141592653589793,1,3.0,9,0.1,/user/raabe14/u19361/workspace-allen/results/zebra/sub-830795_ses-ecephys-830795-2026-02-23-15-03-59_ecephys.nwb/ProbeF/trial_1/phase_1/lib_ab4a70858e/lib_ab4a70858e__delay_0.0__dur_0.23.h5
4c7936d6-88c5-4d52-9343-0e868028629d,0.05,0.03,ab4a70858e,0.0,-60.0,47.5,0.0,7.16,0,0,0,0.0,0,2.0,0,0.01,/user/raabe14/u19361/workspace-allen/results/zebra/sub-830795_ses-ecephys-830795-2026-02-23-15-03-59_ecephys.nwb/ProbeF/trial_1/phase_1/lib_ab4a70858e/lib_ab4a70858e__delay_0.05__dur_0.03.h5
4c9d6828-9f1e-4e42-97e3-0822f4e1af2f,0.1,0.13,ab4a70858e,0.0791296511888504,58.20895522388061,27.783018867924525,112.48408527317332,14.32,66,11,5,1.5707963267948966,2,4.0,7,0.08,/user/raabe14/u19361/workspace-allen/results/zebra/sub-830795_ses-ecephys-830795-2026-02-23-15-03-59_ecephys.nwb/ProbeF/trial_1/phase_1/lib_ab4a70858e/lib_ab4a70858e__delay_0.1__dur_0.13.h5
4e08da71-7916-4191-988b-9256d8a0519e,0.25,0.18000000000000002,ab4a70858e,0.0815272107720375,47.462686567164184,36.74528301886792,180.0,10.74,60,6,8,2.5132741228718345,1,3.0,12,1.3,/user/raabe14/u19361/workspace-allen/results/zebra/sub-830795_ses-ecephys-830795-2026-02-23-15-03-59_ecephys.nwb/ProbeF/trial_1/phase_1/lib_ab4a70858e/lib_ab4a70858e__delay_0.25__dur_0.18000000000000002.h5
4e2ede16-24b4-4a2c-b91b-94735017d3b0,0.30000000000000004,0.23,ab4a70858e,0.08520496636629105,-20.59701492537313,-9.858490566037737,45.02251307527088,28.65,22,32,2,0.6283185307179586,5,8.0,6,0.07,/user/raabe14/u19361/workspace-allen/results/zebra/sub-830795_ses-ecephys-830795-2026-02-23-15-03-59_ecephys.nwb/ProbeF/trial_1/phase_1/lib_ab4a70858e/lib_ab4a70858e__delay_0.30000000000000004__dur_0.23.h5
4e6b1214-4696-4914-b348-dfc0aa89acf0,0.30000000000000004,0.23,ab4a70858e,0.0827116072177887,-0.8955223880596961,25.990566037735846,90.0,28.65,33,12,4,1.2566370614359172,5,8.0,8,0.09,/user/raabe14/u19361/workspace-allen/results/zebra/sub-830795_ses-ecephys-830795-2026-02-23-15-03-59_ecephys.nwb/ProbeF/trial_1/phase_1/lib_ab4a70858e/lib_ab4a70858e__delay_0.30000000000000004__dur_0.23.h5
4e8b589b-ad03-4282-9894-6add8778cabf,0.0,0.18000000000000002,ab4a70858e,0.0916653722524643,-24.179104477611936,25.990566037735846,45.02251307527088,14.32,20,12,2,0.6283185307179586,2,4.0,12,1.3,/user/raabe14/u19361/workspace-allen/results/zebra/sub-830795_ses-ecephys-830795-2026-02-23-15-03-59_ecephys.nwb/ProbeF/trial_1/phase_1/lib_ab4a70858e/lib_ab4a70858e__delay_0.0__dur_0.18000000000000002.h5
4e93488b-b032-4f49-8270-6f7d40e6029b,0.05,0.03,ab4a70858e,0.0,-60.0,47.5,0.0,7.16,0,0,0,0.0,0,2.0,0,0.01,/user/raabe14/u19361/workspace-allen/results/zebra/sub-830795_ses-ecephys-830795-2026-02-23-15-03-59_ecephys.nwb/ProbeF/trial_1/phase_1/lib_ab4a70858e/lib_ab4a70858e__delay_0.05__dur_0.03.h5
4fe8d515-9677-4987-bb6e-925d9dc06957,0.30000000000000004,0.23,ab4a70858e,0.07726380228996277,-2.6865671641791025,-20.61320754716981,67.51591472682667,28.65,32,38,3,0.9424777960769379,5,8.0,5,0.06,/user/raabe14/u19361/workspace-allen/results/zebra/sub-830795_ses-ecephys-830795-2026-02-23-15-03-59_ecephys.nwb/ProbeF/trial_1/phase_1/lib_ab4a70858e/lib_ab4a70858e__delay_0.30000000000000004__dur_0.23.h5
501035ba-c99e-446a-bc14-b1a98ce79507,0.30000000000000004,0.18000000000000002,ab4a70858e,0.07432468235492706,-17.014925373134325,-11.650943396226417,180.0,7.16,24,33,8,2.5132741228718345,0,2.0,11,1.2,/user/raabe14/u19361/workspace-allen/results/zebra/sub-830795_ses-ecephys-830795-2026-02-23-15-03-59_ecephys.nwb/ProbeF/trial_1/phase_1/lib_ab4a70858e/lib_ab4a70858e__delay_0.30000000000000004__dur_0.18000000000000002.h5
5063a63c-837a-42a0-8a3d-56f84e491b12,0.0,0.18000000000000002,ab4a70858e,0.08938827365636826,40.29850746268657,-8.066037735849058,22.515923572829195,28.65,56,31,1,0.3141592653589793,5,8.0,9,0.1,/user/raabe14/u19361/workspace-allen/results/zebra/sub-830795_ses-ecephys-830795-2026-02-23-15-03-59_ecephys.nwb/ProbeF/trial_1/phase_1/lib_ab4a70858e/lib_ab4a70858e__delay_0.0__dur_0.18000000000000002.h5
5064e187-db19-4581-a691-429217543f01,0.1,0.23,ab4a70858e,0.08267411589622498,-20.59701492537313,8.066037735849058,67.51591472682667,7.16,22,22,3,0.9424777960769379,0,2.0,12,1.3,/user/raabe14/u19361/workspace-allen/results/zebra/sub-830795_ses-ecephys-830795-2026-02-23-15-03-59_ecephys.nwb/ProbeF/trial_1/phase_1/lib_ab4a70858e/lib_ab4a70858e__delay_0.1__dur_0.23.h5
50a472b7-f0dc-419e-ae46-77c7f25801cb,0.25,0.13,ab4a70858e,0.07826606184244156,-54.62686567164179,-29.57547169811321,0.0,21.49,3,43,0,0.0,4,6.0,11,1.2,/user/raabe14/u19361/workspace-allen/results/zebra/sub-830795_ses-ecephys-830795-2026-02-23-15-03-59_ecephys.nwb/ProbeF/trial_1/phase_1/lib_ab4a70858e/lib_ab4a70858e__delay_0.25__dur_0.13.h5
50a4d1e8-8dcf-47bb-95e8-e599025cd2c3,0.05,0.03,ab4a70858e,0.0,-60.0,47.5,0.0,7.16,0,0,0,0.0,0,2.0,0,0.01,/user/raabe14/u19361/workspace-allen/results/zebra/sub-830795_ses-ecephys-830795-2026-02-23-15-03-59_ecephys.nwb/ProbeF/trial_1/phase_1/lib_ab4a70858e/lib_ab4a70858e__delay_0.05__dur_0.03.h5
50b04352-7f4e-4e74-8041-4858c96b4507,0.2,0.23,ab4a70858e,0.09023428708314896,-4.477611940298509,-15.235849056603776,157.4840764271708,7.16,31,35,7,2.199114857512855,0,2.0,0,0.01,/user/raabe14/u19361/workspace-allen/results/zebra/sub-830795_ses-ecephys-830795-2026-02-23-15-03-59_ecephys.nwb/ProbeF/trial_1/phase_1/lib_ab4a70858e/lib_ab4a70858e__delay_0.2__dur_0.23.h5
50d07264-d06b-4865-b49c-4d6dc9737c0f,0.25,0.13,ab4a70858e,0.07839369773864746,0.8955223880597032,38.5377358490566,0.0,28.65,34,5,0,0.0,5,8.0,9,0.1,/user/raabe14/u19361/workspace-allen/results/zebra/sub-830795_ses-ecephys-830795-2026-02-23-15-03-59_ecephys.nwb/ProbeF/trial_1/phase_1/lib_ab4a70858e/lib_ab4a70858e__delay_0.25__dur_0.13.h5
51121ee0-a8b3-4cd6-85f9-542e3022fbd4,0.05,0.03,ab4a70858e,0.0,-60.0,47.5,0.0,7.16,0,0,0,0.0,0,2.0,0,0.01,/user/raabe14/u19361/workspace-allen/results/zebra/sub-830795_ses-ecephys-830795-2026-02-23-15-03-59_ecephys.nwb/ProbeF/trial_1/phase_1/lib_ab4a70858e/lib_ab4a70858e__delay_0.05__dur_0.03.h5
5124453e-65ba-44cc-9231-ff1c2f3a4d44,0.0,0.18000000000000002,ab4a70858e,0.08052501827478409,-17.014925373134325,-0.8962264150943398,157.4840764271708,7.16,24,27,7,2.199114857512855,0,2.0,9,0.1,/user/raabe14/u19361/workspace-allen/results/zebra/sub-830795_ses-ecephys-830795-2026-02-23-15-03-59_ecephys.nwb/ProbeF/trial_1/phase_1/lib_ab4a70858e/lib_ab4a70858e__delay_0.0__dur_0.18000000000000002.h5
51a52cb6-cee9-4c58-945e-eca22eaabf41,0.05,0.18000000000000002,ab4a70858e,0.07864370942115784,2.6865671641791096,-11.650943396226417,67.51591472682667,28.65,35,33,3,0.9424777960769379,5,8.0,9,0.1,/user/raabe14/u19361/workspace-allen/results/zebra/sub-830795_ses-ecephys-830795-2026-02-23-15-03-59_ecephys.nwb/ProbeF/trial_1/phase_1/lib_ab4a70858e/lib_ab4a70858e__delay_0.05__dur_0.18000000000000002.h5
51ae2eb0-7347-4b07-8454-5921b75f309c,0.0,0.13,ab4a70858e,0.07770749181509018,-60.0,47.5,67.51591472682667,21.49,0,0,3,0.9424777960769379,4,6.0,9,0.1,/user/raabe14/u19361/workspace-allen/results/zebra/sub-830795_ses-ecephys-830795-2026-02-23-15-03-59_ecephys.nwb/ProbeF/trial_1/phase_1/lib_ab4a70858e/lib_ab4a70858e__delay_0.0__dur_0.13.h5
524cbce3-d3c5-4d39-990b-253930dc9525,0.1,0.23,ab4a70858e,0.06840062141418457,9.85074626865672,24.198113207547166,45.02251307527088,7.16,39,13,2,0.6283185307179586,0,2.0,9,0.1,/user/raabe14/u19361/workspace-allen/results/zebra/sub-830795_ses-ecephys-830795-2026-02-23-15-03-59_ecephys.nwb/ProbeF/trial_1/phase_1/lib_ab4a70858e/lib_ab4a70858e__delay_0.1__dur_0.23.h5
52a0c9ed-412e-4ef3-80b5-3fdc7e757a65,0.25,0.18000000000000002,ab4a70858e,0.11025074124336243,-15.223880597014926,15.235849056603776,157.4840764271708,14.32,25,18,7,2.199114857512855,2,4.0,12,1.3,/user/raabe14/u19361/workspace-allen/results/zebra/sub-830795_ses-ecephys-830795-2026-02-23-15-03-59_ecephys.nwb/ProbeF/trial_1/phase_1/lib_ab4a70858e/lib_ab4a70858e__delay_0.25__dur_0.18000000000000002.h5
534f05fb-c4c4-476d-bc15-92cb8ab5c727,0.25,0.23,ab4a70858e,0.07939913123846054,-18.80597014925373,27.783018867924525,157.4840764271708,10.74,23,11,7,2.199114857512855,1,3.0,0,0.01,/user/raabe14/u19361/workspace-allen/results/zebra/sub-830795_ses-ecephys-830795-2026-02-23-15-03-59_ecephys.nwb/ProbeF/trial_1/phase_1/lib_ab4a70858e/lib_ab4a70858e__delay_0.25__dur_0.23.h5
53b38493-0d56-4553-a2ee-1b4a60df60d7,0.05,0.03,ab4a70858e,0.0,-60.0,47.5,0.0,7.16,0,0,0,0.0,0,2.0,0,0.01,/user/raabe14/u19361/workspace-allen/results/zebra/sub-830795_ses-ecephys-830795-2026-02-23-15-03-59_ecephys.nwb/ProbeF/trial_1/phase_1/lib_ab4a70858e/lib_ab4a70858e__delay_0.05__dur_0.03.h5
53bc4c1d-3678-4303-ae1b-89d3ec5fdd63,0.30000000000000004,0.13,ab4a70858e,0.08139991015195847,-27.761194029850742,-9.858490566037737,180.0,10.74,18,32,8,2.5132741228718345,1,3.0,9,0.1,/user/raabe14/u19361/workspace-allen/results/zebra/sub-830795_ses-ecephys-830795-2026-02-23-15-03-59_ecephys.nwb/ProbeF/trial_1/phase_1/lib_ab4a70858e/lib_ab4a70858e__delay_0.30000000000000004__dur_0.13.h5
543c6c57-70bc-45f6-a929-b876f59c9792,0.30000000000000004,0.23,ab4a70858e,0.08596107363700867,27.761194029850756,-0.8962264150943398,67.51591472682667,10.74,49,27,3,0.9424777960769379,1,3.0,0,0.01,/user/raabe14/u19361/workspace-allen/results/zebra/sub-830795_ses-ecephys-830795-2026-02-23-15-03-59_ecephys.nwb/ProbeF/trial_1/phase_1/lib_ab4a70858e/lib_ab4a70858e__delay_0.30000000000000004__dur_0.23.h5
547f6cd8-c398-4c89-8a7d-0d68929619d6,0.05,0.03,ab4a70858e,0.0,-60.0,47.5,0.0,7.16,0,0,0,0.0,0,2.0,0,0.01,/user/raabe14/u19361/workspace-allen/results/zebra/sub-830795_ses-ecephys-830795-2026-02-23-15-03-59_ecephys.nwb/ProbeF/trial_1/phase_1/lib_ab4a70858e/lib_ab4a70858e__delay_0.05__dur_0.03.h5
54cf9b25-b432-4f55-9020-8d608afc39df,0.2,0.18000000000000002,ab4a70858e,0.07791882753372192,-8.059701492537314,0.8962264150943398,157.4840764271708,7.16,29,26,7,2.199114857512855,0,2.0,6,0.07,/user/raabe14/u19361/workspace-allen/results/zebra/sub-830795_ses-ecephys-830795-2026-02-23-15-03-59_ecephys.nwb/ProbeF/trial_1/phase_1/lib_ab4a70858e/lib_ab4a70858e__delay_0.2__dur_0.18000000000000002.h5
554bac54-8058-4832-b445-3683d3c7bf4f,0.05,0.23,ab4a70858e,0.07339269667863846,4.477611940298516,-34.95283018867924,45.02251307527088,10.74,36,46,2,0.6283185307179586,1,3.0,12,1.3,/user/raabe14/u19361/workspace-allen/results/zebra/sub-830795_ses-ecephys-830795-2026-02-23-15-03-59_ecephys.nwb/ProbeF/trial_1/phase_1/lib_ab4a70858e/lib_ab4a70858e__delay_0.05__dur_0.23.h5
556fea15-d0b5-4847-abff-9f81cab5028b,0.30000000000000004,0.23,ab4a70858e,0.07326296716928482,-36.71641791044776,47.5,112.48408527317332,28.65,13,0,5,1.5707963267948966,5,8.0,1,0.02,/user/raabe14/u19361/workspace-allen/results/zebra/sub-830795_ses-ecephys-830795-2026-02-23-15-03-59_ecephys.nwb/ProbeF/trial_1/phase_1/lib_ab4a70858e/lib_ab4a70858e__delay_0.30000000000000004__dur_0.23.h5
5703e5ae-5062-415f-a9da-af16308031ff,0.30000000000000004,0.23,ab4a70858e,0.07639430463314056,-29.55223880597015,15.235849056603776,0.0,28.65,17,18,0,0.0,5,8.0,9,0.1,/user/raabe14/u19361/workspace-allen/results/zebra/sub-830795_ses-ecephys-830795-2026-02-23-15-03-59_ecephys.nwb/ProbeF/trial_1/phase_1/lib_ab4a70858e/lib_ab4a70858e__delay_0.30000000000000004__dur_0.23.h5
58392e31-482f-4d78-abfc-ae7259ee2fe3,0.15000000000000002,0.18000000000000002,ab4a70858e,0.10426805168390274,-29.55223880597015,15.235849056603776,67.51591472682667,7.16,17,18,3,0.9424777960769379,0,2.0,12,1.3,/user/raabe14/u19361/workspace-allen/results/zebra/sub-830795_ses-ecephys-830795-2026-02-23-15-03-59_ecephys.nwb/ProbeF/trial_1/phase_1/lib_ab4a70858e/lib_ab4a70858e__delay_0.15000000000000002__dur_0.18000000000000002.h5
58ef6466-9f55-4b9e-8216-d277bfeebad3,0.05,0.03,ab4a70858e,0.0,-60.0,47.5,0.0,7.16,0,0,0,0.0,0,2.0,0,0.01,/user/raabe14/u19361/workspace-allen/results/zebra/sub-830795_ses-ecephys-830795-2026-02-23-15-03-59_ecephys.nwb/ProbeF/trial_1/phase_1/lib_ab4a70858e/lib_ab4a70858e__delay_0.05__dur_0.03.h5
5a3307e4-8c9e-45d8-91b8-17a7941b8960,0.30000000000000004,0.23,ab4a70858e,0.07639635354280472,-15.223880597014926,-24.19811320754717,67.51591472682667,7.16,25,40,3,0.9424777960769379,0,2.0,9,0.1,/user/raabe14/u19361/workspace-allen/results/zebra/sub-830795_ses-ecephys-830795-2026-02-23-15-03-59_ecephys.nwb/ProbeF/trial_1/phase_1/lib_ab4a70858e/lib_ab4a70858e__delay_0.30000000000000004__dur_0.23.h5
5a5c7b2b-ce3b-470c-9e4d-f7cc1e564376,0.1,0.23,ab4a70858e,0.09762635827064514,6.268656716417908,-15.235849056603776,22.515923572829163,17.91,37,35,9,2.827433388230814,3,5.0,2,0.03,/user/raabe14/u19361/workspace-allen/results/zebra/sub-830795_ses-ecephys-830795-2026-02-23-15-03-59_ecephys.nwb/ProbeF/trial_1/phase_1/lib_ab4a70858e/lib_ab4a70858e__delay_0.1__dur_0.23.h5
5a764d2c-b503-4955-9757-f67e1e50f3ce,0.05,0.03,ab4a70858e,0.0,-60.0,47.5,0.0,7.16,0,0,0,0.0,0,2.0,0,0.01,/user/raabe14/u19361/workspace-allen/results/zebra/sub-830795_ses-ecephys-830795-2026-02-23-15-03-59_ecephys.nwb/ProbeF/trial_1/phase_1/lib_ab4a70858e/lib_ab4a70858e__delay_0.05__dur_0.03.h5
5bb9966c-6a81-4c96-969d-a78c5afb6fcf,0.25,0.23,ab4a70858e,0.0845855101943016,-22.388059701492537,0.8962264150943398,112.48408527317332,7.16,21,26,5,1.5707963267948966,0,2.0,11,1.2,/user/raabe14/u19361/workspace-allen/results/zebra/sub-830795_ses-ecephys-830795-2026-02-23-15-03-59_ecephys.nwb/ProbeF/trial_1/phase_1/lib_ab4a70858e/lib_ab4a70858e__delay_0.25__dur_0.23.h5
5bc6a376-49f2-4815-b652-157c47790012,0.05,0.03,ab4a70858e,0.0,-60.0,47.5,0.0,7.16,0,0,0,0.0,0,2.0,0,0.01,/user/raabe14/u19361/workspace-allen/results/zebra/sub-830795_ses-ecephys-830795-2026-02-23-15-03-59_ecephys.nwb/ProbeF/trial_1/phase_1/lib_ab4a70858e/lib_ab4a70858e__delay_0.05__dur_0.03.h5
5bec713c-b5c9-4cc7-a749-4e9b03f50421,0.1,0.18000000000000002,ab4a70858e,0.09031788259744644,-20.59701492537313,25.990566037735846,22.515923572829163,28.65,22,12,9,2.827433388230814,5,8.0,6,0.07,/user/raabe14/u19361/workspace-allen/results/zebra/sub-830795_ses-ecephys-830795-2026-02-23-15-03-59_ecephys.nwb/ProbeF/trial_1/phase_1/lib_ab4a70858e/lib_ab4a70858e__delay_0.1__dur_0.18000000000000002.h5
5c881bb6-ebe6-480b-80a3-6569fa9b943d,0.0,0.13,ab4a70858e,0.08355141431093216,-49.25373134328358,31.367924528301884,0.0,17.91,6,9,0,0.0,3,5.0,11,1.2,/user/raabe14/u19361/workspace-allen/results/zebra/sub-830795_ses-ecephys-830795-2026-02-23-15-03-59_ecephys.nwb/ProbeF/trial_1/phase_1/lib_ab4a70858e/lib_ab4a70858e__delay_0.0__dur_0.13.h5
5cce330c-4f7c-46d2-965c-1f530e391b08,0.2,0.23,ab4a70858e,0.08745380491018295,-9.850746268656714,22.405660377358487,112.48408527317332,17.91,28,14,5,1.5707963267948966,3,5.0,11,1.2,/user/raabe14/u19361/workspace-allen/results/zebra/sub-830795_ses-ecephys-830795-2026-02-23-15-03-59_ecephys.nwb/ProbeF/trial_1/phase_1/lib_ab4a70858e/lib_ab4a70858e__delay_0.2__dur_0.23.h5
5d044c3c-4328-4797-8bf4-7524797c5168,0.2,0.23,ab4a70858e,0.0829690545797348,-22.388059701492537,13.443396226415096,180.0,21.49,21,19,8,2.5132741228718345,4,6.0,7,0.08,/user/raabe14/u19361/workspace-allen/results/zebra/sub-830795_ses-ecephys-830795-2026-02-23-15-03-59_ecephys.nwb/ProbeF/trial_1/phase_1/lib_ab4a70858e/lib_ab4a70858e__delay_0.2__dur_0.23.h5
5d592116-dbed-4152-9da7-785c0c9289a1,0.30000000000000004,0.08,ab4a70858e,0.0796787291765213,-25.970149253731343,-2.6886792452830193,157.4840764271708,28.65,19,28,7,2.199114857512855,5,8.0,9,0.1,/user/raabe14/u19361/workspace-allen/results/zebra/sub-830795_ses-ecephys-830795-2026-02-23-15-03-59_ecephys.nwb/ProbeF/trial_1/phase_1/lib_ab4a70858e/lib_ab4a70858e__delay_0.30000000000000004__dur_0.08.h5
5d7fca92-b7d1-4b6f-8097-58399a57b8eb,0.05,0.23,ab4a70858e,0.07639290392398834,-20.59701492537313,24.198113207547166,22.515923572829163,10.74,22,13,9,2.827433388230814,1,3.0,5,0.06,/user/raabe14/u19361/workspace-allen/results/zebra/sub-830795_ses-ecephys-830795-2026-02-23-15-03-59_ecephys.nwb/ProbeF/trial_1/phase_1/lib_ab4a70858e/lib_ab4a70858e__delay_0.05__dur_0.23.h5
5d8f1815-cc09-400a-92c2-f01916979d49,0.15000000000000002,0.13,ab4a70858e,0.07537047564983368,20.59701492537313,-4.481132075471699,157.4840764271708,7.16,45,29,7,2.199114857512855,0,2.0,9,0.1,/user/raabe14/u19361/workspace-allen/results/zebra/sub-830795_ses-ecephys-830795-2026-02-23-15-03-59_ecephys.nwb/ProbeF/trial_1/phase_1/lib_ab4a70858e/lib_ab4a70858e__delay_0.15000000000000002__dur_0.13.h5
5deb3118-e610-4043-9614-cda9e05fc285,0.05,0.03,ab4a70858e,0.0,-60.0,47.5,0.0,7.16,0,0,0,0.0,0,2.0,0,0.01,/user/raabe14/u19361/workspace-allen/results/zebra/sub-830795_ses-ecephys-830795-2026-02-23-15-03-59_ecephys.nwb/ProbeF/trial_1/phase_1/lib_ab4a70858e/lib_ab4a70858e__delay_0.05__dur_0.03.h5
5e5d7ea5-fbf3-4377-8a03-9963ba6459ed,0.05,0.18000000000000002,ab4a70858e,0.08229774981737137,-15.223880597014926,6.273584905660378,45.02251307527088,21.49,25,23,2,0.6283185307179586,4,6.0,11,1.2,/user/raabe14/u19361/workspace-allen/results/zebra/sub-830795_ses-ecephys-830795-2026-02-23-15-03-59_ecephys.nwb/ProbeF/trial_1/phase_1/lib_ab4a70858e/lib_ab4a70858e__delay_0.05__dur_0.18000000000000002.h5
5facd701-17a5-4480-b7ea-cc2cec2f32c7,0.25,0.23,ab4a70858e,0.09205125272274017,8.059701492537314,9.858490566037737,134.9774869247291,28.65,38,21,6,1.8849555921538759,5,8.0,3,0.04,/user/raabe14/u19361/workspace-allen/results/zebra/sub-830795_ses-ecephys-830795-2026-02-23-15-03-59_ecephys.nwb/ProbeF/trial_1/phase_1/lib_ab4a70858e/lib_ab4a70858e__delay_0.25__dur_0.23.h5
60e98d47-b3b5-4024-8430-105e046c5f34,0.05,0.23,ab4a70858e,0.09990184009075165,-22.388059701492537,-15.235849056603776,157.4840764271708,17.91,21,35,7,2.199114857512855,3,5.0,12,1.3,/user/raabe14/u19361/workspace-allen/results/zebra/sub-830795_ses-ecephys-830795-2026-02-23-15-03-59_ecephys.nwb/ProbeF/trial_1/phase_1/lib_ab4a70858e/lib_ab4a70858e__delay_0.05__dur_0.23.h5
61a9ff58-b6a8-472b-871a-415f76b6eabe,0.0,0.18000000000000002,ab4a70858e,0.08142996579408646,-40.298507462686565,20.613207547169807,90.0,14.32,11,15,4,1.2566370614359172,2,4.0,6,0.07,/user/raabe14/u19361/workspace-allen/results/zebra/sub-830795_ses-ecephys-830795-2026-02-23-15-03-59_ecephys.nwb/ProbeF/trial_1/phase_1/lib_ab4a70858e/lib_ab4a70858e__delay_0.0__dur_0.18000000000000002.h5
626a2646-aab8-4bf9-ac6a-caa93a407a95,0.2,0.23,ab4a70858e,0.12230309098958969,-43.88059701492537,4.481132075471699,157.4840764271708,14.32,9,24,7,2.199114857512855,2,4.0,12,1.3,/user/raabe14/u19361/workspace-allen/results/zebra/sub-830795_ses-ecephys-830795-2026-02-23-15-03-59_ecephys.nwb/ProbeF/trial_1/phase_1/lib_ab4a70858e/lib_ab4a70858e__delay_0.2__dur_0.23.h5
62fc665e-4539-482f-8a0b-3575c95fba63,0.05,0.03,ab4a70858e,0.0,-60.0,47.5,0.0,7.16,0,0,0,0.0,0,2.0,0,0.01,/user/raabe14/u19361/workspace-allen/results/zebra/sub-830795_ses-ecephys-830795-2026-02-23-15-03-59_ecephys.nwb/ProbeF/trial_1/phase_1/lib_ab4a70858e/lib_ab4a70858e__delay_0.05__dur_0.03.h5
635cadc9-55ad-481a-a48c-23aadf35beb9,0.2,0.08,ab4a70858e,0.09117991477251053,-27.761194029850742,18.820754716981128,22.515923572829195,28.65,18,16,1,0.3141592653589793,5,8.0,7,0.08,/user/raabe14/u19361/workspace-allen/results/zebra/sub-830795_ses-ecephys-830795-2026-02-23-15-03-59_ecephys.nwb/ProbeF/trial_1/phase_1/lib_ab4a70858e/lib_ab4a70858e__delay_0.2__dur_0.08.h5
6381e553-9d9c-4fb4-9526-0d90deaee3bc,0.30000000000000004,0.18000000000000002,ab4a70858e,0.0739268884062767,-8.059701492537314,47.5,22.515923572829195,28.65,29,0,1,0.3141592653589793,5,8.0,7,0.08,/user/raabe14/u19361/workspace-allen/results/zebra/sub-830795_ses-ecephys-830795-2026-02-23-15-03-59_ecephys.nwb/ProbeF/trial_1/phase_1/lib_ab4a70858e/lib_ab4a70858e__delay_0.30000000000000004__dur_0.18000000000000002.h5
6444ffc3-2162-4a75-af18-6fa55f3df95b,0.15000000000000002,0.23,ab4a70858e,0.07878772169351578,-22.388059701492537,-4.481132075471699,0.0,7.16,21,29,0,0.0,0,2.0,11,1.2,/user/raabe14/u19361/workspace-allen/results/zebra/sub-830795_ses-ecephys-830795-2026-02-23-15-03-59_ecephys.nwb/ProbeF/trial_1/phase_1/lib_ab4a70858e/lib_ab4a70858e__delay_0.15000000000000002__dur_0.23.h5
6721c091-def0-4686-bcf9-1c8bd933532e,0.05,0.13,ab4a70858e,0.09321847558021545,-6.268656716417908,-2.6886792452830193,90.0,7.16,30,28,4,1.2566370614359172,0,2.0,9,0.1,/user/raabe14/u19361/workspace-allen/results/zebra/sub-830795_ses-ecephys-830795-2026-02-23-15-03-59_ecephys.nwb/ProbeF/trial_1/phase_1/lib_ab4a70858e/lib_ab4a70858e__delay_0.05__dur_0.13.h5
67740a89-d7a2-4d22-8f2a-cd24587dc54e,0.1,0.23,ab4a70858e,0.07730510830879211,-4.477611940298509,18.820754716981128,180.0,10.74,31,16,8,2.5132741228718345,1,3.0,12,1.3,/user/raabe14/u19361/workspace-allen/results/zebra/sub-830795_ses-ecephys-830795-2026-02-23-15-03-59_ecephys.nwb/ProbeF/trial_1/phase_1/lib_ab4a70858e/lib_ab4a70858e__delay_0.1__dur_0.23.h5
6782a497-e466-4b5a-83d1-856e3bd38fd2,0.15000000000000002,0.13,ab4a70858e,0.07727628946304321,-15.223880597014926,29.575471698113205,90.0,14.32,25,10,4,1.2566370614359172,2,4.0,6,0.07,/user/raabe14/u19361/workspace-allen/results/zebra/sub-830795_ses-ecephys-830795-2026-02-23-15-03-59_ecephys.nwb/ProbeF/trial_1/phase_1/lib_ab4a70858e/lib_ab4a70858e__delay_0.15000000000000002__dur_0.13.h5
679b14eb-49df-434d-9789-679dd30f758b,0.25,0.23,ab4a70858e,0.07715220004320145,-34.92537313432835,20.613207547169807,180.0,21.49,14,15,8,2.5132741228718345,4,6.0,2,0.03,/user/raabe14/u19361/workspace-allen/results/zebra/sub-830795_ses-ecephys-830795-2026-02-23-15-03-59_ecephys.nwb/ProbeF/trial_1/phase_1/lib_ab4a70858e/lib_ab4a70858e__delay_0.25__dur_0.23.h5
67e09798-bf3b-4fc9-b254-5597781a308b,0.05,0.13,ab4a70858e,0.07163004577159882,-25.970149253731343,-45.70754716981132,45.02251307527088,7.16,19,52,2,0.6283185307179586,0,2.0,9,0.1,/user/raabe14/u19361/workspace-allen/results/zebra/sub-830795_ses-ecephys-830795-2026-02-23-15-03-59_ecephys.nwb/ProbeF/trial_1/phase_1/lib_ab4a70858e/lib_ab4a70858e__delay_0.05__dur_0.13.h5
6850eab1-8ebd-44af-b1aa-a003fd8ec0cd,0.0,0.23,ab4a70858e,0.09695540368556976,-6.268656716417908,42.12264150943396,45.02251307527088,17.91,30,3,2,0.6283185307179586,3,5.0,4,0.05,/user/raabe14/u19361/workspace-allen/results/zebra/sub-830795_ses-ecephys-830795-2026-02-23-15-03-59_ecephys.nwb/ProbeF/trial_1/phase_1/lib_ab4a70858e/lib_ab4a70858e__delay_0.0__dur_0.23.h5
697ef139-786c-4c09-82e8-82c79350c9b4,0.1,0.18000000000000002,ab4a70858e,0.0833992287516594,-31.34328358208955,42.12264150943396,22.515923572829163,14.32,16,3,9,2.827433388230814,2,4.0,4,0.05,/user/raabe14/u19361/workspace-allen/results/zebra/sub-830795_ses-ecephys-830795-2026-02-23-15-03-59_ecephys.nwb/ProbeF/trial_1/phase_1/lib_ab4a70858e/lib_ab4a70858e__delay_0.1__dur_0.18000000000000002.h5
6995aae7-dcb8-4877-8f97-05172ca75920,0.25,0.23,ab4a70858e,0.07521285116672516,-42.089552238805965,17.02830188679245,134.9774869247291,28.65,10,17,6,1.8849555921538759,5,8.0,9,0.1,/user/raabe14/u19361/workspace-allen/results/zebra/sub-830795_ses-ecephys-830795-2026-02-23-15-03-59_ecephys.nwb/ProbeF/trial_1/phase_1/lib_ab4a70858e/lib_ab4a70858e__delay_0.25__dur_0.23.h5
69977c44-8e44-4adb-87c8-19d7f3f02b38,0.05,0.23,ab4a70858e,0.08215577155351639,25.97014925373135,29.575471698113205,112.48408527317332,17.91,48,10,5,1.5707963267948966,3,5.0,7,0.08,/user/raabe14/u19361/workspace-allen/results/zebra/sub-830795_ses-ecephys-830795-2026-02-23-15-03-59_ecephys.nwb/ProbeF/trial_1/phase_1/lib_ab4a70858e/lib_ab4a70858e__delay_0.05__dur_0.23.h5
69ecbd69-423f-4f4a-96cc-0fe8c34597de,0.0,0.18000000000000002,ab4a70858e,0.09987571090459824,-24.179104477611936,40.33018867924528,0.0,7.16,20,4,0,0.0,0,2.0,11,1.2,/user/raabe14/u19361/workspace-allen/results/zebra/sub-830795_ses-ecephys-830795-2026-02-23-15-03-59_ecephys.nwb/ProbeF/trial_1/phase_1/lib_ab4a70858e/lib_ab4a70858e__delay_0.0__dur_0.18000000000000002.h5
6a73cbd7-83b4-455d-a884-41e540b99e29,0.0,0.13,ab4a70858e,0.10228559374809265,-4.477611940298509,-24.19811320754717,180.0,14.32,31,40,8,2.5132741228718345,2,4.0,12,1.3,/user/raabe14/u19361/workspace-allen/results/zebra/sub-830795_ses-ecephys-830795-2026-02-23-15-03-59_ecephys.nwb/ProbeF/trial_1/phase_1/lib_ab4a70858e/lib_ab4a70858e__delay_0.0__dur_0.13.h5
6aa92762-1daa-49c9-808e-dfcdc36f920b,0.25,0.23,ab4a70858e,0.10682346671819687,-18.80597014925373,-4.481132075471699,112.48408527317332,21.49,23,29,5,1.5707963267948966,4,6.0,12,1.3,/user/raabe14/u19361/workspace-allen/results/zebra/sub-830795_ses-ecephys-830795-2026-02-23-15-03-59_ecephys.nwb/ProbeF/trial_1/phase_1/lib_ab4a70858e/lib_ab4a70858e__delay_0.25__dur_0.23.h5
6ad6e6e8-1845-428c-9f67-5b6c2a53ce18,0.1,0.23,ab4a70858e,0.07865544408559799,0.8955223880597032,18.820754716981128,22.515923572829195,28.65,34,16,1,0.3141592653589793,5,8.0,0,0.01,/user/raabe14/u19361/workspace-allen/results/zebra/sub-830795_ses-ecephys-830795-2026-02-23-15-03-59_ecephys.nwb/ProbeF/trial_1/phase_1/lib_ab4a70858e/lib_ab4a70858e__delay_0.1__dur_0.23.h5
6b5ab99b-3cb2-4e27-be64-9f9aebf9dffe,0.05,0.23,ab4a70858e,0.07567722350358963,-20.59701492537313,25.990566037735846,67.51591472682667,17.91,22,12,3,0.9424777960769379,3,5.0,12,1.3,/user/raabe14/u19361/workspace-allen/results/zebra/sub-830795_ses-ecephys-830795-2026-02-23-15-03-59_ecephys.nwb/ProbeF/trial_1/phase_1/lib_ab4a70858e/lib_ab4a70858e__delay_0.05__dur_0.23.h5
6bba5295-7317-4381-860d-a3f98f0763e9,0.05,0.03,ab4a70858e,0.0,-60.0,47.5,0.0,7.16,0,0,0,0.0,0,2.0,0,0.01,/user/raabe14/u19361/workspace-allen/results/zebra/sub-830795_ses-ecephys-830795-2026-02-23-15-03-59_ecephys.nwb/ProbeF/trial_1/phase_1/lib_ab4a70858e/lib_ab4a70858e__delay_0.05__dur_0.03.h5
6bc57a4d-7163-48dd-b0c3-df64aedf52c3,0.25,0.23,ab4a70858e,0.17710264027118683,-9.850746268656714,29.575471698113205,112.48408527317332,28.65,28,10,5,1.5707963267948966,5,8.0,11,1.2,/user/raabe14/u19361/workspace-allen/results/zebra/sub-830795_ses-ecephys-830795-2026-02-23-15-03-59_ecephys.nwb/ProbeF/trial_1/phase_1/lib_ab4a70858e/lib_ab4a70858e__delay_0.25__dur_0.23.h5
6c5f480a-f9ac-4035-94df-1a995ba0fca7,0.05,0.23,ab4a70858e,0.07973049581050873,-2.6865671641791025,-11.650943396226417,180.0,7.16,32,33,8,2.5132741228718345,0,2.0,9,0.1,/user/raabe14/u19361/workspace-allen/results/zebra/sub-830795_ses-ecephys-830795-2026-02-23-15-03-59_ecephys.nwb/ProbeF/trial_1/phase_1/lib_ab4a70858e/lib_ab4a70858e__delay_0.05__dur_0.23.h5
6c8538e8-dcbf-4bef-934c-5a2e2d07223f,0.2,0.13,ab4a70858e,0.0784093365073204,-54.62686567164179,15.235849056603776,67.51591472682667,7.16,3,18,3,0.9424777960769379,0,2.0,12,1.3,/user/raabe14/u19361/workspace-allen/results/zebra/sub-830795_ses-ecephys-830795-2026-02-23-15-03-59_ecephys.nwb/ProbeF/trial_1/phase_1/lib_ab4a70858e/lib_ab4a70858e__delay_0.2__dur_0.13.h5
6ca55176-7f51-4351-9557-102182561a07,0.1,0.23,ab4a70858e,0.08844158798456192,-18.80597014925373,-6.273584905660378,157.4840764271708,14.32,23,30,7,2.199114857512855,2,4.0,12,1.3,/user/raabe14/u19361/workspace-allen/results/zebra/sub-830795_ses-ecephys-830795-2026-02-23-15-03-59_ecephys.nwb/ProbeF/trial_1/phase_1/lib_ab4a70858e/lib_ab4a70858e__delay_0.1__dur_0.23.h5
6ccd3518-81fe-483e-ad86-5e2e0886918c,0.2,0.23,ab4a70858e,0.07436589896678925,-18.80597014925373,40.33018867924528,112.48408527317332,28.65,23,4,5,1.5707963267948966,5,8.0,11,1.2,/user/raabe14/u19361/workspace-allen/results/zebra/sub-830795_ses-ecephys-830795-2026-02-23-15-03-59_ecephys.nwb/ProbeF/trial_1/phase_1/lib_ab4a70858e/lib_ab4a70858e__delay_0.2__dur_0.23.h5
6e098885-f745-4ae8-b766-b3506ab9501f,0.0,0.18000000000000002,ab4a70858e,0.08100739121437073,33.13432835820896,8.066037735849058,67.51591472682667,28.65,52,22,3,0.9424777960769379,5,8.0,9,0.1,/user/raabe14/u19361/workspace-allen/results/zebra/sub-830795_ses-ecephys-830795-2026-02-23-15-03-59_ecephys.nwb/ProbeF/trial_1/phase_1/lib_ab4a70858e/lib_ab4a70858e__delay_0.0__dur_0.18000000000000002.h5
6e943fd1-3c25-46d1-a25c-850c4b7f387a,0.0,0.23,ab4a70858e,0.06806762516498566,-8.059701492537314,6.273584905660378,90.0,7.16,29,23,4,1.2566370614359172,0,2.0,0,0.01,/user/raabe14/u19361/workspace-allen/results/zebra/sub-830795_ses-ecephys-830795-2026-02-23-15-03-59_ecephys.nwb/ProbeF/trial_1/phase_1/lib_ab4a70858e/lib_ab4a70858e__delay_0.0__dur_0.23.h5
6f21e6c0-4b45-4f98-b7db-68ac0eafc06b,0.30000000000000004,0.23,ab4a70858e,0.08674988895654678,-49.25373134328358,17.02830188679245,45.02251307527088,10.74,6,17,2,0.6283185307179586,1,3.0,11,1.2,/user/raabe14/u19361/workspace-allen/results/zebra/sub-830795_ses-ecephys-830795-2026-02-23-15-03-59_ecephys.nwb/ProbeF/trial_1/phase_1/lib_ab4a70858e/lib_ab4a70858e__delay_0.30000000000000004__dur_0.23.h5
6f9be4f7-d051-4723-bc63-fb438c111231,0.25,0.13,ab4a70858e,0.09424782544374466,-2.6865671641791025,-38.5377358490566,45.02251307527088,28.65,32,48,2,0.6283185307179586,5,8.0,0,0.01,/user/raabe14/u19361/workspace-allen/results/zebra/sub-830795_ses-ecephys-830795-2026-02-23-15-03-59_ecephys.nwb/ProbeF/trial_1/phase_1/lib_ab4a70858e/lib_ab4a70858e__delay_0.25__dur_0.13.h5
6fa51c6f-7b4c-4d0c-ba8d-d42b5b38333e,0.30000000000000004,0.18000000000000002,ab4a70858e,0.0826595351099968,27.761194029850756,42.12264150943396,134.9774869247291,7.16,49,3,6,1.8849555921538759,0,2.0,5,0.06,/user/raabe14/u19361/workspace-allen/results/zebra/sub-830795_ses-ecephys-830795-2026-02-23-15-03-59_ecephys.nwb/ProbeF/trial_1/phase_1/lib_ab4a70858e/lib_ab4a70858e__delay_0.30000000000000004__dur_0.18000000000000002.h5
704d878b-660d-4fce-88de-a08a3f244204,0.2,0.23,ab4a70858e,0.07407844811677933,51.04477611940298,-9.858490566037737,180.0,7.16,62,32,8,2.5132741228718345,0,2.0,9,0.1,/user/raabe14/u19361/workspace-allen/results/zebra/sub-830795_ses-ecephys-830795-2026-02-23-15-03-59_ecephys.nwb/ProbeF/trial_1/phase_1/lib_ab4a70858e/lib_ab4a70858e__delay_0.2__dur_0.23.h5
71708bdc-e8e5-40b0-971c-8c076cca115a,0.25,0.23,ab4a70858e,0.08253102749586105,-24.179104477611936,13.443396226415096,180.0,28.65,20,19,8,2.5132741228718345,5,8.0,6,0.07,/user/raabe14/u19361/workspace-allen/results/zebra/sub-830795_ses-ecephys-830795-2026-02-23-15-03-59_ecephys.nwb/ProbeF/trial_1/phase_1/lib_ab4a70858e/lib_ab4a70858e__delay_0.25__dur_0.23.h5
71b408da-b702-48b0-8172-8ae23b3a75b9,0.2,0.23,ab4a70858e,0.10599055886268616,13.43283582089552,-25.99056603773585,67.51591472682667,28.65,41,41,3,0.9424777960769379,5,8.0,9,0.1,/user/raabe14/u19361/workspace-allen/results/zebra/sub-830795_ses-ecephys-830795-2026-02-23-15-03-59_ecephys.nwb/ProbeF/trial_1/phase_1/lib_ab4a70858e/lib_ab4a70858e__delay_0.2__dur_0.23.h5
72f16fc2-7ebd-4d4a-81c2-fbabd0320968,0.30000000000000004,0.23,ab4a70858e,0.07320670038461685,-54.62686567164179,13.443396226415096,112.48408527317332,17.91,3,19,5,1.5707963267948966,3,5.0,9,0.1,/user/raabe14/u19361/workspace-allen/results/zebra/sub-830795_ses-ecephys-830795-2026-02-23-15-03-59_ecephys.nwb/ProbeF/trial_1/phase_1/lib_ab4a70858e/lib_ab4a70858e__delay_0.30000000000000004__dur_0.23.h5
73567311-a657-4671-a8f8-3ad3f5d84ccb,0.2,0.18000000000000002,ab4a70858e,0.07520769536495209,-22.388059701492537,9.858490566037737,157.4840764271708,14.32,21,21,7,2.199114857512855,2,4.0,12,1.3,/user/raabe14/u19361/workspace-allen/results/zebra/sub-830795_ses-ecephys-830795-2026-02-23-15-03-59_ecephys.nwb/ProbeF/trial_1/phase_1/lib_ab4a70858e/lib_ab4a70858e__delay_0.2__dur_0.18000000000000002.h5
7368568e-a4a0-4c65-8fcb-4b650d60ce5f,0.30000000000000004,0.18000000000000002,ab4a70858e,0.08096042275428772,-15.223880597014926,-15.235849056603776,45.02251307527088,7.16,25,35,2,0.6283185307179586,0,2.0,12,1.3,/user/raabe14/u19361/workspace-allen/results/zebra/sub-830795_ses-ecephys-830795-2026-02-23-15-03-59_ecephys.nwb/ProbeF/trial_1/phase_1/lib_ab4a70858e/lib_ab4a70858e__delay_0.30000000000000004__dur_0.18000000000000002.h5
73e5a0e8-6751-462a-ba51-0f4ed48e3fa0,0.0,0.13,ab4a70858e,0.07257961481809616,4.477611940298516,-6.273584905660378,67.51591472682667,10.74,36,30,3,0.9424777960769379,1,3.0,12,1.3,/user/raabe14/u19361/workspace-allen/results/zebra/sub-830795_ses-ecephys-830795-2026-02-23-15-03-59_ecephys.nwb/ProbeF/trial_1/phase_1/lib_ab4a70858e/lib_ab4a70858e__delay_0.0__dur_0.13.h5
74409fc0-5166-4ec3-b9c3-11f0edd7c34f,0.05,0.03,ab4a70858e,0.0,-60.0,47.5,0.0,7.16,0,0,0,0.0,0,2.0,0,0.01,/user/raabe14/u19361/workspace-allen/results/zebra/sub-830795_ses-ecephys-830795-2026-02-23-15-03-59_ecephys.nwb/ProbeF/trial_1/phase_1/lib_ab4a70858e/lib_ab4a70858e__delay_0.05__dur_0.03.h5
74947807-257a-4525-a478-2730a7d97898,0.1,0.23,ab4a70858e,0.09797942638397217,0.8955223880597032,0.8962264150943398,112.48408527317332,10.74,34,26,5,1.5707963267948966,1,3.0,11,1.2,/user/raabe14/u19361/workspace-allen/results/zebra/sub-830795_ses-ecephys-830795-2026-02-23-15-03-59_ecephys.nwb/ProbeF/trial_1/phase_1/lib_ab4a70858e/lib_ab4a70858e__delay_0.1__dur_0.23.h5
74afca3c-d7c3-439f-bcc7-9b7cbbcf8a2d,0.1,0.13,ab4a70858e,0.07991569489240646,33.13432835820896,-6.273584905660378,67.51591472682667,14.32,52,30,3,0.9424777960769379,2,4.0,12,1.3,/user/raabe14/u19361/workspace-allen/results/zebra/sub-830795_ses-ecephys-830795-2026-02-23-15-03-59_ecephys.nwb/ProbeF/trial_1/phase_1/lib_ab4a70858e/lib_ab4a70858e__delay_0.1__dur_0.13.h5
74be201a-c910-43ad-8a40-4ebe410b7922,0.15000000000000002,0.18000000000000002,ab4a70858e,0.08897742629051208,-9.850746268656714,17.02830188679245,180.0,10.74,28,17,8,2.5132741228718345,1,3.0,12,1.3,/user/raabe14/u19361/workspace-allen/results/zebra/sub-830795_ses-ecephys-830795-2026-02-23-15-03-59_ecephys.nwb/ProbeF/trial_1/phase_1/lib_ab4a70858e/lib_ab4a70858e__delay_0.15000000000000002__dur_0.18000000000000002.h5
75f2a259-3f76-435d-a8ac-e71ebf974f72,0.1,0.18000000000000002,ab4a70858e,0.09404366463422775,-20.59701492537313,22.405660377358487,0.0,10.74,22,14,0,0.0,1,3.0,4,0.05,/user/raabe14/u19361/workspace-allen/results/zebra/sub-830795_ses-ecephys-830795-2026-02-23-15-03-59_ecephys.nwb/ProbeF/trial_1/phase_1/lib_ab4a70858e/lib_ab4a70858e__delay_0.1__dur_0.18000000000000002.h5
760f1d8c-e5ca-4b00-a171-6da31695aacf,0.30000000000000004,0.18000000000000002,ab4a70858e,0.07658947259187698,2.6865671641791096,-15.235849056603776,45.02251307527088,7.16,35,35,2,0.6283185307179586,0,2.0,0,0.01,/user/raabe14/u19361/workspace-allen/results/zebra/sub-830795_ses-ecephys-830795-2026-02-23-15-03-59_ecephys.nwb/ProbeF/trial_1/phase_1/lib_ab4a70858e/lib_ab4a70858e__delay_0.30000000000000004__dur_0.18000000000000002.h5
76a6bec4-24b8-48d3-9696-73765641e3a2,0.0,0.18000000000000002,ab4a70858e,0.12085185199975967,-9.850746268656714,-2.6886792452830193,112.48408527317332,17.91,28,28,5,1.5707963267948966,3,5.0,11,1.2,/user/raabe14/u19361/workspace-allen/results/zebra/sub-830795_ses-ecephys-830795-2026-02-23-15-03-59_ecephys.nwb/ProbeF/trial_1/phase_1/lib_ab4a70858e/lib_ab4a70858e__delay_0.0__dur_0.18000000000000002.h5
77de2eaa-3b5a-472f-bfb9-ab9666b706aa,0.0,0.23,ab4a70858e,0.07680576294660568,-15.223880597014926,-27.78301886792453,22.515923572829195,28.65,25,42,1,0.3141592653589793,5,8.0,9,0.1,/user/raabe14/u19361/workspace-allen/results/zebra/sub-830795_ses-ecephys-830795-2026-02-23-15-03-59_ecephys.nwb/ProbeF/trial_1/phase_1/lib_ab4a70858e/lib_ab4a70858e__delay_0.0__dur_0.23.h5
786e5853-d4e7-4c6f-9d7b-b6d839290d31,0.30000000000000004,0.23,ab4a70858e,0.07125427573919296,40.29850746268657,-22.40566037735849,112.48408527317332,7.16,56,39,5,1.5707963267948966,0,2.0,9,0.1,/user/raabe14/u19361/workspace-allen/results/zebra/sub-830795_ses-ecephys-830795-2026-02-23-15-03-59_ecephys.nwb/ProbeF/trial_1/phase_1/lib_ab4a70858e/lib_ab4a70858e__delay_0.30000000000000004__dur_0.23.h5
78cb39cc-3004-48a9-90ea-1d6d8b0d19f8,0.15000000000000002,0.23,ab4a70858e,0.07891023904085159,58.20895522388061,-18.82075471698113,45.02251307527088,7.16,66,37,2,0.6283185307179586,0,2.0,9,0.1,/user/raabe14/u19361/workspace-allen/results/zebra/sub-830795_ses-ecephys-830795-2026-02-23-15-03-59_ecephys.nwb/ProbeF/trial_1/phase_1/lib_ab4a70858e/lib_ab4a70858e__delay_0.15000000000000002__dur_0.23.h5
78ebd07c-52c4-4ba1-ada9-db6c0a6a04ca,0.30000000000000004,0.18000000000000002,ab4a70858e,0.07165734469890594,22.388059701492537,-13.443396226415096,157.4840764271708,17.91,46,34,7,2.199114857512855,3,5.0,9,0.1,/user/raabe14/u19361/workspace-allen/results/zebra/sub-830795_ses-ecephys-830795-2026-02-23-15-03-59_ecephys.nwb/ProbeF/trial_1/phase_1/lib_ab4a70858e/lib_ab4a70858e__delay_0.30000000000000004__dur_0.18000000000000002.h5
78fde0a5-4803-4352-9d4e-fa2fc876186a,0.0,0.13,ab4a70858e,0.10438339412212372,-20.59701492537313,33.160377358490564,45.02251307527088,17.91,22,8,2,0.6283185307179586,3,5.0,12,1.3,/user/raabe14/u19361/workspace-allen/results/zebra/sub-830795_ses-ecephys-830795-2026-02-23-15-03-59_ecephys.nwb/ProbeF/trial_1/phase_1/lib_ab4a70858e/lib_ab4a70858e__delay_0.0__dur_0.13.h5
798dda10-ebf7-4bae-9f4b-1838539b1570,0.2,0.23,ab4a70858e,0.08988481014966965,-9.850746268656714,-29.57547169811321,112.48408527317332,7.16,28,43,5,1.5707963267948966,0,2.0,11,1.2,/user/raabe14/u19361/workspace-allen/results/zebra/sub-830795_ses-ecephys-830795-2026-02-23-15-03-59_ecephys.nwb/ProbeF/trial_1/phase_1/lib_ab4a70858e/lib_ab4a70858e__delay_0.2__dur_0.23.h5
7a6b7c2c-2b12-4bed-9af3-c6cb14065e44,0.05,0.03,ab4a70858e,0.0,-60.0,47.5,0.0,7.16,0,0,0,0.0,0,2.0,0,0.01,/user/raabe14/u19361/workspace-allen/results/zebra/sub-830795_ses-ecephys-830795-2026-02-23-15-03-59_ecephys.nwb/ProbeF/trial_1/phase_1/lib_ab4a70858e/lib_ab4a70858e__delay_0.05__dur_0.03.h5
7a9c4481-2359-42a7-ad4d-396fab62b62c,0.30000000000000004,0.13,ab4a70858e,0.09971654415130615,15.223880597014926,-38.5377358490566,22.515923572829163,17.91,42,48,9,2.827433388230814,3,5.0,12,1.3,/user/raabe14/u19361/workspace-allen/results/zebra/sub-830795_ses-ecephys-830795-2026-02-23-15-03-59_ecephys.nwb/ProbeF/trial_1/phase_1/lib_ab4a70858e/lib_ab4a70858e__delay_0.30000000000000004__dur_0.13.h5
7ae6d6fa-bb73-4e09-86d9-40e728366f42,0.30000000000000004,0.13,ab4a70858e,0.07738304138183594,-17.014925373134325,-22.40566037735849,157.4840764271708,7.16,24,39,7,2.199114857512855,0,2.0,9,0.1,/user/raabe14/u19361/workspace-allen/results/zebra/sub-830795_ses-ecephys-830795-2026-02-23-15-03-59_ecephys.nwb/ProbeF/trial_1/phase_1/lib_ab4a70858e/lib_ab4a70858e__delay_0.30000000000000004__dur_0.13.h5
7b026dcb-b383-4904-a0d6-4728c91b2996,0.30000000000000004,0.13,ab4a70858e,0.07854404300451279,34.92537313432837,-31.367924528301888,90.0,21.49,53,44,4,1.2566370614359172,4,6.0,9,0.1,/user/raabe14/u19361/workspace-allen/results/zebra/sub-830795_ses-ecephys-830795-2026-02-23-15-03-59_ecephys.nwb/ProbeF/trial_1/phase_1/lib_ab4a70858e/lib_ab4a70858e__delay_0.30000000000000004__dur_0.13.h5
7b0fafa9-cd2b-4981-8e05-eac84e3759df,0.0,0.18000000000000002,ab4a70858e,0.07807482033967972,2.6865671641791096,27.783018867924525,180.0,7.16,35,11,8,2.5132741228718345,0,2.0,12,1.3,/user/raabe14/u19361/workspace-allen/results/zebra/sub-830795_ses-ecephys-830795-2026-02-23-15-03-59_ecephys.nwb/ProbeF/trial_1/phase_1/lib_ab4a70858e/lib_ab4a70858e__delay_0.0__dur_0.18000000000000002.h5
7b14d0a9-42b0-45cb-b0e1-ef978be71de1,0.30000000000000004,0.13,ab4a70858e,0.07461255043745041,-43.88059701492537,47.5,112.48408527317332,28.65,9,0,5,1.5707963267948966,5,8.0,8,0.09,/user/raabe14/u19361/workspace-allen/results/zebra/sub-830795_ses-ecephys-830795-2026-02-23-15-03-59_ecephys.nwb/ProbeF/trial_1/phase_1/lib_ab4a70858e/lib_ab4a70858e__delay_0.30000000000000004__dur_0.13.h5
7b4d4f68-1853-4111-99fc-9929630f195c,0.30000000000000004,0.18000000000000002,ab4a70858e,0.0749894455075264,-2.6865671641791025,-22.40566037735849,0.0,17.91,32,39,0,0.0,3,5.0,9,0.1,/user/raabe14/u19361/workspace-allen/results/zebra/sub-830795_ses-ecephys-830795-2026-02-23-15-03-59_ecephys.nwb/ProbeF/trial_1/phase_1/lib_ab4a70858e/lib_ab4a70858e__delay_0.30000000000000004__dur_0.18000000000000002.h5
7b53eb96-fb25-4770-a528-6187a7fcd2c7,0.25,0.13,ab4a70858e,0.07661265134811401,11.641791044776127,0.8962264150943398,67.51591472682667,17.91,40,26,3,0.9424777960769379,3,5.0,12,1.3,/user/raabe14/u19361/workspace-allen/results/zebra/sub-830795_ses-ecephys-830795-2026-02-23-15-03-59_ecephys.nwb/ProbeF/trial_1/phase_1/lib_ab4a70858e/lib_ab4a70858e__delay_0.25__dur_0.13.h5
7bcef294-1bf4-46ee-bf77-4226c45e0deb,0.0,0.23,ab4a70858e,0.09551409631967545,58.20895522388061,-18.82075471698113,0.0,14.32,66,37,0,0.0,2,4.0,11,1.2,/user/raabe14/u19361/workspace-allen/results/zebra/sub-830795_ses-ecephys-830795-2026-02-23-15-03-59_ecephys.nwb/ProbeF/trial_1/phase_1/lib_ab4a70858e/lib_ab4a70858e__delay_0.0__dur_0.23.h5
7bd5756e-13b8-44c8-bf4b-c0accb01ce32,0.0,0.13,ab4a70858e,0.09913328289985657,20.59701492537313,13.443396226415096,67.51591472682667,14.32,45,19,3,0.9424777960769379,2,4.0,12,1.3,/user/raabe14/u19361/workspace-allen/results/zebra/sub-830795_ses-ecephys-830795-2026-02-23-15-03-59_ecephys.nwb/ProbeF/trial_1/phase_1/lib_ab4a70858e/lib_ab4a70858e__delay_0.0__dur_0.13.h5
7d35d8b3-a4a1-47a2-b0c0-02fc299679cc,0.2,0.23,ab4a70858e,0.08436454832553864,-58.208955223880594,-9.858490566037737,67.51591472682667,14.32,1,32,3,0.9424777960769379,2,4.0,12,1.3,/user/raabe14/u19361/workspace-allen/results/zebra/sub-830795_ses-ecephys-830795-2026-02-23-15-03-59_ecephys.nwb/ProbeF/trial_1/phase_1/lib_ab4a70858e/lib_ab4a70858e__delay_0.2__dur_0.23.h5
7d9173a5-7e14-400b-8097-4497a0e4cec3,0.05,0.03,ab4a70858e,0.0,-60.0,47.5,0.0,7.16,0,0,0,0.0,0,2.0,0,0.01,/user/raabe14/u19361/workspace-allen/results/zebra/sub-830795_ses-ecephys-830795-2026-02-23-15-03-59_ecephys.nwb/ProbeF/trial_1/phase_1/lib_ab4a70858e/lib_ab4a70858e__delay_0.05__dur_0.03.h5
7eeb587b-9a6e-4f81-af06-ca06e7962fac,0.05,0.23,ab4a70858e,0.07747136801481247,58.20895522388061,-8.066037735849058,0.0,7.16,66,31,0,0.0,0,2.0,11,1.2,/user/raabe14/u19361/workspace-allen/results/zebra/sub-830795_ses-ecephys-830795-2026-02-23-15-03-59_ecephys.nwb/ProbeF/trial_1/phase_1/lib_ab4a70858e/lib_ab4a70858e__delay_0.05__dur_0.23.h5
7ff7ce14-1f76-4c15-9d3a-45990304390d,0.05,0.23,ab4a70858e,0.07549421489238739,-33.134328358208954,-31.367924528301888,157.4840764271708,10.74,15,44,7,2.199114857512855,1,3.0,12,1.3,/user/raabe14/u19361/workspace-allen/results/zebra/sub-830795_ses-ecephys-830795-2026-02-23-15-03-59_ecephys.nwb/ProbeF/trial_1/phase_1/lib_ab4a70858e/lib_ab4a70858e__delay_0.05__dur_0.23.h5
7fff2a3c-0169-4ee7-b522-54e61faa6e4b,0.25,0.18000000000000002,ab4a70858e,0.10286061465740204,-9.850746268656714,27.783018867924525,112.48408527317332,28.65,28,11,5,1.5707963267948966,5,8.0,11,1.2,/user/raabe14/u19361/workspace-allen/results/zebra/sub-830795_ses-ecephys-830795-2026-02-23-15-03-59_ecephys.nwb/ProbeF/trial_1/phase_1/lib_ab4a70858e/lib_ab4a70858e__delay_0.25__dur_0.18000000000000002.h5
803f7e8f-2b72-458c-abd1-af5aca5cfd40,0.0,0.18000000000000002,ab4a70858e,0.12772563099861145,-11.64179104477612,-42.12264150943396,180.0,10.74,27,50,8,2.5132741228718345,1,3.0,11,1.2,/user/raabe14/u19361/workspace-allen/results/zebra/sub-830795_ses-ecephys-830795-2026-02-23-15-03-59_ecephys.nwb/ProbeF/trial_1/phase_1/lib_ab4a70858e/lib_ab4a70858e__delay_0.0__dur_0.18000000000000002.h5
8094d47c-c846-4212-83b1-d9f981d67129,0.1,0.18000000000000002,ab4a70858e,0.07600466161966324,47.462686567164184,-6.273584905660378,45.02251307527088,7.16,60,30,2,0.6283185307179586,0,2.0,0,0.01,/user/raabe14/u19361/workspace-allen/results/zebra/sub-830795_ses-ecephys-830795-2026-02-23-15-03-59_ecephys.nwb/ProbeF/trial_1/phase_1/lib_ab4a70858e/lib_ab4a70858e__delay_0.1__dur_0.18000000000000002.h5
81344458-06b7-4759-8139-ff38fb3319bc,0.0,0.23,ab4a70858e,0.0780484527349472,-6.268656716417908,40.33018867924528,180.0,14.32,30,4,8,2.5132741228718345,2,4.0,12,1.3,/user/raabe14/u19361/workspace-allen/results/zebra/sub-830795_ses-ecephys-830795-2026-02-23-15-03-59_ecephys.nwb/ProbeF/trial_1/phase_1/lib_ab4a70858e/lib_ab4a70858e__delay_0.0__dur_0.23.h5
8147647f-cd98-4608-b8ca-83d984c5969a,0.30000000000000004,0.23,ab4a70858e,0.0898442342877388,0.8955223880597032,22.405660377358487,0.0,14.32,34,14,0,0.0,2,4.0,11,1.2,/user/raabe14/u19361/workspace-allen/results/zebra/sub-830795_ses-ecephys-830795-2026-02-23-15-03-59_ecephys.nwb/ProbeF/trial_1/phase_1/lib_ab4a70858e/lib_ab4a70858e__delay_0.30000000000000004__dur_0.23.h5
815c374d-f89e-4677-afb7-55f451913e20,0.05,0.03,ab4a70858e,0.0,-60.0,47.5,0.0,7.16,0,0,0,0.0,0,2.0,0,0.01,/user/raabe14/u19361/workspace-allen/results/zebra/sub-830795_ses-ecephys-830795-2026-02-23-15-03-59_ecephys.nwb/ProbeF/trial_1/phase_1/lib_ab4a70858e/lib_ab4a70858e__delay_0.05__dur_0.03.h5
819f34fa-00ed-42ba-bf11-d659901ebe81,0.05,0.18000000000000002,ab4a70858e,0.08940839022397995,11.641791044776127,38.5377358490566,90.0,7.16,40,5,4,1.2566370614359172,0,2.0,9,0.1,/user/raabe14/u19361/workspace-allen/results/zebra/sub-830795_ses-ecephys-830795-2026-02-23-15-03-59_ecephys.nwb/ProbeF/trial_1/phase_1/lib_ab4a70858e/lib_ab4a70858e__delay_0.05__dur_0.18000000000000002.h5
82379eaa-e939-4198-9cf7-5af425ca2a38,0.25,0.18000000000000002,ab4a70858e,0.07765159010887146,31.343283582089555,0.8962264150943398,22.515923572829195,28.65,51,26,1,0.3141592653589793,5,8.0,5,0.06,/user/raabe14/u19361/workspace-allen/results/zebra/sub-830795_ses-ecephys-830795-2026-02-23-15-03-59_ecephys.nwb/ProbeF/trial_1/phase_1/lib_ab4a70858e/lib_ab4a70858e__delay_0.25__dur_0.18000000000000002.h5
8294ce60-9579-446d-b576-0b53a43e4f3c,0.30000000000000004,0.23,ab4a70858e,0.0823170393705368,-34.92537313432835,33.160377358490564,45.02251307527088,7.16,14,8,2,0.6283185307179586,0,2.0,12,1.3,/user/raabe14/u19361/workspace-allen/results/zebra/sub-830795_ses-ecephys-830795-2026-02-23-15-03-59_ecephys.nwb/ProbeF/trial_1/phase_1/lib_ab4a70858e/lib_ab4a70858e__delay_0.30000000000000004__dur_0.23.h5
829b525c-76eb-46ab-9f3f-9414042fd797,0.30000000000000004,0.23,ab4a70858e,0.09282320737838745,-60.0,2.6886792452830193,0.0,28.65,0,25,0,0.0,5,8.0,11,1.2,/user/raabe14/u19361/workspace-allen/results/zebra/sub-830795_ses-ecephys-830795-2026-02-23-15-03-59_ecephys.nwb/ProbeF/trial_1/phase_1/lib_ab4a70858e/lib_ab4a70858e__delay_0.30000000000000004__dur_0.23.h5
82e2c318-9a92-4a5d-af68-5050c58f3805,0.05,0.13,ab4a70858e,0.07227679342031479,22.388059701492537,-2.6886792452830193,90.0,17.91,46,28,4,1.2566370614359172,3,5.0,9,0.1,/user/raabe14/u19361/workspace-allen/results/zebra/sub-830795_ses-ecephys-830795-2026-02-23-15-03-59_ecephys.nwb/ProbeF/trial_1/phase_1/lib_ab4a70858e/lib_ab4a70858e__delay_0.05__dur_0.13.h5
82f6f677-53f1-42d5-b562-bf116e27b16c,0.15000000000000002,0.18000000000000002,ab4a70858e,0.09805990755558014,58.20895522388061,-11.650943396226417,0.0,14.32,66,33,0,0.0,2,4.0,11,1.2,/user/raabe14/u19361/workspace-allen/results/zebra/sub-830795_ses-ecephys-830795-2026-02-23-15-03-59_ecephys.nwb/ProbeF/trial_1/phase_1/lib_ab4a70858e/lib_ab4a70858e__delay_0.15000000000000002__dur_0.18000000000000002.h5
8368ceca-fbef-4062-ab52-dfb985c91170,0.30000000000000004,0.18000000000000002,ab4a70858e,0.1092945784330368,33.13432835820896,31.367924528301884,0.0,21.49,52,9,0,0.0,4,6.0,11,1.2,/user/raabe14/u19361/workspace-allen/results/zebra/sub-830795_ses-ecephys-830795-2026-02-23-15-03-59_ecephys.nwb/ProbeF/trial_1/phase_1/lib_ab4a70858e/lib_ab4a70858e__delay_0.30000000000000004__dur_0.18000000000000002.h5
83a2ae26-3c6f-470c-9e06-5aa83a038b8e,0.25,0.23,ab4a70858e,0.08316051214933395,-2.6865671641791025,36.74528301886792,0.0,17.91,32,6,0,0.0,3,5.0,2,0.03,/user/raabe14/u19361/workspace-allen/results/zebra/sub-830795_ses-ecephys-830795-2026-02-23-15-03-59_ecephys.nwb/ProbeF/trial_1/phase_1/lib_ab4a70858e/lib_ab4a70858e__delay_0.25__dur_0.23.h5
84611b9b-4ccd-4518-9f0c-ec435422d98f,0.0,0.23,ab4a70858e,0.10372418165206909,-29.55223880597015,33.160377358490564,45.02251307527088,17.91,17,8,2,0.6283185307179586,3,5.0,12,1.3,/user/raabe14/u19361/workspace-allen/results/zebra/sub-830795_ses-ecephys-830795-2026-02-23-15-03-59_ecephys.nwb/ProbeF/trial_1/phase_1/lib_ab4a70858e/lib_ab4a70858e__delay_0.0__dur_0.23.h5
84edbb35-e44d-4eb8-8fa5-a05468bd44d2,0.0,0.23,ab4a70858e,0.07314740866422653,-29.55223880597015,27.783018867924525,45.02251307527088,10.74,17,11,2,0.6283185307179586,1,3.0,12,1.3,/user/raabe14/u19361/workspace-allen/results/zebra/sub-830795_ses-ecephys-830795-2026-02-23-15-03-59_ecephys.nwb/ProbeF/trial_1/phase_1/lib_ab4a70858e/lib_ab4a70858e__delay_0.0__dur_0.23.h5
85380c2e-99dd-47b2-a582-bb282ae00e14,0.1,0.23,ab4a70858e,0.11902342736721039,-36.71641791044776,2.6886792452830193,157.4840764271708,14.32,13,25,7,2.199114857512855,2,4.0,12,1.3,/user/raabe14/u19361/workspace-allen/results/zebra/sub-830795_ses-ecephys-830795-2026-02-23-15-03-59_ecephys.nwb/ProbeF/trial_1/phase_1/lib_ab4a70858e/lib_ab4a70858e__delay_0.1__dur_0.23.h5
855a9034-378c-475d-bdc8-ca6b66717571,0.15000000000000002,0.23,ab4a70858e,0.13042885065078735,2.6865671641791096,-24.19811320754717,67.51591472682667,14.32,35,40,3,0.9424777960769379,2,4.0,9,0.1,/user/raabe14/u19361/workspace-allen/results/zebra/sub-830795_ses-ecephys-830795-2026-02-23-15-03-59_ecephys.nwb/ProbeF/trial_1/phase_1/lib_ab4a70858e/lib_ab4a70858e__delay_0.15000000000000002__dur_0.23.h5
856625c0-e1c3-435e-864f-b57efa07632c,0.05,0.23,ab4a70858e,0.07338332384824753,-4.477611940298509,-2.6886792452830193,112.48408527317332,17.91,31,28,5,1.5707963267948966,3,5.0,11,1.2,/user/raabe14/u19361/workspace-allen/results/zebra/sub-830795_ses-ecephys-830795-2026-02-23-15-03-59_ecephys.nwb/ProbeF/trial_1/phase_1/lib_ab4a70858e/lib_ab4a70858e__delay_0.05__dur_0.23.h5
857939ea-9b4f-4c5f-8e49-995dc3d277cc,0.30000000000000004,0.13,ab4a70858e,0.08156740665435791,22.388059701492537,25.990566037735846,157.4840764271708,17.91,46,12,7,2.199114857512855,3,5.0,12,1.3,/user/raabe14/u19361/workspace-allen/results/zebra/sub-830795_ses-ecephys-830795-2026-02-23-15-03-59_ecephys.nwb/ProbeF/trial_1/phase_1/lib_ab4a70858e/lib_ab4a70858e__delay_0.30000000000000004__dur_0.13.h5
85fa2831-bf2b-47ce-8aae-3975d22a5b54,0.30000000000000004,0.23,ab4a70858e,0.07100262492895126,58.20895522388061,-2.6886792452830193,157.4840764271708,14.32,66,28,7,2.199114857512855,2,4.0,12,1.3,/user/raabe14/u19361/workspace-allen/results/zebra/sub-830795_ses-ecephys-830795-2026-02-23-15-03-59_ecephys.nwb/ProbeF/trial_1/phase_1/lib_ab4a70858e/lib_ab4a70858e__delay_0.30000000000000004__dur_0.23.h5
8685e238-41b1-4bf0-ab88-c68ea0b847ed,0.05,0.03,ab4a70858e,0.0,-60.0,47.5,0.0,7.16,0,0,0,0.0,0,2.0,0,0.01,/user/raabe14/u19361/workspace-allen/results/zebra/sub-830795_ses-ecephys-830795-2026-02-23-15-03-59_ecephys.nwb/ProbeF/trial_1/phase_1/lib_ab4a70858e/lib_ab4a70858e__delay_0.05__dur_0.03.h5
8694ae56-ac0f-4dbb-94e1-d94c938f7c24,0.30000000000000004,0.23,ab4a70858e,0.08150813728570938,13.43283582089552,0.8962264150943398,112.48408527317332,17.91,41,26,5,1.5707963267948966,3,5.0,9,0.1,/user/raabe14/u19361/workspace-allen/results/zebra/sub-830795_ses-ecephys-830795-2026-02-23-15-03-59_ecephys.nwb/ProbeF/trial_1/phase_1/lib_ab4a70858e/lib_ab4a70858e__delay_0.30000000000000004__dur_0.23.h5
8725d2a0-6d24-47f4-a957-47752365d333,0.1,0.08,ab4a70858e,0.07091983407735825,-24.179104477611936,42.12264150943396,180.0,7.16,20,3,8,2.5132741228718345,0,2.0,9,0.1,/user/raabe14/u19361/workspace-allen/results/zebra/sub-830795_ses-ecephys-830795-2026-02-23-15-03-59_ecephys.nwb/ProbeF/trial_1/phase_1/lib_ab4a70858e/lib_ab4a70858e__delay_0.1__dur_0.08.h5
88988e46-72ac-496e-b68f-1b967a8640e0,0.30000000000000004,0.23,ab4a70858e,0.09844639152288437,-15.223880597014926,43.91509433962264,112.48408527317332,28.65,25,2,5,1.5707963267948966,5,8.0,11,1.2,/user/raabe14/u19361/workspace-allen/results/zebra/sub-830795_ses-ecephys-830795-2026-02-23-15-03-59_ecephys.nwb/ProbeF/trial_1/phase_1/lib_ab4a70858e/lib_ab4a70858e__delay_0.30000000000000004__dur_0.23.h5
894d4a5c-defb-4f0d-8280-9b1da9e546b8,0.05,0.03,ab4a70858e,0.0,-60.0,47.5,0.0,7.16,0,0,0,0.0,0,2.0,0,0.01,/user/raabe14/u19361/workspace-allen/results/zebra/sub-830795_ses-ecephys-830795-2026-02-23-15-03-59_ecephys.nwb/ProbeF/trial_1/phase_1/lib_ab4a70858e/lib_ab4a70858e__delay_0.05__dur_0.03.h5
897aa8da-3aaf-42a0-8d3d-b1ce99fbd34c,0.1,0.23,ab4a70858e,0.07613999396562576,-18.80597014925373,-34.95283018867924,67.51591472682667,21.49,23,46,3,0.9424777960769379,4,6.0,8,0.09,/user/raabe14/u19361/workspace-allen/results/zebra/sub-830795_ses-ecephys-830795-2026-02-23-15-03-59_ecephys.nwb/ProbeF/trial_1/phase_1/lib_ab4a70858e/lib_ab4a70858e__delay_0.1__dur_0.23.h5
89808f8e-fa8f-4d78-aa51-89db780e1417,0.30000000000000004,0.18000000000000002,ab4a70858e,0.07545839995145798,40.29850746268657,-13.443396226415096,90.0,17.91,56,34,4,1.2566370614359172,3,5.0,9,0.1,/user/raabe14/u19361/workspace-allen/results/zebra/sub-830795_ses-ecephys-830795-2026-02-23-15-03-59_ecephys.nwb/ProbeF/trial_1/phase_1/lib_ab4a70858e/lib_ab4a70858e__delay_0.30000000000000004__dur_0.18000000000000002.h5
89ce22c3-b99f-4c34-b3a8-09741e9a54a4,0.1,0.23,ab4a70858e,0.06876449286937714,58.20895522388061,0.8962264150943398,180.0,10.74,66,26,8,2.5132741228718345,1,3.0,9,0.1,/user/raabe14/u19361/workspace-allen/results/zebra/sub-830795_ses-ecephys-830795-2026-02-23-15-03-59_ecephys.nwb/ProbeF/trial_1/phase_1/lib_ab4a70858e/lib_ab4a70858e__delay_0.1__dur_0.23.h5
8b6fc9cf-c806-4f0a-83dd-57370b7cd222,0.15000000000000002,0.23,ab4a70858e,0.11911632120609283,-17.014925373134325,20.613207547169807,45.02251307527088,10.74,24,15,2,0.6283185307179586,1,3.0,12,1.3,/user/raabe14/u19361/workspace-allen/results/zebra/sub-830795_ses-ecephys-830795-2026-02-23-15-03-59_ecephys.nwb/ProbeF/trial_1/phase_1/lib_ab4a70858e/lib_ab4a70858e__delay_0.15000000000000002__dur_0.23.h5
8bd42a16-8ba5-42ee-8c7f-3b807ad5919a,0.25,0.23,ab4a70858e,0.08296915888786316,-9.850746268656714,13.443396226415096,112.48408527317332,28.65,28,19,5,1.5707963267948966,5,8.0,11,1.2,/user/raabe14/u19361/workspace-allen/results/zebra/sub-830795_ses-ecephys-830795-2026-02-23-15-03-59_ecephys.nwb/ProbeF/trial_1/phase_1/lib_ab4a70858e/lib_ab4a70858e__delay_0.25__dur_0.23.h5
8bde99ea-c5d8-47fd-adbf-2c1a27972d65,0.0,0.23,ab4a70858e,0.07912904024124146,8.059701492537314,45.70754716981132,0.0,21.49,38,1,0,0.0,4,6.0,8,0.09,/user/raabe14/u19361/workspace-allen/results/zebra/sub-830795_ses-ecephys-830795-2026-02-23-15-03-59_ecephys.nwb/ProbeF/trial_1/phase_1/lib_ab4a70858e/lib_ab4a70858e__delay_0.0__dur_0.23.h5
8c33b236-d0e6-4fe3-804b-992b75cb1275,0.1,0.23,ab4a70858e,0.07370208948850632,-9.850746268656714,-17.028301886792452,157.4840764271708,28.65,28,36,7,2.199114857512855,5,8.0,9,0.1,/user/raabe14/u19361/workspace-allen/results/zebra/sub-830795_ses-ecephys-830795-2026-02-23-15-03-59_ecephys.nwb/ProbeF/trial_1/phase_1/lib_ab4a70858e/lib_ab4a70858e__delay_0.1__dur_0.23.h5
8cb3f9cc-000a-4ad9-adc2-a4b716231aa3,0.2,0.23,ab4a70858e,0.09650826454162598,-4.477611940298509,-11.650943396226417,67.51591472682667,7.16,31,33,3,0.9424777960769379,0,2.0,12,1.3,/user/raabe14/u19361/workspace-allen/results/zebra/sub-830795_ses-ecephys-830795-2026-02-23-15-03-59_ecephys.nwb/ProbeF/trial_1/phase_1/lib_ab4a70858e/lib_ab4a70858e__delay_0.2__dur_0.23.h5
8cbd53c8-8cc0-4488-a3eb-a8868e6d736a,0.30000000000000004,0.23,ab4a70858e,0.08264151960611343,8.059701492537314,-42.12264150943396,157.4840764271708,7.16,38,50,7,2.199114857512855,0,2.0,0,0.01,/user/raabe14/u19361/workspace-allen/results/zebra/sub-830795_ses-ecephys-830795-2026-02-23-15-03-59_ecephys.nwb/ProbeF/trial_1/phase_1/lib_ab4a70858e/lib_ab4a70858e__delay_0.30000000000000004__dur_0.23.h5
8da80e45-df87-473f-b15f-a3c592062eca,0.15000000000000002,0.23,ab4a70858e,0.0844336524605751,-15.223880597014926,-17.028301886792452,180.0,10.74,25,36,8,2.5132741228718345,1,3.0,6,0.07,/user/raabe14/u19361/workspace-allen/results/zebra/sub-830795_ses-ecephys-830795-2026-02-23-15-03-59_ecephys.nwb/ProbeF/trial_1/phase_1/lib_ab4a70858e/lib_ab4a70858e__delay_0.15000000000000002__dur_0.23.h5
8e2e81eb-503a-4ffe-bc2a-9e917bcfe4bf,0.05,0.03,ab4a70858e,0.0,-60.0,47.5,0.0,7.16,0,0,0,0.0,0,2.0,0,0.01,/user/raabe14/u19361/workspace-allen/results/zebra/sub-830795_ses-ecephys-830795-2026-02-23-15-03-59_ecephys.nwb/ProbeF/trial_1/phase_1/lib_ab4a70858e/lib_ab4a70858e__delay_0.05__dur_0.03.h5
8ec067b9-e6e4-49ef-8fd7-5f9147814d97,0.30000000000000004,0.23,ab4a70858e,0.10164261609315872,0.8955223880597032,34.95283018867924,22.515923572829163,17.91,34,7,9,2.827433388230814,3,5.0,9,0.1,/user/raabe14/u19361/workspace-allen/results/zebra/sub-830795_ses-ecephys-830795-2026-02-23-15-03-59_ecephys.nwb/ProbeF/trial_1/phase_1/lib_ab4a70858e/lib_ab4a70858e__delay_0.30000000000000004__dur_0.23.h5
8f150284-202f-4d61-90d2-a6a53e3d9fc1,0.0,0.18000000000000002,ab4a70858e,0.13645488023757935,-15.223880597014926,2.6886792452830193,45.02251307527088,21.49,25,25,2,0.6283185307179586,4,6.0,11,1.2,/user/raabe14/u19361/workspace-allen/results/zebra/sub-830795_ses-ecephys-830795-2026-02-23-15-03-59_ecephys.nwb/ProbeF/trial_1/phase_1/lib_ab4a70858e/lib_ab4a70858e__delay_0.0__dur_0.18000000000000002.h5
901608f6-e9d6-49c6-9da6-ebd4845fe5cc,0.25,0.23,ab4a70858e,0.08273687958717346,22.388059701492537,-0.8962264150943398,134.9774869247291,28.65,46,27,6,1.8849555921538759,5,8.0,9,0.1,/user/raabe14/u19361/workspace-allen/results/zebra/sub-830795_ses-ecephys-830795-2026-02-23-15-03-59_ecephys.nwb/ProbeF/trial_1/phase_1/lib_ab4a70858e/lib_ab4a70858e__delay_0.25__dur_0.23.h5
9135ee64-ffc3-4cf8-a1cb-f965b2a971e8,0.05,0.03,ab4a70858e,0.0,-60.0,47.5,0.0,7.16,0,0,0,0.0,0,2.0,0,0.01,/user/raabe14/u19361/workspace-allen/results/zebra/sub-830795_ses-ecephys-830795-2026-02-23-15-03-59_ecephys.nwb/ProbeF/trial_1/phase_1/lib_ab4a70858e/lib_ab4a70858e__delay_0.05__dur_0.03.h5
9177043f-5b5d-4881-b154-ad56fe41e263,0.15000000000000002,0.23,ab4a70858e,0.07274426519870758,-43.88059701492537,47.5,157.4840764271708,14.32,9,0,7,2.199114857512855,2,4.0,9,0.1,/user/raabe14/u19361/workspace-allen/results/zebra/sub-830795_ses-ecephys-830795-2026-02-23-15-03-59_ecephys.nwb/ProbeF/trial_1/phase_1/lib_ab4a70858e/lib_ab4a70858e__delay_0.15000000000000002__dur_0.23.h5
9181558d-c1b2-4fe0-adb0-f5e7ae3f461b,0.0,0.18000000000000002,ab4a70858e,0.07822904735803604,-13.43283582089552,9.858490566037737,45.02251307527088,17.91,26,21,2,0.6283185307179586,3,5.0,11,1.2,/user/raabe14/u19361/workspace-allen/results/zebra/sub-830795_ses-ecephys-830795-2026-02-23-15-03-59_ecephys.nwb/ProbeF/trial_1/phase_1/lib_ab4a70858e/lib_ab4a70858e__delay_0.0__dur_0.18000000000000002.h5
9285fbf9-d436-42da-abd6-76a45a98e857,0.2,0.18000000000000002,ab4a70858e,0.0852828398346901,-20.59701492537313,-18.82075471698113,0.0,7.16,22,37,0,0.0,0,2.0,9,0.1,/user/raabe14/u19361/workspace-allen/results/zebra/sub-830795_ses-ecephys-830795-2026-02-23-15-03-59_ecephys.nwb/ProbeF/trial_1/phase_1/lib_ab4a70858e/lib_ab4a70858e__delay_0.2__dur_0.18000000000000002.h5
928f9960-90e6-488e-9cd0-45ae0c4097c5,0.25,0.23,ab4a70858e,0.0857338011264801,-24.179104477611936,-2.6886792452830193,0.0,14.32,20,28,0,0.0,2,4.0,9,0.1,/user/raabe14/u19361/workspace-allen/results/zebra/sub-830795_ses-ecephys-830795-2026-02-23-15-03-59_ecephys.nwb/ProbeF/trial_1/phase_1/lib_ab4a70858e/lib_ab4a70858e__delay_0.25__dur_0.23.h5
92a88276-0952-493d-827d-3ee42d7c4312,0.0,0.23,ab4a70858e,0.07693317532539368,-29.55223880597015,8.066037735849058,112.48408527317332,7.16,17,22,5,1.5707963267948966,0,2.0,11,1.2,/user/raabe14/u19361/workspace-allen/results/zebra/sub-830795_ses-ecephys-830795-2026-02-23-15-03-59_ecephys.nwb/ProbeF/trial_1/phase_1/lib_ab4a70858e/lib_ab4a70858e__delay_0.0__dur_0.23.h5
92bdb06b-a05a-4fee-8e15-113daa0f91dd,0.05,0.18000000000000002,ab4a70858e,0.07751212269067764,20.59701492537313,0.8962264150943398,157.4840764271708,17.91,45,26,7,2.199114857512855,3,5.0,7,0.08,/user/raabe14/u19361/workspace-allen/results/zebra/sub-830795_ses-ecephys-830795-2026-02-23-15-03-59_ecephys.nwb/ProbeF/trial_1/phase_1/lib_ab4a70858e/lib_ab4a70858e__delay_0.05__dur_0.18000000000000002.h5
93034e64-932d-4e9d-8914-d903cf792567,0.25,0.23,ab4a70858e,0.09046179056167603,-20.59701492537313,-42.12264150943396,22.515923572829163,21.49,22,50,9,2.827433388230814,4,6.0,7,0.08,/user/raabe14/u19361/workspace-allen/results/zebra/sub-830795_ses-ecephys-830795-2026-02-23-15-03-59_ecephys.nwb/ProbeF/trial_1/phase_1/lib_ab4a70858e/lib_ab4a70858e__delay_0.25__dur_0.23.h5
94962568-94ea-4dab-8b46-7f14d4b9f1f0,0.1,0.18000000000000002,ab4a70858e,0.07301350682973862,13.43283582089552,-29.57547169811321,67.51591472682667,17.91,41,43,3,0.9424777960769379,3,5.0,6,0.07,/user/raabe14/u19361/workspace-allen/results/zebra/sub-830795_ses-ecephys-830795-2026-02-23-15-03-59_ecephys.nwb/ProbeF/trial_1/phase_1/lib_ab4a70858e/lib_ab4a70858e__delay_0.1__dur_0.18000000000000002.h5
94f72c6d-19dc-4281-afaf-888b7d4c3361,0.30000000000000004,0.08,ab4a70858e,0.07398346811532974,20.59701492537313,25.990566037735846,22.515923572829163,7.16,45,12,9,2.827433388230814,0,2.0,9,0.1,/user/raabe14/u19361/workspace-allen/results/zebra/sub-830795_ses-ecephys-830795-2026-02-23-15-03-59_ecephys.nwb/ProbeF/trial_1/phase_1/lib_ab4a70858e/lib_ab4a70858e__delay_0.30000000000000004__dur_0.08.h5
9608cd7a-e02e-47e9-9746-dde880f083fc,0.2,0.23,ab4a70858e,0.17944933474063873,-9.850746268656714,25.990566037735846,112.48408527317332,21.49,28,12,5,1.5707963267948966,4,6.0,11,1.2,/user/raabe14/u19361/workspace-allen/results/zebra/sub-830795_ses-ecephys-830795-2026-02-23-15-03-59_ecephys.nwb/ProbeF/trial_1/phase_1/lib_ab4a70858e/lib_ab4a70858e__delay_0.2__dur_0.23.h5
965af3e2-cffa-4355-b8e2-904db076f571,0.05,0.23,ab4a70858e,0.07464238256216049,29.55223880597015,31.367924528301884,90.0,7.16,50,9,4,1.2566370614359172,0,2.0,9,0.1,/user/raabe14/u19361/workspace-allen/results/zebra/sub-830795_ses-ecephys-830795-2026-02-23-15-03-59_ecephys.nwb/ProbeF/trial_1/phase_1/lib_ab4a70858e/lib_ab4a70858e__delay_0.05__dur_0.23.h5
96adc15e-7b8b-4039-aa4b-44563ee46af2,0.25,0.23,ab4a70858e,0.0923682227730751,-20.59701492537313,-33.160377358490564,90.0,21.49,22,45,4,1.2566370614359172,4,6.0,9,0.1,/user/raabe14/u19361/workspace-allen/results/zebra/sub-830795_ses-ecephys-830795-2026-02-23-15-03-59_ecephys.nwb/ProbeF/trial_1/phase_1/lib_ab4a70858e/lib_ab4a70858e__delay_0.25__dur_0.23.h5
97b296af-42f6-4bb6-ab86-cf7b80bcab96,0.25,0.18000000000000002,ab4a70858e,0.07653641700744629,54.626865671641795,-13.443396226415096,180.0,21.49,64,34,8,2.5132741228718345,4,6.0,9,0.1,/user/raabe14/u19361/workspace-allen/results/zebra/sub-830795_ses-ecephys-830795-2026-02-23-15-03-59_ecephys.nwb/ProbeF/trial_1/phase_1/lib_ab4a70858e/lib_ab4a70858e__delay_0.25__dur_0.18000000000000002.h5
99281d25-badc-4272-9273-399684f7b4d4,0.2,0.18000000000000002,ab4a70858e,0.07692313939332962,0.8955223880597032,22.405660377358487,45.02251307527088,17.91,34,14,2,0.6283185307179586,3,5.0,7,0.08,/user/raabe14/u19361/workspace-allen/results/zebra/sub-830795_ses-ecephys-830795-2026-02-23-15-03-59_ecephys.nwb/ProbeF/trial_1/phase_1/lib_ab4a70858e/lib_ab4a70858e__delay_0.2__dur_0.18000000000000002.h5
993ac29f-fd21-4093-952b-bb513e6c4e33,0.15000000000000002,0.23,ab4a70858e,0.0722503736615181,58.20895522388061,-2.6886792452830193,67.51591472682667,28.65,66,28,3,0.9424777960769379,5,8.0,7,0.08,/user/raabe14/u19361/workspace-allen/results/zebra/sub-830795_ses-ecephys-830795-2026-02-23-15-03-59_ecephys.nwb/ProbeF/trial_1/phase_1/lib_ab4a70858e/lib_ab4a70858e__delay_0.15000000000000002__dur_0.23.h5
9a38bbb0-6668-4ce5-a630-2878f2dafeea,0.05,0.08,ab4a70858e,0.08661141246557236,-34.92537313432835,-8.066037735849058,45.02251307527088,21.49,14,31,2,0.6283185307179586,4,6.0,9,0.1,/user/raabe14/u19361/workspace-allen/results/zebra/sub-830795_ses-ecephys-830795-2026-02-23-15-03-59_ecephys.nwb/ProbeF/trial_1/phase_1/lib_ab4a70858e/lib_ab4a70858e__delay_0.05__dur_0.08.h5
9aa9a1c1-7eb0-4084-8910-bc51d02bbdec,0.1,0.23,ab4a70858e,0.08273613452911377,-33.134328358208954,-18.82075471698113,134.9774869247291,10.74,15,37,6,1.8849555921538759,1,3.0,7,0.08,/user/raabe14/u19361/workspace-allen/results/zebra/sub-830795_ses-ecephys-830795-2026-02-23-15-03-59_ecephys.nwb/ProbeF/trial_1/phase_1/lib_ab4a70858e/lib_ab4a70858e__delay_0.1__dur_0.23.h5
9b364ecb-8776-49b9-925a-d0bc27dd7842,0.0,0.08,ab4a70858e,0.07897229492664337,-24.179104477611936,24.198113207547166,112.48408527317332,21.49,20,13,5,1.5707963267948966,4,6.0,11,1.2,/user/raabe14/u19361/workspace-allen/results/zebra/sub-830795_ses-ecephys-830795-2026-02-23-15-03-59_ecephys.nwb/ProbeF/trial_1/phase_1/lib_ab4a70858e/lib_ab4a70858e__delay_0.0__dur_0.08.h5
9bdacb65-929b-4a41-9aac-c743ed1201ef,0.0,0.23,ab4a70858e,0.07515697181224823,52.83582089552239,-13.443396226415096,180.0,28.65,63,34,8,2.5132741228718345,5,8.0,9,0.1,/user/raabe14/u19361/workspace-allen/results/zebra/sub-830795_ses-ecephys-830795-2026-02-23-15-03-59_ecephys.nwb/ProbeF/trial_1/phase_1/lib_ab4a70858e/lib_ab4a70858e__delay_0.0__dur_0.23.h5
9cd4f805-7599-43b2-b7f0-b37fd9700669,0.15000000000000002,0.23,ab4a70858e,0.07241639494895935,-9.850746268656714,27.783018867924525,112.48408527317332,14.32,28,11,5,1.5707963267948966,2,4.0,11,1.2,/user/raabe14/u19361/workspace-allen/results/zebra/sub-830795_ses-ecephys-830795-2026-02-23-15-03-59_ecephys.nwb/ProbeF/trial_1/phase_1/lib_ab4a70858e/lib_ab4a70858e__delay_0.15000000000000002__dur_0.23.h5
9d70021b-b7ce-4111-a498-874b02fdbe61,0.2,0.23,ab4a70858e,0.07687751948833466,22.388059701492537,-43.91509433962264,0.0,7.16,46,51,0,0.0,0,2.0,9,0.1,/user/raabe14/u19361/workspace-allen/results/zebra/sub-830795_ses-ecephys-830795-2026-02-23-15-03-59_ecephys.nwb/ProbeF/trial_1/phase_1/lib_ab4a70858e/lib_ab4a70858e__delay_0.2__dur_0.23.h5
9d86f703-e06e-4990-842f-584441bb81c2,0.15000000000000002,0.23,ab4a70858e,0.10063253343105316,40.29850746268657,-22.40566037735849,0.0,21.49,56,39,0,0.0,4,6.0,11,1.2,/user/raabe14/u19361/workspace-allen/results/zebra/sub-830795_ses-ecephys-830795-2026-02-23-15-03-59_ecephys.nwb/ProbeF/trial_1/phase_1/lib_ab4a70858e/lib_ab4a70858e__delay_0.15000000000000002__dur_0.23.h5
9d8c88d9-ec6e-4b1f-85d5-db70521c0faf,0.0,0.18000000000000002,ab4a70858e,0.08396604657173157,58.20895522388061,0.8962264150943398,67.51591472682667,21.49,66,26,3,0.9424777960769379,4,6.0,12,1.3,/user/raabe14/u19361/workspace-allen/results/zebra/sub-830795_ses-ecephys-830795-2026-02-23-15-03-59_ecephys.nwb/ProbeF/trial_1/phase_1/lib_ab4a70858e/lib_ab4a70858e__delay_0.0__dur_0.18000000000000002.h5
9da5c27e-55b4-4c39-8327-ef015137e93c,0.30000000000000004,0.23,ab4a70858e,0.07267699390649796,-4.477611940298509,-29.57547169811321,67.51591472682667,28.65,31,43,3,0.9424777960769379,5,8.0,6,0.07,/user/raabe14/u19361/workspace-allen/results/zebra/sub-830795_ses-ecephys-830795-2026-02-23-15-03-59_ecephys.nwb/ProbeF/trial_1/phase_1/lib_ab4a70858e/lib_ab4a70858e__delay_0.30000000000000004__dur_0.23.h5
9dd95597-9d85-4d89-994c-6c31a83a5244,0.30000000000000004,0.23,ab4a70858e,0.0750948116183281,-56.417910447761194,8.066037735849058,67.51591472682667,28.65,2,22,3,0.9424777960769379,5,8.0,3,0.04,/user/raabe14/u19361/workspace-allen/results/zebra/sub-830795_ses-ecephys-830795-2026-02-23-15-03-59_ecephys.nwb/ProbeF/trial_1/phase_1/lib_ab4a70858e/lib_ab4a70858e__delay_0.30000000000000004__dur_0.23.h5
9e42f91d-67bc-4fa4-956b-c2bbebff86f7,0.30000000000000004,0.23,ab4a70858e,0.08441127836704254,-4.477611940298509,-17.028301886792452,180.0,14.32,31,36,8,2.5132741228718345,2,4.0,12,1.3,/user/raabe14/u19361/workspace-allen/results/zebra/sub-830795_ses-ecephys-830795-2026-02-23-15-03-59_ecephys.nwb/ProbeF/trial_1/phase_1/lib_ab4a70858e/lib_ab4a70858e__delay_0.30000000000000004__dur_0.23.h5
9ef22f7a-cd3f-47f5-926c-852eae433c25,0.05,0.23,ab4a70858e,0.085360087454319,-24.179104477611936,-6.273584905660378,180.0,14.32,20,30,8,2.5132741228718345,2,4.0,12,1.3,/user/raabe14/u19361/workspace-allen/results/zebra/sub-830795_ses-ecephys-830795-2026-02-23-15-03-59_ecephys.nwb/ProbeF/trial_1/phase_1/lib_ab4a70858e/lib_ab4a70858e__delay_0.05__dur_0.23.h5
9f1d9f3d-8332-4736-bd65-ad4246dcc85b,0.25,0.23,ab4a70858e,0.07279748469591141,-18.80597014925373,-2.6886792452830193,112.48408527317332,7.16,23,28,5,1.5707963267948966,0,2.0,9,0.1,/user/raabe14/u19361/workspace-allen/results/zebra/sub-830795_ses-ecephys-830795-2026-02-23-15-03-59_ecephys.nwb/ProbeF/trial_1/phase_1/lib_ab4a70858e/lib_ab4a70858e__delay_0.25__dur_0.23.h5
9f622f55-c63a-42f7-8feb-fa02d5113530,0.0,0.08,ab4a70858e,0.07457312941551208,15.223880597014926,-45.70754716981132,90.0,10.74,42,52,4,1.2566370614359172,1,3.0,9,0.1,/user/raabe14/u19361/workspace-allen/results/zebra/sub-830795_ses-ecephys-830795-2026-02-23-15-03-59_ecephys.nwb/ProbeF/trial_1/phase_1/lib_ab4a70858e/lib_ab4a70858e__delay_0.0__dur_0.08.h5
9f7a667d-8c10-403f-a47c-78a1b9b24fea,0.30000000000000004,0.23,ab4a70858e,0.07389357686042786,40.29850746268657,40.33018867924528,134.9774869247291,28.65,56,4,6,1.8849555921538759,5,8.0,3,0.04,/user/raabe14/u19361/workspace-allen/results/zebra/sub-830795_ses-ecephys-830795-2026-02-23-15-03-59_ecephys.nwb/ProbeF/trial_1/phase_1/lib_ab4a70858e/lib_ab4a70858e__delay_0.30000000000000004__dur_0.23.h5
a038e1ee-737a-4bbd-9c89-855ef09a5c98,0.05,0.03,ab4a70858e,0.0,-60.0,47.5,0.0,7.16,0,0,0,0.0,0,2.0,0,0.01,/user/raabe14/u19361/workspace-allen/results/zebra/sub-830795_ses-ecephys-830795-2026-02-23-15-03-59_ecephys.nwb/ProbeF/trial_1/phase_1/lib_ab4a70858e/lib_ab4a70858e__delay_0.05__dur_0.03.h5
a11aee0c-8e06-4ab6-9ddc-c4dcd41522be,0.25,0.23,ab4a70858e,0.07002922147512436,47.462686567164184,18.820754716981128,0.0,10.74,60,16,0,0.0,1,3.0,0,0.01,/user/raabe14/u19361/workspace-allen/results/zebra/sub-830795_ses-ecephys-830795-2026-02-23-15-03-59_ecephys.nwb/ProbeF/trial_1/phase_1/lib_ab4a70858e/lib_ab4a70858e__delay_0.25__dur_0.23.h5
a1a3f035-48c8-4b6e-a9ab-e0a6811930a8,0.2,0.18000000000000002,ab4a70858e,0.08693542331457138,38.507462686567166,-11.650943396226417,45.02251307527088,28.65,55,33,2,0.6283185307179586,5,8.0,8,0.09,/user/raabe14/u19361/workspace-allen/results/zebra/sub-830795_ses-ecephys-830795-2026-02-23-15-03-59_ecephys.nwb/ProbeF/trial_1/phase_1/lib_ab4a70858e/lib_ab4a70858e__delay_0.2__dur_0.18000000000000002.h5
a20b4e2f-4866-48f6-9a61-ffdcd85a5636,0.05,0.18000000000000002,ab4a70858e,0.07400112599134445,-18.80597014925373,6.273584905660378,0.0,10.74,23,23,0,0.0,1,3.0,8,0.09,/user/raabe14/u19361/workspace-allen/results/zebra/sub-830795_ses-ecephys-830795-2026-02-23-15-03-59_ecephys.nwb/ProbeF/trial_1/phase_1/lib_ab4a70858e/lib_ab4a70858e__delay_0.05__dur_0.18000000000000002.h5
a2214b75-8c83-439c-889c-c268454b5406,0.0,0.18000000000000002,ab4a70858e,0.07878361642360687,-17.014925373134325,-20.61320754716981,90.0,28.65,24,38,4,1.2566370614359172,5,8.0,7,0.08,/user/raabe14/u19361/workspace-allen/results/zebra/sub-830795_ses-ecephys-830795-2026-02-23-15-03-59_ecephys.nwb/ProbeF/trial_1/phase_1/lib_ab4a70858e/lib_ab4a70858e__delay_0.0__dur_0.18000000000000002.h5
a302da9e-72d6-4fe0-82f2-4ad0927381a5,0.25,0.23,ab4a70858e,0.0742637887597084,51.04477611940298,-0.8962264150943398,112.48408527317332,10.74,62,27,5,1.5707963267948966,1,3.0,11,1.2,/user/raabe14/u19361/workspace-allen/results/zebra/sub-830795_ses-ecephys-830795-2026-02-23-15-03-59_ecephys.nwb/ProbeF/trial_1/phase_1/lib_ab4a70858e/lib_ab4a70858e__delay_0.25__dur_0.23.h5
a34fc9e1-29da-476e-a6f7-03f358c09838,0.30000000000000004,0.13,ab4a70858e,0.08795430511236191,18.80597014925374,-13.443396226415096,67.51591472682667,28.65,44,34,3,0.9424777960769379,5,8.0,9,0.1,/user/raabe14/u19361/workspace-allen/results/zebra/sub-830795_ses-ecephys-830795-2026-02-23-15-03-59_ecephys.nwb/ProbeF/trial_1/phase_1/lib_ab4a70858e/lib_ab4a70858e__delay_0.30000000000000004__dur_0.13.h5
a37b31b9-ea8f-4d39-b8ed-816a5171b246,0.0,0.23,ab4a70858e,0.13507148623466492,-60.0,-0.8962264150943398,67.51591472682667,17.91,0,27,3,0.9424777960769379,3,5.0,12,1.3,/user/raabe14/u19361/workspace-allen/results/zebra/sub-830795_ses-ecephys-830795-2026-02-23-15-03-59_ecephys.nwb/ProbeF/trial_1/phase_1/lib_ab4a70858e/lib_ab4a70858e__delay_0.0__dur_0.23.h5
a50728f4-262b-4f67-82e8-f3ba74046a7f,0.30000000000000004,0.23,ab4a70858e,0.08336096256971359,-9.850746268656714,17.02830188679245,180.0,14.32,28,17,8,2.5132741228718345,2,4.0,12,1.3,/user/raabe14/u19361/workspace-allen/results/zebra/sub-830795_ses-ecephys-830795-2026-02-23-15-03-59_ecephys.nwb/ProbeF/trial_1/phase_1/lib_ab4a70858e/lib_ab4a70858e__delay_0.30000000000000004__dur_0.23.h5
a5c0c00c-9f17-4944-8ce4-1fa0b09cb2dd,0.30000000000000004,0.23,ab4a70858e,0.07914327085018158,11.641791044776127,-43.91509433962264,112.48408527317332,10.74,40,51,5,1.5707963267948966,1,3.0,11,1.2,/user/raabe14/u19361/workspace-allen/results/zebra/sub-830795_ses-ecephys-830795-2026-02-23-15-03-59_ecephys.nwb/ProbeF/trial_1/phase_1/lib_ab4a70858e/lib_ab4a70858e__delay_0.30000000000000004__dur_0.23.h5
a61bc7f8-d9b4-4079-9109-c9ac84454002,0.0,0.13,ab4a70858e,0.07481762766838074,-24.179104477611936,-36.74528301886792,157.4840764271708,28.65,20,47,7,2.199114857512855,5,8.0,3,0.04,/user/raabe14/u19361/workspace-allen/results/zebra/sub-830795_ses-ecephys-830795-2026-02-23-15-03-59_ecephys.nwb/ProbeF/trial_1/phase_1/lib_ab4a70858e/lib_ab4a70858e__delay_0.0__dur_0.13.h5
a63bf087-ae69-4e79-982e-e74197f19f4b,0.25,0.18000000000000002,ab4a70858e,0.0766153633594513,-24.179104477611936,13.443396226415096,157.4840764271708,7.16,20,19,7,2.199114857512855,0,2.0,9,0.1,/user/raabe14/u19361/workspace-allen/results/zebra/sub-830795_ses-ecephys-830795-2026-02-23-15-03-59_ecephys.nwb/ProbeF/trial_1/phase_1/lib_ab4a70858e/lib_ab4a70858e__delay_0.25__dur_0.18000000000000002.h5
a67fdc07-f21a-462c-89d7-623f63223546,0.25,0.18000000000000002,ab4a70858e,0.07664033025503159,-8.059701492537314,22.405660377358487,112.48408527317332,10.74,29,14,5,1.5707963267948966,1,3.0,11,1.2,/user/raabe14/u19361/workspace-allen/results/zebra/sub-830795_ses-ecephys-830795-2026-02-23-15-03-59_ecephys.nwb/ProbeF/trial_1/phase_1/lib_ab4a70858e/lib_ab4a70858e__delay_0.25__dur_0.18000000000000002.h5
a6960ec2-ccb6-4ae9-8d22-a8f847a0a4b3,0.2,0.23,ab4a70858e,0.07790502160787582,42.08955223880598,-2.6886792452830193,157.4840764271708,7.16,57,28,7,2.199114857512855,0,2.0,9,0.1,/user/raabe14/u19361/workspace-allen/results/zebra/sub-830795_ses-ecephys-830795-2026-02-23-15-03-59_ecephys.nwb/ProbeF/trial_1/phase_1/lib_ab4a70858e/lib_ab4a70858e__delay_0.2__dur_0.23.h5
a78566fb-6c9e-4f53-8b91-43133bbe432d,0.15000000000000002,0.23,ab4a70858e,0.07361303269863129,40.29850746268657,0.8962264150943398,67.51591472682667,7.16,56,26,3,0.9424777960769379,0,2.0,12,1.3,/user/raabe14/u19361/workspace-allen/results/zebra/sub-830795_ses-ecephys-830795-2026-02-23-15-03-59_ecephys.nwb/ProbeF/trial_1/phase_1/lib_ab4a70858e/lib_ab4a70858e__delay_0.15000000000000002__dur_0.23.h5
a79d7d14-77d6-4429-af29-5dc5ccad6e7c,0.30000000000000004,0.13,ab4a70858e,0.07786721736192703,-13.43283582089552,-6.273584905660378,22.515923572829163,17.91,26,30,9,2.827433388230814,3,5.0,6,0.07,/user/raabe14/u19361/workspace-allen/results/zebra/sub-830795_ses-ecephys-830795-2026-02-23-15-03-59_ecephys.nwb/ProbeF/trial_1/phase_1/lib_ab4a70858e/lib_ab4a70858e__delay_0.30000000000000004__dur_0.13.h5
a7ca4375-8fe2-4d66-85d9-952fc6995d5d,0.15000000000000002,0.23,ab4a70858e,0.0824359804391861,-13.43283582089552,9.858490566037737,112.48408527317332,14.32,26,21,5,1.5707963267948966,2,4.0,9,0.1,/user/raabe14/u19361/workspace-allen/results/zebra/sub-830795_ses-ecephys-830795-2026-02-23-15-03-59_ecephys.nwb/ProbeF/trial_1/phase_1/lib_ab4a70858e/lib_ab4a70858e__delay_0.15000000000000002__dur_0.23.h5
a7ce5027-32e1-4902-b520-83ac6ae01842,0.15000000000000002,0.18000000000000002,ab4a70858e,0.07229778170585632,-8.059701492537314,-2.6886792452830193,67.51591472682667,21.49,29,28,3,0.9424777960769379,4,6.0,6,0.07,/user/raabe14/u19361/workspace-allen/results/zebra/sub-830795_ses-ecephys-830795-2026-02-23-15-03-59_ecephys.nwb/ProbeF/trial_1/phase_1/lib_ab4a70858e/lib_ab4a70858e__delay_0.15000000000000002__dur_0.18000000000000002.h5
a835884f-154a-4ff4-a8d2-f6c553f4e020,0.2,0.18000000000000002,ab4a70858e,0.0798623189330101,-17.014925373134325,-29.57547169811321,67.51591472682667,7.16,24,43,3,0.9424777960769379,0,2.0,12,1.3,/user/raabe14/u19361/workspace-allen/results/zebra/sub-830795_ses-ecephys-830795-2026-02-23-15-03-59_ecephys.nwb/ProbeF/trial_1/phase_1/lib_ab4a70858e/lib_ab4a70858e__delay_0.2__dur_0.18000000000000002.h5
a872338b-e540-41ef-a2b3-47c5004e8b2d,0.25,0.23,ab4a70858e,0.08697158843278885,-6.268656716417908,15.235849056603776,157.4840764271708,7.16,30,18,7,2.199114857512855,0,2.0,9,0.1,/user/raabe14/u19361/workspace-allen/results/zebra/sub-830795_ses-ecephys-830795-2026-02-23-15-03-59_ecephys.nwb/ProbeF/trial_1/phase_1/lib_ab4a70858e/lib_ab4a70858e__delay_0.25__dur_0.23.h5
a94a3eb9-4c4a-4707-98e6-412b2cd59dc2,0.05,0.03,ab4a70858e,0.0,-60.0,47.5,0.0,7.16,0,0,0,0.0,0,2.0,0,0.01,/user/raabe14/u19361/workspace-allen/results/zebra/sub-830795_ses-ecephys-830795-2026-02-23-15-03-59_ecephys.nwb/ProbeF/trial_1/phase_1/lib_ab4a70858e/lib_ab4a70858e__delay_0.05__dur_0.03.h5
a9af9c20-5c27-4fef-b8f7-bd7dfb45d74f,0.30000000000000004,0.23,ab4a70858e,0.07479795813560486,29.55223880597015,-13.443396226415096,67.51591472682667,7.16,50,34,3,0.9424777960769379,0,2.0,9,0.1,/user/raabe14/u19361/workspace-allen/results/zebra/sub-830795_ses-ecephys-830795-2026-02-23-15-03-59_ecephys.nwb/ProbeF/trial_1/phase_1/lib_ab4a70858e/lib_ab4a70858e__delay_0.30000000000000004__dur_0.23.h5
aaa9a573-9b4c-4374-a59a-84daa200a246,0.25,0.23,ab4a70858e,0.09122531116008759,29.55223880597015,31.367924528301884,0.0,17.91,50,9,0,0.0,3,5.0,11,1.2,/user/raabe14/u19361/workspace-allen/results/zebra/sub-830795_ses-ecephys-830795-2026-02-23-15-03-59_ecephys.nwb/ProbeF/trial_1/phase_1/lib_ab4a70858e/lib_ab4a70858e__delay_0.25__dur_0.23.h5
ab46209f-b121-42f6-b9e1-2a106152774d,0.05,0.23,ab4a70858e,0.08228807151317596,-20.59701492537313,22.405660377358487,112.48408527317332,10.74,22,14,5,1.5707963267948966,1,3.0,11,1.2,/user/raabe14/u19361/workspace-allen/results/zebra/sub-830795_ses-ecephys-830795-2026-02-23-15-03-59_ecephys.nwb/ProbeF/trial_1/phase_1/lib_ab4a70858e/lib_ab4a70858e__delay_0.05__dur_0.23.h5
ab67377b-b666-436d-bd89-81f014b7823b,0.05,0.03,ab4a70858e,0.0,-60.0,47.5,0.0,7.16,0,0,0,0.0,0,2.0,0,0.01,/user/raabe14/u19361/workspace-allen/results/zebra/sub-830795_ses-ecephys-830795-2026-02-23-15-03-59_ecephys.nwb/ProbeF/trial_1/phase_1/lib_ab4a70858e/lib_ab4a70858e__delay_0.05__dur_0.03.h5
ab97027c-203d-4287-b0ac-441c010f0101,0.05,0.23,ab4a70858e,0.08646752685308456,-8.059701492537314,-6.273584905660378,45.02251307527088,7.16,29,30,2,0.6283185307179586,0,2.0,0,0.01,/user/raabe14/u19361/workspace-allen/results/zebra/sub-830795_ses-ecephys-830795-2026-02-23-15-03-59_ecephys.nwb/ProbeF/trial_1/phase_1/lib_ab4a70858e/lib_ab4a70858e__delay_0.05__dur_0.23.h5
abbfad7f-98cd-42d9-af50-340d7b418fa3,0.05,0.13,ab4a70858e,0.07478625327348709,-15.223880597014926,8.066037735849058,0.0,7.16,25,22,0,0.0,0,2.0,11,1.2,/user/raabe14/u19361/workspace-allen/results/zebra/sub-830795_ses-ecephys-830795-2026-02-23-15-03-59_ecephys.nwb/ProbeF/trial_1/phase_1/lib_ab4a70858e/lib_ab4a70858e__delay_0.05__dur_0.13.h5
acce2fa4-e659-40d5-a855-8cedac163bbc,0.1,0.13,ab4a70858e,0.08432163298130035,-11.64179104477612,-13.443396226415096,180.0,21.49,27,34,8,2.5132741228718345,4,6.0,8,0.09,/user/raabe14/u19361/workspace-allen/results/zebra/sub-830795_ses-ecephys-830795-2026-02-23-15-03-59_ecephys.nwb/ProbeF/trial_1/phase_1/lib_ab4a70858e/lib_ab4a70858e__delay_0.1__dur_0.13.h5
acd8720e-091b-487d-a729-39e261f76691,0.0,0.08,ab4a70858e,0.0763973519206047,-42.089552238805965,-13.443396226415096,180.0,7.16,10,34,8,2.5132741228718345,0,2.0,12,1.3,/user/raabe14/u19361/workspace-allen/results/zebra/sub-830795_ses-ecephys-830795-2026-02-23-15-03-59_ecephys.nwb/ProbeF/trial_1/phase_1/lib_ab4a70858e/lib_ab4a70858e__delay_0.0__dur_0.08.h5
ad3ddb85-304c-414e-898e-da998f08ae6a,0.0,0.13,ab4a70858e,0.0722760260105133,-49.25373134328358,43.91509433962264,22.515923572829195,28.65,6,2,1,0.3141592653589793,5,8.0,9,0.1,/user/raabe14/u19361/workspace-allen/results/zebra/sub-830795_ses-ecephys-830795-2026-02-23-15-03-59_ecephys.nwb/ProbeF/trial_1/phase_1/lib_ab4a70858e/lib_ab4a70858e__delay_0.0__dur_0.13.h5
ad3f8ea2-0690-4d1b-8582-45039d6259a3,0.05,0.13,ab4a70858e,0.08172976970672607,-24.179104477611936,33.160377358490564,67.51591472682667,28.65,20,8,3,0.9424777960769379,5,8.0,3,0.04,/user/raabe14/u19361/workspace-allen/results/zebra/sub-830795_ses-ecephys-830795-2026-02-23-15-03-59_ecephys.nwb/ProbeF/trial_1/phase_1/lib_ab4a70858e/lib_ab4a70858e__delay_0.05__dur_0.13.h5
ad9b21ea-7f92-4c2a-b5c6-ff2a5a789bb9,0.15000000000000002,0.18000000000000002,ab4a70858e,0.08907555788755417,-42.089552238805965,2.6886792452830193,157.4840764271708,14.32,10,25,7,2.199114857512855,2,4.0,12,1.3,/user/raabe14/u19361/workspace-allen/results/zebra/sub-830795_ses-ecephys-830795-2026-02-23-15-03-59_ecephys.nwb/ProbeF/trial_1/phase_1/lib_ab4a70858e/lib_ab4a70858e__delay_0.15000000000000002__dur_0.18000000000000002.h5
ae7ff713-7fef-4a21-97f0-b97d28cd29c4,0.05,0.03,ab4a70858e,0.0,-60.0,47.5,0.0,7.16,0,0,0,0.0,0,2.0,0,0.01,/user/raabe14/u19361/workspace-allen/results/zebra/sub-830795_ses-ecephys-830795-2026-02-23-15-03-59_ecephys.nwb/ProbeF/trial_1/phase_1/lib_ab4a70858e/lib_ab4a70858e__delay_0.05__dur_0.03.h5
aec92436-55f9-4590-8ecb-02d50b1035d5,0.1,0.18000000000000002,ab4a70858e,0.09646327048540115,27.761194029850756,2.6886792452830193,22.515923572829163,21.49,49,25,9,2.827433388230814,4,6.0,8,0.09,/user/raabe14/u19361/workspace-allen/results/zebra/sub-830795_ses-ecephys-830795-2026-02-23-15-03-59_ecephys.nwb/ProbeF/trial_1/phase_1/lib_ab4a70858e/lib_ab4a70858e__delay_0.1__dur_0.18000000000000002.h5
af52eb8c-9d80-4ec0-b0ed-6f4e56f47181,0.2,0.23,ab4a70858e,0.07848773896694183,20.59701492537313,34.95283018867924,0.0,21.49,45,7,0,0.0,4,6.0,11,1.2,/user/raabe14/u19361/workspace-allen/results/zebra/sub-830795_ses-ecephys-830795-2026-02-23-15-03-59_ecephys.nwb/ProbeF/trial_1/phase_1/lib_ab4a70858e/lib_ab4a70858e__delay_0.2__dur_0.23.h5
b013ab5c-bf20-4fc0-9336-6f5b5bda021e,0.30000000000000004,0.18000000000000002,ab4a70858e,0.08132869005203247,-25.970149253731343,31.367924528301884,180.0,7.16,19,9,8,2.5132741228718345,0,2.0,9,0.1,/user/raabe14/u19361/workspace-allen/results/zebra/sub-830795_ses-ecephys-830795-2026-02-23-15-03-59_ecephys.nwb/ProbeF/trial_1/phase_1/lib_ab4a70858e/lib_ab4a70858e__delay_0.30000000000000004__dur_0.18000000000000002.h5
b05918b2-979d-40e4-a5f0-92ddb147cf48,0.30000000000000004,0.23,ab4a70858e,0.090057872235775,0.8955223880597032,-9.858490566037737,157.4840764271708,14.32,34,32,7,2.199114857512855,2,4.0,8,0.09,/user/raabe14/u19361/workspace-allen/results/zebra/sub-830795_ses-ecephys-830795-2026-02-23-15-03-59_ecephys.nwb/ProbeF/trial_1/phase_1/lib_ab4a70858e/lib_ab4a70858e__delay_0.30000000000000004__dur_0.23.h5
b0c9efa7-6fee-4901-975c-ad61e66e1007,0.1,0.13,ab4a70858e,0.08303248137235641,-31.34328358208955,18.820754716981128,134.9774869247291,28.65,16,16,6,1.8849555921538759,5,8.0,8,0.09,/user/raabe14/u19361/workspace-allen/results/zebra/sub-830795_ses-ecephys-830795-2026-02-23-15-03-59_ecephys.nwb/ProbeF/trial_1/phase_1/lib_ab4a70858e/lib_ab4a70858e__delay_0.1__dur_0.13.h5
b0ce85f7-28ba-48af-b27e-8cbf871af3dd,0.0,0.23,ab4a70858e,0.081949383020401,-18.80597014925373,-4.481132075471699,22.515923572829163,7.16,23,29,9,2.827433388230814,0,2.0,9,0.1,/user/raabe14/u19361/workspace-allen/results/zebra/sub-830795_ses-ecephys-830795-2026-02-23-15-03-59_ecephys.nwb/ProbeF/trial_1/phase_1/lib_ab4a70858e/lib_ab4a70858e__delay_0.0__dur_0.23.h5
b0d28126-c050-4c06-bc12-6a7c070feb17,0.25,0.18000000000000002,ab4a70858e,0.08019611239433289,-52.83582089552239,-13.443396226415096,157.4840764271708,10.74,4,34,7,2.199114857512855,1,3.0,12,1.3,/user/raabe14/u19361/workspace-allen/results/zebra/sub-830795_ses-ecephys-830795-2026-02-23-15-03-59_ecephys.nwb/ProbeF/trial_1/phase_1/lib_ab4a70858e/lib_ab4a70858e__delay_0.25__dur_0.18000000000000002.h5
b109c0fa-a9a2-4819-bfb8-f23af70f64e8,0.05,0.03,ab4a70858e,0.0,-60.0,47.5,0.0,7.16,0,0,0,0.0,0,2.0,0,0.01,/user/raabe14/u19361/workspace-allen/results/zebra/sub-830795_ses-ecephys-830795-2026-02-23-15-03-59_ecephys.nwb/ProbeF/trial_1/phase_1/lib_ab4a70858e/lib_ab4a70858e__delay_0.05__dur_0.03.h5
b122d534-194b-4259-9ebe-eb0aa89f24fa,0.2,0.18000000000000002,ab4a70858e,0.08076988905668259,-24.179104477611936,-22.40566037735849,45.02251307527088,7.16,20,39,2,0.6283185307179586,0,2.0,9,0.1,/user/raabe14/u19361/workspace-allen/results/zebra/sub-830795_ses-ecephys-830795-2026-02-23-15-03-59_ecephys.nwb/ProbeF/trial_1/phase_1/lib_ab4a70858e/lib_ab4a70858e__delay_0.2__dur_0.18000000000000002.h5
b12ceec4-e123-491d-a49e-74912b89bb6a,0.1,0.23,ab4a70858e,0.10148528218269348,-6.268656716417908,17.02830188679245,180.0,7.16,30,17,8,2.5132741228718345,0,2.0,12,1.3,/user/raabe14/u19361/workspace-allen/results/zebra/sub-830795_ses-ecephys-830795-2026-02-23-15-03-59_ecephys.nwb/ProbeF/trial_1/phase_1/lib_ab4a70858e/lib_ab4a70858e__delay_0.1__dur_0.23.h5
b1f84f9b-15f2-4a7d-8146-2f964d64d845,0.30000000000000004,0.23,ab4a70858e,0.07712245732545853,-34.92537313432835,40.33018867924528,112.48408527317332,10.74,14,4,5,1.5707963267948966,1,3.0,9,0.1,/user/raabe14/u19361/workspace-allen/results/zebra/sub-830795_ses-ecephys-830795-2026-02-23-15-03-59_ecephys.nwb/ProbeF/trial_1/phase_1/lib_ab4a70858e/lib_ab4a70858e__delay_0.30000000000000004__dur_0.23.h5
b212149b-2de8-4f5e-b628-90e3e3f2e467,0.1,0.23,ab4a70858e,0.07325521856546402,6.268656716417908,17.02830188679245,45.02251307527088,28.65,37,17,2,0.6283185307179586,5,8.0,8,0.09,/user/raabe14/u19361/workspace-allen/results/zebra/sub-830795_ses-ecephys-830795-2026-02-23-15-03-59_ecephys.nwb/ProbeF/trial_1/phase_1/lib_ab4a70858e/lib_ab4a70858e__delay_0.1__dur_0.23.h5
b217b8be-b6bc-4344-93c4-9f0d1ec4684d,0.30000000000000004,0.23,ab4a70858e,0.09242996573448181,0.8955223880597032,22.405660377358487,0.0,14.32,34,14,0,0.0,2,4.0,11,1.2,/user/raabe14/u19361/workspace-allen/results/zebra/sub-830795_ses-ecephys-830795-2026-02-23-15-03-59_ecephys.nwb/ProbeF/trial_1/phase_1/lib_ab4a70858e/lib_ab4a70858e__delay_0.30000000000000004__dur_0.23.h5
b219ef9c-5802-4aad-9c82-ce3660a93b17,0.25,0.23,ab4a70858e,0.07618255168199539,-27.761194029850742,-13.443396226415096,180.0,28.65,18,34,8,2.5132741228718345,5,8.0,8,0.09,/user/raabe14/u19361/workspace-allen/results/zebra/sub-830795_ses-ecephys-830795-2026-02-23-15-03-59_ecephys.nwb/ProbeF/trial_1/phase_1/lib_ab4a70858e/lib_ab4a70858e__delay_0.25__dur_0.23.h5
b2f60fe5-26e0-430b-9233-09f0ad371b63,0.15000000000000002,0.23,ab4a70858e,0.08197668194770813,-22.388059701492537,0.8962264150943398,45.02251307527088,7.16,21,26,2,0.6283185307179586,0,2.0,12,1.3,/user/raabe14/u19361/workspace-allen/results/zebra/sub-830795_ses-ecephys-830795-2026-02-23-15-03-59_ecephys.nwb/ProbeF/trial_1/phase_1/lib_ab4a70858e/lib_ab4a70858e__delay_0.15000000000000002__dur_0.23.h5
b3a5faf1-999b-4e64-aa56-282ce54bb0d8,0.05,0.03,ab4a70858e,0.0,-60.0,47.5,0.0,7.16,0,0,0,0.0,0,2.0,0,0.01,/user/raabe14/u19361/workspace-allen/results/zebra/sub-830795_ses-ecephys-830795-2026-02-23-15-03-59_ecephys.nwb/ProbeF/trial_1/phase_1/lib_ab4a70858e/lib_ab4a70858e__delay_0.05__dur_0.03.h5
b4313be7-46b9-4603-b047-a75ad67f4fd7,0.05,0.18000000000000002,ab4a70858e,0.07364681363105774,-13.43283582089552,-0.8962264150943398,22.515923572829163,21.49,26,27,9,2.827433388230814,4,6.0,9,0.1,/user/raabe14/u19361/workspace-allen/results/zebra/sub-830795_ses-ecephys-830795-2026-02-23-15-03-59_ecephys.nwb/ProbeF/trial_1/phase_1/lib_ab4a70858e/lib_ab4a70858e__delay_0.05__dur_0.18000000000000002.h5
b4bf8722-2896-4515-b226-bda4cc2edbd8,0.25,0.18000000000000002,ab4a70858e,0.0743744894862175,-9.850746268656714,31.367924528301884,22.515923572829195,10.74,28,9,1,0.3141592653589793,1,3.0,5,0.06,/user/raabe14/u19361/workspace-allen/results/zebra/sub-830795_ses-ecephys-830795-2026-02-23-15-03-59_ecephys.nwb/ProbeF/trial_1/phase_1/lib_ab4a70858e/lib_ab4a70858e__delay_0.25__dur_0.18000000000000002.h5
b4d68814-8098-4c9c-88be-7b4d38e3d07e,0.2,0.18000000000000002,ab4a70858e,0.07843288779258728,-29.55223880597015,20.613207547169807,112.48408527317332,7.16,17,15,5,1.5707963267948966,0,2.0,11,1.2,/user/raabe14/u19361/workspace-allen/results/zebra/sub-830795_ses-ecephys-830795-2026-02-23-15-03-59_ecephys.nwb/ProbeF/trial_1/phase_1/lib_ab4a70858e/lib_ab4a70858e__delay_0.2__dur_0.18000000000000002.h5
b55f5e94-0c5c-461d-9822-cfceabf7d9dc,0.05,0.08,ab4a70858e,0.07074607908725739,-36.71641791044776,8.066037735849058,180.0,7.16,13,22,8,2.5132741228718345,0,2.0,9,0.1,/user/raabe14/u19361/workspace-allen/results/zebra/sub-830795_ses-ecephys-830795-2026-02-23-15-03-59_ecephys.nwb/ProbeF/trial_1/phase_1/lib_ab4a70858e/lib_ab4a70858e__delay_0.05__dur_0.08.h5
b60dd041-1fa1-4d7f-a493-6806c27c4e75,0.25,0.23,ab4a70858e,0.07357192784547806,6.268656716417908,-45.70754716981132,134.9774869247291,10.74,37,52,6,1.8849555921538759,1,3.0,9,0.1,/user/raabe14/u19361/workspace-allen/results/zebra/sub-830795_ses-ecephys-830795-2026-02-23-15-03-59_ecephys.nwb/ProbeF/trial_1/phase_1/lib_ab4a70858e/lib_ab4a70858e__delay_0.25__dur_0.23.h5
b7103f6e-0197-4032-a337-e27d52726db8,0.05,0.03,ab4a70858e,0.0,-60.0,47.5,0.0,7.16,0,0,0,0.0,0,2.0,0,0.01,/user/raabe14/u19361/workspace-allen/results/zebra/sub-830795_ses-ecephys-830795-2026-02-23-15-03-59_ecephys.nwb/ProbeF/trial_1/phase_1/lib_ab4a70858e/lib_ab4a70858e__delay_0.05__dur_0.03.h5
b72f5011-d4cb-440f-9d04-c7e3831b4b35,0.25,0.23,ab4a70858e,0.0802808403968811,-25.970149253731343,38.5377358490566,22.515923572829195,7.16,19,5,1,0.3141592653589793,0,2.0,9,0.1,/user/raabe14/u19361/workspace-allen/results/zebra/sub-830795_ses-ecephys-830795-2026-02-23-15-03-59_ecephys.nwb/ProbeF/trial_1/phase_1/lib_ab4a70858e/lib_ab4a70858e__delay_0.25__dur_0.23.h5
b8452a95-ad00-43de-9d84-ad12bbc1709d,0.2,0.23,ab4a70858e,0.08571021258831024,-58.208955223880594,-13.443396226415096,67.51591472682667,14.32,1,34,3,0.9424777960769379,2,4.0,12,1.3,/user/raabe14/u19361/workspace-allen/results/zebra/sub-830795_ses-ecephys-830795-2026-02-23-15-03-59_ecephys.nwb/ProbeF/trial_1/phase_1/lib_ab4a70858e/lib_ab4a70858e__delay_0.2__dur_0.23.h5
ba0c5b3d-5300-49ed-8557-3b92a8e76712,0.15000000000000002,0.18000000000000002,ab4a70858e,0.07077091932296753,-4.477611940298509,9.858490566037737,90.0,7.16,31,21,4,1.2566370614359172,0,2.0,9,0.1,/user/raabe14/u19361/workspace-allen/results/zebra/sub-830795_ses-ecephys-830795-2026-02-23-15-03-59_ecephys.nwb/ProbeF/trial_1/phase_1/lib_ab4a70858e/lib_ab4a70858e__delay_0.15000000000000002__dur_0.18000000000000002.h5
bb231a2e-237b-4104-ae2c-795b8b501b8d,0.15000000000000002,0.23,ab4a70858e,0.08284332603216171,-22.388059701492537,-20.61320754716981,90.0,17.91,21,38,4,1.2566370614359172,3,5.0,9,0.1,/user/raabe14/u19361/workspace-allen/results/zebra/sub-830795_ses-ecephys-830795-2026-02-23-15-03-59_ecephys.nwb/ProbeF/trial_1/phase_1/lib_ab4a70858e/lib_ab4a70858e__delay_0.15000000000000002__dur_0.23.h5
bb6651ae-74d1-41ba-bcb3-595ba8d11bcd,0.30000000000000004,0.23,ab4a70858e,0.08206892758607864,-49.25373134328358,-25.99056603773585,180.0,14.32,6,41,8,2.5132741228718345,2,4.0,8,0.09,/user/raabe14/u19361/workspace-allen/results/zebra/sub-830795_ses-ecephys-830795-2026-02-23-15-03-59_ecephys.nwb/ProbeF/trial_1/phase_1/lib_ab4a70858e/lib_ab4a70858e__delay_0.30000000000000004__dur_0.23.h5
bbb0f97d-9b20-4604-8e11-ba8e39fda5b9,0.0,0.23,ab4a70858e,0.08550244569778442,-4.477611940298509,13.443396226415096,67.51591472682667,17.91,31,19,3,0.9424777960769379,3,5.0,8,0.09,/user/raabe14/u19361/workspace-allen/results/zebra/sub-830795_ses-ecephys-830795-2026-02-23-15-03-59_ecephys.nwb/ProbeF/trial_1/phase_1/lib_ab4a70858e/lib_ab4a70858e__delay_0.0__dur_0.23.h5
bbe587b6-e440-42a1-95ec-7863e04a8584,0.30000000000000004,0.18000000000000002,ab4a70858e,0.0682164877653122,36.71641791044776,29.575471698113205,67.51591472682667,7.16,54,10,3,0.9424777960769379,0,2.0,9,0.1,/user/raabe14/u19361/workspace-allen/results/zebra/sub-830795_ses-ecephys-830795-2026-02-23-15-03-59_ecephys.nwb/ProbeF/trial_1/phase_1/lib_ab4a70858e/lib_ab4a70858e__delay_0.30000000000000004__dur_0.18000000000000002.h5
bc0cb608-01af-4a30-984f-4dcde2a63f1b,0.05,0.23,ab4a70858e,0.07738739252090454,58.20895522388061,-4.481132075471699,112.48408527317332,14.32,66,29,5,1.5707963267948966,2,4.0,11,1.2,/user/raabe14/u19361/workspace-allen/results/zebra/sub-830795_ses-ecephys-830795-2026-02-23-15-03-59_ecephys.nwb/ProbeF/trial_1/phase_1/lib_ab4a70858e/lib_ab4a70858e__delay_0.05__dur_0.23.h5
bdbc95ea-1f23-416c-89b8-a7b3666a0397,0.2,0.23,ab4a70858e,0.08462653309106827,-27.761194029850742,-24.19811320754717,45.02251307527088,10.74,18,40,2,0.6283185307179586,1,3.0,9,0.1,/user/raabe14/u19361/workspace-allen/results/zebra/sub-830795_ses-ecephys-830795-2026-02-23-15-03-59_ecephys.nwb/ProbeF/trial_1/phase_1/lib_ab4a70858e/lib_ab4a70858e__delay_0.2__dur_0.23.h5
be598eff-9e1f-4b58-b639-37c006169851,0.0,0.23,ab4a70858e,0.11876265704631805,-2.6865671641791025,13.443396226415096,180.0,10.74,32,19,8,2.5132741228718345,1,3.0,12,1.3,/user/raabe14/u19361/workspace-allen/results/zebra/sub-830795_ses-ecephys-830795-2026-02-23-15-03-59_ecephys.nwb/ProbeF/trial_1/phase_1/lib_ab4a70858e/lib_ab4a70858e__delay_0.0__dur_0.23.h5
be9f3500-badc-431b-9cdc-8283e7c0d10e,0.2,0.13,ab4a70858e,0.07689301669597626,8.059701492537314,-9.858490566037737,157.4840764271708,7.16,38,32,7,2.199114857512855,0,2.0,12,1.3,/user/raabe14/u19361/workspace-allen/results/zebra/sub-830795_ses-ecephys-830795-2026-02-23-15-03-59_ecephys.nwb/ProbeF/trial_1/phase_1/lib_ab4a70858e/lib_ab4a70858e__delay_0.2__dur_0.13.h5
bea07218-a56c-449f-bd65-7dd4c2ed5789,0.1,0.23,ab4a70858e,0.07948242872953415,-24.179104477611936,-31.367924528301888,22.515923572829195,10.74,20,44,1,0.3141592653589793,1,3.0,9,0.1,/user/raabe14/u19361/workspace-allen/results/zebra/sub-830795_ses-ecephys-830795-2026-02-23-15-03-59_ecephys.nwb/ProbeF/trial_1/phase_1/lib_ab4a70858e/lib_ab4a70858e__delay_0.1__dur_0.23.h5
bee8bee8-8d1f-44b8-90d9-a159e25db3bf,0.1,0.23,ab4a70858e,0.07545638829469681,-18.80597014925373,20.613207547169807,112.48408527317332,28.65,23,15,5,1.5707963267948966,5,8.0,11,1.2,/user/raabe14/u19361/workspace-allen/results/zebra/sub-830795_ses-ecephys-830795-2026-02-23-15-03-59_ecephys.nwb/ProbeF/trial_1/phase_1/lib_ab4a70858e/lib_ab4a70858e__delay_0.1__dur_0.23.h5
bf0482cf-d221-4bb3-910a-e598594dfec6,0.0,0.18000000000000002,ab4a70858e,0.07894472032785416,8.059701492537314,-6.273584905660378,67.51591472682667,10.74,38,30,3,0.9424777960769379,1,3.0,12,1.3,/user/raabe14/u19361/workspace-allen/results/zebra/sub-830795_ses-ecephys-830795-2026-02-23-15-03-59_ecephys.nwb/ProbeF/trial_1/phase_1/lib_ab4a70858e/lib_ab4a70858e__delay_0.0__dur_0.18000000000000002.h5
bf6d2b74-ff65-4dc1-8baf-39eb52dbb96d,0.2,0.23,ab4a70858e,0.07491941004991531,15.223880597014926,0.8962264150943398,22.515923572829195,10.74,42,26,1,0.3141592653589793,1,3.0,0,0.01,/user/raabe14/u19361/workspace-allen/results/zebra/sub-830795_ses-ecephys-830795-2026-02-23-15-03-59_ecephys.nwb/ProbeF/trial_1/phase_1/lib_ab4a70858e/lib_ab4a70858e__delay_0.2__dur_0.23.h5
bf8b33a8-5ac9-4d9b-a5dd-980563b81f8e,0.25,0.23,ab4a70858e,0.09904812276363373,-45.67164179104478,33.160377358490564,0.0,17.91,8,8,0,0.0,3,5.0,11,1.2,/user/raabe14/u19361/workspace-allen/results/zebra/sub-830795_ses-ecephys-830795-2026-02-23-15-03-59_ecephys.nwb/ProbeF/trial_1/phase_1/lib_ab4a70858e/lib_ab4a70858e__delay_0.25__dur_0.23.h5
bffe817e-c228-4ef9-908c-4e3e5207a5a4,0.1,0.23,ab4a70858e,0.07499568909406662,-2.6865671641791025,34.95283018867924,22.515923572829163,14.32,32,7,9,2.827433388230814,2,4.0,9,0.1,/user/raabe14/u19361/workspace-allen/results/zebra/sub-830795_ses-ecephys-830795-2026-02-23-15-03-59_ecephys.nwb/ProbeF/trial_1/phase_1/lib_ab4a70858e/lib_ab4a70858e__delay_0.1__dur_0.23.h5
c0aed2ce-1267-4732-a0eb-b180317cb3e9,0.05,0.03,ab4a70858e,0.0,-60.0,47.5,0.0,7.16,0,0,0,0.0,0,2.0,0,0.01,/user/raabe14/u19361/workspace-allen/results/zebra/sub-830795_ses-ecephys-830795-2026-02-23-15-03-59_ecephys.nwb/ProbeF/trial_1/phase_1/lib_ab4a70858e/lib_ab4a70858e__delay_0.05__dur_0.03.h5
c0c9f27d-faeb-476c-b374-6aac65c0ae2a,0.0,0.23,ab4a70858e,0.08351963013410568,-15.223880597014926,27.783018867924525,90.0,7.16,25,11,4,1.2566370614359172,0,2.0,9,0.1,/user/raabe14/u19361/workspace-allen/results/zebra/sub-830795_ses-ecephys-830795-2026-02-23-15-03-59_ecephys.nwb/ProbeF/trial_1/phase_1/lib_ab4a70858e/lib_ab4a70858e__delay_0.0__dur_0.23.h5
c0ea3cb5-c6ba-405c-ae5b-3868fb27a12a,0.0,0.18000000000000002,ab4a70858e,0.07470071315765381,-8.059701492537314,13.443396226415096,45.02251307527088,28.65,29,19,2,0.6283185307179586,5,8.0,5,0.06,/user/raabe14/u19361/workspace-allen/results/zebra/sub-830795_ses-ecephys-830795-2026-02-23-15-03-59_ecephys.nwb/ProbeF/trial_1/phase_1/lib_ab4a70858e/lib_ab4a70858e__delay_0.0__dur_0.18000000000000002.h5
c1fcf87a-ba1e-46d1-8905-ae27a67bc5f2,0.25,0.13,ab4a70858e,0.0883658230304718,-22.388059701492537,-18.82075471698113,112.48408527317332,7.16,21,37,5,1.5707963267948966,0,2.0,0,0.01,/user/raabe14/u19361/workspace-allen/results/zebra/sub-830795_ses-ecephys-830795-2026-02-23-15-03-59_ecephys.nwb/ProbeF/trial_1/phase_1/lib_ab4a70858e/lib_ab4a70858e__delay_0.25__dur_0.13.h5
c2724760-c281-4f94-aa53-3bbe9768d488,0.2,0.18000000000000002,ab4a70858e,0.07713203132152557,-22.388059701492537,20.613207547169807,22.515923572829195,28.65,21,15,1,0.3141592653589793,5,8.0,7,0.08,/user/raabe14/u19361/workspace-allen/results/zebra/sub-830795_ses-ecephys-830795-2026-02-23-15-03-59_ecephys.nwb/ProbeF/trial_1/phase_1/lib_ab4a70858e/lib_ab4a70858e__delay_0.2__dur_0.18000000000000002.h5
c36a4be0-4d80-4740-bd75-7ab3871956bd,0.25,0.18000000000000002,ab4a70858e,0.08730661869049072,-9.850746268656714,-33.160377358490564,45.02251307527088,17.91,28,45,2,0.6283185307179586,3,5.0,9,0.1,/user/raabe14/u19361/workspace-allen/results/zebra/sub-830795_ses-ecephys-830795-2026-02-23-15-03-59_ecephys.nwb/ProbeF/trial_1/phase_1/lib_ab4a70858e/lib_ab4a70858e__delay_0.25__dur_0.18000000000000002.h5
c4adc4e2-db40-4577-a3b0-767035c83eca,0.15000000000000002,0.18000000000000002,ab4a70858e,0.07505705952644348,47.462686567164184,-4.481132075471699,67.51591472682667,10.74,60,29,3,0.9424777960769379,1,3.0,9,0.1,/user/raabe14/u19361/workspace-allen/results/zebra/sub-830795_ses-ecephys-830795-2026-02-23-15-03-59_ecephys.nwb/ProbeF/trial_1/phase_1/lib_ab4a70858e/lib_ab4a70858e__delay_0.15000000000000002__dur_0.18000000000000002.h5
c5b9bd90-3c19-4efa-a613-5b1ad8befd82,0.05,0.23,ab4a70858e,0.0791914314031601,-47.46268656716418,-2.6886792452830193,134.9774869247291,21.49,7,28,6,1.8849555921538759,4,6.0,9,0.1,/user/raabe14/u19361/workspace-allen/results/zebra/sub-830795_ses-ecephys-830795-2026-02-23-15-03-59_ecephys.nwb/ProbeF/trial_1/phase_1/lib_ab4a70858e/lib_ab4a70858e__delay_0.05__dur_0.23.h5
c5ccb8b3-4265-475d-8e61-5c1f49ebac03,0.30000000000000004,0.23,ab4a70858e,0.06874244660139084,-9.850746268656714,-6.273584905660378,22.515923572829195,17.91,28,30,1,0.3141592653589793,3,5.0,9,0.1,/user/raabe14/u19361/workspace-allen/results/zebra/sub-830795_ses-ecephys-830795-2026-02-23-15-03-59_ecephys.nwb/ProbeF/trial_1/phase_1/lib_ab4a70858e/lib_ab4a70858e__delay_0.30000000000000004__dur_0.23.h5
c67c3df8-841c-4345-a523-2ad7c60aa43c,0.05,0.03,ab4a70858e,0.0,-60.0,47.5,0.0,7.16,0,0,0,0.0,0,2.0,0,0.01,/user/raabe14/u19361/workspace-allen/results/zebra/sub-830795_ses-ecephys-830795-2026-02-23-15-03-59_ecephys.nwb/ProbeF/trial_1/phase_1/lib_ab4a70858e/lib_ab4a70858e__delay_0.05__dur_0.03.h5
c6a280ea-b9ea-458f-9c44-7ac921ea4b90,0.05,0.03,ab4a70858e,0.0,-60.0,47.5,0.0,7.16,0,0,0,0.0,0,2.0,0,0.01,/user/raabe14/u19361/workspace-allen/results/zebra/sub-830795_ses-ecephys-830795-2026-02-23-15-03-59_ecephys.nwb/ProbeF/trial_1/phase_1/lib_ab4a70858e/lib_ab4a70858e__delay_0.05__dur_0.03.h5
c705cff1-3750-453d-8864-057747a0fac0,0.2,0.18000000000000002,ab4a70858e,0.09230512380599976,9.85074626865672,0.8962264150943398,67.51591472682667,14.32,39,26,3,0.9424777960769379,2,4.0,12,1.3,/user/raabe14/u19361/workspace-allen/results/zebra/sub-830795_ses-ecephys-830795-2026-02-23-15-03-59_ecephys.nwb/ProbeF/trial_1/phase_1/lib_ab4a70858e/lib_ab4a70858e__delay_0.2__dur_0.18000000000000002.h5
c718ef8a-915d-438a-b8d0-10a7f4f02410,0.25,0.23,ab4a70858e,0.07526258379220963,54.626865671641795,-11.650943396226417,22.515923572829195,14.32,64,33,1,0.3141592653589793,2,4.0,9,0.1,/user/raabe14/u19361/workspace-allen/results/zebra/sub-830795_ses-ecephys-830795-2026-02-23-15-03-59_ecephys.nwb/ProbeF/trial_1/phase_1/lib_ab4a70858e/lib_ab4a70858e__delay_0.25__dur_0.23.h5
c72f408c-bf67-4d6f-b8a4-fb50205906ca,0.30000000000000004,0.18000000000000002,ab4a70858e,0.08500821143388748,-20.59701492537313,-0.8962264150943398,157.4840764271708,17.91,22,27,7,2.199114857512855,3,5.0,12,1.3,/user/raabe14/u19361/workspace-allen/results/zebra/sub-830795_ses-ecephys-830795-2026-02-23-15-03-59_ecephys.nwb/ProbeF/trial_1/phase_1/lib_ab4a70858e/lib_ab4a70858e__delay_0.30000000000000004__dur_0.18000000000000002.h5
c745b56c-7683-493a-8dae-d5436186deaf,0.05,0.23,ab4a70858e,0.08386097103357315,2.6865671641791096,8.066037735849058,112.48408527317332,28.65,35,22,5,1.5707963267948966,5,8.0,9,0.1,/user/raabe14/u19361/workspace-allen/results/zebra/sub-830795_ses-ecephys-830795-2026-02-23-15-03-59_ecephys.nwb/ProbeF/trial_1/phase_1/lib_ab4a70858e/lib_ab4a70858e__delay_0.05__dur_0.23.h5
c7e53c75-c005-4d11-a91c-6f078598085c,0.15000000000000002,0.18000000000000002,ab4a70858e,0.07759803533554077,-54.62686567164179,17.02830188679245,180.0,14.32,3,17,8,2.5132741228718345,2,4.0,9,0.1,/user/raabe14/u19361/workspace-allen/results/zebra/sub-830795_ses-ecephys-830795-2026-02-23-15-03-59_ecephys.nwb/ProbeF/trial_1/phase_1/lib_ab4a70858e/lib_ab4a70858e__delay_0.15000000000000002__dur_0.18000000000000002.h5
c7f65e1e-2308-4f9c-921a-bbe796b2ff85,0.0,0.23,ab4a70858e,0.0879516676068306,52.83582089552239,-13.443396226415096,157.4840764271708,7.16,63,34,7,2.199114857512855,0,2.0,12,1.3,/user/raabe14/u19361/workspace-allen/results/zebra/sub-830795_ses-ecephys-830795-2026-02-23-15-03-59_ecephys.nwb/ProbeF/trial_1/phase_1/lib_ab4a70858e/lib_ab4a70858e__delay_0.0__dur_0.23.h5
c925d536-f826-4c52-a2ab-eb1edea2be46,0.30000000000000004,0.23,ab4a70858e,0.08732190728187561,45.67164179104478,36.74528301886792,67.51591472682667,28.65,59,6,3,0.9424777960769379,5,8.0,9,0.1,/user/raabe14/u19361/workspace-allen/results/zebra/sub-830795_ses-ecephys-830795-2026-02-23-15-03-59_ecephys.nwb/ProbeF/trial_1/phase_1/lib_ab4a70858e/lib_ab4a70858e__delay_0.30000000000000004__dur_0.23.h5
ca18669e-448b-4e62-bf3f-25f1db079db1,0.05,0.03,ab4a70858e,0.0,-60.0,47.5,0.0,7.16,0,0,0,0.0,0,2.0,0,0.01,/user/raabe14/u19361/workspace-allen/results/zebra/sub-830795_ses-ecephys-830795-2026-02-23-15-03-59_ecephys.nwb/ProbeF/trial_1/phase_1/lib_ab4a70858e/lib_ab4a70858e__delay_0.05__dur_0.03.h5
ca2e8d79-ba60-4d4f-beab-23271c582c78,0.30000000000000004,0.23,ab4a70858e,0.08062374591827393,51.04477611940298,-4.481132075471699,180.0,7.16,62,29,8,2.5132741228718345,0,2.0,9,0.1,/user/raabe14/u19361/workspace-allen/results/zebra/sub-830795_ses-ecephys-830795-2026-02-23-15-03-59_ecephys.nwb/ProbeF/trial_1/phase_1/lib_ab4a70858e/lib_ab4a70858e__delay_0.30000000000000004__dur_0.23.h5
ca59ef49-ed5a-49c3-98ce-5ec0737f15da,0.05,0.03,ab4a70858e,0.0,-60.0,47.5,0.0,7.16,0,0,0,0.0,0,2.0,0,0.01,/user/raabe14/u19361/workspace-allen/results/zebra/sub-830795_ses-ecephys-830795-2026-02-23-15-03-59_ecephys.nwb/ProbeF/trial_1/phase_1/lib_ab4a70858e/lib_ab4a70858e__delay_0.05__dur_0.03.h5
ca84bec9-b370-4437-8c8f-a6e1c8280404,0.05,0.23,ab4a70858e,0.0835852175951004,-4.477611940298509,17.02830188679245,180.0,10.74,31,17,8,2.5132741228718345,1,3.0,12,1.3,/user/raabe14/u19361/workspace-allen/results/zebra/sub-830795_ses-ecephys-830795-2026-02-23-15-03-59_ecephys.nwb/ProbeF/trial_1/phase_1/lib_ab4a70858e/lib_ab4a70858e__delay_0.05__dur_0.23.h5
cb746729-7611-48d5-abff-527fb921f12e,0.30000000000000004,0.23,ab4a70858e,0.07173928618431091,0.8955223880597032,-13.443396226415096,67.51591472682667,7.16,34,34,3,0.9424777960769379,0,2.0,12,1.3,/user/raabe14/u19361/workspace-allen/results/zebra/sub-830795_ses-ecephys-830795-2026-02-23-15-03-59_ecephys.nwb/ProbeF/trial_1/phase_1/lib_ab4a70858e/lib_ab4a70858e__delay_0.30000000000000004__dur_0.23.h5
cb77daf6-8375-4dbd-ab81-9ccf8c838481,0.15000000000000002,0.23,ab4a70858e,0.07566346228122711,0.8955223880597032,4.481132075471699,0.0,17.91,34,24,0,0.0,3,5.0,9,0.1,/user/raabe14/u19361/workspace-allen/results/zebra/sub-830795_ses-ecephys-830795-2026-02-23-15-03-59_ecephys.nwb/ProbeF/trial_1/phase_1/lib_ab4a70858e/lib_ab4a70858e__delay_0.15000000000000002__dur_0.23.h5
cc5b173c-2513-4493-b49c-13631af0916d,0.30000000000000004,0.23,ab4a70858e,0.08241020888090134,47.462686567164184,-0.8962264150943398,0.0,14.32,60,27,0,0.0,2,4.0,11,1.2,/user/raabe14/u19361/workspace-allen/results/zebra/sub-830795_ses-ecephys-830795-2026-02-23-15-03-59_ecephys.nwb/ProbeF/trial_1/phase_1/lib_ab4a70858e/lib_ab4a70858e__delay_0.30000000000000004__dur_0.23.h5
cd076e49-0060-4fda-ae99-d8d680a29bd8,0.25,0.23,ab4a70858e,0.08358236402273178,-42.089552238805965,4.481132075471699,157.4840764271708,17.91,10,24,7,2.199114857512855,3,5.0,12,1.3,/user/raabe14/u19361/workspace-allen/results/zebra/sub-830795_ses-ecephys-830795-2026-02-23-15-03-59_ecephys.nwb/ProbeF/trial_1/phase_1/lib_ab4a70858e/lib_ab4a70858e__delay_0.25__dur_0.23.h5
cd1790a1-e1a3-4b9f-9efe-9609cfe8eba1,0.05,0.03,ab4a70858e,0.0,-60.0,47.5,0.0,7.16,0,0,0,0.0,0,2.0,0,0.01,/user/raabe14/u19361/workspace-allen/results/zebra/sub-830795_ses-ecephys-830795-2026-02-23-15-03-59_ecephys.nwb/ProbeF/trial_1/phase_1/lib_ab4a70858e/lib_ab4a70858e__delay_0.05__dur_0.03.h5
cd240d3b-46ca-4cc8-8dc1-2fa3ae2ef0b6,0.25,0.23,ab4a70858e,0.12166213244199753,-9.850746268656714,33.160377358490564,112.48408527317332,28.65,28,8,5,1.5707963267948966,5,8.0,11,1.2,/user/raabe14/u19361/workspace-allen/results/zebra/sub-830795_ses-ecephys-830795-2026-02-23-15-03-59_ecephys.nwb/ProbeF/trial_1/phase_1/lib_ab4a70858e/lib_ab4a70858e__delay_0.25__dur_0.23.h5
cd9399c8-bb87-4d74-a4f1-fafdf1198206,0.0,0.08,ab4a70858e,0.08670974522829056,15.223880597014926,13.443396226415096,134.9774869247291,10.74,42,19,6,1.8849555921538759,1,3.0,1,0.02,/user/raabe14/u19361/workspace-allen/results/zebra/sub-830795_ses-ecephys-830795-2026-02-23-15-03-59_ecephys.nwb/ProbeF/trial_1/phase_1/lib_ab4a70858e/lib_ab4a70858e__delay_0.0__dur_0.08.h5
cddee8ae-1b22-480e-880a-32142f9084d8,0.30000000000000004,0.18000000000000002,ab4a70858e,0.09251796454191208,-29.55223880597015,17.02830188679245,67.51591472682667,14.32,17,17,3,0.9424777960769379,2,4.0,12,1.3,/user/raabe14/u19361/workspace-allen/results/zebra/sub-830795_ses-ecephys-830795-2026-02-23-15-03-59_ecephys.nwb/ProbeF/trial_1/phase_1/lib_ab4a70858e/lib_ab4a70858e__delay_0.30000000000000004__dur_0.18000000000000002.h5
ce055815-04f3-44bf-b562-ff886bdb81a4,0.05,0.03,ab4a70858e,0.0,-60.0,47.5,0.0,7.16,0,0,0,0.0,0,2.0,0,0.01,/user/raabe14/u19361/workspace-allen/results/zebra/sub-830795_ses-ecephys-830795-2026-02-23-15-03-59_ecephys.nwb/ProbeF/trial_1/phase_1/lib_ab4a70858e/lib_ab4a70858e__delay_0.05__dur_0.03.h5
ceacbc4f-843d-4c5b-99cd-38173cb76d57,0.2,0.23,ab4a70858e,0.12360202521085739,-24.179104477611936,-0.8962264150943398,67.51591472682667,17.91,20,27,3,0.9424777960769379,3,5.0,1,0.02,/user/raabe14/u19361/workspace-allen/results/zebra/sub-830795_ses-ecephys-830795-2026-02-23-15-03-59_ecephys.nwb/ProbeF/trial_1/phase_1/lib_ab4a70858e/lib_ab4a70858e__delay_0.2__dur_0.23.h5
ceb5200b-197e-4228-bc14-93f1362014b5,0.2,0.23,ab4a70858e,0.09266749769449234,34.92537313432837,-22.40566037735849,0.0,21.49,53,39,0,0.0,4,6.0,11,1.2,/user/raabe14/u19361/workspace-allen/results/zebra/sub-830795_ses-ecephys-830795-2026-02-23-15-03-59_ecephys.nwb/ProbeF/trial_1/phase_1/lib_ab4a70858e/lib_ab4a70858e__delay_0.2__dur_0.23.h5
cfb6188e-2e29-4e0c-a44d-a08cbdbce3aa,0.15000000000000002,0.23,ab4a70858e,0.07838362455368042,-15.223880597014926,13.443396226415096,112.48408527317332,21.49,25,19,5,1.5707963267948966,4,6.0,11,1.2,/user/raabe14/u19361/workspace-allen/results/zebra/sub-830795_ses-ecephys-830795-2026-02-23-15-03-59_ecephys.nwb/ProbeF/trial_1/phase_1/lib_ab4a70858e/lib_ab4a70858e__delay_0.15000000000000002__dur_0.23.h5
cfe907c8-32e3-4b88-8a17-45789c6eca3a,0.30000000000000004,0.18000000000000002,ab4a70858e,0.08000928163528442,-38.507462686567166,-25.99056603773585,180.0,17.91,12,41,8,2.5132741228718345,3,5.0,5,0.06,/user/raabe14/u19361/workspace-allen/results/zebra/sub-830795_ses-ecephys-830795-2026-02-23-15-03-59_ecephys.nwb/ProbeF/trial_1/phase_1/lib_ab4a70858e/lib_ab4a70858e__delay_0.30000000000000004__dur_0.18000000000000002.h5
cff44249-e2e0-498d-9804-9cbb95345bb2,0.1,0.23,ab4a70858e,0.084373839199543,-42.089552238805965,34.95283018867924,67.51591472682667,7.16,10,7,3,0.9424777960769379,0,2.0,9,0.1,/user/raabe14/u19361/workspace-allen/results/zebra/sub-830795_ses-ecephys-830795-2026-02-23-15-03-59_ecephys.nwb/ProbeF/trial_1/phase_1/lib_ab4a70858e/lib_ab4a70858e__delay_0.1__dur_0.23.h5
d0a07e2b-0b71-4e7e-87e1-044ed7ec6f7e,0.15000000000000002,0.23,ab4a70858e,0.0802660882472992,-4.477611940298509,25.990566037735846,0.0,7.16,31,12,0,0.0,0,2.0,11,1.2,/user/raabe14/u19361/workspace-allen/results/zebra/sub-830795_ses-ecephys-830795-2026-02-23-15-03-59_ecephys.nwb/ProbeF/trial_1/phase_1/lib_ab4a70858e/lib_ab4a70858e__delay_0.15000000000000002__dur_0.23.h5
d0c096d9-adcf-48c1-9ac8-4a1ed9e25a74,0.2,0.18000000000000002,ab4a70858e,0.08112011104822159,-45.67164179104478,8.066037735849058,134.9774869247291,21.49,8,22,6,1.8849555921538759,4,6.0,8,0.09,/user/raabe14/u19361/workspace-allen/results/zebra/sub-830795_ses-ecephys-830795-2026-02-23-15-03-59_ecephys.nwb/ProbeF/trial_1/phase_1/lib_ab4a70858e/lib_ab4a70858e__delay_0.2__dur_0.18000000000000002.h5
d10c4301-7e92-4dfa-9b90-3c4921498d2f,0.05,0.08,ab4a70858e,0.0709443911910057,-31.34328358208955,38.5377358490566,67.51591472682667,28.65,16,5,3,0.9424777960769379,5,8.0,8,0.09,/user/raabe14/u19361/workspace-allen/results/zebra/sub-830795_ses-ecephys-830795-2026-02-23-15-03-59_ecephys.nwb/ProbeF/trial_1/phase_1/lib_ab4a70858e/lib_ab4a70858e__delay_0.05__dur_0.08.h5
d1ed51fe-8680-4dbd-b67e-378249111c74,0.05,0.03,ab4a70858e,0.0,-60.0,47.5,0.0,7.16,0,0,0,0.0,0,2.0,0,0.01,/user/raabe14/u19361/workspace-allen/results/zebra/sub-830795_ses-ecephys-830795-2026-02-23-15-03-59_ecephys.nwb/ProbeF/trial_1/phase_1/lib_ab4a70858e/lib_ab4a70858e__delay_0.05__dur_0.03.h5
d20f863a-76e7-4706-8bc4-7f3e48bcaf26,0.30000000000000004,0.23,ab4a70858e,0.1553649753332138,-8.059701492537314,36.74528301886792,0.0,14.32,29,6,0,0.0,2,4.0,11,1.2,/user/raabe14/u19361/workspace-allen/results/zebra/sub-830795_ses-ecephys-830795-2026-02-23-15-03-59_ecephys.nwb/ProbeF/trial_1/phase_1/lib_ab4a70858e/lib_ab4a70858e__delay_0.30000000000000004__dur_0.23.h5
d3627f45-8f1e-40af-b3fa-3010bef32cef,0.05,0.03,ab4a70858e,0.0,-60.0,47.5,0.0,7.16,0,0,0,0.0,0,2.0,0,0.01,/user/raabe14/u19361/workspace-allen/results/zebra/sub-830795_ses-ecephys-830795-2026-02-23-15-03-59_ecephys.nwb/ProbeF/trial_1/phase_1/lib_ab4a70858e/lib_ab4a70858e__delay_0.05__dur_0.03.h5
d3833dae-8b78-46ce-aaad-fc7c0f6117bb,0.15000000000000002,0.23,ab4a70858e,0.09579573571681976,-22.388059701492537,29.575471698113205,0.0,28.65,21,10,0,0.0,5,8.0,9,0.1,/user/raabe14/u19361/workspace-allen/results/zebra/sub-830795_ses-ecephys-830795-2026-02-23-15-03-59_ecephys.nwb/ProbeF/trial_1/phase_1/lib_ab4a70858e/lib_ab4a70858e__delay_0.15000000000000002__dur_0.23.h5
d3998e95-d80c-42be-9b71-fcc1654f27f8,0.0,0.23,ab4a70858e,0.0898723378777504,-20.59701492537313,9.858490566037737,134.9774869247291,21.49,22,21,6,1.8849555921538759,4,6.0,8,0.09,/user/raabe14/u19361/workspace-allen/results/zebra/sub-830795_ses-ecephys-830795-2026-02-23-15-03-59_ecephys.nwb/ProbeF/trial_1/phase_1/lib_ab4a70858e/lib_ab4a70858e__delay_0.0__dur_0.23.h5
d3d96622-8857-4402-9ad6-896ffeb4e5a7,0.05,0.03,ab4a70858e,0.0,-60.0,47.5,0.0,7.16,0,0,0,0.0,0,2.0,0,0.01,/user/raabe14/u19361/workspace-allen/results/zebra/sub-830795_ses-ecephys-830795-2026-02-23-15-03-59_ecephys.nwb/ProbeF/trial_1/phase_1/lib_ab4a70858e/lib_ab4a70858e__delay_0.05__dur_0.03.h5
d4e57a52-627e-42e4-80f7-85d2af9679d6,0.05,0.03,ab4a70858e,0.0,-60.0,47.5,0.0,7.16,0,0,0,0.0,0,2.0,0,0.01,/user/raabe14/u19361/workspace-allen/results/zebra/sub-830795_ses-ecephys-830795-2026-02-23-15-03-59_ecephys.nwb/ProbeF/trial_1/phase_1/lib_ab4a70858e/lib_ab4a70858e__delay_0.05__dur_0.03.h5
d520b691-b7b5-497d-aea6-755916f4a734,0.1,0.23,ab4a70858e,0.09425640851259232,51.04477611940298,-24.19811320754717,180.0,28.65,62,40,8,2.5132741228718345,5,8.0,9,0.1,/user/raabe14/u19361/workspace-allen/results/zebra/sub-830795_ses-ecephys-830795-2026-02-23-15-03-59_ecephys.nwb/ProbeF/trial_1/phase_1/lib_ab4a70858e/lib_ab4a70858e__delay_0.1__dur_0.23.h5
d5369c35-0d13-4ab0-a213-d5cf94b5c2ea,0.0,0.23,ab4a70858e,0.08086178451776505,58.20895522388061,47.5,134.9774869247291,28.65,66,0,6,1.8849555921538759,5,8.0,8,0.09,/user/raabe14/u19361/workspace-allen/results/zebra/sub-830795_ses-ecephys-830795-2026-02-23-15-03-59_ecephys.nwb/ProbeF/trial_1/phase_1/lib_ab4a70858e/lib_ab4a70858e__delay_0.0__dur_0.23.h5
d5a9696f-d17b-42d9-a58a-884dfc8f48f1,0.30000000000000004,0.23,ab4a70858e,0.07492848485708237,6.268656716417908,29.575471698113205,67.51591472682667,7.16,37,10,3,0.9424777960769379,0,2.0,12,1.3,/user/raabe14/u19361/workspace-allen/results/zebra/sub-830795_ses-ecephys-830795-2026-02-23-15-03-59_ecephys.nwb/ProbeF/trial_1/phase_1/lib_ab4a70858e/lib_ab4a70858e__delay_0.30000000000000004__dur_0.23.h5
d6370d9f-317e-44b6-af8a-117104ded60a,0.25,0.23,ab4a70858e,0.13088485598564148,-18.80597014925373,25.990566037735846,45.02251307527088,10.74,23,12,2,0.6283185307179586,1,3.0,12,1.3,/user/raabe14/u19361/workspace-allen/results/zebra/sub-830795_ses-ecephys-830795-2026-02-23-15-03-59_ecephys.nwb/ProbeF/trial_1/phase_1/lib_ab4a70858e/lib_ab4a70858e__delay_0.25__dur_0.23.h5
d6f6d509-5c6a-4186-982d-0219308536a9,0.15000000000000002,0.23,ab4a70858e,0.09129718691110611,4.477611940298516,15.235849056603776,45.02251307527088,21.49,36,18,2,0.6283185307179586,4,6.0,6,0.07,/user/raabe14/u19361/workspace-allen/results/zebra/sub-830795_ses-ecephys-830795-2026-02-23-15-03-59_ecephys.nwb/ProbeF/trial_1/phase_1/lib_ab4a70858e/lib_ab4a70858e__delay_0.15000000000000002__dur_0.23.h5
d7134993-540c-4c25-a646-d4c5b1fb062b,0.0,0.18000000000000002,ab4a70858e,0.09003020077943802,-42.089552238805965,-9.858490566037737,157.4840764271708,10.74,10,32,7,2.199114857512855,1,3.0,10,1.1,/user/raabe14/u19361/workspace-allen/results/zebra/sub-830795_ses-ecephys-830795-2026-02-23-15-03-59_ecephys.nwb/ProbeF/trial_1/phase_1/lib_ab4a70858e/lib_ab4a70858e__delay_0.0__dur_0.18000000000000002.h5
d7533ec8-3c2d-4cfc-ac67-f57bd5677156,0.05,0.23,ab4a70858e,0.07373231649398804,8.059701492537314,6.273584905660378,134.9774869247291,28.65,38,23,6,1.8849555921538759,5,8.0,9,0.1,/user/raabe14/u19361/workspace-allen/results/zebra/sub-830795_ses-ecephys-830795-2026-02-23-15-03-59_ecephys.nwb/ProbeF/trial_1/phase_1/lib_ab4a70858e/lib_ab4a70858e__delay_0.05__dur_0.23.h5
d7bd4d1f-0958-4ecb-970f-4f6ddd89760a,0.25,0.23,ab4a70858e,0.07464003562927246,9.85074626865672,25.990566037735846,90.0,10.74,39,12,4,1.2566370614359172,1,3.0,9,0.1,/user/raabe14/u19361/workspace-allen/results/zebra/sub-830795_ses-ecephys-830795-2026-02-23-15-03-59_ecephys.nwb/ProbeF/trial_1/phase_1/lib_ab4a70858e/lib_ab4a70858e__delay_0.25__dur_0.23.h5
d7e7570e-ab1e-431d-99ea-754c968e924d,0.0,0.23,ab4a70858e,0.07707448303699493,2.6865671641791096,-9.858490566037737,0.0,14.32,35,32,0,0.0,2,4.0,11,1.2,/user/raabe14/u19361/workspace-allen/results/zebra/sub-830795_ses-ecephys-830795-2026-02-23-15-03-59_ecephys.nwb/ProbeF/trial_1/phase_1/lib_ab4a70858e/lib_ab4a70858e__delay_0.0__dur_0.23.h5
d863b32b-9089-4474-bccf-15d8aa2428d0,0.0,0.18000000000000002,ab4a70858e,0.07251729816198349,-60.0,-2.6886792452830193,22.515923572829195,14.32,0,28,1,0.3141592653589793,2,4.0,0,0.01,/user/raabe14/u19361/workspace-allen/results/zebra/sub-830795_ses-ecephys-830795-2026-02-23-15-03-59_ecephys.nwb/ProbeF/trial_1/phase_1/lib_ab4a70858e/lib_ab4a70858e__delay_0.0__dur_0.18000000000000002.h5
d8e7de38-e87a-4615-bf68-cacaedaa4ba5,0.25,0.18000000000000002,ab4a70858e,0.09540268033742905,-2.6865671641791025,-4.481132075471699,67.51591472682667,7.16,32,29,3,0.9424777960769379,0,2.0,0,0.01,/user/raabe14/u19361/workspace-allen/results/zebra/sub-830795_ses-ecephys-830795-2026-02-23-15-03-59_ecephys.nwb/ProbeF/trial_1/phase_1/lib_ab4a70858e/lib_ab4a70858e__delay_0.25__dur_0.18000000000000002.h5
d93fd3af-9ac0-4f79-a71c-34cf4283750d,0.0,0.13,ab4a70858e,0.0862492248415947,-54.62686567164179,24.198113207547166,112.48408527317332,28.65,3,13,5,1.5707963267948966,5,8.0,8,0.09,/user/raabe14/u19361/workspace-allen/results/zebra/sub-830795_ses-ecephys-830795-2026-02-23-15-03-59_ecephys.nwb/ProbeF/trial_1/phase_1/lib_ab4a70858e/lib_ab4a70858e__delay_0.0__dur_0.13.h5
da96d12b-48fe-4016-a237-9f0547894c97,0.0,0.23,ab4a70858e,0.08133809268474579,-25.970149253731343,-4.481132075471699,45.02251307527088,17.91,19,29,2,0.6283185307179586,3,5.0,6,0.07,/user/raabe14/u19361/workspace-allen/results/zebra/sub-830795_ses-ecephys-830795-2026-02-23-15-03-59_ecephys.nwb/ProbeF/trial_1/phase_1/lib_ab4a70858e/lib_ab4a70858e__delay_0.0__dur_0.23.h5
daa1deb3-f050-42d9-9c6b-7547562ad661,0.2,0.23,ab4a70858e,0.0790015384554863,25.97014925373135,-34.95283018867924,67.51591472682667,14.32,48,46,3,0.9424777960769379,2,4.0,9,0.1,/user/raabe14/u19361/workspace-allen/results/zebra/sub-830795_ses-ecephys-830795-2026-02-23-15-03-59_ecephys.nwb/ProbeF/trial_1/phase_1/lib_ab4a70858e/lib_ab4a70858e__delay_0.2__dur_0.23.h5
dc7a16b1-df60-440e-82c9-0194b006aaa0,0.25,0.18000000000000002,ab4a70858e,0.06886117160320282,54.626865671641795,-4.481132075471699,134.9774869247291,7.16,64,29,6,1.8849555921538759,0,2.0,9,0.1,/user/raabe14/u19361/workspace-allen/results/zebra/sub-830795_ses-ecephys-830795-2026-02-23-15-03-59_ecephys.nwb/ProbeF/trial_1/phase_1/lib_ab4a70858e/lib_ab4a70858e__delay_0.25__dur_0.18000000000000002.h5
dc804797-622a-4fdd-aab1-9d713eaed1b8,0.0,0.18000000000000002,ab4a70858e,0.08803054690361023,11.641791044776127,4.481132075471699,67.51591472682667,17.91,40,24,3,0.9424777960769379,3,5.0,12,1.3,/user/raabe14/u19361/workspace-allen/results/zebra/sub-830795_ses-ecephys-830795-2026-02-23-15-03-59_ecephys.nwb/ProbeF/trial_1/phase_1/lib_ab4a70858e/lib_ab4a70858e__delay_0.0__dur_0.18000000000000002.h5
dcaecf6e-c510-4a2f-817b-9e53c928e493,0.05,0.03,ab4a70858e,0.0,-60.0,47.5,0.0,7.16,0,0,0,0.0,0,2.0,0,0.01,/user/raabe14/u19361/workspace-allen/results/zebra/sub-830795_ses-ecephys-830795-2026-02-23-15-03-59_ecephys.nwb/ProbeF/trial_1/phase_1/lib_ab4a70858e/lib_ab4a70858e__delay_0.05__dur_0.03.h5
dcc6c071-5360-42d8-a5e9-ac779e8f5db2,0.0,0.23,ab4a70858e,0.09043064713478088,-17.014925373134325,20.613207547169807,0.0,7.16,24,15,0,0.0,0,2.0,0,0.01,/user/raabe14/u19361/workspace-allen/results/zebra/sub-830795_ses-ecephys-830795-2026-02-23-15-03-59_ecephys.nwb/ProbeF/trial_1/phase_1/lib_ab4a70858e/lib_ab4a70858e__delay_0.0__dur_0.23.h5
dd6098e8-5504-4c5f-a258-289a6d80eb9f,0.05,0.18000000000000002,ab4a70858e,0.08708856254816055,-11.64179104477612,0.8962264150943398,112.48408527317332,7.16,27,26,5,1.5707963267948966,0,2.0,11,1.2,/user/raabe14/u19361/workspace-allen/results/zebra/sub-830795_ses-ecephys-830795-2026-02-23-15-03-59_ecephys.nwb/ProbeF/trial_1/phase_1/lib_ab4a70858e/lib_ab4a70858e__delay_0.05__dur_0.18000000000000002.h5
dd79116c-c1f5-490d-a9a0-bd06e1a839c4,0.05,0.03,ab4a70858e,0.0,-60.0,47.5,0.0,7.16,0,0,0,0.0,0,2.0,0,0.01,/user/raabe14/u19361/workspace-allen/results/zebra/sub-830795_ses-ecephys-830795-2026-02-23-15-03-59_ecephys.nwb/ProbeF/trial_1/phase_1/lib_ab4a70858e/lib_ab4a70858e__delay_0.05__dur_0.03.h5
de28e700-17b2-4023-8e60-29f5b45c16cc,0.2,0.18000000000000002,ab4a70858e,0.07845243066549301,-0.8955223880596961,-13.443396226415096,180.0,17.91,33,34,8,2.5132741228718345,3,5.0,0,0.01,/user/raabe14/u19361/workspace-allen/results/zebra/sub-830795_ses-ecephys-830795-2026-02-23-15-03-59_ecephys.nwb/ProbeF/trial_1/phase_1/lib_ab4a70858e/lib_ab4a70858e__delay_0.2__dur_0.18000000000000002.h5
de3353e5-949f-4197-9586-1f850318d9f6,0.05,0.03,ab4a70858e,0.0,-60.0,47.5,0.0,7.16,0,0,0,0.0,0,2.0,0,0.01,/user/raabe14/u19361/workspace-allen/results/zebra/sub-830795_ses-ecephys-830795-2026-02-23-15-03-59_ecephys.nwb/ProbeF/trial_1/phase_1/lib_ab4a70858e/lib_ab4a70858e__delay_0.05__dur_0.03.h5
de5c5783-50cb-4a19-b4a0-c20588860e39,0.25,0.23,ab4a70858e,0.0941663607954979,-17.014925373134325,-22.40566037735849,45.02251307527088,7.16,24,39,2,0.6283185307179586,0,2.0,12,1.3,/user/raabe14/u19361/workspace-allen/results/zebra/sub-830795_ses-ecephys-830795-2026-02-23-15-03-59_ecephys.nwb/ProbeF/trial_1/phase_1/lib_ab4a70858e/lib_ab4a70858e__delay_0.25__dur_0.23.h5
de72ca0d-fbcb-4dc7-837c-fb8a6b4a1740,0.25,0.18000000000000002,ab4a70858e,0.07857098430395126,-25.970149253731343,47.5,67.51591472682667,10.74,19,0,3,0.9424777960769379,1,3.0,2,0.03,/user/raabe14/u19361/workspace-allen/results/zebra/sub-830795_ses-ecephys-830795-2026-02-23-15-03-59_ecephys.nwb/ProbeF/trial_1/phase_1/lib_ab4a70858e/lib_ab4a70858e__delay_0.25__dur_0.18000000000000002.h5
dfb227f5-2c5e-4135-9ae8-7209bb936c93,0.30000000000000004,0.08,ab4a70858e,0.07017115503549576,-43.88059701492537,36.74528301886792,157.4840764271708,7.16,9,6,7,2.199114857512855,0,2.0,12,1.3,/user/raabe14/u19361/workspace-allen/results/zebra/sub-830795_ses-ecephys-830795-2026-02-23-15-03-59_ecephys.nwb/ProbeF/trial_1/phase_1/lib_ab4a70858e/lib_ab4a70858e__delay_0.30000000000000004__dur_0.08.h5
e02a5fdd-bc45-4faa-a71d-4c503336c95c,0.30000000000000004,0.23,ab4a70858e,0.07219258695840836,52.83582089552239,-4.481132075471699,0.0,14.32,63,29,0,0.0,2,4.0,9,0.1,/user/raabe14/u19361/workspace-allen/results/zebra/sub-830795_ses-ecephys-830795-2026-02-23-15-03-59_ecephys.nwb/ProbeF/trial_1/phase_1/lib_ab4a70858e/lib_ab4a70858e__delay_0.30000000000000004__dur_0.23.h5
e0b16cea-c149-4a1f-af15-c053d964cf4a,0.0,0.13,ab4a70858e,0.07085516303777695,-0.8955223880596961,25.990566037735846,0.0,7.16,33,12,0,0.0,0,2.0,11,1.2,/user/raabe14/u19361/workspace-allen/results/zebra/sub-830795_ses-ecephys-830795-2026-02-23-15-03-59_ecephys.nwb/ProbeF/trial_1/phase_1/lib_ab4a70858e/lib_ab4a70858e__delay_0.0__dur_0.13.h5
e0c53cf8-85a2-4b67-b78c-6b6335188c77,0.15000000000000002,0.23,ab4a70858e,0.07942962646484375,-0.8955223880596961,29.575471698113205,180.0,10.74,33,10,8,2.5132741228718345,1,3.0,12,1.3,/user/raabe14/u19361/workspace-allen/results/zebra/sub-830795_ses-ecephys-830795-2026-02-23-15-03-59_ecephys.nwb/ProbeF/trial_1/phase_1/lib_ab4a70858e/lib_ab4a70858e__delay_0.15000000000000002__dur_0.23.h5
e0d118d6-88b0-4c53-86a0-c27626b99395,0.30000000000000004,0.23,ab4a70858e,0.08781319856643677,-38.507462686567166,13.443396226415096,180.0,10.74,12,19,8,2.5132741228718345,1,3.0,9,0.1,/user/raabe14/u19361/workspace-allen/results/zebra/sub-830795_ses-ecephys-830795-2026-02-23-15-03-59_ecephys.nwb/ProbeF/trial_1/phase_1/lib_ab4a70858e/lib_ab4a70858e__delay_0.30000000000000004__dur_0.23.h5
e2aa0ab8-387b-4aac-9c68-6e75ad82bc1e,0.30000000000000004,0.23,ab4a70858e,0.07368402183055878,17.014925373134332,-38.5377358490566,45.02251307527088,7.16,43,48,2,0.6283185307179586,0,2.0,12,1.3,/user/raabe14/u19361/workspace-allen/results/zebra/sub-830795_ses-ecephys-830795-2026-02-23-15-03-59_ecephys.nwb/ProbeF/trial_1/phase_1/lib_ab4a70858e/lib_ab4a70858e__delay_0.30000000000000004__dur_0.23.h5
e31fd617-b986-4aad-ab2e-1139ca8bcf3d,0.05,0.23,ab4a70858e,0.09904199838638306,52.83582089552239,6.273584905660378,45.02251307527088,10.74,63,23,2,0.6283185307179586,1,3.0,12,1.3,/user/raabe14/u19361/workspace-allen/results/zebra/sub-830795_ses-ecephys-830795-2026-02-23-15-03-59_ecephys.nwb/ProbeF/trial_1/phase_1/lib_ab4a70858e/lib_ab4a70858e__delay_0.05__dur_0.23.h5
e4bfbaed-a668-49ed-b1e0-dc9282ab1d0c,0.30000000000000004,0.13,ab4a70858e,0.08119349926710129,-20.59701492537313,18.820754716981128,134.9774869247291,14.32,22,16,6,1.8849555921538759,2,4.0,9,0.1,/user/raabe14/u19361/workspace-allen/results/zebra/sub-830795_ses-ecephys-830795-2026-02-23-15-03-59_ecephys.nwb/ProbeF/trial_1/phase_1/lib_ab4a70858e/lib_ab4a70858e__delay_0.30000000000000004__dur_0.13.h5
e544797f-ae64-4705-843f-c76ea6dd3677,0.05,0.03,ab4a70858e,0.0,-60.0,47.5,0.0,7.16,0,0,0,0.0,0,2.0,0,0.01,/user/raabe14/u19361/workspace-allen/results/zebra/sub-830795_ses-ecephys-830795-2026-02-23-15-03-59_ecephys.nwb/ProbeF/trial_1/phase_1/lib_ab4a70858e/lib_ab4a70858e__delay_0.05__dur_0.03.h5
e7100353-6018-4be1-9a43-474d8c0f906d,0.05,0.03,ab4a70858e,0.0,-60.0,47.5,0.0,7.16,0,0,0,0.0,0,2.0,0,0.01,/user/raabe14/u19361/workspace-allen/results/zebra/sub-830795_ses-ecephys-830795-2026-02-23-15-03-59_ecephys.nwb/ProbeF/trial_1/phase_1/lib_ab4a70858e/lib_ab4a70858e__delay_0.05__dur_0.03.h5
e7f8b420-7a90-48c7-9584-50125b5f77c9,0.15000000000000002,0.18000000000000002,ab4a70858e,0.07507137209177017,-20.59701492537313,9.858490566037737,67.51591472682667,28.65,22,21,3,0.9424777960769379,5,8.0,9,0.1,/user/raabe14/u19361/workspace-allen/results/zebra/sub-830795_ses-ecephys-830795-2026-02-23-15-03-59_ecephys.nwb/ProbeF/trial_1/phase_1/lib_ab4a70858e/lib_ab4a70858e__delay_0.15000000000000002__dur_0.18000000000000002.h5
e7f9c6cd-8d54-4f76-9ddb-a4e69d9c9214,0.25,0.18000000000000002,ab4a70858e,0.08423275500535965,25.97014925373135,29.575471698113205,157.4840764271708,7.16,48,10,7,2.199114857512855,0,2.0,12,1.3,/user/raabe14/u19361/workspace-allen/results/zebra/sub-830795_ses-ecephys-830795-2026-02-23-15-03-59_ecephys.nwb/ProbeF/trial_1/phase_1/lib_ab4a70858e/lib_ab4a70858e__delay_0.25__dur_0.18000000000000002.h5
e8609e88-043d-4e0c-9041-49315c72d97a,0.0,0.18000000000000002,ab4a70858e,0.07612578570842743,-31.34328358208955,2.6886792452830193,45.02251307527088,7.16,16,25,2,0.6283185307179586,0,2.0,12,1.3,/user/raabe14/u19361/workspace-allen/results/zebra/sub-830795_ses-ecephys-830795-2026-02-23-15-03-59_ecephys.nwb/ProbeF/trial_1/phase_1/lib_ab4a70858e/lib_ab4a70858e__delay_0.0__dur_0.18000000000000002.h5
e897178f-6a90-4681-8410-70416179216d,0.15000000000000002,0.18000000000000002,ab4a70858e,0.0744820237159729,-60.0,20.613207547169807,157.4840764271708,10.74,0,15,7,2.199114857512855,1,3.0,6,0.07,/user/raabe14/u19361/workspace-allen/results/zebra/sub-830795_ses-ecephys-830795-2026-02-23-15-03-59_ecephys.nwb/ProbeF/trial_1/phase_1/lib_ab4a70858e/lib_ab4a70858e__delay_0.15000000000000002__dur_0.18000000000000002.h5
e8e3f4c5-af54-4e74-be2d-e141ee5ace3d,0.2,0.23,ab4a70858e,0.07884801924228668,54.626865671641795,-8.066037735849058,0.0,14.32,64,31,0,0.0,2,4.0,11,1.2,/user/raabe14/u19361/workspace-allen/results/zebra/sub-830795_ses-ecephys-830795-2026-02-23-15-03-59_ecephys.nwb/ProbeF/trial_1/phase_1/lib_ab4a70858e/lib_ab4a70858e__delay_0.2__dur_0.23.h5
e90ec4d5-d911-4391-b7af-666a151ec34e,0.05,0.23,ab4a70858e,0.09061240404844284,-18.80597014925373,24.198113207547166,22.515923572829163,17.91,23,13,9,2.827433388230814,3,5.0,5,0.06,/user/raabe14/u19361/workspace-allen/results/zebra/sub-830795_ses-ecephys-830795-2026-02-23-15-03-59_ecephys.nwb/ProbeF/trial_1/phase_1/lib_ab4a70858e/lib_ab4a70858e__delay_0.05__dur_0.23.h5
e96e044a-8dea-47a6-9cea-e80e9171470d,0.1,0.18000000000000002,ab4a70858e,0.07756016403436661,-22.388059701492537,-2.6886792452830193,22.515923572829195,10.74,21,28,1,0.3141592653589793,1,3.0,2,0.03,/user/raabe14/u19361/workspace-allen/results/zebra/sub-830795_ses-ecephys-830795-2026-02-23-15-03-59_ecephys.nwb/ProbeF/trial_1/phase_1/lib_ab4a70858e/lib_ab4a70858e__delay_0.1__dur_0.18000000000000002.h5
e9c0496a-58c0-4e7e-85ae-75e6b75e704c,0.05,0.03,ab4a70858e,0.0,-60.0,47.5,0.0,7.16,0,0,0,0.0,0,2.0,0,0.01,/user/raabe14/u19361/workspace-allen/results/zebra/sub-830795_ses-ecephys-830795-2026-02-23-15-03-59_ecephys.nwb/ProbeF/trial_1/phase_1/lib_ab4a70858e/lib_ab4a70858e__delay_0.05__dur_0.03.h5
ea5ae2b6-f3a2-4f63-b7e9-0070ba346f63,0.0,0.13,ab4a70858e,0.07166943699121475,31.343283582089555,-0.8962264150943398,112.48408527317332,7.16,51,27,5,1.5707963267948966,0,2.0,0,0.01,/user/raabe14/u19361/workspace-allen/results/zebra/sub-830795_ses-ecephys-830795-2026-02-23-15-03-59_ecephys.nwb/ProbeF/trial_1/phase_1/lib_ab4a70858e/lib_ab4a70858e__delay_0.0__dur_0.13.h5
ec04f531-d98f-4d6f-801b-e370111a1832,0.15000000000000002,0.23,ab4a70858e,0.15103605389595032,15.223880597014926,-22.40566037735849,45.02251307527088,10.74,42,39,2,0.6283185307179586,1,3.0,12,1.3,/user/raabe14/u19361/workspace-allen/results/zebra/sub-830795_ses-ecephys-830795-2026-02-23-15-03-59_ecephys.nwb/ProbeF/trial_1/phase_1/lib_ab4a70858e/lib_ab4a70858e__delay_0.15000000000000002__dur_0.23.h5
ec1018bc-4b23-49f6-aa35-037284ebc1a8,0.05,0.23,ab4a70858e,0.10540584474802017,9.85074626865672,-29.57547169811321,22.515923572829163,14.32,39,43,9,2.827433388230814,2,4.0,12,1.3,/user/raabe14/u19361/workspace-allen/results/zebra/sub-830795_ses-ecephys-830795-2026-02-23-15-03-59_ecephys.nwb/ProbeF/trial_1/phase_1/lib_ab4a70858e/lib_ab4a70858e__delay_0.05__dur_0.23.h5
ec430385-b4fb-470a-adb4-51759da90c3f,0.30000000000000004,0.18000000000000002,ab4a70858e,0.10660554468631744,-4.477611940298509,27.783018867924525,112.48408527317332,28.65,31,11,5,1.5707963267948966,5,8.0,11,1.2,/user/raabe14/u19361/workspace-allen/results/zebra/sub-830795_ses-ecephys-830795-2026-02-23-15-03-59_ecephys.nwb/ProbeF/trial_1/phase_1/lib_ab4a70858e/lib_ab4a70858e__delay_0.30000000000000004__dur_0.18000000000000002.h5
ec7f9ac9-6800-4baf-a010-08c8a8575973,0.2,0.23,ab4a70858e,0.08961218595504761,-0.8955223880596961,-8.066037735849058,157.4840764271708,17.91,33,31,7,2.199114857512855,3,5.0,9,0.1,/user/raabe14/u19361/workspace-allen/results/zebra/sub-830795_ses-ecephys-830795-2026-02-23-15-03-59_ecephys.nwb/ProbeF/trial_1/phase_1/lib_ab4a70858e/lib_ab4a70858e__delay_0.2__dur_0.23.h5
ecc09364-d27e-4410-a624-5c93074f2df7,0.0,0.18000000000000002,ab4a70858e,0.0740671455860138,33.13432835820896,2.6886792452830193,180.0,14.32,52,25,8,2.5132741228718345,2,4.0,8,0.09,/user/raabe14/u19361/workspace-allen/results/zebra/sub-830795_ses-ecephys-830795-2026-02-23-15-03-59_ecephys.nwb/ProbeF/trial_1/phase_1/lib_ab4a70858e/lib_ab4a70858e__delay_0.0__dur_0.18000000000000002.h5
ed1b7c36-49d6-42d8-b1ed-5012d20f28c2,0.15000000000000002,0.23,ab4a70858e,0.09800224751234055,-20.59701492537313,-2.6886792452830193,67.51591472682667,17.91,22,28,3,0.9424777960769379,3,5.0,12,1.3,/user/raabe14/u19361/workspace-allen/results/zebra/sub-830795_ses-ecephys-830795-2026-02-23-15-03-59_ecephys.nwb/ProbeF/trial_1/phase_1/lib_ab4a70858e/lib_ab4a70858e__delay_0.15000000000000002__dur_0.23.h5
ed56218a-7c6f-410a-a754-c630c04d9591,0.30000000000000004,0.18000000000000002,ab4a70858e,0.08676180988550186,-18.80597014925373,45.70754716981132,67.51591472682667,28.65,23,1,3,0.9424777960769379,5,8.0,8,0.09,/user/raabe14/u19361/workspace-allen/results/zebra/sub-830795_ses-ecephys-830795-2026-02-23-15-03-59_ecephys.nwb/ProbeF/trial_1/phase_1/lib_ab4a70858e/lib_ab4a70858e__delay_0.30000000000000004__dur_0.18000000000000002.h5
edc25690-bc80-4a46-bd36-3f11053ec728,0.05,0.23,ab4a70858e,0.07130886614322662,9.85074626865672,27.783018867924525,134.9774869247291,28.65,39,11,6,1.8849555921538759,5,8.0,2,0.03,/user/raabe14/u19361/workspace-allen/results/zebra/sub-830795_ses-ecephys-830795-2026-02-23-15-03-59_ecephys.nwb/ProbeF/trial_1/phase_1/lib_ab4a70858e/lib_ab4a70858e__delay_0.05__dur_0.23.h5
ee45b16c-a2a4-4b69-baf3-d95950c3fbbd,0.05,0.03,ab4a70858e,0.0,-60.0,47.5,0.0,7.16,0,0,0,0.0,0,2.0,0,0.01,/user/raabe14/u19361/workspace-allen/results/zebra/sub-830795_ses-ecephys-830795-2026-02-23-15-03-59_ecephys.nwb/ProbeF/trial_1/phase_1/lib_ab4a70858e/lib_ab4a70858e__delay_0.05__dur_0.03.h5
ee5bf1f8-6cbc-4065-8e6f-3a25fc6c56ef,0.15000000000000002,0.23,ab4a70858e,0.08809305727481842,-18.80597014925373,-22.40566037735849,22.515923572829195,17.91,23,39,1,0.3141592653589793,3,5.0,9,0.1,/user/raabe14/u19361/workspace-allen/results/zebra/sub-830795_ses-ecephys-830795-2026-02-23-15-03-59_ecephys.nwb/ProbeF/trial_1/phase_1/lib_ab4a70858e/lib_ab4a70858e__delay_0.15000000000000002__dur_0.23.h5
ef8674a2-441c-46ce-98d5-d30ee76a907b,0.1,0.13,ab4a70858e,0.07397352159023285,49.25373134328359,11.650943396226417,90.0,10.74,61,20,4,1.2566370614359172,1,3.0,9,0.1,/user/raabe14/u19361/workspace-allen/results/zebra/sub-830795_ses-ecephys-830795-2026-02-23-15-03-59_ecephys.nwb/ProbeF/trial_1/phase_1/lib_ab4a70858e/lib_ab4a70858e__delay_0.1__dur_0.13.h5
efb6fa07-cf2c-4aab-9dff-b355586c85f8,0.15000000000000002,0.13,ab4a70858e,0.06970009207725525,-38.507462686567166,-11.650943396226417,180.0,28.65,12,33,8,2.5132741228718345,5,8.0,9,0.1,/user/raabe14/u19361/workspace-allen/results/zebra/sub-830795_ses-ecephys-830795-2026-02-23-15-03-59_ecephys.nwb/ProbeF/trial_1/phase_1/lib_ab4a70858e/lib_ab4a70858e__delay_0.15000000000000002__dur_0.13.h5
f007be16-22f8-4551-85e5-ddf26a10f455,0.1,0.23,ab4a70858e,0.07757995277643204,-20.59701492537313,17.02830188679245,157.4840764271708,17.91,22,17,7,2.199114857512855,3,5.0,9,0.1,/user/raabe14/u19361/workspace-allen/results/zebra/sub-830795_ses-ecephys-830795-2026-02-23-15-03-59_ecephys.nwb/ProbeF/trial_1/phase_1/lib_ab4a70858e/lib_ab4a70858e__delay_0.1__dur_0.23.h5
f015a2be-31da-4936-ba28-cd25cc7b8ca4,0.15000000000000002,0.23,ab4a70858e,0.08765237778425217,38.507462686567166,6.273584905660378,157.4840764271708,14.32,55,23,7,2.199114857512855,2,4.0,9,0.1,/user/raabe14/u19361/workspace-allen/results/zebra/sub-830795_ses-ecephys-830795-2026-02-23-15-03-59_ecephys.nwb/ProbeF/trial_1/phase_1/lib_ab4a70858e/lib_ab4a70858e__delay_0.15000000000000002__dur_0.23.h5
f02b65c3-bfef-4742-b9c2-fe6c0e62334f,0.2,0.18000000000000002,ab4a70858e,0.07404479384422302,0.8955223880597032,-25.99056603773585,112.48408527317332,17.91,34,41,5,1.5707963267948966,3,5.0,11,1.2,/user/raabe14/u19361/workspace-allen/results/zebra/sub-830795_ses-ecephys-830795-2026-02-23-15-03-59_ecephys.nwb/ProbeF/trial_1/phase_1/lib_ab4a70858e/lib_ab4a70858e__delay_0.2__dur_0.18000000000000002.h5
f10b1ed1-2343-4572-8d27-7807e7c20a53,0.25,0.18000000000000002,ab4a70858e,0.08482695370912552,0.8955223880597032,-36.74528301886792,45.02251307527088,28.65,34,47,2,0.6283185307179586,5,8.0,3,0.04,/user/raabe14/u19361/workspace-allen/results/zebra/sub-830795_ses-ecephys-830795-2026-02-23-15-03-59_ecephys.nwb/ProbeF/trial_1/phase_1/lib_ab4a70858e/lib_ab4a70858e__delay_0.25__dur_0.18000000000000002.h5
f2c3bd7e-b0c8-4192-ad15-7e31a10b6294,0.05,0.03,ab4a70858e,0.0,-60.0,47.5,0.0,7.16,0,0,0,0.0,0,2.0,0,0.01,/user/raabe14/u19361/workspace-allen/results/zebra/sub-830795_ses-ecephys-830795-2026-02-23-15-03-59_ecephys.nwb/ProbeF/trial_1/phase_1/lib_ab4a70858e/lib_ab4a70858e__delay_0.05__dur_0.03.h5
f2c54381-5519-4eff-b30a-50a3e50211d9,0.1,0.18000000000000002,ab4a70858e,0.0994609147310257,4.477611940298516,31.367924528301884,180.0,14.32,36,9,8,2.5132741228718345,2,4.0,12,1.3,/user/raabe14/u19361/workspace-allen/results/zebra/sub-830795_ses-ecephys-830795-2026-02-23-15-03-59_ecephys.nwb/ProbeF/trial_1/phase_1/lib_ab4a70858e/lib_ab4a70858e__delay_0.1__dur_0.18000000000000002.h5
f2c5d2b8-5865-4101-9384-a4b82d30b36f,0.05,0.03,ab4a70858e,0.0,-60.0,47.5,0.0,7.16,0,0,0,0.0,0,2.0,0,0.01,/user/raabe14/u19361/workspace-allen/results/zebra/sub-830795_ses-ecephys-830795-2026-02-23-15-03-59_ecephys.nwb/ProbeF/trial_1/phase_1/lib_ab4a70858e/lib_ab4a70858e__delay_0.05__dur_0.03.h5
f2efffb3-f4fd-48eb-8c82-2c1f536bc7ad,0.0,0.18000000000000002,ab4a70858e,0.11188814043998718,58.20895522388061,0.8962264150943398,67.51591472682667,17.91,66,26,3,0.9424777960769379,3,5.0,12,1.3,/user/raabe14/u19361/workspace-allen/results/zebra/sub-830795_ses-ecephys-830795-2026-02-23-15-03-59_ecephys.nwb/ProbeF/trial_1/phase_1/lib_ab4a70858e/lib_ab4a70858e__delay_0.0__dur_0.18000000000000002.h5
f30b64c5-2229-47b1-96f6-a35fec73ee00,0.1,0.23,ab4a70858e,0.07336632907390594,-40.298507462686565,-0.8962264150943398,22.515923572829195,7.16,11,27,1,0.3141592653589793,0,2.0,9,0.1,/user/raabe14/u19361/workspace-allen/results/zebra/sub-830795_ses-ecephys-830795-2026-02-23-15-03-59_ecephys.nwb/ProbeF/trial_1/phase_1/lib_ab4a70858e/lib_ab4a70858e__delay_0.1__dur_0.23.h5
f3543735-3927-4ddf-b611-a15951d33b40,0.05,0.03,ab4a70858e,0.0,-60.0,47.5,0.0,7.16,0,0,0,0.0,0,2.0,0,0.01,/user/raabe14/u19361/workspace-allen/results/zebra/sub-830795_ses-ecephys-830795-2026-02-23-15-03-59_ecephys.nwb/ProbeF/trial_1/phase_1/lib_ab4a70858e/lib_ab4a70858e__delay_0.05__dur_0.03.h5
f38f38f7-3462-46ca-879b-da182a6ce50f,0.15000000000000002,0.23,ab4a70858e,0.10300911217927933,47.462686567164184,0.8962264150943398,0.0,28.65,60,26,0,0.0,5,8.0,11,1.2,/user/raabe14/u19361/workspace-allen/results/zebra/sub-830795_ses-ecephys-830795-2026-02-23-15-03-59_ecephys.nwb/ProbeF/trial_1/phase_1/lib_ab4a70858e/lib_ab4a70858e__delay_0.15000000000000002__dur_0.23.h5
f4fc597e-8174-4a9b-a245-1f65da1a70a0,0.30000000000000004,0.23,ab4a70858e,0.07946565747261047,-6.268656716417908,9.858490566037737,0.0,28.65,30,21,0,0.0,5,8.0,3,0.04,/user/raabe14/u19361/workspace-allen/results/zebra/sub-830795_ses-ecephys-830795-2026-02-23-15-03-59_ecephys.nwb/ProbeF/trial_1/phase_1/lib_ab4a70858e/lib_ab4a70858e__delay_0.30000000000000004__dur_0.23.h5
f5819858-a8f1-44d3-a736-43e31a83118f,0.05,0.18000000000000002,ab4a70858e,0.0786057636141777,-6.268656716417908,25.990566037735846,180.0,21.49,30,12,8,2.5132741228718345,4,6.0,12,1.3,/user/raabe14/u19361/workspace-allen/results/zebra/sub-830795_ses-ecephys-830795-2026-02-23-15-03-59_ecephys.nwb/ProbeF/trial_1/phase_1/lib_ab4a70858e/lib_ab4a70858e__delay_0.05__dur_0.18000000000000002.h5
f5ccad68-18ac-4138-828f-6015a42c2158,0.30000000000000004,0.23,ab4a70858e,0.1190609559416771,-0.8955223880596961,25.990566037735846,112.48408527317332,17.91,33,12,5,1.5707963267948966,3,5.0,11,1.2,/user/raabe14/u19361/workspace-allen/results/zebra/sub-830795_ses-ecephys-830795-2026-02-23-15-03-59_ecephys.nwb/ProbeF/trial_1/phase_1/lib_ab4a70858e/lib_ab4a70858e__delay_0.30000000000000004__dur_0.23.h5
f618470f-34c5-4a99-a61b-db3bbe6eb781,0.0,0.18000000000000002,ab4a70858e,0.07611017674207687,-52.83582089552239,-13.443396226415096,0.0,10.74,4,34,0,0.0,1,3.0,11,1.2,/user/raabe14/u19361/workspace-allen/results/zebra/sub-830795_ses-ecephys-830795-2026-02-23-15-03-59_ecephys.nwb/ProbeF/trial_1/phase_1/lib_ab4a70858e/lib_ab4a70858e__delay_0.0__dur_0.18000000000000002.h5
f61b7196-abfe-4bb3-aa85-e6b07f0a1f3f,0.05,0.03,ab4a70858e,0.0,-60.0,47.5,0.0,7.16,0,0,0,0.0,0,2.0,0,0.01,/user/raabe14/u19361/workspace-allen/results/zebra/sub-830795_ses-ecephys-830795-2026-02-23-15-03-59_ecephys.nwb/ProbeF/trial_1/phase_1/lib_ab4a70858e/lib_ab4a70858e__delay_0.05__dur_0.03.h5
f64f2300-7555-408b-98e9-2c21ed5c99a4,0.25,0.23,ab4a70858e,0.08482448756694794,-4.477611940298509,-33.160377358490564,67.51591472682667,28.65,31,45,3,0.9424777960769379,5,8.0,8,0.09,/user/raabe14/u19361/workspace-allen/results/zebra/sub-830795_ses-ecephys-830795-2026-02-23-15-03-59_ecephys.nwb/ProbeF/trial_1/phase_1/lib_ab4a70858e/lib_ab4a70858e__delay_0.25__dur_0.23.h5
f6bfa2d2-9cad-4937-aed7-dd669eadc10b,0.0,0.18000000000000002,ab4a70858e,0.10366128385066986,-4.477611940298509,9.858490566037737,180.0,10.74,31,21,8,2.5132741228718345,1,3.0,12,1.3,/user/raabe14/u19361/workspace-allen/results/zebra/sub-830795_ses-ecephys-830795-2026-02-23-15-03-59_ecephys.nwb/ProbeF/trial_1/phase_1/lib_ab4a70858e/lib_ab4a70858e__delay_0.0__dur_0.18000000000000002.h5
f6e06b37-05b8-463e-82ad-5df13cfe5ef2,0.0,0.13,ab4a70858e,0.08545226603746414,-20.59701492537313,8.066037735849058,157.4840764271708,17.91,22,22,7,2.199114857512855,3,5.0,12,1.3,/user/raabe14/u19361/workspace-allen/results/zebra/sub-830795_ses-ecephys-830795-2026-02-23-15-03-59_ecephys.nwb/ProbeF/trial_1/phase_1/lib_ab4a70858e/lib_ab4a70858e__delay_0.0__dur_0.13.h5
f71c5cba-665c-49b5-bb0b-2243e143d108,0.05,0.23,ab4a70858e,0.06666861474514008,-18.80597014925373,11.650943396226417,0.0,28.65,23,20,0,0.0,5,8.0,9,0.1,/user/raabe14/u19361/workspace-allen/results/zebra/sub-830795_ses-ecephys-830795-2026-02-23-15-03-59_ecephys.nwb/ProbeF/trial_1/phase_1/lib_ab4a70858e/lib_ab4a70858e__delay_0.05__dur_0.23.h5
f7715a15-a1c1-419c-a9cc-42c8a544e58a,0.05,0.23,ab4a70858e,0.08306268602609634,9.85074626865672,-17.028301886792452,157.4840764271708,21.49,39,36,7,2.199114857512855,4,6.0,2,0.03,/user/raabe14/u19361/workspace-allen/results/zebra/sub-830795_ses-ecephys-830795-2026-02-23-15-03-59_ecephys.nwb/ProbeF/trial_1/phase_1/lib_ab4a70858e/lib_ab4a70858e__delay_0.05__dur_0.23.h5
f784fd27-e93c-4f0e-8300-0f272a9013ea,0.0,0.23,ab4a70858e,0.08518769592046738,-29.55223880597015,31.367924528301884,22.515923572829163,14.32,17,9,9,2.827433388230814,2,4.0,0,0.01,/user/raabe14/u19361/workspace-allen/results/zebra/sub-830795_ses-ecephys-830795-2026-02-23-15-03-59_ecephys.nwb/ProbeF/trial_1/phase_1/lib_ab4a70858e/lib_ab4a70858e__delay_0.0__dur_0.23.h5
f7e3d744-c57f-4702-8334-db5e246c1d13,0.15000000000000002,0.23,ab4a70858e,0.09960188716650009,47.462686567164184,-8.066037735849058,0.0,28.65,60,31,0,0.0,5,8.0,11,1.2,/user/raabe14/u19361/workspace-allen/results/zebra/sub-830795_ses-ecephys-830795-2026-02-23-15-03-59_ecephys.nwb/ProbeF/trial_1/phase_1/lib_ab4a70858e/lib_ab4a70858e__delay_0.15000000000000002__dur_0.23.h5
f807d862-39a9-42b7-aafd-4d3722f422e3,0.15000000000000002,0.13,ab4a70858e,0.07962112128734589,31.343283582089555,-4.481132075471699,0.0,28.65,51,29,0,0.0,5,8.0,11,1.2,/user/raabe14/u19361/workspace-allen/results/zebra/sub-830795_ses-ecephys-830795-2026-02-23-15-03-59_ecephys.nwb/ProbeF/trial_1/phase_1/lib_ab4a70858e/lib_ab4a70858e__delay_0.15000000000000002__dur_0.13.h5
f8532e9b-d116-4ec9-bcb6-15a801a4f499,0.05,0.03,ab4a70858e,0.0,-60.0,47.5,0.0,7.16,0,0,0,0.0,0,2.0,0,0.01,/user/raabe14/u19361/workspace-allen/results/zebra/sub-830795_ses-ecephys-830795-2026-02-23-15-03-59_ecephys.nwb/ProbeF/trial_1/phase_1/lib_ab4a70858e/lib_ab4a70858e__delay_0.05__dur_0.03.h5
f85d0630-e7f1-4b71-a4b3-776714143020,0.0,0.23,ab4a70858e,0.07981647551059723,-2.6865671641791025,-18.82075471698113,134.9774869247291,7.16,32,37,6,1.8849555921538759,0,2.0,9,0.1,/user/raabe14/u19361/workspace-allen/results/zebra/sub-830795_ses-ecephys-830795-2026-02-23-15-03-59_ecephys.nwb/ProbeF/trial_1/phase_1/lib_ab4a70858e/lib_ab4a70858e__delay_0.0__dur_0.23.h5
f8a02b85-d356-4c05-a902-66d2992d7d03,0.25,0.18000000000000002,ab4a70858e,0.07997752726078033,-20.59701492537313,8.066037735849058,22.515923572829163,28.65,22,22,9,2.827433388230814,5,8.0,7,0.08,/user/raabe14/u19361/workspace-allen/results/zebra/sub-830795_ses-ecephys-830795-2026-02-23-15-03-59_ecephys.nwb/ProbeF/trial_1/phase_1/lib_ab4a70858e/lib_ab4a70858e__delay_0.25__dur_0.18000000000000002.h5
f8dc40e5-372b-45c6-a9a2-a3fdf2cfbc02,0.0,0.13,ab4a70858e,0.07222772389650345,20.59701492537313,-25.99056603773585,45.02251307527088,7.16,45,41,2,0.6283185307179586,0,2.0,2,0.03,/user/raabe14/u19361/workspace-allen/results/zebra/sub-830795_ses-ecephys-830795-2026-02-23-15-03-59_ecephys.nwb/ProbeF/trial_1/phase_1/lib_ab4a70858e/lib_ab4a70858e__delay_0.0__dur_0.13.h5
f905e379-744e-4a53-9fbe-911814ee2087,0.0,0.18000000000000002,ab4a70858e,0.08866579830646515,-17.014925373134325,0.8962264150943398,157.4840764271708,14.32,24,26,7,2.199114857512855,2,4.0,9,0.1,/user/raabe14/u19361/workspace-allen/results/zebra/sub-830795_ses-ecephys-830795-2026-02-23-15-03-59_ecephys.nwb/ProbeF/trial_1/phase_1/lib_ab4a70858e/lib_ab4a70858e__delay_0.0__dur_0.18000000000000002.h5
f992917d-7666-4191-beb6-83070d477d3c,0.30000000000000004,0.23,ab4a70858e,0.0882296934723854,58.20895522388061,9.858490566037737,157.4840764271708,14.32,66,21,7,2.199114857512855,2,4.0,12,1.3,/user/raabe14/u19361/workspace-allen/results/zebra/sub-830795_ses-ecephys-830795-2026-02-23-15-03-59_ecephys.nwb/ProbeF/trial_1/phase_1/lib_ab4a70858e/lib_ab4a70858e__delay_0.30000000000000004__dur_0.23.h5
fa33a9c4-d13e-45f0-b5cb-dfe6568e0f47,0.30000000000000004,0.23,ab4a70858e,0.07763522118330002,-4.477611940298509,0.8962264150943398,22.515923572829195,7.16,31,26,1,0.3141592653589793,0,2.0,9,0.1,/user/raabe14/u19361/workspace-allen/results/zebra/sub-830795_ses-ecephys-830795-2026-02-23-15-03-59_ecephys.nwb/ProbeF/trial_1/phase_1/lib_ab4a70858e/lib_ab4a70858e__delay_0.30000000000000004__dur_0.23.h5
fae7926d-62df-4b55-8ffb-ca03ba0fea02,0.25,0.23,ab4a70858e,0.07708653062582016,-18.80597014925373,20.613207547169807,134.9774869247291,14.32,23,15,6,1.8849555921538759,2,4.0,2,0.03,/user/raabe14/u19361/workspace-allen/results/zebra/sub-830795_ses-ecephys-830795-2026-02-23-15-03-59_ecephys.nwb/ProbeF/trial_1/phase_1/lib_ab4a70858e/lib_ab4a70858e__delay_0.25__dur_0.23.h5
fb73a9c0-4f6d-49ca-aacc-a5b79392ba8b,0.25,0.13,ab4a70858e,0.07471317052841187,9.85074626865672,24.198113207547166,45.02251307527088,7.16,39,13,2,0.6283185307179586,0,2.0,6,0.07,/user/raabe14/u19361/workspace-allen/results/zebra/sub-830795_ses-ecephys-830795-2026-02-23-15-03-59_ecephys.nwb/ProbeF/trial_1/phase_1/lib_ab4a70858e/lib_ab4a70858e__delay_0.25__dur_0.13.h5
fc21db0e-d704-4c0c-935f-a84b606b2447,0.05,0.03,ab4a70858e,0.0,-60.0,47.5,0.0,7.16,0,0,0,0.0,0,2.0,0,0.01,/user/raabe14/u19361/workspace-allen/results/zebra/sub-830795_ses-ecephys-830795-2026-02-23-15-03-59_ecephys.nwb/ProbeF/trial_1/phase_1/lib_ab4a70858e/lib_ab4a70858e__delay_0.05__dur_0.03.h5
fc2f5bc0-ebeb-4fcd-acb9-43871606cce2,0.1,0.23,ab4a70858e,0.09538824111223221,31.343283582089555,31.367924528301884,0.0,21.49,51,9,0,0.0,4,6.0,11,1.2,/user/raabe14/u19361/workspace-allen/results/zebra/sub-830795_ses-ecephys-830795-2026-02-23-15-03-59_ecephys.nwb/ProbeF/trial_1/phase_1/lib_ab4a70858e/lib_ab4a70858e__delay_0.1__dur_0.23.h5
fc4afd27-8e10-491d-adc0-067dceb5dc6f,0.2,0.23,ab4a70858e,0.10127663612365723,-9.850746268656714,34.95283018867924,112.48408527317332,21.49,28,7,5,1.5707963267948966,4,6.0,11,1.2,/user/raabe14/u19361/workspace-allen/results/zebra/sub-830795_ses-ecephys-830795-2026-02-23-15-03-59_ecephys.nwb/ProbeF/trial_1/phase_1/lib_ab4a70858e/lib_ab4a70858e__delay_0.2__dur_0.23.h5
fc6e5ef6-ac3d-4860-b822-811d9be9c167,0.0,0.08,ab4a70858e,0.10404503345489502,4.477611940298516,2.6886792452830193,67.51591472682667,14.32,36,25,3,0.9424777960769379,2,4.0,12,1.3,/user/raabe14/u19361/workspace-allen/results/zebra/sub-830795_ses-ecephys-830795-2026-02-23-15-03-59_ecephys.nwb/ProbeF/trial_1/phase_1/lib_ab4a70858e/lib_ab4a70858e__delay_0.0__dur_0.08.h5
fd0ab372-1edc-4b8a-a1a1-b7e24d33194d,0.15000000000000002,0.18000000000000002,ab4a70858e,0.07819167524576187,-11.64179104477612,40.33018867924528,112.48408527317332,17.91,27,4,5,1.5707963267948966,3,5.0,11,1.2,/user/raabe14/u19361/workspace-allen/results/zebra/sub-830795_ses-ecephys-830795-2026-02-23-15-03-59_ecephys.nwb/ProbeF/trial_1/phase_1/lib_ab4a70858e/lib_ab4a70858e__delay_0.15000000000000002__dur_0.18000000000000002.h5
fdc2de6f-513c-46d9-b99d-408db8930018,0.30000000000000004,0.23,ab4a70858e,0.07371795922517776,-6.268656716417908,-6.273584905660378,0.0,10.74,30,30,0,0.0,1,3.0,11,1.2,/user/raabe14/u19361/workspace-allen/results/zebra/sub-830795_ses-ecephys-830795-2026-02-23-15-03-59_ecephys.nwb/ProbeF/trial_1/phase_1/lib_ab4a70858e/lib_ab4a70858e__delay_0.30000000000000004__dur_0.23.h5
fea668dd-65d4-4003-bcb7-2987019e01e3,0.15000000000000002,0.23,ab4a70858e,0.11409065872430801,25.97014925373135,25.990566037735846,0.0,21.49,48,12,0,0.0,4,6.0,11,1.2,/user/raabe14/u19361/workspace-allen/results/zebra/sub-830795_ses-ecephys-830795-2026-02-23-15-03-59_ecephys.nwb/ProbeF/trial_1/phase_1/lib_ab4a70858e/lib_ab4a70858e__delay_0.15000000000000002__dur_0.23.h5
ff5caf83-2dc7-4e2a-a2ea-1398a06ccc89,0.05,0.03,ab4a70858e,0.0,-60.0,47.5,0.0,7.16,0,0,0,0.0,0,2.0,0,0.01,/user/raabe14/u19361/workspace-allen/results/zebra/sub-830795_ses-ecephys-830795-2026-02-23-15-03-59_ecephys.nwb/ProbeF/trial_1/phase_1/lib_ab4a70858e/lib_ab4a70858e__delay_0.05__dur_0.03.h5
