unit_id,delay,duration,lib_id,abs_max_value,x_deg,y_deg,theta_deg,sigma_deg,xi,yi,theta_idx,theta_rad,sigma_idx,sigma,frequency_idx,frequency,source_file
001b97e3-cef8-442d-97a5-a97f2036ce27,0.30000000000000004,0.23,ab4a70858e,0.08123700320720673,-13.43283582089552,43.91509433962264,180.0,10.74,26,2,8,2.5132741228718345,1,3.0,8,0.09,/user/raabe14/u19361/workspace-allen/results/zebra/sub-830795_ses-ecephys-830795-2026-02-23-15-03-59_ecephys.nwb/ProbeF/trial_0/phase_1/lib_ab4a70858e/lib_ab4a70858e__delay_0.30000000000000004__dur_0.23.h5
002691ee-7acd-4e1e-b685-9ee42232e421,0.15000000000000002,0.23,ab4a70858e,0.18347550928592682,-2.6865671641791025,-9.858490566037737,180.0,17.91,32,32,8,2.5132741228718345,3,5.0,12,1.3,/user/raabe14/u19361/workspace-allen/results/zebra/sub-830795_ses-ecephys-830795-2026-02-23-15-03-59_ecephys.nwb/ProbeF/trial_0/phase_1/lib_ab4a70858e/lib_ab4a70858e__delay_0.15000000000000002__dur_0.23.h5
0026ce90-1375-402b-8347-275d4b4ac29e,0.0,0.23,ab4a70858e,0.07750517129898071,-6.268656716417908,-17.028301886792452,0.0,28.65,30,36,0,0.0,5,8.0,6,0.07,/user/raabe14/u19361/workspace-allen/results/zebra/sub-830795_ses-ecephys-830795-2026-02-23-15-03-59_ecephys.nwb/ProbeF/trial_0/phase_1/lib_ab4a70858e/lib_ab4a70858e__delay_0.0__dur_0.23.h5
004cecef-0f54-4ac6-830f-26371e77e363,0.0,0.23,ab4a70858e,0.13860465586185455,-33.134328358208954,33.160377358490564,112.48408527317332,28.65,15,8,5,1.5707963267948966,5,8.0,11,1.2,/user/raabe14/u19361/workspace-allen/results/zebra/sub-830795_ses-ecephys-830795-2026-02-23-15-03-59_ecephys.nwb/ProbeF/trial_0/phase_1/lib_ab4a70858e/lib_ab4a70858e__delay_0.0__dur_0.23.h5
00efadfe-3129-48c5-a1c9-2a3ae7ed72e8,0.30000000000000004,0.23,ab4a70858e,0.08625749498605728,-6.268656716417908,45.70754716981132,90.0,7.16,30,1,4,1.2566370614359172,0,2.0,9,0.1,/user/raabe14/u19361/workspace-allen/results/zebra/sub-830795_ses-ecephys-830795-2026-02-23-15-03-59_ecephys.nwb/ProbeF/trial_0/phase_1/lib_ab4a70858e/lib_ab4a70858e__delay_0.30000000000000004__dur_0.23.h5
016b98b8-3eaf-48c3-b7fd-3f5654675164,0.0,0.13,ab4a70858e,0.06995918601751328,-51.04477611940298,15.235849056603776,157.4840764271708,17.91,5,18,7,2.199114857512855,3,5.0,9,0.1,/user/raabe14/u19361/workspace-allen/results/zebra/sub-830795_ses-ecephys-830795-2026-02-23-15-03-59_ecephys.nwb/ProbeF/trial_0/phase_1/lib_ab4a70858e/lib_ab4a70858e__delay_0.0__dur_0.13.h5
03368e34-6430-417f-afeb-ba427e3e9f94,0.0,0.08,ab4a70858e,0.15965038537979126,-25.970149253731343,-24.19811320754717,0.0,21.49,19,40,0,0.0,4,6.0,11,1.2,/user/raabe14/u19361/workspace-allen/results/zebra/sub-830795_ses-ecephys-830795-2026-02-23-15-03-59_ecephys.nwb/ProbeF/trial_0/phase_1/lib_ab4a70858e/lib_ab4a70858e__delay_0.0__dur_0.08.h5
0469836b-f6f5-4088-878a-4aa16137abd0,0.0,0.23,ab4a70858e,0.075506292283535,6.268656716417908,-2.6886792452830193,180.0,10.74,37,28,8,2.5132741228718345,1,3.0,12,1.3,/user/raabe14/u19361/workspace-allen/results/zebra/sub-830795_ses-ecephys-830795-2026-02-23-15-03-59_ecephys.nwb/ProbeF/trial_0/phase_1/lib_ab4a70858e/lib_ab4a70858e__delay_0.0__dur_0.23.h5
049f8194-933b-4889-82ed-e487500467db,0.01,0.03,ab4a70858e,0.0,-60.0,47.5,0.0,7.16,0,0,0,0.0,0,2.0,0,0.01,/user/raabe14/u19361/workspace-allen/results/zebra/sub-830795_ses-ecephys-830795-2026-02-23-15-03-59_ecephys.nwb/ProbeF/trial_0/phase_1/lib_ab4a70858e/lib_ab4a70858e__delay_0.01__dur_0.03.h5
05bea790-79c4-40fa-b368-f1c589bc4309,0.1,0.18000000000000002,ab4a70858e,0.08030648529529572,-8.059701492537314,-2.6886792452830193,67.51591472682667,7.16,29,28,3,0.9424777960769379,0,2.0,12,1.3,/user/raabe14/u19361/workspace-allen/results/zebra/sub-830795_ses-ecephys-830795-2026-02-23-15-03-59_ecephys.nwb/ProbeF/trial_0/phase_1/lib_ab4a70858e/lib_ab4a70858e__delay_0.1__dur_0.18000000000000002.h5
0660c948-48ae-4d45-809e-24662336358f,0.01,0.03,ab4a70858e,0.0,-60.0,47.5,0.0,7.16,0,0,0,0.0,0,2.0,0,0.01,/user/raabe14/u19361/workspace-allen/results/zebra/sub-830795_ses-ecephys-830795-2026-02-23-15-03-59_ecephys.nwb/ProbeF/trial_0/phase_1/lib_ab4a70858e/lib_ab4a70858e__delay_0.01__dur_0.03.h5
06760f26-b35f-4d3f-8807-c6372c15518a,0.15000000000000002,0.23,ab4a70858e,0.08394405990839005,-22.388059701492537,13.443396226415096,0.0,7.16,21,19,0,0.0,0,2.0,9,0.1,/user/raabe14/u19361/workspace-allen/results/zebra/sub-830795_ses-ecephys-830795-2026-02-23-15-03-59_ecephys.nwb/ProbeF/trial_0/phase_1/lib_ab4a70858e/lib_ab4a70858e__delay_0.15000000000000002__dur_0.23.h5
067d22a4-0fce-4a6a-bc4c-1bc5673e0f9c,0.30000000000000004,0.13,ab4a70858e,0.07505687326192856,-24.179104477611936,9.858490566037737,45.02251307527088,21.49,20,21,2,0.6283185307179586,4,6.0,3,0.04,/user/raabe14/u19361/workspace-allen/results/zebra/sub-830795_ses-ecephys-830795-2026-02-23-15-03-59_ecephys.nwb/ProbeF/trial_0/phase_1/lib_ab4a70858e/lib_ab4a70858e__delay_0.30000000000000004__dur_0.13.h5
06d2d94e-1fc7-46b7-8fb0-b801413b15b1,0.0,0.18000000000000002,ab4a70858e,0.08420973271131516,-18.80597014925373,47.5,157.4840764271708,28.65,23,0,7,2.199114857512855,5,8.0,6,0.07,/user/raabe14/u19361/workspace-allen/results/zebra/sub-830795_ses-ecephys-830795-2026-02-23-15-03-59_ecephys.nwb/ProbeF/trial_0/phase_1/lib_ab4a70858e/lib_ab4a70858e__delay_0.0__dur_0.18000000000000002.h5
072efc58-daf6-4031-a1ef-ed207651e71d,0.30000000000000004,0.23,ab4a70858e,0.08510953933000565,-11.64179104477612,-17.028301886792452,157.4840764271708,17.91,27,36,7,2.199114857512855,3,5.0,12,1.3,/user/raabe14/u19361/workspace-allen/results/zebra/sub-830795_ses-ecephys-830795-2026-02-23-15-03-59_ecephys.nwb/ProbeF/trial_0/phase_1/lib_ab4a70858e/lib_ab4a70858e__delay_0.30000000000000004__dur_0.23.h5
085822f8-bd66-4831-8de5-45d200205fcb,0.01,0.23,ab4a70858e,0.07796496152877808,-17.014925373134325,-0.8962264150943398,90.0,17.91,24,27,4,1.2566370614359172,3,5.0,9,0.1,/user/raabe14/u19361/workspace-allen/results/zebra/sub-830795_ses-ecephys-830795-2026-02-23-15-03-59_ecephys.nwb/ProbeF/trial_0/phase_1/lib_ab4a70858e/lib_ab4a70858e__delay_0.01__dur_0.23.h5
08aa1db0-ab18-4754-907d-b58f79f087e8,0.0,0.23,ab4a70858e,0.07783062011003494,2.6865671641791096,0.8962264150943398,134.9774869247291,10.74,35,26,6,1.8849555921538759,1,3.0,5,0.06,/user/raabe14/u19361/workspace-allen/results/zebra/sub-830795_ses-ecephys-830795-2026-02-23-15-03-59_ecephys.nwb/ProbeF/trial_0/phase_1/lib_ab4a70858e/lib_ab4a70858e__delay_0.0__dur_0.23.h5
08f4bdb3-02f3-46f8-9e93-cfe59c5e83e1,0.0,0.18000000000000002,ab4a70858e,0.08833179622888565,-29.55223880597015,-6.273584905660378,90.0,10.74,17,30,4,1.2566370614359172,1,3.0,9,0.1,/user/raabe14/u19361/workspace-allen/results/zebra/sub-830795_ses-ecephys-830795-2026-02-23-15-03-59_ecephys.nwb/ProbeF/trial_0/phase_1/lib_ab4a70858e/lib_ab4a70858e__delay_0.0__dur_0.18000000000000002.h5
0973a34f-0301-44c4-9981-edcfbf055a50,0.07,0.23,ab4a70858e,0.07923765480518341,9.85074626865672,0.8962264150943398,67.51591472682667,7.16,39,26,3,0.9424777960769379,0,2.0,9,0.1,/user/raabe14/u19361/workspace-allen/results/zebra/sub-830795_ses-ecephys-830795-2026-02-23-15-03-59_ecephys.nwb/ProbeF/trial_0/phase_1/lib_ab4a70858e/lib_ab4a70858e__delay_0.07__dur_0.23.h5
09afab22-a74f-44f6-9fe3-07193cc9ec8e,0.0,0.18000000000000002,ab4a70858e,0.08919398486614227,-6.268656716417908,-4.481132075471699,112.48408527317332,7.16,30,29,5,1.5707963267948966,0,2.0,11,1.2,/user/raabe14/u19361/workspace-allen/results/zebra/sub-830795_ses-ecephys-830795-2026-02-23-15-03-59_ecephys.nwb/ProbeF/trial_0/phase_1/lib_ab4a70858e/lib_ab4a70858e__delay_0.0__dur_0.18000000000000002.h5
09cbb120-7e9c-4054-bd7b-e80d92296928,0.0,0.23,ab4a70858e,0.09086140245199203,-24.179104477611936,13.443396226415096,0.0,14.32,20,19,0,0.0,2,4.0,11,1.2,/user/raabe14/u19361/workspace-allen/results/zebra/sub-830795_ses-ecephys-830795-2026-02-23-15-03-59_ecephys.nwb/ProbeF/trial_0/phase_1/lib_ab4a70858e/lib_ab4a70858e__delay_0.0__dur_0.23.h5
09cffb87-f152-44de-9492-bcfe495e9420,0.30000000000000004,0.23,ab4a70858e,0.07953428477048874,-2.6865671641791025,20.613207547169807,22.515923572829163,21.49,32,15,9,2.827433388230814,4,6.0,7,0.08,/user/raabe14/u19361/workspace-allen/results/zebra/sub-830795_ses-ecephys-830795-2026-02-23-15-03-59_ecephys.nwb/ProbeF/trial_0/phase_1/lib_ab4a70858e/lib_ab4a70858e__delay_0.30000000000000004__dur_0.23.h5
0a54edb2-dc5b-4cc2-93b5-d1d3c64defe2,0.0,0.18000000000000002,ab4a70858e,0.07810914516448975,-24.179104477611936,24.198113207547166,22.515923572829163,17.91,20,13,9,2.827433388230814,3,5.0,9,0.1,/user/raabe14/u19361/workspace-allen/results/zebra/sub-830795_ses-ecephys-830795-2026-02-23-15-03-59_ecephys.nwb/ProbeF/trial_0/phase_1/lib_ab4a70858e/lib_ab4a70858e__delay_0.0__dur_0.18000000000000002.h5
0ad9e216-a761-4657-8282-b11a796bcf83,0.30000000000000004,0.13,ab4a70858e,0.07058099657297134,33.13432835820896,-0.8962264150943398,157.4840764271708,14.32,52,27,7,2.199114857512855,2,4.0,9,0.1,/user/raabe14/u19361/workspace-allen/results/zebra/sub-830795_ses-ecephys-830795-2026-02-23-15-03-59_ecephys.nwb/ProbeF/trial_0/phase_1/lib_ab4a70858e/lib_ab4a70858e__delay_0.30000000000000004__dur_0.13.h5
0b0abe3f-172e-4c39-b0c0-f8a67c3ddfe8,0.30000000000000004,0.23,ab4a70858e,0.07354889810085297,-51.04477611940298,-27.78301886792453,180.0,28.65,5,42,8,2.5132741228718345,5,8.0,9,0.1,/user/raabe14/u19361/workspace-allen/results/zebra/sub-830795_ses-ecephys-830795-2026-02-23-15-03-59_ecephys.nwb/ProbeF/trial_0/phase_1/lib_ab4a70858e/lib_ab4a70858e__delay_0.30000000000000004__dur_0.23.h5
0d6540d4-eaaa-4dc4-a301-97b9239a68fa,0.0,0.13,ab4a70858e,0.09222327172756195,-2.6865671641791025,-8.066037735849058,180.0,17.91,32,31,8,2.5132741228718345,3,5.0,12,1.3,/user/raabe14/u19361/workspace-allen/results/zebra/sub-830795_ses-ecephys-830795-2026-02-23-15-03-59_ecephys.nwb/ProbeF/trial_0/phase_1/lib_ab4a70858e/lib_ab4a70858e__delay_0.0__dur_0.13.h5
0dacd113-917d-4827-8b7b-939fc39986b2,0.25,0.08,ab4a70858e,0.07624448090791702,34.92537313432837,-22.40566037735849,157.4840764271708,10.74,53,39,7,2.199114857512855,1,3.0,12,1.3,/user/raabe14/u19361/workspace-allen/results/zebra/sub-830795_ses-ecephys-830795-2026-02-23-15-03-59_ecephys.nwb/ProbeF/trial_0/phase_1/lib_ab4a70858e/lib_ab4a70858e__delay_0.25__dur_0.08.h5
0e227cf9-80a3-4a42-ab9c-8f12f1197126,0.07,0.23,ab4a70858e,0.07948619872331619,-29.55223880597015,-17.028301886792452,45.02251307527088,10.74,17,36,2,0.6283185307179586,1,3.0,12,1.3,/user/raabe14/u19361/workspace-allen/results/zebra/sub-830795_ses-ecephys-830795-2026-02-23-15-03-59_ecephys.nwb/ProbeF/trial_0/phase_1/lib_ab4a70858e/lib_ab4a70858e__delay_0.07__dur_0.23.h5
0e55d654-3930-4301-a2f5-4ce00604ec31,0.05,0.23,ab4a70858e,0.08605793863534927,6.268656716417908,-18.82075471698113,45.02251307527088,21.49,37,37,2,0.6283185307179586,4,6.0,9,0.1,/user/raabe14/u19361/workspace-allen/results/zebra/sub-830795_ses-ecephys-830795-2026-02-23-15-03-59_ecephys.nwb/ProbeF/trial_0/phase_1/lib_ab4a70858e/lib_ab4a70858e__delay_0.05__dur_0.23.h5
0f06bdfc-4359-427d-a894-b8e41d548f11,0.06,0.13,ab4a70858e,0.08788244426250458,11.641791044776127,-17.028301886792452,22.515923572829195,7.16,40,36,1,0.3141592653589793,0,2.0,9,0.1,/user/raabe14/u19361/workspace-allen/results/zebra/sub-830795_ses-ecephys-830795-2026-02-23-15-03-59_ecephys.nwb/ProbeF/trial_0/phase_1/lib_ab4a70858e/lib_ab4a70858e__delay_0.06__dur_0.13.h5
0f68a5f4-534f-45e4-b867-ea684d02026e,0.02,0.18000000000000002,ab4a70858e,0.07280731946229935,-52.83582089552239,13.443396226415096,22.515923572829195,28.65,4,19,1,0.3141592653589793,5,8.0,8,0.09,/user/raabe14/u19361/workspace-allen/results/zebra/sub-830795_ses-ecephys-830795-2026-02-23-15-03-59_ecephys.nwb/ProbeF/trial_0/phase_1/lib_ab4a70858e/lib_ab4a70858e__delay_0.02__dur_0.18000000000000002.h5
0f7463b6-cf30-4bb2-a15f-61a85261e94d,0.15000000000000002,0.23,ab4a70858e,0.09342461824417114,8.059701492537314,-25.99056603773585,90.0,10.74,38,41,4,1.2566370614359172,1,3.0,9,0.1,/user/raabe14/u19361/workspace-allen/results/zebra/sub-830795_ses-ecephys-830795-2026-02-23-15-03-59_ecephys.nwb/ProbeF/trial_0/phase_1/lib_ab4a70858e/lib_ab4a70858e__delay_0.15000000000000002__dur_0.23.h5
105e4884-d4be-43d2-9eed-02cb953efa7f,0.0,0.23,ab4a70858e,0.0846189633011818,-31.34328358208955,2.6886792452830193,22.515923572829163,21.49,16,25,9,2.827433388230814,4,6.0,7,0.08,/user/raabe14/u19361/workspace-allen/results/zebra/sub-830795_ses-ecephys-830795-2026-02-23-15-03-59_ecephys.nwb/ProbeF/trial_0/phase_1/lib_ab4a70858e/lib_ab4a70858e__delay_0.0__dur_0.23.h5
119258d6-7ed0-40ff-800c-26a0e867ba8b,0.25,0.18000000000000002,ab4a70858e,0.085257388651371,-47.46268656716418,-11.650943396226417,22.515923572829195,10.74,7,33,1,0.3141592653589793,1,3.0,9,0.1,/user/raabe14/u19361/workspace-allen/results/zebra/sub-830795_ses-ecephys-830795-2026-02-23-15-03-59_ecephys.nwb/ProbeF/trial_0/phase_1/lib_ab4a70858e/lib_ab4a70858e__delay_0.25__dur_0.18000000000000002.h5
11ddee5d-cb20-4bce-bbf3-240b9c8e1c6d,0.07,0.23,ab4a70858e,0.08010221272706985,18.80597014925374,-9.858490566037737,134.9774869247291,10.74,44,32,6,1.8849555921538759,1,3.0,0,0.01,/user/raabe14/u19361/workspace-allen/results/zebra/sub-830795_ses-ecephys-830795-2026-02-23-15-03-59_ecephys.nwb/ProbeF/trial_0/phase_1/lib_ab4a70858e/lib_ab4a70858e__delay_0.07__dur_0.23.h5
11e56929-e1bd-4c50-93fd-65b630e79070,0.15000000000000002,0.13,ab4a70858e,0.07870618253946304,4.477611940298516,11.650943396226417,45.02251307527088,17.91,36,20,2,0.6283185307179586,3,5.0,6,0.07,/user/raabe14/u19361/workspace-allen/results/zebra/sub-830795_ses-ecephys-830795-2026-02-23-15-03-59_ecephys.nwb/ProbeF/trial_0/phase_1/lib_ab4a70858e/lib_ab4a70858e__delay_0.15000000000000002__dur_0.13.h5
13f6f1a4-069b-4d91-a9e2-f3c3d4546d7f,0.15000000000000002,0.23,ab4a70858e,0.07359229028224945,-4.477611940298509,-24.19811320754717,180.0,10.74,31,40,8,2.5132741228718345,1,3.0,4,0.05,/user/raabe14/u19361/workspace-allen/results/zebra/sub-830795_ses-ecephys-830795-2026-02-23-15-03-59_ecephys.nwb/ProbeF/trial_0/phase_1/lib_ab4a70858e/lib_ab4a70858e__delay_0.15000000000000002__dur_0.23.h5
13fb52cc-4cb5-4bfe-b7ca-e4db044530e6,0.15000000000000002,0.23,ab4a70858e,0.07547512650489807,-33.134328358208954,33.160377358490564,45.02251307527088,14.32,15,8,2,0.6283185307179586,2,4.0,9,0.1,/user/raabe14/u19361/workspace-allen/results/zebra/sub-830795_ses-ecephys-830795-2026-02-23-15-03-59_ecephys.nwb/ProbeF/trial_0/phase_1/lib_ab4a70858e/lib_ab4a70858e__delay_0.15000000000000002__dur_0.23.h5
14976e01-bf44-4a21-a1a0-c9319fe2344c,0.03,0.23,ab4a70858e,0.07991302758455276,-8.059701492537314,-9.858490566037737,157.4840764271708,28.65,29,32,7,2.199114857512855,5,8.0,0,0.01,/user/raabe14/u19361/workspace-allen/results/zebra/sub-830795_ses-ecephys-830795-2026-02-23-15-03-59_ecephys.nwb/ProbeF/trial_0/phase_1/lib_ab4a70858e/lib_ab4a70858e__delay_0.03__dur_0.23.h5
153db119-dcb9-4d70-9428-a8d1bbd13520,0.01,0.03,ab4a70858e,0.0,-60.0,47.5,0.0,7.16,0,0,0,0.0,0,2.0,0,0.01,/user/raabe14/u19361/workspace-allen/results/zebra/sub-830795_ses-ecephys-830795-2026-02-23-15-03-59_ecephys.nwb/ProbeF/trial_0/phase_1/lib_ab4a70858e/lib_ab4a70858e__delay_0.01__dur_0.03.h5
157ac414-138a-44cb-8f69-cd00b05dbf23,0.25,0.08,ab4a70858e,0.07178079336881638,-24.179104477611936,22.405660377358487,134.9774869247291,14.32,20,14,6,1.8849555921538759,2,4.0,9,0.1,/user/raabe14/u19361/workspace-allen/results/zebra/sub-830795_ses-ecephys-830795-2026-02-23-15-03-59_ecephys.nwb/ProbeF/trial_0/phase_1/lib_ab4a70858e/lib_ab4a70858e__delay_0.25__dur_0.08.h5
16644da8-6be6-4fa2-a1dd-5bda20ac09f1,0.06,0.13,ab4a70858e,0.07724244147539139,-27.761194029850742,22.405660377358487,112.48408527317332,28.65,18,14,5,1.5707963267948966,5,8.0,2,0.03,/user/raabe14/u19361/workspace-allen/results/zebra/sub-830795_ses-ecephys-830795-2026-02-23-15-03-59_ecephys.nwb/ProbeF/trial_0/phase_1/lib_ab4a70858e/lib_ab4a70858e__delay_0.06__dur_0.13.h5
16c80407-09c8-481c-a087-0c0c76d6a3c9,0.09,0.18000000000000002,ab4a70858e,0.09261791408061981,-25.970149253731343,24.198113207547166,22.515923572829163,14.32,19,13,9,2.827433388230814,2,4.0,12,1.3,/user/raabe14/u19361/workspace-allen/results/zebra/sub-830795_ses-ecephys-830795-2026-02-23-15-03-59_ecephys.nwb/ProbeF/trial_0/phase_1/lib_ab4a70858e/lib_ab4a70858e__delay_0.09__dur_0.18000000000000002.h5
170017b5-5252-4fb9-951b-86e0caa30564,0.2,0.23,ab4a70858e,0.104029580950737,-22.388059701492537,4.481132075471699,45.02251307527088,10.74,21,24,2,0.6283185307179586,1,3.0,12,1.3,/user/raabe14/u19361/workspace-allen/results/zebra/sub-830795_ses-ecephys-830795-2026-02-23-15-03-59_ecephys.nwb/ProbeF/trial_0/phase_1/lib_ab4a70858e/lib_ab4a70858e__delay_0.2__dur_0.23.h5
17f886bf-5925-4684-a487-dc83348ae2a1,0.30000000000000004,0.18000000000000002,ab4a70858e,0.08070594817399979,52.83582089552239,38.5377358490566,0.0,17.91,63,5,0,0.0,3,5.0,11,1.2,/user/raabe14/u19361/workspace-allen/results/zebra/sub-830795_ses-ecephys-830795-2026-02-23-15-03-59_ecephys.nwb/ProbeF/trial_0/phase_1/lib_ab4a70858e/lib_ab4a70858e__delay_0.30000000000000004__dur_0.18000000000000002.h5
194ab144-c615-424f-b09e-35953fed2f16,0.02,0.23,ab4a70858e,0.08101240545511246,-33.134328358208954,-9.858490566037737,112.48408527317332,28.65,15,32,5,1.5707963267948966,5,8.0,9,0.1,/user/raabe14/u19361/workspace-allen/results/zebra/sub-830795_ses-ecephys-830795-2026-02-23-15-03-59_ecephys.nwb/ProbeF/trial_0/phase_1/lib_ab4a70858e/lib_ab4a70858e__delay_0.02__dur_0.23.h5
1aa25bd1-a5ac-4b1c-b35d-7fa2ad92aeb5,0.0,0.08,ab4a70858e,0.10898320376873016,-22.388059701492537,11.650943396226417,0.0,21.49,21,20,0,0.0,4,6.0,11,1.2,/user/raabe14/u19361/workspace-allen/results/zebra/sub-830795_ses-ecephys-830795-2026-02-23-15-03-59_ecephys.nwb/ProbeF/trial_0/phase_1/lib_ab4a70858e/lib_ab4a70858e__delay_0.0__dur_0.08.h5
1cd6e480-93b8-42f8-b987-a88fe9cfe232,0.25,0.18000000000000002,ab4a70858e,0.07589788734912872,-52.83582089552239,47.5,90.0,7.16,4,0,4,1.2566370614359172,0,2.0,9,0.1,/user/raabe14/u19361/workspace-allen/results/zebra/sub-830795_ses-ecephys-830795-2026-02-23-15-03-59_ecephys.nwb/ProbeF/trial_0/phase_1/lib_ab4a70858e/lib_ab4a70858e__delay_0.25__dur_0.18000000000000002.h5
1d705c82-b3cf-4ae7-97bd-7b891425c9f3,0.25,0.18000000000000002,ab4a70858e,0.08547228574752808,-27.761194029850742,20.613207547169807,67.51591472682667,10.74,18,15,3,0.9424777960769379,1,3.0,6,0.07,/user/raabe14/u19361/workspace-allen/results/zebra/sub-830795_ses-ecephys-830795-2026-02-23-15-03-59_ecephys.nwb/ProbeF/trial_0/phase_1/lib_ab4a70858e/lib_ab4a70858e__delay_0.25__dur_0.18000000000000002.h5
1d84d213-114f-41ab-b514-2cbf6c569dab,0.30000000000000004,0.13,ab4a70858e,0.08333665132522583,-2.6865671641791025,11.650943396226417,112.48408527317332,10.74,32,20,5,1.5707963267948966,1,3.0,11,1.2,/user/raabe14/u19361/workspace-allen/results/zebra/sub-830795_ses-ecephys-830795-2026-02-23-15-03-59_ecephys.nwb/ProbeF/trial_0/phase_1/lib_ab4a70858e/lib_ab4a70858e__delay_0.30000000000000004__dur_0.13.h5
1ddb5066-31fe-4cc4-8e16-a12de02d7cc6,0.01,0.03,ab4a70858e,0.0,-60.0,47.5,0.0,7.16,0,0,0,0.0,0,2.0,0,0.01,/user/raabe14/u19361/workspace-allen/results/zebra/sub-830795_ses-ecephys-830795-2026-02-23-15-03-59_ecephys.nwb/ProbeF/trial_0/phase_1/lib_ab4a70858e/lib_ab4a70858e__delay_0.01__dur_0.03.h5
1e6bd34b-b303-4435-8c3f-ab86eac0f8ed,0.02,0.23,ab4a70858e,0.07124955207109451,-60.0,36.74528301886792,180.0,7.16,0,6,8,2.5132741228718345,0,2.0,12,1.3,/user/raabe14/u19361/workspace-allen/results/zebra/sub-830795_ses-ecephys-830795-2026-02-23-15-03-59_ecephys.nwb/ProbeF/trial_0/phase_1/lib_ab4a70858e/lib_ab4a70858e__delay_0.02__dur_0.23.h5
1e97f930-fe49-471b-92a2-c4f3cd247232,0.25,0.23,ab4a70858e,0.08475469052791595,-2.6865671641791025,-6.273584905660378,180.0,17.91,32,30,8,2.5132741228718345,3,5.0,12,1.3,/user/raabe14/u19361/workspace-allen/results/zebra/sub-830795_ses-ecephys-830795-2026-02-23-15-03-59_ecephys.nwb/ProbeF/trial_0/phase_1/lib_ab4a70858e/lib_ab4a70858e__delay_0.25__dur_0.23.h5
1eda999a-55a1-4b6e-b01a-faa3e90e703e,0.15000000000000002,0.18000000000000002,ab4a70858e,0.08179419487714767,-0.8955223880596961,4.481132075471699,45.02251307527088,7.16,33,24,2,0.6283185307179586,0,2.0,12,1.3,/user/raabe14/u19361/workspace-allen/results/zebra/sub-830795_ses-ecephys-830795-2026-02-23-15-03-59_ecephys.nwb/ProbeF/trial_0/phase_1/lib_ab4a70858e/lib_ab4a70858e__delay_0.15000000000000002__dur_0.18000000000000002.h5
1f00600a-eec1-4775-a929-2cb81ba50d50,0.02,0.18000000000000002,ab4a70858e,0.09343627095222473,0.8955223880597032,24.198113207547166,112.48408527317332,14.32,34,13,5,1.5707963267948966,2,4.0,11,1.2,/user/raabe14/u19361/workspace-allen/results/zebra/sub-830795_ses-ecephys-830795-2026-02-23-15-03-59_ecephys.nwb/ProbeF/trial_0/phase_1/lib_ab4a70858e/lib_ab4a70858e__delay_0.02__dur_0.18000000000000002.h5
1f562b83-1b05-4076-b001-71b0b1f9270d,0.30000000000000004,0.13,ab4a70858e,0.0814848467707634,-2.6865671641791025,-43.91509433962264,22.515923572829163,21.49,32,51,9,2.827433388230814,4,6.0,0,0.01,/user/raabe14/u19361/workspace-allen/results/zebra/sub-830795_ses-ecephys-830795-2026-02-23-15-03-59_ecephys.nwb/ProbeF/trial_0/phase_1/lib_ab4a70858e/lib_ab4a70858e__delay_0.30000000000000004__dur_0.13.h5
1f7efe68-c04f-41fd-a2cd-da83fef66795,0.07,0.23,ab4a70858e,0.08500897884368896,-0.8955223880596961,-8.066037735849058,45.02251307527088,14.32,33,31,2,0.6283185307179586,2,4.0,0,0.01,/user/raabe14/u19361/workspace-allen/results/zebra/sub-830795_ses-ecephys-830795-2026-02-23-15-03-59_ecephys.nwb/ProbeF/trial_0/phase_1/lib_ab4a70858e/lib_ab4a70858e__delay_0.07__dur_0.23.h5
216e9671-f046-4b75-8692-1b72384f46ba,0.2,0.18000000000000002,ab4a70858e,0.08119158446788788,13.43283582089552,-17.028301886792452,0.0,7.16,41,36,0,0.0,0,2.0,11,1.2,/user/raabe14/u19361/workspace-allen/results/zebra/sub-830795_ses-ecephys-830795-2026-02-23-15-03-59_ecephys.nwb/ProbeF/trial_0/phase_1/lib_ab4a70858e/lib_ab4a70858e__delay_0.2__dur_0.18000000000000002.h5
21f5bf8e-74b2-48ef-96ef-16edb815879e,0.01,0.03,ab4a70858e,0.0,-60.0,47.5,0.0,7.16,0,0,0,0.0,0,2.0,0,0.01,/user/raabe14/u19361/workspace-allen/results/zebra/sub-830795_ses-ecephys-830795-2026-02-23-15-03-59_ecephys.nwb/ProbeF/trial_0/phase_1/lib_ab4a70858e/lib_ab4a70858e__delay_0.01__dur_0.03.h5
2291d2f4-306c-4750-88c7-73664b1e419f,0.04,0.23,ab4a70858e,0.07936448603868484,-40.298507462686565,-29.57547169811321,157.4840764271708,17.91,11,43,7,2.199114857512855,3,5.0,7,0.08,/user/raabe14/u19361/workspace-allen/results/zebra/sub-830795_ses-ecephys-830795-2026-02-23-15-03-59_ecephys.nwb/ProbeF/trial_0/phase_1/lib_ab4a70858e/lib_ab4a70858e__delay_0.04__dur_0.23.h5
22dd4241-d9f1-4284-8d13-2c89e01d10f4,0.30000000000000004,0.23,ab4a70858e,0.08677008002996445,-13.43283582089552,24.198113207547166,0.0,21.49,26,13,0,0.0,4,6.0,9,0.1,/user/raabe14/u19361/workspace-allen/results/zebra/sub-830795_ses-ecephys-830795-2026-02-23-15-03-59_ecephys.nwb/ProbeF/trial_0/phase_1/lib_ab4a70858e/lib_ab4a70858e__delay_0.30000000000000004__dur_0.23.h5
2365817c-0b2d-4abf-a909-41b4ff84f4ac,0.01,0.23,ab4a70858e,0.14996378123760223,22.388059701492537,17.02830188679245,67.51591472682667,14.32,46,17,3,0.9424777960769379,2,4.0,12,1.3,/user/raabe14/u19361/workspace-allen/results/zebra/sub-830795_ses-ecephys-830795-2026-02-23-15-03-59_ecephys.nwb/ProbeF/trial_0/phase_1/lib_ab4a70858e/lib_ab4a70858e__delay_0.01__dur_0.23.h5
244636aa-0b7c-4d96-b09d-8b3c2ea51a39,0.30000000000000004,0.23,ab4a70858e,0.07538745552301407,-9.850746268656714,2.6886792452830193,112.48408527317332,28.65,28,25,5,1.5707963267948966,5,8.0,7,0.08,/user/raabe14/u19361/workspace-allen/results/zebra/sub-830795_ses-ecephys-830795-2026-02-23-15-03-59_ecephys.nwb/ProbeF/trial_0/phase_1/lib_ab4a70858e/lib_ab4a70858e__delay_0.30000000000000004__dur_0.23.h5
244e0b7a-c57e-40fd-91fe-18636ecfa74f,0.01,0.23,ab4a70858e,0.07978665083646774,11.641791044776127,-17.028301886792452,67.51591472682667,7.16,40,36,3,0.9424777960769379,0,2.0,12,1.3,/user/raabe14/u19361/workspace-allen/results/zebra/sub-830795_ses-ecephys-830795-2026-02-23-15-03-59_ecephys.nwb/ProbeF/trial_0/phase_1/lib_ab4a70858e/lib_ab4a70858e__delay_0.01__dur_0.23.h5
24abc62e-9cbf-4ee5-855d-9cab0e3f631d,0.25,0.18000000000000002,ab4a70858e,0.08987702429294586,22.388059701492537,-8.066037735849058,134.9774869247291,28.65,46,31,6,1.8849555921538759,5,8.0,9,0.1,/user/raabe14/u19361/workspace-allen/results/zebra/sub-830795_ses-ecephys-830795-2026-02-23-15-03-59_ecephys.nwb/ProbeF/trial_0/phase_1/lib_ab4a70858e/lib_ab4a70858e__delay_0.25__dur_0.18000000000000002.h5
24aea92b-708d-465d-9442-8951f048fb2f,0.15000000000000002,0.23,ab4a70858e,0.08454138785600662,-2.6865671641791025,-8.066037735849058,180.0,17.91,32,31,8,2.5132741228718345,3,5.0,12,1.3,/user/raabe14/u19361/workspace-allen/results/zebra/sub-830795_ses-ecephys-830795-2026-02-23-15-03-59_ecephys.nwb/ProbeF/trial_0/phase_1/lib_ab4a70858e/lib_ab4a70858e__delay_0.15000000000000002__dur_0.23.h5
24f9ae57-439d-4ad7-a3fe-a0e7a8489178,0.01,0.03,ab4a70858e,0.0,-60.0,47.5,0.0,7.16,0,0,0,0.0,0,2.0,0,0.01,/user/raabe14/u19361/workspace-allen/results/zebra/sub-830795_ses-ecephys-830795-2026-02-23-15-03-59_ecephys.nwb/ProbeF/trial_0/phase_1/lib_ab4a70858e/lib_ab4a70858e__delay_0.01__dur_0.03.h5
2546b51d-db6b-4810-a3b8-54b2d5e2f643,0.01,0.03,ab4a70858e,0.0,-60.0,47.5,0.0,7.16,0,0,0,0.0,0,2.0,0,0.01,/user/raabe14/u19361/workspace-allen/results/zebra/sub-830795_ses-ecephys-830795-2026-02-23-15-03-59_ecephys.nwb/ProbeF/trial_0/phase_1/lib_ab4a70858e/lib_ab4a70858e__delay_0.01__dur_0.03.h5
256f2f76-a23c-4cbb-bc4a-af3402102236,0.15000000000000002,0.23,ab4a70858e,0.07564594596624374,-20.59701492537313,45.70754716981132,0.0,7.16,22,1,0,0.0,0,2.0,11,1.2,/user/raabe14/u19361/workspace-allen/results/zebra/sub-830795_ses-ecephys-830795-2026-02-23-15-03-59_ecephys.nwb/ProbeF/trial_0/phase_1/lib_ab4a70858e/lib_ab4a70858e__delay_0.15000000000000002__dur_0.23.h5
259cb4a0-0534-4fb2-9ae9-fe2129a9e9b4,0.01,0.03,ab4a70858e,0.0,-60.0,47.5,0.0,7.16,0,0,0,0.0,0,2.0,0,0.01,/user/raabe14/u19361/workspace-allen/results/zebra/sub-830795_ses-ecephys-830795-2026-02-23-15-03-59_ecephys.nwb/ProbeF/trial_0/phase_1/lib_ab4a70858e/lib_ab4a70858e__delay_0.01__dur_0.03.h5
27ac474e-6ba4-4acb-84c6-f93f4b3e7eb8,0.0,0.08,ab4a70858e,0.08151933550834656,-27.761194029850742,25.990566037735846,0.0,17.91,18,12,0,0.0,3,5.0,9,0.1,/user/raabe14/u19361/workspace-allen/results/zebra/sub-830795_ses-ecephys-830795-2026-02-23-15-03-59_ecephys.nwb/ProbeF/trial_0/phase_1/lib_ab4a70858e/lib_ab4a70858e__delay_0.0__dur_0.08.h5
27bae207-d7a3-4bd0-a553-55b1aa4678cc,0.01,0.03,ab4a70858e,0.0,-60.0,47.5,0.0,7.16,0,0,0,0.0,0,2.0,0,0.01,/user/raabe14/u19361/workspace-allen/results/zebra/sub-830795_ses-ecephys-830795-2026-02-23-15-03-59_ecephys.nwb/ProbeF/trial_0/phase_1/lib_ab4a70858e/lib_ab4a70858e__delay_0.01__dur_0.03.h5
27c1994e-311f-42cd-8c53-0c494ecdc103,0.08,0.18000000000000002,ab4a70858e,0.14969907701015472,-15.223880597014926,-13.443396226415096,157.4840764271708,28.65,25,34,7,2.199114857512855,5,8.0,12,1.3,/user/raabe14/u19361/workspace-allen/results/zebra/sub-830795_ses-ecephys-830795-2026-02-23-15-03-59_ecephys.nwb/ProbeF/trial_0/phase_1/lib_ab4a70858e/lib_ab4a70858e__delay_0.08__dur_0.18000000000000002.h5
27ecf3cf-b4dc-4e86-b997-e873aac33421,0.01,0.03,ab4a70858e,0.0,-60.0,47.5,0.0,7.16,0,0,0,0.0,0,2.0,0,0.01,/user/raabe14/u19361/workspace-allen/results/zebra/sub-830795_ses-ecephys-830795-2026-02-23-15-03-59_ecephys.nwb/ProbeF/trial_0/phase_1/lib_ab4a70858e/lib_ab4a70858e__delay_0.01__dur_0.03.h5
2884f518-b337-454e-8753-59c75c9660c9,0.01,0.03,ab4a70858e,0.0,-60.0,47.5,0.0,7.16,0,0,0,0.0,0,2.0,0,0.01,/user/raabe14/u19361/workspace-allen/results/zebra/sub-830795_ses-ecephys-830795-2026-02-23-15-03-59_ecephys.nwb/ProbeF/trial_0/phase_1/lib_ab4a70858e/lib_ab4a70858e__delay_0.01__dur_0.03.h5
29759cf7-d6e8-4b58-b5f3-5ddc63b01fad,0.0,0.23,ab4a70858e,0.0935821682214737,-29.55223880597015,-11.650943396226417,112.48408527317332,28.65,17,33,5,1.5707963267948966,5,8.0,9,0.1,/user/raabe14/u19361/workspace-allen/results/zebra/sub-830795_ses-ecephys-830795-2026-02-23-15-03-59_ecephys.nwb/ProbeF/trial_0/phase_1/lib_ab4a70858e/lib_ab4a70858e__delay_0.0__dur_0.23.h5
2af4a53e-4b2f-418e-b3fc-e8f7ce352209,0.25,0.23,ab4a70858e,0.09881347417831421,-11.64179104477612,22.405660377358487,0.0,21.49,27,14,0,0.0,4,6.0,1,0.02,/user/raabe14/u19361/workspace-allen/results/zebra/sub-830795_ses-ecephys-830795-2026-02-23-15-03-59_ecephys.nwb/ProbeF/trial_0/phase_1/lib_ab4a70858e/lib_ab4a70858e__delay_0.25__dur_0.23.h5
2b6c11dd-f483-4bc4-b6b3-d2d3f885d9d7,0.09,0.23,ab4a70858e,0.0751151293516159,-31.34328358208955,38.5377358490566,134.9774869247291,10.74,16,5,6,1.8849555921538759,1,3.0,2,0.03,/user/raabe14/u19361/workspace-allen/results/zebra/sub-830795_ses-ecephys-830795-2026-02-23-15-03-59_ecephys.nwb/ProbeF/trial_0/phase_1/lib_ab4a70858e/lib_ab4a70858e__delay_0.09__dur_0.23.h5
2bd186ab-85ae-44d3-a014-12cc79a22aef,0.08,0.23,ab4a70858e,0.1818249672651291,36.71641791044776,-29.57547169811321,157.4840764271708,10.74,54,43,7,2.199114857512855,1,3.0,12,1.3,/user/raabe14/u19361/workspace-allen/results/zebra/sub-830795_ses-ecephys-830795-2026-02-23-15-03-59_ecephys.nwb/ProbeF/trial_0/phase_1/lib_ab4a70858e/lib_ab4a70858e__delay_0.08__dur_0.23.h5
2d31e035-2c76-489d-a648-0987b1dd0b3d,0.0,0.23,ab4a70858e,0.0814400166273117,-60.0,0.8962264150943398,157.4840764271708,28.65,0,26,7,2.199114857512855,5,8.0,5,0.06,/user/raabe14/u19361/workspace-allen/results/zebra/sub-830795_ses-ecephys-830795-2026-02-23-15-03-59_ecephys.nwb/ProbeF/trial_0/phase_1/lib_ab4a70858e/lib_ab4a70858e__delay_0.0__dur_0.23.h5
2e1c1a2b-4ea2-41ec-8c38-f280000b33b5,0.06,0.13,ab4a70858e,0.0747297927737236,-34.92537313432835,2.6886792452830193,90.0,10.74,14,25,4,1.2566370614359172,1,3.0,9,0.1,/user/raabe14/u19361/workspace-allen/results/zebra/sub-830795_ses-ecephys-830795-2026-02-23-15-03-59_ecephys.nwb/ProbeF/trial_0/phase_1/lib_ab4a70858e/lib_ab4a70858e__delay_0.06__dur_0.13.h5
2e3f1954-369a-4ffa-847b-b269f75cdab7,0.03,0.23,ab4a70858e,0.0835673063993454,-36.71641791044776,20.613207547169807,112.48408527317332,7.16,13,15,5,1.5707963267948966,0,2.0,11,1.2,/user/raabe14/u19361/workspace-allen/results/zebra/sub-830795_ses-ecephys-830795-2026-02-23-15-03-59_ecephys.nwb/ProbeF/trial_0/phase_1/lib_ab4a70858e/lib_ab4a70858e__delay_0.03__dur_0.23.h5
2fc38107-5508-4875-9732-492a70ba538e,0.2,0.23,ab4a70858e,0.07692499458789825,-22.388059701492537,-2.6886792452830193,157.4840764271708,7.16,21,28,7,2.199114857512855,0,2.0,12,1.3,/user/raabe14/u19361/workspace-allen/results/zebra/sub-830795_ses-ecephys-830795-2026-02-23-15-03-59_ecephys.nwb/ProbeF/trial_0/phase_1/lib_ab4a70858e/lib_ab4a70858e__delay_0.2__dur_0.23.h5
2fd6d545-158a-4108-99ba-bbae5c43f706,0.30000000000000004,0.23,ab4a70858e,0.08615777641534805,-51.04477611940298,-24.19811320754717,180.0,28.65,5,40,8,2.5132741228718345,5,8.0,8,0.09,/user/raabe14/u19361/workspace-allen/results/zebra/sub-830795_ses-ecephys-830795-2026-02-23-15-03-59_ecephys.nwb/ProbeF/trial_0/phase_1/lib_ab4a70858e/lib_ab4a70858e__delay_0.30000000000000004__dur_0.23.h5
301e2ecd-6c80-4155-9b0f-be9df78e5c8c,0.09,0.23,ab4a70858e,0.09828228503465652,2.6865671641791096,4.481132075471699,22.515923572829195,17.91,35,24,1,0.3141592653589793,3,5.0,9,0.1,/user/raabe14/u19361/workspace-allen/results/zebra/sub-830795_ses-ecephys-830795-2026-02-23-15-03-59_ecephys.nwb/ProbeF/trial_0/phase_1/lib_ab4a70858e/lib_ab4a70858e__delay_0.09__dur_0.23.h5
307f0827-ba19-4415-b122-86260352dfba,0.0,0.23,ab4a70858e,0.07183204591274261,-52.83582089552239,-13.443396226415096,0.0,7.16,4,34,0,0.0,0,2.0,11,1.2,/user/raabe14/u19361/workspace-allen/results/zebra/sub-830795_ses-ecephys-830795-2026-02-23-15-03-59_ecephys.nwb/ProbeF/trial_0/phase_1/lib_ab4a70858e/lib_ab4a70858e__delay_0.0__dur_0.23.h5
310b43e6-4335-4605-ba6f-23482c45676a,0.01,0.13,ab4a70858e,0.07257995754480362,-4.477611940298509,0.8962264150943398,112.48408527317332,28.65,31,26,5,1.5707963267948966,5,8.0,3,0.04,/user/raabe14/u19361/workspace-allen/results/zebra/sub-830795_ses-ecephys-830795-2026-02-23-15-03-59_ecephys.nwb/ProbeF/trial_0/phase_1/lib_ab4a70858e/lib_ab4a70858e__delay_0.01__dur_0.13.h5
32f1bdd1-6997-47de-89f2-8661ea6eeb1d,0.30000000000000004,0.23,ab4a70858e,0.06714413315057755,6.268656716417908,-38.5377358490566,0.0,7.16,37,48,0,0.0,0,2.0,11,1.2,/user/raabe14/u19361/workspace-allen/results/zebra/sub-830795_ses-ecephys-830795-2026-02-23-15-03-59_ecephys.nwb/ProbeF/trial_0/phase_1/lib_ab4a70858e/lib_ab4a70858e__delay_0.30000000000000004__dur_0.23.h5
33523db1-a46c-4a81-8ae4-a9c50d5d1aab,0.30000000000000004,0.13,ab4a70858e,0.08756580948829651,2.6865671641791096,11.650943396226417,22.515923572829163,21.49,35,20,9,2.827433388230814,4,6.0,9,0.1,/user/raabe14/u19361/workspace-allen/results/zebra/sub-830795_ses-ecephys-830795-2026-02-23-15-03-59_ecephys.nwb/ProbeF/trial_0/phase_1/lib_ab4a70858e/lib_ab4a70858e__delay_0.30000000000000004__dur_0.13.h5
33798935-adc7-444e-872b-592bcdc48258,0.09,0.23,ab4a70858e,0.08356728404760361,-52.83582089552239,-0.8962264150943398,67.51591472682667,7.16,4,27,3,0.9424777960769379,0,2.0,6,0.07,/user/raabe14/u19361/workspace-allen/results/zebra/sub-830795_ses-ecephys-830795-2026-02-23-15-03-59_ecephys.nwb/ProbeF/trial_0/phase_1/lib_ab4a70858e/lib_ab4a70858e__delay_0.09__dur_0.23.h5
3393ec53-1ed0-4bcd-a4f9-d23ca76db515,0.03,0.23,ab4a70858e,0.07486951351165771,47.462686567164184,4.481132075471699,180.0,14.32,60,24,8,2.5132741228718345,2,4.0,9,0.1,/user/raabe14/u19361/workspace-allen/results/zebra/sub-830795_ses-ecephys-830795-2026-02-23-15-03-59_ecephys.nwb/ProbeF/trial_0/phase_1/lib_ab4a70858e/lib_ab4a70858e__delay_0.03__dur_0.23.h5
34a457ab-ee16-4408-ac26-ccf647c35ce6,0.01,0.23,ab4a70858e,0.08811558783054352,-18.80597014925373,-2.6886792452830193,0.0,14.32,23,28,0,0.0,2,4.0,11,1.2,/user/raabe14/u19361/workspace-allen/results/zebra/sub-830795_ses-ecephys-830795-2026-02-23-15-03-59_ecephys.nwb/ProbeF/trial_0/phase_1/lib_ab4a70858e/lib_ab4a70858e__delay_0.01__dur_0.23.h5
34fa5c77-4eb1-42f3-8856-5da33694c47f,0.15000000000000002,0.18000000000000002,ab4a70858e,0.08057494461536407,-25.970149253731343,36.74528301886792,45.02251307527088,17.91,19,6,2,0.6283185307179586,3,5.0,9,0.1,/user/raabe14/u19361/workspace-allen/results/zebra/sub-830795_ses-ecephys-830795-2026-02-23-15-03-59_ecephys.nwb/ProbeF/trial_0/phase_1/lib_ab4a70858e/lib_ab4a70858e__delay_0.15000000000000002__dur_0.18000000000000002.h5
35e447e1-2fc1-4e44-8f51-c82a6b037d94,0.25,0.13,ab4a70858e,0.083823561668396,20.59701492537313,-6.273584905660378,90.0,17.91,45,30,4,1.2566370614359172,3,5.0,0,0.01,/user/raabe14/u19361/workspace-allen/results/zebra/sub-830795_ses-ecephys-830795-2026-02-23-15-03-59_ecephys.nwb/ProbeF/trial_0/phase_1/lib_ab4a70858e/lib_ab4a70858e__delay_0.25__dur_0.13.h5
367471e0-800e-427b-9bc6-d3c58c3ec8c6,0.01,0.23,ab4a70858e,0.08294209092855453,-27.761194029850742,33.160377358490564,157.4840764271708,21.49,18,8,7,2.199114857512855,4,6.0,7,0.08,/user/raabe14/u19361/workspace-allen/results/zebra/sub-830795_ses-ecephys-830795-2026-02-23-15-03-59_ecephys.nwb/ProbeF/trial_0/phase_1/lib_ab4a70858e/lib_ab4a70858e__delay_0.01__dur_0.23.h5
367955c8-15fc-4b04-8dcf-bee7d931b58f,0.05,0.23,ab4a70858e,0.07733964920043945,-6.268656716417908,2.6886792452830193,22.515923572829163,7.16,30,25,9,2.827433388230814,0,2.0,9,0.1,/user/raabe14/u19361/workspace-allen/results/zebra/sub-830795_ses-ecephys-830795-2026-02-23-15-03-59_ecephys.nwb/ProbeF/trial_0/phase_1/lib_ab4a70858e/lib_ab4a70858e__delay_0.05__dur_0.23.h5
3799721b-9e2b-4608-8634-ce044f512a48,0.30000000000000004,0.23,ab4a70858e,0.0707160085439682,13.43283582089552,-24.19811320754717,67.51591472682667,21.49,41,40,3,0.9424777960769379,4,6.0,9,0.1,/user/raabe14/u19361/workspace-allen/results/zebra/sub-830795_ses-ecephys-830795-2026-02-23-15-03-59_ecephys.nwb/ProbeF/trial_0/phase_1/lib_ab4a70858e/lib_ab4a70858e__delay_0.30000000000000004__dur_0.23.h5
37af9dc3-cc61-45d0-930d-86a4d96859b1,0.2,0.23,ab4a70858e,0.09361264854669571,13.43283582089552,22.405660377358487,157.4840764271708,10.74,41,14,7,2.199114857512855,1,3.0,12,1.3,/user/raabe14/u19361/workspace-allen/results/zebra/sub-830795_ses-ecephys-830795-2026-02-23-15-03-59_ecephys.nwb/ProbeF/trial_0/phase_1/lib_ab4a70858e/lib_ab4a70858e__delay_0.2__dur_0.23.h5
37c2a37d-c023-4f7e-b266-ddb4b15be406,0.25,0.18000000000000002,ab4a70858e,0.07151079177856445,-25.970149253731343,15.235849056603776,112.48408527317332,28.65,19,18,5,1.5707963267948966,5,8.0,8,0.09,/user/raabe14/u19361/workspace-allen/results/zebra/sub-830795_ses-ecephys-830795-2026-02-23-15-03-59_ecephys.nwb/ProbeF/trial_0/phase_1/lib_ab4a70858e/lib_ab4a70858e__delay_0.25__dur_0.18000000000000002.h5
37e8c3e6-3ec0-4386-814e-3d2001507804,0.2,0.18000000000000002,ab4a70858e,0.09337752312421799,-24.179104477611936,17.02830188679245,67.51591472682667,10.74,20,17,3,0.9424777960769379,1,3.0,12,1.3,/user/raabe14/u19361/workspace-allen/results/zebra/sub-830795_ses-ecephys-830795-2026-02-23-15-03-59_ecephys.nwb/ProbeF/trial_0/phase_1/lib_ab4a70858e/lib_ab4a70858e__delay_0.2__dur_0.18000000000000002.h5
38cd2f4a-cf3c-4ec9-8a33-65e4e79384e7,0.15000000000000002,0.23,ab4a70858e,0.08389363437891006,-8.059701492537314,43.91509433962264,45.02251307527088,10.74,29,2,2,0.6283185307179586,1,3.0,12,1.3,/user/raabe14/u19361/workspace-allen/results/zebra/sub-830795_ses-ecephys-830795-2026-02-23-15-03-59_ecephys.nwb/ProbeF/trial_0/phase_1/lib_ab4a70858e/lib_ab4a70858e__delay_0.15000000000000002__dur_0.23.h5
38e97338-ba46-44b0-821c-9f3f35a0e448,0.07,0.18000000000000002,ab4a70858e,0.08919995278120041,11.641791044776127,-8.066037735849058,157.4840764271708,28.65,40,31,7,2.199114857512855,5,8.0,9,0.1,/user/raabe14/u19361/workspace-allen/results/zebra/sub-830795_ses-ecephys-830795-2026-02-23-15-03-59_ecephys.nwb/ProbeF/trial_0/phase_1/lib_ab4a70858e/lib_ab4a70858e__delay_0.07__dur_0.18000000000000002.h5
392c3b57-c018-468d-ac37-b9eafa8a2461,0.1,0.23,ab4a70858e,0.07808317989110947,13.43283582089552,-45.70754716981132,45.02251307527088,28.65,41,52,2,0.6283185307179586,5,8.0,9,0.1,/user/raabe14/u19361/workspace-allen/results/zebra/sub-830795_ses-ecephys-830795-2026-02-23-15-03-59_ecephys.nwb/ProbeF/trial_0/phase_1/lib_ab4a70858e/lib_ab4a70858e__delay_0.1__dur_0.23.h5
3a0dda4e-3f47-4064-80dc-70fb1fba9952,0.01,0.03,ab4a70858e,0.0,-60.0,47.5,0.0,7.16,0,0,0,0.0,0,2.0,0,0.01,/user/raabe14/u19361/workspace-allen/results/zebra/sub-830795_ses-ecephys-830795-2026-02-23-15-03-59_ecephys.nwb/ProbeF/trial_0/phase_1/lib_ab4a70858e/lib_ab4a70858e__delay_0.01__dur_0.03.h5
3a10fb8f-8f77-4fcb-9077-d00720edc76d,0.30000000000000004,0.18000000000000002,ab4a70858e,0.08202356100082397,-11.64179104477612,-9.858490566037737,180.0,7.16,27,32,8,2.5132741228718345,0,2.0,12,1.3,/user/raabe14/u19361/workspace-allen/results/zebra/sub-830795_ses-ecephys-830795-2026-02-23-15-03-59_ecephys.nwb/ProbeF/trial_0/phase_1/lib_ab4a70858e/lib_ab4a70858e__delay_0.30000000000000004__dur_0.18000000000000002.h5
3a35e36b-4a8f-4a4e-aa5e-d8ed79d8b586,0.25,0.13,ab4a70858e,0.08751646429300308,-24.179104477611936,11.650943396226417,22.515923572829163,10.74,20,20,9,2.827433388230814,1,3.0,0,0.01,/user/raabe14/u19361/workspace-allen/results/zebra/sub-830795_ses-ecephys-830795-2026-02-23-15-03-59_ecephys.nwb/ProbeF/trial_0/phase_1/lib_ab4a70858e/lib_ab4a70858e__delay_0.25__dur_0.13.h5
3ad347a5-ccb3-4eb0-9782-c8afb8fa86d6,0.1,0.13,ab4a70858e,0.08093150705099106,-9.850746268656714,4.481132075471699,90.0,17.91,28,24,4,1.2566370614359172,3,5.0,6,0.07,/user/raabe14/u19361/workspace-allen/results/zebra/sub-830795_ses-ecephys-830795-2026-02-23-15-03-59_ecephys.nwb/ProbeF/trial_0/phase_1/lib_ab4a70858e/lib_ab4a70858e__delay_0.1__dur_0.13.h5
3afe0ae6-2764-4fdb-9f27-2c0e88a1c596,0.05,0.23,ab4a70858e,0.0780690610408783,-24.179104477611936,6.273584905660378,157.4840764271708,21.49,20,23,7,2.199114857512855,4,6.0,12,1.3,/user/raabe14/u19361/workspace-allen/results/zebra/sub-830795_ses-ecephys-830795-2026-02-23-15-03-59_ecephys.nwb/ProbeF/trial_0/phase_1/lib_ab4a70858e/lib_ab4a70858e__delay_0.05__dur_0.23.h5
3b2dd93b-f241-4f9b-a5bf-b90e7b13d3ff,0.1,0.23,ab4a70858e,0.08773553371429443,17.014925373134332,0.8962264150943398,22.515923572829195,28.65,43,26,1,0.3141592653589793,5,8.0,6,0.07,/user/raabe14/u19361/workspace-allen/results/zebra/sub-830795_ses-ecephys-830795-2026-02-23-15-03-59_ecephys.nwb/ProbeF/trial_0/phase_1/lib_ab4a70858e/lib_ab4a70858e__delay_0.1__dur_0.23.h5
3bf28398-8ae1-4b31-aef5-df650876d374,0.09,0.23,ab4a70858e,0.08722741901874542,-24.179104477611936,8.066037735849058,67.51591472682667,14.32,20,22,3,0.9424777960769379,2,4.0,8,0.09,/user/raabe14/u19361/workspace-allen/results/zebra/sub-830795_ses-ecephys-830795-2026-02-23-15-03-59_ecephys.nwb/ProbeF/trial_0/phase_1/lib_ab4a70858e/lib_ab4a70858e__delay_0.09__dur_0.23.h5
3c57eef9-7b5d-4e60-b6b9-e875e73883c7,0.2,0.23,ab4a70858e,0.06994900107383728,4.477611940298516,36.74528301886792,22.515923572829195,7.16,36,6,1,0.3141592653589793,0,2.0,0,0.01,/user/raabe14/u19361/workspace-allen/results/zebra/sub-830795_ses-ecephys-830795-2026-02-23-15-03-59_ecephys.nwb/ProbeF/trial_0/phase_1/lib_ab4a70858e/lib_ab4a70858e__delay_0.2__dur_0.23.h5
3c9c0877-ca6c-45d6-853b-62d54d3f9ad2,0.03,0.13,ab4a70858e,0.08030817657709122,-54.62686567164179,29.575471698113205,112.48408527317332,7.16,3,10,5,1.5707963267948966,0,2.0,4,0.05,/user/raabe14/u19361/workspace-allen/results/zebra/sub-830795_ses-ecephys-830795-2026-02-23-15-03-59_ecephys.nwb/ProbeF/trial_0/phase_1/lib_ab4a70858e/lib_ab4a70858e__delay_0.03__dur_0.13.h5
3cc6c591-200d-444a-ae7f-579131c80549,0.30000000000000004,0.23,ab4a70858e,0.08416101336479187,-56.417910447761194,-15.235849056603776,112.48408527317332,28.65,2,35,5,1.5707963267948966,5,8.0,7,0.08,/user/raabe14/u19361/workspace-allen/results/zebra/sub-830795_ses-ecephys-830795-2026-02-23-15-03-59_ecephys.nwb/ProbeF/trial_0/phase_1/lib_ab4a70858e/lib_ab4a70858e__delay_0.30000000000000004__dur_0.23.h5
3d31a683-7bf6-427e-b327-35a1ad5bef16,0.01,0.03,ab4a70858e,0.0,-60.0,47.5,0.0,7.16,0,0,0,0.0,0,2.0,0,0.01,/user/raabe14/u19361/workspace-allen/results/zebra/sub-830795_ses-ecephys-830795-2026-02-23-15-03-59_ecephys.nwb/ProbeF/trial_0/phase_1/lib_ab4a70858e/lib_ab4a70858e__delay_0.01__dur_0.03.h5
3df16c83-27f5-4a8b-8583-a3930a2c1977,0.15000000000000002,0.23,ab4a70858e,0.0786481648683548,-22.388059701492537,13.443396226415096,112.48408527317332,21.49,21,19,5,1.5707963267948966,4,6.0,11,1.2,/user/raabe14/u19361/workspace-allen/results/zebra/sub-830795_ses-ecephys-830795-2026-02-23-15-03-59_ecephys.nwb/ProbeF/trial_0/phase_1/lib_ab4a70858e/lib_ab4a70858e__delay_0.15000000000000002__dur_0.23.h5
3e2f131c-596c-440a-b360-e45dc973dc1d,0.03,0.23,ab4a70858e,0.08324491232633591,58.20895522388061,8.066037735849058,180.0,7.16,66,22,8,2.5132741228718345,0,2.0,12,1.3,/user/raabe14/u19361/workspace-allen/results/zebra/sub-830795_ses-ecephys-830795-2026-02-23-15-03-59_ecephys.nwb/ProbeF/trial_0/phase_1/lib_ab4a70858e/lib_ab4a70858e__delay_0.03__dur_0.23.h5
3e82f3da-af83-4f75-911d-71b45108d12b,0.0,0.13,ab4a70858e,0.07294485718011856,-6.268656716417908,25.990566037735846,134.9774869247291,10.74,30,12,6,1.8849555921538759,1,3.0,9,0.1,/user/raabe14/u19361/workspace-allen/results/zebra/sub-830795_ses-ecephys-830795-2026-02-23-15-03-59_ecephys.nwb/ProbeF/trial_0/phase_1/lib_ab4a70858e/lib_ab4a70858e__delay_0.0__dur_0.13.h5
3f844b1a-e3b9-4b61-9697-97941bf1532b,0.0,0.23,ab4a70858e,0.08627524226903915,22.388059701492537,-6.273584905660378,22.515923572829163,17.91,46,30,9,2.827433388230814,3,5.0,7,0.08,/user/raabe14/u19361/workspace-allen/results/zebra/sub-830795_ses-ecephys-830795-2026-02-23-15-03-59_ecephys.nwb/ProbeF/trial_0/phase_1/lib_ab4a70858e/lib_ab4a70858e__delay_0.0__dur_0.23.h5
4004e302-922c-45ff-a371-41020fdabea3,0.25,0.23,ab4a70858e,0.07485014200210571,-2.6865671641791025,-33.160377358490564,112.48408527317332,21.49,32,45,5,1.5707963267948966,4,6.0,8,0.09,/user/raabe14/u19361/workspace-allen/results/zebra/sub-830795_ses-ecephys-830795-2026-02-23-15-03-59_ecephys.nwb/ProbeF/trial_0/phase_1/lib_ab4a70858e/lib_ab4a70858e__delay_0.25__dur_0.23.h5
403dddd9-00d5-427d-b11e-9d166809a775,0.02,0.23,ab4a70858e,0.08102411776781082,-22.388059701492537,-4.481132075471699,0.0,14.32,21,29,0,0.0,2,4.0,8,0.09,/user/raabe14/u19361/workspace-allen/results/zebra/sub-830795_ses-ecephys-830795-2026-02-23-15-03-59_ecephys.nwb/ProbeF/trial_0/phase_1/lib_ab4a70858e/lib_ab4a70858e__delay_0.02__dur_0.23.h5
405225ab-7ed9-41ef-a87d-3a1be9f03157,0.08,0.18000000000000002,ab4a70858e,0.08705674856901169,11.641791044776127,-17.028301886792452,45.02251307527088,7.16,40,36,2,0.6283185307179586,0,2.0,7,0.08,/user/raabe14/u19361/workspace-allen/results/zebra/sub-830795_ses-ecephys-830795-2026-02-23-15-03-59_ecephys.nwb/ProbeF/trial_0/phase_1/lib_ab4a70858e/lib_ab4a70858e__delay_0.08__dur_0.18000000000000002.h5
409fe5ef-f3b6-4e20-b466-3c47a75cda23,0.02,0.18000000000000002,ab4a70858e,0.08658616989850998,-20.59701492537313,6.273584905660378,0.0,21.49,22,23,0,0.0,4,6.0,11,1.2,/user/raabe14/u19361/workspace-allen/results/zebra/sub-830795_ses-ecephys-830795-2026-02-23-15-03-59_ecephys.nwb/ProbeF/trial_0/phase_1/lib_ab4a70858e/lib_ab4a70858e__delay_0.02__dur_0.18000000000000002.h5
41d290ae-5ef8-4068-9307-d75b15969b1e,0.15000000000000002,0.18000000000000002,ab4a70858e,0.07684317231178284,0.8955223880597032,-20.61320754716981,67.51591472682667,21.49,34,38,3,0.9424777960769379,4,6.0,9,0.1,/user/raabe14/u19361/workspace-allen/results/zebra/sub-830795_ses-ecephys-830795-2026-02-23-15-03-59_ecephys.nwb/ProbeF/trial_0/phase_1/lib_ab4a70858e/lib_ab4a70858e__delay_0.15000000000000002__dur_0.18000000000000002.h5
41efd446-32ff-4f0f-929f-bbda43956387,0.25,0.13,ab4a70858e,0.0779266208410263,-25.970149253731343,-6.273584905660378,180.0,10.74,19,30,8,2.5132741228718345,1,3.0,5,0.06,/user/raabe14/u19361/workspace-allen/results/zebra/sub-830795_ses-ecephys-830795-2026-02-23-15-03-59_ecephys.nwb/ProbeF/trial_0/phase_1/lib_ab4a70858e/lib_ab4a70858e__delay_0.25__dur_0.13.h5
42c98fd4-3b57-4084-8610-0313e2bfbacd,0.30000000000000004,0.18000000000000002,ab4a70858e,0.10387948155403137,-18.80597014925373,42.12264150943396,157.4840764271708,7.16,23,3,7,2.199114857512855,0,2.0,12,1.3,/user/raabe14/u19361/workspace-allen/results/zebra/sub-830795_ses-ecephys-830795-2026-02-23-15-03-59_ecephys.nwb/ProbeF/trial_0/phase_1/lib_ab4a70858e/lib_ab4a70858e__delay_0.30000000000000004__dur_0.18000000000000002.h5
435817b4-b9f0-4cce-82ea-d05dcf290e89,0.06,0.08,ab4a70858e,0.15969233214855194,9.85074626865672,-22.40566037735849,67.51591472682667,14.32,39,39,3,0.9424777960769379,2,4.0,12,1.3,/user/raabe14/u19361/workspace-allen/results/zebra/sub-830795_ses-ecephys-830795-2026-02-23-15-03-59_ecephys.nwb/ProbeF/trial_0/phase_1/lib_ab4a70858e/lib_ab4a70858e__delay_0.06__dur_0.08.h5
44971c88-237a-471b-9962-3943c84010bc,0.15000000000000002,0.18000000000000002,ab4a70858e,0.08175475150346756,47.462686567164184,22.405660377358487,180.0,21.49,60,14,8,2.5132741228718345,4,6.0,9,0.1,/user/raabe14/u19361/workspace-allen/results/zebra/sub-830795_ses-ecephys-830795-2026-02-23-15-03-59_ecephys.nwb/ProbeF/trial_0/phase_1/lib_ab4a70858e/lib_ab4a70858e__delay_0.15000000000000002__dur_0.18000000000000002.h5
45924edd-3ab6-4d7c-8738-8c52217a89bd,0.0,0.18000000000000002,ab4a70858e,0.0755566731095314,51.04477611940298,0.8962264150943398,22.515923572829163,7.16,62,26,9,2.827433388230814,0,2.0,9,0.1,/user/raabe14/u19361/workspace-allen/results/zebra/sub-830795_ses-ecephys-830795-2026-02-23-15-03-59_ecephys.nwb/ProbeF/trial_0/phase_1/lib_ab4a70858e/lib_ab4a70858e__delay_0.0__dur_0.18000000000000002.h5
45b20696-0703-46e1-a668-93e35e9e4321,0.01,0.03,ab4a70858e,0.0,-60.0,47.5,0.0,7.16,0,0,0,0.0,0,2.0,0,0.01,/user/raabe14/u19361/workspace-allen/results/zebra/sub-830795_ses-ecephys-830795-2026-02-23-15-03-59_ecephys.nwb/ProbeF/trial_0/phase_1/lib_ab4a70858e/lib_ab4a70858e__delay_0.01__dur_0.03.h5
45fb3b85-823a-4861-b7a0-76fe8a83dfad,0.09,0.13,ab4a70858e,0.06912095844745636,-43.88059701492537,27.783018867924525,67.51591472682667,14.32,9,11,3,0.9424777960769379,2,4.0,9,0.1,/user/raabe14/u19361/workspace-allen/results/zebra/sub-830795_ses-ecephys-830795-2026-02-23-15-03-59_ecephys.nwb/ProbeF/trial_0/phase_1/lib_ab4a70858e/lib_ab4a70858e__delay_0.09__dur_0.13.h5
468eec78-5fb3-4c08-9d74-8d42d6de0e40,0.01,0.03,ab4a70858e,0.0,-60.0,47.5,0.0,7.16,0,0,0,0.0,0,2.0,0,0.01,/user/raabe14/u19361/workspace-allen/results/zebra/sub-830795_ses-ecephys-830795-2026-02-23-15-03-59_ecephys.nwb/ProbeF/trial_0/phase_1/lib_ab4a70858e/lib_ab4a70858e__delay_0.01__dur_0.03.h5
4694af6d-a603-47b2-8d0e-96e23ea9f9c3,0.2,0.23,ab4a70858e,0.06905028969049454,-13.43283582089552,-8.066037735849058,134.9774869247291,10.74,26,31,6,1.8849555921538759,1,3.0,9,0.1,/user/raabe14/u19361/workspace-allen/results/zebra/sub-830795_ses-ecephys-830795-2026-02-23-15-03-59_ecephys.nwb/ProbeF/trial_0/phase_1/lib_ab4a70858e/lib_ab4a70858e__delay_0.2__dur_0.23.h5
46f1a3b2-862e-4943-8a30-72abb0c2b21a,0.09,0.23,ab4a70858e,0.08912838250398636,0.8955223880597032,11.650943396226417,45.02251307527088,17.91,34,20,2,0.6283185307179586,3,5.0,9,0.1,/user/raabe14/u19361/workspace-allen/results/zebra/sub-830795_ses-ecephys-830795-2026-02-23-15-03-59_ecephys.nwb/ProbeF/trial_0/phase_1/lib_ab4a70858e/lib_ab4a70858e__delay_0.09__dur_0.23.h5
474ba720-3cff-4fde-961a-76115133a017,0.01,0.03,ab4a70858e,0.0,-60.0,47.5,0.0,7.16,0,0,0,0.0,0,2.0,0,0.01,/user/raabe14/u19361/workspace-allen/results/zebra/sub-830795_ses-ecephys-830795-2026-02-23-15-03-59_ecephys.nwb/ProbeF/trial_0/phase_1/lib_ab4a70858e/lib_ab4a70858e__delay_0.01__dur_0.03.h5
48082bb3-2c84-4f7c-a014-9b8b4109cc89,0.06,0.08,ab4a70858e,0.15969233214855194,9.85074626865672,-22.40566037735849,67.51591472682667,14.32,39,39,3,0.9424777960769379,2,4.0,12,1.3,/user/raabe14/u19361/workspace-allen/results/zebra/sub-830795_ses-ecephys-830795-2026-02-23-15-03-59_ecephys.nwb/ProbeF/trial_0/phase_1/lib_ab4a70858e/lib_ab4a70858e__delay_0.06__dur_0.08.h5
490a485a-ff16-40ab-848a-1370875d6aa0,0.02,0.18000000000000002,ab4a70858e,0.078197181224823,-49.25373134328358,-31.367924528301888,67.51591472682667,10.74,6,44,3,0.9424777960769379,1,3.0,9,0.1,/user/raabe14/u19361/workspace-allen/results/zebra/sub-830795_ses-ecephys-830795-2026-02-23-15-03-59_ecephys.nwb/ProbeF/trial_0/phase_1/lib_ab4a70858e/lib_ab4a70858e__delay_0.02__dur_0.18000000000000002.h5
49c4ac12-d600-467f-899c-12aec214ddd6,0.01,0.08,ab4a70858e,0.07333487272262573,9.85074626865672,0.8962264150943398,112.48408527317332,10.74,39,26,5,1.5707963267948966,1,3.0,9,0.1,/user/raabe14/u19361/workspace-allen/results/zebra/sub-830795_ses-ecephys-830795-2026-02-23-15-03-59_ecephys.nwb/ProbeF/trial_0/phase_1/lib_ab4a70858e/lib_ab4a70858e__delay_0.01__dur_0.08.h5
4a4d85e8-e6c5-4387-b072-2e3ba223ab0b,0.0,0.13,ab4a70858e,0.09923306852579117,-25.970149253731343,40.33018867924528,45.02251307527088,7.16,19,4,2,0.6283185307179586,0,2.0,12,1.3,/user/raabe14/u19361/workspace-allen/results/zebra/sub-830795_ses-ecephys-830795-2026-02-23-15-03-59_ecephys.nwb/ProbeF/trial_0/phase_1/lib_ab4a70858e/lib_ab4a70858e__delay_0.0__dur_0.13.h5
4a7358b4-1e97-484a-ace7-c1548ecaed79,0.01,0.23,ab4a70858e,0.08094725012779236,-8.059701492537314,-6.273584905660378,22.515923572829195,17.91,29,30,1,0.3141592653589793,3,5.0,1,0.02,/user/raabe14/u19361/workspace-allen/results/zebra/sub-830795_ses-ecephys-830795-2026-02-23-15-03-59_ecephys.nwb/ProbeF/trial_0/phase_1/lib_ab4a70858e/lib_ab4a70858e__delay_0.01__dur_0.23.h5
4ad90989-45e1-4ed7-a106-a4d588c8c44c,0.15000000000000002,0.13,ab4a70858e,0.07155680656433105,-49.25373134328358,-33.160377358490564,22.515923572829163,28.65,6,45,9,2.827433388230814,5,8.0,7,0.08,/user/raabe14/u19361/workspace-allen/results/zebra/sub-830795_ses-ecephys-830795-2026-02-23-15-03-59_ecephys.nwb/ProbeF/trial_0/phase_1/lib_ab4a70858e/lib_ab4a70858e__delay_0.15000000000000002__dur_0.13.h5
4b1c997a-d7b6-40d1-b735-a14c27803c6d,0.2,0.23,ab4a70858e,0.0801747664809227,25.97014925373135,8.066037735849058,67.51591472682667,28.65,48,22,3,0.9424777960769379,5,8.0,9,0.1,/user/raabe14/u19361/workspace-allen/results/zebra/sub-830795_ses-ecephys-830795-2026-02-23-15-03-59_ecephys.nwb/ProbeF/trial_0/phase_1/lib_ab4a70858e/lib_ab4a70858e__delay_0.2__dur_0.23.h5
4b4710a2-0887-4f1d-8ef5-360c3dbfe2cc,0.01,0.03,ab4a70858e,0.0,-60.0,47.5,0.0,7.16,0,0,0,0.0,0,2.0,0,0.01,/user/raabe14/u19361/workspace-allen/results/zebra/sub-830795_ses-ecephys-830795-2026-02-23-15-03-59_ecephys.nwb/ProbeF/trial_0/phase_1/lib_ab4a70858e/lib_ab4a70858e__delay_0.01__dur_0.03.h5
4b823938-a88f-414f-bcaa-158a2d664a1f,0.1,0.18000000000000002,ab4a70858e,0.08625510334968567,-15.223880597014926,0.8962264150943398,22.515923572829163,7.16,25,26,9,2.827433388230814,0,2.0,9,0.1,/user/raabe14/u19361/workspace-allen/results/zebra/sub-830795_ses-ecephys-830795-2026-02-23-15-03-59_ecephys.nwb/ProbeF/trial_0/phase_1/lib_ab4a70858e/lib_ab4a70858e__delay_0.1__dur_0.18000000000000002.h5
4bcd3156-dcfa-4e6b-95c3-c724dd485704,0.15000000000000002,0.23,ab4a70858e,0.11634733527898788,24.179104477611943,-24.19811320754717,45.02251307527088,17.91,47,40,2,0.6283185307179586,3,5.0,9,0.1,/user/raabe14/u19361/workspace-allen/results/zebra/sub-830795_ses-ecephys-830795-2026-02-23-15-03-59_ecephys.nwb/ProbeF/trial_0/phase_1/lib_ab4a70858e/lib_ab4a70858e__delay_0.15000000000000002__dur_0.23.h5
4c3ba134-405b-46d2-a267-1acd4c9903d0,0.07,0.23,ab4a70858e,0.08469446003437042,-51.04477611940298,24.198113207547166,180.0,7.16,5,13,8,2.5132741228718345,0,2.0,12,1.3,/user/raabe14/u19361/workspace-allen/results/zebra/sub-830795_ses-ecephys-830795-2026-02-23-15-03-59_ecephys.nwb/ProbeF/trial_0/phase_1/lib_ab4a70858e/lib_ab4a70858e__delay_0.07__dur_0.23.h5
4c7936d6-88c5-4d52-9343-0e868028629d,0.01,0.03,ab4a70858e,0.0,-60.0,47.5,0.0,7.16,0,0,0,0.0,0,2.0,0,0.01,/user/raabe14/u19361/workspace-allen/results/zebra/sub-830795_ses-ecephys-830795-2026-02-23-15-03-59_ecephys.nwb/ProbeF/trial_0/phase_1/lib_ab4a70858e/lib_ab4a70858e__delay_0.01__dur_0.03.h5
4c9d6828-9f1e-4e42-97e3-0822f4e1af2f,0.30000000000000004,0.23,ab4a70858e,0.08194687962532043,51.04477611940298,2.6886792452830193,0.0,7.16,62,25,0,0.0,0,2.0,11,1.2,/user/raabe14/u19361/workspace-allen/results/zebra/sub-830795_ses-ecephys-830795-2026-02-23-15-03-59_ecephys.nwb/ProbeF/trial_0/phase_1/lib_ab4a70858e/lib_ab4a70858e__delay_0.30000000000000004__dur_0.23.h5
4e08da71-7916-4191-988b-9256d8a0519e,0.09,0.18000000000000002,ab4a70858e,0.09938546270132065,-9.850746268656714,-4.481132075471699,134.9774869247291,10.74,28,29,6,1.8849555921538759,1,3.0,9,0.1,/user/raabe14/u19361/workspace-allen/results/zebra/sub-830795_ses-ecephys-830795-2026-02-23-15-03-59_ecephys.nwb/ProbeF/trial_0/phase_1/lib_ab4a70858e/lib_ab4a70858e__delay_0.09__dur_0.18000000000000002.h5
4e2ede16-24b4-4a2c-b91b-94735017d3b0,0.30000000000000004,0.23,ab4a70858e,0.10041450709104538,-4.477611940298509,-22.40566037735849,0.0,17.91,31,39,0,0.0,3,5.0,11,1.2,/user/raabe14/u19361/workspace-allen/results/zebra/sub-830795_ses-ecephys-830795-2026-02-23-15-03-59_ecephys.nwb/ProbeF/trial_0/phase_1/lib_ab4a70858e/lib_ab4a70858e__delay_0.30000000000000004__dur_0.23.h5
4e6b1214-4696-4914-b348-dfc0aa89acf0,0.0,0.18000000000000002,ab4a70858e,0.06720343232154846,58.20895522388061,-25.99056603773585,180.0,7.16,66,41,8,2.5132741228718345,0,2.0,12,1.3,/user/raabe14/u19361/workspace-allen/results/zebra/sub-830795_ses-ecephys-830795-2026-02-23-15-03-59_ecephys.nwb/ProbeF/trial_0/phase_1/lib_ab4a70858e/lib_ab4a70858e__delay_0.0__dur_0.18000000000000002.h5
4e8b589b-ad03-4282-9894-6add8778cabf,0.01,0.13,ab4a70858e,0.07346493750810623,-18.80597014925373,-4.481132075471699,90.0,17.91,23,29,4,1.2566370614359172,3,5.0,10,1.1,/user/raabe14/u19361/workspace-allen/results/zebra/sub-830795_ses-ecephys-830795-2026-02-23-15-03-59_ecephys.nwb/ProbeF/trial_0/phase_1/lib_ab4a70858e/lib_ab4a70858e__delay_0.01__dur_0.13.h5
4e93488b-b032-4f49-8270-6f7d40e6029b,0.01,0.03,ab4a70858e,0.0,-60.0,47.5,0.0,7.16,0,0,0,0.0,0,2.0,0,0.01,/user/raabe14/u19361/workspace-allen/results/zebra/sub-830795_ses-ecephys-830795-2026-02-23-15-03-59_ecephys.nwb/ProbeF/trial_0/phase_1/lib_ab4a70858e/lib_ab4a70858e__delay_0.01__dur_0.03.h5
4fe8d515-9677-4987-bb6e-925d9dc06957,0.06,0.23,ab4a70858e,0.08511969447135925,0.8955223880597032,-11.650943396226417,112.48408527317332,17.91,34,33,5,1.5707963267948966,3,5.0,11,1.2,/user/raabe14/u19361/workspace-allen/results/zebra/sub-830795_ses-ecephys-830795-2026-02-23-15-03-59_ecephys.nwb/ProbeF/trial_0/phase_1/lib_ab4a70858e/lib_ab4a70858e__delay_0.06__dur_0.23.h5
501035ba-c99e-446a-bc14-b1a98ce79507,0.25,0.23,ab4a70858e,0.07529287040233612,-52.83582089552239,47.5,90.0,7.16,4,0,4,1.2566370614359172,0,2.0,9,0.1,/user/raabe14/u19361/workspace-allen/results/zebra/sub-830795_ses-ecephys-830795-2026-02-23-15-03-59_ecephys.nwb/ProbeF/trial_0/phase_1/lib_ab4a70858e/lib_ab4a70858e__delay_0.25__dur_0.23.h5
5063a63c-837a-42a0-8a3d-56f84e491b12,0.05,0.23,ab4a70858e,0.09007497876882553,-43.88059701492537,-36.74528301886792,134.9774869247291,21.49,9,47,6,1.8849555921538759,4,6.0,9,0.1,/user/raabe14/u19361/workspace-allen/results/zebra/sub-830795_ses-ecephys-830795-2026-02-23-15-03-59_ecephys.nwb/ProbeF/trial_0/phase_1/lib_ab4a70858e/lib_ab4a70858e__delay_0.05__dur_0.23.h5
5064e187-db19-4581-a691-429217543f01,0.0,0.18000000000000002,ab4a70858e,0.07628343999385834,33.13432835820896,25.990566037735846,157.4840764271708,21.49,52,12,7,2.199114857512855,4,6.0,9,0.1,/user/raabe14/u19361/workspace-allen/results/zebra/sub-830795_ses-ecephys-830795-2026-02-23-15-03-59_ecephys.nwb/ProbeF/trial_0/phase_1/lib_ab4a70858e/lib_ab4a70858e__delay_0.0__dur_0.18000000000000002.h5
50a472b7-f0dc-419e-ae46-77c7f25801cb,0.2,0.23,ab4a70858e,0.07993914186954498,34.92537313432837,-17.028301886792452,90.0,14.32,53,36,4,1.2566370614359172,2,4.0,5,0.06,/user/raabe14/u19361/workspace-allen/results/zebra/sub-830795_ses-ecephys-830795-2026-02-23-15-03-59_ecephys.nwb/ProbeF/trial_0/phase_1/lib_ab4a70858e/lib_ab4a70858e__delay_0.2__dur_0.23.h5
50a4d1e8-8dcf-47bb-95e8-e599025cd2c3,0.01,0.03,ab4a70858e,0.0,-60.0,47.5,0.0,7.16,0,0,0,0.0,0,2.0,0,0.01,/user/raabe14/u19361/workspace-allen/results/zebra/sub-830795_ses-ecephys-830795-2026-02-23-15-03-59_ecephys.nwb/ProbeF/trial_0/phase_1/lib_ab4a70858e/lib_ab4a70858e__delay_0.01__dur_0.03.h5
50b04352-7f4e-4e74-8041-4858c96b4507,0.30000000000000004,0.18000000000000002,ab4a70858e,0.08123278617858887,31.343283582089555,0.8962264150943398,134.9774869247291,28.65,51,26,6,1.8849555921538759,5,8.0,7,0.08,/user/raabe14/u19361/workspace-allen/results/zebra/sub-830795_ses-ecephys-830795-2026-02-23-15-03-59_ecephys.nwb/ProbeF/trial_0/phase_1/lib_ab4a70858e/lib_ab4a70858e__delay_0.30000000000000004__dur_0.18000000000000002.h5
50d07264-d06b-4865-b49c-4d6dc9737c0f,0.25,0.23,ab4a70858e,0.10610397905111313,-18.80597014925373,-9.858490566037737,157.4840764271708,21.49,23,32,7,2.199114857512855,4,6.0,12,1.3,/user/raabe14/u19361/workspace-allen/results/zebra/sub-830795_ses-ecephys-830795-2026-02-23-15-03-59_ecephys.nwb/ProbeF/trial_0/phase_1/lib_ab4a70858e/lib_ab4a70858e__delay_0.25__dur_0.23.h5
51121ee0-a8b3-4cd6-85f9-542e3022fbd4,0.01,0.03,ab4a70858e,0.0,-60.0,47.5,0.0,7.16,0,0,0,0.0,0,2.0,0,0.01,/user/raabe14/u19361/workspace-allen/results/zebra/sub-830795_ses-ecephys-830795-2026-02-23-15-03-59_ecephys.nwb/ProbeF/trial_0/phase_1/lib_ab4a70858e/lib_ab4a70858e__delay_0.01__dur_0.03.h5
5124453e-65ba-44cc-9231-ff1c2f3a4d44,0.02,0.18000000000000002,ab4a70858e,0.07504703104496002,-13.43283582089552,4.481132075471699,45.02251307527088,10.74,26,24,2,0.6283185307179586,1,3.0,11,1.2,/user/raabe14/u19361/workspace-allen/results/zebra/sub-830795_ses-ecephys-830795-2026-02-23-15-03-59_ecephys.nwb/ProbeF/trial_0/phase_1/lib_ab4a70858e/lib_ab4a70858e__delay_0.02__dur_0.18000000000000002.h5
51a52cb6-cee9-4c58-945e-eca22eaabf41,0.15000000000000002,0.23,ab4a70858e,0.08247146755456924,-4.477611940298509,-20.61320754716981,0.0,14.32,31,38,0,0.0,2,4.0,11,1.2,/user/raabe14/u19361/workspace-allen/results/zebra/sub-830795_ses-ecephys-830795-2026-02-23-15-03-59_ecephys.nwb/ProbeF/trial_0/phase_1/lib_ab4a70858e/lib_ab4a70858e__delay_0.15000000000000002__dur_0.23.h5
51ae2eb0-7347-4b07-8454-5921b75f309c,0.08,0.23,ab4a70858e,0.07983753830194473,-2.6865671641791025,45.70754716981132,22.515923572829195,14.32,32,1,1,0.3141592653589793,2,4.0,9,0.1,/user/raabe14/u19361/workspace-allen/results/zebra/sub-830795_ses-ecephys-830795-2026-02-23-15-03-59_ecephys.nwb/ProbeF/trial_0/phase_1/lib_ab4a70858e/lib_ab4a70858e__delay_0.08__dur_0.23.h5
524cbce3-d3c5-4d39-990b-253930dc9525,0.1,0.18000000000000002,ab4a70858e,0.06809467822313309,0.8955223880597032,-22.40566037735849,67.51591472682667,17.91,34,39,3,0.9424777960769379,3,5.0,5,0.06,/user/raabe14/u19361/workspace-allen/results/zebra/sub-830795_ses-ecephys-830795-2026-02-23-15-03-59_ecephys.nwb/ProbeF/trial_0/phase_1/lib_ab4a70858e/lib_ab4a70858e__delay_0.1__dur_0.18000000000000002.h5
52a0c9ed-412e-4ef3-80b5-3fdc7e757a65,0.01,0.18000000000000002,ab4a70858e,0.08045290410518646,-8.059701492537314,2.6886792452830193,22.515923572829163,10.74,29,25,9,2.827433388230814,1,3.0,0,0.01,/user/raabe14/u19361/workspace-allen/results/zebra/sub-830795_ses-ecephys-830795-2026-02-23-15-03-59_ecephys.nwb/ProbeF/trial_0/phase_1/lib_ab4a70858e/lib_ab4a70858e__delay_0.01__dur_0.18000000000000002.h5
534f05fb-c4c4-476d-bc15-92cb8ab5c727,0.25,0.23,ab4a70858e,0.08017133921384811,0.8955223880597032,11.650943396226417,0.0,17.91,34,20,0,0.0,3,5.0,6,0.07,/user/raabe14/u19361/workspace-allen/results/zebra/sub-830795_ses-ecephys-830795-2026-02-23-15-03-59_ecephys.nwb/ProbeF/trial_0/phase_1/lib_ab4a70858e/lib_ab4a70858e__delay_0.25__dur_0.23.h5
53b38493-0d56-4553-a2ee-1b4a60df60d7,0.01,0.03,ab4a70858e,0.0,-60.0,47.5,0.0,7.16,0,0,0,0.0,0,2.0,0,0.01,/user/raabe14/u19361/workspace-allen/results/zebra/sub-830795_ses-ecephys-830795-2026-02-23-15-03-59_ecephys.nwb/ProbeF/trial_0/phase_1/lib_ab4a70858e/lib_ab4a70858e__delay_0.01__dur_0.03.h5
53bc4c1d-3678-4303-ae1b-89d3ec5fdd63,0.09,0.13,ab4a70858e,0.07145720720291138,58.20895522388061,-45.70754716981132,157.4840764271708,17.91,66,52,7,2.199114857512855,3,5.0,6,0.07,/user/raabe14/u19361/workspace-allen/results/zebra/sub-830795_ses-ecephys-830795-2026-02-23-15-03-59_ecephys.nwb/ProbeF/trial_0/phase_1/lib_ab4a70858e/lib_ab4a70858e__delay_0.09__dur_0.13.h5
543c6c57-70bc-45f6-a929-b876f59c9792,0.30000000000000004,0.23,ab4a70858e,0.1283022165298462,18.80597014925374,18.820754716981128,0.0,14.32,44,16,0,0.0,2,4.0,11,1.2,/user/raabe14/u19361/workspace-allen/results/zebra/sub-830795_ses-ecephys-830795-2026-02-23-15-03-59_ecephys.nwb/ProbeF/trial_0/phase_1/lib_ab4a70858e/lib_ab4a70858e__delay_0.30000000000000004__dur_0.23.h5
547f6cd8-c398-4c89-8a7d-0d68929619d6,0.01,0.03,ab4a70858e,0.0,-60.0,47.5,0.0,7.16,0,0,0,0.0,0,2.0,0,0.01,/user/raabe14/u19361/workspace-allen/results/zebra/sub-830795_ses-ecephys-830795-2026-02-23-15-03-59_ecephys.nwb/ProbeF/trial_0/phase_1/lib_ab4a70858e/lib_ab4a70858e__delay_0.01__dur_0.03.h5
54cf9b25-b432-4f55-9020-8d608afc39df,0.1,0.18000000000000002,ab4a70858e,0.078581303358078,2.6865671641791096,0.8962264150943398,45.02251307527088,7.16,35,26,2,0.6283185307179586,0,2.0,8,0.09,/user/raabe14/u19361/workspace-allen/results/zebra/sub-830795_ses-ecephys-830795-2026-02-23-15-03-59_ecephys.nwb/ProbeF/trial_0/phase_1/lib_ab4a70858e/lib_ab4a70858e__delay_0.1__dur_0.18000000000000002.h5
554bac54-8058-4832-b445-3683d3c7bf4f,0.0,0.18000000000000002,ab4a70858e,0.08349382132291794,-6.268656716417908,-8.066037735849058,157.4840764271708,28.65,30,31,7,2.199114857512855,5,8.0,12,1.3,/user/raabe14/u19361/workspace-allen/results/zebra/sub-830795_ses-ecephys-830795-2026-02-23-15-03-59_ecephys.nwb/ProbeF/trial_0/phase_1/lib_ab4a70858e/lib_ab4a70858e__delay_0.0__dur_0.18000000000000002.h5
556fea15-d0b5-4847-abff-9f81cab5028b,0.15000000000000002,0.08,ab4a70858e,0.06917873024940491,-47.46268656716418,-33.160377358490564,180.0,21.49,7,45,8,2.5132741228718345,4,6.0,8,0.09,/user/raabe14/u19361/workspace-allen/results/zebra/sub-830795_ses-ecephys-830795-2026-02-23-15-03-59_ecephys.nwb/ProbeF/trial_0/phase_1/lib_ab4a70858e/lib_ab4a70858e__delay_0.15000000000000002__dur_0.08.h5
5703e5ae-5062-415f-a9da-af16308031ff,0.30000000000000004,0.18000000000000002,ab4a70858e,0.07870901376008987,-6.268656716417908,-6.273584905660378,22.515923572829163,21.49,30,30,9,2.827433388230814,4,6.0,7,0.08,/user/raabe14/u19361/workspace-allen/results/zebra/sub-830795_ses-ecephys-830795-2026-02-23-15-03-59_ecephys.nwb/ProbeF/trial_0/phase_1/lib_ab4a70858e/lib_ab4a70858e__delay_0.30000000000000004__dur_0.18000000000000002.h5
58392e31-482f-4d78-abfc-ae7259ee2fe3,0.03,0.18000000000000002,ab4a70858e,0.08585011214017868,-15.223880597014926,-6.273584905660378,90.0,17.91,25,30,4,1.2566370614359172,3,5.0,2,0.03,/user/raabe14/u19361/workspace-allen/results/zebra/sub-830795_ses-ecephys-830795-2026-02-23-15-03-59_ecephys.nwb/ProbeF/trial_0/phase_1/lib_ab4a70858e/lib_ab4a70858e__delay_0.03__dur_0.18000000000000002.h5
58ef6466-9f55-4b9e-8216-d277bfeebad3,0.04,0.23,ab4a70858e,0.16771544516086578,4.477611940298516,27.783018867924525,67.51591472682667,10.74,36,11,3,0.9424777960769379,1,3.0,12,1.3,/user/raabe14/u19361/workspace-allen/results/zebra/sub-830795_ses-ecephys-830795-2026-02-23-15-03-59_ecephys.nwb/ProbeF/trial_0/phase_1/lib_ab4a70858e/lib_ab4a70858e__delay_0.04__dur_0.23.h5
5a3307e4-8c9e-45d8-91b8-17a7941b8960,0.15000000000000002,0.13,ab4a70858e,0.0724676176905632,43.88059701492537,-6.273584905660378,22.515923572829163,28.65,58,30,9,2.827433388230814,5,8.0,9,0.1,/user/raabe14/u19361/workspace-allen/results/zebra/sub-830795_ses-ecephys-830795-2026-02-23-15-03-59_ecephys.nwb/ProbeF/trial_0/phase_1/lib_ab4a70858e/lib_ab4a70858e__delay_0.15000000000000002__dur_0.13.h5
5a5c7b2b-ce3b-470c-9e4d-f7cc1e564376,0.06,0.23,ab4a70858e,0.08727104961872101,-56.417910447761194,33.160377358490564,0.0,10.74,2,8,0,0.0,1,3.0,11,1.2,/user/raabe14/u19361/workspace-allen/results/zebra/sub-830795_ses-ecephys-830795-2026-02-23-15-03-59_ecephys.nwb/ProbeF/trial_0/phase_1/lib_ab4a70858e/lib_ab4a70858e__delay_0.06__dur_0.23.h5
5a764d2c-b503-4955-9757-f67e1e50f3ce,0.15000000000000002,0.23,ab4a70858e,0.40770724415779114,-6.268656716417908,-8.066037735849058,180.0,17.91,30,31,8,2.5132741228718345,3,5.0,12,1.3,/user/raabe14/u19361/workspace-allen/results/zebra/sub-830795_ses-ecephys-830795-2026-02-23-15-03-59_ecephys.nwb/ProbeF/trial_0/phase_1/lib_ab4a70858e/lib_ab4a70858e__delay_0.15000000000000002__dur_0.23.h5
5bb9966c-6a81-4c96-969d-a78c5afb6fcf,0.2,0.23,ab4a70858e,0.0803191289305687,8.059701492537314,-15.235849056603776,45.02251307527088,21.49,38,35,2,0.6283185307179586,4,6.0,7,0.08,/user/raabe14/u19361/workspace-allen/results/zebra/sub-830795_ses-ecephys-830795-2026-02-23-15-03-59_ecephys.nwb/ProbeF/trial_0/phase_1/lib_ab4a70858e/lib_ab4a70858e__delay_0.2__dur_0.23.h5
5bc6a376-49f2-4815-b652-157c47790012,0.15000000000000002,0.23,ab4a70858e,0.28971049189567566,-6.268656716417908,-8.066037735849058,180.0,21.49,30,31,8,2.5132741228718345,4,6.0,12,1.3,/user/raabe14/u19361/workspace-allen/results/zebra/sub-830795_ses-ecephys-830795-2026-02-23-15-03-59_ecephys.nwb/ProbeF/trial_0/phase_1/lib_ab4a70858e/lib_ab4a70858e__delay_0.15000000000000002__dur_0.23.h5
5bec713c-b5c9-4cc7-a749-4e9b03f50421,0.25,0.18000000000000002,ab4a70858e,0.08177056163549423,-18.80597014925373,-2.6886792452830193,90.0,7.16,23,28,4,1.2566370614359172,0,2.0,0,0.01,/user/raabe14/u19361/workspace-allen/results/zebra/sub-830795_ses-ecephys-830795-2026-02-23-15-03-59_ecephys.nwb/ProbeF/trial_0/phase_1/lib_ab4a70858e/lib_ab4a70858e__delay_0.25__dur_0.18000000000000002.h5
5c881bb6-ebe6-480b-80a3-6569fa9b943d,0.1,0.23,ab4a70858e,0.08867213129997253,-56.417910447761194,42.12264150943396,67.51591472682667,7.16,2,3,3,0.9424777960769379,0,2.0,9,0.1,/user/raabe14/u19361/workspace-allen/results/zebra/sub-830795_ses-ecephys-830795-2026-02-23-15-03-59_ecephys.nwb/ProbeF/trial_0/phase_1/lib_ab4a70858e/lib_ab4a70858e__delay_0.1__dur_0.23.h5
5cce330c-4f7c-46d2-965c-1f530e391b08,0.0,0.08,ab4a70858e,0.07537338882684708,-11.64179104477612,-0.8962264150943398,67.51591472682667,7.16,27,27,3,0.9424777960769379,0,2.0,12,1.3,/user/raabe14/u19361/workspace-allen/results/zebra/sub-830795_ses-ecephys-830795-2026-02-23-15-03-59_ecephys.nwb/ProbeF/trial_0/phase_1/lib_ab4a70858e/lib_ab4a70858e__delay_0.0__dur_0.08.h5
5d044c3c-4328-4797-8bf4-7524797c5168,0.05,0.23,ab4a70858e,0.07463126629590988,-8.059701492537314,42.12264150943396,0.0,28.65,29,3,0,0.0,5,8.0,9,0.1,/user/raabe14/u19361/workspace-allen/results/zebra/sub-830795_ses-ecephys-830795-2026-02-23-15-03-59_ecephys.nwb/ProbeF/trial_0/phase_1/lib_ab4a70858e/lib_ab4a70858e__delay_0.05__dur_0.23.h5
5d592116-dbed-4152-9da7-785c0c9289a1,0.0,0.23,ab4a70858e,0.06975887715816498,-47.46268656716418,17.02830188679245,67.51591472682667,14.32,7,17,3,0.9424777960769379,2,4.0,9,0.1,/user/raabe14/u19361/workspace-allen/results/zebra/sub-830795_ses-ecephys-830795-2026-02-23-15-03-59_ecephys.nwb/ProbeF/trial_0/phase_1/lib_ab4a70858e/lib_ab4a70858e__delay_0.0__dur_0.23.h5
5d7fca92-b7d1-4b6f-8097-58399a57b8eb,0.08,0.13,ab4a70858e,0.07412075251340866,-6.268656716417908,-22.40566037735849,112.48408527317332,10.74,30,39,5,1.5707963267948966,1,3.0,8,0.09,/user/raabe14/u19361/workspace-allen/results/zebra/sub-830795_ses-ecephys-830795-2026-02-23-15-03-59_ecephys.nwb/ProbeF/trial_0/phase_1/lib_ab4a70858e/lib_ab4a70858e__delay_0.08__dur_0.13.h5
5d8f1815-cc09-400a-92c2-f01916979d49,0.25,0.13,ab4a70858e,0.07156053185462952,24.179104477611943,-31.367924528301888,0.0,7.16,47,44,0,0.0,0,2.0,11,1.2,/user/raabe14/u19361/workspace-allen/results/zebra/sub-830795_ses-ecephys-830795-2026-02-23-15-03-59_ecephys.nwb/ProbeF/trial_0/phase_1/lib_ab4a70858e/lib_ab4a70858e__delay_0.25__dur_0.13.h5
5deb3118-e610-4043-9614-cda9e05fc285,0.01,0.03,ab4a70858e,0.0,-60.0,47.5,0.0,7.16,0,0,0,0.0,0,2.0,0,0.01,/user/raabe14/u19361/workspace-allen/results/zebra/sub-830795_ses-ecephys-830795-2026-02-23-15-03-59_ecephys.nwb/ProbeF/trial_0/phase_1/lib_ab4a70858e/lib_ab4a70858e__delay_0.01__dur_0.03.h5
5e5d7ea5-fbf3-4377-8a03-9963ba6459ed,0.0,0.13,ab4a70858e,0.08196835219860077,8.059701492537314,0.8962264150943398,22.515923572829195,21.49,38,26,1,0.3141592653589793,4,6.0,9,0.1,/user/raabe14/u19361/workspace-allen/results/zebra/sub-830795_ses-ecephys-830795-2026-02-23-15-03-59_ecephys.nwb/ProbeF/trial_0/phase_1/lib_ab4a70858e/lib_ab4a70858e__delay_0.0__dur_0.13.h5
5facd701-17a5-4480-b7ea-cc2cec2f32c7,0.30000000000000004,0.23,ab4a70858e,0.11333099007606506,-13.43283582089552,-20.61320754716981,112.48408527317332,14.32,26,38,5,1.5707963267948966,2,4.0,11,1.2,/user/raabe14/u19361/workspace-allen/results/zebra/sub-830795_ses-ecephys-830795-2026-02-23-15-03-59_ecephys.nwb/ProbeF/trial_0/phase_1/lib_ab4a70858e/lib_ab4a70858e__delay_0.30000000000000004__dur_0.23.h5
60e98d47-b3b5-4024-8430-105e046c5f34,0.02,0.23,ab4a70858e,0.09210844337940216,-15.223880597014926,-11.650943396226417,112.48408527317332,17.91,25,33,5,1.5707963267948966,3,5.0,11,1.2,/user/raabe14/u19361/workspace-allen/results/zebra/sub-830795_ses-ecephys-830795-2026-02-23-15-03-59_ecephys.nwb/ProbeF/trial_0/phase_1/lib_ab4a70858e/lib_ab4a70858e__delay_0.02__dur_0.23.h5
61a9ff58-b6a8-472b-871a-415f76b6eabe,0.30000000000000004,0.23,ab4a70858e,0.08696101605892181,22.388059701492537,-18.82075471698113,45.02251307527088,21.49,46,37,2,0.6283185307179586,4,6.0,9,0.1,/user/raabe14/u19361/workspace-allen/results/zebra/sub-830795_ses-ecephys-830795-2026-02-23-15-03-59_ecephys.nwb/ProbeF/trial_0/phase_1/lib_ab4a70858e/lib_ab4a70858e__delay_0.30000000000000004__dur_0.23.h5
626a2646-aab8-4bf9-ac6a-caa93a407a95,0.15000000000000002,0.23,ab4a70858e,0.0908343493938446,-42.089552238805965,-2.6886792452830193,67.51591472682667,10.74,10,28,3,0.9424777960769379,1,3.0,5,0.06,/user/raabe14/u19361/workspace-allen/results/zebra/sub-830795_ses-ecephys-830795-2026-02-23-15-03-59_ecephys.nwb/ProbeF/trial_0/phase_1/lib_ab4a70858e/lib_ab4a70858e__delay_0.15000000000000002__dur_0.23.h5
62fc665e-4539-482f-8a0b-3575c95fba63,0.01,0.03,ab4a70858e,0.0,-60.0,47.5,0.0,7.16,0,0,0,0.0,0,2.0,0,0.01,/user/raabe14/u19361/workspace-allen/results/zebra/sub-830795_ses-ecephys-830795-2026-02-23-15-03-59_ecephys.nwb/ProbeF/trial_0/phase_1/lib_ab4a70858e/lib_ab4a70858e__delay_0.01__dur_0.03.h5
635cadc9-55ad-481a-a48c-23aadf35beb9,0.0,0.13,ab4a70858e,0.1862943023443222,-2.6865671641791025,-8.066037735849058,157.4840764271708,14.32,32,31,7,2.199114857512855,2,4.0,12,1.3,/user/raabe14/u19361/workspace-allen/results/zebra/sub-830795_ses-ecephys-830795-2026-02-23-15-03-59_ecephys.nwb/ProbeF/trial_0/phase_1/lib_ab4a70858e/lib_ab4a70858e__delay_0.0__dur_0.13.h5
6381e553-9d9c-4fb4-9526-0d90deaee3bc,0.30000000000000004,0.23,ab4a70858e,0.07838644087314606,54.626865671641795,4.481132075471699,157.4840764271708,10.74,64,24,7,2.199114857512855,1,3.0,12,1.3,/user/raabe14/u19361/workspace-allen/results/zebra/sub-830795_ses-ecephys-830795-2026-02-23-15-03-59_ecephys.nwb/ProbeF/trial_0/phase_1/lib_ab4a70858e/lib_ab4a70858e__delay_0.30000000000000004__dur_0.23.h5
6444ffc3-2162-4a75-af18-6fa55f3df95b,0.30000000000000004,0.13,ab4a70858e,0.08286383002996445,-17.014925373134325,25.990566037735846,180.0,21.49,24,12,8,2.5132741228718345,4,6.0,9,0.1,/user/raabe14/u19361/workspace-allen/results/zebra/sub-830795_ses-ecephys-830795-2026-02-23-15-03-59_ecephys.nwb/ProbeF/trial_0/phase_1/lib_ab4a70858e/lib_ab4a70858e__delay_0.30000000000000004__dur_0.13.h5
6721c091-def0-4686-bcf9-1c8bd933532e,0.25,0.23,ab4a70858e,0.07379809767007828,13.43283582089552,-22.40566037735849,0.0,28.65,41,39,0,0.0,5,8.0,11,1.2,/user/raabe14/u19361/workspace-allen/results/zebra/sub-830795_ses-ecephys-830795-2026-02-23-15-03-59_ecephys.nwb/ProbeF/trial_0/phase_1/lib_ab4a70858e/lib_ab4a70858e__delay_0.25__dur_0.23.h5
67740a89-d7a2-4d22-8f2a-cd24587dc54e,0.0,0.23,ab4a70858e,0.0818321630358696,-38.507462686567166,-36.74528301886792,134.9774869247291,17.91,12,47,6,1.8849555921538759,3,5.0,9,0.1,/user/raabe14/u19361/workspace-allen/results/zebra/sub-830795_ses-ecephys-830795-2026-02-23-15-03-59_ecephys.nwb/ProbeF/trial_0/phase_1/lib_ab4a70858e/lib_ab4a70858e__delay_0.0__dur_0.23.h5
6782a497-e466-4b5a-83d1-856e3bd38fd2,0.2,0.23,ab4a70858e,0.08126199245452881,33.13432835820896,8.066037735849058,22.515923572829195,10.74,52,22,1,0.3141592653589793,1,3.0,8,0.09,/user/raabe14/u19361/workspace-allen/results/zebra/sub-830795_ses-ecephys-830795-2026-02-23-15-03-59_ecephys.nwb/ProbeF/trial_0/phase_1/lib_ab4a70858e/lib_ab4a70858e__delay_0.2__dur_0.23.h5
679b14eb-49df-434d-9789-679dd30f758b,0.2,0.18000000000000002,ab4a70858e,0.08511321246623993,-38.507462686567166,25.990566037735846,157.4840764271708,17.91,12,12,7,2.199114857512855,3,5.0,9,0.1,/user/raabe14/u19361/workspace-allen/results/zebra/sub-830795_ses-ecephys-830795-2026-02-23-15-03-59_ecephys.nwb/ProbeF/trial_0/phase_1/lib_ab4a70858e/lib_ab4a70858e__delay_0.2__dur_0.18000000000000002.h5
67e09798-bf3b-4fc9-b254-5597781a308b,0.09,0.18000000000000002,ab4a70858e,0.07481848448514938,43.88059701492537,-15.235849056603776,45.02251307527088,10.74,58,35,2,0.6283185307179586,1,3.0,5,0.06,/user/raabe14/u19361/workspace-allen/results/zebra/sub-830795_ses-ecephys-830795-2026-02-23-15-03-59_ecephys.nwb/ProbeF/trial_0/phase_1/lib_ab4a70858e/lib_ab4a70858e__delay_0.09__dur_0.18000000000000002.h5
6850eab1-8ebd-44af-b1aa-a003fd8ec0cd,0.02,0.23,ab4a70858e,0.08290358632802963,-11.64179104477612,25.990566037735846,22.515923572829163,28.65,27,12,9,2.827433388230814,5,8.0,0,0.01,/user/raabe14/u19361/workspace-allen/results/zebra/sub-830795_ses-ecephys-830795-2026-02-23-15-03-59_ecephys.nwb/ProbeF/trial_0/phase_1/lib_ab4a70858e/lib_ab4a70858e__delay_0.02__dur_0.23.h5
697ef139-786c-4c09-82e8-82c79350c9b4,0.25,0.23,ab4a70858e,0.09116753935813904,-0.8955223880596961,11.650943396226417,0.0,17.91,33,20,0,0.0,3,5.0,5,0.06,/user/raabe14/u19361/workspace-allen/results/zebra/sub-830795_ses-ecephys-830795-2026-02-23-15-03-59_ecephys.nwb/ProbeF/trial_0/phase_1/lib_ab4a70858e/lib_ab4a70858e__delay_0.25__dur_0.23.h5
6995aae7-dcb8-4877-8f97-05172ca75920,0.0,0.13,ab4a70858e,0.07547281682491302,-24.179104477611936,-40.33018867924528,180.0,28.65,20,49,8,2.5132741228718345,5,8.0,7,0.08,/user/raabe14/u19361/workspace-allen/results/zebra/sub-830795_ses-ecephys-830795-2026-02-23-15-03-59_ecephys.nwb/ProbeF/trial_0/phase_1/lib_ab4a70858e/lib_ab4a70858e__delay_0.0__dur_0.13.h5
69977c44-8e44-4adb-87c8-19d7f3f02b38,0.06,0.18000000000000002,ab4a70858e,0.11017446219921112,27.761194029850756,13.443396226415096,157.4840764271708,21.49,49,19,7,2.199114857512855,4,6.0,9,0.1,/user/raabe14/u19361/workspace-allen/results/zebra/sub-830795_ses-ecephys-830795-2026-02-23-15-03-59_ecephys.nwb/ProbeF/trial_0/phase_1/lib_ab4a70858e/lib_ab4a70858e__delay_0.06__dur_0.18000000000000002.h5
69ecbd69-423f-4f4a-96cc-0fe8c34597de,0.30000000000000004,0.23,ab4a70858e,0.12000654637813568,-17.014925373134325,-18.82075471698113,45.02251307527088,10.74,24,37,2,0.6283185307179586,1,3.0,12,1.3,/user/raabe14/u19361/workspace-allen/results/zebra/sub-830795_ses-ecephys-830795-2026-02-23-15-03-59_ecephys.nwb/ProbeF/trial_0/phase_1/lib_ab4a70858e/lib_ab4a70858e__delay_0.30000000000000004__dur_0.23.h5
6a73cbd7-83b4-455d-a884-41e540b99e29,0.2,0.23,ab4a70858e,0.0852963924407959,-6.268656716417908,-6.273584905660378,157.4840764271708,17.91,30,30,7,2.199114857512855,3,5.0,3,0.04,/user/raabe14/u19361/workspace-allen/results/zebra/sub-830795_ses-ecephys-830795-2026-02-23-15-03-59_ecephys.nwb/ProbeF/trial_0/phase_1/lib_ab4a70858e/lib_ab4a70858e__delay_0.2__dur_0.23.h5
6aa92762-1daa-49c9-808e-dfcdc36f920b,0.25,0.23,ab4a70858e,0.08931003510951996,-13.43283582089552,-27.78301886792453,134.9774869247291,21.49,26,42,6,1.8849555921538759,4,6.0,7,0.08,/user/raabe14/u19361/workspace-allen/results/zebra/sub-830795_ses-ecephys-830795-2026-02-23-15-03-59_ecephys.nwb/ProbeF/trial_0/phase_1/lib_ab4a70858e/lib_ab4a70858e__delay_0.25__dur_0.23.h5
6ad6e6e8-1845-428c-9f67-5b6c2a53ce18,0.30000000000000004,0.23,ab4a70858e,0.08278223872184753,-25.970149253731343,-0.8962264150943398,45.02251307527088,7.16,19,27,2,0.6283185307179586,0,2.0,12,1.3,/user/raabe14/u19361/workspace-allen/results/zebra/sub-830795_ses-ecephys-830795-2026-02-23-15-03-59_ecephys.nwb/ProbeF/trial_0/phase_1/lib_ab4a70858e/lib_ab4a70858e__delay_0.30000000000000004__dur_0.23.h5
6b5ab99b-3cb2-4e27-be64-9f9aebf9dffe,0.09,0.23,ab4a70858e,0.07344811409711838,-34.92537313432835,-13.443396226415096,180.0,7.16,14,34,8,2.5132741228718345,0,2.0,12,1.3,/user/raabe14/u19361/workspace-allen/results/zebra/sub-830795_ses-ecephys-830795-2026-02-23-15-03-59_ecephys.nwb/ProbeF/trial_0/phase_1/lib_ab4a70858e/lib_ab4a70858e__delay_0.09__dur_0.23.h5
6bba5295-7317-4381-860d-a3f98f0763e9,0.01,0.03,ab4a70858e,0.0,-60.0,47.5,0.0,7.16,0,0,0,0.0,0,2.0,0,0.01,/user/raabe14/u19361/workspace-allen/results/zebra/sub-830795_ses-ecephys-830795-2026-02-23-15-03-59_ecephys.nwb/ProbeF/trial_0/phase_1/lib_ab4a70858e/lib_ab4a70858e__delay_0.01__dur_0.03.h5
6bc57a4d-7163-48dd-b0c3-df64aedf52c3,0.30000000000000004,0.18000000000000002,ab4a70858e,0.08732973784208298,-54.62686567164179,-0.8962264150943398,157.4840764271708,28.65,3,27,7,2.199114857512855,5,8.0,9,0.1,/user/raabe14/u19361/workspace-allen/results/zebra/sub-830795_ses-ecephys-830795-2026-02-23-15-03-59_ecephys.nwb/ProbeF/trial_0/phase_1/lib_ab4a70858e/lib_ab4a70858e__delay_0.30000000000000004__dur_0.18000000000000002.h5
6c5f480a-f9ac-4035-94df-1a995ba0fca7,0.1,0.23,ab4a70858e,0.07877298444509506,-11.64179104477612,-38.5377358490566,157.4840764271708,10.74,27,48,7,2.199114857512855,1,3.0,9,0.1,/user/raabe14/u19361/workspace-allen/results/zebra/sub-830795_ses-ecephys-830795-2026-02-23-15-03-59_ecephys.nwb/ProbeF/trial_0/phase_1/lib_ab4a70858e/lib_ab4a70858e__delay_0.1__dur_0.23.h5
6c8538e8-dcbf-4bef-934c-5a2e2d07223f,0.07,0.23,ab4a70858e,0.0852755680680275,31.343283582089555,8.066037735849058,180.0,28.65,51,22,8,2.5132741228718345,5,8.0,9,0.1,/user/raabe14/u19361/workspace-allen/results/zebra/sub-830795_ses-ecephys-830795-2026-02-23-15-03-59_ecephys.nwb/ProbeF/trial_0/phase_1/lib_ab4a70858e/lib_ab4a70858e__delay_0.07__dur_0.23.h5
6ca55176-7f51-4351-9557-102182561a07,0.02,0.23,ab4a70858e,0.08609583973884583,-29.55223880597015,17.02830188679245,67.51591472682667,17.91,17,17,3,0.9424777960769379,3,5.0,12,1.3,/user/raabe14/u19361/workspace-allen/results/zebra/sub-830795_ses-ecephys-830795-2026-02-23-15-03-59_ecephys.nwb/ProbeF/trial_0/phase_1/lib_ab4a70858e/lib_ab4a70858e__delay_0.02__dur_0.23.h5
6ccd3518-81fe-483e-ad86-5e2e0886918c,0.03,0.18000000000000002,ab4a70858e,0.08299662917852402,-13.43283582089552,-2.6886792452830193,67.51591472682667,28.65,26,28,3,0.9424777960769379,5,8.0,3,0.04,/user/raabe14/u19361/workspace-allen/results/zebra/sub-830795_ses-ecephys-830795-2026-02-23-15-03-59_ecephys.nwb/ProbeF/trial_0/phase_1/lib_ab4a70858e/lib_ab4a70858e__delay_0.03__dur_0.18000000000000002.h5
6e098885-f745-4ae8-b766-b3506ab9501f,0.08,0.18000000000000002,ab4a70858e,0.07501938939094543,-9.850746268656714,43.91509433962264,0.0,17.91,28,2,0,0.0,3,5.0,11,1.2,/user/raabe14/u19361/workspace-allen/results/zebra/sub-830795_ses-ecephys-830795-2026-02-23-15-03-59_ecephys.nwb/ProbeF/trial_0/phase_1/lib_ab4a70858e/lib_ab4a70858e__delay_0.08__dur_0.18000000000000002.h5
6e943fd1-3c25-46d1-a25c-850c4b7f387a,0.30000000000000004,0.23,ab4a70858e,0.08323587477207184,-17.014925373134325,-6.273584905660378,180.0,7.16,24,30,8,2.5132741228718345,0,2.0,3,0.04,/user/raabe14/u19361/workspace-allen/results/zebra/sub-830795_ses-ecephys-830795-2026-02-23-15-03-59_ecephys.nwb/ProbeF/trial_0/phase_1/lib_ab4a70858e/lib_ab4a70858e__delay_0.30000000000000004__dur_0.23.h5
6f21e6c0-4b45-4f98-b7db-68ac0eafc06b,0.30000000000000004,0.23,ab4a70858e,0.12283244729042053,-6.268656716417908,-4.481132075471699,157.4840764271708,17.91,30,29,7,2.199114857512855,3,5.0,12,1.3,/user/raabe14/u19361/workspace-allen/results/zebra/sub-830795_ses-ecephys-830795-2026-02-23-15-03-59_ecephys.nwb/ProbeF/trial_0/phase_1/lib_ab4a70858e/lib_ab4a70858e__delay_0.30000000000000004__dur_0.23.h5
6f9be4f7-d051-4723-bc63-fb438c111231,0.06,0.23,ab4a70858e,0.07265621423721313,13.43283582089552,-38.5377358490566,90.0,10.74,41,48,4,1.2566370614359172,1,3.0,9,0.1,/user/raabe14/u19361/workspace-allen/results/zebra/sub-830795_ses-ecephys-830795-2026-02-23-15-03-59_ecephys.nwb/ProbeF/trial_0/phase_1/lib_ab4a70858e/lib_ab4a70858e__delay_0.06__dur_0.23.h5
6fa51c6f-7b4c-4d0c-ba8d-d42b5b38333e,0.2,0.23,ab4a70858e,0.08769865334033966,27.761194029850756,22.405660377358487,157.4840764271708,14.32,49,14,7,2.199114857512855,2,4.0,12,1.3,/user/raabe14/u19361/workspace-allen/results/zebra/sub-830795_ses-ecephys-830795-2026-02-23-15-03-59_ecephys.nwb/ProbeF/trial_0/phase_1/lib_ab4a70858e/lib_ab4a70858e__delay_0.2__dur_0.23.h5
704d878b-660d-4fce-88de-a08a3f244204,0.04,0.23,ab4a70858e,0.0757371038198471,-49.25373134328358,17.02830188679245,90.0,21.49,6,17,4,1.2566370614359172,4,6.0,9,0.1,/user/raabe14/u19361/workspace-allen/results/zebra/sub-830795_ses-ecephys-830795-2026-02-23-15-03-59_ecephys.nwb/ProbeF/trial_0/phase_1/lib_ab4a70858e/lib_ab4a70858e__delay_0.04__dur_0.23.h5
71708bdc-e8e5-40b0-971c-8c076cca115a,0.06,0.23,ab4a70858e,0.08262434601783752,-18.80597014925373,-2.6886792452830193,157.4840764271708,14.32,23,28,7,2.199114857512855,2,4.0,12,1.3,/user/raabe14/u19361/workspace-allen/results/zebra/sub-830795_ses-ecephys-830795-2026-02-23-15-03-59_ecephys.nwb/ProbeF/trial_0/phase_1/lib_ab4a70858e/lib_ab4a70858e__delay_0.06__dur_0.23.h5
71b408da-b702-48b0-8172-8ae23b3a75b9,0.2,0.18000000000000002,ab4a70858e,0.11076480895280838,-0.8955223880596961,-2.6886792452830193,180.0,21.49,33,28,8,2.5132741228718345,4,6.0,12,1.3,/user/raabe14/u19361/workspace-allen/results/zebra/sub-830795_ses-ecephys-830795-2026-02-23-15-03-59_ecephys.nwb/ProbeF/trial_0/phase_1/lib_ab4a70858e/lib_ab4a70858e__delay_0.2__dur_0.18000000000000002.h5
72f16fc2-7ebd-4d4a-81c2-fbabd0320968,0.15000000000000002,0.23,ab4a70858e,0.08037248998880386,-47.46268656716418,38.5377358490566,45.02251307527088,7.16,7,5,2,0.6283185307179586,0,2.0,9,0.1,/user/raabe14/u19361/workspace-allen/results/zebra/sub-830795_ses-ecephys-830795-2026-02-23-15-03-59_ecephys.nwb/ProbeF/trial_0/phase_1/lib_ab4a70858e/lib_ab4a70858e__delay_0.15000000000000002__dur_0.23.h5
73567311-a657-4671-a8f8-3ad3f5d84ccb,0.25,0.08,ab4a70858e,0.07362822443246841,27.761194029850756,-18.82075471698113,22.515923572829195,10.74,49,37,1,0.3141592653589793,1,3.0,0,0.01,/user/raabe14/u19361/workspace-allen/results/zebra/sub-830795_ses-ecephys-830795-2026-02-23-15-03-59_ecephys.nwb/ProbeF/trial_0/phase_1/lib_ab4a70858e/lib_ab4a70858e__delay_0.25__dur_0.08.h5
7368568e-a4a0-4c65-8fcb-4b650d60ce5f,0.25,0.23,ab4a70858e,0.09808292239904404,-29.55223880597015,-2.6886792452830193,157.4840764271708,28.65,17,28,7,2.199114857512855,5,8.0,9,0.1,/user/raabe14/u19361/workspace-allen/results/zebra/sub-830795_ses-ecephys-830795-2026-02-23-15-03-59_ecephys.nwb/ProbeF/trial_0/phase_1/lib_ab4a70858e/lib_ab4a70858e__delay_0.25__dur_0.23.h5
73e5a0e8-6751-462a-ba51-0f4ed48e3fa0,0.2,0.23,ab4a70858e,0.07826227694749832,31.343283582089555,-0.8962264150943398,134.9774869247291,21.49,51,27,6,1.8849555921538759,4,6.0,9,0.1,/user/raabe14/u19361/workspace-allen/results/zebra/sub-830795_ses-ecephys-830795-2026-02-23-15-03-59_ecephys.nwb/ProbeF/trial_0/phase_1/lib_ab4a70858e/lib_ab4a70858e__delay_0.2__dur_0.23.h5
74409fc0-5166-4ec3-b9c3-11f0edd7c34f,0.01,0.03,ab4a70858e,0.0,-60.0,47.5,0.0,7.16,0,0,0,0.0,0,2.0,0,0.01,/user/raabe14/u19361/workspace-allen/results/zebra/sub-830795_ses-ecephys-830795-2026-02-23-15-03-59_ecephys.nwb/ProbeF/trial_0/phase_1/lib_ab4a70858e/lib_ab4a70858e__delay_0.01__dur_0.03.h5
74947807-257a-4525-a478-2730a7d97898,0.30000000000000004,0.08,ab4a70858e,0.09279009699821472,-27.761194029850742,-38.5377358490566,90.0,21.49,18,48,4,1.2566370614359172,4,6.0,6,0.07,/user/raabe14/u19361/workspace-allen/results/zebra/sub-830795_ses-ecephys-830795-2026-02-23-15-03-59_ecephys.nwb/ProbeF/trial_0/phase_1/lib_ab4a70858e/lib_ab4a70858e__delay_0.30000000000000004__dur_0.08.h5
74afca3c-d7c3-439f-bcc7-9b7cbbcf8a2d,0.25,0.13,ab4a70858e,0.09236082434654236,-4.477611940298509,13.443396226415096,45.02251307527088,10.74,31,19,2,0.6283185307179586,1,3.0,9,0.1,/user/raabe14/u19361/workspace-allen/results/zebra/sub-830795_ses-ecephys-830795-2026-02-23-15-03-59_ecephys.nwb/ProbeF/trial_0/phase_1/lib_ab4a70858e/lib_ab4a70858e__delay_0.25__dur_0.13.h5
74be201a-c910-43ad-8a40-4ebe410b7922,0.09,0.13,ab4a70858e,0.08153607696294785,17.014925373134332,-9.858490566037737,157.4840764271708,7.16,43,32,7,2.199114857512855,0,2.0,0,0.01,/user/raabe14/u19361/workspace-allen/results/zebra/sub-830795_ses-ecephys-830795-2026-02-23-15-03-59_ecephys.nwb/ProbeF/trial_0/phase_1/lib_ab4a70858e/lib_ab4a70858e__delay_0.09__dur_0.13.h5
75f2a259-3f76-435d-a8ac-e71ebf974f72,0.02,0.23,ab4a70858e,0.08484677225351334,-34.92537313432835,18.820754716981128,112.48408527317332,17.91,14,16,5,1.5707963267948966,3,5.0,11,1.2,/user/raabe14/u19361/workspace-allen/results/zebra/sub-830795_ses-ecephys-830795-2026-02-23-15-03-59_ecephys.nwb/ProbeF/trial_0/phase_1/lib_ab4a70858e/lib_ab4a70858e__delay_0.02__dur_0.23.h5
760f1d8c-e5ca-4b00-a171-6da31695aacf,0.2,0.23,ab4a70858e,0.07681437581777573,-40.298507462686565,-2.6886792452830193,157.4840764271708,14.32,11,28,7,2.199114857512855,2,4.0,12,1.3,/user/raabe14/u19361/workspace-allen/results/zebra/sub-830795_ses-ecephys-830795-2026-02-23-15-03-59_ecephys.nwb/ProbeF/trial_0/phase_1/lib_ab4a70858e/lib_ab4a70858e__delay_0.2__dur_0.23.h5
76a6bec4-24b8-48d3-9696-73765641e3a2,0.02,0.23,ab4a70858e,0.10673457384109497,56.4179104477612,-18.82075471698113,112.48408527317332,10.74,65,37,5,1.5707963267948966,1,3.0,11,1.2,/user/raabe14/u19361/workspace-allen/results/zebra/sub-830795_ses-ecephys-830795-2026-02-23-15-03-59_ecephys.nwb/ProbeF/trial_0/phase_1/lib_ab4a70858e/lib_ab4a70858e__delay_0.02__dur_0.23.h5
77de2eaa-3b5a-472f-bfb9-ab9666b706aa,0.30000000000000004,0.23,ab4a70858e,0.07965181022882462,-22.388059701492537,-25.99056603773585,157.4840764271708,7.16,21,41,7,2.199114857512855,0,2.0,12,1.3,/user/raabe14/u19361/workspace-allen/results/zebra/sub-830795_ses-ecephys-830795-2026-02-23-15-03-59_ecephys.nwb/ProbeF/trial_0/phase_1/lib_ab4a70858e/lib_ab4a70858e__delay_0.30000000000000004__dur_0.23.h5
786e5853-d4e7-4c6f-9d7b-b6d839290d31,0.30000000000000004,0.23,ab4a70858e,0.08612193167209625,-8.059701492537314,42.12264150943396,0.0,28.65,29,3,0,0.0,5,8.0,4,0.05,/user/raabe14/u19361/workspace-allen/results/zebra/sub-830795_ses-ecephys-830795-2026-02-23-15-03-59_ecephys.nwb/ProbeF/trial_0/phase_1/lib_ab4a70858e/lib_ab4a70858e__delay_0.30000000000000004__dur_0.23.h5
78cb39cc-3004-48a9-90ea-1d6d8b0d19f8,0.30000000000000004,0.23,ab4a70858e,0.06902153789997101,36.71641791044776,2.6886792452830193,90.0,21.49,54,25,4,1.2566370614359172,4,6.0,3,0.04,/user/raabe14/u19361/workspace-allen/results/zebra/sub-830795_ses-ecephys-830795-2026-02-23-15-03-59_ecephys.nwb/ProbeF/trial_0/phase_1/lib_ab4a70858e/lib_ab4a70858e__delay_0.30000000000000004__dur_0.23.h5
78ebd07c-52c4-4ba1-ada9-db6c0a6a04ca,0.07,0.13,ab4a70858e,0.08266723155975342,27.761194029850756,18.820754716981128,157.4840764271708,10.74,49,16,7,2.199114857512855,1,3.0,0,0.01,/user/raabe14/u19361/workspace-allen/results/zebra/sub-830795_ses-ecephys-830795-2026-02-23-15-03-59_ecephys.nwb/ProbeF/trial_0/phase_1/lib_ab4a70858e/lib_ab4a70858e__delay_0.07__dur_0.13.h5
78fde0a5-4803-4352-9d4e-fa2fc876186a,0.0,0.08,ab4a70858e,0.08193633705377579,-20.59701492537313,-24.19811320754717,0.0,17.91,22,40,0,0.0,3,5.0,11,1.2,/user/raabe14/u19361/workspace-allen/results/zebra/sub-830795_ses-ecephys-830795-2026-02-23-15-03-59_ecephys.nwb/ProbeF/trial_0/phase_1/lib_ab4a70858e/lib_ab4a70858e__delay_0.0__dur_0.08.h5
798dda10-ebf7-4bae-9f4b-1838539b1570,0.30000000000000004,0.18000000000000002,ab4a70858e,0.06975442916154861,4.477611940298516,-9.858490566037737,45.02251307527088,28.65,36,32,2,0.6283185307179586,5,8.0,8,0.09,/user/raabe14/u19361/workspace-allen/results/zebra/sub-830795_ses-ecephys-830795-2026-02-23-15-03-59_ecephys.nwb/ProbeF/trial_0/phase_1/lib_ab4a70858e/lib_ab4a70858e__delay_0.30000000000000004__dur_0.18000000000000002.h5
7a6b7c2c-2b12-4bed-9af3-c6cb14065e44,0.01,0.03,ab4a70858e,0.0,-60.0,47.5,0.0,7.16,0,0,0,0.0,0,2.0,0,0.01,/user/raabe14/u19361/workspace-allen/results/zebra/sub-830795_ses-ecephys-830795-2026-02-23-15-03-59_ecephys.nwb/ProbeF/trial_0/phase_1/lib_ab4a70858e/lib_ab4a70858e__delay_0.01__dur_0.03.h5
7a9c4481-2359-42a7-ad4d-396fab62b62c,0.30000000000000004,0.23,ab4a70858e,0.10601282864809036,-36.71641791044776,-8.066037735849058,157.4840764271708,28.65,13,31,7,2.199114857512855,5,8.0,9,0.1,/user/raabe14/u19361/workspace-allen/results/zebra/sub-830795_ses-ecephys-830795-2026-02-23-15-03-59_ecephys.nwb/ProbeF/trial_0/phase_1/lib_ab4a70858e/lib_ab4a70858e__delay_0.30000000000000004__dur_0.23.h5
7ae6d6fa-bb73-4e09-86d9-40e728366f42,0.15000000000000002,0.13,ab4a70858e,0.07721269875764847,-11.64179104477612,9.858490566037737,22.515923572829163,21.49,27,21,9,2.827433388230814,4,6.0,9,0.1,/user/raabe14/u19361/workspace-allen/results/zebra/sub-830795_ses-ecephys-830795-2026-02-23-15-03-59_ecephys.nwb/ProbeF/trial_0/phase_1/lib_ab4a70858e/lib_ab4a70858e__delay_0.15000000000000002__dur_0.13.h5
7b026dcb-b383-4904-a0d6-4728c91b2996,0.05,0.18000000000000002,ab4a70858e,0.07947485893964767,22.388059701492537,-24.19811320754717,157.4840764271708,7.16,46,40,7,2.199114857512855,0,2.0,0,0.01,/user/raabe14/u19361/workspace-allen/results/zebra/sub-830795_ses-ecephys-830795-2026-02-23-15-03-59_ecephys.nwb/ProbeF/trial_0/phase_1/lib_ab4a70858e/lib_ab4a70858e__delay_0.05__dur_0.18000000000000002.h5
7b0fafa9-cd2b-4981-8e05-eac84e3759df,0.02,0.18000000000000002,ab4a70858e,0.07719431072473526,49.25373134328359,-31.367924528301888,180.0,28.65,61,44,8,2.5132741228718345,5,8.0,4,0.05,/user/raabe14/u19361/workspace-allen/results/zebra/sub-830795_ses-ecephys-830795-2026-02-23-15-03-59_ecephys.nwb/ProbeF/trial_0/phase_1/lib_ab4a70858e/lib_ab4a70858e__delay_0.02__dur_0.18000000000000002.h5
7b14d0a9-42b0-45cb-b0e1-ef978be71de1,0.2,0.23,ab4a70858e,0.08845896273851395,-34.92537313432835,27.783018867924525,112.48408527317332,10.74,14,11,5,1.5707963267948966,1,3.0,11,1.2,/user/raabe14/u19361/workspace-allen/results/zebra/sub-830795_ses-ecephys-830795-2026-02-23-15-03-59_ecephys.nwb/ProbeF/trial_0/phase_1/lib_ab4a70858e/lib_ab4a70858e__delay_0.2__dur_0.23.h5
7b4d4f68-1853-4111-99fc-9929630f195c,0.09,0.23,ab4a70858e,0.07397918403148651,0.8955223880597032,4.481132075471699,157.4840764271708,7.16,34,24,7,2.199114857512855,0,2.0,4,0.05,/user/raabe14/u19361/workspace-allen/results/zebra/sub-830795_ses-ecephys-830795-2026-02-23-15-03-59_ecephys.nwb/ProbeF/trial_0/phase_1/lib_ab4a70858e/lib_ab4a70858e__delay_0.09__dur_0.23.h5
7b53eb96-fb25-4770-a528-6187a7fcd2c7,0.02,0.23,ab4a70858e,0.08706779778003693,51.04477611940298,-22.40566037735849,157.4840764271708,10.74,62,39,7,2.199114857512855,1,3.0,12,1.3,/user/raabe14/u19361/workspace-allen/results/zebra/sub-830795_ses-ecephys-830795-2026-02-23-15-03-59_ecephys.nwb/ProbeF/trial_0/phase_1/lib_ab4a70858e/lib_ab4a70858e__delay_0.02__dur_0.23.h5
7bcef294-1bf4-46ee-bf77-4226c45e0deb,0.25,0.23,ab4a70858e,0.0897577553987503,43.88059701492537,38.5377358490566,180.0,28.65,58,5,8,2.5132741228718345,5,8.0,9,0.1,/user/raabe14/u19361/workspace-allen/results/zebra/sub-830795_ses-ecephys-830795-2026-02-23-15-03-59_ecephys.nwb/ProbeF/trial_0/phase_1/lib_ab4a70858e/lib_ab4a70858e__delay_0.25__dur_0.23.h5
7bd5756e-13b8-44c8-bf4b-c0accb01ce32,0.25,0.23,ab4a70858e,0.07305828481912613,-24.179104477611936,-6.273584905660378,22.515923572829163,21.49,20,30,9,2.827433388230814,4,6.0,9,0.1,/user/raabe14/u19361/workspace-allen/results/zebra/sub-830795_ses-ecephys-830795-2026-02-23-15-03-59_ecephys.nwb/ProbeF/trial_0/phase_1/lib_ab4a70858e/lib_ab4a70858e__delay_0.25__dur_0.23.h5
7d35d8b3-a4a1-47a2-b0c0-02fc299679cc,0.0,0.18000000000000002,ab4a70858e,0.09366630762815475,-2.6865671641791025,-8.066037735849058,180.0,17.91,32,31,8,2.5132741228718345,3,5.0,12,1.3,/user/raabe14/u19361/workspace-allen/results/zebra/sub-830795_ses-ecephys-830795-2026-02-23-15-03-59_ecephys.nwb/ProbeF/trial_0/phase_1/lib_ab4a70858e/lib_ab4a70858e__delay_0.0__dur_0.18000000000000002.h5
7d9173a5-7e14-400b-8097-4497a0e4cec3,0.15000000000000002,0.23,ab4a70858e,0.40770724415779114,-6.268656716417908,-8.066037735849058,180.0,17.91,30,31,8,2.5132741228718345,3,5.0,12,1.3,/user/raabe14/u19361/workspace-allen/results/zebra/sub-830795_ses-ecephys-830795-2026-02-23-15-03-59_ecephys.nwb/ProbeF/trial_0/phase_1/lib_ab4a70858e/lib_ab4a70858e__delay_0.15000000000000002__dur_0.23.h5
7eeb587b-9a6e-4f81-af06-ca06e7962fac,0.03,0.23,ab4a70858e,0.07336283475160599,-25.970149253731343,13.443396226415096,67.51591472682667,7.16,19,19,3,0.9424777960769379,0,2.0,12,1.3,/user/raabe14/u19361/workspace-allen/results/zebra/sub-830795_ses-ecephys-830795-2026-02-23-15-03-59_ecephys.nwb/ProbeF/trial_0/phase_1/lib_ab4a70858e/lib_ab4a70858e__delay_0.03__dur_0.23.h5
7ff7ce14-1f76-4c15-9d3a-45990304390d,0.01,0.23,ab4a70858e,0.11336007714271545,-6.268656716417908,36.74528301886792,0.0,14.32,30,6,0,0.0,2,4.0,11,1.2,/user/raabe14/u19361/workspace-allen/results/zebra/sub-830795_ses-ecephys-830795-2026-02-23-15-03-59_ecephys.nwb/ProbeF/trial_0/phase_1/lib_ab4a70858e/lib_ab4a70858e__delay_0.01__dur_0.23.h5
7fff2a3c-0169-4ee7-b522-54e61faa6e4b,0.30000000000000004,0.13,ab4a70858e,0.08996067196130753,-38.507462686567166,-6.273584905660378,157.4840764271708,28.65,12,30,7,2.199114857512855,5,8.0,9,0.1,/user/raabe14/u19361/workspace-allen/results/zebra/sub-830795_ses-ecephys-830795-2026-02-23-15-03-59_ecephys.nwb/ProbeF/trial_0/phase_1/lib_ab4a70858e/lib_ab4a70858e__delay_0.30000000000000004__dur_0.13.h5
803f7e8f-2b72-458c-abd1-af5aca5cfd40,0.04,0.23,ab4a70858e,0.09627708792686462,2.6865671641791096,-6.273584905660378,180.0,10.74,35,30,8,2.5132741228718345,1,3.0,12,1.3,/user/raabe14/u19361/workspace-allen/results/zebra/sub-830795_ses-ecephys-830795-2026-02-23-15-03-59_ecephys.nwb/ProbeF/trial_0/phase_1/lib_ab4a70858e/lib_ab4a70858e__delay_0.04__dur_0.23.h5
8094d47c-c846-4212-83b1-d9f981d67129,0.01,0.18000000000000002,ab4a70858e,0.08161290735006332,-6.268656716417908,22.405660377358487,22.515923572829195,14.32,30,14,1,0.3141592653589793,2,4.0,5,0.06,/user/raabe14/u19361/workspace-allen/results/zebra/sub-830795_ses-ecephys-830795-2026-02-23-15-03-59_ecephys.nwb/ProbeF/trial_0/phase_1/lib_ab4a70858e/lib_ab4a70858e__delay_0.01__dur_0.18000000000000002.h5
81344458-06b7-4759-8139-ff38fb3319bc,0.15000000000000002,0.23,ab4a70858e,0.07597315311431885,24.179104477611943,45.70754716981132,45.02251307527088,14.32,47,1,2,0.6283185307179586,2,4.0,9,0.1,/user/raabe14/u19361/workspace-allen/results/zebra/sub-830795_ses-ecephys-830795-2026-02-23-15-03-59_ecephys.nwb/ProbeF/trial_0/phase_1/lib_ab4a70858e/lib_ab4a70858e__delay_0.15000000000000002__dur_0.23.h5
8147647f-cd98-4608-b8ca-83d984c5969a,0.05,0.13,ab4a70858e,0.08243757486343384,-9.850746268656714,-17.028301886792452,22.515923572829163,7.16,28,36,9,2.827433388230814,0,2.0,9,0.1,/user/raabe14/u19361/workspace-allen/results/zebra/sub-830795_ses-ecephys-830795-2026-02-23-15-03-59_ecephys.nwb/ProbeF/trial_0/phase_1/lib_ab4a70858e/lib_ab4a70858e__delay_0.05__dur_0.13.h5
815c374d-f89e-4677-afb7-55f451913e20,0.01,0.03,ab4a70858e,0.0,-60.0,47.5,0.0,7.16,0,0,0,0.0,0,2.0,0,0.01,/user/raabe14/u19361/workspace-allen/results/zebra/sub-830795_ses-ecephys-830795-2026-02-23-15-03-59_ecephys.nwb/ProbeF/trial_0/phase_1/lib_ab4a70858e/lib_ab4a70858e__delay_0.01__dur_0.03.h5
819f34fa-00ed-42ba-bf11-d659901ebe81,0.25,0.08,ab4a70858e,0.08177634328603745,-38.507462686567166,-17.028301886792452,157.4840764271708,17.91,12,36,7,2.199114857512855,3,5.0,7,0.08,/user/raabe14/u19361/workspace-allen/results/zebra/sub-830795_ses-ecephys-830795-2026-02-23-15-03-59_ecephys.nwb/ProbeF/trial_0/phase_1/lib_ab4a70858e/lib_ab4a70858e__delay_0.25__dur_0.08.h5
82379eaa-e939-4198-9cf7-5af425ca2a38,0.1,0.13,ab4a70858e,0.08320868015289307,-47.46268656716418,-6.273584905660378,0.0,28.65,7,30,0,0.0,5,8.0,9,0.1,/user/raabe14/u19361/workspace-allen/results/zebra/sub-830795_ses-ecephys-830795-2026-02-23-15-03-59_ecephys.nwb/ProbeF/trial_0/phase_1/lib_ab4a70858e/lib_ab4a70858e__delay_0.1__dur_0.13.h5
8294ce60-9579-446d-b576-0b53a43e4f3c,0.01,0.23,ab4a70858e,0.08474085479974747,-51.04477611940298,15.235849056603776,157.4840764271708,17.91,5,18,7,2.199114857512855,3,5.0,9,0.1,/user/raabe14/u19361/workspace-allen/results/zebra/sub-830795_ses-ecephys-830795-2026-02-23-15-03-59_ecephys.nwb/ProbeF/trial_0/phase_1/lib_ab4a70858e/lib_ab4a70858e__delay_0.01__dur_0.23.h5
829b525c-76eb-46ab-9f3f-9414042fd797,0.30000000000000004,0.23,ab4a70858e,0.08678523451089859,52.83582089552239,13.443396226415096,157.4840764271708,28.65,63,19,7,2.199114857512855,5,8.0,5,0.06,/user/raabe14/u19361/workspace-allen/results/zebra/sub-830795_ses-ecephys-830795-2026-02-23-15-03-59_ecephys.nwb/ProbeF/trial_0/phase_1/lib_ab4a70858e/lib_ab4a70858e__delay_0.30000000000000004__dur_0.23.h5
82e2c318-9a92-4a5d-af68-5050c58f3805,0.30000000000000004,0.23,ab4a70858e,0.0853162407875061,18.80597014925374,-18.82075471698113,67.51591472682667,10.74,44,37,3,0.9424777960769379,1,3.0,9,0.1,/user/raabe14/u19361/workspace-allen/results/zebra/sub-830795_ses-ecephys-830795-2026-02-23-15-03-59_ecephys.nwb/ProbeF/trial_0/phase_1/lib_ab4a70858e/lib_ab4a70858e__delay_0.30000000000000004__dur_0.23.h5
82f6f677-53f1-42d5-b562-bf116e27b16c,0.25,0.18000000000000002,ab4a70858e,0.08418536931276321,-8.059701492537314,-15.235849056603776,22.515923572829163,10.74,29,35,9,2.827433388230814,1,3.0,0,0.01,/user/raabe14/u19361/workspace-allen/results/zebra/sub-830795_ses-ecephys-830795-2026-02-23-15-03-59_ecephys.nwb/ProbeF/trial_0/phase_1/lib_ab4a70858e/lib_ab4a70858e__delay_0.25__dur_0.18000000000000002.h5
8368ceca-fbef-4062-ab52-dfb985c91170,0.09,0.23,ab4a70858e,0.07854218780994415,-54.62686567164179,9.858490566037737,112.48408527317332,28.65,3,21,5,1.5707963267948966,5,8.0,5,0.06,/user/raabe14/u19361/workspace-allen/results/zebra/sub-830795_ses-ecephys-830795-2026-02-23-15-03-59_ecephys.nwb/ProbeF/trial_0/phase_1/lib_ab4a70858e/lib_ab4a70858e__delay_0.09__dur_0.23.h5
83a2ae26-3c6f-470c-9e06-5aa83a038b8e,0.07,0.23,ab4a70858e,0.0746457651257515,0.8955223880597032,4.481132075471699,67.51591472682667,10.74,34,24,3,0.9424777960769379,1,3.0,12,1.3,/user/raabe14/u19361/workspace-allen/results/zebra/sub-830795_ses-ecephys-830795-2026-02-23-15-03-59_ecephys.nwb/ProbeF/trial_0/phase_1/lib_ab4a70858e/lib_ab4a70858e__delay_0.07__dur_0.23.h5
84611b9b-4ccd-4518-9f0c-ec435422d98f,0.01,0.13,ab4a70858e,0.0679015964269638,24.179104477611943,-27.78301886792453,112.48408527317332,7.16,47,42,5,1.5707963267948966,0,2.0,11,1.2,/user/raabe14/u19361/workspace-allen/results/zebra/sub-830795_ses-ecephys-830795-2026-02-23-15-03-59_ecephys.nwb/ProbeF/trial_0/phase_1/lib_ab4a70858e/lib_ab4a70858e__delay_0.01__dur_0.13.h5
84edbb35-e44d-4eb8-8fa5-a05468bd44d2,0.30000000000000004,0.13,ab4a70858e,0.07574581354856491,-45.67164179104478,-33.160377358490564,180.0,28.65,8,45,8,2.5132741228718345,5,8.0,9,0.1,/user/raabe14/u19361/workspace-allen/results/zebra/sub-830795_ses-ecephys-830795-2026-02-23-15-03-59_ecephys.nwb/ProbeF/trial_0/phase_1/lib_ab4a70858e/lib_ab4a70858e__delay_0.30000000000000004__dur_0.13.h5
85380c2e-99dd-47b2-a582-bb282ae00e14,0.09,0.13,ab4a70858e,0.07912112772464752,-47.46268656716418,11.650943396226417,180.0,21.49,7,20,8,2.5132741228718345,4,6.0,9,0.1,/user/raabe14/u19361/workspace-allen/results/zebra/sub-830795_ses-ecephys-830795-2026-02-23-15-03-59_ecephys.nwb/ProbeF/trial_0/phase_1/lib_ab4a70858e/lib_ab4a70858e__delay_0.09__dur_0.13.h5
855a9034-378c-475d-bdc8-ca6b66717571,0.02,0.23,ab4a70858e,0.07741730660200119,6.268656716417908,9.858490566037737,112.48408527317332,7.16,37,21,5,1.5707963267948966,0,2.0,9,0.1,/user/raabe14/u19361/workspace-allen/results/zebra/sub-830795_ses-ecephys-830795-2026-02-23-15-03-59_ecephys.nwb/ProbeF/trial_0/phase_1/lib_ab4a70858e/lib_ab4a70858e__delay_0.02__dur_0.23.h5
856625c0-e1c3-435e-864f-b57efa07632c,0.30000000000000004,0.13,ab4a70858e,0.08110371977090836,-2.6865671641791025,-27.78301886792453,112.48408527317332,14.32,32,42,5,1.5707963267948966,2,4.0,8,0.09,/user/raabe14/u19361/workspace-allen/results/zebra/sub-830795_ses-ecephys-830795-2026-02-23-15-03-59_ecephys.nwb/ProbeF/trial_0/phase_1/lib_ab4a70858e/lib_ab4a70858e__delay_0.30000000000000004__dur_0.13.h5
857939ea-9b4f-4c5f-8e49-995dc3d277cc,0.04,0.23,ab4a70858e,0.1048804223537445,15.223880597014926,-33.160377358490564,67.51591472682667,7.16,42,45,3,0.9424777960769379,0,2.0,9,0.1,/user/raabe14/u19361/workspace-allen/results/zebra/sub-830795_ses-ecephys-830795-2026-02-23-15-03-59_ecephys.nwb/ProbeF/trial_0/phase_1/lib_ab4a70858e/lib_ab4a70858e__delay_0.04__dur_0.23.h5
85fa2831-bf2b-47ce-8aae-3975d22a5b54,0.09,0.23,ab4a70858e,0.07334586977958679,58.20895522388061,33.160377358490564,45.02251307527088,28.65,66,8,2,0.6283185307179586,5,8.0,9,0.1,/user/raabe14/u19361/workspace-allen/results/zebra/sub-830795_ses-ecephys-830795-2026-02-23-15-03-59_ecephys.nwb/ProbeF/trial_0/phase_1/lib_ab4a70858e/lib_ab4a70858e__delay_0.09__dur_0.23.h5
8685e238-41b1-4bf0-ab88-c68ea0b847ed,0.01,0.03,ab4a70858e,0.0,-60.0,47.5,0.0,7.16,0,0,0,0.0,0,2.0,0,0.01,/user/raabe14/u19361/workspace-allen/results/zebra/sub-830795_ses-ecephys-830795-2026-02-23-15-03-59_ecephys.nwb/ProbeF/trial_0/phase_1/lib_ab4a70858e/lib_ab4a70858e__delay_0.01__dur_0.03.h5
8694ae56-ac0f-4dbb-94e1-d94c938f7c24,0.05,0.23,ab4a70858e,0.08134299516677856,-18.80597014925373,0.8962264150943398,67.51591472682667,10.74,23,26,3,0.9424777960769379,1,3.0,9,0.1,/user/raabe14/u19361/workspace-allen/results/zebra/sub-830795_ses-ecephys-830795-2026-02-23-15-03-59_ecephys.nwb/ProbeF/trial_0/phase_1/lib_ab4a70858e/lib_ab4a70858e__delay_0.05__dur_0.23.h5
8725d2a0-6d24-47f4-a957-47752365d333,0.01,0.18000000000000002,ab4a70858e,0.08472921699285507,-11.64179104477612,-20.61320754716981,112.48408527317332,7.16,27,38,5,1.5707963267948966,0,2.0,11,1.2,/user/raabe14/u19361/workspace-allen/results/zebra/sub-830795_ses-ecephys-830795-2026-02-23-15-03-59_ecephys.nwb/ProbeF/trial_0/phase_1/lib_ab4a70858e/lib_ab4a70858e__delay_0.01__dur_0.18000000000000002.h5
88988e46-72ac-496e-b68f-1b967a8640e0,0.01,0.08,ab4a70858e,0.08309890329837799,-25.970149253731343,-29.57547169811321,0.0,21.49,19,43,0,0.0,4,6.0,11,1.2,/user/raabe14/u19361/workspace-allen/results/zebra/sub-830795_ses-ecephys-830795-2026-02-23-15-03-59_ecephys.nwb/ProbeF/trial_0/phase_1/lib_ab4a70858e/lib_ab4a70858e__delay_0.01__dur_0.08.h5
894d4a5c-defb-4f0d-8280-9b1da9e546b8,0.01,0.03,ab4a70858e,0.0,-60.0,47.5,0.0,7.16,0,0,0,0.0,0,2.0,0,0.01,/user/raabe14/u19361/workspace-allen/results/zebra/sub-830795_ses-ecephys-830795-2026-02-23-15-03-59_ecephys.nwb/ProbeF/trial_0/phase_1/lib_ab4a70858e/lib_ab4a70858e__delay_0.01__dur_0.03.h5
897aa8da-3aaf-42a0-8d3d-b1ce99fbd34c,0.2,0.13,ab4a70858e,0.0721757635474205,-2.6865671641791025,-15.235849056603776,0.0,28.65,32,35,0,0.0,5,8.0,9,0.1,/user/raabe14/u19361/workspace-allen/results/zebra/sub-830795_ses-ecephys-830795-2026-02-23-15-03-59_ecephys.nwb/ProbeF/trial_0/phase_1/lib_ab4a70858e/lib_ab4a70858e__delay_0.2__dur_0.13.h5
89808f8e-fa8f-4d78-aa51-89db780e1417,0.30000000000000004,0.23,ab4a70858e,0.07214400172233582,-6.268656716417908,-8.066037735849058,180.0,21.49,30,31,8,2.5132741228718345,4,6.0,12,1.3,/user/raabe14/u19361/workspace-allen/results/zebra/sub-830795_ses-ecephys-830795-2026-02-23-15-03-59_ecephys.nwb/ProbeF/trial_0/phase_1/lib_ab4a70858e/lib_ab4a70858e__delay_0.30000000000000004__dur_0.23.h5
89ce22c3-b99f-4c34-b3a8-09741e9a54a4,0.30000000000000004,0.13,ab4a70858e,0.08001436293125153,56.4179104477612,-6.273584905660378,134.9774869247291,14.32,65,30,6,1.8849555921538759,2,4.0,9,0.1,/user/raabe14/u19361/workspace-allen/results/zebra/sub-830795_ses-ecephys-830795-2026-02-23-15-03-59_ecephys.nwb/ProbeF/trial_0/phase_1/lib_ab4a70858e/lib_ab4a70858e__delay_0.30000000000000004__dur_0.13.h5
8b6fc9cf-c806-4f0a-83dd-57370b7cd222,0.15000000000000002,0.23,ab4a70858e,0.08445683866739273,-49.25373134328358,33.160377358490564,45.02251307527088,28.65,6,8,2,0.6283185307179586,5,8.0,4,0.05,/user/raabe14/u19361/workspace-allen/results/zebra/sub-830795_ses-ecephys-830795-2026-02-23-15-03-59_ecephys.nwb/ProbeF/trial_0/phase_1/lib_ab4a70858e/lib_ab4a70858e__delay_0.15000000000000002__dur_0.23.h5
8bd42a16-8ba5-42ee-8c7f-3b807ad5919a,0.1,0.23,ab4a70858e,0.09364253282546997,11.641791044776127,-18.82075471698113,67.51591472682667,10.74,40,37,3,0.9424777960769379,1,3.0,9,0.1,/user/raabe14/u19361/workspace-allen/results/zebra/sub-830795_ses-ecephys-830795-2026-02-23-15-03-59_ecephys.nwb/ProbeF/trial_0/phase_1/lib_ab4a70858e/lib_ab4a70858e__delay_0.1__dur_0.23.h5
8bde99ea-c5d8-47fd-adbf-2c1a27972d65,0.05,0.18000000000000002,ab4a70858e,0.08156803995370865,-2.6865671641791025,-0.8962264150943398,22.515923572829163,14.32,32,27,9,2.827433388230814,2,4.0,9,0.1,/user/raabe14/u19361/workspace-allen/results/zebra/sub-830795_ses-ecephys-830795-2026-02-23-15-03-59_ecephys.nwb/ProbeF/trial_0/phase_1/lib_ab4a70858e/lib_ab4a70858e__delay_0.05__dur_0.18000000000000002.h5
8c33b236-d0e6-4fe3-804b-992b75cb1275,0.15000000000000002,0.13,ab4a70858e,0.08907269686460495,42.08955223880598,-13.443396226415096,67.51591472682667,28.65,57,34,3,0.9424777960769379,5,8.0,5,0.06,/user/raabe14/u19361/workspace-allen/results/zebra/sub-830795_ses-ecephys-830795-2026-02-23-15-03-59_ecephys.nwb/ProbeF/trial_0/phase_1/lib_ab4a70858e/lib_ab4a70858e__delay_0.15000000000000002__dur_0.13.h5
8cb3f9cc-000a-4ad9-adc2-a4b716231aa3,0.08,0.23,ab4a70858e,0.08082398772239685,-29.55223880597015,6.273584905660378,0.0,17.91,17,23,0,0.0,3,5.0,11,1.2,/user/raabe14/u19361/workspace-allen/results/zebra/sub-830795_ses-ecephys-830795-2026-02-23-15-03-59_ecephys.nwb/ProbeF/trial_0/phase_1/lib_ab4a70858e/lib_ab4a70858e__delay_0.08__dur_0.23.h5
8cbd53c8-8cc0-4488-a3eb-a8868e6d736a,0.30000000000000004,0.23,ab4a70858e,0.08298008888959885,0.8955223880597032,-4.481132075471699,180.0,7.16,34,29,8,2.5132741228718345,0,2.0,3,0.04,/user/raabe14/u19361/workspace-allen/results/zebra/sub-830795_ses-ecephys-830795-2026-02-23-15-03-59_ecephys.nwb/ProbeF/trial_0/phase_1/lib_ab4a70858e/lib_ab4a70858e__delay_0.30000000000000004__dur_0.23.h5
8da80e45-df87-473f-b15f-a3c592062eca,0.2,0.23,ab4a70858e,0.08004286140203476,-24.179104477611936,-20.61320754716981,157.4840764271708,28.65,20,38,7,2.199114857512855,5,8.0,8,0.09,/user/raabe14/u19361/workspace-allen/results/zebra/sub-830795_ses-ecephys-830795-2026-02-23-15-03-59_ecephys.nwb/ProbeF/trial_0/phase_1/lib_ab4a70858e/lib_ab4a70858e__delay_0.2__dur_0.23.h5
8e2e81eb-503a-4ffe-bc2a-9e917bcfe4bf,0.01,0.03,ab4a70858e,0.0,-60.0,47.5,0.0,7.16,0,0,0,0.0,0,2.0,0,0.01,/user/raabe14/u19361/workspace-allen/results/zebra/sub-830795_ses-ecephys-830795-2026-02-23-15-03-59_ecephys.nwb/ProbeF/trial_0/phase_1/lib_ab4a70858e/lib_ab4a70858e__delay_0.01__dur_0.03.h5
8ec067b9-e6e4-49ef-8fd7-5f9147814d97,0.02,0.13,ab4a70858e,0.09263590723276138,22.388059701492537,-11.650943396226417,112.48408527317332,14.32,46,33,5,1.5707963267948966,2,4.0,11,1.2,/user/raabe14/u19361/workspace-allen/results/zebra/sub-830795_ses-ecephys-830795-2026-02-23-15-03-59_ecephys.nwb/ProbeF/trial_0/phase_1/lib_ab4a70858e/lib_ab4a70858e__delay_0.02__dur_0.13.h5
8f150284-202f-4d61-90d2-a6a53e3d9fc1,0.0,0.23,ab4a70858e,0.10921025276184082,-17.014925373134325,-18.82075471698113,67.51591472682667,14.32,24,37,3,0.9424777960769379,2,4.0,12,1.3,/user/raabe14/u19361/workspace-allen/results/zebra/sub-830795_ses-ecephys-830795-2026-02-23-15-03-59_ecephys.nwb/ProbeF/trial_0/phase_1/lib_ab4a70858e/lib_ab4a70858e__delay_0.0__dur_0.23.h5
901608f6-e9d6-49c6-9da6-ebd4845fe5cc,0.30000000000000004,0.23,ab4a70858e,0.0844426080584526,4.477611940298516,-6.273584905660378,157.4840764271708,28.65,36,30,7,2.199114857512855,5,8.0,8,0.09,/user/raabe14/u19361/workspace-allen/results/zebra/sub-830795_ses-ecephys-830795-2026-02-23-15-03-59_ecephys.nwb/ProbeF/trial_0/phase_1/lib_ab4a70858e/lib_ab4a70858e__delay_0.30000000000000004__dur_0.23.h5
9135ee64-ffc3-4cf8-a1cb-f965b2a971e8,0.01,0.03,ab4a70858e,0.0,-60.0,47.5,0.0,7.16,0,0,0,0.0,0,2.0,0,0.01,/user/raabe14/u19361/workspace-allen/results/zebra/sub-830795_ses-ecephys-830795-2026-02-23-15-03-59_ecephys.nwb/ProbeF/trial_0/phase_1/lib_ab4a70858e/lib_ab4a70858e__delay_0.01__dur_0.03.h5
9177043f-5b5d-4881-b154-ad56fe41e263,0.30000000000000004,0.23,ab4a70858e,0.08001534640789032,-13.43283582089552,6.273584905660378,0.0,14.32,26,23,0,0.0,2,4.0,11,1.2,/user/raabe14/u19361/workspace-allen/results/zebra/sub-830795_ses-ecephys-830795-2026-02-23-15-03-59_ecephys.nwb/ProbeF/trial_0/phase_1/lib_ab4a70858e/lib_ab4a70858e__delay_0.30000000000000004__dur_0.23.h5
9181558d-c1b2-4fe0-adb0-f5e7ae3f461b,0.30000000000000004,0.18000000000000002,ab4a70858e,0.07895490527153015,-49.25373134328358,13.443396226415096,157.4840764271708,14.32,6,19,7,2.199114857512855,2,4.0,8,0.09,/user/raabe14/u19361/workspace-allen/results/zebra/sub-830795_ses-ecephys-830795-2026-02-23-15-03-59_ecephys.nwb/ProbeF/trial_0/phase_1/lib_ab4a70858e/lib_ab4a70858e__delay_0.30000000000000004__dur_0.18000000000000002.h5
9285fbf9-d436-42da-abd6-76a45a98e857,0.06,0.23,ab4a70858e,0.0862189531326294,-25.970149253731343,-0.8962264150943398,67.51591472682667,14.32,19,27,3,0.9424777960769379,2,4.0,12,1.3,/user/raabe14/u19361/workspace-allen/results/zebra/sub-830795_ses-ecephys-830795-2026-02-23-15-03-59_ecephys.nwb/ProbeF/trial_0/phase_1/lib_ab4a70858e/lib_ab4a70858e__delay_0.06__dur_0.23.h5
928f9960-90e6-488e-9cd0-45ae0c4097c5,0.07,0.23,ab4a70858e,0.08533859252929688,-9.850746268656714,-0.8962264150943398,0.0,28.65,28,27,0,0.0,5,8.0,7,0.08,/user/raabe14/u19361/workspace-allen/results/zebra/sub-830795_ses-ecephys-830795-2026-02-23-15-03-59_ecephys.nwb/ProbeF/trial_0/phase_1/lib_ab4a70858e/lib_ab4a70858e__delay_0.07__dur_0.23.h5
92a88276-0952-493d-827d-3ee42d7c4312,0.25,0.23,ab4a70858e,0.08595336228609085,-25.970149253731343,8.066037735849058,157.4840764271708,28.65,19,22,7,2.199114857512855,5,8.0,9,0.1,/user/raabe14/u19361/workspace-allen/results/zebra/sub-830795_ses-ecephys-830795-2026-02-23-15-03-59_ecephys.nwb/ProbeF/trial_0/phase_1/lib_ab4a70858e/lib_ab4a70858e__delay_0.25__dur_0.23.h5
92bdb06b-a05a-4fee-8e15-113daa0f91dd,0.08,0.23,ab4a70858e,0.0837009847164154,-4.477611940298509,-6.273584905660378,157.4840764271708,17.91,31,30,7,2.199114857512855,3,5.0,8,0.09,/user/raabe14/u19361/workspace-allen/results/zebra/sub-830795_ses-ecephys-830795-2026-02-23-15-03-59_ecephys.nwb/ProbeF/trial_0/phase_1/lib_ab4a70858e/lib_ab4a70858e__delay_0.08__dur_0.23.h5
93034e64-932d-4e9d-8914-d903cf792567,0.25,0.23,ab4a70858e,0.20114333927631378,-25.970149253731343,-11.650943396226417,157.4840764271708,21.49,19,33,7,2.199114857512855,4,6.0,12,1.3,/user/raabe14/u19361/workspace-allen/results/zebra/sub-830795_ses-ecephys-830795-2026-02-23-15-03-59_ecephys.nwb/ProbeF/trial_0/phase_1/lib_ab4a70858e/lib_ab4a70858e__delay_0.25__dur_0.23.h5
94962568-94ea-4dab-8b46-7f14d4b9f1f0,0.03,0.13,ab4a70858e,0.07890403270721436,-6.268656716417908,-18.82075471698113,45.02251307527088,28.65,30,37,2,0.6283185307179586,5,8.0,9,0.1,/user/raabe14/u19361/workspace-allen/results/zebra/sub-830795_ses-ecephys-830795-2026-02-23-15-03-59_ecephys.nwb/ProbeF/trial_0/phase_1/lib_ab4a70858e/lib_ab4a70858e__delay_0.03__dur_0.13.h5
94f72c6d-19dc-4281-afaf-888b7d4c3361,0.25,0.23,ab4a70858e,0.07341883331537247,-6.268656716417908,-4.481132075471699,67.51591472682667,7.16,30,29,3,0.9424777960769379,0,2.0,2,0.03,/user/raabe14/u19361/workspace-allen/results/zebra/sub-830795_ses-ecephys-830795-2026-02-23-15-03-59_ecephys.nwb/ProbeF/trial_0/phase_1/lib_ab4a70858e/lib_ab4a70858e__delay_0.25__dur_0.23.h5
9608cd7a-e02e-47e9-9746-dde880f083fc,0.02,0.23,ab4a70858e,0.09708394855260849,-8.059701492537314,2.6886792452830193,0.0,10.74,29,25,0,0.0,1,3.0,11,1.2,/user/raabe14/u19361/workspace-allen/results/zebra/sub-830795_ses-ecephys-830795-2026-02-23-15-03-59_ecephys.nwb/ProbeF/trial_0/phase_1/lib_ab4a70858e/lib_ab4a70858e__delay_0.02__dur_0.23.h5
965af3e2-cffa-4355-b8e2-904db076f571,0.0,0.13,ab4a70858e,0.07449163496494293,-60.0,13.443396226415096,180.0,17.91,0,19,8,2.5132741228718345,3,5.0,9,0.1,/user/raabe14/u19361/workspace-allen/results/zebra/sub-830795_ses-ecephys-830795-2026-02-23-15-03-59_ecephys.nwb/ProbeF/trial_0/phase_1/lib_ab4a70858e/lib_ab4a70858e__delay_0.0__dur_0.13.h5
96adc15e-7b8b-4039-aa4b-44563ee46af2,0.08,0.23,ab4a70858e,0.07889040559530258,-25.970149253731343,2.6886792452830193,90.0,7.16,19,25,4,1.2566370614359172,0,2.0,9,0.1,/user/raabe14/u19361/workspace-allen/results/zebra/sub-830795_ses-ecephys-830795-2026-02-23-15-03-59_ecephys.nwb/ProbeF/trial_0/phase_1/lib_ab4a70858e/lib_ab4a70858e__delay_0.08__dur_0.23.h5
97b296af-42f6-4bb6-ab86-cf7b80bcab96,0.30000000000000004,0.23,ab4a70858e,0.1092531681060791,20.59701492537313,-25.99056603773585,0.0,17.91,45,41,0,0.0,3,5.0,11,1.2,/user/raabe14/u19361/workspace-allen/results/zebra/sub-830795_ses-ecephys-830795-2026-02-23-15-03-59_ecephys.nwb/ProbeF/trial_0/phase_1/lib_ab4a70858e/lib_ab4a70858e__delay_0.30000000000000004__dur_0.23.h5
99281d25-badc-4272-9273-399684f7b4d4,0.07,0.23,ab4a70858e,0.0880163162946701,-31.34328358208955,8.066037735849058,22.515923572829195,28.65,16,22,1,0.3141592653589793,5,8.0,8,0.09,/user/raabe14/u19361/workspace-allen/results/zebra/sub-830795_ses-ecephys-830795-2026-02-23-15-03-59_ecephys.nwb/ProbeF/trial_0/phase_1/lib_ab4a70858e/lib_ab4a70858e__delay_0.07__dur_0.23.h5
993ac29f-fd21-4093-952b-bb513e6c4e33,0.25,0.18000000000000002,ab4a70858e,0.07152143120765686,47.462686567164184,25.990566037735846,180.0,7.16,60,12,8,2.5132741228718345,0,2.0,9,0.1,/user/raabe14/u19361/workspace-allen/results/zebra/sub-830795_ses-ecephys-830795-2026-02-23-15-03-59_ecephys.nwb/ProbeF/trial_0/phase_1/lib_ab4a70858e/lib_ab4a70858e__delay_0.25__dur_0.18000000000000002.h5
9a38bbb0-6668-4ce5-a630-2878f2dafeea,0.30000000000000004,0.23,ab4a70858e,0.0871553048491478,58.20895522388061,-4.481132075471699,67.51591472682667,14.32,66,29,3,0.9424777960769379,2,4.0,12,1.3,/user/raabe14/u19361/workspace-allen/results/zebra/sub-830795_ses-ecephys-830795-2026-02-23-15-03-59_ecephys.nwb/ProbeF/trial_0/phase_1/lib_ab4a70858e/lib_ab4a70858e__delay_0.30000000000000004__dur_0.23.h5
9aa9a1c1-7eb0-4084-8910-bc51d02bbdec,0.25,0.18000000000000002,ab4a70858e,0.07624248415231705,-8.059701492537314,-33.160377358490564,0.0,14.32,29,45,0,0.0,2,4.0,2,0.03,/user/raabe14/u19361/workspace-allen/results/zebra/sub-830795_ses-ecephys-830795-2026-02-23-15-03-59_ecephys.nwb/ProbeF/trial_0/phase_1/lib_ab4a70858e/lib_ab4a70858e__delay_0.25__dur_0.18000000000000002.h5
9b364ecb-8776-49b9-925a-d0bc27dd7842,0.2,0.13,ab4a70858e,0.07410716265439987,58.20895522388061,42.12264150943396,157.4840764271708,28.65,66,3,7,2.199114857512855,5,8.0,9,0.1,/user/raabe14/u19361/workspace-allen/results/zebra/sub-830795_ses-ecephys-830795-2026-02-23-15-03-59_ecephys.nwb/ProbeF/trial_0/phase_1/lib_ab4a70858e/lib_ab4a70858e__delay_0.2__dur_0.13.h5
9bdacb65-929b-4a41-9aac-c743ed1201ef,0.15000000000000002,0.23,ab4a70858e,0.08698192238807678,-27.761194029850742,13.443396226415096,180.0,7.16,18,19,8,2.5132741228718345,0,2.0,9,0.1,/user/raabe14/u19361/workspace-allen/results/zebra/sub-830795_ses-ecephys-830795-2026-02-23-15-03-59_ecephys.nwb/ProbeF/trial_0/phase_1/lib_ab4a70858e/lib_ab4a70858e__delay_0.15000000000000002__dur_0.23.h5
9cd4f805-7599-43b2-b7f0-b37fd9700669,0.25,0.23,ab4a70858e,0.07464612275362015,2.6865671641791096,-17.028301886792452,157.4840764271708,28.65,35,36,7,2.199114857512855,5,8.0,7,0.08,/user/raabe14/u19361/workspace-allen/results/zebra/sub-830795_ses-ecephys-830795-2026-02-23-15-03-59_ecephys.nwb/ProbeF/trial_0/phase_1/lib_ab4a70858e/lib_ab4a70858e__delay_0.25__dur_0.23.h5
9d70021b-b7ce-4111-a498-874b02fdbe61,0.09,0.23,ab4a70858e,0.07408163696527481,-4.477611940298509,-31.367924528301888,45.02251307527088,10.74,31,44,2,0.6283185307179586,1,3.0,5,0.06,/user/raabe14/u19361/workspace-allen/results/zebra/sub-830795_ses-ecephys-830795-2026-02-23-15-03-59_ecephys.nwb/ProbeF/trial_0/phase_1/lib_ab4a70858e/lib_ab4a70858e__delay_0.09__dur_0.23.h5
9d86f703-e06e-4990-842f-584441bb81c2,0.2,0.23,ab4a70858e,0.07942777127027512,-13.43283582089552,25.990566037735846,0.0,28.65,26,12,0,0.0,5,8.0,5,0.06,/user/raabe14/u19361/workspace-allen/results/zebra/sub-830795_ses-ecephys-830795-2026-02-23-15-03-59_ecephys.nwb/ProbeF/trial_0/phase_1/lib_ab4a70858e/lib_ab4a70858e__delay_0.2__dur_0.23.h5
9d8c88d9-ec6e-4b1f-85d5-db70521c0faf,0.0,0.18000000000000002,ab4a70858e,0.07112403213977814,-36.71641791044776,-8.066037735849058,134.9774869247291,10.74,13,31,6,1.8849555921538759,1,3.0,10,1.1,/user/raabe14/u19361/workspace-allen/results/zebra/sub-830795_ses-ecephys-830795-2026-02-23-15-03-59_ecephys.nwb/ProbeF/trial_0/phase_1/lib_ab4a70858e/lib_ab4a70858e__delay_0.0__dur_0.18000000000000002.h5
9da5c27e-55b4-4c39-8327-ef015137e93c,0.1,0.13,ab4a70858e,0.0757054015994072,-20.59701492537313,8.066037735849058,67.51591472682667,14.32,22,22,3,0.9424777960769379,2,4.0,12,1.3,/user/raabe14/u19361/workspace-allen/results/zebra/sub-830795_ses-ecephys-830795-2026-02-23-15-03-59_ecephys.nwb/ProbeF/trial_0/phase_1/lib_ab4a70858e/lib_ab4a70858e__delay_0.1__dur_0.13.h5
9dd95597-9d85-4d89-994c-6c31a83a5244,0.15000000000000002,0.13,ab4a70858e,0.08005809038877487,-11.64179104477612,-42.12264150943396,22.515923572829195,7.16,27,50,1,0.3141592653589793,0,2.0,9,0.1,/user/raabe14/u19361/workspace-allen/results/zebra/sub-830795_ses-ecephys-830795-2026-02-23-15-03-59_ecephys.nwb/ProbeF/trial_0/phase_1/lib_ab4a70858e/lib_ab4a70858e__delay_0.15000000000000002__dur_0.13.h5
9e42f91d-67bc-4fa4-956b-c2bbebff86f7,0.08,0.18000000000000002,ab4a70858e,0.1737838238477707,-2.6865671641791025,-8.066037735849058,157.4840764271708,14.32,32,31,7,2.199114857512855,2,4.0,12,1.3,/user/raabe14/u19361/workspace-allen/results/zebra/sub-830795_ses-ecephys-830795-2026-02-23-15-03-59_ecephys.nwb/ProbeF/trial_0/phase_1/lib_ab4a70858e/lib_ab4a70858e__delay_0.08__dur_0.18000000000000002.h5
9ef22f7a-cd3f-47f5-926c-852eae433c25,0.0,0.08,ab4a70858e,0.08155833184719086,42.08955223880598,33.160377358490564,157.4840764271708,17.91,57,8,7,2.199114857512855,3,5.0,9,0.1,/user/raabe14/u19361/workspace-allen/results/zebra/sub-830795_ses-ecephys-830795-2026-02-23-15-03-59_ecephys.nwb/ProbeF/trial_0/phase_1/lib_ab4a70858e/lib_ab4a70858e__delay_0.0__dur_0.08.h5
9f1d9f3d-8332-4736-bd65-ad4246dcc85b,0.30000000000000004,0.18000000000000002,ab4a70858e,0.075888492166996,-6.268656716417908,-6.273584905660378,180.0,28.65,30,30,8,2.5132741228718345,5,8.0,3,0.04,/user/raabe14/u19361/workspace-allen/results/zebra/sub-830795_ses-ecephys-830795-2026-02-23-15-03-59_ecephys.nwb/ProbeF/trial_0/phase_1/lib_ab4a70858e/lib_ab4a70858e__delay_0.30000000000000004__dur_0.18000000000000002.h5
9f622f55-c63a-42f7-8feb-fa02d5113530,0.15000000000000002,0.08,ab4a70858e,0.07940200716257095,-9.850746268656714,-8.066037735849058,45.02251307527088,10.74,28,31,2,0.6283185307179586,1,3.0,8,0.09,/user/raabe14/u19361/workspace-allen/results/zebra/sub-830795_ses-ecephys-830795-2026-02-23-15-03-59_ecephys.nwb/ProbeF/trial_0/phase_1/lib_ab4a70858e/lib_ab4a70858e__delay_0.15000000000000002__dur_0.08.h5
9f7a667d-8c10-403f-a47c-78a1b9b24fea,0.30000000000000004,0.23,ab4a70858e,0.09411781281232834,-18.80597014925373,-24.19811320754717,0.0,17.91,23,40,0,0.0,3,5.0,9,0.1,/user/raabe14/u19361/workspace-allen/results/zebra/sub-830795_ses-ecephys-830795-2026-02-23-15-03-59_ecephys.nwb/ProbeF/trial_0/phase_1/lib_ab4a70858e/lib_ab4a70858e__delay_0.30000000000000004__dur_0.23.h5
a038e1ee-737a-4bbd-9c89-855ef09a5c98,0.01,0.03,ab4a70858e,0.0,-60.0,47.5,0.0,7.16,0,0,0,0.0,0,2.0,0,0.01,/user/raabe14/u19361/workspace-allen/results/zebra/sub-830795_ses-ecephys-830795-2026-02-23-15-03-59_ecephys.nwb/ProbeF/trial_0/phase_1/lib_ab4a70858e/lib_ab4a70858e__delay_0.01__dur_0.03.h5
a11aee0c-8e06-4ab6-9ddc-c4dcd41522be,0.08,0.18000000000000002,ab4a70858e,0.08718571811914444,33.13432835820896,18.820754716981128,112.48408527317332,7.16,52,16,5,1.5707963267948966,0,2.0,11,1.2,/user/raabe14/u19361/workspace-allen/results/zebra/sub-830795_ses-ecephys-830795-2026-02-23-15-03-59_ecephys.nwb/ProbeF/trial_0/phase_1/lib_ab4a70858e/lib_ab4a70858e__delay_0.08__dur_0.18000000000000002.h5
a1a3f035-48c8-4b6e-a9ab-e0a6811930a8,0.06,0.08,ab4a70858e,0.09545399248600006,-45.67164179104478,36.74528301886792,112.48408527317332,10.74,8,6,5,1.5707963267948966,1,3.0,11,1.2,/user/raabe14/u19361/workspace-allen/results/zebra/sub-830795_ses-ecephys-830795-2026-02-23-15-03-59_ecephys.nwb/ProbeF/trial_0/phase_1/lib_ab4a70858e/lib_ab4a70858e__delay_0.06__dur_0.08.h5
a20b4e2f-4866-48f6-9a61-ffdcd85a5636,0.15000000000000002,0.23,ab4a70858e,0.07942572236061096,-24.179104477611936,8.066037735849058,134.9774869247291,21.49,20,22,6,1.8849555921538759,4,6.0,9,0.1,/user/raabe14/u19361/workspace-allen/results/zebra/sub-830795_ses-ecephys-830795-2026-02-23-15-03-59_ecephys.nwb/ProbeF/trial_0/phase_1/lib_ab4a70858e/lib_ab4a70858e__delay_0.15000000000000002__dur_0.23.h5
a2214b75-8c83-439c-889c-c268454b5406,0.07,0.13,ab4a70858e,0.07920586317777634,-13.43283582089552,0.8962264150943398,180.0,14.32,26,26,8,2.5132741228718345,2,4.0,9,0.1,/user/raabe14/u19361/workspace-allen/results/zebra/sub-830795_ses-ecephys-830795-2026-02-23-15-03-59_ecephys.nwb/ProbeF/trial_0/phase_1/lib_ab4a70858e/lib_ab4a70858e__delay_0.07__dur_0.13.h5
a302da9e-72d6-4fe0-82f2-4ad0927381a5,0.06,0.18000000000000002,ab4a70858e,0.08074679970741272,-9.850746268656714,-42.12264150943396,112.48408527317332,10.74,28,50,5,1.5707963267948966,1,3.0,11,1.2,/user/raabe14/u19361/workspace-allen/results/zebra/sub-830795_ses-ecephys-830795-2026-02-23-15-03-59_ecephys.nwb/ProbeF/trial_0/phase_1/lib_ab4a70858e/lib_ab4a70858e__delay_0.06__dur_0.18000000000000002.h5
a34fc9e1-29da-476e-a6f7-03f358c09838,0.30000000000000004,0.23,ab4a70858e,0.07172290980815887,27.761194029850756,-4.481132075471699,22.515923572829195,10.74,49,29,1,0.3141592653589793,1,3.0,9,0.1,/user/raabe14/u19361/workspace-allen/results/zebra/sub-830795_ses-ecephys-830795-2026-02-23-15-03-59_ecephys.nwb/ProbeF/trial_0/phase_1/lib_ab4a70858e/lib_ab4a70858e__delay_0.30000000000000004__dur_0.23.h5
a37b31b9-ea8f-4d39-b8ed-816a5171b246,0.25,0.23,ab4a70858e,0.08305823057889938,-11.64179104477612,-27.78301886792453,22.515923572829163,7.16,27,42,9,2.827433388230814,0,2.0,0,0.01,/user/raabe14/u19361/workspace-allen/results/zebra/sub-830795_ses-ecephys-830795-2026-02-23-15-03-59_ecephys.nwb/ProbeF/trial_0/phase_1/lib_ab4a70858e/lib_ab4a70858e__delay_0.25__dur_0.23.h5
a50728f4-262b-4f67-82e8-f3ba74046a7f,0.30000000000000004,0.18000000000000002,ab4a70858e,0.0709136575460434,-20.59701492537313,9.858490566037737,90.0,28.65,22,21,4,1.2566370614359172,5,8.0,7,0.08,/user/raabe14/u19361/workspace-allen/results/zebra/sub-830795_ses-ecephys-830795-2026-02-23-15-03-59_ecephys.nwb/ProbeF/trial_0/phase_1/lib_ab4a70858e/lib_ab4a70858e__delay_0.30000000000000004__dur_0.18000000000000002.h5
a5c0c00c-9f17-4944-8ce4-1fa0b09cb2dd,0.15000000000000002,0.23,ab4a70858e,0.07673570513725281,-36.71641791044776,29.575471698113205,22.515923572829195,17.91,13,10,1,0.3141592653589793,3,5.0,9,0.1,/user/raabe14/u19361/workspace-allen/results/zebra/sub-830795_ses-ecephys-830795-2026-02-23-15-03-59_ecephys.nwb/ProbeF/trial_0/phase_1/lib_ab4a70858e/lib_ab4a70858e__delay_0.15000000000000002__dur_0.23.h5
a61bc7f8-d9b4-4079-9109-c9ac84454002,0.07,0.13,ab4a70858e,0.08288368582725525,15.223880597014926,24.198113207547166,0.0,17.91,42,13,0,0.0,3,5.0,7,0.08,/user/raabe14/u19361/workspace-allen/results/zebra/sub-830795_ses-ecephys-830795-2026-02-23-15-03-59_ecephys.nwb/ProbeF/trial_0/phase_1/lib_ab4a70858e/lib_ab4a70858e__delay_0.07__dur_0.13.h5
a63bf087-ae69-4e79-982e-e74197f19f4b,0.25,0.13,ab4a70858e,0.08042866736650467,11.641791044776127,8.066037735849058,67.51591472682667,10.74,40,22,3,0.9424777960769379,1,3.0,12,1.3,/user/raabe14/u19361/workspace-allen/results/zebra/sub-830795_ses-ecephys-830795-2026-02-23-15-03-59_ecephys.nwb/ProbeF/trial_0/phase_1/lib_ab4a70858e/lib_ab4a70858e__delay_0.25__dur_0.13.h5
a67fdc07-f21a-462c-89d7-623f63223546,0.15000000000000002,0.13,ab4a70858e,0.0821269154548645,-20.59701492537313,18.820754716981128,157.4840764271708,28.65,22,16,7,2.199114857512855,5,8.0,9,0.1,/user/raabe14/u19361/workspace-allen/results/zebra/sub-830795_ses-ecephys-830795-2026-02-23-15-03-59_ecephys.nwb/ProbeF/trial_0/phase_1/lib_ab4a70858e/lib_ab4a70858e__delay_0.15000000000000002__dur_0.13.h5
a6960ec2-ccb6-4ae9-8d22-a8f847a0a4b3,0.30000000000000004,0.23,ab4a70858e,0.07492857426404953,-13.43283582089552,-11.650943396226417,180.0,21.49,26,33,8,2.5132741228718345,4,6.0,0,0.01,/user/raabe14/u19361/workspace-allen/results/zebra/sub-830795_ses-ecephys-830795-2026-02-23-15-03-59_ecephys.nwb/ProbeF/trial_0/phase_1/lib_ab4a70858e/lib_ab4a70858e__delay_0.30000000000000004__dur_0.23.h5
a78566fb-6c9e-4f53-8b91-43133bbe432d,0.06,0.13,ab4a70858e,0.08713531494140625,-54.62686567164179,-22.40566037735849,134.9774869247291,14.32,3,39,6,1.8849555921538759,2,4.0,2,0.03,/user/raabe14/u19361/workspace-allen/results/zebra/sub-830795_ses-ecephys-830795-2026-02-23-15-03-59_ecephys.nwb/ProbeF/trial_0/phase_1/lib_ab4a70858e/lib_ab4a70858e__delay_0.06__dur_0.13.h5
a79d7d14-77d6-4429-af29-5dc5ccad6e7c,0.08,0.23,ab4a70858e,0.07664565742015839,-34.92537313432835,-42.12264150943396,157.4840764271708,28.65,14,50,7,2.199114857512855,5,8.0,2,0.03,/user/raabe14/u19361/workspace-allen/results/zebra/sub-830795_ses-ecephys-830795-2026-02-23-15-03-59_ecephys.nwb/ProbeF/trial_0/phase_1/lib_ab4a70858e/lib_ab4a70858e__delay_0.08__dur_0.23.h5
a7ca4375-8fe2-4d66-85d9-952fc6995d5d,0.15000000000000002,0.23,ab4a70858e,0.07937998324632645,-6.268656716417908,47.5,112.48408527317332,17.91,30,0,5,1.5707963267948966,3,5.0,2,0.03,/user/raabe14/u19361/workspace-allen/results/zebra/sub-830795_ses-ecephys-830795-2026-02-23-15-03-59_ecephys.nwb/ProbeF/trial_0/phase_1/lib_ab4a70858e/lib_ab4a70858e__delay_0.15000000000000002__dur_0.23.h5
a7ce5027-32e1-4902-b520-83ac6ae01842,0.0,0.23,ab4a70858e,0.07352186739444733,52.83582089552239,-11.650943396226417,180.0,7.16,63,33,8,2.5132741228718345,0,2.0,12,1.3,/user/raabe14/u19361/workspace-allen/results/zebra/sub-830795_ses-ecephys-830795-2026-02-23-15-03-59_ecephys.nwb/ProbeF/trial_0/phase_1/lib_ab4a70858e/lib_ab4a70858e__delay_0.0__dur_0.23.h5
a835884f-154a-4ff4-a8d2-f6c553f4e020,0.02,0.23,ab4a70858e,0.08963160216808319,18.80597014925374,11.650943396226417,112.48408527317332,10.74,44,20,5,1.5707963267948966,1,3.0,11,1.2,/user/raabe14/u19361/workspace-allen/results/zebra/sub-830795_ses-ecephys-830795-2026-02-23-15-03-59_ecephys.nwb/ProbeF/trial_0/phase_1/lib_ab4a70858e/lib_ab4a70858e__delay_0.02__dur_0.23.h5
a872338b-e540-41ef-a2b3-47c5004e8b2d,0.2,0.23,ab4a70858e,0.0769026055932045,-22.388059701492537,17.02830188679245,112.48408527317332,28.65,21,17,5,1.5707963267948966,5,8.0,6,0.07,/user/raabe14/u19361/workspace-allen/results/zebra/sub-830795_ses-ecephys-830795-2026-02-23-15-03-59_ecephys.nwb/ProbeF/trial_0/phase_1/lib_ab4a70858e/lib_ab4a70858e__delay_0.2__dur_0.23.h5
a94a3eb9-4c4a-4707-98e6-412b2cd59dc2,0.01,0.03,ab4a70858e,0.0,-60.0,47.5,0.0,7.16,0,0,0,0.0,0,2.0,0,0.01,/user/raabe14/u19361/workspace-allen/results/zebra/sub-830795_ses-ecephys-830795-2026-02-23-15-03-59_ecephys.nwb/ProbeF/trial_0/phase_1/lib_ab4a70858e/lib_ab4a70858e__delay_0.01__dur_0.03.h5
a9af9c20-5c27-4fef-b8f7-bd7dfb45d74f,0.15000000000000002,0.13,ab4a70858e,0.0802948847413063,17.014925373134332,8.066037735849058,157.4840764271708,17.91,43,22,7,2.199114857512855,3,5.0,9,0.1,/user/raabe14/u19361/workspace-allen/results/zebra/sub-830795_ses-ecephys-830795-2026-02-23-15-03-59_ecephys.nwb/ProbeF/trial_0/phase_1/lib_ab4a70858e/lib_ab4a70858e__delay_0.15000000000000002__dur_0.13.h5
aaa9a573-9b4c-4374-a59a-84daa200a246,0.1,0.18000000000000002,ab4a70858e,0.07171975821256638,11.641791044776127,-8.066037735849058,22.515923572829163,7.16,40,31,9,2.827433388230814,0,2.0,0,0.01,/user/raabe14/u19361/workspace-allen/results/zebra/sub-830795_ses-ecephys-830795-2026-02-23-15-03-59_ecephys.nwb/ProbeF/trial_0/phase_1/lib_ab4a70858e/lib_ab4a70858e__delay_0.1__dur_0.18000000000000002.h5
ab46209f-b121-42f6-b9e1-2a106152774d,0.30000000000000004,0.13,ab4a70858e,0.07622059434652328,6.268656716417908,-27.78301886792453,45.02251307527088,28.65,37,42,2,0.6283185307179586,5,8.0,9,0.1,/user/raabe14/u19361/workspace-allen/results/zebra/sub-830795_ses-ecephys-830795-2026-02-23-15-03-59_ecephys.nwb/ProbeF/trial_0/phase_1/lib_ab4a70858e/lib_ab4a70858e__delay_0.30000000000000004__dur_0.13.h5
ab67377b-b666-436d-bd89-81f014b7823b,0.01,0.03,ab4a70858e,0.0,-60.0,47.5,0.0,7.16,0,0,0,0.0,0,2.0,0,0.01,/user/raabe14/u19361/workspace-allen/results/zebra/sub-830795_ses-ecephys-830795-2026-02-23-15-03-59_ecephys.nwb/ProbeF/trial_0/phase_1/lib_ab4a70858e/lib_ab4a70858e__delay_0.01__dur_0.03.h5
ab97027c-203d-4287-b0ac-441c010f0101,0.04,0.23,ab4a70858e,0.08392637968063354,-25.970149253731343,2.6886792452830193,157.4840764271708,10.74,19,25,7,2.199114857512855,1,3.0,2,0.03,/user/raabe14/u19361/workspace-allen/results/zebra/sub-830795_ses-ecephys-830795-2026-02-23-15-03-59_ecephys.nwb/ProbeF/trial_0/phase_1/lib_ab4a70858e/lib_ab4a70858e__delay_0.04__dur_0.23.h5
abbfad7f-98cd-42d9-af50-340d7b418fa3,0.2,0.13,ab4a70858e,0.07068901509046555,-15.223880597014926,33.160377358490564,112.48408527317332,7.16,25,8,5,1.5707963267948966,0,2.0,11,1.2,/user/raabe14/u19361/workspace-allen/results/zebra/sub-830795_ses-ecephys-830795-2026-02-23-15-03-59_ecephys.nwb/ProbeF/trial_0/phase_1/lib_ab4a70858e/lib_ab4a70858e__delay_0.2__dur_0.13.h5
acce2fa4-e659-40d5-a855-8cedac163bbc,0.30000000000000004,0.23,ab4a70858e,0.07631766051054001,-11.64179104477612,-0.8962264150943398,67.51591472682667,7.16,27,27,3,0.9424777960769379,0,2.0,9,0.1,/user/raabe14/u19361/workspace-allen/results/zebra/sub-830795_ses-ecephys-830795-2026-02-23-15-03-59_ecephys.nwb/ProbeF/trial_0/phase_1/lib_ab4a70858e/lib_ab4a70858e__delay_0.30000000000000004__dur_0.23.h5
acd8720e-091b-487d-a729-39e261f76691,0.30000000000000004,0.23,ab4a70858e,0.09164363890886307,-11.64179104477612,27.783018867924525,0.0,21.49,27,11,0,0.0,4,6.0,2,0.03,/user/raabe14/u19361/workspace-allen/results/zebra/sub-830795_ses-ecephys-830795-2026-02-23-15-03-59_ecephys.nwb/ProbeF/trial_0/phase_1/lib_ab4a70858e/lib_ab4a70858e__delay_0.30000000000000004__dur_0.23.h5
ad3ddb85-304c-414e-898e-da998f08ae6a,0.08,0.23,ab4a70858e,0.07865369319915771,8.059701492537314,4.481132075471699,67.51591472682667,21.49,38,24,3,0.9424777960769379,4,6.0,0,0.01,/user/raabe14/u19361/workspace-allen/results/zebra/sub-830795_ses-ecephys-830795-2026-02-23-15-03-59_ecephys.nwb/ProbeF/trial_0/phase_1/lib_ab4a70858e/lib_ab4a70858e__delay_0.08__dur_0.23.h5
ad3f8ea2-0690-4d1b-8582-45039d6259a3,0.08,0.23,ab4a70858e,0.07635726779699326,4.477611940298516,34.95283018867924,90.0,10.74,36,7,4,1.2566370614359172,1,3.0,8,0.09,/user/raabe14/u19361/workspace-allen/results/zebra/sub-830795_ses-ecephys-830795-2026-02-23-15-03-59_ecephys.nwb/ProbeF/trial_0/phase_1/lib_ab4a70858e/lib_ab4a70858e__delay_0.08__dur_0.23.h5
ad9b21ea-7f92-4c2a-b5c6-ff2a5a789bb9,0.05,0.23,ab4a70858e,0.07187766581773758,2.6865671641791096,9.858490566037737,112.48408527317332,14.32,35,21,5,1.5707963267948966,2,4.0,8,0.09,/user/raabe14/u19361/workspace-allen/results/zebra/sub-830795_ses-ecephys-830795-2026-02-23-15-03-59_ecephys.nwb/ProbeF/trial_0/phase_1/lib_ab4a70858e/lib_ab4a70858e__delay_0.05__dur_0.23.h5
ae7ff713-7fef-4a21-97f0-b97d28cd29c4,0.01,0.03,ab4a70858e,0.0,-60.0,47.5,0.0,7.16,0,0,0,0.0,0,2.0,0,0.01,/user/raabe14/u19361/workspace-allen/results/zebra/sub-830795_ses-ecephys-830795-2026-02-23-15-03-59_ecephys.nwb/ProbeF/trial_0/phase_1/lib_ab4a70858e/lib_ab4a70858e__delay_0.01__dur_0.03.h5
aec92436-55f9-4590-8ecb-02d50b1035d5,0.02,0.23,ab4a70858e,0.08060178905725479,-18.80597014925373,-9.858490566037737,180.0,14.32,23,32,8,2.5132741228718345,2,4.0,12,1.3,/user/raabe14/u19361/workspace-allen/results/zebra/sub-830795_ses-ecephys-830795-2026-02-23-15-03-59_ecephys.nwb/ProbeF/trial_0/phase_1/lib_ab4a70858e/lib_ab4a70858e__delay_0.02__dur_0.23.h5
af52eb8c-9d80-4ec0-b0ed-6f4e56f47181,0.1,0.13,ab4a70858e,0.0780755877494812,6.268656716417908,27.783018867924525,45.02251307527088,14.32,37,11,2,0.6283185307179586,2,4.0,5,0.06,/user/raabe14/u19361/workspace-allen/results/zebra/sub-830795_ses-ecephys-830795-2026-02-23-15-03-59_ecephys.nwb/ProbeF/trial_0/phase_1/lib_ab4a70858e/lib_ab4a70858e__delay_0.1__dur_0.13.h5
b013ab5c-bf20-4fc0-9336-6f5b5bda021e,0.03,0.18000000000000002,ab4a70858e,0.0783398449420929,-31.34328358208955,-22.40566037735849,22.515923572829163,28.65,16,39,9,2.827433388230814,5,8.0,6,0.07,/user/raabe14/u19361/workspace-allen/results/zebra/sub-830795_ses-ecephys-830795-2026-02-23-15-03-59_ecephys.nwb/ProbeF/trial_0/phase_1/lib_ab4a70858e/lib_ab4a70858e__delay_0.03__dur_0.18000000000000002.h5
b05918b2-979d-40e4-a5f0-92ddb147cf48,0.30000000000000004,0.18000000000000002,ab4a70858e,0.07339713722467422,-8.059701492537314,-15.235849056603776,0.0,7.16,29,35,0,0.0,0,2.0,0,0.01,/user/raabe14/u19361/workspace-allen/results/zebra/sub-830795_ses-ecephys-830795-2026-02-23-15-03-59_ecephys.nwb/ProbeF/trial_0/phase_1/lib_ab4a70858e/lib_ab4a70858e__delay_0.30000000000000004__dur_0.18000000000000002.h5
b0c9efa7-6fee-4901-975c-ad61e66e1007,0.03,0.23,ab4a70858e,0.09230886399745941,25.97014925373135,18.820754716981128,157.4840764271708,14.32,48,16,7,2.199114857512855,2,4.0,12,1.3,/user/raabe14/u19361/workspace-allen/results/zebra/sub-830795_ses-ecephys-830795-2026-02-23-15-03-59_ecephys.nwb/ProbeF/trial_0/phase_1/lib_ab4a70858e/lib_ab4a70858e__delay_0.03__dur_0.23.h5
b0ce85f7-28ba-48af-b27e-8cbf871af3dd,0.30000000000000004,0.18000000000000002,ab4a70858e,0.08366579562425613,-8.059701492537314,40.33018867924528,0.0,10.74,29,4,0,0.0,1,3.0,9,0.1,/user/raabe14/u19361/workspace-allen/results/zebra/sub-830795_ses-ecephys-830795-2026-02-23-15-03-59_ecephys.nwb/ProbeF/trial_0/phase_1/lib_ab4a70858e/lib_ab4a70858e__delay_0.30000000000000004__dur_0.18000000000000002.h5
b0d28126-c050-4c06-bc12-6a7c070feb17,0.25,0.18000000000000002,ab4a70858e,0.08563978970050812,-54.62686567164179,15.235849056603776,180.0,17.91,3,18,8,2.5132741228718345,3,5.0,9,0.1,/user/raabe14/u19361/workspace-allen/results/zebra/sub-830795_ses-ecephys-830795-2026-02-23-15-03-59_ecephys.nwb/ProbeF/trial_0/phase_1/lib_ab4a70858e/lib_ab4a70858e__delay_0.25__dur_0.18000000000000002.h5
b109c0fa-a9a2-4819-bfb8-f23af70f64e8,0.01,0.03,ab4a70858e,0.0,-60.0,47.5,0.0,7.16,0,0,0,0.0,0,2.0,0,0.01,/user/raabe14/u19361/workspace-allen/results/zebra/sub-830795_ses-ecephys-830795-2026-02-23-15-03-59_ecephys.nwb/ProbeF/trial_0/phase_1/lib_ab4a70858e/lib_ab4a70858e__delay_0.01__dur_0.03.h5
b122d534-194b-4259-9ebe-eb0aa89f24fa,0.07,0.23,ab4a70858e,0.08094346523284912,8.059701492537314,-27.78301886792453,90.0,28.65,38,42,4,1.2566370614359172,5,8.0,9,0.1,/user/raabe14/u19361/workspace-allen/results/zebra/sub-830795_ses-ecephys-830795-2026-02-23-15-03-59_ecephys.nwb/ProbeF/trial_0/phase_1/lib_ab4a70858e/lib_ab4a70858e__delay_0.07__dur_0.23.h5
b12ceec4-e123-491d-a49e-74912b89bb6a,0.02,0.23,ab4a70858e,0.07411432266235352,-60.0,9.858490566037737,112.48408527317332,10.74,0,21,5,1.5707963267948966,1,3.0,11,1.2,/user/raabe14/u19361/workspace-allen/results/zebra/sub-830795_ses-ecephys-830795-2026-02-23-15-03-59_ecephys.nwb/ProbeF/trial_0/phase_1/lib_ab4a70858e/lib_ab4a70858e__delay_0.02__dur_0.23.h5
b1f84f9b-15f2-4a7d-8146-2f964d64d845,0.15000000000000002,0.18000000000000002,ab4a70858e,0.08132579922676086,-6.268656716417908,42.12264150943396,0.0,17.91,30,3,0,0.0,3,5.0,11,1.2,/user/raabe14/u19361/workspace-allen/results/zebra/sub-830795_ses-ecephys-830795-2026-02-23-15-03-59_ecephys.nwb/ProbeF/trial_0/phase_1/lib_ab4a70858e/lib_ab4a70858e__delay_0.15000000000000002__dur_0.18000000000000002.h5
b212149b-2de8-4f5e-b628-90e3e3f2e467,0.25,0.18000000000000002,ab4a70858e,0.07162339240312576,-20.59701492537313,0.8962264150943398,0.0,10.74,22,26,0,0.0,1,3.0,11,1.2,/user/raabe14/u19361/workspace-allen/results/zebra/sub-830795_ses-ecephys-830795-2026-02-23-15-03-59_ecephys.nwb/ProbeF/trial_0/phase_1/lib_ab4a70858e/lib_ab4a70858e__delay_0.25__dur_0.18000000000000002.h5
b217b8be-b6bc-4344-93c4-9f0d1ec4684d,0.2,0.23,ab4a70858e,0.08120325952768326,-24.179104477611936,-18.82075471698113,134.9774869247291,21.49,20,37,6,1.8849555921538759,4,6.0,9,0.1,/user/raabe14/u19361/workspace-allen/results/zebra/sub-830795_ses-ecephys-830795-2026-02-23-15-03-59_ecephys.nwb/ProbeF/trial_0/phase_1/lib_ab4a70858e/lib_ab4a70858e__delay_0.2__dur_0.23.h5
b219ef9c-5802-4aad-9c82-ce3660a93b17,0.0,0.23,ab4a70858e,0.07767371833324432,43.88059701492537,4.481132075471699,180.0,14.32,58,24,8,2.5132741228718345,2,4.0,9,0.1,/user/raabe14/u19361/workspace-allen/results/zebra/sub-830795_ses-ecephys-830795-2026-02-23-15-03-59_ecephys.nwb/ProbeF/trial_0/phase_1/lib_ab4a70858e/lib_ab4a70858e__delay_0.0__dur_0.23.h5
b2f60fe5-26e0-430b-9233-09f0ad371b63,0.08,0.23,ab4a70858e,0.09102167934179306,40.29850746268657,-8.066037735849058,0.0,21.49,56,31,0,0.0,4,6.0,11,1.2,/user/raabe14/u19361/workspace-allen/results/zebra/sub-830795_ses-ecephys-830795-2026-02-23-15-03-59_ecephys.nwb/ProbeF/trial_0/phase_1/lib_ab4a70858e/lib_ab4a70858e__delay_0.08__dur_0.23.h5
b3a5faf1-999b-4e64-aa56-282ce54bb0d8,0.01,0.03,ab4a70858e,0.0,-60.0,47.5,0.0,7.16,0,0,0,0.0,0,2.0,0,0.01,/user/raabe14/u19361/workspace-allen/results/zebra/sub-830795_ses-ecephys-830795-2026-02-23-15-03-59_ecephys.nwb/ProbeF/trial_0/phase_1/lib_ab4a70858e/lib_ab4a70858e__delay_0.01__dur_0.03.h5
b4313be7-46b9-4603-b047-a75ad67f4fd7,0.30000000000000004,0.18000000000000002,ab4a70858e,0.08590003103017807,-13.43283582089552,-11.650943396226417,180.0,14.32,26,33,8,2.5132741228718345,2,4.0,8,0.09,/user/raabe14/u19361/workspace-allen/results/zebra/sub-830795_ses-ecephys-830795-2026-02-23-15-03-59_ecephys.nwb/ProbeF/trial_0/phase_1/lib_ab4a70858e/lib_ab4a70858e__delay_0.30000000000000004__dur_0.18000000000000002.h5
b4bf8722-2896-4515-b226-bda4cc2edbd8,0.09,0.23,ab4a70858e,0.13214002549648285,-13.43283582089552,17.02830188679245,112.48408527317332,21.49,26,17,5,1.5707963267948966,4,6.0,11,1.2,/user/raabe14/u19361/workspace-allen/results/zebra/sub-830795_ses-ecephys-830795-2026-02-23-15-03-59_ecephys.nwb/ProbeF/trial_0/phase_1/lib_ab4a70858e/lib_ab4a70858e__delay_0.09__dur_0.23.h5
b4d68814-8098-4c9c-88be-7b4d38e3d07e,0.09,0.13,ab4a70858e,0.08226963132619858,-22.388059701492537,24.198113207547166,0.0,7.16,21,13,0,0.0,0,2.0,11,1.2,/user/raabe14/u19361/workspace-allen/results/zebra/sub-830795_ses-ecephys-830795-2026-02-23-15-03-59_ecephys.nwb/ProbeF/trial_0/phase_1/lib_ab4a70858e/lib_ab4a70858e__delay_0.09__dur_0.13.h5
b55f5e94-0c5c-461d-9822-cfceabf7d9dc,0.03,0.18000000000000002,ab4a70858e,0.09101001173257828,-20.59701492537313,2.6886792452830193,0.0,7.16,22,25,0,0.0,0,2.0,9,0.1,/user/raabe14/u19361/workspace-allen/results/zebra/sub-830795_ses-ecephys-830795-2026-02-23-15-03-59_ecephys.nwb/ProbeF/trial_0/phase_1/lib_ab4a70858e/lib_ab4a70858e__delay_0.03__dur_0.18000000000000002.h5
b60dd041-1fa1-4d7f-a493-6806c27c4e75,0.05,0.18000000000000002,ab4a70858e,0.090178482234478,-27.761194029850742,4.481132075471699,112.48408527317332,28.65,18,24,5,1.5707963267948966,5,8.0,1,0.02,/user/raabe14/u19361/workspace-allen/results/zebra/sub-830795_ses-ecephys-830795-2026-02-23-15-03-59_ecephys.nwb/ProbeF/trial_0/phase_1/lib_ab4a70858e/lib_ab4a70858e__delay_0.05__dur_0.18000000000000002.h5
b7103f6e-0197-4032-a337-e27d52726db8,0.01,0.03,ab4a70858e,0.0,-60.0,47.5,0.0,7.16,0,0,0,0.0,0,2.0,0,0.01,/user/raabe14/u19361/workspace-allen/results/zebra/sub-830795_ses-ecephys-830795-2026-02-23-15-03-59_ecephys.nwb/ProbeF/trial_0/phase_1/lib_ab4a70858e/lib_ab4a70858e__delay_0.01__dur_0.03.h5
b72f5011-d4cb-440f-9d04-c7e3831b4b35,0.30000000000000004,0.13,ab4a70858e,0.07749801129102707,-13.43283582089552,-15.235849056603776,157.4840764271708,7.16,26,35,7,2.199114857512855,0,2.0,12,1.3,/user/raabe14/u19361/workspace-allen/results/zebra/sub-830795_ses-ecephys-830795-2026-02-23-15-03-59_ecephys.nwb/ProbeF/trial_0/phase_1/lib_ab4a70858e/lib_ab4a70858e__delay_0.30000000000000004__dur_0.13.h5
b8452a95-ad00-43de-9d84-ad12bbc1709d,0.05,0.23,ab4a70858e,0.10287033766508102,0.8955223880597032,-6.273584905660378,180.0,10.74,34,30,8,2.5132741228718345,1,3.0,12,1.3,/user/raabe14/u19361/workspace-allen/results/zebra/sub-830795_ses-ecephys-830795-2026-02-23-15-03-59_ecephys.nwb/ProbeF/trial_0/phase_1/lib_ab4a70858e/lib_ab4a70858e__delay_0.05__dur_0.23.h5
ba0c5b3d-5300-49ed-8557-3b92a8e76712,0.1,0.18000000000000002,ab4a70858e,0.06717178225517273,13.43283582089552,-17.028301886792452,0.0,7.16,41,36,0,0.0,0,2.0,11,1.2,/user/raabe14/u19361/workspace-allen/results/zebra/sub-830795_ses-ecephys-830795-2026-02-23-15-03-59_ecephys.nwb/ProbeF/trial_0/phase_1/lib_ab4a70858e/lib_ab4a70858e__delay_0.1__dur_0.18000000000000002.h5
bb231a2e-237b-4104-ae2c-795b8b501b8d,0.30000000000000004,0.23,ab4a70858e,0.09108217060565948,-60.0,-6.273584905660378,157.4840764271708,28.65,0,30,7,2.199114857512855,5,8.0,9,0.1,/user/raabe14/u19361/workspace-allen/results/zebra/sub-830795_ses-ecephys-830795-2026-02-23-15-03-59_ecephys.nwb/ProbeF/trial_0/phase_1/lib_ab4a70858e/lib_ab4a70858e__delay_0.30000000000000004__dur_0.23.h5
bb6651ae-74d1-41ba-bcb3-595ba8d11bcd,0.0,0.13,ab4a70858e,0.07404827326536179,-33.134328358208954,9.858490566037737,112.48408527317332,28.65,15,21,5,1.5707963267948966,5,8.0,9,0.1,/user/raabe14/u19361/workspace-allen/results/zebra/sub-830795_ses-ecephys-830795-2026-02-23-15-03-59_ecephys.nwb/ProbeF/trial_0/phase_1/lib_ab4a70858e/lib_ab4a70858e__delay_0.0__dur_0.13.h5
bbb0f97d-9b20-4604-8e11-ba8e39fda5b9,0.30000000000000004,0.23,ab4a70858e,0.09464306384325027,-29.55223880597015,11.650943396226417,90.0,7.16,17,20,4,1.2566370614359172,0,2.0,0,0.01,/user/raabe14/u19361/workspace-allen/results/zebra/sub-830795_ses-ecephys-830795-2026-02-23-15-03-59_ecephys.nwb/ProbeF/trial_0/phase_1/lib_ab4a70858e/lib_ab4a70858e__delay_0.30000000000000004__dur_0.23.h5
bbe587b6-e440-42a1-95ec-7863e04a8584,0.15000000000000002,0.13,ab4a70858e,0.08025837689638138,-15.223880597014926,8.066037735849058,22.515923572829163,21.49,25,22,9,2.827433388230814,4,6.0,9,0.1,/user/raabe14/u19361/workspace-allen/results/zebra/sub-830795_ses-ecephys-830795-2026-02-23-15-03-59_ecephys.nwb/ProbeF/trial_0/phase_1/lib_ab4a70858e/lib_ab4a70858e__delay_0.15000000000000002__dur_0.13.h5
bc0cb608-01af-4a30-984f-4dcde2a63f1b,0.25,0.23,ab4a70858e,0.07527566701173782,-33.134328358208954,-22.40566037735849,157.4840764271708,14.32,15,39,7,2.199114857512855,2,4.0,12,1.3,/user/raabe14/u19361/workspace-allen/results/zebra/sub-830795_ses-ecephys-830795-2026-02-23-15-03-59_ecephys.nwb/ProbeF/trial_0/phase_1/lib_ab4a70858e/lib_ab4a70858e__delay_0.25__dur_0.23.h5
bdbc95ea-1f23-416c-89b8-a7b3666a0397,0.03,0.23,ab4a70858e,0.08783502876758575,-8.059701492537314,-0.8962264150943398,45.02251307527088,21.49,29,27,2,0.6283185307179586,4,6.0,9,0.1,/user/raabe14/u19361/workspace-allen/results/zebra/sub-830795_ses-ecephys-830795-2026-02-23-15-03-59_ecephys.nwb/ProbeF/trial_0/phase_1/lib_ab4a70858e/lib_ab4a70858e__delay_0.03__dur_0.23.h5
be598eff-9e1f-4b58-b639-37c006169851,0.30000000000000004,0.23,ab4a70858e,0.07858447730541229,-56.417910447761194,25.990566037735846,112.48408527317332,28.65,2,12,5,1.5707963267948966,5,8.0,2,0.03,/user/raabe14/u19361/workspace-allen/results/zebra/sub-830795_ses-ecephys-830795-2026-02-23-15-03-59_ecephys.nwb/ProbeF/trial_0/phase_1/lib_ab4a70858e/lib_ab4a70858e__delay_0.30000000000000004__dur_0.23.h5
be9f3500-badc-431b-9cdc-8283e7c0d10e,0.05,0.23,ab4a70858e,0.06902967393398285,29.55223880597015,-18.82075471698113,0.0,7.16,50,37,0,0.0,0,2.0,11,1.2,/user/raabe14/u19361/workspace-allen/results/zebra/sub-830795_ses-ecephys-830795-2026-02-23-15-03-59_ecephys.nwb/ProbeF/trial_0/phase_1/lib_ab4a70858e/lib_ab4a70858e__delay_0.05__dur_0.23.h5
bea07218-a56c-449f-bd65-7dd4c2ed5789,0.04,0.08,ab4a70858e,0.07781843096017838,-58.208955223880594,42.12264150943396,22.515923572829195,10.74,1,3,1,0.3141592653589793,1,3.0,12,1.3,/user/raabe14/u19361/workspace-allen/results/zebra/sub-830795_ses-ecephys-830795-2026-02-23-15-03-59_ecephys.nwb/ProbeF/trial_0/phase_1/lib_ab4a70858e/lib_ab4a70858e__delay_0.04__dur_0.08.h5
bee8bee8-8d1f-44b8-90d9-a159e25db3bf,0.03,0.23,ab4a70858e,0.07780779153108597,8.059701492537314,-25.99056603773585,90.0,17.91,38,41,4,1.2566370614359172,3,5.0,9,0.1,/user/raabe14/u19361/workspace-allen/results/zebra/sub-830795_ses-ecephys-830795-2026-02-23-15-03-59_ecephys.nwb/ProbeF/trial_0/phase_1/lib_ab4a70858e/lib_ab4a70858e__delay_0.03__dur_0.23.h5
bf0482cf-d221-4bb3-910a-e598594dfec6,0.06,0.13,ab4a70858e,0.07996109873056412,-9.850746268656714,-31.367924528301888,90.0,21.49,28,44,4,1.2566370614359172,4,6.0,8,0.09,/user/raabe14/u19361/workspace-allen/results/zebra/sub-830795_ses-ecephys-830795-2026-02-23-15-03-59_ecephys.nwb/ProbeF/trial_0/phase_1/lib_ab4a70858e/lib_ab4a70858e__delay_0.06__dur_0.13.h5
bf6d2b74-ff65-4dc1-8baf-39eb52dbb96d,0.08,0.23,ab4a70858e,0.08237522840499878,-15.223880597014926,11.650943396226417,0.0,10.74,25,20,0,0.0,1,3.0,4,0.05,/user/raabe14/u19361/workspace-allen/results/zebra/sub-830795_ses-ecephys-830795-2026-02-23-15-03-59_ecephys.nwb/ProbeF/trial_0/phase_1/lib_ab4a70858e/lib_ab4a70858e__delay_0.08__dur_0.23.h5
bf8b33a8-5ac9-4d9b-a5dd-980563b81f8e,0.03,0.18000000000000002,ab4a70858e,0.09632205218076706,-25.970149253731343,-8.066037735849058,157.4840764271708,28.65,19,31,7,2.199114857512855,5,8.0,12,1.3,/user/raabe14/u19361/workspace-allen/results/zebra/sub-830795_ses-ecephys-830795-2026-02-23-15-03-59_ecephys.nwb/ProbeF/trial_0/phase_1/lib_ab4a70858e/lib_ab4a70858e__delay_0.03__dur_0.18000000000000002.h5
bffe817e-c228-4ef9-908c-4e3e5207a5a4,0.30000000000000004,0.23,ab4a70858e,0.0781451091170311,-11.64179104477612,-9.858490566037737,0.0,14.32,27,32,0,0.0,2,4.0,11,1.2,/user/raabe14/u19361/workspace-allen/results/zebra/sub-830795_ses-ecephys-830795-2026-02-23-15-03-59_ecephys.nwb/ProbeF/trial_0/phase_1/lib_ab4a70858e/lib_ab4a70858e__delay_0.30000000000000004__dur_0.23.h5
c0aed2ce-1267-4732-a0eb-b180317cb3e9,0.01,0.03,ab4a70858e,0.0,-60.0,47.5,0.0,7.16,0,0,0,0.0,0,2.0,0,0.01,/user/raabe14/u19361/workspace-allen/results/zebra/sub-830795_ses-ecephys-830795-2026-02-23-15-03-59_ecephys.nwb/ProbeF/trial_0/phase_1/lib_ab4a70858e/lib_ab4a70858e__delay_0.01__dur_0.03.h5
c0c9f27d-faeb-476c-b374-6aac65c0ae2a,0.08,0.18000000000000002,ab4a70858e,0.11421523243188858,-17.014925373134325,-4.481132075471699,67.51591472682667,14.32,24,29,3,0.9424777960769379,2,4.0,12,1.3,/user/raabe14/u19361/workspace-allen/results/zebra/sub-830795_ses-ecephys-830795-2026-02-23-15-03-59_ecephys.nwb/ProbeF/trial_0/phase_1/lib_ab4a70858e/lib_ab4a70858e__delay_0.08__dur_0.18000000000000002.h5
c0ea3cb5-c6ba-405c-ae5b-3868fb27a12a,0.15000000000000002,0.18000000000000002,ab4a70858e,0.08280937373638153,-34.92537313432835,20.613207547169807,90.0,21.49,14,15,4,1.2566370614359172,4,6.0,1,0.02,/user/raabe14/u19361/workspace-allen/results/zebra/sub-830795_ses-ecephys-830795-2026-02-23-15-03-59_ecephys.nwb/ProbeF/trial_0/phase_1/lib_ab4a70858e/lib_ab4a70858e__delay_0.15000000000000002__dur_0.18000000000000002.h5
c1fcf87a-ba1e-46d1-8905-ae27a67bc5f2,0.25,0.23,ab4a70858e,0.1028672531247139,-13.43283582089552,-17.028301886792452,157.4840764271708,17.91,26,36,7,2.199114857512855,3,5.0,12,1.3,/user/raabe14/u19361/workspace-allen/results/zebra/sub-830795_ses-ecephys-830795-2026-02-23-15-03-59_ecephys.nwb/ProbeF/trial_0/phase_1/lib_ab4a70858e/lib_ab4a70858e__delay_0.25__dur_0.23.h5
c2724760-c281-4f94-aa53-3bbe9768d488,0.15000000000000002,0.18000000000000002,ab4a70858e,0.07159221172332764,4.477611940298516,17.02830188679245,45.02251307527088,28.65,36,17,2,0.6283185307179586,5,8.0,9,0.1,/user/raabe14/u19361/workspace-allen/results/zebra/sub-830795_ses-ecephys-830795-2026-02-23-15-03-59_ecephys.nwb/ProbeF/trial_0/phase_1/lib_ab4a70858e/lib_ab4a70858e__delay_0.15000000000000002__dur_0.18000000000000002.h5
c36a4be0-4d80-4740-bd75-7ab3871956bd,0.30000000000000004,0.23,ab4a70858e,0.08251813799142838,-51.04477611940298,-2.6886792452830193,157.4840764271708,28.65,5,28,7,2.199114857512855,5,8.0,9,0.1,/user/raabe14/u19361/workspace-allen/results/zebra/sub-830795_ses-ecephys-830795-2026-02-23-15-03-59_ecephys.nwb/ProbeF/trial_0/phase_1/lib_ab4a70858e/lib_ab4a70858e__delay_0.30000000000000004__dur_0.23.h5
c4adc4e2-db40-4577-a3b0-767035c83eca,0.07,0.23,ab4a70858e,0.08297465741634369,-0.8955223880596961,-6.273584905660378,0.0,7.16,33,30,0,0.0,0,2.0,11,1.2,/user/raabe14/u19361/workspace-allen/results/zebra/sub-830795_ses-ecephys-830795-2026-02-23-15-03-59_ecephys.nwb/ProbeF/trial_0/phase_1/lib_ab4a70858e/lib_ab4a70858e__delay_0.07__dur_0.23.h5
c5b9bd90-3c19-4efa-a613-5b1ad8befd82,0.07,0.23,ab4a70858e,0.07931981980800629,-33.134328358208954,-0.8962264150943398,112.48408527317332,21.49,15,27,5,1.5707963267948966,4,6.0,11,1.2,/user/raabe14/u19361/workspace-allen/results/zebra/sub-830795_ses-ecephys-830795-2026-02-23-15-03-59_ecephys.nwb/ProbeF/trial_0/phase_1/lib_ab4a70858e/lib_ab4a70858e__delay_0.07__dur_0.23.h5
c5ccb8b3-4265-475d-8e61-5c1f49ebac03,0.30000000000000004,0.23,ab4a70858e,0.08554469048976898,0.8955223880597032,6.273584905660378,112.48408527317332,28.65,34,23,5,1.5707963267948966,5,8.0,7,0.08,/user/raabe14/u19361/workspace-allen/results/zebra/sub-830795_ses-ecephys-830795-2026-02-23-15-03-59_ecephys.nwb/ProbeF/trial_0/phase_1/lib_ab4a70858e/lib_ab4a70858e__delay_0.30000000000000004__dur_0.23.h5
c67c3df8-841c-4345-a523-2ad7c60aa43c,0.01,0.03,ab4a70858e,0.0,-60.0,47.5,0.0,7.16,0,0,0,0.0,0,2.0,0,0.01,/user/raabe14/u19361/workspace-allen/results/zebra/sub-830795_ses-ecephys-830795-2026-02-23-15-03-59_ecephys.nwb/ProbeF/trial_0/phase_1/lib_ab4a70858e/lib_ab4a70858e__delay_0.01__dur_0.03.h5
c6a280ea-b9ea-458f-9c44-7ac921ea4b90,0.01,0.03,ab4a70858e,0.0,-60.0,47.5,0.0,7.16,0,0,0,0.0,0,2.0,0,0.01,/user/raabe14/u19361/workspace-allen/results/zebra/sub-830795_ses-ecephys-830795-2026-02-23-15-03-59_ecephys.nwb/ProbeF/trial_0/phase_1/lib_ab4a70858e/lib_ab4a70858e__delay_0.01__dur_0.03.h5
c705cff1-3750-453d-8864-057747a0fac0,0.15000000000000002,0.18000000000000002,ab4a70858e,0.11708320677280426,-2.6865671641791025,-8.066037735849058,180.0,17.91,32,31,8,2.5132741228718345,3,5.0,12,1.3,/user/raabe14/u19361/workspace-allen/results/zebra/sub-830795_ses-ecephys-830795-2026-02-23-15-03-59_ecephys.nwb/ProbeF/trial_0/phase_1/lib_ab4a70858e/lib_ab4a70858e__delay_0.15000000000000002__dur_0.18000000000000002.h5
c718ef8a-915d-438a-b8d0-10a7f4f02410,0.2,0.23,ab4a70858e,0.0804196149110794,-8.059701492537314,-6.273584905660378,22.515923572829163,7.16,29,30,9,2.827433388230814,0,2.0,9,0.1,/user/raabe14/u19361/workspace-allen/results/zebra/sub-830795_ses-ecephys-830795-2026-02-23-15-03-59_ecephys.nwb/ProbeF/trial_0/phase_1/lib_ab4a70858e/lib_ab4a70858e__delay_0.2__dur_0.23.h5
c72f408c-bf67-4d6f-b8a4-fb50205906ca,0.0,0.13,ab4a70858e,0.10195719450712204,-18.80597014925373,4.481132075471699,45.02251307527088,17.91,23,24,2,0.6283185307179586,3,5.0,12,1.3,/user/raabe14/u19361/workspace-allen/results/zebra/sub-830795_ses-ecephys-830795-2026-02-23-15-03-59_ecephys.nwb/ProbeF/trial_0/phase_1/lib_ab4a70858e/lib_ab4a70858e__delay_0.0__dur_0.13.h5
c745b56c-7683-493a-8dae-d5436186deaf,0.30000000000000004,0.23,ab4a70858e,0.07557817548513412,-40.298507462686565,47.5,67.51591472682667,17.91,11,0,3,0.9424777960769379,3,5.0,9,0.1,/user/raabe14/u19361/workspace-allen/results/zebra/sub-830795_ses-ecephys-830795-2026-02-23-15-03-59_ecephys.nwb/ProbeF/trial_0/phase_1/lib_ab4a70858e/lib_ab4a70858e__delay_0.30000000000000004__dur_0.23.h5
c7e53c75-c005-4d11-a91c-6f078598085c,0.04,0.23,ab4a70858e,0.09170547127723694,-15.223880597014926,2.6886792452830193,112.48408527317332,28.65,25,25,5,1.5707963267948966,5,8.0,11,1.2,/user/raabe14/u19361/workspace-allen/results/zebra/sub-830795_ses-ecephys-830795-2026-02-23-15-03-59_ecephys.nwb/ProbeF/trial_0/phase_1/lib_ab4a70858e/lib_ab4a70858e__delay_0.04__dur_0.23.h5
c7f65e1e-2308-4f9c-921a-bbe796b2ff85,0.04,0.08,ab4a70858e,0.0710228905081749,34.92537313432837,-43.91509433962264,22.515923572829163,7.16,53,51,9,2.827433388230814,0,2.0,0,0.01,/user/raabe14/u19361/workspace-allen/results/zebra/sub-830795_ses-ecephys-830795-2026-02-23-15-03-59_ecephys.nwb/ProbeF/trial_0/phase_1/lib_ab4a70858e/lib_ab4a70858e__delay_0.04__dur_0.08.h5
c925d536-f826-4c52-a2ab-eb1edea2be46,0.25,0.23,ab4a70858e,0.09182147681713104,18.80597014925374,36.74528301886792,67.51591472682667,10.74,44,6,3,0.9424777960769379,1,3.0,12,1.3,/user/raabe14/u19361/workspace-allen/results/zebra/sub-830795_ses-ecephys-830795-2026-02-23-15-03-59_ecephys.nwb/ProbeF/trial_0/phase_1/lib_ab4a70858e/lib_ab4a70858e__delay_0.25__dur_0.23.h5
ca18669e-448b-4e62-bf3f-25f1db079db1,0.01,0.03,ab4a70858e,0.0,-60.0,47.5,0.0,7.16,0,0,0,0.0,0,2.0,0,0.01,/user/raabe14/u19361/workspace-allen/results/zebra/sub-830795_ses-ecephys-830795-2026-02-23-15-03-59_ecephys.nwb/ProbeF/trial_0/phase_1/lib_ab4a70858e/lib_ab4a70858e__delay_0.01__dur_0.03.h5
ca2e8d79-ba60-4d4f-beab-23271c582c78,0.2,0.23,ab4a70858e,0.07905542850494385,-33.134328358208954,34.95283018867924,112.48408527317332,21.49,15,7,5,1.5707963267948966,4,6.0,11,1.2,/user/raabe14/u19361/workspace-allen/results/zebra/sub-830795_ses-ecephys-830795-2026-02-23-15-03-59_ecephys.nwb/ProbeF/trial_0/phase_1/lib_ab4a70858e/lib_ab4a70858e__delay_0.2__dur_0.23.h5
ca59ef49-ed5a-49c3-98ce-5ec0737f15da,0.01,0.03,ab4a70858e,0.0,-60.0,47.5,0.0,7.16,0,0,0,0.0,0,2.0,0,0.01,/user/raabe14/u19361/workspace-allen/results/zebra/sub-830795_ses-ecephys-830795-2026-02-23-15-03-59_ecephys.nwb/ProbeF/trial_0/phase_1/lib_ab4a70858e/lib_ab4a70858e__delay_0.01__dur_0.03.h5
ca84bec9-b370-4437-8c8f-a6e1c8280404,0.30000000000000004,0.13,ab4a70858e,0.07611999660730362,-52.83582089552239,27.783018867924525,0.0,7.16,4,11,0,0.0,0,2.0,9,0.1,/user/raabe14/u19361/workspace-allen/results/zebra/sub-830795_ses-ecephys-830795-2026-02-23-15-03-59_ecephys.nwb/ProbeF/trial_0/phase_1/lib_ab4a70858e/lib_ab4a70858e__delay_0.30000000000000004__dur_0.13.h5
cb746729-7611-48d5-abff-527fb921f12e,0.15000000000000002,0.23,ab4a70858e,0.07755309343338013,49.25373134328359,-42.12264150943396,22.515923572829163,17.91,61,50,9,2.827433388230814,3,5.0,9,0.1,/user/raabe14/u19361/workspace-allen/results/zebra/sub-830795_ses-ecephys-830795-2026-02-23-15-03-59_ecephys.nwb/ProbeF/trial_0/phase_1/lib_ab4a70858e/lib_ab4a70858e__delay_0.15000000000000002__dur_0.23.h5
cb77daf6-8375-4dbd-ab81-9ccf8c838481,0.0,0.18000000000000002,ab4a70858e,0.0685068890452385,-31.34328358208955,6.273584905660378,134.9774869247291,10.74,16,23,6,1.8849555921538759,1,3.0,9,0.1,/user/raabe14/u19361/workspace-allen/results/zebra/sub-830795_ses-ecephys-830795-2026-02-23-15-03-59_ecephys.nwb/ProbeF/trial_0/phase_1/lib_ab4a70858e/lib_ab4a70858e__delay_0.0__dur_0.18000000000000002.h5
cc5b173c-2513-4493-b49c-13631af0916d,0.05,0.23,ab4a70858e,0.07134713232517242,-60.0,8.066037735849058,45.02251307527088,10.74,0,22,2,0.6283185307179586,1,3.0,12,1.3,/user/raabe14/u19361/workspace-allen/results/zebra/sub-830795_ses-ecephys-830795-2026-02-23-15-03-59_ecephys.nwb/ProbeF/trial_0/phase_1/lib_ab4a70858e/lib_ab4a70858e__delay_0.05__dur_0.23.h5
cd076e49-0060-4fda-ae99-d8d680a29bd8,0.30000000000000004,0.23,ab4a70858e,0.07844780385494232,36.71641791044776,27.783018867924525,67.51591472682667,28.65,54,11,3,0.9424777960769379,5,8.0,3,0.04,/user/raabe14/u19361/workspace-allen/results/zebra/sub-830795_ses-ecephys-830795-2026-02-23-15-03-59_ecephys.nwb/ProbeF/trial_0/phase_1/lib_ab4a70858e/lib_ab4a70858e__delay_0.30000000000000004__dur_0.23.h5
cd1790a1-e1a3-4b9f-9efe-9609cfe8eba1,0.15000000000000002,0.23,ab4a70858e,0.28971049189567566,-6.268656716417908,-8.066037735849058,180.0,21.49,30,31,8,2.5132741228718345,4,6.0,12,1.3,/user/raabe14/u19361/workspace-allen/results/zebra/sub-830795_ses-ecephys-830795-2026-02-23-15-03-59_ecephys.nwb/ProbeF/trial_0/phase_1/lib_ab4a70858e/lib_ab4a70858e__delay_0.15000000000000002__dur_0.23.h5
cd240d3b-46ca-4cc8-8dc1-2fa3ae2ef0b6,0.0,0.23,ab4a70858e,0.08623056858778,-13.43283582089552,-2.6886792452830193,0.0,17.91,26,28,0,0.0,3,5.0,11,1.2,/user/raabe14/u19361/workspace-allen/results/zebra/sub-830795_ses-ecephys-830795-2026-02-23-15-03-59_ecephys.nwb/ProbeF/trial_0/phase_1/lib_ab4a70858e/lib_ab4a70858e__delay_0.0__dur_0.23.h5
cd9399c8-bb87-4d74-a4f1-fafdf1198206,0.06,0.18000000000000002,ab4a70858e,0.07512425631284714,-0.8955223880596961,43.91509433962264,22.515923572829163,17.91,33,2,9,2.827433388230814,3,5.0,7,0.08,/user/raabe14/u19361/workspace-allen/results/zebra/sub-830795_ses-ecephys-830795-2026-02-23-15-03-59_ecephys.nwb/ProbeF/trial_0/phase_1/lib_ab4a70858e/lib_ab4a70858e__delay_0.06__dur_0.18000000000000002.h5
cddee8ae-1b22-480e-880a-32142f9084d8,0.30000000000000004,0.18000000000000002,ab4a70858e,0.10085772722959518,-6.268656716417908,-13.443396226415096,0.0,14.32,30,34,0,0.0,2,4.0,11,1.2,/user/raabe14/u19361/workspace-allen/results/zebra/sub-830795_ses-ecephys-830795-2026-02-23-15-03-59_ecephys.nwb/ProbeF/trial_0/phase_1/lib_ab4a70858e/lib_ab4a70858e__delay_0.30000000000000004__dur_0.18000000000000002.h5
ce055815-04f3-44bf-b562-ff886bdb81a4,0.01,0.03,ab4a70858e,0.0,-60.0,47.5,0.0,7.16,0,0,0,0.0,0,2.0,0,0.01,/user/raabe14/u19361/workspace-allen/results/zebra/sub-830795_ses-ecephys-830795-2026-02-23-15-03-59_ecephys.nwb/ProbeF/trial_0/phase_1/lib_ab4a70858e/lib_ab4a70858e__delay_0.01__dur_0.03.h5
ceacbc4f-843d-4c5b-99cd-38173cb76d57,0.0,0.18000000000000002,ab4a70858e,0.12826363742351532,24.179104477611943,20.613207547169807,22.515923572829195,10.74,47,15,1,0.3141592653589793,1,3.0,10,1.1,/user/raabe14/u19361/workspace-allen/results/zebra/sub-830795_ses-ecephys-830795-2026-02-23-15-03-59_ecephys.nwb/ProbeF/trial_0/phase_1/lib_ab4a70858e/lib_ab4a70858e__delay_0.0__dur_0.18000000000000002.h5
ceb5200b-197e-4228-bc14-93f1362014b5,0.03,0.08,ab4a70858e,0.09261038899421692,2.6865671641791096,-34.95283018867924,0.0,21.49,35,46,0,0.0,4,6.0,9,0.1,/user/raabe14/u19361/workspace-allen/results/zebra/sub-830795_ses-ecephys-830795-2026-02-23-15-03-59_ecephys.nwb/ProbeF/trial_0/phase_1/lib_ab4a70858e/lib_ab4a70858e__delay_0.03__dur_0.08.h5
cfb6188e-2e29-4e0c-a44d-a08cbdbce3aa,0.25,0.18000000000000002,ab4a70858e,0.07380309700965881,-49.25373134328358,47.5,157.4840764271708,10.74,6,0,7,2.199114857512855,1,3.0,12,1.3,/user/raabe14/u19361/workspace-allen/results/zebra/sub-830795_ses-ecephys-830795-2026-02-23-15-03-59_ecephys.nwb/ProbeF/trial_0/phase_1/lib_ab4a70858e/lib_ab4a70858e__delay_0.25__dur_0.18000000000000002.h5
cfe907c8-32e3-4b88-8a17-45789c6eca3a,0.1,0.13,ab4a70858e,0.07269109785556793,-36.71641791044776,36.74528301886792,22.515923572829163,10.74,13,6,9,2.827433388230814,1,3.0,9,0.1,/user/raabe14/u19361/workspace-allen/results/zebra/sub-830795_ses-ecephys-830795-2026-02-23-15-03-59_ecephys.nwb/ProbeF/trial_0/phase_1/lib_ab4a70858e/lib_ab4a70858e__delay_0.1__dur_0.13.h5
cff44249-e2e0-498d-9804-9cbb95345bb2,0.03,0.23,ab4a70858e,0.08223120868206024,-8.059701492537314,-0.8962264150943398,112.48408527317332,7.16,29,27,5,1.5707963267948966,0,2.0,11,1.2,/user/raabe14/u19361/workspace-allen/results/zebra/sub-830795_ses-ecephys-830795-2026-02-23-15-03-59_ecephys.nwb/ProbeF/trial_0/phase_1/lib_ab4a70858e/lib_ab4a70858e__delay_0.03__dur_0.23.h5
d0a07e2b-0b71-4e7e-87e1-044ed7ec6f7e,0.30000000000000004,0.23,ab4a70858e,0.07662048190832138,-31.34328358208955,-11.650943396226417,90.0,17.91,16,33,4,1.2566370614359172,3,5.0,8,0.09,/user/raabe14/u19361/workspace-allen/results/zebra/sub-830795_ses-ecephys-830795-2026-02-23-15-03-59_ecephys.nwb/ProbeF/trial_0/phase_1/lib_ab4a70858e/lib_ab4a70858e__delay_0.30000000000000004__dur_0.23.h5
d0c096d9-adcf-48c1-9ac8-4a1ed9e25a74,0.2,0.18000000000000002,ab4a70858e,0.07753531634807587,38.507462686567166,17.02830188679245,67.51591472682667,10.74,55,17,3,0.9424777960769379,1,3.0,0,0.01,/user/raabe14/u19361/workspace-allen/results/zebra/sub-830795_ses-ecephys-830795-2026-02-23-15-03-59_ecephys.nwb/ProbeF/trial_0/phase_1/lib_ab4a70858e/lib_ab4a70858e__delay_0.2__dur_0.18000000000000002.h5
d10c4301-7e92-4dfa-9b90-3c4921498d2f,0.30000000000000004,0.23,ab4a70858e,0.0806400254368782,-22.388059701492537,-2.6886792452830193,45.02251307527088,7.16,21,28,2,0.6283185307179586,0,2.0,12,1.3,/user/raabe14/u19361/workspace-allen/results/zebra/sub-830795_ses-ecephys-830795-2026-02-23-15-03-59_ecephys.nwb/ProbeF/trial_0/phase_1/lib_ab4a70858e/lib_ab4a70858e__delay_0.30000000000000004__dur_0.23.h5
d1ed51fe-8680-4dbd-b67e-378249111c74,0.01,0.03,ab4a70858e,0.0,-60.0,47.5,0.0,7.16,0,0,0,0.0,0,2.0,0,0.01,/user/raabe14/u19361/workspace-allen/results/zebra/sub-830795_ses-ecephys-830795-2026-02-23-15-03-59_ecephys.nwb/ProbeF/trial_0/phase_1/lib_ab4a70858e/lib_ab4a70858e__delay_0.01__dur_0.03.h5
d20f863a-76e7-4706-8bc4-7f3e48bcaf26,0.2,0.18000000000000002,ab4a70858e,0.07858336716890335,-47.46268656716418,-9.858490566037737,180.0,7.16,7,32,8,2.5132741228718345,0,2.0,12,1.3,/user/raabe14/u19361/workspace-allen/results/zebra/sub-830795_ses-ecephys-830795-2026-02-23-15-03-59_ecephys.nwb/ProbeF/trial_0/phase_1/lib_ab4a70858e/lib_ab4a70858e__delay_0.2__dur_0.18000000000000002.h5
d3627f45-8f1e-40af-b3fa-3010bef32cef,0.01,0.03,ab4a70858e,0.0,-60.0,47.5,0.0,7.16,0,0,0,0.0,0,2.0,0,0.01,/user/raabe14/u19361/workspace-allen/results/zebra/sub-830795_ses-ecephys-830795-2026-02-23-15-03-59_ecephys.nwb/ProbeF/trial_0/phase_1/lib_ab4a70858e/lib_ab4a70858e__delay_0.01__dur_0.03.h5
d3833dae-8b78-46ce-aaad-fc7c0f6117bb,0.2,0.23,ab4a70858e,0.10586132854223251,9.85074626865672,13.443396226415096,157.4840764271708,21.49,39,19,7,2.199114857512855,4,6.0,7,0.08,/user/raabe14/u19361/workspace-allen/results/zebra/sub-830795_ses-ecephys-830795-2026-02-23-15-03-59_ecephys.nwb/ProbeF/trial_0/phase_1/lib_ab4a70858e/lib_ab4a70858e__delay_0.2__dur_0.23.h5
d3998e95-d80c-42be-9b71-fcc1654f27f8,0.2,0.13,ab4a70858e,0.08248484134674072,-20.59701492537313,-15.235849056603776,67.51591472682667,14.32,22,35,3,0.9424777960769379,2,4.0,12,1.3,/user/raabe14/u19361/workspace-allen/results/zebra/sub-830795_ses-ecephys-830795-2026-02-23-15-03-59_ecephys.nwb/ProbeF/trial_0/phase_1/lib_ab4a70858e/lib_ab4a70858e__delay_0.2__dur_0.13.h5
d3d96622-8857-4402-9ad6-896ffeb4e5a7,0.01,0.03,ab4a70858e,0.0,-60.0,47.5,0.0,7.16,0,0,0,0.0,0,2.0,0,0.01,/user/raabe14/u19361/workspace-allen/results/zebra/sub-830795_ses-ecephys-830795-2026-02-23-15-03-59_ecephys.nwb/ProbeF/trial_0/phase_1/lib_ab4a70858e/lib_ab4a70858e__delay_0.01__dur_0.03.h5
d4e57a52-627e-42e4-80f7-85d2af9679d6,0.01,0.03,ab4a70858e,0.0,-60.0,47.5,0.0,7.16,0,0,0,0.0,0,2.0,0,0.01,/user/raabe14/u19361/workspace-allen/results/zebra/sub-830795_ses-ecephys-830795-2026-02-23-15-03-59_ecephys.nwb/ProbeF/trial_0/phase_1/lib_ab4a70858e/lib_ab4a70858e__delay_0.01__dur_0.03.h5
d520b691-b7b5-497d-aea6-755916f4a734,0.15000000000000002,0.23,ab4a70858e,0.09277056157588959,-25.970149253731343,22.405660377358487,45.02251307527088,14.32,19,14,2,0.6283185307179586,2,4.0,5,0.06,/user/raabe14/u19361/workspace-allen/results/zebra/sub-830795_ses-ecephys-830795-2026-02-23-15-03-59_ecephys.nwb/ProbeF/trial_0/phase_1/lib_ab4a70858e/lib_ab4a70858e__delay_0.15000000000000002__dur_0.23.h5
d5369c35-0d13-4ab0-a213-d5cf94b5c2ea,0.1,0.23,ab4a70858e,0.08554203063249588,-25.970149253731343,-8.066037735849058,157.4840764271708,28.65,19,31,7,2.199114857512855,5,8.0,12,1.3,/user/raabe14/u19361/workspace-allen/results/zebra/sub-830795_ses-ecephys-830795-2026-02-23-15-03-59_ecephys.nwb/ProbeF/trial_0/phase_1/lib_ab4a70858e/lib_ab4a70858e__delay_0.1__dur_0.23.h5
d5a9696f-d17b-42d9-a58a-884dfc8f48f1,0.15000000000000002,0.23,ab4a70858e,0.0837077870965004,-15.223880597014926,-22.40566037735849,22.515923572829195,10.74,25,39,1,0.3141592653589793,1,3.0,8,0.09,/user/raabe14/u19361/workspace-allen/results/zebra/sub-830795_ses-ecephys-830795-2026-02-23-15-03-59_ecephys.nwb/ProbeF/trial_0/phase_1/lib_ab4a70858e/lib_ab4a70858e__delay_0.15000000000000002__dur_0.23.h5
d6370d9f-317e-44b6-af8a-117104ded60a,0.08,0.23,ab4a70858e,0.13100604712963104,-42.089552238805965,4.481132075471699,157.4840764271708,17.91,10,24,7,2.199114857512855,3,5.0,12,1.3,/user/raabe14/u19361/workspace-allen/results/zebra/sub-830795_ses-ecephys-830795-2026-02-23-15-03-59_ecephys.nwb/ProbeF/trial_0/phase_1/lib_ab4a70858e/lib_ab4a70858e__delay_0.08__dur_0.23.h5
d6f6d509-5c6a-4186-982d-0219308536a9,0.0,0.13,ab4a70858e,0.07530799508094788,18.80597014925374,11.650943396226417,22.515923572829163,21.49,44,20,9,2.827433388230814,4,6.0,0,0.01,/user/raabe14/u19361/workspace-allen/results/zebra/sub-830795_ses-ecephys-830795-2026-02-23-15-03-59_ecephys.nwb/ProbeF/trial_0/phase_1/lib_ab4a70858e/lib_ab4a70858e__delay_0.0__dur_0.13.h5
d7134993-540c-4c25-a646-d4c5b1fb062b,0.0,0.23,ab4a70858e,0.10031377524137497,-20.59701492537313,-4.481132075471699,134.9774869247291,21.49,22,29,6,1.8849555921538759,4,6.0,8,0.09,/user/raabe14/u19361/workspace-allen/results/zebra/sub-830795_ses-ecephys-830795-2026-02-23-15-03-59_ecephys.nwb/ProbeF/trial_0/phase_1/lib_ab4a70858e/lib_ab4a70858e__delay_0.0__dur_0.23.h5
d7533ec8-3c2d-4cfc-ac67-f57bd5677156,0.04,0.23,ab4a70858e,0.08753857016563416,-13.43283582089552,38.5377358490566,180.0,14.32,26,5,8,2.5132741228718345,2,4.0,9,0.1,/user/raabe14/u19361/workspace-allen/results/zebra/sub-830795_ses-ecephys-830795-2026-02-23-15-03-59_ecephys.nwb/ProbeF/trial_0/phase_1/lib_ab4a70858e/lib_ab4a70858e__delay_0.04__dur_0.23.h5
d7bd4d1f-0958-4ecb-970f-4f6ddd89760a,0.02,0.23,ab4a70858e,0.07635176181793213,9.85074626865672,24.198113207547166,45.02251307527088,21.49,39,13,2,0.6283185307179586,4,6.0,8,0.09,/user/raabe14/u19361/workspace-allen/results/zebra/sub-830795_ses-ecephys-830795-2026-02-23-15-03-59_ecephys.nwb/ProbeF/trial_0/phase_1/lib_ab4a70858e/lib_ab4a70858e__delay_0.02__dur_0.23.h5
d7e7570e-ab1e-431d-99ea-754c968e924d,0.25,0.23,ab4a70858e,0.07997365295886993,33.13432835820896,0.8962264150943398,112.48408527317332,17.91,52,26,5,1.5707963267948966,3,5.0,9,0.1,/user/raabe14/u19361/workspace-allen/results/zebra/sub-830795_ses-ecephys-830795-2026-02-23-15-03-59_ecephys.nwb/ProbeF/trial_0/phase_1/lib_ab4a70858e/lib_ab4a70858e__delay_0.25__dur_0.23.h5
d863b32b-9089-4474-bccf-15d8aa2428d0,0.15000000000000002,0.18000000000000002,ab4a70858e,0.08747678250074387,-0.8955223880596961,-24.19811320754717,90.0,28.65,33,40,4,1.2566370614359172,5,8.0,9,0.1,/user/raabe14/u19361/workspace-allen/results/zebra/sub-830795_ses-ecephys-830795-2026-02-23-15-03-59_ecephys.nwb/ProbeF/trial_0/phase_1/lib_ab4a70858e/lib_ab4a70858e__delay_0.15000000000000002__dur_0.18000000000000002.h5
d8e7de38-e87a-4615-bf68-cacaedaa4ba5,0.04,0.23,ab4a70858e,0.0746062695980072,-42.089552238805965,27.783018867924525,180.0,17.91,10,11,8,2.5132741228718345,3,5.0,8,0.09,/user/raabe14/u19361/workspace-allen/results/zebra/sub-830795_ses-ecephys-830795-2026-02-23-15-03-59_ecephys.nwb/ProbeF/trial_0/phase_1/lib_ab4a70858e/lib_ab4a70858e__delay_0.04__dur_0.23.h5
d93fd3af-9ac0-4f79-a71c-34cf4283750d,0.01,0.23,ab4a70858e,0.07976264506578445,-22.388059701492537,2.6886792452830193,45.02251307527088,17.91,21,25,2,0.6283185307179586,3,5.0,12,1.3,/user/raabe14/u19361/workspace-allen/results/zebra/sub-830795_ses-ecephys-830795-2026-02-23-15-03-59_ecephys.nwb/ProbeF/trial_0/phase_1/lib_ab4a70858e/lib_ab4a70858e__delay_0.01__dur_0.23.h5
da96d12b-48fe-4016-a237-9f0547894c97,0.25,0.23,ab4a70858e,0.09151630848646164,-24.179104477611936,24.198113207547166,0.0,7.16,20,13,0,0.0,0,2.0,0,0.01,/user/raabe14/u19361/workspace-allen/results/zebra/sub-830795_ses-ecephys-830795-2026-02-23-15-03-59_ecephys.nwb/ProbeF/trial_0/phase_1/lib_ab4a70858e/lib_ab4a70858e__delay_0.25__dur_0.23.h5
daa1deb3-f050-42d9-9c6b-7547562ad661,0.15000000000000002,0.23,ab4a70858e,0.07972294837236404,-20.59701492537313,29.575471698113205,112.48408527317332,10.74,22,10,5,1.5707963267948966,1,3.0,11,1.2,/user/raabe14/u19361/workspace-allen/results/zebra/sub-830795_ses-ecephys-830795-2026-02-23-15-03-59_ecephys.nwb/ProbeF/trial_0/phase_1/lib_ab4a70858e/lib_ab4a70858e__delay_0.15000000000000002__dur_0.23.h5
dc7a16b1-df60-440e-82c9-0194b006aaa0,0.15000000000000002,0.18000000000000002,ab4a70858e,0.07682376354932785,-25.970149253731343,27.783018867924525,45.02251307527088,28.65,19,11,2,0.6283185307179586,5,8.0,0,0.01,/user/raabe14/u19361/workspace-allen/results/zebra/sub-830795_ses-ecephys-830795-2026-02-23-15-03-59_ecephys.nwb/ProbeF/trial_0/phase_1/lib_ab4a70858e/lib_ab4a70858e__delay_0.15000000000000002__dur_0.18000000000000002.h5
dc804797-622a-4fdd-aab1-9d713eaed1b8,0.08,0.23,ab4a70858e,0.07511408627033234,17.014925373134332,-29.57547169811321,67.51591472682667,7.16,43,43,3,0.9424777960769379,0,2.0,9,0.1,/user/raabe14/u19361/workspace-allen/results/zebra/sub-830795_ses-ecephys-830795-2026-02-23-15-03-59_ecephys.nwb/ProbeF/trial_0/phase_1/lib_ab4a70858e/lib_ab4a70858e__delay_0.08__dur_0.23.h5
dcaecf6e-c510-4a2f-817b-9e53c928e493,0.01,0.03,ab4a70858e,0.0,-60.0,47.5,0.0,7.16,0,0,0,0.0,0,2.0,0,0.01,/user/raabe14/u19361/workspace-allen/results/zebra/sub-830795_ses-ecephys-830795-2026-02-23-15-03-59_ecephys.nwb/ProbeF/trial_0/phase_1/lib_ab4a70858e/lib_ab4a70858e__delay_0.01__dur_0.03.h5
dcc6c071-5360-42d8-a5e9-ac779e8f5db2,0.0,0.18000000000000002,ab4a70858e,0.09970971196889877,-18.80597014925373,24.198113207547166,0.0,21.49,23,13,0,0.0,4,6.0,8,0.09,/user/raabe14/u19361/workspace-allen/results/zebra/sub-830795_ses-ecephys-830795-2026-02-23-15-03-59_ecephys.nwb/ProbeF/trial_0/phase_1/lib_ab4a70858e/lib_ab4a70858e__delay_0.0__dur_0.18000000000000002.h5
dd6098e8-5504-4c5f-a258-289a6d80eb9f,0.15000000000000002,0.13,ab4a70858e,0.07439246773719788,29.55223880597015,22.405660377358487,45.02251307527088,7.16,50,14,2,0.6283185307179586,0,2.0,9,0.1,/user/raabe14/u19361/workspace-allen/results/zebra/sub-830795_ses-ecephys-830795-2026-02-23-15-03-59_ecephys.nwb/ProbeF/trial_0/phase_1/lib_ab4a70858e/lib_ab4a70858e__delay_0.15000000000000002__dur_0.13.h5
dd79116c-c1f5-490d-a9a0-bd06e1a839c4,0.01,0.03,ab4a70858e,0.0,-60.0,47.5,0.0,7.16,0,0,0,0.0,0,2.0,0,0.01,/user/raabe14/u19361/workspace-allen/results/zebra/sub-830795_ses-ecephys-830795-2026-02-23-15-03-59_ecephys.nwb/ProbeF/trial_0/phase_1/lib_ab4a70858e/lib_ab4a70858e__delay_0.01__dur_0.03.h5
de28e700-17b2-4023-8e60-29f5b45c16cc,0.2,0.18000000000000002,ab4a70858e,0.08569158613681793,-8.059701492537314,-2.6886792452830193,180.0,17.91,29,28,8,2.5132741228718345,3,5.0,12,1.3,/user/raabe14/u19361/workspace-allen/results/zebra/sub-830795_ses-ecephys-830795-2026-02-23-15-03-59_ecephys.nwb/ProbeF/trial_0/phase_1/lib_ab4a70858e/lib_ab4a70858e__delay_0.2__dur_0.18000000000000002.h5
de3353e5-949f-4197-9586-1f850318d9f6,0.01,0.03,ab4a70858e,0.0,-60.0,47.5,0.0,7.16,0,0,0,0.0,0,2.0,0,0.01,/user/raabe14/u19361/workspace-allen/results/zebra/sub-830795_ses-ecephys-830795-2026-02-23-15-03-59_ecephys.nwb/ProbeF/trial_0/phase_1/lib_ab4a70858e/lib_ab4a70858e__delay_0.01__dur_0.03.h5
de5c5783-50cb-4a19-b4a0-c20588860e39,0.02,0.23,ab4a70858e,0.09769834578037262,-38.507462686567166,-36.74528301886792,45.02251307527088,21.49,12,47,2,0.6283185307179586,4,6.0,9,0.1,/user/raabe14/u19361/workspace-allen/results/zebra/sub-830795_ses-ecephys-830795-2026-02-23-15-03-59_ecephys.nwb/ProbeF/trial_0/phase_1/lib_ab4a70858e/lib_ab4a70858e__delay_0.02__dur_0.23.h5
de72ca0d-fbcb-4dc7-837c-fb8a6b4a1740,0.09,0.23,ab4a70858e,0.08219059556722641,13.43283582089552,8.066037735849058,180.0,7.16,41,22,8,2.5132741228718345,0,2.0,9,0.1,/user/raabe14/u19361/workspace-allen/results/zebra/sub-830795_ses-ecephys-830795-2026-02-23-15-03-59_ecephys.nwb/ProbeF/trial_0/phase_1/lib_ab4a70858e/lib_ab4a70858e__delay_0.09__dur_0.23.h5
dfb227f5-2c5e-4135-9ae8-7209bb936c93,0.07,0.23,ab4a70858e,0.08676566183567047,-60.0,-0.8962264150943398,0.0,10.74,0,27,0,0.0,1,3.0,11,1.2,/user/raabe14/u19361/workspace-allen/results/zebra/sub-830795_ses-ecephys-830795-2026-02-23-15-03-59_ecephys.nwb/ProbeF/trial_0/phase_1/lib_ab4a70858e/lib_ab4a70858e__delay_0.07__dur_0.23.h5
e02a5fdd-bc45-4faa-a71d-4c503336c95c,0.1,0.23,ab4a70858e,0.08181288093328476,-22.388059701492537,-9.858490566037737,112.48408527317332,21.49,21,32,5,1.5707963267948966,4,6.0,7,0.08,/user/raabe14/u19361/workspace-allen/results/zebra/sub-830795_ses-ecephys-830795-2026-02-23-15-03-59_ecephys.nwb/ProbeF/trial_0/phase_1/lib_ab4a70858e/lib_ab4a70858e__delay_0.1__dur_0.23.h5
e0b16cea-c149-4a1f-af15-c053d964cf4a,0.15000000000000002,0.18000000000000002,ab4a70858e,0.07359997928142548,-60.0,43.91509433962264,157.4840764271708,10.74,0,2,7,2.199114857512855,1,3.0,12,1.3,/user/raabe14/u19361/workspace-allen/results/zebra/sub-830795_ses-ecephys-830795-2026-02-23-15-03-59_ecephys.nwb/ProbeF/trial_0/phase_1/lib_ab4a70858e/lib_ab4a70858e__delay_0.15000000000000002__dur_0.18000000000000002.h5
e0c53cf8-85a2-4b67-b78c-6b6335188c77,0.2,0.23,ab4a70858e,0.08918493241071701,51.04477611940298,-2.6886792452830193,157.4840764271708,10.74,62,28,7,2.199114857512855,1,3.0,12,1.3,/user/raabe14/u19361/workspace-allen/results/zebra/sub-830795_ses-ecephys-830795-2026-02-23-15-03-59_ecephys.nwb/ProbeF/trial_0/phase_1/lib_ab4a70858e/lib_ab4a70858e__delay_0.2__dur_0.23.h5
e0d118d6-88b0-4c53-86a0-c27626b99395,0.1,0.18000000000000002,ab4a70858e,0.08091739565134048,-58.208955223880594,40.33018867924528,67.51591472682667,28.65,1,4,3,0.9424777960769379,5,8.0,7,0.08,/user/raabe14/u19361/workspace-allen/results/zebra/sub-830795_ses-ecephys-830795-2026-02-23-15-03-59_ecephys.nwb/ProbeF/trial_0/phase_1/lib_ab4a70858e/lib_ab4a70858e__delay_0.1__dur_0.18000000000000002.h5
e2aa0ab8-387b-4aac-9c68-6e75ad82bc1e,0.15000000000000002,0.23,ab4a70858e,0.08867807686328888,52.83582089552239,-34.95283018867924,180.0,14.32,63,46,8,2.5132741228718345,2,4.0,9,0.1,/user/raabe14/u19361/workspace-allen/results/zebra/sub-830795_ses-ecephys-830795-2026-02-23-15-03-59_ecephys.nwb/ProbeF/trial_0/phase_1/lib_ab4a70858e/lib_ab4a70858e__delay_0.15000000000000002__dur_0.23.h5
e31fd617-b986-4aad-ab2e-1139ca8bcf3d,0.15000000000000002,0.23,ab4a70858e,0.08887533098459244,-0.8955223880596961,-2.6886792452830193,180.0,17.91,33,28,8,2.5132741228718345,3,5.0,12,1.3,/user/raabe14/u19361/workspace-allen/results/zebra/sub-830795_ses-ecephys-830795-2026-02-23-15-03-59_ecephys.nwb/ProbeF/trial_0/phase_1/lib_ab4a70858e/lib_ab4a70858e__delay_0.15000000000000002__dur_0.23.h5
e4bfbaed-a668-49ed-b1e0-dc9282ab1d0c,0.07,0.23,ab4a70858e,0.08392252027988434,-9.850746268656714,-17.028301886792452,67.51591472682667,21.49,28,36,3,0.9424777960769379,4,6.0,8,0.09,/user/raabe14/u19361/workspace-allen/results/zebra/sub-830795_ses-ecephys-830795-2026-02-23-15-03-59_ecephys.nwb/ProbeF/trial_0/phase_1/lib_ab4a70858e/lib_ab4a70858e__delay_0.07__dur_0.23.h5
e544797f-ae64-4705-843f-c76ea6dd3677,0.01,0.03,ab4a70858e,0.0,-60.0,47.5,0.0,7.16,0,0,0,0.0,0,2.0,0,0.01,/user/raabe14/u19361/workspace-allen/results/zebra/sub-830795_ses-ecephys-830795-2026-02-23-15-03-59_ecephys.nwb/ProbeF/trial_0/phase_1/lib_ab4a70858e/lib_ab4a70858e__delay_0.01__dur_0.03.h5
e7100353-6018-4be1-9a43-474d8c0f906d,0.01,0.03,ab4a70858e,0.0,-60.0,47.5,0.0,7.16,0,0,0,0.0,0,2.0,0,0.01,/user/raabe14/u19361/workspace-allen/results/zebra/sub-830795_ses-ecephys-830795-2026-02-23-15-03-59_ecephys.nwb/ProbeF/trial_0/phase_1/lib_ab4a70858e/lib_ab4a70858e__delay_0.01__dur_0.03.h5
e7f8b420-7a90-48c7-9584-50125b5f77c9,0.2,0.23,ab4a70858e,0.08006154745817184,-9.850746268656714,18.820754716981128,0.0,14.32,28,16,0,0.0,2,4.0,9,0.1,/user/raabe14/u19361/workspace-allen/results/zebra/sub-830795_ses-ecephys-830795-2026-02-23-15-03-59_ecephys.nwb/ProbeF/trial_0/phase_1/lib_ab4a70858e/lib_ab4a70858e__delay_0.2__dur_0.23.h5
e7f9c6cd-8d54-4f76-9ddb-a4e69d9c9214,0.2,0.13,ab4a70858e,0.07361604273319244,11.641791044776127,-8.066037735849058,0.0,7.16,40,31,0,0.0,0,2.0,9,0.1,/user/raabe14/u19361/workspace-allen/results/zebra/sub-830795_ses-ecephys-830795-2026-02-23-15-03-59_ecephys.nwb/ProbeF/trial_0/phase_1/lib_ab4a70858e/lib_ab4a70858e__delay_0.2__dur_0.13.h5
e8609e88-043d-4e0c-9041-49315c72d97a,0.15000000000000002,0.18000000000000002,ab4a70858e,0.07927212119102478,-20.59701492537313,-0.8962264150943398,0.0,14.32,22,27,0,0.0,2,4.0,4,0.05,/user/raabe14/u19361/workspace-allen/results/zebra/sub-830795_ses-ecephys-830795-2026-02-23-15-03-59_ecephys.nwb/ProbeF/trial_0/phase_1/lib_ab4a70858e/lib_ab4a70858e__delay_0.15000000000000002__dur_0.18000000000000002.h5
e897178f-6a90-4681-8410-70416179216d,0.0,0.18000000000000002,ab4a70858e,0.07418733090162277,9.85074626865672,-22.40566037735849,157.4840764271708,7.16,39,39,7,2.199114857512855,0,2.0,12,1.3,/user/raabe14/u19361/workspace-allen/results/zebra/sub-830795_ses-ecephys-830795-2026-02-23-15-03-59_ecephys.nwb/ProbeF/trial_0/phase_1/lib_ab4a70858e/lib_ab4a70858e__delay_0.0__dur_0.18000000000000002.h5
e8e3f4c5-af54-4e74-be2d-e141ee5ace3d,0.1,0.08,ab4a70858e,0.08613908290863037,-18.80597014925373,4.481132075471699,45.02251307527088,21.49,23,24,2,0.6283185307179586,4,6.0,11,1.2,/user/raabe14/u19361/workspace-allen/results/zebra/sub-830795_ses-ecephys-830795-2026-02-23-15-03-59_ecephys.nwb/ProbeF/trial_0/phase_1/lib_ab4a70858e/lib_ab4a70858e__delay_0.1__dur_0.08.h5
e90ec4d5-d911-4391-b7af-666a151ec34e,0.08,0.23,ab4a70858e,0.08993630111217499,-25.970149253731343,0.8962264150943398,112.48408527317332,10.74,19,26,5,1.5707963267948966,1,3.0,6,0.07,/user/raabe14/u19361/workspace-allen/results/zebra/sub-830795_ses-ecephys-830795-2026-02-23-15-03-59_ecephys.nwb/ProbeF/trial_0/phase_1/lib_ab4a70858e/lib_ab4a70858e__delay_0.08__dur_0.23.h5
e96e044a-8dea-47a6-9cea-e80e9171470d,0.15000000000000002,0.23,ab4a70858e,0.09665309637784958,13.43283582089552,20.613207547169807,134.9774869247291,28.65,41,15,6,1.8849555921538759,5,8.0,3,0.04,/user/raabe14/u19361/workspace-allen/results/zebra/sub-830795_ses-ecephys-830795-2026-02-23-15-03-59_ecephys.nwb/ProbeF/trial_0/phase_1/lib_ab4a70858e/lib_ab4a70858e__delay_0.15000000000000002__dur_0.23.h5
e9c0496a-58c0-4e7e-85ae-75e6b75e704c,0.01,0.03,ab4a70858e,0.0,-60.0,47.5,0.0,7.16,0,0,0,0.0,0,2.0,0,0.01,/user/raabe14/u19361/workspace-allen/results/zebra/sub-830795_ses-ecephys-830795-2026-02-23-15-03-59_ecephys.nwb/ProbeF/trial_0/phase_1/lib_ab4a70858e/lib_ab4a70858e__delay_0.01__dur_0.03.h5
ea5ae2b6-f3a2-4f63-b7e9-0070ba346f63,0.0,0.18000000000000002,ab4a70858e,0.08251830190420151,-24.179104477611936,8.066037735849058,134.9774869247291,7.16,20,22,6,1.8849555921538759,0,2.0,9,0.1,/user/raabe14/u19361/workspace-allen/results/zebra/sub-830795_ses-ecephys-830795-2026-02-23-15-03-59_ecephys.nwb/ProbeF/trial_0/phase_1/lib_ab4a70858e/lib_ab4a70858e__delay_0.0__dur_0.18000000000000002.h5
ec04f531-d98f-4d6f-801b-e370111a1832,0.30000000000000004,0.23,ab4a70858e,0.10311266779899597,-34.92537313432835,40.33018867924528,0.0,7.16,14,4,0,0.0,0,2.0,11,1.2,/user/raabe14/u19361/workspace-allen/results/zebra/sub-830795_ses-ecephys-830795-2026-02-23-15-03-59_ecephys.nwb/ProbeF/trial_0/phase_1/lib_ab4a70858e/lib_ab4a70858e__delay_0.30000000000000004__dur_0.23.h5
ec1018bc-4b23-49f6-aa35-037284ebc1a8,0.15000000000000002,0.23,ab4a70858e,0.1469639241695404,-2.6865671641791025,-9.858490566037737,180.0,17.91,32,32,8,2.5132741228718345,3,5.0,12,1.3,/user/raabe14/u19361/workspace-allen/results/zebra/sub-830795_ses-ecephys-830795-2026-02-23-15-03-59_ecephys.nwb/ProbeF/trial_0/phase_1/lib_ab4a70858e/lib_ab4a70858e__delay_0.15000000000000002__dur_0.23.h5
ec430385-b4fb-470a-adb4-51759da90c3f,0.08,0.18000000000000002,ab4a70858e,0.08224392682313919,58.20895522388061,-34.95283018867924,22.515923572829163,17.91,66,46,9,2.827433388230814,3,5.0,2,0.03,/user/raabe14/u19361/workspace-allen/results/zebra/sub-830795_ses-ecephys-830795-2026-02-23-15-03-59_ecephys.nwb/ProbeF/trial_0/phase_1/lib_ab4a70858e/lib_ab4a70858e__delay_0.08__dur_0.18000000000000002.h5
ec7f9ac9-6800-4baf-a010-08c8a8575973,0.15000000000000002,0.23,ab4a70858e,0.08120165020227432,-9.850746268656714,-6.273584905660378,180.0,17.91,28,30,8,2.5132741228718345,3,5.0,12,1.3,/user/raabe14/u19361/workspace-allen/results/zebra/sub-830795_ses-ecephys-830795-2026-02-23-15-03-59_ecephys.nwb/ProbeF/trial_0/phase_1/lib_ab4a70858e/lib_ab4a70858e__delay_0.15000000000000002__dur_0.23.h5
ecc09364-d27e-4410-a624-5c93074f2df7,0.07,0.18000000000000002,ab4a70858e,0.0768158957362175,-56.417910447761194,0.8962264150943398,90.0,28.65,2,26,4,1.2566370614359172,5,8.0,7,0.08,/user/raabe14/u19361/workspace-allen/results/zebra/sub-830795_ses-ecephys-830795-2026-02-23-15-03-59_ecephys.nwb/ProbeF/trial_0/phase_1/lib_ab4a70858e/lib_ab4a70858e__delay_0.07__dur_0.18000000000000002.h5
ed1b7c36-49d6-42d8-b1ed-5012d20f28c2,0.02,0.23,ab4a70858e,0.08625969290733337,-2.6865671641791025,-4.481132075471699,180.0,21.49,32,29,8,2.5132741228718345,4,6.0,4,0.05,/user/raabe14/u19361/workspace-allen/results/zebra/sub-830795_ses-ecephys-830795-2026-02-23-15-03-59_ecephys.nwb/ProbeF/trial_0/phase_1/lib_ab4a70858e/lib_ab4a70858e__delay_0.02__dur_0.23.h5
ed56218a-7c6f-410a-a754-c630c04d9591,0.25,0.18000000000000002,ab4a70858e,0.0770924836397171,-13.43283582089552,-8.066037735849058,180.0,10.74,26,31,8,2.5132741228718345,1,3.0,12,1.3,/user/raabe14/u19361/workspace-allen/results/zebra/sub-830795_ses-ecephys-830795-2026-02-23-15-03-59_ecephys.nwb/ProbeF/trial_0/phase_1/lib_ab4a70858e/lib_ab4a70858e__delay_0.25__dur_0.18000000000000002.h5
edc25690-bc80-4a46-bd36-3f11053ec728,0.2,0.23,ab4a70858e,0.07290185987949371,-2.6865671641791025,24.198113207547166,112.48408527317332,10.74,32,13,5,1.5707963267948966,1,3.0,0,0.01,/user/raabe14/u19361/workspace-allen/results/zebra/sub-830795_ses-ecephys-830795-2026-02-23-15-03-59_ecephys.nwb/ProbeF/trial_0/phase_1/lib_ab4a70858e/lib_ab4a70858e__delay_0.2__dur_0.23.h5
ee45b16c-a2a4-4b69-baf3-d95950c3fbbd,0.01,0.03,ab4a70858e,0.0,-60.0,47.5,0.0,7.16,0,0,0,0.0,0,2.0,0,0.01,/user/raabe14/u19361/workspace-allen/results/zebra/sub-830795_ses-ecephys-830795-2026-02-23-15-03-59_ecephys.nwb/ProbeF/trial_0/phase_1/lib_ab4a70858e/lib_ab4a70858e__delay_0.01__dur_0.03.h5
ee5bf1f8-6cbc-4065-8e6f-3a25fc6c56ef,0.08,0.23,ab4a70858e,0.08033135533332825,11.641791044776127,-17.028301886792452,67.51591472682667,7.16,40,36,3,0.9424777960769379,0,2.0,12,1.3,/user/raabe14/u19361/workspace-allen/results/zebra/sub-830795_ses-ecephys-830795-2026-02-23-15-03-59_ecephys.nwb/ProbeF/trial_0/phase_1/lib_ab4a70858e/lib_ab4a70858e__delay_0.08__dur_0.23.h5
ef8674a2-441c-46ce-98d5-d30ee76a907b,0.25,0.23,ab4a70858e,0.09275150299072266,-54.62686567164179,45.70754716981132,134.9774869247291,7.16,3,1,6,1.8849555921538759,0,2.0,0,0.01,/user/raabe14/u19361/workspace-allen/results/zebra/sub-830795_ses-ecephys-830795-2026-02-23-15-03-59_ecephys.nwb/ProbeF/trial_0/phase_1/lib_ab4a70858e/lib_ab4a70858e__delay_0.25__dur_0.23.h5
efb6fa07-cf2c-4aab-9dff-b355586c85f8,0.09,0.23,ab4a70858e,0.07452119141817093,-52.83582089552239,17.02830188679245,180.0,21.49,4,17,8,2.5132741228718345,4,6.0,4,0.05,/user/raabe14/u19361/workspace-allen/results/zebra/sub-830795_ses-ecephys-830795-2026-02-23-15-03-59_ecephys.nwb/ProbeF/trial_0/phase_1/lib_ab4a70858e/lib_ab4a70858e__delay_0.09__dur_0.23.h5
f007be16-22f8-4551-85e5-ddf26a10f455,0.30000000000000004,0.23,ab4a70858e,0.0823875218629837,-11.64179104477612,25.990566037735846,22.515923572829163,21.49,27,12,9,2.827433388230814,4,6.0,4,0.05,/user/raabe14/u19361/workspace-allen/results/zebra/sub-830795_ses-ecephys-830795-2026-02-23-15-03-59_ecephys.nwb/ProbeF/trial_0/phase_1/lib_ab4a70858e/lib_ab4a70858e__delay_0.30000000000000004__dur_0.23.h5
f015a2be-31da-4936-ba28-cd25cc7b8ca4,0.25,0.13,ab4a70858e,0.07758160680532455,-0.8955223880596961,-2.6886792452830193,22.515923572829163,28.65,33,28,9,2.827433388230814,5,8.0,2,0.03,/user/raabe14/u19361/workspace-allen/results/zebra/sub-830795_ses-ecephys-830795-2026-02-23-15-03-59_ecephys.nwb/ProbeF/trial_0/phase_1/lib_ab4a70858e/lib_ab4a70858e__delay_0.25__dur_0.13.h5
f02b65c3-bfef-4742-b9c2-fe6c0e62334f,0.2,0.23,ab4a70858e,0.07869814336299896,-38.507462686567166,15.235849056603776,180.0,7.16,12,18,8,2.5132741228718345,0,2.0,12,1.3,/user/raabe14/u19361/workspace-allen/results/zebra/sub-830795_ses-ecephys-830795-2026-02-23-15-03-59_ecephys.nwb/ProbeF/trial_0/phase_1/lib_ab4a70858e/lib_ab4a70858e__delay_0.2__dur_0.23.h5
f10b1ed1-2343-4572-8d27-7807e7c20a53,0.04,0.13,ab4a70858e,0.08903085440397263,-13.43283582089552,6.273584905660378,45.02251307527088,14.32,26,23,2,0.6283185307179586,2,4.0,11,1.2,/user/raabe14/u19361/workspace-allen/results/zebra/sub-830795_ses-ecephys-830795-2026-02-23-15-03-59_ecephys.nwb/ProbeF/trial_0/phase_1/lib_ab4a70858e/lib_ab4a70858e__delay_0.04__dur_0.13.h5
f2c3bd7e-b0c8-4192-ad15-7e31a10b6294,0.01,0.03,ab4a70858e,0.0,-60.0,47.5,0.0,7.16,0,0,0,0.0,0,2.0,0,0.01,/user/raabe14/u19361/workspace-allen/results/zebra/sub-830795_ses-ecephys-830795-2026-02-23-15-03-59_ecephys.nwb/ProbeF/trial_0/phase_1/lib_ab4a70858e/lib_ab4a70858e__delay_0.01__dur_0.03.h5
f2c54381-5519-4eff-b30a-50a3e50211d9,0.02,0.08,ab4a70858e,0.11064408719539642,-24.179104477611936,-24.19811320754717,0.0,21.49,20,40,0,0.0,4,6.0,11,1.2,/user/raabe14/u19361/workspace-allen/results/zebra/sub-830795_ses-ecephys-830795-2026-02-23-15-03-59_ecephys.nwb/ProbeF/trial_0/phase_1/lib_ab4a70858e/lib_ab4a70858e__delay_0.02__dur_0.08.h5
f2c5d2b8-5865-4101-9384-a4b82d30b36f,0.01,0.03,ab4a70858e,0.0,-60.0,47.5,0.0,7.16,0,0,0,0.0,0,2.0,0,0.01,/user/raabe14/u19361/workspace-allen/results/zebra/sub-830795_ses-ecephys-830795-2026-02-23-15-03-59_ecephys.nwb/ProbeF/trial_0/phase_1/lib_ab4a70858e/lib_ab4a70858e__delay_0.01__dur_0.03.h5
f2efffb3-f4fd-48eb-8c82-2c1f536bc7ad,0.25,0.23,ab4a70858e,0.08398944139480591,-52.83582089552239,4.481132075471699,22.515923572829163,10.74,4,24,9,2.827433388230814,1,3.0,3,0.04,/user/raabe14/u19361/workspace-allen/results/zebra/sub-830795_ses-ecephys-830795-2026-02-23-15-03-59_ecephys.nwb/ProbeF/trial_0/phase_1/lib_ab4a70858e/lib_ab4a70858e__delay_0.25__dur_0.23.h5
f30b64c5-2229-47b1-96f6-a35fec73ee00,0.0,0.23,ab4a70858e,0.0814141035079956,-15.223880597014926,-17.028301886792452,180.0,7.16,25,36,8,2.5132741228718345,0,2.0,12,1.3,/user/raabe14/u19361/workspace-allen/results/zebra/sub-830795_ses-ecephys-830795-2026-02-23-15-03-59_ecephys.nwb/ProbeF/trial_0/phase_1/lib_ab4a70858e/lib_ab4a70858e__delay_0.0__dur_0.23.h5
f3543735-3927-4ddf-b611-a15951d33b40,0.01,0.03,ab4a70858e,0.0,-60.0,47.5,0.0,7.16,0,0,0,0.0,0,2.0,0,0.01,/user/raabe14/u19361/workspace-allen/results/zebra/sub-830795_ses-ecephys-830795-2026-02-23-15-03-59_ecephys.nwb/ProbeF/trial_0/phase_1/lib_ab4a70858e/lib_ab4a70858e__delay_0.01__dur_0.03.h5
f38f38f7-3462-46ca-879b-da182a6ce50f,0.0,0.03,ab4a70858e,0.12209896743297577,-24.179104477611936,-24.19811320754717,0.0,21.49,20,40,0,0.0,4,6.0,11,1.2,/user/raabe14/u19361/workspace-allen/results/zebra/sub-830795_ses-ecephys-830795-2026-02-23-15-03-59_ecephys.nwb/ProbeF/trial_0/phase_1/lib_ab4a70858e/lib_ab4a70858e__delay_0.0__dur_0.03.h5
f4fc597e-8174-4a9b-a245-1f65da1a70a0,0.30000000000000004,0.18000000000000002,ab4a70858e,0.07330721616744995,-15.223880597014926,-22.40566037735849,45.02251307527088,10.74,25,39,2,0.6283185307179586,1,3.0,12,1.3,/user/raabe14/u19361/workspace-allen/results/zebra/sub-830795_ses-ecephys-830795-2026-02-23-15-03-59_ecephys.nwb/ProbeF/trial_0/phase_1/lib_ab4a70858e/lib_ab4a70858e__delay_0.30000000000000004__dur_0.18000000000000002.h5
f5819858-a8f1-44d3-a736-43e31a83118f,0.02,0.13,ab4a70858e,0.08280329406261444,-56.417910447761194,4.481132075471699,157.4840764271708,17.91,2,24,7,2.199114857512855,3,5.0,9,0.1,/user/raabe14/u19361/workspace-allen/results/zebra/sub-830795_ses-ecephys-830795-2026-02-23-15-03-59_ecephys.nwb/ProbeF/trial_0/phase_1/lib_ab4a70858e/lib_ab4a70858e__delay_0.02__dur_0.13.h5
f5ccad68-18ac-4138-828f-6015a42c2158,0.07,0.13,ab4a70858e,0.09907151758670807,-52.83582089552239,-22.40566037735849,67.51591472682667,14.32,4,39,3,0.9424777960769379,2,4.0,12,1.3,/user/raabe14/u19361/workspace-allen/results/zebra/sub-830795_ses-ecephys-830795-2026-02-23-15-03-59_ecephys.nwb/ProbeF/trial_0/phase_1/lib_ab4a70858e/lib_ab4a70858e__delay_0.07__dur_0.13.h5
f618470f-34c5-4a99-a61b-db3bbe6eb781,0.08,0.13,ab4a70858e,0.08628116548061371,13.43283582089552,4.481132075471699,45.02251307527088,28.65,41,24,2,0.6283185307179586,5,8.0,7,0.08,/user/raabe14/u19361/workspace-allen/results/zebra/sub-830795_ses-ecephys-830795-2026-02-23-15-03-59_ecephys.nwb/ProbeF/trial_0/phase_1/lib_ab4a70858e/lib_ab4a70858e__delay_0.08__dur_0.13.h5
f61b7196-abfe-4bb3-aa85-e6b07f0a1f3f,0.01,0.03,ab4a70858e,0.0,-60.0,47.5,0.0,7.16,0,0,0,0.0,0,2.0,0,0.01,/user/raabe14/u19361/workspace-allen/results/zebra/sub-830795_ses-ecephys-830795-2026-02-23-15-03-59_ecephys.nwb/ProbeF/trial_0/phase_1/lib_ab4a70858e/lib_ab4a70858e__delay_0.01__dur_0.03.h5
f64f2300-7555-408b-98e9-2c21ed5c99a4,0.30000000000000004,0.23,ab4a70858e,0.07558508962392807,4.477611940298516,0.8962264150943398,134.9774869247291,28.65,36,26,6,1.8849555921538759,5,8.0,9,0.1,/user/raabe14/u19361/workspace-allen/results/zebra/sub-830795_ses-ecephys-830795-2026-02-23-15-03-59_ecephys.nwb/ProbeF/trial_0/phase_1/lib_ab4a70858e/lib_ab4a70858e__delay_0.30000000000000004__dur_0.23.h5
f6bfa2d2-9cad-4937-aed7-dd669eadc10b,0.30000000000000004,0.23,ab4a70858e,0.08894872665405273,11.641791044776127,-2.6886792452830193,0.0,10.74,40,28,0,0.0,1,3.0,11,1.2,/user/raabe14/u19361/workspace-allen/results/zebra/sub-830795_ses-ecephys-830795-2026-02-23-15-03-59_ecephys.nwb/ProbeF/trial_0/phase_1/lib_ab4a70858e/lib_ab4a70858e__delay_0.30000000000000004__dur_0.23.h5
f6e06b37-05b8-463e-82ad-5df13cfe5ef2,0.2,0.23,ab4a70858e,0.1405831128358841,-29.55223880597015,-31.367924528301888,0.0,14.32,17,44,0,0.0,2,4.0,11,1.2,/user/raabe14/u19361/workspace-allen/results/zebra/sub-830795_ses-ecephys-830795-2026-02-23-15-03-59_ecephys.nwb/ProbeF/trial_0/phase_1/lib_ab4a70858e/lib_ab4a70858e__delay_0.2__dur_0.23.h5
f71c5cba-665c-49b5-bb0b-2243e143d108,0.02,0.18000000000000002,ab4a70858e,0.07178735733032227,2.6865671641791096,0.8962264150943398,180.0,14.32,35,26,8,2.5132741228718345,2,4.0,3,0.04,/user/raabe14/u19361/workspace-allen/results/zebra/sub-830795_ses-ecephys-830795-2026-02-23-15-03-59_ecephys.nwb/ProbeF/trial_0/phase_1/lib_ab4a70858e/lib_ab4a70858e__delay_0.02__dur_0.18000000000000002.h5
f7715a15-a1c1-419c-a9cc-42c8a544e58a,0.06,0.23,ab4a70858e,0.09486324340105057,-18.80597014925373,2.6886792452830193,67.51591472682667,28.65,23,25,3,0.9424777960769379,5,8.0,5,0.06,/user/raabe14/u19361/workspace-allen/results/zebra/sub-830795_ses-ecephys-830795-2026-02-23-15-03-59_ecephys.nwb/ProbeF/trial_0/phase_1/lib_ab4a70858e/lib_ab4a70858e__delay_0.06__dur_0.23.h5
f784fd27-e93c-4f0e-8300-0f272a9013ea,0.01,0.23,ab4a70858e,0.07184607535600662,-9.850746268656714,17.02830188679245,45.02251307527088,21.49,28,17,2,0.6283185307179586,4,6.0,9,0.1,/user/raabe14/u19361/workspace-allen/results/zebra/sub-830795_ses-ecephys-830795-2026-02-23-15-03-59_ecephys.nwb/ProbeF/trial_0/phase_1/lib_ab4a70858e/lib_ab4a70858e__delay_0.01__dur_0.23.h5
f7e3d744-c57f-4702-8334-db5e246c1d13,0.2,0.23,ab4a70858e,0.07884979993104935,15.223880597014926,-40.33018867924528,0.0,28.65,42,49,0,0.0,5,8.0,6,0.07,/user/raabe14/u19361/workspace-allen/results/zebra/sub-830795_ses-ecephys-830795-2026-02-23-15-03-59_ecephys.nwb/ProbeF/trial_0/phase_1/lib_ab4a70858e/lib_ab4a70858e__delay_0.2__dur_0.23.h5
f807d862-39a9-42b7-aafd-4d3722f422e3,0.30000000000000004,0.13,ab4a70858e,0.07001594454050064,-29.55223880597015,-15.235849056603776,112.48408527317332,17.91,17,35,5,1.5707963267948966,3,5.0,11,1.2,/user/raabe14/u19361/workspace-allen/results/zebra/sub-830795_ses-ecephys-830795-2026-02-23-15-03-59_ecephys.nwb/ProbeF/trial_0/phase_1/lib_ab4a70858e/lib_ab4a70858e__delay_0.30000000000000004__dur_0.13.h5
f8532e9b-d116-4ec9-bcb6-15a801a4f499,0.01,0.03,ab4a70858e,0.0,-60.0,47.5,0.0,7.16,0,0,0,0.0,0,2.0,0,0.01,/user/raabe14/u19361/workspace-allen/results/zebra/sub-830795_ses-ecephys-830795-2026-02-23-15-03-59_ecephys.nwb/ProbeF/trial_0/phase_1/lib_ab4a70858e/lib_ab4a70858e__delay_0.01__dur_0.03.h5
f85d0630-e7f1-4b71-a4b3-776714143020,0.30000000000000004,0.23,ab4a70858e,0.08782719820737839,6.268656716417908,42.12264150943396,67.51591472682667,10.74,37,3,3,0.9424777960769379,1,3.0,12,1.3,/user/raabe14/u19361/workspace-allen/results/zebra/sub-830795_ses-ecephys-830795-2026-02-23-15-03-59_ecephys.nwb/ProbeF/trial_0/phase_1/lib_ab4a70858e/lib_ab4a70858e__delay_0.30000000000000004__dur_0.23.h5
f8a02b85-d356-4c05-a902-66d2992d7d03,0.1,0.23,ab4a70858e,0.07970955222845078,-15.223880597014926,33.160377358490564,45.02251307527088,7.16,25,8,2,0.6283185307179586,0,2.0,8,0.09,/user/raabe14/u19361/workspace-allen/results/zebra/sub-830795_ses-ecephys-830795-2026-02-23-15-03-59_ecephys.nwb/ProbeF/trial_0/phase_1/lib_ab4a70858e/lib_ab4a70858e__delay_0.1__dur_0.23.h5
f8dc40e5-372b-45c6-a9a2-a3fdf2cfbc02,0.06,0.18000000000000002,ab4a70858e,0.09268524497747421,-11.64179104477612,-13.443396226415096,0.0,17.91,27,34,0,0.0,3,5.0,11,1.2,/user/raabe14/u19361/workspace-allen/results/zebra/sub-830795_ses-ecephys-830795-2026-02-23-15-03-59_ecephys.nwb/ProbeF/trial_0/phase_1/lib_ab4a70858e/lib_ab4a70858e__delay_0.06__dur_0.18000000000000002.h5
f905e379-744e-4a53-9fbe-911814ee2087,0.15000000000000002,0.18000000000000002,ab4a70858e,0.0888686552643776,-51.04477611940298,18.820754716981128,157.4840764271708,21.49,5,16,7,2.199114857512855,4,6.0,9,0.1,/user/raabe14/u19361/workspace-allen/results/zebra/sub-830795_ses-ecephys-830795-2026-02-23-15-03-59_ecephys.nwb/ProbeF/trial_0/phase_1/lib_ab4a70858e/lib_ab4a70858e__delay_0.15000000000000002__dur_0.18000000000000002.h5
f992917d-7666-4191-beb6-83070d477d3c,0.03,0.13,ab4a70858e,0.08368204534053802,-20.59701492537313,0.8962264150943398,180.0,7.16,22,26,8,2.5132741228718345,0,2.0,6,0.07,/user/raabe14/u19361/workspace-allen/results/zebra/sub-830795_ses-ecephys-830795-2026-02-23-15-03-59_ecephys.nwb/ProbeF/trial_0/phase_1/lib_ab4a70858e/lib_ab4a70858e__delay_0.03__dur_0.13.h5
fa33a9c4-d13e-45f0-b5cb-dfe6568e0f47,0.06,0.23,ab4a70858e,0.0749283879995346,-24.179104477611936,24.198113207547166,112.48408527317332,14.32,20,13,5,1.5707963267948966,2,4.0,1,0.02,/user/raabe14/u19361/workspace-allen/results/zebra/sub-830795_ses-ecephys-830795-2026-02-23-15-03-59_ecephys.nwb/ProbeF/trial_0/phase_1/lib_ab4a70858e/lib_ab4a70858e__delay_0.06__dur_0.23.h5
fae7926d-62df-4b55-8ffb-ca03ba0fea02,0.2,0.08,ab4a70858e,0.06972896307706833,-6.268656716417908,33.160377358490564,67.51591472682667,28.65,30,8,3,0.9424777960769379,5,8.0,7,0.08,/user/raabe14/u19361/workspace-allen/results/zebra/sub-830795_ses-ecephys-830795-2026-02-23-15-03-59_ecephys.nwb/ProbeF/trial_0/phase_1/lib_ab4a70858e/lib_ab4a70858e__delay_0.2__dur_0.08.h5
fb73a9c0-4f6d-49ca-aacc-a5b79392ba8b,0.30000000000000004,0.23,ab4a70858e,0.07763642072677612,6.268656716417908,-17.028301886792452,112.48408527317332,7.16,37,36,5,1.5707963267948966,0,2.0,0,0.01,/user/raabe14/u19361/workspace-allen/results/zebra/sub-830795_ses-ecephys-830795-2026-02-23-15-03-59_ecephys.nwb/ProbeF/trial_0/phase_1/lib_ab4a70858e/lib_ab4a70858e__delay_0.30000000000000004__dur_0.23.h5
fc21db0e-d704-4c0c-935f-a84b606b2447,0.01,0.03,ab4a70858e,0.0,-60.0,47.5,0.0,7.16,0,0,0,0.0,0,2.0,0,0.01,/user/raabe14/u19361/workspace-allen/results/zebra/sub-830795_ses-ecephys-830795-2026-02-23-15-03-59_ecephys.nwb/ProbeF/trial_0/phase_1/lib_ab4a70858e/lib_ab4a70858e__delay_0.01__dur_0.03.h5
fc2f5bc0-ebeb-4fcd-acb9-43871606cce2,0.0,0.18000000000000002,ab4a70858e,0.0725712776184082,-54.62686567164179,6.273584905660378,134.9774869247291,10.74,3,23,6,1.8849555921538759,1,3.0,8,0.09,/user/raabe14/u19361/workspace-allen/results/zebra/sub-830795_ses-ecephys-830795-2026-02-23-15-03-59_ecephys.nwb/ProbeF/trial_0/phase_1/lib_ab4a70858e/lib_ab4a70858e__delay_0.0__dur_0.18000000000000002.h5
fc4afd27-8e10-491d-adc0-067dceb5dc6f,0.09,0.18000000000000002,ab4a70858e,0.09002272039651871,-6.268656716417908,-8.066037735849058,180.0,21.49,30,31,8,2.5132741228718345,4,6.0,12,1.3,/user/raabe14/u19361/workspace-allen/results/zebra/sub-830795_ses-ecephys-830795-2026-02-23-15-03-59_ecephys.nwb/ProbeF/trial_0/phase_1/lib_ab4a70858e/lib_ab4a70858e__delay_0.09__dur_0.18000000000000002.h5
fc6e5ef6-ac3d-4860-b822-811d9be9c167,0.05,0.18000000000000002,ab4a70858e,0.0931171178817749,18.80597014925374,-25.99056603773585,0.0,17.91,44,41,0,0.0,3,5.0,11,1.2,/user/raabe14/u19361/workspace-allen/results/zebra/sub-830795_ses-ecephys-830795-2026-02-23-15-03-59_ecephys.nwb/ProbeF/trial_0/phase_1/lib_ab4a70858e/lib_ab4a70858e__delay_0.05__dur_0.18000000000000002.h5
fd0ab372-1edc-4b8a-a1a1-b7e24d33194d,0.25,0.13,ab4a70858e,0.07185105979442596,17.014925373134332,-22.40566037735849,45.02251307527088,28.65,43,39,2,0.6283185307179586,5,8.0,9,0.1,/user/raabe14/u19361/workspace-allen/results/zebra/sub-830795_ses-ecephys-830795-2026-02-23-15-03-59_ecephys.nwb/ProbeF/trial_0/phase_1/lib_ab4a70858e/lib_ab4a70858e__delay_0.25__dur_0.13.h5
fdc2de6f-513c-46d9-b99d-408db8930018,0.08,0.23,ab4a70858e,0.08195409923791885,-18.80597014925373,0.8962264150943398,22.515923572829163,21.49,23,26,9,2.827433388230814,4,6.0,9,0.1,/user/raabe14/u19361/workspace-allen/results/zebra/sub-830795_ses-ecephys-830795-2026-02-23-15-03-59_ecephys.nwb/ProbeF/trial_0/phase_1/lib_ab4a70858e/lib_ab4a70858e__delay_0.08__dur_0.23.h5
fea668dd-65d4-4003-bcb7-2987019e01e3,0.15000000000000002,0.23,ab4a70858e,0.07551461458206177,-33.134328358208954,-8.066037735849058,45.02251307527088,10.74,15,31,2,0.6283185307179586,1,3.0,9,0.1,/user/raabe14/u19361/workspace-allen/results/zebra/sub-830795_ses-ecephys-830795-2026-02-23-15-03-59_ecephys.nwb/ProbeF/trial_0/phase_1/lib_ab4a70858e/lib_ab4a70858e__delay_0.15000000000000002__dur_0.23.h5
ff5caf83-2dc7-4e2a-a2ea-1398a06ccc89,0.01,0.03,ab4a70858e,0.0,-60.0,47.5,0.0,7.16,0,0,0,0.0,0,2.0,0,0.01,/user/raabe14/u19361/workspace-allen/results/zebra/sub-830795_ses-ecephys-830795-2026-02-23-15-03-59_ecephys.nwb/ProbeF/trial_0/phase_1/lib_ab4a70858e/lib_ab4a70858e__delay_0.01__dur_0.03.h5
