unit_id,delay,duration,lib_id,abs_max_value,x_deg,y_deg,theta_deg,sigma_deg,xi,yi,theta_idx,theta_rad,sigma_idx,sigma,frequency_idx,frequency,source_file
001b97e3-cef8-442d-97a5-a97f2036ce27,0.30000000000000004,0.23,ab4a70858e,0.07586359232664108,-9.850746268656714,47.5,180.0,17.91,28,0,8,2.5132741228718345,3,5.0,8,0.09,/user/raabe14/u19361/workspace-allen/results/zebra/sub-830795_ses-ecephys-830795-2026-02-23-15-03-59_ecephys.nwb/ProbeF/trial_0/phase_0/lib_ab4a70858e/lib_ab4a70858e__delay_0.30000000000000004__dur_0.23.h5
002691ee-7acd-4e1e-b685-9ee42232e421,0.15000000000000002,0.23,ab4a70858e,0.18347686529159546,-4.477611940298509,-8.066037735849058,180.0,17.91,31,31,8,2.5132741228718345,3,5.0,12,1.3,/user/raabe14/u19361/workspace-allen/results/zebra/sub-830795_ses-ecephys-830795-2026-02-23-15-03-59_ecephys.nwb/ProbeF/trial_0/phase_0/lib_ab4a70858e/lib_ab4a70858e__delay_0.15000000000000002__dur_0.23.h5
0026ce90-1375-402b-8347-275d4b4ac29e,0.0,0.23,ab4a70858e,0.0758698359131813,-8.059701492537314,-24.19811320754717,0.0,28.65,29,40,0,0.0,5,8.0,6,0.07,/user/raabe14/u19361/workspace-allen/results/zebra/sub-830795_ses-ecephys-830795-2026-02-23-15-03-59_ecephys.nwb/ProbeF/trial_0/phase_0/lib_ab4a70858e/lib_ab4a70858e__delay_0.0__dur_0.23.h5
004cecef-0f54-4ac6-830f-26371e77e363,0.0,0.23,ab4a70858e,0.13739487528800964,-34.92537313432835,34.95283018867924,112.48408527317332,28.65,14,7,5,1.5707963267948966,5,8.0,11,1.2,/user/raabe14/u19361/workspace-allen/results/zebra/sub-830795_ses-ecephys-830795-2026-02-23-15-03-59_ecephys.nwb/ProbeF/trial_0/phase_0/lib_ab4a70858e/lib_ab4a70858e__delay_0.0__dur_0.23.h5
00efadfe-3129-48c5-a1c9-2a3ae7ed72e8,0.15000000000000002,0.18000000000000002,ab4a70858e,0.08632008731365204,15.223880597014926,-11.650943396226417,67.51591472682667,28.65,42,33,3,0.9424777960769379,5,8.0,9,0.1,/user/raabe14/u19361/workspace-allen/results/zebra/sub-830795_ses-ecephys-830795-2026-02-23-15-03-59_ecephys.nwb/ProbeF/trial_0/phase_0/lib_ab4a70858e/lib_ab4a70858e__delay_0.15000000000000002__dur_0.18000000000000002.h5
016b98b8-3eaf-48c3-b7fd-3f5654675164,0.0,0.13,ab4a70858e,0.0701972097158432,-52.83582089552239,9.858490566037737,157.4840764271708,21.49,4,21,7,2.199114857512855,4,6.0,9,0.1,/user/raabe14/u19361/workspace-allen/results/zebra/sub-830795_ses-ecephys-830795-2026-02-23-15-03-59_ecephys.nwb/ProbeF/trial_0/phase_0/lib_ab4a70858e/lib_ab4a70858e__delay_0.0__dur_0.13.h5
03368e34-6430-417f-afeb-ba427e3e9f94,0.0,0.08,ab4a70858e,0.1659753918647766,-24.179104477611936,-22.40566037735849,0.0,21.49,20,39,0,0.0,4,6.0,11,1.2,/user/raabe14/u19361/workspace-allen/results/zebra/sub-830795_ses-ecephys-830795-2026-02-23-15-03-59_ecephys.nwb/ProbeF/trial_0/phase_0/lib_ab4a70858e/lib_ab4a70858e__delay_0.0__dur_0.08.h5
0469836b-f6f5-4088-878a-4aa16137abd0,0.0,0.23,ab4a70858e,0.07414417713880539,4.477611940298516,-0.8962264150943398,180.0,10.74,36,27,8,2.5132741228718345,1,3.0,12,1.3,/user/raabe14/u19361/workspace-allen/results/zebra/sub-830795_ses-ecephys-830795-2026-02-23-15-03-59_ecephys.nwb/ProbeF/trial_0/phase_0/lib_ab4a70858e/lib_ab4a70858e__delay_0.0__dur_0.23.h5
049f8194-933b-4889-82ed-e487500467db,0.01,0.03,ab4a70858e,0.0,-60.0,47.5,0.0,7.16,0,0,0,0.0,0,2.0,0,0.01,/user/raabe14/u19361/workspace-allen/results/zebra/sub-830795_ses-ecephys-830795-2026-02-23-15-03-59_ecephys.nwb/ProbeF/trial_0/phase_0/lib_ab4a70858e/lib_ab4a70858e__delay_0.01__dur_0.03.h5
05bea790-79c4-40fa-b368-f1c589bc4309,0.2,0.18000000000000002,ab4a70858e,0.07947422564029694,-52.83582089552239,-15.235849056603776,157.4840764271708,28.65,4,35,7,2.199114857512855,5,8.0,9,0.1,/user/raabe14/u19361/workspace-allen/results/zebra/sub-830795_ses-ecephys-830795-2026-02-23-15-03-59_ecephys.nwb/ProbeF/trial_0/phase_0/lib_ab4a70858e/lib_ab4a70858e__delay_0.2__dur_0.18000000000000002.h5
0660c948-48ae-4d45-809e-24662336358f,0.01,0.03,ab4a70858e,0.0,-60.0,47.5,0.0,7.16,0,0,0,0.0,0,2.0,0,0.01,/user/raabe14/u19361/workspace-allen/results/zebra/sub-830795_ses-ecephys-830795-2026-02-23-15-03-59_ecephys.nwb/ProbeF/trial_0/phase_0/lib_ab4a70858e/lib_ab4a70858e__delay_0.01__dur_0.03.h5
06760f26-b35f-4d3f-8807-c6372c15518a,0.30000000000000004,0.18000000000000002,ab4a70858e,0.08630415052175522,-24.179104477611936,4.481132075471699,112.48408527317332,17.91,20,24,5,1.5707963267948966,3,5.0,8,0.09,/user/raabe14/u19361/workspace-allen/results/zebra/sub-830795_ses-ecephys-830795-2026-02-23-15-03-59_ecephys.nwb/ProbeF/trial_0/phase_0/lib_ab4a70858e/lib_ab4a70858e__delay_0.30000000000000004__dur_0.18000000000000002.h5
067d22a4-0fce-4a6a-bc4c-1bc5673e0f9c,0.25,0.13,ab4a70858e,0.07745508849620819,-22.388059701492537,2.6886792452830193,157.4840764271708,7.16,21,25,7,2.199114857512855,0,2.0,8,0.09,/user/raabe14/u19361/workspace-allen/results/zebra/sub-830795_ses-ecephys-830795-2026-02-23-15-03-59_ecephys.nwb/ProbeF/trial_0/phase_0/lib_ab4a70858e/lib_ab4a70858e__delay_0.25__dur_0.13.h5
06d2d94e-1fc7-46b7-8fb0-b801413b15b1,0.0,0.18000000000000002,ab4a70858e,0.08499976992607117,-22.388059701492537,40.33018867924528,157.4840764271708,21.49,21,4,7,2.199114857512855,4,6.0,6,0.07,/user/raabe14/u19361/workspace-allen/results/zebra/sub-830795_ses-ecephys-830795-2026-02-23-15-03-59_ecephys.nwb/ProbeF/trial_0/phase_0/lib_ab4a70858e/lib_ab4a70858e__delay_0.0__dur_0.18000000000000002.h5
072efc58-daf6-4031-a1ef-ed207651e71d,0.30000000000000004,0.13,ab4a70858e,0.08654651045799255,-34.92537313432835,0.8962264150943398,134.9774869247291,21.49,14,26,6,1.8849555921538759,4,6.0,9,0.1,/user/raabe14/u19361/workspace-allen/results/zebra/sub-830795_ses-ecephys-830795-2026-02-23-15-03-59_ecephys.nwb/ProbeF/trial_0/phase_0/lib_ab4a70858e/lib_ab4a70858e__delay_0.30000000000000004__dur_0.13.h5
085822f8-bd66-4831-8de5-45d200205fcb,0.01,0.23,ab4a70858e,0.07965896278619766,-9.850746268656714,4.481132075471699,90.0,17.91,28,24,4,1.2566370614359172,3,5.0,8,0.09,/user/raabe14/u19361/workspace-allen/results/zebra/sub-830795_ses-ecephys-830795-2026-02-23-15-03-59_ecephys.nwb/ProbeF/trial_0/phase_0/lib_ab4a70858e/lib_ab4a70858e__delay_0.01__dur_0.23.h5
08aa1db0-ab18-4754-907d-b58f79f087e8,0.06,0.23,ab4a70858e,0.07757212966680527,24.179104477611943,-4.481132075471699,180.0,28.65,47,29,8,2.5132741228718345,5,8.0,3,0.04,/user/raabe14/u19361/workspace-allen/results/zebra/sub-830795_ses-ecephys-830795-2026-02-23-15-03-59_ecephys.nwb/ProbeF/trial_0/phase_0/lib_ab4a70858e/lib_ab4a70858e__delay_0.06__dur_0.23.h5
08f4bdb3-02f3-46f8-9e93-cfe59c5e83e1,0.01,0.23,ab4a70858e,0.08186784386634827,-34.92537313432835,-0.8962264150943398,112.48408527317332,21.49,14,27,5,1.5707963267948966,4,6.0,6,0.07,/user/raabe14/u19361/workspace-allen/results/zebra/sub-830795_ses-ecephys-830795-2026-02-23-15-03-59_ecephys.nwb/ProbeF/trial_0/phase_0/lib_ab4a70858e/lib_ab4a70858e__delay_0.01__dur_0.23.h5
0973a34f-0301-44c4-9981-edcfbf055a50,0.25,0.18000000000000002,ab4a70858e,0.07471823692321777,-54.62686567164179,22.405660377358487,45.02251307527088,10.74,3,14,2,0.6283185307179586,1,3.0,9,0.1,/user/raabe14/u19361/workspace-allen/results/zebra/sub-830795_ses-ecephys-830795-2026-02-23-15-03-59_ecephys.nwb/ProbeF/trial_0/phase_0/lib_ab4a70858e/lib_ab4a70858e__delay_0.25__dur_0.18000000000000002.h5
09afab22-a74f-44f6-9fe3-07193cc9ec8e,0.0,0.23,ab4a70858e,0.08667179197072983,-2.6865671641791025,-8.066037735849058,45.02251307527088,7.16,32,31,2,0.6283185307179586,0,2.0,12,1.3,/user/raabe14/u19361/workspace-allen/results/zebra/sub-830795_ses-ecephys-830795-2026-02-23-15-03-59_ecephys.nwb/ProbeF/trial_0/phase_0/lib_ab4a70858e/lib_ab4a70858e__delay_0.0__dur_0.23.h5
09cbb120-7e9c-4054-bd7b-e80d92296928,0.0,0.23,ab4a70858e,0.09076830744743347,-25.970149253731343,11.650943396226417,0.0,14.32,19,20,0,0.0,2,4.0,11,1.2,/user/raabe14/u19361/workspace-allen/results/zebra/sub-830795_ses-ecephys-830795-2026-02-23-15-03-59_ecephys.nwb/ProbeF/trial_0/phase_0/lib_ab4a70858e/lib_ab4a70858e__delay_0.0__dur_0.23.h5
09cffb87-f152-44de-9492-bcfe495e9420,0.30000000000000004,0.23,ab4a70858e,0.07978691160678864,-4.477611940298509,15.235849056603776,22.515923572829163,21.49,31,18,9,2.827433388230814,4,6.0,8,0.09,/user/raabe14/u19361/workspace-allen/results/zebra/sub-830795_ses-ecephys-830795-2026-02-23-15-03-59_ecephys.nwb/ProbeF/trial_0/phase_0/lib_ab4a70858e/lib_ab4a70858e__delay_0.30000000000000004__dur_0.23.h5
0a54edb2-dc5b-4cc2-93b5-d1d3c64defe2,0.0,0.18000000000000002,ab4a70858e,0.07989467680454254,-24.179104477611936,29.575471698113205,22.515923572829163,17.91,20,10,9,2.827433388230814,3,5.0,9,0.1,/user/raabe14/u19361/workspace-allen/results/zebra/sub-830795_ses-ecephys-830795-2026-02-23-15-03-59_ecephys.nwb/ProbeF/trial_0/phase_0/lib_ab4a70858e/lib_ab4a70858e__delay_0.0__dur_0.18000000000000002.h5
0ad9e216-a761-4657-8282-b11a796bcf83,0.2,0.23,ab4a70858e,0.07494039833545685,-13.43283582089552,-36.74528301886792,112.48408527317332,7.16,26,47,5,1.5707963267948966,0,2.0,11,1.2,/user/raabe14/u19361/workspace-allen/results/zebra/sub-830795_ses-ecephys-830795-2026-02-23-15-03-59_ecephys.nwb/ProbeF/trial_0/phase_0/lib_ab4a70858e/lib_ab4a70858e__delay_0.2__dur_0.23.h5
0b0abe3f-172e-4c39-b0c0-f8a67c3ddfe8,0.30000000000000004,0.23,ab4a70858e,0.07275120913982391,-51.04477611940298,-33.160377358490564,180.0,28.65,5,45,8,2.5132741228718345,5,8.0,9,0.1,/user/raabe14/u19361/workspace-allen/results/zebra/sub-830795_ses-ecephys-830795-2026-02-23-15-03-59_ecephys.nwb/ProbeF/trial_0/phase_0/lib_ab4a70858e/lib_ab4a70858e__delay_0.30000000000000004__dur_0.23.h5
0d6540d4-eaaa-4dc4-a301-97b9239a68fa,0.0,0.13,ab4a70858e,0.09042543172836304,-4.477611940298509,-8.066037735849058,180.0,17.91,31,31,8,2.5132741228718345,3,5.0,12,1.3,/user/raabe14/u19361/workspace-allen/results/zebra/sub-830795_ses-ecephys-830795-2026-02-23-15-03-59_ecephys.nwb/ProbeF/trial_0/phase_0/lib_ab4a70858e/lib_ab4a70858e__delay_0.0__dur_0.13.h5
0dacd113-917d-4827-8b7b-939fc39986b2,0.0,0.13,ab4a70858e,0.0741361603140831,-24.179104477611936,-11.650943396226417,67.51591472682667,10.74,20,33,3,0.9424777960769379,1,3.0,12,1.3,/user/raabe14/u19361/workspace-allen/results/zebra/sub-830795_ses-ecephys-830795-2026-02-23-15-03-59_ecephys.nwb/ProbeF/trial_0/phase_0/lib_ab4a70858e/lib_ab4a70858e__delay_0.0__dur_0.13.h5
0e227cf9-80a3-4a42-ab9c-8f12f1197126,0.25,0.23,ab4a70858e,0.08002101629972458,-36.71641791044776,11.650943396226417,134.9774869247291,21.49,13,20,6,1.8849555921538759,4,6.0,8,0.09,/user/raabe14/u19361/workspace-allen/results/zebra/sub-830795_ses-ecephys-830795-2026-02-23-15-03-59_ecephys.nwb/ProbeF/trial_0/phase_0/lib_ab4a70858e/lib_ab4a70858e__delay_0.25__dur_0.23.h5
0e55d654-3930-4301-a2f5-4ce00604ec31,0.05,0.23,ab4a70858e,0.08845958113670349,9.85074626865672,-22.40566037735849,45.02251307527088,17.91,39,39,2,0.6283185307179586,3,5.0,9,0.1,/user/raabe14/u19361/workspace-allen/results/zebra/sub-830795_ses-ecephys-830795-2026-02-23-15-03-59_ecephys.nwb/ProbeF/trial_0/phase_0/lib_ab4a70858e/lib_ab4a70858e__delay_0.05__dur_0.23.h5
0f06bdfc-4359-427d-a894-b8e41d548f11,0.06,0.13,ab4a70858e,0.08534237742424011,9.85074626865672,-22.40566037735849,22.515923572829195,14.32,39,39,1,0.3141592653589793,2,4.0,9,0.1,/user/raabe14/u19361/workspace-allen/results/zebra/sub-830795_ses-ecephys-830795-2026-02-23-15-03-59_ecephys.nwb/ProbeF/trial_0/phase_0/lib_ab4a70858e/lib_ab4a70858e__delay_0.06__dur_0.13.h5
0f68a5f4-534f-45e4-b867-ea684d02026e,0.03,0.18000000000000002,ab4a70858e,0.07619281113147736,-51.04477611940298,20.613207547169807,22.515923572829195,14.32,5,15,1,0.3141592653589793,2,4.0,9,0.1,/user/raabe14/u19361/workspace-allen/results/zebra/sub-830795_ses-ecephys-830795-2026-02-23-15-03-59_ecephys.nwb/ProbeF/trial_0/phase_0/lib_ab4a70858e/lib_ab4a70858e__delay_0.03__dur_0.18000000000000002.h5
0f7463b6-cf30-4bb2-a15f-61a85261e94d,0.15000000000000002,0.23,ab4a70858e,0.08630405366420746,13.43283582089552,-27.78301886792453,67.51591472682667,14.32,41,42,3,0.9424777960769379,2,4.0,9,0.1,/user/raabe14/u19361/workspace-allen/results/zebra/sub-830795_ses-ecephys-830795-2026-02-23-15-03-59_ecephys.nwb/ProbeF/trial_0/phase_0/lib_ab4a70858e/lib_ab4a70858e__delay_0.15000000000000002__dur_0.23.h5
105e4884-d4be-43d2-9eed-02cb953efa7f,0.0,0.23,ab4a70858e,0.08313824236392975,-33.134328358208954,9.858490566037737,22.515923572829163,28.65,15,21,9,2.827433388230814,5,8.0,7,0.08,/user/raabe14/u19361/workspace-allen/results/zebra/sub-830795_ses-ecephys-830795-2026-02-23-15-03-59_ecephys.nwb/ProbeF/trial_0/phase_0/lib_ab4a70858e/lib_ab4a70858e__delay_0.0__dur_0.23.h5
119258d6-7ed0-40ff-800c-26a0e867ba8b,0.25,0.18000000000000002,ab4a70858e,0.07702313363552094,-43.88059701492537,-17.028301886792452,22.515923572829195,21.49,9,36,1,0.3141592653589793,4,6.0,7,0.08,/user/raabe14/u19361/workspace-allen/results/zebra/sub-830795_ses-ecephys-830795-2026-02-23-15-03-59_ecephys.nwb/ProbeF/trial_0/phase_0/lib_ab4a70858e/lib_ab4a70858e__delay_0.25__dur_0.18000000000000002.h5
11ddee5d-cb20-4bce-bbf3-240b9c8e1c6d,0.30000000000000004,0.18000000000000002,ab4a70858e,0.07847961783409119,-25.970149253731343,-13.443396226415096,134.9774869247291,7.16,19,34,6,1.8849555921538759,0,2.0,9,0.1,/user/raabe14/u19361/workspace-allen/results/zebra/sub-830795_ses-ecephys-830795-2026-02-23-15-03-59_ecephys.nwb/ProbeF/trial_0/phase_0/lib_ab4a70858e/lib_ab4a70858e__delay_0.30000000000000004__dur_0.18000000000000002.h5
11e56929-e1bd-4c50-93fd-65b630e79070,0.2,0.18000000000000002,ab4a70858e,0.0795154944062233,17.014925373134332,11.650943396226417,45.02251307527088,28.65,43,20,2,0.6283185307179586,5,8.0,4,0.05,/user/raabe14/u19361/workspace-allen/results/zebra/sub-830795_ses-ecephys-830795-2026-02-23-15-03-59_ecephys.nwb/ProbeF/trial_0/phase_0/lib_ab4a70858e/lib_ab4a70858e__delay_0.2__dur_0.18000000000000002.h5
13f6f1a4-069b-4d91-a9e2-f3c3d4546d7f,0.15000000000000002,0.23,ab4a70858e,0.07885058969259262,-8.059701492537314,-31.367924528301888,134.9774869247291,10.74,29,44,6,1.8849555921538759,1,3.0,7,0.08,/user/raabe14/u19361/workspace-allen/results/zebra/sub-830795_ses-ecephys-830795-2026-02-23-15-03-59_ecephys.nwb/ProbeF/trial_0/phase_0/lib_ab4a70858e/lib_ab4a70858e__delay_0.15000000000000002__dur_0.23.h5
13fb52cc-4cb5-4bfe-b7ca-e4db044530e6,0.2,0.23,ab4a70858e,0.07669984549283981,-33.134328358208954,38.5377358490566,45.02251307527088,14.32,15,5,2,0.6283185307179586,2,4.0,9,0.1,/user/raabe14/u19361/workspace-allen/results/zebra/sub-830795_ses-ecephys-830795-2026-02-23-15-03-59_ecephys.nwb/ProbeF/trial_0/phase_0/lib_ab4a70858e/lib_ab4a70858e__delay_0.2__dur_0.23.h5
14976e01-bf44-4a21-a1a0-c9319fe2344c,0.01,0.23,ab4a70858e,0.07984015345573425,-22.388059701492537,-20.61320754716981,180.0,17.91,21,38,8,2.5132741228718345,3,5.0,2,0.03,/user/raabe14/u19361/workspace-allen/results/zebra/sub-830795_ses-ecephys-830795-2026-02-23-15-03-59_ecephys.nwb/ProbeF/trial_0/phase_0/lib_ab4a70858e/lib_ab4a70858e__delay_0.01__dur_0.23.h5
153db119-dcb9-4d70-9428-a8d1bbd13520,0.01,0.03,ab4a70858e,0.0,-60.0,47.5,0.0,7.16,0,0,0,0.0,0,2.0,0,0.01,/user/raabe14/u19361/workspace-allen/results/zebra/sub-830795_ses-ecephys-830795-2026-02-23-15-03-59_ecephys.nwb/ProbeF/trial_0/phase_0/lib_ab4a70858e/lib_ab4a70858e__delay_0.01__dur_0.03.h5
157ac414-138a-44cb-8f69-cd00b05dbf23,0.25,0.08,ab4a70858e,0.0756731778383255,-27.761194029850742,18.820754716981128,134.9774869247291,10.74,18,16,6,1.8849555921538759,1,3.0,9,0.1,/user/raabe14/u19361/workspace-allen/results/zebra/sub-830795_ses-ecephys-830795-2026-02-23-15-03-59_ecephys.nwb/ProbeF/trial_0/phase_0/lib_ab4a70858e/lib_ab4a70858e__delay_0.25__dur_0.08.h5
16644da8-6be6-4fa2-a1dd-5bda20ac09f1,0.01,0.13,ab4a70858e,0.0748760998249054,-24.179104477611936,-17.028301886792452,0.0,10.74,20,36,0,0.0,1,3.0,9,0.1,/user/raabe14/u19361/workspace-allen/results/zebra/sub-830795_ses-ecephys-830795-2026-02-23-15-03-59_ecephys.nwb/ProbeF/trial_0/phase_0/lib_ab4a70858e/lib_ab4a70858e__delay_0.01__dur_0.13.h5
16c80407-09c8-481c-a087-0c0c76d6a3c9,0.15000000000000002,0.13,ab4a70858e,0.0985671877861023,-25.970149253731343,0.8962264150943398,112.48408527317332,14.32,19,26,5,1.5707963267948966,2,4.0,11,1.2,/user/raabe14/u19361/workspace-allen/results/zebra/sub-830795_ses-ecephys-830795-2026-02-23-15-03-59_ecephys.nwb/ProbeF/trial_0/phase_0/lib_ab4a70858e/lib_ab4a70858e__delay_0.15000000000000002__dur_0.13.h5
170017b5-5252-4fb9-951b-86e0caa30564,0.25,0.23,ab4a70858e,0.10447657853364944,-24.179104477611936,2.6886792452830193,45.02251307527088,14.32,20,25,2,0.6283185307179586,2,4.0,12,1.3,/user/raabe14/u19361/workspace-allen/results/zebra/sub-830795_ses-ecephys-830795-2026-02-23-15-03-59_ecephys.nwb/ProbeF/trial_0/phase_0/lib_ab4a70858e/lib_ab4a70858e__delay_0.25__dur_0.23.h5
17f886bf-5925-4684-a487-dc83348ae2a1,0.30000000000000004,0.18000000000000002,ab4a70858e,0.0790446475148201,58.20895522388061,40.33018867924528,0.0,21.49,66,4,0,0.0,4,6.0,11,1.2,/user/raabe14/u19361/workspace-allen/results/zebra/sub-830795_ses-ecephys-830795-2026-02-23-15-03-59_ecephys.nwb/ProbeF/trial_0/phase_0/lib_ab4a70858e/lib_ab4a70858e__delay_0.30000000000000004__dur_0.18000000000000002.h5
194ab144-c615-424f-b09e-35953fed2f16,0.02,0.23,ab4a70858e,0.0822235569357872,-38.507462686567166,-9.858490566037737,112.48408527317332,28.65,12,32,5,1.5707963267948966,5,8.0,9,0.1,/user/raabe14/u19361/workspace-allen/results/zebra/sub-830795_ses-ecephys-830795-2026-02-23-15-03-59_ecephys.nwb/ProbeF/trial_0/phase_0/lib_ab4a70858e/lib_ab4a70858e__delay_0.02__dur_0.23.h5
1aa25bd1-a5ac-4b1c-b35d-7fa2ad92aeb5,0.0,0.23,ab4a70858e,0.11708976328372955,-20.59701492537313,4.481132075471699,0.0,21.49,22,24,0,0.0,4,6.0,11,1.2,/user/raabe14/u19361/workspace-allen/results/zebra/sub-830795_ses-ecephys-830795-2026-02-23-15-03-59_ecephys.nwb/ProbeF/trial_0/phase_0/lib_ab4a70858e/lib_ab4a70858e__delay_0.0__dur_0.23.h5
1cd6e480-93b8-42f8-b987-a88fe9cfe232,0.30000000000000004,0.23,ab4a70858e,0.07248228788375854,-6.268656716417908,17.02830188679245,157.4840764271708,10.74,30,17,7,2.199114857512855,1,3.0,9,0.1,/user/raabe14/u19361/workspace-allen/results/zebra/sub-830795_ses-ecephys-830795-2026-02-23-15-03-59_ecephys.nwb/ProbeF/trial_0/phase_0/lib_ab4a70858e/lib_ab4a70858e__delay_0.30000000000000004__dur_0.23.h5
1d705c82-b3cf-4ae7-97bd-7b891425c9f3,0.0,0.23,ab4a70858e,0.08240684866905212,-13.43283582089552,-0.8962264150943398,0.0,17.91,26,27,0,0.0,3,5.0,11,1.2,/user/raabe14/u19361/workspace-allen/results/zebra/sub-830795_ses-ecephys-830795-2026-02-23-15-03-59_ecephys.nwb/ProbeF/trial_0/phase_0/lib_ab4a70858e/lib_ab4a70858e__delay_0.0__dur_0.23.h5
1d84d213-114f-41ab-b514-2cbf6c569dab,0.0,0.23,ab4a70858e,0.08648660033941269,49.25373134328359,-17.028301886792452,45.02251307527088,14.32,61,36,2,0.6283185307179586,2,4.0,8,0.09,/user/raabe14/u19361/workspace-allen/results/zebra/sub-830795_ses-ecephys-830795-2026-02-23-15-03-59_ecephys.nwb/ProbeF/trial_0/phase_0/lib_ab4a70858e/lib_ab4a70858e__delay_0.0__dur_0.23.h5
1ddb5066-31fe-4cc4-8e16-a12de02d7cc6,0.01,0.03,ab4a70858e,0.0,-60.0,47.5,0.0,7.16,0,0,0,0.0,0,2.0,0,0.01,/user/raabe14/u19361/workspace-allen/results/zebra/sub-830795_ses-ecephys-830795-2026-02-23-15-03-59_ecephys.nwb/ProbeF/trial_0/phase_0/lib_ab4a70858e/lib_ab4a70858e__delay_0.01__dur_0.03.h5
1e6bd34b-b303-4435-8c3f-ab86eac0f8ed,0.1,0.18000000000000002,ab4a70858e,0.07462743669748306,-13.43283582089552,-0.8962264150943398,90.0,14.32,26,27,4,1.2566370614359172,2,4.0,6,0.07,/user/raabe14/u19361/workspace-allen/results/zebra/sub-830795_ses-ecephys-830795-2026-02-23-15-03-59_ecephys.nwb/ProbeF/trial_0/phase_0/lib_ab4a70858e/lib_ab4a70858e__delay_0.1__dur_0.18000000000000002.h5
1e97f930-fe49-471b-92a2-c4f3cd247232,0.25,0.23,ab4a70858e,0.0832865908741951,-0.8955223880596961,-6.273584905660378,180.0,17.91,33,30,8,2.5132741228718345,3,5.0,12,1.3,/user/raabe14/u19361/workspace-allen/results/zebra/sub-830795_ses-ecephys-830795-2026-02-23-15-03-59_ecephys.nwb/ProbeF/trial_0/phase_0/lib_ab4a70858e/lib_ab4a70858e__delay_0.25__dur_0.23.h5
1eda999a-55a1-4b6e-b01a-faa3e90e703e,0.2,0.18000000000000002,ab4a70858e,0.08133679628372192,-22.388059701492537,0.8962264150943398,67.51591472682667,10.74,21,26,3,0.9424777960769379,1,3.0,9,0.1,/user/raabe14/u19361/workspace-allen/results/zebra/sub-830795_ses-ecephys-830795-2026-02-23-15-03-59_ecephys.nwb/ProbeF/trial_0/phase_0/lib_ab4a70858e/lib_ab4a70858e__delay_0.2__dur_0.18000000000000002.h5
1f00600a-eec1-4775-a929-2cb81ba50d50,0.07,0.13,ab4a70858e,0.08607292175292969,2.6865671641791096,24.198113207547166,112.48408527317332,17.91,35,13,5,1.5707963267948966,3,5.0,11,1.2,/user/raabe14/u19361/workspace-allen/results/zebra/sub-830795_ses-ecephys-830795-2026-02-23-15-03-59_ecephys.nwb/ProbeF/trial_0/phase_0/lib_ab4a70858e/lib_ab4a70858e__delay_0.07__dur_0.13.h5
1f562b83-1b05-4076-b001-71b0b1f9270d,0.30000000000000004,0.13,ab4a70858e,0.08304377645254135,0.8955223880597032,-31.367924528301888,180.0,21.49,34,44,8,2.5132741228718345,4,6.0,2,0.03,/user/raabe14/u19361/workspace-allen/results/zebra/sub-830795_ses-ecephys-830795-2026-02-23-15-03-59_ecephys.nwb/ProbeF/trial_0/phase_0/lib_ab4a70858e/lib_ab4a70858e__delay_0.30000000000000004__dur_0.13.h5
1f7efe68-c04f-41fd-a2cd-da83fef66795,0.01,0.23,ab4a70858e,0.0744776725769043,-60.0,-11.650943396226417,67.51591472682667,10.74,0,33,3,0.9424777960769379,1,3.0,12,1.3,/user/raabe14/u19361/workspace-allen/results/zebra/sub-830795_ses-ecephys-830795-2026-02-23-15-03-59_ecephys.nwb/ProbeF/trial_0/phase_0/lib_ab4a70858e/lib_ab4a70858e__delay_0.01__dur_0.23.h5
216e9671-f046-4b75-8692-1b72384f46ba,0.15000000000000002,0.23,ab4a70858e,0.07430826872587204,9.85074626865672,-18.82075471698113,67.51591472682667,7.16,39,37,3,0.9424777960769379,0,2.0,12,1.3,/user/raabe14/u19361/workspace-allen/results/zebra/sub-830795_ses-ecephys-830795-2026-02-23-15-03-59_ecephys.nwb/ProbeF/trial_0/phase_0/lib_ab4a70858e/lib_ab4a70858e__delay_0.15000000000000002__dur_0.23.h5
21f5bf8e-74b2-48ef-96ef-16edb815879e,0.01,0.03,ab4a70858e,0.0,-60.0,47.5,0.0,7.16,0,0,0,0.0,0,2.0,0,0.01,/user/raabe14/u19361/workspace-allen/results/zebra/sub-830795_ses-ecephys-830795-2026-02-23-15-03-59_ecephys.nwb/ProbeF/trial_0/phase_0/lib_ab4a70858e/lib_ab4a70858e__delay_0.01__dur_0.03.h5
2291d2f4-306c-4750-88c7-73664b1e419f,0.04,0.23,ab4a70858e,0.07570423185825348,-43.88059701492537,-34.95283018867924,180.0,21.49,9,46,8,2.5132741228718345,4,6.0,7,0.08,/user/raabe14/u19361/workspace-allen/results/zebra/sub-830795_ses-ecephys-830795-2026-02-23-15-03-59_ecephys.nwb/ProbeF/trial_0/phase_0/lib_ab4a70858e/lib_ab4a70858e__delay_0.04__dur_0.23.h5
22dd4241-d9f1-4284-8d13-2c89e01d10f4,0.30000000000000004,0.18000000000000002,ab4a70858e,0.0869104415178299,-13.43283582089552,18.820754716981128,0.0,17.91,26,16,0,0.0,3,5.0,9,0.1,/user/raabe14/u19361/workspace-allen/results/zebra/sub-830795_ses-ecephys-830795-2026-02-23-15-03-59_ecephys.nwb/ProbeF/trial_0/phase_0/lib_ab4a70858e/lib_ab4a70858e__delay_0.30000000000000004__dur_0.18000000000000002.h5
2365817c-0b2d-4abf-a909-41b4ff84f4ac,0.03,0.18000000000000002,ab4a70858e,0.15072645246982574,29.55223880597015,20.613207547169807,67.51591472682667,14.32,50,15,3,0.9424777960769379,2,4.0,12,1.3,/user/raabe14/u19361/workspace-allen/results/zebra/sub-830795_ses-ecephys-830795-2026-02-23-15-03-59_ecephys.nwb/ProbeF/trial_0/phase_0/lib_ab4a70858e/lib_ab4a70858e__delay_0.03__dur_0.18000000000000002.h5
244636aa-0b7c-4d96-b09d-8b3c2ea51a39,0.30000000000000004,0.23,ab4a70858e,0.07576047629117966,-15.223880597014926,2.6886792452830193,112.48408527317332,28.65,25,25,5,1.5707963267948966,5,8.0,7,0.08,/user/raabe14/u19361/workspace-allen/results/zebra/sub-830795_ses-ecephys-830795-2026-02-23-15-03-59_ecephys.nwb/ProbeF/trial_0/phase_0/lib_ab4a70858e/lib_ab4a70858e__delay_0.30000000000000004__dur_0.23.h5
244e0b7a-c57e-40fd-91fe-18636ecfa74f,0.01,0.23,ab4a70858e,0.07635001838207245,9.85074626865672,-18.82075471698113,67.51591472682667,7.16,39,37,3,0.9424777960769379,0,2.0,12,1.3,/user/raabe14/u19361/workspace-allen/results/zebra/sub-830795_ses-ecephys-830795-2026-02-23-15-03-59_ecephys.nwb/ProbeF/trial_0/phase_0/lib_ab4a70858e/lib_ab4a70858e__delay_0.01__dur_0.23.h5
24abc62e-9cbf-4ee5-855d-9cab0e3f631d,0.25,0.18000000000000002,ab4a70858e,0.09147956967353821,25.97014925373135,-4.481132075471699,134.9774869247291,28.65,48,29,6,1.8849555921538759,5,8.0,9,0.1,/user/raabe14/u19361/workspace-allen/results/zebra/sub-830795_ses-ecephys-830795-2026-02-23-15-03-59_ecephys.nwb/ProbeF/trial_0/phase_0/lib_ab4a70858e/lib_ab4a70858e__delay_0.25__dur_0.18000000000000002.h5
24aea92b-708d-465d-9442-8951f048fb2f,0.15000000000000002,0.23,ab4a70858e,0.0852017030119896,-0.8955223880596961,-9.858490566037737,180.0,17.91,33,32,8,2.5132741228718345,3,5.0,12,1.3,/user/raabe14/u19361/workspace-allen/results/zebra/sub-830795_ses-ecephys-830795-2026-02-23-15-03-59_ecephys.nwb/ProbeF/trial_0/phase_0/lib_ab4a70858e/lib_ab4a70858e__delay_0.15000000000000002__dur_0.23.h5
24f9ae57-439d-4ad7-a3fe-a0e7a8489178,0.01,0.03,ab4a70858e,0.0,-60.0,47.5,0.0,7.16,0,0,0,0.0,0,2.0,0,0.01,/user/raabe14/u19361/workspace-allen/results/zebra/sub-830795_ses-ecephys-830795-2026-02-23-15-03-59_ecephys.nwb/ProbeF/trial_0/phase_0/lib_ab4a70858e/lib_ab4a70858e__delay_0.01__dur_0.03.h5
2546b51d-db6b-4810-a3b8-54b2d5e2f643,0.01,0.03,ab4a70858e,0.0,-60.0,47.5,0.0,7.16,0,0,0,0.0,0,2.0,0,0.01,/user/raabe14/u19361/workspace-allen/results/zebra/sub-830795_ses-ecephys-830795-2026-02-23-15-03-59_ecephys.nwb/ProbeF/trial_0/phase_0/lib_ab4a70858e/lib_ab4a70858e__delay_0.01__dur_0.03.h5
256f2f76-a23c-4cbb-bc4a-af3402102236,0.30000000000000004,0.23,ab4a70858e,0.07831288874149323,-13.43283582089552,15.235849056603776,45.02251307527088,28.65,26,18,2,0.6283185307179586,5,8.0,3,0.04,/user/raabe14/u19361/workspace-allen/results/zebra/sub-830795_ses-ecephys-830795-2026-02-23-15-03-59_ecephys.nwb/ProbeF/trial_0/phase_0/lib_ab4a70858e/lib_ab4a70858e__delay_0.30000000000000004__dur_0.23.h5
259cb4a0-0534-4fb2-9ae9-fe2129a9e9b4,0.01,0.03,ab4a70858e,0.0,-60.0,47.5,0.0,7.16,0,0,0,0.0,0,2.0,0,0.01,/user/raabe14/u19361/workspace-allen/results/zebra/sub-830795_ses-ecephys-830795-2026-02-23-15-03-59_ecephys.nwb/ProbeF/trial_0/phase_0/lib_ab4a70858e/lib_ab4a70858e__delay_0.01__dur_0.03.h5
27ac474e-6ba4-4acb-84c6-f93f4b3e7eb8,0.30000000000000004,0.13,ab4a70858e,0.07845248281955719,27.761194029850756,4.481132075471699,112.48408527317332,28.65,49,24,5,1.5707963267948966,5,8.0,8,0.09,/user/raabe14/u19361/workspace-allen/results/zebra/sub-830795_ses-ecephys-830795-2026-02-23-15-03-59_ecephys.nwb/ProbeF/trial_0/phase_0/lib_ab4a70858e/lib_ab4a70858e__delay_0.30000000000000004__dur_0.13.h5
27bae207-d7a3-4bd0-a553-55b1aa4678cc,0.01,0.03,ab4a70858e,0.0,-60.0,47.5,0.0,7.16,0,0,0,0.0,0,2.0,0,0.01,/user/raabe14/u19361/workspace-allen/results/zebra/sub-830795_ses-ecephys-830795-2026-02-23-15-03-59_ecephys.nwb/ProbeF/trial_0/phase_0/lib_ab4a70858e/lib_ab4a70858e__delay_0.01__dur_0.03.h5
27c1994e-311f-42cd-8c53-0c494ecdc103,0.08,0.18000000000000002,ab4a70858e,0.14986944198608398,-15.223880597014926,-11.650943396226417,157.4840764271708,28.65,25,33,7,2.199114857512855,5,8.0,12,1.3,/user/raabe14/u19361/workspace-allen/results/zebra/sub-830795_ses-ecephys-830795-2026-02-23-15-03-59_ecephys.nwb/ProbeF/trial_0/phase_0/lib_ab4a70858e/lib_ab4a70858e__delay_0.08__dur_0.18000000000000002.h5
27ecf3cf-b4dc-4e86-b997-e873aac33421,0.01,0.03,ab4a70858e,0.0,-60.0,47.5,0.0,7.16,0,0,0,0.0,0,2.0,0,0.01,/user/raabe14/u19361/workspace-allen/results/zebra/sub-830795_ses-ecephys-830795-2026-02-23-15-03-59_ecephys.nwb/ProbeF/trial_0/phase_0/lib_ab4a70858e/lib_ab4a70858e__delay_0.01__dur_0.03.h5
2884f518-b337-454e-8753-59c75c9660c9,0.01,0.03,ab4a70858e,0.0,-60.0,47.5,0.0,7.16,0,0,0,0.0,0,2.0,0,0.01,/user/raabe14/u19361/workspace-allen/results/zebra/sub-830795_ses-ecephys-830795-2026-02-23-15-03-59_ecephys.nwb/ProbeF/trial_0/phase_0/lib_ab4a70858e/lib_ab4a70858e__delay_0.01__dur_0.03.h5
29759cf7-d6e8-4b58-b5f3-5ddc63b01fad,0.0,0.23,ab4a70858e,0.09299901872873306,-34.92537313432835,-9.858490566037737,112.48408527317332,28.65,14,32,5,1.5707963267948966,5,8.0,9,0.1,/user/raabe14/u19361/workspace-allen/results/zebra/sub-830795_ses-ecephys-830795-2026-02-23-15-03-59_ecephys.nwb/ProbeF/trial_0/phase_0/lib_ab4a70858e/lib_ab4a70858e__delay_0.0__dur_0.23.h5
2af4a53e-4b2f-418e-b3fc-e8f7ce352209,0.30000000000000004,0.23,ab4a70858e,0.09753593057394028,-8.059701492537314,33.160377358490564,0.0,28.65,29,8,0,0.0,5,8.0,4,0.05,/user/raabe14/u19361/workspace-allen/results/zebra/sub-830795_ses-ecephys-830795-2026-02-23-15-03-59_ecephys.nwb/ProbeF/trial_0/phase_0/lib_ab4a70858e/lib_ab4a70858e__delay_0.30000000000000004__dur_0.23.h5
2b6c11dd-f483-4bc4-b6b3-d2d3f885d9d7,0.03,0.18000000000000002,ab4a70858e,0.07605564594268799,9.85074626865672,47.5,112.48408527317332,21.49,39,0,5,1.5707963267948966,4,6.0,11,1.2,/user/raabe14/u19361/workspace-allen/results/zebra/sub-830795_ses-ecephys-830795-2026-02-23-15-03-59_ecephys.nwb/ProbeF/trial_0/phase_0/lib_ab4a70858e/lib_ab4a70858e__delay_0.03__dur_0.18000000000000002.h5
2bd186ab-85ae-44d3-a014-12cc79a22aef,0.08,0.23,ab4a70858e,0.17914457619190216,34.92537313432837,-27.78301886792453,157.4840764271708,10.74,53,42,7,2.199114857512855,1,3.0,12,1.3,/user/raabe14/u19361/workspace-allen/results/zebra/sub-830795_ses-ecephys-830795-2026-02-23-15-03-59_ecephys.nwb/ProbeF/trial_0/phase_0/lib_ab4a70858e/lib_ab4a70858e__delay_0.08__dur_0.23.h5
2d31e035-2c76-489d-a648-0987b1dd0b3d,0.0,0.23,ab4a70858e,0.08419422805309296,-51.04477611940298,0.8962264150943398,157.4840764271708,28.65,5,26,7,2.199114857512855,5,8.0,5,0.06,/user/raabe14/u19361/workspace-allen/results/zebra/sub-830795_ses-ecephys-830795-2026-02-23-15-03-59_ecephys.nwb/ProbeF/trial_0/phase_0/lib_ab4a70858e/lib_ab4a70858e__delay_0.0__dur_0.23.h5
2e1c1a2b-4ea2-41ec-8c38-f280000b33b5,0.1,0.23,ab4a70858e,0.07668792456388474,-54.62686567164179,8.066037735849058,112.48408527317332,7.16,3,22,5,1.5707963267948966,0,2.0,11,1.2,/user/raabe14/u19361/workspace-allen/results/zebra/sub-830795_ses-ecephys-830795-2026-02-23-15-03-59_ecephys.nwb/ProbeF/trial_0/phase_0/lib_ab4a70858e/lib_ab4a70858e__delay_0.1__dur_0.23.h5
2e3f1954-369a-4ffa-847b-b269f75cdab7,0.02,0.23,ab4a70858e,0.08224412053823471,-38.507462686567166,18.820754716981128,112.48408527317332,10.74,12,16,5,1.5707963267948966,1,3.0,11,1.2,/user/raabe14/u19361/workspace-allen/results/zebra/sub-830795_ses-ecephys-830795-2026-02-23-15-03-59_ecephys.nwb/ProbeF/trial_0/phase_0/lib_ab4a70858e/lib_ab4a70858e__delay_0.02__dur_0.23.h5
2fc38107-5508-4875-9732-492a70ba538e,0.09,0.18000000000000002,ab4a70858e,0.07330046594142914,-6.268656716417908,38.5377358490566,112.48408527317332,17.91,30,5,5,1.5707963267948966,3,5.0,9,0.1,/user/raabe14/u19361/workspace-allen/results/zebra/sub-830795_ses-ecephys-830795-2026-02-23-15-03-59_ecephys.nwb/ProbeF/trial_0/phase_0/lib_ab4a70858e/lib_ab4a70858e__delay_0.09__dur_0.18000000000000002.h5
2fd6d545-158a-4108-99ba-bbae5c43f706,0.30000000000000004,0.23,ab4a70858e,0.08640380203723907,-42.089552238805965,-24.19811320754717,180.0,28.65,10,40,8,2.5132741228718345,5,8.0,8,0.09,/user/raabe14/u19361/workspace-allen/results/zebra/sub-830795_ses-ecephys-830795-2026-02-23-15-03-59_ecephys.nwb/ProbeF/trial_0/phase_0/lib_ab4a70858e/lib_ab4a70858e__delay_0.30000000000000004__dur_0.23.h5
301e2ecd-6c80-4155-9b0f-be9df78e5c8c,0.05,0.18000000000000002,ab4a70858e,0.10209117829799652,-4.477611940298509,-0.8962264150943398,67.51591472682667,7.16,31,27,3,0.9424777960769379,0,2.0,12,1.3,/user/raabe14/u19361/workspace-allen/results/zebra/sub-830795_ses-ecephys-830795-2026-02-23-15-03-59_ecephys.nwb/ProbeF/trial_0/phase_0/lib_ab4a70858e/lib_ab4a70858e__delay_0.05__dur_0.18000000000000002.h5
307f0827-ba19-4415-b122-86260352dfba,0.0,0.18000000000000002,ab4a70858e,0.0687294453382492,-47.46268656716418,-17.028301886792452,22.515923572829195,28.65,7,36,1,0.3141592653589793,5,8.0,8,0.09,/user/raabe14/u19361/workspace-allen/results/zebra/sub-830795_ses-ecephys-830795-2026-02-23-15-03-59_ecephys.nwb/ProbeF/trial_0/phase_0/lib_ab4a70858e/lib_ab4a70858e__delay_0.0__dur_0.18000000000000002.h5
310b43e6-4335-4605-ba6f-23482c45676a,0.01,0.13,ab4a70858e,0.07239547371864319,-13.43283582089552,6.273584905660378,90.0,28.65,26,23,4,1.2566370614359172,5,8.0,3,0.04,/user/raabe14/u19361/workspace-allen/results/zebra/sub-830795_ses-ecephys-830795-2026-02-23-15-03-59_ecephys.nwb/ProbeF/trial_0/phase_0/lib_ab4a70858e/lib_ab4a70858e__delay_0.01__dur_0.13.h5
32f1bdd1-6997-47de-89f2-8661ea6eeb1d,0.30000000000000004,0.23,ab4a70858e,0.07146257907152176,6.268656716417908,-34.95283018867924,0.0,7.16,37,46,0,0.0,0,2.0,11,1.2,/user/raabe14/u19361/workspace-allen/results/zebra/sub-830795_ses-ecephys-830795-2026-02-23-15-03-59_ecephys.nwb/ProbeF/trial_0/phase_0/lib_ab4a70858e/lib_ab4a70858e__delay_0.30000000000000004__dur_0.23.h5
33523db1-a46c-4a81-8ae4-a9c50d5d1aab,0.30000000000000004,0.13,ab4a70858e,0.090520478785038,4.477611940298516,6.273584905660378,22.515923572829163,21.49,36,23,9,2.827433388230814,4,6.0,9,0.1,/user/raabe14/u19361/workspace-allen/results/zebra/sub-830795_ses-ecephys-830795-2026-02-23-15-03-59_ecephys.nwb/ProbeF/trial_0/phase_0/lib_ab4a70858e/lib_ab4a70858e__delay_0.30000000000000004__dur_0.13.h5
33798935-adc7-444e-872b-592bcdc48258,0.09,0.23,ab4a70858e,0.08404909819364548,-56.417910447761194,0.8962264150943398,67.51591472682667,14.32,2,26,3,0.9424777960769379,2,4.0,9,0.1,/user/raabe14/u19361/workspace-allen/results/zebra/sub-830795_ses-ecephys-830795-2026-02-23-15-03-59_ecephys.nwb/ProbeF/trial_0/phase_0/lib_ab4a70858e/lib_ab4a70858e__delay_0.09__dur_0.23.h5
3393ec53-1ed0-4bcd-a4f9-d23ca76db515,0.2,0.13,ab4a70858e,0.07304662466049194,-13.43283582089552,-25.99056603773585,45.02251307527088,14.32,26,41,2,0.6283185307179586,2,4.0,12,1.3,/user/raabe14/u19361/workspace-allen/results/zebra/sub-830795_ses-ecephys-830795-2026-02-23-15-03-59_ecephys.nwb/ProbeF/trial_0/phase_0/lib_ab4a70858e/lib_ab4a70858e__delay_0.2__dur_0.13.h5
34a457ab-ee16-4408-ac26-ccf647c35ce6,0.01,0.23,ab4a70858e,0.08296407759189606,-20.59701492537313,-0.8962264150943398,0.0,17.91,22,27,0,0.0,3,5.0,11,1.2,/user/raabe14/u19361/workspace-allen/results/zebra/sub-830795_ses-ecephys-830795-2026-02-23-15-03-59_ecephys.nwb/ProbeF/trial_0/phase_0/lib_ab4a70858e/lib_ab4a70858e__delay_0.01__dur_0.23.h5
34fa5c77-4eb1-42f3-8856-5da33694c47f,0.15000000000000002,0.18000000000000002,ab4a70858e,0.08199537545442581,-25.970149253731343,42.12264150943396,45.02251307527088,21.49,19,3,2,0.6283185307179586,4,6.0,9,0.1,/user/raabe14/u19361/workspace-allen/results/zebra/sub-830795_ses-ecephys-830795-2026-02-23-15-03-59_ecephys.nwb/ProbeF/trial_0/phase_0/lib_ab4a70858e/lib_ab4a70858e__delay_0.15000000000000002__dur_0.18000000000000002.h5
35e447e1-2fc1-4e44-8f51-c82a6b037d94,0.02,0.23,ab4a70858e,0.07837558537721634,17.014925373134332,-18.82075471698113,45.02251307527088,14.32,43,37,2,0.6283185307179586,2,4.0,9,0.1,/user/raabe14/u19361/workspace-allen/results/zebra/sub-830795_ses-ecephys-830795-2026-02-23-15-03-59_ecephys.nwb/ProbeF/trial_0/phase_0/lib_ab4a70858e/lib_ab4a70858e__delay_0.02__dur_0.23.h5
367471e0-800e-427b-9bc6-d3c58c3ec8c6,0.01,0.23,ab4a70858e,0.0807604193687439,-33.134328358208954,31.367924528301884,157.4840764271708,21.49,15,9,7,2.199114857512855,4,6.0,7,0.08,/user/raabe14/u19361/workspace-allen/results/zebra/sub-830795_ses-ecephys-830795-2026-02-23-15-03-59_ecephys.nwb/ProbeF/trial_0/phase_0/lib_ab4a70858e/lib_ab4a70858e__delay_0.01__dur_0.23.h5
367955c8-15fc-4b04-8dcf-bee7d931b58f,0.30000000000000004,0.18000000000000002,ab4a70858e,0.07690014690160751,-6.268656716417908,33.160377358490564,22.515923572829195,17.91,30,8,1,0.3141592653589793,3,5.0,7,0.08,/user/raabe14/u19361/workspace-allen/results/zebra/sub-830795_ses-ecephys-830795-2026-02-23-15-03-59_ecephys.nwb/ProbeF/trial_0/phase_0/lib_ab4a70858e/lib_ab4a70858e__delay_0.30000000000000004__dur_0.18000000000000002.h5
3799721b-9e2b-4608-8634-ce044f512a48,0.25,0.23,ab4a70858e,0.07228504121303558,6.268656716417908,-25.99056603773585,90.0,17.91,37,41,4,1.2566370614359172,3,5.0,8,0.09,/user/raabe14/u19361/workspace-allen/results/zebra/sub-830795_ses-ecephys-830795-2026-02-23-15-03-59_ecephys.nwb/ProbeF/trial_0/phase_0/lib_ab4a70858e/lib_ab4a70858e__delay_0.25__dur_0.23.h5
37af9dc3-cc61-45d0-930d-86a4d96859b1,0.2,0.23,ab4a70858e,0.09329641610383987,13.43283582089552,20.613207547169807,157.4840764271708,10.74,41,15,7,2.199114857512855,1,3.0,12,1.3,/user/raabe14/u19361/workspace-allen/results/zebra/sub-830795_ses-ecephys-830795-2026-02-23-15-03-59_ecephys.nwb/ProbeF/trial_0/phase_0/lib_ab4a70858e/lib_ab4a70858e__delay_0.2__dur_0.23.h5
37c2a37d-c023-4f7e-b266-ddb4b15be406,0.25,0.18000000000000002,ab4a70858e,0.07292938232421875,-20.59701492537313,9.858490566037737,112.48408527317332,21.49,22,21,5,1.5707963267948966,4,6.0,9,0.1,/user/raabe14/u19361/workspace-allen/results/zebra/sub-830795_ses-ecephys-830795-2026-02-23-15-03-59_ecephys.nwb/ProbeF/trial_0/phase_0/lib_ab4a70858e/lib_ab4a70858e__delay_0.25__dur_0.18000000000000002.h5
37e8c3e6-3ec0-4386-814e-3d2001507804,0.2,0.18000000000000002,ab4a70858e,0.09315813332796097,-25.970149253731343,15.235849056603776,67.51591472682667,10.74,19,18,3,0.9424777960769379,1,3.0,12,1.3,/user/raabe14/u19361/workspace-allen/results/zebra/sub-830795_ses-ecephys-830795-2026-02-23-15-03-59_ecephys.nwb/ProbeF/trial_0/phase_0/lib_ab4a70858e/lib_ab4a70858e__delay_0.2__dur_0.18000000000000002.h5
38cd2f4a-cf3c-4ec9-8a33-65e4e79384e7,0.15000000000000002,0.23,ab4a70858e,0.08356846868991852,-9.850746268656714,47.5,112.48408527317332,17.91,28,0,5,1.5707963267948966,3,5.0,11,1.2,/user/raabe14/u19361/workspace-allen/results/zebra/sub-830795_ses-ecephys-830795-2026-02-23-15-03-59_ecephys.nwb/ProbeF/trial_0/phase_0/lib_ab4a70858e/lib_ab4a70858e__delay_0.15000000000000002__dur_0.23.h5
38e97338-ba46-44b0-821c-9f3f35a0e448,0.1,0.18000000000000002,ab4a70858e,0.08929253369569778,-40.298507462686565,-4.481132075471699,0.0,10.74,11,29,0,0.0,1,3.0,11,1.2,/user/raabe14/u19361/workspace-allen/results/zebra/sub-830795_ses-ecephys-830795-2026-02-23-15-03-59_ecephys.nwb/ProbeF/trial_0/phase_0/lib_ab4a70858e/lib_ab4a70858e__delay_0.1__dur_0.18000000000000002.h5
392c3b57-c018-468d-ac37-b9eafa8a2461,0.1,0.23,ab4a70858e,0.07755919545888901,13.43283582089552,-40.33018867924528,45.02251307527088,28.65,41,49,2,0.6283185307179586,5,8.0,9,0.1,/user/raabe14/u19361/workspace-allen/results/zebra/sub-830795_ses-ecephys-830795-2026-02-23-15-03-59_ecephys.nwb/ProbeF/trial_0/phase_0/lib_ab4a70858e/lib_ab4a70858e__delay_0.1__dur_0.23.h5
3a0dda4e-3f47-4064-80dc-70fb1fba9952,0.01,0.03,ab4a70858e,0.0,-60.0,47.5,0.0,7.16,0,0,0,0.0,0,2.0,0,0.01,/user/raabe14/u19361/workspace-allen/results/zebra/sub-830795_ses-ecephys-830795-2026-02-23-15-03-59_ecephys.nwb/ProbeF/trial_0/phase_0/lib_ab4a70858e/lib_ab4a70858e__delay_0.01__dur_0.03.h5
3a10fb8f-8f77-4fcb-9077-d00720edc76d,0.2,0.13,ab4a70858e,0.07888691872358322,2.6865671641791096,-45.70754716981132,180.0,14.32,35,52,8,2.5132741228718345,2,4.0,9,0.1,/user/raabe14/u19361/workspace-allen/results/zebra/sub-830795_ses-ecephys-830795-2026-02-23-15-03-59_ecephys.nwb/ProbeF/trial_0/phase_0/lib_ab4a70858e/lib_ab4a70858e__delay_0.2__dur_0.13.h5
3a35e36b-4a8f-4a4e-aa5e-d8ed79d8b586,0.25,0.13,ab4a70858e,0.08727149665355682,-20.59701492537313,18.820754716981128,22.515923572829163,14.32,22,16,9,2.827433388230814,2,4.0,5,0.06,/user/raabe14/u19361/workspace-allen/results/zebra/sub-830795_ses-ecephys-830795-2026-02-23-15-03-59_ecephys.nwb/ProbeF/trial_0/phase_0/lib_ab4a70858e/lib_ab4a70858e__delay_0.25__dur_0.13.h5
3ad347a5-ccb3-4eb0-9782-c8afb8fa86d6,0.1,0.18000000000000002,ab4a70858e,0.0807952955365181,47.462686567164184,-24.19811320754717,112.48408527317332,21.49,60,40,5,1.5707963267948966,4,6.0,9,0.1,/user/raabe14/u19361/workspace-allen/results/zebra/sub-830795_ses-ecephys-830795-2026-02-23-15-03-59_ecephys.nwb/ProbeF/trial_0/phase_0/lib_ab4a70858e/lib_ab4a70858e__delay_0.1__dur_0.18000000000000002.h5
3afe0ae6-2764-4fdb-9f27-2c0e88a1c596,0.05,0.23,ab4a70858e,0.07854993641376495,-24.179104477611936,4.481132075471699,157.4840764271708,21.49,20,24,7,2.199114857512855,4,6.0,12,1.3,/user/raabe14/u19361/workspace-allen/results/zebra/sub-830795_ses-ecephys-830795-2026-02-23-15-03-59_ecephys.nwb/ProbeF/trial_0/phase_0/lib_ab4a70858e/lib_ab4a70858e__delay_0.05__dur_0.23.h5
3b2dd93b-f241-4f9b-a5bf-b90e7b13d3ff,0.1,0.23,ab4a70858e,0.08623528480529785,13.43283582089552,-6.273584905660378,0.0,21.49,41,30,0,0.0,4,6.0,6,0.07,/user/raabe14/u19361/workspace-allen/results/zebra/sub-830795_ses-ecephys-830795-2026-02-23-15-03-59_ecephys.nwb/ProbeF/trial_0/phase_0/lib_ab4a70858e/lib_ab4a70858e__delay_0.1__dur_0.23.h5
3bf28398-8ae1-4b31-aef5-df650876d374,0.09,0.23,ab4a70858e,0.08396001160144806,-20.59701492537313,4.481132075471699,67.51591472682667,14.32,22,24,3,0.9424777960769379,2,4.0,9,0.1,/user/raabe14/u19361/workspace-allen/results/zebra/sub-830795_ses-ecephys-830795-2026-02-23-15-03-59_ecephys.nwb/ProbeF/trial_0/phase_0/lib_ab4a70858e/lib_ab4a70858e__delay_0.09__dur_0.23.h5
3c57eef9-7b5d-4e60-b6b9-e875e73883c7,0.30000000000000004,0.18000000000000002,ab4a70858e,0.06552769243717194,8.059701492537314,31.367924528301884,45.02251307527088,28.65,38,9,2,0.6283185307179586,5,8.0,8,0.09,/user/raabe14/u19361/workspace-allen/results/zebra/sub-830795_ses-ecephys-830795-2026-02-23-15-03-59_ecephys.nwb/ProbeF/trial_0/phase_0/lib_ab4a70858e/lib_ab4a70858e__delay_0.30000000000000004__dur_0.18000000000000002.h5
3c9c0877-ca6c-45d6-853b-62d54d3f9ad2,0.0,0.13,ab4a70858e,0.07561211287975311,-56.417910447761194,25.990566037735846,157.4840764271708,21.49,2,12,7,2.199114857512855,4,6.0,9,0.1,/user/raabe14/u19361/workspace-allen/results/zebra/sub-830795_ses-ecephys-830795-2026-02-23-15-03-59_ecephys.nwb/ProbeF/trial_0/phase_0/lib_ab4a70858e/lib_ab4a70858e__delay_0.0__dur_0.13.h5
3cc6c591-200d-444a-ae7f-579131c80549,0.30000000000000004,0.23,ab4a70858e,0.08413299173116684,-51.04477611940298,-17.028301886792452,112.48408527317332,28.65,5,36,5,1.5707963267948966,5,8.0,7,0.08,/user/raabe14/u19361/workspace-allen/results/zebra/sub-830795_ses-ecephys-830795-2026-02-23-15-03-59_ecephys.nwb/ProbeF/trial_0/phase_0/lib_ab4a70858e/lib_ab4a70858e__delay_0.30000000000000004__dur_0.23.h5
3d31a683-7bf6-427e-b327-35a1ad5bef16,0.01,0.03,ab4a70858e,0.0,-60.0,47.5,0.0,7.16,0,0,0,0.0,0,2.0,0,0.01,/user/raabe14/u19361/workspace-allen/results/zebra/sub-830795_ses-ecephys-830795-2026-02-23-15-03-59_ecephys.nwb/ProbeF/trial_0/phase_0/lib_ab4a70858e/lib_ab4a70858e__delay_0.01__dur_0.03.h5
3df16c83-27f5-4a8b-8583-a3930a2c1977,0.15000000000000002,0.23,ab4a70858e,0.08180169761180878,-15.223880597014926,11.650943396226417,112.48408527317332,21.49,25,20,5,1.5707963267948966,4,6.0,11,1.2,/user/raabe14/u19361/workspace-allen/results/zebra/sub-830795_ses-ecephys-830795-2026-02-23-15-03-59_ecephys.nwb/ProbeF/trial_0/phase_0/lib_ab4a70858e/lib_ab4a70858e__delay_0.15000000000000002__dur_0.23.h5
3e2f131c-596c-440a-b360-e45dc973dc1d,0.03,0.23,ab4a70858e,0.08222466707229614,56.4179104477612,9.858490566037737,180.0,7.16,65,21,8,2.5132741228718345,0,2.0,12,1.3,/user/raabe14/u19361/workspace-allen/results/zebra/sub-830795_ses-ecephys-830795-2026-02-23-15-03-59_ecephys.nwb/ProbeF/trial_0/phase_0/lib_ab4a70858e/lib_ab4a70858e__delay_0.03__dur_0.23.h5
3e82f3da-af83-4f75-911d-71b45108d12b,0.25,0.18000000000000002,ab4a70858e,0.07050547748804092,-24.179104477611936,-2.6886792452830193,67.51591472682667,10.74,20,28,3,0.9424777960769379,1,3.0,9,0.1,/user/raabe14/u19361/workspace-allen/results/zebra/sub-830795_ses-ecephys-830795-2026-02-23-15-03-59_ecephys.nwb/ProbeF/trial_0/phase_0/lib_ab4a70858e/lib_ab4a70858e__delay_0.25__dur_0.18000000000000002.h5
3f844b1a-e3b9-4b61-9697-97941bf1532b,0.30000000000000004,0.13,ab4a70858e,0.0837961807847023,-2.6865671641791025,33.160377358490564,112.48408527317332,10.74,32,8,5,1.5707963267948966,1,3.0,11,1.2,/user/raabe14/u19361/workspace-allen/results/zebra/sub-830795_ses-ecephys-830795-2026-02-23-15-03-59_ecephys.nwb/ProbeF/trial_0/phase_0/lib_ab4a70858e/lib_ab4a70858e__delay_0.30000000000000004__dur_0.13.h5
4004e302-922c-45ff-a371-41020fdabea3,0.25,0.23,ab4a70858e,0.07501756399869919,-8.059701492537314,-33.160377358490564,112.48408527317332,17.91,29,45,5,1.5707963267948966,3,5.0,9,0.1,/user/raabe14/u19361/workspace-allen/results/zebra/sub-830795_ses-ecephys-830795-2026-02-23-15-03-59_ecephys.nwb/ProbeF/trial_0/phase_0/lib_ab4a70858e/lib_ab4a70858e__delay_0.25__dur_0.23.h5
403dddd9-00d5-427d-b11e-9d166809a775,0.02,0.23,ab4a70858e,0.07428239285945892,-24.179104477611936,-9.858490566037737,0.0,14.32,20,32,0,0.0,2,4.0,9,0.1,/user/raabe14/u19361/workspace-allen/results/zebra/sub-830795_ses-ecephys-830795-2026-02-23-15-03-59_ecephys.nwb/ProbeF/trial_0/phase_0/lib_ab4a70858e/lib_ab4a70858e__delay_0.02__dur_0.23.h5
405225ab-7ed9-41ef-a87d-3a1be9f03157,0.30000000000000004,0.18000000000000002,ab4a70858e,0.08080606162548065,-17.014925373134325,-34.95283018867924,134.9774869247291,14.32,24,46,6,1.8849555921538759,2,4.0,9,0.1,/user/raabe14/u19361/workspace-allen/results/zebra/sub-830795_ses-ecephys-830795-2026-02-23-15-03-59_ecephys.nwb/ProbeF/trial_0/phase_0/lib_ab4a70858e/lib_ab4a70858e__delay_0.30000000000000004__dur_0.18000000000000002.h5
409fe5ef-f3b6-4e20-b466-3c47a75cda23,0.05,0.08,ab4a70858e,0.0907498225569725,-15.223880597014926,-0.8962264150943398,0.0,14.32,25,27,0,0.0,2,4.0,11,1.2,/user/raabe14/u19361/workspace-allen/results/zebra/sub-830795_ses-ecephys-830795-2026-02-23-15-03-59_ecephys.nwb/ProbeF/trial_0/phase_0/lib_ab4a70858e/lib_ab4a70858e__delay_0.05__dur_0.08.h5
41d290ae-5ef8-4068-9307-d75b15969b1e,0.15000000000000002,0.18000000000000002,ab4a70858e,0.07856488227844238,-2.6865671641791025,-17.028301886792452,67.51591472682667,21.49,32,36,3,0.9424777960769379,4,6.0,9,0.1,/user/raabe14/u19361/workspace-allen/results/zebra/sub-830795_ses-ecephys-830795-2026-02-23-15-03-59_ecephys.nwb/ProbeF/trial_0/phase_0/lib_ab4a70858e/lib_ab4a70858e__delay_0.15000000000000002__dur_0.18000000000000002.h5
41efd446-32ff-4f0f-929f-bbda43956387,0.25,0.23,ab4a70858e,0.07667580991983414,-24.179104477611936,-0.8962264150943398,22.515923572829163,10.74,20,27,9,2.827433388230814,1,3.0,6,0.07,/user/raabe14/u19361/workspace-allen/results/zebra/sub-830795_ses-ecephys-830795-2026-02-23-15-03-59_ecephys.nwb/ProbeF/trial_0/phase_0/lib_ab4a70858e/lib_ab4a70858e__delay_0.25__dur_0.23.h5
42c98fd4-3b57-4084-8610-0313e2bfbacd,0.30000000000000004,0.18000000000000002,ab4a70858e,0.11129105091094971,-20.59701492537313,43.91509433962264,157.4840764271708,7.16,22,2,7,2.199114857512855,0,2.0,12,1.3,/user/raabe14/u19361/workspace-allen/results/zebra/sub-830795_ses-ecephys-830795-2026-02-23-15-03-59_ecephys.nwb/ProbeF/trial_0/phase_0/lib_ab4a70858e/lib_ab4a70858e__delay_0.30000000000000004__dur_0.18000000000000002.h5
435817b4-b9f0-4cce-82ea-d05dcf290e89,0.06,0.08,ab4a70858e,0.15576422214508057,8.059701492537314,-24.19811320754717,67.51591472682667,14.32,38,40,3,0.9424777960769379,2,4.0,12,1.3,/user/raabe14/u19361/workspace-allen/results/zebra/sub-830795_ses-ecephys-830795-2026-02-23-15-03-59_ecephys.nwb/ProbeF/trial_0/phase_0/lib_ab4a70858e/lib_ab4a70858e__delay_0.06__dur_0.08.h5
44971c88-237a-471b-9962-3943c84010bc,0.15000000000000002,0.18000000000000002,ab4a70858e,0.0823698341846466,43.88059701492537,18.820754716981128,180.0,17.91,58,16,8,2.5132741228718345,3,5.0,9,0.1,/user/raabe14/u19361/workspace-allen/results/zebra/sub-830795_ses-ecephys-830795-2026-02-23-15-03-59_ecephys.nwb/ProbeF/trial_0/phase_0/lib_ab4a70858e/lib_ab4a70858e__delay_0.15000000000000002__dur_0.18000000000000002.h5
45924edd-3ab6-4d7c-8738-8c52217a89bd,0.05,0.18000000000000002,ab4a70858e,0.07395289093255997,-20.59701492537313,-43.91509433962264,157.4840764271708,21.49,22,51,7,2.199114857512855,4,6.0,9,0.1,/user/raabe14/u19361/workspace-allen/results/zebra/sub-830795_ses-ecephys-830795-2026-02-23-15-03-59_ecephys.nwb/ProbeF/trial_0/phase_0/lib_ab4a70858e/lib_ab4a70858e__delay_0.05__dur_0.18000000000000002.h5
45b20696-0703-46e1-a668-93e35e9e4321,0.01,0.03,ab4a70858e,0.0,-60.0,47.5,0.0,7.16,0,0,0,0.0,0,2.0,0,0.01,/user/raabe14/u19361/workspace-allen/results/zebra/sub-830795_ses-ecephys-830795-2026-02-23-15-03-59_ecephys.nwb/ProbeF/trial_0/phase_0/lib_ab4a70858e/lib_ab4a70858e__delay_0.01__dur_0.03.h5
45fb3b85-823a-4861-b7a0-76fe8a83dfad,0.0,0.23,ab4a70858e,0.06921832263469696,-4.477611940298509,-6.273584905660378,180.0,17.91,31,30,8,2.5132741228718345,3,5.0,12,1.3,/user/raabe14/u19361/workspace-allen/results/zebra/sub-830795_ses-ecephys-830795-2026-02-23-15-03-59_ecephys.nwb/ProbeF/trial_0/phase_0/lib_ab4a70858e/lib_ab4a70858e__delay_0.0__dur_0.23.h5
468eec78-5fb3-4c08-9d74-8d42d6de0e40,0.01,0.03,ab4a70858e,0.0,-60.0,47.5,0.0,7.16,0,0,0,0.0,0,2.0,0,0.01,/user/raabe14/u19361/workspace-allen/results/zebra/sub-830795_ses-ecephys-830795-2026-02-23-15-03-59_ecephys.nwb/ProbeF/trial_0/phase_0/lib_ab4a70858e/lib_ab4a70858e__delay_0.01__dur_0.03.h5
4694af6d-a603-47b2-8d0e-96e23ea9f9c3,0.2,0.13,ab4a70858e,0.06782330572605133,24.179104477611943,-24.19811320754717,112.48408527317332,14.32,47,40,5,1.5707963267948966,2,4.0,7,0.08,/user/raabe14/u19361/workspace-allen/results/zebra/sub-830795_ses-ecephys-830795-2026-02-23-15-03-59_ecephys.nwb/ProbeF/trial_0/phase_0/lib_ab4a70858e/lib_ab4a70858e__delay_0.2__dur_0.13.h5
46f1a3b2-862e-4943-8a30-72abb0c2b21a,0.09,0.23,ab4a70858e,0.08920960873365402,-2.6865671641791025,15.235849056603776,45.02251307527088,21.49,32,18,2,0.6283185307179586,4,6.0,9,0.1,/user/raabe14/u19361/workspace-allen/results/zebra/sub-830795_ses-ecephys-830795-2026-02-23-15-03-59_ecephys.nwb/ProbeF/trial_0/phase_0/lib_ab4a70858e/lib_ab4a70858e__delay_0.09__dur_0.23.h5
474ba720-3cff-4fde-961a-76115133a017,0.01,0.03,ab4a70858e,0.0,-60.0,47.5,0.0,7.16,0,0,0,0.0,0,2.0,0,0.01,/user/raabe14/u19361/workspace-allen/results/zebra/sub-830795_ses-ecephys-830795-2026-02-23-15-03-59_ecephys.nwb/ProbeF/trial_0/phase_0/lib_ab4a70858e/lib_ab4a70858e__delay_0.01__dur_0.03.h5
48082bb3-2c84-4f7c-a014-9b8b4109cc89,0.06,0.08,ab4a70858e,0.15576422214508057,8.059701492537314,-24.19811320754717,67.51591472682667,14.32,38,40,3,0.9424777960769379,2,4.0,12,1.3,/user/raabe14/u19361/workspace-allen/results/zebra/sub-830795_ses-ecephys-830795-2026-02-23-15-03-59_ecephys.nwb/ProbeF/trial_0/phase_0/lib_ab4a70858e/lib_ab4a70858e__delay_0.06__dur_0.08.h5
490a485a-ff16-40ab-848a-1370875d6aa0,0.04,0.13,ab4a70858e,0.07440470904111862,-0.8955223880596961,31.367924528301884,22.515923572829195,17.91,33,9,1,0.3141592653589793,3,5.0,8,0.09,/user/raabe14/u19361/workspace-allen/results/zebra/sub-830795_ses-ecephys-830795-2026-02-23-15-03-59_ecephys.nwb/ProbeF/trial_0/phase_0/lib_ab4a70858e/lib_ab4a70858e__delay_0.04__dur_0.13.h5
49c4ac12-d600-467f-899c-12aec214ddd6,0.01,0.08,ab4a70858e,0.0743231326341629,4.477611940298516,0.8962264150943398,134.9774869247291,14.32,36,26,6,1.8849555921538759,2,4.0,9,0.1,/user/raabe14/u19361/workspace-allen/results/zebra/sub-830795_ses-ecephys-830795-2026-02-23-15-03-59_ecephys.nwb/ProbeF/trial_0/phase_0/lib_ab4a70858e/lib_ab4a70858e__delay_0.01__dur_0.08.h5
4a4d85e8-e6c5-4387-b072-2e3ba223ab0b,0.0,0.13,ab4a70858e,0.09675569087266922,-24.179104477611936,42.12264150943396,45.02251307527088,10.74,20,3,2,0.6283185307179586,1,3.0,12,1.3,/user/raabe14/u19361/workspace-allen/results/zebra/sub-830795_ses-ecephys-830795-2026-02-23-15-03-59_ecephys.nwb/ProbeF/trial_0/phase_0/lib_ab4a70858e/lib_ab4a70858e__delay_0.0__dur_0.13.h5
4a7358b4-1e97-484a-ace7-c1548ecaed79,0.01,0.23,ab4a70858e,0.08510229736566544,-4.477611940298509,-17.028301886792452,22.515923572829195,21.49,31,36,1,0.3141592653589793,4,6.0,2,0.03,/user/raabe14/u19361/workspace-allen/results/zebra/sub-830795_ses-ecephys-830795-2026-02-23-15-03-59_ecephys.nwb/ProbeF/trial_0/phase_0/lib_ab4a70858e/lib_ab4a70858e__delay_0.01__dur_0.23.h5
4ad90989-45e1-4ed7-a106-a4d588c8c44c,0.15000000000000002,0.13,ab4a70858e,0.07382864505052567,-47.46268656716418,-27.78301886792453,22.515923572829163,28.65,7,42,9,2.827433388230814,5,8.0,7,0.08,/user/raabe14/u19361/workspace-allen/results/zebra/sub-830795_ses-ecephys-830795-2026-02-23-15-03-59_ecephys.nwb/ProbeF/trial_0/phase_0/lib_ab4a70858e/lib_ab4a70858e__delay_0.15000000000000002__dur_0.13.h5
4b1c997a-d7b6-40d1-b735-a14c27803c6d,0.2,0.23,ab4a70858e,0.07958053797483444,29.55223880597015,6.273584905660378,67.51591472682667,28.65,50,23,3,0.9424777960769379,5,8.0,9,0.1,/user/raabe14/u19361/workspace-allen/results/zebra/sub-830795_ses-ecephys-830795-2026-02-23-15-03-59_ecephys.nwb/ProbeF/trial_0/phase_0/lib_ab4a70858e/lib_ab4a70858e__delay_0.2__dur_0.23.h5
4b4710a2-0887-4f1d-8ef5-360c3dbfe2cc,0.01,0.03,ab4a70858e,0.0,-60.0,47.5,0.0,7.16,0,0,0,0.0,0,2.0,0,0.01,/user/raabe14/u19361/workspace-allen/results/zebra/sub-830795_ses-ecephys-830795-2026-02-23-15-03-59_ecephys.nwb/ProbeF/trial_0/phase_0/lib_ab4a70858e/lib_ab4a70858e__delay_0.01__dur_0.03.h5
4b823938-a88f-414f-bcaa-158a2d664a1f,0.1,0.18000000000000002,ab4a70858e,0.07417993992567062,-18.80597014925373,-2.6886792452830193,22.515923572829163,14.32,23,28,9,2.827433388230814,2,4.0,9,0.1,/user/raabe14/u19361/workspace-allen/results/zebra/sub-830795_ses-ecephys-830795-2026-02-23-15-03-59_ecephys.nwb/ProbeF/trial_0/phase_0/lib_ab4a70858e/lib_ab4a70858e__delay_0.1__dur_0.18000000000000002.h5
4bcd3156-dcfa-4e6b-95c3-c724dd485704,0.15000000000000002,0.23,ab4a70858e,0.11702331900596619,20.59701492537313,-22.40566037735849,45.02251307527088,14.32,45,39,2,0.6283185307179586,2,4.0,9,0.1,/user/raabe14/u19361/workspace-allen/results/zebra/sub-830795_ses-ecephys-830795-2026-02-23-15-03-59_ecephys.nwb/ProbeF/trial_0/phase_0/lib_ab4a70858e/lib_ab4a70858e__delay_0.15000000000000002__dur_0.23.h5
4c3ba134-405b-46d2-a267-1acd4c9903d0,0.09,0.23,ab4a70858e,0.07950011640787125,-52.83582089552239,25.990566037735846,180.0,7.16,4,12,8,2.5132741228718345,0,2.0,12,1.3,/user/raabe14/u19361/workspace-allen/results/zebra/sub-830795_ses-ecephys-830795-2026-02-23-15-03-59_ecephys.nwb/ProbeF/trial_0/phase_0/lib_ab4a70858e/lib_ab4a70858e__delay_0.09__dur_0.23.h5
4c7936d6-88c5-4d52-9343-0e868028629d,0.01,0.03,ab4a70858e,0.0,-60.0,47.5,0.0,7.16,0,0,0,0.0,0,2.0,0,0.01,/user/raabe14/u19361/workspace-allen/results/zebra/sub-830795_ses-ecephys-830795-2026-02-23-15-03-59_ecephys.nwb/ProbeF/trial_0/phase_0/lib_ab4a70858e/lib_ab4a70858e__delay_0.01__dur_0.03.h5
4c9d6828-9f1e-4e42-97e3-0822f4e1af2f,0.1,0.13,ab4a70858e,0.07616134732961655,-6.268656716417908,42.12264150943396,0.0,17.91,30,3,0,0.0,3,5.0,11,1.2,/user/raabe14/u19361/workspace-allen/results/zebra/sub-830795_ses-ecephys-830795-2026-02-23-15-03-59_ecephys.nwb/ProbeF/trial_0/phase_0/lib_ab4a70858e/lib_ab4a70858e__delay_0.1__dur_0.13.h5
4e08da71-7916-4191-988b-9256d8a0519e,0.09,0.18000000000000002,ab4a70858e,0.09241079539060593,-4.477611940298509,-8.066037735849058,112.48408527317332,14.32,31,31,5,1.5707963267948966,2,4.0,9,0.1,/user/raabe14/u19361/workspace-allen/results/zebra/sub-830795_ses-ecephys-830795-2026-02-23-15-03-59_ecephys.nwb/ProbeF/trial_0/phase_0/lib_ab4a70858e/lib_ab4a70858e__delay_0.09__dur_0.18000000000000002.h5
4e2ede16-24b4-4a2c-b91b-94735017d3b0,0.30000000000000004,0.23,ab4a70858e,0.09592551738023758,-2.6865671641791025,-24.19811320754717,0.0,17.91,32,40,0,0.0,3,5.0,11,1.2,/user/raabe14/u19361/workspace-allen/results/zebra/sub-830795_ses-ecephys-830795-2026-02-23-15-03-59_ecephys.nwb/ProbeF/trial_0/phase_0/lib_ab4a70858e/lib_ab4a70858e__delay_0.30000000000000004__dur_0.23.h5
4e6b1214-4696-4914-b348-dfc0aa89acf0,0.0,0.18000000000000002,ab4a70858e,0.06743720918893814,56.4179104477612,-25.99056603773585,180.0,7.16,65,41,8,2.5132741228718345,0,2.0,12,1.3,/user/raabe14/u19361/workspace-allen/results/zebra/sub-830795_ses-ecephys-830795-2026-02-23-15-03-59_ecephys.nwb/ProbeF/trial_0/phase_0/lib_ab4a70858e/lib_ab4a70858e__delay_0.0__dur_0.18000000000000002.h5
4e8b589b-ad03-4282-9894-6add8778cabf,0.01,0.13,ab4a70858e,0.07240509986877441,-20.59701492537313,-0.8962264150943398,90.0,17.91,22,27,4,1.2566370614359172,3,5.0,10,1.1,/user/raabe14/u19361/workspace-allen/results/zebra/sub-830795_ses-ecephys-830795-2026-02-23-15-03-59_ecephys.nwb/ProbeF/trial_0/phase_0/lib_ab4a70858e/lib_ab4a70858e__delay_0.01__dur_0.13.h5
4e93488b-b032-4f49-8270-6f7d40e6029b,0.01,0.03,ab4a70858e,0.0,-60.0,47.5,0.0,7.16,0,0,0,0.0,0,2.0,0,0.01,/user/raabe14/u19361/workspace-allen/results/zebra/sub-830795_ses-ecephys-830795-2026-02-23-15-03-59_ecephys.nwb/ProbeF/trial_0/phase_0/lib_ab4a70858e/lib_ab4a70858e__delay_0.01__dur_0.03.h5
4fe8d515-9677-4987-bb6e-925d9dc06957,0.2,0.23,ab4a70858e,0.08205393701791763,-2.6865671641791025,2.6886792452830193,180.0,21.49,32,25,8,2.5132741228718345,4,6.0,12,1.3,/user/raabe14/u19361/workspace-allen/results/zebra/sub-830795_ses-ecephys-830795-2026-02-23-15-03-59_ecephys.nwb/ProbeF/trial_0/phase_0/lib_ab4a70858e/lib_ab4a70858e__delay_0.2__dur_0.23.h5
501035ba-c99e-446a-bc14-b1a98ce79507,0.0,0.13,ab4a70858e,0.07195132970809937,36.71641791044776,-40.33018867924528,0.0,14.32,54,49,0,0.0,2,4.0,1,0.02,/user/raabe14/u19361/workspace-allen/results/zebra/sub-830795_ses-ecephys-830795-2026-02-23-15-03-59_ecephys.nwb/ProbeF/trial_0/phase_0/lib_ab4a70858e/lib_ab4a70858e__delay_0.0__dur_0.13.h5
5063a63c-837a-42a0-8a3d-56f84e491b12,0.05,0.23,ab4a70858e,0.08758486807346344,-47.46268656716418,-38.5377358490566,134.9774869247291,17.91,7,48,6,1.8849555921538759,3,5.0,9,0.1,/user/raabe14/u19361/workspace-allen/results/zebra/sub-830795_ses-ecephys-830795-2026-02-23-15-03-59_ecephys.nwb/ProbeF/trial_0/phase_0/lib_ab4a70858e/lib_ab4a70858e__delay_0.05__dur_0.23.h5
5064e187-db19-4581-a691-429217543f01,0.0,0.18000000000000002,ab4a70858e,0.07481840997934341,38.507462686567166,25.990566037735846,157.4840764271708,21.49,55,12,7,2.199114857512855,4,6.0,9,0.1,/user/raabe14/u19361/workspace-allen/results/zebra/sub-830795_ses-ecephys-830795-2026-02-23-15-03-59_ecephys.nwb/ProbeF/trial_0/phase_0/lib_ab4a70858e/lib_ab4a70858e__delay_0.0__dur_0.18000000000000002.h5
50a472b7-f0dc-419e-ae46-77c7f25801cb,0.09,0.23,ab4a70858e,0.0778803676366806,-22.388059701492537,0.8962264150943398,112.48408527317332,10.74,21,26,5,1.5707963267948966,1,3.0,9,0.1,/user/raabe14/u19361/workspace-allen/results/zebra/sub-830795_ses-ecephys-830795-2026-02-23-15-03-59_ecephys.nwb/ProbeF/trial_0/phase_0/lib_ab4a70858e/lib_ab4a70858e__delay_0.09__dur_0.23.h5
50a4d1e8-8dcf-47bb-95e8-e599025cd2c3,0.01,0.03,ab4a70858e,0.0,-60.0,47.5,0.0,7.16,0,0,0,0.0,0,2.0,0,0.01,/user/raabe14/u19361/workspace-allen/results/zebra/sub-830795_ses-ecephys-830795-2026-02-23-15-03-59_ecephys.nwb/ProbeF/trial_0/phase_0/lib_ab4a70858e/lib_ab4a70858e__delay_0.01__dur_0.03.h5
50b04352-7f4e-4e74-8041-4858c96b4507,0.30000000000000004,0.18000000000000002,ab4a70858e,0.08179683983325958,36.71641791044776,2.6886792452830193,134.9774869247291,28.65,54,25,6,1.8849555921538759,5,8.0,7,0.08,/user/raabe14/u19361/workspace-allen/results/zebra/sub-830795_ses-ecephys-830795-2026-02-23-15-03-59_ecephys.nwb/ProbeF/trial_0/phase_0/lib_ab4a70858e/lib_ab4a70858e__delay_0.30000000000000004__dur_0.18000000000000002.h5
50d07264-d06b-4865-b49c-4d6dc9737c0f,0.25,0.23,ab4a70858e,0.10510604828596115,-17.014925373134325,-11.650943396226417,157.4840764271708,21.49,24,33,7,2.199114857512855,4,6.0,12,1.3,/user/raabe14/u19361/workspace-allen/results/zebra/sub-830795_ses-ecephys-830795-2026-02-23-15-03-59_ecephys.nwb/ProbeF/trial_0/phase_0/lib_ab4a70858e/lib_ab4a70858e__delay_0.25__dur_0.23.h5
51121ee0-a8b3-4cd6-85f9-542e3022fbd4,0.01,0.03,ab4a70858e,0.0,-60.0,47.5,0.0,7.16,0,0,0,0.0,0,2.0,0,0.01,/user/raabe14/u19361/workspace-allen/results/zebra/sub-830795_ses-ecephys-830795-2026-02-23-15-03-59_ecephys.nwb/ProbeF/trial_0/phase_0/lib_ab4a70858e/lib_ab4a70858e__delay_0.01__dur_0.03.h5
5124453e-65ba-44cc-9231-ff1c2f3a4d44,0.02,0.18000000000000002,ab4a70858e,0.07264509797096252,-11.64179104477612,4.481132075471699,45.02251307527088,10.74,27,24,2,0.6283185307179586,1,3.0,11,1.2,/user/raabe14/u19361/workspace-allen/results/zebra/sub-830795_ses-ecephys-830795-2026-02-23-15-03-59_ecephys.nwb/ProbeF/trial_0/phase_0/lib_ab4a70858e/lib_ab4a70858e__delay_0.02__dur_0.18000000000000002.h5
51a52cb6-cee9-4c58-945e-eca22eaabf41,0.15000000000000002,0.23,ab4a70858e,0.08825136721134186,-6.268656716417908,-18.82075471698113,0.0,14.32,30,37,0,0.0,2,4.0,11,1.2,/user/raabe14/u19361/workspace-allen/results/zebra/sub-830795_ses-ecephys-830795-2026-02-23-15-03-59_ecephys.nwb/ProbeF/trial_0/phase_0/lib_ab4a70858e/lib_ab4a70858e__delay_0.15000000000000002__dur_0.23.h5
51ae2eb0-7347-4b07-8454-5921b75f309c,0.2,0.18000000000000002,ab4a70858e,0.07588674873113632,-27.761194029850742,33.160377358490564,22.515923572829163,7.16,18,8,9,2.827433388230814,0,2.0,9,0.1,/user/raabe14/u19361/workspace-allen/results/zebra/sub-830795_ses-ecephys-830795-2026-02-23-15-03-59_ecephys.nwb/ProbeF/trial_0/phase_0/lib_ab4a70858e/lib_ab4a70858e__delay_0.2__dur_0.18000000000000002.h5
524cbce3-d3c5-4d39-990b-253930dc9525,0.01,0.23,ab4a70858e,0.06684006750583649,-9.850746268656714,8.066037735849058,157.4840764271708,21.49,28,22,7,2.199114857512855,4,6.0,12,1.3,/user/raabe14/u19361/workspace-allen/results/zebra/sub-830795_ses-ecephys-830795-2026-02-23-15-03-59_ecephys.nwb/ProbeF/trial_0/phase_0/lib_ab4a70858e/lib_ab4a70858e__delay_0.01__dur_0.23.h5
52a0c9ed-412e-4ef3-80b5-3fdc7e757a65,0.01,0.08,ab4a70858e,0.0787854865193367,-6.268656716417908,8.066037735849058,134.9774869247291,10.74,30,22,6,1.8849555921538759,1,3.0,7,0.08,/user/raabe14/u19361/workspace-allen/results/zebra/sub-830795_ses-ecephys-830795-2026-02-23-15-03-59_ecephys.nwb/ProbeF/trial_0/phase_0/lib_ab4a70858e/lib_ab4a70858e__delay_0.01__dur_0.08.h5
534f05fb-c4c4-476d-bc15-92cb8ab5c727,0.25,0.23,ab4a70858e,0.08247171342372894,0.8955223880597032,6.273584905660378,0.0,17.91,34,23,0,0.0,3,5.0,6,0.07,/user/raabe14/u19361/workspace-allen/results/zebra/sub-830795_ses-ecephys-830795-2026-02-23-15-03-59_ecephys.nwb/ProbeF/trial_0/phase_0/lib_ab4a70858e/lib_ab4a70858e__delay_0.25__dur_0.23.h5
53b38493-0d56-4553-a2ee-1b4a60df60d7,0.01,0.03,ab4a70858e,0.0,-60.0,47.5,0.0,7.16,0,0,0,0.0,0,2.0,0,0.01,/user/raabe14/u19361/workspace-allen/results/zebra/sub-830795_ses-ecephys-830795-2026-02-23-15-03-59_ecephys.nwb/ProbeF/trial_0/phase_0/lib_ab4a70858e/lib_ab4a70858e__delay_0.01__dur_0.03.h5
53bc4c1d-3678-4303-ae1b-89d3ec5fdd63,0.09,0.13,ab4a70858e,0.07010172307491302,51.04477611940298,-45.70754716981132,157.4840764271708,14.32,62,52,7,2.199114857512855,2,4.0,9,0.1,/user/raabe14/u19361/workspace-allen/results/zebra/sub-830795_ses-ecephys-830795-2026-02-23-15-03-59_ecephys.nwb/ProbeF/trial_0/phase_0/lib_ab4a70858e/lib_ab4a70858e__delay_0.09__dur_0.13.h5
543c6c57-70bc-45f6-a929-b876f59c9792,0.30000000000000004,0.23,ab4a70858e,0.1276739090681076,17.014925373134332,20.613207547169807,0.0,14.32,43,15,0,0.0,2,4.0,11,1.2,/user/raabe14/u19361/workspace-allen/results/zebra/sub-830795_ses-ecephys-830795-2026-02-23-15-03-59_ecephys.nwb/ProbeF/trial_0/phase_0/lib_ab4a70858e/lib_ab4a70858e__delay_0.30000000000000004__dur_0.23.h5
547f6cd8-c398-4c89-8a7d-0d68929619d6,0.01,0.03,ab4a70858e,0.0,-60.0,47.5,0.0,7.16,0,0,0,0.0,0,2.0,0,0.01,/user/raabe14/u19361/workspace-allen/results/zebra/sub-830795_ses-ecephys-830795-2026-02-23-15-03-59_ecephys.nwb/ProbeF/trial_0/phase_0/lib_ab4a70858e/lib_ab4a70858e__delay_0.01__dur_0.03.h5
54cf9b25-b432-4f55-9020-8d608afc39df,0.09,0.18000000000000002,ab4a70858e,0.07848958671092987,0.8955223880597032,4.481132075471699,45.02251307527088,10.74,34,24,2,0.6283185307179586,1,3.0,9,0.1,/user/raabe14/u19361/workspace-allen/results/zebra/sub-830795_ses-ecephys-830795-2026-02-23-15-03-59_ecephys.nwb/ProbeF/trial_0/phase_0/lib_ab4a70858e/lib_ab4a70858e__delay_0.09__dur_0.18000000000000002.h5
554bac54-8058-4832-b445-3683d3c7bf4f,0.0,0.18000000000000002,ab4a70858e,0.08380986005067825,-6.268656716417908,-6.273584905660378,157.4840764271708,28.65,30,30,7,2.199114857512855,5,8.0,12,1.3,/user/raabe14/u19361/workspace-allen/results/zebra/sub-830795_ses-ecephys-830795-2026-02-23-15-03-59_ecephys.nwb/ProbeF/trial_0/phase_0/lib_ab4a70858e/lib_ab4a70858e__delay_0.0__dur_0.18000000000000002.h5
556fea15-d0b5-4847-abff-9f81cab5028b,0.15000000000000002,0.08,ab4a70858e,0.07010596990585327,-47.46268656716418,-25.99056603773585,157.4840764271708,17.91,7,41,7,2.199114857512855,3,5.0,8,0.09,/user/raabe14/u19361/workspace-allen/results/zebra/sub-830795_ses-ecephys-830795-2026-02-23-15-03-59_ecephys.nwb/ProbeF/trial_0/phase_0/lib_ab4a70858e/lib_ab4a70858e__delay_0.15000000000000002__dur_0.08.h5
5703e5ae-5062-415f-a9da-af16308031ff,0.30000000000000004,0.18000000000000002,ab4a70858e,0.07784556597471237,-8.059701492537314,-11.650943396226417,22.515923572829163,21.49,29,33,9,2.827433388230814,4,6.0,7,0.08,/user/raabe14/u19361/workspace-allen/results/zebra/sub-830795_ses-ecephys-830795-2026-02-23-15-03-59_ecephys.nwb/ProbeF/trial_0/phase_0/lib_ab4a70858e/lib_ab4a70858e__delay_0.30000000000000004__dur_0.18000000000000002.h5
58392e31-482f-4d78-abfc-ae7259ee2fe3,0.03,0.18000000000000002,ab4a70858e,0.08140789717435837,-17.014925373134325,2.6886792452830193,45.02251307527088,28.65,24,25,2,0.6283185307179586,5,8.0,5,0.06,/user/raabe14/u19361/workspace-allen/results/zebra/sub-830795_ses-ecephys-830795-2026-02-23-15-03-59_ecephys.nwb/ProbeF/trial_0/phase_0/lib_ab4a70858e/lib_ab4a70858e__delay_0.03__dur_0.18000000000000002.h5
58ef6466-9f55-4b9e-8216-d277bfeebad3,0.04,0.23,ab4a70858e,0.16705761849880219,2.6865671641791096,25.990566037735846,67.51591472682667,10.74,35,12,3,0.9424777960769379,1,3.0,12,1.3,/user/raabe14/u19361/workspace-allen/results/zebra/sub-830795_ses-ecephys-830795-2026-02-23-15-03-59_ecephys.nwb/ProbeF/trial_0/phase_0/lib_ab4a70858e/lib_ab4a70858e__delay_0.04__dur_0.23.h5
5a3307e4-8c9e-45d8-91b8-17a7941b8960,0.2,0.18000000000000002,ab4a70858e,0.07535398006439209,20.59701492537313,-2.6886792452830193,0.0,10.74,45,28,0,0.0,1,3.0,9,0.1,/user/raabe14/u19361/workspace-allen/results/zebra/sub-830795_ses-ecephys-830795-2026-02-23-15-03-59_ecephys.nwb/ProbeF/trial_0/phase_0/lib_ab4a70858e/lib_ab4a70858e__delay_0.2__dur_0.18000000000000002.h5
5a5c7b2b-ce3b-470c-9e4d-f7cc1e564376,0.01,0.23,ab4a70858e,0.08133173733949661,-11.64179104477612,17.02830188679245,22.515923572829163,21.49,27,17,9,2.827433388230814,4,6.0,9,0.1,/user/raabe14/u19361/workspace-allen/results/zebra/sub-830795_ses-ecephys-830795-2026-02-23-15-03-59_ecephys.nwb/ProbeF/trial_0/phase_0/lib_ab4a70858e/lib_ab4a70858e__delay_0.01__dur_0.23.h5
5a764d2c-b503-4955-9757-f67e1e50f3ce,0.15000000000000002,0.23,ab4a70858e,0.4105449914932251,-4.477611940298509,-8.066037735849058,180.0,17.91,31,31,8,2.5132741228718345,3,5.0,12,1.3,/user/raabe14/u19361/workspace-allen/results/zebra/sub-830795_ses-ecephys-830795-2026-02-23-15-03-59_ecephys.nwb/ProbeF/trial_0/phase_0/lib_ab4a70858e/lib_ab4a70858e__delay_0.15000000000000002__dur_0.23.h5
5bb9966c-6a81-4c96-969d-a78c5afb6fcf,0.2,0.23,ab4a70858e,0.07713500410318375,8.059701492537314,-22.40566037735849,45.02251307527088,21.49,38,39,2,0.6283185307179586,4,6.0,7,0.08,/user/raabe14/u19361/workspace-allen/results/zebra/sub-830795_ses-ecephys-830795-2026-02-23-15-03-59_ecephys.nwb/ProbeF/trial_0/phase_0/lib_ab4a70858e/lib_ab4a70858e__delay_0.2__dur_0.23.h5
5bc6a376-49f2-4815-b652-157c47790012,0.15000000000000002,0.23,ab4a70858e,0.29267367720603943,-4.477611940298509,-8.066037735849058,180.0,17.91,31,31,8,2.5132741228718345,3,5.0,12,1.3,/user/raabe14/u19361/workspace-allen/results/zebra/sub-830795_ses-ecephys-830795-2026-02-23-15-03-59_ecephys.nwb/ProbeF/trial_0/phase_0/lib_ab4a70858e/lib_ab4a70858e__delay_0.15000000000000002__dur_0.23.h5
5bec713c-b5c9-4cc7-a749-4e9b03f50421,0.25,0.18000000000000002,ab4a70858e,0.0749768540263176,-24.179104477611936,-0.8962264150943398,90.0,10.74,20,27,4,1.2566370614359172,1,3.0,9,0.1,/user/raabe14/u19361/workspace-allen/results/zebra/sub-830795_ses-ecephys-830795-2026-02-23-15-03-59_ecephys.nwb/ProbeF/trial_0/phase_0/lib_ab4a70858e/lib_ab4a70858e__delay_0.25__dur_0.18000000000000002.h5
5c881bb6-ebe6-480b-80a3-6569fa9b943d,0.1,0.23,ab4a70858e,0.09125138074159622,-58.208955223880594,47.5,67.51591472682667,14.32,1,0,3,0.9424777960769379,2,4.0,9,0.1,/user/raabe14/u19361/workspace-allen/results/zebra/sub-830795_ses-ecephys-830795-2026-02-23-15-03-59_ecephys.nwb/ProbeF/trial_0/phase_0/lib_ab4a70858e/lib_ab4a70858e__delay_0.1__dur_0.23.h5
5cce330c-4f7c-46d2-965c-1f530e391b08,0.0,0.08,ab4a70858e,0.0836482048034668,-9.850746268656714,0.8962264150943398,0.0,10.74,28,26,0,0.0,1,3.0,11,1.2,/user/raabe14/u19361/workspace-allen/results/zebra/sub-830795_ses-ecephys-830795-2026-02-23-15-03-59_ecephys.nwb/ProbeF/trial_0/phase_0/lib_ab4a70858e/lib_ab4a70858e__delay_0.0__dur_0.08.h5
5d044c3c-4328-4797-8bf4-7524797c5168,0.05,0.23,ab4a70858e,0.07480253279209137,-9.850746268656714,36.74528301886792,0.0,28.65,28,6,0,0.0,5,8.0,9,0.1,/user/raabe14/u19361/workspace-allen/results/zebra/sub-830795_ses-ecephys-830795-2026-02-23-15-03-59_ecephys.nwb/ProbeF/trial_0/phase_0/lib_ab4a70858e/lib_ab4a70858e__delay_0.05__dur_0.23.h5
5d592116-dbed-4152-9da7-785c0c9289a1,0.25,0.23,ab4a70858e,0.0728524848818779,-25.970149253731343,8.066037735849058,90.0,28.65,19,22,4,1.2566370614359172,5,8.0,2,0.03,/user/raabe14/u19361/workspace-allen/results/zebra/sub-830795_ses-ecephys-830795-2026-02-23-15-03-59_ecephys.nwb/ProbeF/trial_0/phase_0/lib_ab4a70858e/lib_ab4a70858e__delay_0.25__dur_0.23.h5
5d7fca92-b7d1-4b6f-8097-58399a57b8eb,0.30000000000000004,0.13,ab4a70858e,0.07330769300460815,-24.179104477611936,33.160377358490564,22.515923572829195,14.32,20,8,1,0.3141592653589793,2,4.0,9,0.1,/user/raabe14/u19361/workspace-allen/results/zebra/sub-830795_ses-ecephys-830795-2026-02-23-15-03-59_ecephys.nwb/ProbeF/trial_0/phase_0/lib_ab4a70858e/lib_ab4a70858e__delay_0.30000000000000004__dur_0.13.h5
5d8f1815-cc09-400a-92c2-f01916979d49,0.25,0.08,ab4a70858e,0.07085707038640976,17.014925373134332,17.02830188679245,22.515923572829195,21.49,43,17,1,0.3141592653589793,4,6.0,6,0.07,/user/raabe14/u19361/workspace-allen/results/zebra/sub-830795_ses-ecephys-830795-2026-02-23-15-03-59_ecephys.nwb/ProbeF/trial_0/phase_0/lib_ab4a70858e/lib_ab4a70858e__delay_0.25__dur_0.08.h5
5deb3118-e610-4043-9614-cda9e05fc285,0.01,0.03,ab4a70858e,0.0,-60.0,47.5,0.0,7.16,0,0,0,0.0,0,2.0,0,0.01,/user/raabe14/u19361/workspace-allen/results/zebra/sub-830795_ses-ecephys-830795-2026-02-23-15-03-59_ecephys.nwb/ProbeF/trial_0/phase_0/lib_ab4a70858e/lib_ab4a70858e__delay_0.01__dur_0.03.h5
5e5d7ea5-fbf3-4377-8a03-9963ba6459ed,0.02,0.13,ab4a70858e,0.08243957906961441,8.059701492537314,-4.481132075471699,22.515923572829195,21.49,38,29,1,0.3141592653589793,4,6.0,9,0.1,/user/raabe14/u19361/workspace-allen/results/zebra/sub-830795_ses-ecephys-830795-2026-02-23-15-03-59_ecephys.nwb/ProbeF/trial_0/phase_0/lib_ab4a70858e/lib_ab4a70858e__delay_0.02__dur_0.13.h5
5facd701-17a5-4480-b7ea-cc2cec2f32c7,0.2,0.23,ab4a70858e,0.11680619418621063,-9.850746268656714,-29.57547169811321,112.48408527317332,14.32,28,43,5,1.5707963267948966,2,4.0,11,1.2,/user/raabe14/u19361/workspace-allen/results/zebra/sub-830795_ses-ecephys-830795-2026-02-23-15-03-59_ecephys.nwb/ProbeF/trial_0/phase_0/lib_ab4a70858e/lib_ab4a70858e__delay_0.2__dur_0.23.h5
60e98d47-b3b5-4024-8430-105e046c5f34,0.02,0.23,ab4a70858e,0.09167207032442093,-13.43283582089552,-11.650943396226417,112.48408527317332,17.91,26,33,5,1.5707963267948966,3,5.0,11,1.2,/user/raabe14/u19361/workspace-allen/results/zebra/sub-830795_ses-ecephys-830795-2026-02-23-15-03-59_ecephys.nwb/ProbeF/trial_0/phase_0/lib_ab4a70858e/lib_ab4a70858e__delay_0.02__dur_0.23.h5
61a9ff58-b6a8-472b-871a-415f76b6eabe,0.30000000000000004,0.23,ab4a70858e,0.0891682431101799,18.80597014925374,-15.235849056603776,45.02251307527088,28.65,44,35,2,0.6283185307179586,5,8.0,9,0.1,/user/raabe14/u19361/workspace-allen/results/zebra/sub-830795_ses-ecephys-830795-2026-02-23-15-03-59_ecephys.nwb/ProbeF/trial_0/phase_0/lib_ab4a70858e/lib_ab4a70858e__delay_0.30000000000000004__dur_0.23.h5
626a2646-aab8-4bf9-ac6a-caa93a407a95,0.15000000000000002,0.23,ab4a70858e,0.08791865408420563,-38.507462686567166,-8.066037735849058,67.51591472682667,14.32,12,31,3,0.9424777960769379,2,4.0,9,0.1,/user/raabe14/u19361/workspace-allen/results/zebra/sub-830795_ses-ecephys-830795-2026-02-23-15-03-59_ecephys.nwb/ProbeF/trial_0/phase_0/lib_ab4a70858e/lib_ab4a70858e__delay_0.15000000000000002__dur_0.23.h5
62fc665e-4539-482f-8a0b-3575c95fba63,0.01,0.03,ab4a70858e,0.0,-60.0,47.5,0.0,7.16,0,0,0,0.0,0,2.0,0,0.01,/user/raabe14/u19361/workspace-allen/results/zebra/sub-830795_ses-ecephys-830795-2026-02-23-15-03-59_ecephys.nwb/ProbeF/trial_0/phase_0/lib_ab4a70858e/lib_ab4a70858e__delay_0.01__dur_0.03.h5
635cadc9-55ad-481a-a48c-23aadf35beb9,0.0,0.13,ab4a70858e,0.18816402554512024,-0.8955223880596961,-9.858490566037737,157.4840764271708,14.32,33,32,7,2.199114857512855,2,4.0,12,1.3,/user/raabe14/u19361/workspace-allen/results/zebra/sub-830795_ses-ecephys-830795-2026-02-23-15-03-59_ecephys.nwb/ProbeF/trial_0/phase_0/lib_ab4a70858e/lib_ab4a70858e__delay_0.0__dur_0.13.h5
6381e553-9d9c-4fb4-9526-0d90deaee3bc,0.30000000000000004,0.23,ab4a70858e,0.07991726696491241,56.4179104477612,2.6886792452830193,157.4840764271708,10.74,65,25,7,2.199114857512855,1,3.0,12,1.3,/user/raabe14/u19361/workspace-allen/results/zebra/sub-830795_ses-ecephys-830795-2026-02-23-15-03-59_ecephys.nwb/ProbeF/trial_0/phase_0/lib_ab4a70858e/lib_ab4a70858e__delay_0.30000000000000004__dur_0.23.h5
6444ffc3-2162-4a75-af18-6fa55f3df95b,0.30000000000000004,0.13,ab4a70858e,0.08352763950824738,-20.59701492537313,22.405660377358487,180.0,21.49,22,14,8,2.5132741228718345,4,6.0,8,0.09,/user/raabe14/u19361/workspace-allen/results/zebra/sub-830795_ses-ecephys-830795-2026-02-23-15-03-59_ecephys.nwb/ProbeF/trial_0/phase_0/lib_ab4a70858e/lib_ab4a70858e__delay_0.30000000000000004__dur_0.13.h5
6721c091-def0-4686-bcf9-1c8bd933532e,0.25,0.23,ab4a70858e,0.07233753055334091,11.641791044776127,-20.61320754716981,0.0,28.65,40,38,0,0.0,5,8.0,11,1.2,/user/raabe14/u19361/workspace-allen/results/zebra/sub-830795_ses-ecephys-830795-2026-02-23-15-03-59_ecephys.nwb/ProbeF/trial_0/phase_0/lib_ab4a70858e/lib_ab4a70858e__delay_0.25__dur_0.23.h5
67740a89-d7a2-4d22-8f2a-cd24587dc54e,0.0,0.23,ab4a70858e,0.082004114985466,-34.92537313432835,-34.95283018867924,134.9774869247291,14.32,14,46,6,1.8849555921538759,2,4.0,9,0.1,/user/raabe14/u19361/workspace-allen/results/zebra/sub-830795_ses-ecephys-830795-2026-02-23-15-03-59_ecephys.nwb/ProbeF/trial_0/phase_0/lib_ab4a70858e/lib_ab4a70858e__delay_0.0__dur_0.23.h5
6782a497-e466-4b5a-83d1-856e3bd38fd2,0.2,0.18000000000000002,ab4a70858e,0.07661708444356918,34.92537313432837,4.481132075471699,0.0,14.32,53,24,0,0.0,2,4.0,8,0.09,/user/raabe14/u19361/workspace-allen/results/zebra/sub-830795_ses-ecephys-830795-2026-02-23-15-03-59_ecephys.nwb/ProbeF/trial_0/phase_0/lib_ab4a70858e/lib_ab4a70858e__delay_0.2__dur_0.18000000000000002.h5
679b14eb-49df-434d-9789-679dd30f758b,0.2,0.23,ab4a70858e,0.08467413485050201,-40.298507462686565,22.405660377358487,157.4840764271708,28.65,11,14,7,2.199114857512855,5,8.0,9,0.1,/user/raabe14/u19361/workspace-allen/results/zebra/sub-830795_ses-ecephys-830795-2026-02-23-15-03-59_ecephys.nwb/ProbeF/trial_0/phase_0/lib_ab4a70858e/lib_ab4a70858e__delay_0.2__dur_0.23.h5
67e09798-bf3b-4fc9-b254-5597781a308b,0.30000000000000004,0.23,ab4a70858e,0.07194969058036804,43.88059701492537,4.481132075471699,157.4840764271708,14.32,58,24,7,2.199114857512855,2,4.0,9,0.1,/user/raabe14/u19361/workspace-allen/results/zebra/sub-830795_ses-ecephys-830795-2026-02-23-15-03-59_ecephys.nwb/ProbeF/trial_0/phase_0/lib_ab4a70858e/lib_ab4a70858e__delay_0.30000000000000004__dur_0.23.h5
6850eab1-8ebd-44af-b1aa-a003fd8ec0cd,0.01,0.18000000000000002,ab4a70858e,0.0888640284538269,-15.223880597014926,2.6886792452830193,157.4840764271708,28.65,25,25,7,2.199114857512855,5,8.0,1,0.02,/user/raabe14/u19361/workspace-allen/results/zebra/sub-830795_ses-ecephys-830795-2026-02-23-15-03-59_ecephys.nwb/ProbeF/trial_0/phase_0/lib_ab4a70858e/lib_ab4a70858e__delay_0.01__dur_0.18000000000000002.h5
697ef139-786c-4c09-82e8-82c79350c9b4,0.25,0.23,ab4a70858e,0.08473299443721771,0.8955223880597032,4.481132075471699,0.0,21.49,34,24,0,0.0,4,6.0,6,0.07,/user/raabe14/u19361/workspace-allen/results/zebra/sub-830795_ses-ecephys-830795-2026-02-23-15-03-59_ecephys.nwb/ProbeF/trial_0/phase_0/lib_ab4a70858e/lib_ab4a70858e__delay_0.25__dur_0.23.h5
6995aae7-dcb8-4877-8f97-05172ca75920,0.0,0.13,ab4a70858e,0.07471713423728943,-18.80597014925373,-36.74528301886792,180.0,28.65,23,47,8,2.5132741228718345,5,8.0,7,0.08,/user/raabe14/u19361/workspace-allen/results/zebra/sub-830795_ses-ecephys-830795-2026-02-23-15-03-59_ecephys.nwb/ProbeF/trial_0/phase_0/lib_ab4a70858e/lib_ab4a70858e__delay_0.0__dur_0.13.h5
69977c44-8e44-4adb-87c8-19d7f3f02b38,0.06,0.18000000000000002,ab4a70858e,0.10786621272563934,24.179104477611943,9.858490566037737,157.4840764271708,21.49,47,21,7,2.199114857512855,4,6.0,9,0.1,/user/raabe14/u19361/workspace-allen/results/zebra/sub-830795_ses-ecephys-830795-2026-02-23-15-03-59_ecephys.nwb/ProbeF/trial_0/phase_0/lib_ab4a70858e/lib_ab4a70858e__delay_0.06__dur_0.18000000000000002.h5
69ecbd69-423f-4f4a-96cc-0fe8c34597de,0.30000000000000004,0.23,ab4a70858e,0.11574134230613708,-13.43283582089552,-22.40566037735849,45.02251307527088,10.74,26,39,2,0.6283185307179586,1,3.0,12,1.3,/user/raabe14/u19361/workspace-allen/results/zebra/sub-830795_ses-ecephys-830795-2026-02-23-15-03-59_ecephys.nwb/ProbeF/trial_0/phase_0/lib_ab4a70858e/lib_ab4a70858e__delay_0.30000000000000004__dur_0.23.h5
6a73cbd7-83b4-455d-a884-41e540b99e29,0.2,0.23,ab4a70858e,0.07939387112855911,0.8955223880597032,-0.8962264150943398,157.4840764271708,21.49,34,27,7,2.199114857512855,4,6.0,4,0.05,/user/raabe14/u19361/workspace-allen/results/zebra/sub-830795_ses-ecephys-830795-2026-02-23-15-03-59_ecephys.nwb/ProbeF/trial_0/phase_0/lib_ab4a70858e/lib_ab4a70858e__delay_0.2__dur_0.23.h5
6aa92762-1daa-49c9-808e-dfcdc36f920b,0.30000000000000004,0.23,ab4a70858e,0.09118212014436722,-6.268656716417908,-33.160377358490564,134.9774869247291,28.65,30,45,6,1.8849555921538759,5,8.0,6,0.07,/user/raabe14/u19361/workspace-allen/results/zebra/sub-830795_ses-ecephys-830795-2026-02-23-15-03-59_ecephys.nwb/ProbeF/trial_0/phase_0/lib_ab4a70858e/lib_ab4a70858e__delay_0.30000000000000004__dur_0.23.h5
6ad6e6e8-1845-428c-9f67-5b6c2a53ce18,0.04,0.18000000000000002,ab4a70858e,0.08296738564968109,-42.089552238805965,-15.235849056603776,90.0,28.65,10,35,4,1.2566370614359172,5,8.0,9,0.1,/user/raabe14/u19361/workspace-allen/results/zebra/sub-830795_ses-ecephys-830795-2026-02-23-15-03-59_ecephys.nwb/ProbeF/trial_0/phase_0/lib_ab4a70858e/lib_ab4a70858e__delay_0.04__dur_0.18000000000000002.h5
6b5ab99b-3cb2-4e27-be64-9f9aebf9dffe,0.30000000000000004,0.23,ab4a70858e,0.0692581757903099,-9.850746268656714,-2.6886792452830193,157.4840764271708,7.16,28,28,7,2.199114857512855,0,2.0,12,1.3,/user/raabe14/u19361/workspace-allen/results/zebra/sub-830795_ses-ecephys-830795-2026-02-23-15-03-59_ecephys.nwb/ProbeF/trial_0/phase_0/lib_ab4a70858e/lib_ab4a70858e__delay_0.30000000000000004__dur_0.23.h5
6bba5295-7317-4381-860d-a3f98f0763e9,0.01,0.03,ab4a70858e,0.0,-60.0,47.5,0.0,7.16,0,0,0,0.0,0,2.0,0,0.01,/user/raabe14/u19361/workspace-allen/results/zebra/sub-830795_ses-ecephys-830795-2026-02-23-15-03-59_ecephys.nwb/ProbeF/trial_0/phase_0/lib_ab4a70858e/lib_ab4a70858e__delay_0.01__dur_0.03.h5
6bc57a4d-7163-48dd-b0c3-df64aedf52c3,0.30000000000000004,0.18000000000000002,ab4a70858e,0.08900325745344162,-47.46268656716418,-2.6886792452830193,157.4840764271708,28.65,7,28,7,2.199114857512855,5,8.0,9,0.1,/user/raabe14/u19361/workspace-allen/results/zebra/sub-830795_ses-ecephys-830795-2026-02-23-15-03-59_ecephys.nwb/ProbeF/trial_0/phase_0/lib_ab4a70858e/lib_ab4a70858e__delay_0.30000000000000004__dur_0.18000000000000002.h5
6c5f480a-f9ac-4035-94df-1a995ba0fca7,0.25,0.23,ab4a70858e,0.07716101408004761,-0.8955223880596961,0.8962264150943398,157.4840764271708,17.91,33,26,7,2.199114857512855,3,5.0,8,0.09,/user/raabe14/u19361/workspace-allen/results/zebra/sub-830795_ses-ecephys-830795-2026-02-23-15-03-59_ecephys.nwb/ProbeF/trial_0/phase_0/lib_ab4a70858e/lib_ab4a70858e__delay_0.25__dur_0.23.h5
6c8538e8-dcbf-4bef-934c-5a2e2d07223f,0.30000000000000004,0.23,ab4a70858e,0.08709175139665604,-11.64179104477612,43.91509433962264,67.51591472682667,17.91,27,2,3,0.9424777960769379,3,5.0,9,0.1,/user/raabe14/u19361/workspace-allen/results/zebra/sub-830795_ses-ecephys-830795-2026-02-23-15-03-59_ecephys.nwb/ProbeF/trial_0/phase_0/lib_ab4a70858e/lib_ab4a70858e__delay_0.30000000000000004__dur_0.23.h5
6ca55176-7f51-4351-9557-102182561a07,0.02,0.23,ab4a70858e,0.08575236797332764,-29.55223880597015,18.820754716981128,67.51591472682667,17.91,17,16,3,0.9424777960769379,3,5.0,12,1.3,/user/raabe14/u19361/workspace-allen/results/zebra/sub-830795_ses-ecephys-830795-2026-02-23-15-03-59_ecephys.nwb/ProbeF/trial_0/phase_0/lib_ab4a70858e/lib_ab4a70858e__delay_0.02__dur_0.23.h5
6ccd3518-81fe-483e-ad86-5e2e0886918c,0.01,0.23,ab4a70858e,0.0808262974023819,-8.059701492537314,-11.650943396226417,67.51591472682667,21.49,29,33,3,0.9424777960769379,4,6.0,4,0.05,/user/raabe14/u19361/workspace-allen/results/zebra/sub-830795_ses-ecephys-830795-2026-02-23-15-03-59_ecephys.nwb/ProbeF/trial_0/phase_0/lib_ab4a70858e/lib_ab4a70858e__delay_0.01__dur_0.23.h5
6e098885-f745-4ae8-b766-b3506ab9501f,0.05,0.23,ab4a70858e,0.07369700819253922,-9.850746268656714,45.70754716981132,0.0,14.32,28,1,0,0.0,2,4.0,11,1.2,/user/raabe14/u19361/workspace-allen/results/zebra/sub-830795_ses-ecephys-830795-2026-02-23-15-03-59_ecephys.nwb/ProbeF/trial_0/phase_0/lib_ab4a70858e/lib_ab4a70858e__delay_0.05__dur_0.23.h5
6e943fd1-3c25-46d1-a25c-850c4b7f387a,0.30000000000000004,0.23,ab4a70858e,0.07071559876203537,-20.59701492537313,-9.858490566037737,180.0,10.74,22,32,8,2.5132741228718345,1,3.0,9,0.1,/user/raabe14/u19361/workspace-allen/results/zebra/sub-830795_ses-ecephys-830795-2026-02-23-15-03-59_ecephys.nwb/ProbeF/trial_0/phase_0/lib_ab4a70858e/lib_ab4a70858e__delay_0.30000000000000004__dur_0.23.h5
6f21e6c0-4b45-4f98-b7db-68ac0eafc06b,0.30000000000000004,0.23,ab4a70858e,0.12375606596469879,-6.268656716417908,-6.273584905660378,157.4840764271708,17.91,30,30,7,2.199114857512855,3,5.0,12,1.3,/user/raabe14/u19361/workspace-allen/results/zebra/sub-830795_ses-ecephys-830795-2026-02-23-15-03-59_ecephys.nwb/ProbeF/trial_0/phase_0/lib_ab4a70858e/lib_ab4a70858e__delay_0.30000000000000004__dur_0.23.h5
6f9be4f7-d051-4723-bc63-fb438c111231,0.1,0.23,ab4a70858e,0.07247962802648544,9.85074626865672,-36.74528301886792,67.51591472682667,28.65,39,47,3,0.9424777960769379,5,8.0,9,0.1,/user/raabe14/u19361/workspace-allen/results/zebra/sub-830795_ses-ecephys-830795-2026-02-23-15-03-59_ecephys.nwb/ProbeF/trial_0/phase_0/lib_ab4a70858e/lib_ab4a70858e__delay_0.1__dur_0.23.h5
6fa51c6f-7b4c-4d0c-ba8d-d42b5b38333e,0.2,0.23,ab4a70858e,0.08780883252620697,27.761194029850756,20.613207547169807,157.4840764271708,14.32,49,15,7,2.199114857512855,2,4.0,12,1.3,/user/raabe14/u19361/workspace-allen/results/zebra/sub-830795_ses-ecephys-830795-2026-02-23-15-03-59_ecephys.nwb/ProbeF/trial_0/phase_0/lib_ab4a70858e/lib_ab4a70858e__delay_0.2__dur_0.23.h5
704d878b-660d-4fce-88de-a08a3f244204,0.04,0.23,ab4a70858e,0.07635392993688583,-52.83582089552239,18.820754716981128,90.0,21.49,4,16,4,1.2566370614359172,4,6.0,9,0.1,/user/raabe14/u19361/workspace-allen/results/zebra/sub-830795_ses-ecephys-830795-2026-02-23-15-03-59_ecephys.nwb/ProbeF/trial_0/phase_0/lib_ab4a70858e/lib_ab4a70858e__delay_0.04__dur_0.23.h5
71708bdc-e8e5-40b0-971c-8c076cca115a,0.05,0.23,ab4a70858e,0.08324920386075974,-17.014925373134325,-4.481132075471699,157.4840764271708,14.32,24,29,7,2.199114857512855,2,4.0,12,1.3,/user/raabe14/u19361/workspace-allen/results/zebra/sub-830795_ses-ecephys-830795-2026-02-23-15-03-59_ecephys.nwb/ProbeF/trial_0/phase_0/lib_ab4a70858e/lib_ab4a70858e__delay_0.05__dur_0.23.h5
71b408da-b702-48b0-8172-8ae23b3a75b9,0.2,0.18000000000000002,ab4a70858e,0.1114460825920105,-2.6865671641791025,-2.6886792452830193,180.0,21.49,32,28,8,2.5132741228718345,4,6.0,12,1.3,/user/raabe14/u19361/workspace-allen/results/zebra/sub-830795_ses-ecephys-830795-2026-02-23-15-03-59_ecephys.nwb/ProbeF/trial_0/phase_0/lib_ab4a70858e/lib_ab4a70858e__delay_0.2__dur_0.18000000000000002.h5
72f16fc2-7ebd-4d4a-81c2-fbabd0320968,0.30000000000000004,0.23,ab4a70858e,0.07374715805053711,-45.67164179104478,47.5,67.51591472682667,28.65,8,0,3,0.9424777960769379,5,8.0,9,0.1,/user/raabe14/u19361/workspace-allen/results/zebra/sub-830795_ses-ecephys-830795-2026-02-23-15-03-59_ecephys.nwb/ProbeF/trial_0/phase_0/lib_ab4a70858e/lib_ab4a70858e__delay_0.30000000000000004__dur_0.23.h5
73567311-a657-4671-a8f8-3ad3f5d84ccb,0.2,0.23,ab4a70858e,0.0712510272860527,-0.8955223880596961,-31.367924528301888,112.48408527317332,17.91,33,44,5,1.5707963267948966,3,5.0,5,0.06,/user/raabe14/u19361/workspace-allen/results/zebra/sub-830795_ses-ecephys-830795-2026-02-23-15-03-59_ecephys.nwb/ProbeF/trial_0/phase_0/lib_ab4a70858e/lib_ab4a70858e__delay_0.2__dur_0.23.h5
7368568e-a4a0-4c65-8fcb-4b650d60ce5f,0.25,0.23,ab4a70858e,0.09860795736312866,-34.92537313432835,-2.6886792452830193,157.4840764271708,28.65,14,28,7,2.199114857512855,5,8.0,9,0.1,/user/raabe14/u19361/workspace-allen/results/zebra/sub-830795_ses-ecephys-830795-2026-02-23-15-03-59_ecephys.nwb/ProbeF/trial_0/phase_0/lib_ab4a70858e/lib_ab4a70858e__delay_0.25__dur_0.23.h5
73e5a0e8-6751-462a-ba51-0f4ed48e3fa0,0.2,0.23,ab4a70858e,0.07995963841676712,36.71641791044776,-2.6886792452830193,134.9774869247291,17.91,54,28,6,1.8849555921538759,3,5.0,9,0.1,/user/raabe14/u19361/workspace-allen/results/zebra/sub-830795_ses-ecephys-830795-2026-02-23-15-03-59_ecephys.nwb/ProbeF/trial_0/phase_0/lib_ab4a70858e/lib_ab4a70858e__delay_0.2__dur_0.23.h5
74409fc0-5166-4ec3-b9c3-11f0edd7c34f,0.01,0.03,ab4a70858e,0.0,-60.0,47.5,0.0,7.16,0,0,0,0.0,0,2.0,0,0.01,/user/raabe14/u19361/workspace-allen/results/zebra/sub-830795_ses-ecephys-830795-2026-02-23-15-03-59_ecephys.nwb/ProbeF/trial_0/phase_0/lib_ab4a70858e/lib_ab4a70858e__delay_0.01__dur_0.03.h5
74947807-257a-4525-a478-2730a7d97898,0.30000000000000004,0.23,ab4a70858e,0.09210827946662903,-6.268656716417908,43.91509433962264,0.0,21.49,30,2,0,0.0,4,6.0,11,1.2,/user/raabe14/u19361/workspace-allen/results/zebra/sub-830795_ses-ecephys-830795-2026-02-23-15-03-59_ecephys.nwb/ProbeF/trial_0/phase_0/lib_ab4a70858e/lib_ab4a70858e__delay_0.30000000000000004__dur_0.23.h5
74afca3c-d7c3-439f-bcc7-9b7cbbcf8a2d,0.25,0.13,ab4a70858e,0.09389611333608627,-2.6865671641791025,9.858490566037737,45.02251307527088,14.32,32,21,2,0.6283185307179586,2,4.0,9,0.1,/user/raabe14/u19361/workspace-allen/results/zebra/sub-830795_ses-ecephys-830795-2026-02-23-15-03-59_ecephys.nwb/ProbeF/trial_0/phase_0/lib_ab4a70858e/lib_ab4a70858e__delay_0.25__dur_0.13.h5
74be201a-c910-43ad-8a40-4ebe410b7922,0.01,0.23,ab4a70858e,0.07862116396427155,-36.71641791044776,-36.74528301886792,134.9774869247291,7.16,13,47,6,1.8849555921538759,0,2.0,9,0.1,/user/raabe14/u19361/workspace-allen/results/zebra/sub-830795_ses-ecephys-830795-2026-02-23-15-03-59_ecephys.nwb/ProbeF/trial_0/phase_0/lib_ab4a70858e/lib_ab4a70858e__delay_0.01__dur_0.23.h5
75f2a259-3f76-435d-a8ac-e71ebf974f72,0.02,0.23,ab4a70858e,0.08886133134365082,-27.761194029850742,20.613207547169807,112.48408527317332,14.32,18,15,5,1.5707963267948966,2,4.0,11,1.2,/user/raabe14/u19361/workspace-allen/results/zebra/sub-830795_ses-ecephys-830795-2026-02-23-15-03-59_ecephys.nwb/ProbeF/trial_0/phase_0/lib_ab4a70858e/lib_ab4a70858e__delay_0.02__dur_0.23.h5
760f1d8c-e5ca-4b00-a171-6da31695aacf,0.2,0.23,ab4a70858e,0.07729241251945496,-38.507462686567166,-4.481132075471699,157.4840764271708,14.32,12,29,7,2.199114857512855,2,4.0,12,1.3,/user/raabe14/u19361/workspace-allen/results/zebra/sub-830795_ses-ecephys-830795-2026-02-23-15-03-59_ecephys.nwb/ProbeF/trial_0/phase_0/lib_ab4a70858e/lib_ab4a70858e__delay_0.2__dur_0.23.h5
76a6bec4-24b8-48d3-9696-73765641e3a2,0.02,0.23,ab4a70858e,0.10688026249408722,52.83582089552239,-22.40566037735849,112.48408527317332,10.74,63,39,5,1.5707963267948966,1,3.0,11,1.2,/user/raabe14/u19361/workspace-allen/results/zebra/sub-830795_ses-ecephys-830795-2026-02-23-15-03-59_ecephys.nwb/ProbeF/trial_0/phase_0/lib_ab4a70858e/lib_ab4a70858e__delay_0.02__dur_0.23.h5
77de2eaa-3b5a-472f-bfb9-ab9666b706aa,0.08,0.23,ab4a70858e,0.08418955653905869,-9.850746268656714,2.6886792452830193,22.515923572829163,10.74,28,25,9,2.827433388230814,1,3.0,9,0.1,/user/raabe14/u19361/workspace-allen/results/zebra/sub-830795_ses-ecephys-830795-2026-02-23-15-03-59_ecephys.nwb/ProbeF/trial_0/phase_0/lib_ab4a70858e/lib_ab4a70858e__delay_0.08__dur_0.23.h5
786e5853-d4e7-4c6f-9d7b-b6d839290d31,0.30000000000000004,0.18000000000000002,ab4a70858e,0.08143330365419388,-8.059701492537314,47.5,0.0,28.65,29,0,0,0.0,5,8.0,6,0.07,/user/raabe14/u19361/workspace-allen/results/zebra/sub-830795_ses-ecephys-830795-2026-02-23-15-03-59_ecephys.nwb/ProbeF/trial_0/phase_0/lib_ab4a70858e/lib_ab4a70858e__delay_0.30000000000000004__dur_0.18000000000000002.h5
78cb39cc-3004-48a9-90ea-1d6d8b0d19f8,0.25,0.23,ab4a70858e,0.07279009371995926,-33.134328358208954,-29.57547169811321,90.0,17.91,15,43,4,1.2566370614359172,3,5.0,3,0.04,/user/raabe14/u19361/workspace-allen/results/zebra/sub-830795_ses-ecephys-830795-2026-02-23-15-03-59_ecephys.nwb/ProbeF/trial_0/phase_0/lib_ab4a70858e/lib_ab4a70858e__delay_0.25__dur_0.23.h5
78ebd07c-52c4-4ba1-ada9-db6c0a6a04ca,0.05,0.18000000000000002,ab4a70858e,0.07402876019477844,31.343283582089555,22.405660377358487,157.4840764271708,7.16,51,14,7,2.199114857512855,0,2.0,9,0.1,/user/raabe14/u19361/workspace-allen/results/zebra/sub-830795_ses-ecephys-830795-2026-02-23-15-03-59_ecephys.nwb/ProbeF/trial_0/phase_0/lib_ab4a70858e/lib_ab4a70858e__delay_0.05__dur_0.18000000000000002.h5
78fde0a5-4803-4352-9d4e-fa2fc876186a,0.0,0.13,ab4a70858e,0.08003994822502136,-4.477611940298509,-17.028301886792452,0.0,14.32,31,36,0,0.0,2,4.0,11,1.2,/user/raabe14/u19361/workspace-allen/results/zebra/sub-830795_ses-ecephys-830795-2026-02-23-15-03-59_ecephys.nwb/ProbeF/trial_0/phase_0/lib_ab4a70858e/lib_ab4a70858e__delay_0.0__dur_0.13.h5
798dda10-ebf7-4bae-9f4b-1838539b1570,0.30000000000000004,0.18000000000000002,ab4a70858e,0.07143143564462662,2.6865671641791096,-4.481132075471699,45.02251307527088,28.65,35,29,2,0.6283185307179586,5,8.0,8,0.09,/user/raabe14/u19361/workspace-allen/results/zebra/sub-830795_ses-ecephys-830795-2026-02-23-15-03-59_ecephys.nwb/ProbeF/trial_0/phase_0/lib_ab4a70858e/lib_ab4a70858e__delay_0.30000000000000004__dur_0.18000000000000002.h5
7a6b7c2c-2b12-4bed-9af3-c6cb14065e44,0.01,0.03,ab4a70858e,0.0,-60.0,47.5,0.0,7.16,0,0,0,0.0,0,2.0,0,0.01,/user/raabe14/u19361/workspace-allen/results/zebra/sub-830795_ses-ecephys-830795-2026-02-23-15-03-59_ecephys.nwb/ProbeF/trial_0/phase_0/lib_ab4a70858e/lib_ab4a70858e__delay_0.01__dur_0.03.h5
7a9c4481-2359-42a7-ad4d-396fab62b62c,0.30000000000000004,0.23,ab4a70858e,0.10694961994886398,-31.34328358208955,-8.066037735849058,157.4840764271708,28.65,16,31,7,2.199114857512855,5,8.0,9,0.1,/user/raabe14/u19361/workspace-allen/results/zebra/sub-830795_ses-ecephys-830795-2026-02-23-15-03-59_ecephys.nwb/ProbeF/trial_0/phase_0/lib_ab4a70858e/lib_ab4a70858e__delay_0.30000000000000004__dur_0.23.h5
7ae6d6fa-bb73-4e09-86d9-40e728366f42,0.15000000000000002,0.13,ab4a70858e,0.07648349553346634,-9.850746268656714,13.443396226415096,22.515923572829163,21.49,28,19,9,2.827433388230814,4,6.0,9,0.1,/user/raabe14/u19361/workspace-allen/results/zebra/sub-830795_ses-ecephys-830795-2026-02-23-15-03-59_ecephys.nwb/ProbeF/trial_0/phase_0/lib_ab4a70858e/lib_ab4a70858e__delay_0.15000000000000002__dur_0.13.h5
7b026dcb-b383-4904-a0d6-4728c91b2996,0.25,0.18000000000000002,ab4a70858e,0.07809217274188995,-13.43283582089552,29.575471698113205,0.0,7.16,26,10,0,0.0,0,2.0,11,1.2,/user/raabe14/u19361/workspace-allen/results/zebra/sub-830795_ses-ecephys-830795-2026-02-23-15-03-59_ecephys.nwb/ProbeF/trial_0/phase_0/lib_ab4a70858e/lib_ab4a70858e__delay_0.25__dur_0.18000000000000002.h5
7b0fafa9-cd2b-4981-8e05-eac84e3759df,0.02,0.18000000000000002,ab4a70858e,0.07261518388986588,56.4179104477612,-25.99056603773585,180.0,28.65,65,41,8,2.5132741228718345,5,8.0,4,0.05,/user/raabe14/u19361/workspace-allen/results/zebra/sub-830795_ses-ecephys-830795-2026-02-23-15-03-59_ecephys.nwb/ProbeF/trial_0/phase_0/lib_ab4a70858e/lib_ab4a70858e__delay_0.02__dur_0.18000000000000002.h5
7b14d0a9-42b0-45cb-b0e1-ef978be71de1,0.15000000000000002,0.23,ab4a70858e,0.08416211605072021,-33.134328358208954,25.990566037735846,112.48408527317332,14.32,15,12,5,1.5707963267948966,2,4.0,11,1.2,/user/raabe14/u19361/workspace-allen/results/zebra/sub-830795_ses-ecephys-830795-2026-02-23-15-03-59_ecephys.nwb/ProbeF/trial_0/phase_0/lib_ab4a70858e/lib_ab4a70858e__delay_0.15000000000000002__dur_0.23.h5
7b4d4f68-1853-4111-99fc-9929630f195c,0.06,0.23,ab4a70858e,0.07519705593585968,-0.8955223880596961,0.8962264150943398,157.4840764271708,7.16,33,26,7,2.199114857512855,0,2.0,12,1.3,/user/raabe14/u19361/workspace-allen/results/zebra/sub-830795_ses-ecephys-830795-2026-02-23-15-03-59_ecephys.nwb/ProbeF/trial_0/phase_0/lib_ab4a70858e/lib_ab4a70858e__delay_0.06__dur_0.23.h5
7b53eb96-fb25-4770-a528-6187a7fcd2c7,0.02,0.23,ab4a70858e,0.08607260137796402,49.25373134328359,-20.61320754716981,157.4840764271708,10.74,61,38,7,2.199114857512855,1,3.0,12,1.3,/user/raabe14/u19361/workspace-allen/results/zebra/sub-830795_ses-ecephys-830795-2026-02-23-15-03-59_ecephys.nwb/ProbeF/trial_0/phase_0/lib_ab4a70858e/lib_ab4a70858e__delay_0.02__dur_0.23.h5
7bcef294-1bf4-46ee-bf77-4226c45e0deb,0.2,0.18000000000000002,ab4a70858e,0.09012113511562347,54.626865671641795,-29.57547169811321,180.0,21.49,64,43,8,2.5132741228718345,4,6.0,8,0.09,/user/raabe14/u19361/workspace-allen/results/zebra/sub-830795_ses-ecephys-830795-2026-02-23-15-03-59_ecephys.nwb/ProbeF/trial_0/phase_0/lib_ab4a70858e/lib_ab4a70858e__delay_0.2__dur_0.18000000000000002.h5
7bd5756e-13b8-44c8-bf4b-c0accb01ce32,0.30000000000000004,0.18000000000000002,ab4a70858e,0.07538926601409912,-25.970149253731343,-0.8962264150943398,22.515923572829163,21.49,19,27,9,2.827433388230814,4,6.0,9,0.1,/user/raabe14/u19361/workspace-allen/results/zebra/sub-830795_ses-ecephys-830795-2026-02-23-15-03-59_ecephys.nwb/ProbeF/trial_0/phase_0/lib_ab4a70858e/lib_ab4a70858e__delay_0.30000000000000004__dur_0.18000000000000002.h5
7d35d8b3-a4a1-47a2-b0c0-02fc299679cc,0.0,0.18000000000000002,ab4a70858e,0.0944657251238823,-4.477611940298509,-8.066037735849058,180.0,17.91,31,31,8,2.5132741228718345,3,5.0,12,1.3,/user/raabe14/u19361/workspace-allen/results/zebra/sub-830795_ses-ecephys-830795-2026-02-23-15-03-59_ecephys.nwb/ProbeF/trial_0/phase_0/lib_ab4a70858e/lib_ab4a70858e__delay_0.0__dur_0.18000000000000002.h5
7d9173a5-7e14-400b-8097-4497a0e4cec3,0.15000000000000002,0.23,ab4a70858e,0.4105449914932251,-4.477611940298509,-8.066037735849058,180.0,17.91,31,31,8,2.5132741228718345,3,5.0,12,1.3,/user/raabe14/u19361/workspace-allen/results/zebra/sub-830795_ses-ecephys-830795-2026-02-23-15-03-59_ecephys.nwb/ProbeF/trial_0/phase_0/lib_ab4a70858e/lib_ab4a70858e__delay_0.15000000000000002__dur_0.23.h5
7eeb587b-9a6e-4f81-af06-ca06e7962fac,0.06,0.18000000000000002,ab4a70858e,0.07408469915390015,-25.970149253731343,17.02830188679245,0.0,7.16,19,17,0,0.0,0,2.0,11,1.2,/user/raabe14/u19361/workspace-allen/results/zebra/sub-830795_ses-ecephys-830795-2026-02-23-15-03-59_ecephys.nwb/ProbeF/trial_0/phase_0/lib_ab4a70858e/lib_ab4a70858e__delay_0.06__dur_0.18000000000000002.h5
7ff7ce14-1f76-4c15-9d3a-45990304390d,0.01,0.23,ab4a70858e,0.11651423573493958,-6.268656716417908,34.95283018867924,0.0,14.32,30,7,0,0.0,2,4.0,11,1.2,/user/raabe14/u19361/workspace-allen/results/zebra/sub-830795_ses-ecephys-830795-2026-02-23-15-03-59_ecephys.nwb/ProbeF/trial_0/phase_0/lib_ab4a70858e/lib_ab4a70858e__delay_0.01__dur_0.23.h5
7fff2a3c-0169-4ee7-b522-54e61faa6e4b,0.30000000000000004,0.13,ab4a70858e,0.0890781581401825,-43.88059701492537,-6.273584905660378,157.4840764271708,28.65,9,30,7,2.199114857512855,5,8.0,9,0.1,/user/raabe14/u19361/workspace-allen/results/zebra/sub-830795_ses-ecephys-830795-2026-02-23-15-03-59_ecephys.nwb/ProbeF/trial_0/phase_0/lib_ab4a70858e/lib_ab4a70858e__delay_0.30000000000000004__dur_0.13.h5
803f7e8f-2b72-458c-abd1-af5aca5cfd40,0.04,0.23,ab4a70858e,0.09682029485702515,0.8955223880597032,-6.273584905660378,180.0,10.74,34,30,8,2.5132741228718345,1,3.0,12,1.3,/user/raabe14/u19361/workspace-allen/results/zebra/sub-830795_ses-ecephys-830795-2026-02-23-15-03-59_ecephys.nwb/ProbeF/trial_0/phase_0/lib_ab4a70858e/lib_ab4a70858e__delay_0.04__dur_0.23.h5
8094d47c-c846-4212-83b1-d9f981d67129,0.08,0.23,ab4a70858e,0.07813069969415665,-20.59701492537313,40.33018867924528,0.0,7.16,22,4,0,0.0,0,2.0,11,1.2,/user/raabe14/u19361/workspace-allen/results/zebra/sub-830795_ses-ecephys-830795-2026-02-23-15-03-59_ecephys.nwb/ProbeF/trial_0/phase_0/lib_ab4a70858e/lib_ab4a70858e__delay_0.08__dur_0.23.h5
81344458-06b7-4759-8139-ff38fb3319bc,0.01,0.18000000000000002,ab4a70858e,0.07753391563892365,-0.8955223880596961,-8.066037735849058,180.0,14.32,33,31,8,2.5132741228718345,2,4.0,12,1.3,/user/raabe14/u19361/workspace-allen/results/zebra/sub-830795_ses-ecephys-830795-2026-02-23-15-03-59_ecephys.nwb/ProbeF/trial_0/phase_0/lib_ab4a70858e/lib_ab4a70858e__delay_0.01__dur_0.18000000000000002.h5
8147647f-cd98-4608-b8ca-83d984c5969a,0.05,0.13,ab4a70858e,0.08019273728132248,-13.43283582089552,-13.443396226415096,0.0,21.49,26,34,0,0.0,4,6.0,9,0.1,/user/raabe14/u19361/workspace-allen/results/zebra/sub-830795_ses-ecephys-830795-2026-02-23-15-03-59_ecephys.nwb/ProbeF/trial_0/phase_0/lib_ab4a70858e/lib_ab4a70858e__delay_0.05__dur_0.13.h5
815c374d-f89e-4677-afb7-55f451913e20,0.01,0.03,ab4a70858e,0.0,-60.0,47.5,0.0,7.16,0,0,0,0.0,0,2.0,0,0.01,/user/raabe14/u19361/workspace-allen/results/zebra/sub-830795_ses-ecephys-830795-2026-02-23-15-03-59_ecephys.nwb/ProbeF/trial_0/phase_0/lib_ab4a70858e/lib_ab4a70858e__delay_0.01__dur_0.03.h5
819f34fa-00ed-42ba-bf11-d659901ebe81,0.30000000000000004,0.23,ab4a70858e,0.08515431731939316,45.67164179104478,-34.95283018867924,157.4840764271708,14.32,59,46,7,2.199114857512855,2,4.0,9,0.1,/user/raabe14/u19361/workspace-allen/results/zebra/sub-830795_ses-ecephys-830795-2026-02-23-15-03-59_ecephys.nwb/ProbeF/trial_0/phase_0/lib_ab4a70858e/lib_ab4a70858e__delay_0.30000000000000004__dur_0.23.h5
82379eaa-e939-4198-9cf7-5af425ca2a38,0.06,0.18000000000000002,ab4a70858e,0.0848616361618042,-52.83582089552239,-9.858490566037737,0.0,28.65,4,32,0,0.0,5,8.0,9,0.1,/user/raabe14/u19361/workspace-allen/results/zebra/sub-830795_ses-ecephys-830795-2026-02-23-15-03-59_ecephys.nwb/ProbeF/trial_0/phase_0/lib_ab4a70858e/lib_ab4a70858e__delay_0.06__dur_0.18000000000000002.h5
8294ce60-9579-446d-b576-0b53a43e4f3c,0.01,0.23,ab4a70858e,0.08439838886260986,-54.62686567164179,13.443396226415096,157.4840764271708,21.49,3,19,7,2.199114857512855,4,6.0,9,0.1,/user/raabe14/u19361/workspace-allen/results/zebra/sub-830795_ses-ecephys-830795-2026-02-23-15-03-59_ecephys.nwb/ProbeF/trial_0/phase_0/lib_ab4a70858e/lib_ab4a70858e__delay_0.01__dur_0.23.h5
829b525c-76eb-46ab-9f3f-9414042fd797,0.30000000000000004,0.23,ab4a70858e,0.08486364781856537,58.20895522388061,18.820754716981128,157.4840764271708,28.65,66,16,7,2.199114857512855,5,8.0,5,0.06,/user/raabe14/u19361/workspace-allen/results/zebra/sub-830795_ses-ecephys-830795-2026-02-23-15-03-59_ecephys.nwb/ProbeF/trial_0/phase_0/lib_ab4a70858e/lib_ab4a70858e__delay_0.30000000000000004__dur_0.23.h5
82e2c318-9a92-4a5d-af68-5050c58f3805,0.2,0.23,ab4a70858e,0.08287870138883591,15.223880597014926,-17.028301886792452,67.51591472682667,14.32,42,36,3,0.9424777960769379,2,4.0,9,0.1,/user/raabe14/u19361/workspace-allen/results/zebra/sub-830795_ses-ecephys-830795-2026-02-23-15-03-59_ecephys.nwb/ProbeF/trial_0/phase_0/lib_ab4a70858e/lib_ab4a70858e__delay_0.2__dur_0.23.h5
82f6f677-53f1-42d5-b562-bf116e27b16c,0.2,0.13,ab4a70858e,0.07540081441402435,-43.88059701492537,-11.650943396226417,134.9774869247291,28.65,9,33,6,1.8849555921538759,5,8.0,7,0.08,/user/raabe14/u19361/workspace-allen/results/zebra/sub-830795_ses-ecephys-830795-2026-02-23-15-03-59_ecephys.nwb/ProbeF/trial_0/phase_0/lib_ab4a70858e/lib_ab4a70858e__delay_0.2__dur_0.13.h5
8368ceca-fbef-4062-ab52-dfb985c91170,0.0,0.18000000000000002,ab4a70858e,0.07771969586610794,36.71641791044776,-34.95283018867924,67.51591472682667,10.74,54,46,3,0.9424777960769379,1,3.0,5,0.06,/user/raabe14/u19361/workspace-allen/results/zebra/sub-830795_ses-ecephys-830795-2026-02-23-15-03-59_ecephys.nwb/ProbeF/trial_0/phase_0/lib_ab4a70858e/lib_ab4a70858e__delay_0.0__dur_0.18000000000000002.h5
83a2ae26-3c6f-470c-9e06-5aa83a038b8e,0.07,0.18000000000000002,ab4a70858e,0.07412488013505936,0.8955223880597032,6.273584905660378,67.51591472682667,10.74,34,23,3,0.9424777960769379,1,3.0,12,1.3,/user/raabe14/u19361/workspace-allen/results/zebra/sub-830795_ses-ecephys-830795-2026-02-23-15-03-59_ecephys.nwb/ProbeF/trial_0/phase_0/lib_ab4a70858e/lib_ab4a70858e__delay_0.07__dur_0.18000000000000002.h5
84611b9b-4ccd-4518-9f0c-ec435422d98f,0.15000000000000002,0.13,ab4a70858e,0.06706241518259048,-15.223880597014926,-4.481132075471699,0.0,7.16,25,29,0,0.0,0,2.0,9,0.1,/user/raabe14/u19361/workspace-allen/results/zebra/sub-830795_ses-ecephys-830795-2026-02-23-15-03-59_ecephys.nwb/ProbeF/trial_0/phase_0/lib_ab4a70858e/lib_ab4a70858e__delay_0.15000000000000002__dur_0.13.h5
84edbb35-e44d-4eb8-8fa5-a05468bd44d2,0.30000000000000004,0.13,ab4a70858e,0.07531142234802246,-45.67164179104478,-27.78301886792453,180.0,28.65,8,42,8,2.5132741228718345,5,8.0,9,0.1,/user/raabe14/u19361/workspace-allen/results/zebra/sub-830795_ses-ecephys-830795-2026-02-23-15-03-59_ecephys.nwb/ProbeF/trial_0/phase_0/lib_ab4a70858e/lib_ab4a70858e__delay_0.30000000000000004__dur_0.13.h5
85380c2e-99dd-47b2-a582-bb282ae00e14,0.09,0.13,ab4a70858e,0.08024003356695175,-45.67164179104478,15.235849056603776,180.0,21.49,8,18,8,2.5132741228718345,4,6.0,9,0.1,/user/raabe14/u19361/workspace-allen/results/zebra/sub-830795_ses-ecephys-830795-2026-02-23-15-03-59_ecephys.nwb/ProbeF/trial_0/phase_0/lib_ab4a70858e/lib_ab4a70858e__delay_0.09__dur_0.13.h5
855a9034-378c-475d-bdc8-ca6b66717571,0.1,0.18000000000000002,ab4a70858e,0.08329860866069794,11.641791044776127,8.066037735849058,157.4840764271708,10.74,40,22,7,2.199114857512855,1,3.0,7,0.08,/user/raabe14/u19361/workspace-allen/results/zebra/sub-830795_ses-ecephys-830795-2026-02-23-15-03-59_ecephys.nwb/ProbeF/trial_0/phase_0/lib_ab4a70858e/lib_ab4a70858e__delay_0.1__dur_0.18000000000000002.h5
856625c0-e1c3-435e-864f-b57efa07632c,0.30000000000000004,0.13,ab4a70858e,0.08117341250181198,-8.059701492537314,-27.78301886792453,112.48408527317332,14.32,29,42,5,1.5707963267948966,2,4.0,8,0.09,/user/raabe14/u19361/workspace-allen/results/zebra/sub-830795_ses-ecephys-830795-2026-02-23-15-03-59_ecephys.nwb/ProbeF/trial_0/phase_0/lib_ab4a70858e/lib_ab4a70858e__delay_0.30000000000000004__dur_0.13.h5
857939ea-9b4f-4c5f-8e49-995dc3d277cc,0.04,0.23,ab4a70858e,0.0937429890036583,11.641791044776127,-31.367924528301888,67.51591472682667,14.32,40,44,3,0.9424777960769379,2,4.0,9,0.1,/user/raabe14/u19361/workspace-allen/results/zebra/sub-830795_ses-ecephys-830795-2026-02-23-15-03-59_ecephys.nwb/ProbeF/trial_0/phase_0/lib_ab4a70858e/lib_ab4a70858e__delay_0.04__dur_0.23.h5
85fa2831-bf2b-47ce-8aae-3975d22a5b54,0.09,0.23,ab4a70858e,0.07186748087406158,52.83582089552239,34.95283018867924,45.02251307527088,21.49,63,7,2,0.6283185307179586,4,6.0,9,0.1,/user/raabe14/u19361/workspace-allen/results/zebra/sub-830795_ses-ecephys-830795-2026-02-23-15-03-59_ecephys.nwb/ProbeF/trial_0/phase_0/lib_ab4a70858e/lib_ab4a70858e__delay_0.09__dur_0.23.h5
8685e238-41b1-4bf0-ab88-c68ea0b847ed,0.01,0.03,ab4a70858e,0.0,-60.0,47.5,0.0,7.16,0,0,0,0.0,0,2.0,0,0.01,/user/raabe14/u19361/workspace-allen/results/zebra/sub-830795_ses-ecephys-830795-2026-02-23-15-03-59_ecephys.nwb/ProbeF/trial_0/phase_0/lib_ab4a70858e/lib_ab4a70858e__delay_0.01__dur_0.03.h5
8694ae56-ac0f-4dbb-94e1-d94c938f7c24,0.08,0.23,ab4a70858e,0.08673403412103653,-15.223880597014926,-0.8962264150943398,67.51591472682667,14.32,25,27,3,0.9424777960769379,2,4.0,9,0.1,/user/raabe14/u19361/workspace-allen/results/zebra/sub-830795_ses-ecephys-830795-2026-02-23-15-03-59_ecephys.nwb/ProbeF/trial_0/phase_0/lib_ab4a70858e/lib_ab4a70858e__delay_0.08__dur_0.23.h5
8725d2a0-6d24-47f4-a957-47752365d333,0.01,0.18000000000000002,ab4a70858e,0.08661843836307526,-9.850746268656714,-22.40566037735849,112.48408527317332,7.16,28,39,5,1.5707963267948966,0,2.0,11,1.2,/user/raabe14/u19361/workspace-allen/results/zebra/sub-830795_ses-ecephys-830795-2026-02-23-15-03-59_ecephys.nwb/ProbeF/trial_0/phase_0/lib_ab4a70858e/lib_ab4a70858e__delay_0.01__dur_0.18000000000000002.h5
88988e46-72ac-496e-b68f-1b967a8640e0,0.01,0.08,ab4a70858e,0.08998356759548187,-25.970149253731343,-22.40566037735849,0.0,21.49,19,39,0,0.0,4,6.0,11,1.2,/user/raabe14/u19361/workspace-allen/results/zebra/sub-830795_ses-ecephys-830795-2026-02-23-15-03-59_ecephys.nwb/ProbeF/trial_0/phase_0/lib_ab4a70858e/lib_ab4a70858e__delay_0.01__dur_0.08.h5
894d4a5c-defb-4f0d-8280-9b1da9e546b8,0.01,0.03,ab4a70858e,0.0,-60.0,47.5,0.0,7.16,0,0,0,0.0,0,2.0,0,0.01,/user/raabe14/u19361/workspace-allen/results/zebra/sub-830795_ses-ecephys-830795-2026-02-23-15-03-59_ecephys.nwb/ProbeF/trial_0/phase_0/lib_ab4a70858e/lib_ab4a70858e__delay_0.01__dur_0.03.h5
897aa8da-3aaf-42a0-8d3d-b1ce99fbd34c,0.2,0.13,ab4a70858e,0.07443354278802872,-2.6865671641791025,-9.858490566037737,0.0,21.49,32,32,0,0.0,4,6.0,9,0.1,/user/raabe14/u19361/workspace-allen/results/zebra/sub-830795_ses-ecephys-830795-2026-02-23-15-03-59_ecephys.nwb/ProbeF/trial_0/phase_0/lib_ab4a70858e/lib_ab4a70858e__delay_0.2__dur_0.13.h5
89808f8e-fa8f-4d78-aa51-89db780e1417,0.30000000000000004,0.23,ab4a70858e,0.07164784520864487,-4.477611940298509,-9.858490566037737,180.0,21.49,31,32,8,2.5132741228718345,4,6.0,12,1.3,/user/raabe14/u19361/workspace-allen/results/zebra/sub-830795_ses-ecephys-830795-2026-02-23-15-03-59_ecephys.nwb/ProbeF/trial_0/phase_0/lib_ab4a70858e/lib_ab4a70858e__delay_0.30000000000000004__dur_0.23.h5
89ce22c3-b99f-4c34-b3a8-09741e9a54a4,0.30000000000000004,0.13,ab4a70858e,0.08186011761426926,51.04477611940298,-6.273584905660378,134.9774869247291,14.32,62,30,6,1.8849555921538759,2,4.0,9,0.1,/user/raabe14/u19361/workspace-allen/results/zebra/sub-830795_ses-ecephys-830795-2026-02-23-15-03-59_ecephys.nwb/ProbeF/trial_0/phase_0/lib_ab4a70858e/lib_ab4a70858e__delay_0.30000000000000004__dur_0.13.h5
8b6fc9cf-c806-4f0a-83dd-57370b7cd222,0.2,0.23,ab4a70858e,0.08203806728124619,-45.67164179104478,25.990566037735846,45.02251307527088,28.65,8,12,2,0.6283185307179586,5,8.0,4,0.05,/user/raabe14/u19361/workspace-allen/results/zebra/sub-830795_ses-ecephys-830795-2026-02-23-15-03-59_ecephys.nwb/ProbeF/trial_0/phase_0/lib_ab4a70858e/lib_ab4a70858e__delay_0.2__dur_0.23.h5
8bd42a16-8ba5-42ee-8c7f-3b807ad5919a,0.09,0.18000000000000002,ab4a70858e,0.08830539882183075,8.059701492537314,-15.235849056603776,67.51591472682667,14.32,38,35,3,0.9424777960769379,2,4.0,9,0.1,/user/raabe14/u19361/workspace-allen/results/zebra/sub-830795_ses-ecephys-830795-2026-02-23-15-03-59_ecephys.nwb/ProbeF/trial_0/phase_0/lib_ab4a70858e/lib_ab4a70858e__delay_0.09__dur_0.18000000000000002.h5
8bde99ea-c5d8-47fd-adbf-2c1a27972d65,0.05,0.18000000000000002,ab4a70858e,0.07877281308174133,-0.8955223880596961,2.6886792452830193,22.515923572829163,14.32,33,25,9,2.827433388230814,2,4.0,9,0.1,/user/raabe14/u19361/workspace-allen/results/zebra/sub-830795_ses-ecephys-830795-2026-02-23-15-03-59_ecephys.nwb/ProbeF/trial_0/phase_0/lib_ab4a70858e/lib_ab4a70858e__delay_0.05__dur_0.18000000000000002.h5
8c33b236-d0e6-4fe3-804b-992b75cb1275,0.15000000000000002,0.13,ab4a70858e,0.08696947991847992,36.71641791044776,-8.066037735849058,67.51591472682667,28.65,54,31,3,0.9424777960769379,5,8.0,5,0.06,/user/raabe14/u19361/workspace-allen/results/zebra/sub-830795_ses-ecephys-830795-2026-02-23-15-03-59_ecephys.nwb/ProbeF/trial_0/phase_0/lib_ab4a70858e/lib_ab4a70858e__delay_0.15000000000000002__dur_0.13.h5
8cb3f9cc-000a-4ad9-adc2-a4b716231aa3,0.30000000000000004,0.23,ab4a70858e,0.08159943670034409,-8.059701492537314,-31.367924528301888,0.0,14.32,29,44,0,0.0,2,4.0,11,1.2,/user/raabe14/u19361/workspace-allen/results/zebra/sub-830795_ses-ecephys-830795-2026-02-23-15-03-59_ecephys.nwb/ProbeF/trial_0/phase_0/lib_ab4a70858e/lib_ab4a70858e__delay_0.30000000000000004__dur_0.23.h5
8cbd53c8-8cc0-4488-a3eb-a8868e6d736a,0.15000000000000002,0.23,ab4a70858e,0.07454097270965576,-29.55223880597015,9.858490566037737,157.4840764271708,17.91,17,21,7,2.199114857512855,3,5.0,9,0.1,/user/raabe14/u19361/workspace-allen/results/zebra/sub-830795_ses-ecephys-830795-2026-02-23-15-03-59_ecephys.nwb/ProbeF/trial_0/phase_0/lib_ab4a70858e/lib_ab4a70858e__delay_0.15000000000000002__dur_0.23.h5
8da80e45-df87-473f-b15f-a3c592062eca,0.2,0.23,ab4a70858e,0.07927081733942032,-25.970149253731343,-27.78301886792453,157.4840764271708,28.65,19,42,7,2.199114857512855,5,8.0,8,0.09,/user/raabe14/u19361/workspace-allen/results/zebra/sub-830795_ses-ecephys-830795-2026-02-23-15-03-59_ecephys.nwb/ProbeF/trial_0/phase_0/lib_ab4a70858e/lib_ab4a70858e__delay_0.2__dur_0.23.h5
8e2e81eb-503a-4ffe-bc2a-9e917bcfe4bf,0.01,0.03,ab4a70858e,0.0,-60.0,47.5,0.0,7.16,0,0,0,0.0,0,2.0,0,0.01,/user/raabe14/u19361/workspace-allen/results/zebra/sub-830795_ses-ecephys-830795-2026-02-23-15-03-59_ecephys.nwb/ProbeF/trial_0/phase_0/lib_ab4a70858e/lib_ab4a70858e__delay_0.01__dur_0.03.h5
8ec067b9-e6e4-49ef-8fd7-5f9147814d97,0.02,0.13,ab4a70858e,0.09188167005777359,24.179104477611943,-11.650943396226417,112.48408527317332,17.91,47,33,5,1.5707963267948966,3,5.0,11,1.2,/user/raabe14/u19361/workspace-allen/results/zebra/sub-830795_ses-ecephys-830795-2026-02-23-15-03-59_ecephys.nwb/ProbeF/trial_0/phase_0/lib_ab4a70858e/lib_ab4a70858e__delay_0.02__dur_0.13.h5
8f150284-202f-4d61-90d2-a6a53e3d9fc1,0.0,0.23,ab4a70858e,0.10782520473003387,-15.223880597014926,-17.028301886792452,67.51591472682667,14.32,25,36,3,0.9424777960769379,2,4.0,12,1.3,/user/raabe14/u19361/workspace-allen/results/zebra/sub-830795_ses-ecephys-830795-2026-02-23-15-03-59_ecephys.nwb/ProbeF/trial_0/phase_0/lib_ab4a70858e/lib_ab4a70858e__delay_0.0__dur_0.23.h5
901608f6-e9d6-49c6-9da6-ebd4845fe5cc,0.30000000000000004,0.23,ab4a70858e,0.0845070481300354,0.8955223880597032,-9.858490566037737,157.4840764271708,28.65,34,32,7,2.199114857512855,5,8.0,8,0.09,/user/raabe14/u19361/workspace-allen/results/zebra/sub-830795_ses-ecephys-830795-2026-02-23-15-03-59_ecephys.nwb/ProbeF/trial_0/phase_0/lib_ab4a70858e/lib_ab4a70858e__delay_0.30000000000000004__dur_0.23.h5
9135ee64-ffc3-4cf8-a1cb-f965b2a971e8,0.01,0.03,ab4a70858e,0.0,-60.0,47.5,0.0,7.16,0,0,0,0.0,0,2.0,0,0.01,/user/raabe14/u19361/workspace-allen/results/zebra/sub-830795_ses-ecephys-830795-2026-02-23-15-03-59_ecephys.nwb/ProbeF/trial_0/phase_0/lib_ab4a70858e/lib_ab4a70858e__delay_0.01__dur_0.03.h5
9177043f-5b5d-4881-b154-ad56fe41e263,0.0,0.23,ab4a70858e,0.07710462063550949,6.268656716417908,-29.57547169811321,67.51591472682667,10.74,37,43,3,0.9424777960769379,1,3.0,9,0.1,/user/raabe14/u19361/workspace-allen/results/zebra/sub-830795_ses-ecephys-830795-2026-02-23-15-03-59_ecephys.nwb/ProbeF/trial_0/phase_0/lib_ab4a70858e/lib_ab4a70858e__delay_0.0__dur_0.23.h5
9181558d-c1b2-4fe0-adb0-f5e7ae3f461b,0.25,0.23,ab4a70858e,0.07972374558448792,-54.62686567164179,11.650943396226417,157.4840764271708,14.32,3,20,7,2.199114857512855,2,4.0,9,0.1,/user/raabe14/u19361/workspace-allen/results/zebra/sub-830795_ses-ecephys-830795-2026-02-23-15-03-59_ecephys.nwb/ProbeF/trial_0/phase_0/lib_ab4a70858e/lib_ab4a70858e__delay_0.25__dur_0.23.h5
9285fbf9-d436-42da-abd6-76a45a98e857,0.06,0.23,ab4a70858e,0.08524604141712189,-25.970149253731343,-2.6886792452830193,67.51591472682667,14.32,19,28,3,0.9424777960769379,2,4.0,12,1.3,/user/raabe14/u19361/workspace-allen/results/zebra/sub-830795_ses-ecephys-830795-2026-02-23-15-03-59_ecephys.nwb/ProbeF/trial_0/phase_0/lib_ab4a70858e/lib_ab4a70858e__delay_0.06__dur_0.23.h5
928f9960-90e6-488e-9cd0-45ae0c4097c5,0.07,0.23,ab4a70858e,0.08858203142881393,-6.268656716417908,4.481132075471699,0.0,14.32,30,24,0,0.0,2,4.0,9,0.1,/user/raabe14/u19361/workspace-allen/results/zebra/sub-830795_ses-ecephys-830795-2026-02-23-15-03-59_ecephys.nwb/ProbeF/trial_0/phase_0/lib_ab4a70858e/lib_ab4a70858e__delay_0.07__dur_0.23.h5
92a88276-0952-493d-827d-3ee42d7c4312,0.25,0.23,ab4a70858e,0.08472531288862228,-24.179104477611936,13.443396226415096,157.4840764271708,28.65,20,19,7,2.199114857512855,5,8.0,9,0.1,/user/raabe14/u19361/workspace-allen/results/zebra/sub-830795_ses-ecephys-830795-2026-02-23-15-03-59_ecephys.nwb/ProbeF/trial_0/phase_0/lib_ab4a70858e/lib_ab4a70858e__delay_0.25__dur_0.23.h5
92bdb06b-a05a-4fee-8e15-113daa0f91dd,0.08,0.23,ab4a70858e,0.08454053103923798,-0.8955223880596961,-2.6886792452830193,157.4840764271708,17.91,33,28,7,2.199114857512855,3,5.0,8,0.09,/user/raabe14/u19361/workspace-allen/results/zebra/sub-830795_ses-ecephys-830795-2026-02-23-15-03-59_ecephys.nwb/ProbeF/trial_0/phase_0/lib_ab4a70858e/lib_ab4a70858e__delay_0.08__dur_0.23.h5
93034e64-932d-4e9d-8914-d903cf792567,0.25,0.23,ab4a70858e,0.20179225504398346,-25.970149253731343,-13.443396226415096,157.4840764271708,21.49,19,34,7,2.199114857512855,4,6.0,12,1.3,/user/raabe14/u19361/workspace-allen/results/zebra/sub-830795_ses-ecephys-830795-2026-02-23-15-03-59_ecephys.nwb/ProbeF/trial_0/phase_0/lib_ab4a70858e/lib_ab4a70858e__delay_0.25__dur_0.23.h5
94962568-94ea-4dab-8b46-7f14d4b9f1f0,0.03,0.13,ab4a70858e,0.07998441159725189,-0.8955223880596961,-20.61320754716981,45.02251307527088,28.65,33,38,2,0.6283185307179586,5,8.0,9,0.1,/user/raabe14/u19361/workspace-allen/results/zebra/sub-830795_ses-ecephys-830795-2026-02-23-15-03-59_ecephys.nwb/ProbeF/trial_0/phase_0/lib_ab4a70858e/lib_ab4a70858e__delay_0.03__dur_0.13.h5
94f72c6d-19dc-4281-afaf-888b7d4c3361,0.01,0.18000000000000002,ab4a70858e,0.06759997457265854,-4.477611940298509,-13.443396226415096,157.4840764271708,17.91,31,34,7,2.199114857512855,3,5.0,8,0.09,/user/raabe14/u19361/workspace-allen/results/zebra/sub-830795_ses-ecephys-830795-2026-02-23-15-03-59_ecephys.nwb/ProbeF/trial_0/phase_0/lib_ab4a70858e/lib_ab4a70858e__delay_0.01__dur_0.18000000000000002.h5
9608cd7a-e02e-47e9-9746-dde880f083fc,0.0,0.23,ab4a70858e,0.09298855066299438,2.6865671641791096,8.066037735849058,0.0,17.91,35,22,0,0.0,3,5.0,9,0.1,/user/raabe14/u19361/workspace-allen/results/zebra/sub-830795_ses-ecephys-830795-2026-02-23-15-03-59_ecephys.nwb/ProbeF/trial_0/phase_0/lib_ab4a70858e/lib_ab4a70858e__delay_0.0__dur_0.23.h5
965af3e2-cffa-4355-b8e2-904db076f571,0.08,0.18000000000000002,ab4a70858e,0.0724647045135498,-15.223880597014926,-31.367924528301888,0.0,7.16,25,44,0,0.0,0,2.0,11,1.2,/user/raabe14/u19361/workspace-allen/results/zebra/sub-830795_ses-ecephys-830795-2026-02-23-15-03-59_ecephys.nwb/ProbeF/trial_0/phase_0/lib_ab4a70858e/lib_ab4a70858e__delay_0.08__dur_0.18000000000000002.h5
96adc15e-7b8b-4039-aa4b-44563ee46af2,0.08,0.23,ab4a70858e,0.07917144894599915,-22.388059701492537,2.6886792452830193,90.0,10.74,21,25,4,1.2566370614359172,1,3.0,9,0.1,/user/raabe14/u19361/workspace-allen/results/zebra/sub-830795_ses-ecephys-830795-2026-02-23-15-03-59_ecephys.nwb/ProbeF/trial_0/phase_0/lib_ab4a70858e/lib_ab4a70858e__delay_0.08__dur_0.23.h5
97b296af-42f6-4bb6-ab86-cf7b80bcab96,0.30000000000000004,0.23,ab4a70858e,0.1118561178445816,20.59701492537313,-24.19811320754717,0.0,17.91,45,40,0,0.0,3,5.0,11,1.2,/user/raabe14/u19361/workspace-allen/results/zebra/sub-830795_ses-ecephys-830795-2026-02-23-15-03-59_ecephys.nwb/ProbeF/trial_0/phase_0/lib_ab4a70858e/lib_ab4a70858e__delay_0.30000000000000004__dur_0.23.h5
99281d25-badc-4272-9273-399684f7b4d4,0.08,0.23,ab4a70858e,0.08742517977952957,-25.970149253731343,4.481132075471699,22.515923572829195,28.65,19,24,1,0.3141592653589793,5,8.0,9,0.1,/user/raabe14/u19361/workspace-allen/results/zebra/sub-830795_ses-ecephys-830795-2026-02-23-15-03-59_ecephys.nwb/ProbeF/trial_0/phase_0/lib_ab4a70858e/lib_ab4a70858e__delay_0.08__dur_0.23.h5
993ac29f-fd21-4093-952b-bb513e6c4e33,0.25,0.23,ab4a70858e,0.06801851838827133,-25.970149253731343,-0.8962264150943398,157.4840764271708,28.65,19,27,7,2.199114857512855,5,8.0,9,0.1,/user/raabe14/u19361/workspace-allen/results/zebra/sub-830795_ses-ecephys-830795-2026-02-23-15-03-59_ecephys.nwb/ProbeF/trial_0/phase_0/lib_ab4a70858e/lib_ab4a70858e__delay_0.25__dur_0.23.h5
9a38bbb0-6668-4ce5-a630-2878f2dafeea,0.30000000000000004,0.23,ab4a70858e,0.08625157177448273,58.20895522388061,-2.6886792452830193,67.51591472682667,14.32,66,28,3,0.9424777960769379,2,4.0,12,1.3,/user/raabe14/u19361/workspace-allen/results/zebra/sub-830795_ses-ecephys-830795-2026-02-23-15-03-59_ecephys.nwb/ProbeF/trial_0/phase_0/lib_ab4a70858e/lib_ab4a70858e__delay_0.30000000000000004__dur_0.23.h5
9aa9a1c1-7eb0-4084-8910-bc51d02bbdec,0.25,0.18000000000000002,ab4a70858e,0.08237992972135544,-8.059701492537314,-24.19811320754717,22.515923572829163,14.32,29,40,9,2.827433388230814,2,4.0,5,0.06,/user/raabe14/u19361/workspace-allen/results/zebra/sub-830795_ses-ecephys-830795-2026-02-23-15-03-59_ecephys.nwb/ProbeF/trial_0/phase_0/lib_ab4a70858e/lib_ab4a70858e__delay_0.25__dur_0.18000000000000002.h5
9b364ecb-8776-49b9-925a-d0bc27dd7842,0.2,0.13,ab4a70858e,0.07471932470798492,58.20895522388061,34.95283018867924,157.4840764271708,28.65,66,7,7,2.199114857512855,5,8.0,9,0.1,/user/raabe14/u19361/workspace-allen/results/zebra/sub-830795_ses-ecephys-830795-2026-02-23-15-03-59_ecephys.nwb/ProbeF/trial_0/phase_0/lib_ab4a70858e/lib_ab4a70858e__delay_0.2__dur_0.13.h5
9bdacb65-929b-4a41-9aac-c743ed1201ef,0.1,0.23,ab4a70858e,0.07700331509113312,-27.761194029850742,17.02830188679245,0.0,7.16,18,17,0,0.0,0,2.0,11,1.2,/user/raabe14/u19361/workspace-allen/results/zebra/sub-830795_ses-ecephys-830795-2026-02-23-15-03-59_ecephys.nwb/ProbeF/trial_0/phase_0/lib_ab4a70858e/lib_ab4a70858e__delay_0.1__dur_0.23.h5
9cd4f805-7599-43b2-b7f0-b37fd9700669,0.30000000000000004,0.18000000000000002,ab4a70858e,0.07538605481386185,-2.6865671641791025,-18.82075471698113,157.4840764271708,28.65,32,37,7,2.199114857512855,5,8.0,7,0.08,/user/raabe14/u19361/workspace-allen/results/zebra/sub-830795_ses-ecephys-830795-2026-02-23-15-03-59_ecephys.nwb/ProbeF/trial_0/phase_0/lib_ab4a70858e/lib_ab4a70858e__delay_0.30000000000000004__dur_0.18000000000000002.h5
9d70021b-b7ce-4111-a498-874b02fdbe61,0.09,0.23,ab4a70858e,0.06987717747688293,0.8955223880597032,-34.95283018867924,45.02251307527088,14.32,34,46,2,0.6283185307179586,2,4.0,7,0.08,/user/raabe14/u19361/workspace-allen/results/zebra/sub-830795_ses-ecephys-830795-2026-02-23-15-03-59_ecephys.nwb/ProbeF/trial_0/phase_0/lib_ab4a70858e/lib_ab4a70858e__delay_0.09__dur_0.23.h5
9d86f703-e06e-4990-842f-584441bb81c2,0.2,0.23,ab4a70858e,0.08011560142040253,-13.43283582089552,18.820754716981128,0.0,28.65,26,16,0,0.0,5,8.0,5,0.06,/user/raabe14/u19361/workspace-allen/results/zebra/sub-830795_ses-ecephys-830795-2026-02-23-15-03-59_ecephys.nwb/ProbeF/trial_0/phase_0/lib_ab4a70858e/lib_ab4a70858e__delay_0.2__dur_0.23.h5
9d8c88d9-ec6e-4b1f-85d5-db70521c0faf,0.01,0.18000000000000002,ab4a70858e,0.0731801688671112,-8.059701492537314,-36.74528301886792,112.48408527317332,10.74,29,47,5,1.5707963267948966,1,3.0,11,1.2,/user/raabe14/u19361/workspace-allen/results/zebra/sub-830795_ses-ecephys-830795-2026-02-23-15-03-59_ecephys.nwb/ProbeF/trial_0/phase_0/lib_ab4a70858e/lib_ab4a70858e__delay_0.01__dur_0.18000000000000002.h5
9da5c27e-55b4-4c39-8327-ef015137e93c,0.07,0.13,ab4a70858e,0.07489460706710815,-25.970149253731343,11.650943396226417,67.51591472682667,10.74,19,20,3,0.9424777960769379,1,3.0,12,1.3,/user/raabe14/u19361/workspace-allen/results/zebra/sub-830795_ses-ecephys-830795-2026-02-23-15-03-59_ecephys.nwb/ProbeF/trial_0/phase_0/lib_ab4a70858e/lib_ab4a70858e__delay_0.07__dur_0.13.h5
9dd95597-9d85-4d89-994c-6c31a83a5244,0.1,0.23,ab4a70858e,0.07524492591619492,-9.850746268656714,-22.40566037735849,22.515923572829163,14.32,28,39,9,2.827433388230814,2,4.0,7,0.08,/user/raabe14/u19361/workspace-allen/results/zebra/sub-830795_ses-ecephys-830795-2026-02-23-15-03-59_ecephys.nwb/ProbeF/trial_0/phase_0/lib_ab4a70858e/lib_ab4a70858e__delay_0.1__dur_0.23.h5
9e42f91d-67bc-4fa4-956b-c2bbebff86f7,0.08,0.18000000000000002,ab4a70858e,0.17281308770179749,-0.8955223880596961,-9.858490566037737,157.4840764271708,14.32,33,32,7,2.199114857512855,2,4.0,12,1.3,/user/raabe14/u19361/workspace-allen/results/zebra/sub-830795_ses-ecephys-830795-2026-02-23-15-03-59_ecephys.nwb/ProbeF/trial_0/phase_0/lib_ab4a70858e/lib_ab4a70858e__delay_0.08__dur_0.18000000000000002.h5
9ef22f7a-cd3f-47f5-926c-852eae433c25,0.0,0.08,ab4a70858e,0.08212253451347351,47.462686567164184,33.160377358490564,157.4840764271708,21.49,60,8,7,2.199114857512855,4,6.0,9,0.1,/user/raabe14/u19361/workspace-allen/results/zebra/sub-830795_ses-ecephys-830795-2026-02-23-15-03-59_ecephys.nwb/ProbeF/trial_0/phase_0/lib_ab4a70858e/lib_ab4a70858e__delay_0.0__dur_0.08.h5
9f1d9f3d-8332-4736-bd65-ad4246dcc85b,0.30000000000000004,0.18000000000000002,ab4a70858e,0.07244361937046051,-0.8955223880596961,2.6886792452830193,180.0,28.65,33,25,8,2.5132741228718345,5,8.0,3,0.04,/user/raabe14/u19361/workspace-allen/results/zebra/sub-830795_ses-ecephys-830795-2026-02-23-15-03-59_ecephys.nwb/ProbeF/trial_0/phase_0/lib_ab4a70858e/lib_ab4a70858e__delay_0.30000000000000004__dur_0.18000000000000002.h5
9f622f55-c63a-42f7-8feb-fa02d5113530,0.03,0.23,ab4a70858e,0.07782447338104248,9.85074626865672,-18.82075471698113,67.51591472682667,7.16,39,37,3,0.9424777960769379,0,2.0,12,1.3,/user/raabe14/u19361/workspace-allen/results/zebra/sub-830795_ses-ecephys-830795-2026-02-23-15-03-59_ecephys.nwb/ProbeF/trial_0/phase_0/lib_ab4a70858e/lib_ab4a70858e__delay_0.03__dur_0.23.h5
9f7a667d-8c10-403f-a47c-78a1b9b24fea,0.30000000000000004,0.23,ab4a70858e,0.0928616151213646,-17.014925373134325,-29.57547169811321,0.0,17.91,24,43,0,0.0,3,5.0,9,0.1,/user/raabe14/u19361/workspace-allen/results/zebra/sub-830795_ses-ecephys-830795-2026-02-23-15-03-59_ecephys.nwb/ProbeF/trial_0/phase_0/lib_ab4a70858e/lib_ab4a70858e__delay_0.30000000000000004__dur_0.23.h5
a038e1ee-737a-4bbd-9c89-855ef09a5c98,0.01,0.03,ab4a70858e,0.0,-60.0,47.5,0.0,7.16,0,0,0,0.0,0,2.0,0,0.01,/user/raabe14/u19361/workspace-allen/results/zebra/sub-830795_ses-ecephys-830795-2026-02-23-15-03-59_ecephys.nwb/ProbeF/trial_0/phase_0/lib_ab4a70858e/lib_ab4a70858e__delay_0.01__dur_0.03.h5
a11aee0c-8e06-4ab6-9ddc-c4dcd41522be,0.09,0.23,ab4a70858e,0.08326566219329834,29.55223880597015,15.235849056603776,134.9774869247291,17.91,50,18,6,1.8849555921538759,3,5.0,9,0.1,/user/raabe14/u19361/workspace-allen/results/zebra/sub-830795_ses-ecephys-830795-2026-02-23-15-03-59_ecephys.nwb/ProbeF/trial_0/phase_0/lib_ab4a70858e/lib_ab4a70858e__delay_0.09__dur_0.23.h5
a1a3f035-48c8-4b6e-a9ab-e0a6811930a8,0.02,0.18000000000000002,ab4a70858e,0.09023331850767136,-49.25373134328358,36.74528301886792,45.02251307527088,7.16,6,6,2,0.6283185307179586,0,2.0,12,1.3,/user/raabe14/u19361/workspace-allen/results/zebra/sub-830795_ses-ecephys-830795-2026-02-23-15-03-59_ecephys.nwb/ProbeF/trial_0/phase_0/lib_ab4a70858e/lib_ab4a70858e__delay_0.02__dur_0.18000000000000002.h5
a20b4e2f-4866-48f6-9a61-ffdcd85a5636,0.15000000000000002,0.23,ab4a70858e,0.07873767614364624,-29.55223880597015,8.066037735849058,134.9774869247291,21.49,17,22,6,1.8849555921538759,4,6.0,8,0.09,/user/raabe14/u19361/workspace-allen/results/zebra/sub-830795_ses-ecephys-830795-2026-02-23-15-03-59_ecephys.nwb/ProbeF/trial_0/phase_0/lib_ab4a70858e/lib_ab4a70858e__delay_0.15000000000000002__dur_0.23.h5
a2214b75-8c83-439c-889c-c268454b5406,0.30000000000000004,0.18000000000000002,ab4a70858e,0.0778641402721405,-34.92537313432835,-4.481132075471699,112.48408527317332,7.16,14,29,5,1.5707963267948966,0,2.0,11,1.2,/user/raabe14/u19361/workspace-allen/results/zebra/sub-830795_ses-ecephys-830795-2026-02-23-15-03-59_ecephys.nwb/ProbeF/trial_0/phase_0/lib_ab4a70858e/lib_ab4a70858e__delay_0.30000000000000004__dur_0.18000000000000002.h5
a302da9e-72d6-4fe0-82f2-4ad0927381a5,0.15000000000000002,0.18000000000000002,ab4a70858e,0.07425980269908905,20.59701492537313,-2.6886792452830193,0.0,17.91,45,28,0,0.0,3,5.0,11,1.2,/user/raabe14/u19361/workspace-allen/results/zebra/sub-830795_ses-ecephys-830795-2026-02-23-15-03-59_ecephys.nwb/ProbeF/trial_0/phase_0/lib_ab4a70858e/lib_ab4a70858e__delay_0.15000000000000002__dur_0.18000000000000002.h5
a34fc9e1-29da-476e-a6f7-03f358c09838,0.30000000000000004,0.23,ab4a70858e,0.07266192883253098,27.761194029850756,0.8962264150943398,22.515923572829195,14.32,49,26,1,0.3141592653589793,2,4.0,9,0.1,/user/raabe14/u19361/workspace-allen/results/zebra/sub-830795_ses-ecephys-830795-2026-02-23-15-03-59_ecephys.nwb/ProbeF/trial_0/phase_0/lib_ab4a70858e/lib_ab4a70858e__delay_0.30000000000000004__dur_0.23.h5
a37b31b9-ea8f-4d39-b8ed-816a5171b246,0.30000000000000004,0.23,ab4a70858e,0.07232256233692169,-11.64179104477612,-4.481132075471699,22.515923572829163,10.74,27,29,9,2.827433388230814,1,3.0,9,0.1,/user/raabe14/u19361/workspace-allen/results/zebra/sub-830795_ses-ecephys-830795-2026-02-23-15-03-59_ecephys.nwb/ProbeF/trial_0/phase_0/lib_ab4a70858e/lib_ab4a70858e__delay_0.30000000000000004__dur_0.23.h5
a50728f4-262b-4f67-82e8-f3ba74046a7f,0.15000000000000002,0.23,ab4a70858e,0.07758652418851852,-8.059701492537314,-9.858490566037737,112.48408527317332,7.16,29,32,5,1.5707963267948966,0,2.0,11,1.2,/user/raabe14/u19361/workspace-allen/results/zebra/sub-830795_ses-ecephys-830795-2026-02-23-15-03-59_ecephys.nwb/ProbeF/trial_0/phase_0/lib_ab4a70858e/lib_ab4a70858e__delay_0.15000000000000002__dur_0.23.h5
a5c0c00c-9f17-4944-8ce4-1fa0b09cb2dd,0.0,0.08,ab4a70858e,0.07881022989749908,51.04477611940298,-45.70754716981132,22.515923572829163,28.65,62,52,9,2.827433388230814,5,8.0,1,0.02,/user/raabe14/u19361/workspace-allen/results/zebra/sub-830795_ses-ecephys-830795-2026-02-23-15-03-59_ecephys.nwb/ProbeF/trial_0/phase_0/lib_ab4a70858e/lib_ab4a70858e__delay_0.0__dur_0.08.h5
a61bc7f8-d9b4-4079-9109-c9ac84454002,0.05,0.08,ab4a70858e,0.07686804980039597,-24.179104477611936,-42.12264150943396,180.0,21.49,20,50,8,2.5132741228718345,4,6.0,6,0.07,/user/raabe14/u19361/workspace-allen/results/zebra/sub-830795_ses-ecephys-830795-2026-02-23-15-03-59_ecephys.nwb/ProbeF/trial_0/phase_0/lib_ab4a70858e/lib_ab4a70858e__delay_0.05__dur_0.08.h5
a63bf087-ae69-4e79-982e-e74197f19f4b,0.25,0.13,ab4a70858e,0.07900138199329376,13.43283582089552,9.858490566037737,67.51591472682667,10.74,41,21,3,0.9424777960769379,1,3.0,12,1.3,/user/raabe14/u19361/workspace-allen/results/zebra/sub-830795_ses-ecephys-830795-2026-02-23-15-03-59_ecephys.nwb/ProbeF/trial_0/phase_0/lib_ab4a70858e/lib_ab4a70858e__delay_0.25__dur_0.13.h5
a67fdc07-f21a-462c-89d7-623f63223546,0.15000000000000002,0.13,ab4a70858e,0.08234209567308426,-25.970149253731343,18.820754716981128,157.4840764271708,28.65,19,16,7,2.199114857512855,5,8.0,9,0.1,/user/raabe14/u19361/workspace-allen/results/zebra/sub-830795_ses-ecephys-830795-2026-02-23-15-03-59_ecephys.nwb/ProbeF/trial_0/phase_0/lib_ab4a70858e/lib_ab4a70858e__delay_0.15000000000000002__dur_0.13.h5
a6960ec2-ccb6-4ae9-8d22-a8f847a0a4b3,0.08,0.18000000000000002,ab4a70858e,0.0741075947880745,-15.223880597014926,43.91509433962264,45.02251307527088,10.74,25,2,2,0.6283185307179586,1,3.0,9,0.1,/user/raabe14/u19361/workspace-allen/results/zebra/sub-830795_ses-ecephys-830795-2026-02-23-15-03-59_ecephys.nwb/ProbeF/trial_0/phase_0/lib_ab4a70858e/lib_ab4a70858e__delay_0.08__dur_0.18000000000000002.h5
a78566fb-6c9e-4f53-8b91-43133bbe432d,0.06,0.13,ab4a70858e,0.07623066753149033,-45.67164179104478,-20.61320754716981,157.4840764271708,14.32,8,38,7,2.199114857512855,2,4.0,4,0.05,/user/raabe14/u19361/workspace-allen/results/zebra/sub-830795_ses-ecephys-830795-2026-02-23-15-03-59_ecephys.nwb/ProbeF/trial_0/phase_0/lib_ab4a70858e/lib_ab4a70858e__delay_0.06__dur_0.13.h5
a79d7d14-77d6-4429-af29-5dc5ccad6e7c,0.08,0.23,ab4a70858e,0.07400122284889221,-25.970149253731343,-34.95283018867924,157.4840764271708,28.65,19,46,7,2.199114857512855,5,8.0,2,0.03,/user/raabe14/u19361/workspace-allen/results/zebra/sub-830795_ses-ecephys-830795-2026-02-23-15-03-59_ecephys.nwb/ProbeF/trial_0/phase_0/lib_ab4a70858e/lib_ab4a70858e__delay_0.08__dur_0.23.h5
a7ca4375-8fe2-4d66-85d9-952fc6995d5d,0.0,0.13,ab4a70858e,0.08641627430915833,13.43283582089552,-17.028301886792452,112.48408527317332,10.74,41,36,5,1.5707963267948966,1,3.0,9,0.1,/user/raabe14/u19361/workspace-allen/results/zebra/sub-830795_ses-ecephys-830795-2026-02-23-15-03-59_ecephys.nwb/ProbeF/trial_0/phase_0/lib_ab4a70858e/lib_ab4a70858e__delay_0.0__dur_0.13.h5
a7ce5027-32e1-4902-b520-83ac6ae01842,0.0,0.23,ab4a70858e,0.0781538337469101,49.25373134328359,-13.443396226415096,180.0,7.16,61,34,8,2.5132741228718345,0,2.0,12,1.3,/user/raabe14/u19361/workspace-allen/results/zebra/sub-830795_ses-ecephys-830795-2026-02-23-15-03-59_ecephys.nwb/ProbeF/trial_0/phase_0/lib_ab4a70858e/lib_ab4a70858e__delay_0.0__dur_0.23.h5
a835884f-154a-4ff4-a8d2-f6c553f4e020,0.09,0.13,ab4a70858e,0.09004705399274826,24.179104477611943,2.6886792452830193,157.4840764271708,17.91,47,25,7,2.199114857512855,3,5.0,9,0.1,/user/raabe14/u19361/workspace-allen/results/zebra/sub-830795_ses-ecephys-830795-2026-02-23-15-03-59_ecephys.nwb/ProbeF/trial_0/phase_0/lib_ab4a70858e/lib_ab4a70858e__delay_0.09__dur_0.13.h5
a872338b-e540-41ef-a2b3-47c5004e8b2d,0.25,0.18000000000000002,ab4a70858e,0.07489733397960663,-27.761194029850742,15.235849056603776,112.48408527317332,28.65,18,18,5,1.5707963267948966,5,8.0,7,0.08,/user/raabe14/u19361/workspace-allen/results/zebra/sub-830795_ses-ecephys-830795-2026-02-23-15-03-59_ecephys.nwb/ProbeF/trial_0/phase_0/lib_ab4a70858e/lib_ab4a70858e__delay_0.25__dur_0.18000000000000002.h5
a94a3eb9-4c4a-4707-98e6-412b2cd59dc2,0.01,0.03,ab4a70858e,0.0,-60.0,47.5,0.0,7.16,0,0,0,0.0,0,2.0,0,0.01,/user/raabe14/u19361/workspace-allen/results/zebra/sub-830795_ses-ecephys-830795-2026-02-23-15-03-59_ecephys.nwb/ProbeF/trial_0/phase_0/lib_ab4a70858e/lib_ab4a70858e__delay_0.01__dur_0.03.h5
a9af9c20-5c27-4fef-b8f7-bd7dfb45d74f,0.15000000000000002,0.13,ab4a70858e,0.07881030440330505,20.59701492537313,9.858490566037737,157.4840764271708,17.91,45,21,7,2.199114857512855,3,5.0,9,0.1,/user/raabe14/u19361/workspace-allen/results/zebra/sub-830795_ses-ecephys-830795-2026-02-23-15-03-59_ecephys.nwb/ProbeF/trial_0/phase_0/lib_ab4a70858e/lib_ab4a70858e__delay_0.15000000000000002__dur_0.13.h5
aaa9a573-9b4c-4374-a59a-84daa200a246,0.1,0.23,ab4a70858e,0.07235714793205261,11.641791044776127,-13.443396226415096,0.0,10.74,40,34,0,0.0,1,3.0,9,0.1,/user/raabe14/u19361/workspace-allen/results/zebra/sub-830795_ses-ecephys-830795-2026-02-23-15-03-59_ecephys.nwb/ProbeF/trial_0/phase_0/lib_ab4a70858e/lib_ab4a70858e__delay_0.1__dur_0.23.h5
ab46209f-b121-42f6-b9e1-2a106152774d,0.03,0.08,ab4a70858e,0.07438819110393524,29.55223880597015,-31.367924528301888,180.0,14.32,50,44,8,2.5132741228718345,2,4.0,3,0.04,/user/raabe14/u19361/workspace-allen/results/zebra/sub-830795_ses-ecephys-830795-2026-02-23-15-03-59_ecephys.nwb/ProbeF/trial_0/phase_0/lib_ab4a70858e/lib_ab4a70858e__delay_0.03__dur_0.08.h5
ab67377b-b666-436d-bd89-81f014b7823b,0.01,0.03,ab4a70858e,0.0,-60.0,47.5,0.0,7.16,0,0,0,0.0,0,2.0,0,0.01,/user/raabe14/u19361/workspace-allen/results/zebra/sub-830795_ses-ecephys-830795-2026-02-23-15-03-59_ecephys.nwb/ProbeF/trial_0/phase_0/lib_ab4a70858e/lib_ab4a70858e__delay_0.01__dur_0.03.h5
ab97027c-203d-4287-b0ac-441c010f0101,0.06,0.23,ab4a70858e,0.0810549259185791,0.8955223880597032,-45.70754716981132,45.02251307527088,10.74,34,52,2,0.6283185307179586,1,3.0,12,1.3,/user/raabe14/u19361/workspace-allen/results/zebra/sub-830795_ses-ecephys-830795-2026-02-23-15-03-59_ecephys.nwb/ProbeF/trial_0/phase_0/lib_ab4a70858e/lib_ab4a70858e__delay_0.06__dur_0.23.h5
abbfad7f-98cd-42d9-af50-340d7b418fa3,0.09,0.13,ab4a70858e,0.07323429733514786,-52.83582089552239,4.481132075471699,67.51591472682667,17.91,4,24,3,0.9424777960769379,3,5.0,6,0.07,/user/raabe14/u19361/workspace-allen/results/zebra/sub-830795_ses-ecephys-830795-2026-02-23-15-03-59_ecephys.nwb/ProbeF/trial_0/phase_0/lib_ab4a70858e/lib_ab4a70858e__delay_0.09__dur_0.13.h5
acce2fa4-e659-40d5-a855-8cedac163bbc,0.15000000000000002,0.18000000000000002,ab4a70858e,0.07691796869039536,-22.388059701492537,43.91509433962264,45.02251307527088,28.65,21,2,2,0.6283185307179586,5,8.0,6,0.07,/user/raabe14/u19361/workspace-allen/results/zebra/sub-830795_ses-ecephys-830795-2026-02-23-15-03-59_ecephys.nwb/ProbeF/trial_0/phase_0/lib_ab4a70858e/lib_ab4a70858e__delay_0.15000000000000002__dur_0.18000000000000002.h5
acd8720e-091b-487d-a729-39e261f76691,0.30000000000000004,0.23,ab4a70858e,0.0835265964269638,25.97014925373135,43.91509433962264,67.51591472682667,7.16,48,2,3,0.9424777960769379,0,2.0,12,1.3,/user/raabe14/u19361/workspace-allen/results/zebra/sub-830795_ses-ecephys-830795-2026-02-23-15-03-59_ecephys.nwb/ProbeF/trial_0/phase_0/lib_ab4a70858e/lib_ab4a70858e__delay_0.30000000000000004__dur_0.23.h5
ad3ddb85-304c-414e-898e-da998f08ae6a,0.08,0.23,ab4a70858e,0.08174775540828705,25.97014925373135,-4.481132075471699,180.0,14.32,48,29,8,2.5132741228718345,2,4.0,6,0.07,/user/raabe14/u19361/workspace-allen/results/zebra/sub-830795_ses-ecephys-830795-2026-02-23-15-03-59_ecephys.nwb/ProbeF/trial_0/phase_0/lib_ab4a70858e/lib_ab4a70858e__delay_0.08__dur_0.23.h5
ad3f8ea2-0690-4d1b-8582-45039d6259a3,0.0,0.18000000000000002,ab4a70858e,0.07545667141675949,-11.64179104477612,2.6886792452830193,22.515923572829163,21.49,27,25,9,2.827433388230814,4,6.0,4,0.05,/user/raabe14/u19361/workspace-allen/results/zebra/sub-830795_ses-ecephys-830795-2026-02-23-15-03-59_ecephys.nwb/ProbeF/trial_0/phase_0/lib_ab4a70858e/lib_ab4a70858e__delay_0.0__dur_0.18000000000000002.h5
ad9b21ea-7f92-4c2a-b5c6-ff2a5a789bb9,0.05,0.23,ab4a70858e,0.06976067274808884,8.059701492537314,8.066037735849058,112.48408527317332,14.32,38,22,5,1.5707963267948966,2,4.0,7,0.08,/user/raabe14/u19361/workspace-allen/results/zebra/sub-830795_ses-ecephys-830795-2026-02-23-15-03-59_ecephys.nwb/ProbeF/trial_0/phase_0/lib_ab4a70858e/lib_ab4a70858e__delay_0.05__dur_0.23.h5
ae7ff713-7fef-4a21-97f0-b97d28cd29c4,0.01,0.03,ab4a70858e,0.0,-60.0,47.5,0.0,7.16,0,0,0,0.0,0,2.0,0,0.01,/user/raabe14/u19361/workspace-allen/results/zebra/sub-830795_ses-ecephys-830795-2026-02-23-15-03-59_ecephys.nwb/ProbeF/trial_0/phase_0/lib_ab4a70858e/lib_ab4a70858e__delay_0.01__dur_0.03.h5
aec92436-55f9-4590-8ecb-02d50b1035d5,0.02,0.23,ab4a70858e,0.08064346015453339,-17.014925373134325,-9.858490566037737,180.0,14.32,24,32,8,2.5132741228718345,2,4.0,12,1.3,/user/raabe14/u19361/workspace-allen/results/zebra/sub-830795_ses-ecephys-830795-2026-02-23-15-03-59_ecephys.nwb/ProbeF/trial_0/phase_0/lib_ab4a70858e/lib_ab4a70858e__delay_0.02__dur_0.23.h5
af52eb8c-9d80-4ec0-b0ed-6f4e56f47181,0.1,0.18000000000000002,ab4a70858e,0.08188548684120178,0.8955223880597032,31.367924528301884,67.51591472682667,17.91,34,9,3,0.9424777960769379,3,5.0,5,0.06,/user/raabe14/u19361/workspace-allen/results/zebra/sub-830795_ses-ecephys-830795-2026-02-23-15-03-59_ecephys.nwb/ProbeF/trial_0/phase_0/lib_ab4a70858e/lib_ab4a70858e__delay_0.1__dur_0.18000000000000002.h5
b013ab5c-bf20-4fc0-9336-6f5b5bda021e,0.03,0.18000000000000002,ab4a70858e,0.07779935747385025,-29.55223880597015,-29.57547169811321,22.515923572829163,28.65,17,43,9,2.827433388230814,5,8.0,6,0.07,/user/raabe14/u19361/workspace-allen/results/zebra/sub-830795_ses-ecephys-830795-2026-02-23-15-03-59_ecephys.nwb/ProbeF/trial_0/phase_0/lib_ab4a70858e/lib_ab4a70858e__delay_0.03__dur_0.18000000000000002.h5
b05918b2-979d-40e4-a5f0-92ddb147cf48,0.15000000000000002,0.18000000000000002,ab4a70858e,0.07566657662391663,-22.388059701492537,42.12264150943396,0.0,7.16,21,3,0,0.0,0,2.0,11,1.2,/user/raabe14/u19361/workspace-allen/results/zebra/sub-830795_ses-ecephys-830795-2026-02-23-15-03-59_ecephys.nwb/ProbeF/trial_0/phase_0/lib_ab4a70858e/lib_ab4a70858e__delay_0.15000000000000002__dur_0.18000000000000002.h5
b0c9efa7-6fee-4901-975c-ad61e66e1007,0.03,0.23,ab4a70858e,0.09050962328910828,24.179104477611943,20.613207547169807,157.4840764271708,14.32,47,15,7,2.199114857512855,2,4.0,12,1.3,/user/raabe14/u19361/workspace-allen/results/zebra/sub-830795_ses-ecephys-830795-2026-02-23-15-03-59_ecephys.nwb/ProbeF/trial_0/phase_0/lib_ab4a70858e/lib_ab4a70858e__delay_0.03__dur_0.23.h5
b0ce85f7-28ba-48af-b27e-8cbf871af3dd,0.09,0.23,ab4a70858e,0.0805705189704895,-31.34328358208955,11.650943396226417,67.51591472682667,7.16,16,20,3,0.9424777960769379,0,2.0,12,1.3,/user/raabe14/u19361/workspace-allen/results/zebra/sub-830795_ses-ecephys-830795-2026-02-23-15-03-59_ecephys.nwb/ProbeF/trial_0/phase_0/lib_ab4a70858e/lib_ab4a70858e__delay_0.09__dur_0.23.h5
b0d28126-c050-4c06-bc12-6a7c070feb17,0.25,0.18000000000000002,ab4a70858e,0.08347734063863754,-49.25373134328358,17.02830188679245,180.0,17.91,6,17,8,2.5132741228718345,3,5.0,9,0.1,/user/raabe14/u19361/workspace-allen/results/zebra/sub-830795_ses-ecephys-830795-2026-02-23-15-03-59_ecephys.nwb/ProbeF/trial_0/phase_0/lib_ab4a70858e/lib_ab4a70858e__delay_0.25__dur_0.18000000000000002.h5
b109c0fa-a9a2-4819-bfb8-f23af70f64e8,0.01,0.03,ab4a70858e,0.0,-60.0,47.5,0.0,7.16,0,0,0,0.0,0,2.0,0,0.01,/user/raabe14/u19361/workspace-allen/results/zebra/sub-830795_ses-ecephys-830795-2026-02-23-15-03-59_ecephys.nwb/ProbeF/trial_0/phase_0/lib_ab4a70858e/lib_ab4a70858e__delay_0.01__dur_0.03.h5
b122d534-194b-4259-9ebe-eb0aa89f24fa,0.07,0.23,ab4a70858e,0.08094818890094757,13.43283582089552,-25.99056603773585,90.0,21.49,41,41,4,1.2566370614359172,4,6.0,9,0.1,/user/raabe14/u19361/workspace-allen/results/zebra/sub-830795_ses-ecephys-830795-2026-02-23-15-03-59_ecephys.nwb/ProbeF/trial_0/phase_0/lib_ab4a70858e/lib_ab4a70858e__delay_0.07__dur_0.23.h5
b12ceec4-e123-491d-a49e-74912b89bb6a,0.07,0.18000000000000002,ab4a70858e,0.0747341439127922,-13.43283582089552,-15.235849056603776,180.0,10.74,26,35,8,2.5132741228718345,1,3.0,12,1.3,/user/raabe14/u19361/workspace-allen/results/zebra/sub-830795_ses-ecephys-830795-2026-02-23-15-03-59_ecephys.nwb/ProbeF/trial_0/phase_0/lib_ab4a70858e/lib_ab4a70858e__delay_0.07__dur_0.18000000000000002.h5
b1f84f9b-15f2-4a7d-8146-2f964d64d845,0.04,0.13,ab4a70858e,0.07968665659427643,-18.80597014925373,-0.8962264150943398,45.02251307527088,10.74,23,27,2,0.6283185307179586,1,3.0,9,0.1,/user/raabe14/u19361/workspace-allen/results/zebra/sub-830795_ses-ecephys-830795-2026-02-23-15-03-59_ecephys.nwb/ProbeF/trial_0/phase_0/lib_ab4a70858e/lib_ab4a70858e__delay_0.04__dur_0.13.h5
b212149b-2de8-4f5e-b628-90e3e3f2e467,0.09,0.23,ab4a70858e,0.07126914709806442,-18.80597014925373,40.33018867924528,112.48408527317332,7.16,23,4,5,1.5707963267948966,0,2.0,11,1.2,/user/raabe14/u19361/workspace-allen/results/zebra/sub-830795_ses-ecephys-830795-2026-02-23-15-03-59_ecephys.nwb/ProbeF/trial_0/phase_0/lib_ab4a70858e/lib_ab4a70858e__delay_0.09__dur_0.23.h5
b217b8be-b6bc-4344-93c4-9f0d1ec4684d,0.30000000000000004,0.23,ab4a70858e,0.08164490014314651,-15.223880597014926,-17.028301886792452,67.51591472682667,7.16,25,36,3,0.9424777960769379,0,2.0,12,1.3,/user/raabe14/u19361/workspace-allen/results/zebra/sub-830795_ses-ecephys-830795-2026-02-23-15-03-59_ecephys.nwb/ProbeF/trial_0/phase_0/lib_ab4a70858e/lib_ab4a70858e__delay_0.30000000000000004__dur_0.23.h5
b219ef9c-5802-4aad-9c82-ce3660a93b17,0.0,0.18000000000000002,ab4a70858e,0.07936935126781464,43.88059701492537,-0.8962264150943398,180.0,14.32,58,27,8,2.5132741228718345,2,4.0,9,0.1,/user/raabe14/u19361/workspace-allen/results/zebra/sub-830795_ses-ecephys-830795-2026-02-23-15-03-59_ecephys.nwb/ProbeF/trial_0/phase_0/lib_ab4a70858e/lib_ab4a70858e__delay_0.0__dur_0.18000000000000002.h5
b2f60fe5-26e0-430b-9233-09f0ad371b63,0.08,0.23,ab4a70858e,0.09369522333145142,36.71641791044776,-6.273584905660378,0.0,21.49,54,30,0,0.0,4,6.0,11,1.2,/user/raabe14/u19361/workspace-allen/results/zebra/sub-830795_ses-ecephys-830795-2026-02-23-15-03-59_ecephys.nwb/ProbeF/trial_0/phase_0/lib_ab4a70858e/lib_ab4a70858e__delay_0.08__dur_0.23.h5
b3a5faf1-999b-4e64-aa56-282ce54bb0d8,0.01,0.03,ab4a70858e,0.0,-60.0,47.5,0.0,7.16,0,0,0,0.0,0,2.0,0,0.01,/user/raabe14/u19361/workspace-allen/results/zebra/sub-830795_ses-ecephys-830795-2026-02-23-15-03-59_ecephys.nwb/ProbeF/trial_0/phase_0/lib_ab4a70858e/lib_ab4a70858e__delay_0.01__dur_0.03.h5
b4313be7-46b9-4603-b047-a75ad67f4fd7,0.30000000000000004,0.13,ab4a70858e,0.0829649344086647,-17.014925373134325,-15.235849056603776,180.0,17.91,24,35,8,2.5132741228718345,3,5.0,7,0.08,/user/raabe14/u19361/workspace-allen/results/zebra/sub-830795_ses-ecephys-830795-2026-02-23-15-03-59_ecephys.nwb/ProbeF/trial_0/phase_0/lib_ab4a70858e/lib_ab4a70858e__delay_0.30000000000000004__dur_0.13.h5
b4bf8722-2896-4515-b226-bda4cc2edbd8,0.06,0.23,ab4a70858e,0.13220921158790588,-11.64179104477612,17.02830188679245,112.48408527317332,21.49,27,17,5,1.5707963267948966,4,6.0,11,1.2,/user/raabe14/u19361/workspace-allen/results/zebra/sub-830795_ses-ecephys-830795-2026-02-23-15-03-59_ecephys.nwb/ProbeF/trial_0/phase_0/lib_ab4a70858e/lib_ab4a70858e__delay_0.06__dur_0.23.h5
b4d68814-8098-4c9c-88be-7b4d38e3d07e,0.08,0.18000000000000002,ab4a70858e,0.08056993037462234,-22.388059701492537,20.613207547169807,0.0,7.16,21,15,0,0.0,0,2.0,11,1.2,/user/raabe14/u19361/workspace-allen/results/zebra/sub-830795_ses-ecephys-830795-2026-02-23-15-03-59_ecephys.nwb/ProbeF/trial_0/phase_0/lib_ab4a70858e/lib_ab4a70858e__delay_0.08__dur_0.18000000000000002.h5
b55f5e94-0c5c-461d-9822-cfceabf7d9dc,0.15000000000000002,0.13,ab4a70858e,0.08343473076820374,-6.268656716417908,11.650943396226417,22.515923572829195,14.32,30,20,1,0.3141592653589793,2,4.0,9,0.1,/user/raabe14/u19361/workspace-allen/results/zebra/sub-830795_ses-ecephys-830795-2026-02-23-15-03-59_ecephys.nwb/ProbeF/trial_0/phase_0/lib_ab4a70858e/lib_ab4a70858e__delay_0.15000000000000002__dur_0.13.h5
b60dd041-1fa1-4d7f-a493-6806c27c4e75,0.1,0.18000000000000002,ab4a70858e,0.08118929713964462,-18.80597014925373,6.273584905660378,45.02251307527088,7.16,23,23,2,0.6283185307179586,0,2.0,9,0.1,/user/raabe14/u19361/workspace-allen/results/zebra/sub-830795_ses-ecephys-830795-2026-02-23-15-03-59_ecephys.nwb/ProbeF/trial_0/phase_0/lib_ab4a70858e/lib_ab4a70858e__delay_0.1__dur_0.18000000000000002.h5
b7103f6e-0197-4032-a337-e27d52726db8,0.01,0.03,ab4a70858e,0.0,-60.0,47.5,0.0,7.16,0,0,0,0.0,0,2.0,0,0.01,/user/raabe14/u19361/workspace-allen/results/zebra/sub-830795_ses-ecephys-830795-2026-02-23-15-03-59_ecephys.nwb/ProbeF/trial_0/phase_0/lib_ab4a70858e/lib_ab4a70858e__delay_0.01__dur_0.03.h5
b72f5011-d4cb-440f-9d04-c7e3831b4b35,0.25,0.23,ab4a70858e,0.07732513546943665,-51.04477611940298,-25.99056603773585,180.0,14.32,5,41,8,2.5132741228718345,2,4.0,9,0.1,/user/raabe14/u19361/workspace-allen/results/zebra/sub-830795_ses-ecephys-830795-2026-02-23-15-03-59_ecephys.nwb/ProbeF/trial_0/phase_0/lib_ab4a70858e/lib_ab4a70858e__delay_0.25__dur_0.23.h5
b8452a95-ad00-43de-9d84-ad12bbc1709d,0.05,0.23,ab4a70858e,0.1039409190416336,2.6865671641791096,-6.273584905660378,180.0,10.74,35,30,8,2.5132741228718345,1,3.0,12,1.3,/user/raabe14/u19361/workspace-allen/results/zebra/sub-830795_ses-ecephys-830795-2026-02-23-15-03-59_ecephys.nwb/ProbeF/trial_0/phase_0/lib_ab4a70858e/lib_ab4a70858e__delay_0.05__dur_0.23.h5
ba0c5b3d-5300-49ed-8557-3b92a8e76712,0.30000000000000004,0.18000000000000002,ab4a70858e,0.06963498890399933,56.4179104477612,-34.95283018867924,0.0,10.74,65,46,0,0.0,1,3.0,11,1.2,/user/raabe14/u19361/workspace-allen/results/zebra/sub-830795_ses-ecephys-830795-2026-02-23-15-03-59_ecephys.nwb/ProbeF/trial_0/phase_0/lib_ab4a70858e/lib_ab4a70858e__delay_0.30000000000000004__dur_0.18000000000000002.h5
bb231a2e-237b-4104-ae2c-795b8b501b8d,0.30000000000000004,0.23,ab4a70858e,0.09041862189769745,-56.417910447761194,-4.481132075471699,157.4840764271708,28.65,2,29,7,2.199114857512855,5,8.0,9,0.1,/user/raabe14/u19361/workspace-allen/results/zebra/sub-830795_ses-ecephys-830795-2026-02-23-15-03-59_ecephys.nwb/ProbeF/trial_0/phase_0/lib_ab4a70858e/lib_ab4a70858e__delay_0.30000000000000004__dur_0.23.h5
bb6651ae-74d1-41ba-bcb3-595ba8d11bcd,0.0,0.13,ab4a70858e,0.07209719717502594,-38.507462686567166,9.858490566037737,112.48408527317332,28.65,12,21,5,1.5707963267948966,5,8.0,9,0.1,/user/raabe14/u19361/workspace-allen/results/zebra/sub-830795_ses-ecephys-830795-2026-02-23-15-03-59_ecephys.nwb/ProbeF/trial_0/phase_0/lib_ab4a70858e/lib_ab4a70858e__delay_0.0__dur_0.13.h5
bbb0f97d-9b20-4604-8e11-ba8e39fda5b9,0.30000000000000004,0.23,ab4a70858e,0.08063440769910812,-24.179104477611936,9.858490566037737,112.48408527317332,10.74,20,21,5,1.5707963267948966,1,3.0,9,0.1,/user/raabe14/u19361/workspace-allen/results/zebra/sub-830795_ses-ecephys-830795-2026-02-23-15-03-59_ecephys.nwb/ProbeF/trial_0/phase_0/lib_ab4a70858e/lib_ab4a70858e__delay_0.30000000000000004__dur_0.23.h5
bbe587b6-e440-42a1-95ec-7863e04a8584,0.15000000000000002,0.13,ab4a70858e,0.07985009253025055,-13.43283582089552,11.650943396226417,22.515923572829163,21.49,26,20,9,2.827433388230814,4,6.0,9,0.1,/user/raabe14/u19361/workspace-allen/results/zebra/sub-830795_ses-ecephys-830795-2026-02-23-15-03-59_ecephys.nwb/ProbeF/trial_0/phase_0/lib_ab4a70858e/lib_ab4a70858e__delay_0.15000000000000002__dur_0.13.h5
bc0cb608-01af-4a30-984f-4dcde2a63f1b,0.25,0.23,ab4a70858e,0.07406184077262878,-34.92537313432835,-20.61320754716981,157.4840764271708,14.32,14,38,7,2.199114857512855,2,4.0,12,1.3,/user/raabe14/u19361/workspace-allen/results/zebra/sub-830795_ses-ecephys-830795-2026-02-23-15-03-59_ecephys.nwb/ProbeF/trial_0/phase_0/lib_ab4a70858e/lib_ab4a70858e__delay_0.25__dur_0.23.h5
bdbc95ea-1f23-416c-89b8-a7b3666a0397,0.0,0.23,ab4a70858e,0.08718126267194748,-9.850746268656714,2.6886792452830193,45.02251307527088,21.49,28,25,2,0.6283185307179586,4,6.0,9,0.1,/user/raabe14/u19361/workspace-allen/results/zebra/sub-830795_ses-ecephys-830795-2026-02-23-15-03-59_ecephys.nwb/ProbeF/trial_0/phase_0/lib_ab4a70858e/lib_ab4a70858e__delay_0.0__dur_0.23.h5
be598eff-9e1f-4b58-b639-37c006169851,0.01,0.18000000000000002,ab4a70858e,0.07879459112882614,15.223880597014926,-20.61320754716981,157.4840764271708,28.65,42,38,7,2.199114857512855,5,8.0,1,0.02,/user/raabe14/u19361/workspace-allen/results/zebra/sub-830795_ses-ecephys-830795-2026-02-23-15-03-59_ecephys.nwb/ProbeF/trial_0/phase_0/lib_ab4a70858e/lib_ab4a70858e__delay_0.01__dur_0.18000000000000002.h5
be9f3500-badc-431b-9cdc-8283e7c0d10e,0.08,0.13,ab4a70858e,0.06885634362697601,27.761194029850756,-22.40566037735849,0.0,10.74,49,39,0,0.0,1,3.0,11,1.2,/user/raabe14/u19361/workspace-allen/results/zebra/sub-830795_ses-ecephys-830795-2026-02-23-15-03-59_ecephys.nwb/ProbeF/trial_0/phase_0/lib_ab4a70858e/lib_ab4a70858e__delay_0.08__dur_0.13.h5
bea07218-a56c-449f-bd65-7dd4c2ed5789,0.04,0.08,ab4a70858e,0.07583579421043396,-58.208955223880594,43.91509433962264,22.515923572829195,10.74,1,2,1,0.3141592653589793,1,3.0,12,1.3,/user/raabe14/u19361/workspace-allen/results/zebra/sub-830795_ses-ecephys-830795-2026-02-23-15-03-59_ecephys.nwb/ProbeF/trial_0/phase_0/lib_ab4a70858e/lib_ab4a70858e__delay_0.04__dur_0.08.h5
bee8bee8-8d1f-44b8-90d9-a159e25db3bf,0.09,0.13,ab4a70858e,0.07644537091255188,15.223880597014926,2.6886792452830193,180.0,28.65,42,25,8,2.5132741228718345,5,8.0,2,0.03,/user/raabe14/u19361/workspace-allen/results/zebra/sub-830795_ses-ecephys-830795-2026-02-23-15-03-59_ecephys.nwb/ProbeF/trial_0/phase_0/lib_ab4a70858e/lib_ab4a70858e__delay_0.09__dur_0.13.h5
bf0482cf-d221-4bb3-910a-e598594dfec6,0.25,0.23,ab4a70858e,0.07975948601961136,13.43283582089552,20.613207547169807,0.0,10.74,41,15,0,0.0,1,3.0,11,1.2,/user/raabe14/u19361/workspace-allen/results/zebra/sub-830795_ses-ecephys-830795-2026-02-23-15-03-59_ecephys.nwb/ProbeF/trial_0/phase_0/lib_ab4a70858e/lib_ab4a70858e__delay_0.25__dur_0.23.h5
bf6d2b74-ff65-4dc1-8baf-39eb52dbb96d,0.07,0.23,ab4a70858e,0.08082712441682816,-13.43283582089552,45.70754716981132,22.515923572829163,28.65,26,1,9,2.827433388230814,5,8.0,9,0.1,/user/raabe14/u19361/workspace-allen/results/zebra/sub-830795_ses-ecephys-830795-2026-02-23-15-03-59_ecephys.nwb/ProbeF/trial_0/phase_0/lib_ab4a70858e/lib_ab4a70858e__delay_0.07__dur_0.23.h5
bf8b33a8-5ac9-4d9b-a5dd-980563b81f8e,0.01,0.23,ab4a70858e,0.096048504114151,-29.55223880597015,-2.6886792452830193,157.4840764271708,28.65,17,28,7,2.199114857512855,5,8.0,12,1.3,/user/raabe14/u19361/workspace-allen/results/zebra/sub-830795_ses-ecephys-830795-2026-02-23-15-03-59_ecephys.nwb/ProbeF/trial_0/phase_0/lib_ab4a70858e/lib_ab4a70858e__delay_0.01__dur_0.23.h5
bffe817e-c228-4ef9-908c-4e3e5207a5a4,0.2,0.18000000000000002,ab4a70858e,0.07478156685829163,-0.8955223880596961,0.8962264150943398,22.515923572829195,10.74,33,26,1,0.3141592653589793,1,3.0,9,0.1,/user/raabe14/u19361/workspace-allen/results/zebra/sub-830795_ses-ecephys-830795-2026-02-23-15-03-59_ecephys.nwb/ProbeF/trial_0/phase_0/lib_ab4a70858e/lib_ab4a70858e__delay_0.2__dur_0.18000000000000002.h5
c0aed2ce-1267-4732-a0eb-b180317cb3e9,0.01,0.03,ab4a70858e,0.0,-60.0,47.5,0.0,7.16,0,0,0,0.0,0,2.0,0,0.01,/user/raabe14/u19361/workspace-allen/results/zebra/sub-830795_ses-ecephys-830795-2026-02-23-15-03-59_ecephys.nwb/ProbeF/trial_0/phase_0/lib_ab4a70858e/lib_ab4a70858e__delay_0.01__dur_0.03.h5
c0c9f27d-faeb-476c-b374-6aac65c0ae2a,0.08,0.18000000000000002,ab4a70858e,0.1154944971203804,-22.388059701492537,-0.8962264150943398,67.51591472682667,14.32,21,27,3,0.9424777960769379,2,4.0,12,1.3,/user/raabe14/u19361/workspace-allen/results/zebra/sub-830795_ses-ecephys-830795-2026-02-23-15-03-59_ecephys.nwb/ProbeF/trial_0/phase_0/lib_ab4a70858e/lib_ab4a70858e__delay_0.08__dur_0.18000000000000002.h5
c0ea3cb5-c6ba-405c-ae5b-3868fb27a12a,0.0,0.18000000000000002,ab4a70858e,0.08285997062921524,-17.014925373134325,-9.858490566037737,90.0,21.49,24,32,4,1.2566370614359172,4,6.0,9,0.1,/user/raabe14/u19361/workspace-allen/results/zebra/sub-830795_ses-ecephys-830795-2026-02-23-15-03-59_ecephys.nwb/ProbeF/trial_0/phase_0/lib_ab4a70858e/lib_ab4a70858e__delay_0.0__dur_0.18000000000000002.h5
c1fcf87a-ba1e-46d1-8905-ae27a67bc5f2,0.25,0.23,ab4a70858e,0.10280250012874603,-18.80597014925373,-20.61320754716981,157.4840764271708,14.32,23,38,7,2.199114857512855,2,4.0,12,1.3,/user/raabe14/u19361/workspace-allen/results/zebra/sub-830795_ses-ecephys-830795-2026-02-23-15-03-59_ecephys.nwb/ProbeF/trial_0/phase_0/lib_ab4a70858e/lib_ab4a70858e__delay_0.25__dur_0.23.h5
c2724760-c281-4f94-aa53-3bbe9768d488,0.08,0.23,ab4a70858e,0.07374674826860428,-25.970149253731343,17.02830188679245,0.0,14.32,19,17,0,0.0,2,4.0,8,0.09,/user/raabe14/u19361/workspace-allen/results/zebra/sub-830795_ses-ecephys-830795-2026-02-23-15-03-59_ecephys.nwb/ProbeF/trial_0/phase_0/lib_ab4a70858e/lib_ab4a70858e__delay_0.08__dur_0.23.h5
c36a4be0-4d80-4740-bd75-7ab3871956bd,0.30000000000000004,0.23,ab4a70858e,0.08311832696199417,-49.25373134328358,2.6886792452830193,157.4840764271708,28.65,6,25,7,2.199114857512855,5,8.0,9,0.1,/user/raabe14/u19361/workspace-allen/results/zebra/sub-830795_ses-ecephys-830795-2026-02-23-15-03-59_ecephys.nwb/ProbeF/trial_0/phase_0/lib_ab4a70858e/lib_ab4a70858e__delay_0.30000000000000004__dur_0.23.h5
c4adc4e2-db40-4577-a3b0-767035c83eca,0.15000000000000002,0.23,ab4a70858e,0.0774422287940979,-33.134328358208954,15.235849056603776,112.48408527317332,28.65,15,18,5,1.5707963267948966,5,8.0,9,0.1,/user/raabe14/u19361/workspace-allen/results/zebra/sub-830795_ses-ecephys-830795-2026-02-23-15-03-59_ecephys.nwb/ProbeF/trial_0/phase_0/lib_ab4a70858e/lib_ab4a70858e__delay_0.15000000000000002__dur_0.23.h5
c5b9bd90-3c19-4efa-a613-5b1ad8befd82,0.07,0.23,ab4a70858e,0.08074714988470078,-25.970149253731343,-4.481132075471699,112.48408527317332,14.32,19,29,5,1.5707963267948966,2,4.0,11,1.2,/user/raabe14/u19361/workspace-allen/results/zebra/sub-830795_ses-ecephys-830795-2026-02-23-15-03-59_ecephys.nwb/ProbeF/trial_0/phase_0/lib_ab4a70858e/lib_ab4a70858e__delay_0.07__dur_0.23.h5
c5ccb8b3-4265-475d-8e61-5c1f49ebac03,0.30000000000000004,0.23,ab4a70858e,0.08813035488128662,6.268656716417908,6.273584905660378,112.48408527317332,28.65,37,23,5,1.5707963267948966,5,8.0,8,0.09,/user/raabe14/u19361/workspace-allen/results/zebra/sub-830795_ses-ecephys-830795-2026-02-23-15-03-59_ecephys.nwb/ProbeF/trial_0/phase_0/lib_ab4a70858e/lib_ab4a70858e__delay_0.30000000000000004__dur_0.23.h5
c67c3df8-841c-4345-a523-2ad7c60aa43c,0.01,0.03,ab4a70858e,0.0,-60.0,47.5,0.0,7.16,0,0,0,0.0,0,2.0,0,0.01,/user/raabe14/u19361/workspace-allen/results/zebra/sub-830795_ses-ecephys-830795-2026-02-23-15-03-59_ecephys.nwb/ProbeF/trial_0/phase_0/lib_ab4a70858e/lib_ab4a70858e__delay_0.01__dur_0.03.h5
c6a280ea-b9ea-458f-9c44-7ac921ea4b90,0.01,0.03,ab4a70858e,0.0,-60.0,47.5,0.0,7.16,0,0,0,0.0,0,2.0,0,0.01,/user/raabe14/u19361/workspace-allen/results/zebra/sub-830795_ses-ecephys-830795-2026-02-23-15-03-59_ecephys.nwb/ProbeF/trial_0/phase_0/lib_ab4a70858e/lib_ab4a70858e__delay_0.01__dur_0.03.h5
c705cff1-3750-453d-8864-057747a0fac0,0.09,0.23,ab4a70858e,0.11570807546377182,-0.8955223880596961,-8.066037735849058,180.0,14.32,33,31,8,2.5132741228718345,2,4.0,12,1.3,/user/raabe14/u19361/workspace-allen/results/zebra/sub-830795_ses-ecephys-830795-2026-02-23-15-03-59_ecephys.nwb/ProbeF/trial_0/phase_0/lib_ab4a70858e/lib_ab4a70858e__delay_0.09__dur_0.23.h5
c718ef8a-915d-438a-b8d0-10a7f4f02410,0.08,0.18000000000000002,ab4a70858e,0.07883309572935104,8.059701492537314,-25.99056603773585,45.02251307527088,21.49,38,41,2,0.6283185307179586,4,6.0,3,0.04,/user/raabe14/u19361/workspace-allen/results/zebra/sub-830795_ses-ecephys-830795-2026-02-23-15-03-59_ecephys.nwb/ProbeF/trial_0/phase_0/lib_ab4a70858e/lib_ab4a70858e__delay_0.08__dur_0.18000000000000002.h5
c72f408c-bf67-4d6f-b8a4-fb50205906ca,0.01,0.13,ab4a70858e,0.10209205746650696,-15.223880597014926,-0.8962264150943398,45.02251307527088,17.91,25,27,2,0.6283185307179586,3,5.0,12,1.3,/user/raabe14/u19361/workspace-allen/results/zebra/sub-830795_ses-ecephys-830795-2026-02-23-15-03-59_ecephys.nwb/ProbeF/trial_0/phase_0/lib_ab4a70858e/lib_ab4a70858e__delay_0.01__dur_0.13.h5
c745b56c-7683-493a-8dae-d5436186deaf,0.09,0.13,ab4a70858e,0.07229037582874298,-31.34328358208955,-31.367924528301888,67.51591472682667,28.65,16,44,3,0.9424777960769379,5,8.0,7,0.08,/user/raabe14/u19361/workspace-allen/results/zebra/sub-830795_ses-ecephys-830795-2026-02-23-15-03-59_ecephys.nwb/ProbeF/trial_0/phase_0/lib_ab4a70858e/lib_ab4a70858e__delay_0.09__dur_0.13.h5
c7e53c75-c005-4d11-a91c-6f078598085c,0.04,0.23,ab4a70858e,0.09380737692117691,-17.014925373134325,2.6886792452830193,112.48408527317332,28.65,24,25,5,1.5707963267948966,5,8.0,11,1.2,/user/raabe14/u19361/workspace-allen/results/zebra/sub-830795_ses-ecephys-830795-2026-02-23-15-03-59_ecephys.nwb/ProbeF/trial_0/phase_0/lib_ab4a70858e/lib_ab4a70858e__delay_0.04__dur_0.23.h5
c7f65e1e-2308-4f9c-921a-bbe796b2ff85,0.04,0.08,ab4a70858e,0.07340126484632492,36.71641791044776,-38.5377358490566,67.51591472682667,7.16,54,48,3,0.9424777960769379,0,2.0,7,0.08,/user/raabe14/u19361/workspace-allen/results/zebra/sub-830795_ses-ecephys-830795-2026-02-23-15-03-59_ecephys.nwb/ProbeF/trial_0/phase_0/lib_ab4a70858e/lib_ab4a70858e__delay_0.04__dur_0.08.h5
c925d536-f826-4c52-a2ab-eb1edea2be46,0.30000000000000004,0.23,ab4a70858e,0.09029869735240936,-36.71641791044776,27.783018867924525,180.0,10.74,13,11,8,2.5132741228718345,1,3.0,12,1.3,/user/raabe14/u19361/workspace-allen/results/zebra/sub-830795_ses-ecephys-830795-2026-02-23-15-03-59_ecephys.nwb/ProbeF/trial_0/phase_0/lib_ab4a70858e/lib_ab4a70858e__delay_0.30000000000000004__dur_0.23.h5
ca18669e-448b-4e62-bf3f-25f1db079db1,0.01,0.03,ab4a70858e,0.0,-60.0,47.5,0.0,7.16,0,0,0,0.0,0,2.0,0,0.01,/user/raabe14/u19361/workspace-allen/results/zebra/sub-830795_ses-ecephys-830795-2026-02-23-15-03-59_ecephys.nwb/ProbeF/trial_0/phase_0/lib_ab4a70858e/lib_ab4a70858e__delay_0.01__dur_0.03.h5
ca2e8d79-ba60-4d4f-beab-23271c582c78,0.25,0.23,ab4a70858e,0.0757283866405487,-34.92537313432835,31.367924528301884,112.48408527317332,21.49,14,9,5,1.5707963267948966,4,6.0,11,1.2,/user/raabe14/u19361/workspace-allen/results/zebra/sub-830795_ses-ecephys-830795-2026-02-23-15-03-59_ecephys.nwb/ProbeF/trial_0/phase_0/lib_ab4a70858e/lib_ab4a70858e__delay_0.25__dur_0.23.h5
ca59ef49-ed5a-49c3-98ce-5ec0737f15da,0.01,0.03,ab4a70858e,0.0,-60.0,47.5,0.0,7.16,0,0,0,0.0,0,2.0,0,0.01,/user/raabe14/u19361/workspace-allen/results/zebra/sub-830795_ses-ecephys-830795-2026-02-23-15-03-59_ecephys.nwb/ProbeF/trial_0/phase_0/lib_ab4a70858e/lib_ab4a70858e__delay_0.01__dur_0.03.h5
ca84bec9-b370-4437-8c8f-a6e1c8280404,0.2,0.23,ab4a70858e,0.07611291110515594,8.059701492537314,-22.40566037735849,22.515923572829195,17.91,38,39,1,0.3141592653589793,3,5.0,9,0.1,/user/raabe14/u19361/workspace-allen/results/zebra/sub-830795_ses-ecephys-830795-2026-02-23-15-03-59_ecephys.nwb/ProbeF/trial_0/phase_0/lib_ab4a70858e/lib_ab4a70858e__delay_0.2__dur_0.23.h5
cb746729-7611-48d5-abff-527fb921f12e,0.15000000000000002,0.23,ab4a70858e,0.07730787992477417,51.04477611940298,-38.5377358490566,180.0,17.91,62,48,8,2.5132741228718345,3,5.0,9,0.1,/user/raabe14/u19361/workspace-allen/results/zebra/sub-830795_ses-ecephys-830795-2026-02-23-15-03-59_ecephys.nwb/ProbeF/trial_0/phase_0/lib_ab4a70858e/lib_ab4a70858e__delay_0.15000000000000002__dur_0.23.h5
cb77daf6-8375-4dbd-ab81-9ccf8c838481,0.0,0.18000000000000002,ab4a70858e,0.07243561744689941,-36.71641791044776,9.858490566037737,112.48408527317332,7.16,13,21,5,1.5707963267948966,0,2.0,11,1.2,/user/raabe14/u19361/workspace-allen/results/zebra/sub-830795_ses-ecephys-830795-2026-02-23-15-03-59_ecephys.nwb/ProbeF/trial_0/phase_0/lib_ab4a70858e/lib_ab4a70858e__delay_0.0__dur_0.18000000000000002.h5
cc5b173c-2513-4493-b49c-13631af0916d,0.02,0.23,ab4a70858e,0.07246346026659012,-22.388059701492537,24.198113207547166,67.51591472682667,7.16,21,13,3,0.9424777960769379,0,2.0,12,1.3,/user/raabe14/u19361/workspace-allen/results/zebra/sub-830795_ses-ecephys-830795-2026-02-23-15-03-59_ecephys.nwb/ProbeF/trial_0/phase_0/lib_ab4a70858e/lib_ab4a70858e__delay_0.02__dur_0.23.h5
cd076e49-0060-4fda-ae99-d8d680a29bd8,0.25,0.23,ab4a70858e,0.07941228151321411,27.761194029850756,33.160377358490564,67.51591472682667,28.65,49,8,3,0.9424777960769379,5,8.0,3,0.04,/user/raabe14/u19361/workspace-allen/results/zebra/sub-830795_ses-ecephys-830795-2026-02-23-15-03-59_ecephys.nwb/ProbeF/trial_0/phase_0/lib_ab4a70858e/lib_ab4a70858e__delay_0.25__dur_0.23.h5
cd1790a1-e1a3-4b9f-9efe-9609cfe8eba1,0.15000000000000002,0.23,ab4a70858e,0.29267367720603943,-4.477611940298509,-8.066037735849058,180.0,17.91,31,31,8,2.5132741228718345,3,5.0,12,1.3,/user/raabe14/u19361/workspace-allen/results/zebra/sub-830795_ses-ecephys-830795-2026-02-23-15-03-59_ecephys.nwb/ProbeF/trial_0/phase_0/lib_ab4a70858e/lib_ab4a70858e__delay_0.15000000000000002__dur_0.23.h5
cd240d3b-46ca-4cc8-8dc1-2fa3ae2ef0b6,0.02,0.23,ab4a70858e,0.08715394139289856,-15.223880597014926,-0.8962264150943398,0.0,17.91,25,27,0,0.0,3,5.0,11,1.2,/user/raabe14/u19361/workspace-allen/results/zebra/sub-830795_ses-ecephys-830795-2026-02-23-15-03-59_ecephys.nwb/ProbeF/trial_0/phase_0/lib_ab4a70858e/lib_ab4a70858e__delay_0.02__dur_0.23.h5
cd9399c8-bb87-4d74-a4f1-fafdf1198206,0.06,0.23,ab4a70858e,0.07593271136283875,-2.6865671641791025,38.5377358490566,22.515923572829163,14.32,32,5,9,2.827433388230814,2,4.0,7,0.08,/user/raabe14/u19361/workspace-allen/results/zebra/sub-830795_ses-ecephys-830795-2026-02-23-15-03-59_ecephys.nwb/ProbeF/trial_0/phase_0/lib_ab4a70858e/lib_ab4a70858e__delay_0.06__dur_0.23.h5
cddee8ae-1b22-480e-880a-32142f9084d8,0.30000000000000004,0.18000000000000002,ab4a70858e,0.09871703386306763,-6.268656716417908,-11.650943396226417,0.0,14.32,30,33,0,0.0,2,4.0,11,1.2,/user/raabe14/u19361/workspace-allen/results/zebra/sub-830795_ses-ecephys-830795-2026-02-23-15-03-59_ecephys.nwb/ProbeF/trial_0/phase_0/lib_ab4a70858e/lib_ab4a70858e__delay_0.30000000000000004__dur_0.18000000000000002.h5
ce055815-04f3-44bf-b562-ff886bdb81a4,0.01,0.03,ab4a70858e,0.0,-60.0,47.5,0.0,7.16,0,0,0,0.0,0,2.0,0,0.01,/user/raabe14/u19361/workspace-allen/results/zebra/sub-830795_ses-ecephys-830795-2026-02-23-15-03-59_ecephys.nwb/ProbeF/trial_0/phase_0/lib_ab4a70858e/lib_ab4a70858e__delay_0.01__dur_0.03.h5
ceacbc4f-843d-4c5b-99cd-38173cb76d57,0.0,0.18000000000000002,ab4a70858e,0.12790025770664215,27.761194029850756,20.613207547169807,22.515923572829195,10.74,49,15,1,0.3141592653589793,1,3.0,10,1.1,/user/raabe14/u19361/workspace-allen/results/zebra/sub-830795_ses-ecephys-830795-2026-02-23-15-03-59_ecephys.nwb/ProbeF/trial_0/phase_0/lib_ab4a70858e/lib_ab4a70858e__delay_0.0__dur_0.18000000000000002.h5
ceb5200b-197e-4228-bc14-93f1362014b5,0.04,0.08,ab4a70858e,0.09229753166437149,0.8955223880597032,-31.367924528301888,0.0,17.91,34,44,0,0.0,3,5.0,9,0.1,/user/raabe14/u19361/workspace-allen/results/zebra/sub-830795_ses-ecephys-830795-2026-02-23-15-03-59_ecephys.nwb/ProbeF/trial_0/phase_0/lib_ab4a70858e/lib_ab4a70858e__delay_0.04__dur_0.08.h5
cfb6188e-2e29-4e0c-a44d-a08cbdbce3aa,0.25,0.18000000000000002,ab4a70858e,0.07398395985364914,-45.67164179104478,47.5,157.4840764271708,7.16,8,0,7,2.199114857512855,0,2.0,12,1.3,/user/raabe14/u19361/workspace-allen/results/zebra/sub-830795_ses-ecephys-830795-2026-02-23-15-03-59_ecephys.nwb/ProbeF/trial_0/phase_0/lib_ab4a70858e/lib_ab4a70858e__delay_0.25__dur_0.18000000000000002.h5
cfe907c8-32e3-4b88-8a17-45789c6eca3a,0.04,0.08,ab4a70858e,0.07270871847867966,36.71641791044776,36.74528301886792,180.0,28.65,54,6,8,2.5132741228718345,5,8.0,8,0.09,/user/raabe14/u19361/workspace-allen/results/zebra/sub-830795_ses-ecephys-830795-2026-02-23-15-03-59_ecephys.nwb/ProbeF/trial_0/phase_0/lib_ab4a70858e/lib_ab4a70858e__delay_0.04__dur_0.08.h5
cff44249-e2e0-498d-9804-9cbb95345bb2,0.2,0.23,ab4a70858e,0.07756975293159485,-25.970149253731343,20.613207547169807,45.02251307527088,7.16,19,15,2,0.6283185307179586,0,2.0,12,1.3,/user/raabe14/u19361/workspace-allen/results/zebra/sub-830795_ses-ecephys-830795-2026-02-23-15-03-59_ecephys.nwb/ProbeF/trial_0/phase_0/lib_ab4a70858e/lib_ab4a70858e__delay_0.2__dur_0.23.h5
d0a07e2b-0b71-4e7e-87e1-044ed7ec6f7e,0.30000000000000004,0.23,ab4a70858e,0.08168493956327438,-34.92537313432835,-8.066037735849058,90.0,17.91,14,31,4,1.2566370614359172,3,5.0,8,0.09,/user/raabe14/u19361/workspace-allen/results/zebra/sub-830795_ses-ecephys-830795-2026-02-23-15-03-59_ecephys.nwb/ProbeF/trial_0/phase_0/lib_ab4a70858e/lib_ab4a70858e__delay_0.30000000000000004__dur_0.23.h5
d0c096d9-adcf-48c1-9ac8-4a1ed9e25a74,0.2,0.13,ab4a70858e,0.06818878650665283,42.08955223880598,11.650943396226417,45.02251307527088,14.32,57,20,2,0.6283185307179586,2,4.0,7,0.08,/user/raabe14/u19361/workspace-allen/results/zebra/sub-830795_ses-ecephys-830795-2026-02-23-15-03-59_ecephys.nwb/ProbeF/trial_0/phase_0/lib_ab4a70858e/lib_ab4a70858e__delay_0.2__dur_0.13.h5
d10c4301-7e92-4dfa-9b90-3c4921498d2f,0.30000000000000004,0.23,ab4a70858e,0.08562364429235458,-24.179104477611936,-4.481132075471699,112.48408527317332,10.74,20,29,5,1.5707963267948966,1,3.0,11,1.2,/user/raabe14/u19361/workspace-allen/results/zebra/sub-830795_ses-ecephys-830795-2026-02-23-15-03-59_ecephys.nwb/ProbeF/trial_0/phase_0/lib_ab4a70858e/lib_ab4a70858e__delay_0.30000000000000004__dur_0.23.h5
d1ed51fe-8680-4dbd-b67e-378249111c74,0.01,0.03,ab4a70858e,0.0,-60.0,47.5,0.0,7.16,0,0,0,0.0,0,2.0,0,0.01,/user/raabe14/u19361/workspace-allen/results/zebra/sub-830795_ses-ecephys-830795-2026-02-23-15-03-59_ecephys.nwb/ProbeF/trial_0/phase_0/lib_ab4a70858e/lib_ab4a70858e__delay_0.01__dur_0.03.h5
d20f863a-76e7-4706-8bc4-7f3e48bcaf26,0.15000000000000002,0.23,ab4a70858e,0.07911036163568497,-45.67164179104478,-11.650943396226417,180.0,7.16,8,33,8,2.5132741228718345,0,2.0,12,1.3,/user/raabe14/u19361/workspace-allen/results/zebra/sub-830795_ses-ecephys-830795-2026-02-23-15-03-59_ecephys.nwb/ProbeF/trial_0/phase_0/lib_ab4a70858e/lib_ab4a70858e__delay_0.15000000000000002__dur_0.23.h5
d3627f45-8f1e-40af-b3fa-3010bef32cef,0.01,0.03,ab4a70858e,0.0,-60.0,47.5,0.0,7.16,0,0,0,0.0,0,2.0,0,0.01,/user/raabe14/u19361/workspace-allen/results/zebra/sub-830795_ses-ecephys-830795-2026-02-23-15-03-59_ecephys.nwb/ProbeF/trial_0/phase_0/lib_ab4a70858e/lib_ab4a70858e__delay_0.01__dur_0.03.h5
d3833dae-8b78-46ce-aaad-fc7c0f6117bb,0.25,0.23,ab4a70858e,0.10539616644382477,6.268656716417908,8.066037735849058,157.4840764271708,28.65,37,22,7,2.199114857512855,5,8.0,6,0.07,/user/raabe14/u19361/workspace-allen/results/zebra/sub-830795_ses-ecephys-830795-2026-02-23-15-03-59_ecephys.nwb/ProbeF/trial_0/phase_0/lib_ab4a70858e/lib_ab4a70858e__delay_0.25__dur_0.23.h5
d3998e95-d80c-42be-9b71-fcc1654f27f8,0.2,0.13,ab4a70858e,0.08258231729269028,-22.388059701492537,-17.028301886792452,67.51591472682667,10.74,21,36,3,0.9424777960769379,1,3.0,12,1.3,/user/raabe14/u19361/workspace-allen/results/zebra/sub-830795_ses-ecephys-830795-2026-02-23-15-03-59_ecephys.nwb/ProbeF/trial_0/phase_0/lib_ab4a70858e/lib_ab4a70858e__delay_0.2__dur_0.13.h5
d3d96622-8857-4402-9ad6-896ffeb4e5a7,0.01,0.03,ab4a70858e,0.0,-60.0,47.5,0.0,7.16,0,0,0,0.0,0,2.0,0,0.01,/user/raabe14/u19361/workspace-allen/results/zebra/sub-830795_ses-ecephys-830795-2026-02-23-15-03-59_ecephys.nwb/ProbeF/trial_0/phase_0/lib_ab4a70858e/lib_ab4a70858e__delay_0.01__dur_0.03.h5
d4e57a52-627e-42e4-80f7-85d2af9679d6,0.01,0.03,ab4a70858e,0.0,-60.0,47.5,0.0,7.16,0,0,0,0.0,0,2.0,0,0.01,/user/raabe14/u19361/workspace-allen/results/zebra/sub-830795_ses-ecephys-830795-2026-02-23-15-03-59_ecephys.nwb/ProbeF/trial_0/phase_0/lib_ab4a70858e/lib_ab4a70858e__delay_0.01__dur_0.03.h5
d520b691-b7b5-497d-aea6-755916f4a734,0.01,0.03,ab4a70858e,0.08819616585969925,-29.55223880597015,-22.40566037735849,0.0,21.49,17,39,0,0.0,4,6.0,11,1.2,/user/raabe14/u19361/workspace-allen/results/zebra/sub-830795_ses-ecephys-830795-2026-02-23-15-03-59_ecephys.nwb/ProbeF/trial_0/phase_0/lib_ab4a70858e/lib_ab4a70858e__delay_0.01__dur_0.03.h5
d5369c35-0d13-4ab0-a213-d5cf94b5c2ea,0.2,0.23,ab4a70858e,0.08560972660779953,-25.970149253731343,-6.273584905660378,157.4840764271708,21.49,19,30,7,2.199114857512855,4,6.0,12,1.3,/user/raabe14/u19361/workspace-allen/results/zebra/sub-830795_ses-ecephys-830795-2026-02-23-15-03-59_ecephys.nwb/ProbeF/trial_0/phase_0/lib_ab4a70858e/lib_ab4a70858e__delay_0.2__dur_0.23.h5
d5a9696f-d17b-42d9-a58a-884dfc8f48f1,0.25,0.13,ab4a70858e,0.07228953391313553,-15.223880597014926,-31.367924528301888,45.02251307527088,28.65,25,44,2,0.6283185307179586,5,8.0,4,0.05,/user/raabe14/u19361/workspace-allen/results/zebra/sub-830795_ses-ecephys-830795-2026-02-23-15-03-59_ecephys.nwb/ProbeF/trial_0/phase_0/lib_ab4a70858e/lib_ab4a70858e__delay_0.25__dur_0.13.h5
d6370d9f-317e-44b6-af8a-117104ded60a,0.08,0.23,ab4a70858e,0.12895362079143524,-43.88059701492537,6.273584905660378,157.4840764271708,17.91,9,23,7,2.199114857512855,3,5.0,12,1.3,/user/raabe14/u19361/workspace-allen/results/zebra/sub-830795_ses-ecephys-830795-2026-02-23-15-03-59_ecephys.nwb/ProbeF/trial_0/phase_0/lib_ab4a70858e/lib_ab4a70858e__delay_0.08__dur_0.23.h5
d6f6d509-5c6a-4186-982d-0219308536a9,0.02,0.13,ab4a70858e,0.0717632845044136,-42.089552238805965,-42.12264150943396,157.4840764271708,10.74,10,50,7,2.199114857512855,1,3.0,9,0.1,/user/raabe14/u19361/workspace-allen/results/zebra/sub-830795_ses-ecephys-830795-2026-02-23-15-03-59_ecephys.nwb/ProbeF/trial_0/phase_0/lib_ab4a70858e/lib_ab4a70858e__delay_0.02__dur_0.13.h5
d7134993-540c-4c25-a646-d4c5b1fb062b,0.01,0.23,ab4a70858e,0.09767835587263107,-25.970149253731343,-4.481132075471699,134.9774869247291,21.49,19,29,6,1.8849555921538759,4,6.0,8,0.09,/user/raabe14/u19361/workspace-allen/results/zebra/sub-830795_ses-ecephys-830795-2026-02-23-15-03-59_ecephys.nwb/ProbeF/trial_0/phase_0/lib_ab4a70858e/lib_ab4a70858e__delay_0.01__dur_0.23.h5
d7533ec8-3c2d-4cfc-ac67-f57bd5677156,0.07,0.23,ab4a70858e,0.08687341213226318,-11.64179104477612,45.70754716981132,157.4840764271708,28.65,27,1,7,2.199114857512855,5,8.0,8,0.09,/user/raabe14/u19361/workspace-allen/results/zebra/sub-830795_ses-ecephys-830795-2026-02-23-15-03-59_ecephys.nwb/ProbeF/trial_0/phase_0/lib_ab4a70858e/lib_ab4a70858e__delay_0.07__dur_0.23.h5
d7bd4d1f-0958-4ecb-970f-4f6ddd89760a,0.02,0.23,ab4a70858e,0.07712800800800323,8.059701492537314,29.575471698113205,45.02251307527088,21.49,38,10,2,0.6283185307179586,4,6.0,8,0.09,/user/raabe14/u19361/workspace-allen/results/zebra/sub-830795_ses-ecephys-830795-2026-02-23-15-03-59_ecephys.nwb/ProbeF/trial_0/phase_0/lib_ab4a70858e/lib_ab4a70858e__delay_0.02__dur_0.23.h5
d7e7570e-ab1e-431d-99ea-754c968e924d,0.30000000000000004,0.23,ab4a70858e,0.07714222371578217,36.71641791044776,0.8962264150943398,112.48408527317332,17.91,54,26,5,1.5707963267948966,3,5.0,9,0.1,/user/raabe14/u19361/workspace-allen/results/zebra/sub-830795_ses-ecephys-830795-2026-02-23-15-03-59_ecephys.nwb/ProbeF/trial_0/phase_0/lib_ab4a70858e/lib_ab4a70858e__delay_0.30000000000000004__dur_0.23.h5
d863b32b-9089-4474-bccf-15d8aa2428d0,0.15000000000000002,0.23,ab4a70858e,0.08906177431344986,2.6865671641791096,-25.99056603773585,90.0,28.65,35,41,4,1.2566370614359172,5,8.0,9,0.1,/user/raabe14/u19361/workspace-allen/results/zebra/sub-830795_ses-ecephys-830795-2026-02-23-15-03-59_ecephys.nwb/ProbeF/trial_0/phase_0/lib_ab4a70858e/lib_ab4a70858e__delay_0.15000000000000002__dur_0.23.h5
d8e7de38-e87a-4615-bf68-cacaedaa4ba5,0.04,0.23,ab4a70858e,0.07169054448604584,-60.0,0.8962264150943398,67.51591472682667,28.65,0,26,3,0.9424777960769379,5,8.0,6,0.07,/user/raabe14/u19361/workspace-allen/results/zebra/sub-830795_ses-ecephys-830795-2026-02-23-15-03-59_ecephys.nwb/ProbeF/trial_0/phase_0/lib_ab4a70858e/lib_ab4a70858e__delay_0.04__dur_0.23.h5
d93fd3af-9ac0-4f79-a71c-34cf4283750d,0.01,0.23,ab4a70858e,0.08019117265939713,-24.179104477611936,2.6886792452830193,45.02251307527088,17.91,20,25,2,0.6283185307179586,3,5.0,12,1.3,/user/raabe14/u19361/workspace-allen/results/zebra/sub-830795_ses-ecephys-830795-2026-02-23-15-03-59_ecephys.nwb/ProbeF/trial_0/phase_0/lib_ab4a70858e/lib_ab4a70858e__delay_0.01__dur_0.23.h5
da96d12b-48fe-4016-a237-9f0547894c97,0.02,0.23,ab4a70858e,0.0788983628153801,-9.850746268656714,4.481132075471699,157.4840764271708,14.32,28,24,7,2.199114857512855,2,4.0,12,1.3,/user/raabe14/u19361/workspace-allen/results/zebra/sub-830795_ses-ecephys-830795-2026-02-23-15-03-59_ecephys.nwb/ProbeF/trial_0/phase_0/lib_ab4a70858e/lib_ab4a70858e__delay_0.02__dur_0.23.h5
daa1deb3-f050-42d9-9c6b-7547562ad661,0.2,0.18000000000000002,ab4a70858e,0.07876688987016678,-24.179104477611936,29.575471698113205,112.48408527317332,10.74,20,10,5,1.5707963267948966,1,3.0,11,1.2,/user/raabe14/u19361/workspace-allen/results/zebra/sub-830795_ses-ecephys-830795-2026-02-23-15-03-59_ecephys.nwb/ProbeF/trial_0/phase_0/lib_ab4a70858e/lib_ab4a70858e__delay_0.2__dur_0.18000000000000002.h5
dc7a16b1-df60-440e-82c9-0194b006aaa0,0.30000000000000004,0.18000000000000002,ab4a70858e,0.07795272767543793,-20.59701492537313,11.650943396226417,180.0,17.91,22,20,8,2.5132741228718345,3,5.0,7,0.08,/user/raabe14/u19361/workspace-allen/results/zebra/sub-830795_ses-ecephys-830795-2026-02-23-15-03-59_ecephys.nwb/ProbeF/trial_0/phase_0/lib_ab4a70858e/lib_ab4a70858e__delay_0.30000000000000004__dur_0.18000000000000002.h5
dc804797-622a-4fdd-aab1-9d713eaed1b8,0.25,0.08,ab4a70858e,0.07427394390106201,36.71641791044776,-31.367924528301888,0.0,28.65,54,44,0,0.0,5,8.0,3,0.04,/user/raabe14/u19361/workspace-allen/results/zebra/sub-830795_ses-ecephys-830795-2026-02-23-15-03-59_ecephys.nwb/ProbeF/trial_0/phase_0/lib_ab4a70858e/lib_ab4a70858e__delay_0.25__dur_0.08.h5
dcaecf6e-c510-4a2f-817b-9e53c928e493,0.01,0.03,ab4a70858e,0.0,-60.0,47.5,0.0,7.16,0,0,0,0.0,0,2.0,0,0.01,/user/raabe14/u19361/workspace-allen/results/zebra/sub-830795_ses-ecephys-830795-2026-02-23-15-03-59_ecephys.nwb/ProbeF/trial_0/phase_0/lib_ab4a70858e/lib_ab4a70858e__delay_0.01__dur_0.03.h5
dcc6c071-5360-42d8-a5e9-ac779e8f5db2,0.0,0.18000000000000002,ab4a70858e,0.09986624866724014,-17.014925373134325,29.575471698113205,0.0,28.65,24,10,0,0.0,5,8.0,8,0.09,/user/raabe14/u19361/workspace-allen/results/zebra/sub-830795_ses-ecephys-830795-2026-02-23-15-03-59_ecephys.nwb/ProbeF/trial_0/phase_0/lib_ab4a70858e/lib_ab4a70858e__delay_0.0__dur_0.18000000000000002.h5
dd6098e8-5504-4c5f-a258-289a6d80eb9f,0.03,0.23,ab4a70858e,0.07245710492134094,-33.134328358208954,-22.40566037735849,112.48408527317332,17.91,15,39,5,1.5707963267948966,3,5.0,9,0.1,/user/raabe14/u19361/workspace-allen/results/zebra/sub-830795_ses-ecephys-830795-2026-02-23-15-03-59_ecephys.nwb/ProbeF/trial_0/phase_0/lib_ab4a70858e/lib_ab4a70858e__delay_0.03__dur_0.23.h5
dd79116c-c1f5-490d-a9a0-bd06e1a839c4,0.01,0.03,ab4a70858e,0.0,-60.0,47.5,0.0,7.16,0,0,0,0.0,0,2.0,0,0.01,/user/raabe14/u19361/workspace-allen/results/zebra/sub-830795_ses-ecephys-830795-2026-02-23-15-03-59_ecephys.nwb/ProbeF/trial_0/phase_0/lib_ab4a70858e/lib_ab4a70858e__delay_0.01__dur_0.03.h5
de28e700-17b2-4023-8e60-29f5b45c16cc,0.2,0.18000000000000002,ab4a70858e,0.08595772087574005,-9.850746268656714,-0.8962264150943398,180.0,17.91,28,27,8,2.5132741228718345,3,5.0,12,1.3,/user/raabe14/u19361/workspace-allen/results/zebra/sub-830795_ses-ecephys-830795-2026-02-23-15-03-59_ecephys.nwb/ProbeF/trial_0/phase_0/lib_ab4a70858e/lib_ab4a70858e__delay_0.2__dur_0.18000000000000002.h5
de3353e5-949f-4197-9586-1f850318d9f6,0.01,0.03,ab4a70858e,0.0,-60.0,47.5,0.0,7.16,0,0,0,0.0,0,2.0,0,0.01,/user/raabe14/u19361/workspace-allen/results/zebra/sub-830795_ses-ecephys-830795-2026-02-23-15-03-59_ecephys.nwb/ProbeF/trial_0/phase_0/lib_ab4a70858e/lib_ab4a70858e__delay_0.01__dur_0.03.h5
de5c5783-50cb-4a19-b4a0-c20588860e39,0.02,0.23,ab4a70858e,0.09703749418258667,-34.92537313432835,-40.33018867924528,45.02251307527088,21.49,14,49,2,0.6283185307179586,4,6.0,9,0.1,/user/raabe14/u19361/workspace-allen/results/zebra/sub-830795_ses-ecephys-830795-2026-02-23-15-03-59_ecephys.nwb/ProbeF/trial_0/phase_0/lib_ab4a70858e/lib_ab4a70858e__delay_0.02__dur_0.23.h5
de72ca0d-fbcb-4dc7-837c-fb8a6b4a1740,0.02,0.23,ab4a70858e,0.08711196482181549,9.85074626865672,4.481132075471699,22.515923572829163,7.16,39,24,9,2.827433388230814,0,2.0,8,0.09,/user/raabe14/u19361/workspace-allen/results/zebra/sub-830795_ses-ecephys-830795-2026-02-23-15-03-59_ecephys.nwb/ProbeF/trial_0/phase_0/lib_ab4a70858e/lib_ab4a70858e__delay_0.02__dur_0.23.h5
dfb227f5-2c5e-4135-9ae8-7209bb936c93,0.1,0.23,ab4a70858e,0.0857984870672226,-58.208955223880594,-2.6886792452830193,0.0,10.74,1,28,0,0.0,1,3.0,11,1.2,/user/raabe14/u19361/workspace-allen/results/zebra/sub-830795_ses-ecephys-830795-2026-02-23-15-03-59_ecephys.nwb/ProbeF/trial_0/phase_0/lib_ab4a70858e/lib_ab4a70858e__delay_0.1__dur_0.23.h5
e02a5fdd-bc45-4faa-a71d-4c503336c95c,0.1,0.23,ab4a70858e,0.08113078027963638,-15.223880597014926,-6.273584905660378,112.48408527317332,28.65,25,30,5,1.5707963267948966,5,8.0,6,0.07,/user/raabe14/u19361/workspace-allen/results/zebra/sub-830795_ses-ecephys-830795-2026-02-23-15-03-59_ecephys.nwb/ProbeF/trial_0/phase_0/lib_ab4a70858e/lib_ab4a70858e__delay_0.1__dur_0.23.h5
e0b16cea-c149-4a1f-af15-c053d964cf4a,0.30000000000000004,0.23,ab4a70858e,0.08236965537071228,-13.43283582089552,2.6886792452830193,112.48408527317332,10.74,26,25,5,1.5707963267948966,1,3.0,11,1.2,/user/raabe14/u19361/workspace-allen/results/zebra/sub-830795_ses-ecephys-830795-2026-02-23-15-03-59_ecephys.nwb/ProbeF/trial_0/phase_0/lib_ab4a70858e/lib_ab4a70858e__delay_0.30000000000000004__dur_0.23.h5
e0c53cf8-85a2-4b67-b78c-6b6335188c77,0.2,0.23,ab4a70858e,0.09115906804800034,49.25373134328359,-0.8962264150943398,157.4840764271708,10.74,61,27,7,2.199114857512855,1,3.0,12,1.3,/user/raabe14/u19361/workspace-allen/results/zebra/sub-830795_ses-ecephys-830795-2026-02-23-15-03-59_ecephys.nwb/ProbeF/trial_0/phase_0/lib_ab4a70858e/lib_ab4a70858e__delay_0.2__dur_0.23.h5
e0d118d6-88b0-4c53-86a0-c27626b99395,0.1,0.18000000000000002,ab4a70858e,0.0807863250374794,-54.62686567164179,34.95283018867924,67.51591472682667,28.65,3,7,3,0.9424777960769379,5,8.0,7,0.08,/user/raabe14/u19361/workspace-allen/results/zebra/sub-830795_ses-ecephys-830795-2026-02-23-15-03-59_ecephys.nwb/ProbeF/trial_0/phase_0/lib_ab4a70858e/lib_ab4a70858e__delay_0.1__dur_0.18000000000000002.h5
e2aa0ab8-387b-4aac-9c68-6e75ad82bc1e,0.15000000000000002,0.23,ab4a70858e,0.08793115615844727,49.25373134328359,-38.5377358490566,180.0,14.32,61,48,8,2.5132741228718345,2,4.0,9,0.1,/user/raabe14/u19361/workspace-allen/results/zebra/sub-830795_ses-ecephys-830795-2026-02-23-15-03-59_ecephys.nwb/ProbeF/trial_0/phase_0/lib_ab4a70858e/lib_ab4a70858e__delay_0.15000000000000002__dur_0.23.h5
e31fd617-b986-4aad-ab2e-1139ca8bcf3d,0.2,0.18000000000000002,ab4a70858e,0.08872935175895691,0.8955223880597032,-4.481132075471699,180.0,17.91,34,29,8,2.5132741228718345,3,5.0,12,1.3,/user/raabe14/u19361/workspace-allen/results/zebra/sub-830795_ses-ecephys-830795-2026-02-23-15-03-59_ecephys.nwb/ProbeF/trial_0/phase_0/lib_ab4a70858e/lib_ab4a70858e__delay_0.2__dur_0.18000000000000002.h5
e4bfbaed-a668-49ed-b1e0-dc9282ab1d0c,0.07,0.23,ab4a70858e,0.08200433850288391,-6.268656716417908,-20.61320754716981,67.51591472682667,17.91,30,38,3,0.9424777960769379,3,5.0,8,0.09,/user/raabe14/u19361/workspace-allen/results/zebra/sub-830795_ses-ecephys-830795-2026-02-23-15-03-59_ecephys.nwb/ProbeF/trial_0/phase_0/lib_ab4a70858e/lib_ab4a70858e__delay_0.07__dur_0.23.h5
e544797f-ae64-4705-843f-c76ea6dd3677,0.01,0.03,ab4a70858e,0.0,-60.0,47.5,0.0,7.16,0,0,0,0.0,0,2.0,0,0.01,/user/raabe14/u19361/workspace-allen/results/zebra/sub-830795_ses-ecephys-830795-2026-02-23-15-03-59_ecephys.nwb/ProbeF/trial_0/phase_0/lib_ab4a70858e/lib_ab4a70858e__delay_0.01__dur_0.03.h5
e7100353-6018-4be1-9a43-474d8c0f906d,0.01,0.03,ab4a70858e,0.0,-60.0,47.5,0.0,7.16,0,0,0,0.0,0,2.0,0,0.01,/user/raabe14/u19361/workspace-allen/results/zebra/sub-830795_ses-ecephys-830795-2026-02-23-15-03-59_ecephys.nwb/ProbeF/trial_0/phase_0/lib_ab4a70858e/lib_ab4a70858e__delay_0.01__dur_0.03.h5
e7f8b420-7a90-48c7-9584-50125b5f77c9,0.2,0.23,ab4a70858e,0.08335132896900177,-11.64179104477612,13.443396226415096,0.0,17.91,27,19,0,0.0,3,5.0,8,0.09,/user/raabe14/u19361/workspace-allen/results/zebra/sub-830795_ses-ecephys-830795-2026-02-23-15-03-59_ecephys.nwb/ProbeF/trial_0/phase_0/lib_ab4a70858e/lib_ab4a70858e__delay_0.2__dur_0.23.h5
e7f9c6cd-8d54-4f76-9ddb-a4e69d9c9214,0.15000000000000002,0.23,ab4a70858e,0.07164809107780457,9.85074626865672,-13.443396226415096,22.515923572829195,10.74,39,34,1,0.3141592653589793,1,3.0,9,0.1,/user/raabe14/u19361/workspace-allen/results/zebra/sub-830795_ses-ecephys-830795-2026-02-23-15-03-59_ecephys.nwb/ProbeF/trial_0/phase_0/lib_ab4a70858e/lib_ab4a70858e__delay_0.15000000000000002__dur_0.23.h5
e8609e88-043d-4e0c-9041-49315c72d97a,0.15000000000000002,0.23,ab4a70858e,0.07409022748470306,-36.71641791044776,40.33018867924528,0.0,17.91,13,4,0,0.0,3,5.0,7,0.08,/user/raabe14/u19361/workspace-allen/results/zebra/sub-830795_ses-ecephys-830795-2026-02-23-15-03-59_ecephys.nwb/ProbeF/trial_0/phase_0/lib_ab4a70858e/lib_ab4a70858e__delay_0.15000000000000002__dur_0.23.h5
e897178f-6a90-4681-8410-70416179216d,0.01,0.13,ab4a70858e,0.07527026534080505,9.85074626865672,-25.99056603773585,0.0,7.16,39,41,0,0.0,0,2.0,11,1.2,/user/raabe14/u19361/workspace-allen/results/zebra/sub-830795_ses-ecephys-830795-2026-02-23-15-03-59_ecephys.nwb/ProbeF/trial_0/phase_0/lib_ab4a70858e/lib_ab4a70858e__delay_0.01__dur_0.13.h5
e8e3f4c5-af54-4e74-be2d-e141ee5ace3d,0.1,0.08,ab4a70858e,0.08469521999359131,-17.014925373134325,6.273584905660378,45.02251307527088,21.49,24,23,2,0.6283185307179586,4,6.0,11,1.2,/user/raabe14/u19361/workspace-allen/results/zebra/sub-830795_ses-ecephys-830795-2026-02-23-15-03-59_ecephys.nwb/ProbeF/trial_0/phase_0/lib_ab4a70858e/lib_ab4a70858e__delay_0.1__dur_0.08.h5
e90ec4d5-d911-4391-b7af-666a151ec34e,0.30000000000000004,0.18000000000000002,ab4a70858e,0.09066692739725113,40.29850746268657,27.783018867924525,180.0,28.65,56,11,8,2.5132741228718345,5,8.0,9,0.1,/user/raabe14/u19361/workspace-allen/results/zebra/sub-830795_ses-ecephys-830795-2026-02-23-15-03-59_ecephys.nwb/ProbeF/trial_0/phase_0/lib_ab4a70858e/lib_ab4a70858e__delay_0.30000000000000004__dur_0.18000000000000002.h5
e96e044a-8dea-47a6-9cea-e80e9171470d,0.15000000000000002,0.23,ab4a70858e,0.09506241232156754,2.6865671641791096,20.613207547169807,157.4840764271708,28.65,35,15,7,2.199114857512855,5,8.0,4,0.05,/user/raabe14/u19361/workspace-allen/results/zebra/sub-830795_ses-ecephys-830795-2026-02-23-15-03-59_ecephys.nwb/ProbeF/trial_0/phase_0/lib_ab4a70858e/lib_ab4a70858e__delay_0.15000000000000002__dur_0.23.h5
e9c0496a-58c0-4e7e-85ae-75e6b75e704c,0.01,0.03,ab4a70858e,0.0,-60.0,47.5,0.0,7.16,0,0,0,0.0,0,2.0,0,0.01,/user/raabe14/u19361/workspace-allen/results/zebra/sub-830795_ses-ecephys-830795-2026-02-23-15-03-59_ecephys.nwb/ProbeF/trial_0/phase_0/lib_ab4a70858e/lib_ab4a70858e__delay_0.01__dur_0.03.h5
ea5ae2b6-f3a2-4f63-b7e9-0070ba346f63,0.01,0.18000000000000002,ab4a70858e,0.07677577435970306,-11.64179104477612,-31.367924528301888,22.515923572829163,28.65,27,44,9,2.827433388230814,5,8.0,9,0.1,/user/raabe14/u19361/workspace-allen/results/zebra/sub-830795_ses-ecephys-830795-2026-02-23-15-03-59_ecephys.nwb/ProbeF/trial_0/phase_0/lib_ab4a70858e/lib_ab4a70858e__delay_0.01__dur_0.18000000000000002.h5
ec04f531-d98f-4d6f-801b-e370111a1832,0.08,0.23,ab4a70858e,0.0957069918513298,-40.298507462686565,42.12264150943396,45.02251307527088,21.49,11,3,2,0.6283185307179586,4,6.0,9,0.1,/user/raabe14/u19361/workspace-allen/results/zebra/sub-830795_ses-ecephys-830795-2026-02-23-15-03-59_ecephys.nwb/ProbeF/trial_0/phase_0/lib_ab4a70858e/lib_ab4a70858e__delay_0.08__dur_0.23.h5
ec1018bc-4b23-49f6-aa35-037284ebc1a8,0.15000000000000002,0.23,ab4a70858e,0.1471042037010193,-4.477611940298509,-8.066037735849058,180.0,17.91,31,31,8,2.5132741228718345,3,5.0,12,1.3,/user/raabe14/u19361/workspace-allen/results/zebra/sub-830795_ses-ecephys-830795-2026-02-23-15-03-59_ecephys.nwb/ProbeF/trial_0/phase_0/lib_ab4a70858e/lib_ab4a70858e__delay_0.15000000000000002__dur_0.23.h5
ec430385-b4fb-470a-adb4-51759da90c3f,0.0,0.18000000000000002,ab4a70858e,0.08378426730632782,4.477611940298516,8.066037735849058,0.0,17.91,36,22,0,0.0,3,5.0,9,0.1,/user/raabe14/u19361/workspace-allen/results/zebra/sub-830795_ses-ecephys-830795-2026-02-23-15-03-59_ecephys.nwb/ProbeF/trial_0/phase_0/lib_ab4a70858e/lib_ab4a70858e__delay_0.0__dur_0.18000000000000002.h5
ec7f9ac9-6800-4baf-a010-08c8a8575973,0.15000000000000002,0.23,ab4a70858e,0.08154960721731186,-8.059701492537314,-6.273584905660378,180.0,17.91,29,30,8,2.5132741228718345,3,5.0,12,1.3,/user/raabe14/u19361/workspace-allen/results/zebra/sub-830795_ses-ecephys-830795-2026-02-23-15-03-59_ecephys.nwb/ProbeF/trial_0/phase_0/lib_ab4a70858e/lib_ab4a70858e__delay_0.15000000000000002__dur_0.23.h5
ecc09364-d27e-4410-a624-5c93074f2df7,0.07,0.18000000000000002,ab4a70858e,0.07491619139909744,-51.04477611940298,-0.8962264150943398,90.0,28.65,5,27,4,1.2566370614359172,5,8.0,7,0.08,/user/raabe14/u19361/workspace-allen/results/zebra/sub-830795_ses-ecephys-830795-2026-02-23-15-03-59_ecephys.nwb/ProbeF/trial_0/phase_0/lib_ab4a70858e/lib_ab4a70858e__delay_0.07__dur_0.18000000000000002.h5
ed1b7c36-49d6-42d8-b1ed-5012d20f28c2,0.03,0.23,ab4a70858e,0.08527036011219025,4.477611940298516,0.8962264150943398,22.515923572829163,17.91,36,26,9,2.827433388230814,3,5.0,4,0.05,/user/raabe14/u19361/workspace-allen/results/zebra/sub-830795_ses-ecephys-830795-2026-02-23-15-03-59_ecephys.nwb/ProbeF/trial_0/phase_0/lib_ab4a70858e/lib_ab4a70858e__delay_0.03__dur_0.23.h5
ed56218a-7c6f-410a-a754-c630c04d9591,0.25,0.18000000000000002,ab4a70858e,0.07782506942749023,-11.64179104477612,-9.858490566037737,180.0,10.74,27,32,8,2.5132741228718345,1,3.0,12,1.3,/user/raabe14/u19361/workspace-allen/results/zebra/sub-830795_ses-ecephys-830795-2026-02-23-15-03-59_ecephys.nwb/ProbeF/trial_0/phase_0/lib_ab4a70858e/lib_ab4a70858e__delay_0.25__dur_0.18000000000000002.h5
edc25690-bc80-4a46-bd36-3f11053ec728,0.0,0.18000000000000002,ab4a70858e,0.08196444809436798,2.6865671641791096,-4.481132075471699,22.515923572829195,10.74,35,29,1,0.3141592653589793,1,3.0,7,0.08,/user/raabe14/u19361/workspace-allen/results/zebra/sub-830795_ses-ecephys-830795-2026-02-23-15-03-59_ecephys.nwb/ProbeF/trial_0/phase_0/lib_ab4a70858e/lib_ab4a70858e__delay_0.0__dur_0.18000000000000002.h5
ee45b16c-a2a4-4b69-baf3-d95950c3fbbd,0.01,0.03,ab4a70858e,0.0,-60.0,47.5,0.0,7.16,0,0,0,0.0,0,2.0,0,0.01,/user/raabe14/u19361/workspace-allen/results/zebra/sub-830795_ses-ecephys-830795-2026-02-23-15-03-59_ecephys.nwb/ProbeF/trial_0/phase_0/lib_ab4a70858e/lib_ab4a70858e__delay_0.01__dur_0.03.h5
ee5bf1f8-6cbc-4065-8e6f-3a25fc6c56ef,0.15000000000000002,0.18000000000000002,ab4a70858e,0.07669806480407715,9.85074626865672,-15.235849056603776,0.0,10.74,39,35,0,0.0,1,3.0,11,1.2,/user/raabe14/u19361/workspace-allen/results/zebra/sub-830795_ses-ecephys-830795-2026-02-23-15-03-59_ecephys.nwb/ProbeF/trial_0/phase_0/lib_ab4a70858e/lib_ab4a70858e__delay_0.15000000000000002__dur_0.18000000000000002.h5
ef8674a2-441c-46ce-98d5-d30ee76a907b,0.25,0.18000000000000002,ab4a70858e,0.08966212719678879,-58.208955223880594,47.5,90.0,14.32,1,0,4,1.2566370614359172,2,4.0,9,0.1,/user/raabe14/u19361/workspace-allen/results/zebra/sub-830795_ses-ecephys-830795-2026-02-23-15-03-59_ecephys.nwb/ProbeF/trial_0/phase_0/lib_ab4a70858e/lib_ab4a70858e__delay_0.25__dur_0.18000000000000002.h5
efb6fa07-cf2c-4aab-9dff-b355586c85f8,0.30000000000000004,0.23,ab4a70858e,0.07312758266925812,-6.268656716417908,20.613207547169807,45.02251307527088,21.49,30,15,2,0.6283185307179586,4,6.0,5,0.06,/user/raabe14/u19361/workspace-allen/results/zebra/sub-830795_ses-ecephys-830795-2026-02-23-15-03-59_ecephys.nwb/ProbeF/trial_0/phase_0/lib_ab4a70858e/lib_ab4a70858e__delay_0.30000000000000004__dur_0.23.h5
f007be16-22f8-4551-85e5-ddf26a10f455,0.15000000000000002,0.23,ab4a70858e,0.08198335766792297,-31.34328358208955,13.443396226415096,180.0,10.74,16,19,8,2.5132741228718345,1,3.0,9,0.1,/user/raabe14/u19361/workspace-allen/results/zebra/sub-830795_ses-ecephys-830795-2026-02-23-15-03-59_ecephys.nwb/ProbeF/trial_0/phase_0/lib_ab4a70858e/lib_ab4a70858e__delay_0.15000000000000002__dur_0.23.h5
f015a2be-31da-4936-ba28-cd25cc7b8ca4,0.25,0.23,ab4a70858e,0.08042001724243164,-8.059701492537314,-15.235849056603776,45.02251307527088,10.74,29,35,2,0.6283185307179586,1,3.0,4,0.05,/user/raabe14/u19361/workspace-allen/results/zebra/sub-830795_ses-ecephys-830795-2026-02-23-15-03-59_ecephys.nwb/ProbeF/trial_0/phase_0/lib_ab4a70858e/lib_ab4a70858e__delay_0.25__dur_0.23.h5
f02b65c3-bfef-4742-b9c2-fe6c0e62334f,0.1,0.23,ab4a70858e,0.07578090578317642,17.014925373134332,2.6886792452830193,112.48408527317332,21.49,43,25,5,1.5707963267948966,4,6.0,9,0.1,/user/raabe14/u19361/workspace-allen/results/zebra/sub-830795_ses-ecephys-830795-2026-02-23-15-03-59_ecephys.nwb/ProbeF/trial_0/phase_0/lib_ab4a70858e/lib_ab4a70858e__delay_0.1__dur_0.23.h5
f10b1ed1-2343-4572-8d27-7807e7c20a53,0.04,0.13,ab4a70858e,0.08913034200668335,-11.64179104477612,8.066037735849058,45.02251307527088,17.91,27,22,2,0.6283185307179586,3,5.0,11,1.2,/user/raabe14/u19361/workspace-allen/results/zebra/sub-830795_ses-ecephys-830795-2026-02-23-15-03-59_ecephys.nwb/ProbeF/trial_0/phase_0/lib_ab4a70858e/lib_ab4a70858e__delay_0.04__dur_0.13.h5
f2c3bd7e-b0c8-4192-ad15-7e31a10b6294,0.01,0.03,ab4a70858e,0.0,-60.0,47.5,0.0,7.16,0,0,0,0.0,0,2.0,0,0.01,/user/raabe14/u19361/workspace-allen/results/zebra/sub-830795_ses-ecephys-830795-2026-02-23-15-03-59_ecephys.nwb/ProbeF/trial_0/phase_0/lib_ab4a70858e/lib_ab4a70858e__delay_0.01__dur_0.03.h5
f2c54381-5519-4eff-b30a-50a3e50211d9,0.05,0.03,ab4a70858e,0.11280468851327896,-27.761194029850742,-22.40566037735849,0.0,21.49,18,39,0,0.0,4,6.0,11,1.2,/user/raabe14/u19361/workspace-allen/results/zebra/sub-830795_ses-ecephys-830795-2026-02-23-15-03-59_ecephys.nwb/ProbeF/trial_0/phase_0/lib_ab4a70858e/lib_ab4a70858e__delay_0.05__dur_0.03.h5
f2c5d2b8-5865-4101-9384-a4b82d30b36f,0.01,0.03,ab4a70858e,0.0,-60.0,47.5,0.0,7.16,0,0,0,0.0,0,2.0,0,0.01,/user/raabe14/u19361/workspace-allen/results/zebra/sub-830795_ses-ecephys-830795-2026-02-23-15-03-59_ecephys.nwb/ProbeF/trial_0/phase_0/lib_ab4a70858e/lib_ab4a70858e__delay_0.01__dur_0.03.h5
f2efffb3-f4fd-48eb-8c82-2c1f536bc7ad,0.25,0.23,ab4a70858e,0.08354133367538452,-60.0,-0.8962264150943398,22.515923572829163,21.49,0,27,9,2.827433388230814,4,6.0,5,0.06,/user/raabe14/u19361/workspace-allen/results/zebra/sub-830795_ses-ecephys-830795-2026-02-23-15-03-59_ecephys.nwb/ProbeF/trial_0/phase_0/lib_ab4a70858e/lib_ab4a70858e__delay_0.25__dur_0.23.h5
f30b64c5-2229-47b1-96f6-a35fec73ee00,0.0,0.23,ab4a70858e,0.07905599474906921,-13.43283582089552,-18.82075471698113,180.0,7.16,26,37,8,2.5132741228718345,0,2.0,12,1.3,/user/raabe14/u19361/workspace-allen/results/zebra/sub-830795_ses-ecephys-830795-2026-02-23-15-03-59_ecephys.nwb/ProbeF/trial_0/phase_0/lib_ab4a70858e/lib_ab4a70858e__delay_0.0__dur_0.23.h5
f3543735-3927-4ddf-b611-a15951d33b40,0.01,0.03,ab4a70858e,0.0,-60.0,47.5,0.0,7.16,0,0,0,0.0,0,2.0,0,0.01,/user/raabe14/u19361/workspace-allen/results/zebra/sub-830795_ses-ecephys-830795-2026-02-23-15-03-59_ecephys.nwb/ProbeF/trial_0/phase_0/lib_ab4a70858e/lib_ab4a70858e__delay_0.01__dur_0.03.h5
f38f38f7-3462-46ca-879b-da182a6ce50f,0.0,0.03,ab4a70858e,0.12517182528972626,-25.970149253731343,-25.99056603773585,0.0,21.49,19,41,0,0.0,4,6.0,11,1.2,/user/raabe14/u19361/workspace-allen/results/zebra/sub-830795_ses-ecephys-830795-2026-02-23-15-03-59_ecephys.nwb/ProbeF/trial_0/phase_0/lib_ab4a70858e/lib_ab4a70858e__delay_0.0__dur_0.03.h5
f4fc597e-8174-4a9b-a245-1f65da1a70a0,0.30000000000000004,0.13,ab4a70858e,0.07608263939619064,-13.43283582089552,-20.61320754716981,45.02251307527088,10.74,26,38,2,0.6283185307179586,1,3.0,12,1.3,/user/raabe14/u19361/workspace-allen/results/zebra/sub-830795_ses-ecephys-830795-2026-02-23-15-03-59_ecephys.nwb/ProbeF/trial_0/phase_0/lib_ab4a70858e/lib_ab4a70858e__delay_0.30000000000000004__dur_0.13.h5
f5819858-a8f1-44d3-a736-43e31a83118f,0.01,0.13,ab4a70858e,0.08497282862663269,-60.0,0.8962264150943398,157.4840764271708,21.49,0,26,7,2.199114857512855,4,6.0,9,0.1,/user/raabe14/u19361/workspace-allen/results/zebra/sub-830795_ses-ecephys-830795-2026-02-23-15-03-59_ecephys.nwb/ProbeF/trial_0/phase_0/lib_ab4a70858e/lib_ab4a70858e__delay_0.01__dur_0.13.h5
f5ccad68-18ac-4138-828f-6015a42c2158,0.05,0.18000000000000002,ab4a70858e,0.09839435666799545,-52.83582089552239,-24.19811320754717,67.51591472682667,14.32,4,40,3,0.9424777960769379,2,4.0,12,1.3,/user/raabe14/u19361/workspace-allen/results/zebra/sub-830795_ses-ecephys-830795-2026-02-23-15-03-59_ecephys.nwb/ProbeF/trial_0/phase_0/lib_ab4a70858e/lib_ab4a70858e__delay_0.05__dur_0.18000000000000002.h5
f618470f-34c5-4a99-a61b-db3bbe6eb781,0.08,0.13,ab4a70858e,0.08307969570159912,11.641791044776127,9.858490566037737,45.02251307527088,28.65,40,21,2,0.6283185307179586,5,8.0,7,0.08,/user/raabe14/u19361/workspace-allen/results/zebra/sub-830795_ses-ecephys-830795-2026-02-23-15-03-59_ecephys.nwb/ProbeF/trial_0/phase_0/lib_ab4a70858e/lib_ab4a70858e__delay_0.08__dur_0.13.h5
f61b7196-abfe-4bb3-aa85-e6b07f0a1f3f,0.01,0.03,ab4a70858e,0.0,-60.0,47.5,0.0,7.16,0,0,0,0.0,0,2.0,0,0.01,/user/raabe14/u19361/workspace-allen/results/zebra/sub-830795_ses-ecephys-830795-2026-02-23-15-03-59_ecephys.nwb/ProbeF/trial_0/phase_0/lib_ab4a70858e/lib_ab4a70858e__delay_0.01__dur_0.03.h5
f64f2300-7555-408b-98e9-2c21ed5c99a4,0.30000000000000004,0.23,ab4a70858e,0.07784805446863174,9.85074626865672,-0.8962264150943398,134.9774869247291,21.49,39,27,6,1.8849555921538759,4,6.0,9,0.1,/user/raabe14/u19361/workspace-allen/results/zebra/sub-830795_ses-ecephys-830795-2026-02-23-15-03-59_ecephys.nwb/ProbeF/trial_0/phase_0/lib_ab4a70858e/lib_ab4a70858e__delay_0.30000000000000004__dur_0.23.h5
f6bfa2d2-9cad-4937-aed7-dd669eadc10b,0.30000000000000004,0.23,ab4a70858e,0.08157247304916382,11.641791044776127,-6.273584905660378,0.0,10.74,40,30,0,0.0,1,3.0,11,1.2,/user/raabe14/u19361/workspace-allen/results/zebra/sub-830795_ses-ecephys-830795-2026-02-23-15-03-59_ecephys.nwb/ProbeF/trial_0/phase_0/lib_ab4a70858e/lib_ab4a70858e__delay_0.30000000000000004__dur_0.23.h5
f6e06b37-05b8-463e-82ad-5df13cfe5ef2,0.2,0.23,ab4a70858e,0.14089104533195496,-29.55223880597015,-29.57547169811321,0.0,17.91,17,43,0,0.0,3,5.0,11,1.2,/user/raabe14/u19361/workspace-allen/results/zebra/sub-830795_ses-ecephys-830795-2026-02-23-15-03-59_ecephys.nwb/ProbeF/trial_0/phase_0/lib_ab4a70858e/lib_ab4a70858e__delay_0.2__dur_0.23.h5
f71c5cba-665c-49b5-bb0b-2243e143d108,0.15000000000000002,0.23,ab4a70858e,0.0788637325167656,-6.268656716417908,18.820754716981128,22.515923572829195,7.16,30,16,1,0.3141592653589793,0,2.0,8,0.09,/user/raabe14/u19361/workspace-allen/results/zebra/sub-830795_ses-ecephys-830795-2026-02-23-15-03-59_ecephys.nwb/ProbeF/trial_0/phase_0/lib_ab4a70858e/lib_ab4a70858e__delay_0.15000000000000002__dur_0.23.h5
f7715a15-a1c1-419c-a9cc-42c8a544e58a,0.06,0.23,ab4a70858e,0.09647559374570847,-25.970149253731343,4.481132075471699,67.51591472682667,28.65,19,24,3,0.9424777960769379,5,8.0,6,0.07,/user/raabe14/u19361/workspace-allen/results/zebra/sub-830795_ses-ecephys-830795-2026-02-23-15-03-59_ecephys.nwb/ProbeF/trial_0/phase_0/lib_ab4a70858e/lib_ab4a70858e__delay_0.06__dur_0.23.h5
f784fd27-e93c-4f0e-8300-0f272a9013ea,0.0,0.13,ab4a70858e,0.07186899334192276,-15.223880597014926,31.367924528301884,22.515923572829195,28.65,25,9,1,0.3141592653589793,5,8.0,8,0.09,/user/raabe14/u19361/workspace-allen/results/zebra/sub-830795_ses-ecephys-830795-2026-02-23-15-03-59_ecephys.nwb/ProbeF/trial_0/phase_0/lib_ab4a70858e/lib_ab4a70858e__delay_0.0__dur_0.13.h5
f7e3d744-c57f-4702-8334-db5e246c1d13,0.2,0.23,ab4a70858e,0.0785771831870079,15.223880597014926,-45.70754716981132,0.0,28.65,42,52,0,0.0,5,8.0,6,0.07,/user/raabe14/u19361/workspace-allen/results/zebra/sub-830795_ses-ecephys-830795-2026-02-23-15-03-59_ecephys.nwb/ProbeF/trial_0/phase_0/lib_ab4a70858e/lib_ab4a70858e__delay_0.2__dur_0.23.h5
f807d862-39a9-42b7-aafd-4d3722f422e3,0.09,0.23,ab4a70858e,0.0720103457570076,-54.62686567164179,43.91509433962264,157.4840764271708,10.74,3,2,7,2.199114857512855,1,3.0,12,1.3,/user/raabe14/u19361/workspace-allen/results/zebra/sub-830795_ses-ecephys-830795-2026-02-23-15-03-59_ecephys.nwb/ProbeF/trial_0/phase_0/lib_ab4a70858e/lib_ab4a70858e__delay_0.09__dur_0.23.h5
f8532e9b-d116-4ec9-bcb6-15a801a4f499,0.01,0.03,ab4a70858e,0.0,-60.0,47.5,0.0,7.16,0,0,0,0.0,0,2.0,0,0.01,/user/raabe14/u19361/workspace-allen/results/zebra/sub-830795_ses-ecephys-830795-2026-02-23-15-03-59_ecephys.nwb/ProbeF/trial_0/phase_0/lib_ab4a70858e/lib_ab4a70858e__delay_0.01__dur_0.03.h5
f85d0630-e7f1-4b71-a4b3-776714143020,0.30000000000000004,0.23,ab4a70858e,0.09457527101039886,8.059701492537314,43.91509433962264,67.51591472682667,7.16,38,2,3,0.9424777960769379,0,2.0,12,1.3,/user/raabe14/u19361/workspace-allen/results/zebra/sub-830795_ses-ecephys-830795-2026-02-23-15-03-59_ecephys.nwb/ProbeF/trial_0/phase_0/lib_ab4a70858e/lib_ab4a70858e__delay_0.30000000000000004__dur_0.23.h5
f8a02b85-d356-4c05-a902-66d2992d7d03,0.1,0.23,ab4a70858e,0.08300815522670746,-18.80597014925373,38.5377358490566,67.51591472682667,10.74,23,5,3,0.9424777960769379,1,3.0,9,0.1,/user/raabe14/u19361/workspace-allen/results/zebra/sub-830795_ses-ecephys-830795-2026-02-23-15-03-59_ecephys.nwb/ProbeF/trial_0/phase_0/lib_ab4a70858e/lib_ab4a70858e__delay_0.1__dur_0.23.h5
f8dc40e5-372b-45c6-a9a2-a3fdf2cfbc02,0.06,0.18000000000000002,ab4a70858e,0.09149201959371567,-11.64179104477612,-15.235849056603776,0.0,17.91,27,35,0,0.0,3,5.0,11,1.2,/user/raabe14/u19361/workspace-allen/results/zebra/sub-830795_ses-ecephys-830795-2026-02-23-15-03-59_ecephys.nwb/ProbeF/trial_0/phase_0/lib_ab4a70858e/lib_ab4a70858e__delay_0.06__dur_0.18000000000000002.h5
f905e379-744e-4a53-9fbe-911814ee2087,0.15000000000000002,0.18000000000000002,ab4a70858e,0.0883365347981453,-54.62686567164179,15.235849056603776,157.4840764271708,21.49,3,18,7,2.199114857512855,4,6.0,9,0.1,/user/raabe14/u19361/workspace-allen/results/zebra/sub-830795_ses-ecephys-830795-2026-02-23-15-03-59_ecephys.nwb/ProbeF/trial_0/phase_0/lib_ab4a70858e/lib_ab4a70858e__delay_0.15000000000000002__dur_0.18000000000000002.h5
f992917d-7666-4191-beb6-83070d477d3c,0.30000000000000004,0.23,ab4a70858e,0.0808616355061531,20.59701492537313,-8.066037735849058,157.4840764271708,28.65,45,31,7,2.199114857512855,5,8.0,9,0.1,/user/raabe14/u19361/workspace-allen/results/zebra/sub-830795_ses-ecephys-830795-2026-02-23-15-03-59_ecephys.nwb/ProbeF/trial_0/phase_0/lib_ab4a70858e/lib_ab4a70858e__delay_0.30000000000000004__dur_0.23.h5
fa33a9c4-d13e-45f0-b5cb-dfe6568e0f47,0.1,0.13,ab4a70858e,0.07566174864768982,-31.34328358208955,25.990566037735846,112.48408527317332,10.74,16,12,5,1.5707963267948966,1,3.0,9,0.1,/user/raabe14/u19361/workspace-allen/results/zebra/sub-830795_ses-ecephys-830795-2026-02-23-15-03-59_ecephys.nwb/ProbeF/trial_0/phase_0/lib_ab4a70858e/lib_ab4a70858e__delay_0.1__dur_0.13.h5
fae7926d-62df-4b55-8ffb-ca03ba0fea02,0.2,0.08,ab4a70858e,0.06965641677379608,-11.64179104477612,34.95283018867924,67.51591472682667,28.65,27,7,3,0.9424777960769379,5,8.0,7,0.08,/user/raabe14/u19361/workspace-allen/results/zebra/sub-830795_ses-ecephys-830795-2026-02-23-15-03-59_ecephys.nwb/ProbeF/trial_0/phase_0/lib_ab4a70858e/lib_ab4a70858e__delay_0.2__dur_0.08.h5
fb73a9c0-4f6d-49ca-aacc-a5b79392ba8b,0.04,0.23,ab4a70858e,0.07468437403440475,58.20895522388061,4.481132075471699,67.51591472682667,17.91,66,24,3,0.9424777960769379,3,5.0,12,1.3,/user/raabe14/u19361/workspace-allen/results/zebra/sub-830795_ses-ecephys-830795-2026-02-23-15-03-59_ecephys.nwb/ProbeF/trial_0/phase_0/lib_ab4a70858e/lib_ab4a70858e__delay_0.04__dur_0.23.h5
fc21db0e-d704-4c0c-935f-a84b606b2447,0.01,0.03,ab4a70858e,0.0,-60.0,47.5,0.0,7.16,0,0,0,0.0,0,2.0,0,0.01,/user/raabe14/u19361/workspace-allen/results/zebra/sub-830795_ses-ecephys-830795-2026-02-23-15-03-59_ecephys.nwb/ProbeF/trial_0/phase_0/lib_ab4a70858e/lib_ab4a70858e__delay_0.01__dur_0.03.h5
fc2f5bc0-ebeb-4fcd-acb9-43871606cce2,0.0,0.18000000000000002,ab4a70858e,0.07430043816566467,36.71641791044776,-33.160377358490564,90.0,10.74,54,45,4,1.2566370614359172,1,3.0,5,0.06,/user/raabe14/u19361/workspace-allen/results/zebra/sub-830795_ses-ecephys-830795-2026-02-23-15-03-59_ecephys.nwb/ProbeF/trial_0/phase_0/lib_ab4a70858e/lib_ab4a70858e__delay_0.0__dur_0.18000000000000002.h5
fc4afd27-8e10-491d-adc0-067dceb5dc6f,0.09,0.18000000000000002,ab4a70858e,0.08920404314994812,-4.477611940298509,-8.066037735849058,180.0,17.91,31,31,8,2.5132741228718345,3,5.0,12,1.3,/user/raabe14/u19361/workspace-allen/results/zebra/sub-830795_ses-ecephys-830795-2026-02-23-15-03-59_ecephys.nwb/ProbeF/trial_0/phase_0/lib_ab4a70858e/lib_ab4a70858e__delay_0.09__dur_0.18000000000000002.h5
fc6e5ef6-ac3d-4860-b822-811d9be9c167,0.15000000000000002,0.08,ab4a70858e,0.08742155879735947,18.80597014925374,-24.19811320754717,0.0,17.91,44,40,0,0.0,3,5.0,11,1.2,/user/raabe14/u19361/workspace-allen/results/zebra/sub-830795_ses-ecephys-830795-2026-02-23-15-03-59_ecephys.nwb/ProbeF/trial_0/phase_0/lib_ab4a70858e/lib_ab4a70858e__delay_0.15000000000000002__dur_0.08.h5
fd0ab372-1edc-4b8a-a1a1-b7e24d33194d,0.25,0.13,ab4a70858e,0.07146509736776352,11.641791044776127,-20.61320754716981,45.02251307527088,28.65,40,38,2,0.6283185307179586,5,8.0,9,0.1,/user/raabe14/u19361/workspace-allen/results/zebra/sub-830795_ses-ecephys-830795-2026-02-23-15-03-59_ecephys.nwb/ProbeF/trial_0/phase_0/lib_ab4a70858e/lib_ab4a70858e__delay_0.25__dur_0.13.h5
fdc2de6f-513c-46d9-b99d-408db8930018,0.08,0.23,ab4a70858e,0.08193712681531906,-22.388059701492537,-2.6886792452830193,22.515923572829163,21.49,21,28,9,2.827433388230814,4,6.0,9,0.1,/user/raabe14/u19361/workspace-allen/results/zebra/sub-830795_ses-ecephys-830795-2026-02-23-15-03-59_ecephys.nwb/ProbeF/trial_0/phase_0/lib_ab4a70858e/lib_ab4a70858e__delay_0.08__dur_0.23.h5
fea668dd-65d4-4003-bcb7-2987019e01e3,0.02,0.13,ab4a70858e,0.07062967121601105,47.462686567164184,-9.858490566037737,22.515923572829195,14.32,60,32,1,0.3141592653589793,2,4.0,9,0.1,/user/raabe14/u19361/workspace-allen/results/zebra/sub-830795_ses-ecephys-830795-2026-02-23-15-03-59_ecephys.nwb/ProbeF/trial_0/phase_0/lib_ab4a70858e/lib_ab4a70858e__delay_0.02__dur_0.13.h5
ff5caf83-2dc7-4e2a-a2ea-1398a06ccc89,0.01,0.03,ab4a70858e,0.0,-60.0,47.5,0.0,7.16,0,0,0,0.0,0,2.0,0,0.01,/user/raabe14/u19361/workspace-allen/results/zebra/sub-830795_ses-ecephys-830795-2026-02-23-15-03-59_ecephys.nwb/ProbeF/trial_0/phase_0/lib_ab4a70858e/lib_ab4a70858e__delay_0.01__dur_0.03.h5
