unit_id,delay,duration,lib_id,abs_max_value,x_deg,y_deg,theta_deg,sigma_deg,xi,yi,theta_idx,theta_rad,sigma_idx,sigma,frequency_idx,frequency,source_file
002b6d2f-568f-477e-93af-fee11c773520,0.12,0.25,ab4a70858e,0.09162227809429169,-33.134328358208954,0.8962264150943398,0.0,21.49,15,26,0,0.0,4,6.0,7,0.08,/mnt/ceph-ssd/workspaces/ws/cidbn_wibral_neuro_nonhuman/u19361-workspace/allen/rf/zebra/rawresults/ephys/sub-830794_ses-ecephys-830794-2026-01-26-12-02-05_ecephys/ProbeB/trial_0/phase_0/lib_ab4a70858e/lib_ab4a70858e__delay_0.12__dur_0.25.h5
007f57f7-fc0f-4eee-b352-401d99271469,0.01,0.05,ab4a70858e,0.4192217290401459,-54.62686567164179,-22.40566037735849,22.515923572829163,7.16,3,39,9,2.827433388230814,0,2.0,9,0.1,/mnt/ceph-ssd/workspaces/ws/cidbn_wibral_neuro_nonhuman/u19361-workspace/allen/rf/zebra/rawresults/ephys/sub-830794_ses-ecephys-830794-2026-01-26-12-02-05_ecephys/ProbeB/trial_0/phase_0/lib_ab4a70858e/lib_ab4a70858e__delay_0.01__dur_0.05.h5
00f959d2-7a3f-425b-aa34-c3c7c5714cca,0.12,0.15000000000000002,ab4a70858e,0.07890394330024719,-17.014925373134325,2.6886792452830193,0.0,28.65,24,25,0,0.0,5,8.0,9,0.1,/mnt/ceph-ssd/workspaces/ws/cidbn_wibral_neuro_nonhuman/u19361-workspace/allen/rf/zebra/rawresults/ephys/sub-830794_ses-ecephys-830794-2026-01-26-12-02-05_ecephys/ProbeB/trial_0/phase_0/lib_ab4a70858e/lib_ab4a70858e__delay_0.12__dur_0.15000000000000002.h5
012a58bb-bac2-498c-8fe4-6608e5cc9b55,0.01,0.05,ab4a70858e,0.0,-60.0,47.5,0.0,7.16,0,0,0,0.0,0,2.0,0,0.01,/mnt/ceph-ssd/workspaces/ws/cidbn_wibral_neuro_nonhuman/u19361-workspace/allen/rf/zebra/rawresults/ephys/sub-830794_ses-ecephys-830794-2026-01-26-12-02-05_ecephys/ProbeB/trial_0/phase_0/lib_ab4a70858e/lib_ab4a70858e__delay_0.01__dur_0.05.h5
01eefc2f-5ea0-465f-8f73-abc1036c57fb,0.05,0.25,ab4a70858e,0.08854654431343079,4.477611940298516,-4.481132075471699,112.48408527317332,7.16,36,29,5,1.5707963267948966,0,2.0,11,1.2,/mnt/ceph-ssd/workspaces/ws/cidbn_wibral_neuro_nonhuman/u19361-workspace/allen/rf/zebra/rawresults/ephys/sub-830794_ses-ecephys-830794-2026-01-26-12-02-05_ecephys/ProbeB/trial_0/phase_0/lib_ab4a70858e/lib_ab4a70858e__delay_0.05__dur_0.25.h5
02a2f63f-5b51-4fd0-acd2-75cfc75c34f6,0.12,0.25,ab4a70858e,0.07491026818752289,-4.477611940298509,-31.367924528301888,45.02251307527088,10.74,31,44,2,0.6283185307179586,1,3.0,12,1.3,/mnt/ceph-ssd/workspaces/ws/cidbn_wibral_neuro_nonhuman/u19361-workspace/allen/rf/zebra/rawresults/ephys/sub-830794_ses-ecephys-830794-2026-01-26-12-02-05_ecephys/ProbeB/trial_0/phase_0/lib_ab4a70858e/lib_ab4a70858e__delay_0.12__dur_0.25.h5
02f084f0-7f91-4507-8838-d7e8c7e27303,0.01,0.05,ab4a70858e,0.0,-60.0,47.5,0.0,7.16,0,0,0,0.0,0,2.0,0,0.01,/mnt/ceph-ssd/workspaces/ws/cidbn_wibral_neuro_nonhuman/u19361-workspace/allen/rf/zebra/rawresults/ephys/sub-830794_ses-ecephys-830794-2026-01-26-12-02-05_ecephys/ProbeB/trial_0/phase_0/lib_ab4a70858e/lib_ab4a70858e__delay_0.01__dur_0.05.h5
030aa9cb-b2f7-4a8a-87b0-ce84e9134720,0.01,0.05,ab4a70858e,0.0,-60.0,47.5,0.0,7.16,0,0,0,0.0,0,2.0,0,0.01,/mnt/ceph-ssd/workspaces/ws/cidbn_wibral_neuro_nonhuman/u19361-workspace/allen/rf/zebra/rawresults/ephys/sub-830794_ses-ecephys-830794-2026-01-26-12-02-05_ecephys/ProbeB/trial_0/phase_0/lib_ab4a70858e/lib_ab4a70858e__delay_0.01__dur_0.05.h5
0366bab5-8505-454e-b9d0-4da3f9fbcbce,0.09,0.2,ab4a70858e,0.18842829763889313,31.343283582089555,9.858490566037737,0.0,28.65,51,21,0,0.0,5,8.0,11,1.2,/mnt/ceph-ssd/workspaces/ws/cidbn_wibral_neuro_nonhuman/u19361-workspace/allen/rf/zebra/rawresults/ephys/sub-830794_ses-ecephys-830794-2026-01-26-12-02-05_ecephys/ProbeB/trial_0/phase_0/lib_ab4a70858e/lib_ab4a70858e__delay_0.09__dur_0.2.h5
038b58cb-cdaa-4001-a913-b39a54ccad38,0.09,0.25,ab4a70858e,0.07709261775016785,52.83582089552239,4.481132075471699,45.02251307527088,7.16,63,24,2,0.6283185307179586,0,2.0,12,1.3,/mnt/ceph-ssd/workspaces/ws/cidbn_wibral_neuro_nonhuman/u19361-workspace/allen/rf/zebra/rawresults/ephys/sub-830794_ses-ecephys-830794-2026-01-26-12-02-05_ecephys/ProbeB/trial_0/phase_0/lib_ab4a70858e/lib_ab4a70858e__delay_0.09__dur_0.25.h5
03c80e07-ce89-4e5b-a8b1-971f1805f638,0.0,0.2,ab4a70858e,0.0852641835808754,-18.80597014925373,27.783018867924525,22.515923572829163,14.32,23,11,9,2.827433388230814,2,4.0,9,0.1,/mnt/ceph-ssd/workspaces/ws/cidbn_wibral_neuro_nonhuman/u19361-workspace/allen/rf/zebra/rawresults/ephys/sub-830794_ses-ecephys-830794-2026-01-26-12-02-05_ecephys/ProbeB/trial_0/phase_0/lib_ab4a70858e/lib_ab4a70858e__delay_0.0__dur_0.2.h5
03e646b7-009f-45d9-9850-f7ae47cee9cc,0.01,0.05,ab4a70858e,0.0,-60.0,47.5,0.0,7.16,0,0,0,0.0,0,2.0,0,0.01,/mnt/ceph-ssd/workspaces/ws/cidbn_wibral_neuro_nonhuman/u19361-workspace/allen/rf/zebra/rawresults/ephys/sub-830794_ses-ecephys-830794-2026-01-26-12-02-05_ecephys/ProbeB/trial_0/phase_0/lib_ab4a70858e/lib_ab4a70858e__delay_0.01__dur_0.05.h5
03ee96ae-c62d-4f87-b2bd-8c7771dfc10c,0.0,0.25,ab4a70858e,0.08078821748495102,-31.34328358208955,-2.6886792452830193,22.515923572829195,17.91,16,28,1,0.3141592653589793,3,5.0,6,0.07,/mnt/ceph-ssd/workspaces/ws/cidbn_wibral_neuro_nonhuman/u19361-workspace/allen/rf/zebra/rawresults/ephys/sub-830794_ses-ecephys-830794-2026-01-26-12-02-05_ecephys/ProbeB/trial_0/phase_0/lib_ab4a70858e/lib_ab4a70858e__delay_0.0__dur_0.25.h5
040544c9-059c-4be8-bcd0-dc8043e5eef7,0.06,0.2,ab4a70858e,0.08042383939027786,6.268656716417908,47.5,134.9774869247291,28.65,37,0,6,1.8849555921538759,5,8.0,2,0.03,/mnt/ceph-ssd/workspaces/ws/cidbn_wibral_neuro_nonhuman/u19361-workspace/allen/rf/zebra/rawresults/ephys/sub-830794_ses-ecephys-830794-2026-01-26-12-02-05_ecephys/ProbeB/trial_0/phase_0/lib_ab4a70858e/lib_ab4a70858e__delay_0.06__dur_0.2.h5
04a10528-3e7a-49fd-9e17-cf482ab1651b,0.11,0.1,ab4a70858e,0.07194657623767853,51.04477611940298,6.273584905660378,157.4840764271708,7.16,62,23,7,2.199114857512855,0,2.0,9,0.1,/mnt/ceph-ssd/workspaces/ws/cidbn_wibral_neuro_nonhuman/u19361-workspace/allen/rf/zebra/rawresults/ephys/sub-830794_ses-ecephys-830794-2026-01-26-12-02-05_ecephys/ProbeB/trial_0/phase_0/lib_ab4a70858e/lib_ab4a70858e__delay_0.11__dur_0.1.h5
04e66b36-98bf-435c-adaf-1988bb1726ae,0.0,0.25,ab4a70858e,0.0857873484492302,-24.179104477611936,31.367924528301884,90.0,17.91,20,9,4,1.2566370614359172,3,5.0,9,0.1,/mnt/ceph-ssd/workspaces/ws/cidbn_wibral_neuro_nonhuman/u19361-workspace/allen/rf/zebra/rawresults/ephys/sub-830794_ses-ecephys-830794-2026-01-26-12-02-05_ecephys/ProbeB/trial_0/phase_0/lib_ab4a70858e/lib_ab4a70858e__delay_0.0__dur_0.25.h5
054d3cda-0918-43b0-8c28-f5f3b154cf38,0.05,0.15000000000000002,ab4a70858e,0.08921457082033157,54.626865671641795,6.273584905660378,45.02251307527088,10.74,64,23,2,0.6283185307179586,1,3.0,12,1.3,/mnt/ceph-ssd/workspaces/ws/cidbn_wibral_neuro_nonhuman/u19361-workspace/allen/rf/zebra/rawresults/ephys/sub-830794_ses-ecephys-830794-2026-01-26-12-02-05_ecephys/ProbeB/trial_0/phase_0/lib_ab4a70858e/lib_ab4a70858e__delay_0.05__dur_0.15000000000000002.h5
05f0258f-f489-48cb-9ae2-8dc7886d01f7,0.12,0.25,ab4a70858e,0.1323673576116562,-11.64179104477612,-36.74528301886792,0.0,10.74,27,47,0,0.0,1,3.0,11,1.2,/mnt/ceph-ssd/workspaces/ws/cidbn_wibral_neuro_nonhuman/u19361-workspace/allen/rf/zebra/rawresults/ephys/sub-830794_ses-ecephys-830794-2026-01-26-12-02-05_ecephys/ProbeB/trial_0/phase_0/lib_ab4a70858e/lib_ab4a70858e__delay_0.12__dur_0.25.h5
05fa77c5-22b3-4f16-94fe-b9a108415185,0.11,0.2,ab4a70858e,0.08661617338657379,-36.71641791044776,34.95283018867924,45.02251307527088,7.16,13,7,2,0.6283185307179586,0,2.0,12,1.3,/mnt/ceph-ssd/workspaces/ws/cidbn_wibral_neuro_nonhuman/u19361-workspace/allen/rf/zebra/rawresults/ephys/sub-830794_ses-ecephys-830794-2026-01-26-12-02-05_ecephys/ProbeB/trial_0/phase_0/lib_ab4a70858e/lib_ab4a70858e__delay_0.11__dur_0.2.h5
06ed1dd2-0bf3-45ff-be84-9d9a1a6d6d49,0.01,0.05,ab4a70858e,0.0,-60.0,47.5,0.0,7.16,0,0,0,0.0,0,2.0,0,0.01,/mnt/ceph-ssd/workspaces/ws/cidbn_wibral_neuro_nonhuman/u19361-workspace/allen/rf/zebra/rawresults/ephys/sub-830794_ses-ecephys-830794-2026-01-26-12-02-05_ecephys/ProbeB/trial_0/phase_0/lib_ab4a70858e/lib_ab4a70858e__delay_0.01__dur_0.05.h5
07c366bc-4710-4aba-9cbb-65a3f62cb0f3,0.0,0.25,ab4a70858e,0.09714983403682709,-20.59701492537313,4.481132075471699,157.4840764271708,17.91,22,24,7,2.199114857512855,3,5.0,12,1.3,/mnt/ceph-ssd/workspaces/ws/cidbn_wibral_neuro_nonhuman/u19361-workspace/allen/rf/zebra/rawresults/ephys/sub-830794_ses-ecephys-830794-2026-01-26-12-02-05_ecephys/ProbeB/trial_0/phase_0/lib_ab4a70858e/lib_ab4a70858e__delay_0.0__dur_0.25.h5
08fb0ab5-0e0c-4708-b4e0-a7848b28693b,0.09,0.2,ab4a70858e,0.09816581010818481,-15.223880597014926,47.5,112.48408527317332,21.49,25,0,5,1.5707963267948966,4,6.0,11,1.2,/mnt/ceph-ssd/workspaces/ws/cidbn_wibral_neuro_nonhuman/u19361-workspace/allen/rf/zebra/rawresults/ephys/sub-830794_ses-ecephys-830794-2026-01-26-12-02-05_ecephys/ProbeB/trial_0/phase_0/lib_ab4a70858e/lib_ab4a70858e__delay_0.09__dur_0.2.h5
092079b9-eb11-431a-a09f-350ad51fe0fb,0.09,0.25,ab4a70858e,0.0878966748714447,-51.04477611940298,-20.61320754716981,67.51591472682667,14.32,5,38,3,0.9424777960769379,2,4.0,12,1.3,/mnt/ceph-ssd/workspaces/ws/cidbn_wibral_neuro_nonhuman/u19361-workspace/allen/rf/zebra/rawresults/ephys/sub-830794_ses-ecephys-830794-2026-01-26-12-02-05_ecephys/ProbeB/trial_0/phase_0/lib_ab4a70858e/lib_ab4a70858e__delay_0.09__dur_0.25.h5
099ac49a-7666-486e-9d12-20c43847df4d,0.08,0.15000000000000002,ab4a70858e,0.0746225044131279,6.268656716417908,-13.443396226415096,67.51591472682667,14.32,37,34,3,0.9424777960769379,2,4.0,8,0.09,/mnt/ceph-ssd/workspaces/ws/cidbn_wibral_neuro_nonhuman/u19361-workspace/allen/rf/zebra/rawresults/ephys/sub-830794_ses-ecephys-830794-2026-01-26-12-02-05_ecephys/ProbeB/trial_0/phase_0/lib_ab4a70858e/lib_ab4a70858e__delay_0.08__dur_0.15000000000000002.h5
09a848c8-f5aa-4554-8762-bf98c8b646d4,0.02,0.1,ab4a70858e,0.06380856782197952,-15.223880597014926,-33.160377358490564,157.4840764271708,14.32,25,45,7,2.199114857512855,2,4.0,9,0.1,/mnt/ceph-ssd/workspaces/ws/cidbn_wibral_neuro_nonhuman/u19361-workspace/allen/rf/zebra/rawresults/ephys/sub-830794_ses-ecephys-830794-2026-01-26-12-02-05_ecephys/ProbeB/trial_0/phase_0/lib_ab4a70858e/lib_ab4a70858e__delay_0.02__dur_0.1.h5
0a070532-b02d-4b66-9456-4fc26c701379,0.01,0.05,ab4a70858e,0.0,-60.0,47.5,0.0,7.16,0,0,0,0.0,0,2.0,0,0.01,/mnt/ceph-ssd/workspaces/ws/cidbn_wibral_neuro_nonhuman/u19361-workspace/allen/rf/zebra/rawresults/ephys/sub-830794_ses-ecephys-830794-2026-01-26-12-02-05_ecephys/ProbeB/trial_0/phase_0/lib_ab4a70858e/lib_ab4a70858e__delay_0.01__dur_0.05.h5
0a379c11-f5b7-4a72-ba38-201c44b31b97,0.08,0.2,ab4a70858e,0.07484663277864456,52.83582089552239,43.91509433962264,180.0,28.65,63,2,8,2.5132741228718345,5,8.0,10,1.1,/mnt/ceph-ssd/workspaces/ws/cidbn_wibral_neuro_nonhuman/u19361-workspace/allen/rf/zebra/rawresults/ephys/sub-830794_ses-ecephys-830794-2026-01-26-12-02-05_ecephys/ProbeB/trial_0/phase_0/lib_ab4a70858e/lib_ab4a70858e__delay_0.08__dur_0.2.h5
0b91c37f-b95c-466b-bd9d-8e41f033c78c,0.0,0.1,ab4a70858e,0.07589295506477356,13.43283582089552,25.990566037735846,22.515923572829195,28.65,41,12,1,0.3141592653589793,5,8.0,5,0.06,/mnt/ceph-ssd/workspaces/ws/cidbn_wibral_neuro_nonhuman/u19361-workspace/allen/rf/zebra/rawresults/ephys/sub-830794_ses-ecephys-830794-2026-01-26-12-02-05_ecephys/ProbeB/trial_0/phase_0/lib_ab4a70858e/lib_ab4a70858e__delay_0.0__dur_0.1.h5
0c273202-49c3-45f1-b5a0-6d7646f575ec,0.0,0.25,ab4a70858e,0.0880950465798378,-4.477611940298509,-24.19811320754717,22.515923572829195,14.32,31,40,1,0.3141592653589793,2,4.0,10,1.1,/mnt/ceph-ssd/workspaces/ws/cidbn_wibral_neuro_nonhuman/u19361-workspace/allen/rf/zebra/rawresults/ephys/sub-830794_ses-ecephys-830794-2026-01-26-12-02-05_ecephys/ProbeB/trial_0/phase_0/lib_ab4a70858e/lib_ab4a70858e__delay_0.0__dur_0.25.h5
0c7caec7-cee5-46d6-b85f-e284ea3805d1,0.09,0.2,ab4a70858e,0.06906511634588242,45.67164179104478,-25.99056603773585,22.515923572829195,28.65,59,41,1,0.3141592653589793,5,8.0,3,0.04,/mnt/ceph-ssd/workspaces/ws/cidbn_wibral_neuro_nonhuman/u19361-workspace/allen/rf/zebra/rawresults/ephys/sub-830794_ses-ecephys-830794-2026-01-26-12-02-05_ecephys/ProbeB/trial_0/phase_0/lib_ab4a70858e/lib_ab4a70858e__delay_0.09__dur_0.2.h5
0ca8244f-3486-4353-99e8-2a3897d9e9d4,0.05,0.15000000000000002,ab4a70858e,0.07116691768169403,-6.268656716417908,47.5,22.515923572829195,14.32,30,0,1,0.3141592653589793,2,4.0,6,0.07,/mnt/ceph-ssd/workspaces/ws/cidbn_wibral_neuro_nonhuman/u19361-workspace/allen/rf/zebra/rawresults/ephys/sub-830794_ses-ecephys-830794-2026-01-26-12-02-05_ecephys/ProbeB/trial_0/phase_0/lib_ab4a70858e/lib_ab4a70858e__delay_0.05__dur_0.15000000000000002.h5
0caf0ca0-034e-490d-a051-f36acdd6a090,0.01,0.05,ab4a70858e,0.0,-60.0,47.5,0.0,7.16,0,0,0,0.0,0,2.0,0,0.01,/mnt/ceph-ssd/workspaces/ws/cidbn_wibral_neuro_nonhuman/u19361-workspace/allen/rf/zebra/rawresults/ephys/sub-830794_ses-ecephys-830794-2026-01-26-12-02-05_ecephys/ProbeB/trial_0/phase_0/lib_ab4a70858e/lib_ab4a70858e__delay_0.01__dur_0.05.h5
0d35f695-9d56-4ad4-b7be-6368aa68c673,0.1,0.15000000000000002,ab4a70858e,0.07827601581811905,-31.34328358208955,15.235849056603776,67.51591472682667,28.65,16,18,3,0.9424777960769379,5,8.0,3,0.04,/mnt/ceph-ssd/workspaces/ws/cidbn_wibral_neuro_nonhuman/u19361-workspace/allen/rf/zebra/rawresults/ephys/sub-830794_ses-ecephys-830794-2026-01-26-12-02-05_ecephys/ProbeB/trial_0/phase_0/lib_ab4a70858e/lib_ab4a70858e__delay_0.1__dur_0.15000000000000002.h5
0d50456a-fb37-49b6-af80-fe82ee968457,0.01,0.15000000000000002,ab4a70858e,0.07729677855968475,54.626865671641795,8.066037735849058,45.02251307527088,14.32,64,22,2,0.6283185307179586,2,4.0,12,1.3,/mnt/ceph-ssd/workspaces/ws/cidbn_wibral_neuro_nonhuman/u19361-workspace/allen/rf/zebra/rawresults/ephys/sub-830794_ses-ecephys-830794-2026-01-26-12-02-05_ecephys/ProbeB/trial_0/phase_0/lib_ab4a70858e/lib_ab4a70858e__delay_0.01__dur_0.15000000000000002.h5
0e44da16-c451-4048-bcf3-a6d621845827,0.08,0.15000000000000002,ab4a70858e,0.07516670227050781,-27.761194029850742,2.6886792452830193,157.4840764271708,10.74,18,25,7,2.199114857512855,1,3.0,8,0.09,/mnt/ceph-ssd/workspaces/ws/cidbn_wibral_neuro_nonhuman/u19361-workspace/allen/rf/zebra/rawresults/ephys/sub-830794_ses-ecephys-830794-2026-01-26-12-02-05_ecephys/ProbeB/trial_0/phase_0/lib_ab4a70858e/lib_ab4a70858e__delay_0.08__dur_0.15000000000000002.h5
0e56afa5-000a-4b88-abb7-18ead1eb3281,0.04,0.25,ab4a70858e,0.07722119241952896,34.92537313432837,2.6886792452830193,112.48408527317332,21.49,53,25,5,1.5707963267948966,4,6.0,8,0.09,/mnt/ceph-ssd/workspaces/ws/cidbn_wibral_neuro_nonhuman/u19361-workspace/allen/rf/zebra/rawresults/ephys/sub-830794_ses-ecephys-830794-2026-01-26-12-02-05_ecephys/ProbeB/trial_0/phase_0/lib_ab4a70858e/lib_ab4a70858e__delay_0.04__dur_0.25.h5
0e8f0721-beba-44dd-ac5a-5cf189e03550,0.03,0.25,ab4a70858e,0.07206407934427261,47.462686567164184,31.367924528301884,157.4840764271708,10.74,60,9,7,2.199114857512855,1,3.0,9,0.1,/mnt/ceph-ssd/workspaces/ws/cidbn_wibral_neuro_nonhuman/u19361-workspace/allen/rf/zebra/rawresults/ephys/sub-830794_ses-ecephys-830794-2026-01-26-12-02-05_ecephys/ProbeB/trial_0/phase_0/lib_ab4a70858e/lib_ab4a70858e__delay_0.03__dur_0.25.h5
0ebfbefc-cb67-4673-8f29-d598413123c8,0.01,0.05,ab4a70858e,0.0,-60.0,47.5,0.0,7.16,0,0,0,0.0,0,2.0,0,0.01,/mnt/ceph-ssd/workspaces/ws/cidbn_wibral_neuro_nonhuman/u19361-workspace/allen/rf/zebra/rawresults/ephys/sub-830794_ses-ecephys-830794-2026-01-26-12-02-05_ecephys/ProbeB/trial_0/phase_0/lib_ab4a70858e/lib_ab4a70858e__delay_0.01__dur_0.05.h5
0f2c5f92-2301-47e2-a953-f25c1bbfbde2,0.06,0.2,ab4a70858e,0.07066505402326584,-36.71641791044776,-11.650943396226417,22.515923572829195,28.65,13,33,1,0.3141592653589793,5,8.0,6,0.07,/mnt/ceph-ssd/workspaces/ws/cidbn_wibral_neuro_nonhuman/u19361-workspace/allen/rf/zebra/rawresults/ephys/sub-830794_ses-ecephys-830794-2026-01-26-12-02-05_ecephys/ProbeB/trial_0/phase_0/lib_ab4a70858e/lib_ab4a70858e__delay_0.06__dur_0.2.h5
10a3b5e8-c915-40cd-b79d-300e8c94cf49,0.12,0.2,ab4a70858e,0.07034090906381607,-4.477611940298509,-4.481132075471699,180.0,14.32,31,29,8,2.5132741228718345,2,4.0,9,0.1,/mnt/ceph-ssd/workspaces/ws/cidbn_wibral_neuro_nonhuman/u19361-workspace/allen/rf/zebra/rawresults/ephys/sub-830794_ses-ecephys-830794-2026-01-26-12-02-05_ecephys/ProbeB/trial_0/phase_0/lib_ab4a70858e/lib_ab4a70858e__delay_0.12__dur_0.2.h5
113ea63b-d483-43ac-938e-939298a4a285,0.08,0.15000000000000002,ab4a70858e,0.07778321951627731,-15.223880597014926,-27.78301886792453,22.515923572829163,17.91,25,42,9,2.827433388230814,3,5.0,9,0.1,/mnt/ceph-ssd/workspaces/ws/cidbn_wibral_neuro_nonhuman/u19361-workspace/allen/rf/zebra/rawresults/ephys/sub-830794_ses-ecephys-830794-2026-01-26-12-02-05_ecephys/ProbeB/trial_0/phase_0/lib_ab4a70858e/lib_ab4a70858e__delay_0.08__dur_0.15000000000000002.h5
124df966-313d-4610-879a-ee98d32824f4,0.03,0.2,ab4a70858e,0.0841924399137497,-17.014925373134325,-9.858490566037737,67.51591472682667,14.32,24,32,3,0.9424777960769379,2,4.0,12,1.3,/mnt/ceph-ssd/workspaces/ws/cidbn_wibral_neuro_nonhuman/u19361-workspace/allen/rf/zebra/rawresults/ephys/sub-830794_ses-ecephys-830794-2026-01-26-12-02-05_ecephys/ProbeB/trial_0/phase_0/lib_ab4a70858e/lib_ab4a70858e__delay_0.03__dur_0.2.h5
12fc9947-e48f-4e45-9681-95c04a026515,0.0,0.15000000000000002,ab4a70858e,0.08349102735519409,38.507462686567166,-2.6886792452830193,67.51591472682667,28.65,55,28,3,0.9424777960769379,5,8.0,1,0.02,/mnt/ceph-ssd/workspaces/ws/cidbn_wibral_neuro_nonhuman/u19361-workspace/allen/rf/zebra/rawresults/ephys/sub-830794_ses-ecephys-830794-2026-01-26-12-02-05_ecephys/ProbeB/trial_0/phase_0/lib_ab4a70858e/lib_ab4a70858e__delay_0.0__dur_0.15000000000000002.h5
13f8be69-dbff-40ef-8a91-f4bb0a0671ed,0.05,0.2,ab4a70858e,0.07690958678722382,4.477611940298516,-9.858490566037737,0.0,28.65,36,32,0,0.0,5,8.0,6,0.07,/mnt/ceph-ssd/workspaces/ws/cidbn_wibral_neuro_nonhuman/u19361-workspace/allen/rf/zebra/rawresults/ephys/sub-830794_ses-ecephys-830794-2026-01-26-12-02-05_ecephys/ProbeB/trial_0/phase_0/lib_ab4a70858e/lib_ab4a70858e__delay_0.05__dur_0.2.h5
147259c9-0bab-4d66-889c-25e52e02542b,0.02,0.05,ab4a70858e,0.31239259243011475,45.67164179104478,-22.40566037735849,22.515923572829195,28.65,59,39,1,0.3141592653589793,5,8.0,1,0.02,/mnt/ceph-ssd/workspaces/ws/cidbn_wibral_neuro_nonhuman/u19361-workspace/allen/rf/zebra/rawresults/ephys/sub-830794_ses-ecephys-830794-2026-01-26-12-02-05_ecephys/ProbeB/trial_0/phase_0/lib_ab4a70858e/lib_ab4a70858e__delay_0.02__dur_0.05.h5
160d07d1-e2a7-4c47-b393-6f6c9de1d799,0.09,0.15000000000000002,ab4a70858e,0.07334782183170319,8.059701492537314,36.74528301886792,45.02251307527088,28.65,38,6,2,0.6283185307179586,5,8.0,7,0.08,/mnt/ceph-ssd/workspaces/ws/cidbn_wibral_neuro_nonhuman/u19361-workspace/allen/rf/zebra/rawresults/ephys/sub-830794_ses-ecephys-830794-2026-01-26-12-02-05_ecephys/ProbeB/trial_0/phase_0/lib_ab4a70858e/lib_ab4a70858e__delay_0.09__dur_0.15000000000000002.h5
16262bdb-3764-4cdb-9705-d2123272cfee,0.1,0.1,ab4a70858e,0.07183149456977844,52.83582089552239,-25.99056603773585,45.02251307527088,7.16,63,41,2,0.6283185307179586,0,2.0,12,1.3,/mnt/ceph-ssd/workspaces/ws/cidbn_wibral_neuro_nonhuman/u19361-workspace/allen/rf/zebra/rawresults/ephys/sub-830794_ses-ecephys-830794-2026-01-26-12-02-05_ecephys/ProbeB/trial_0/phase_0/lib_ab4a70858e/lib_ab4a70858e__delay_0.1__dur_0.1.h5
1626f3ab-5a5d-40c2-b3be-a3955ed906f1,0.01,0.25,ab4a70858e,0.09364336729049683,-54.62686567164179,-29.57547169811321,180.0,28.65,3,43,8,2.5132741228718345,5,8.0,9,0.1,/mnt/ceph-ssd/workspaces/ws/cidbn_wibral_neuro_nonhuman/u19361-workspace/allen/rf/zebra/rawresults/ephys/sub-830794_ses-ecephys-830794-2026-01-26-12-02-05_ecephys/ProbeB/trial_0/phase_0/lib_ab4a70858e/lib_ab4a70858e__delay_0.01__dur_0.25.h5
165e2d67-f30b-43b1-9de5-93f401ba6475,0.01,0.05,ab4a70858e,0.0,-60.0,47.5,0.0,7.16,0,0,0,0.0,0,2.0,0,0.01,/mnt/ceph-ssd/workspaces/ws/cidbn_wibral_neuro_nonhuman/u19361-workspace/allen/rf/zebra/rawresults/ephys/sub-830794_ses-ecephys-830794-2026-01-26-12-02-05_ecephys/ProbeB/trial_0/phase_0/lib_ab4a70858e/lib_ab4a70858e__delay_0.01__dur_0.05.h5
16712587-27f1-4916-a5d4-e47cdbcf84c9,0.11,0.15000000000000002,ab4a70858e,0.08650483191013336,-0.8955223880596961,-18.82075471698113,0.0,14.32,33,37,0,0.0,2,4.0,3,0.04,/mnt/ceph-ssd/workspaces/ws/cidbn_wibral_neuro_nonhuman/u19361-workspace/allen/rf/zebra/rawresults/ephys/sub-830794_ses-ecephys-830794-2026-01-26-12-02-05_ecephys/ProbeB/trial_0/phase_0/lib_ab4a70858e/lib_ab4a70858e__delay_0.11__dur_0.15000000000000002.h5
16f52b1d-edc1-44eb-b6d6-302cbb88daf6,0.0,0.25,ab4a70858e,0.07281655818223953,-42.089552238805965,-25.99056603773585,180.0,21.49,10,41,8,2.5132741228718345,4,6.0,9,0.1,/mnt/ceph-ssd/workspaces/ws/cidbn_wibral_neuro_nonhuman/u19361-workspace/allen/rf/zebra/rawresults/ephys/sub-830794_ses-ecephys-830794-2026-01-26-12-02-05_ecephys/ProbeB/trial_0/phase_0/lib_ab4a70858e/lib_ab4a70858e__delay_0.0__dur_0.25.h5
17c64397-6f8c-4d93-99a3-f97545148b4a,0.05,0.15000000000000002,ab4a70858e,0.08201320469379425,-40.298507462686565,-4.481132075471699,112.48408527317332,28.65,11,29,5,1.5707963267948966,5,8.0,5,0.06,/mnt/ceph-ssd/workspaces/ws/cidbn_wibral_neuro_nonhuman/u19361-workspace/allen/rf/zebra/rawresults/ephys/sub-830794_ses-ecephys-830794-2026-01-26-12-02-05_ecephys/ProbeB/trial_0/phase_0/lib_ab4a70858e/lib_ab4a70858e__delay_0.05__dur_0.15000000000000002.h5
17d5ac52-57e4-408d-8fe2-b446df3f80fb,0.01,0.2,ab4a70858e,0.0795292854309082,-29.55223880597015,-24.19811320754717,112.48408527317332,21.49,17,40,5,1.5707963267948966,4,6.0,5,0.06,/mnt/ceph-ssd/workspaces/ws/cidbn_wibral_neuro_nonhuman/u19361-workspace/allen/rf/zebra/rawresults/ephys/sub-830794_ses-ecephys-830794-2026-01-26-12-02-05_ecephys/ProbeB/trial_0/phase_0/lib_ab4a70858e/lib_ab4a70858e__delay_0.01__dur_0.2.h5
1833b275-d129-466a-a196-9c722e4a0544,0.03,0.15000000000000002,ab4a70858e,0.0782066360116005,-42.089552238805965,-13.443396226415096,157.4840764271708,17.91,10,34,7,2.199114857512855,3,5.0,9,0.1,/mnt/ceph-ssd/workspaces/ws/cidbn_wibral_neuro_nonhuman/u19361-workspace/allen/rf/zebra/rawresults/ephys/sub-830794_ses-ecephys-830794-2026-01-26-12-02-05_ecephys/ProbeB/trial_0/phase_0/lib_ab4a70858e/lib_ab4a70858e__delay_0.03__dur_0.15000000000000002.h5
1884cbbc-5acf-452e-8c04-916c7bd6e525,0.05,0.2,ab4a70858e,0.09819532185792923,-4.477611940298509,0.8962264150943398,180.0,28.65,31,26,8,2.5132741228718345,5,8.0,9,0.1,/mnt/ceph-ssd/workspaces/ws/cidbn_wibral_neuro_nonhuman/u19361-workspace/allen/rf/zebra/rawresults/ephys/sub-830794_ses-ecephys-830794-2026-01-26-12-02-05_ecephys/ProbeB/trial_0/phase_0/lib_ab4a70858e/lib_ab4a70858e__delay_0.05__dur_0.2.h5
18ea71f0-bcca-441a-8df3-ab385661f75e,0.0,0.2,ab4a70858e,0.08423726260662079,-29.55223880597015,47.5,22.515923572829163,14.32,17,0,9,2.827433388230814,2,4.0,8,0.09,/mnt/ceph-ssd/workspaces/ws/cidbn_wibral_neuro_nonhuman/u19361-workspace/allen/rf/zebra/rawresults/ephys/sub-830794_ses-ecephys-830794-2026-01-26-12-02-05_ecephys/ProbeB/trial_0/phase_0/lib_ab4a70858e/lib_ab4a70858e__delay_0.0__dur_0.2.h5
191c7882-57f5-4695-8cb9-cfeec4c80a22,0.08,0.25,ab4a70858e,0.08731792867183685,9.85074626865672,-15.235849056603776,112.48408527317332,14.32,39,35,5,1.5707963267948966,2,4.0,11,1.2,/mnt/ceph-ssd/workspaces/ws/cidbn_wibral_neuro_nonhuman/u19361-workspace/allen/rf/zebra/rawresults/ephys/sub-830794_ses-ecephys-830794-2026-01-26-12-02-05_ecephys/ProbeB/trial_0/phase_0/lib_ab4a70858e/lib_ab4a70858e__delay_0.08__dur_0.25.h5
1ac3c008-9c8f-4e57-b962-ae86c57fd2d0,0.07,0.25,ab4a70858e,0.08297259360551834,-15.223880597014926,18.820754716981128,180.0,14.32,25,16,8,2.5132741228718345,2,4.0,12,1.3,/mnt/ceph-ssd/workspaces/ws/cidbn_wibral_neuro_nonhuman/u19361-workspace/allen/rf/zebra/rawresults/ephys/sub-830794_ses-ecephys-830794-2026-01-26-12-02-05_ecephys/ProbeB/trial_0/phase_0/lib_ab4a70858e/lib_ab4a70858e__delay_0.07__dur_0.25.h5
1ae5053e-e3fb-40eb-afd0-3a3fef44ca5e,0.01,0.05,ab4a70858e,0.0,-60.0,47.5,0.0,7.16,0,0,0,0.0,0,2.0,0,0.01,/mnt/ceph-ssd/workspaces/ws/cidbn_wibral_neuro_nonhuman/u19361-workspace/allen/rf/zebra/rawresults/ephys/sub-830794_ses-ecephys-830794-2026-01-26-12-02-05_ecephys/ProbeB/trial_0/phase_0/lib_ab4a70858e/lib_ab4a70858e__delay_0.01__dur_0.05.h5
1b60403b-336c-477f-8d9a-bfc222aa6cbd,0.01,0.25,ab4a70858e,0.10255652666091919,-25.970149253731343,0.8962264150943398,157.4840764271708,10.74,19,26,7,2.199114857512855,1,3.0,12,1.3,/mnt/ceph-ssd/workspaces/ws/cidbn_wibral_neuro_nonhuman/u19361-workspace/allen/rf/zebra/rawresults/ephys/sub-830794_ses-ecephys-830794-2026-01-26-12-02-05_ecephys/ProbeB/trial_0/phase_0/lib_ab4a70858e/lib_ab4a70858e__delay_0.01__dur_0.25.h5
1bbc0d8b-d3a2-45eb-9614-e5a8b18a7eca,0.1,0.1,ab4a70858e,0.08304707705974579,-17.014925373134325,20.613207547169807,67.51591472682667,10.74,24,15,3,0.9424777960769379,1,3.0,12,1.3,/mnt/ceph-ssd/workspaces/ws/cidbn_wibral_neuro_nonhuman/u19361-workspace/allen/rf/zebra/rawresults/ephys/sub-830794_ses-ecephys-830794-2026-01-26-12-02-05_ecephys/ProbeB/trial_0/phase_0/lib_ab4a70858e/lib_ab4a70858e__delay_0.1__dur_0.1.h5
1bec5d9d-b5e4-490a-9284-b02a85f630e6,0.01,0.05,ab4a70858e,0.0,-60.0,47.5,0.0,7.16,0,0,0,0.0,0,2.0,0,0.01,/mnt/ceph-ssd/workspaces/ws/cidbn_wibral_neuro_nonhuman/u19361-workspace/allen/rf/zebra/rawresults/ephys/sub-830794_ses-ecephys-830794-2026-01-26-12-02-05_ecephys/ProbeB/trial_0/phase_0/lib_ab4a70858e/lib_ab4a70858e__delay_0.01__dur_0.05.h5
1c3771cc-e1e1-4089-a76f-9d54690e39da,0.01,0.15000000000000002,ab4a70858e,0.07076888531446457,54.626865671641795,-13.443396226415096,67.51591472682667,14.32,64,34,3,0.9424777960769379,2,4.0,12,1.3,/mnt/ceph-ssd/workspaces/ws/cidbn_wibral_neuro_nonhuman/u19361-workspace/allen/rf/zebra/rawresults/ephys/sub-830794_ses-ecephys-830794-2026-01-26-12-02-05_ecephys/ProbeB/trial_0/phase_0/lib_ab4a70858e/lib_ab4a70858e__delay_0.01__dur_0.15000000000000002.h5
1c93ea8a-8121-4c38-96bb-7cc69263371f,0.01,0.25,ab4a70858e,0.07658958435058594,25.97014925373135,-20.61320754716981,45.02251307527088,21.49,48,38,2,0.6283185307179586,4,6.0,8,0.09,/mnt/ceph-ssd/workspaces/ws/cidbn_wibral_neuro_nonhuman/u19361-workspace/allen/rf/zebra/rawresults/ephys/sub-830794_ses-ecephys-830794-2026-01-26-12-02-05_ecephys/ProbeB/trial_0/phase_0/lib_ab4a70858e/lib_ab4a70858e__delay_0.01__dur_0.25.h5
1d070d25-2d19-413f-8b22-81bb10e1f705,0.03,0.2,ab4a70858e,0.083460234105587,-34.92537313432835,9.858490566037737,90.0,28.65,14,21,4,1.2566370614359172,5,8.0,4,0.05,/mnt/ceph-ssd/workspaces/ws/cidbn_wibral_neuro_nonhuman/u19361-workspace/allen/rf/zebra/rawresults/ephys/sub-830794_ses-ecephys-830794-2026-01-26-12-02-05_ecephys/ProbeB/trial_0/phase_0/lib_ab4a70858e/lib_ab4a70858e__delay_0.03__dur_0.2.h5
1d9d4d15-260f-487b-9c06-4f5d7586fcfb,0.01,0.25,ab4a70858e,0.07443252950906754,-9.850746268656714,17.02830188679245,112.48408527317332,28.65,28,17,5,1.5707963267948966,5,8.0,5,0.06,/mnt/ceph-ssd/workspaces/ws/cidbn_wibral_neuro_nonhuman/u19361-workspace/allen/rf/zebra/rawresults/ephys/sub-830794_ses-ecephys-830794-2026-01-26-12-02-05_ecephys/ProbeB/trial_0/phase_0/lib_ab4a70858e/lib_ab4a70858e__delay_0.01__dur_0.25.h5
1e159244-7253-4da5-876c-3ffe5955ff35,0.0,0.1,ab4a70858e,0.11656423658132553,-47.46268656716418,-24.19811320754717,67.51591472682667,10.74,7,40,3,0.9424777960769379,1,3.0,9,0.1,/mnt/ceph-ssd/workspaces/ws/cidbn_wibral_neuro_nonhuman/u19361-workspace/allen/rf/zebra/rawresults/ephys/sub-830794_ses-ecephys-830794-2026-01-26-12-02-05_ecephys/ProbeB/trial_0/phase_0/lib_ab4a70858e/lib_ab4a70858e__delay_0.0__dur_0.1.h5
1fd8f710-3e78-4283-978c-d73e2f1b9bb6,0.02,0.25,ab4a70858e,0.11005257070064545,-0.8955223880596961,-40.33018867924528,45.02251307527088,21.49,33,49,2,0.6283185307179586,4,6.0,12,1.3,/mnt/ceph-ssd/workspaces/ws/cidbn_wibral_neuro_nonhuman/u19361-workspace/allen/rf/zebra/rawresults/ephys/sub-830794_ses-ecephys-830794-2026-01-26-12-02-05_ecephys/ProbeB/trial_0/phase_0/lib_ab4a70858e/lib_ab4a70858e__delay_0.02__dur_0.25.h5
2082dde4-2b41-4e1b-a2e4-d326daf4e8af,0.01,0.25,ab4a70858e,0.11298775672912598,-27.761194029850742,4.481132075471699,67.51591472682667,7.16,18,24,3,0.9424777960769379,0,2.0,12,1.3,/mnt/ceph-ssd/workspaces/ws/cidbn_wibral_neuro_nonhuman/u19361-workspace/allen/rf/zebra/rawresults/ephys/sub-830794_ses-ecephys-830794-2026-01-26-12-02-05_ecephys/ProbeB/trial_0/phase_0/lib_ab4a70858e/lib_ab4a70858e__delay_0.01__dur_0.25.h5
20a6f699-1012-44a5-9a56-a9d2f66a165f,0.08,0.25,ab4a70858e,0.07102113217115402,-17.014925373134325,-0.8962264150943398,0.0,14.32,24,27,0,0.0,2,4.0,9,0.1,/mnt/ceph-ssd/workspaces/ws/cidbn_wibral_neuro_nonhuman/u19361-workspace/allen/rf/zebra/rawresults/ephys/sub-830794_ses-ecephys-830794-2026-01-26-12-02-05_ecephys/ProbeB/trial_0/phase_0/lib_ab4a70858e/lib_ab4a70858e__delay_0.08__dur_0.25.h5
21d5e848-3ead-4677-a457-ff065e39bde1,0.01,0.25,ab4a70858e,0.14404572546482086,-25.970149253731343,0.8962264150943398,67.51591472682667,17.91,19,26,3,0.9424777960769379,3,5.0,12,1.3,/mnt/ceph-ssd/workspaces/ws/cidbn_wibral_neuro_nonhuman/u19361-workspace/allen/rf/zebra/rawresults/ephys/sub-830794_ses-ecephys-830794-2026-01-26-12-02-05_ecephys/ProbeB/trial_0/phase_0/lib_ab4a70858e/lib_ab4a70858e__delay_0.01__dur_0.25.h5
2327cbdc-50a4-4f50-a18d-55295ea33bf4,0.01,0.1,ab4a70858e,0.14101660251617432,22.388059701492537,-42.12264150943396,45.02251307527088,28.65,46,50,2,0.6283185307179586,5,8.0,0,0.01,/mnt/ceph-ssd/workspaces/ws/cidbn_wibral_neuro_nonhuman/u19361-workspace/allen/rf/zebra/rawresults/ephys/sub-830794_ses-ecephys-830794-2026-01-26-12-02-05_ecephys/ProbeB/trial_0/phase_0/lib_ab4a70858e/lib_ab4a70858e__delay_0.01__dur_0.1.h5
23e36f69-c81c-4741-8072-5ed1c0da20af,0.01,0.05,ab4a70858e,0.0,-60.0,47.5,0.0,7.16,0,0,0,0.0,0,2.0,0,0.01,/mnt/ceph-ssd/workspaces/ws/cidbn_wibral_neuro_nonhuman/u19361-workspace/allen/rf/zebra/rawresults/ephys/sub-830794_ses-ecephys-830794-2026-01-26-12-02-05_ecephys/ProbeB/trial_0/phase_0/lib_ab4a70858e/lib_ab4a70858e__delay_0.01__dur_0.05.h5
2491fdac-1071-43a8-a3ef-4770ee8d4cd6,0.12,0.25,ab4a70858e,0.07708043605089188,58.20895522388061,-2.6886792452830193,0.0,14.32,66,28,0,0.0,2,4.0,8,0.09,/mnt/ceph-ssd/workspaces/ws/cidbn_wibral_neuro_nonhuman/u19361-workspace/allen/rf/zebra/rawresults/ephys/sub-830794_ses-ecephys-830794-2026-01-26-12-02-05_ecephys/ProbeB/trial_0/phase_0/lib_ab4a70858e/lib_ab4a70858e__delay_0.12__dur_0.25.h5
24b030eb-8940-48ab-b0e7-c698eee05332,0.1,0.2,ab4a70858e,0.08389566093683243,-36.71641791044776,-9.858490566037737,157.4840764271708,28.65,13,32,7,2.199114857512855,5,8.0,6,0.07,/mnt/ceph-ssd/workspaces/ws/cidbn_wibral_neuro_nonhuman/u19361-workspace/allen/rf/zebra/rawresults/ephys/sub-830794_ses-ecephys-830794-2026-01-26-12-02-05_ecephys/ProbeB/trial_0/phase_0/lib_ab4a70858e/lib_ab4a70858e__delay_0.1__dur_0.2.h5
24cf7eab-1f11-431f-ab50-9743f2603aa6,0.01,0.05,ab4a70858e,0.0,-60.0,47.5,0.0,7.16,0,0,0,0.0,0,2.0,0,0.01,/mnt/ceph-ssd/workspaces/ws/cidbn_wibral_neuro_nonhuman/u19361-workspace/allen/rf/zebra/rawresults/ephys/sub-830794_ses-ecephys-830794-2026-01-26-12-02-05_ecephys/ProbeB/trial_0/phase_0/lib_ab4a70858e/lib_ab4a70858e__delay_0.01__dur_0.05.h5
25c6a334-de1e-4093-a158-cbd3ec00287b,0.0,0.1,ab4a70858e,0.07519401609897614,4.477611940298516,4.481132075471699,134.9774869247291,21.49,36,24,6,1.8849555921538759,4,6.0,7,0.08,/mnt/ceph-ssd/workspaces/ws/cidbn_wibral_neuro_nonhuman/u19361-workspace/allen/rf/zebra/rawresults/ephys/sub-830794_ses-ecephys-830794-2026-01-26-12-02-05_ecephys/ProbeB/trial_0/phase_0/lib_ab4a70858e/lib_ab4a70858e__delay_0.0__dur_0.1.h5
2601900d-719f-4a7a-b5b9-dcd2be13fc58,0.11,0.25,ab4a70858e,0.09224529564380646,-11.64179104477612,15.235849056603776,180.0,14.32,27,18,8,2.5132741228718345,2,4.0,8,0.09,/mnt/ceph-ssd/workspaces/ws/cidbn_wibral_neuro_nonhuman/u19361-workspace/allen/rf/zebra/rawresults/ephys/sub-830794_ses-ecephys-830794-2026-01-26-12-02-05_ecephys/ProbeB/trial_0/phase_0/lib_ab4a70858e/lib_ab4a70858e__delay_0.11__dur_0.25.h5
2648a5e0-7dd9-4986-9340-49ae566f2e26,0.0,0.15000000000000002,ab4a70858e,0.07774735987186432,-13.43283582089552,4.481132075471699,112.48408527317332,7.16,26,24,5,1.5707963267948966,0,2.0,11,1.2,/mnt/ceph-ssd/workspaces/ws/cidbn_wibral_neuro_nonhuman/u19361-workspace/allen/rf/zebra/rawresults/ephys/sub-830794_ses-ecephys-830794-2026-01-26-12-02-05_ecephys/ProbeB/trial_0/phase_0/lib_ab4a70858e/lib_ab4a70858e__delay_0.0__dur_0.15000000000000002.h5
26710ce1-5a51-46d6-91a2-24399c716b2a,0.01,0.1,ab4a70858e,0.0712604820728302,58.20895522388061,18.820754716981128,134.9774869247291,28.65,66,16,6,1.8849555921538759,5,8.0,2,0.03,/mnt/ceph-ssd/workspaces/ws/cidbn_wibral_neuro_nonhuman/u19361-workspace/allen/rf/zebra/rawresults/ephys/sub-830794_ses-ecephys-830794-2026-01-26-12-02-05_ecephys/ProbeB/trial_0/phase_0/lib_ab4a70858e/lib_ab4a70858e__delay_0.01__dur_0.1.h5
274d6eb8-1990-487c-98b7-e797afd5ab6a,0.02,0.25,ab4a70858e,0.07758065313100815,-33.134328358208954,0.8962264150943398,22.515923572829163,17.91,15,26,9,2.827433388230814,3,5.0,8,0.09,/mnt/ceph-ssd/workspaces/ws/cidbn_wibral_neuro_nonhuman/u19361-workspace/allen/rf/zebra/rawresults/ephys/sub-830794_ses-ecephys-830794-2026-01-26-12-02-05_ecephys/ProbeB/trial_0/phase_0/lib_ab4a70858e/lib_ab4a70858e__delay_0.02__dur_0.25.h5
286355b7-49d1-4d30-aaba-245cc338f857,0.03,0.2,ab4a70858e,0.12329176068305969,-4.477611940298509,34.95283018867924,0.0,21.49,31,7,0,0.0,4,6.0,11,1.2,/mnt/ceph-ssd/workspaces/ws/cidbn_wibral_neuro_nonhuman/u19361-workspace/allen/rf/zebra/rawresults/ephys/sub-830794_ses-ecephys-830794-2026-01-26-12-02-05_ecephys/ProbeB/trial_0/phase_0/lib_ab4a70858e/lib_ab4a70858e__delay_0.03__dur_0.2.h5
287f5d8c-cacd-4fd4-a0dd-521edb6682de,0.02,0.1,ab4a70858e,0.07462647557258606,-31.34328358208955,47.5,0.0,14.32,16,0,0,0.0,2,4.0,9,0.1,/mnt/ceph-ssd/workspaces/ws/cidbn_wibral_neuro_nonhuman/u19361-workspace/allen/rf/zebra/rawresults/ephys/sub-830794_ses-ecephys-830794-2026-01-26-12-02-05_ecephys/ProbeB/trial_0/phase_0/lib_ab4a70858e/lib_ab4a70858e__delay_0.02__dur_0.1.h5
28f884c6-42a6-4b28-8a6a-7c11a948a212,0.07,0.25,ab4a70858e,0.07262949645519257,-17.014925373134325,-22.40566037735849,112.48408527317332,7.16,24,39,5,1.5707963267948966,0,2.0,11,1.2,/mnt/ceph-ssd/workspaces/ws/cidbn_wibral_neuro_nonhuman/u19361-workspace/allen/rf/zebra/rawresults/ephys/sub-830794_ses-ecephys-830794-2026-01-26-12-02-05_ecephys/ProbeB/trial_0/phase_0/lib_ab4a70858e/lib_ab4a70858e__delay_0.07__dur_0.25.h5
297f9c55-453f-4086-9cb7-ac034ca749ca,0.04,0.15000000000000002,ab4a70858e,0.071827232837677,-45.67164179104478,43.91509433962264,157.4840764271708,28.65,8,2,7,2.199114857512855,5,8.0,7,0.08,/mnt/ceph-ssd/workspaces/ws/cidbn_wibral_neuro_nonhuman/u19361-workspace/allen/rf/zebra/rawresults/ephys/sub-830794_ses-ecephys-830794-2026-01-26-12-02-05_ecephys/ProbeB/trial_0/phase_0/lib_ab4a70858e/lib_ab4a70858e__delay_0.04__dur_0.15000000000000002.h5
2bd8daef-ce51-49a5-b2a2-35f7bc02d679,0.05,0.05,ab4a70858e,0.09848731011152267,-33.134328358208954,25.990566037735846,67.51591472682667,14.32,15,12,3,0.9424777960769379,2,4.0,12,1.3,/mnt/ceph-ssd/workspaces/ws/cidbn_wibral_neuro_nonhuman/u19361-workspace/allen/rf/zebra/rawresults/ephys/sub-830794_ses-ecephys-830794-2026-01-26-12-02-05_ecephys/ProbeB/trial_0/phase_0/lib_ab4a70858e/lib_ab4a70858e__delay_0.05__dur_0.05.h5
2beb54ff-cd63-4b44-acd5-91e18f966b7f,0.01,0.05,ab4a70858e,0.0,-60.0,47.5,0.0,7.16,0,0,0,0.0,0,2.0,0,0.01,/mnt/ceph-ssd/workspaces/ws/cidbn_wibral_neuro_nonhuman/u19361-workspace/allen/rf/zebra/rawresults/ephys/sub-830794_ses-ecephys-830794-2026-01-26-12-02-05_ecephys/ProbeB/trial_0/phase_0/lib_ab4a70858e/lib_ab4a70858e__delay_0.01__dur_0.05.h5
2cb7120c-b4a6-42cb-8908-17094faad31d,0.01,0.25,ab4a70858e,0.13165722787380219,-36.71641791044776,4.481132075471699,157.4840764271708,17.91,13,24,7,2.199114857512855,3,5.0,12,1.3,/mnt/ceph-ssd/workspaces/ws/cidbn_wibral_neuro_nonhuman/u19361-workspace/allen/rf/zebra/rawresults/ephys/sub-830794_ses-ecephys-830794-2026-01-26-12-02-05_ecephys/ProbeB/trial_0/phase_0/lib_ab4a70858e/lib_ab4a70858e__delay_0.01__dur_0.25.h5
2cd8a7a6-ca3f-4fdc-9dc2-76e2cb5f64e0,0.12,0.25,ab4a70858e,0.1041201502084732,2.6865671641791096,-11.650943396226417,45.02251307527088,10.74,35,33,2,0.6283185307179586,1,3.0,12,1.3,/mnt/ceph-ssd/workspaces/ws/cidbn_wibral_neuro_nonhuman/u19361-workspace/allen/rf/zebra/rawresults/ephys/sub-830794_ses-ecephys-830794-2026-01-26-12-02-05_ecephys/ProbeB/trial_0/phase_0/lib_ab4a70858e/lib_ab4a70858e__delay_0.12__dur_0.25.h5
2d427316-d048-479a-b345-eaf10c6f6067,0.02,0.1,ab4a70858e,0.07684148848056793,49.25373134328359,0.8962264150943398,67.51591472682667,10.74,61,26,3,0.9424777960769379,1,3.0,9,0.1,/mnt/ceph-ssd/workspaces/ws/cidbn_wibral_neuro_nonhuman/u19361-workspace/allen/rf/zebra/rawresults/ephys/sub-830794_ses-ecephys-830794-2026-01-26-12-02-05_ecephys/ProbeB/trial_0/phase_0/lib_ab4a70858e/lib_ab4a70858e__delay_0.02__dur_0.1.h5
2d42d773-630b-4680-b858-43685898ce1e,0.12,0.2,ab4a70858e,0.07710806280374527,31.343283582089555,47.5,157.4840764271708,10.74,51,0,7,2.199114857512855,1,3.0,12,1.3,/mnt/ceph-ssd/workspaces/ws/cidbn_wibral_neuro_nonhuman/u19361-workspace/allen/rf/zebra/rawresults/ephys/sub-830794_ses-ecephys-830794-2026-01-26-12-02-05_ecephys/ProbeB/trial_0/phase_0/lib_ab4a70858e/lib_ab4a70858e__delay_0.12__dur_0.2.h5
2d47cb4a-cca3-41f3-b70c-da5e1532030c,0.09,0.25,ab4a70858e,0.08528289198875427,-36.71641791044776,-13.443396226415096,90.0,10.74,13,34,4,1.2566370614359172,1,3.0,9,0.1,/mnt/ceph-ssd/workspaces/ws/cidbn_wibral_neuro_nonhuman/u19361-workspace/allen/rf/zebra/rawresults/ephys/sub-830794_ses-ecephys-830794-2026-01-26-12-02-05_ecephys/ProbeB/trial_0/phase_0/lib_ab4a70858e/lib_ab4a70858e__delay_0.09__dur_0.25.h5
2e2a576b-c803-449a-852f-8dfbc9ce5486,0.03,0.15000000000000002,ab4a70858e,0.07705232501029968,25.97014925373135,20.613207547169807,157.4840764271708,28.65,48,15,7,2.199114857512855,5,8.0,9,0.1,/mnt/ceph-ssd/workspaces/ws/cidbn_wibral_neuro_nonhuman/u19361-workspace/allen/rf/zebra/rawresults/ephys/sub-830794_ses-ecephys-830794-2026-01-26-12-02-05_ecephys/ProbeB/trial_0/phase_0/lib_ab4a70858e/lib_ab4a70858e__delay_0.03__dur_0.15000000000000002.h5
2eefc43c-a8f6-4cf6-aff1-95b98594f16e,0.12,0.25,ab4a70858e,0.08049249649047852,8.059701492537314,2.6886792452830193,180.0,14.32,38,25,8,2.5132741228718345,2,4.0,4,0.05,/mnt/ceph-ssd/workspaces/ws/cidbn_wibral_neuro_nonhuman/u19361-workspace/allen/rf/zebra/rawresults/ephys/sub-830794_ses-ecephys-830794-2026-01-26-12-02-05_ecephys/ProbeB/trial_0/phase_0/lib_ab4a70858e/lib_ab4a70858e__delay_0.12__dur_0.25.h5
2f1d57c4-e81c-424a-bc10-aa4e4f6c2650,0.11,0.25,ab4a70858e,0.07897412031888962,-22.388059701492537,-8.066037735849058,0.0,7.16,21,31,0,0.0,0,2.0,11,1.2,/mnt/ceph-ssd/workspaces/ws/cidbn_wibral_neuro_nonhuman/u19361-workspace/allen/rf/zebra/rawresults/ephys/sub-830794_ses-ecephys-830794-2026-01-26-12-02-05_ecephys/ProbeB/trial_0/phase_0/lib_ab4a70858e/lib_ab4a70858e__delay_0.11__dur_0.25.h5
2f510fea-070f-4f34-accd-eaf36f7d214a,0.01,0.25,ab4a70858e,0.08816000074148178,-22.388059701492537,13.443396226415096,22.515923572829195,28.65,21,19,1,0.3141592653589793,5,8.0,5,0.06,/mnt/ceph-ssd/workspaces/ws/cidbn_wibral_neuro_nonhuman/u19361-workspace/allen/rf/zebra/rawresults/ephys/sub-830794_ses-ecephys-830794-2026-01-26-12-02-05_ecephys/ProbeB/trial_0/phase_0/lib_ab4a70858e/lib_ab4a70858e__delay_0.01__dur_0.25.h5
2fac28da-ef47-4c82-ba17-b5236d3db6d5,0.12,0.25,ab4a70858e,0.08977905660867691,-15.223880597014926,-15.235849056603776,157.4840764271708,17.91,25,35,7,2.199114857512855,3,5.0,12,1.3,/mnt/ceph-ssd/workspaces/ws/cidbn_wibral_neuro_nonhuman/u19361-workspace/allen/rf/zebra/rawresults/ephys/sub-830794_ses-ecephys-830794-2026-01-26-12-02-05_ecephys/ProbeB/trial_0/phase_0/lib_ab4a70858e/lib_ab4a70858e__delay_0.12__dur_0.25.h5
2fd87ad3-f75a-4c5b-a05d-f058e93eadf9,0.09,0.25,ab4a70858e,0.08393854647874832,15.223880597014926,17.02830188679245,157.4840764271708,28.65,42,17,7,2.199114857512855,5,8.0,8,0.09,/mnt/ceph-ssd/workspaces/ws/cidbn_wibral_neuro_nonhuman/u19361-workspace/allen/rf/zebra/rawresults/ephys/sub-830794_ses-ecephys-830794-2026-01-26-12-02-05_ecephys/ProbeB/trial_0/phase_0/lib_ab4a70858e/lib_ab4a70858e__delay_0.09__dur_0.25.h5
303e6ad7-5c59-4b0d-9df4-3fdea9ea6707,0.12,0.25,ab4a70858e,0.07275823503732681,40.29850746268657,-31.367924528301888,67.51591472682667,7.16,56,44,3,0.9424777960769379,0,2.0,9,0.1,/mnt/ceph-ssd/workspaces/ws/cidbn_wibral_neuro_nonhuman/u19361-workspace/allen/rf/zebra/rawresults/ephys/sub-830794_ses-ecephys-830794-2026-01-26-12-02-05_ecephys/ProbeB/trial_0/phase_0/lib_ab4a70858e/lib_ab4a70858e__delay_0.12__dur_0.25.h5
30a9f585-7c2e-4c3b-87e0-52cd530abdad,0.0,0.1,ab4a70858e,0.07093629240989685,4.477611940298516,47.5,180.0,28.65,36,0,8,2.5132741228718345,5,8.0,9,0.1,/mnt/ceph-ssd/workspaces/ws/cidbn_wibral_neuro_nonhuman/u19361-workspace/allen/rf/zebra/rawresults/ephys/sub-830794_ses-ecephys-830794-2026-01-26-12-02-05_ecephys/ProbeB/trial_0/phase_0/lib_ab4a70858e/lib_ab4a70858e__delay_0.0__dur_0.1.h5
30e06d56-573d-4777-b394-ccef4b5fda83,0.11,0.2,ab4a70858e,0.07024696469306946,-33.134328358208954,-8.066037735849058,0.0,28.65,15,31,0,0.0,5,8.0,9,0.1,/mnt/ceph-ssd/workspaces/ws/cidbn_wibral_neuro_nonhuman/u19361-workspace/allen/rf/zebra/rawresults/ephys/sub-830794_ses-ecephys-830794-2026-01-26-12-02-05_ecephys/ProbeB/trial_0/phase_0/lib_ab4a70858e/lib_ab4a70858e__delay_0.11__dur_0.2.h5
314242b8-2c90-43d8-b9b8-6cb85d75009e,0.06,0.25,ab4a70858e,0.07881024479866028,-60.0,33.160377358490564,67.51591472682667,28.65,0,8,3,0.9424777960769379,5,8.0,9,0.1,/mnt/ceph-ssd/workspaces/ws/cidbn_wibral_neuro_nonhuman/u19361-workspace/allen/rf/zebra/rawresults/ephys/sub-830794_ses-ecephys-830794-2026-01-26-12-02-05_ecephys/ProbeB/trial_0/phase_0/lib_ab4a70858e/lib_ab4a70858e__delay_0.06__dur_0.25.h5
31ec8a1b-878d-43b4-854d-7a2b35677343,0.06,0.15000000000000002,ab4a70858e,0.08133383840322495,-4.477611940298509,-22.40566037735849,157.4840764271708,10.74,31,39,7,2.199114857512855,1,3.0,9,0.1,/mnt/ceph-ssd/workspaces/ws/cidbn_wibral_neuro_nonhuman/u19361-workspace/allen/rf/zebra/rawresults/ephys/sub-830794_ses-ecephys-830794-2026-01-26-12-02-05_ecephys/ProbeB/trial_0/phase_0/lib_ab4a70858e/lib_ab4a70858e__delay_0.06__dur_0.15000000000000002.h5
32fecbaa-38f8-4c87-b2b6-3b37417daa42,0.1,0.15000000000000002,ab4a70858e,0.07908070087432861,6.268656716417908,47.5,90.0,10.74,37,0,4,1.2566370614359172,1,3.0,10,1.1,/mnt/ceph-ssd/workspaces/ws/cidbn_wibral_neuro_nonhuman/u19361-workspace/allen/rf/zebra/rawresults/ephys/sub-830794_ses-ecephys-830794-2026-01-26-12-02-05_ecephys/ProbeB/trial_0/phase_0/lib_ab4a70858e/lib_ab4a70858e__delay_0.1__dur_0.15000000000000002.h5
335cfcba-57e9-403c-b070-aa729c3ae55e,0.11,0.25,ab4a70858e,0.06935811042785645,0.8955223880597032,-9.858490566037737,134.9774869247291,21.49,34,32,6,1.8849555921538759,4,6.0,8,0.09,/mnt/ceph-ssd/workspaces/ws/cidbn_wibral_neuro_nonhuman/u19361-workspace/allen/rf/zebra/rawresults/ephys/sub-830794_ses-ecephys-830794-2026-01-26-12-02-05_ecephys/ProbeB/trial_0/phase_0/lib_ab4a70858e/lib_ab4a70858e__delay_0.11__dur_0.25.h5
33e67351-76bc-4cf4-9aa4-ce6e82a8422c,0.0,0.1,ab4a70858e,0.08607172966003418,-18.80597014925373,-0.8962264150943398,67.51591472682667,14.32,23,27,3,0.9424777960769379,2,4.0,5,0.06,/mnt/ceph-ssd/workspaces/ws/cidbn_wibral_neuro_nonhuman/u19361-workspace/allen/rf/zebra/rawresults/ephys/sub-830794_ses-ecephys-830794-2026-01-26-12-02-05_ecephys/ProbeB/trial_0/phase_0/lib_ab4a70858e/lib_ab4a70858e__delay_0.0__dur_0.1.h5
33eb63b1-53f8-44ee-8d45-3b244a6a48f3,0.01,0.1,ab4a70858e,0.25933536887168884,31.343283582089555,-15.235849056603776,90.0,14.32,51,35,4,1.2566370614359172,2,4.0,4,0.05,/mnt/ceph-ssd/workspaces/ws/cidbn_wibral_neuro_nonhuman/u19361-workspace/allen/rf/zebra/rawresults/ephys/sub-830794_ses-ecephys-830794-2026-01-26-12-02-05_ecephys/ProbeB/trial_0/phase_0/lib_ab4a70858e/lib_ab4a70858e__delay_0.01__dur_0.1.h5
349cb954-f50b-41e4-a04f-6d4f15f3a645,0.01,0.25,ab4a70858e,0.08624102920293808,-36.71641791044776,17.02830188679245,134.9774869247291,10.74,13,17,6,1.8849555921538759,1,3.0,9,0.1,/mnt/ceph-ssd/workspaces/ws/cidbn_wibral_neuro_nonhuman/u19361-workspace/allen/rf/zebra/rawresults/ephys/sub-830794_ses-ecephys-830794-2026-01-26-12-02-05_ecephys/ProbeB/trial_0/phase_0/lib_ab4a70858e/lib_ab4a70858e__delay_0.01__dur_0.25.h5
34ffd7bb-2c6e-45c1-8eb5-c7568e9bfa92,0.03,0.1,ab4a70858e,0.09172535687685013,-60.0,4.481132075471699,134.9774869247291,28.65,0,24,6,1.8849555921538759,5,8.0,8,0.09,/mnt/ceph-ssd/workspaces/ws/cidbn_wibral_neuro_nonhuman/u19361-workspace/allen/rf/zebra/rawresults/ephys/sub-830794_ses-ecephys-830794-2026-01-26-12-02-05_ecephys/ProbeB/trial_0/phase_0/lib_ab4a70858e/lib_ab4a70858e__delay_0.03__dur_0.1.h5
353c9fb3-f409-43ca-a9c4-55051c8583ac,0.07,0.25,ab4a70858e,0.07170289754867554,-43.88059701492537,47.5,112.48408527317332,7.16,9,0,5,1.5707963267948966,0,2.0,11,1.2,/mnt/ceph-ssd/workspaces/ws/cidbn_wibral_neuro_nonhuman/u19361-workspace/allen/rf/zebra/rawresults/ephys/sub-830794_ses-ecephys-830794-2026-01-26-12-02-05_ecephys/ProbeB/trial_0/phase_0/lib_ab4a70858e/lib_ab4a70858e__delay_0.07__dur_0.25.h5
354a4bb7-cd81-4ee8-b590-8c04c794b63a,0.11,0.25,ab4a70858e,0.08136159926652908,-34.92537313432835,43.91509433962264,45.02251307527088,14.32,14,2,2,0.6283185307179586,2,4.0,9,0.1,/mnt/ceph-ssd/workspaces/ws/cidbn_wibral_neuro_nonhuman/u19361-workspace/allen/rf/zebra/rawresults/ephys/sub-830794_ses-ecephys-830794-2026-01-26-12-02-05_ecephys/ProbeB/trial_0/phase_0/lib_ab4a70858e/lib_ab4a70858e__delay_0.11__dur_0.25.h5
354daf5a-172b-4e12-b7ec-856c8b14acdd,0.12,0.2,ab4a70858e,0.07448356598615646,-27.761194029850742,0.8962264150943398,157.4840764271708,28.65,18,26,7,2.199114857512855,5,8.0,7,0.08,/mnt/ceph-ssd/workspaces/ws/cidbn_wibral_neuro_nonhuman/u19361-workspace/allen/rf/zebra/rawresults/ephys/sub-830794_ses-ecephys-830794-2026-01-26-12-02-05_ecephys/ProbeB/trial_0/phase_0/lib_ab4a70858e/lib_ab4a70858e__delay_0.12__dur_0.2.h5
35b73ce3-87d9-4a3b-ac8c-7c62f2b01a47,0.1,0.25,ab4a70858e,0.06961284577846527,24.179104477611943,17.02830188679245,112.48408527317332,28.65,47,17,5,1.5707963267948966,5,8.0,4,0.05,/mnt/ceph-ssd/workspaces/ws/cidbn_wibral_neuro_nonhuman/u19361-workspace/allen/rf/zebra/rawresults/ephys/sub-830794_ses-ecephys-830794-2026-01-26-12-02-05_ecephys/ProbeB/trial_0/phase_0/lib_ab4a70858e/lib_ab4a70858e__delay_0.1__dur_0.25.h5
35f9ecc8-bc90-4406-b9b8-89065aef90e0,0.02,0.25,ab4a70858e,0.07801537960767746,18.80597014925374,-17.028301886792452,90.0,14.32,44,36,4,1.2566370614359172,2,4.0,6,0.07,/mnt/ceph-ssd/workspaces/ws/cidbn_wibral_neuro_nonhuman/u19361-workspace/allen/rf/zebra/rawresults/ephys/sub-830794_ses-ecephys-830794-2026-01-26-12-02-05_ecephys/ProbeB/trial_0/phase_0/lib_ab4a70858e/lib_ab4a70858e__delay_0.02__dur_0.25.h5
36cc4ed6-40b5-4605-8942-2a6d7a2d43de,0.11,0.2,ab4a70858e,0.0794098973274231,-2.6865671641791025,-22.40566037735849,22.515923572829195,28.65,32,39,1,0.3141592653589793,5,8.0,7,0.08,/mnt/ceph-ssd/workspaces/ws/cidbn_wibral_neuro_nonhuman/u19361-workspace/allen/rf/zebra/rawresults/ephys/sub-830794_ses-ecephys-830794-2026-01-26-12-02-05_ecephys/ProbeB/trial_0/phase_0/lib_ab4a70858e/lib_ab4a70858e__delay_0.11__dur_0.2.h5
377ea0a3-cbfd-440e-a86b-589433682feb,0.01,0.2,ab4a70858e,0.07700590044260025,-6.268656716417908,-25.99056603773585,90.0,21.49,30,41,4,1.2566370614359172,4,6.0,9,0.1,/mnt/ceph-ssd/workspaces/ws/cidbn_wibral_neuro_nonhuman/u19361-workspace/allen/rf/zebra/rawresults/ephys/sub-830794_ses-ecephys-830794-2026-01-26-12-02-05_ecephys/ProbeB/trial_0/phase_0/lib_ab4a70858e/lib_ab4a70858e__delay_0.01__dur_0.2.h5
37c5726c-060e-419a-9b73-1d0b487ade66,0.01,0.1,ab4a70858e,0.07840858399868011,-52.83582089552239,45.70754716981132,180.0,7.16,4,1,8,2.5132741228718345,0,2.0,12,1.3,/mnt/ceph-ssd/workspaces/ws/cidbn_wibral_neuro_nonhuman/u19361-workspace/allen/rf/zebra/rawresults/ephys/sub-830794_ses-ecephys-830794-2026-01-26-12-02-05_ecephys/ProbeB/trial_0/phase_0/lib_ab4a70858e/lib_ab4a70858e__delay_0.01__dur_0.1.h5
3821afbd-ab0b-4a9d-803a-efb2520cc3de,0.04,0.1,ab4a70858e,0.07905973494052887,-60.0,-27.78301886792453,180.0,28.65,0,42,8,2.5132741228718345,5,8.0,8,0.09,/mnt/ceph-ssd/workspaces/ws/cidbn_wibral_neuro_nonhuman/u19361-workspace/allen/rf/zebra/rawresults/ephys/sub-830794_ses-ecephys-830794-2026-01-26-12-02-05_ecephys/ProbeB/trial_0/phase_0/lib_ab4a70858e/lib_ab4a70858e__delay_0.04__dur_0.1.h5
3825697f-6b43-4fbe-bd93-32967489d9de,0.0,0.2,ab4a70858e,0.07278643548488617,43.88059701492537,-2.6886792452830193,45.02251307527088,21.49,58,28,2,0.6283185307179586,4,6.0,9,0.1,/mnt/ceph-ssd/workspaces/ws/cidbn_wibral_neuro_nonhuman/u19361-workspace/allen/rf/zebra/rawresults/ephys/sub-830794_ses-ecephys-830794-2026-01-26-12-02-05_ecephys/ProbeB/trial_0/phase_0/lib_ab4a70858e/lib_ab4a70858e__delay_0.0__dur_0.2.h5
38382ac9-cc5c-47af-975d-5f7a8c32754b,0.01,0.1,ab4a70858e,0.07919543236494064,45.67164179104478,-42.12264150943396,180.0,28.65,59,50,8,2.5132741228718345,5,8.0,8,0.09,/mnt/ceph-ssd/workspaces/ws/cidbn_wibral_neuro_nonhuman/u19361-workspace/allen/rf/zebra/rawresults/ephys/sub-830794_ses-ecephys-830794-2026-01-26-12-02-05_ecephys/ProbeB/trial_0/phase_0/lib_ab4a70858e/lib_ab4a70858e__delay_0.01__dur_0.1.h5
38c9bc56-cfca-4a6f-995e-86a5eae3fea6,0.01,0.1,ab4a70858e,0.10970551520586014,-29.55223880597015,4.481132075471699,22.515923572829163,17.91,17,24,9,2.827433388230814,3,5.0,8,0.09,/mnt/ceph-ssd/workspaces/ws/cidbn_wibral_neuro_nonhuman/u19361-workspace/allen/rf/zebra/rawresults/ephys/sub-830794_ses-ecephys-830794-2026-01-26-12-02-05_ecephys/ProbeB/trial_0/phase_0/lib_ab4a70858e/lib_ab4a70858e__delay_0.01__dur_0.1.h5
39188596-2931-40e8-bccc-bd84f60b60e0,0.03,0.25,ab4a70858e,0.17174483835697174,-34.92537313432835,29.575471698113205,112.48408527317332,21.49,14,10,5,1.5707963267948966,4,6.0,11,1.2,/mnt/ceph-ssd/workspaces/ws/cidbn_wibral_neuro_nonhuman/u19361-workspace/allen/rf/zebra/rawresults/ephys/sub-830794_ses-ecephys-830794-2026-01-26-12-02-05_ecephys/ProbeB/trial_0/phase_0/lib_ab4a70858e/lib_ab4a70858e__delay_0.03__dur_0.25.h5
3985fab5-e52d-4f05-94dc-9a94d148a2c9,0.0,0.2,ab4a70858e,0.1439276784658432,-43.88059701492537,18.820754716981128,112.48408527317332,14.32,9,16,5,1.5707963267948966,2,4.0,11,1.2,/mnt/ceph-ssd/workspaces/ws/cidbn_wibral_neuro_nonhuman/u19361-workspace/allen/rf/zebra/rawresults/ephys/sub-830794_ses-ecephys-830794-2026-01-26-12-02-05_ecephys/ProbeB/trial_0/phase_0/lib_ab4a70858e/lib_ab4a70858e__delay_0.0__dur_0.2.h5
399fbc3b-76ee-4895-912a-1792f06792c4,0.08,0.2,ab4a70858e,0.06321976333856583,29.55223880597015,27.783018867924525,157.4840764271708,28.65,50,11,7,2.199114857512855,5,8.0,5,0.06,/mnt/ceph-ssd/workspaces/ws/cidbn_wibral_neuro_nonhuman/u19361-workspace/allen/rf/zebra/rawresults/ephys/sub-830794_ses-ecephys-830794-2026-01-26-12-02-05_ecephys/ProbeB/trial_0/phase_0/lib_ab4a70858e/lib_ab4a70858e__delay_0.08__dur_0.2.h5
3ac286f6-7744-4ab0-aaf8-04de88b332b7,0.01,0.2,ab4a70858e,0.07741917669773102,-27.761194029850742,-17.028301886792452,0.0,21.49,18,36,0,0.0,4,6.0,9,0.1,/mnt/ceph-ssd/workspaces/ws/cidbn_wibral_neuro_nonhuman/u19361-workspace/allen/rf/zebra/rawresults/ephys/sub-830794_ses-ecephys-830794-2026-01-26-12-02-05_ecephys/ProbeB/trial_0/phase_0/lib_ab4a70858e/lib_ab4a70858e__delay_0.01__dur_0.2.h5
3adc97c0-c802-46a6-ab0a-43d55ecb959c,0.1,0.15000000000000002,ab4a70858e,0.08125884085893631,-29.55223880597015,-8.066037735849058,22.515923572829195,28.65,17,31,1,0.3141592653589793,5,8.0,5,0.06,/mnt/ceph-ssd/workspaces/ws/cidbn_wibral_neuro_nonhuman/u19361-workspace/allen/rf/zebra/rawresults/ephys/sub-830794_ses-ecephys-830794-2026-01-26-12-02-05_ecephys/ProbeB/trial_0/phase_0/lib_ab4a70858e/lib_ab4a70858e__delay_0.1__dur_0.15000000000000002.h5
3af73e9b-5314-422b-bfe2-f1a51c0101a7,0.08,0.25,ab4a70858e,0.08194871246814728,11.641791044776127,0.8962264150943398,112.48408527317332,10.74,40,26,5,1.5707963267948966,1,3.0,11,1.2,/mnt/ceph-ssd/workspaces/ws/cidbn_wibral_neuro_nonhuman/u19361-workspace/allen/rf/zebra/rawresults/ephys/sub-830794_ses-ecephys-830794-2026-01-26-12-02-05_ecephys/ProbeB/trial_0/phase_0/lib_ab4a70858e/lib_ab4a70858e__delay_0.08__dur_0.25.h5
3c207d4d-6721-483d-9f39-fedfed584563,0.11,0.1,ab4a70858e,0.08071637898683548,-38.507462686567166,-2.6886792452830193,0.0,14.32,12,28,0,0.0,2,4.0,11,1.2,/mnt/ceph-ssd/workspaces/ws/cidbn_wibral_neuro_nonhuman/u19361-workspace/allen/rf/zebra/rawresults/ephys/sub-830794_ses-ecephys-830794-2026-01-26-12-02-05_ecephys/ProbeB/trial_0/phase_0/lib_ab4a70858e/lib_ab4a70858e__delay_0.11__dur_0.1.h5
3c43624f-d20b-4929-96d4-cd243235ad6c,0.01,0.05,ab4a70858e,0.0,-60.0,47.5,0.0,7.16,0,0,0,0.0,0,2.0,0,0.01,/mnt/ceph-ssd/workspaces/ws/cidbn_wibral_neuro_nonhuman/u19361-workspace/allen/rf/zebra/rawresults/ephys/sub-830794_ses-ecephys-830794-2026-01-26-12-02-05_ecephys/ProbeB/trial_0/phase_0/lib_ab4a70858e/lib_ab4a70858e__delay_0.01__dur_0.05.h5
3cb3fe06-453c-4853-9de4-6e82406b8650,0.02,0.2,ab4a70858e,0.07666371017694473,-38.507462686567166,-15.235849056603776,134.9774869247291,17.91,12,35,6,1.8849555921538759,3,5.0,6,0.07,/mnt/ceph-ssd/workspaces/ws/cidbn_wibral_neuro_nonhuman/u19361-workspace/allen/rf/zebra/rawresults/ephys/sub-830794_ses-ecephys-830794-2026-01-26-12-02-05_ecephys/ProbeB/trial_0/phase_0/lib_ab4a70858e/lib_ab4a70858e__delay_0.02__dur_0.2.h5
3d03c15b-34cc-408e-8365-5abe04188432,0.12,0.2,ab4a70858e,0.08362402766942978,-9.850746268656714,-4.481132075471699,0.0,10.74,28,29,0,0.0,1,3.0,5,0.06,/mnt/ceph-ssd/workspaces/ws/cidbn_wibral_neuro_nonhuman/u19361-workspace/allen/rf/zebra/rawresults/ephys/sub-830794_ses-ecephys-830794-2026-01-26-12-02-05_ecephys/ProbeB/trial_0/phase_0/lib_ab4a70858e/lib_ab4a70858e__delay_0.12__dur_0.2.h5
3d518973-ea4e-4344-b43f-41b29baf9afe,0.09,0.2,ab4a70858e,0.07771047949790955,-8.059701492537314,6.273584905660378,157.4840764271708,10.74,29,23,7,2.199114857512855,1,3.0,12,1.3,/mnt/ceph-ssd/workspaces/ws/cidbn_wibral_neuro_nonhuman/u19361-workspace/allen/rf/zebra/rawresults/ephys/sub-830794_ses-ecephys-830794-2026-01-26-12-02-05_ecephys/ProbeB/trial_0/phase_0/lib_ab4a70858e/lib_ab4a70858e__delay_0.09__dur_0.2.h5
3deb9a1f-0630-44ad-a700-dba7ef924827,0.07,0.25,ab4a70858e,0.07458470016717911,-6.268656716417908,36.74528301886792,0.0,28.65,30,6,0,0.0,5,8.0,9,0.1,/mnt/ceph-ssd/workspaces/ws/cidbn_wibral_neuro_nonhuman/u19361-workspace/allen/rf/zebra/rawresults/ephys/sub-830794_ses-ecephys-830794-2026-01-26-12-02-05_ecephys/ProbeB/trial_0/phase_0/lib_ab4a70858e/lib_ab4a70858e__delay_0.07__dur_0.25.h5
3dee2d9a-5574-4d9d-b9c5-9e61c2d4496c,0.04,0.2,ab4a70858e,0.08032700419425964,-33.134328358208954,-33.160377358490564,22.515923572829195,21.49,15,45,1,0.3141592653589793,4,6.0,9,0.1,/mnt/ceph-ssd/workspaces/ws/cidbn_wibral_neuro_nonhuman/u19361-workspace/allen/rf/zebra/rawresults/ephys/sub-830794_ses-ecephys-830794-2026-01-26-12-02-05_ecephys/ProbeB/trial_0/phase_0/lib_ab4a70858e/lib_ab4a70858e__delay_0.04__dur_0.2.h5
3e565a8c-2631-4e20-b92b-77f538328934,0.02,0.1,ab4a70858e,0.17079328000545502,36.71641791044776,15.235849056603776,157.4840764271708,14.32,54,18,7,2.199114857512855,2,4.0,8,0.09,/mnt/ceph-ssd/workspaces/ws/cidbn_wibral_neuro_nonhuman/u19361-workspace/allen/rf/zebra/rawresults/ephys/sub-830794_ses-ecephys-830794-2026-01-26-12-02-05_ecephys/ProbeB/trial_0/phase_0/lib_ab4a70858e/lib_ab4a70858e__delay_0.02__dur_0.1.h5
3f4d5567-0f02-4f14-9df1-f43fc38a5ae3,0.08,0.25,ab4a70858e,0.09103500097990036,-11.64179104477612,31.367924528301884,180.0,10.74,27,9,8,2.5132741228718345,1,3.0,9,0.1,/mnt/ceph-ssd/workspaces/ws/cidbn_wibral_neuro_nonhuman/u19361-workspace/allen/rf/zebra/rawresults/ephys/sub-830794_ses-ecephys-830794-2026-01-26-12-02-05_ecephys/ProbeB/trial_0/phase_0/lib_ab4a70858e/lib_ab4a70858e__delay_0.08__dur_0.25.h5
3f9d97e0-be77-4687-b6d4-de264e4b38c5,0.0,0.05,ab4a70858e,0.07442585378885269,43.88059701492537,-20.61320754716981,112.48408527317332,17.91,58,38,5,1.5707963267948966,3,5.0,9,0.1,/mnt/ceph-ssd/workspaces/ws/cidbn_wibral_neuro_nonhuman/u19361-workspace/allen/rf/zebra/rawresults/ephys/sub-830794_ses-ecephys-830794-2026-01-26-12-02-05_ecephys/ProbeB/trial_0/phase_0/lib_ab4a70858e/lib_ab4a70858e__delay_0.0__dur_0.05.h5
3fd77443-ee52-4c1d-b83d-9cccdb673e41,0.12,0.25,ab4a70858e,0.08398079872131348,22.388059701492537,6.273584905660378,157.4840764271708,28.65,46,23,7,2.199114857512855,5,8.0,9,0.1,/mnt/ceph-ssd/workspaces/ws/cidbn_wibral_neuro_nonhuman/u19361-workspace/allen/rf/zebra/rawresults/ephys/sub-830794_ses-ecephys-830794-2026-01-26-12-02-05_ecephys/ProbeB/trial_0/phase_0/lib_ab4a70858e/lib_ab4a70858e__delay_0.12__dur_0.25.h5
3fe9b695-b60a-4424-aafb-2c92733fdee3,0.1,0.15000000000000002,ab4a70858e,0.0830984115600586,9.85074626865672,-2.6886792452830193,0.0,7.16,39,28,0,0.0,0,2.0,11,1.2,/mnt/ceph-ssd/workspaces/ws/cidbn_wibral_neuro_nonhuman/u19361-workspace/allen/rf/zebra/rawresults/ephys/sub-830794_ses-ecephys-830794-2026-01-26-12-02-05_ecephys/ProbeB/trial_0/phase_0/lib_ab4a70858e/lib_ab4a70858e__delay_0.1__dur_0.15000000000000002.h5
4019f3e7-60cf-4f9c-aa24-b2e12c8f88da,0.01,0.15000000000000002,ab4a70858e,0.10397398471832275,-13.43283582089552,-15.235849056603776,67.51591472682667,14.32,26,35,3,0.9424777960769379,2,4.0,12,1.3,/mnt/ceph-ssd/workspaces/ws/cidbn_wibral_neuro_nonhuman/u19361-workspace/allen/rf/zebra/rawresults/ephys/sub-830794_ses-ecephys-830794-2026-01-26-12-02-05_ecephys/ProbeB/trial_0/phase_0/lib_ab4a70858e/lib_ab4a70858e__delay_0.01__dur_0.15000000000000002.h5
41b80a7e-9f3e-46e7-aedc-0beff836a39d,0.11,0.2,ab4a70858e,0.08853849768638611,20.59701492537313,13.443396226415096,45.02251307527088,14.32,45,19,2,0.6283185307179586,2,4.0,9,0.1,/mnt/ceph-ssd/workspaces/ws/cidbn_wibral_neuro_nonhuman/u19361-workspace/allen/rf/zebra/rawresults/ephys/sub-830794_ses-ecephys-830794-2026-01-26-12-02-05_ecephys/ProbeB/trial_0/phase_0/lib_ab4a70858e/lib_ab4a70858e__delay_0.11__dur_0.2.h5
41e7de89-9520-4a03-be77-916b5ae06187,0.02,0.25,ab4a70858e,0.10185322910547256,-18.80597014925373,-2.6886792452830193,157.4840764271708,17.91,23,28,7,2.199114857512855,3,5.0,12,1.3,/mnt/ceph-ssd/workspaces/ws/cidbn_wibral_neuro_nonhuman/u19361-workspace/allen/rf/zebra/rawresults/ephys/sub-830794_ses-ecephys-830794-2026-01-26-12-02-05_ecephys/ProbeB/trial_0/phase_0/lib_ab4a70858e/lib_ab4a70858e__delay_0.02__dur_0.25.h5
41fb3c61-e97f-4e97-b29b-e04fec08afd3,0.01,0.2,ab4a70858e,0.07717124372720718,-27.761194029850742,-13.443396226415096,157.4840764271708,14.32,18,34,7,2.199114857512855,2,4.0,12,1.3,/mnt/ceph-ssd/workspaces/ws/cidbn_wibral_neuro_nonhuman/u19361-workspace/allen/rf/zebra/rawresults/ephys/sub-830794_ses-ecephys-830794-2026-01-26-12-02-05_ecephys/ProbeB/trial_0/phase_0/lib_ab4a70858e/lib_ab4a70858e__delay_0.01__dur_0.2.h5
4201011b-425e-4aa6-bd70-6335aa9fbb55,0.1,0.25,ab4a70858e,0.07996413856744766,2.6865671641791096,-31.367924528301888,90.0,21.49,35,44,4,1.2566370614359172,4,6.0,5,0.06,/mnt/ceph-ssd/workspaces/ws/cidbn_wibral_neuro_nonhuman/u19361-workspace/allen/rf/zebra/rawresults/ephys/sub-830794_ses-ecephys-830794-2026-01-26-12-02-05_ecephys/ProbeB/trial_0/phase_0/lib_ab4a70858e/lib_ab4a70858e__delay_0.1__dur_0.25.h5
44035985-cf48-4564-82aa-5a4d22f3a185,0.05,0.1,ab4a70858e,0.07403789460659027,27.761194029850756,6.273584905660378,112.48408527317332,28.65,49,23,5,1.5707963267948966,5,8.0,8,0.09,/mnt/ceph-ssd/workspaces/ws/cidbn_wibral_neuro_nonhuman/u19361-workspace/allen/rf/zebra/rawresults/ephys/sub-830794_ses-ecephys-830794-2026-01-26-12-02-05_ecephys/ProbeB/trial_0/phase_0/lib_ab4a70858e/lib_ab4a70858e__delay_0.05__dur_0.1.h5
4414a007-fb84-4ecd-b53d-f81cf2ae8b08,0.01,0.25,ab4a70858e,0.2094605714082718,-24.179104477611936,4.481132075471699,67.51591472682667,17.91,20,24,3,0.9424777960769379,3,5.0,12,1.3,/mnt/ceph-ssd/workspaces/ws/cidbn_wibral_neuro_nonhuman/u19361-workspace/allen/rf/zebra/rawresults/ephys/sub-830794_ses-ecephys-830794-2026-01-26-12-02-05_ecephys/ProbeB/trial_0/phase_0/lib_ab4a70858e/lib_ab4a70858e__delay_0.01__dur_0.25.h5
443602e7-fb2d-45af-8608-71e636a002ac,0.1,0.2,ab4a70858e,0.07329456508159637,15.223880597014926,29.575471698113205,67.51591472682667,7.16,42,10,3,0.9424777960769379,0,2.0,12,1.3,/mnt/ceph-ssd/workspaces/ws/cidbn_wibral_neuro_nonhuman/u19361-workspace/allen/rf/zebra/rawresults/ephys/sub-830794_ses-ecephys-830794-2026-01-26-12-02-05_ecephys/ProbeB/trial_0/phase_0/lib_ab4a70858e/lib_ab4a70858e__delay_0.1__dur_0.2.h5
454553c7-935f-4acc-a908-ad83e1064b40,0.05,0.25,ab4a70858e,0.10700230300426483,0.8955223880597032,29.575471698113205,157.4840764271708,10.74,34,10,7,2.199114857512855,1,3.0,12,1.3,/mnt/ceph-ssd/workspaces/ws/cidbn_wibral_neuro_nonhuman/u19361-workspace/allen/rf/zebra/rawresults/ephys/sub-830794_ses-ecephys-830794-2026-01-26-12-02-05_ecephys/ProbeB/trial_0/phase_0/lib_ab4a70858e/lib_ab4a70858e__delay_0.05__dur_0.25.h5
45b81a91-3c85-40ea-b713-726a4ec62431,0.0,0.1,ab4a70858e,0.07744522392749786,-0.8955223880596961,6.273584905660378,157.4840764271708,10.74,33,23,7,2.199114857512855,1,3.0,12,1.3,/mnt/ceph-ssd/workspaces/ws/cidbn_wibral_neuro_nonhuman/u19361-workspace/allen/rf/zebra/rawresults/ephys/sub-830794_ses-ecephys-830794-2026-01-26-12-02-05_ecephys/ProbeB/trial_0/phase_0/lib_ab4a70858e/lib_ab4a70858e__delay_0.0__dur_0.1.h5
478fc095-216d-4ad8-b844-e63ec9f32056,0.0,0.25,ab4a70858e,0.07667464017868042,-13.43283582089552,-45.70754716981132,180.0,7.16,26,52,8,2.5132741228718345,0,2.0,12,1.3,/mnt/ceph-ssd/workspaces/ws/cidbn_wibral_neuro_nonhuman/u19361-workspace/allen/rf/zebra/rawresults/ephys/sub-830794_ses-ecephys-830794-2026-01-26-12-02-05_ecephys/ProbeB/trial_0/phase_0/lib_ab4a70858e/lib_ab4a70858e__delay_0.0__dur_0.25.h5
47b2ee16-a78a-4a9f-a64a-de9abf10e58a,0.11,0.25,ab4a70858e,0.08088803291320801,-13.43283582089552,2.6886792452830193,157.4840764271708,7.16,26,25,7,2.199114857512855,0,2.0,12,1.3,/mnt/ceph-ssd/workspaces/ws/cidbn_wibral_neuro_nonhuman/u19361-workspace/allen/rf/zebra/rawresults/ephys/sub-830794_ses-ecephys-830794-2026-01-26-12-02-05_ecephys/ProbeB/trial_0/phase_0/lib_ab4a70858e/lib_ab4a70858e__delay_0.11__dur_0.25.h5
47e04939-2eeb-4d1c-bf8d-42680812d80e,0.01,0.05,ab4a70858e,0.0,-60.0,47.5,0.0,7.16,0,0,0,0.0,0,2.0,0,0.01,/mnt/ceph-ssd/workspaces/ws/cidbn_wibral_neuro_nonhuman/u19361-workspace/allen/rf/zebra/rawresults/ephys/sub-830794_ses-ecephys-830794-2026-01-26-12-02-05_ecephys/ProbeB/trial_0/phase_0/lib_ab4a70858e/lib_ab4a70858e__delay_0.01__dur_0.05.h5
48393d26-627b-4e0b-97e1-5ed3448f4fed,0.0,0.25,ab4a70858e,0.06985544413328171,-17.014925373134325,-24.19811320754717,67.51591472682667,17.91,24,40,3,0.9424777960769379,3,5.0,5,0.06,/mnt/ceph-ssd/workspaces/ws/cidbn_wibral_neuro_nonhuman/u19361-workspace/allen/rf/zebra/rawresults/ephys/sub-830794_ses-ecephys-830794-2026-01-26-12-02-05_ecephys/ProbeB/trial_0/phase_0/lib_ab4a70858e/lib_ab4a70858e__delay_0.0__dur_0.25.h5
485b462f-bf31-493a-80bc-a2f810dd1d70,0.0,0.1,ab4a70858e,0.21251021325588226,-51.04477611940298,4.481132075471699,157.4840764271708,14.32,5,24,7,2.199114857512855,2,4.0,9,0.1,/mnt/ceph-ssd/workspaces/ws/cidbn_wibral_neuro_nonhuman/u19361-workspace/allen/rf/zebra/rawresults/ephys/sub-830794_ses-ecephys-830794-2026-01-26-12-02-05_ecephys/ProbeB/trial_0/phase_0/lib_ab4a70858e/lib_ab4a70858e__delay_0.0__dur_0.1.h5
49ec5058-8101-4adc-8938-38d2fec61971,0.09,0.2,ab4a70858e,0.09628748893737793,-31.34328358208955,-31.367924528301888,0.0,10.74,16,44,0,0.0,1,3.0,11,1.2,/mnt/ceph-ssd/workspaces/ws/cidbn_wibral_neuro_nonhuman/u19361-workspace/allen/rf/zebra/rawresults/ephys/sub-830794_ses-ecephys-830794-2026-01-26-12-02-05_ecephys/ProbeB/trial_0/phase_0/lib_ab4a70858e/lib_ab4a70858e__delay_0.09__dur_0.2.h5
4a1b2274-d4c7-4b1a-a827-3361cae54bfa,0.01,0.15000000000000002,ab4a70858e,0.0740143358707428,-25.970149253731343,-9.858490566037737,180.0,17.91,19,32,8,2.5132741228718345,3,5.0,12,1.3,/mnt/ceph-ssd/workspaces/ws/cidbn_wibral_neuro_nonhuman/u19361-workspace/allen/rf/zebra/rawresults/ephys/sub-830794_ses-ecephys-830794-2026-01-26-12-02-05_ecephys/ProbeB/trial_0/phase_0/lib_ab4a70858e/lib_ab4a70858e__delay_0.01__dur_0.15000000000000002.h5
4c4d8652-4285-464f-a9d8-d23184adf3de,0.02,0.25,ab4a70858e,0.2259419560432434,-25.970149253731343,0.8962264150943398,67.51591472682667,17.91,19,26,3,0.9424777960769379,3,5.0,12,1.3,/mnt/ceph-ssd/workspaces/ws/cidbn_wibral_neuro_nonhuman/u19361-workspace/allen/rf/zebra/rawresults/ephys/sub-830794_ses-ecephys-830794-2026-01-26-12-02-05_ecephys/ProbeB/trial_0/phase_0/lib_ab4a70858e/lib_ab4a70858e__delay_0.02__dur_0.25.h5
4c8175e1-f3dd-4367-8c25-ae7eed10d85b,0.06,0.15000000000000002,ab4a70858e,0.0747981145977974,-31.34328358208955,-33.160377358490564,0.0,7.16,16,45,0,0.0,0,2.0,11,1.2,/mnt/ceph-ssd/workspaces/ws/cidbn_wibral_neuro_nonhuman/u19361-workspace/allen/rf/zebra/rawresults/ephys/sub-830794_ses-ecephys-830794-2026-01-26-12-02-05_ecephys/ProbeB/trial_0/phase_0/lib_ab4a70858e/lib_ab4a70858e__delay_0.06__dur_0.15000000000000002.h5
4c9b4fb6-b726-438e-ba28-3c80c37b1930,0.05,0.1,ab4a70858e,0.0753449946641922,-43.88059701492537,8.066037735849058,67.51591472682667,28.65,9,22,3,0.9424777960769379,5,8.0,0,0.01,/mnt/ceph-ssd/workspaces/ws/cidbn_wibral_neuro_nonhuman/u19361-workspace/allen/rf/zebra/rawresults/ephys/sub-830794_ses-ecephys-830794-2026-01-26-12-02-05_ecephys/ProbeB/trial_0/phase_0/lib_ab4a70858e/lib_ab4a70858e__delay_0.05__dur_0.1.h5
4e1c3e1f-4dd0-4e39-a754-d1b44f93b72c,0.02,0.2,ab4a70858e,0.07235248386859894,-54.62686567164179,36.74528301886792,67.51591472682667,28.65,3,6,3,0.9424777960769379,5,8.0,9,0.1,/mnt/ceph-ssd/workspaces/ws/cidbn_wibral_neuro_nonhuman/u19361-workspace/allen/rf/zebra/rawresults/ephys/sub-830794_ses-ecephys-830794-2026-01-26-12-02-05_ecephys/ProbeB/trial_0/phase_0/lib_ab4a70858e/lib_ab4a70858e__delay_0.02__dur_0.2.h5
4fbbe812-3de7-4ded-9b0a-11a5c3029229,0.02,0.1,ab4a70858e,0.06733652204275131,52.83582089552239,-33.160377358490564,22.515923572829163,28.65,63,45,9,2.827433388230814,5,8.0,7,0.08,/mnt/ceph-ssd/workspaces/ws/cidbn_wibral_neuro_nonhuman/u19361-workspace/allen/rf/zebra/rawresults/ephys/sub-830794_ses-ecephys-830794-2026-01-26-12-02-05_ecephys/ProbeB/trial_0/phase_0/lib_ab4a70858e/lib_ab4a70858e__delay_0.02__dur_0.1.h5
4fc23d02-5cf9-49d4-837e-907848d291af,0.01,0.15000000000000002,ab4a70858e,0.09673275053501129,-31.34328358208955,15.235849056603776,90.0,17.91,16,18,4,1.2566370614359172,3,5.0,3,0.04,/mnt/ceph-ssd/workspaces/ws/cidbn_wibral_neuro_nonhuman/u19361-workspace/allen/rf/zebra/rawresults/ephys/sub-830794_ses-ecephys-830794-2026-01-26-12-02-05_ecephys/ProbeB/trial_0/phase_0/lib_ab4a70858e/lib_ab4a70858e__delay_0.01__dur_0.15000000000000002.h5
4ffa1793-7515-4c48-8aa9-4bff02e88ba6,0.0,0.2,ab4a70858e,0.08660294860601425,25.97014925373135,33.160377358490564,157.4840764271708,28.65,48,8,7,2.199114857512855,5,8.0,8,0.09,/mnt/ceph-ssd/workspaces/ws/cidbn_wibral_neuro_nonhuman/u19361-workspace/allen/rf/zebra/rawresults/ephys/sub-830794_ses-ecephys-830794-2026-01-26-12-02-05_ecephys/ProbeB/trial_0/phase_0/lib_ab4a70858e/lib_ab4a70858e__delay_0.0__dur_0.2.h5
50559731-c1ee-41cd-9c75-843345f58ced,0.09,0.25,ab4a70858e,0.07423225790262222,-29.55223880597015,29.575471698113205,45.02251307527088,10.74,17,10,2,0.6283185307179586,1,3.0,12,1.3,/mnt/ceph-ssd/workspaces/ws/cidbn_wibral_neuro_nonhuman/u19361-workspace/allen/rf/zebra/rawresults/ephys/sub-830794_ses-ecephys-830794-2026-01-26-12-02-05_ecephys/ProbeB/trial_0/phase_0/lib_ab4a70858e/lib_ab4a70858e__delay_0.09__dur_0.25.h5
519ec824-e6d7-4553-b4f2-c4bfc9cf0f5e,0.12,0.25,ab4a70858e,0.07635931670665741,-45.67164179104478,38.5377358490566,45.02251307527088,28.65,8,5,2,0.6283185307179586,5,8.0,8,0.09,/mnt/ceph-ssd/workspaces/ws/cidbn_wibral_neuro_nonhuman/u19361-workspace/allen/rf/zebra/rawresults/ephys/sub-830794_ses-ecephys-830794-2026-01-26-12-02-05_ecephys/ProbeB/trial_0/phase_0/lib_ab4a70858e/lib_ab4a70858e__delay_0.12__dur_0.25.h5
52200faf-7b73-4de9-85dc-18f566d2e4e5,0.01,0.2,ab4a70858e,0.07480798661708832,25.97014925373135,11.650943396226417,112.48408527317332,10.74,48,20,5,1.5707963267948966,1,3.0,9,0.1,/mnt/ceph-ssd/workspaces/ws/cidbn_wibral_neuro_nonhuman/u19361-workspace/allen/rf/zebra/rawresults/ephys/sub-830794_ses-ecephys-830794-2026-01-26-12-02-05_ecephys/ProbeB/trial_0/phase_0/lib_ab4a70858e/lib_ab4a70858e__delay_0.01__dur_0.2.h5
529d719a-f979-43df-bf65-f6b44abfa051,0.01,0.15000000000000002,ab4a70858e,0.07665449380874634,0.8955223880597032,15.235849056603776,112.48408527317332,28.65,34,18,5,1.5707963267948966,5,8.0,11,1.2,/mnt/ceph-ssd/workspaces/ws/cidbn_wibral_neuro_nonhuman/u19361-workspace/allen/rf/zebra/rawresults/ephys/sub-830794_ses-ecephys-830794-2026-01-26-12-02-05_ecephys/ProbeB/trial_0/phase_0/lib_ab4a70858e/lib_ab4a70858e__delay_0.01__dur_0.15000000000000002.h5
5348eda2-7d0f-4dcc-89e7-b1414197e33b,0.12,0.25,ab4a70858e,0.16067317128181458,36.71641791044776,31.367924528301884,0.0,14.32,54,9,0,0.0,2,4.0,11,1.2,/mnt/ceph-ssd/workspaces/ws/cidbn_wibral_neuro_nonhuman/u19361-workspace/allen/rf/zebra/rawresults/ephys/sub-830794_ses-ecephys-830794-2026-01-26-12-02-05_ecephys/ProbeB/trial_0/phase_0/lib_ab4a70858e/lib_ab4a70858e__delay_0.12__dur_0.25.h5
539077a3-534a-49ff-a70c-b2de04fd37c5,0.11,0.25,ab4a70858e,0.08259739726781845,-2.6865671641791025,27.783018867924525,0.0,14.32,32,11,0,0.0,2,4.0,9,0.1,/mnt/ceph-ssd/workspaces/ws/cidbn_wibral_neuro_nonhuman/u19361-workspace/allen/rf/zebra/rawresults/ephys/sub-830794_ses-ecephys-830794-2026-01-26-12-02-05_ecephys/ProbeB/trial_0/phase_0/lib_ab4a70858e/lib_ab4a70858e__delay_0.11__dur_0.25.h5
552033d0-680a-4c16-9e10-3ba03c807564,0.0,0.25,ab4a70858e,0.09351085871458054,-49.25373134328358,11.650943396226417,67.51591472682667,21.49,6,20,3,0.9424777960769379,4,6.0,3,0.04,/mnt/ceph-ssd/workspaces/ws/cidbn_wibral_neuro_nonhuman/u19361-workspace/allen/rf/zebra/rawresults/ephys/sub-830794_ses-ecephys-830794-2026-01-26-12-02-05_ecephys/ProbeB/trial_0/phase_0/lib_ab4a70858e/lib_ab4a70858e__delay_0.0__dur_0.25.h5
553a4386-8e1b-4f2b-b453-f9a4819d9cbc,0.07,0.25,ab4a70858e,0.07376185059547424,-9.850746268656714,-13.443396226415096,157.4840764271708,7.16,28,34,7,2.199114857512855,0,2.0,12,1.3,/mnt/ceph-ssd/workspaces/ws/cidbn_wibral_neuro_nonhuman/u19361-workspace/allen/rf/zebra/rawresults/ephys/sub-830794_ses-ecephys-830794-2026-01-26-12-02-05_ecephys/ProbeB/trial_0/phase_0/lib_ab4a70858e/lib_ab4a70858e__delay_0.07__dur_0.25.h5
56ce4386-b0be-4370-b99b-fb625ee47fba,0.01,0.05,ab4a70858e,0.0,-60.0,47.5,0.0,7.16,0,0,0,0.0,0,2.0,0,0.01,/mnt/ceph-ssd/workspaces/ws/cidbn_wibral_neuro_nonhuman/u19361-workspace/allen/rf/zebra/rawresults/ephys/sub-830794_ses-ecephys-830794-2026-01-26-12-02-05_ecephys/ProbeB/trial_0/phase_0/lib_ab4a70858e/lib_ab4a70858e__delay_0.01__dur_0.05.h5
57beb9bf-79a7-4c64-ba47-cab103d5323f,0.02,0.25,ab4a70858e,0.06938371807336807,8.059701492537314,11.650943396226417,157.4840764271708,21.49,38,20,7,2.199114857512855,4,6.0,7,0.08,/mnt/ceph-ssd/workspaces/ws/cidbn_wibral_neuro_nonhuman/u19361-workspace/allen/rf/zebra/rawresults/ephys/sub-830794_ses-ecephys-830794-2026-01-26-12-02-05_ecephys/ProbeB/trial_0/phase_0/lib_ab4a70858e/lib_ab4a70858e__delay_0.02__dur_0.25.h5
58129888-d1b1-40d3-9e9f-6ca7d0c396ae,0.12,0.25,ab4a70858e,0.07598738372325897,29.55223880597015,-11.650943396226417,67.51591472682667,21.49,50,33,3,0.9424777960769379,4,6.0,7,0.08,/mnt/ceph-ssd/workspaces/ws/cidbn_wibral_neuro_nonhuman/u19361-workspace/allen/rf/zebra/rawresults/ephys/sub-830794_ses-ecephys-830794-2026-01-26-12-02-05_ecephys/ProbeB/trial_0/phase_0/lib_ab4a70858e/lib_ab4a70858e__delay_0.12__dur_0.25.h5
58672833-c6c4-417e-8117-f5f3931b28fb,0.11,0.15000000000000002,ab4a70858e,0.08016421645879745,-34.92537313432835,36.74528301886792,22.515923572829163,10.74,14,6,9,2.827433388230814,1,3.0,9,0.1,/mnt/ceph-ssd/workspaces/ws/cidbn_wibral_neuro_nonhuman/u19361-workspace/allen/rf/zebra/rawresults/ephys/sub-830794_ses-ecephys-830794-2026-01-26-12-02-05_ecephys/ProbeB/trial_0/phase_0/lib_ab4a70858e/lib_ab4a70858e__delay_0.11__dur_0.15000000000000002.h5
5896a2ab-faf3-4982-a84e-89087b3d3776,0.01,0.05,ab4a70858e,0.0,-60.0,47.5,0.0,7.16,0,0,0,0.0,0,2.0,0,0.01,/mnt/ceph-ssd/workspaces/ws/cidbn_wibral_neuro_nonhuman/u19361-workspace/allen/rf/zebra/rawresults/ephys/sub-830794_ses-ecephys-830794-2026-01-26-12-02-05_ecephys/ProbeB/trial_0/phase_0/lib_ab4a70858e/lib_ab4a70858e__delay_0.01__dur_0.05.h5
58f58923-ecd2-4329-9198-afeef5c15173,0.01,0.1,ab4a70858e,0.07711534947156906,-13.43283582089552,-34.95283018867924,45.02251307527088,10.74,26,46,2,0.6283185307179586,1,3.0,9,0.1,/mnt/ceph-ssd/workspaces/ws/cidbn_wibral_neuro_nonhuman/u19361-workspace/allen/rf/zebra/rawresults/ephys/sub-830794_ses-ecephys-830794-2026-01-26-12-02-05_ecephys/ProbeB/trial_0/phase_0/lib_ab4a70858e/lib_ab4a70858e__delay_0.01__dur_0.1.h5
59c3078a-5527-4093-9c0f-edc15a17a5e3,0.12,0.15000000000000002,ab4a70858e,0.08531253784894943,-29.55223880597015,29.575471698113205,45.02251307527088,17.91,17,10,2,0.6283185307179586,3,5.0,9,0.1,/mnt/ceph-ssd/workspaces/ws/cidbn_wibral_neuro_nonhuman/u19361-workspace/allen/rf/zebra/rawresults/ephys/sub-830794_ses-ecephys-830794-2026-01-26-12-02-05_ecephys/ProbeB/trial_0/phase_0/lib_ab4a70858e/lib_ab4a70858e__delay_0.12__dur_0.15000000000000002.h5
59f70492-f49d-4d15-8ca5-2f0f00b1c594,0.05,0.25,ab4a70858e,0.08623434603214264,6.268656716417908,2.6886792452830193,157.4840764271708,14.32,37,25,7,2.199114857512855,2,4.0,12,1.3,/mnt/ceph-ssd/workspaces/ws/cidbn_wibral_neuro_nonhuman/u19361-workspace/allen/rf/zebra/rawresults/ephys/sub-830794_ses-ecephys-830794-2026-01-26-12-02-05_ecephys/ProbeB/trial_0/phase_0/lib_ab4a70858e/lib_ab4a70858e__delay_0.05__dur_0.25.h5
5b2ef904-0894-4a88-9497-14eaba0cc858,0.0,0.25,ab4a70858e,0.09768189489841461,17.014925373134332,31.367924528301884,157.4840764271708,7.16,43,9,7,2.199114857512855,0,2.0,12,1.3,/mnt/ceph-ssd/workspaces/ws/cidbn_wibral_neuro_nonhuman/u19361-workspace/allen/rf/zebra/rawresults/ephys/sub-830794_ses-ecephys-830794-2026-01-26-12-02-05_ecephys/ProbeB/trial_0/phase_0/lib_ab4a70858e/lib_ab4a70858e__delay_0.0__dur_0.25.h5
5b31a06e-2166-4961-a80e-0baf118cba9c,0.09,0.15000000000000002,ab4a70858e,0.07114960253238678,36.71641791044776,9.858490566037737,0.0,10.74,54,21,0,0.0,1,3.0,9,0.1,/mnt/ceph-ssd/workspaces/ws/cidbn_wibral_neuro_nonhuman/u19361-workspace/allen/rf/zebra/rawresults/ephys/sub-830794_ses-ecephys-830794-2026-01-26-12-02-05_ecephys/ProbeB/trial_0/phase_0/lib_ab4a70858e/lib_ab4a70858e__delay_0.09__dur_0.15000000000000002.h5
5b59bd6c-23d0-4d73-996d-9d64451cb11c,0.03,0.1,ab4a70858e,0.07201193273067474,6.268656716417908,-18.82075471698113,0.0,7.16,37,37,0,0.0,0,2.0,11,1.2,/mnt/ceph-ssd/workspaces/ws/cidbn_wibral_neuro_nonhuman/u19361-workspace/allen/rf/zebra/rawresults/ephys/sub-830794_ses-ecephys-830794-2026-01-26-12-02-05_ecephys/ProbeB/trial_0/phase_0/lib_ab4a70858e/lib_ab4a70858e__delay_0.03__dur_0.1.h5
5b7ec8bd-9032-4d50-b2cd-1d999ea49570,0.12,0.25,ab4a70858e,0.06867267936468124,-56.417910447761194,-33.160377358490564,0.0,28.65,2,45,0,0.0,5,8.0,5,0.06,/mnt/ceph-ssd/workspaces/ws/cidbn_wibral_neuro_nonhuman/u19361-workspace/allen/rf/zebra/rawresults/ephys/sub-830794_ses-ecephys-830794-2026-01-26-12-02-05_ecephys/ProbeB/trial_0/phase_0/lib_ab4a70858e/lib_ab4a70858e__delay_0.12__dur_0.25.h5
5e520eca-61a9-43b5-a19f-00a5bd42c15b,0.0,0.2,ab4a70858e,0.09935135394334793,-13.43283582089552,-4.481132075471699,45.02251307527088,7.16,26,29,2,0.6283185307179586,0,2.0,12,1.3,/mnt/ceph-ssd/workspaces/ws/cidbn_wibral_neuro_nonhuman/u19361-workspace/allen/rf/zebra/rawresults/ephys/sub-830794_ses-ecephys-830794-2026-01-26-12-02-05_ecephys/ProbeB/trial_0/phase_0/lib_ab4a70858e/lib_ab4a70858e__delay_0.0__dur_0.2.h5
5e86a6ec-ffea-411b-a7b3-53e07a33f24c,0.0,0.05,ab4a70858e,0.0739932730793953,-18.80597014925373,-4.481132075471699,180.0,14.32,23,29,8,2.5132741228718345,2,4.0,7,0.08,/mnt/ceph-ssd/workspaces/ws/cidbn_wibral_neuro_nonhuman/u19361-workspace/allen/rf/zebra/rawresults/ephys/sub-830794_ses-ecephys-830794-2026-01-26-12-02-05_ecephys/ProbeB/trial_0/phase_0/lib_ab4a70858e/lib_ab4a70858e__delay_0.0__dur_0.05.h5
6102e811-0137-48b9-88e2-1ed824250e70,0.12,0.25,ab4a70858e,0.09711267799139023,-31.34328358208955,31.367924528301884,45.02251307527088,17.91,16,9,2,0.6283185307179586,3,5.0,12,1.3,/mnt/ceph-ssd/workspaces/ws/cidbn_wibral_neuro_nonhuman/u19361-workspace/allen/rf/zebra/rawresults/ephys/sub-830794_ses-ecephys-830794-2026-01-26-12-02-05_ecephys/ProbeB/trial_0/phase_0/lib_ab4a70858e/lib_ab4a70858e__delay_0.12__dur_0.25.h5
6227e36c-3104-420c-b2d5-671c48444771,0.03,0.15000000000000002,ab4a70858e,0.09308391809463501,-25.970149253731343,18.820754716981128,22.515923572829195,21.49,19,16,1,0.3141592653589793,4,6.0,6,0.07,/mnt/ceph-ssd/workspaces/ws/cidbn_wibral_neuro_nonhuman/u19361-workspace/allen/rf/zebra/rawresults/ephys/sub-830794_ses-ecephys-830794-2026-01-26-12-02-05_ecephys/ProbeB/trial_0/phase_0/lib_ab4a70858e/lib_ab4a70858e__delay_0.03__dur_0.15000000000000002.h5
626e3cff-bda7-4277-be65-f1ea90f18a9a,0.01,0.05,ab4a70858e,0.0,-60.0,47.5,0.0,7.16,0,0,0,0.0,0,2.0,0,0.01,/mnt/ceph-ssd/workspaces/ws/cidbn_wibral_neuro_nonhuman/u19361-workspace/allen/rf/zebra/rawresults/ephys/sub-830794_ses-ecephys-830794-2026-01-26-12-02-05_ecephys/ProbeB/trial_0/phase_0/lib_ab4a70858e/lib_ab4a70858e__delay_0.01__dur_0.05.h5
62780849-9b89-486e-b32a-0c9a471e8c7d,0.08,0.25,ab4a70858e,0.07446470856666565,29.55223880597015,-0.8962264150943398,22.515923572829195,28.65,50,27,1,0.3141592653589793,5,8.0,2,0.03,/mnt/ceph-ssd/workspaces/ws/cidbn_wibral_neuro_nonhuman/u19361-workspace/allen/rf/zebra/rawresults/ephys/sub-830794_ses-ecephys-830794-2026-01-26-12-02-05_ecephys/ProbeB/trial_0/phase_0/lib_ab4a70858e/lib_ab4a70858e__delay_0.08__dur_0.25.h5
628a3e5d-4d0a-48f9-9856-61c72331036d,0.12,0.25,ab4a70858e,0.08751457929611206,-25.970149253731343,-2.6886792452830193,180.0,17.91,19,28,8,2.5132741228718345,3,5.0,12,1.3,/mnt/ceph-ssd/workspaces/ws/cidbn_wibral_neuro_nonhuman/u19361-workspace/allen/rf/zebra/rawresults/ephys/sub-830794_ses-ecephys-830794-2026-01-26-12-02-05_ecephys/ProbeB/trial_0/phase_0/lib_ab4a70858e/lib_ab4a70858e__delay_0.12__dur_0.25.h5
629c4841-c086-46fe-86c6-30c093fa9536,0.12,0.25,ab4a70858e,0.07471509277820587,-34.92537313432835,11.650943396226417,0.0,17.91,14,20,0,0.0,3,5.0,5,0.06,/mnt/ceph-ssd/workspaces/ws/cidbn_wibral_neuro_nonhuman/u19361-workspace/allen/rf/zebra/rawresults/ephys/sub-830794_ses-ecephys-830794-2026-01-26-12-02-05_ecephys/ProbeB/trial_0/phase_0/lib_ab4a70858e/lib_ab4a70858e__delay_0.12__dur_0.25.h5
62fbe072-c1ae-423a-abf3-8c4c52d750d4,0.0,0.25,ab4a70858e,0.07932993024587631,11.641791044776127,-0.8962264150943398,45.02251307527088,7.16,40,27,2,0.6283185307179586,0,2.0,12,1.3,/mnt/ceph-ssd/workspaces/ws/cidbn_wibral_neuro_nonhuman/u19361-workspace/allen/rf/zebra/rawresults/ephys/sub-830794_ses-ecephys-830794-2026-01-26-12-02-05_ecephys/ProbeB/trial_0/phase_0/lib_ab4a70858e/lib_ab4a70858e__delay_0.0__dur_0.25.h5
63549143-bc7e-4d99-a1b1-50b31c8f71bc,0.03,0.25,ab4a70858e,0.07954207062721252,-9.850746268656714,42.12264150943396,112.48408527317332,14.32,28,3,5,1.5707963267948966,2,4.0,11,1.2,/mnt/ceph-ssd/workspaces/ws/cidbn_wibral_neuro_nonhuman/u19361-workspace/allen/rf/zebra/rawresults/ephys/sub-830794_ses-ecephys-830794-2026-01-26-12-02-05_ecephys/ProbeB/trial_0/phase_0/lib_ab4a70858e/lib_ab4a70858e__delay_0.03__dur_0.25.h5
63caf2b1-ee05-4f16-926b-9394f78d9162,0.01,0.2,ab4a70858e,0.08338180184364319,2.6865671641791096,6.273584905660378,90.0,7.16,35,23,4,1.2566370614359172,0,2.0,9,0.1,/mnt/ceph-ssd/workspaces/ws/cidbn_wibral_neuro_nonhuman/u19361-workspace/allen/rf/zebra/rawresults/ephys/sub-830794_ses-ecephys-830794-2026-01-26-12-02-05_ecephys/ProbeB/trial_0/phase_0/lib_ab4a70858e/lib_ab4a70858e__delay_0.01__dur_0.2.h5
64136fcf-8f43-403b-a7e9-f33d4fe72e11,0.11,0.2,ab4a70858e,0.0784391313791275,-20.59701492537313,-13.443396226415096,22.515923572829195,14.32,22,34,1,0.3141592653589793,2,4.0,9,0.1,/mnt/ceph-ssd/workspaces/ws/cidbn_wibral_neuro_nonhuman/u19361-workspace/allen/rf/zebra/rawresults/ephys/sub-830794_ses-ecephys-830794-2026-01-26-12-02-05_ecephys/ProbeB/trial_0/phase_0/lib_ab4a70858e/lib_ab4a70858e__delay_0.11__dur_0.2.h5
64155faa-87ea-41ad-be03-e84b73c34bd3,0.0,0.1,ab4a70858e,0.0790330097079277,51.04477611940298,-40.33018867924528,90.0,28.65,62,49,4,1.2566370614359172,5,8.0,9,0.1,/mnt/ceph-ssd/workspaces/ws/cidbn_wibral_neuro_nonhuman/u19361-workspace/allen/rf/zebra/rawresults/ephys/sub-830794_ses-ecephys-830794-2026-01-26-12-02-05_ecephys/ProbeB/trial_0/phase_0/lib_ab4a70858e/lib_ab4a70858e__delay_0.0__dur_0.1.h5
643c5da7-0aee-416c-ba89-0ea434d3b87c,0.05,0.15000000000000002,ab4a70858e,0.08182888478040695,22.388059701492537,45.70754716981132,45.02251307527088,28.65,46,1,2,0.6283185307179586,5,8.0,8,0.09,/mnt/ceph-ssd/workspaces/ws/cidbn_wibral_neuro_nonhuman/u19361-workspace/allen/rf/zebra/rawresults/ephys/sub-830794_ses-ecephys-830794-2026-01-26-12-02-05_ecephys/ProbeB/trial_0/phase_0/lib_ab4a70858e/lib_ab4a70858e__delay_0.05__dur_0.15000000000000002.h5
646992e9-472f-4bc6-bfa4-723f2026b5f7,0.02,0.25,ab4a70858e,0.07811177521944046,8.059701492537314,4.481132075471699,22.515923572829195,28.65,38,24,1,0.3141592653589793,5,8.0,9,0.1,/mnt/ceph-ssd/workspaces/ws/cidbn_wibral_neuro_nonhuman/u19361-workspace/allen/rf/zebra/rawresults/ephys/sub-830794_ses-ecephys-830794-2026-01-26-12-02-05_ecephys/ProbeB/trial_0/phase_0/lib_ab4a70858e/lib_ab4a70858e__delay_0.02__dur_0.25.h5
64baa832-76c1-4fdb-9548-cc768f122de3,0.1,0.25,ab4a70858e,0.0732363611459732,56.4179104477612,-11.650943396226417,67.51591472682667,28.65,65,33,3,0.9424777960769379,5,8.0,9,0.1,/mnt/ceph-ssd/workspaces/ws/cidbn_wibral_neuro_nonhuman/u19361-workspace/allen/rf/zebra/rawresults/ephys/sub-830794_ses-ecephys-830794-2026-01-26-12-02-05_ecephys/ProbeB/trial_0/phase_0/lib_ab4a70858e/lib_ab4a70858e__delay_0.1__dur_0.25.h5
65a98096-db3e-4fca-9925-d9e39fd97f42,0.03,0.2,ab4a70858e,0.0722389966249466,34.92537313432837,47.5,180.0,28.65,53,0,8,2.5132741228718345,5,8.0,7,0.08,/mnt/ceph-ssd/workspaces/ws/cidbn_wibral_neuro_nonhuman/u19361-workspace/allen/rf/zebra/rawresults/ephys/sub-830794_ses-ecephys-830794-2026-01-26-12-02-05_ecephys/ProbeB/trial_0/phase_0/lib_ab4a70858e/lib_ab4a70858e__delay_0.03__dur_0.2.h5
6605b423-b457-459d-ba79-1ed926b56593,0.07,0.15000000000000002,ab4a70858e,0.06992723792791367,43.88059701492537,13.443396226415096,134.9774869247291,21.49,58,19,6,1.8849555921538759,4,6.0,5,0.06,/mnt/ceph-ssd/workspaces/ws/cidbn_wibral_neuro_nonhuman/u19361-workspace/allen/rf/zebra/rawresults/ephys/sub-830794_ses-ecephys-830794-2026-01-26-12-02-05_ecephys/ProbeB/trial_0/phase_0/lib_ab4a70858e/lib_ab4a70858e__delay_0.07__dur_0.15000000000000002.h5
6628d918-2862-4bf0-b96c-6c37c3b7652d,0.01,0.2,ab4a70858e,0.16848886013031006,29.55223880597015,24.198113207547166,157.4840764271708,17.91,50,13,7,2.199114857512855,3,5.0,12,1.3,/mnt/ceph-ssd/workspaces/ws/cidbn_wibral_neuro_nonhuman/u19361-workspace/allen/rf/zebra/rawresults/ephys/sub-830794_ses-ecephys-830794-2026-01-26-12-02-05_ecephys/ProbeB/trial_0/phase_0/lib_ab4a70858e/lib_ab4a70858e__delay_0.01__dur_0.2.h5
669714c1-a383-4cfa-947a-0756c50e270f,0.0,0.2,ab4a70858e,0.08320970088243484,-11.64179104477612,-18.82075471698113,0.0,7.16,27,37,0,0.0,0,2.0,11,1.2,/mnt/ceph-ssd/workspaces/ws/cidbn_wibral_neuro_nonhuman/u19361-workspace/allen/rf/zebra/rawresults/ephys/sub-830794_ses-ecephys-830794-2026-01-26-12-02-05_ecephys/ProbeB/trial_0/phase_0/lib_ab4a70858e/lib_ab4a70858e__delay_0.0__dur_0.2.h5
66decc2c-54c7-49a4-811e-5cf53ebd578e,0.03,0.1,ab4a70858e,0.07804358750581741,-60.0,-13.443396226415096,45.02251307527088,28.65,0,34,2,0.6283185307179586,5,8.0,9,0.1,/mnt/ceph-ssd/workspaces/ws/cidbn_wibral_neuro_nonhuman/u19361-workspace/allen/rf/zebra/rawresults/ephys/sub-830794_ses-ecephys-830794-2026-01-26-12-02-05_ecephys/ProbeB/trial_0/phase_0/lib_ab4a70858e/lib_ab4a70858e__delay_0.03__dur_0.1.h5
67306a98-b371-4457-81e0-63feb4fe1ddd,0.12,0.25,ab4a70858e,0.07330451160669327,-31.34328358208955,4.481132075471699,157.4840764271708,14.32,16,24,7,2.199114857512855,2,4.0,9,0.1,/mnt/ceph-ssd/workspaces/ws/cidbn_wibral_neuro_nonhuman/u19361-workspace/allen/rf/zebra/rawresults/ephys/sub-830794_ses-ecephys-830794-2026-01-26-12-02-05_ecephys/ProbeB/trial_0/phase_0/lib_ab4a70858e/lib_ab4a70858e__delay_0.12__dur_0.25.h5
676620ed-de90-4e0b-80b9-fcfdde6b580b,0.05,0.1,ab4a70858e,0.07659872621297836,15.223880597014926,11.650943396226417,67.51591472682667,7.16,42,20,3,0.9424777960769379,0,2.0,12,1.3,/mnt/ceph-ssd/workspaces/ws/cidbn_wibral_neuro_nonhuman/u19361-workspace/allen/rf/zebra/rawresults/ephys/sub-830794_ses-ecephys-830794-2026-01-26-12-02-05_ecephys/ProbeB/trial_0/phase_0/lib_ab4a70858e/lib_ab4a70858e__delay_0.05__dur_0.1.h5
676869ea-915c-4628-9881-d7258c6e7aa5,0.01,0.05,ab4a70858e,0.0,-60.0,47.5,0.0,7.16,0,0,0,0.0,0,2.0,0,0.01,/mnt/ceph-ssd/workspaces/ws/cidbn_wibral_neuro_nonhuman/u19361-workspace/allen/rf/zebra/rawresults/ephys/sub-830794_ses-ecephys-830794-2026-01-26-12-02-05_ecephys/ProbeB/trial_0/phase_0/lib_ab4a70858e/lib_ab4a70858e__delay_0.01__dur_0.05.h5
679adeb2-9b38-418f-b162-c2735d85de7c,0.0,0.25,ab4a70858e,0.19569335877895355,-24.179104477611936,4.481132075471699,67.51591472682667,17.91,20,24,3,0.9424777960769379,3,5.0,12,1.3,/mnt/ceph-ssd/workspaces/ws/cidbn_wibral_neuro_nonhuman/u19361-workspace/allen/rf/zebra/rawresults/ephys/sub-830794_ses-ecephys-830794-2026-01-26-12-02-05_ecephys/ProbeB/trial_0/phase_0/lib_ab4a70858e/lib_ab4a70858e__delay_0.0__dur_0.25.h5
69bf0219-a63e-4d2e-ae0d-c211b175a3bf,0.01,0.05,ab4a70858e,0.0,-60.0,47.5,0.0,7.16,0,0,0,0.0,0,2.0,0,0.01,/mnt/ceph-ssd/workspaces/ws/cidbn_wibral_neuro_nonhuman/u19361-workspace/allen/rf/zebra/rawresults/ephys/sub-830794_ses-ecephys-830794-2026-01-26-12-02-05_ecephys/ProbeB/trial_0/phase_0/lib_ab4a70858e/lib_ab4a70858e__delay_0.01__dur_0.05.h5
6a609e98-e8af-4e5a-8fde-e2bf16c9c55b,0.06,0.25,ab4a70858e,0.1008167713880539,-18.80597014925373,-17.028301886792452,157.4840764271708,14.32,23,36,7,2.199114857512855,2,4.0,12,1.3,/mnt/ceph-ssd/workspaces/ws/cidbn_wibral_neuro_nonhuman/u19361-workspace/allen/rf/zebra/rawresults/ephys/sub-830794_ses-ecephys-830794-2026-01-26-12-02-05_ecephys/ProbeB/trial_0/phase_0/lib_ab4a70858e/lib_ab4a70858e__delay_0.06__dur_0.25.h5
6ab5e989-912c-4ca2-93be-17c9347ed1b4,0.02,0.25,ab4a70858e,0.07500147074460983,0.8955223880597032,42.12264150943396,45.02251307527088,28.65,34,3,2,0.6283185307179586,5,8.0,9,0.1,/mnt/ceph-ssd/workspaces/ws/cidbn_wibral_neuro_nonhuman/u19361-workspace/allen/rf/zebra/rawresults/ephys/sub-830794_ses-ecephys-830794-2026-01-26-12-02-05_ecephys/ProbeB/trial_0/phase_0/lib_ab4a70858e/lib_ab4a70858e__delay_0.02__dur_0.25.h5
6bcb7932-68de-4722-8c40-7b52c86ffbd0,0.05,0.2,ab4a70858e,0.07875510305166245,-4.477611940298509,25.990566037735846,45.02251307527088,28.65,31,12,2,0.6283185307179586,5,8.0,8,0.09,/mnt/ceph-ssd/workspaces/ws/cidbn_wibral_neuro_nonhuman/u19361-workspace/allen/rf/zebra/rawresults/ephys/sub-830794_ses-ecephys-830794-2026-01-26-12-02-05_ecephys/ProbeB/trial_0/phase_0/lib_ab4a70858e/lib_ab4a70858e__delay_0.05__dur_0.2.h5
6c27531d-6cf2-4d66-b990-3012049759c0,0.06,0.25,ab4a70858e,0.07297520339488983,-4.477611940298509,38.5377358490566,180.0,21.49,31,5,8,2.5132741228718345,4,6.0,9,0.1,/mnt/ceph-ssd/workspaces/ws/cidbn_wibral_neuro_nonhuman/u19361-workspace/allen/rf/zebra/rawresults/ephys/sub-830794_ses-ecephys-830794-2026-01-26-12-02-05_ecephys/ProbeB/trial_0/phase_0/lib_ab4a70858e/lib_ab4a70858e__delay_0.06__dur_0.25.h5
6e365dc8-7949-46e8-bc91-073c1dba9883,0.02,0.15000000000000002,ab4a70858e,0.08552441000938416,27.761194029850756,-6.273584905660378,22.515923572829195,28.65,49,30,1,0.3141592653589793,5,8.0,8,0.09,/mnt/ceph-ssd/workspaces/ws/cidbn_wibral_neuro_nonhuman/u19361-workspace/allen/rf/zebra/rawresults/ephys/sub-830794_ses-ecephys-830794-2026-01-26-12-02-05_ecephys/ProbeB/trial_0/phase_0/lib_ab4a70858e/lib_ab4a70858e__delay_0.02__dur_0.15000000000000002.h5
6e74c2df-12e1-4f7d-82d3-94bae69980fd,0.11,0.2,ab4a70858e,0.07976549863815308,-56.417910447761194,8.066037735849058,180.0,7.16,2,22,8,2.5132741228718345,0,2.0,12,1.3,/mnt/ceph-ssd/workspaces/ws/cidbn_wibral_neuro_nonhuman/u19361-workspace/allen/rf/zebra/rawresults/ephys/sub-830794_ses-ecephys-830794-2026-01-26-12-02-05_ecephys/ProbeB/trial_0/phase_0/lib_ab4a70858e/lib_ab4a70858e__delay_0.11__dur_0.2.h5
6ee0e5fb-551b-4cae-a7d3-9719ad66890c,0.06,0.1,ab4a70858e,0.0679345428943634,-40.298507462686565,-24.19811320754717,22.515923572829163,28.65,11,40,9,2.827433388230814,5,8.0,8,0.09,/mnt/ceph-ssd/workspaces/ws/cidbn_wibral_neuro_nonhuman/u19361-workspace/allen/rf/zebra/rawresults/ephys/sub-830794_ses-ecephys-830794-2026-01-26-12-02-05_ecephys/ProbeB/trial_0/phase_0/lib_ab4a70858e/lib_ab4a70858e__delay_0.06__dur_0.1.h5
6efeec63-50f5-4f24-b6d0-9149c88d5eea,0.02,0.25,ab4a70858e,0.07231820374727249,-60.0,0.8962264150943398,67.51591472682667,14.32,0,26,3,0.9424777960769379,2,4.0,12,1.3,/mnt/ceph-ssd/workspaces/ws/cidbn_wibral_neuro_nonhuman/u19361-workspace/allen/rf/zebra/rawresults/ephys/sub-830794_ses-ecephys-830794-2026-01-26-12-02-05_ecephys/ProbeB/trial_0/phase_0/lib_ab4a70858e/lib_ab4a70858e__delay_0.02__dur_0.25.h5
6f925785-851e-4215-80cd-ecbeba7888d1,0.0,0.05,ab4a70858e,0.0893816128373146,4.477611940298516,40.33018867924528,0.0,7.16,36,4,0,0.0,0,2.0,4,0.05,/mnt/ceph-ssd/workspaces/ws/cidbn_wibral_neuro_nonhuman/u19361-workspace/allen/rf/zebra/rawresults/ephys/sub-830794_ses-ecephys-830794-2026-01-26-12-02-05_ecephys/ProbeB/trial_0/phase_0/lib_ab4a70858e/lib_ab4a70858e__delay_0.0__dur_0.05.h5
6f9b74a2-7541-4c96-bdee-09a370fe0474,0.08,0.25,ab4a70858e,0.10100226104259491,9.85074626865672,-13.443396226415096,22.515923572829195,28.65,39,34,1,0.3141592653589793,5,8.0,9,0.1,/mnt/ceph-ssd/workspaces/ws/cidbn_wibral_neuro_nonhuman/u19361-workspace/allen/rf/zebra/rawresults/ephys/sub-830794_ses-ecephys-830794-2026-01-26-12-02-05_ecephys/ProbeB/trial_0/phase_0/lib_ab4a70858e/lib_ab4a70858e__delay_0.08__dur_0.25.h5
719454ea-5d62-4acd-a93b-194ca330315d,0.01,0.2,ab4a70858e,0.0683944970369339,54.626865671641795,-27.78301886792453,22.515923572829195,28.65,64,42,1,0.3141592653589793,5,8.0,8,0.09,/mnt/ceph-ssd/workspaces/ws/cidbn_wibral_neuro_nonhuman/u19361-workspace/allen/rf/zebra/rawresults/ephys/sub-830794_ses-ecephys-830794-2026-01-26-12-02-05_ecephys/ProbeB/trial_0/phase_0/lib_ab4a70858e/lib_ab4a70858e__delay_0.01__dur_0.2.h5
71b3f5c4-64ec-4319-a154-8c5f19ef8c96,0.01,0.05,ab4a70858e,0.0,-60.0,47.5,0.0,7.16,0,0,0,0.0,0,2.0,0,0.01,/mnt/ceph-ssd/workspaces/ws/cidbn_wibral_neuro_nonhuman/u19361-workspace/allen/rf/zebra/rawresults/ephys/sub-830794_ses-ecephys-830794-2026-01-26-12-02-05_ecephys/ProbeB/trial_0/phase_0/lib_ab4a70858e/lib_ab4a70858e__delay_0.01__dur_0.05.h5
71bf94b5-3e3f-4f99-9196-5e8274108661,0.12,0.25,ab4a70858e,0.11336901783943176,-11.64179104477612,8.066037735849058,45.02251307527088,14.32,27,22,2,0.6283185307179586,2,4.0,11,1.2,/mnt/ceph-ssd/workspaces/ws/cidbn_wibral_neuro_nonhuman/u19361-workspace/allen/rf/zebra/rawresults/ephys/sub-830794_ses-ecephys-830794-2026-01-26-12-02-05_ecephys/ProbeB/trial_0/phase_0/lib_ab4a70858e/lib_ab4a70858e__delay_0.12__dur_0.25.h5
72225190-36df-42d9-a361-de81bac3cd90,0.0,0.25,ab4a70858e,0.07835841178894043,-4.477611940298509,47.5,67.51591472682667,14.32,31,0,3,0.9424777960769379,2,4.0,8,0.09,/mnt/ceph-ssd/workspaces/ws/cidbn_wibral_neuro_nonhuman/u19361-workspace/allen/rf/zebra/rawresults/ephys/sub-830794_ses-ecephys-830794-2026-01-26-12-02-05_ecephys/ProbeB/trial_0/phase_0/lib_ab4a70858e/lib_ab4a70858e__delay_0.0__dur_0.25.h5
72c1d732-f463-45df-bf91-01f1778a2b9b,0.11,0.2,ab4a70858e,0.09968814253807068,34.92537313432837,0.8962264150943398,134.9774869247291,28.65,53,26,6,1.8849555921538759,5,8.0,0,0.01,/mnt/ceph-ssd/workspaces/ws/cidbn_wibral_neuro_nonhuman/u19361-workspace/allen/rf/zebra/rawresults/ephys/sub-830794_ses-ecephys-830794-2026-01-26-12-02-05_ecephys/ProbeB/trial_0/phase_0/lib_ab4a70858e/lib_ab4a70858e__delay_0.11__dur_0.2.h5
730b9609-f0f9-41a8-8fa3-82b046180fca,0.08,0.2,ab4a70858e,0.09233447909355164,-31.34328358208955,22.405660377358487,22.515923572829163,10.74,16,14,9,2.827433388230814,1,3.0,9,0.1,/mnt/ceph-ssd/workspaces/ws/cidbn_wibral_neuro_nonhuman/u19361-workspace/allen/rf/zebra/rawresults/ephys/sub-830794_ses-ecephys-830794-2026-01-26-12-02-05_ecephys/ProbeB/trial_0/phase_0/lib_ab4a70858e/lib_ab4a70858e__delay_0.08__dur_0.2.h5
738c098d-6e19-43d1-9aa8-748cea71aefb,0.01,0.05,ab4a70858e,0.0,-60.0,47.5,0.0,7.16,0,0,0,0.0,0,2.0,0,0.01,/mnt/ceph-ssd/workspaces/ws/cidbn_wibral_neuro_nonhuman/u19361-workspace/allen/rf/zebra/rawresults/ephys/sub-830794_ses-ecephys-830794-2026-01-26-12-02-05_ecephys/ProbeB/trial_0/phase_0/lib_ab4a70858e/lib_ab4a70858e__delay_0.01__dur_0.05.h5
738d2822-3278-42a5-8cef-51fb8aeef498,0.12,0.25,ab4a70858e,0.10306999832391739,-18.80597014925373,-6.273584905660378,0.0,17.91,23,30,0,0.0,3,5.0,11,1.2,/mnt/ceph-ssd/workspaces/ws/cidbn_wibral_neuro_nonhuman/u19361-workspace/allen/rf/zebra/rawresults/ephys/sub-830794_ses-ecephys-830794-2026-01-26-12-02-05_ecephys/ProbeB/trial_0/phase_0/lib_ab4a70858e/lib_ab4a70858e__delay_0.12__dur_0.25.h5
7414d82f-e5dc-44ea-b5b5-6b2a574bcf14,0.11,0.25,ab4a70858e,0.07111315429210663,-15.223880597014926,-0.8962264150943398,0.0,7.16,25,27,0,0.0,0,2.0,11,1.2,/mnt/ceph-ssd/workspaces/ws/cidbn_wibral_neuro_nonhuman/u19361-workspace/allen/rf/zebra/rawresults/ephys/sub-830794_ses-ecephys-830794-2026-01-26-12-02-05_ecephys/ProbeB/trial_0/phase_0/lib_ab4a70858e/lib_ab4a70858e__delay_0.11__dur_0.25.h5
747a702c-f705-4b35-b1e8-52b4364fb92b,0.11,0.25,ab4a70858e,0.13501788675785065,-17.014925373134325,-11.650943396226417,157.4840764271708,21.49,24,33,7,2.199114857512855,4,6.0,12,1.3,/mnt/ceph-ssd/workspaces/ws/cidbn_wibral_neuro_nonhuman/u19361-workspace/allen/rf/zebra/rawresults/ephys/sub-830794_ses-ecephys-830794-2026-01-26-12-02-05_ecephys/ProbeB/trial_0/phase_0/lib_ab4a70858e/lib_ab4a70858e__delay_0.11__dur_0.25.h5
74ceeaeb-6cdd-47db-9e7f-360ac17e3cc6,0.01,0.05,ab4a70858e,0.0,-60.0,47.5,0.0,7.16,0,0,0,0.0,0,2.0,0,0.01,/mnt/ceph-ssd/workspaces/ws/cidbn_wibral_neuro_nonhuman/u19361-workspace/allen/rf/zebra/rawresults/ephys/sub-830794_ses-ecephys-830794-2026-01-26-12-02-05_ecephys/ProbeB/trial_0/phase_0/lib_ab4a70858e/lib_ab4a70858e__delay_0.01__dur_0.05.h5
7544c023-cd4b-4c4b-a741-d77cc2f0d80b,0.08,0.25,ab4a70858e,0.07240676134824753,-15.223880597014926,-20.61320754716981,134.9774869247291,17.91,25,38,6,1.8849555921538759,3,5.0,9,0.1,/mnt/ceph-ssd/workspaces/ws/cidbn_wibral_neuro_nonhuman/u19361-workspace/allen/rf/zebra/rawresults/ephys/sub-830794_ses-ecephys-830794-2026-01-26-12-02-05_ecephys/ProbeB/trial_0/phase_0/lib_ab4a70858e/lib_ab4a70858e__delay_0.08__dur_0.25.h5
76184e7b-7909-4172-9738-ef7f0d59cf0a,0.06,0.25,ab4a70858e,0.07585570961236954,-29.55223880597015,2.6886792452830193,134.9774869247291,10.74,17,25,6,1.8849555921538759,1,3.0,8,0.09,/mnt/ceph-ssd/workspaces/ws/cidbn_wibral_neuro_nonhuman/u19361-workspace/allen/rf/zebra/rawresults/ephys/sub-830794_ses-ecephys-830794-2026-01-26-12-02-05_ecephys/ProbeB/trial_0/phase_0/lib_ab4a70858e/lib_ab4a70858e__delay_0.06__dur_0.25.h5
76d6a63f-90b4-46d8-b287-e2cd1509f1ec,0.01,0.05,ab4a70858e,0.0,-60.0,47.5,0.0,7.16,0,0,0,0.0,0,2.0,0,0.01,/mnt/ceph-ssd/workspaces/ws/cidbn_wibral_neuro_nonhuman/u19361-workspace/allen/rf/zebra/rawresults/ephys/sub-830794_ses-ecephys-830794-2026-01-26-12-02-05_ecephys/ProbeB/trial_0/phase_0/lib_ab4a70858e/lib_ab4a70858e__delay_0.01__dur_0.05.h5
77c2fa59-8fd7-45cb-bb06-9c93072dab88,0.0,0.1,ab4a70858e,0.0955023318529129,-38.507462686567166,0.8962264150943398,0.0,28.65,12,26,0,0.0,5,8.0,11,1.2,/mnt/ceph-ssd/workspaces/ws/cidbn_wibral_neuro_nonhuman/u19361-workspace/allen/rf/zebra/rawresults/ephys/sub-830794_ses-ecephys-830794-2026-01-26-12-02-05_ecephys/ProbeB/trial_0/phase_0/lib_ab4a70858e/lib_ab4a70858e__delay_0.0__dur_0.1.h5
78755283-05e3-401f-a67b-72de50f25de0,0.03,0.15000000000000002,ab4a70858e,0.07778643071651459,-8.059701492537314,4.481132075471699,0.0,14.32,29,24,0,0.0,2,4.0,11,1.2,/mnt/ceph-ssd/workspaces/ws/cidbn_wibral_neuro_nonhuman/u19361-workspace/allen/rf/zebra/rawresults/ephys/sub-830794_ses-ecephys-830794-2026-01-26-12-02-05_ecephys/ProbeB/trial_0/phase_0/lib_ab4a70858e/lib_ab4a70858e__delay_0.03__dur_0.15000000000000002.h5
79151468-ac23-4503-b432-a84c075470c6,0.12,0.25,ab4a70858e,0.08878752589225769,-33.134328358208954,4.481132075471699,157.4840764271708,21.49,15,24,7,2.199114857512855,4,6.0,5,0.06,/mnt/ceph-ssd/workspaces/ws/cidbn_wibral_neuro_nonhuman/u19361-workspace/allen/rf/zebra/rawresults/ephys/sub-830794_ses-ecephys-830794-2026-01-26-12-02-05_ecephys/ProbeB/trial_0/phase_0/lib_ab4a70858e/lib_ab4a70858e__delay_0.12__dur_0.25.h5
791e1433-64f5-4cad-b392-d1cef6811ca3,0.0,0.25,ab4a70858e,0.07853763550519943,-22.388059701492537,-45.70754716981132,22.515923572829163,28.65,21,52,9,2.827433388230814,5,8.0,7,0.08,/mnt/ceph-ssd/workspaces/ws/cidbn_wibral_neuro_nonhuman/u19361-workspace/allen/rf/zebra/rawresults/ephys/sub-830794_ses-ecephys-830794-2026-01-26-12-02-05_ecephys/ProbeB/trial_0/phase_0/lib_ab4a70858e/lib_ab4a70858e__delay_0.0__dur_0.25.h5
79cef623-1af8-4cd7-a421-5e237a3b8fc3,0.0,0.25,ab4a70858e,0.2207716852426529,29.55223880597015,20.613207547169807,157.4840764271708,17.91,50,15,7,2.199114857512855,3,5.0,12,1.3,/mnt/ceph-ssd/workspaces/ws/cidbn_wibral_neuro_nonhuman/u19361-workspace/allen/rf/zebra/rawresults/ephys/sub-830794_ses-ecephys-830794-2026-01-26-12-02-05_ecephys/ProbeB/trial_0/phase_0/lib_ab4a70858e/lib_ab4a70858e__delay_0.0__dur_0.25.h5
7a996b9c-9d04-4b18-a90b-deca93e9a69d,0.0,0.1,ab4a70858e,0.06796182692050934,-22.388059701492537,4.481132075471699,112.48408527317332,7.16,21,24,5,1.5707963267948966,0,2.0,11,1.2,/mnt/ceph-ssd/workspaces/ws/cidbn_wibral_neuro_nonhuman/u19361-workspace/allen/rf/zebra/rawresults/ephys/sub-830794_ses-ecephys-830794-2026-01-26-12-02-05_ecephys/ProbeB/trial_0/phase_0/lib_ab4a70858e/lib_ab4a70858e__delay_0.0__dur_0.1.h5
7b0ee90d-5847-4237-ba6c-27029d6ecdb8,0.12,0.25,ab4a70858e,0.08133385330438614,-9.850746268656714,-4.481132075471699,134.9774869247291,10.74,28,29,6,1.8849555921538759,1,3.0,9,0.1,/mnt/ceph-ssd/workspaces/ws/cidbn_wibral_neuro_nonhuman/u19361-workspace/allen/rf/zebra/rawresults/ephys/sub-830794_ses-ecephys-830794-2026-01-26-12-02-05_ecephys/ProbeB/trial_0/phase_0/lib_ab4a70858e/lib_ab4a70858e__delay_0.12__dur_0.25.h5
7d4db13c-a2d2-42c3-b729-a129db367980,0.02,0.1,ab4a70858e,0.07023461163043976,4.477611940298516,-45.70754716981132,0.0,10.74,36,52,0,0.0,1,3.0,11,1.2,/mnt/ceph-ssd/workspaces/ws/cidbn_wibral_neuro_nonhuman/u19361-workspace/allen/rf/zebra/rawresults/ephys/sub-830794_ses-ecephys-830794-2026-01-26-12-02-05_ecephys/ProbeB/trial_0/phase_0/lib_ab4a70858e/lib_ab4a70858e__delay_0.02__dur_0.1.h5
7d598681-bac3-4c7e-8ef6-684bcdfb7e79,0.12,0.15000000000000002,ab4a70858e,0.0667029619216919,-15.223880597014926,-25.99056603773585,22.515923572829195,10.74,25,41,1,0.3141592653589793,1,3.0,7,0.08,/mnt/ceph-ssd/workspaces/ws/cidbn_wibral_neuro_nonhuman/u19361-workspace/allen/rf/zebra/rawresults/ephys/sub-830794_ses-ecephys-830794-2026-01-26-12-02-05_ecephys/ProbeB/trial_0/phase_0/lib_ab4a70858e/lib_ab4a70858e__delay_0.12__dur_0.15000000000000002.h5
7e28c6c4-06e0-42a0-bff9-5a98abf78605,0.11,0.15000000000000002,ab4a70858e,0.06893375515937805,-6.268656716417908,-4.481132075471699,157.4840764271708,14.32,30,29,7,2.199114857512855,2,4.0,12,1.3,/mnt/ceph-ssd/workspaces/ws/cidbn_wibral_neuro_nonhuman/u19361-workspace/allen/rf/zebra/rawresults/ephys/sub-830794_ses-ecephys-830794-2026-01-26-12-02-05_ecephys/ProbeB/trial_0/phase_0/lib_ab4a70858e/lib_ab4a70858e__delay_0.11__dur_0.15000000000000002.h5
7ed1327a-cb88-4499-9711-394a60aacdf8,0.07,0.15000000000000002,ab4a70858e,0.08755314350128174,27.761194029850756,9.858490566037737,0.0,28.65,49,21,0,0.0,5,8.0,11,1.2,/mnt/ceph-ssd/workspaces/ws/cidbn_wibral_neuro_nonhuman/u19361-workspace/allen/rf/zebra/rawresults/ephys/sub-830794_ses-ecephys-830794-2026-01-26-12-02-05_ecephys/ProbeB/trial_0/phase_0/lib_ab4a70858e/lib_ab4a70858e__delay_0.07__dur_0.15000000000000002.h5
7f16fd42-0f39-4202-a9a4-736dfe56b60a,0.12,0.25,ab4a70858e,0.07989107817411423,-20.59701492537313,-4.481132075471699,112.48408527317332,10.74,22,29,5,1.5707963267948966,1,3.0,9,0.1,/mnt/ceph-ssd/workspaces/ws/cidbn_wibral_neuro_nonhuman/u19361-workspace/allen/rf/zebra/rawresults/ephys/sub-830794_ses-ecephys-830794-2026-01-26-12-02-05_ecephys/ProbeB/trial_0/phase_0/lib_ab4a70858e/lib_ab4a70858e__delay_0.12__dur_0.25.h5
7f8dd556-1d68-4da3-8ad2-b0ebdd3668b6,0.12,0.25,ab4a70858e,0.09817275404930115,25.97014925373135,9.858490566037737,157.4840764271708,14.32,48,21,7,2.199114857512855,2,4.0,12,1.3,/mnt/ceph-ssd/workspaces/ws/cidbn_wibral_neuro_nonhuman/u19361-workspace/allen/rf/zebra/rawresults/ephys/sub-830794_ses-ecephys-830794-2026-01-26-12-02-05_ecephys/ProbeB/trial_0/phase_0/lib_ab4a70858e/lib_ab4a70858e__delay_0.12__dur_0.25.h5
7fbc073d-e2fc-4894-84cd-740fb0a96020,0.01,0.25,ab4a70858e,0.07880519330501556,-31.34328358208955,4.481132075471699,134.9774869247291,10.74,16,24,6,1.8849555921538759,1,3.0,9,0.1,/mnt/ceph-ssd/workspaces/ws/cidbn_wibral_neuro_nonhuman/u19361-workspace/allen/rf/zebra/rawresults/ephys/sub-830794_ses-ecephys-830794-2026-01-26-12-02-05_ecephys/ProbeB/trial_0/phase_0/lib_ab4a70858e/lib_ab4a70858e__delay_0.01__dur_0.25.h5
804e9c1f-8dca-47b0-96ce-9a78a2927bc9,0.1,0.25,ab4a70858e,0.09838419407606125,-42.089552238805965,2.6886792452830193,157.4840764271708,17.91,10,25,7,2.199114857512855,3,5.0,12,1.3,/mnt/ceph-ssd/workspaces/ws/cidbn_wibral_neuro_nonhuman/u19361-workspace/allen/rf/zebra/rawresults/ephys/sub-830794_ses-ecephys-830794-2026-01-26-12-02-05_ecephys/ProbeB/trial_0/phase_0/lib_ab4a70858e/lib_ab4a70858e__delay_0.1__dur_0.25.h5
807ebdef-2394-479b-8ccd-72e014970bd4,0.11,0.1,ab4a70858e,0.07505518943071365,42.08955223880598,-24.19811320754717,0.0,10.74,57,40,0,0.0,1,3.0,11,1.2,/mnt/ceph-ssd/workspaces/ws/cidbn_wibral_neuro_nonhuman/u19361-workspace/allen/rf/zebra/rawresults/ephys/sub-830794_ses-ecephys-830794-2026-01-26-12-02-05_ecephys/ProbeB/trial_0/phase_0/lib_ab4a70858e/lib_ab4a70858e__delay_0.11__dur_0.1.h5
819d6c29-e3f4-4238-b841-08565f9f2000,0.06,0.25,ab4a70858e,0.08304896205663681,-24.179104477611936,-6.273584905660378,90.0,21.49,20,30,4,1.2566370614359172,4,6.0,4,0.05,/mnt/ceph-ssd/workspaces/ws/cidbn_wibral_neuro_nonhuman/u19361-workspace/allen/rf/zebra/rawresults/ephys/sub-830794_ses-ecephys-830794-2026-01-26-12-02-05_ecephys/ProbeB/trial_0/phase_0/lib_ab4a70858e/lib_ab4a70858e__delay_0.06__dur_0.25.h5
8244111d-bae6-485d-97fb-08f9d5bd991b,0.12,0.25,ab4a70858e,0.07369235157966614,-17.014925373134325,25.990566037735846,157.4840764271708,7.16,24,12,7,2.199114857512855,0,2.0,9,0.1,/mnt/ceph-ssd/workspaces/ws/cidbn_wibral_neuro_nonhuman/u19361-workspace/allen/rf/zebra/rawresults/ephys/sub-830794_ses-ecephys-830794-2026-01-26-12-02-05_ecephys/ProbeB/trial_0/phase_0/lib_ab4a70858e/lib_ab4a70858e__delay_0.12__dur_0.25.h5
827d991e-57b0-48b0-89a0-2d4c7921b294,0.02,0.25,ab4a70858e,0.0726948156952858,0.8955223880597032,-42.12264150943396,90.0,21.49,34,50,4,1.2566370614359172,4,6.0,8,0.09,/mnt/ceph-ssd/workspaces/ws/cidbn_wibral_neuro_nonhuman/u19361-workspace/allen/rf/zebra/rawresults/ephys/sub-830794_ses-ecephys-830794-2026-01-26-12-02-05_ecephys/ProbeB/trial_0/phase_0/lib_ab4a70858e/lib_ab4a70858e__delay_0.02__dur_0.25.h5
82f22950-e64f-4450-89f8-0d11e491894f,0.03,0.15000000000000002,ab4a70858e,0.07930386811494827,-34.92537313432835,-2.6886792452830193,112.48408527317332,10.74,14,28,5,1.5707963267948966,1,3.0,11,1.2,/mnt/ceph-ssd/workspaces/ws/cidbn_wibral_neuro_nonhuman/u19361-workspace/allen/rf/zebra/rawresults/ephys/sub-830794_ses-ecephys-830794-2026-01-26-12-02-05_ecephys/ProbeB/trial_0/phase_0/lib_ab4a70858e/lib_ab4a70858e__delay_0.03__dur_0.15000000000000002.h5
82fc11c0-f8c2-4b6c-8b6c-4ad1f5edc766,0.12,0.25,ab4a70858e,0.07224392890930176,-17.014925373134325,27.783018867924525,22.515923572829195,7.16,24,11,1,0.3141592653589793,0,2.0,9,0.1,/mnt/ceph-ssd/workspaces/ws/cidbn_wibral_neuro_nonhuman/u19361-workspace/allen/rf/zebra/rawresults/ephys/sub-830794_ses-ecephys-830794-2026-01-26-12-02-05_ecephys/ProbeB/trial_0/phase_0/lib_ab4a70858e/lib_ab4a70858e__delay_0.12__dur_0.25.h5
830c5b95-9b52-4fff-8bd1-8a3a8fd4570b,0.0,0.1,ab4a70858e,0.06890735775232315,-20.59701492537313,29.575471698113205,180.0,21.49,22,10,8,2.5132741228718345,4,6.0,9,0.1,/mnt/ceph-ssd/workspaces/ws/cidbn_wibral_neuro_nonhuman/u19361-workspace/allen/rf/zebra/rawresults/ephys/sub-830794_ses-ecephys-830794-2026-01-26-12-02-05_ecephys/ProbeB/trial_0/phase_0/lib_ab4a70858e/lib_ab4a70858e__delay_0.0__dur_0.1.h5
832c946f-fb04-4bc4-979c-8e0d04f3e49e,0.0,0.15000000000000002,ab4a70858e,0.08444926142692566,36.71641791044776,-8.066037735849058,22.515923572829163,28.65,54,31,9,2.827433388230814,5,8.0,1,0.02,/mnt/ceph-ssd/workspaces/ws/cidbn_wibral_neuro_nonhuman/u19361-workspace/allen/rf/zebra/rawresults/ephys/sub-830794_ses-ecephys-830794-2026-01-26-12-02-05_ecephys/ProbeB/trial_0/phase_0/lib_ab4a70858e/lib_ab4a70858e__delay_0.0__dur_0.15000000000000002.h5
837195a1-8baf-45ee-9205-c2ad0c8aff4f,0.03,0.15000000000000002,ab4a70858e,0.0763591080904007,-15.223880597014926,40.33018867924528,22.515923572829195,21.49,25,4,1,0.3141592653589793,4,6.0,9,0.1,/mnt/ceph-ssd/workspaces/ws/cidbn_wibral_neuro_nonhuman/u19361-workspace/allen/rf/zebra/rawresults/ephys/sub-830794_ses-ecephys-830794-2026-01-26-12-02-05_ecephys/ProbeB/trial_0/phase_0/lib_ab4a70858e/lib_ab4a70858e__delay_0.03__dur_0.15000000000000002.h5
83f66814-315a-4f7f-ab7d-6ea04abdfa50,0.0,0.1,ab4a70858e,0.07770660519599915,-60.0,-6.273584905660378,112.48408527317332,28.65,0,30,5,1.5707963267948966,5,8.0,4,0.05,/mnt/ceph-ssd/workspaces/ws/cidbn_wibral_neuro_nonhuman/u19361-workspace/allen/rf/zebra/rawresults/ephys/sub-830794_ses-ecephys-830794-2026-01-26-12-02-05_ecephys/ProbeB/trial_0/phase_0/lib_ab4a70858e/lib_ab4a70858e__delay_0.0__dur_0.1.h5
84d7f692-3cb2-44be-9774-c2f0344f1f16,0.12,0.15000000000000002,ab4a70858e,0.08644609898328781,4.477611940298516,-33.160377358490564,0.0,7.16,36,45,0,0.0,0,2.0,11,1.2,/mnt/ceph-ssd/workspaces/ws/cidbn_wibral_neuro_nonhuman/u19361-workspace/allen/rf/zebra/rawresults/ephys/sub-830794_ses-ecephys-830794-2026-01-26-12-02-05_ecephys/ProbeB/trial_0/phase_0/lib_ab4a70858e/lib_ab4a70858e__delay_0.12__dur_0.15000000000000002.h5
857338ff-6f44-4796-9e38-39b637805c6c,0.0,0.2,ab4a70858e,0.08252371847629547,-2.6865671641791025,-4.481132075471699,112.48408527317332,21.49,32,29,5,1.5707963267948966,4,6.0,8,0.09,/mnt/ceph-ssd/workspaces/ws/cidbn_wibral_neuro_nonhuman/u19361-workspace/allen/rf/zebra/rawresults/ephys/sub-830794_ses-ecephys-830794-2026-01-26-12-02-05_ecephys/ProbeB/trial_0/phase_0/lib_ab4a70858e/lib_ab4a70858e__delay_0.0__dur_0.2.h5
85d9c262-bed6-48d2-b212-50c2b02ee7e5,0.0,0.2,ab4a70858e,0.06486555933952332,52.83582089552239,43.91509433962264,157.4840764271708,7.16,63,2,7,2.199114857512855,0,2.0,12,1.3,/mnt/ceph-ssd/workspaces/ws/cidbn_wibral_neuro_nonhuman/u19361-workspace/allen/rf/zebra/rawresults/ephys/sub-830794_ses-ecephys-830794-2026-01-26-12-02-05_ecephys/ProbeB/trial_0/phase_0/lib_ab4a70858e/lib_ab4a70858e__delay_0.0__dur_0.2.h5
8616e328-6a01-4b9b-b520-de2c4e31af0b,0.02,0.1,ab4a70858e,0.06708826124668121,8.059701492537314,-15.235849056603776,67.51591472682667,21.49,38,35,3,0.9424777960769379,4,6.0,8,0.09,/mnt/ceph-ssd/workspaces/ws/cidbn_wibral_neuro_nonhuman/u19361-workspace/allen/rf/zebra/rawresults/ephys/sub-830794_ses-ecephys-830794-2026-01-26-12-02-05_ecephys/ProbeB/trial_0/phase_0/lib_ab4a70858e/lib_ab4a70858e__delay_0.02__dur_0.1.h5
86d83223-63ba-4552-bf99-08c9a5f233ad,0.05,0.15000000000000002,ab4a70858e,0.07557215541601181,-0.8955223880596961,11.650943396226417,180.0,17.91,33,20,8,2.5132741228718345,3,5.0,9,0.1,/mnt/ceph-ssd/workspaces/ws/cidbn_wibral_neuro_nonhuman/u19361-workspace/allen/rf/zebra/rawresults/ephys/sub-830794_ses-ecephys-830794-2026-01-26-12-02-05_ecephys/ProbeB/trial_0/phase_0/lib_ab4a70858e/lib_ab4a70858e__delay_0.05__dur_0.15000000000000002.h5
86de2c0d-0fa0-49ff-b77e-61a46aed61e5,0.06,0.25,ab4a70858e,0.08627453446388245,-24.179104477611936,-9.858490566037737,0.0,28.65,20,32,0,0.0,5,8.0,8,0.09,/mnt/ceph-ssd/workspaces/ws/cidbn_wibral_neuro_nonhuman/u19361-workspace/allen/rf/zebra/rawresults/ephys/sub-830794_ses-ecephys-830794-2026-01-26-12-02-05_ecephys/ProbeB/trial_0/phase_0/lib_ab4a70858e/lib_ab4a70858e__delay_0.06__dur_0.25.h5
88449d33-ff74-4fba-a85b-043cc4bb0eec,0.02,0.25,ab4a70858e,0.12382815778255463,-25.970149253731343,0.8962264150943398,67.51591472682667,17.91,19,26,3,0.9424777960769379,3,5.0,12,1.3,/mnt/ceph-ssd/workspaces/ws/cidbn_wibral_neuro_nonhuman/u19361-workspace/allen/rf/zebra/rawresults/ephys/sub-830794_ses-ecephys-830794-2026-01-26-12-02-05_ecephys/ProbeB/trial_0/phase_0/lib_ab4a70858e/lib_ab4a70858e__delay_0.02__dur_0.25.h5
8863e55d-5c2c-4f2e-96bf-57974dadf3f6,0.0,0.25,ab4a70858e,0.0742836445569992,-20.59701492537313,4.481132075471699,45.02251307527088,10.74,22,24,2,0.6283185307179586,1,3.0,12,1.3,/mnt/ceph-ssd/workspaces/ws/cidbn_wibral_neuro_nonhuman/u19361-workspace/allen/rf/zebra/rawresults/ephys/sub-830794_ses-ecephys-830794-2026-01-26-12-02-05_ecephys/ProbeB/trial_0/phase_0/lib_ab4a70858e/lib_ab4a70858e__delay_0.0__dur_0.25.h5
88b1c0b9-f492-48d9-b80e-42501cb7cae2,0.07,0.2,ab4a70858e,0.07743721455335617,27.761194029850756,11.650943396226417,112.48408527317332,28.65,49,20,5,1.5707963267948966,5,8.0,5,0.06,/mnt/ceph-ssd/workspaces/ws/cidbn_wibral_neuro_nonhuman/u19361-workspace/allen/rf/zebra/rawresults/ephys/sub-830794_ses-ecephys-830794-2026-01-26-12-02-05_ecephys/ProbeB/trial_0/phase_0/lib_ab4a70858e/lib_ab4a70858e__delay_0.07__dur_0.2.h5
890041f8-c48c-45bf-b18f-32bd74b1dd3a,0.02,0.05,ab4a70858e,0.07639121264219284,-2.6865671641791025,-36.74528301886792,45.02251307527088,10.74,32,47,2,0.6283185307179586,1,3.0,11,1.2,/mnt/ceph-ssd/workspaces/ws/cidbn_wibral_neuro_nonhuman/u19361-workspace/allen/rf/zebra/rawresults/ephys/sub-830794_ses-ecephys-830794-2026-01-26-12-02-05_ecephys/ProbeB/trial_0/phase_0/lib_ab4a70858e/lib_ab4a70858e__delay_0.02__dur_0.05.h5
89ce3b1a-d1e1-4600-84f0-7668512d5d06,0.09,0.2,ab4a70858e,0.18823552131652832,-0.8955223880596961,4.481132075471699,0.0,7.16,33,24,0,0.0,0,2.0,9,0.1,/mnt/ceph-ssd/workspaces/ws/cidbn_wibral_neuro_nonhuman/u19361-workspace/allen/rf/zebra/rawresults/ephys/sub-830794_ses-ecephys-830794-2026-01-26-12-02-05_ecephys/ProbeB/trial_0/phase_0/lib_ab4a70858e/lib_ab4a70858e__delay_0.09__dur_0.2.h5
8a5a74db-c675-4f62-879a-d037c2786d10,0.08,0.25,ab4a70858e,0.10285743325948715,-4.477611940298509,-42.12264150943396,180.0,14.32,31,50,8,2.5132741228718345,2,4.0,12,1.3,/mnt/ceph-ssd/workspaces/ws/cidbn_wibral_neuro_nonhuman/u19361-workspace/allen/rf/zebra/rawresults/ephys/sub-830794_ses-ecephys-830794-2026-01-26-12-02-05_ecephys/ProbeB/trial_0/phase_0/lib_ab4a70858e/lib_ab4a70858e__delay_0.08__dur_0.25.h5
8b7a2fa5-aace-4e8e-9f7e-da151784993e,0.0,0.15000000000000002,ab4a70858e,0.11833642423152924,-17.014925373134325,-24.19811320754717,157.4840764271708,10.74,24,40,7,2.199114857512855,1,3.0,12,1.3,/mnt/ceph-ssd/workspaces/ws/cidbn_wibral_neuro_nonhuman/u19361-workspace/allen/rf/zebra/rawresults/ephys/sub-830794_ses-ecephys-830794-2026-01-26-12-02-05_ecephys/ProbeB/trial_0/phase_0/lib_ab4a70858e/lib_ab4a70858e__delay_0.0__dur_0.15000000000000002.h5
8c637ba7-4ad6-491e-9ec5-4e3bfa8a9105,0.02,0.1,ab4a70858e,0.09413541853427887,17.014925373134332,-29.57547169811321,22.515923572829195,14.32,43,43,1,0.3141592653589793,2,4.0,12,1.3,/mnt/ceph-ssd/workspaces/ws/cidbn_wibral_neuro_nonhuman/u19361-workspace/allen/rf/zebra/rawresults/ephys/sub-830794_ses-ecephys-830794-2026-01-26-12-02-05_ecephys/ProbeB/trial_0/phase_0/lib_ab4a70858e/lib_ab4a70858e__delay_0.02__dur_0.1.h5
8ca9e5fd-7e23-4624-bdf1-def35318992c,0.01,0.05,ab4a70858e,0.0,-60.0,47.5,0.0,7.16,0,0,0,0.0,0,2.0,0,0.01,/mnt/ceph-ssd/workspaces/ws/cidbn_wibral_neuro_nonhuman/u19361-workspace/allen/rf/zebra/rawresults/ephys/sub-830794_ses-ecephys-830794-2026-01-26-12-02-05_ecephys/ProbeB/trial_0/phase_0/lib_ab4a70858e/lib_ab4a70858e__delay_0.01__dur_0.05.h5
8cd2ec48-8abd-4d6e-9821-3e26e20ae427,0.09,0.25,ab4a70858e,0.07087281346321106,-25.970149253731343,18.820754716981128,0.0,17.91,19,16,0,0.0,3,5.0,11,1.2,/mnt/ceph-ssd/workspaces/ws/cidbn_wibral_neuro_nonhuman/u19361-workspace/allen/rf/zebra/rawresults/ephys/sub-830794_ses-ecephys-830794-2026-01-26-12-02-05_ecephys/ProbeB/trial_0/phase_0/lib_ab4a70858e/lib_ab4a70858e__delay_0.09__dur_0.25.h5
8cd8d118-11f4-4099-826f-f55b89bd12ad,0.0,0.25,ab4a70858e,0.07551567256450653,-29.55223880597015,25.990566037735846,22.515923572829163,17.91,17,12,9,2.827433388230814,3,5.0,9,0.1,/mnt/ceph-ssd/workspaces/ws/cidbn_wibral_neuro_nonhuman/u19361-workspace/allen/rf/zebra/rawresults/ephys/sub-830794_ses-ecephys-830794-2026-01-26-12-02-05_ecephys/ProbeB/trial_0/phase_0/lib_ab4a70858e/lib_ab4a70858e__delay_0.0__dur_0.25.h5
8d244512-f0d7-4223-97b0-ce6c68fcd236,0.06,0.25,ab4a70858e,0.0855037271976471,-31.34328358208955,4.481132075471699,180.0,28.65,16,24,8,2.5132741228718345,5,8.0,5,0.06,/mnt/ceph-ssd/workspaces/ws/cidbn_wibral_neuro_nonhuman/u19361-workspace/allen/rf/zebra/rawresults/ephys/sub-830794_ses-ecephys-830794-2026-01-26-12-02-05_ecephys/ProbeB/trial_0/phase_0/lib_ab4a70858e/lib_ab4a70858e__delay_0.06__dur_0.25.h5
8dfa4143-4210-414e-aa16-65a48df89c35,0.01,0.25,ab4a70858e,0.07898195087909698,-31.34328358208955,15.235849056603776,112.48408527317332,10.74,16,18,5,1.5707963267948966,1,3.0,11,1.2,/mnt/ceph-ssd/workspaces/ws/cidbn_wibral_neuro_nonhuman/u19361-workspace/allen/rf/zebra/rawresults/ephys/sub-830794_ses-ecephys-830794-2026-01-26-12-02-05_ecephys/ProbeB/trial_0/phase_0/lib_ab4a70858e/lib_ab4a70858e__delay_0.01__dur_0.25.h5
8e5d36c5-1520-4000-9407-870446fc05c9,0.01,0.25,ab4a70858e,0.07784949243068695,-2.6865671641791025,18.820754716981128,90.0,17.91,32,16,4,1.2566370614359172,3,5.0,9,0.1,/mnt/ceph-ssd/workspaces/ws/cidbn_wibral_neuro_nonhuman/u19361-workspace/allen/rf/zebra/rawresults/ephys/sub-830794_ses-ecephys-830794-2026-01-26-12-02-05_ecephys/ProbeB/trial_0/phase_0/lib_ab4a70858e/lib_ab4a70858e__delay_0.01__dur_0.25.h5
8eb7feec-8583-44c6-b7de-b9f81b07208f,0.04,0.15000000000000002,ab4a70858e,0.07922644168138504,9.85074626865672,-17.028301886792452,90.0,21.49,39,36,4,1.2566370614359172,4,6.0,8,0.09,/mnt/ceph-ssd/workspaces/ws/cidbn_wibral_neuro_nonhuman/u19361-workspace/allen/rf/zebra/rawresults/ephys/sub-830794_ses-ecephys-830794-2026-01-26-12-02-05_ecephys/ProbeB/trial_0/phase_0/lib_ab4a70858e/lib_ab4a70858e__delay_0.04__dur_0.15000000000000002.h5
8eca54f0-5ae1-413a-b7c1-22fd0aec12d9,0.02,0.25,ab4a70858e,0.07948070764541626,-17.014925373134325,11.650943396226417,180.0,28.65,24,20,8,2.5132741228718345,5,8.0,9,0.1,/mnt/ceph-ssd/workspaces/ws/cidbn_wibral_neuro_nonhuman/u19361-workspace/allen/rf/zebra/rawresults/ephys/sub-830794_ses-ecephys-830794-2026-01-26-12-02-05_ecephys/ProbeB/trial_0/phase_0/lib_ab4a70858e/lib_ab4a70858e__delay_0.02__dur_0.25.h5
8f76f5de-aafb-48ac-9ba9-0b7139f9a69c,0.12,0.2,ab4a70858e,0.07416737824678421,-38.507462686567166,34.95283018867924,0.0,28.65,12,7,0,0.0,5,8.0,3,0.04,/mnt/ceph-ssd/workspaces/ws/cidbn_wibral_neuro_nonhuman/u19361-workspace/allen/rf/zebra/rawresults/ephys/sub-830794_ses-ecephys-830794-2026-01-26-12-02-05_ecephys/ProbeB/trial_0/phase_0/lib_ab4a70858e/lib_ab4a70858e__delay_0.12__dur_0.2.h5
8f9db6c4-6958-4ba1-bfec-5b9b2b501b4f,0.05,0.25,ab4a70858e,0.0756269171833992,-40.298507462686565,45.70754716981132,67.51591472682667,10.74,11,1,3,0.9424777960769379,1,3.0,10,1.1,/mnt/ceph-ssd/workspaces/ws/cidbn_wibral_neuro_nonhuman/u19361-workspace/allen/rf/zebra/rawresults/ephys/sub-830794_ses-ecephys-830794-2026-01-26-12-02-05_ecephys/ProbeB/trial_0/phase_0/lib_ab4a70858e/lib_ab4a70858e__delay_0.05__dur_0.25.h5
9019c464-4d5e-4735-9d10-6d04891d5c65,0.01,0.05,ab4a70858e,0.0,-60.0,47.5,0.0,7.16,0,0,0,0.0,0,2.0,0,0.01,/mnt/ceph-ssd/workspaces/ws/cidbn_wibral_neuro_nonhuman/u19361-workspace/allen/rf/zebra/rawresults/ephys/sub-830794_ses-ecephys-830794-2026-01-26-12-02-05_ecephys/ProbeB/trial_0/phase_0/lib_ab4a70858e/lib_ab4a70858e__delay_0.01__dur_0.05.h5
905499de-c3cb-4b05-ae4c-2a9dee3e2935,0.11,0.15000000000000002,ab4a70858e,0.06905607134103775,-31.34328358208955,-0.8962264150943398,22.515923572829195,7.16,16,27,1,0.3141592653589793,0,2.0,9,0.1,/mnt/ceph-ssd/workspaces/ws/cidbn_wibral_neuro_nonhuman/u19361-workspace/allen/rf/zebra/rawresults/ephys/sub-830794_ses-ecephys-830794-2026-01-26-12-02-05_ecephys/ProbeB/trial_0/phase_0/lib_ab4a70858e/lib_ab4a70858e__delay_0.11__dur_0.15000000000000002.h5
90ad130c-2c5e-41c3-815a-5de3791fea3c,0.11,0.15000000000000002,ab4a70858e,0.07141809165477753,-31.34328358208955,-34.95283018867924,22.515923572829195,28.65,16,46,1,0.3141592653589793,5,8.0,2,0.03,/mnt/ceph-ssd/workspaces/ws/cidbn_wibral_neuro_nonhuman/u19361-workspace/allen/rf/zebra/rawresults/ephys/sub-830794_ses-ecephys-830794-2026-01-26-12-02-05_ecephys/ProbeB/trial_0/phase_0/lib_ab4a70858e/lib_ab4a70858e__delay_0.11__dur_0.15000000000000002.h5
90c70697-c5e2-466e-b73d-f8d211f37787,0.09,0.2,ab4a70858e,0.0799979493021965,-15.223880597014926,-2.6886792452830193,67.51591472682667,14.32,25,28,3,0.9424777960769379,2,4.0,12,1.3,/mnt/ceph-ssd/workspaces/ws/cidbn_wibral_neuro_nonhuman/u19361-workspace/allen/rf/zebra/rawresults/ephys/sub-830794_ses-ecephys-830794-2026-01-26-12-02-05_ecephys/ProbeB/trial_0/phase_0/lib_ab4a70858e/lib_ab4a70858e__delay_0.09__dur_0.2.h5
913fc577-35b2-498c-8db9-ceb99175a2bd,0.01,0.05,ab4a70858e,0.0,-60.0,47.5,0.0,7.16,0,0,0,0.0,0,2.0,0,0.01,/mnt/ceph-ssd/workspaces/ws/cidbn_wibral_neuro_nonhuman/u19361-workspace/allen/rf/zebra/rawresults/ephys/sub-830794_ses-ecephys-830794-2026-01-26-12-02-05_ecephys/ProbeB/trial_0/phase_0/lib_ab4a70858e/lib_ab4a70858e__delay_0.01__dur_0.05.h5
91717942-7abe-4039-8dc7-79768069479e,0.12,0.15000000000000002,ab4a70858e,0.09123223274946213,-8.059701492537314,25.990566037735846,0.0,21.49,29,12,0,0.0,4,6.0,4,0.05,/mnt/ceph-ssd/workspaces/ws/cidbn_wibral_neuro_nonhuman/u19361-workspace/allen/rf/zebra/rawresults/ephys/sub-830794_ses-ecephys-830794-2026-01-26-12-02-05_ecephys/ProbeB/trial_0/phase_0/lib_ab4a70858e/lib_ab4a70858e__delay_0.12__dur_0.15000000000000002.h5
9189e15f-0e8a-47e0-a778-01d55064c9bb,0.12,0.25,ab4a70858e,0.0923338532447815,-15.223880597014926,-6.273584905660378,67.51591472682667,14.32,25,30,3,0.9424777960769379,2,4.0,12,1.3,/mnt/ceph-ssd/workspaces/ws/cidbn_wibral_neuro_nonhuman/u19361-workspace/allen/rf/zebra/rawresults/ephys/sub-830794_ses-ecephys-830794-2026-01-26-12-02-05_ecephys/ProbeB/trial_0/phase_0/lib_ab4a70858e/lib_ab4a70858e__delay_0.12__dur_0.25.h5
92241c28-4bf4-43c4-869e-0c4ed235e049,0.0,0.2,ab4a70858e,0.0771101713180542,-6.268656716417908,-45.70754716981132,112.48408527317332,14.32,30,52,5,1.5707963267948966,2,4.0,9,0.1,/mnt/ceph-ssd/workspaces/ws/cidbn_wibral_neuro_nonhuman/u19361-workspace/allen/rf/zebra/rawresults/ephys/sub-830794_ses-ecephys-830794-2026-01-26-12-02-05_ecephys/ProbeB/trial_0/phase_0/lib_ab4a70858e/lib_ab4a70858e__delay_0.0__dur_0.2.h5
92472e80-d028-46a2-8882-a623dc3fb442,0.11,0.2,ab4a70858e,0.09070031344890594,-17.014925373134325,-25.99056603773585,180.0,28.65,24,41,8,2.5132741228718345,5,8.0,1,0.02,/mnt/ceph-ssd/workspaces/ws/cidbn_wibral_neuro_nonhuman/u19361-workspace/allen/rf/zebra/rawresults/ephys/sub-830794_ses-ecephys-830794-2026-01-26-12-02-05_ecephys/ProbeB/trial_0/phase_0/lib_ab4a70858e/lib_ab4a70858e__delay_0.11__dur_0.2.h5
92c5d1b4-7db4-4ca5-b8f5-7562ce850a5a,0.07,0.1,ab4a70858e,0.08317433297634125,38.507462686567166,-42.12264150943396,134.9774869247291,28.65,55,50,6,1.8849555921538759,5,8.0,9,0.1,/mnt/ceph-ssd/workspaces/ws/cidbn_wibral_neuro_nonhuman/u19361-workspace/allen/rf/zebra/rawresults/ephys/sub-830794_ses-ecephys-830794-2026-01-26-12-02-05_ecephys/ProbeB/trial_0/phase_0/lib_ab4a70858e/lib_ab4a70858e__delay_0.07__dur_0.1.h5
92f2465f-5448-4c46-bee2-316a52647e75,0.01,0.05,ab4a70858e,0.0,-60.0,47.5,0.0,7.16,0,0,0,0.0,0,2.0,0,0.01,/mnt/ceph-ssd/workspaces/ws/cidbn_wibral_neuro_nonhuman/u19361-workspace/allen/rf/zebra/rawresults/ephys/sub-830794_ses-ecephys-830794-2026-01-26-12-02-05_ecephys/ProbeB/trial_0/phase_0/lib_ab4a70858e/lib_ab4a70858e__delay_0.01__dur_0.05.h5
9359c4a3-8002-46d2-99be-19d0bcf71e07,0.0,0.2,ab4a70858e,0.07844456285238266,-34.92537313432835,24.198113207547166,134.9774869247291,28.65,14,13,6,1.8849555921538759,5,8.0,8,0.09,/mnt/ceph-ssd/workspaces/ws/cidbn_wibral_neuro_nonhuman/u19361-workspace/allen/rf/zebra/rawresults/ephys/sub-830794_ses-ecephys-830794-2026-01-26-12-02-05_ecephys/ProbeB/trial_0/phase_0/lib_ab4a70858e/lib_ab4a70858e__delay_0.0__dur_0.2.h5
93a849c6-850d-4ba0-9914-5d5a7801b02a,0.12,0.25,ab4a70858e,0.07814601808786392,11.641791044776127,-20.61320754716981,45.02251307527088,28.65,40,38,2,0.6283185307179586,5,8.0,9,0.1,/mnt/ceph-ssd/workspaces/ws/cidbn_wibral_neuro_nonhuman/u19361-workspace/allen/rf/zebra/rawresults/ephys/sub-830794_ses-ecephys-830794-2026-01-26-12-02-05_ecephys/ProbeB/trial_0/phase_0/lib_ab4a70858e/lib_ab4a70858e__delay_0.12__dur_0.25.h5
93fb0d71-a8cc-4d12-8a76-c8045f5c8246,0.02,0.2,ab4a70858e,0.10639059543609619,-13.43283582089552,-0.8962264150943398,112.48408527317332,14.32,26,27,5,1.5707963267948966,2,4.0,11,1.2,/mnt/ceph-ssd/workspaces/ws/cidbn_wibral_neuro_nonhuman/u19361-workspace/allen/rf/zebra/rawresults/ephys/sub-830794_ses-ecephys-830794-2026-01-26-12-02-05_ecephys/ProbeB/trial_0/phase_0/lib_ab4a70858e/lib_ab4a70858e__delay_0.02__dur_0.2.h5
9469e163-506d-4adb-b295-9e31264a8237,0.05,0.25,ab4a70858e,0.07756244391202927,9.85074626865672,-4.481132075471699,180.0,14.32,39,29,8,2.5132741228718345,2,4.0,9,0.1,/mnt/ceph-ssd/workspaces/ws/cidbn_wibral_neuro_nonhuman/u19361-workspace/allen/rf/zebra/rawresults/ephys/sub-830794_ses-ecephys-830794-2026-01-26-12-02-05_ecephys/ProbeB/trial_0/phase_0/lib_ab4a70858e/lib_ab4a70858e__delay_0.05__dur_0.25.h5
94784043-7695-4ca1-9ced-70f5aaf53369,0.0,0.25,ab4a70858e,0.07254718989133835,-45.67164179104478,43.91509433962264,112.48408527317332,28.65,8,2,5,1.5707963267948966,5,8.0,3,0.04,/mnt/ceph-ssd/workspaces/ws/cidbn_wibral_neuro_nonhuman/u19361-workspace/allen/rf/zebra/rawresults/ephys/sub-830794_ses-ecephys-830794-2026-01-26-12-02-05_ecephys/ProbeB/trial_0/phase_0/lib_ab4a70858e/lib_ab4a70858e__delay_0.0__dur_0.25.h5
947d4596-20ef-4b2e-88e0-82d728a7c43c,0.01,0.05,ab4a70858e,0.0,-60.0,47.5,0.0,7.16,0,0,0,0.0,0,2.0,0,0.01,/mnt/ceph-ssd/workspaces/ws/cidbn_wibral_neuro_nonhuman/u19361-workspace/allen/rf/zebra/rawresults/ephys/sub-830794_ses-ecephys-830794-2026-01-26-12-02-05_ecephys/ProbeB/trial_0/phase_0/lib_ab4a70858e/lib_ab4a70858e__delay_0.01__dur_0.05.h5
94b1544f-9dcf-4304-95d5-d0c729905a4f,0.04,0.2,ab4a70858e,0.07515624910593033,-33.134328358208954,-25.99056603773585,22.515923572829195,14.32,15,41,1,0.3141592653589793,2,4.0,9,0.1,/mnt/ceph-ssd/workspaces/ws/cidbn_wibral_neuro_nonhuman/u19361-workspace/allen/rf/zebra/rawresults/ephys/sub-830794_ses-ecephys-830794-2026-01-26-12-02-05_ecephys/ProbeB/trial_0/phase_0/lib_ab4a70858e/lib_ab4a70858e__delay_0.04__dur_0.2.h5
94bda67c-fe0e-4994-a5a7-a94970b5e089,0.0,0.25,ab4a70858e,0.07627744972705841,11.641791044776127,33.160377358490564,157.4840764271708,7.16,40,8,7,2.199114857512855,0,2.0,9,0.1,/mnt/ceph-ssd/workspaces/ws/cidbn_wibral_neuro_nonhuman/u19361-workspace/allen/rf/zebra/rawresults/ephys/sub-830794_ses-ecephys-830794-2026-01-26-12-02-05_ecephys/ProbeB/trial_0/phase_0/lib_ab4a70858e/lib_ab4a70858e__delay_0.0__dur_0.25.h5
94e7a44b-7fde-4e6e-9da8-b440f968e877,0.08,0.25,ab4a70858e,0.07211539149284363,-33.134328358208954,15.235849056603776,67.51591472682667,7.16,15,18,3,0.9424777960769379,0,2.0,12,1.3,/mnt/ceph-ssd/workspaces/ws/cidbn_wibral_neuro_nonhuman/u19361-workspace/allen/rf/zebra/rawresults/ephys/sub-830794_ses-ecephys-830794-2026-01-26-12-02-05_ecephys/ProbeB/trial_0/phase_0/lib_ab4a70858e/lib_ab4a70858e__delay_0.08__dur_0.25.h5
9568c4f5-389d-462a-b3a9-44afab1006ec,0.04,0.25,ab4a70858e,0.11617738008499146,-24.179104477611936,22.405660377358487,67.51591472682667,17.91,20,14,3,0.9424777960769379,3,5.0,12,1.3,/mnt/ceph-ssd/workspaces/ws/cidbn_wibral_neuro_nonhuman/u19361-workspace/allen/rf/zebra/rawresults/ephys/sub-830794_ses-ecephys-830794-2026-01-26-12-02-05_ecephys/ProbeB/trial_0/phase_0/lib_ab4a70858e/lib_ab4a70858e__delay_0.04__dur_0.25.h5
962a1ad8-3fdc-459a-9272-55fb13901184,0.01,0.15000000000000002,ab4a70858e,0.08545650541782379,51.04477611940298,4.481132075471699,0.0,10.74,62,24,0,0.0,1,3.0,11,1.2,/mnt/ceph-ssd/workspaces/ws/cidbn_wibral_neuro_nonhuman/u19361-workspace/allen/rf/zebra/rawresults/ephys/sub-830794_ses-ecephys-830794-2026-01-26-12-02-05_ecephys/ProbeB/trial_0/phase_0/lib_ab4a70858e/lib_ab4a70858e__delay_0.01__dur_0.15000000000000002.h5
966d62a0-b556-4398-899a-4fb428f1cb12,0.01,0.05,ab4a70858e,0.0,-60.0,47.5,0.0,7.16,0,0,0,0.0,0,2.0,0,0.01,/mnt/ceph-ssd/workspaces/ws/cidbn_wibral_neuro_nonhuman/u19361-workspace/allen/rf/zebra/rawresults/ephys/sub-830794_ses-ecephys-830794-2026-01-26-12-02-05_ecephys/ProbeB/trial_0/phase_0/lib_ab4a70858e/lib_ab4a70858e__delay_0.01__dur_0.05.h5
97b8e4a0-b888-435e-85ef-9784b9ef8fc5,0.12,0.25,ab4a70858e,0.07634702324867249,-22.388059701492537,-4.481132075471699,157.4840764271708,21.49,21,29,7,2.199114857512855,4,6.0,12,1.3,/mnt/ceph-ssd/workspaces/ws/cidbn_wibral_neuro_nonhuman/u19361-workspace/allen/rf/zebra/rawresults/ephys/sub-830794_ses-ecephys-830794-2026-01-26-12-02-05_ecephys/ProbeB/trial_0/phase_0/lib_ab4a70858e/lib_ab4a70858e__delay_0.12__dur_0.25.h5
97c4cced-214e-4d55-be8d-74d4dae9085d,0.04,0.25,ab4a70858e,0.07590187340974808,43.88059701492537,9.858490566037737,157.4840764271708,28.65,58,21,7,2.199114857512855,5,8.0,9,0.1,/mnt/ceph-ssd/workspaces/ws/cidbn_wibral_neuro_nonhuman/u19361-workspace/allen/rf/zebra/rawresults/ephys/sub-830794_ses-ecephys-830794-2026-01-26-12-02-05_ecephys/ProbeB/trial_0/phase_0/lib_ab4a70858e/lib_ab4a70858e__delay_0.04__dur_0.25.h5
98747643-4d9a-4e9e-8997-3a25cfcccf76,0.0,0.25,ab4a70858e,0.0842355340719223,9.85074626865672,-4.481132075471699,112.48408527317332,21.49,39,29,5,1.5707963267948966,4,6.0,9,0.1,/mnt/ceph-ssd/workspaces/ws/cidbn_wibral_neuro_nonhuman/u19361-workspace/allen/rf/zebra/rawresults/ephys/sub-830794_ses-ecephys-830794-2026-01-26-12-02-05_ecephys/ProbeB/trial_0/phase_0/lib_ab4a70858e/lib_ab4a70858e__delay_0.0__dur_0.25.h5
98b59042-3d28-4c90-a22f-5fd276d9283f,0.09,0.15000000000000002,ab4a70858e,0.07489129900932312,43.88059701492537,15.235849056603776,22.515923572829163,28.65,58,18,9,2.827433388230814,5,8.0,3,0.04,/mnt/ceph-ssd/workspaces/ws/cidbn_wibral_neuro_nonhuman/u19361-workspace/allen/rf/zebra/rawresults/ephys/sub-830794_ses-ecephys-830794-2026-01-26-12-02-05_ecephys/ProbeB/trial_0/phase_0/lib_ab4a70858e/lib_ab4a70858e__delay_0.09__dur_0.15000000000000002.h5
98c8c748-de65-4e2a-a6a8-c3d4b23c3fdb,0.09,0.2,ab4a70858e,0.0781843438744545,-20.59701492537313,-15.235849056603776,0.0,28.65,22,35,0,0.0,5,8.0,9,0.1,/mnt/ceph-ssd/workspaces/ws/cidbn_wibral_neuro_nonhuman/u19361-workspace/allen/rf/zebra/rawresults/ephys/sub-830794_ses-ecephys-830794-2026-01-26-12-02-05_ecephys/ProbeB/trial_0/phase_0/lib_ab4a70858e/lib_ab4a70858e__delay_0.09__dur_0.2.h5
99338f93-9944-40e8-aecc-361d89f36772,0.09,0.25,ab4a70858e,0.08058614283800125,40.29850746268657,-27.78301886792453,45.02251307527088,21.49,56,42,2,0.6283185307179586,4,6.0,9,0.1,/mnt/ceph-ssd/workspaces/ws/cidbn_wibral_neuro_nonhuman/u19361-workspace/allen/rf/zebra/rawresults/ephys/sub-830794_ses-ecephys-830794-2026-01-26-12-02-05_ecephys/ProbeB/trial_0/phase_0/lib_ab4a70858e/lib_ab4a70858e__delay_0.09__dur_0.25.h5
99cbb45e-405e-455a-9380-20aea4128cf5,0.0,0.15000000000000002,ab4a70858e,0.08280475437641144,-15.223880597014926,24.198113207547166,157.4840764271708,28.65,25,13,7,2.199114857512855,5,8.0,9,0.1,/mnt/ceph-ssd/workspaces/ws/cidbn_wibral_neuro_nonhuman/u19361-workspace/allen/rf/zebra/rawresults/ephys/sub-830794_ses-ecephys-830794-2026-01-26-12-02-05_ecephys/ProbeB/trial_0/phase_0/lib_ab4a70858e/lib_ab4a70858e__delay_0.0__dur_0.15000000000000002.h5
9a7e23d9-58a5-4a15-858a-f9ddf2b8303f,0.11,0.2,ab4a70858e,0.06832153350114822,0.8955223880597032,-45.70754716981132,0.0,10.74,34,52,0,0.0,1,3.0,11,1.2,/mnt/ceph-ssd/workspaces/ws/cidbn_wibral_neuro_nonhuman/u19361-workspace/allen/rf/zebra/rawresults/ephys/sub-830794_ses-ecephys-830794-2026-01-26-12-02-05_ecephys/ProbeB/trial_0/phase_0/lib_ab4a70858e/lib_ab4a70858e__delay_0.11__dur_0.2.h5
9bdb1056-ecb3-4871-9295-24c9861cb8bb,0.09,0.2,ab4a70858e,0.14136053621768951,-2.6865671641791025,34.95283018867924,0.0,14.32,32,7,0,0.0,2,4.0,11,1.2,/mnt/ceph-ssd/workspaces/ws/cidbn_wibral_neuro_nonhuman/u19361-workspace/allen/rf/zebra/rawresults/ephys/sub-830794_ses-ecephys-830794-2026-01-26-12-02-05_ecephys/ProbeB/trial_0/phase_0/lib_ab4a70858e/lib_ab4a70858e__delay_0.09__dur_0.2.h5
9c3a39c1-3f80-4598-8223-e05274030229,0.12,0.25,ab4a70858e,0.08101361244916916,17.014925373134332,-2.6886792452830193,112.48408527317332,14.32,43,28,5,1.5707963267948966,2,4.0,11,1.2,/mnt/ceph-ssd/workspaces/ws/cidbn_wibral_neuro_nonhuman/u19361-workspace/allen/rf/zebra/rawresults/ephys/sub-830794_ses-ecephys-830794-2026-01-26-12-02-05_ecephys/ProbeB/trial_0/phase_0/lib_ab4a70858e/lib_ab4a70858e__delay_0.12__dur_0.25.h5
9c3be514-1206-4ee4-b5df-78dc2f213f8a,0.1,0.1,ab4a70858e,0.07624592632055283,34.92537313432837,42.12264150943396,67.51591472682667,17.91,53,3,3,0.9424777960769379,3,5.0,9,0.1,/mnt/ceph-ssd/workspaces/ws/cidbn_wibral_neuro_nonhuman/u19361-workspace/allen/rf/zebra/rawresults/ephys/sub-830794_ses-ecephys-830794-2026-01-26-12-02-05_ecephys/ProbeB/trial_0/phase_0/lib_ab4a70858e/lib_ab4a70858e__delay_0.1__dur_0.1.h5
9c74c622-88dd-4afb-ac90-c83c0882c4b8,0.01,0.15000000000000002,ab4a70858e,0.08207360655069351,56.4179104477612,-17.028301886792452,22.515923572829195,14.32,65,36,1,0.3141592653589793,2,4.0,5,0.06,/mnt/ceph-ssd/workspaces/ws/cidbn_wibral_neuro_nonhuman/u19361-workspace/allen/rf/zebra/rawresults/ephys/sub-830794_ses-ecephys-830794-2026-01-26-12-02-05_ecephys/ProbeB/trial_0/phase_0/lib_ab4a70858e/lib_ab4a70858e__delay_0.01__dur_0.15000000000000002.h5
9d23693c-af18-42d7-a106-d620d2bb00b2,0.0,0.1,ab4a70858e,0.06976615637540817,-20.59701492537313,-2.6886792452830193,157.4840764271708,7.16,22,28,7,2.199114857512855,0,2.0,12,1.3,/mnt/ceph-ssd/workspaces/ws/cidbn_wibral_neuro_nonhuman/u19361-workspace/allen/rf/zebra/rawresults/ephys/sub-830794_ses-ecephys-830794-2026-01-26-12-02-05_ecephys/ProbeB/trial_0/phase_0/lib_ab4a70858e/lib_ab4a70858e__delay_0.0__dur_0.1.h5
9d7926de-8175-45c8-a4cf-8b38ad517f59,0.03,0.2,ab4a70858e,0.07232203334569931,6.268656716417908,6.273584905660378,180.0,7.16,37,23,8,2.5132741228718345,0,2.0,12,1.3,/mnt/ceph-ssd/workspaces/ws/cidbn_wibral_neuro_nonhuman/u19361-workspace/allen/rf/zebra/rawresults/ephys/sub-830794_ses-ecephys-830794-2026-01-26-12-02-05_ecephys/ProbeB/trial_0/phase_0/lib_ab4a70858e/lib_ab4a70858e__delay_0.03__dur_0.2.h5
9efc1b55-ac41-4db1-a7cb-57d95124988e,0.0,0.25,ab4a70858e,0.07846466451883316,-8.059701492537314,20.613207547169807,45.02251307527088,10.74,29,15,2,0.6283185307179586,1,3.0,9,0.1,/mnt/ceph-ssd/workspaces/ws/cidbn_wibral_neuro_nonhuman/u19361-workspace/allen/rf/zebra/rawresults/ephys/sub-830794_ses-ecephys-830794-2026-01-26-12-02-05_ecephys/ProbeB/trial_0/phase_0/lib_ab4a70858e/lib_ab4a70858e__delay_0.0__dur_0.25.h5
9ff10fcc-18ec-415c-b96c-dbda3df3c337,0.11,0.25,ab4a70858e,0.06645766645669937,-47.46268656716418,-33.160377358490564,45.02251307527088,17.91,7,45,2,0.6283185307179586,3,5.0,9,0.1,/mnt/ceph-ssd/workspaces/ws/cidbn_wibral_neuro_nonhuman/u19361-workspace/allen/rf/zebra/rawresults/ephys/sub-830794_ses-ecephys-830794-2026-01-26-12-02-05_ecephys/ProbeB/trial_0/phase_0/lib_ab4a70858e/lib_ab4a70858e__delay_0.11__dur_0.25.h5
a096ae8f-9041-499f-ae8a-7cd788f2e8ec,0.08,0.25,ab4a70858e,0.10343209654092789,-11.64179104477612,36.74528301886792,180.0,14.32,27,6,8,2.5132741228718345,2,4.0,12,1.3,/mnt/ceph-ssd/workspaces/ws/cidbn_wibral_neuro_nonhuman/u19361-workspace/allen/rf/zebra/rawresults/ephys/sub-830794_ses-ecephys-830794-2026-01-26-12-02-05_ecephys/ProbeB/trial_0/phase_0/lib_ab4a70858e/lib_ab4a70858e__delay_0.08__dur_0.25.h5
a176ba6d-b3a8-4589-89fc-2443f96213dc,0.0,0.15000000000000002,ab4a70858e,0.08084608614444733,15.223880597014926,13.443396226415096,22.515923572829195,21.49,42,19,1,0.3141592653589793,4,6.0,7,0.08,/mnt/ceph-ssd/workspaces/ws/cidbn_wibral_neuro_nonhuman/u19361-workspace/allen/rf/zebra/rawresults/ephys/sub-830794_ses-ecephys-830794-2026-01-26-12-02-05_ecephys/ProbeB/trial_0/phase_0/lib_ab4a70858e/lib_ab4a70858e__delay_0.0__dur_0.15000000000000002.h5
a18699f8-8dd6-4618-8a29-14456b6d68f5,0.11,0.2,ab4a70858e,0.08332660049200058,-20.59701492537313,-4.481132075471699,112.48408527317332,7.16,22,29,5,1.5707963267948966,0,2.0,11,1.2,/mnt/ceph-ssd/workspaces/ws/cidbn_wibral_neuro_nonhuman/u19361-workspace/allen/rf/zebra/rawresults/ephys/sub-830794_ses-ecephys-830794-2026-01-26-12-02-05_ecephys/ProbeB/trial_0/phase_0/lib_ab4a70858e/lib_ab4a70858e__delay_0.11__dur_0.2.h5
a1893c11-d80c-4dcb-ad23-15b9c5e74446,0.04,0.25,ab4a70858e,0.0774974673986435,-18.80597014925373,-15.235849056603776,157.4840764271708,21.49,23,35,7,2.199114857512855,4,6.0,12,1.3,/mnt/ceph-ssd/workspaces/ws/cidbn_wibral_neuro_nonhuman/u19361-workspace/allen/rf/zebra/rawresults/ephys/sub-830794_ses-ecephys-830794-2026-01-26-12-02-05_ecephys/ProbeB/trial_0/phase_0/lib_ab4a70858e/lib_ab4a70858e__delay_0.04__dur_0.25.h5
a1c0c322-d7ef-4ede-9947-67ae4cbcc485,0.1,0.25,ab4a70858e,0.07323919981718063,-27.761194029850742,25.990566037735846,112.48408527317332,14.32,18,12,5,1.5707963267948966,2,4.0,11,1.2,/mnt/ceph-ssd/workspaces/ws/cidbn_wibral_neuro_nonhuman/u19361-workspace/allen/rf/zebra/rawresults/ephys/sub-830794_ses-ecephys-830794-2026-01-26-12-02-05_ecephys/ProbeB/trial_0/phase_0/lib_ab4a70858e/lib_ab4a70858e__delay_0.1__dur_0.25.h5
a2389fa2-c891-45e6-9ad7-7fed543cb2a5,0.0,0.15000000000000002,ab4a70858e,0.07617077231407166,-49.25373134328358,8.066037735849058,90.0,21.49,6,22,4,1.2566370614359172,4,6.0,9,0.1,/mnt/ceph-ssd/workspaces/ws/cidbn_wibral_neuro_nonhuman/u19361-workspace/allen/rf/zebra/rawresults/ephys/sub-830794_ses-ecephys-830794-2026-01-26-12-02-05_ecephys/ProbeB/trial_0/phase_0/lib_ab4a70858e/lib_ab4a70858e__delay_0.0__dur_0.15000000000000002.h5
a2444cfb-e29f-4af6-9bc2-15aba6e24bad,0.12,0.25,ab4a70858e,0.07210957258939743,-8.059701492537314,31.367924528301884,112.48408527317332,21.49,29,9,5,1.5707963267948966,4,6.0,7,0.08,/mnt/ceph-ssd/workspaces/ws/cidbn_wibral_neuro_nonhuman/u19361-workspace/allen/rf/zebra/rawresults/ephys/sub-830794_ses-ecephys-830794-2026-01-26-12-02-05_ecephys/ProbeB/trial_0/phase_0/lib_ab4a70858e/lib_ab4a70858e__delay_0.12__dur_0.25.h5
a24be316-5309-4199-abd0-5d11e8d0e004,0.01,0.25,ab4a70858e,0.07691222429275513,-6.268656716417908,9.858490566037737,22.515923572829163,10.74,30,21,9,2.827433388230814,1,3.0,6,0.07,/mnt/ceph-ssd/workspaces/ws/cidbn_wibral_neuro_nonhuman/u19361-workspace/allen/rf/zebra/rawresults/ephys/sub-830794_ses-ecephys-830794-2026-01-26-12-02-05_ecephys/ProbeB/trial_0/phase_0/lib_ab4a70858e/lib_ab4a70858e__delay_0.01__dur_0.25.h5
a254a0ad-0527-4edf-ae8d-76abb607735c,0.11,0.25,ab4a70858e,0.07775794714689255,58.20895522388061,-36.74528301886792,22.515923572829195,21.49,66,47,1,0.3141592653589793,4,6.0,7,0.08,/mnt/ceph-ssd/workspaces/ws/cidbn_wibral_neuro_nonhuman/u19361-workspace/allen/rf/zebra/rawresults/ephys/sub-830794_ses-ecephys-830794-2026-01-26-12-02-05_ecephys/ProbeB/trial_0/phase_0/lib_ab4a70858e/lib_ab4a70858e__delay_0.11__dur_0.25.h5
a333cc86-4bcb-4a6d-8811-5838ccf055a3,0.12,0.15000000000000002,ab4a70858e,0.0758076086640358,-60.0,43.91509433962264,67.51591472682667,28.65,0,2,3,0.9424777960769379,5,8.0,8,0.09,/mnt/ceph-ssd/workspaces/ws/cidbn_wibral_neuro_nonhuman/u19361-workspace/allen/rf/zebra/rawresults/ephys/sub-830794_ses-ecephys-830794-2026-01-26-12-02-05_ecephys/ProbeB/trial_0/phase_0/lib_ab4a70858e/lib_ab4a70858e__delay_0.12__dur_0.15000000000000002.h5
a3442a36-ecec-47bd-bf63-56a6f5c89ae0,0.02,0.25,ab4a70858e,0.08399837464094162,-0.8955223880596961,-36.74528301886792,22.515923572829163,21.49,33,47,9,2.827433388230814,4,6.0,8,0.09,/mnt/ceph-ssd/workspaces/ws/cidbn_wibral_neuro_nonhuman/u19361-workspace/allen/rf/zebra/rawresults/ephys/sub-830794_ses-ecephys-830794-2026-01-26-12-02-05_ecephys/ProbeB/trial_0/phase_0/lib_ab4a70858e/lib_ab4a70858e__delay_0.02__dur_0.25.h5
a3636168-2a72-4af7-9719-542f8b2a8b6d,0.0,0.2,ab4a70858e,0.13688234984874725,29.55223880597015,24.198113207547166,157.4840764271708,21.49,50,13,7,2.199114857512855,4,6.0,12,1.3,/mnt/ceph-ssd/workspaces/ws/cidbn_wibral_neuro_nonhuman/u19361-workspace/allen/rf/zebra/rawresults/ephys/sub-830794_ses-ecephys-830794-2026-01-26-12-02-05_ecephys/ProbeB/trial_0/phase_0/lib_ab4a70858e/lib_ab4a70858e__delay_0.0__dur_0.2.h5
a3f7bd61-b84d-4247-8f43-3b67933b9f17,0.04,0.2,ab4a70858e,0.07734734565019608,-25.970149253731343,47.5,22.515923572829195,7.16,19,0,1,0.3141592653589793,0,2.0,8,0.09,/mnt/ceph-ssd/workspaces/ws/cidbn_wibral_neuro_nonhuman/u19361-workspace/allen/rf/zebra/rawresults/ephys/sub-830794_ses-ecephys-830794-2026-01-26-12-02-05_ecephys/ProbeB/trial_0/phase_0/lib_ab4a70858e/lib_ab4a70858e__delay_0.04__dur_0.2.h5
a45e54a7-c77d-4009-a470-711a124c5992,0.12,0.25,ab4a70858e,0.10169172286987305,-38.507462686567166,-18.82075471698113,90.0,17.91,12,37,4,1.2566370614359172,3,5.0,7,0.08,/mnt/ceph-ssd/workspaces/ws/cidbn_wibral_neuro_nonhuman/u19361-workspace/allen/rf/zebra/rawresults/ephys/sub-830794_ses-ecephys-830794-2026-01-26-12-02-05_ecephys/ProbeB/trial_0/phase_0/lib_ab4a70858e/lib_ab4a70858e__delay_0.12__dur_0.25.h5
a4a0d0d7-6c05-477b-af28-96357b071ad7,0.02,0.25,ab4a70858e,0.13071919977664948,-24.179104477611936,0.8962264150943398,67.51591472682667,14.32,20,26,3,0.9424777960769379,2,4.0,12,1.3,/mnt/ceph-ssd/workspaces/ws/cidbn_wibral_neuro_nonhuman/u19361-workspace/allen/rf/zebra/rawresults/ephys/sub-830794_ses-ecephys-830794-2026-01-26-12-02-05_ecephys/ProbeB/trial_0/phase_0/lib_ab4a70858e/lib_ab4a70858e__delay_0.02__dur_0.25.h5
a51d4649-5f3e-4c57-aeba-b8bfcd9d21f9,0.1,0.15000000000000002,ab4a70858e,0.06985372304916382,-43.88059701492537,-17.028301886792452,112.48408527317332,28.65,9,36,5,1.5707963267948966,5,8.0,8,0.09,/mnt/ceph-ssd/workspaces/ws/cidbn_wibral_neuro_nonhuman/u19361-workspace/allen/rf/zebra/rawresults/ephys/sub-830794_ses-ecephys-830794-2026-01-26-12-02-05_ecephys/ProbeB/trial_0/phase_0/lib_ab4a70858e/lib_ab4a70858e__delay_0.1__dur_0.15000000000000002.h5
a53315ed-9ad0-4508-b6d4-7c507cc90f14,0.01,0.05,ab4a70858e,0.0,-60.0,47.5,0.0,7.16,0,0,0,0.0,0,2.0,0,0.01,/mnt/ceph-ssd/workspaces/ws/cidbn_wibral_neuro_nonhuman/u19361-workspace/allen/rf/zebra/rawresults/ephys/sub-830794_ses-ecephys-830794-2026-01-26-12-02-05_ecephys/ProbeB/trial_0/phase_0/lib_ab4a70858e/lib_ab4a70858e__delay_0.01__dur_0.05.h5
a55925a8-b978-447e-8ffa-c53fd8bec2b9,0.01,0.15000000000000002,ab4a70858e,0.08247312158346176,-6.268656716417908,20.613207547169807,0.0,17.91,30,15,0,0.0,3,5.0,11,1.2,/mnt/ceph-ssd/workspaces/ws/cidbn_wibral_neuro_nonhuman/u19361-workspace/allen/rf/zebra/rawresults/ephys/sub-830794_ses-ecephys-830794-2026-01-26-12-02-05_ecephys/ProbeB/trial_0/phase_0/lib_ab4a70858e/lib_ab4a70858e__delay_0.01__dur_0.15000000000000002.h5
a561a0fd-54e3-4995-b548-e19dd831342e,0.06,0.2,ab4a70858e,0.07190658897161484,-56.417910447761194,33.160377358490564,22.515923572829163,7.16,2,8,9,2.827433388230814,0,2.0,9,0.1,/mnt/ceph-ssd/workspaces/ws/cidbn_wibral_neuro_nonhuman/u19361-workspace/allen/rf/zebra/rawresults/ephys/sub-830794_ses-ecephys-830794-2026-01-26-12-02-05_ecephys/ProbeB/trial_0/phase_0/lib_ab4a70858e/lib_ab4a70858e__delay_0.06__dur_0.2.h5
a5b33bea-045a-456a-8073-ac0cefe00ac7,0.12,0.25,ab4a70858e,0.07232841849327087,31.343283582089555,-29.57547169811321,180.0,17.91,51,43,8,2.5132741228718345,3,5.0,9,0.1,/mnt/ceph-ssd/workspaces/ws/cidbn_wibral_neuro_nonhuman/u19361-workspace/allen/rf/zebra/rawresults/ephys/sub-830794_ses-ecephys-830794-2026-01-26-12-02-05_ecephys/ProbeB/trial_0/phase_0/lib_ab4a70858e/lib_ab4a70858e__delay_0.12__dur_0.25.h5
a5bc59a8-779c-49b2-8083-6180f71f6a5a,0.01,0.05,ab4a70858e,0.0,-60.0,47.5,0.0,7.16,0,0,0,0.0,0,2.0,0,0.01,/mnt/ceph-ssd/workspaces/ws/cidbn_wibral_neuro_nonhuman/u19361-workspace/allen/rf/zebra/rawresults/ephys/sub-830794_ses-ecephys-830794-2026-01-26-12-02-05_ecephys/ProbeB/trial_0/phase_0/lib_ab4a70858e/lib_ab4a70858e__delay_0.01__dur_0.05.h5
a6131163-d20c-4d4e-bb94-0fdac0540e7a,0.01,0.05,ab4a70858e,0.0,-60.0,47.5,0.0,7.16,0,0,0,0.0,0,2.0,0,0.01,/mnt/ceph-ssd/workspaces/ws/cidbn_wibral_neuro_nonhuman/u19361-workspace/allen/rf/zebra/rawresults/ephys/sub-830794_ses-ecephys-830794-2026-01-26-12-02-05_ecephys/ProbeB/trial_0/phase_0/lib_ab4a70858e/lib_ab4a70858e__delay_0.01__dur_0.05.h5
a6b01d52-7180-4c17-8911-779e1769aadc,0.0,0.25,ab4a70858e,0.17247112095355988,11.641791044776127,2.6886792452830193,112.48408527317332,14.32,40,25,5,1.5707963267948966,2,4.0,11,1.2,/mnt/ceph-ssd/workspaces/ws/cidbn_wibral_neuro_nonhuman/u19361-workspace/allen/rf/zebra/rawresults/ephys/sub-830794_ses-ecephys-830794-2026-01-26-12-02-05_ecephys/ProbeB/trial_0/phase_0/lib_ab4a70858e/lib_ab4a70858e__delay_0.0__dur_0.25.h5
a7118651-4d71-4cb5-a960-75f6ae291bab,0.1,0.1,ab4a70858e,0.07642867416143417,18.80597014925374,9.858490566037737,180.0,7.16,44,21,8,2.5132741228718345,0,2.0,12,1.3,/mnt/ceph-ssd/workspaces/ws/cidbn_wibral_neuro_nonhuman/u19361-workspace/allen/rf/zebra/rawresults/ephys/sub-830794_ses-ecephys-830794-2026-01-26-12-02-05_ecephys/ProbeB/trial_0/phase_0/lib_ab4a70858e/lib_ab4a70858e__delay_0.1__dur_0.1.h5
a7657a96-c1a2-4847-aef6-153d5be74663,0.11,0.25,ab4a70858e,0.09427137672901154,-13.43283582089552,15.235849056603776,180.0,17.91,26,18,8,2.5132741228718345,3,5.0,4,0.05,/mnt/ceph-ssd/workspaces/ws/cidbn_wibral_neuro_nonhuman/u19361-workspace/allen/rf/zebra/rawresults/ephys/sub-830794_ses-ecephys-830794-2026-01-26-12-02-05_ecephys/ProbeB/trial_0/phase_0/lib_ab4a70858e/lib_ab4a70858e__delay_0.11__dur_0.25.h5
a828ca34-2c29-4ad8-911e-3e96749a9d17,0.05,0.2,ab4a70858e,0.06499877572059631,-8.059701492537314,-15.235849056603776,45.02251307527088,7.16,29,35,2,0.6283185307179586,0,2.0,12,1.3,/mnt/ceph-ssd/workspaces/ws/cidbn_wibral_neuro_nonhuman/u19361-workspace/allen/rf/zebra/rawresults/ephys/sub-830794_ses-ecephys-830794-2026-01-26-12-02-05_ecephys/ProbeB/trial_0/phase_0/lib_ab4a70858e/lib_ab4a70858e__delay_0.05__dur_0.2.h5
a852d3c6-7dca-4ea7-8e43-e8e7351412b6,0.01,0.2,ab4a70858e,0.13439224660396576,31.343283582089555,20.613207547169807,157.4840764271708,21.49,51,15,7,2.199114857512855,4,6.0,12,1.3,/mnt/ceph-ssd/workspaces/ws/cidbn_wibral_neuro_nonhuman/u19361-workspace/allen/rf/zebra/rawresults/ephys/sub-830794_ses-ecephys-830794-2026-01-26-12-02-05_ecephys/ProbeB/trial_0/phase_0/lib_ab4a70858e/lib_ab4a70858e__delay_0.01__dur_0.2.h5
a85a8eed-1e27-47c4-b701-c39c80ad2f95,0.07,0.2,ab4a70858e,0.0628478080034256,-43.88059701492537,-34.95283018867924,157.4840764271708,28.65,9,46,7,2.199114857512855,5,8.0,7,0.08,/mnt/ceph-ssd/workspaces/ws/cidbn_wibral_neuro_nonhuman/u19361-workspace/allen/rf/zebra/rawresults/ephys/sub-830794_ses-ecephys-830794-2026-01-26-12-02-05_ecephys/ProbeB/trial_0/phase_0/lib_ab4a70858e/lib_ab4a70858e__delay_0.07__dur_0.2.h5
a91dafb8-e156-4e1b-bceb-429a612ea93e,0.01,0.15000000000000002,ab4a70858e,0.07413481920957565,-45.67164179104478,15.235849056603776,134.9774869247291,14.32,8,18,6,1.8849555921538759,2,4.0,8,0.09,/mnt/ceph-ssd/workspaces/ws/cidbn_wibral_neuro_nonhuman/u19361-workspace/allen/rf/zebra/rawresults/ephys/sub-830794_ses-ecephys-830794-2026-01-26-12-02-05_ecephys/ProbeB/trial_0/phase_0/lib_ab4a70858e/lib_ab4a70858e__delay_0.01__dur_0.15000000000000002.h5
a92de9eb-5870-4118-bf71-7fad6fd3c5b5,0.12,0.15000000000000002,ab4a70858e,0.07270743697881699,11.641791044776127,0.8962264150943398,112.48408527317332,10.74,40,26,5,1.5707963267948966,1,3.0,11,1.2,/mnt/ceph-ssd/workspaces/ws/cidbn_wibral_neuro_nonhuman/u19361-workspace/allen/rf/zebra/rawresults/ephys/sub-830794_ses-ecephys-830794-2026-01-26-12-02-05_ecephys/ProbeB/trial_0/phase_0/lib_ab4a70858e/lib_ab4a70858e__delay_0.12__dur_0.15000000000000002.h5
a973fba3-681f-4cd6-95ed-c9e78c362bfa,0.01,0.05,ab4a70858e,0.0,-60.0,47.5,0.0,7.16,0,0,0,0.0,0,2.0,0,0.01,/mnt/ceph-ssd/workspaces/ws/cidbn_wibral_neuro_nonhuman/u19361-workspace/allen/rf/zebra/rawresults/ephys/sub-830794_ses-ecephys-830794-2026-01-26-12-02-05_ecephys/ProbeB/trial_0/phase_0/lib_ab4a70858e/lib_ab4a70858e__delay_0.01__dur_0.05.h5
a981efec-871e-4949-981c-605754476fbc,0.0,0.05,ab4a70858e,0.19326311349868774,-0.8955223880596961,34.95283018867924,67.51591472682667,21.49,33,7,3,0.9424777960769379,4,6.0,5,0.06,/mnt/ceph-ssd/workspaces/ws/cidbn_wibral_neuro_nonhuman/u19361-workspace/allen/rf/zebra/rawresults/ephys/sub-830794_ses-ecephys-830794-2026-01-26-12-02-05_ecephys/ProbeB/trial_0/phase_0/lib_ab4a70858e/lib_ab4a70858e__delay_0.0__dur_0.05.h5
aa5f391f-f43e-4415-a5ee-7d71e83acaf3,0.0,0.15000000000000002,ab4a70858e,0.07268016040325165,-31.34328358208955,2.6886792452830193,90.0,17.91,16,25,4,1.2566370614359172,3,5.0,9,0.1,/mnt/ceph-ssd/workspaces/ws/cidbn_wibral_neuro_nonhuman/u19361-workspace/allen/rf/zebra/rawresults/ephys/sub-830794_ses-ecephys-830794-2026-01-26-12-02-05_ecephys/ProbeB/trial_0/phase_0/lib_ab4a70858e/lib_ab4a70858e__delay_0.0__dur_0.15000000000000002.h5
aaa778ad-4dde-475b-848f-247c7ed893c7,0.03,0.25,ab4a70858e,0.08994174748659134,-38.507462686567166,20.613207547169807,45.02251307527088,7.16,12,15,2,0.6283185307179586,0,2.0,12,1.3,/mnt/ceph-ssd/workspaces/ws/cidbn_wibral_neuro_nonhuman/u19361-workspace/allen/rf/zebra/rawresults/ephys/sub-830794_ses-ecephys-830794-2026-01-26-12-02-05_ecephys/ProbeB/trial_0/phase_0/lib_ab4a70858e/lib_ab4a70858e__delay_0.03__dur_0.25.h5
ab297773-c6ab-47e3-8d8d-b10feeb76a2a,0.01,0.1,ab4a70858e,0.08607351779937744,45.67164179104478,29.575471698113205,45.02251307527088,10.74,59,10,2,0.6283185307179586,1,3.0,9,0.1,/mnt/ceph-ssd/workspaces/ws/cidbn_wibral_neuro_nonhuman/u19361-workspace/allen/rf/zebra/rawresults/ephys/sub-830794_ses-ecephys-830794-2026-01-26-12-02-05_ecephys/ProbeB/trial_0/phase_0/lib_ab4a70858e/lib_ab4a70858e__delay_0.01__dur_0.1.h5
abc2310b-fb2a-45e6-8847-bbdd2f1b3f5d,0.07,0.1,ab4a70858e,0.16753077507019043,54.626865671641795,-13.443396226415096,22.515923572829195,10.74,64,34,1,0.3141592653589793,1,3.0,5,0.06,/mnt/ceph-ssd/workspaces/ws/cidbn_wibral_neuro_nonhuman/u19361-workspace/allen/rf/zebra/rawresults/ephys/sub-830794_ses-ecephys-830794-2026-01-26-12-02-05_ecephys/ProbeB/trial_0/phase_0/lib_ab4a70858e/lib_ab4a70858e__delay_0.07__dur_0.1.h5
acb0ad18-8788-4393-9a2f-aa36ae56cd1d,0.03,0.2,ab4a70858e,0.0891510397195816,-8.059701492537314,-0.8962264150943398,22.515923572829195,17.91,29,27,1,0.3141592653589793,3,5.0,9,0.1,/mnt/ceph-ssd/workspaces/ws/cidbn_wibral_neuro_nonhuman/u19361-workspace/allen/rf/zebra/rawresults/ephys/sub-830794_ses-ecephys-830794-2026-01-26-12-02-05_ecephys/ProbeB/trial_0/phase_0/lib_ab4a70858e/lib_ab4a70858e__delay_0.03__dur_0.2.h5
ad5d7472-a10f-4860-a555-8157958ba21a,0.0,0.25,ab4a70858e,0.07665658742189407,-15.223880597014926,-43.91509433962264,0.0,21.49,25,51,0,0.0,4,6.0,9,0.1,/mnt/ceph-ssd/workspaces/ws/cidbn_wibral_neuro_nonhuman/u19361-workspace/allen/rf/zebra/rawresults/ephys/sub-830794_ses-ecephys-830794-2026-01-26-12-02-05_ecephys/ProbeB/trial_0/phase_0/lib_ab4a70858e/lib_ab4a70858e__delay_0.0__dur_0.25.h5
ae0ffcab-9bc9-4a1b-a6c8-323b354e4ca1,0.11,0.25,ab4a70858e,0.0797494649887085,-22.388059701492537,-13.443396226415096,90.0,14.32,21,34,4,1.2566370614359172,2,4.0,9,0.1,/mnt/ceph-ssd/workspaces/ws/cidbn_wibral_neuro_nonhuman/u19361-workspace/allen/rf/zebra/rawresults/ephys/sub-830794_ses-ecephys-830794-2026-01-26-12-02-05_ecephys/ProbeB/trial_0/phase_0/lib_ab4a70858e/lib_ab4a70858e__delay_0.11__dur_0.25.h5
ae1135bb-3894-49dd-be3b-8c102518043e,0.11,0.2,ab4a70858e,0.08315867185592651,-38.507462686567166,-0.8962264150943398,45.02251307527088,21.49,12,27,2,0.6283185307179586,4,6.0,6,0.07,/mnt/ceph-ssd/workspaces/ws/cidbn_wibral_neuro_nonhuman/u19361-workspace/allen/rf/zebra/rawresults/ephys/sub-830794_ses-ecephys-830794-2026-01-26-12-02-05_ecephys/ProbeB/trial_0/phase_0/lib_ab4a70858e/lib_ab4a70858e__delay_0.11__dur_0.2.h5
ae21e1e2-c4fc-4da0-98b8-5f05fc0c7612,0.11,0.1,ab4a70858e,0.07098763436079025,-40.298507462686565,-36.74528301886792,112.48408527317332,7.16,11,47,5,1.5707963267948966,0,2.0,11,1.2,/mnt/ceph-ssd/workspaces/ws/cidbn_wibral_neuro_nonhuman/u19361-workspace/allen/rf/zebra/rawresults/ephys/sub-830794_ses-ecephys-830794-2026-01-26-12-02-05_ecephys/ProbeB/trial_0/phase_0/lib_ab4a70858e/lib_ab4a70858e__delay_0.11__dur_0.1.h5
af60e854-b91d-49d3-adf4-f56deaccbe5f,0.12,0.25,ab4a70858e,0.10384389758110046,-11.64179104477612,17.02830188679245,180.0,14.32,27,17,8,2.5132741228718345,2,4.0,12,1.3,/mnt/ceph-ssd/workspaces/ws/cidbn_wibral_neuro_nonhuman/u19361-workspace/allen/rf/zebra/rawresults/ephys/sub-830794_ses-ecephys-830794-2026-01-26-12-02-05_ecephys/ProbeB/trial_0/phase_0/lib_ab4a70858e/lib_ab4a70858e__delay_0.12__dur_0.25.h5
afc2708a-5b36-4237-97cf-5ebea45479e2,0.06,0.2,ab4a70858e,0.06781655550003052,-18.80597014925373,2.6886792452830193,180.0,7.16,23,25,8,2.5132741228718345,0,2.0,12,1.3,/mnt/ceph-ssd/workspaces/ws/cidbn_wibral_neuro_nonhuman/u19361-workspace/allen/rf/zebra/rawresults/ephys/sub-830794_ses-ecephys-830794-2026-01-26-12-02-05_ecephys/ProbeB/trial_0/phase_0/lib_ab4a70858e/lib_ab4a70858e__delay_0.06__dur_0.2.h5
affd540e-5e1e-459d-a8ef-2796d4afe5b2,0.07,0.25,ab4a70858e,0.09781137853860855,13.43283582089552,-0.8962264150943398,112.48408527317332,10.74,41,27,5,1.5707963267948966,1,3.0,11,1.2,/mnt/ceph-ssd/workspaces/ws/cidbn_wibral_neuro_nonhuman/u19361-workspace/allen/rf/zebra/rawresults/ephys/sub-830794_ses-ecephys-830794-2026-01-26-12-02-05_ecephys/ProbeB/trial_0/phase_0/lib_ab4a70858e/lib_ab4a70858e__delay_0.07__dur_0.25.h5
b0cf65b3-c60b-470d-845e-abf8d2018a41,0.11,0.1,ab4a70858e,0.0697556659579277,27.761194029850756,33.160377358490564,22.515923572829163,10.74,49,8,9,2.827433388230814,1,3.0,9,0.1,/mnt/ceph-ssd/workspaces/ws/cidbn_wibral_neuro_nonhuman/u19361-workspace/allen/rf/zebra/rawresults/ephys/sub-830794_ses-ecephys-830794-2026-01-26-12-02-05_ecephys/ProbeB/trial_0/phase_0/lib_ab4a70858e/lib_ab4a70858e__delay_0.11__dur_0.1.h5
b1423704-3d07-42f3-a5b7-cad62c4ad4b8,0.01,0.1,ab4a70858e,0.25982969999313354,-31.34328358208955,-2.6886792452830193,45.02251307527088,14.32,16,28,2,0.6283185307179586,2,4.0,4,0.05,/mnt/ceph-ssd/workspaces/ws/cidbn_wibral_neuro_nonhuman/u19361-workspace/allen/rf/zebra/rawresults/ephys/sub-830794_ses-ecephys-830794-2026-01-26-12-02-05_ecephys/ProbeB/trial_0/phase_0/lib_ab4a70858e/lib_ab4a70858e__delay_0.01__dur_0.1.h5
b14fc6f0-0dfb-4ed3-baf5-13a7bacd7f02,0.11,0.2,ab4a70858e,0.11841776221990585,-24.179104477611936,40.33018867924528,112.48408527317332,28.65,20,4,5,1.5707963267948966,5,8.0,11,1.2,/mnt/ceph-ssd/workspaces/ws/cidbn_wibral_neuro_nonhuman/u19361-workspace/allen/rf/zebra/rawresults/ephys/sub-830794_ses-ecephys-830794-2026-01-26-12-02-05_ecephys/ProbeB/trial_0/phase_0/lib_ab4a70858e/lib_ab4a70858e__delay_0.11__dur_0.2.h5
b1a01b57-854a-4042-b42b-c334357fe948,0.11,0.15000000000000002,ab4a70858e,0.07895854860544205,-27.761194029850742,0.8962264150943398,0.0,28.65,18,26,0,0.0,5,8.0,9,0.1,/mnt/ceph-ssd/workspaces/ws/cidbn_wibral_neuro_nonhuman/u19361-workspace/allen/rf/zebra/rawresults/ephys/sub-830794_ses-ecephys-830794-2026-01-26-12-02-05_ecephys/ProbeB/trial_0/phase_0/lib_ab4a70858e/lib_ab4a70858e__delay_0.11__dur_0.15000000000000002.h5
b1adb81f-292f-4b11-96f6-2f2c48ebe045,0.0,0.1,ab4a70858e,0.15787199139595032,11.641791044776127,47.5,67.51591472682667,28.65,40,0,3,0.9424777960769379,5,8.0,3,0.04,/mnt/ceph-ssd/workspaces/ws/cidbn_wibral_neuro_nonhuman/u19361-workspace/allen/rf/zebra/rawresults/ephys/sub-830794_ses-ecephys-830794-2026-01-26-12-02-05_ecephys/ProbeB/trial_0/phase_0/lib_ab4a70858e/lib_ab4a70858e__delay_0.0__dur_0.1.h5
b2246056-b95f-439a-80b8-976b71debb5c,0.05,0.25,ab4a70858e,0.08105950802564621,-43.88059701492537,24.198113207547166,67.51591472682667,14.32,9,13,3,0.9424777960769379,2,4.0,9,0.1,/mnt/ceph-ssd/workspaces/ws/cidbn_wibral_neuro_nonhuman/u19361-workspace/allen/rf/zebra/rawresults/ephys/sub-830794_ses-ecephys-830794-2026-01-26-12-02-05_ecephys/ProbeB/trial_0/phase_0/lib_ab4a70858e/lib_ab4a70858e__delay_0.05__dur_0.25.h5
b2fb90bf-3fdd-4087-a7a3-0f8e898a4a8e,0.01,0.05,ab4a70858e,0.0,-60.0,47.5,0.0,7.16,0,0,0,0.0,0,2.0,0,0.01,/mnt/ceph-ssd/workspaces/ws/cidbn_wibral_neuro_nonhuman/u19361-workspace/allen/rf/zebra/rawresults/ephys/sub-830794_ses-ecephys-830794-2026-01-26-12-02-05_ecephys/ProbeB/trial_0/phase_0/lib_ab4a70858e/lib_ab4a70858e__delay_0.01__dur_0.05.h5
b4a4cfd6-bc69-4cbd-962a-c918060742ba,0.0,0.2,ab4a70858e,0.07543054223060608,-17.014925373134325,-6.273584905660378,0.0,7.16,24,30,0,0.0,0,2.0,11,1.2,/mnt/ceph-ssd/workspaces/ws/cidbn_wibral_neuro_nonhuman/u19361-workspace/allen/rf/zebra/rawresults/ephys/sub-830794_ses-ecephys-830794-2026-01-26-12-02-05_ecephys/ProbeB/trial_0/phase_0/lib_ab4a70858e/lib_ab4a70858e__delay_0.0__dur_0.2.h5
b553711b-1e1a-404b-84d7-624e12232a16,0.11,0.15000000000000002,ab4a70858e,0.08368168771266937,-54.62686567164179,-31.367924528301888,45.02251307527088,10.74,3,44,2,0.6283185307179586,1,3.0,3,0.04,/mnt/ceph-ssd/workspaces/ws/cidbn_wibral_neuro_nonhuman/u19361-workspace/allen/rf/zebra/rawresults/ephys/sub-830794_ses-ecephys-830794-2026-01-26-12-02-05_ecephys/ProbeB/trial_0/phase_0/lib_ab4a70858e/lib_ab4a70858e__delay_0.11__dur_0.15000000000000002.h5
b5a02dfb-c0eb-4868-9249-28c53b5461cf,0.0,0.15000000000000002,ab4a70858e,0.08293192088603973,4.477611940298516,-15.235849056603776,22.515923572829195,14.32,36,35,1,0.3141592653589793,2,4.0,5,0.06,/mnt/ceph-ssd/workspaces/ws/cidbn_wibral_neuro_nonhuman/u19361-workspace/allen/rf/zebra/rawresults/ephys/sub-830794_ses-ecephys-830794-2026-01-26-12-02-05_ecephys/ProbeB/trial_0/phase_0/lib_ab4a70858e/lib_ab4a70858e__delay_0.0__dur_0.15000000000000002.h5
b5d5a326-a9eb-4704-beb7-1c7d025f06ec,0.1,0.25,ab4a70858e,0.09369508177042007,-11.64179104477612,13.443396226415096,112.48408527317332,21.49,27,19,5,1.5707963267948966,4,6.0,11,1.2,/mnt/ceph-ssd/workspaces/ws/cidbn_wibral_neuro_nonhuman/u19361-workspace/allen/rf/zebra/rawresults/ephys/sub-830794_ses-ecephys-830794-2026-01-26-12-02-05_ecephys/ProbeB/trial_0/phase_0/lib_ab4a70858e/lib_ab4a70858e__delay_0.1__dur_0.25.h5
b66cc11a-cfa1-4ee7-b225-6cbdaeaae992,0.02,0.1,ab4a70858e,0.15794244408607483,-17.014925373134325,8.066037735849058,45.02251307527088,21.49,24,22,2,0.6283185307179586,4,6.0,12,1.3,/mnt/ceph-ssd/workspaces/ws/cidbn_wibral_neuro_nonhuman/u19361-workspace/allen/rf/zebra/rawresults/ephys/sub-830794_ses-ecephys-830794-2026-01-26-12-02-05_ecephys/ProbeB/trial_0/phase_0/lib_ab4a70858e/lib_ab4a70858e__delay_0.02__dur_0.1.h5
b773db6a-5e25-4328-af2d-75989d58ded4,0.05,0.25,ab4a70858e,0.07993652671575546,-49.25373134328358,-24.19811320754717,0.0,28.65,6,40,0,0.0,5,8.0,11,1.2,/mnt/ceph-ssd/workspaces/ws/cidbn_wibral_neuro_nonhuman/u19361-workspace/allen/rf/zebra/rawresults/ephys/sub-830794_ses-ecephys-830794-2026-01-26-12-02-05_ecephys/ProbeB/trial_0/phase_0/lib_ab4a70858e/lib_ab4a70858e__delay_0.05__dur_0.25.h5
b77958d6-9110-499d-b333-3987d573c428,0.07,0.15000000000000002,ab4a70858e,0.07910047471523285,51.04477611940298,45.70754716981132,67.51591472682667,21.49,62,1,3,0.9424777960769379,4,6.0,9,0.1,/mnt/ceph-ssd/workspaces/ws/cidbn_wibral_neuro_nonhuman/u19361-workspace/allen/rf/zebra/rawresults/ephys/sub-830794_ses-ecephys-830794-2026-01-26-12-02-05_ecephys/ProbeB/trial_0/phase_0/lib_ab4a70858e/lib_ab4a70858e__delay_0.07__dur_0.15000000000000002.h5
b7c2ea4d-4f64-43e9-b7c2-1bee1ce8f4f9,0.01,0.25,ab4a70858e,0.18611523509025574,-25.970149253731343,0.8962264150943398,67.51591472682667,17.91,19,26,3,0.9424777960769379,3,5.0,12,1.3,/mnt/ceph-ssd/workspaces/ws/cidbn_wibral_neuro_nonhuman/u19361-workspace/allen/rf/zebra/rawresults/ephys/sub-830794_ses-ecephys-830794-2026-01-26-12-02-05_ecephys/ProbeB/trial_0/phase_0/lib_ab4a70858e/lib_ab4a70858e__delay_0.01__dur_0.25.h5
b88a3e89-cfc0-4497-bfef-2bb9eb8a5846,0.12,0.25,ab4a70858e,0.07522215694189072,2.6865671641791096,25.990566037735846,0.0,17.91,35,12,0,0.0,3,5.0,7,0.08,/mnt/ceph-ssd/workspaces/ws/cidbn_wibral_neuro_nonhuman/u19361-workspace/allen/rf/zebra/rawresults/ephys/sub-830794_ses-ecephys-830794-2026-01-26-12-02-05_ecephys/ProbeB/trial_0/phase_0/lib_ab4a70858e/lib_ab4a70858e__delay_0.12__dur_0.25.h5
b94db03f-bc67-4054-80ed-5c75b2aacddc,0.09,0.1,ab4a70858e,0.07500504702329636,-40.298507462686565,-8.066037735849058,0.0,28.65,11,31,0,0.0,5,8.0,11,1.2,/mnt/ceph-ssd/workspaces/ws/cidbn_wibral_neuro_nonhuman/u19361-workspace/allen/rf/zebra/rawresults/ephys/sub-830794_ses-ecephys-830794-2026-01-26-12-02-05_ecephys/ProbeB/trial_0/phase_0/lib_ab4a70858e/lib_ab4a70858e__delay_0.09__dur_0.1.h5
bb345a4a-6a4f-4b40-b561-8da1d2f3ef7b,0.0,0.15000000000000002,ab4a70858e,0.1795755922794342,29.55223880597015,24.198113207547166,157.4840764271708,21.49,50,13,7,2.199114857512855,4,6.0,12,1.3,/mnt/ceph-ssd/workspaces/ws/cidbn_wibral_neuro_nonhuman/u19361-workspace/allen/rf/zebra/rawresults/ephys/sub-830794_ses-ecephys-830794-2026-01-26-12-02-05_ecephys/ProbeB/trial_0/phase_0/lib_ab4a70858e/lib_ab4a70858e__delay_0.0__dur_0.15000000000000002.h5
bb393114-bc09-45ea-a998-81acc22050c9,0.01,0.05,ab4a70858e,0.0,-60.0,47.5,0.0,7.16,0,0,0,0.0,0,2.0,0,0.01,/mnt/ceph-ssd/workspaces/ws/cidbn_wibral_neuro_nonhuman/u19361-workspace/allen/rf/zebra/rawresults/ephys/sub-830794_ses-ecephys-830794-2026-01-26-12-02-05_ecephys/ProbeB/trial_0/phase_0/lib_ab4a70858e/lib_ab4a70858e__delay_0.01__dur_0.05.h5
bc3fec1e-1791-4e8d-ae90-4a14afbc57d3,0.0,0.25,ab4a70858e,0.0895523652434349,-22.388059701492537,-31.367924528301888,112.48408527317332,14.32,21,44,5,1.5707963267948966,2,4.0,11,1.2,/mnt/ceph-ssd/workspaces/ws/cidbn_wibral_neuro_nonhuman/u19361-workspace/allen/rf/zebra/rawresults/ephys/sub-830794_ses-ecephys-830794-2026-01-26-12-02-05_ecephys/ProbeB/trial_0/phase_0/lib_ab4a70858e/lib_ab4a70858e__delay_0.0__dur_0.25.h5
bca55da3-1e80-4450-b03e-c5f9a0ad85c1,0.07,0.25,ab4a70858e,0.09818916767835617,-43.88059701492537,18.820754716981128,45.02251307527088,7.16,9,16,2,0.6283185307179586,0,2.0,12,1.3,/mnt/ceph-ssd/workspaces/ws/cidbn_wibral_neuro_nonhuman/u19361-workspace/allen/rf/zebra/rawresults/ephys/sub-830794_ses-ecephys-830794-2026-01-26-12-02-05_ecephys/ProbeB/trial_0/phase_0/lib_ab4a70858e/lib_ab4a70858e__delay_0.07__dur_0.25.h5
bdca2233-05d5-487d-aefe-3aa93a31f6f6,0.01,0.05,ab4a70858e,0.0,-60.0,47.5,0.0,7.16,0,0,0,0.0,0,2.0,0,0.01,/mnt/ceph-ssd/workspaces/ws/cidbn_wibral_neuro_nonhuman/u19361-workspace/allen/rf/zebra/rawresults/ephys/sub-830794_ses-ecephys-830794-2026-01-26-12-02-05_ecephys/ProbeB/trial_0/phase_0/lib_ab4a70858e/lib_ab4a70858e__delay_0.01__dur_0.05.h5
be2f3f64-6848-4710-9f02-430f0f72b606,0.0,0.15000000000000002,ab4a70858e,0.07921449840068817,-2.6865671641791025,-2.6886792452830193,180.0,21.49,32,28,8,2.5132741228718345,4,6.0,9,0.1,/mnt/ceph-ssd/workspaces/ws/cidbn_wibral_neuro_nonhuman/u19361-workspace/allen/rf/zebra/rawresults/ephys/sub-830794_ses-ecephys-830794-2026-01-26-12-02-05_ecephys/ProbeB/trial_0/phase_0/lib_ab4a70858e/lib_ab4a70858e__delay_0.0__dur_0.15000000000000002.h5
beb655e9-34fe-4a97-8205-0418672ab040,0.01,0.25,ab4a70858e,0.0815349593758583,33.13432835820896,4.481132075471699,180.0,10.74,52,24,8,2.5132741228718345,1,3.0,8,0.09,/mnt/ceph-ssd/workspaces/ws/cidbn_wibral_neuro_nonhuman/u19361-workspace/allen/rf/zebra/rawresults/ephys/sub-830794_ses-ecephys-830794-2026-01-26-12-02-05_ecephys/ProbeB/trial_0/phase_0/lib_ab4a70858e/lib_ab4a70858e__delay_0.01__dur_0.25.h5
bf2d1fc4-b105-473f-9e7c-5fb1adb3acf6,0.02,0.2,ab4a70858e,0.09969152510166168,-8.059701492537314,8.066037735849058,22.515923572829195,28.65,29,22,1,0.3141592653589793,5,8.0,9,0.1,/mnt/ceph-ssd/workspaces/ws/cidbn_wibral_neuro_nonhuman/u19361-workspace/allen/rf/zebra/rawresults/ephys/sub-830794_ses-ecephys-830794-2026-01-26-12-02-05_ecephys/ProbeB/trial_0/phase_0/lib_ab4a70858e/lib_ab4a70858e__delay_0.02__dur_0.2.h5
bf9490e5-9ec1-42b7-9b72-16878a6141f8,0.03,0.1,ab4a70858e,0.22564029693603516,25.97014925373135,11.650943396226417,90.0,7.16,48,20,4,1.2566370614359172,0,2.0,6,0.07,/mnt/ceph-ssd/workspaces/ws/cidbn_wibral_neuro_nonhuman/u19361-workspace/allen/rf/zebra/rawresults/ephys/sub-830794_ses-ecephys-830794-2026-01-26-12-02-05_ecephys/ProbeB/trial_0/phase_0/lib_ab4a70858e/lib_ab4a70858e__delay_0.03__dur_0.1.h5
bfb251b7-d929-4b38-92be-bec8976fc4c8,0.01,0.05,ab4a70858e,0.0,-60.0,47.5,0.0,7.16,0,0,0,0.0,0,2.0,0,0.01,/mnt/ceph-ssd/workspaces/ws/cidbn_wibral_neuro_nonhuman/u19361-workspace/allen/rf/zebra/rawresults/ephys/sub-830794_ses-ecephys-830794-2026-01-26-12-02-05_ecephys/ProbeB/trial_0/phase_0/lib_ab4a70858e/lib_ab4a70858e__delay_0.01__dur_0.05.h5
c0be038c-0fc6-4a1c-ac5c-08c70a94de49,0.0,0.1,ab4a70858e,0.10033157467842102,38.507462686567166,-8.066037735849058,90.0,14.32,55,31,4,1.2566370614359172,2,4.0,4,0.05,/mnt/ceph-ssd/workspaces/ws/cidbn_wibral_neuro_nonhuman/u19361-workspace/allen/rf/zebra/rawresults/ephys/sub-830794_ses-ecephys-830794-2026-01-26-12-02-05_ecephys/ProbeB/trial_0/phase_0/lib_ab4a70858e/lib_ab4a70858e__delay_0.0__dur_0.1.h5
c0d7cb1f-6362-4da4-a872-ee08812b20a8,0.11,0.1,ab4a70858e,0.08883482962846756,6.268656716417908,-42.12264150943396,180.0,17.91,37,50,8,2.5132741228718345,3,5.0,9,0.1,/mnt/ceph-ssd/workspaces/ws/cidbn_wibral_neuro_nonhuman/u19361-workspace/allen/rf/zebra/rawresults/ephys/sub-830794_ses-ecephys-830794-2026-01-26-12-02-05_ecephys/ProbeB/trial_0/phase_0/lib_ab4a70858e/lib_ab4a70858e__delay_0.11__dur_0.1.h5
c13626bc-9374-491d-a246-b6d0d130278e,0.07,0.1,ab4a70858e,0.08176399767398834,-15.223880597014926,6.273584905660378,112.48408527317332,17.91,25,23,5,1.5707963267948966,3,5.0,11,1.2,/mnt/ceph-ssd/workspaces/ws/cidbn_wibral_neuro_nonhuman/u19361-workspace/allen/rf/zebra/rawresults/ephys/sub-830794_ses-ecephys-830794-2026-01-26-12-02-05_ecephys/ProbeB/trial_0/phase_0/lib_ab4a70858e/lib_ab4a70858e__delay_0.07__dur_0.1.h5
c152f2ac-1444-448a-8915-c7b47d416774,0.01,0.05,ab4a70858e,0.0,-60.0,47.5,0.0,7.16,0,0,0,0.0,0,2.0,0,0.01,/mnt/ceph-ssd/workspaces/ws/cidbn_wibral_neuro_nonhuman/u19361-workspace/allen/rf/zebra/rawresults/ephys/sub-830794_ses-ecephys-830794-2026-01-26-12-02-05_ecephys/ProbeB/trial_0/phase_0/lib_ab4a70858e/lib_ab4a70858e__delay_0.01__dur_0.05.h5
c243123c-f839-4622-9b5b-47ebdb871356,0.11,0.2,ab4a70858e,0.08531668782234192,-9.850746268656714,-8.066037735849058,0.0,10.74,28,31,0,0.0,1,3.0,11,1.2,/mnt/ceph-ssd/workspaces/ws/cidbn_wibral_neuro_nonhuman/u19361-workspace/allen/rf/zebra/rawresults/ephys/sub-830794_ses-ecephys-830794-2026-01-26-12-02-05_ecephys/ProbeB/trial_0/phase_0/lib_ab4a70858e/lib_ab4a70858e__delay_0.11__dur_0.2.h5
c265ebe6-dea2-44e2-8502-6a663dd9a656,0.11,0.15000000000000002,ab4a70858e,0.08191264420747757,-43.88059701492537,-8.066037735849058,157.4840764271708,10.74,9,31,7,2.199114857512855,1,3.0,12,1.3,/mnt/ceph-ssd/workspaces/ws/cidbn_wibral_neuro_nonhuman/u19361-workspace/allen/rf/zebra/rawresults/ephys/sub-830794_ses-ecephys-830794-2026-01-26-12-02-05_ecephys/ProbeB/trial_0/phase_0/lib_ab4a70858e/lib_ab4a70858e__delay_0.11__dur_0.15000000000000002.h5
c368cca9-0c58-4d18-8f1b-f2d2326ff892,0.04,0.25,ab4a70858e,0.07461493462324142,9.85074626865672,-0.8962264150943398,0.0,28.65,39,27,0,0.0,5,8.0,3,0.04,/mnt/ceph-ssd/workspaces/ws/cidbn_wibral_neuro_nonhuman/u19361-workspace/allen/rf/zebra/rawresults/ephys/sub-830794_ses-ecephys-830794-2026-01-26-12-02-05_ecephys/ProbeB/trial_0/phase_0/lib_ab4a70858e/lib_ab4a70858e__delay_0.04__dur_0.25.h5
c402bb45-3a73-4344-89ed-99a048e5709a,0.09,0.15000000000000002,ab4a70858e,0.07454925030469894,17.014925373134332,25.990566037735846,112.48408527317332,14.32,43,12,5,1.5707963267948966,2,4.0,8,0.09,/mnt/ceph-ssd/workspaces/ws/cidbn_wibral_neuro_nonhuman/u19361-workspace/allen/rf/zebra/rawresults/ephys/sub-830794_ses-ecephys-830794-2026-01-26-12-02-05_ecephys/ProbeB/trial_0/phase_0/lib_ab4a70858e/lib_ab4a70858e__delay_0.09__dur_0.15000000000000002.h5
c4b6f077-7c26-4b05-8670-653e076eb415,0.05,0.15000000000000002,ab4a70858e,0.1404333859682083,-6.268656716417908,-34.95283018867924,45.02251307527088,17.91,30,46,2,0.6283185307179586,3,5.0,12,1.3,/mnt/ceph-ssd/workspaces/ws/cidbn_wibral_neuro_nonhuman/u19361-workspace/allen/rf/zebra/rawresults/ephys/sub-830794_ses-ecephys-830794-2026-01-26-12-02-05_ecephys/ProbeB/trial_0/phase_0/lib_ab4a70858e/lib_ab4a70858e__delay_0.05__dur_0.15000000000000002.h5
c4f534bb-e1f1-4b4b-97ff-e5b48c25f05b,0.07,0.25,ab4a70858e,0.08631996810436249,13.43283582089552,38.5377358490566,0.0,10.74,41,5,0,0.0,1,3.0,9,0.1,/mnt/ceph-ssd/workspaces/ws/cidbn_wibral_neuro_nonhuman/u19361-workspace/allen/rf/zebra/rawresults/ephys/sub-830794_ses-ecephys-830794-2026-01-26-12-02-05_ecephys/ProbeB/trial_0/phase_0/lib_ab4a70858e/lib_ab4a70858e__delay_0.07__dur_0.25.h5
c5224c67-0ca5-488d-a7e4-207bcb53a7d0,0.05,0.1,ab4a70858e,0.08348298072814941,-11.64179104477612,17.02830188679245,22.515923572829195,28.65,27,17,1,0.3141592653589793,5,8.0,9,0.1,/mnt/ceph-ssd/workspaces/ws/cidbn_wibral_neuro_nonhuman/u19361-workspace/allen/rf/zebra/rawresults/ephys/sub-830794_ses-ecephys-830794-2026-01-26-12-02-05_ecephys/ProbeB/trial_0/phase_0/lib_ab4a70858e/lib_ab4a70858e__delay_0.05__dur_0.1.h5
c54d7f6b-0084-475b-8482-4be6f26321f8,0.09,0.25,ab4a70858e,0.11781489849090576,34.92537313432837,9.858490566037737,0.0,21.49,53,21,0,0.0,4,6.0,11,1.2,/mnt/ceph-ssd/workspaces/ws/cidbn_wibral_neuro_nonhuman/u19361-workspace/allen/rf/zebra/rawresults/ephys/sub-830794_ses-ecephys-830794-2026-01-26-12-02-05_ecephys/ProbeB/trial_0/phase_0/lib_ab4a70858e/lib_ab4a70858e__delay_0.09__dur_0.25.h5
c69bdbb3-3a30-4e52-bf84-aff3c326e871,0.0,0.25,ab4a70858e,0.07317128032445908,47.462686567164184,36.74528301886792,157.4840764271708,28.65,60,6,7,2.199114857512855,5,8.0,9,0.1,/mnt/ceph-ssd/workspaces/ws/cidbn_wibral_neuro_nonhuman/u19361-workspace/allen/rf/zebra/rawresults/ephys/sub-830794_ses-ecephys-830794-2026-01-26-12-02-05_ecephys/ProbeB/trial_0/phase_0/lib_ab4a70858e/lib_ab4a70858e__delay_0.0__dur_0.25.h5
c73fbe6c-c6cf-4105-b82d-07677898dd48,0.02,0.1,ab4a70858e,0.11614389717578888,-36.71641791044776,-29.57547169811321,134.9774869247291,7.16,13,43,6,1.8849555921538759,0,2.0,8,0.09,/mnt/ceph-ssd/workspaces/ws/cidbn_wibral_neuro_nonhuman/u19361-workspace/allen/rf/zebra/rawresults/ephys/sub-830794_ses-ecephys-830794-2026-01-26-12-02-05_ecephys/ProbeB/trial_0/phase_0/lib_ab4a70858e/lib_ab4a70858e__delay_0.02__dur_0.1.h5
c78ce5c1-9c4f-41cd-aa4e-8b32090e4b21,0.12,0.25,ab4a70858e,0.07407814264297485,-15.223880597014926,6.273584905660378,157.4840764271708,14.32,25,23,7,2.199114857512855,2,4.0,12,1.3,/mnt/ceph-ssd/workspaces/ws/cidbn_wibral_neuro_nonhuman/u19361-workspace/allen/rf/zebra/rawresults/ephys/sub-830794_ses-ecephys-830794-2026-01-26-12-02-05_ecephys/ProbeB/trial_0/phase_0/lib_ab4a70858e/lib_ab4a70858e__delay_0.12__dur_0.25.h5
c85b7c67-1164-4954-91c0-ee5c9296fcb9,0.11,0.25,ab4a70858e,0.0781819224357605,-36.71641791044776,20.613207547169807,112.48408527317332,7.16,13,15,5,1.5707963267948966,0,2.0,11,1.2,/mnt/ceph-ssd/workspaces/ws/cidbn_wibral_neuro_nonhuman/u19361-workspace/allen/rf/zebra/rawresults/ephys/sub-830794_ses-ecephys-830794-2026-01-26-12-02-05_ecephys/ProbeB/trial_0/phase_0/lib_ab4a70858e/lib_ab4a70858e__delay_0.11__dur_0.25.h5
c9770628-4bdd-4fde-b1b4-4e95ea5237ac,0.06,0.1,ab4a70858e,0.08169237524271011,-38.507462686567166,45.70754716981132,67.51591472682667,7.16,12,1,3,0.9424777960769379,0,2.0,12,1.3,/mnt/ceph-ssd/workspaces/ws/cidbn_wibral_neuro_nonhuman/u19361-workspace/allen/rf/zebra/rawresults/ephys/sub-830794_ses-ecephys-830794-2026-01-26-12-02-05_ecephys/ProbeB/trial_0/phase_0/lib_ab4a70858e/lib_ab4a70858e__delay_0.06__dur_0.1.h5
c9aadb9c-3215-44cc-a485-408c046064d7,0.07,0.25,ab4a70858e,0.07602650672197342,24.179104477611943,-24.19811320754717,45.02251307527088,21.49,47,40,2,0.6283185307179586,4,6.0,9,0.1,/mnt/ceph-ssd/workspaces/ws/cidbn_wibral_neuro_nonhuman/u19361-workspace/allen/rf/zebra/rawresults/ephys/sub-830794_ses-ecephys-830794-2026-01-26-12-02-05_ecephys/ProbeB/trial_0/phase_0/lib_ab4a70858e/lib_ab4a70858e__delay_0.07__dur_0.25.h5
cb6594db-53d8-4604-a8e6-cca045172ac5,0.09,0.2,ab4a70858e,0.07527343928813934,-34.92537313432835,-15.235849056603776,0.0,10.74,14,35,0,0.0,1,3.0,11,1.2,/mnt/ceph-ssd/workspaces/ws/cidbn_wibral_neuro_nonhuman/u19361-workspace/allen/rf/zebra/rawresults/ephys/sub-830794_ses-ecephys-830794-2026-01-26-12-02-05_ecephys/ProbeB/trial_0/phase_0/lib_ab4a70858e/lib_ab4a70858e__delay_0.09__dur_0.2.h5
cb9a21de-5a28-4e73-87d7-843c958eee23,0.07,0.1,ab4a70858e,0.07755886763334274,-47.46268656716418,18.820754716981128,22.515923572829195,21.49,7,16,1,0.3141592653589793,4,6.0,8,0.09,/mnt/ceph-ssd/workspaces/ws/cidbn_wibral_neuro_nonhuman/u19361-workspace/allen/rf/zebra/rawresults/ephys/sub-830794_ses-ecephys-830794-2026-01-26-12-02-05_ecephys/ProbeB/trial_0/phase_0/lib_ab4a70858e/lib_ab4a70858e__delay_0.07__dur_0.1.h5
cc32b80b-c8e6-43c1-b78b-05199d5ee08f,0.01,0.05,ab4a70858e,0.0,-60.0,47.5,0.0,7.16,0,0,0,0.0,0,2.0,0,0.01,/mnt/ceph-ssd/workspaces/ws/cidbn_wibral_neuro_nonhuman/u19361-workspace/allen/rf/zebra/rawresults/ephys/sub-830794_ses-ecephys-830794-2026-01-26-12-02-05_ecephys/ProbeB/trial_0/phase_0/lib_ab4a70858e/lib_ab4a70858e__delay_0.01__dur_0.05.h5
ccd66abd-8735-4a9a-a4d9-5b1aaf976336,0.08,0.2,ab4a70858e,0.08283227682113647,-20.59701492537313,-4.481132075471699,90.0,10.74,22,29,4,1.2566370614359172,1,3.0,9,0.1,/mnt/ceph-ssd/workspaces/ws/cidbn_wibral_neuro_nonhuman/u19361-workspace/allen/rf/zebra/rawresults/ephys/sub-830794_ses-ecephys-830794-2026-01-26-12-02-05_ecephys/ProbeB/trial_0/phase_0/lib_ab4a70858e/lib_ab4a70858e__delay_0.08__dur_0.2.h5
ccf5fc0f-4e8b-47e4-8061-fe29a1c61650,0.04,0.15000000000000002,ab4a70858e,0.08154793083667755,-29.55223880597015,4.481132075471699,157.4840764271708,10.74,17,24,7,2.199114857512855,1,3.0,7,0.08,/mnt/ceph-ssd/workspaces/ws/cidbn_wibral_neuro_nonhuman/u19361-workspace/allen/rf/zebra/rawresults/ephys/sub-830794_ses-ecephys-830794-2026-01-26-12-02-05_ecephys/ProbeB/trial_0/phase_0/lib_ab4a70858e/lib_ab4a70858e__delay_0.04__dur_0.15000000000000002.h5
cd8bd9a2-da1d-446c-b480-0e5c28bf851a,0.06,0.2,ab4a70858e,0.07538232207298279,11.641791044776127,-34.95283018867924,45.02251307527088,7.16,40,46,2,0.6283185307179586,0,2.0,9,0.1,/mnt/ceph-ssd/workspaces/ws/cidbn_wibral_neuro_nonhuman/u19361-workspace/allen/rf/zebra/rawresults/ephys/sub-830794_ses-ecephys-830794-2026-01-26-12-02-05_ecephys/ProbeB/trial_0/phase_0/lib_ab4a70858e/lib_ab4a70858e__delay_0.06__dur_0.2.h5
cde310db-8e69-420f-b09c-21bdaf6e76b3,0.08,0.1,ab4a70858e,0.08867166191339493,25.97014925373135,-22.40566037735849,67.51591472682667,28.65,48,39,3,0.9424777960769379,5,8.0,2,0.03,/mnt/ceph-ssd/workspaces/ws/cidbn_wibral_neuro_nonhuman/u19361-workspace/allen/rf/zebra/rawresults/ephys/sub-830794_ses-ecephys-830794-2026-01-26-12-02-05_ecephys/ProbeB/trial_0/phase_0/lib_ab4a70858e/lib_ab4a70858e__delay_0.08__dur_0.1.h5
ce81511a-fdf0-4602-b402-3ea3bf5dcc29,0.11,0.25,ab4a70858e,0.10280316323041916,-33.134328358208954,-22.40566037735849,112.48408527317332,17.91,15,39,5,1.5707963267948966,3,5.0,11,1.2,/mnt/ceph-ssd/workspaces/ws/cidbn_wibral_neuro_nonhuman/u19361-workspace/allen/rf/zebra/rawresults/ephys/sub-830794_ses-ecephys-830794-2026-01-26-12-02-05_ecephys/ProbeB/trial_0/phase_0/lib_ab4a70858e/lib_ab4a70858e__delay_0.11__dur_0.25.h5
ce99f325-c0a9-4844-9051-661d8ea73f34,0.0,0.15000000000000002,ab4a70858e,0.12670694291591644,-13.43283582089552,8.066037735849058,180.0,21.49,26,22,8,2.5132741228718345,4,6.0,12,1.3,/mnt/ceph-ssd/workspaces/ws/cidbn_wibral_neuro_nonhuman/u19361-workspace/allen/rf/zebra/rawresults/ephys/sub-830794_ses-ecephys-830794-2026-01-26-12-02-05_ecephys/ProbeB/trial_0/phase_0/lib_ab4a70858e/lib_ab4a70858e__delay_0.0__dur_0.15000000000000002.h5
cec67e03-ddb6-4c63-b85a-2a15158a1a7c,0.01,0.05,ab4a70858e,0.0,-60.0,47.5,0.0,7.16,0,0,0,0.0,0,2.0,0,0.01,/mnt/ceph-ssd/workspaces/ws/cidbn_wibral_neuro_nonhuman/u19361-workspace/allen/rf/zebra/rawresults/ephys/sub-830794_ses-ecephys-830794-2026-01-26-12-02-05_ecephys/ProbeB/trial_0/phase_0/lib_ab4a70858e/lib_ab4a70858e__delay_0.01__dur_0.05.h5
cefb2021-c371-4775-97a9-e8702246a723,0.12,0.2,ab4a70858e,0.09829933196306229,24.179104477611943,9.858490566037737,157.4840764271708,28.65,47,21,7,2.199114857512855,5,8.0,7,0.08,/mnt/ceph-ssd/workspaces/ws/cidbn_wibral_neuro_nonhuman/u19361-workspace/allen/rf/zebra/rawresults/ephys/sub-830794_ses-ecephys-830794-2026-01-26-12-02-05_ecephys/ProbeB/trial_0/phase_0/lib_ab4a70858e/lib_ab4a70858e__delay_0.12__dur_0.2.h5
cf5fbf38-7eab-4a97-abc6-7892bdb90bf0,0.01,0.05,ab4a70858e,0.0,-60.0,47.5,0.0,7.16,0,0,0,0.0,0,2.0,0,0.01,/mnt/ceph-ssd/workspaces/ws/cidbn_wibral_neuro_nonhuman/u19361-workspace/allen/rf/zebra/rawresults/ephys/sub-830794_ses-ecephys-830794-2026-01-26-12-02-05_ecephys/ProbeB/trial_0/phase_0/lib_ab4a70858e/lib_ab4a70858e__delay_0.01__dur_0.05.h5
cfc24af2-1644-40c7-b15b-5d9bb5d4c633,0.1,0.25,ab4a70858e,0.12429453432559967,-47.46268656716418,31.367924528301884,90.0,10.74,7,9,4,1.2566370614359172,1,3.0,12,1.3,/mnt/ceph-ssd/workspaces/ws/cidbn_wibral_neuro_nonhuman/u19361-workspace/allen/rf/zebra/rawresults/ephys/sub-830794_ses-ecephys-830794-2026-01-26-12-02-05_ecephys/ProbeB/trial_0/phase_0/lib_ab4a70858e/lib_ab4a70858e__delay_0.1__dur_0.25.h5
d01fc79a-4d2b-491c-b7a8-261259c41431,0.09,0.25,ab4a70858e,0.11883282661437988,-22.388059701492537,-29.57547169811321,67.51591472682667,10.74,21,43,3,0.9424777960769379,1,3.0,12,1.3,/mnt/ceph-ssd/workspaces/ws/cidbn_wibral_neuro_nonhuman/u19361-workspace/allen/rf/zebra/rawresults/ephys/sub-830794_ses-ecephys-830794-2026-01-26-12-02-05_ecephys/ProbeB/trial_0/phase_0/lib_ab4a70858e/lib_ab4a70858e__delay_0.09__dur_0.25.h5
d0aaf5cc-0e85-4c7d-a579-932412b2de75,0.09,0.2,ab4a70858e,0.09191782772541046,33.13432835820896,-2.6886792452830193,22.515923572829163,14.32,52,28,9,2.827433388230814,2,4.0,7,0.08,/mnt/ceph-ssd/workspaces/ws/cidbn_wibral_neuro_nonhuman/u19361-workspace/allen/rf/zebra/rawresults/ephys/sub-830794_ses-ecephys-830794-2026-01-26-12-02-05_ecephys/ProbeB/trial_0/phase_0/lib_ab4a70858e/lib_ab4a70858e__delay_0.09__dur_0.2.h5
d1573f56-fcd7-401d-a0ba-96521b5ad275,0.12,0.25,ab4a70858e,0.07549344748258591,-27.761194029850742,-17.028301886792452,112.48408527317332,28.65,18,36,5,1.5707963267948966,5,8.0,9,0.1,/mnt/ceph-ssd/workspaces/ws/cidbn_wibral_neuro_nonhuman/u19361-workspace/allen/rf/zebra/rawresults/ephys/sub-830794_ses-ecephys-830794-2026-01-26-12-02-05_ecephys/ProbeB/trial_0/phase_0/lib_ab4a70858e/lib_ab4a70858e__delay_0.12__dur_0.25.h5
d18ab2f0-17f7-44ea-b810-0edfbfc56408,0.06,0.25,ab4a70858e,0.07185272872447968,17.014925373134332,-24.19811320754717,0.0,14.32,43,40,0,0.0,2,4.0,11,1.2,/mnt/ceph-ssd/workspaces/ws/cidbn_wibral_neuro_nonhuman/u19361-workspace/allen/rf/zebra/rawresults/ephys/sub-830794_ses-ecephys-830794-2026-01-26-12-02-05_ecephys/ProbeB/trial_0/phase_0/lib_ab4a70858e/lib_ab4a70858e__delay_0.06__dur_0.25.h5
d25c3f71-d6f5-4f41-a26a-8df47e716448,0.09,0.15000000000000002,ab4a70858e,0.08645757287740707,-2.6865671641791025,34.95283018867924,22.515923572829195,28.65,32,7,1,0.3141592653589793,5,8.0,6,0.07,/mnt/ceph-ssd/workspaces/ws/cidbn_wibral_neuro_nonhuman/u19361-workspace/allen/rf/zebra/rawresults/ephys/sub-830794_ses-ecephys-830794-2026-01-26-12-02-05_ecephys/ProbeB/trial_0/phase_0/lib_ab4a70858e/lib_ab4a70858e__delay_0.09__dur_0.15000000000000002.h5
d352e1ff-98d2-4fd2-bb9c-90e7b1bcce94,0.11,0.15000000000000002,ab4a70858e,0.11407463252544403,-40.298507462686565,2.6886792452830193,157.4840764271708,14.32,11,25,7,2.199114857512855,2,4.0,12,1.3,/mnt/ceph-ssd/workspaces/ws/cidbn_wibral_neuro_nonhuman/u19361-workspace/allen/rf/zebra/rawresults/ephys/sub-830794_ses-ecephys-830794-2026-01-26-12-02-05_ecephys/ProbeB/trial_0/phase_0/lib_ab4a70858e/lib_ab4a70858e__delay_0.11__dur_0.15000000000000002.h5
d54386ae-563a-4962-b0f6-fa66c2359da4,0.01,0.15000000000000002,ab4a70858e,0.07848867028951645,-42.089552238805965,31.367924528301884,0.0,10.74,10,9,0,0.0,1,3.0,11,1.2,/mnt/ceph-ssd/workspaces/ws/cidbn_wibral_neuro_nonhuman/u19361-workspace/allen/rf/zebra/rawresults/ephys/sub-830794_ses-ecephys-830794-2026-01-26-12-02-05_ecephys/ProbeB/trial_0/phase_0/lib_ab4a70858e/lib_ab4a70858e__delay_0.01__dur_0.15000000000000002.h5
d56029a4-fdf7-46f5-96ef-a6bef1b1d755,0.0,0.25,ab4a70858e,0.0786731168627739,-47.46268656716418,11.650943396226417,112.48408527317332,17.91,7,20,5,1.5707963267948966,3,5.0,7,0.08,/mnt/ceph-ssd/workspaces/ws/cidbn_wibral_neuro_nonhuman/u19361-workspace/allen/rf/zebra/rawresults/ephys/sub-830794_ses-ecephys-830794-2026-01-26-12-02-05_ecephys/ProbeB/trial_0/phase_0/lib_ab4a70858e/lib_ab4a70858e__delay_0.0__dur_0.25.h5
d56134c5-d710-4cf8-b6c0-d8abfb47f612,0.04,0.2,ab4a70858e,0.07596267759799957,-34.92537313432835,15.235849056603776,180.0,7.16,14,18,8,2.5132741228718345,0,2.0,9,0.1,/mnt/ceph-ssd/workspaces/ws/cidbn_wibral_neuro_nonhuman/u19361-workspace/allen/rf/zebra/rawresults/ephys/sub-830794_ses-ecephys-830794-2026-01-26-12-02-05_ecephys/ProbeB/trial_0/phase_0/lib_ab4a70858e/lib_ab4a70858e__delay_0.04__dur_0.2.h5
d5898ae4-896f-4251-999c-20b2f720df2e,0.04,0.15000000000000002,ab4a70858e,0.09982629865407944,-13.43283582089552,-24.19811320754717,22.515923572829195,28.65,26,40,1,0.3141592653589793,5,8.0,3,0.04,/mnt/ceph-ssd/workspaces/ws/cidbn_wibral_neuro_nonhuman/u19361-workspace/allen/rf/zebra/rawresults/ephys/sub-830794_ses-ecephys-830794-2026-01-26-12-02-05_ecephys/ProbeB/trial_0/phase_0/lib_ab4a70858e/lib_ab4a70858e__delay_0.04__dur_0.15000000000000002.h5
d59af863-94b4-48e7-ac9a-040178fa7755,0.01,0.05,ab4a70858e,0.0,-60.0,47.5,0.0,7.16,0,0,0,0.0,0,2.0,0,0.01,/mnt/ceph-ssd/workspaces/ws/cidbn_wibral_neuro_nonhuman/u19361-workspace/allen/rf/zebra/rawresults/ephys/sub-830794_ses-ecephys-830794-2026-01-26-12-02-05_ecephys/ProbeB/trial_0/phase_0/lib_ab4a70858e/lib_ab4a70858e__delay_0.01__dur_0.05.h5
d5a1c30b-598b-4a43-b4a6-175add44c03f,0.12,0.2,ab4a70858e,0.08649279177188873,-0.8955223880596961,-15.235849056603776,0.0,10.74,33,35,0,0.0,1,3.0,11,1.2,/mnt/ceph-ssd/workspaces/ws/cidbn_wibral_neuro_nonhuman/u19361-workspace/allen/rf/zebra/rawresults/ephys/sub-830794_ses-ecephys-830794-2026-01-26-12-02-05_ecephys/ProbeB/trial_0/phase_0/lib_ab4a70858e/lib_ab4a70858e__delay_0.12__dur_0.2.h5
d8112adc-8044-4f3c-8e2f-abdd57954c9e,0.0,0.1,ab4a70858e,0.07946617156267166,-33.134328358208954,29.575471698113205,90.0,17.91,15,10,4,1.2566370614359172,3,5.0,9,0.1,/mnt/ceph-ssd/workspaces/ws/cidbn_wibral_neuro_nonhuman/u19361-workspace/allen/rf/zebra/rawresults/ephys/sub-830794_ses-ecephys-830794-2026-01-26-12-02-05_ecephys/ProbeB/trial_0/phase_0/lib_ab4a70858e/lib_ab4a70858e__delay_0.0__dur_0.1.h5
d81e3d30-e069-42b2-a1ef-063dd5213358,0.02,0.25,ab4a70858e,0.08049693703651428,-2.6865671641791025,-9.858490566037737,67.51591472682667,10.74,32,32,3,0.9424777960769379,1,3.0,9,0.1,/mnt/ceph-ssd/workspaces/ws/cidbn_wibral_neuro_nonhuman/u19361-workspace/allen/rf/zebra/rawresults/ephys/sub-830794_ses-ecephys-830794-2026-01-26-12-02-05_ecephys/ProbeB/trial_0/phase_0/lib_ab4a70858e/lib_ab4a70858e__delay_0.02__dur_0.25.h5
d913ad03-e0ed-46e2-b1a2-bd441138cd18,0.12,0.25,ab4a70858e,0.07583659142255783,11.641791044776127,-31.367924528301888,180.0,7.16,40,44,8,2.5132741228718345,0,2.0,9,0.1,/mnt/ceph-ssd/workspaces/ws/cidbn_wibral_neuro_nonhuman/u19361-workspace/allen/rf/zebra/rawresults/ephys/sub-830794_ses-ecephys-830794-2026-01-26-12-02-05_ecephys/ProbeB/trial_0/phase_0/lib_ab4a70858e/lib_ab4a70858e__delay_0.12__dur_0.25.h5
d96795be-0cc2-488b-a771-5e36edcbf1aa,0.03,0.2,ab4a70858e,0.07770875841379166,-9.850746268656714,29.575471698113205,67.51591472682667,10.74,28,10,3,0.9424777960769379,1,3.0,12,1.3,/mnt/ceph-ssd/workspaces/ws/cidbn_wibral_neuro_nonhuman/u19361-workspace/allen/rf/zebra/rawresults/ephys/sub-830794_ses-ecephys-830794-2026-01-26-12-02-05_ecephys/ProbeB/trial_0/phase_0/lib_ab4a70858e/lib_ab4a70858e__delay_0.03__dur_0.2.h5
dabbae87-64fb-493b-8b8e-b6f799fe70b1,0.01,0.15000000000000002,ab4a70858e,0.06848310679197311,31.343283582089555,-11.650943396226417,22.515923572829195,17.91,51,33,1,0.3141592653589793,3,5.0,5,0.06,/mnt/ceph-ssd/workspaces/ws/cidbn_wibral_neuro_nonhuman/u19361-workspace/allen/rf/zebra/rawresults/ephys/sub-830794_ses-ecephys-830794-2026-01-26-12-02-05_ecephys/ProbeB/trial_0/phase_0/lib_ab4a70858e/lib_ab4a70858e__delay_0.01__dur_0.15000000000000002.h5
db1f017f-52ba-4bf6-8a97-d3e0eeba9182,0.01,0.05,ab4a70858e,0.0,-60.0,47.5,0.0,7.16,0,0,0,0.0,0,2.0,0,0.01,/mnt/ceph-ssd/workspaces/ws/cidbn_wibral_neuro_nonhuman/u19361-workspace/allen/rf/zebra/rawresults/ephys/sub-830794_ses-ecephys-830794-2026-01-26-12-02-05_ecephys/ProbeB/trial_0/phase_0/lib_ab4a70858e/lib_ab4a70858e__delay_0.01__dur_0.05.h5
dbcc7e50-4be8-4a64-93fd-3d1cdf329c1b,0.01,0.15000000000000002,ab4a70858e,0.07911530137062073,42.08955223880598,20.613207547169807,22.515923572829195,10.74,57,15,1,0.3141592653589793,1,3.0,9,0.1,/mnt/ceph-ssd/workspaces/ws/cidbn_wibral_neuro_nonhuman/u19361-workspace/allen/rf/zebra/rawresults/ephys/sub-830794_ses-ecephys-830794-2026-01-26-12-02-05_ecephys/ProbeB/trial_0/phase_0/lib_ab4a70858e/lib_ab4a70858e__delay_0.01__dur_0.15000000000000002.h5
dbe92405-9cfd-4483-8913-78ad88705fd3,0.03,0.2,ab4a70858e,0.07433276623487473,-60.0,18.820754716981128,112.48408527317332,7.16,0,16,5,1.5707963267948966,0,2.0,9,0.1,/mnt/ceph-ssd/workspaces/ws/cidbn_wibral_neuro_nonhuman/u19361-workspace/allen/rf/zebra/rawresults/ephys/sub-830794_ses-ecephys-830794-2026-01-26-12-02-05_ecephys/ProbeB/trial_0/phase_0/lib_ab4a70858e/lib_ab4a70858e__delay_0.03__dur_0.2.h5
dc23526f-3bf0-4c73-b6d0-cf767e6278a0,0.12,0.25,ab4a70858e,0.06929133087396622,-33.134328358208954,43.91509433962264,22.515923572829195,14.32,15,2,1,0.3141592653589793,2,4.0,9,0.1,/mnt/ceph-ssd/workspaces/ws/cidbn_wibral_neuro_nonhuman/u19361-workspace/allen/rf/zebra/rawresults/ephys/sub-830794_ses-ecephys-830794-2026-01-26-12-02-05_ecephys/ProbeB/trial_0/phase_0/lib_ab4a70858e/lib_ab4a70858e__delay_0.12__dur_0.25.h5
dc2a9e70-ba78-4f69-a2ee-8a48ddf7f632,0.0,0.2,ab4a70858e,0.08632130920886993,0.8955223880597032,-6.273584905660378,45.02251307527088,21.49,34,30,2,0.6283185307179586,4,6.0,5,0.06,/mnt/ceph-ssd/workspaces/ws/cidbn_wibral_neuro_nonhuman/u19361-workspace/allen/rf/zebra/rawresults/ephys/sub-830794_ses-ecephys-830794-2026-01-26-12-02-05_ecephys/ProbeB/trial_0/phase_0/lib_ab4a70858e/lib_ab4a70858e__delay_0.0__dur_0.2.h5
dc53149f-2987-4878-a62d-bdae2e5198a5,0.02,0.15000000000000002,ab4a70858e,0.105168916285038,-47.46268656716418,18.820754716981128,112.48408527317332,17.91,7,16,5,1.5707963267948966,3,5.0,9,0.1,/mnt/ceph-ssd/workspaces/ws/cidbn_wibral_neuro_nonhuman/u19361-workspace/allen/rf/zebra/rawresults/ephys/sub-830794_ses-ecephys-830794-2026-01-26-12-02-05_ecephys/ProbeB/trial_0/phase_0/lib_ab4a70858e/lib_ab4a70858e__delay_0.02__dur_0.15000000000000002.h5
dc9f558a-d419-481c-b03e-b1719b66dafb,0.08,0.2,ab4a70858e,0.08029526472091675,-29.55223880597015,-0.8962264150943398,180.0,21.49,17,27,8,2.5132741228718345,4,6.0,12,1.3,/mnt/ceph-ssd/workspaces/ws/cidbn_wibral_neuro_nonhuman/u19361-workspace/allen/rf/zebra/rawresults/ephys/sub-830794_ses-ecephys-830794-2026-01-26-12-02-05_ecephys/ProbeB/trial_0/phase_0/lib_ab4a70858e/lib_ab4a70858e__delay_0.08__dur_0.2.h5
dd363885-fc53-46fe-8bb0-0b8a798c208d,0.0,0.2,ab4a70858e,0.06552072614431381,-0.8955223880596961,33.160377358490564,0.0,14.32,33,8,0,0.0,2,4.0,9,0.1,/mnt/ceph-ssd/workspaces/ws/cidbn_wibral_neuro_nonhuman/u19361-workspace/allen/rf/zebra/rawresults/ephys/sub-830794_ses-ecephys-830794-2026-01-26-12-02-05_ecephys/ProbeB/trial_0/phase_0/lib_ab4a70858e/lib_ab4a70858e__delay_0.0__dur_0.2.h5
dd6c013f-bafd-4e29-abe5-80a6bb5e3260,0.06,0.2,ab4a70858e,0.080716572701931,-6.268656716417908,27.783018867924525,67.51591472682667,28.65,30,11,3,0.9424777960769379,5,8.0,6,0.07,/mnt/ceph-ssd/workspaces/ws/cidbn_wibral_neuro_nonhuman/u19361-workspace/allen/rf/zebra/rawresults/ephys/sub-830794_ses-ecephys-830794-2026-01-26-12-02-05_ecephys/ProbeB/trial_0/phase_0/lib_ab4a70858e/lib_ab4a70858e__delay_0.06__dur_0.2.h5
de1540ad-4297-4d71-93ef-83cd4e91b7c1,0.02,0.2,ab4a70858e,0.1094685047864914,-13.43283582089552,-0.8962264150943398,112.48408527317332,10.74,26,27,5,1.5707963267948966,1,3.0,11,1.2,/mnt/ceph-ssd/workspaces/ws/cidbn_wibral_neuro_nonhuman/u19361-workspace/allen/rf/zebra/rawresults/ephys/sub-830794_ses-ecephys-830794-2026-01-26-12-02-05_ecephys/ProbeB/trial_0/phase_0/lib_ab4a70858e/lib_ab4a70858e__delay_0.02__dur_0.2.h5
df2f0a49-7216-4bac-ba14-5581a9f2fd65,0.11,0.15000000000000002,ab4a70858e,0.08148309588432312,-52.83582089552239,2.6886792452830193,112.48408527317332,28.65,4,25,5,1.5707963267948966,5,8.0,9,0.1,/mnt/ceph-ssd/workspaces/ws/cidbn_wibral_neuro_nonhuman/u19361-workspace/allen/rf/zebra/rawresults/ephys/sub-830794_ses-ecephys-830794-2026-01-26-12-02-05_ecephys/ProbeB/trial_0/phase_0/lib_ab4a70858e/lib_ab4a70858e__delay_0.11__dur_0.15000000000000002.h5
df436161-da8d-4da0-8fc8-1d0be44511d9,0.01,0.05,ab4a70858e,0.0,-60.0,47.5,0.0,7.16,0,0,0,0.0,0,2.0,0,0.01,/mnt/ceph-ssd/workspaces/ws/cidbn_wibral_neuro_nonhuman/u19361-workspace/allen/rf/zebra/rawresults/ephys/sub-830794_ses-ecephys-830794-2026-01-26-12-02-05_ecephys/ProbeB/trial_0/phase_0/lib_ab4a70858e/lib_ab4a70858e__delay_0.01__dur_0.05.h5
e0605ad8-32b2-42cf-aaf3-1b795c0e06dd,0.11,0.25,ab4a70858e,0.10140493512153625,-13.43283582089552,38.5377358490566,112.48408527317332,14.32,26,5,5,1.5707963267948966,2,4.0,11,1.2,/mnt/ceph-ssd/workspaces/ws/cidbn_wibral_neuro_nonhuman/u19361-workspace/allen/rf/zebra/rawresults/ephys/sub-830794_ses-ecephys-830794-2026-01-26-12-02-05_ecephys/ProbeB/trial_0/phase_0/lib_ab4a70858e/lib_ab4a70858e__delay_0.11__dur_0.25.h5
e090acdf-3b5b-45e5-b5fd-f1ffa2067db4,0.12,0.25,ab4a70858e,0.09435655921697617,-15.223880597014926,22.405660377358487,112.48408527317332,17.91,25,14,5,1.5707963267948966,3,5.0,11,1.2,/mnt/ceph-ssd/workspaces/ws/cidbn_wibral_neuro_nonhuman/u19361-workspace/allen/rf/zebra/rawresults/ephys/sub-830794_ses-ecephys-830794-2026-01-26-12-02-05_ecephys/ProbeB/trial_0/phase_0/lib_ab4a70858e/lib_ab4a70858e__delay_0.12__dur_0.25.h5
e11c471a-9715-4502-a437-e050b35e3e13,0.12,0.15000000000000002,ab4a70858e,0.11999594420194626,-8.059701492537314,-17.028301886792452,0.0,10.74,29,36,0,0.0,1,3.0,11,1.2,/mnt/ceph-ssd/workspaces/ws/cidbn_wibral_neuro_nonhuman/u19361-workspace/allen/rf/zebra/rawresults/ephys/sub-830794_ses-ecephys-830794-2026-01-26-12-02-05_ecephys/ProbeB/trial_0/phase_0/lib_ab4a70858e/lib_ab4a70858e__delay_0.12__dur_0.15000000000000002.h5
e1233508-ae70-40a8-98ac-7f94cb9aab8c,0.08,0.25,ab4a70858e,0.10753346979618073,-17.014925373134325,-20.61320754716981,157.4840764271708,14.32,24,38,7,2.199114857512855,2,4.0,12,1.3,/mnt/ceph-ssd/workspaces/ws/cidbn_wibral_neuro_nonhuman/u19361-workspace/allen/rf/zebra/rawresults/ephys/sub-830794_ses-ecephys-830794-2026-01-26-12-02-05_ecephys/ProbeB/trial_0/phase_0/lib_ab4a70858e/lib_ab4a70858e__delay_0.08__dur_0.25.h5
e19dac66-7724-4980-9365-89b4c399a573,0.0,0.25,ab4a70858e,0.08131350576877594,34.92537313432837,20.613207547169807,112.48408527317332,7.16,53,15,5,1.5707963267948966,0,2.0,11,1.2,/mnt/ceph-ssd/workspaces/ws/cidbn_wibral_neuro_nonhuman/u19361-workspace/allen/rf/zebra/rawresults/ephys/sub-830794_ses-ecephys-830794-2026-01-26-12-02-05_ecephys/ProbeB/trial_0/phase_0/lib_ab4a70858e/lib_ab4a70858e__delay_0.0__dur_0.25.h5
e1b0bf40-9578-4916-b6f2-3edf80154613,0.06,0.25,ab4a70858e,0.10628346353769302,-22.388059701492537,45.70754716981132,0.0,28.65,21,1,0,0.0,5,8.0,9,0.1,/mnt/ceph-ssd/workspaces/ws/cidbn_wibral_neuro_nonhuman/u19361-workspace/allen/rf/zebra/rawresults/ephys/sub-830794_ses-ecephys-830794-2026-01-26-12-02-05_ecephys/ProbeB/trial_0/phase_0/lib_ab4a70858e/lib_ab4a70858e__delay_0.06__dur_0.25.h5
e1bd9386-750b-4d95-90b7-fe2c11e472df,0.06,0.1,ab4a70858e,0.06548262387514114,40.29850746268657,33.160377358490564,45.02251307527088,21.49,56,8,2,0.6283185307179586,4,6.0,7,0.08,/mnt/ceph-ssd/workspaces/ws/cidbn_wibral_neuro_nonhuman/u19361-workspace/allen/rf/zebra/rawresults/ephys/sub-830794_ses-ecephys-830794-2026-01-26-12-02-05_ecephys/ProbeB/trial_0/phase_0/lib_ab4a70858e/lib_ab4a70858e__delay_0.06__dur_0.1.h5
e1f09b86-385d-4627-b502-5831ea5dfb7d,0.01,0.1,ab4a70858e,0.07044616341590881,11.641791044776127,40.33018867924528,112.48408527317332,10.74,40,4,5,1.5707963267948966,1,3.0,11,1.2,/mnt/ceph-ssd/workspaces/ws/cidbn_wibral_neuro_nonhuman/u19361-workspace/allen/rf/zebra/rawresults/ephys/sub-830794_ses-ecephys-830794-2026-01-26-12-02-05_ecephys/ProbeB/trial_0/phase_0/lib_ab4a70858e/lib_ab4a70858e__delay_0.01__dur_0.1.h5
e37028e5-35c2-4b6a-ae00-fbb2ba38a60d,0.12,0.2,ab4a70858e,0.08170168846845627,-13.43283582089552,-15.235849056603776,90.0,21.49,26,35,4,1.2566370614359172,4,6.0,5,0.06,/mnt/ceph-ssd/workspaces/ws/cidbn_wibral_neuro_nonhuman/u19361-workspace/allen/rf/zebra/rawresults/ephys/sub-830794_ses-ecephys-830794-2026-01-26-12-02-05_ecephys/ProbeB/trial_0/phase_0/lib_ab4a70858e/lib_ab4a70858e__delay_0.12__dur_0.2.h5
e3a07323-0581-4b01-bf85-c90926d706df,0.0,0.25,ab4a70858e,0.0976651981472969,-49.25373134328358,-29.57547169811321,112.48408527317332,10.74,6,43,5,1.5707963267948966,1,3.0,11,1.2,/mnt/ceph-ssd/workspaces/ws/cidbn_wibral_neuro_nonhuman/u19361-workspace/allen/rf/zebra/rawresults/ephys/sub-830794_ses-ecephys-830794-2026-01-26-12-02-05_ecephys/ProbeB/trial_0/phase_0/lib_ab4a70858e/lib_ab4a70858e__delay_0.0__dur_0.25.h5
e46d5977-596b-4a77-912b-849a5e2cdd8b,0.01,0.15000000000000002,ab4a70858e,0.0885266587138176,-17.014925373134325,-2.6886792452830193,67.51591472682667,17.91,24,28,3,0.9424777960769379,3,5.0,12,1.3,/mnt/ceph-ssd/workspaces/ws/cidbn_wibral_neuro_nonhuman/u19361-workspace/allen/rf/zebra/rawresults/ephys/sub-830794_ses-ecephys-830794-2026-01-26-12-02-05_ecephys/ProbeB/trial_0/phase_0/lib_ab4a70858e/lib_ab4a70858e__delay_0.01__dur_0.15000000000000002.h5
e4a63b73-1899-48e2-8720-e0598a61347f,0.0,0.2,ab4a70858e,0.0989430621266365,0.8955223880597032,-22.40566037735849,22.515923572829195,17.91,34,39,1,0.3141592653589793,3,5.0,10,1.1,/mnt/ceph-ssd/workspaces/ws/cidbn_wibral_neuro_nonhuman/u19361-workspace/allen/rf/zebra/rawresults/ephys/sub-830794_ses-ecephys-830794-2026-01-26-12-02-05_ecephys/ProbeB/trial_0/phase_0/lib_ab4a70858e/lib_ab4a70858e__delay_0.0__dur_0.2.h5
e61d8730-c575-439e-8bea-b8014445c949,0.0,0.2,ab4a70858e,0.07345937937498093,-13.43283582089552,-34.95283018867924,112.48408527317332,7.16,26,46,5,1.5707963267948966,0,2.0,11,1.2,/mnt/ceph-ssd/workspaces/ws/cidbn_wibral_neuro_nonhuman/u19361-workspace/allen/rf/zebra/rawresults/ephys/sub-830794_ses-ecephys-830794-2026-01-26-12-02-05_ecephys/ProbeB/trial_0/phase_0/lib_ab4a70858e/lib_ab4a70858e__delay_0.0__dur_0.2.h5
e662c069-8e7e-45e5-9c26-69ca644283b9,0.11,0.25,ab4a70858e,0.07794217765331268,-18.80597014925373,-8.066037735849058,157.4840764271708,14.32,23,31,7,2.199114857512855,2,4.0,12,1.3,/mnt/ceph-ssd/workspaces/ws/cidbn_wibral_neuro_nonhuman/u19361-workspace/allen/rf/zebra/rawresults/ephys/sub-830794_ses-ecephys-830794-2026-01-26-12-02-05_ecephys/ProbeB/trial_0/phase_0/lib_ab4a70858e/lib_ab4a70858e__delay_0.11__dur_0.25.h5
e67b0f5b-8006-4cb6-8bdf-d606cf0950a1,0.06,0.25,ab4a70858e,0.07177821546792984,0.8955223880597032,-13.443396226415096,45.02251307527088,21.49,34,34,2,0.6283185307179586,4,6.0,4,0.05,/mnt/ceph-ssd/workspaces/ws/cidbn_wibral_neuro_nonhuman/u19361-workspace/allen/rf/zebra/rawresults/ephys/sub-830794_ses-ecephys-830794-2026-01-26-12-02-05_ecephys/ProbeB/trial_0/phase_0/lib_ab4a70858e/lib_ab4a70858e__delay_0.06__dur_0.25.h5
e77a3aa6-91c3-479d-8ded-a551775cf194,0.01,0.1,ab4a70858e,0.08029674738645554,-52.83582089552239,40.33018867924528,112.48408527317332,7.16,4,4,5,1.5707963267948966,0,2.0,11,1.2,/mnt/ceph-ssd/workspaces/ws/cidbn_wibral_neuro_nonhuman/u19361-workspace/allen/rf/zebra/rawresults/ephys/sub-830794_ses-ecephys-830794-2026-01-26-12-02-05_ecephys/ProbeB/trial_0/phase_0/lib_ab4a70858e/lib_ab4a70858e__delay_0.01__dur_0.1.h5
e7b617fb-0626-4eee-b6ae-d2e5a6b85f90,0.1,0.1,ab4a70858e,0.09277455508708954,-24.179104477611936,-17.028301886792452,22.515923572829163,14.32,20,36,9,2.827433388230814,2,4.0,6,0.07,/mnt/ceph-ssd/workspaces/ws/cidbn_wibral_neuro_nonhuman/u19361-workspace/allen/rf/zebra/rawresults/ephys/sub-830794_ses-ecephys-830794-2026-01-26-12-02-05_ecephys/ProbeB/trial_0/phase_0/lib_ab4a70858e/lib_ab4a70858e__delay_0.1__dur_0.1.h5
e7de9053-006c-4659-a485-f143ddfe4987,0.03,0.15000000000000002,ab4a70858e,0.08567758649587631,-6.268656716417908,-33.160377358490564,22.515923572829195,14.32,30,45,1,0.3141592653589793,2,4.0,8,0.09,/mnt/ceph-ssd/workspaces/ws/cidbn_wibral_neuro_nonhuman/u19361-workspace/allen/rf/zebra/rawresults/ephys/sub-830794_ses-ecephys-830794-2026-01-26-12-02-05_ecephys/ProbeB/trial_0/phase_0/lib_ab4a70858e/lib_ab4a70858e__delay_0.03__dur_0.15000000000000002.h5
e80e7d37-f5f9-4168-9e8c-dc4113dce03e,0.06,0.1,ab4a70858e,0.07091765850782394,18.80597014925374,-33.160377358490564,90.0,28.65,44,45,4,1.2566370614359172,5,8.0,8,0.09,/mnt/ceph-ssd/workspaces/ws/cidbn_wibral_neuro_nonhuman/u19361-workspace/allen/rf/zebra/rawresults/ephys/sub-830794_ses-ecephys-830794-2026-01-26-12-02-05_ecephys/ProbeB/trial_0/phase_0/lib_ab4a70858e/lib_ab4a70858e__delay_0.06__dur_0.1.h5
e81f8a9c-d082-4cbb-8c07-f72d06ef5948,0.09,0.15000000000000002,ab4a70858e,0.09560798108577728,-11.64179104477612,-18.82075471698113,180.0,17.91,27,37,8,2.5132741228718345,3,5.0,8,0.09,/mnt/ceph-ssd/workspaces/ws/cidbn_wibral_neuro_nonhuman/u19361-workspace/allen/rf/zebra/rawresults/ephys/sub-830794_ses-ecephys-830794-2026-01-26-12-02-05_ecephys/ProbeB/trial_0/phase_0/lib_ab4a70858e/lib_ab4a70858e__delay_0.09__dur_0.15000000000000002.h5
e850c943-6636-4bd9-9730-5b408b8b6fd3,0.01,0.25,ab4a70858e,0.09376680850982666,-9.850746268656714,18.820754716981128,180.0,7.16,28,16,8,2.5132741228718345,0,2.0,12,1.3,/mnt/ceph-ssd/workspaces/ws/cidbn_wibral_neuro_nonhuman/u19361-workspace/allen/rf/zebra/rawresults/ephys/sub-830794_ses-ecephys-830794-2026-01-26-12-02-05_ecephys/ProbeB/trial_0/phase_0/lib_ab4a70858e/lib_ab4a70858e__delay_0.01__dur_0.25.h5
e89e924f-2ba0-4fac-81df-80068232865d,0.12,0.2,ab4a70858e,0.0677538812160492,-13.43283582089552,42.12264150943396,45.02251307527088,10.74,26,3,2,0.6283185307179586,1,3.0,9,0.1,/mnt/ceph-ssd/workspaces/ws/cidbn_wibral_neuro_nonhuman/u19361-workspace/allen/rf/zebra/rawresults/ephys/sub-830794_ses-ecephys-830794-2026-01-26-12-02-05_ecephys/ProbeB/trial_0/phase_0/lib_ab4a70858e/lib_ab4a70858e__delay_0.12__dur_0.2.h5
e9ff9ece-ec77-4785-808d-11f944ecd5fc,0.03,0.1,ab4a70858e,0.08385110646486282,-33.134328358208954,2.6886792452830193,22.515923572829163,28.65,15,25,9,2.827433388230814,5,8.0,6,0.07,/mnt/ceph-ssd/workspaces/ws/cidbn_wibral_neuro_nonhuman/u19361-workspace/allen/rf/zebra/rawresults/ephys/sub-830794_ses-ecephys-830794-2026-01-26-12-02-05_ecephys/ProbeB/trial_0/phase_0/lib_ab4a70858e/lib_ab4a70858e__delay_0.03__dur_0.1.h5
ea7a7e5b-e314-4936-a0ca-94bdf1b42f8c,0.06,0.25,ab4a70858e,0.12092418968677521,-6.268656716417908,29.575471698113205,0.0,14.32,30,10,0,0.0,2,4.0,11,1.2,/mnt/ceph-ssd/workspaces/ws/cidbn_wibral_neuro_nonhuman/u19361-workspace/allen/rf/zebra/rawresults/ephys/sub-830794_ses-ecephys-830794-2026-01-26-12-02-05_ecephys/ProbeB/trial_0/phase_0/lib_ab4a70858e/lib_ab4a70858e__delay_0.06__dur_0.25.h5
eaffba82-78f0-4810-a504-cd3955c97efb,0.0,0.05,ab4a70858e,0.33255788683891296,-40.298507462686565,0.8962264150943398,22.515923572829163,7.16,11,26,9,2.827433388230814,0,2.0,9,0.1,/mnt/ceph-ssd/workspaces/ws/cidbn_wibral_neuro_nonhuman/u19361-workspace/allen/rf/zebra/rawresults/ephys/sub-830794_ses-ecephys-830794-2026-01-26-12-02-05_ecephys/ProbeB/trial_0/phase_0/lib_ab4a70858e/lib_ab4a70858e__delay_0.0__dur_0.05.h5
eb3def67-c90c-472b-a6d9-4191eacdb7b5,0.01,0.05,ab4a70858e,0.0,-60.0,47.5,0.0,7.16,0,0,0,0.0,0,2.0,0,0.01,/mnt/ceph-ssd/workspaces/ws/cidbn_wibral_neuro_nonhuman/u19361-workspace/allen/rf/zebra/rawresults/ephys/sub-830794_ses-ecephys-830794-2026-01-26-12-02-05_ecephys/ProbeB/trial_0/phase_0/lib_ab4a70858e/lib_ab4a70858e__delay_0.01__dur_0.05.h5
eb96e7e1-4631-4467-9b66-aced0fc35202,0.04,0.1,ab4a70858e,0.08314547687768936,-17.014925373134325,15.235849056603776,45.02251307527088,21.49,24,18,2,0.6283185307179586,4,6.0,5,0.06,/mnt/ceph-ssd/workspaces/ws/cidbn_wibral_neuro_nonhuman/u19361-workspace/allen/rf/zebra/rawresults/ephys/sub-830794_ses-ecephys-830794-2026-01-26-12-02-05_ecephys/ProbeB/trial_0/phase_0/lib_ab4a70858e/lib_ab4a70858e__delay_0.04__dur_0.1.h5
ec2c5b0d-5224-4786-8538-8840eb1d6054,0.07,0.25,ab4a70858e,0.07641435414552689,29.55223880597015,-6.273584905660378,180.0,17.91,50,30,8,2.5132741228718345,3,5.0,9,0.1,/mnt/ceph-ssd/workspaces/ws/cidbn_wibral_neuro_nonhuman/u19361-workspace/allen/rf/zebra/rawresults/ephys/sub-830794_ses-ecephys-830794-2026-01-26-12-02-05_ecephys/ProbeB/trial_0/phase_0/lib_ab4a70858e/lib_ab4a70858e__delay_0.07__dur_0.25.h5
ec35c051-a55e-4654-a4c7-f31af6e2e237,0.02,0.25,ab4a70858e,0.08337625861167908,-24.179104477611936,2.6886792452830193,0.0,10.74,20,25,0,0.0,1,3.0,9,0.1,/mnt/ceph-ssd/workspaces/ws/cidbn_wibral_neuro_nonhuman/u19361-workspace/allen/rf/zebra/rawresults/ephys/sub-830794_ses-ecephys-830794-2026-01-26-12-02-05_ecephys/ProbeB/trial_0/phase_0/lib_ab4a70858e/lib_ab4a70858e__delay_0.02__dur_0.25.h5
ec6ed850-bd5e-4bba-87ea-931460415098,0.04,0.2,ab4a70858e,0.07467497885227203,33.13432835820896,15.235849056603776,0.0,21.49,52,18,0,0.0,4,6.0,9,0.1,/mnt/ceph-ssd/workspaces/ws/cidbn_wibral_neuro_nonhuman/u19361-workspace/allen/rf/zebra/rawresults/ephys/sub-830794_ses-ecephys-830794-2026-01-26-12-02-05_ecephys/ProbeB/trial_0/phase_0/lib_ab4a70858e/lib_ab4a70858e__delay_0.04__dur_0.2.h5
ecf17354-6782-4911-9130-823ecbab638c,0.09,0.25,ab4a70858e,0.0739799216389656,-29.55223880597015,9.858490566037737,0.0,14.32,17,21,0,0.0,2,4.0,11,1.2,/mnt/ceph-ssd/workspaces/ws/cidbn_wibral_neuro_nonhuman/u19361-workspace/allen/rf/zebra/rawresults/ephys/sub-830794_ses-ecephys-830794-2026-01-26-12-02-05_ecephys/ProbeB/trial_0/phase_0/lib_ab4a70858e/lib_ab4a70858e__delay_0.09__dur_0.25.h5
ed537838-5b5a-4bca-9e72-8a1c2f5bff68,0.06,0.1,ab4a70858e,0.12122698873281479,11.641791044776127,-18.82075471698113,22.515923572829195,10.74,40,37,1,0.3141592653589793,1,3.0,8,0.09,/mnt/ceph-ssd/workspaces/ws/cidbn_wibral_neuro_nonhuman/u19361-workspace/allen/rf/zebra/rawresults/ephys/sub-830794_ses-ecephys-830794-2026-01-26-12-02-05_ecephys/ProbeB/trial_0/phase_0/lib_ab4a70858e/lib_ab4a70858e__delay_0.06__dur_0.1.h5
ee67462e-406c-4eab-8bb4-057a4f6030fb,0.11,0.25,ab4a70858e,0.07232802361249924,-25.970149253731343,-0.8962264150943398,180.0,28.65,19,27,8,2.5132741228718345,5,8.0,9,0.1,/mnt/ceph-ssd/workspaces/ws/cidbn_wibral_neuro_nonhuman/u19361-workspace/allen/rf/zebra/rawresults/ephys/sub-830794_ses-ecephys-830794-2026-01-26-12-02-05_ecephys/ProbeB/trial_0/phase_0/lib_ab4a70858e/lib_ab4a70858e__delay_0.11__dur_0.25.h5
ef657e53-4592-4afb-9e87-d8f7a05c770a,0.09,0.2,ab4a70858e,0.07869531214237213,-42.089552238805965,34.95283018867924,45.02251307527088,28.65,10,7,2,0.6283185307179586,5,8.0,4,0.05,/mnt/ceph-ssd/workspaces/ws/cidbn_wibral_neuro_nonhuman/u19361-workspace/allen/rf/zebra/rawresults/ephys/sub-830794_ses-ecephys-830794-2026-01-26-12-02-05_ecephys/ProbeB/trial_0/phase_0/lib_ab4a70858e/lib_ab4a70858e__delay_0.09__dur_0.2.h5
ef7e01a3-2acd-4056-a392-6c4546c90d22,0.04,0.25,ab4a70858e,0.07403602451086044,-18.80597014925373,4.481132075471699,0.0,7.16,23,24,0,0.0,0,2.0,11,1.2,/mnt/ceph-ssd/workspaces/ws/cidbn_wibral_neuro_nonhuman/u19361-workspace/allen/rf/zebra/rawresults/ephys/sub-830794_ses-ecephys-830794-2026-01-26-12-02-05_ecephys/ProbeB/trial_0/phase_0/lib_ab4a70858e/lib_ab4a70858e__delay_0.04__dur_0.25.h5
efc8d583-c6c5-48b9-8e72-4c95f7e690fd,0.04,0.25,ab4a70858e,0.09670546650886536,-11.64179104477612,-20.61320754716981,134.9774869247291,21.49,27,38,6,1.8849555921538759,4,6.0,9,0.1,/mnt/ceph-ssd/workspaces/ws/cidbn_wibral_neuro_nonhuman/u19361-workspace/allen/rf/zebra/rawresults/ephys/sub-830794_ses-ecephys-830794-2026-01-26-12-02-05_ecephys/ProbeB/trial_0/phase_0/lib_ab4a70858e/lib_ab4a70858e__delay_0.04__dur_0.25.h5
f00f4395-9ce8-4294-9087-b967300f60cc,0.01,0.05,ab4a70858e,0.0,-60.0,47.5,0.0,7.16,0,0,0,0.0,0,2.0,0,0.01,/mnt/ceph-ssd/workspaces/ws/cidbn_wibral_neuro_nonhuman/u19361-workspace/allen/rf/zebra/rawresults/ephys/sub-830794_ses-ecephys-830794-2026-01-26-12-02-05_ecephys/ProbeB/trial_0/phase_0/lib_ab4a70858e/lib_ab4a70858e__delay_0.01__dur_0.05.h5
f07515d5-390d-415d-9332-b7dd5ad100cd,0.12,0.25,ab4a70858e,0.09087524563074112,-47.46268656716418,9.858490566037737,134.9774869247291,10.74,7,21,6,1.8849555921538759,1,3.0,8,0.09,/mnt/ceph-ssd/workspaces/ws/cidbn_wibral_neuro_nonhuman/u19361-workspace/allen/rf/zebra/rawresults/ephys/sub-830794_ses-ecephys-830794-2026-01-26-12-02-05_ecephys/ProbeB/trial_0/phase_0/lib_ab4a70858e/lib_ab4a70858e__delay_0.12__dur_0.25.h5
f0b4aba7-7090-40eb-8e6d-084148654bed,0.01,0.05,ab4a70858e,0.08146166801452637,11.641791044776127,-9.858490566037737,45.02251307527088,28.65,40,32,2,0.6283185307179586,5,8.0,7,0.08,/mnt/ceph-ssd/workspaces/ws/cidbn_wibral_neuro_nonhuman/u19361-workspace/allen/rf/zebra/rawresults/ephys/sub-830794_ses-ecephys-830794-2026-01-26-12-02-05_ecephys/ProbeB/trial_0/phase_0/lib_ab4a70858e/lib_ab4a70858e__delay_0.01__dur_0.05.h5
f1daf345-ef38-4269-ae3f-6b08b99a0c93,0.01,0.2,ab4a70858e,0.07306089997291565,-34.92537313432835,22.405660377358487,180.0,28.65,14,14,8,2.5132741228718345,5,8.0,9,0.1,/mnt/ceph-ssd/workspaces/ws/cidbn_wibral_neuro_nonhuman/u19361-workspace/allen/rf/zebra/rawresults/ephys/sub-830794_ses-ecephys-830794-2026-01-26-12-02-05_ecephys/ProbeB/trial_0/phase_0/lib_ab4a70858e/lib_ab4a70858e__delay_0.01__dur_0.2.h5
f23f572c-4bef-4acf-96cf-a55aab46310a,0.01,0.05,ab4a70858e,0.0,-60.0,47.5,0.0,7.16,0,0,0,0.0,0,2.0,0,0.01,/mnt/ceph-ssd/workspaces/ws/cidbn_wibral_neuro_nonhuman/u19361-workspace/allen/rf/zebra/rawresults/ephys/sub-830794_ses-ecephys-830794-2026-01-26-12-02-05_ecephys/ProbeB/trial_0/phase_0/lib_ab4a70858e/lib_ab4a70858e__delay_0.01__dur_0.05.h5
f3a6d658-04fe-4cb8-93d0-052bf81958ae,0.0,0.2,ab4a70858e,0.08066954463720322,-49.25373134328358,11.650943396226417,67.51591472682667,17.91,6,20,3,0.9424777960769379,3,5.0,3,0.04,/mnt/ceph-ssd/workspaces/ws/cidbn_wibral_neuro_nonhuman/u19361-workspace/allen/rf/zebra/rawresults/ephys/sub-830794_ses-ecephys-830794-2026-01-26-12-02-05_ecephys/ProbeB/trial_0/phase_0/lib_ab4a70858e/lib_ab4a70858e__delay_0.0__dur_0.2.h5
f3b8827b-9395-4581-a1f3-970f81b51228,0.1,0.25,ab4a70858e,0.08451926708221436,-15.223880597014926,2.6886792452830193,157.4840764271708,14.32,25,25,7,2.199114857512855,2,4.0,12,1.3,/mnt/ceph-ssd/workspaces/ws/cidbn_wibral_neuro_nonhuman/u19361-workspace/allen/rf/zebra/rawresults/ephys/sub-830794_ses-ecephys-830794-2026-01-26-12-02-05_ecephys/ProbeB/trial_0/phase_0/lib_ab4a70858e/lib_ab4a70858e__delay_0.1__dur_0.25.h5
f44f1127-f0a0-492e-b110-57b1a4158ac9,0.01,0.05,ab4a70858e,0.0,-60.0,47.5,0.0,7.16,0,0,0,0.0,0,2.0,0,0.01,/mnt/ceph-ssd/workspaces/ws/cidbn_wibral_neuro_nonhuman/u19361-workspace/allen/rf/zebra/rawresults/ephys/sub-830794_ses-ecephys-830794-2026-01-26-12-02-05_ecephys/ProbeB/trial_0/phase_0/lib_ab4a70858e/lib_ab4a70858e__delay_0.01__dur_0.05.h5
f58829e1-ba1a-40e9-92d3-685e3419268e,0.12,0.25,ab4a70858e,0.06771779805421829,-0.8955223880596961,13.443396226415096,112.48408527317332,7.16,33,19,5,1.5707963267948966,0,2.0,11,1.2,/mnt/ceph-ssd/workspaces/ws/cidbn_wibral_neuro_nonhuman/u19361-workspace/allen/rf/zebra/rawresults/ephys/sub-830794_ses-ecephys-830794-2026-01-26-12-02-05_ecephys/ProbeB/trial_0/phase_0/lib_ab4a70858e/lib_ab4a70858e__delay_0.12__dur_0.25.h5
f603279b-0a0b-4b53-b903-91034374301d,0.12,0.2,ab4a70858e,0.08121275156736374,-25.970149253731343,11.650943396226417,45.02251307527088,28.65,19,20,2,0.6283185307179586,5,8.0,12,1.3,/mnt/ceph-ssd/workspaces/ws/cidbn_wibral_neuro_nonhuman/u19361-workspace/allen/rf/zebra/rawresults/ephys/sub-830794_ses-ecephys-830794-2026-01-26-12-02-05_ecephys/ProbeB/trial_0/phase_0/lib_ab4a70858e/lib_ab4a70858e__delay_0.12__dur_0.2.h5
f64f8345-3415-4067-9049-48140061f1a6,0.02,0.15000000000000002,ab4a70858e,0.09927906095981598,-24.179104477611936,-4.481132075471699,67.51591472682667,17.91,20,29,3,0.9424777960769379,3,5.0,12,1.3,/mnt/ceph-ssd/workspaces/ws/cidbn_wibral_neuro_nonhuman/u19361-workspace/allen/rf/zebra/rawresults/ephys/sub-830794_ses-ecephys-830794-2026-01-26-12-02-05_ecephys/ProbeB/trial_0/phase_0/lib_ab4a70858e/lib_ab4a70858e__delay_0.02__dur_0.15000000000000002.h5
f6722bec-39ed-4edf-bb19-1f9ec2b314eb,0.09,0.1,ab4a70858e,0.06897395849227905,-8.059701492537314,47.5,67.51591472682667,21.49,29,0,3,0.9424777960769379,4,6.0,7,0.08,/mnt/ceph-ssd/workspaces/ws/cidbn_wibral_neuro_nonhuman/u19361-workspace/allen/rf/zebra/rawresults/ephys/sub-830794_ses-ecephys-830794-2026-01-26-12-02-05_ecephys/ProbeB/trial_0/phase_0/lib_ab4a70858e/lib_ab4a70858e__delay_0.09__dur_0.1.h5
f674bfd9-e082-4ef4-8e79-c355c1198e95,0.07,0.15000000000000002,ab4a70858e,0.06668905168771744,4.477611940298516,11.650943396226417,45.02251307527088,7.16,36,20,2,0.6283185307179586,0,2.0,12,1.3,/mnt/ceph-ssd/workspaces/ws/cidbn_wibral_neuro_nonhuman/u19361-workspace/allen/rf/zebra/rawresults/ephys/sub-830794_ses-ecephys-830794-2026-01-26-12-02-05_ecephys/ProbeB/trial_0/phase_0/lib_ab4a70858e/lib_ab4a70858e__delay_0.07__dur_0.15000000000000002.h5
f68eb9a2-e5e3-4daa-88ef-8cfe0c1f25fc,0.1,0.25,ab4a70858e,0.12664584815502167,-42.089552238805965,2.6886792452830193,157.4840764271708,14.32,10,25,7,2.199114857512855,2,4.0,12,1.3,/mnt/ceph-ssd/workspaces/ws/cidbn_wibral_neuro_nonhuman/u19361-workspace/allen/rf/zebra/rawresults/ephys/sub-830794_ses-ecephys-830794-2026-01-26-12-02-05_ecephys/ProbeB/trial_0/phase_0/lib_ab4a70858e/lib_ab4a70858e__delay_0.1__dur_0.25.h5
f6ec39d1-7f61-4318-8570-54b1e6b70037,0.01,0.25,ab4a70858e,0.08972607553005219,-27.761194029850742,4.481132075471699,157.4840764271708,14.32,18,24,7,2.199114857512855,2,4.0,12,1.3,/mnt/ceph-ssd/workspaces/ws/cidbn_wibral_neuro_nonhuman/u19361-workspace/allen/rf/zebra/rawresults/ephys/sub-830794_ses-ecephys-830794-2026-01-26-12-02-05_ecephys/ProbeB/trial_0/phase_0/lib_ab4a70858e/lib_ab4a70858e__delay_0.01__dur_0.25.h5
f75a6fec-28db-4364-8777-1ca5f8a91a3a,0.12,0.25,ab4a70858e,0.08415105193853378,43.88059701492537,33.160377358490564,112.48408527317332,10.74,58,8,5,1.5707963267948966,1,3.0,11,1.2,/mnt/ceph-ssd/workspaces/ws/cidbn_wibral_neuro_nonhuman/u19361-workspace/allen/rf/zebra/rawresults/ephys/sub-830794_ses-ecephys-830794-2026-01-26-12-02-05_ecephys/ProbeB/trial_0/phase_0/lib_ab4a70858e/lib_ab4a70858e__delay_0.12__dur_0.25.h5
f7678917-3134-4bba-a1bd-b10d446513ba,0.0,0.15000000000000002,ab4a70858e,0.0743950754404068,-51.04477611940298,27.783018867924525,112.48408527317332,7.16,5,11,5,1.5707963267948966,0,2.0,7,0.08,/mnt/ceph-ssd/workspaces/ws/cidbn_wibral_neuro_nonhuman/u19361-workspace/allen/rf/zebra/rawresults/ephys/sub-830794_ses-ecephys-830794-2026-01-26-12-02-05_ecephys/ProbeB/trial_0/phase_0/lib_ab4a70858e/lib_ab4a70858e__delay_0.0__dur_0.15000000000000002.h5
f791686d-a5f2-4376-bc21-5124fa3954fe,0.05,0.15000000000000002,ab4a70858e,0.07784044742584229,-9.850746268656714,-4.481132075471699,0.0,10.74,28,29,0,0.0,1,3.0,9,0.1,/mnt/ceph-ssd/workspaces/ws/cidbn_wibral_neuro_nonhuman/u19361-workspace/allen/rf/zebra/rawresults/ephys/sub-830794_ses-ecephys-830794-2026-01-26-12-02-05_ecephys/ProbeB/trial_0/phase_0/lib_ab4a70858e/lib_ab4a70858e__delay_0.05__dur_0.15000000000000002.h5
f7f0f83b-f6b5-494e-9698-51ce9e699945,0.11,0.2,ab4a70858e,0.08545954525470734,24.179104477611943,-15.235849056603776,134.9774869247291,17.91,47,35,6,1.8849555921538759,3,5.0,4,0.05,/mnt/ceph-ssd/workspaces/ws/cidbn_wibral_neuro_nonhuman/u19361-workspace/allen/rf/zebra/rawresults/ephys/sub-830794_ses-ecephys-830794-2026-01-26-12-02-05_ecephys/ProbeB/trial_0/phase_0/lib_ab4a70858e/lib_ab4a70858e__delay_0.11__dur_0.2.h5
f8d91341-d73c-482c-831f-2fa3744a641a,0.1,0.25,ab4a70858e,0.0958997905254364,-18.80597014925373,-29.57547169811321,45.02251307527088,10.74,23,43,2,0.6283185307179586,1,3.0,12,1.3,/mnt/ceph-ssd/workspaces/ws/cidbn_wibral_neuro_nonhuman/u19361-workspace/allen/rf/zebra/rawresults/ephys/sub-830794_ses-ecephys-830794-2026-01-26-12-02-05_ecephys/ProbeB/trial_0/phase_0/lib_ab4a70858e/lib_ab4a70858e__delay_0.1__dur_0.25.h5
f8dcf0a0-36d7-4363-af7c-740b2c2da3d4,0.12,0.25,ab4a70858e,0.08209957182407379,40.29850746268657,-29.57547169811321,180.0,10.74,56,43,8,2.5132741228718345,1,3.0,5,0.06,/mnt/ceph-ssd/workspaces/ws/cidbn_wibral_neuro_nonhuman/u19361-workspace/allen/rf/zebra/rawresults/ephys/sub-830794_ses-ecephys-830794-2026-01-26-12-02-05_ecephys/ProbeB/trial_0/phase_0/lib_ab4a70858e/lib_ab4a70858e__delay_0.12__dur_0.25.h5
f98daad9-739a-45fa-8ab4-cce413f9722e,0.1,0.25,ab4a70858e,0.07832379639148712,-25.970149253731343,11.650943396226417,45.02251307527088,21.49,19,20,2,0.6283185307179586,4,6.0,9,0.1,/mnt/ceph-ssd/workspaces/ws/cidbn_wibral_neuro_nonhuman/u19361-workspace/allen/rf/zebra/rawresults/ephys/sub-830794_ses-ecephys-830794-2026-01-26-12-02-05_ecephys/ProbeB/trial_0/phase_0/lib_ab4a70858e/lib_ab4a70858e__delay_0.1__dur_0.25.h5
fad395c1-caeb-4543-b4dc-945537fd12bd,0.0,0.1,ab4a70858e,0.07978712022304535,-34.92537313432835,15.235849056603776,134.9774869247291,10.74,14,18,6,1.8849555921538759,1,3.0,8,0.09,/mnt/ceph-ssd/workspaces/ws/cidbn_wibral_neuro_nonhuman/u19361-workspace/allen/rf/zebra/rawresults/ephys/sub-830794_ses-ecephys-830794-2026-01-26-12-02-05_ecephys/ProbeB/trial_0/phase_0/lib_ab4a70858e/lib_ab4a70858e__delay_0.0__dur_0.1.h5
fafad846-7f83-4bc2-b15f-c23efa03d297,0.05,0.25,ab4a70858e,0.07642550766468048,2.6865671641791096,-45.70754716981132,157.4840764271708,10.74,35,52,7,2.199114857512855,1,3.0,9,0.1,/mnt/ceph-ssd/workspaces/ws/cidbn_wibral_neuro_nonhuman/u19361-workspace/allen/rf/zebra/rawresults/ephys/sub-830794_ses-ecephys-830794-2026-01-26-12-02-05_ecephys/ProbeB/trial_0/phase_0/lib_ab4a70858e/lib_ab4a70858e__delay_0.05__dur_0.25.h5
fb48f36f-a769-474c-99c5-b1315e61dc07,0.01,0.05,ab4a70858e,0.0,-60.0,47.5,0.0,7.16,0,0,0,0.0,0,2.0,0,0.01,/mnt/ceph-ssd/workspaces/ws/cidbn_wibral_neuro_nonhuman/u19361-workspace/allen/rf/zebra/rawresults/ephys/sub-830794_ses-ecephys-830794-2026-01-26-12-02-05_ecephys/ProbeB/trial_0/phase_0/lib_ab4a70858e/lib_ab4a70858e__delay_0.01__dur_0.05.h5
fb86ea23-d5be-4553-845f-1eb574aa9713,0.11,0.2,ab4a70858e,0.0774567499756813,-27.761194029850742,11.650943396226417,45.02251307527088,17.91,18,20,2,0.6283185307179586,3,5.0,9,0.1,/mnt/ceph-ssd/workspaces/ws/cidbn_wibral_neuro_nonhuman/u19361-workspace/allen/rf/zebra/rawresults/ephys/sub-830794_ses-ecephys-830794-2026-01-26-12-02-05_ecephys/ProbeB/trial_0/phase_0/lib_ab4a70858e/lib_ab4a70858e__delay_0.11__dur_0.2.h5
fc10eb11-af6e-42e9-a1e0-2e50ee1f5591,0.01,0.05,ab4a70858e,0.0,-60.0,47.5,0.0,7.16,0,0,0,0.0,0,2.0,0,0.01,/mnt/ceph-ssd/workspaces/ws/cidbn_wibral_neuro_nonhuman/u19361-workspace/allen/rf/zebra/rawresults/ephys/sub-830794_ses-ecephys-830794-2026-01-26-12-02-05_ecephys/ProbeB/trial_0/phase_0/lib_ab4a70858e/lib_ab4a70858e__delay_0.01__dur_0.05.h5
fc470e60-e934-4801-a6dc-505f11088ade,0.12,0.25,ab4a70858e,0.08667786419391632,15.223880597014926,0.8962264150943398,45.02251307527088,17.91,42,26,2,0.6283185307179586,3,5.0,9,0.1,/mnt/ceph-ssd/workspaces/ws/cidbn_wibral_neuro_nonhuman/u19361-workspace/allen/rf/zebra/rawresults/ephys/sub-830794_ses-ecephys-830794-2026-01-26-12-02-05_ecephys/ProbeB/trial_0/phase_0/lib_ab4a70858e/lib_ab4a70858e__delay_0.12__dur_0.25.h5
fd6f1af3-22b5-414e-a21e-f805841ead88,0.05,0.25,ab4a70858e,0.0732104480266571,-54.62686567164179,40.33018867924528,22.515923572829195,28.65,3,4,1,0.3141592653589793,5,8.0,5,0.06,/mnt/ceph-ssd/workspaces/ws/cidbn_wibral_neuro_nonhuman/u19361-workspace/allen/rf/zebra/rawresults/ephys/sub-830794_ses-ecephys-830794-2026-01-26-12-02-05_ecephys/ProbeB/trial_0/phase_0/lib_ab4a70858e/lib_ab4a70858e__delay_0.05__dur_0.25.h5
fd965eda-5a02-4cad-970e-221505328fa6,0.0,0.25,ab4a70858e,0.08350444585084915,-25.970149253731343,-6.273584905660378,45.02251307527088,7.16,19,30,2,0.6283185307179586,0,2.0,12,1.3,/mnt/ceph-ssd/workspaces/ws/cidbn_wibral_neuro_nonhuman/u19361-workspace/allen/rf/zebra/rawresults/ephys/sub-830794_ses-ecephys-830794-2026-01-26-12-02-05_ecephys/ProbeB/trial_0/phase_0/lib_ab4a70858e/lib_ab4a70858e__delay_0.0__dur_0.25.h5
fdf891a5-9bcf-4f33-8eef-82ba7cd25407,0.0,0.15000000000000002,ab4a70858e,0.08517427742481232,-9.850746268656714,18.820754716981128,112.48408527317332,14.32,28,16,5,1.5707963267948966,2,4.0,11,1.2,/mnt/ceph-ssd/workspaces/ws/cidbn_wibral_neuro_nonhuman/u19361-workspace/allen/rf/zebra/rawresults/ephys/sub-830794_ses-ecephys-830794-2026-01-26-12-02-05_ecephys/ProbeB/trial_0/phase_0/lib_ab4a70858e/lib_ab4a70858e__delay_0.0__dur_0.15000000000000002.h5
fe7c3a47-a122-4728-b189-6b1fabfcbdf3,0.01,0.05,ab4a70858e,0.0,-60.0,47.5,0.0,7.16,0,0,0,0.0,0,2.0,0,0.01,/mnt/ceph-ssd/workspaces/ws/cidbn_wibral_neuro_nonhuman/u19361-workspace/allen/rf/zebra/rawresults/ephys/sub-830794_ses-ecephys-830794-2026-01-26-12-02-05_ecephys/ProbeB/trial_0/phase_0/lib_ab4a70858e/lib_ab4a70858e__delay_0.01__dur_0.05.h5
fec348b0-fc05-4edf-bed0-bca955a016f6,0.0,0.25,ab4a70858e,0.07991344481706619,56.4179104477612,-2.6886792452830193,157.4840764271708,10.74,65,28,7,2.199114857512855,1,3.0,12,1.3,/mnt/ceph-ssd/workspaces/ws/cidbn_wibral_neuro_nonhuman/u19361-workspace/allen/rf/zebra/rawresults/ephys/sub-830794_ses-ecephys-830794-2026-01-26-12-02-05_ecephys/ProbeB/trial_0/phase_0/lib_ab4a70858e/lib_ab4a70858e__delay_0.0__dur_0.25.h5
fed2256b-94cd-4efb-9b1d-411b28904a51,0.11,0.25,ab4a70858e,0.0695045217871666,-40.298507462686565,6.273584905660378,157.4840764271708,14.32,11,23,7,2.199114857512855,2,4.0,9,0.1,/mnt/ceph-ssd/workspaces/ws/cidbn_wibral_neuro_nonhuman/u19361-workspace/allen/rf/zebra/rawresults/ephys/sub-830794_ses-ecephys-830794-2026-01-26-12-02-05_ecephys/ProbeB/trial_0/phase_0/lib_ab4a70858e/lib_ab4a70858e__delay_0.11__dur_0.25.h5
ff0dc911-2477-455e-9cb4-91ed55294054,0.0,0.15000000000000002,ab4a70858e,0.06853391975164413,22.388059701492537,-27.78301886792453,67.51591472682667,21.49,46,42,3,0.9424777960769379,4,6.0,9,0.1,/mnt/ceph-ssd/workspaces/ws/cidbn_wibral_neuro_nonhuman/u19361-workspace/allen/rf/zebra/rawresults/ephys/sub-830794_ses-ecephys-830794-2026-01-26-12-02-05_ecephys/ProbeB/trial_0/phase_0/lib_ab4a70858e/lib_ab4a70858e__delay_0.0__dur_0.15000000000000002.h5
ff8f3a0f-0794-4b1d-9d4b-ed9743f0786f,0.12,0.25,ab4a70858e,0.11665911972522736,-27.761194029850742,29.575471698113205,22.515923572829163,14.32,18,10,9,2.827433388230814,2,4.0,12,1.3,/mnt/ceph-ssd/workspaces/ws/cidbn_wibral_neuro_nonhuman/u19361-workspace/allen/rf/zebra/rawresults/ephys/sub-830794_ses-ecephys-830794-2026-01-26-12-02-05_ecephys/ProbeB/trial_0/phase_0/lib_ab4a70858e/lib_ab4a70858e__delay_0.12__dur_0.25.h5
ff8fd2e1-fa43-49e0-b9af-51a54db1ae23,0.07,0.1,ab4a70858e,0.10033810883760452,22.388059701492537,-20.61320754716981,134.9774869247291,28.65,46,38,6,1.8849555921538759,5,8.0,0,0.01,/mnt/ceph-ssd/workspaces/ws/cidbn_wibral_neuro_nonhuman/u19361-workspace/allen/rf/zebra/rawresults/ephys/sub-830794_ses-ecephys-830794-2026-01-26-12-02-05_ecephys/ProbeB/trial_0/phase_0/lib_ab4a70858e/lib_ab4a70858e__delay_0.07__dur_0.1.h5
ffdd2db7-bbf2-4eeb-9dd5-be1731196d17,0.01,0.1,ab4a70858e,0.07652406394481659,36.71641791044776,-0.8962264150943398,112.48408527317332,17.91,54,27,5,1.5707963267948966,3,5.0,4,0.05,/mnt/ceph-ssd/workspaces/ws/cidbn_wibral_neuro_nonhuman/u19361-workspace/allen/rf/zebra/rawresults/ephys/sub-830794_ses-ecephys-830794-2026-01-26-12-02-05_ecephys/ProbeB/trial_0/phase_0/lib_ab4a70858e/lib_ab4a70858e__delay_0.01__dur_0.1.h5
ffe6e45d-082e-46c9-803e-8f99d06cd75c,0.06,0.25,ab4a70858e,0.11291033774614334,-2.6865671641791025,-25.99056603773585,45.02251307527088,14.32,32,41,2,0.6283185307179586,2,4.0,12,1.3,/mnt/ceph-ssd/workspaces/ws/cidbn_wibral_neuro_nonhuman/u19361-workspace/allen/rf/zebra/rawresults/ephys/sub-830794_ses-ecephys-830794-2026-01-26-12-02-05_ecephys/ProbeB/trial_0/phase_0/lib_ab4a70858e/lib_ab4a70858e__delay_0.06__dur_0.25.h5
