unit_id,delay,duration,lib_id,abs_max_value,x_deg,y_deg,theta_deg,sigma_deg,xi,yi,theta_idx,theta_rad,sigma_idx,sigma,frequency_idx,frequency,source_file
005bbc00-c8aa-4254-94c0-94f762a27048,0.01,0.15000000000000002,ab4a70858e,0.07083388417959213,-4.477611940298509,-38.5377358490566,0.0,7.16,31,48,0,0.0,0,2.0,11,1.2,/mnt/ceph-ssd/workspaces/ws/cidbn_wibral_neuro_nonhuman/u19361-workspace/allen/rf/zebra/rawresults/ephys/sub-830794_ses-ecephys-830794-2026-01-26-12-02-05_ecephys/ProbeD/trial_0/phase_1/lib_ab4a70858e/lib_ab4a70858e__delay_0.01__dur_0.15000000000000002.h5
00ec61f4-67f6-4dc5-b21e-4d0ee30d542a,0.0,0.25,ab4a70858e,0.07186103612184525,-31.34328358208955,18.820754716981128,0.0,10.74,16,16,0,0.0,1,3.0,5,0.06,/mnt/ceph-ssd/workspaces/ws/cidbn_wibral_neuro_nonhuman/u19361-workspace/allen/rf/zebra/rawresults/ephys/sub-830794_ses-ecephys-830794-2026-01-26-12-02-05_ecephys/ProbeD/trial_0/phase_1/lib_ab4a70858e/lib_ab4a70858e__delay_0.0__dur_0.25.h5
01ae154c-9f61-4b86-acf4-c449faa3443c,0.08,0.25,ab4a70858e,0.07331009954214096,-33.134328358208954,40.33018867924528,112.48408527317332,14.32,15,4,5,1.5707963267948966,2,4.0,11,1.2,/mnt/ceph-ssd/workspaces/ws/cidbn_wibral_neuro_nonhuman/u19361-workspace/allen/rf/zebra/rawresults/ephys/sub-830794_ses-ecephys-830794-2026-01-26-12-02-05_ecephys/ProbeD/trial_0/phase_1/lib_ab4a70858e/lib_ab4a70858e__delay_0.08__dur_0.25.h5
020a477b-9a3d-4ff3-b4bf-8063bb77c718,0.0,0.1,ab4a70858e,0.15935610234737396,9.85074626865672,-9.858490566037737,0.0,14.32,39,32,0,0.0,2,4.0,8,0.09,/mnt/ceph-ssd/workspaces/ws/cidbn_wibral_neuro_nonhuman/u19361-workspace/allen/rf/zebra/rawresults/ephys/sub-830794_ses-ecephys-830794-2026-01-26-12-02-05_ecephys/ProbeD/trial_0/phase_1/lib_ab4a70858e/lib_ab4a70858e__delay_0.0__dur_0.1.h5
0248b70c-de4a-4a1b-bf0d-57bbb4b243f0,0.1,0.2,ab4a70858e,0.07783084362745285,8.059701492537314,-9.858490566037737,134.9774869247291,10.74,38,32,6,1.8849555921538759,1,3.0,5,0.06,/mnt/ceph-ssd/workspaces/ws/cidbn_wibral_neuro_nonhuman/u19361-workspace/allen/rf/zebra/rawresults/ephys/sub-830794_ses-ecephys-830794-2026-01-26-12-02-05_ecephys/ProbeD/trial_0/phase_1/lib_ab4a70858e/lib_ab4a70858e__delay_0.1__dur_0.2.h5
02ac3363-6e48-4a0f-82bf-da6405ede152,0.06,0.1,ab4a70858e,0.09155070781707764,-8.059701492537314,0.8962264150943398,112.48408527317332,28.65,29,26,5,1.5707963267948966,5,8.0,2,0.03,/mnt/ceph-ssd/workspaces/ws/cidbn_wibral_neuro_nonhuman/u19361-workspace/allen/rf/zebra/rawresults/ephys/sub-830794_ses-ecephys-830794-2026-01-26-12-02-05_ecephys/ProbeD/trial_0/phase_1/lib_ab4a70858e/lib_ab4a70858e__delay_0.06__dur_0.1.h5
02c2518e-54ec-4e10-a9c1-bbfac9a9aab9,0.05,0.1,ab4a70858e,0.1557207852602005,-40.298507462686565,-0.8962264150943398,0.0,10.74,11,27,0,0.0,1,3.0,2,0.03,/mnt/ceph-ssd/workspaces/ws/cidbn_wibral_neuro_nonhuman/u19361-workspace/allen/rf/zebra/rawresults/ephys/sub-830794_ses-ecephys-830794-2026-01-26-12-02-05_ecephys/ProbeD/trial_0/phase_1/lib_ab4a70858e/lib_ab4a70858e__delay_0.05__dur_0.1.h5
032e94c0-2b64-4511-b313-2cbf52f620e8,0.01,0.15000000000000002,ab4a70858e,0.09680765122175217,-25.970149253731343,-9.858490566037737,90.0,7.16,19,32,4,1.2566370614359172,0,2.0,5,0.06,/mnt/ceph-ssd/workspaces/ws/cidbn_wibral_neuro_nonhuman/u19361-workspace/allen/rf/zebra/rawresults/ephys/sub-830794_ses-ecephys-830794-2026-01-26-12-02-05_ecephys/ProbeD/trial_0/phase_1/lib_ab4a70858e/lib_ab4a70858e__delay_0.01__dur_0.15000000000000002.h5
0362f3ed-13e4-4224-a044-61df4cc575bf,0.12,0.1,ab4a70858e,0.07146237045526505,-31.34328358208955,-20.61320754716981,22.515923572829195,28.65,16,38,1,0.3141592653589793,5,8.0,8,0.09,/mnt/ceph-ssd/workspaces/ws/cidbn_wibral_neuro_nonhuman/u19361-workspace/allen/rf/zebra/rawresults/ephys/sub-830794_ses-ecephys-830794-2026-01-26-12-02-05_ecephys/ProbeD/trial_0/phase_1/lib_ab4a70858e/lib_ab4a70858e__delay_0.12__dur_0.1.h5
03da8de2-9383-42fe-83f8-d0a0771b9564,0.01,0.15000000000000002,ab4a70858e,0.07804093509912491,-4.477611940298509,17.02830188679245,134.9774869247291,17.91,31,17,6,1.8849555921538759,3,5.0,5,0.06,/mnt/ceph-ssd/workspaces/ws/cidbn_wibral_neuro_nonhuman/u19361-workspace/allen/rf/zebra/rawresults/ephys/sub-830794_ses-ecephys-830794-2026-01-26-12-02-05_ecephys/ProbeD/trial_0/phase_1/lib_ab4a70858e/lib_ab4a70858e__delay_0.01__dur_0.15000000000000002.h5
046b8abe-c169-46c9-92db-557ec2d52378,0.04,0.1,ab4a70858e,0.12270890921354294,-27.761194029850742,2.6886792452830193,0.0,28.65,18,25,0,0.0,5,8.0,0,0.01,/mnt/ceph-ssd/workspaces/ws/cidbn_wibral_neuro_nonhuman/u19361-workspace/allen/rf/zebra/rawresults/ephys/sub-830794_ses-ecephys-830794-2026-01-26-12-02-05_ecephys/ProbeD/trial_0/phase_1/lib_ab4a70858e/lib_ab4a70858e__delay_0.04__dur_0.1.h5
05069e4a-6a46-45cf-8122-020c87efc370,0.0,0.15000000000000002,ab4a70858e,0.10647176206111908,17.014925373134332,9.858490566037737,22.515923572829195,28.65,43,21,1,0.3141592653589793,5,8.0,1,0.02,/mnt/ceph-ssd/workspaces/ws/cidbn_wibral_neuro_nonhuman/u19361-workspace/allen/rf/zebra/rawresults/ephys/sub-830794_ses-ecephys-830794-2026-01-26-12-02-05_ecephys/ProbeD/trial_0/phase_1/lib_ab4a70858e/lib_ab4a70858e__delay_0.0__dur_0.15000000000000002.h5
05098a9f-8234-42d1-b3d9-3ec85f057cc5,0.01,0.05,ab4a70858e,0.10910768806934357,-25.970149253731343,-0.8962264150943398,22.515923572829163,28.65,19,27,9,2.827433388230814,5,8.0,4,0.05,/mnt/ceph-ssd/workspaces/ws/cidbn_wibral_neuro_nonhuman/u19361-workspace/allen/rf/zebra/rawresults/ephys/sub-830794_ses-ecephys-830794-2026-01-26-12-02-05_ecephys/ProbeD/trial_0/phase_1/lib_ab4a70858e/lib_ab4a70858e__delay_0.01__dur_0.05.h5
05537f63-1761-4f76-9fd2-4dc13f7bc75c,0.02,0.25,ab4a70858e,0.09158862382173538,-34.92537313432835,18.820754716981128,22.515923572829195,28.65,14,16,1,0.3141592653589793,5,8.0,7,0.08,/mnt/ceph-ssd/workspaces/ws/cidbn_wibral_neuro_nonhuman/u19361-workspace/allen/rf/zebra/rawresults/ephys/sub-830794_ses-ecephys-830794-2026-01-26-12-02-05_ecephys/ProbeD/trial_0/phase_1/lib_ab4a70858e/lib_ab4a70858e__delay_0.02__dur_0.25.h5
0585f4ff-fa3d-4398-87e9-51bb975c6151,0.0,0.1,ab4a70858e,0.12070731818675995,58.20895522388061,-9.858490566037737,180.0,7.16,66,32,8,2.5132741228718345,0,2.0,6,0.07,/mnt/ceph-ssd/workspaces/ws/cidbn_wibral_neuro_nonhuman/u19361-workspace/allen/rf/zebra/rawresults/ephys/sub-830794_ses-ecephys-830794-2026-01-26-12-02-05_ecephys/ProbeD/trial_0/phase_1/lib_ab4a70858e/lib_ab4a70858e__delay_0.0__dur_0.1.h5
06e5ce56-121a-4057-932c-ec700bb22180,0.06,0.2,ab4a70858e,0.07338898628950119,58.20895522388061,2.6886792452830193,180.0,21.49,66,25,8,2.5132741228718345,4,6.0,9,0.1,/mnt/ceph-ssd/workspaces/ws/cidbn_wibral_neuro_nonhuman/u19361-workspace/allen/rf/zebra/rawresults/ephys/sub-830794_ses-ecephys-830794-2026-01-26-12-02-05_ecephys/ProbeD/trial_0/phase_1/lib_ab4a70858e/lib_ab4a70858e__delay_0.06__dur_0.2.h5
0705aa6f-55cb-483d-9231-e9ec859f3dea,0.0,0.1,ab4a70858e,0.3462970554828644,20.59701492537313,-9.858490566037737,67.51591472682667,10.74,45,32,3,0.9424777960769379,1,3.0,1,0.02,/mnt/ceph-ssd/workspaces/ws/cidbn_wibral_neuro_nonhuman/u19361-workspace/allen/rf/zebra/rawresults/ephys/sub-830794_ses-ecephys-830794-2026-01-26-12-02-05_ecephys/ProbeD/trial_0/phase_1/lib_ab4a70858e/lib_ab4a70858e__delay_0.0__dur_0.1.h5
073e316a-ca3c-463a-8259-28e1e553b8c7,0.02,0.15000000000000002,ab4a70858e,0.0842994675040245,-38.507462686567166,17.02830188679245,134.9774869247291,10.74,12,17,6,1.8849555921538759,1,3.0,7,0.08,/mnt/ceph-ssd/workspaces/ws/cidbn_wibral_neuro_nonhuman/u19361-workspace/allen/rf/zebra/rawresults/ephys/sub-830794_ses-ecephys-830794-2026-01-26-12-02-05_ecephys/ProbeD/trial_0/phase_1/lib_ab4a70858e/lib_ab4a70858e__delay_0.02__dur_0.15000000000000002.h5
076fbf80-9416-4dcf-bbcd-8e8da9b0e727,0.02,0.2,ab4a70858e,0.08546353876590729,-8.059701492537314,4.481132075471699,180.0,14.32,29,24,8,2.5132741228718345,2,4.0,12,1.3,/mnt/ceph-ssd/workspaces/ws/cidbn_wibral_neuro_nonhuman/u19361-workspace/allen/rf/zebra/rawresults/ephys/sub-830794_ses-ecephys-830794-2026-01-26-12-02-05_ecephys/ProbeD/trial_0/phase_1/lib_ab4a70858e/lib_ab4a70858e__delay_0.02__dur_0.2.h5
07d242f4-975c-4768-a638-8a38fb5c14bd,0.0,0.25,ab4a70858e,0.0885658785700798,-13.43283582089552,-4.481132075471699,112.48408527317332,21.49,26,29,5,1.5707963267948966,4,6.0,11,1.2,/mnt/ceph-ssd/workspaces/ws/cidbn_wibral_neuro_nonhuman/u19361-workspace/allen/rf/zebra/rawresults/ephys/sub-830794_ses-ecephys-830794-2026-01-26-12-02-05_ecephys/ProbeD/trial_0/phase_1/lib_ab4a70858e/lib_ab4a70858e__delay_0.0__dur_0.25.h5
08bf7545-f03b-487a-b647-15e3519ec9c7,0.01,0.05,ab4a70858e,0.4930339455604553,-40.298507462686565,0.8962264150943398,22.515923572829163,10.74,11,26,9,2.827433388230814,1,3.0,2,0.03,/mnt/ceph-ssd/workspaces/ws/cidbn_wibral_neuro_nonhuman/u19361-workspace/allen/rf/zebra/rawresults/ephys/sub-830794_ses-ecephys-830794-2026-01-26-12-02-05_ecephys/ProbeD/trial_0/phase_1/lib_ab4a70858e/lib_ab4a70858e__delay_0.01__dur_0.05.h5
09dcbe7f-2aa2-428a-a69a-f39961e9f8a8,0.0,0.1,ab4a70858e,0.07517194747924805,-4.477611940298509,-2.6886792452830193,22.515923572829163,21.49,31,28,9,2.827433388230814,4,6.0,6,0.07,/mnt/ceph-ssd/workspaces/ws/cidbn_wibral_neuro_nonhuman/u19361-workspace/allen/rf/zebra/rawresults/ephys/sub-830794_ses-ecephys-830794-2026-01-26-12-02-05_ecephys/ProbeD/trial_0/phase_1/lib_ab4a70858e/lib_ab4a70858e__delay_0.0__dur_0.1.h5
09f16b05-d62c-4c26-9188-a5136acc8cde,0.12,0.25,ab4a70858e,0.0781131312251091,-9.850746268656714,-17.028301886792452,90.0,28.65,28,36,4,1.2566370614359172,5,8.0,7,0.08,/mnt/ceph-ssd/workspaces/ws/cidbn_wibral_neuro_nonhuman/u19361-workspace/allen/rf/zebra/rawresults/ephys/sub-830794_ses-ecephys-830794-2026-01-26-12-02-05_ecephys/ProbeD/trial_0/phase_1/lib_ab4a70858e/lib_ab4a70858e__delay_0.12__dur_0.25.h5
0a19941e-2039-4e6e-90bb-c99e2f70603d,0.09,0.15000000000000002,ab4a70858e,0.08067880570888519,-8.059701492537314,13.443396226415096,90.0,17.91,29,19,4,1.2566370614359172,3,5.0,1,0.02,/mnt/ceph-ssd/workspaces/ws/cidbn_wibral_neuro_nonhuman/u19361-workspace/allen/rf/zebra/rawresults/ephys/sub-830794_ses-ecephys-830794-2026-01-26-12-02-05_ecephys/ProbeD/trial_0/phase_1/lib_ab4a70858e/lib_ab4a70858e__delay_0.09__dur_0.15000000000000002.h5
0ae49d6e-0097-4f8b-9853-5ceec0350798,0.03,0.25,ab4a70858e,0.08316703140735626,-24.179104477611936,-20.61320754716981,22.515923572829195,14.32,20,38,1,0.3141592653589793,2,4.0,9,0.1,/mnt/ceph-ssd/workspaces/ws/cidbn_wibral_neuro_nonhuman/u19361-workspace/allen/rf/zebra/rawresults/ephys/sub-830794_ses-ecephys-830794-2026-01-26-12-02-05_ecephys/ProbeD/trial_0/phase_1/lib_ab4a70858e/lib_ab4a70858e__delay_0.03__dur_0.25.h5
0bcde58c-cae7-4179-890b-1800507ff150,0.0,0.1,ab4a70858e,0.14090585708618164,-20.59701492537313,9.858490566037737,0.0,17.91,22,21,0,0.0,3,5.0,2,0.03,/mnt/ceph-ssd/workspaces/ws/cidbn_wibral_neuro_nonhuman/u19361-workspace/allen/rf/zebra/rawresults/ephys/sub-830794_ses-ecephys-830794-2026-01-26-12-02-05_ecephys/ProbeD/trial_0/phase_1/lib_ab4a70858e/lib_ab4a70858e__delay_0.0__dur_0.1.h5
0be34e30-42a7-4c8d-9085-86e294ec303d,0.02,0.25,ab4a70858e,0.10404228419065475,9.85074626865672,2.6886792452830193,112.48408527317332,10.74,39,25,5,1.5707963267948966,1,3.0,11,1.2,/mnt/ceph-ssd/workspaces/ws/cidbn_wibral_neuro_nonhuman/u19361-workspace/allen/rf/zebra/rawresults/ephys/sub-830794_ses-ecephys-830794-2026-01-26-12-02-05_ecephys/ProbeD/trial_0/phase_1/lib_ab4a70858e/lib_ab4a70858e__delay_0.02__dur_0.25.h5
0c0f801a-0c21-476b-9cbf-b013797495b0,0.12,0.25,ab4a70858e,0.08581245690584183,-20.59701492537313,-8.066037735849058,112.48408527317332,17.91,22,31,5,1.5707963267948966,3,5.0,11,1.2,/mnt/ceph-ssd/workspaces/ws/cidbn_wibral_neuro_nonhuman/u19361-workspace/allen/rf/zebra/rawresults/ephys/sub-830794_ses-ecephys-830794-2026-01-26-12-02-05_ecephys/ProbeD/trial_0/phase_1/lib_ab4a70858e/lib_ab4a70858e__delay_0.12__dur_0.25.h5
0c48ed6b-3463-470d-a48d-98e33da0a64a,0.0,0.05,ab4a70858e,0.08747747540473938,-15.223880597014926,0.8962264150943398,0.0,21.49,25,26,0,0.0,4,6.0,5,0.06,/mnt/ceph-ssd/workspaces/ws/cidbn_wibral_neuro_nonhuman/u19361-workspace/allen/rf/zebra/rawresults/ephys/sub-830794_ses-ecephys-830794-2026-01-26-12-02-05_ecephys/ProbeD/trial_0/phase_1/lib_ab4a70858e/lib_ab4a70858e__delay_0.0__dur_0.05.h5
0cef16d8-edc5-4732-9944-19205ea25473,0.04,0.1,ab4a70858e,0.321425199508667,-43.88059701492537,17.02830188679245,0.0,10.74,9,17,0,0.0,1,3.0,1,0.02,/mnt/ceph-ssd/workspaces/ws/cidbn_wibral_neuro_nonhuman/u19361-workspace/allen/rf/zebra/rawresults/ephys/sub-830794_ses-ecephys-830794-2026-01-26-12-02-05_ecephys/ProbeD/trial_0/phase_1/lib_ab4a70858e/lib_ab4a70858e__delay_0.04__dur_0.1.h5
0d4bdc85-d16a-4008-b76c-5e8a353dea30,0.01,0.25,ab4a70858e,0.1435740441083908,-24.179104477611936,-0.8962264150943398,67.51591472682667,17.91,20,27,3,0.9424777960769379,3,5.0,12,1.3,/mnt/ceph-ssd/workspaces/ws/cidbn_wibral_neuro_nonhuman/u19361-workspace/allen/rf/zebra/rawresults/ephys/sub-830794_ses-ecephys-830794-2026-01-26-12-02-05_ecephys/ProbeD/trial_0/phase_1/lib_ab4a70858e/lib_ab4a70858e__delay_0.01__dur_0.25.h5
0d50557e-7fe7-44a7-bf95-bb4905334114,0.06,0.25,ab4a70858e,0.07345157861709595,-43.88059701492537,-2.6886792452830193,22.515923572829163,7.16,9,28,9,2.827433388230814,0,2.0,9,0.1,/mnt/ceph-ssd/workspaces/ws/cidbn_wibral_neuro_nonhuman/u19361-workspace/allen/rf/zebra/rawresults/ephys/sub-830794_ses-ecephys-830794-2026-01-26-12-02-05_ecephys/ProbeD/trial_0/phase_1/lib_ab4a70858e/lib_ab4a70858e__delay_0.06__dur_0.25.h5
0d8ac32b-6b50-47b3-8036-21762a79741f,0.12,0.25,ab4a70858e,0.07923955470323563,9.85074626865672,-43.91509433962264,22.515923572829195,7.16,39,51,1,0.3141592653589793,0,2.0,7,0.08,/mnt/ceph-ssd/workspaces/ws/cidbn_wibral_neuro_nonhuman/u19361-workspace/allen/rf/zebra/rawresults/ephys/sub-830794_ses-ecephys-830794-2026-01-26-12-02-05_ecephys/ProbeD/trial_0/phase_1/lib_ab4a70858e/lib_ab4a70858e__delay_0.12__dur_0.25.h5
0d91e378-64ac-420d-8ede-c6e9f32272ac,0.0,0.15000000000000002,ab4a70858e,0.08496052026748657,-38.507462686567166,17.02830188679245,112.48408527317332,10.74,12,17,5,1.5707963267948966,1,3.0,7,0.08,/mnt/ceph-ssd/workspaces/ws/cidbn_wibral_neuro_nonhuman/u19361-workspace/allen/rf/zebra/rawresults/ephys/sub-830794_ses-ecephys-830794-2026-01-26-12-02-05_ecephys/ProbeD/trial_0/phase_1/lib_ab4a70858e/lib_ab4a70858e__delay_0.0__dur_0.15000000000000002.h5
0da31dea-7678-43d8-af29-5f83e23ca745,0.0,0.2,ab4a70858e,0.0981983095407486,-27.761194029850742,2.6886792452830193,0.0,10.74,18,25,0,0.0,1,3.0,1,0.02,/mnt/ceph-ssd/workspaces/ws/cidbn_wibral_neuro_nonhuman/u19361-workspace/allen/rf/zebra/rawresults/ephys/sub-830794_ses-ecephys-830794-2026-01-26-12-02-05_ecephys/ProbeD/trial_0/phase_1/lib_ab4a70858e/lib_ab4a70858e__delay_0.0__dur_0.2.h5
0f27db54-09c1-42af-b5f4-25f3e53d7981,0.07,0.25,ab4a70858e,0.11295317858457565,6.268656716417908,-33.160377358490564,112.48408527317332,14.32,37,45,5,1.5707963267948966,2,4.0,11,1.2,/mnt/ceph-ssd/workspaces/ws/cidbn_wibral_neuro_nonhuman/u19361-workspace/allen/rf/zebra/rawresults/ephys/sub-830794_ses-ecephys-830794-2026-01-26-12-02-05_ecephys/ProbeD/trial_0/phase_1/lib_ab4a70858e/lib_ab4a70858e__delay_0.07__dur_0.25.h5
10756fa3-11a6-4818-9629-69d3bc4b1f06,0.04,0.15000000000000002,ab4a70858e,0.06951867789030075,-25.970149253731343,4.481132075471699,134.9774869247291,28.65,19,24,6,1.8849555921538759,5,8.0,4,0.05,/mnt/ceph-ssd/workspaces/ws/cidbn_wibral_neuro_nonhuman/u19361-workspace/allen/rf/zebra/rawresults/ephys/sub-830794_ses-ecephys-830794-2026-01-26-12-02-05_ecephys/ProbeD/trial_0/phase_1/lib_ab4a70858e/lib_ab4a70858e__delay_0.04__dur_0.15000000000000002.h5
10982579-b3c3-4370-9b74-21acacc7b7b8,0.12,0.25,ab4a70858e,0.08235525339841843,-20.59701492537313,-4.481132075471699,0.0,14.32,22,29,0,0.0,2,4.0,11,1.2,/mnt/ceph-ssd/workspaces/ws/cidbn_wibral_neuro_nonhuman/u19361-workspace/allen/rf/zebra/rawresults/ephys/sub-830794_ses-ecephys-830794-2026-01-26-12-02-05_ecephys/ProbeD/trial_0/phase_1/lib_ab4a70858e/lib_ab4a70858e__delay_0.12__dur_0.25.h5
12bf0f2f-1889-412b-8554-b111ac4adbd1,0.0,0.1,ab4a70858e,0.4886600077152252,-2.6865671641791025,-13.443396226415096,22.515923572829163,10.74,32,34,9,2.827433388230814,1,3.0,2,0.03,/mnt/ceph-ssd/workspaces/ws/cidbn_wibral_neuro_nonhuman/u19361-workspace/allen/rf/zebra/rawresults/ephys/sub-830794_ses-ecephys-830794-2026-01-26-12-02-05_ecephys/ProbeD/trial_0/phase_1/lib_ab4a70858e/lib_ab4a70858e__delay_0.0__dur_0.1.h5
135959de-06f6-497b-a516-7b953c937f5c,0.12,0.2,ab4a70858e,0.07492587715387344,-11.64179104477612,-18.82075471698113,0.0,17.91,27,37,0,0.0,3,5.0,11,1.2,/mnt/ceph-ssd/workspaces/ws/cidbn_wibral_neuro_nonhuman/u19361-workspace/allen/rf/zebra/rawresults/ephys/sub-830794_ses-ecephys-830794-2026-01-26-12-02-05_ecephys/ProbeD/trial_0/phase_1/lib_ab4a70858e/lib_ab4a70858e__delay_0.12__dur_0.2.h5
1383005c-5ecc-430a-9ea9-00dce7b4320b,0.01,0.15000000000000002,ab4a70858e,0.06887516379356384,4.477611940298516,-0.8962264150943398,134.9774869247291,14.32,36,27,6,1.8849555921538759,2,4.0,8,0.09,/mnt/ceph-ssd/workspaces/ws/cidbn_wibral_neuro_nonhuman/u19361-workspace/allen/rf/zebra/rawresults/ephys/sub-830794_ses-ecephys-830794-2026-01-26-12-02-05_ecephys/ProbeD/trial_0/phase_1/lib_ab4a70858e/lib_ab4a70858e__delay_0.01__dur_0.15000000000000002.h5
13dccedb-338a-4c81-ac4c-44c9a66de4d9,0.0,0.2,ab4a70858e,0.0766349732875824,-24.179104477611936,6.273584905660378,157.4840764271708,28.65,20,23,7,2.199114857512855,5,8.0,5,0.06,/mnt/ceph-ssd/workspaces/ws/cidbn_wibral_neuro_nonhuman/u19361-workspace/allen/rf/zebra/rawresults/ephys/sub-830794_ses-ecephys-830794-2026-01-26-12-02-05_ecephys/ProbeD/trial_0/phase_1/lib_ab4a70858e/lib_ab4a70858e__delay_0.0__dur_0.2.h5
143be6f6-303b-4e5b-aa3c-c8a454f7c3d7,0.04,0.15000000000000002,ab4a70858e,0.08112473785877228,-38.507462686567166,-0.8962264150943398,112.48408527317332,21.49,12,27,5,1.5707963267948966,4,6.0,7,0.08,/mnt/ceph-ssd/workspaces/ws/cidbn_wibral_neuro_nonhuman/u19361-workspace/allen/rf/zebra/rawresults/ephys/sub-830794_ses-ecephys-830794-2026-01-26-12-02-05_ecephys/ProbeD/trial_0/phase_1/lib_ab4a70858e/lib_ab4a70858e__delay_0.04__dur_0.15000000000000002.h5
14bcd46f-c57a-4bfb-892a-838047d0a199,0.01,0.1,ab4a70858e,0.2980273962020874,-8.059701492537314,-8.066037735849058,180.0,17.91,29,31,8,2.5132741228718345,3,5.0,0,0.01,/mnt/ceph-ssd/workspaces/ws/cidbn_wibral_neuro_nonhuman/u19361-workspace/allen/rf/zebra/rawresults/ephys/sub-830794_ses-ecephys-830794-2026-01-26-12-02-05_ecephys/ProbeD/trial_0/phase_1/lib_ab4a70858e/lib_ab4a70858e__delay_0.01__dur_0.1.h5
14fe0cf6-a63e-4904-a053-d3a8c8c3a7dd,0.04,0.15000000000000002,ab4a70858e,0.14540299773216248,58.20895522388061,4.481132075471699,157.4840764271708,14.32,66,24,7,2.199114857512855,2,4.0,11,1.2,/mnt/ceph-ssd/workspaces/ws/cidbn_wibral_neuro_nonhuman/u19361-workspace/allen/rf/zebra/rawresults/ephys/sub-830794_ses-ecephys-830794-2026-01-26-12-02-05_ecephys/ProbeD/trial_0/phase_1/lib_ab4a70858e/lib_ab4a70858e__delay_0.04__dur_0.15000000000000002.h5
153c21f4-c9db-4580-a4fa-61820e962510,0.1,0.25,ab4a70858e,0.09111644327640533,-8.059701492537314,-11.650943396226417,45.02251307527088,7.16,29,33,2,0.6283185307179586,0,2.0,12,1.3,/mnt/ceph-ssd/workspaces/ws/cidbn_wibral_neuro_nonhuman/u19361-workspace/allen/rf/zebra/rawresults/ephys/sub-830794_ses-ecephys-830794-2026-01-26-12-02-05_ecephys/ProbeD/trial_0/phase_1/lib_ab4a70858e/lib_ab4a70858e__delay_0.1__dur_0.25.h5
16437294-a1a3-47d8-8d6b-b3776552eb95,0.03,0.1,ab4a70858e,0.32875967025756836,-43.88059701492537,18.820754716981128,0.0,14.32,9,16,0,0.0,2,4.0,1,0.02,/mnt/ceph-ssd/workspaces/ws/cidbn_wibral_neuro_nonhuman/u19361-workspace/allen/rf/zebra/rawresults/ephys/sub-830794_ses-ecephys-830794-2026-01-26-12-02-05_ecephys/ProbeD/trial_0/phase_1/lib_ab4a70858e/lib_ab4a70858e__delay_0.03__dur_0.1.h5
16f0a317-5c51-4935-bc93-51d5216bb6c5,0.12,0.15000000000000002,ab4a70858e,0.08403593301773071,-17.014925373134325,0.8962264150943398,112.48408527317332,21.49,24,26,5,1.5707963267948966,4,6.0,12,1.3,/mnt/ceph-ssd/workspaces/ws/cidbn_wibral_neuro_nonhuman/u19361-workspace/allen/rf/zebra/rawresults/ephys/sub-830794_ses-ecephys-830794-2026-01-26-12-02-05_ecephys/ProbeD/trial_0/phase_1/lib_ab4a70858e/lib_ab4a70858e__delay_0.12__dur_0.15000000000000002.h5
17733ebb-003f-48d9-b720-de2c1452315e,0.01,0.15000000000000002,ab4a70858e,0.1453731507062912,-31.34328358208955,17.02830188679245,0.0,17.91,16,17,0,0.0,3,5.0,5,0.06,/mnt/ceph-ssd/workspaces/ws/cidbn_wibral_neuro_nonhuman/u19361-workspace/allen/rf/zebra/rawresults/ephys/sub-830794_ses-ecephys-830794-2026-01-26-12-02-05_ecephys/ProbeD/trial_0/phase_1/lib_ab4a70858e/lib_ab4a70858e__delay_0.01__dur_0.15000000000000002.h5
177e8ae2-9372-4d02-ad41-e6eeda42dbe9,0.12,0.25,ab4a70858e,0.07213081419467926,-43.88059701492537,22.405660377358487,22.515923572829195,28.65,9,14,1,0.3141592653589793,5,8.0,9,0.1,/mnt/ceph-ssd/workspaces/ws/cidbn_wibral_neuro_nonhuman/u19361-workspace/allen/rf/zebra/rawresults/ephys/sub-830794_ses-ecephys-830794-2026-01-26-12-02-05_ecephys/ProbeD/trial_0/phase_1/lib_ab4a70858e/lib_ab4a70858e__delay_0.12__dur_0.25.h5
180df4f8-d950-4ef9-b42a-a29446a93517,0.0,0.1,ab4a70858e,0.22760015726089478,29.55223880597015,-15.235849056603776,22.515923572829163,10.74,50,35,9,2.827433388230814,1,3.0,6,0.07,/mnt/ceph-ssd/workspaces/ws/cidbn_wibral_neuro_nonhuman/u19361-workspace/allen/rf/zebra/rawresults/ephys/sub-830794_ses-ecephys-830794-2026-01-26-12-02-05_ecephys/ProbeD/trial_0/phase_1/lib_ab4a70858e/lib_ab4a70858e__delay_0.0__dur_0.1.h5
186ee725-b295-4ff2-a401-069d7fa9b747,0.03,0.2,ab4a70858e,0.07894113659858704,-38.507462686567166,-22.40566037735849,180.0,7.16,12,39,8,2.5132741228718345,0,2.0,9,0.1,/mnt/ceph-ssd/workspaces/ws/cidbn_wibral_neuro_nonhuman/u19361-workspace/allen/rf/zebra/rawresults/ephys/sub-830794_ses-ecephys-830794-2026-01-26-12-02-05_ecephys/ProbeD/trial_0/phase_1/lib_ab4a70858e/lib_ab4a70858e__delay_0.03__dur_0.2.h5
18baf3be-e1ce-494b-93cf-65b7c120dfcd,0.11,0.15000000000000002,ab4a70858e,0.07663862407207489,9.85074626865672,0.8962264150943398,157.4840764271708,28.65,39,26,7,2.199114857512855,5,8.0,9,0.1,/mnt/ceph-ssd/workspaces/ws/cidbn_wibral_neuro_nonhuman/u19361-workspace/allen/rf/zebra/rawresults/ephys/sub-830794_ses-ecephys-830794-2026-01-26-12-02-05_ecephys/ProbeD/trial_0/phase_1/lib_ab4a70858e/lib_ab4a70858e__delay_0.11__dur_0.15000000000000002.h5
18e92e59-1d4c-4396-b01c-485e5ee739f5,0.06,0.2,ab4a70858e,0.08231547474861145,-15.223880597014926,9.858490566037737,134.9774869247291,28.65,25,21,6,1.8849555921538759,5,8.0,9,0.1,/mnt/ceph-ssd/workspaces/ws/cidbn_wibral_neuro_nonhuman/u19361-workspace/allen/rf/zebra/rawresults/ephys/sub-830794_ses-ecephys-830794-2026-01-26-12-02-05_ecephys/ProbeD/trial_0/phase_1/lib_ab4a70858e/lib_ab4a70858e__delay_0.06__dur_0.2.h5
195419f8-63fc-45d0-b5ad-78cdf5e8b4c2,0.0,0.1,ab4a70858e,0.0810696929693222,6.268656716417908,-11.650943396226417,45.02251307527088,21.49,37,33,2,0.6283185307179586,4,6.0,6,0.07,/mnt/ceph-ssd/workspaces/ws/cidbn_wibral_neuro_nonhuman/u19361-workspace/allen/rf/zebra/rawresults/ephys/sub-830794_ses-ecephys-830794-2026-01-26-12-02-05_ecephys/ProbeD/trial_0/phase_1/lib_ab4a70858e/lib_ab4a70858e__delay_0.0__dur_0.1.h5
19969fb3-6b98-4a68-953a-f93a7b3620f2,0.11,0.1,ab4a70858e,0.07407871633768082,45.67164179104478,0.8962264150943398,90.0,7.16,59,26,4,1.2566370614359172,0,2.0,9,0.1,/mnt/ceph-ssd/workspaces/ws/cidbn_wibral_neuro_nonhuman/u19361-workspace/allen/rf/zebra/rawresults/ephys/sub-830794_ses-ecephys-830794-2026-01-26-12-02-05_ecephys/ProbeD/trial_0/phase_1/lib_ab4a70858e/lib_ab4a70858e__delay_0.11__dur_0.1.h5
19b54180-daa4-4a60-b8bd-8e1f4e93a7d8,0.02,0.2,ab4a70858e,0.08333927392959595,-54.62686567164179,-45.70754716981132,67.51591472682667,14.32,3,52,3,0.9424777960769379,2,4.0,9,0.1,/mnt/ceph-ssd/workspaces/ws/cidbn_wibral_neuro_nonhuman/u19361-workspace/allen/rf/zebra/rawresults/ephys/sub-830794_ses-ecephys-830794-2026-01-26-12-02-05_ecephys/ProbeD/trial_0/phase_1/lib_ab4a70858e/lib_ab4a70858e__delay_0.02__dur_0.2.h5
19c53ffb-bd05-4161-b91d-50cc2a21c917,0.07,0.25,ab4a70858e,0.08763253688812256,-49.25373134328358,9.858490566037737,112.48408527317332,17.91,6,21,5,1.5707963267948966,3,5.0,6,0.07,/mnt/ceph-ssd/workspaces/ws/cidbn_wibral_neuro_nonhuman/u19361-workspace/allen/rf/zebra/rawresults/ephys/sub-830794_ses-ecephys-830794-2026-01-26-12-02-05_ecephys/ProbeD/trial_0/phase_1/lib_ab4a70858e/lib_ab4a70858e__delay_0.07__dur_0.25.h5
1b75e8fd-fe0c-4dd6-aee7-cb16e566450e,0.0,0.2,ab4a70858e,0.07583357393741608,25.97014925373135,11.650943396226417,180.0,10.74,48,20,8,2.5132741228718345,1,3.0,12,1.3,/mnt/ceph-ssd/workspaces/ws/cidbn_wibral_neuro_nonhuman/u19361-workspace/allen/rf/zebra/rawresults/ephys/sub-830794_ses-ecephys-830794-2026-01-26-12-02-05_ecephys/ProbeD/trial_0/phase_1/lib_ab4a70858e/lib_ab4a70858e__delay_0.0__dur_0.2.h5
1bc96326-fbfd-4f73-9315-a7b5788cf477,0.03,0.2,ab4a70858e,0.07590986043214798,-11.64179104477612,-13.443396226415096,67.51591472682667,10.74,27,34,3,0.9424777960769379,1,3.0,12,1.3,/mnt/ceph-ssd/workspaces/ws/cidbn_wibral_neuro_nonhuman/u19361-workspace/allen/rf/zebra/rawresults/ephys/sub-830794_ses-ecephys-830794-2026-01-26-12-02-05_ecephys/ProbeD/trial_0/phase_1/lib_ab4a70858e/lib_ab4a70858e__delay_0.03__dur_0.2.h5
1c853fbe-cf92-42ad-a756-c524bca95b28,0.01,0.05,ab4a70858e,0.584650456905365,-0.8955223880596961,-4.481132075471699,0.0,10.74,33,29,0,0.0,1,3.0,2,0.03,/mnt/ceph-ssd/workspaces/ws/cidbn_wibral_neuro_nonhuman/u19361-workspace/allen/rf/zebra/rawresults/ephys/sub-830794_ses-ecephys-830794-2026-01-26-12-02-05_ecephys/ProbeD/trial_0/phase_1/lib_ab4a70858e/lib_ab4a70858e__delay_0.01__dur_0.05.h5
1ccc8363-db7e-4efe-9702-9708073a4f39,0.11,0.2,ab4a70858e,0.08884237706661224,15.223880597014926,4.481132075471699,134.9774869247291,21.49,42,24,6,1.8849555921538759,4,6.0,9,0.1,/mnt/ceph-ssd/workspaces/ws/cidbn_wibral_neuro_nonhuman/u19361-workspace/allen/rf/zebra/rawresults/ephys/sub-830794_ses-ecephys-830794-2026-01-26-12-02-05_ecephys/ProbeD/trial_0/phase_1/lib_ab4a70858e/lib_ab4a70858e__delay_0.11__dur_0.2.h5
1d24b984-61b7-49bb-9f2d-1a8303a75f65,0.12,0.25,ab4a70858e,0.07473818212747574,24.179104477611943,6.273584905660378,22.515923572829163,28.65,47,23,9,2.827433388230814,5,8.0,3,0.04,/mnt/ceph-ssd/workspaces/ws/cidbn_wibral_neuro_nonhuman/u19361-workspace/allen/rf/zebra/rawresults/ephys/sub-830794_ses-ecephys-830794-2026-01-26-12-02-05_ecephys/ProbeD/trial_0/phase_1/lib_ab4a70858e/lib_ab4a70858e__delay_0.12__dur_0.25.h5
1d3c32be-9faf-4ed4-8298-f394bd56f0b1,0.05,0.1,ab4a70858e,0.1529935896396637,-18.80597014925373,0.8962264150943398,134.9774869247291,28.65,23,26,6,1.8849555921538759,5,8.0,6,0.07,/mnt/ceph-ssd/workspaces/ws/cidbn_wibral_neuro_nonhuman/u19361-workspace/allen/rf/zebra/rawresults/ephys/sub-830794_ses-ecephys-830794-2026-01-26-12-02-05_ecephys/ProbeD/trial_0/phase_1/lib_ab4a70858e/lib_ab4a70858e__delay_0.05__dur_0.1.h5
1dc601f1-75c5-4887-9435-670599c09c2e,0.0,0.25,ab4a70858e,0.07926899194717407,-18.80597014925373,2.6886792452830193,157.4840764271708,14.32,23,25,7,2.199114857512855,2,4.0,12,1.3,/mnt/ceph-ssd/workspaces/ws/cidbn_wibral_neuro_nonhuman/u19361-workspace/allen/rf/zebra/rawresults/ephys/sub-830794_ses-ecephys-830794-2026-01-26-12-02-05_ecephys/ProbeD/trial_0/phase_1/lib_ab4a70858e/lib_ab4a70858e__delay_0.0__dur_0.25.h5
1dfeb0af-3b5f-47f1-8c83-35b80cc40bd0,0.0,0.25,ab4a70858e,0.07885515689849854,-18.80597014925373,6.273584905660378,22.515923572829163,10.74,23,23,9,2.827433388230814,1,3.0,5,0.06,/mnt/ceph-ssd/workspaces/ws/cidbn_wibral_neuro_nonhuman/u19361-workspace/allen/rf/zebra/rawresults/ephys/sub-830794_ses-ecephys-830794-2026-01-26-12-02-05_ecephys/ProbeD/trial_0/phase_1/lib_ab4a70858e/lib_ab4a70858e__delay_0.0__dur_0.25.h5
1e8b6d55-0c64-4bea-822c-c1ec0bdb0133,0.12,0.2,ab4a70858e,0.08618223667144775,58.20895522388061,0.8962264150943398,180.0,28.65,66,26,8,2.5132741228718345,5,8.0,9,0.1,/mnt/ceph-ssd/workspaces/ws/cidbn_wibral_neuro_nonhuman/u19361-workspace/allen/rf/zebra/rawresults/ephys/sub-830794_ses-ecephys-830794-2026-01-26-12-02-05_ecephys/ProbeD/trial_0/phase_1/lib_ab4a70858e/lib_ab4a70858e__delay_0.12__dur_0.2.h5
1ec48d60-29ea-453f-969a-b70a2a63df8f,0.04,0.2,ab4a70858e,0.08196160197257996,-17.014925373134325,9.858490566037737,90.0,17.91,24,21,4,1.2566370614359172,3,5.0,4,0.05,/mnt/ceph-ssd/workspaces/ws/cidbn_wibral_neuro_nonhuman/u19361-workspace/allen/rf/zebra/rawresults/ephys/sub-830794_ses-ecephys-830794-2026-01-26-12-02-05_ecephys/ProbeD/trial_0/phase_1/lib_ab4a70858e/lib_ab4a70858e__delay_0.04__dur_0.2.h5
1f27eac3-b0a6-4ed0-9bb2-301b433d87dc,0.0,0.1,ab4a70858e,0.16144849359989166,-22.388059701492537,2.6886792452830193,134.9774869247291,21.49,21,25,6,1.8849555921538759,4,6.0,5,0.06,/mnt/ceph-ssd/workspaces/ws/cidbn_wibral_neuro_nonhuman/u19361-workspace/allen/rf/zebra/rawresults/ephys/sub-830794_ses-ecephys-830794-2026-01-26-12-02-05_ecephys/ProbeD/trial_0/phase_1/lib_ab4a70858e/lib_ab4a70858e__delay_0.0__dur_0.1.h5
1f3ef2ce-c824-4ef3-aa57-68bf1ef877ea,0.02,0.15000000000000002,ab4a70858e,0.07020724564790726,-15.223880597014926,-6.273584905660378,45.02251307527088,17.91,25,30,2,0.6283185307179586,3,5.0,9,0.1,/mnt/ceph-ssd/workspaces/ws/cidbn_wibral_neuro_nonhuman/u19361-workspace/allen/rf/zebra/rawresults/ephys/sub-830794_ses-ecephys-830794-2026-01-26-12-02-05_ecephys/ProbeD/trial_0/phase_1/lib_ab4a70858e/lib_ab4a70858e__delay_0.02__dur_0.15000000000000002.h5
1fc3d688-37d4-4a8a-9905-562a86d66b3b,0.0,0.2,ab4a70858e,0.10062285512685776,-20.59701492537313,-4.481132075471699,157.4840764271708,21.49,22,29,7,2.199114857512855,4,6.0,2,0.03,/mnt/ceph-ssd/workspaces/ws/cidbn_wibral_neuro_nonhuman/u19361-workspace/allen/rf/zebra/rawresults/ephys/sub-830794_ses-ecephys-830794-2026-01-26-12-02-05_ecephys/ProbeD/trial_0/phase_1/lib_ab4a70858e/lib_ab4a70858e__delay_0.0__dur_0.2.h5
2004b3d7-010e-49cc-a22d-1aac8a0eba34,0.08,0.25,ab4a70858e,0.13218757510185242,-15.223880597014926,-9.858490566037737,0.0,17.91,25,32,0,0.0,3,5.0,11,1.2,/mnt/ceph-ssd/workspaces/ws/cidbn_wibral_neuro_nonhuman/u19361-workspace/allen/rf/zebra/rawresults/ephys/sub-830794_ses-ecephys-830794-2026-01-26-12-02-05_ecephys/ProbeD/trial_0/phase_1/lib_ab4a70858e/lib_ab4a70858e__delay_0.08__dur_0.25.h5
2088184f-a213-4093-b255-1664b04d5e5c,0.01,0.2,ab4a70858e,0.10417759418487549,-2.6865671641791025,-13.443396226415096,157.4840764271708,28.65,32,34,7,2.199114857512855,5,8.0,9,0.1,/mnt/ceph-ssd/workspaces/ws/cidbn_wibral_neuro_nonhuman/u19361-workspace/allen/rf/zebra/rawresults/ephys/sub-830794_ses-ecephys-830794-2026-01-26-12-02-05_ecephys/ProbeD/trial_0/phase_1/lib_ab4a70858e/lib_ab4a70858e__delay_0.01__dur_0.2.h5
21066686-192d-4deb-8871-29f296918901,0.12,0.25,ab4a70858e,0.09090220183134079,-8.059701492537314,-34.95283018867924,0.0,17.91,29,46,0,0.0,3,5.0,11,1.2,/mnt/ceph-ssd/workspaces/ws/cidbn_wibral_neuro_nonhuman/u19361-workspace/allen/rf/zebra/rawresults/ephys/sub-830794_ses-ecephys-830794-2026-01-26-12-02-05_ecephys/ProbeD/trial_0/phase_1/lib_ab4a70858e/lib_ab4a70858e__delay_0.12__dur_0.25.h5
2122de3b-aba2-47a2-82c9-5882cd746abd,0.01,0.1,ab4a70858e,0.2614705264568329,-11.64179104477612,-6.273584905660378,22.515923572829195,21.49,27,30,1,0.3141592653589793,4,6.0,3,0.04,/mnt/ceph-ssd/workspaces/ws/cidbn_wibral_neuro_nonhuman/u19361-workspace/allen/rf/zebra/rawresults/ephys/sub-830794_ses-ecephys-830794-2026-01-26-12-02-05_ecephys/ProbeD/trial_0/phase_1/lib_ab4a70858e/lib_ab4a70858e__delay_0.01__dur_0.1.h5
2158db9b-0677-48de-8eb4-0491bf73ec7d,0.03,0.1,ab4a70858e,0.364643394947052,-38.507462686567166,17.02830188679245,0.0,14.32,12,17,0,0.0,2,4.0,2,0.03,/mnt/ceph-ssd/workspaces/ws/cidbn_wibral_neuro_nonhuman/u19361-workspace/allen/rf/zebra/rawresults/ephys/sub-830794_ses-ecephys-830794-2026-01-26-12-02-05_ecephys/ProbeD/trial_0/phase_1/lib_ab4a70858e/lib_ab4a70858e__delay_0.03__dur_0.1.h5
21932495-9340-4593-8bf2-5cc37b01e268,0.0,0.2,ab4a70858e,0.08122082054615021,-25.970149253731343,2.6886792452830193,0.0,17.91,19,25,0,0.0,3,5.0,11,1.2,/mnt/ceph-ssd/workspaces/ws/cidbn_wibral_neuro_nonhuman/u19361-workspace/allen/rf/zebra/rawresults/ephys/sub-830794_ses-ecephys-830794-2026-01-26-12-02-05_ecephys/ProbeD/trial_0/phase_1/lib_ab4a70858e/lib_ab4a70858e__delay_0.0__dur_0.2.h5
21b5b30c-f83c-47e4-a26c-92481e119286,0.0,0.1,ab4a70858e,0.49774402379989624,9.85074626865672,-8.066037735849058,22.515923572829195,10.74,39,31,1,0.3141592653589793,1,3.0,2,0.03,/mnt/ceph-ssd/workspaces/ws/cidbn_wibral_neuro_nonhuman/u19361-workspace/allen/rf/zebra/rawresults/ephys/sub-830794_ses-ecephys-830794-2026-01-26-12-02-05_ecephys/ProbeD/trial_0/phase_1/lib_ab4a70858e/lib_ab4a70858e__delay_0.0__dur_0.1.h5
21b7ea38-acb1-4ac3-b0ee-f32214f1fa30,0.12,0.25,ab4a70858e,0.09365636855363846,-47.46268656716418,11.650943396226417,112.48408527317332,10.74,7,20,5,1.5707963267948966,1,3.0,11,1.2,/mnt/ceph-ssd/workspaces/ws/cidbn_wibral_neuro_nonhuman/u19361-workspace/allen/rf/zebra/rawresults/ephys/sub-830794_ses-ecephys-830794-2026-01-26-12-02-05_ecephys/ProbeD/trial_0/phase_1/lib_ab4a70858e/lib_ab4a70858e__delay_0.12__dur_0.25.h5
2276be48-9f69-40f3-bf89-37dc7e6c7252,0.12,0.15000000000000002,ab4a70858e,0.08142443746328354,11.641791044776127,-8.066037735849058,134.9774869247291,14.32,40,31,6,1.8849555921538759,2,4.0,9,0.1,/mnt/ceph-ssd/workspaces/ws/cidbn_wibral_neuro_nonhuman/u19361-workspace/allen/rf/zebra/rawresults/ephys/sub-830794_ses-ecephys-830794-2026-01-26-12-02-05_ecephys/ProbeD/trial_0/phase_1/lib_ab4a70858e/lib_ab4a70858e__delay_0.12__dur_0.15000000000000002.h5
22e7c936-313d-4318-a020-fc25fdc66d9c,0.0,0.1,ab4a70858e,0.3821350634098053,4.477611940298516,-8.066037735849058,0.0,10.74,36,31,0,0.0,1,3.0,3,0.04,/mnt/ceph-ssd/workspaces/ws/cidbn_wibral_neuro_nonhuman/u19361-workspace/allen/rf/zebra/rawresults/ephys/sub-830794_ses-ecephys-830794-2026-01-26-12-02-05_ecephys/ProbeD/trial_0/phase_1/lib_ab4a70858e/lib_ab4a70858e__delay_0.0__dur_0.1.h5
230fdf36-745a-4d15-b618-bd6a0dec0f6a,0.12,0.25,ab4a70858e,0.08792444318532944,-29.55223880597015,29.575471698113205,112.48408527317332,17.91,17,10,5,1.5707963267948966,3,5.0,9,0.1,/mnt/ceph-ssd/workspaces/ws/cidbn_wibral_neuro_nonhuman/u19361-workspace/allen/rf/zebra/rawresults/ephys/sub-830794_ses-ecephys-830794-2026-01-26-12-02-05_ecephys/ProbeD/trial_0/phase_1/lib_ab4a70858e/lib_ab4a70858e__delay_0.12__dur_0.25.h5
232cb623-25cf-4841-a84c-b05d0467d1ad,0.06,0.1,ab4a70858e,0.13316383957862854,-13.43283582089552,11.650943396226417,0.0,28.65,26,20,0,0.0,5,8.0,1,0.02,/mnt/ceph-ssd/workspaces/ws/cidbn_wibral_neuro_nonhuman/u19361-workspace/allen/rf/zebra/rawresults/ephys/sub-830794_ses-ecephys-830794-2026-01-26-12-02-05_ecephys/ProbeD/trial_0/phase_1/lib_ab4a70858e/lib_ab4a70858e__delay_0.06__dur_0.1.h5
23aa89c7-0341-4571-864d-2657e98d9d07,0.02,0.15000000000000002,ab4a70858e,0.07486529648303986,40.29850746268657,-45.70754716981132,45.02251307527088,28.65,56,52,2,0.6283185307179586,5,8.0,9,0.1,/mnt/ceph-ssd/workspaces/ws/cidbn_wibral_neuro_nonhuman/u19361-workspace/allen/rf/zebra/rawresults/ephys/sub-830794_ses-ecephys-830794-2026-01-26-12-02-05_ecephys/ProbeD/trial_0/phase_1/lib_ab4a70858e/lib_ab4a70858e__delay_0.02__dur_0.15000000000000002.h5
24dd31c2-aaf6-4a09-842c-2964e1f68af6,0.01,0.05,ab4a70858e,0.12287826091051102,-42.089552238805965,-6.273584905660378,90.0,14.32,10,30,4,1.2566370614359172,2,4.0,2,0.03,/mnt/ceph-ssd/workspaces/ws/cidbn_wibral_neuro_nonhuman/u19361-workspace/allen/rf/zebra/rawresults/ephys/sub-830794_ses-ecephys-830794-2026-01-26-12-02-05_ecephys/ProbeD/trial_0/phase_1/lib_ab4a70858e/lib_ab4a70858e__delay_0.01__dur_0.05.h5
256dac68-db86-4fa2-be69-9fb0278c550e,0.11,0.25,ab4a70858e,0.0959421917796135,-42.089552238805965,-0.8962264150943398,112.48408527317332,10.74,10,27,5,1.5707963267948966,1,3.0,11,1.2,/mnt/ceph-ssd/workspaces/ws/cidbn_wibral_neuro_nonhuman/u19361-workspace/allen/rf/zebra/rawresults/ephys/sub-830794_ses-ecephys-830794-2026-01-26-12-02-05_ecephys/ProbeD/trial_0/phase_1/lib_ab4a70858e/lib_ab4a70858e__delay_0.11__dur_0.25.h5
25e752b6-a0cc-4eec-af41-a92cbb5d8f80,0.12,0.2,ab4a70858e,0.07844632118940353,-18.80597014925373,-17.028301886792452,67.51591472682667,7.16,23,36,3,0.9424777960769379,0,2.0,8,0.09,/mnt/ceph-ssd/workspaces/ws/cidbn_wibral_neuro_nonhuman/u19361-workspace/allen/rf/zebra/rawresults/ephys/sub-830794_ses-ecephys-830794-2026-01-26-12-02-05_ecephys/ProbeD/trial_0/phase_1/lib_ab4a70858e/lib_ab4a70858e__delay_0.12__dur_0.2.h5
2610b80b-3faf-4f4e-9098-ef59337d63bf,0.12,0.25,ab4a70858e,0.0785641297698021,-6.268656716417908,-0.8962264150943398,45.02251307527088,14.32,30,27,2,0.6283185307179586,2,4.0,12,1.3,/mnt/ceph-ssd/workspaces/ws/cidbn_wibral_neuro_nonhuman/u19361-workspace/allen/rf/zebra/rawresults/ephys/sub-830794_ses-ecephys-830794-2026-01-26-12-02-05_ecephys/ProbeD/trial_0/phase_1/lib_ab4a70858e/lib_ab4a70858e__delay_0.12__dur_0.25.h5
27c1195c-ae1a-4d01-9790-ac3c94f83e94,0.01,0.05,ab4a70858e,0.0768212378025055,-2.6865671641791025,8.066037735849058,0.0,17.91,32,22,0,0.0,3,5.0,11,1.2,/mnt/ceph-ssd/workspaces/ws/cidbn_wibral_neuro_nonhuman/u19361-workspace/allen/rf/zebra/rawresults/ephys/sub-830794_ses-ecephys-830794-2026-01-26-12-02-05_ecephys/ProbeD/trial_0/phase_1/lib_ab4a70858e/lib_ab4a70858e__delay_0.01__dur_0.05.h5
27c52f35-07eb-4c6d-a83b-fa7ebe81d9fb,0.05,0.2,ab4a70858e,0.1153184249997139,42.08955223880598,33.160377358490564,0.0,14.32,57,8,0,0.0,2,4.0,11,1.2,/mnt/ceph-ssd/workspaces/ws/cidbn_wibral_neuro_nonhuman/u19361-workspace/allen/rf/zebra/rawresults/ephys/sub-830794_ses-ecephys-830794-2026-01-26-12-02-05_ecephys/ProbeD/trial_0/phase_1/lib_ab4a70858e/lib_ab4a70858e__delay_0.05__dur_0.2.h5
291f12de-f681-4098-8c8e-3d3b258281d9,0.1,0.25,ab4a70858e,0.0743027999997139,42.08955223880598,-13.443396226415096,157.4840764271708,10.74,57,34,7,2.199114857512855,1,3.0,9,0.1,/mnt/ceph-ssd/workspaces/ws/cidbn_wibral_neuro_nonhuman/u19361-workspace/allen/rf/zebra/rawresults/ephys/sub-830794_ses-ecephys-830794-2026-01-26-12-02-05_ecephys/ProbeD/trial_0/phase_1/lib_ab4a70858e/lib_ab4a70858e__delay_0.1__dur_0.25.h5
298bc65d-eb38-483d-a1b8-946646de0e01,0.0,0.2,ab4a70858e,0.07668138295412064,-9.850746268656714,9.858490566037737,45.02251307527088,7.16,28,21,2,0.6283185307179586,0,2.0,12,1.3,/mnt/ceph-ssd/workspaces/ws/cidbn_wibral_neuro_nonhuman/u19361-workspace/allen/rf/zebra/rawresults/ephys/sub-830794_ses-ecephys-830794-2026-01-26-12-02-05_ecephys/ProbeD/trial_0/phase_1/lib_ab4a70858e/lib_ab4a70858e__delay_0.0__dur_0.2.h5
2a0ace78-f8df-4f09-a94d-502443aa330b,0.01,0.2,ab4a70858e,0.09227141737937927,-15.223880597014926,11.650943396226417,157.4840764271708,7.16,25,20,7,2.199114857512855,0,2.0,5,0.06,/mnt/ceph-ssd/workspaces/ws/cidbn_wibral_neuro_nonhuman/u19361-workspace/allen/rf/zebra/rawresults/ephys/sub-830794_ses-ecephys-830794-2026-01-26-12-02-05_ecephys/ProbeD/trial_0/phase_1/lib_ab4a70858e/lib_ab4a70858e__delay_0.01__dur_0.2.h5
2a1800ca-1a82-4d13-a0a0-8cba5ac0a307,0.01,0.15000000000000002,ab4a70858e,0.20267947018146515,33.13432835820896,-8.066037735849058,112.48408527317332,17.91,52,31,5,1.5707963267948966,3,5.0,0,0.01,/mnt/ceph-ssd/workspaces/ws/cidbn_wibral_neuro_nonhuman/u19361-workspace/allen/rf/zebra/rawresults/ephys/sub-830794_ses-ecephys-830794-2026-01-26-12-02-05_ecephys/ProbeD/trial_0/phase_1/lib_ab4a70858e/lib_ab4a70858e__delay_0.01__dur_0.15000000000000002.h5
2b45578b-a6af-4025-8217-6036c25fc097,0.02,0.2,ab4a70858e,0.09228133410215378,20.59701492537313,-17.028301886792452,112.48408527317332,14.32,45,36,5,1.5707963267948966,2,4.0,5,0.06,/mnt/ceph-ssd/workspaces/ws/cidbn_wibral_neuro_nonhuman/u19361-workspace/allen/rf/zebra/rawresults/ephys/sub-830794_ses-ecephys-830794-2026-01-26-12-02-05_ecephys/ProbeD/trial_0/phase_1/lib_ab4a70858e/lib_ab4a70858e__delay_0.02__dur_0.2.h5
2baedbd3-a703-4c4d-89ca-85326fd678f1,0.12,0.2,ab4a70858e,0.08342792093753815,-8.059701492537314,-9.858490566037737,67.51591472682667,7.16,29,32,3,0.9424777960769379,0,2.0,12,1.3,/mnt/ceph-ssd/workspaces/ws/cidbn_wibral_neuro_nonhuman/u19361-workspace/allen/rf/zebra/rawresults/ephys/sub-830794_ses-ecephys-830794-2026-01-26-12-02-05_ecephys/ProbeD/trial_0/phase_1/lib_ab4a70858e/lib_ab4a70858e__delay_0.12__dur_0.2.h5
2c2b9097-d141-4377-99ba-290772b10408,0.0,0.1,ab4a70858e,0.11957059800624847,4.477611940298516,2.6886792452830193,0.0,17.91,36,25,0,0.0,3,5.0,7,0.08,/mnt/ceph-ssd/workspaces/ws/cidbn_wibral_neuro_nonhuman/u19361-workspace/allen/rf/zebra/rawresults/ephys/sub-830794_ses-ecephys-830794-2026-01-26-12-02-05_ecephys/ProbeD/trial_0/phase_1/lib_ab4a70858e/lib_ab4a70858e__delay_0.0__dur_0.1.h5
2d6273bb-9a6a-4fd8-b1cc-37c626160e27,0.04,0.25,ab4a70858e,0.08146409690380096,31.343283582089555,-42.12264150943396,157.4840764271708,7.16,51,50,7,2.199114857512855,0,2.0,12,1.3,/mnt/ceph-ssd/workspaces/ws/cidbn_wibral_neuro_nonhuman/u19361-workspace/allen/rf/zebra/rawresults/ephys/sub-830794_ses-ecephys-830794-2026-01-26-12-02-05_ecephys/ProbeD/trial_0/phase_1/lib_ab4a70858e/lib_ab4a70858e__delay_0.04__dur_0.25.h5
2d6f1928-6d63-42dd-aed0-dbf606973b2e,0.0,0.1,ab4a70858e,0.11746606230735779,-13.43283582089552,11.650943396226417,67.51591472682667,17.91,26,20,3,0.9424777960769379,3,5.0,0,0.01,/mnt/ceph-ssd/workspaces/ws/cidbn_wibral_neuro_nonhuman/u19361-workspace/allen/rf/zebra/rawresults/ephys/sub-830794_ses-ecephys-830794-2026-01-26-12-02-05_ecephys/ProbeD/trial_0/phase_1/lib_ab4a70858e/lib_ab4a70858e__delay_0.0__dur_0.1.h5
2e690222-5c4b-4161-a917-9f18289d89b4,0.0,0.1,ab4a70858e,0.11353982985019684,-34.92537313432835,0.8962264150943398,22.515923572829195,17.91,14,26,1,0.3141592653589793,3,5.0,1,0.02,/mnt/ceph-ssd/workspaces/ws/cidbn_wibral_neuro_nonhuman/u19361-workspace/allen/rf/zebra/rawresults/ephys/sub-830794_ses-ecephys-830794-2026-01-26-12-02-05_ecephys/ProbeD/trial_0/phase_1/lib_ab4a70858e/lib_ab4a70858e__delay_0.0__dur_0.1.h5
2e926124-1d30-46b9-a368-d53ec372d135,0.04,0.2,ab4a70858e,0.07910662144422531,-45.67164179104478,8.066037735849058,0.0,7.16,8,22,0,0.0,0,2.0,7,0.08,/mnt/ceph-ssd/workspaces/ws/cidbn_wibral_neuro_nonhuman/u19361-workspace/allen/rf/zebra/rawresults/ephys/sub-830794_ses-ecephys-830794-2026-01-26-12-02-05_ecephys/ProbeD/trial_0/phase_1/lib_ab4a70858e/lib_ab4a70858e__delay_0.04__dur_0.2.h5
2ffa0b2c-9b02-418f-87de-cb7d7fd734a0,0.01,0.05,ab4a70858e,0.0,-60.0,47.5,0.0,7.16,0,0,0,0.0,0,2.0,0,0.01,/mnt/ceph-ssd/workspaces/ws/cidbn_wibral_neuro_nonhuman/u19361-workspace/allen/rf/zebra/rawresults/ephys/sub-830794_ses-ecephys-830794-2026-01-26-12-02-05_ecephys/ProbeD/trial_0/phase_1/lib_ab4a70858e/lib_ab4a70858e__delay_0.01__dur_0.05.h5
307c6033-abca-42ed-8893-ad91b345bfd5,0.04,0.1,ab4a70858e,0.10915376991033554,-18.80597014925373,6.273584905660378,45.02251307527088,14.32,23,23,2,0.6283185307179586,2,4.0,1,0.02,/mnt/ceph-ssd/workspaces/ws/cidbn_wibral_neuro_nonhuman/u19361-workspace/allen/rf/zebra/rawresults/ephys/sub-830794_ses-ecephys-830794-2026-01-26-12-02-05_ecephys/ProbeD/trial_0/phase_1/lib_ab4a70858e/lib_ab4a70858e__delay_0.04__dur_0.1.h5
31b43cca-0e63-45b7-9312-6ff5dcb5990a,0.07,0.15000000000000002,ab4a70858e,0.06738772988319397,-54.62686567164179,-15.235849056603776,0.0,7.16,3,35,0,0.0,0,2.0,11,1.2,/mnt/ceph-ssd/workspaces/ws/cidbn_wibral_neuro_nonhuman/u19361-workspace/allen/rf/zebra/rawresults/ephys/sub-830794_ses-ecephys-830794-2026-01-26-12-02-05_ecephys/ProbeD/trial_0/phase_1/lib_ab4a70858e/lib_ab4a70858e__delay_0.07__dur_0.15000000000000002.h5
31c30236-d9ab-4250-a3a8-8f8bf06b5d48,0.0,0.1,ab4a70858e,0.16984856128692627,-20.59701492537313,-0.8962264150943398,22.515923572829163,14.32,22,27,9,2.827433388230814,2,4.0,4,0.05,/mnt/ceph-ssd/workspaces/ws/cidbn_wibral_neuro_nonhuman/u19361-workspace/allen/rf/zebra/rawresults/ephys/sub-830794_ses-ecephys-830794-2026-01-26-12-02-05_ecephys/ProbeD/trial_0/phase_1/lib_ab4a70858e/lib_ab4a70858e__delay_0.0__dur_0.1.h5
3206680c-0c29-468a-8180-967a031b23a3,0.02,0.1,ab4a70858e,0.09238187968730927,2.6865671641791096,-11.650943396226417,134.9774869247291,21.49,35,33,6,1.8849555921538759,4,6.0,5,0.06,/mnt/ceph-ssd/workspaces/ws/cidbn_wibral_neuro_nonhuman/u19361-workspace/allen/rf/zebra/rawresults/ephys/sub-830794_ses-ecephys-830794-2026-01-26-12-02-05_ecephys/ProbeD/trial_0/phase_1/lib_ab4a70858e/lib_ab4a70858e__delay_0.02__dur_0.1.h5
322a094c-a4ac-4673-99a3-e7476b8ed411,0.0,0.25,ab4a70858e,0.07306279242038727,-34.92537313432835,-27.78301886792453,0.0,7.16,14,42,0,0.0,0,2.0,9,0.1,/mnt/ceph-ssd/workspaces/ws/cidbn_wibral_neuro_nonhuman/u19361-workspace/allen/rf/zebra/rawresults/ephys/sub-830794_ses-ecephys-830794-2026-01-26-12-02-05_ecephys/ProbeD/trial_0/phase_1/lib_ab4a70858e/lib_ab4a70858e__delay_0.0__dur_0.25.h5
32a5bd3f-7d94-4f21-8cec-322d31d346cf,0.12,0.25,ab4a70858e,0.09165526926517487,-4.477611940298509,45.70754716981132,112.48408527317332,17.91,31,1,5,1.5707963267948966,3,5.0,11,1.2,/mnt/ceph-ssd/workspaces/ws/cidbn_wibral_neuro_nonhuman/u19361-workspace/allen/rf/zebra/rawresults/ephys/sub-830794_ses-ecephys-830794-2026-01-26-12-02-05_ecephys/ProbeD/trial_0/phase_1/lib_ab4a70858e/lib_ab4a70858e__delay_0.12__dur_0.25.h5
32dfad25-1ed8-4d37-877e-f840737c21e8,0.01,0.15000000000000002,ab4a70858e,0.24407202005386353,-31.34328358208955,18.820754716981128,0.0,14.32,16,16,0,0.0,2,4.0,3,0.04,/mnt/ceph-ssd/workspaces/ws/cidbn_wibral_neuro_nonhuman/u19361-workspace/allen/rf/zebra/rawresults/ephys/sub-830794_ses-ecephys-830794-2026-01-26-12-02-05_ecephys/ProbeD/trial_0/phase_1/lib_ab4a70858e/lib_ab4a70858e__delay_0.01__dur_0.15000000000000002.h5
33669bf8-4611-4ef2-8f76-63c2ae87f2af,0.07,0.1,ab4a70858e,0.07081540673971176,-36.71641791044776,8.066037735849058,180.0,14.32,13,22,8,2.5132741228718345,2,4.0,11,1.2,/mnt/ceph-ssd/workspaces/ws/cidbn_wibral_neuro_nonhuman/u19361-workspace/allen/rf/zebra/rawresults/ephys/sub-830794_ses-ecephys-830794-2026-01-26-12-02-05_ecephys/ProbeD/trial_0/phase_1/lib_ab4a70858e/lib_ab4a70858e__delay_0.07__dur_0.1.h5
339be903-ce52-4b51-b60e-ebfdede9a646,0.0,0.15000000000000002,ab4a70858e,0.08087710291147232,-20.59701492537313,0.8962264150943398,0.0,10.74,22,26,0,0.0,1,3.0,3,0.04,/mnt/ceph-ssd/workspaces/ws/cidbn_wibral_neuro_nonhuman/u19361-workspace/allen/rf/zebra/rawresults/ephys/sub-830794_ses-ecephys-830794-2026-01-26-12-02-05_ecephys/ProbeD/trial_0/phase_1/lib_ab4a70858e/lib_ab4a70858e__delay_0.0__dur_0.15000000000000002.h5
33ab8dfe-4145-47e5-94da-489ec190b64e,0.01,0.05,ab4a70858e,0.0,-60.0,47.5,0.0,7.16,0,0,0,0.0,0,2.0,0,0.01,/mnt/ceph-ssd/workspaces/ws/cidbn_wibral_neuro_nonhuman/u19361-workspace/allen/rf/zebra/rawresults/ephys/sub-830794_ses-ecephys-830794-2026-01-26-12-02-05_ecephys/ProbeD/trial_0/phase_1/lib_ab4a70858e/lib_ab4a70858e__delay_0.01__dur_0.05.h5
341ebc97-f13c-4633-ba49-6552680f53b1,0.01,0.25,ab4a70858e,0.1414915770292282,-24.179104477611936,2.6886792452830193,67.51591472682667,17.91,20,25,3,0.9424777960769379,3,5.0,12,1.3,/mnt/ceph-ssd/workspaces/ws/cidbn_wibral_neuro_nonhuman/u19361-workspace/allen/rf/zebra/rawresults/ephys/sub-830794_ses-ecephys-830794-2026-01-26-12-02-05_ecephys/ProbeD/trial_0/phase_1/lib_ab4a70858e/lib_ab4a70858e__delay_0.01__dur_0.25.h5
34257a22-f4bb-4318-aafd-1da718f8b97f,0.01,0.05,ab4a70858e,0.0,-60.0,47.5,0.0,7.16,0,0,0,0.0,0,2.0,0,0.01,/mnt/ceph-ssd/workspaces/ws/cidbn_wibral_neuro_nonhuman/u19361-workspace/allen/rf/zebra/rawresults/ephys/sub-830794_ses-ecephys-830794-2026-01-26-12-02-05_ecephys/ProbeD/trial_0/phase_1/lib_ab4a70858e/lib_ab4a70858e__delay_0.01__dur_0.05.h5
356803f4-cef4-43ea-a4b4-fecc4e8d3a6e,0.0,0.1,ab4a70858e,0.18350671231746674,0.8955223880597032,-11.650943396226417,22.515923572829163,10.74,34,33,9,2.827433388230814,1,3.0,1,0.02,/mnt/ceph-ssd/workspaces/ws/cidbn_wibral_neuro_nonhuman/u19361-workspace/allen/rf/zebra/rawresults/ephys/sub-830794_ses-ecephys-830794-2026-01-26-12-02-05_ecephys/ProbeD/trial_0/phase_1/lib_ab4a70858e/lib_ab4a70858e__delay_0.0__dur_0.1.h5
356f8245-a768-4a0c-98e9-12275688acef,0.01,0.05,ab4a70858e,0.19226616621017456,-25.970149253731343,-4.481132075471699,22.515923572829163,17.91,19,29,9,2.827433388230814,3,5.0,4,0.05,/mnt/ceph-ssd/workspaces/ws/cidbn_wibral_neuro_nonhuman/u19361-workspace/allen/rf/zebra/rawresults/ephys/sub-830794_ses-ecephys-830794-2026-01-26-12-02-05_ecephys/ProbeD/trial_0/phase_1/lib_ab4a70858e/lib_ab4a70858e__delay_0.01__dur_0.05.h5
361ee8df-9acd-4b94-8bc1-217f837a4112,0.11,0.25,ab4a70858e,0.1303936243057251,0.8955223880597032,36.74528301886792,0.0,10.74,34,6,0,0.0,1,3.0,11,1.2,/mnt/ceph-ssd/workspaces/ws/cidbn_wibral_neuro_nonhuman/u19361-workspace/allen/rf/zebra/rawresults/ephys/sub-830794_ses-ecephys-830794-2026-01-26-12-02-05_ecephys/ProbeD/trial_0/phase_1/lib_ab4a70858e/lib_ab4a70858e__delay_0.11__dur_0.25.h5
36dd1f26-411b-4a0b-a22a-53ebf44c3edc,0.0,0.15000000000000002,ab4a70858e,0.09306874126195908,-56.417910447761194,2.6886792452830193,157.4840764271708,10.74,2,25,7,2.199114857512855,1,3.0,9,0.1,/mnt/ceph-ssd/workspaces/ws/cidbn_wibral_neuro_nonhuman/u19361-workspace/allen/rf/zebra/rawresults/ephys/sub-830794_ses-ecephys-830794-2026-01-26-12-02-05_ecephys/ProbeD/trial_0/phase_1/lib_ab4a70858e/lib_ab4a70858e__delay_0.0__dur_0.15000000000000002.h5
39adceef-5f9c-4358-9d9d-fbe28c86d648,0.02,0.1,ab4a70858e,0.1700831949710846,20.59701492537313,6.273584905660378,157.4840764271708,28.65,45,23,7,2.199114857512855,5,8.0,2,0.03,/mnt/ceph-ssd/workspaces/ws/cidbn_wibral_neuro_nonhuman/u19361-workspace/allen/rf/zebra/rawresults/ephys/sub-830794_ses-ecephys-830794-2026-01-26-12-02-05_ecephys/ProbeD/trial_0/phase_1/lib_ab4a70858e/lib_ab4a70858e__delay_0.02__dur_0.1.h5
3a83f3b4-2694-440b-aecd-2b934ef806be,0.01,0.15000000000000002,ab4a70858e,0.08562865853309631,-49.25373134328358,9.858490566037737,134.9774869247291,28.65,6,21,6,1.8849555921538759,5,8.0,6,0.07,/mnt/ceph-ssd/workspaces/ws/cidbn_wibral_neuro_nonhuman/u19361-workspace/allen/rf/zebra/rawresults/ephys/sub-830794_ses-ecephys-830794-2026-01-26-12-02-05_ecephys/ProbeD/trial_0/phase_1/lib_ab4a70858e/lib_ab4a70858e__delay_0.01__dur_0.15000000000000002.h5
3af0c148-e80a-480a-9dcb-7fe40215f42c,0.08,0.25,ab4a70858e,0.10056732594966888,20.59701492537313,36.74528301886792,67.51591472682667,10.74,45,6,3,0.9424777960769379,1,3.0,12,1.3,/mnt/ceph-ssd/workspaces/ws/cidbn_wibral_neuro_nonhuman/u19361-workspace/allen/rf/zebra/rawresults/ephys/sub-830794_ses-ecephys-830794-2026-01-26-12-02-05_ecephys/ProbeD/trial_0/phase_1/lib_ab4a70858e/lib_ab4a70858e__delay_0.08__dur_0.25.h5
3b3ec080-fd80-499e-abda-d3b51846ecf2,0.12,0.15000000000000002,ab4a70858e,0.07714579999446869,-31.34328358208955,15.235849056603776,0.0,21.49,16,18,0,0.0,4,6.0,11,1.2,/mnt/ceph-ssd/workspaces/ws/cidbn_wibral_neuro_nonhuman/u19361-workspace/allen/rf/zebra/rawresults/ephys/sub-830794_ses-ecephys-830794-2026-01-26-12-02-05_ecephys/ProbeD/trial_0/phase_1/lib_ab4a70858e/lib_ab4a70858e__delay_0.12__dur_0.15000000000000002.h5
3b7f01e1-2d25-4cd9-b2eb-314b5e26a3f3,0.04,0.25,ab4a70858e,0.08441884815692902,-9.850746268656714,18.820754716981128,180.0,7.16,28,16,8,2.5132741228718345,0,2.0,12,1.3,/mnt/ceph-ssd/workspaces/ws/cidbn_wibral_neuro_nonhuman/u19361-workspace/allen/rf/zebra/rawresults/ephys/sub-830794_ses-ecephys-830794-2026-01-26-12-02-05_ecephys/ProbeD/trial_0/phase_1/lib_ab4a70858e/lib_ab4a70858e__delay_0.04__dur_0.25.h5
3b991ce7-d1db-4a33-84f1-4cfc28310781,0.0,0.2,ab4a70858e,0.06769226491451263,-6.268656716417908,-2.6886792452830193,67.51591472682667,10.74,30,28,3,0.9424777960769379,1,3.0,12,1.3,/mnt/ceph-ssd/workspaces/ws/cidbn_wibral_neuro_nonhuman/u19361-workspace/allen/rf/zebra/rawresults/ephys/sub-830794_ses-ecephys-830794-2026-01-26-12-02-05_ecephys/ProbeD/trial_0/phase_1/lib_ab4a70858e/lib_ab4a70858e__delay_0.0__dur_0.2.h5
3bf7413a-30b8-44ee-ad5d-c5bd8895cfc0,0.0,0.25,ab4a70858e,0.10444375872612,-34.92537313432835,6.273584905660378,112.48408527317332,10.74,14,23,5,1.5707963267948966,1,3.0,4,0.05,/mnt/ceph-ssd/workspaces/ws/cidbn_wibral_neuro_nonhuman/u19361-workspace/allen/rf/zebra/rawresults/ephys/sub-830794_ses-ecephys-830794-2026-01-26-12-02-05_ecephys/ProbeD/trial_0/phase_1/lib_ab4a70858e/lib_ab4a70858e__delay_0.0__dur_0.25.h5
3c16cbcf-0a9e-4e3b-a5d2-077ce32221d8,0.12,0.25,ab4a70858e,0.08211851119995117,22.388059701492537,9.858490566037737,112.48408527317332,7.16,46,21,5,1.5707963267948966,0,2.0,11,1.2,/mnt/ceph-ssd/workspaces/ws/cidbn_wibral_neuro_nonhuman/u19361-workspace/allen/rf/zebra/rawresults/ephys/sub-830794_ses-ecephys-830794-2026-01-26-12-02-05_ecephys/ProbeD/trial_0/phase_1/lib_ab4a70858e/lib_ab4a70858e__delay_0.12__dur_0.25.h5
3c428c09-8d16-4b3c-9538-3fac1497f4fb,0.0,0.25,ab4a70858e,0.07613398134708405,-52.83582089552239,4.481132075471699,157.4840764271708,17.91,4,24,7,2.199114857512855,3,5.0,7,0.08,/mnt/ceph-ssd/workspaces/ws/cidbn_wibral_neuro_nonhuman/u19361-workspace/allen/rf/zebra/rawresults/ephys/sub-830794_ses-ecephys-830794-2026-01-26-12-02-05_ecephys/ProbeD/trial_0/phase_1/lib_ab4a70858e/lib_ab4a70858e__delay_0.0__dur_0.25.h5
3c5fcbb8-773c-4216-9bb7-1b3bd456a820,0.01,0.05,ab4a70858e,0.0,-60.0,47.5,0.0,7.16,0,0,0,0.0,0,2.0,0,0.01,/mnt/ceph-ssd/workspaces/ws/cidbn_wibral_neuro_nonhuman/u19361-workspace/allen/rf/zebra/rawresults/ephys/sub-830794_ses-ecephys-830794-2026-01-26-12-02-05_ecephys/ProbeD/trial_0/phase_1/lib_ab4a70858e/lib_ab4a70858e__delay_0.01__dur_0.05.h5
3c68880c-91df-4941-b37b-1e280f4af5ee,0.08,0.25,ab4a70858e,0.10950512439012527,-11.64179104477612,-13.443396226415096,67.51591472682667,10.74,27,34,3,0.9424777960769379,1,3.0,12,1.3,/mnt/ceph-ssd/workspaces/ws/cidbn_wibral_neuro_nonhuman/u19361-workspace/allen/rf/zebra/rawresults/ephys/sub-830794_ses-ecephys-830794-2026-01-26-12-02-05_ecephys/ProbeD/trial_0/phase_1/lib_ab4a70858e/lib_ab4a70858e__delay_0.08__dur_0.25.h5
3ceef784-9f3b-4e9b-bbe9-2a539f276464,0.12,0.25,ab4a70858e,0.07765041291713715,-0.8955223880596961,15.235849056603776,134.9774869247291,28.65,33,18,6,1.8849555921538759,5,8.0,4,0.05,/mnt/ceph-ssd/workspaces/ws/cidbn_wibral_neuro_nonhuman/u19361-workspace/allen/rf/zebra/rawresults/ephys/sub-830794_ses-ecephys-830794-2026-01-26-12-02-05_ecephys/ProbeD/trial_0/phase_1/lib_ab4a70858e/lib_ab4a70858e__delay_0.12__dur_0.25.h5
3cfcf022-ae81-4040-bbb4-229bf1c4b015,0.0,0.1,ab4a70858e,0.10469511151313782,-51.04477611940298,17.02830188679245,112.48408527317332,17.91,5,17,5,1.5707963267948966,3,5.0,9,0.1,/mnt/ceph-ssd/workspaces/ws/cidbn_wibral_neuro_nonhuman/u19361-workspace/allen/rf/zebra/rawresults/ephys/sub-830794_ses-ecephys-830794-2026-01-26-12-02-05_ecephys/ProbeD/trial_0/phase_1/lib_ab4a70858e/lib_ab4a70858e__delay_0.0__dur_0.1.h5
3d20e705-34ff-4c5c-9de3-41c65534cbd7,0.11,0.15000000000000002,ab4a70858e,0.08206784725189209,-4.477611940298509,-9.858490566037737,0.0,28.65,31,32,0,0.0,5,8.0,9,0.1,/mnt/ceph-ssd/workspaces/ws/cidbn_wibral_neuro_nonhuman/u19361-workspace/allen/rf/zebra/rawresults/ephys/sub-830794_ses-ecephys-830794-2026-01-26-12-02-05_ecephys/ProbeD/trial_0/phase_1/lib_ab4a70858e/lib_ab4a70858e__delay_0.11__dur_0.15000000000000002.h5
3d7fb556-f383-409c-ac11-05636dd3a9fd,0.01,0.25,ab4a70858e,0.07284536957740784,-17.014925373134325,6.273584905660378,157.4840764271708,7.16,24,23,7,2.199114857512855,0,2.0,9,0.1,/mnt/ceph-ssd/workspaces/ws/cidbn_wibral_neuro_nonhuman/u19361-workspace/allen/rf/zebra/rawresults/ephys/sub-830794_ses-ecephys-830794-2026-01-26-12-02-05_ecephys/ProbeD/trial_0/phase_1/lib_ab4a70858e/lib_ab4a70858e__delay_0.01__dur_0.25.h5
3d85bbeb-87e2-442d-9ac7-cdffcc9cebc8,0.07,0.1,ab4a70858e,0.07897482812404633,36.71641791044776,4.481132075471699,67.51591472682667,7.16,54,24,3,0.9424777960769379,0,2.0,7,0.08,/mnt/ceph-ssd/workspaces/ws/cidbn_wibral_neuro_nonhuman/u19361-workspace/allen/rf/zebra/rawresults/ephys/sub-830794_ses-ecephys-830794-2026-01-26-12-02-05_ecephys/ProbeD/trial_0/phase_1/lib_ab4a70858e/lib_ab4a70858e__delay_0.07__dur_0.1.h5
3d89e25f-186a-42c4-8dfd-ca6bd38c05d9,0.0,0.1,ab4a70858e,0.19274476170539856,-42.089552238805965,2.6886792452830193,180.0,14.32,10,25,8,2.5132741228718345,2,4.0,2,0.03,/mnt/ceph-ssd/workspaces/ws/cidbn_wibral_neuro_nonhuman/u19361-workspace/allen/rf/zebra/rawresults/ephys/sub-830794_ses-ecephys-830794-2026-01-26-12-02-05_ecephys/ProbeD/trial_0/phase_1/lib_ab4a70858e/lib_ab4a70858e__delay_0.0__dur_0.1.h5
3da69db0-b55e-424b-989f-eb13802309ff,0.0,0.2,ab4a70858e,0.07813507318496704,-2.6865671641791025,-11.650943396226417,112.48408527317332,17.91,32,33,5,1.5707963267948966,3,5.0,9,0.1,/mnt/ceph-ssd/workspaces/ws/cidbn_wibral_neuro_nonhuman/u19361-workspace/allen/rf/zebra/rawresults/ephys/sub-830794_ses-ecephys-830794-2026-01-26-12-02-05_ecephys/ProbeD/trial_0/phase_1/lib_ab4a70858e/lib_ab4a70858e__delay_0.0__dur_0.2.h5
3dc693c7-2e99-4b5e-97b2-3b5e98627015,0.0,0.25,ab4a70858e,0.08382869511842728,-33.134328358208954,13.443396226415096,90.0,7.16,15,19,4,1.2566370614359172,0,2.0,3,0.04,/mnt/ceph-ssd/workspaces/ws/cidbn_wibral_neuro_nonhuman/u19361-workspace/allen/rf/zebra/rawresults/ephys/sub-830794_ses-ecephys-830794-2026-01-26-12-02-05_ecephys/ProbeD/trial_0/phase_1/lib_ab4a70858e/lib_ab4a70858e__delay_0.0__dur_0.25.h5
3e04b2c6-bc56-451f-82e2-54cb48cfcf1b,0.08,0.25,ab4a70858e,0.07180043309926987,-8.059701492537314,6.273584905660378,0.0,10.74,29,23,0,0.0,1,3.0,11,1.2,/mnt/ceph-ssd/workspaces/ws/cidbn_wibral_neuro_nonhuman/u19361-workspace/allen/rf/zebra/rawresults/ephys/sub-830794_ses-ecephys-830794-2026-01-26-12-02-05_ecephys/ProbeD/trial_0/phase_1/lib_ab4a70858e/lib_ab4a70858e__delay_0.08__dur_0.25.h5
3e707f63-6141-4d7c-a679-a833a5d176ab,0.05,0.25,ab4a70858e,0.08612736314535141,-9.850746268656714,45.70754716981132,0.0,17.91,28,1,0,0.0,3,5.0,11,1.2,/mnt/ceph-ssd/workspaces/ws/cidbn_wibral_neuro_nonhuman/u19361-workspace/allen/rf/zebra/rawresults/ephys/sub-830794_ses-ecephys-830794-2026-01-26-12-02-05_ecephys/ProbeD/trial_0/phase_1/lib_ab4a70858e/lib_ab4a70858e__delay_0.05__dur_0.25.h5
3ef1ab69-027f-42a0-b3ce-78f7076b90cb,0.07,0.1,ab4a70858e,0.14772918820381165,0.8955223880597032,-2.6886792452830193,180.0,28.65,34,28,8,2.5132741228718345,5,8.0,1,0.02,/mnt/ceph-ssd/workspaces/ws/cidbn_wibral_neuro_nonhuman/u19361-workspace/allen/rf/zebra/rawresults/ephys/sub-830794_ses-ecephys-830794-2026-01-26-12-02-05_ecephys/ProbeD/trial_0/phase_1/lib_ab4a70858e/lib_ab4a70858e__delay_0.07__dur_0.1.h5
3f061e6c-6f6b-4547-afb9-6ef8089740a9,0.03,0.15000000000000002,ab4a70858e,0.08919462561607361,-24.179104477611936,0.8962264150943398,112.48408527317332,28.65,20,26,5,1.5707963267948966,5,8.0,6,0.07,/mnt/ceph-ssd/workspaces/ws/cidbn_wibral_neuro_nonhuman/u19361-workspace/allen/rf/zebra/rawresults/ephys/sub-830794_ses-ecephys-830794-2026-01-26-12-02-05_ecephys/ProbeD/trial_0/phase_1/lib_ab4a70858e/lib_ab4a70858e__delay_0.03__dur_0.15000000000000002.h5
3f1eb559-cac7-4d28-9c8b-403fdd4387b4,0.12,0.25,ab4a70858e,0.08231406658887863,-25.970149253731343,6.273584905660378,0.0,17.91,19,23,0,0.0,3,5.0,11,1.2,/mnt/ceph-ssd/workspaces/ws/cidbn_wibral_neuro_nonhuman/u19361-workspace/allen/rf/zebra/rawresults/ephys/sub-830794_ses-ecephys-830794-2026-01-26-12-02-05_ecephys/ProbeD/trial_0/phase_1/lib_ab4a70858e/lib_ab4a70858e__delay_0.12__dur_0.25.h5
3f47e637-25d3-4e6c-ad09-f5a1f9d1c2e1,0.06,0.1,ab4a70858e,0.13828280568122864,-22.388059701492537,-0.8962264150943398,0.0,21.49,21,27,0,0.0,4,6.0,0,0.01,/mnt/ceph-ssd/workspaces/ws/cidbn_wibral_neuro_nonhuman/u19361-workspace/allen/rf/zebra/rawresults/ephys/sub-830794_ses-ecephys-830794-2026-01-26-12-02-05_ecephys/ProbeD/trial_0/phase_1/lib_ab4a70858e/lib_ab4a70858e__delay_0.06__dur_0.1.h5
3f485f45-2070-4530-b4d7-5c5f3bad6036,0.01,0.1,ab4a70858e,0.21897070109844208,-6.268656716417908,-0.8962264150943398,112.48408527317332,21.49,30,27,5,1.5707963267948966,4,6.0,3,0.04,/mnt/ceph-ssd/workspaces/ws/cidbn_wibral_neuro_nonhuman/u19361-workspace/allen/rf/zebra/rawresults/ephys/sub-830794_ses-ecephys-830794-2026-01-26-12-02-05_ecephys/ProbeD/trial_0/phase_1/lib_ab4a70858e/lib_ab4a70858e__delay_0.01__dur_0.1.h5
410f7349-c654-4903-b53a-f871eb107195,0.0,0.15000000000000002,ab4a70858e,0.17168880999088287,-13.43283582089552,0.8962264150943398,112.48408527317332,17.91,26,26,5,1.5707963267948966,3,5.0,11,1.2,/mnt/ceph-ssd/workspaces/ws/cidbn_wibral_neuro_nonhuman/u19361-workspace/allen/rf/zebra/rawresults/ephys/sub-830794_ses-ecephys-830794-2026-01-26-12-02-05_ecephys/ProbeD/trial_0/phase_1/lib_ab4a70858e/lib_ab4a70858e__delay_0.0__dur_0.15000000000000002.h5
4139f0ad-7b61-4e76-a949-c64646f75c6f,0.02,0.2,ab4a70858e,0.07959707081317902,-38.507462686567166,-27.78301886792453,134.9774869247291,21.49,12,42,6,1.8849555921538759,4,6.0,9,0.1,/mnt/ceph-ssd/workspaces/ws/cidbn_wibral_neuro_nonhuman/u19361-workspace/allen/rf/zebra/rawresults/ephys/sub-830794_ses-ecephys-830794-2026-01-26-12-02-05_ecephys/ProbeD/trial_0/phase_1/lib_ab4a70858e/lib_ab4a70858e__delay_0.02__dur_0.2.h5
414134e2-2895-4ddd-8148-86fc0517b0dc,0.0,0.15000000000000002,ab4a70858e,0.1396709382534027,-17.014925373134325,-2.6886792452830193,22.515923572829163,17.91,24,28,9,2.827433388230814,3,5.0,5,0.06,/mnt/ceph-ssd/workspaces/ws/cidbn_wibral_neuro_nonhuman/u19361-workspace/allen/rf/zebra/rawresults/ephys/sub-830794_ses-ecephys-830794-2026-01-26-12-02-05_ecephys/ProbeD/trial_0/phase_1/lib_ab4a70858e/lib_ab4a70858e__delay_0.0__dur_0.15000000000000002.h5
41ccec9c-4102-42da-8796-b2c11c19af05,0.02,0.05,ab4a70858e,0.10511858761310577,-17.014925373134325,-6.273584905660378,22.515923572829163,10.74,24,30,9,2.827433388230814,1,3.0,1,0.02,/mnt/ceph-ssd/workspaces/ws/cidbn_wibral_neuro_nonhuman/u19361-workspace/allen/rf/zebra/rawresults/ephys/sub-830794_ses-ecephys-830794-2026-01-26-12-02-05_ecephys/ProbeD/trial_0/phase_1/lib_ab4a70858e/lib_ab4a70858e__delay_0.02__dur_0.05.h5
42225430-1484-49ee-8e9c-95642129ab6f,0.0,0.1,ab4a70858e,0.1353863775730133,51.04477611940298,-8.066037735849058,0.0,21.49,62,31,0,0.0,4,6.0,1,0.02,/mnt/ceph-ssd/workspaces/ws/cidbn_wibral_neuro_nonhuman/u19361-workspace/allen/rf/zebra/rawresults/ephys/sub-830794_ses-ecephys-830794-2026-01-26-12-02-05_ecephys/ProbeD/trial_0/phase_1/lib_ab4a70858e/lib_ab4a70858e__delay_0.0__dur_0.1.h5
42773aa1-4543-473e-a64f-e72782fa12e1,0.0,0.1,ab4a70858e,0.08136758953332901,-8.059701492537314,11.650943396226417,0.0,21.49,29,20,0,0.0,4,6.0,11,1.2,/mnt/ceph-ssd/workspaces/ws/cidbn_wibral_neuro_nonhuman/u19361-workspace/allen/rf/zebra/rawresults/ephys/sub-830794_ses-ecephys-830794-2026-01-26-12-02-05_ecephys/ProbeD/trial_0/phase_1/lib_ab4a70858e/lib_ab4a70858e__delay_0.0__dur_0.1.h5
42a0ecda-d239-40b6-920e-f62e961c2b46,0.01,0.1,ab4a70858e,0.09372743219137192,-17.014925373134325,13.443396226415096,45.02251307527088,14.32,24,19,2,0.6283185307179586,2,4.0,9,0.1,/mnt/ceph-ssd/workspaces/ws/cidbn_wibral_neuro_nonhuman/u19361-workspace/allen/rf/zebra/rawresults/ephys/sub-830794_ses-ecephys-830794-2026-01-26-12-02-05_ecephys/ProbeD/trial_0/phase_1/lib_ab4a70858e/lib_ab4a70858e__delay_0.01__dur_0.1.h5
42b285fc-68c8-4aec-92e5-7b23cd66b176,0.12,0.15000000000000002,ab4a70858e,0.06557483226060867,-60.0,-4.481132075471699,45.02251307527088,10.74,0,29,2,0.6283185307179586,1,3.0,12,1.3,/mnt/ceph-ssd/workspaces/ws/cidbn_wibral_neuro_nonhuman/u19361-workspace/allen/rf/zebra/rawresults/ephys/sub-830794_ses-ecephys-830794-2026-01-26-12-02-05_ecephys/ProbeD/trial_0/phase_1/lib_ab4a70858e/lib_ab4a70858e__delay_0.12__dur_0.15000000000000002.h5
42d928bd-4d6f-4b69-8746-e70999cf45fc,0.0,0.1,ab4a70858e,0.36130815744400024,-17.014925373134325,-2.6886792452830193,157.4840764271708,14.32,24,28,7,2.199114857512855,2,4.0,2,0.03,/mnt/ceph-ssd/workspaces/ws/cidbn_wibral_neuro_nonhuman/u19361-workspace/allen/rf/zebra/rawresults/ephys/sub-830794_ses-ecephys-830794-2026-01-26-12-02-05_ecephys/ProbeD/trial_0/phase_1/lib_ab4a70858e/lib_ab4a70858e__delay_0.0__dur_0.1.h5
430a8393-f608-4c20-a03e-4e176d0ba7c3,0.04,0.25,ab4a70858e,0.09846656769514084,-51.04477611940298,33.160377358490564,45.02251307527088,7.16,5,8,2,0.6283185307179586,0,2.0,9,0.1,/mnt/ceph-ssd/workspaces/ws/cidbn_wibral_neuro_nonhuman/u19361-workspace/allen/rf/zebra/rawresults/ephys/sub-830794_ses-ecephys-830794-2026-01-26-12-02-05_ecephys/ProbeD/trial_0/phase_1/lib_ab4a70858e/lib_ab4a70858e__delay_0.04__dur_0.25.h5
43a25346-3a81-4bb0-99d7-c43327cac78d,0.04,0.15000000000000002,ab4a70858e,0.07582225650548935,13.43283582089552,-17.028301886792452,67.51591472682667,7.16,41,36,3,0.9424777960769379,0,2.0,12,1.3,/mnt/ceph-ssd/workspaces/ws/cidbn_wibral_neuro_nonhuman/u19361-workspace/allen/rf/zebra/rawresults/ephys/sub-830794_ses-ecephys-830794-2026-01-26-12-02-05_ecephys/ProbeD/trial_0/phase_1/lib_ab4a70858e/lib_ab4a70858e__delay_0.04__dur_0.15000000000000002.h5
43d87dbe-a875-47d5-b897-eb83ce61adb7,0.01,0.1,ab4a70858e,0.10285330563783646,-18.80597014925373,2.6886792452830193,157.4840764271708,21.49,23,25,7,2.199114857512855,4,6.0,3,0.04,/mnt/ceph-ssd/workspaces/ws/cidbn_wibral_neuro_nonhuman/u19361-workspace/allen/rf/zebra/rawresults/ephys/sub-830794_ses-ecephys-830794-2026-01-26-12-02-05_ecephys/ProbeD/trial_0/phase_1/lib_ab4a70858e/lib_ab4a70858e__delay_0.01__dur_0.1.h5
43f9c07f-394d-47d1-b4a5-93a1b53cde05,0.0,0.2,ab4a70858e,0.0914793461561203,-18.80597014925373,2.6886792452830193,0.0,14.32,23,25,0,0.0,2,4.0,9,0.1,/mnt/ceph-ssd/workspaces/ws/cidbn_wibral_neuro_nonhuman/u19361-workspace/allen/rf/zebra/rawresults/ephys/sub-830794_ses-ecephys-830794-2026-01-26-12-02-05_ecephys/ProbeD/trial_0/phase_1/lib_ab4a70858e/lib_ab4a70858e__delay_0.0__dur_0.2.h5
4443b2b2-fdc3-4df1-8d0b-d13978644e08,0.0,0.2,ab4a70858e,0.101134292781353,-9.850746268656714,6.273584905660378,67.51591472682667,28.65,28,23,3,0.9424777960769379,5,8.0,4,0.05,/mnt/ceph-ssd/workspaces/ws/cidbn_wibral_neuro_nonhuman/u19361-workspace/allen/rf/zebra/rawresults/ephys/sub-830794_ses-ecephys-830794-2026-01-26-12-02-05_ecephys/ProbeD/trial_0/phase_1/lib_ab4a70858e/lib_ab4a70858e__delay_0.0__dur_0.2.h5
44bc00df-f4ff-4b5a-a66c-5f55befbd047,0.06,0.15000000000000002,ab4a70858e,0.07432045787572861,-11.64179104477612,15.235849056603776,90.0,28.65,27,18,4,1.2566370614359172,5,8.0,5,0.06,/mnt/ceph-ssd/workspaces/ws/cidbn_wibral_neuro_nonhuman/u19361-workspace/allen/rf/zebra/rawresults/ephys/sub-830794_ses-ecephys-830794-2026-01-26-12-02-05_ecephys/ProbeD/trial_0/phase_1/lib_ab4a70858e/lib_ab4a70858e__delay_0.06__dur_0.15000000000000002.h5
454df57b-5bb6-4613-b2d2-9013b864780e,0.0,0.1,ab4a70858e,0.3419184982776642,54.626865671641795,-2.6886792452830193,0.0,28.65,64,28,0,0.0,5,8.0,0,0.01,/mnt/ceph-ssd/workspaces/ws/cidbn_wibral_neuro_nonhuman/u19361-workspace/allen/rf/zebra/rawresults/ephys/sub-830794_ses-ecephys-830794-2026-01-26-12-02-05_ecephys/ProbeD/trial_0/phase_1/lib_ab4a70858e/lib_ab4a70858e__delay_0.0__dur_0.1.h5
459f8438-dffb-47d7-a778-5157a7c5199e,0.01,0.25,ab4a70858e,0.08037041872739792,-0.8955223880596961,33.160377358490564,157.4840764271708,28.65,33,8,7,2.199114857512855,5,8.0,7,0.08,/mnt/ceph-ssd/workspaces/ws/cidbn_wibral_neuro_nonhuman/u19361-workspace/allen/rf/zebra/rawresults/ephys/sub-830794_ses-ecephys-830794-2026-01-26-12-02-05_ecephys/ProbeD/trial_0/phase_1/lib_ab4a70858e/lib_ab4a70858e__delay_0.01__dur_0.25.h5
45a3015c-7046-4ec2-b63a-76e7635f85f1,0.09,0.25,ab4a70858e,0.08042092621326447,-13.43283582089552,15.235849056603776,157.4840764271708,14.32,26,18,7,2.199114857512855,2,4.0,12,1.3,/mnt/ceph-ssd/workspaces/ws/cidbn_wibral_neuro_nonhuman/u19361-workspace/allen/rf/zebra/rawresults/ephys/sub-830794_ses-ecephys-830794-2026-01-26-12-02-05_ecephys/ProbeD/trial_0/phase_1/lib_ab4a70858e/lib_ab4a70858e__delay_0.09__dur_0.25.h5
45fe6493-f546-483d-ab58-2af22854db06,0.0,0.1,ab4a70858e,0.1654861718416214,-6.268656716417908,-0.8962264150943398,22.515923572829163,7.16,30,27,9,2.827433388230814,0,2.0,2,0.03,/mnt/ceph-ssd/workspaces/ws/cidbn_wibral_neuro_nonhuman/u19361-workspace/allen/rf/zebra/rawresults/ephys/sub-830794_ses-ecephys-830794-2026-01-26-12-02-05_ecephys/ProbeD/trial_0/phase_1/lib_ab4a70858e/lib_ab4a70858e__delay_0.0__dur_0.1.h5
46153419-2563-47f3-9f2d-3ba466a307a4,0.1,0.25,ab4a70858e,0.07662127912044525,-43.88059701492537,-2.6886792452830193,157.4840764271708,7.16,9,28,7,2.199114857512855,0,2.0,7,0.08,/mnt/ceph-ssd/workspaces/ws/cidbn_wibral_neuro_nonhuman/u19361-workspace/allen/rf/zebra/rawresults/ephys/sub-830794_ses-ecephys-830794-2026-01-26-12-02-05_ecephys/ProbeD/trial_0/phase_1/lib_ab4a70858e/lib_ab4a70858e__delay_0.1__dur_0.25.h5
465f7507-68b9-48c4-8fad-28ce21869a15,0.05,0.1,ab4a70858e,0.13053056597709656,-25.970149253731343,-8.066037735849058,180.0,28.65,19,31,8,2.5132741228718345,5,8.0,0,0.01,/mnt/ceph-ssd/workspaces/ws/cidbn_wibral_neuro_nonhuman/u19361-workspace/allen/rf/zebra/rawresults/ephys/sub-830794_ses-ecephys-830794-2026-01-26-12-02-05_ecephys/ProbeD/trial_0/phase_1/lib_ab4a70858e/lib_ab4a70858e__delay_0.05__dur_0.1.h5
46a4af69-489c-45cc-b5bc-c75586d35f09,0.0,0.1,ab4a70858e,0.331573486328125,-22.388059701492537,4.481132075471699,0.0,7.16,21,24,0,0.0,0,2.0,5,0.06,/mnt/ceph-ssd/workspaces/ws/cidbn_wibral_neuro_nonhuman/u19361-workspace/allen/rf/zebra/rawresults/ephys/sub-830794_ses-ecephys-830794-2026-01-26-12-02-05_ecephys/ProbeD/trial_0/phase_1/lib_ab4a70858e/lib_ab4a70858e__delay_0.0__dur_0.1.h5
46b4eab7-50b3-4d25-a423-b8bb6acef020,0.01,0.2,ab4a70858e,0.08783986419439316,-24.179104477611936,8.066037735849058,67.51591472682667,17.91,20,22,3,0.9424777960769379,3,5.0,2,0.03,/mnt/ceph-ssd/workspaces/ws/cidbn_wibral_neuro_nonhuman/u19361-workspace/allen/rf/zebra/rawresults/ephys/sub-830794_ses-ecephys-830794-2026-01-26-12-02-05_ecephys/ProbeD/trial_0/phase_1/lib_ab4a70858e/lib_ab4a70858e__delay_0.01__dur_0.2.h5
470b2f14-05f7-4f7e-a90a-44b8d63f1581,0.01,0.05,ab4a70858e,0.3995925784111023,-27.761194029850742,9.858490566037737,22.515923572829195,7.16,18,21,1,0.3141592653589793,0,2.0,3,0.04,/mnt/ceph-ssd/workspaces/ws/cidbn_wibral_neuro_nonhuman/u19361-workspace/allen/rf/zebra/rawresults/ephys/sub-830794_ses-ecephys-830794-2026-01-26-12-02-05_ecephys/ProbeD/trial_0/phase_1/lib_ab4a70858e/lib_ab4a70858e__delay_0.01__dur_0.05.h5
471374e1-f5dd-4d10-82f4-20f618c220ac,0.1,0.25,ab4a70858e,0.09710164368152618,-4.477611940298509,-13.443396226415096,180.0,14.32,31,34,8,2.5132741228718345,2,4.0,12,1.3,/mnt/ceph-ssd/workspaces/ws/cidbn_wibral_neuro_nonhuman/u19361-workspace/allen/rf/zebra/rawresults/ephys/sub-830794_ses-ecephys-830794-2026-01-26-12-02-05_ecephys/ProbeD/trial_0/phase_1/lib_ab4a70858e/lib_ab4a70858e__delay_0.1__dur_0.25.h5
47a62d72-6152-456e-b1f6-ab59d9e6d919,0.12,0.15000000000000002,ab4a70858e,0.07645773887634277,-17.014925373134325,-18.82075471698113,180.0,28.65,24,37,8,2.5132741228718345,5,8.0,9,0.1,/mnt/ceph-ssd/workspaces/ws/cidbn_wibral_neuro_nonhuman/u19361-workspace/allen/rf/zebra/rawresults/ephys/sub-830794_ses-ecephys-830794-2026-01-26-12-02-05_ecephys/ProbeD/trial_0/phase_1/lib_ab4a70858e/lib_ab4a70858e__delay_0.12__dur_0.15000000000000002.h5
480ee6ab-8771-45cb-a29a-918c348312f6,0.05,0.15000000000000002,ab4a70858e,0.07273928821086884,-25.970149253731343,-18.82075471698113,0.0,17.91,19,37,0,0.0,3,5.0,11,1.2,/mnt/ceph-ssd/workspaces/ws/cidbn_wibral_neuro_nonhuman/u19361-workspace/allen/rf/zebra/rawresults/ephys/sub-830794_ses-ecephys-830794-2026-01-26-12-02-05_ecephys/ProbeD/trial_0/phase_1/lib_ab4a70858e/lib_ab4a70858e__delay_0.05__dur_0.15000000000000002.h5
48814f19-8b76-4fe9-8877-15e5d54b38b7,0.08,0.2,ab4a70858e,0.07647018879652023,-11.64179104477612,45.70754716981132,22.515923572829163,21.49,27,1,9,2.827433388230814,4,6.0,6,0.07,/mnt/ceph-ssd/workspaces/ws/cidbn_wibral_neuro_nonhuman/u19361-workspace/allen/rf/zebra/rawresults/ephys/sub-830794_ses-ecephys-830794-2026-01-26-12-02-05_ecephys/ProbeD/trial_0/phase_1/lib_ab4a70858e/lib_ab4a70858e__delay_0.08__dur_0.2.h5
49036210-04e2-46e1-8e25-0537c5204bfc,0.04,0.25,ab4a70858e,0.08400952070951462,-49.25373134328358,17.02830188679245,22.515923572829163,28.65,6,17,9,2.827433388230814,5,8.0,9,0.1,/mnt/ceph-ssd/workspaces/ws/cidbn_wibral_neuro_nonhuman/u19361-workspace/allen/rf/zebra/rawresults/ephys/sub-830794_ses-ecephys-830794-2026-01-26-12-02-05_ecephys/ProbeD/trial_0/phase_1/lib_ab4a70858e/lib_ab4a70858e__delay_0.04__dur_0.25.h5
49d77c38-83c0-4268-9cb3-1e6ce3615ed6,0.0,0.15000000000000002,ab4a70858e,0.08545206487178802,-18.80597014925373,-2.6886792452830193,22.515923572829163,28.65,23,28,9,2.827433388230814,5,8.0,9,0.1,/mnt/ceph-ssd/workspaces/ws/cidbn_wibral_neuro_nonhuman/u19361-workspace/allen/rf/zebra/rawresults/ephys/sub-830794_ses-ecephys-830794-2026-01-26-12-02-05_ecephys/ProbeD/trial_0/phase_1/lib_ab4a70858e/lib_ab4a70858e__delay_0.0__dur_0.15000000000000002.h5
49db27e2-859b-48ed-bf37-5e00e5365f35,0.0,0.15000000000000002,ab4a70858e,0.10858657956123352,-13.43283582089552,-9.858490566037737,112.48408527317332,10.74,26,32,5,1.5707963267948966,1,3.0,12,1.3,/mnt/ceph-ssd/workspaces/ws/cidbn_wibral_neuro_nonhuman/u19361-workspace/allen/rf/zebra/rawresults/ephys/sub-830794_ses-ecephys-830794-2026-01-26-12-02-05_ecephys/ProbeD/trial_0/phase_1/lib_ab4a70858e/lib_ab4a70858e__delay_0.0__dur_0.15000000000000002.h5
4afcfb92-e0a4-47ed-adcc-cf2792a839c4,0.08,0.25,ab4a70858e,0.08887261152267456,-13.43283582089552,13.443396226415096,90.0,17.91,26,19,4,1.2566370614359172,3,5.0,3,0.04,/mnt/ceph-ssd/workspaces/ws/cidbn_wibral_neuro_nonhuman/u19361-workspace/allen/rf/zebra/rawresults/ephys/sub-830794_ses-ecephys-830794-2026-01-26-12-02-05_ecephys/ProbeD/trial_0/phase_1/lib_ab4a70858e/lib_ab4a70858e__delay_0.08__dur_0.25.h5
4b36c718-96a8-42ea-92fc-56083bb1590d,0.0,0.1,ab4a70858e,0.2892192602157593,-8.059701492537314,-2.6886792452830193,0.0,28.65,29,28,0,0.0,5,8.0,1,0.02,/mnt/ceph-ssd/workspaces/ws/cidbn_wibral_neuro_nonhuman/u19361-workspace/allen/rf/zebra/rawresults/ephys/sub-830794_ses-ecephys-830794-2026-01-26-12-02-05_ecephys/ProbeD/trial_0/phase_1/lib_ab4a70858e/lib_ab4a70858e__delay_0.0__dur_0.1.h5
4b763bac-1e4f-410b-aff7-902abfa1bdc9,0.0,0.2,ab4a70858e,0.08095702528953552,-6.268656716417908,42.12264150943396,22.515923572829195,10.74,30,3,1,0.3141592653589793,1,3.0,9,0.1,/mnt/ceph-ssd/workspaces/ws/cidbn_wibral_neuro_nonhuman/u19361-workspace/allen/rf/zebra/rawresults/ephys/sub-830794_ses-ecephys-830794-2026-01-26-12-02-05_ecephys/ProbeD/trial_0/phase_1/lib_ab4a70858e/lib_ab4a70858e__delay_0.0__dur_0.2.h5
4d1f72f2-f2be-4720-b8f3-4ee7833c114f,0.03,0.25,ab4a70858e,0.10161257535219193,-56.417910447761194,27.783018867924525,45.02251307527088,17.91,2,11,2,0.6283185307179586,3,5.0,9,0.1,/mnt/ceph-ssd/workspaces/ws/cidbn_wibral_neuro_nonhuman/u19361-workspace/allen/rf/zebra/rawresults/ephys/sub-830794_ses-ecephys-830794-2026-01-26-12-02-05_ecephys/ProbeD/trial_0/phase_1/lib_ab4a70858e/lib_ab4a70858e__delay_0.03__dur_0.25.h5
4de41c9d-7d53-49c2-970a-0db288bcf260,0.0,0.1,ab4a70858e,0.12974929809570312,-4.477611940298509,-6.273584905660378,22.515923572829195,10.74,31,30,1,0.3141592653589793,1,3.0,2,0.03,/mnt/ceph-ssd/workspaces/ws/cidbn_wibral_neuro_nonhuman/u19361-workspace/allen/rf/zebra/rawresults/ephys/sub-830794_ses-ecephys-830794-2026-01-26-12-02-05_ecephys/ProbeD/trial_0/phase_1/lib_ab4a70858e/lib_ab4a70858e__delay_0.0__dur_0.1.h5
4e4d9f31-a045-481a-9987-44096fa1d1d4,0.0,0.25,ab4a70858e,0.07835321128368378,-4.477611940298509,-34.95283018867924,45.02251307527088,14.32,31,46,2,0.6283185307179586,2,4.0,12,1.3,/mnt/ceph-ssd/workspaces/ws/cidbn_wibral_neuro_nonhuman/u19361-workspace/allen/rf/zebra/rawresults/ephys/sub-830794_ses-ecephys-830794-2026-01-26-12-02-05_ecephys/ProbeD/trial_0/phase_1/lib_ab4a70858e/lib_ab4a70858e__delay_0.0__dur_0.25.h5
4e6bc7e6-d59e-4a09-a7c1-f7f011af262e,0.11,0.25,ab4a70858e,0.07085113227367401,-60.0,-29.57547169811321,22.515923572829163,28.65,0,43,9,2.827433388230814,5,8.0,3,0.04,/mnt/ceph-ssd/workspaces/ws/cidbn_wibral_neuro_nonhuman/u19361-workspace/allen/rf/zebra/rawresults/ephys/sub-830794_ses-ecephys-830794-2026-01-26-12-02-05_ecephys/ProbeD/trial_0/phase_1/lib_ab4a70858e/lib_ab4a70858e__delay_0.11__dur_0.25.h5
4eac764f-af5a-4715-a023-e55556cd6102,0.06,0.25,ab4a70858e,0.07668877393007278,-4.477611940298509,-9.858490566037737,22.515923572829195,14.32,31,32,1,0.3141592653589793,2,4.0,3,0.04,/mnt/ceph-ssd/workspaces/ws/cidbn_wibral_neuro_nonhuman/u19361-workspace/allen/rf/zebra/rawresults/ephys/sub-830794_ses-ecephys-830794-2026-01-26-12-02-05_ecephys/ProbeD/trial_0/phase_1/lib_ab4a70858e/lib_ab4a70858e__delay_0.06__dur_0.25.h5
4f2d3cdf-105e-4e5d-a425-af9662bba327,0.0,0.1,ab4a70858e,0.4787488281726837,8.059701492537314,-6.273584905660378,67.51591472682667,17.91,38,30,3,0.9424777960769379,3,5.0,1,0.02,/mnt/ceph-ssd/workspaces/ws/cidbn_wibral_neuro_nonhuman/u19361-workspace/allen/rf/zebra/rawresults/ephys/sub-830794_ses-ecephys-830794-2026-01-26-12-02-05_ecephys/ProbeD/trial_0/phase_1/lib_ab4a70858e/lib_ab4a70858e__delay_0.0__dur_0.1.h5
4f6b9f3a-9775-43d0-8225-a09f3c8d49f0,0.0,0.15000000000000002,ab4a70858e,0.07923807948827744,-38.507462686567166,15.235849056603776,134.9774869247291,14.32,12,18,6,1.8849555921538759,2,4.0,8,0.09,/mnt/ceph-ssd/workspaces/ws/cidbn_wibral_neuro_nonhuman/u19361-workspace/allen/rf/zebra/rawresults/ephys/sub-830794_ses-ecephys-830794-2026-01-26-12-02-05_ecephys/ProbeD/trial_0/phase_1/lib_ab4a70858e/lib_ab4a70858e__delay_0.0__dur_0.15000000000000002.h5
5096416e-fa1d-4436-9522-522491f28ffa,0.01,0.25,ab4a70858e,0.06702307611703873,45.67164179104478,8.066037735849058,0.0,7.16,59,22,0,0.0,0,2.0,7,0.08,/mnt/ceph-ssd/workspaces/ws/cidbn_wibral_neuro_nonhuman/u19361-workspace/allen/rf/zebra/rawresults/ephys/sub-830794_ses-ecephys-830794-2026-01-26-12-02-05_ecephys/ProbeD/trial_0/phase_1/lib_ab4a70858e/lib_ab4a70858e__delay_0.01__dur_0.25.h5
513d0919-5a4b-46b9-ae15-be596b12fc9a,0.12,0.25,ab4a70858e,0.08117740601301193,-25.970149253731343,17.02830188679245,112.48408527317332,7.16,19,17,5,1.5707963267948966,0,2.0,9,0.1,/mnt/ceph-ssd/workspaces/ws/cidbn_wibral_neuro_nonhuman/u19361-workspace/allen/rf/zebra/rawresults/ephys/sub-830794_ses-ecephys-830794-2026-01-26-12-02-05_ecephys/ProbeD/trial_0/phase_1/lib_ab4a70858e/lib_ab4a70858e__delay_0.12__dur_0.25.h5
5144d1e3-0ef2-4b47-8b3f-a1d8b38558fb,0.0,0.1,ab4a70858e,0.17182230949401855,40.29850746268657,-4.481132075471699,22.515923572829195,10.74,56,29,1,0.3141592653589793,1,3.0,2,0.03,/mnt/ceph-ssd/workspaces/ws/cidbn_wibral_neuro_nonhuman/u19361-workspace/allen/rf/zebra/rawresults/ephys/sub-830794_ses-ecephys-830794-2026-01-26-12-02-05_ecephys/ProbeD/trial_0/phase_1/lib_ab4a70858e/lib_ab4a70858e__delay_0.0__dur_0.1.h5
515312da-d11c-4bce-b390-512d8fbb5a47,0.0,0.2,ab4a70858e,0.07743547856807709,4.477611940298516,38.5377358490566,22.515923572829163,21.49,36,5,9,2.827433388230814,4,6.0,9,0.1,/mnt/ceph-ssd/workspaces/ws/cidbn_wibral_neuro_nonhuman/u19361-workspace/allen/rf/zebra/rawresults/ephys/sub-830794_ses-ecephys-830794-2026-01-26-12-02-05_ecephys/ProbeD/trial_0/phase_1/lib_ab4a70858e/lib_ab4a70858e__delay_0.0__dur_0.2.h5
526233f4-5b64-472a-930a-874c379cffd3,0.01,0.25,ab4a70858e,0.06703899055719376,-47.46268656716418,-0.8962264150943398,134.9774869247291,28.65,7,27,6,1.8849555921538759,5,8.0,8,0.09,/mnt/ceph-ssd/workspaces/ws/cidbn_wibral_neuro_nonhuman/u19361-workspace/allen/rf/zebra/rawresults/ephys/sub-830794_ses-ecephys-830794-2026-01-26-12-02-05_ecephys/ProbeD/trial_0/phase_1/lib_ab4a70858e/lib_ab4a70858e__delay_0.01__dur_0.25.h5
52754430-f8b1-46ad-82c0-4ef2d333e9f3,0.02,0.25,ab4a70858e,0.07982593774795532,-29.55223880597015,6.273584905660378,67.51591472682667,28.65,17,23,3,0.9424777960769379,5,8.0,6,0.07,/mnt/ceph-ssd/workspaces/ws/cidbn_wibral_neuro_nonhuman/u19361-workspace/allen/rf/zebra/rawresults/ephys/sub-830794_ses-ecephys-830794-2026-01-26-12-02-05_ecephys/ProbeD/trial_0/phase_1/lib_ab4a70858e/lib_ab4a70858e__delay_0.02__dur_0.25.h5
52f8780d-735e-4de0-bf21-8a0a173af715,0.0,0.1,ab4a70858e,0.12973085045814514,-36.71641791044776,-8.066037735849058,157.4840764271708,14.32,13,31,7,2.199114857512855,2,4.0,3,0.04,/mnt/ceph-ssd/workspaces/ws/cidbn_wibral_neuro_nonhuman/u19361-workspace/allen/rf/zebra/rawresults/ephys/sub-830794_ses-ecephys-830794-2026-01-26-12-02-05_ecephys/ProbeD/trial_0/phase_1/lib_ab4a70858e/lib_ab4a70858e__delay_0.0__dur_0.1.h5
558dff33-ae5d-420a-8bcf-9febb824058f,0.08,0.2,ab4a70858e,0.08058106154203415,-11.64179104477612,-0.8962264150943398,157.4840764271708,7.16,27,27,7,2.199114857512855,0,2.0,9,0.1,/mnt/ceph-ssd/workspaces/ws/cidbn_wibral_neuro_nonhuman/u19361-workspace/allen/rf/zebra/rawresults/ephys/sub-830794_ses-ecephys-830794-2026-01-26-12-02-05_ecephys/ProbeD/trial_0/phase_1/lib_ab4a70858e/lib_ab4a70858e__delay_0.08__dur_0.2.h5
563a6a1d-557c-4ec7-9695-64cc62fe10f5,0.0,0.2,ab4a70858e,0.08134885877370834,-4.477611940298509,6.273584905660378,45.02251307527088,14.32,31,23,2,0.6283185307179586,2,4.0,9,0.1,/mnt/ceph-ssd/workspaces/ws/cidbn_wibral_neuro_nonhuman/u19361-workspace/allen/rf/zebra/rawresults/ephys/sub-830794_ses-ecephys-830794-2026-01-26-12-02-05_ecephys/ProbeD/trial_0/phase_1/lib_ab4a70858e/lib_ab4a70858e__delay_0.0__dur_0.2.h5
56ee8070-b8d0-4b17-8e46-403b7fe70c2b,0.09,0.15000000000000002,ab4a70858e,0.08324674516916275,-31.34328358208955,4.481132075471699,112.48408527317332,7.16,16,24,5,1.5707963267948966,0,2.0,2,0.03,/mnt/ceph-ssd/workspaces/ws/cidbn_wibral_neuro_nonhuman/u19361-workspace/allen/rf/zebra/rawresults/ephys/sub-830794_ses-ecephys-830794-2026-01-26-12-02-05_ecephys/ProbeD/trial_0/phase_1/lib_ab4a70858e/lib_ab4a70858e__delay_0.09__dur_0.15000000000000002.h5
576814e2-d3eb-4fda-86c3-b193aa6af5d9,0.03,0.15000000000000002,ab4a70858e,0.07005862146615982,-40.298507462686565,4.481132075471699,112.48408527317332,10.74,11,24,5,1.5707963267948966,1,3.0,9,0.1,/mnt/ceph-ssd/workspaces/ws/cidbn_wibral_neuro_nonhuman/u19361-workspace/allen/rf/zebra/rawresults/ephys/sub-830794_ses-ecephys-830794-2026-01-26-12-02-05_ecephys/ProbeD/trial_0/phase_1/lib_ab4a70858e/lib_ab4a70858e__delay_0.03__dur_0.15000000000000002.h5
577f713c-dc5d-40c5-9d6e-f2b39959957a,0.01,0.05,ab4a70858e,0.10126899182796478,-17.014925373134325,6.273584905660378,134.9774869247291,28.65,24,23,6,1.8849555921538759,5,8.0,4,0.05,/mnt/ceph-ssd/workspaces/ws/cidbn_wibral_neuro_nonhuman/u19361-workspace/allen/rf/zebra/rawresults/ephys/sub-830794_ses-ecephys-830794-2026-01-26-12-02-05_ecephys/ProbeD/trial_0/phase_1/lib_ab4a70858e/lib_ab4a70858e__delay_0.01__dur_0.05.h5
57848544-559d-4978-b445-38ff76acd4ae,0.11,0.1,ab4a70858e,0.09361861646175385,33.13432835820896,22.405660377358487,157.4840764271708,14.32,52,14,7,2.199114857512855,2,4.0,12,1.3,/mnt/ceph-ssd/workspaces/ws/cidbn_wibral_neuro_nonhuman/u19361-workspace/allen/rf/zebra/rawresults/ephys/sub-830794_ses-ecephys-830794-2026-01-26-12-02-05_ecephys/ProbeD/trial_0/phase_1/lib_ab4a70858e/lib_ab4a70858e__delay_0.11__dur_0.1.h5
581788eb-cc3a-4bbf-a903-6d6b583189d0,0.1,0.1,ab4a70858e,0.12168222665786743,15.223880597014926,-8.066037735849058,0.0,10.74,42,31,0,0.0,1,3.0,3,0.04,/mnt/ceph-ssd/workspaces/ws/cidbn_wibral_neuro_nonhuman/u19361-workspace/allen/rf/zebra/rawresults/ephys/sub-830794_ses-ecephys-830794-2026-01-26-12-02-05_ecephys/ProbeD/trial_0/phase_1/lib_ab4a70858e/lib_ab4a70858e__delay_0.1__dur_0.1.h5
581e1caf-6054-46b6-9971-d2a4cce99870,0.01,0.05,ab4a70858e,0.15084365010261536,45.67164179104478,-11.650943396226417,0.0,21.49,59,33,0,0.0,4,6.0,0,0.01,/mnt/ceph-ssd/workspaces/ws/cidbn_wibral_neuro_nonhuman/u19361-workspace/allen/rf/zebra/rawresults/ephys/sub-830794_ses-ecephys-830794-2026-01-26-12-02-05_ecephys/ProbeD/trial_0/phase_1/lib_ab4a70858e/lib_ab4a70858e__delay_0.01__dur_0.05.h5
584df5b0-5bac-4bff-b8f6-f2c8c441967e,0.0,0.15000000000000002,ab4a70858e,0.07813277840614319,-31.34328358208955,43.91509433962264,180.0,17.91,16,2,8,2.5132741228718345,3,5.0,5,0.06,/mnt/ceph-ssd/workspaces/ws/cidbn_wibral_neuro_nonhuman/u19361-workspace/allen/rf/zebra/rawresults/ephys/sub-830794_ses-ecephys-830794-2026-01-26-12-02-05_ecephys/ProbeD/trial_0/phase_1/lib_ab4a70858e/lib_ab4a70858e__delay_0.0__dur_0.15000000000000002.h5
5854b784-cbd8-401c-a0fc-dc683587ac3a,0.12,0.2,ab4a70858e,0.07769739627838135,-6.268656716417908,22.405660377358487,112.48408527317332,21.49,30,14,5,1.5707963267948966,4,6.0,8,0.09,/mnt/ceph-ssd/workspaces/ws/cidbn_wibral_neuro_nonhuman/u19361-workspace/allen/rf/zebra/rawresults/ephys/sub-830794_ses-ecephys-830794-2026-01-26-12-02-05_ecephys/ProbeD/trial_0/phase_1/lib_ab4a70858e/lib_ab4a70858e__delay_0.12__dur_0.2.h5
58ad15d6-7d28-410a-b4ca-efdb11ba9ab1,0.01,0.1,ab4a70858e,0.09635808318853378,-25.970149253731343,-2.6886792452830193,134.9774869247291,10.74,19,28,6,1.8849555921538759,1,3.0,8,0.09,/mnt/ceph-ssd/workspaces/ws/cidbn_wibral_neuro_nonhuman/u19361-workspace/allen/rf/zebra/rawresults/ephys/sub-830794_ses-ecephys-830794-2026-01-26-12-02-05_ecephys/ProbeD/trial_0/phase_1/lib_ab4a70858e/lib_ab4a70858e__delay_0.01__dur_0.1.h5
58d93ab1-9717-415b-a7d2-76ba024974e5,0.1,0.25,ab4a70858e,0.07690882682800293,-25.970149253731343,6.273584905660378,0.0,7.16,19,23,0,0.0,0,2.0,12,1.3,/mnt/ceph-ssd/workspaces/ws/cidbn_wibral_neuro_nonhuman/u19361-workspace/allen/rf/zebra/rawresults/ephys/sub-830794_ses-ecephys-830794-2026-01-26-12-02-05_ecephys/ProbeD/trial_0/phase_1/lib_ab4a70858e/lib_ab4a70858e__delay_0.1__dur_0.25.h5
597d5498-9e3a-41f1-8c27-4ca04b6ad4cf,0.02,0.15000000000000002,ab4a70858e,0.10599396377801895,-0.8955223880596961,9.858490566037737,157.4840764271708,17.91,33,21,7,2.199114857512855,3,5.0,4,0.05,/mnt/ceph-ssd/workspaces/ws/cidbn_wibral_neuro_nonhuman/u19361-workspace/allen/rf/zebra/rawresults/ephys/sub-830794_ses-ecephys-830794-2026-01-26-12-02-05_ecephys/ProbeD/trial_0/phase_1/lib_ab4a70858e/lib_ab4a70858e__delay_0.02__dur_0.15000000000000002.h5
5995cab5-3b82-4597-b122-4e11731d6f8e,0.07,0.25,ab4a70858e,0.08184672147035599,-24.179104477611936,43.91509433962264,90.0,28.65,20,2,4,1.2566370614359172,5,8.0,8,0.09,/mnt/ceph-ssd/workspaces/ws/cidbn_wibral_neuro_nonhuman/u19361-workspace/allen/rf/zebra/rawresults/ephys/sub-830794_ses-ecephys-830794-2026-01-26-12-02-05_ecephys/ProbeD/trial_0/phase_1/lib_ab4a70858e/lib_ab4a70858e__delay_0.07__dur_0.25.h5
59ee408e-cdb4-4c85-8a9c-6d5cbbd64969,0.07,0.15000000000000002,ab4a70858e,0.08964871615171432,-29.55223880597015,-11.650943396226417,67.51591472682667,10.74,17,33,3,0.9424777960769379,1,3.0,12,1.3,/mnt/ceph-ssd/workspaces/ws/cidbn_wibral_neuro_nonhuman/u19361-workspace/allen/rf/zebra/rawresults/ephys/sub-830794_ses-ecephys-830794-2026-01-26-12-02-05_ecephys/ProbeD/trial_0/phase_1/lib_ab4a70858e/lib_ab4a70858e__delay_0.07__dur_0.15000000000000002.h5
5a003e60-f29e-4a2d-b755-a6cc5652aea9,0.12,0.25,ab4a70858e,0.06810839474201202,58.20895522388061,13.443396226415096,45.02251307527088,10.74,66,19,2,0.6283185307179586,1,3.0,12,1.3,/mnt/ceph-ssd/workspaces/ws/cidbn_wibral_neuro_nonhuman/u19361-workspace/allen/rf/zebra/rawresults/ephys/sub-830794_ses-ecephys-830794-2026-01-26-12-02-05_ecephys/ProbeD/trial_0/phase_1/lib_ab4a70858e/lib_ab4a70858e__delay_0.12__dur_0.25.h5
5a6b84e8-32fc-48d6-9f94-4896e662a52d,0.11,0.25,ab4a70858e,0.0734369233250618,-8.059701492537314,8.066037735849058,67.51591472682667,21.49,29,22,3,0.9424777960769379,4,6.0,1,0.02,/mnt/ceph-ssd/workspaces/ws/cidbn_wibral_neuro_nonhuman/u19361-workspace/allen/rf/zebra/rawresults/ephys/sub-830794_ses-ecephys-830794-2026-01-26-12-02-05_ecephys/ProbeD/trial_0/phase_1/lib_ab4a70858e/lib_ab4a70858e__delay_0.11__dur_0.25.h5
5aacb72f-8f02-4bf0-9396-1399f90dc0f4,0.01,0.25,ab4a70858e,0.08108213543891907,-0.8955223880596961,-18.82075471698113,22.515923572829195,28.65,33,37,1,0.3141592653589793,5,8.0,4,0.05,/mnt/ceph-ssd/workspaces/ws/cidbn_wibral_neuro_nonhuman/u19361-workspace/allen/rf/zebra/rawresults/ephys/sub-830794_ses-ecephys-830794-2026-01-26-12-02-05_ecephys/ProbeD/trial_0/phase_1/lib_ab4a70858e/lib_ab4a70858e__delay_0.01__dur_0.25.h5
5b33c52d-08cc-4e5f-a659-223b230b83d4,0.12,0.2,ab4a70858e,0.07597851753234863,-13.43283582089552,17.02830188679245,134.9774869247291,28.65,26,17,6,1.8849555921538759,5,8.0,8,0.09,/mnt/ceph-ssd/workspaces/ws/cidbn_wibral_neuro_nonhuman/u19361-workspace/allen/rf/zebra/rawresults/ephys/sub-830794_ses-ecephys-830794-2026-01-26-12-02-05_ecephys/ProbeD/trial_0/phase_1/lib_ab4a70858e/lib_ab4a70858e__delay_0.12__dur_0.2.h5
5b70d2c1-8796-47ab-be51-b42f6cc1bdb7,0.0,0.05,ab4a70858e,0.2353384643793106,-47.46268656716418,13.443396226415096,112.48408527317332,10.74,7,19,5,1.5707963267948966,1,3.0,0,0.01,/mnt/ceph-ssd/workspaces/ws/cidbn_wibral_neuro_nonhuman/u19361-workspace/allen/rf/zebra/rawresults/ephys/sub-830794_ses-ecephys-830794-2026-01-26-12-02-05_ecephys/ProbeD/trial_0/phase_1/lib_ab4a70858e/lib_ab4a70858e__delay_0.0__dur_0.05.h5
5c4e7c77-f2aa-448d-bc97-5877dc299983,0.01,0.05,ab4a70858e,0.31536465883255005,-25.970149253731343,-6.273584905660378,22.515923572829163,14.32,19,30,9,2.827433388230814,2,4.0,1,0.02,/mnt/ceph-ssd/workspaces/ws/cidbn_wibral_neuro_nonhuman/u19361-workspace/allen/rf/zebra/rawresults/ephys/sub-830794_ses-ecephys-830794-2026-01-26-12-02-05_ecephys/ProbeD/trial_0/phase_1/lib_ab4a70858e/lib_ab4a70858e__delay_0.01__dur_0.05.h5
5ca2c5cd-d568-4750-8b95-b07c3e30bcda,0.04,0.25,ab4a70858e,0.0736856758594513,-42.089552238805965,-18.82075471698113,157.4840764271708,21.49,10,37,7,2.199114857512855,4,6.0,5,0.06,/mnt/ceph-ssd/workspaces/ws/cidbn_wibral_neuro_nonhuman/u19361-workspace/allen/rf/zebra/rawresults/ephys/sub-830794_ses-ecephys-830794-2026-01-26-12-02-05_ecephys/ProbeD/trial_0/phase_1/lib_ab4a70858e/lib_ab4a70858e__delay_0.04__dur_0.25.h5
5cfa409f-3941-489b-a8bc-405ccab7cd7b,0.0,0.1,ab4a70858e,0.23126544058322906,-8.059701492537314,-4.481132075471699,112.48408527317332,17.91,29,29,5,1.5707963267948966,3,5.0,3,0.04,/mnt/ceph-ssd/workspaces/ws/cidbn_wibral_neuro_nonhuman/u19361-workspace/allen/rf/zebra/rawresults/ephys/sub-830794_ses-ecephys-830794-2026-01-26-12-02-05_ecephys/ProbeD/trial_0/phase_1/lib_ab4a70858e/lib_ab4a70858e__delay_0.0__dur_0.1.h5
5d890f33-bb2d-4ca9-9be9-5ca899cfb09e,0.11,0.25,ab4a70858e,0.19212567806243896,-18.80597014925373,-0.8962264150943398,67.51591472682667,10.74,23,27,3,0.9424777960769379,1,3.0,12,1.3,/mnt/ceph-ssd/workspaces/ws/cidbn_wibral_neuro_nonhuman/u19361-workspace/allen/rf/zebra/rawresults/ephys/sub-830794_ses-ecephys-830794-2026-01-26-12-02-05_ecephys/ProbeD/trial_0/phase_1/lib_ab4a70858e/lib_ab4a70858e__delay_0.11__dur_0.25.h5
5d94524e-76ab-42c5-af17-e979302e92db,0.08,0.25,ab4a70858e,0.09548068791627884,24.179104477611943,17.02830188679245,67.51591472682667,14.32,47,17,3,0.9424777960769379,2,4.0,12,1.3,/mnt/ceph-ssd/workspaces/ws/cidbn_wibral_neuro_nonhuman/u19361-workspace/allen/rf/zebra/rawresults/ephys/sub-830794_ses-ecephys-830794-2026-01-26-12-02-05_ecephys/ProbeD/trial_0/phase_1/lib_ab4a70858e/lib_ab4a70858e__delay_0.08__dur_0.25.h5
5daea113-59a1-4ff7-b6b8-69afd50de55e,0.01,0.1,ab4a70858e,0.2050197869539261,-24.179104477611936,0.8962264150943398,67.51591472682667,21.49,20,26,3,0.9424777960769379,4,6.0,1,0.02,/mnt/ceph-ssd/workspaces/ws/cidbn_wibral_neuro_nonhuman/u19361-workspace/allen/rf/zebra/rawresults/ephys/sub-830794_ses-ecephys-830794-2026-01-26-12-02-05_ecephys/ProbeD/trial_0/phase_1/lib_ab4a70858e/lib_ab4a70858e__delay_0.01__dur_0.1.h5
5e5282df-d68e-40ee-aab0-243fc5cdc28f,0.0,0.25,ab4a70858e,0.07416657358407974,-22.388059701492537,2.6886792452830193,67.51591472682667,10.74,21,25,3,0.9424777960769379,1,3.0,12,1.3,/mnt/ceph-ssd/workspaces/ws/cidbn_wibral_neuro_nonhuman/u19361-workspace/allen/rf/zebra/rawresults/ephys/sub-830794_ses-ecephys-830794-2026-01-26-12-02-05_ecephys/ProbeD/trial_0/phase_1/lib_ab4a70858e/lib_ab4a70858e__delay_0.0__dur_0.25.h5
5ea51419-4235-435a-9673-f99c4de18a8a,0.01,0.25,ab4a70858e,0.07924045622348785,-2.6865671641791025,-29.57547169811321,180.0,10.74,32,43,8,2.5132741228718345,1,3.0,9,0.1,/mnt/ceph-ssd/workspaces/ws/cidbn_wibral_neuro_nonhuman/u19361-workspace/allen/rf/zebra/rawresults/ephys/sub-830794_ses-ecephys-830794-2026-01-26-12-02-05_ecephys/ProbeD/trial_0/phase_1/lib_ab4a70858e/lib_ab4a70858e__delay_0.01__dur_0.25.h5
5eac7982-43d9-4a90-8f30-7902060baa6e,0.02,0.2,ab4a70858e,0.08787770569324493,4.477611940298516,8.066037735849058,180.0,28.65,36,22,8,2.5132741228718345,5,8.0,1,0.02,/mnt/ceph-ssd/workspaces/ws/cidbn_wibral_neuro_nonhuman/u19361-workspace/allen/rf/zebra/rawresults/ephys/sub-830794_ses-ecephys-830794-2026-01-26-12-02-05_ecephys/ProbeD/trial_0/phase_1/lib_ab4a70858e/lib_ab4a70858e__delay_0.02__dur_0.2.h5
5ec0d275-30b6-409c-955d-9df1b050eb7b,0.01,0.05,ab4a70858e,0.3109690248966217,-29.55223880597015,6.273584905660378,22.515923572829195,10.74,17,23,1,0.3141592653589793,1,3.0,3,0.04,/mnt/ceph-ssd/workspaces/ws/cidbn_wibral_neuro_nonhuman/u19361-workspace/allen/rf/zebra/rawresults/ephys/sub-830794_ses-ecephys-830794-2026-01-26-12-02-05_ecephys/ProbeD/trial_0/phase_1/lib_ab4a70858e/lib_ab4a70858e__delay_0.01__dur_0.05.h5
5fc7c52a-7ad7-4741-b99c-08e2cd8b133b,0.0,0.2,ab4a70858e,0.07504923641681671,-34.92537313432835,40.33018867924528,45.02251307527088,10.74,14,4,2,0.6283185307179586,1,3.0,9,0.1,/mnt/ceph-ssd/workspaces/ws/cidbn_wibral_neuro_nonhuman/u19361-workspace/allen/rf/zebra/rawresults/ephys/sub-830794_ses-ecephys-830794-2026-01-26-12-02-05_ecephys/ProbeD/trial_0/phase_1/lib_ab4a70858e/lib_ab4a70858e__delay_0.0__dur_0.2.h5
60057b49-f06a-477e-a84a-de253ea2d40c,0.0,0.05,ab4a70858e,0.2507055401802063,-45.67164179104478,9.858490566037737,45.02251307527088,10.74,8,21,2,0.6283185307179586,1,3.0,1,0.02,/mnt/ceph-ssd/workspaces/ws/cidbn_wibral_neuro_nonhuman/u19361-workspace/allen/rf/zebra/rawresults/ephys/sub-830794_ses-ecephys-830794-2026-01-26-12-02-05_ecephys/ProbeD/trial_0/phase_1/lib_ab4a70858e/lib_ab4a70858e__delay_0.0__dur_0.05.h5
60e94541-6e47-49fc-8f60-3312e538438a,0.01,0.1,ab4a70858e,0.2459353655576706,-20.59701492537313,-2.6886792452830193,0.0,14.32,22,28,0,0.0,2,4.0,2,0.03,/mnt/ceph-ssd/workspaces/ws/cidbn_wibral_neuro_nonhuman/u19361-workspace/allen/rf/zebra/rawresults/ephys/sub-830794_ses-ecephys-830794-2026-01-26-12-02-05_ecephys/ProbeD/trial_0/phase_1/lib_ab4a70858e/lib_ab4a70858e__delay_0.01__dur_0.1.h5
61059eed-bb08-4977-a842-15e9c3bc4b49,0.07,0.2,ab4a70858e,0.08430477231740952,-27.761194029850742,6.273584905660378,45.02251307527088,7.16,18,23,2,0.6283185307179586,0,2.0,12,1.3,/mnt/ceph-ssd/workspaces/ws/cidbn_wibral_neuro_nonhuman/u19361-workspace/allen/rf/zebra/rawresults/ephys/sub-830794_ses-ecephys-830794-2026-01-26-12-02-05_ecephys/ProbeD/trial_0/phase_1/lib_ab4a70858e/lib_ab4a70858e__delay_0.07__dur_0.2.h5
611ccc88-73ed-4319-a5b6-fa7ae1a76839,0.0,0.15000000000000002,ab4a70858e,0.07672881335020065,-0.8955223880596961,-27.78301886792453,67.51591472682667,28.65,33,42,3,0.9424777960769379,5,8.0,7,0.08,/mnt/ceph-ssd/workspaces/ws/cidbn_wibral_neuro_nonhuman/u19361-workspace/allen/rf/zebra/rawresults/ephys/sub-830794_ses-ecephys-830794-2026-01-26-12-02-05_ecephys/ProbeD/trial_0/phase_1/lib_ab4a70858e/lib_ab4a70858e__delay_0.0__dur_0.15000000000000002.h5
6299e807-39b9-4a6c-a394-2d65df531f82,0.1,0.2,ab4a70858e,0.08444787561893463,4.477611940298516,9.858490566037737,22.515923572829163,10.74,36,21,9,2.827433388230814,1,3.0,5,0.06,/mnt/ceph-ssd/workspaces/ws/cidbn_wibral_neuro_nonhuman/u19361-workspace/allen/rf/zebra/rawresults/ephys/sub-830794_ses-ecephys-830794-2026-01-26-12-02-05_ecephys/ProbeD/trial_0/phase_1/lib_ab4a70858e/lib_ab4a70858e__delay_0.1__dur_0.2.h5
62ecbb86-4ba3-46ef-af93-24517c8de10e,0.07,0.25,ab4a70858e,0.08346370607614517,-22.388059701492537,-20.61320754716981,0.0,17.91,21,38,0,0.0,3,5.0,3,0.04,/mnt/ceph-ssd/workspaces/ws/cidbn_wibral_neuro_nonhuman/u19361-workspace/allen/rf/zebra/rawresults/ephys/sub-830794_ses-ecephys-830794-2026-01-26-12-02-05_ecephys/ProbeD/trial_0/phase_1/lib_ab4a70858e/lib_ab4a70858e__delay_0.07__dur_0.25.h5
631829bb-6c43-4cd0-bdd5-c8898829da8c,0.01,0.1,ab4a70858e,0.10600937157869339,-6.268656716417908,-2.6886792452830193,0.0,14.32,30,28,0,0.0,2,4.0,5,0.06,/mnt/ceph-ssd/workspaces/ws/cidbn_wibral_neuro_nonhuman/u19361-workspace/allen/rf/zebra/rawresults/ephys/sub-830794_ses-ecephys-830794-2026-01-26-12-02-05_ecephys/ProbeD/trial_0/phase_1/lib_ab4a70858e/lib_ab4a70858e__delay_0.01__dur_0.1.h5
634700e4-173b-4239-a7b4-faeb79e8c5e9,0.0,0.1,ab4a70858e,0.11610417068004608,-11.64179104477612,-0.8962264150943398,0.0,14.32,27,27,0,0.0,2,4.0,6,0.07,/mnt/ceph-ssd/workspaces/ws/cidbn_wibral_neuro_nonhuman/u19361-workspace/allen/rf/zebra/rawresults/ephys/sub-830794_ses-ecephys-830794-2026-01-26-12-02-05_ecephys/ProbeD/trial_0/phase_1/lib_ab4a70858e/lib_ab4a70858e__delay_0.0__dur_0.1.h5
637d7258-5694-4f00-98ef-4f97179d60af,0.07,0.25,ab4a70858e,0.07402204722166061,-54.62686567164179,-42.12264150943396,0.0,7.16,3,50,0,0.0,0,2.0,9,0.1,/mnt/ceph-ssd/workspaces/ws/cidbn_wibral_neuro_nonhuman/u19361-workspace/allen/rf/zebra/rawresults/ephys/sub-830794_ses-ecephys-830794-2026-01-26-12-02-05_ecephys/ProbeD/trial_0/phase_1/lib_ab4a70858e/lib_ab4a70858e__delay_0.07__dur_0.25.h5
63bd50a9-b431-4aae-bebd-9ffe51143987,0.0,0.1,ab4a70858e,0.16240368783473969,0.8955223880597032,-9.858490566037737,22.515923572829163,14.32,34,32,9,2.827433388230814,2,4.0,2,0.03,/mnt/ceph-ssd/workspaces/ws/cidbn_wibral_neuro_nonhuman/u19361-workspace/allen/rf/zebra/rawresults/ephys/sub-830794_ses-ecephys-830794-2026-01-26-12-02-05_ecephys/ProbeD/trial_0/phase_1/lib_ab4a70858e/lib_ab4a70858e__delay_0.0__dur_0.1.h5
63cde47d-c019-47f3-b427-d5c16571b881,0.0,0.2,ab4a70858e,0.07822318375110626,-2.6865671641791025,8.066037735849058,67.51591472682667,14.32,32,22,3,0.9424777960769379,2,4.0,9,0.1,/mnt/ceph-ssd/workspaces/ws/cidbn_wibral_neuro_nonhuman/u19361-workspace/allen/rf/zebra/rawresults/ephys/sub-830794_ses-ecephys-830794-2026-01-26-12-02-05_ecephys/ProbeD/trial_0/phase_1/lib_ab4a70858e/lib_ab4a70858e__delay_0.0__dur_0.2.h5
64284902-d4c0-43c2-a2f7-ad30554e3adf,0.08,0.2,ab4a70858e,0.08668352663516998,-2.6865671641791025,0.8962264150943398,0.0,21.49,32,26,0,0.0,4,6.0,11,1.2,/mnt/ceph-ssd/workspaces/ws/cidbn_wibral_neuro_nonhuman/u19361-workspace/allen/rf/zebra/rawresults/ephys/sub-830794_ses-ecephys-830794-2026-01-26-12-02-05_ecephys/ProbeD/trial_0/phase_1/lib_ab4a70858e/lib_ab4a70858e__delay_0.08__dur_0.2.h5
6444af7d-dffd-4eb3-913e-e7a6aa360810,0.05,0.2,ab4a70858e,0.07460706681013107,-33.134328358208954,-17.028301886792452,180.0,21.49,15,36,8,2.5132741228718345,4,6.0,9,0.1,/mnt/ceph-ssd/workspaces/ws/cidbn_wibral_neuro_nonhuman/u19361-workspace/allen/rf/zebra/rawresults/ephys/sub-830794_ses-ecephys-830794-2026-01-26-12-02-05_ecephys/ProbeD/trial_0/phase_1/lib_ab4a70858e/lib_ab4a70858e__delay_0.05__dur_0.2.h5
64875e98-c272-4a4e-b2fe-cbc7d8953fa3,0.04,0.25,ab4a70858e,0.08570816367864609,-40.298507462686565,15.235849056603776,134.9774869247291,17.91,11,18,6,1.8849555921538759,3,5.0,9,0.1,/mnt/ceph-ssd/workspaces/ws/cidbn_wibral_neuro_nonhuman/u19361-workspace/allen/rf/zebra/rawresults/ephys/sub-830794_ses-ecephys-830794-2026-01-26-12-02-05_ecephys/ProbeD/trial_0/phase_1/lib_ab4a70858e/lib_ab4a70858e__delay_0.04__dur_0.25.h5
6489955c-13fd-40f4-9dc7-a36a3db10af5,0.02,0.25,ab4a70858e,0.07989825308322906,8.059701492537314,42.12264150943396,0.0,7.16,38,3,0,0.0,0,2.0,11,1.2,/mnt/ceph-ssd/workspaces/ws/cidbn_wibral_neuro_nonhuman/u19361-workspace/allen/rf/zebra/rawresults/ephys/sub-830794_ses-ecephys-830794-2026-01-26-12-02-05_ecephys/ProbeD/trial_0/phase_1/lib_ab4a70858e/lib_ab4a70858e__delay_0.02__dur_0.25.h5
64c88a29-7fd3-44b7-9140-92c85cc2f3c4,0.0,0.05,ab4a70858e,0.2376508265733719,-42.089552238805965,6.273584905660378,180.0,14.32,10,23,8,2.5132741228718345,2,4.0,1,0.02,/mnt/ceph-ssd/workspaces/ws/cidbn_wibral_neuro_nonhuman/u19361-workspace/allen/rf/zebra/rawresults/ephys/sub-830794_ses-ecephys-830794-2026-01-26-12-02-05_ecephys/ProbeD/trial_0/phase_1/lib_ab4a70858e/lib_ab4a70858e__delay_0.0__dur_0.05.h5
64ebf128-1044-46f3-9bfc-dd8106fe39fe,0.02,0.2,ab4a70858e,0.09929704666137695,40.29850746268657,33.160377358490564,0.0,14.32,56,8,0,0.0,2,4.0,11,1.2,/mnt/ceph-ssd/workspaces/ws/cidbn_wibral_neuro_nonhuman/u19361-workspace/allen/rf/zebra/rawresults/ephys/sub-830794_ses-ecephys-830794-2026-01-26-12-02-05_ecephys/ProbeD/trial_0/phase_1/lib_ab4a70858e/lib_ab4a70858e__delay_0.02__dur_0.2.h5
65027d9f-6d21-4a11-a87c-b2b4ed490fb9,0.06,0.25,ab4a70858e,0.07627450674772263,-45.67164179104478,11.650943396226417,0.0,7.16,8,20,0,0.0,0,2.0,5,0.06,/mnt/ceph-ssd/workspaces/ws/cidbn_wibral_neuro_nonhuman/u19361-workspace/allen/rf/zebra/rawresults/ephys/sub-830794_ses-ecephys-830794-2026-01-26-12-02-05_ecephys/ProbeD/trial_0/phase_1/lib_ab4a70858e/lib_ab4a70858e__delay_0.06__dur_0.25.h5
658517a7-16bc-4683-b1cb-c2767758953b,0.02,0.25,ab4a70858e,0.09705433994531631,-29.55223880597015,29.575471698113205,45.02251307527088,17.91,17,10,2,0.6283185307179586,3,5.0,12,1.3,/mnt/ceph-ssd/workspaces/ws/cidbn_wibral_neuro_nonhuman/u19361-workspace/allen/rf/zebra/rawresults/ephys/sub-830794_ses-ecephys-830794-2026-01-26-12-02-05_ecephys/ProbeD/trial_0/phase_1/lib_ab4a70858e/lib_ab4a70858e__delay_0.02__dur_0.25.h5
65d75d68-73d5-4fc2-bdf6-27e9d2ac54b1,0.01,0.2,ab4a70858e,0.11641514301300049,4.477611940298516,18.820754716981128,112.48408527317332,10.74,36,16,5,1.5707963267948966,1,3.0,11,1.2,/mnt/ceph-ssd/workspaces/ws/cidbn_wibral_neuro_nonhuman/u19361-workspace/allen/rf/zebra/rawresults/ephys/sub-830794_ses-ecephys-830794-2026-01-26-12-02-05_ecephys/ProbeD/trial_0/phase_1/lib_ab4a70858e/lib_ab4a70858e__delay_0.01__dur_0.2.h5
65e3a647-1f94-4d19-98f3-100588875046,0.05,0.2,ab4a70858e,0.07935924828052521,-42.089552238805965,-6.273584905660378,0.0,28.65,10,30,0,0.0,5,8.0,11,1.2,/mnt/ceph-ssd/workspaces/ws/cidbn_wibral_neuro_nonhuman/u19361-workspace/allen/rf/zebra/rawresults/ephys/sub-830794_ses-ecephys-830794-2026-01-26-12-02-05_ecephys/ProbeD/trial_0/phase_1/lib_ab4a70858e/lib_ab4a70858e__delay_0.05__dur_0.2.h5
6619830a-6a9c-4a4e-817c-f3986f84ec86,0.12,0.25,ab4a70858e,0.09097165614366531,-17.014925373134325,-29.57547169811321,112.48408527317332,14.32,24,43,5,1.5707963267948966,2,4.0,11,1.2,/mnt/ceph-ssd/workspaces/ws/cidbn_wibral_neuro_nonhuman/u19361-workspace/allen/rf/zebra/rawresults/ephys/sub-830794_ses-ecephys-830794-2026-01-26-12-02-05_ecephys/ProbeD/trial_0/phase_1/lib_ab4a70858e/lib_ab4a70858e__delay_0.12__dur_0.25.h5
66283860-50c5-435b-9943-89b97fb9186a,0.12,0.25,ab4a70858e,0.07457948476076126,24.179104477611943,15.235849056603776,134.9774869247291,14.32,47,18,6,1.8849555921538759,2,4.0,9,0.1,/mnt/ceph-ssd/workspaces/ws/cidbn_wibral_neuro_nonhuman/u19361-workspace/allen/rf/zebra/rawresults/ephys/sub-830794_ses-ecephys-830794-2026-01-26-12-02-05_ecephys/ProbeD/trial_0/phase_1/lib_ab4a70858e/lib_ab4a70858e__delay_0.12__dur_0.25.h5
669cc803-227e-4f28-b97b-f4b1dc1d6789,0.11,0.2,ab4a70858e,0.08093523234128952,-22.388059701492537,9.858490566037737,157.4840764271708,10.74,21,21,7,2.199114857512855,1,3.0,12,1.3,/mnt/ceph-ssd/workspaces/ws/cidbn_wibral_neuro_nonhuman/u19361-workspace/allen/rf/zebra/rawresults/ephys/sub-830794_ses-ecephys-830794-2026-01-26-12-02-05_ecephys/ProbeD/trial_0/phase_1/lib_ab4a70858e/lib_ab4a70858e__delay_0.11__dur_0.2.h5
6707e0ec-7bb9-4191-85ff-03be65008507,0.01,0.15000000000000002,ab4a70858e,0.11275587975978851,-34.92537313432835,11.650943396226417,45.02251307527088,14.32,14,20,2,0.6283185307179586,2,4.0,4,0.05,/mnt/ceph-ssd/workspaces/ws/cidbn_wibral_neuro_nonhuman/u19361-workspace/allen/rf/zebra/rawresults/ephys/sub-830794_ses-ecephys-830794-2026-01-26-12-02-05_ecephys/ProbeD/trial_0/phase_1/lib_ab4a70858e/lib_ab4a70858e__delay_0.01__dur_0.15000000000000002.h5
6718769d-7f00-43bc-a9ea-04d5f19eec06,0.02,0.1,ab4a70858e,0.16794957220554352,-27.761194029850742,-2.6886792452830193,180.0,14.32,18,28,8,2.5132741228718345,2,4.0,6,0.07,/mnt/ceph-ssd/workspaces/ws/cidbn_wibral_neuro_nonhuman/u19361-workspace/allen/rf/zebra/rawresults/ephys/sub-830794_ses-ecephys-830794-2026-01-26-12-02-05_ecephys/ProbeD/trial_0/phase_1/lib_ab4a70858e/lib_ab4a70858e__delay_0.02__dur_0.1.h5
676b7834-c276-40ae-b7ff-44a673d793ec,0.11,0.25,ab4a70858e,0.15044046938419342,-8.059701492537314,8.066037735849058,67.51591472682667,10.74,29,22,3,0.9424777960769379,1,3.0,12,1.3,/mnt/ceph-ssd/workspaces/ws/cidbn_wibral_neuro_nonhuman/u19361-workspace/allen/rf/zebra/rawresults/ephys/sub-830794_ses-ecephys-830794-2026-01-26-12-02-05_ecephys/ProbeD/trial_0/phase_1/lib_ab4a70858e/lib_ab4a70858e__delay_0.11__dur_0.25.h5
67eb9bde-f412-48e2-9276-e7fed8e1dec1,0.02,0.2,ab4a70858e,0.06678090989589691,-31.34328358208955,-22.40566037735849,157.4840764271708,28.65,16,39,7,2.199114857512855,5,8.0,3,0.04,/mnt/ceph-ssd/workspaces/ws/cidbn_wibral_neuro_nonhuman/u19361-workspace/allen/rf/zebra/rawresults/ephys/sub-830794_ses-ecephys-830794-2026-01-26-12-02-05_ecephys/ProbeD/trial_0/phase_1/lib_ab4a70858e/lib_ab4a70858e__delay_0.02__dur_0.2.h5
6890c4ae-9a30-4697-a23b-e44bff4c3641,0.0,0.25,ab4a70858e,0.09222796559333801,-31.34328358208955,-4.481132075471699,157.4840764271708,10.74,16,29,7,2.199114857512855,1,3.0,12,1.3,/mnt/ceph-ssd/workspaces/ws/cidbn_wibral_neuro_nonhuman/u19361-workspace/allen/rf/zebra/rawresults/ephys/sub-830794_ses-ecephys-830794-2026-01-26-12-02-05_ecephys/ProbeD/trial_0/phase_1/lib_ab4a70858e/lib_ab4a70858e__delay_0.0__dur_0.25.h5
68957d49-aad0-4884-a29c-2dad8981e566,0.01,0.05,ab4a70858e,0.0,-60.0,47.5,0.0,7.16,0,0,0,0.0,0,2.0,0,0.01,/mnt/ceph-ssd/workspaces/ws/cidbn_wibral_neuro_nonhuman/u19361-workspace/allen/rf/zebra/rawresults/ephys/sub-830794_ses-ecephys-830794-2026-01-26-12-02-05_ecephys/ProbeD/trial_0/phase_1/lib_ab4a70858e/lib_ab4a70858e__delay_0.01__dur_0.05.h5
68979e65-9d46-449b-ab0a-ba127d737bdf,0.0,0.1,ab4a70858e,0.15932545065879822,-43.88059701492537,2.6886792452830193,180.0,14.32,9,25,8,2.5132741228718345,2,4.0,2,0.03,/mnt/ceph-ssd/workspaces/ws/cidbn_wibral_neuro_nonhuman/u19361-workspace/allen/rf/zebra/rawresults/ephys/sub-830794_ses-ecephys-830794-2026-01-26-12-02-05_ecephys/ProbeD/trial_0/phase_1/lib_ab4a70858e/lib_ab4a70858e__delay_0.0__dur_0.1.h5
6899e7d1-f314-4390-a2a2-0e398f38964d,0.0,0.05,ab4a70858e,0.11394801735877991,-29.55223880597015,0.8962264150943398,112.48408527317332,21.49,17,26,5,1.5707963267948966,4,6.0,11,1.2,/mnt/ceph-ssd/workspaces/ws/cidbn_wibral_neuro_nonhuman/u19361-workspace/allen/rf/zebra/rawresults/ephys/sub-830794_ses-ecephys-830794-2026-01-26-12-02-05_ecephys/ProbeD/trial_0/phase_1/lib_ab4a70858e/lib_ab4a70858e__delay_0.0__dur_0.05.h5
68a862a6-a2c4-44cb-b19f-68c76308d0b4,0.11,0.2,ab4a70858e,0.0825238972902298,-24.179104477611936,4.481132075471699,22.515923572829163,10.74,20,24,9,2.827433388230814,1,3.0,6,0.07,/mnt/ceph-ssd/workspaces/ws/cidbn_wibral_neuro_nonhuman/u19361-workspace/allen/rf/zebra/rawresults/ephys/sub-830794_ses-ecephys-830794-2026-01-26-12-02-05_ecephys/ProbeD/trial_0/phase_1/lib_ab4a70858e/lib_ab4a70858e__delay_0.11__dur_0.2.h5
69b23d28-894d-4f33-8600-c90194604af8,0.01,0.05,ab4a70858e,0.1550782173871994,-2.6865671641791025,-8.066037735849058,0.0,7.16,32,31,0,0.0,0,2.0,5,0.06,/mnt/ceph-ssd/workspaces/ws/cidbn_wibral_neuro_nonhuman/u19361-workspace/allen/rf/zebra/rawresults/ephys/sub-830794_ses-ecephys-830794-2026-01-26-12-02-05_ecephys/ProbeD/trial_0/phase_1/lib_ab4a70858e/lib_ab4a70858e__delay_0.01__dur_0.05.h5
6a01a7de-3ceb-4022-98ab-0cf68b3b1c5c,0.07,0.25,ab4a70858e,0.08581358194351196,-25.970149253731343,-18.82075471698113,45.02251307527088,14.32,19,37,2,0.6283185307179586,2,4.0,10,1.1,/mnt/ceph-ssd/workspaces/ws/cidbn_wibral_neuro_nonhuman/u19361-workspace/allen/rf/zebra/rawresults/ephys/sub-830794_ses-ecephys-830794-2026-01-26-12-02-05_ecephys/ProbeD/trial_0/phase_1/lib_ab4a70858e/lib_ab4a70858e__delay_0.07__dur_0.25.h5
6a237451-ea20-4c14-a3f4-1de4460f3c0d,0.0,0.05,ab4a70858e,0.15721020102500916,2.6865671641791096,-13.443396226415096,22.515923572829163,10.74,35,34,9,2.827433388230814,1,3.0,2,0.03,/mnt/ceph-ssd/workspaces/ws/cidbn_wibral_neuro_nonhuman/u19361-workspace/allen/rf/zebra/rawresults/ephys/sub-830794_ses-ecephys-830794-2026-01-26-12-02-05_ecephys/ProbeD/trial_0/phase_1/lib_ab4a70858e/lib_ab4a70858e__delay_0.0__dur_0.05.h5
6a94c015-0f39-4f2a-99ba-913a62907266,0.02,0.1,ab4a70858e,0.10696598142385483,-11.64179104477612,4.481132075471699,180.0,28.65,27,24,8,2.5132741228718345,5,8.0,3,0.04,/mnt/ceph-ssd/workspaces/ws/cidbn_wibral_neuro_nonhuman/u19361-workspace/allen/rf/zebra/rawresults/ephys/sub-830794_ses-ecephys-830794-2026-01-26-12-02-05_ecephys/ProbeD/trial_0/phase_1/lib_ab4a70858e/lib_ab4a70858e__delay_0.02__dur_0.1.h5
6b842298-0839-4aae-bbe1-8af8657a5ed2,0.03,0.25,ab4a70858e,0.08213059604167938,-6.268656716417908,-22.40566037735849,22.515923572829163,28.65,30,39,9,2.827433388230814,5,8.0,8,0.09,/mnt/ceph-ssd/workspaces/ws/cidbn_wibral_neuro_nonhuman/u19361-workspace/allen/rf/zebra/rawresults/ephys/sub-830794_ses-ecephys-830794-2026-01-26-12-02-05_ecephys/ProbeD/trial_0/phase_1/lib_ab4a70858e/lib_ab4a70858e__delay_0.03__dur_0.25.h5
6bd54a42-a2cc-4300-839c-84ecafa0bea5,0.0,0.25,ab4a70858e,0.14618930220603943,-33.134328358208954,8.066037735849058,67.51591472682667,14.32,15,22,3,0.9424777960769379,2,4.0,3,0.04,/mnt/ceph-ssd/workspaces/ws/cidbn_wibral_neuro_nonhuman/u19361-workspace/allen/rf/zebra/rawresults/ephys/sub-830794_ses-ecephys-830794-2026-01-26-12-02-05_ecephys/ProbeD/trial_0/phase_1/lib_ab4a70858e/lib_ab4a70858e__delay_0.0__dur_0.25.h5
6bfe8d3e-4342-425e-a86c-64efd68f4e72,0.0,0.25,ab4a70858e,0.0815468356013298,-2.6865671641791025,-33.160377358490564,45.02251307527088,7.16,32,45,2,0.6283185307179586,0,2.0,12,1.3,/mnt/ceph-ssd/workspaces/ws/cidbn_wibral_neuro_nonhuman/u19361-workspace/allen/rf/zebra/rawresults/ephys/sub-830794_ses-ecephys-830794-2026-01-26-12-02-05_ecephys/ProbeD/trial_0/phase_1/lib_ab4a70858e/lib_ab4a70858e__delay_0.0__dur_0.25.h5
6cd2c9e6-2689-4f06-91d5-a408a4a56637,0.01,0.25,ab4a70858e,0.10796894878149033,-22.388059701492537,-2.6886792452830193,157.4840764271708,10.74,21,28,7,2.199114857512855,1,3.0,12,1.3,/mnt/ceph-ssd/workspaces/ws/cidbn_wibral_neuro_nonhuman/u19361-workspace/allen/rf/zebra/rawresults/ephys/sub-830794_ses-ecephys-830794-2026-01-26-12-02-05_ecephys/ProbeD/trial_0/phase_1/lib_ab4a70858e/lib_ab4a70858e__delay_0.01__dur_0.25.h5
6ddc898a-04e5-400a-8a89-dbb5d08d8481,0.12,0.2,ab4a70858e,0.07120553404092789,-31.34328358208955,43.91509433962264,0.0,10.74,16,2,0,0.0,1,3.0,11,1.2,/mnt/ceph-ssd/workspaces/ws/cidbn_wibral_neuro_nonhuman/u19361-workspace/allen/rf/zebra/rawresults/ephys/sub-830794_ses-ecephys-830794-2026-01-26-12-02-05_ecephys/ProbeD/trial_0/phase_1/lib_ab4a70858e/lib_ab4a70858e__delay_0.12__dur_0.2.h5
6df1353b-46a3-4f89-b785-8fe1ea1e81f1,0.04,0.1,ab4a70858e,0.07550811022520065,-51.04477611940298,-27.78301886792453,157.4840764271708,10.74,5,42,7,2.199114857512855,1,3.0,5,0.06,/mnt/ceph-ssd/workspaces/ws/cidbn_wibral_neuro_nonhuman/u19361-workspace/allen/rf/zebra/rawresults/ephys/sub-830794_ses-ecephys-830794-2026-01-26-12-02-05_ecephys/ProbeD/trial_0/phase_1/lib_ab4a70858e/lib_ab4a70858e__delay_0.04__dur_0.1.h5
6e2c77c4-0421-48cb-8c49-41bb30d6a5f7,0.0,0.05,ab4a70858e,0.18392692506313324,13.43283582089552,-9.858490566037737,22.515923572829195,10.74,41,32,1,0.3141592653589793,1,3.0,2,0.03,/mnt/ceph-ssd/workspaces/ws/cidbn_wibral_neuro_nonhuman/u19361-workspace/allen/rf/zebra/rawresults/ephys/sub-830794_ses-ecephys-830794-2026-01-26-12-02-05_ecephys/ProbeD/trial_0/phase_1/lib_ab4a70858e/lib_ab4a70858e__delay_0.0__dur_0.05.h5
6e6aad45-1d7a-4e38-9dce-5a9f428df002,0.0,0.2,ab4a70858e,0.0910288468003273,49.25373134328359,-2.6886792452830193,0.0,14.32,61,28,0,0.0,2,4.0,11,1.2,/mnt/ceph-ssd/workspaces/ws/cidbn_wibral_neuro_nonhuman/u19361-workspace/allen/rf/zebra/rawresults/ephys/sub-830794_ses-ecephys-830794-2026-01-26-12-02-05_ecephys/ProbeD/trial_0/phase_1/lib_ab4a70858e/lib_ab4a70858e__delay_0.0__dur_0.2.h5
6efe4520-9932-41a4-8dc8-2538e2619923,0.09,0.25,ab4a70858e,0.11121480911970139,-18.80597014925373,-6.273584905660378,157.4840764271708,14.32,23,30,7,2.199114857512855,2,4.0,8,0.09,/mnt/ceph-ssd/workspaces/ws/cidbn_wibral_neuro_nonhuman/u19361-workspace/allen/rf/zebra/rawresults/ephys/sub-830794_ses-ecephys-830794-2026-01-26-12-02-05_ecephys/ProbeD/trial_0/phase_1/lib_ab4a70858e/lib_ab4a70858e__delay_0.09__dur_0.25.h5
6f4c25b6-cf74-4372-b317-ce35d83673e1,0.05,0.2,ab4a70858e,0.07552886009216309,-49.25373134328358,13.443396226415096,67.51591472682667,28.65,6,19,3,0.9424777960769379,5,8.0,2,0.03,/mnt/ceph-ssd/workspaces/ws/cidbn_wibral_neuro_nonhuman/u19361-workspace/allen/rf/zebra/rawresults/ephys/sub-830794_ses-ecephys-830794-2026-01-26-12-02-05_ecephys/ProbeD/trial_0/phase_1/lib_ab4a70858e/lib_ab4a70858e__delay_0.05__dur_0.2.h5
6fca5f19-e990-4106-9d75-18d8ac813146,0.03,0.25,ab4a70858e,0.07466980814933777,-33.134328358208954,-8.066037735849058,112.48408527317332,21.49,15,31,5,1.5707963267948966,4,6.0,1,0.02,/mnt/ceph-ssd/workspaces/ws/cidbn_wibral_neuro_nonhuman/u19361-workspace/allen/rf/zebra/rawresults/ephys/sub-830794_ses-ecephys-830794-2026-01-26-12-02-05_ecephys/ProbeD/trial_0/phase_1/lib_ab4a70858e/lib_ab4a70858e__delay_0.03__dur_0.25.h5
7001585e-cbda-408c-a859-7a47c4d13616,0.05,0.15000000000000002,ab4a70858e,0.07127448171377182,-56.417910447761194,27.783018867924525,45.02251307527088,28.65,2,11,2,0.6283185307179586,5,8.0,9,0.1,/mnt/ceph-ssd/workspaces/ws/cidbn_wibral_neuro_nonhuman/u19361-workspace/allen/rf/zebra/rawresults/ephys/sub-830794_ses-ecephys-830794-2026-01-26-12-02-05_ecephys/ProbeD/trial_0/phase_1/lib_ab4a70858e/lib_ab4a70858e__delay_0.05__dur_0.15000000000000002.h5
7018c91a-ef7a-4483-98fc-91b67f785b41,0.01,0.05,ab4a70858e,0.3453209698200226,45.67164179104478,-6.273584905660378,22.515923572829195,17.91,59,30,1,0.3141592653589793,3,5.0,1,0.02,/mnt/ceph-ssd/workspaces/ws/cidbn_wibral_neuro_nonhuman/u19361-workspace/allen/rf/zebra/rawresults/ephys/sub-830794_ses-ecephys-830794-2026-01-26-12-02-05_ecephys/ProbeD/trial_0/phase_1/lib_ab4a70858e/lib_ab4a70858e__delay_0.01__dur_0.05.h5
706a3a72-3157-4844-9b97-976c254375cb,0.12,0.2,ab4a70858e,0.07727033644914627,-24.179104477611936,47.5,157.4840764271708,28.65,20,0,7,2.199114857512855,5,8.0,7,0.08,/mnt/ceph-ssd/workspaces/ws/cidbn_wibral_neuro_nonhuman/u19361-workspace/allen/rf/zebra/rawresults/ephys/sub-830794_ses-ecephys-830794-2026-01-26-12-02-05_ecephys/ProbeD/trial_0/phase_1/lib_ab4a70858e/lib_ab4a70858e__delay_0.12__dur_0.2.h5
7178f1b4-f537-4aa3-8d9f-6f1f078455dd,0.06,0.15000000000000002,ab4a70858e,0.07987353205680847,-40.298507462686565,33.160377358490564,0.0,28.65,11,8,0,0.0,5,8.0,6,0.07,/mnt/ceph-ssd/workspaces/ws/cidbn_wibral_neuro_nonhuman/u19361-workspace/allen/rf/zebra/rawresults/ephys/sub-830794_ses-ecephys-830794-2026-01-26-12-02-05_ecephys/ProbeD/trial_0/phase_1/lib_ab4a70858e/lib_ab4a70858e__delay_0.06__dur_0.15000000000000002.h5
71b25181-0a13-4d5a-904d-a32ce8b4cc13,0.12,0.2,ab4a70858e,0.08195418864488602,-11.64179104477612,-18.82075471698113,112.48408527317332,7.16,27,37,5,1.5707963267948966,0,2.0,11,1.2,/mnt/ceph-ssd/workspaces/ws/cidbn_wibral_neuro_nonhuman/u19361-workspace/allen/rf/zebra/rawresults/ephys/sub-830794_ses-ecephys-830794-2026-01-26-12-02-05_ecephys/ProbeD/trial_0/phase_1/lib_ab4a70858e/lib_ab4a70858e__delay_0.12__dur_0.2.h5
71e250fd-ad6a-4855-b0fc-d90f068464ae,0.0,0.1,ab4a70858e,0.08443556725978851,47.462686567164184,-0.8962264150943398,22.515923572829195,17.91,60,27,1,0.3141592653589793,3,5.0,2,0.03,/mnt/ceph-ssd/workspaces/ws/cidbn_wibral_neuro_nonhuman/u19361-workspace/allen/rf/zebra/rawresults/ephys/sub-830794_ses-ecephys-830794-2026-01-26-12-02-05_ecephys/ProbeD/trial_0/phase_1/lib_ab4a70858e/lib_ab4a70858e__delay_0.0__dur_0.1.h5
7271554c-9900-441b-97a9-bd982d7baf45,0.07,0.25,ab4a70858e,0.07535085827112198,-31.34328358208955,-8.066037735849058,134.9774869247291,28.65,16,31,6,1.8849555921538759,5,8.0,8,0.09,/mnt/ceph-ssd/workspaces/ws/cidbn_wibral_neuro_nonhuman/u19361-workspace/allen/rf/zebra/rawresults/ephys/sub-830794_ses-ecephys-830794-2026-01-26-12-02-05_ecephys/ProbeD/trial_0/phase_1/lib_ab4a70858e/lib_ab4a70858e__delay_0.07__dur_0.25.h5
72f43823-6bbd-4acd-969e-f848a6a7f5b7,0.0,0.1,ab4a70858e,0.07259858399629593,-40.298507462686565,-42.12264150943396,45.02251307527088,7.16,11,50,2,0.6283185307179586,0,2.0,9,0.1,/mnt/ceph-ssd/workspaces/ws/cidbn_wibral_neuro_nonhuman/u19361-workspace/allen/rf/zebra/rawresults/ephys/sub-830794_ses-ecephys-830794-2026-01-26-12-02-05_ecephys/ProbeD/trial_0/phase_1/lib_ab4a70858e/lib_ab4a70858e__delay_0.0__dur_0.1.h5
733bd5ac-0bf9-454c-9707-f980ea56e50d,0.04,0.25,ab4a70858e,0.32910311222076416,-24.179104477611936,-0.8962264150943398,67.51591472682667,17.91,20,27,3,0.9424777960769379,3,5.0,12,1.3,/mnt/ceph-ssd/workspaces/ws/cidbn_wibral_neuro_nonhuman/u19361-workspace/allen/rf/zebra/rawresults/ephys/sub-830794_ses-ecephys-830794-2026-01-26-12-02-05_ecephys/ProbeD/trial_0/phase_1/lib_ab4a70858e/lib_ab4a70858e__delay_0.04__dur_0.25.h5
73f102d5-d51d-4749-80d5-12c155e4446f,0.01,0.05,ab4a70858e,0.4345835745334625,-27.761194029850742,-0.8962264150943398,0.0,10.74,18,27,0,0.0,1,3.0,3,0.04,/mnt/ceph-ssd/workspaces/ws/cidbn_wibral_neuro_nonhuman/u19361-workspace/allen/rf/zebra/rawresults/ephys/sub-830794_ses-ecephys-830794-2026-01-26-12-02-05_ecephys/ProbeD/trial_0/phase_1/lib_ab4a70858e/lib_ab4a70858e__delay_0.01__dur_0.05.h5
74887034-dd83-41ec-a08b-8c000ec61ec6,0.01,0.25,ab4a70858e,0.07372508943080902,45.67164179104478,-6.273584905660378,112.48408527317332,10.74,59,30,5,1.5707963267948966,1,3.0,8,0.09,/mnt/ceph-ssd/workspaces/ws/cidbn_wibral_neuro_nonhuman/u19361-workspace/allen/rf/zebra/rawresults/ephys/sub-830794_ses-ecephys-830794-2026-01-26-12-02-05_ecephys/ProbeD/trial_0/phase_1/lib_ab4a70858e/lib_ab4a70858e__delay_0.01__dur_0.25.h5
749895e7-f22c-4d0c-ab3f-772600618898,0.0,0.15000000000000002,ab4a70858e,0.14512591063976288,-20.59701492537313,11.650943396226417,67.51591472682667,21.49,22,20,3,0.9424777960769379,4,6.0,0,0.01,/mnt/ceph-ssd/workspaces/ws/cidbn_wibral_neuro_nonhuman/u19361-workspace/allen/rf/zebra/rawresults/ephys/sub-830794_ses-ecephys-830794-2026-01-26-12-02-05_ecephys/ProbeD/trial_0/phase_1/lib_ab4a70858e/lib_ab4a70858e__delay_0.0__dur_0.15000000000000002.h5
74b26c8a-9a71-4853-9869-d0ad7a442d95,0.0,0.1,ab4a70858e,0.11131885647773743,-9.850746268656714,-6.273584905660378,157.4840764271708,28.65,28,30,7,2.199114857512855,5,8.0,3,0.04,/mnt/ceph-ssd/workspaces/ws/cidbn_wibral_neuro_nonhuman/u19361-workspace/allen/rf/zebra/rawresults/ephys/sub-830794_ses-ecephys-830794-2026-01-26-12-02-05_ecephys/ProbeD/trial_0/phase_1/lib_ab4a70858e/lib_ab4a70858e__delay_0.0__dur_0.1.h5
74b31410-01a5-4a10-9a39-2e9a7a061d51,0.0,0.1,ab4a70858e,0.15296928584575653,-31.34328358208955,9.858490566037737,0.0,14.32,16,21,0,0.0,2,4.0,0,0.01,/mnt/ceph-ssd/workspaces/ws/cidbn_wibral_neuro_nonhuman/u19361-workspace/allen/rf/zebra/rawresults/ephys/sub-830794_ses-ecephys-830794-2026-01-26-12-02-05_ecephys/ProbeD/trial_0/phase_1/lib_ab4a70858e/lib_ab4a70858e__delay_0.0__dur_0.1.h5
74f9240f-1da0-40b8-9406-c97021cafcd2,0.0,0.25,ab4a70858e,0.06895113736391068,13.43283582089552,31.367924528301884,112.48408527317332,14.32,41,9,5,1.5707963267948966,2,4.0,11,1.2,/mnt/ceph-ssd/workspaces/ws/cidbn_wibral_neuro_nonhuman/u19361-workspace/allen/rf/zebra/rawresults/ephys/sub-830794_ses-ecephys-830794-2026-01-26-12-02-05_ecephys/ProbeD/trial_0/phase_1/lib_ab4a70858e/lib_ab4a70858e__delay_0.0__dur_0.25.h5
7502da13-2d66-480b-9e0f-5acd11d45218,0.08,0.25,ab4a70858e,0.0868537425994873,-24.179104477611936,-0.8962264150943398,67.51591472682667,14.32,20,27,3,0.9424777960769379,2,4.0,12,1.3,/mnt/ceph-ssd/workspaces/ws/cidbn_wibral_neuro_nonhuman/u19361-workspace/allen/rf/zebra/rawresults/ephys/sub-830794_ses-ecephys-830794-2026-01-26-12-02-05_ecephys/ProbeD/trial_0/phase_1/lib_ab4a70858e/lib_ab4a70858e__delay_0.08__dur_0.25.h5
7521515f-e65b-4610-8d78-57f83a4db78a,0.01,0.1,ab4a70858e,0.1774178147315979,-22.388059701492537,0.8962264150943398,22.515923572829195,21.49,21,26,1,0.3141592653589793,4,6.0,0,0.01,/mnt/ceph-ssd/workspaces/ws/cidbn_wibral_neuro_nonhuman/u19361-workspace/allen/rf/zebra/rawresults/ephys/sub-830794_ses-ecephys-830794-2026-01-26-12-02-05_ecephys/ProbeD/trial_0/phase_1/lib_ab4a70858e/lib_ab4a70858e__delay_0.01__dur_0.1.h5
75d56eb6-f8d8-4a8c-a025-72111b8bd7e2,0.01,0.2,ab4a70858e,0.07848063111305237,38.507462686567166,-45.70754716981132,45.02251307527088,14.32,55,52,2,0.6283185307179586,2,4.0,9,0.1,/mnt/ceph-ssd/workspaces/ws/cidbn_wibral_neuro_nonhuman/u19361-workspace/allen/rf/zebra/rawresults/ephys/sub-830794_ses-ecephys-830794-2026-01-26-12-02-05_ecephys/ProbeD/trial_0/phase_1/lib_ab4a70858e/lib_ab4a70858e__delay_0.01__dur_0.2.h5
76014aa8-cbb5-4e23-94ee-53c7560a62f3,0.12,0.25,ab4a70858e,0.07957780361175537,-40.298507462686565,18.820754716981128,67.51591472682667,14.32,11,16,3,0.9424777960769379,2,4.0,6,0.07,/mnt/ceph-ssd/workspaces/ws/cidbn_wibral_neuro_nonhuman/u19361-workspace/allen/rf/zebra/rawresults/ephys/sub-830794_ses-ecephys-830794-2026-01-26-12-02-05_ecephys/ProbeD/trial_0/phase_1/lib_ab4a70858e/lib_ab4a70858e__delay_0.12__dur_0.25.h5
760a7119-433a-4c55-82cf-7521c637e7d7,0.02,0.1,ab4a70858e,0.10567197948694229,-17.014925373134325,15.235849056603776,180.0,17.91,24,18,8,2.5132741228718345,3,5.0,3,0.04,/mnt/ceph-ssd/workspaces/ws/cidbn_wibral_neuro_nonhuman/u19361-workspace/allen/rf/zebra/rawresults/ephys/sub-830794_ses-ecephys-830794-2026-01-26-12-02-05_ecephys/ProbeD/trial_0/phase_1/lib_ab4a70858e/lib_ab4a70858e__delay_0.02__dur_0.1.h5
764903e6-c3d8-42ca-8bce-d49f6066f4c2,0.07,0.25,ab4a70858e,0.07860201597213745,9.85074626865672,-6.273584905660378,90.0,10.74,39,30,4,1.2566370614359172,1,3.0,9,0.1,/mnt/ceph-ssd/workspaces/ws/cidbn_wibral_neuro_nonhuman/u19361-workspace/allen/rf/zebra/rawresults/ephys/sub-830794_ses-ecephys-830794-2026-01-26-12-02-05_ecephys/ProbeD/trial_0/phase_1/lib_ab4a70858e/lib_ab4a70858e__delay_0.07__dur_0.25.h5
76aadbef-c658-4cc4-8d7d-67d80754f3f1,0.11,0.25,ab4a70858e,0.07461868226528168,0.8955223880597032,-42.12264150943396,180.0,17.91,34,50,8,2.5132741228718345,3,5.0,12,1.3,/mnt/ceph-ssd/workspaces/ws/cidbn_wibral_neuro_nonhuman/u19361-workspace/allen/rf/zebra/rawresults/ephys/sub-830794_ses-ecephys-830794-2026-01-26-12-02-05_ecephys/ProbeD/trial_0/phase_1/lib_ab4a70858e/lib_ab4a70858e__delay_0.11__dur_0.25.h5
770dec55-1ed0-4e97-8445-9fb129ba4d57,0.06,0.25,ab4a70858e,0.09163825958967209,29.55223880597015,-8.066037735849058,157.4840764271708,10.74,50,31,7,2.199114857512855,1,3.0,9,0.1,/mnt/ceph-ssd/workspaces/ws/cidbn_wibral_neuro_nonhuman/u19361-workspace/allen/rf/zebra/rawresults/ephys/sub-830794_ses-ecephys-830794-2026-01-26-12-02-05_ecephys/ProbeD/trial_0/phase_1/lib_ab4a70858e/lib_ab4a70858e__delay_0.06__dur_0.25.h5
772dfca4-ea49-4a72-965c-e82f9467af8f,0.01,0.15000000000000002,ab4a70858e,0.1493755578994751,-24.179104477611936,17.02830188679245,0.0,21.49,20,17,0,0.0,4,6.0,2,0.03,/mnt/ceph-ssd/workspaces/ws/cidbn_wibral_neuro_nonhuman/u19361-workspace/allen/rf/zebra/rawresults/ephys/sub-830794_ses-ecephys-830794-2026-01-26-12-02-05_ecephys/ProbeD/trial_0/phase_1/lib_ab4a70858e/lib_ab4a70858e__delay_0.01__dur_0.15000000000000002.h5
77419b9f-01bf-4adc-bf26-2ad6c2d1e73b,0.02,0.1,ab4a70858e,0.23631800711154938,-42.089552238805965,13.443396226415096,0.0,17.91,10,19,0,0.0,3,5.0,2,0.03,/mnt/ceph-ssd/workspaces/ws/cidbn_wibral_neuro_nonhuman/u19361-workspace/allen/rf/zebra/rawresults/ephys/sub-830794_ses-ecephys-830794-2026-01-26-12-02-05_ecephys/ProbeD/trial_0/phase_1/lib_ab4a70858e/lib_ab4a70858e__delay_0.02__dur_0.1.h5
776b4fa6-2445-4b56-b4ce-351d54096331,0.0,0.05,ab4a70858e,0.0765748918056488,31.343283582089555,-17.028301886792452,67.51591472682667,10.74,51,36,3,0.9424777960769379,1,3.0,12,1.3,/mnt/ceph-ssd/workspaces/ws/cidbn_wibral_neuro_nonhuman/u19361-workspace/allen/rf/zebra/rawresults/ephys/sub-830794_ses-ecephys-830794-2026-01-26-12-02-05_ecephys/ProbeD/trial_0/phase_1/lib_ab4a70858e/lib_ab4a70858e__delay_0.0__dur_0.05.h5
77a1bdc5-8599-42f6-9306-28b68a548393,0.05,0.1,ab4a70858e,0.07465613633394241,-34.92537313432835,18.820754716981128,67.51591472682667,17.91,14,16,3,0.9424777960769379,3,5.0,7,0.08,/mnt/ceph-ssd/workspaces/ws/cidbn_wibral_neuro_nonhuman/u19361-workspace/allen/rf/zebra/rawresults/ephys/sub-830794_ses-ecephys-830794-2026-01-26-12-02-05_ecephys/ProbeD/trial_0/phase_1/lib_ab4a70858e/lib_ab4a70858e__delay_0.05__dur_0.1.h5
77c6a329-3900-40e1-9d68-5b7b6049e9e8,0.1,0.15000000000000002,ab4a70858e,0.07251528650522232,-4.477611940298509,24.198113207547166,45.02251307527088,17.91,31,13,2,0.6283185307179586,3,5.0,9,0.1,/mnt/ceph-ssd/workspaces/ws/cidbn_wibral_neuro_nonhuman/u19361-workspace/allen/rf/zebra/rawresults/ephys/sub-830794_ses-ecephys-830794-2026-01-26-12-02-05_ecephys/ProbeD/trial_0/phase_1/lib_ab4a70858e/lib_ab4a70858e__delay_0.1__dur_0.15000000000000002.h5
77f3fefb-3f43-4600-8e8c-d08f4dd473d0,0.05,0.25,ab4a70858e,0.09499838203191757,24.179104477611943,-2.6886792452830193,90.0,28.65,47,28,4,1.2566370614359172,5,8.0,2,0.03,/mnt/ceph-ssd/workspaces/ws/cidbn_wibral_neuro_nonhuman/u19361-workspace/allen/rf/zebra/rawresults/ephys/sub-830794_ses-ecephys-830794-2026-01-26-12-02-05_ecephys/ProbeD/trial_0/phase_1/lib_ab4a70858e/lib_ab4a70858e__delay_0.05__dur_0.25.h5
785862d1-c8c0-4c8c-9fc4-28b1cfe4a9e2,0.03,0.15000000000000002,ab4a70858e,0.11879294365644455,-36.71641791044776,-20.61320754716981,134.9774869247291,28.65,13,38,6,1.8849555921538759,5,8.0,2,0.03,/mnt/ceph-ssd/workspaces/ws/cidbn_wibral_neuro_nonhuman/u19361-workspace/allen/rf/zebra/rawresults/ephys/sub-830794_ses-ecephys-830794-2026-01-26-12-02-05_ecephys/ProbeD/trial_0/phase_1/lib_ab4a70858e/lib_ab4a70858e__delay_0.03__dur_0.15000000000000002.h5
79aa8004-7568-4520-8d1b-e1a02d0f905a,0.04,0.15000000000000002,ab4a70858e,0.07639143615961075,-51.04477611940298,0.8962264150943398,22.515923572829195,21.49,5,26,1,0.3141592653589793,4,6.0,5,0.06,/mnt/ceph-ssd/workspaces/ws/cidbn_wibral_neuro_nonhuman/u19361-workspace/allen/rf/zebra/rawresults/ephys/sub-830794_ses-ecephys-830794-2026-01-26-12-02-05_ecephys/ProbeD/trial_0/phase_1/lib_ab4a70858e/lib_ab4a70858e__delay_0.04__dur_0.15000000000000002.h5
79af96be-5dd7-4fcb-ab44-5ae299c568aa,0.07,0.25,ab4a70858e,0.1111021637916565,29.55223880597015,22.405660377358487,157.4840764271708,17.91,50,14,7,2.199114857512855,3,5.0,12,1.3,/mnt/ceph-ssd/workspaces/ws/cidbn_wibral_neuro_nonhuman/u19361-workspace/allen/rf/zebra/rawresults/ephys/sub-830794_ses-ecephys-830794-2026-01-26-12-02-05_ecephys/ProbeD/trial_0/phase_1/lib_ab4a70858e/lib_ab4a70858e__delay_0.07__dur_0.25.h5
7a471201-4420-43bf-a1a7-e1bfbddb0c22,0.01,0.05,ab4a70858e,0.09547578543424606,-31.34328358208955,2.6886792452830193,157.4840764271708,10.74,16,25,7,2.199114857512855,1,3.0,3,0.04,/mnt/ceph-ssd/workspaces/ws/cidbn_wibral_neuro_nonhuman/u19361-workspace/allen/rf/zebra/rawresults/ephys/sub-830794_ses-ecephys-830794-2026-01-26-12-02-05_ecephys/ProbeD/trial_0/phase_1/lib_ab4a70858e/lib_ab4a70858e__delay_0.01__dur_0.05.h5
7a56145b-1d98-46ba-a047-36392df9dde4,0.11,0.25,ab4a70858e,0.06986302882432938,-24.179104477611936,24.198113207547166,112.48408527317332,21.49,20,13,5,1.5707963267948966,4,6.0,11,1.2,/mnt/ceph-ssd/workspaces/ws/cidbn_wibral_neuro_nonhuman/u19361-workspace/allen/rf/zebra/rawresults/ephys/sub-830794_ses-ecephys-830794-2026-01-26-12-02-05_ecephys/ProbeD/trial_0/phase_1/lib_ab4a70858e/lib_ab4a70858e__delay_0.11__dur_0.25.h5
7ac132c1-6342-4f15-8d51-8194eed9545e,0.01,0.1,ab4a70858e,0.10223899781703949,-25.970149253731343,6.273584905660378,67.51591472682667,17.91,19,23,3,0.9424777960769379,3,5.0,7,0.08,/mnt/ceph-ssd/workspaces/ws/cidbn_wibral_neuro_nonhuman/u19361-workspace/allen/rf/zebra/rawresults/ephys/sub-830794_ses-ecephys-830794-2026-01-26-12-02-05_ecephys/ProbeD/trial_0/phase_1/lib_ab4a70858e/lib_ab4a70858e__delay_0.01__dur_0.1.h5
7af30c8d-50f1-4aee-95e4-a4a581cb154a,0.0,0.2,ab4a70858e,0.08139698952436447,-15.223880597014926,24.198113207547166,67.51591472682667,14.32,25,13,3,0.9424777960769379,2,4.0,12,1.3,/mnt/ceph-ssd/workspaces/ws/cidbn_wibral_neuro_nonhuman/u19361-workspace/allen/rf/zebra/rawresults/ephys/sub-830794_ses-ecephys-830794-2026-01-26-12-02-05_ecephys/ProbeD/trial_0/phase_1/lib_ab4a70858e/lib_ab4a70858e__delay_0.0__dur_0.2.h5
7b00bec2-62eb-487f-98e2-e0e2e6d3f4f6,0.0,0.1,ab4a70858e,0.11176693439483643,-20.59701492537313,-4.481132075471699,180.0,14.32,22,29,8,2.5132741228718345,2,4.0,7,0.08,/mnt/ceph-ssd/workspaces/ws/cidbn_wibral_neuro_nonhuman/u19361-workspace/allen/rf/zebra/rawresults/ephys/sub-830794_ses-ecephys-830794-2026-01-26-12-02-05_ecephys/ProbeD/trial_0/phase_1/lib_ab4a70858e/lib_ab4a70858e__delay_0.0__dur_0.1.h5
7b014c54-b35f-4b91-9bd5-3e04665f5dc9,0.05,0.25,ab4a70858e,0.07277975976467133,-60.0,25.990566037735846,22.515923572829195,17.91,0,12,1,0.3141592653589793,3,5.0,9,0.1,/mnt/ceph-ssd/workspaces/ws/cidbn_wibral_neuro_nonhuman/u19361-workspace/allen/rf/zebra/rawresults/ephys/sub-830794_ses-ecephys-830794-2026-01-26-12-02-05_ecephys/ProbeD/trial_0/phase_1/lib_ab4a70858e/lib_ab4a70858e__delay_0.05__dur_0.25.h5
7b6bb4ab-baed-458b-bb08-355943b595e2,0.0,0.05,ab4a70858e,0.4486493468284607,40.29850746268657,31.367924528301884,22.515923572829195,7.16,56,9,1,0.3141592653589793,0,2.0,3,0.04,/mnt/ceph-ssd/workspaces/ws/cidbn_wibral_neuro_nonhuman/u19361-workspace/allen/rf/zebra/rawresults/ephys/sub-830794_ses-ecephys-830794-2026-01-26-12-02-05_ecephys/ProbeD/trial_0/phase_1/lib_ab4a70858e/lib_ab4a70858e__delay_0.0__dur_0.05.h5
7b87904e-446e-4b19-8d25-983cc025dd05,0.01,0.25,ab4a70858e,0.09131349623203278,45.67164179104478,-27.78301886792453,45.02251307527088,14.32,59,42,2,0.6283185307179586,2,4.0,9,0.1,/mnt/ceph-ssd/workspaces/ws/cidbn_wibral_neuro_nonhuman/u19361-workspace/allen/rf/zebra/rawresults/ephys/sub-830794_ses-ecephys-830794-2026-01-26-12-02-05_ecephys/ProbeD/trial_0/phase_1/lib_ab4a70858e/lib_ab4a70858e__delay_0.01__dur_0.25.h5
7c783c34-1304-497c-8703-c689ae739c7d,0.01,0.1,ab4a70858e,0.1597478836774826,-6.268656716417908,-0.8962264150943398,112.48408527317332,17.91,30,27,5,1.5707963267948966,3,5.0,3,0.04,/mnt/ceph-ssd/workspaces/ws/cidbn_wibral_neuro_nonhuman/u19361-workspace/allen/rf/zebra/rawresults/ephys/sub-830794_ses-ecephys-830794-2026-01-26-12-02-05_ecephys/ProbeD/trial_0/phase_1/lib_ab4a70858e/lib_ab4a70858e__delay_0.01__dur_0.1.h5
7c9fafb8-413d-4377-a1b9-884004382f2e,0.12,0.25,ab4a70858e,0.07985987514257431,-49.25373134328358,6.273584905660378,67.51591472682667,21.49,6,23,3,0.9424777960769379,4,6.0,1,0.02,/mnt/ceph-ssd/workspaces/ws/cidbn_wibral_neuro_nonhuman/u19361-workspace/allen/rf/zebra/rawresults/ephys/sub-830794_ses-ecephys-830794-2026-01-26-12-02-05_ecephys/ProbeD/trial_0/phase_1/lib_ab4a70858e/lib_ab4a70858e__delay_0.12__dur_0.25.h5
7dbf2858-ffb3-445c-a63a-1cc7c83b45af,0.0,0.15000000000000002,ab4a70858e,0.07167285680770874,36.71641791044776,-34.95283018867924,45.02251307527088,14.32,54,46,2,0.6283185307179586,2,4.0,8,0.09,/mnt/ceph-ssd/workspaces/ws/cidbn_wibral_neuro_nonhuman/u19361-workspace/allen/rf/zebra/rawresults/ephys/sub-830794_ses-ecephys-830794-2026-01-26-12-02-05_ecephys/ProbeD/trial_0/phase_1/lib_ab4a70858e/lib_ab4a70858e__delay_0.0__dur_0.15000000000000002.h5
7df55197-6e63-4cb2-a74d-2600ddc9fc0a,0.1,0.25,ab4a70858e,0.07067455351352692,24.179104477611943,20.613207547169807,45.02251307527088,21.49,47,15,2,0.6283185307179586,4,6.0,9,0.1,/mnt/ceph-ssd/workspaces/ws/cidbn_wibral_neuro_nonhuman/u19361-workspace/allen/rf/zebra/rawresults/ephys/sub-830794_ses-ecephys-830794-2026-01-26-12-02-05_ecephys/ProbeD/trial_0/phase_1/lib_ab4a70858e/lib_ab4a70858e__delay_0.1__dur_0.25.h5
7ebb9b01-0f7f-45c4-a04b-dac8e0add10e,0.0,0.1,ab4a70858e,0.27533337473869324,-8.059701492537314,6.273584905660378,0.0,21.49,29,23,0,0.0,4,6.0,2,0.03,/mnt/ceph-ssd/workspaces/ws/cidbn_wibral_neuro_nonhuman/u19361-workspace/allen/rf/zebra/rawresults/ephys/sub-830794_ses-ecephys-830794-2026-01-26-12-02-05_ecephys/ProbeD/trial_0/phase_1/lib_ab4a70858e/lib_ab4a70858e__delay_0.0__dur_0.1.h5
7f54f0da-6591-492a-a49e-8907fbdd0742,0.0,0.15000000000000002,ab4a70858e,0.08355396240949631,-38.507462686567166,17.02830188679245,134.9774869247291,14.32,12,17,6,1.8849555921538759,2,4.0,4,0.05,/mnt/ceph-ssd/workspaces/ws/cidbn_wibral_neuro_nonhuman/u19361-workspace/allen/rf/zebra/rawresults/ephys/sub-830794_ses-ecephys-830794-2026-01-26-12-02-05_ecephys/ProbeD/trial_0/phase_1/lib_ab4a70858e/lib_ab4a70858e__delay_0.0__dur_0.15000000000000002.h5
7f815439-3279-4779-9ccf-403e67c581ce,0.08,0.25,ab4a70858e,0.06867459416389465,6.268656716417908,20.613207547169807,180.0,7.16,37,15,8,2.5132741228718345,0,2.0,12,1.3,/mnt/ceph-ssd/workspaces/ws/cidbn_wibral_neuro_nonhuman/u19361-workspace/allen/rf/zebra/rawresults/ephys/sub-830794_ses-ecephys-830794-2026-01-26-12-02-05_ecephys/ProbeD/trial_0/phase_1/lib_ab4a70858e/lib_ab4a70858e__delay_0.08__dur_0.25.h5
7f9ada24-464f-4e06-9f0f-262583412707,0.12,0.25,ab4a70858e,0.08934330940246582,-42.089552238805965,-15.235849056603776,157.4840764271708,10.74,10,35,7,2.199114857512855,1,3.0,12,1.3,/mnt/ceph-ssd/workspaces/ws/cidbn_wibral_neuro_nonhuman/u19361-workspace/allen/rf/zebra/rawresults/ephys/sub-830794_ses-ecephys-830794-2026-01-26-12-02-05_ecephys/ProbeD/trial_0/phase_1/lib_ab4a70858e/lib_ab4a70858e__delay_0.12__dur_0.25.h5
80551fc2-cd04-4a88-ac17-ce6d7efe4ce0,0.0,0.15000000000000002,ab4a70858e,0.07419204711914062,9.85074626865672,22.405660377358487,67.51591472682667,7.16,39,14,3,0.9424777960769379,0,2.0,10,1.1,/mnt/ceph-ssd/workspaces/ws/cidbn_wibral_neuro_nonhuman/u19361-workspace/allen/rf/zebra/rawresults/ephys/sub-830794_ses-ecephys-830794-2026-01-26-12-02-05_ecephys/ProbeD/trial_0/phase_1/lib_ab4a70858e/lib_ab4a70858e__delay_0.0__dur_0.15000000000000002.h5
807eeb4a-af03-4138-9472-dbc9f454bdaf,0.03,0.1,ab4a70858e,0.21281222999095917,-60.0,4.481132075471699,157.4840764271708,10.74,0,24,7,2.199114857512855,1,3.0,4,0.05,/mnt/ceph-ssd/workspaces/ws/cidbn_wibral_neuro_nonhuman/u19361-workspace/allen/rf/zebra/rawresults/ephys/sub-830794_ses-ecephys-830794-2026-01-26-12-02-05_ecephys/ProbeD/trial_0/phase_1/lib_ab4a70858e/lib_ab4a70858e__delay_0.03__dur_0.1.h5
816104f3-cd51-401c-b019-d7793fe3b0b3,0.11,0.25,ab4a70858e,0.08625651150941849,-17.014925373134325,-22.40566037735849,157.4840764271708,14.32,24,39,7,2.199114857512855,2,4.0,12,1.3,/mnt/ceph-ssd/workspaces/ws/cidbn_wibral_neuro_nonhuman/u19361-workspace/allen/rf/zebra/rawresults/ephys/sub-830794_ses-ecephys-830794-2026-01-26-12-02-05_ecephys/ProbeD/trial_0/phase_1/lib_ab4a70858e/lib_ab4a70858e__delay_0.11__dur_0.25.h5
81b48960-39e8-452c-9c9f-ae8ceab1e7f8,0.09,0.15000000000000002,ab4a70858e,0.09699136018753052,-15.223880597014926,-9.858490566037737,0.0,10.74,25,32,0,0.0,1,3.0,11,1.2,/mnt/ceph-ssd/workspaces/ws/cidbn_wibral_neuro_nonhuman/u19361-workspace/allen/rf/zebra/rawresults/ephys/sub-830794_ses-ecephys-830794-2026-01-26-12-02-05_ecephys/ProbeD/trial_0/phase_1/lib_ab4a70858e/lib_ab4a70858e__delay_0.09__dur_0.15000000000000002.h5
820b9325-93f9-46d9-a616-54075729b57f,0.01,0.1,ab4a70858e,0.0726652592420578,0.8955223880597032,-0.8962264150943398,67.51591472682667,14.32,34,27,3,0.9424777960769379,2,4.0,8,0.09,/mnt/ceph-ssd/workspaces/ws/cidbn_wibral_neuro_nonhuman/u19361-workspace/allen/rf/zebra/rawresults/ephys/sub-830794_ses-ecephys-830794-2026-01-26-12-02-05_ecephys/ProbeD/trial_0/phase_1/lib_ab4a70858e/lib_ab4a70858e__delay_0.01__dur_0.1.h5
822ce3cb-6cd3-41b3-9dfc-11e75bdffab5,0.05,0.15000000000000002,ab4a70858e,0.08885536342859268,-11.64179104477612,-45.70754716981132,22.515923572829195,28.65,27,52,1,0.3141592653589793,5,8.0,7,0.08,/mnt/ceph-ssd/workspaces/ws/cidbn_wibral_neuro_nonhuman/u19361-workspace/allen/rf/zebra/rawresults/ephys/sub-830794_ses-ecephys-830794-2026-01-26-12-02-05_ecephys/ProbeD/trial_0/phase_1/lib_ab4a70858e/lib_ab4a70858e__delay_0.05__dur_0.15000000000000002.h5
826bb2c0-7b8f-4c70-b720-6ef7281b5896,0.12,0.25,ab4a70858e,0.08584457635879517,-24.179104477611936,0.8962264150943398,0.0,17.91,20,26,0,0.0,3,5.0,11,1.2,/mnt/ceph-ssd/workspaces/ws/cidbn_wibral_neuro_nonhuman/u19361-workspace/allen/rf/zebra/rawresults/ephys/sub-830794_ses-ecephys-830794-2026-01-26-12-02-05_ecephys/ProbeD/trial_0/phase_1/lib_ab4a70858e/lib_ab4a70858e__delay_0.12__dur_0.25.h5
83602abf-b899-456a-afe6-b0883063c816,0.05,0.25,ab4a70858e,0.07356097549200058,-33.134328358208954,-25.99056603773585,0.0,7.16,15,41,0,0.0,0,2.0,11,1.2,/mnt/ceph-ssd/workspaces/ws/cidbn_wibral_neuro_nonhuman/u19361-workspace/allen/rf/zebra/rawresults/ephys/sub-830794_ses-ecephys-830794-2026-01-26-12-02-05_ecephys/ProbeD/trial_0/phase_1/lib_ab4a70858e/lib_ab4a70858e__delay_0.05__dur_0.25.h5
83c12a07-1826-41b5-ab1d-9bc346f4ace9,0.08,0.25,ab4a70858e,0.08631729334592819,-47.46268656716418,2.6886792452830193,90.0,14.32,7,25,4,1.2566370614359172,2,4.0,3,0.04,/mnt/ceph-ssd/workspaces/ws/cidbn_wibral_neuro_nonhuman/u19361-workspace/allen/rf/zebra/rawresults/ephys/sub-830794_ses-ecephys-830794-2026-01-26-12-02-05_ecephys/ProbeD/trial_0/phase_1/lib_ab4a70858e/lib_ab4a70858e__delay_0.08__dur_0.25.h5
848408ce-cbeb-4ea4-b1ca-8e5a6c32095f,0.0,0.15000000000000002,ab4a70858e,0.08180613070726395,-52.83582089552239,9.858490566037737,134.9774869247291,28.65,4,21,6,1.8849555921538759,5,8.0,0,0.01,/mnt/ceph-ssd/workspaces/ws/cidbn_wibral_neuro_nonhuman/u19361-workspace/allen/rf/zebra/rawresults/ephys/sub-830794_ses-ecephys-830794-2026-01-26-12-02-05_ecephys/ProbeD/trial_0/phase_1/lib_ab4a70858e/lib_ab4a70858e__delay_0.0__dur_0.15000000000000002.h5
8484719a-879d-4512-9052-673026b66f2b,0.1,0.25,ab4a70858e,0.08118094503879547,31.343283582089555,-8.066037735849058,157.4840764271708,21.49,51,31,7,2.199114857512855,4,6.0,8,0.09,/mnt/ceph-ssd/workspaces/ws/cidbn_wibral_neuro_nonhuman/u19361-workspace/allen/rf/zebra/rawresults/ephys/sub-830794_ses-ecephys-830794-2026-01-26-12-02-05_ecephys/ProbeD/trial_0/phase_1/lib_ab4a70858e/lib_ab4a70858e__delay_0.1__dur_0.25.h5
84b70ef3-c1d5-41b1-a9df-336c1939c6b9,0.01,0.2,ab4a70858e,0.06631496548652649,40.29850746268657,-45.70754716981132,112.48408527317332,14.32,56,52,5,1.5707963267948966,2,4.0,6,0.07,/mnt/ceph-ssd/workspaces/ws/cidbn_wibral_neuro_nonhuman/u19361-workspace/allen/rf/zebra/rawresults/ephys/sub-830794_ses-ecephys-830794-2026-01-26-12-02-05_ecephys/ProbeD/trial_0/phase_1/lib_ab4a70858e/lib_ab4a70858e__delay_0.01__dur_0.2.h5
84b8e099-291a-45df-be32-1d0ab4ff4f7b,0.07,0.15000000000000002,ab4a70858e,0.09746889024972916,-13.43283582089552,-13.443396226415096,0.0,7.16,26,34,0,0.0,0,2.0,11,1.2,/mnt/ceph-ssd/workspaces/ws/cidbn_wibral_neuro_nonhuman/u19361-workspace/allen/rf/zebra/rawresults/ephys/sub-830794_ses-ecephys-830794-2026-01-26-12-02-05_ecephys/ProbeD/trial_0/phase_1/lib_ab4a70858e/lib_ab4a70858e__delay_0.07__dur_0.15000000000000002.h5
84c87dd2-4831-47c5-8008-f47c5f52da1b,0.11,0.25,ab4a70858e,0.07051171362400055,-31.34328358208955,0.8962264150943398,157.4840764271708,21.49,16,26,7,2.199114857512855,4,6.0,9,0.1,/mnt/ceph-ssd/workspaces/ws/cidbn_wibral_neuro_nonhuman/u19361-workspace/allen/rf/zebra/rawresults/ephys/sub-830794_ses-ecephys-830794-2026-01-26-12-02-05_ecephys/ProbeD/trial_0/phase_1/lib_ab4a70858e/lib_ab4a70858e__delay_0.11__dur_0.25.h5
84caab4c-9151-4650-8681-7ea114bb6843,0.08,0.15000000000000002,ab4a70858e,0.08292693644762039,17.014925373134332,0.8962264150943398,67.51591472682667,17.91,43,26,3,0.9424777960769379,3,5.0,12,1.3,/mnt/ceph-ssd/workspaces/ws/cidbn_wibral_neuro_nonhuman/u19361-workspace/allen/rf/zebra/rawresults/ephys/sub-830794_ses-ecephys-830794-2026-01-26-12-02-05_ecephys/ProbeD/trial_0/phase_1/lib_ab4a70858e/lib_ab4a70858e__delay_0.08__dur_0.15000000000000002.h5
8692d57c-a924-4e02-a14a-d844e15e6014,0.12,0.1,ab4a70858e,0.07136984169483185,-54.62686567164179,43.91509433962264,45.02251307527088,28.65,3,2,2,0.6283185307179586,5,8.0,9,0.1,/mnt/ceph-ssd/workspaces/ws/cidbn_wibral_neuro_nonhuman/u19361-workspace/allen/rf/zebra/rawresults/ephys/sub-830794_ses-ecephys-830794-2026-01-26-12-02-05_ecephys/ProbeD/trial_0/phase_1/lib_ab4a70858e/lib_ab4a70858e__delay_0.12__dur_0.1.h5
869dca03-2b8e-4f31-b678-9caba1e47368,0.0,0.1,ab4a70858e,0.45818015933036804,-6.268656716417908,-8.066037735849058,180.0,10.74,30,31,8,2.5132741228718345,1,3.0,2,0.03,/mnt/ceph-ssd/workspaces/ws/cidbn_wibral_neuro_nonhuman/u19361-workspace/allen/rf/zebra/rawresults/ephys/sub-830794_ses-ecephys-830794-2026-01-26-12-02-05_ecephys/ProbeD/trial_0/phase_1/lib_ab4a70858e/lib_ab4a70858e__delay_0.0__dur_0.1.h5
86e1e6b6-62a1-4115-81d6-971f283e30af,0.02,0.1,ab4a70858e,0.0867384746670723,2.6865671641791096,-11.650943396226417,22.515923572829163,7.16,35,33,9,2.827433388230814,0,2.0,2,0.03,/mnt/ceph-ssd/workspaces/ws/cidbn_wibral_neuro_nonhuman/u19361-workspace/allen/rf/zebra/rawresults/ephys/sub-830794_ses-ecephys-830794-2026-01-26-12-02-05_ecephys/ProbeD/trial_0/phase_1/lib_ab4a70858e/lib_ab4a70858e__delay_0.02__dur_0.1.h5
8776510e-01bc-471e-98f8-8e781599607f,0.09,0.25,ab4a70858e,0.08293190598487854,20.59701492537313,42.12264150943396,67.51591472682667,28.65,45,3,3,0.9424777960769379,5,8.0,9,0.1,/mnt/ceph-ssd/workspaces/ws/cidbn_wibral_neuro_nonhuman/u19361-workspace/allen/rf/zebra/rawresults/ephys/sub-830794_ses-ecephys-830794-2026-01-26-12-02-05_ecephys/ProbeD/trial_0/phase_1/lib_ab4a70858e/lib_ab4a70858e__delay_0.09__dur_0.25.h5
87a9bd05-9e88-4ba1-abfe-45ccfc89b23b,0.01,0.1,ab4a70858e,0.07881215214729309,-49.25373134328358,-15.235849056603776,22.515923572829195,21.49,6,35,1,0.3141592653589793,4,6.0,0,0.01,/mnt/ceph-ssd/workspaces/ws/cidbn_wibral_neuro_nonhuman/u19361-workspace/allen/rf/zebra/rawresults/ephys/sub-830794_ses-ecephys-830794-2026-01-26-12-02-05_ecephys/ProbeD/trial_0/phase_1/lib_ab4a70858e/lib_ab4a70858e__delay_0.01__dur_0.1.h5
87da6941-fa5d-4be9-ba29-ea89bd2bcc4b,0.01,0.25,ab4a70858e,0.09424671530723572,-40.298507462686565,0.8962264150943398,90.0,10.74,11,26,4,1.2566370614359172,1,3.0,11,1.2,/mnt/ceph-ssd/workspaces/ws/cidbn_wibral_neuro_nonhuman/u19361-workspace/allen/rf/zebra/rawresults/ephys/sub-830794_ses-ecephys-830794-2026-01-26-12-02-05_ecephys/ProbeD/trial_0/phase_1/lib_ab4a70858e/lib_ab4a70858e__delay_0.01__dur_0.25.h5
88fd4215-8489-47a3-a3cb-52867293b2ac,0.02,0.1,ab4a70858e,0.15573987364768982,-8.059701492537314,-8.066037735849058,0.0,21.49,29,31,0,0.0,4,6.0,1,0.02,/mnt/ceph-ssd/workspaces/ws/cidbn_wibral_neuro_nonhuman/u19361-workspace/allen/rf/zebra/rawresults/ephys/sub-830794_ses-ecephys-830794-2026-01-26-12-02-05_ecephys/ProbeD/trial_0/phase_1/lib_ab4a70858e/lib_ab4a70858e__delay_0.02__dur_0.1.h5
89278107-8aba-457f-a4b2-4dfbd4bfbadf,0.09,0.25,ab4a70858e,0.11533962935209274,-33.134328358208954,34.95283018867924,45.02251307527088,14.32,15,7,2,0.6283185307179586,2,4.0,12,1.3,/mnt/ceph-ssd/workspaces/ws/cidbn_wibral_neuro_nonhuman/u19361-workspace/allen/rf/zebra/rawresults/ephys/sub-830794_ses-ecephys-830794-2026-01-26-12-02-05_ecephys/ProbeD/trial_0/phase_1/lib_ab4a70858e/lib_ab4a70858e__delay_0.09__dur_0.25.h5
893f68f3-938d-442e-b4e2-f24bb16f2004,0.11,0.2,ab4a70858e,0.07979711890220642,-36.71641791044776,9.858490566037737,157.4840764271708,28.65,13,21,7,2.199114857512855,5,8.0,5,0.06,/mnt/ceph-ssd/workspaces/ws/cidbn_wibral_neuro_nonhuman/u19361-workspace/allen/rf/zebra/rawresults/ephys/sub-830794_ses-ecephys-830794-2026-01-26-12-02-05_ecephys/ProbeD/trial_0/phase_1/lib_ab4a70858e/lib_ab4a70858e__delay_0.11__dur_0.2.h5
8a6b5033-ee41-45d3-8bba-a460f6f07ec4,0.04,0.15000000000000002,ab4a70858e,0.09299667924642563,-31.34328358208955,-20.61320754716981,22.515923572829163,10.74,16,38,9,2.827433388230814,1,3.0,4,0.05,/mnt/ceph-ssd/workspaces/ws/cidbn_wibral_neuro_nonhuman/u19361-workspace/allen/rf/zebra/rawresults/ephys/sub-830794_ses-ecephys-830794-2026-01-26-12-02-05_ecephys/ProbeD/trial_0/phase_1/lib_ab4a70858e/lib_ab4a70858e__delay_0.04__dur_0.15000000000000002.h5
8a8b1490-802b-42cc-9837-36c53f049455,0.0,0.15000000000000002,ab4a70858e,0.08575933426618576,6.268656716417908,-20.61320754716981,22.515923572829195,21.49,37,38,1,0.3141592653589793,4,6.0,7,0.08,/mnt/ceph-ssd/workspaces/ws/cidbn_wibral_neuro_nonhuman/u19361-workspace/allen/rf/zebra/rawresults/ephys/sub-830794_ses-ecephys-830794-2026-01-26-12-02-05_ecephys/ProbeD/trial_0/phase_1/lib_ab4a70858e/lib_ab4a70858e__delay_0.0__dur_0.15000000000000002.h5
8aab8106-16b1-47f6-97ea-474f85149e63,0.01,0.1,ab4a70858e,0.09902813285589218,-13.43283582089552,-4.481132075471699,22.515923572829163,28.65,26,29,9,2.827433388230814,5,8.0,1,0.02,/mnt/ceph-ssd/workspaces/ws/cidbn_wibral_neuro_nonhuman/u19361-workspace/allen/rf/zebra/rawresults/ephys/sub-830794_ses-ecephys-830794-2026-01-26-12-02-05_ecephys/ProbeD/trial_0/phase_1/lib_ab4a70858e/lib_ab4a70858e__delay_0.01__dur_0.1.h5
8bf1de30-e177-476a-b392-5d7d0246f5f8,0.01,0.05,ab4a70858e,0.0,-60.0,47.5,0.0,7.16,0,0,0,0.0,0,2.0,0,0.01,/mnt/ceph-ssd/workspaces/ws/cidbn_wibral_neuro_nonhuman/u19361-workspace/allen/rf/zebra/rawresults/ephys/sub-830794_ses-ecephys-830794-2026-01-26-12-02-05_ecephys/ProbeD/trial_0/phase_1/lib_ab4a70858e/lib_ab4a70858e__delay_0.01__dur_0.05.h5
8c77e93c-8b86-4e8d-9bb7-301e39bf09fb,0.0,0.1,ab4a70858e,0.14323163032531738,-22.388059701492537,0.8962264150943398,45.02251307527088,28.65,21,26,2,0.6283185307179586,5,8.0,3,0.04,/mnt/ceph-ssd/workspaces/ws/cidbn_wibral_neuro_nonhuman/u19361-workspace/allen/rf/zebra/rawresults/ephys/sub-830794_ses-ecephys-830794-2026-01-26-12-02-05_ecephys/ProbeD/trial_0/phase_1/lib_ab4a70858e/lib_ab4a70858e__delay_0.0__dur_0.1.h5
8c96b6c4-b59d-4177-b4f2-e3c2dbbebc07,0.03,0.1,ab4a70858e,0.08832920342683792,-33.134328358208954,0.8962264150943398,180.0,17.91,15,26,8,2.5132741228718345,3,5.0,7,0.08,/mnt/ceph-ssd/workspaces/ws/cidbn_wibral_neuro_nonhuman/u19361-workspace/allen/rf/zebra/rawresults/ephys/sub-830794_ses-ecephys-830794-2026-01-26-12-02-05_ecephys/ProbeD/trial_0/phase_1/lib_ab4a70858e/lib_ab4a70858e__delay_0.03__dur_0.1.h5
8ca507d1-e3f1-4150-ac9e-c20d43fb3161,0.05,0.25,ab4a70858e,0.0794481635093689,-15.223880597014926,-17.028301886792452,112.48408527317332,7.16,25,36,5,1.5707963267948966,0,2.0,9,0.1,/mnt/ceph-ssd/workspaces/ws/cidbn_wibral_neuro_nonhuman/u19361-workspace/allen/rf/zebra/rawresults/ephys/sub-830794_ses-ecephys-830794-2026-01-26-12-02-05_ecephys/ProbeD/trial_0/phase_1/lib_ab4a70858e/lib_ab4a70858e__delay_0.05__dur_0.25.h5
8caf2914-fba0-4acc-b271-fb5514eb976f,0.01,0.05,ab4a70858e,0.0,-60.0,47.5,0.0,7.16,0,0,0,0.0,0,2.0,0,0.01,/mnt/ceph-ssd/workspaces/ws/cidbn_wibral_neuro_nonhuman/u19361-workspace/allen/rf/zebra/rawresults/ephys/sub-830794_ses-ecephys-830794-2026-01-26-12-02-05_ecephys/ProbeD/trial_0/phase_1/lib_ab4a70858e/lib_ab4a70858e__delay_0.01__dur_0.05.h5
8cbebcac-d30e-4b28-bb8c-b0d1e550f56d,0.0,0.15000000000000002,ab4a70858e,0.17910772562026978,-27.761194029850742,-4.481132075471699,22.515923572829163,10.74,18,29,9,2.827433388230814,1,3.0,1,0.02,/mnt/ceph-ssd/workspaces/ws/cidbn_wibral_neuro_nonhuman/u19361-workspace/allen/rf/zebra/rawresults/ephys/sub-830794_ses-ecephys-830794-2026-01-26-12-02-05_ecephys/ProbeD/trial_0/phase_1/lib_ab4a70858e/lib_ab4a70858e__delay_0.0__dur_0.15000000000000002.h5
8ce097cd-a21f-465c-af76-f879e61aebed,0.11,0.15000000000000002,ab4a70858e,0.07223280519247055,49.25373134328359,0.8962264150943398,180.0,21.49,61,26,8,2.5132741228718345,4,6.0,9,0.1,/mnt/ceph-ssd/workspaces/ws/cidbn_wibral_neuro_nonhuman/u19361-workspace/allen/rf/zebra/rawresults/ephys/sub-830794_ses-ecephys-830794-2026-01-26-12-02-05_ecephys/ProbeD/trial_0/phase_1/lib_ab4a70858e/lib_ab4a70858e__delay_0.11__dur_0.15000000000000002.h5
8e256316-cd33-4b39-a76c-ae391b51a033,0.04,0.15000000000000002,ab4a70858e,0.0759236216545105,31.343283582089555,47.5,90.0,28.65,51,0,4,1.2566370614359172,5,8.0,7,0.08,/mnt/ceph-ssd/workspaces/ws/cidbn_wibral_neuro_nonhuman/u19361-workspace/allen/rf/zebra/rawresults/ephys/sub-830794_ses-ecephys-830794-2026-01-26-12-02-05_ecephys/ProbeD/trial_0/phase_1/lib_ab4a70858e/lib_ab4a70858e__delay_0.04__dur_0.15000000000000002.h5
8e3997df-259d-4fa1-97eb-0d2407ff7414,0.12,0.25,ab4a70858e,0.08243156969547272,-36.71641791044776,-13.443396226415096,157.4840764271708,10.74,13,34,7,2.199114857512855,1,3.0,12,1.3,/mnt/ceph-ssd/workspaces/ws/cidbn_wibral_neuro_nonhuman/u19361-workspace/allen/rf/zebra/rawresults/ephys/sub-830794_ses-ecephys-830794-2026-01-26-12-02-05_ecephys/ProbeD/trial_0/phase_1/lib_ab4a70858e/lib_ab4a70858e__delay_0.12__dur_0.25.h5
8e8f20f5-11dc-4d9e-b7d9-155293c17606,0.03,0.2,ab4a70858e,0.11665146797895432,-4.477611940298509,-6.273584905660378,180.0,10.74,31,30,8,2.5132741228718345,1,3.0,12,1.3,/mnt/ceph-ssd/workspaces/ws/cidbn_wibral_neuro_nonhuman/u19361-workspace/allen/rf/zebra/rawresults/ephys/sub-830794_ses-ecephys-830794-2026-01-26-12-02-05_ecephys/ProbeD/trial_0/phase_1/lib_ab4a70858e/lib_ab4a70858e__delay_0.03__dur_0.2.h5
8ebcbb26-4d9f-4513-8ed4-1ceb13133383,0.12,0.25,ab4a70858e,0.0722939744591713,-54.62686567164179,-0.8962264150943398,157.4840764271708,28.65,3,27,7,2.199114857512855,5,8.0,9,0.1,/mnt/ceph-ssd/workspaces/ws/cidbn_wibral_neuro_nonhuman/u19361-workspace/allen/rf/zebra/rawresults/ephys/sub-830794_ses-ecephys-830794-2026-01-26-12-02-05_ecephys/ProbeD/trial_0/phase_1/lib_ab4a70858e/lib_ab4a70858e__delay_0.12__dur_0.25.h5
8ece326e-6206-4d69-b5ca-dc2cc6655af0,0.09,0.2,ab4a70858e,0.15179972350597382,-6.268656716417908,-9.858490566037737,134.9774869247291,21.49,30,32,6,1.8849555921538759,4,6.0,1,0.02,/mnt/ceph-ssd/workspaces/ws/cidbn_wibral_neuro_nonhuman/u19361-workspace/allen/rf/zebra/rawresults/ephys/sub-830794_ses-ecephys-830794-2026-01-26-12-02-05_ecephys/ProbeD/trial_0/phase_1/lib_ab4a70858e/lib_ab4a70858e__delay_0.09__dur_0.2.h5
8f3bffd4-b9ef-4aa6-9b48-2b7823977904,0.01,0.1,ab4a70858e,0.23876141011714935,-38.507462686567166,4.481132075471699,157.4840764271708,14.32,12,24,7,2.199114857512855,2,4.0,1,0.02,/mnt/ceph-ssd/workspaces/ws/cidbn_wibral_neuro_nonhuman/u19361-workspace/allen/rf/zebra/rawresults/ephys/sub-830794_ses-ecephys-830794-2026-01-26-12-02-05_ecephys/ProbeD/trial_0/phase_1/lib_ab4a70858e/lib_ab4a70858e__delay_0.01__dur_0.1.h5
8fae5d4a-6c73-4135-8c3c-fa3a88b785f6,0.02,0.2,ab4a70858e,0.2123277187347412,-33.134328358208954,15.235849056603776,22.515923572829195,10.74,15,18,1,0.3141592653589793,1,3.0,4,0.05,/mnt/ceph-ssd/workspaces/ws/cidbn_wibral_neuro_nonhuman/u19361-workspace/allen/rf/zebra/rawresults/ephys/sub-830794_ses-ecephys-830794-2026-01-26-12-02-05_ecephys/ProbeD/trial_0/phase_1/lib_ab4a70858e/lib_ab4a70858e__delay_0.02__dur_0.2.h5
8fb82d9f-7a23-4260-9882-073936ca46eb,0.1,0.25,ab4a70858e,0.07707852125167847,-2.6865671641791025,17.02830188679245,0.0,17.91,32,17,0,0.0,3,5.0,11,1.2,/mnt/ceph-ssd/workspaces/ws/cidbn_wibral_neuro_nonhuman/u19361-workspace/allen/rf/zebra/rawresults/ephys/sub-830794_ses-ecephys-830794-2026-01-26-12-02-05_ecephys/ProbeD/trial_0/phase_1/lib_ab4a70858e/lib_ab4a70858e__delay_0.1__dur_0.25.h5
90b48555-7cdb-454f-acb3-931a9fe4520b,0.0,0.1,ab4a70858e,0.0965132787823677,-24.179104477611936,-4.481132075471699,90.0,21.49,20,29,4,1.2566370614359172,4,6.0,0,0.01,/mnt/ceph-ssd/workspaces/ws/cidbn_wibral_neuro_nonhuman/u19361-workspace/allen/rf/zebra/rawresults/ephys/sub-830794_ses-ecephys-830794-2026-01-26-12-02-05_ecephys/ProbeD/trial_0/phase_1/lib_ab4a70858e/lib_ab4a70858e__delay_0.0__dur_0.1.h5
90d181d5-ba47-4587-b865-1f5c8c17ea7a,0.0,0.15000000000000002,ab4a70858e,0.07504203170537949,49.25373134328359,42.12264150943396,134.9774869247291,7.16,61,3,6,1.8849555921538759,0,2.0,5,0.06,/mnt/ceph-ssd/workspaces/ws/cidbn_wibral_neuro_nonhuman/u19361-workspace/allen/rf/zebra/rawresults/ephys/sub-830794_ses-ecephys-830794-2026-01-26-12-02-05_ecephys/ProbeD/trial_0/phase_1/lib_ab4a70858e/lib_ab4a70858e__delay_0.0__dur_0.15000000000000002.h5
90de7b94-cf27-4e32-aa17-22481ed07f44,0.0,0.2,ab4a70858e,0.09975668042898178,-36.71641791044776,4.481132075471699,67.51591472682667,14.32,13,24,3,0.9424777960769379,2,4.0,9,0.1,/mnt/ceph-ssd/workspaces/ws/cidbn_wibral_neuro_nonhuman/u19361-workspace/allen/rf/zebra/rawresults/ephys/sub-830794_ses-ecephys-830794-2026-01-26-12-02-05_ecephys/ProbeD/trial_0/phase_1/lib_ab4a70858e/lib_ab4a70858e__delay_0.0__dur_0.2.h5
90f5187d-a47c-4986-ae1a-afe1688aa2e3,0.12,0.1,ab4a70858e,0.0827164426445961,18.80597014925374,-13.443396226415096,0.0,7.16,44,34,0,0.0,0,2.0,12,1.3,/mnt/ceph-ssd/workspaces/ws/cidbn_wibral_neuro_nonhuman/u19361-workspace/allen/rf/zebra/rawresults/ephys/sub-830794_ses-ecephys-830794-2026-01-26-12-02-05_ecephys/ProbeD/trial_0/phase_1/lib_ab4a70858e/lib_ab4a70858e__delay_0.12__dur_0.1.h5
91dd7b66-8e05-42ad-8468-ae134f5ddcde,0.06,0.1,ab4a70858e,0.06996876001358032,-2.6865671641791025,27.783018867924525,22.515923572829195,14.32,32,11,1,0.3141592653589793,2,4.0,5,0.06,/mnt/ceph-ssd/workspaces/ws/cidbn_wibral_neuro_nonhuman/u19361-workspace/allen/rf/zebra/rawresults/ephys/sub-830794_ses-ecephys-830794-2026-01-26-12-02-05_ecephys/ProbeD/trial_0/phase_1/lib_ab4a70858e/lib_ab4a70858e__delay_0.06__dur_0.1.h5
91fb1fa1-9fd7-4126-bda4-81a4960244ef,0.11,0.2,ab4a70858e,0.07994026690721512,9.85074626865672,-38.5377358490566,180.0,28.65,39,48,8,2.5132741228718345,5,8.0,8,0.09,/mnt/ceph-ssd/workspaces/ws/cidbn_wibral_neuro_nonhuman/u19361-workspace/allen/rf/zebra/rawresults/ephys/sub-830794_ses-ecephys-830794-2026-01-26-12-02-05_ecephys/ProbeD/trial_0/phase_1/lib_ab4a70858e/lib_ab4a70858e__delay_0.11__dur_0.2.h5
9209a62b-e2fe-4b4a-8311-ca0b5b946f8a,0.0,0.2,ab4a70858e,0.07773464173078537,-24.179104477611936,2.6886792452830193,67.51591472682667,21.49,20,25,3,0.9424777960769379,4,6.0,12,1.3,/mnt/ceph-ssd/workspaces/ws/cidbn_wibral_neuro_nonhuman/u19361-workspace/allen/rf/zebra/rawresults/ephys/sub-830794_ses-ecephys-830794-2026-01-26-12-02-05_ecephys/ProbeD/trial_0/phase_1/lib_ab4a70858e/lib_ab4a70858e__delay_0.0__dur_0.2.h5
929105c6-5c05-47ba-8f68-baa1be60b437,0.04,0.2,ab4a70858e,0.07179829478263855,-13.43283582089552,-11.650943396226417,134.9774869247291,10.74,26,33,6,1.8849555921538759,1,3.0,3,0.04,/mnt/ceph-ssd/workspaces/ws/cidbn_wibral_neuro_nonhuman/u19361-workspace/allen/rf/zebra/rawresults/ephys/sub-830794_ses-ecephys-830794-2026-01-26-12-02-05_ecephys/ProbeD/trial_0/phase_1/lib_ab4a70858e/lib_ab4a70858e__delay_0.04__dur_0.2.h5
9338dccb-8f5a-4778-acaf-25c3ba28ac1d,0.08,0.15000000000000002,ab4a70858e,0.07174025475978851,-52.83582089552239,-4.481132075471699,0.0,17.91,4,29,0,0.0,3,5.0,2,0.03,/mnt/ceph-ssd/workspaces/ws/cidbn_wibral_neuro_nonhuman/u19361-workspace/allen/rf/zebra/rawresults/ephys/sub-830794_ses-ecephys-830794-2026-01-26-12-02-05_ecephys/ProbeD/trial_0/phase_1/lib_ab4a70858e/lib_ab4a70858e__delay_0.08__dur_0.15000000000000002.h5
937792de-d0b7-40da-a7e5-b489fb708d09,0.02,0.1,ab4a70858e,0.0803634524345398,11.641791044776127,0.8962264150943398,67.51591472682667,17.91,40,26,3,0.9424777960769379,3,5.0,12,1.3,/mnt/ceph-ssd/workspaces/ws/cidbn_wibral_neuro_nonhuman/u19361-workspace/allen/rf/zebra/rawresults/ephys/sub-830794_ses-ecephys-830794-2026-01-26-12-02-05_ecephys/ProbeD/trial_0/phase_1/lib_ab4a70858e/lib_ab4a70858e__delay_0.02__dur_0.1.h5
937e9b2d-b13e-4562-a51e-ecc679f886dc,0.0,0.1,ab4a70858e,0.08265676349401474,-20.59701492537313,-4.481132075471699,180.0,17.91,22,29,8,2.5132741228718345,3,5.0,2,0.03,/mnt/ceph-ssd/workspaces/ws/cidbn_wibral_neuro_nonhuman/u19361-workspace/allen/rf/zebra/rawresults/ephys/sub-830794_ses-ecephys-830794-2026-01-26-12-02-05_ecephys/ProbeD/trial_0/phase_1/lib_ab4a70858e/lib_ab4a70858e__delay_0.0__dur_0.1.h5
9552ec5a-20e0-4200-bfb1-8e8abd7d1272,0.11,0.25,ab4a70858e,0.0831492692232132,-45.67164179104478,-33.160377358490564,180.0,28.65,8,45,8,2.5132741228718345,5,8.0,7,0.08,/mnt/ceph-ssd/workspaces/ws/cidbn_wibral_neuro_nonhuman/u19361-workspace/allen/rf/zebra/rawresults/ephys/sub-830794_ses-ecephys-830794-2026-01-26-12-02-05_ecephys/ProbeD/trial_0/phase_1/lib_ab4a70858e/lib_ab4a70858e__delay_0.11__dur_0.25.h5
958c81c6-1ee2-48b5-9717-4211fe0bae30,0.11,0.15000000000000002,ab4a70858e,0.07634621113538742,-54.62686567164179,20.613207547169807,112.48408527317332,28.65,3,15,5,1.5707963267948966,5,8.0,1,0.02,/mnt/ceph-ssd/workspaces/ws/cidbn_wibral_neuro_nonhuman/u19361-workspace/allen/rf/zebra/rawresults/ephys/sub-830794_ses-ecephys-830794-2026-01-26-12-02-05_ecephys/ProbeD/trial_0/phase_1/lib_ab4a70858e/lib_ab4a70858e__delay_0.11__dur_0.15000000000000002.h5
963524a5-07de-41d1-8508-0cddd0d1ddb2,0.0,0.25,ab4a70858e,0.10267924517393112,8.059701492537314,-22.40566037735849,22.515923572829195,28.65,38,39,1,0.3141592653589793,5,8.0,6,0.07,/mnt/ceph-ssd/workspaces/ws/cidbn_wibral_neuro_nonhuman/u19361-workspace/allen/rf/zebra/rawresults/ephys/sub-830794_ses-ecephys-830794-2026-01-26-12-02-05_ecephys/ProbeD/trial_0/phase_1/lib_ab4a70858e/lib_ab4a70858e__delay_0.0__dur_0.25.h5
9649cdee-dc81-4878-99c5-057c4e29c521,0.01,0.1,ab4a70858e,0.08036143332719803,0.8955223880597032,9.858490566037737,90.0,28.65,34,21,4,1.2566370614359172,5,8.0,5,0.06,/mnt/ceph-ssd/workspaces/ws/cidbn_wibral_neuro_nonhuman/u19361-workspace/allen/rf/zebra/rawresults/ephys/sub-830794_ses-ecephys-830794-2026-01-26-12-02-05_ecephys/ProbeD/trial_0/phase_1/lib_ab4a70858e/lib_ab4a70858e__delay_0.01__dur_0.1.h5
965b5578-cf89-49eb-a049-78ede054a73a,0.12,0.2,ab4a70858e,0.07651755213737488,-25.970149253731343,33.160377358490564,180.0,10.74,19,8,8,2.5132741228718345,1,3.0,9,0.1,/mnt/ceph-ssd/workspaces/ws/cidbn_wibral_neuro_nonhuman/u19361-workspace/allen/rf/zebra/rawresults/ephys/sub-830794_ses-ecephys-830794-2026-01-26-12-02-05_ecephys/ProbeD/trial_0/phase_1/lib_ab4a70858e/lib_ab4a70858e__delay_0.12__dur_0.2.h5
96ff0479-0875-4110-aee9-8fcc38ae0c26,0.11,0.05,ab4a70858e,0.08191985636949539,-15.223880597014926,-11.650943396226417,67.51591472682667,10.74,25,33,3,0.9424777960769379,1,3.0,12,1.3,/mnt/ceph-ssd/workspaces/ws/cidbn_wibral_neuro_nonhuman/u19361-workspace/allen/rf/zebra/rawresults/ephys/sub-830794_ses-ecephys-830794-2026-01-26-12-02-05_ecephys/ProbeD/trial_0/phase_1/lib_ab4a70858e/lib_ab4a70858e__delay_0.11__dur_0.05.h5
986a4363-e6b1-42e0-8c6f-e52a4105cb50,0.0,0.1,ab4a70858e,0.08807597309350967,-34.92537313432835,2.6886792452830193,112.48408527317332,21.49,14,25,5,1.5707963267948966,4,6.0,4,0.05,/mnt/ceph-ssd/workspaces/ws/cidbn_wibral_neuro_nonhuman/u19361-workspace/allen/rf/zebra/rawresults/ephys/sub-830794_ses-ecephys-830794-2026-01-26-12-02-05_ecephys/ProbeD/trial_0/phase_1/lib_ab4a70858e/lib_ab4a70858e__delay_0.0__dur_0.1.h5
986be091-e260-44bc-a517-9db494e7c625,0.02,0.15000000000000002,ab4a70858e,0.08105005323886871,42.08955223880598,-42.12264150943396,45.02251307527088,28.65,57,50,2,0.6283185307179586,5,8.0,9,0.1,/mnt/ceph-ssd/workspaces/ws/cidbn_wibral_neuro_nonhuman/u19361-workspace/allen/rf/zebra/rawresults/ephys/sub-830794_ses-ecephys-830794-2026-01-26-12-02-05_ecephys/ProbeD/trial_0/phase_1/lib_ab4a70858e/lib_ab4a70858e__delay_0.02__dur_0.15000000000000002.h5
98a1a88b-9f34-4fa9-b570-efaf77cbaa91,0.07,0.1,ab4a70858e,0.07046359032392502,-43.88059701492537,6.273584905660378,134.9774869247291,28.65,9,23,6,1.8849555921538759,5,8.0,9,0.1,/mnt/ceph-ssd/workspaces/ws/cidbn_wibral_neuro_nonhuman/u19361-workspace/allen/rf/zebra/rawresults/ephys/sub-830794_ses-ecephys-830794-2026-01-26-12-02-05_ecephys/ProbeD/trial_0/phase_1/lib_ab4a70858e/lib_ab4a70858e__delay_0.07__dur_0.1.h5
98b1dd56-147a-4d3d-ab8b-7892c4525c9c,0.02,0.2,ab4a70858e,0.0793694481253624,-13.43283582089552,-45.70754716981132,90.0,28.65,26,52,4,1.2566370614359172,5,8.0,3,0.04,/mnt/ceph-ssd/workspaces/ws/cidbn_wibral_neuro_nonhuman/u19361-workspace/allen/rf/zebra/rawresults/ephys/sub-830794_ses-ecephys-830794-2026-01-26-12-02-05_ecephys/ProbeD/trial_0/phase_1/lib_ab4a70858e/lib_ab4a70858e__delay_0.02__dur_0.2.h5
98d1c509-8066-4fa8-9238-400e820045b4,0.06,0.25,ab4a70858e,0.1051219254732132,-9.850746268656714,-9.858490566037737,0.0,17.91,28,32,0,0.0,3,5.0,11,1.2,/mnt/ceph-ssd/workspaces/ws/cidbn_wibral_neuro_nonhuman/u19361-workspace/allen/rf/zebra/rawresults/ephys/sub-830794_ses-ecephys-830794-2026-01-26-12-02-05_ecephys/ProbeD/trial_0/phase_1/lib_ab4a70858e/lib_ab4a70858e__delay_0.06__dur_0.25.h5
99555d56-40ca-4ec2-980d-d3e71b578fb7,0.04,0.25,ab4a70858e,0.10019662231206894,0.8955223880597032,-4.481132075471699,67.51591472682667,10.74,34,29,3,0.9424777960769379,1,3.0,12,1.3,/mnt/ceph-ssd/workspaces/ws/cidbn_wibral_neuro_nonhuman/u19361-workspace/allen/rf/zebra/rawresults/ephys/sub-830794_ses-ecephys-830794-2026-01-26-12-02-05_ecephys/ProbeD/trial_0/phase_1/lib_ab4a70858e/lib_ab4a70858e__delay_0.04__dur_0.25.h5
99ae8972-6a23-4bda-8a3e-7f446240c823,0.01,0.05,ab4a70858e,0.0,-60.0,47.5,0.0,7.16,0,0,0,0.0,0,2.0,0,0.01,/mnt/ceph-ssd/workspaces/ws/cidbn_wibral_neuro_nonhuman/u19361-workspace/allen/rf/zebra/rawresults/ephys/sub-830794_ses-ecephys-830794-2026-01-26-12-02-05_ecephys/ProbeD/trial_0/phase_1/lib_ab4a70858e/lib_ab4a70858e__delay_0.01__dur_0.05.h5
99b9605e-58a4-47de-b24f-7caaecdaaa6b,0.01,0.15000000000000002,ab4a70858e,0.14962166547775269,-17.014925373134325,4.481132075471699,90.0,21.49,24,24,4,1.2566370614359172,4,6.0,1,0.02,/mnt/ceph-ssd/workspaces/ws/cidbn_wibral_neuro_nonhuman/u19361-workspace/allen/rf/zebra/rawresults/ephys/sub-830794_ses-ecephys-830794-2026-01-26-12-02-05_ecephys/ProbeD/trial_0/phase_1/lib_ab4a70858e/lib_ab4a70858e__delay_0.01__dur_0.15000000000000002.h5
9a5f3831-47dc-4b35-acdb-689924045446,0.0,0.15000000000000002,ab4a70858e,0.07769984006881714,6.268656716417908,6.273584905660378,67.51591472682667,14.32,37,23,3,0.9424777960769379,2,4.0,9,0.1,/mnt/ceph-ssd/workspaces/ws/cidbn_wibral_neuro_nonhuman/u19361-workspace/allen/rf/zebra/rawresults/ephys/sub-830794_ses-ecephys-830794-2026-01-26-12-02-05_ecephys/ProbeD/trial_0/phase_1/lib_ab4a70858e/lib_ab4a70858e__delay_0.0__dur_0.15000000000000002.h5
9a9a8e05-c7c2-4e90-a025-796dc1ee1fe7,0.12,0.15000000000000002,ab4a70858e,0.08639977872371674,-25.970149253731343,27.783018867924525,67.51591472682667,28.65,19,11,3,0.9424777960769379,5,8.0,8,0.09,/mnt/ceph-ssd/workspaces/ws/cidbn_wibral_neuro_nonhuman/u19361-workspace/allen/rf/zebra/rawresults/ephys/sub-830794_ses-ecephys-830794-2026-01-26-12-02-05_ecephys/ProbeD/trial_0/phase_1/lib_ab4a70858e/lib_ab4a70858e__delay_0.12__dur_0.15000000000000002.h5
9a9b10e2-794d-4597-91de-61dfafa6bf30,0.01,0.05,ab4a70858e,0.6564218997955322,20.59701492537313,-13.443396226415096,0.0,14.32,45,34,0,0.0,2,4.0,1,0.02,/mnt/ceph-ssd/workspaces/ws/cidbn_wibral_neuro_nonhuman/u19361-workspace/allen/rf/zebra/rawresults/ephys/sub-830794_ses-ecephys-830794-2026-01-26-12-02-05_ecephys/ProbeD/trial_0/phase_1/lib_ab4a70858e/lib_ab4a70858e__delay_0.01__dur_0.05.h5
9b1636da-9f59-4f33-bf98-fb273efb655f,0.12,0.25,ab4a70858e,0.07994023710489273,-6.268656716417908,-31.367924528301888,112.48408527317332,10.74,30,44,5,1.5707963267948966,1,3.0,11,1.2,/mnt/ceph-ssd/workspaces/ws/cidbn_wibral_neuro_nonhuman/u19361-workspace/allen/rf/zebra/rawresults/ephys/sub-830794_ses-ecephys-830794-2026-01-26-12-02-05_ecephys/ProbeD/trial_0/phase_1/lib_ab4a70858e/lib_ab4a70858e__delay_0.12__dur_0.25.h5
9bfe555d-a204-42c7-a197-ac49bda6212f,0.06,0.1,ab4a70858e,0.1375640481710434,-20.59701492537313,-4.481132075471699,22.515923572829163,28.65,22,29,9,2.827433388230814,5,8.0,0,0.01,/mnt/ceph-ssd/workspaces/ws/cidbn_wibral_neuro_nonhuman/u19361-workspace/allen/rf/zebra/rawresults/ephys/sub-830794_ses-ecephys-830794-2026-01-26-12-02-05_ecephys/ProbeD/trial_0/phase_1/lib_ab4a70858e/lib_ab4a70858e__delay_0.06__dur_0.1.h5
9c68768d-f846-45dd-bc83-514eb7d62949,0.11,0.1,ab4a70858e,0.07785049825906754,-11.64179104477612,-8.066037735849058,67.51591472682667,7.16,27,31,3,0.9424777960769379,0,2.0,12,1.3,/mnt/ceph-ssd/workspaces/ws/cidbn_wibral_neuro_nonhuman/u19361-workspace/allen/rf/zebra/rawresults/ephys/sub-830794_ses-ecephys-830794-2026-01-26-12-02-05_ecephys/ProbeD/trial_0/phase_1/lib_ab4a70858e/lib_ab4a70858e__delay_0.11__dur_0.1.h5
9ca63a4e-ba53-431e-8211-ad3214b361b1,0.0,0.2,ab4a70858e,0.0903414785861969,-25.970149253731343,20.613207547169807,0.0,28.65,19,15,0,0.0,5,8.0,3,0.04,/mnt/ceph-ssd/workspaces/ws/cidbn_wibral_neuro_nonhuman/u19361-workspace/allen/rf/zebra/rawresults/ephys/sub-830794_ses-ecephys-830794-2026-01-26-12-02-05_ecephys/ProbeD/trial_0/phase_1/lib_ab4a70858e/lib_ab4a70858e__delay_0.0__dur_0.2.h5
9d232f46-6ac1-4eac-bb47-0af9e678a652,0.01,0.05,ab4a70858e,0.3541916012763977,-9.850746268656714,0.8962264150943398,22.515923572829163,10.74,28,26,9,2.827433388230814,1,3.0,3,0.04,/mnt/ceph-ssd/workspaces/ws/cidbn_wibral_neuro_nonhuman/u19361-workspace/allen/rf/zebra/rawresults/ephys/sub-830794_ses-ecephys-830794-2026-01-26-12-02-05_ecephys/ProbeD/trial_0/phase_1/lib_ab4a70858e/lib_ab4a70858e__delay_0.01__dur_0.05.h5
9dd48ff1-7be0-4865-9e6c-e9b4a6582c92,0.06,0.15000000000000002,ab4a70858e,0.0661686435341835,-36.71641791044776,-34.95283018867924,134.9774869247291,17.91,13,46,6,1.8849555921538759,3,5.0,9,0.1,/mnt/ceph-ssd/workspaces/ws/cidbn_wibral_neuro_nonhuman/u19361-workspace/allen/rf/zebra/rawresults/ephys/sub-830794_ses-ecephys-830794-2026-01-26-12-02-05_ecephys/ProbeD/trial_0/phase_1/lib_ab4a70858e/lib_ab4a70858e__delay_0.06__dur_0.15000000000000002.h5
9e3ded1c-3ff5-4d8c-b278-4011064a66af,0.0,0.2,ab4a70858e,0.09277141839265823,-36.71641791044776,15.235849056603776,22.515923572829195,10.74,13,18,1,0.3141592653589793,1,3.0,4,0.05,/mnt/ceph-ssd/workspaces/ws/cidbn_wibral_neuro_nonhuman/u19361-workspace/allen/rf/zebra/rawresults/ephys/sub-830794_ses-ecephys-830794-2026-01-26-12-02-05_ecephys/ProbeD/trial_0/phase_1/lib_ab4a70858e/lib_ab4a70858e__delay_0.0__dur_0.2.h5
9f329a3a-7450-40fc-b74c-4e59130b9820,0.09,0.2,ab4a70858e,0.08109397441148758,-2.6865671641791025,15.235849056603776,0.0,28.65,32,18,0,0.0,5,8.0,6,0.07,/mnt/ceph-ssd/workspaces/ws/cidbn_wibral_neuro_nonhuman/u19361-workspace/allen/rf/zebra/rawresults/ephys/sub-830794_ses-ecephys-830794-2026-01-26-12-02-05_ecephys/ProbeD/trial_0/phase_1/lib_ab4a70858e/lib_ab4a70858e__delay_0.09__dur_0.2.h5
a01ff0bf-08fb-4251-8d9f-a78e72cdcf8d,0.02,0.25,ab4a70858e,0.07311675697565079,42.08955223880598,20.613207547169807,90.0,14.32,57,15,4,1.2566370614359172,2,4.0,8,0.09,/mnt/ceph-ssd/workspaces/ws/cidbn_wibral_neuro_nonhuman/u19361-workspace/allen/rf/zebra/rawresults/ephys/sub-830794_ses-ecephys-830794-2026-01-26-12-02-05_ecephys/ProbeD/trial_0/phase_1/lib_ab4a70858e/lib_ab4a70858e__delay_0.02__dur_0.25.h5
a0bb12d8-a039-4f34-93a8-dd4a3d405ad0,0.05,0.2,ab4a70858e,0.08758766949176788,-0.8955223880596961,11.650943396226417,90.0,7.16,33,20,4,1.2566370614359172,0,2.0,2,0.03,/mnt/ceph-ssd/workspaces/ws/cidbn_wibral_neuro_nonhuman/u19361-workspace/allen/rf/zebra/rawresults/ephys/sub-830794_ses-ecephys-830794-2026-01-26-12-02-05_ecephys/ProbeD/trial_0/phase_1/lib_ab4a70858e/lib_ab4a70858e__delay_0.05__dur_0.2.h5
a0d02350-7252-498c-9fe1-7f2eca323c2e,0.01,0.25,ab4a70858e,0.0806349590420723,-38.507462686567166,15.235849056603776,90.0,7.16,12,18,4,1.2566370614359172,0,2.0,4,0.05,/mnt/ceph-ssd/workspaces/ws/cidbn_wibral_neuro_nonhuman/u19361-workspace/allen/rf/zebra/rawresults/ephys/sub-830794_ses-ecephys-830794-2026-01-26-12-02-05_ecephys/ProbeD/trial_0/phase_1/lib_ab4a70858e/lib_ab4a70858e__delay_0.01__dur_0.25.h5
a17c730b-0115-4534-a0c9-c998471f1f90,0.0,0.2,ab4a70858e,0.0810149535536766,-60.0,20.613207547169807,67.51591472682667,17.91,0,15,3,0.9424777960769379,3,5.0,9,0.1,/mnt/ceph-ssd/workspaces/ws/cidbn_wibral_neuro_nonhuman/u19361-workspace/allen/rf/zebra/rawresults/ephys/sub-830794_ses-ecephys-830794-2026-01-26-12-02-05_ecephys/ProbeD/trial_0/phase_1/lib_ab4a70858e/lib_ab4a70858e__delay_0.0__dur_0.2.h5
a18b716d-f736-45dc-89df-4bde6f7599b6,0.05,0.25,ab4a70858e,0.08358807861804962,6.268656716417908,-6.273584905660378,0.0,14.32,37,30,0,0.0,2,4.0,9,0.1,/mnt/ceph-ssd/workspaces/ws/cidbn_wibral_neuro_nonhuman/u19361-workspace/allen/rf/zebra/rawresults/ephys/sub-830794_ses-ecephys-830794-2026-01-26-12-02-05_ecephys/ProbeD/trial_0/phase_1/lib_ab4a70858e/lib_ab4a70858e__delay_0.05__dur_0.25.h5
a1b356e9-e889-4d04-b31d-800717bdb7c9,0.0,0.1,ab4a70858e,0.10207374393939972,24.179104477611943,-18.82075471698113,112.48408527317332,28.65,47,37,5,1.5707963267948966,5,8.0,1,0.02,/mnt/ceph-ssd/workspaces/ws/cidbn_wibral_neuro_nonhuman/u19361-workspace/allen/rf/zebra/rawresults/ephys/sub-830794_ses-ecephys-830794-2026-01-26-12-02-05_ecephys/ProbeD/trial_0/phase_1/lib_ab4a70858e/lib_ab4a70858e__delay_0.0__dur_0.1.h5
a1f53b5f-24a0-4f49-b42b-9465329111af,0.04,0.1,ab4a70858e,0.07663939893245697,-54.62686567164179,24.198113207547166,157.4840764271708,7.16,3,13,7,2.199114857512855,0,2.0,8,0.09,/mnt/ceph-ssd/workspaces/ws/cidbn_wibral_neuro_nonhuman/u19361-workspace/allen/rf/zebra/rawresults/ephys/sub-830794_ses-ecephys-830794-2026-01-26-12-02-05_ecephys/ProbeD/trial_0/phase_1/lib_ab4a70858e/lib_ab4a70858e__delay_0.04__dur_0.1.h5
a29c975c-feaa-4264-8fba-48686476e194,0.01,0.15000000000000002,ab4a70858e,0.06883884221315384,-13.43283582089552,-22.40566037735849,67.51591472682667,7.16,26,39,3,0.9424777960769379,0,2.0,12,1.3,/mnt/ceph-ssd/workspaces/ws/cidbn_wibral_neuro_nonhuman/u19361-workspace/allen/rf/zebra/rawresults/ephys/sub-830794_ses-ecephys-830794-2026-01-26-12-02-05_ecephys/ProbeD/trial_0/phase_1/lib_ab4a70858e/lib_ab4a70858e__delay_0.01__dur_0.15000000000000002.h5
a2be5533-6c48-4cd6-a0b5-bf877209583c,0.07,0.25,ab4a70858e,0.07929183542728424,49.25373134328359,45.70754716981132,157.4840764271708,21.49,61,1,7,2.199114857512855,4,6.0,9,0.1,/mnt/ceph-ssd/workspaces/ws/cidbn_wibral_neuro_nonhuman/u19361-workspace/allen/rf/zebra/rawresults/ephys/sub-830794_ses-ecephys-830794-2026-01-26-12-02-05_ecephys/ProbeD/trial_0/phase_1/lib_ab4a70858e/lib_ab4a70858e__delay_0.07__dur_0.25.h5
a30ff41e-1373-4eb8-b923-a7a5b15c5536,0.09,0.15000000000000002,ab4a70858e,0.15358209609985352,-8.059701492537314,-8.066037735849058,112.48408527317332,21.49,29,31,5,1.5707963267948966,4,6.0,1,0.02,/mnt/ceph-ssd/workspaces/ws/cidbn_wibral_neuro_nonhuman/u19361-workspace/allen/rf/zebra/rawresults/ephys/sub-830794_ses-ecephys-830794-2026-01-26-12-02-05_ecephys/ProbeD/trial_0/phase_1/lib_ab4a70858e/lib_ab4a70858e__delay_0.09__dur_0.15000000000000002.h5
a36b067a-4289-4095-862e-5dd18af36049,0.12,0.25,ab4a70858e,0.07614398002624512,-4.477611940298509,42.12264150943396,22.515923572829163,17.91,31,3,9,2.827433388230814,3,5.0,9,0.1,/mnt/ceph-ssd/workspaces/ws/cidbn_wibral_neuro_nonhuman/u19361-workspace/allen/rf/zebra/rawresults/ephys/sub-830794_ses-ecephys-830794-2026-01-26-12-02-05_ecephys/ProbeD/trial_0/phase_1/lib_ab4a70858e/lib_ab4a70858e__delay_0.12__dur_0.25.h5
a3787833-31e1-491a-a1c6-e94ff02761fd,0.06,0.2,ab4a70858e,0.07133066654205322,58.20895522388061,-6.273584905660378,134.9774869247291,7.16,66,30,6,1.8849555921538759,0,2.0,9,0.1,/mnt/ceph-ssd/workspaces/ws/cidbn_wibral_neuro_nonhuman/u19361-workspace/allen/rf/zebra/rawresults/ephys/sub-830794_ses-ecephys-830794-2026-01-26-12-02-05_ecephys/ProbeD/trial_0/phase_1/lib_ab4a70858e/lib_ab4a70858e__delay_0.06__dur_0.2.h5
a40dae20-84b9-4273-a988-6f657f19011b,0.1,0.25,ab4a70858e,0.07809770852327347,-52.83582089552239,27.783018867924525,0.0,7.16,4,11,0,0.0,0,2.0,11,1.2,/mnt/ceph-ssd/workspaces/ws/cidbn_wibral_neuro_nonhuman/u19361-workspace/allen/rf/zebra/rawresults/ephys/sub-830794_ses-ecephys-830794-2026-01-26-12-02-05_ecephys/ProbeD/trial_0/phase_1/lib_ab4a70858e/lib_ab4a70858e__delay_0.1__dur_0.25.h5
a42e2292-98a6-48c2-a588-545f8bb318b0,0.01,0.25,ab4a70858e,0.10464578866958618,-2.6865671641791025,2.6886792452830193,134.9774869247291,21.49,32,25,6,1.8849555921538759,4,6.0,9,0.1,/mnt/ceph-ssd/workspaces/ws/cidbn_wibral_neuro_nonhuman/u19361-workspace/allen/rf/zebra/rawresults/ephys/sub-830794_ses-ecephys-830794-2026-01-26-12-02-05_ecephys/ProbeD/trial_0/phase_1/lib_ab4a70858e/lib_ab4a70858e__delay_0.01__dur_0.25.h5
a50044e3-6e1c-4083-a58d-32639e5873a5,0.0,0.1,ab4a70858e,0.07291626185178757,13.43283582089552,-43.91509433962264,67.51591472682667,28.65,41,51,3,0.9424777960769379,5,8.0,1,0.02,/mnt/ceph-ssd/workspaces/ws/cidbn_wibral_neuro_nonhuman/u19361-workspace/allen/rf/zebra/rawresults/ephys/sub-830794_ses-ecephys-830794-2026-01-26-12-02-05_ecephys/ProbeD/trial_0/phase_1/lib_ab4a70858e/lib_ab4a70858e__delay_0.0__dur_0.1.h5
a5772e7f-aa47-4496-99e1-7e8bcf10faa3,0.02,0.15000000000000002,ab4a70858e,0.06907195597887039,-34.92537313432835,20.613207547169807,67.51591472682667,21.49,14,15,3,0.9424777960769379,4,6.0,7,0.08,/mnt/ceph-ssd/workspaces/ws/cidbn_wibral_neuro_nonhuman/u19361-workspace/allen/rf/zebra/rawresults/ephys/sub-830794_ses-ecephys-830794-2026-01-26-12-02-05_ecephys/ProbeD/trial_0/phase_1/lib_ab4a70858e/lib_ab4a70858e__delay_0.02__dur_0.15000000000000002.h5
a5bff171-654b-41ad-9f4b-ad659c9943a6,0.03,0.25,ab4a70858e,0.08888472616672516,-24.179104477611936,25.990566037735846,45.02251307527088,14.32,20,12,2,0.6283185307179586,2,4.0,12,1.3,/mnt/ceph-ssd/workspaces/ws/cidbn_wibral_neuro_nonhuman/u19361-workspace/allen/rf/zebra/rawresults/ephys/sub-830794_ses-ecephys-830794-2026-01-26-12-02-05_ecephys/ProbeD/trial_0/phase_1/lib_ab4a70858e/lib_ab4a70858e__delay_0.03__dur_0.25.h5
a6b0d6db-a798-4863-9ea8-8cda61fcfc9b,0.06,0.2,ab4a70858e,0.06752113252878189,-6.268656716417908,-22.40566037735849,0.0,10.74,30,39,0,0.0,1,3.0,11,1.2,/mnt/ceph-ssd/workspaces/ws/cidbn_wibral_neuro_nonhuman/u19361-workspace/allen/rf/zebra/rawresults/ephys/sub-830794_ses-ecephys-830794-2026-01-26-12-02-05_ecephys/ProbeD/trial_0/phase_1/lib_ab4a70858e/lib_ab4a70858e__delay_0.06__dur_0.2.h5
a6cec674-d54a-427a-818d-c1804327dc1a,0.05,0.15000000000000002,ab4a70858e,0.08728108555078506,-58.208955223880594,25.990566037735846,45.02251307527088,21.49,1,12,2,0.6283185307179586,4,6.0,9,0.1,/mnt/ceph-ssd/workspaces/ws/cidbn_wibral_neuro_nonhuman/u19361-workspace/allen/rf/zebra/rawresults/ephys/sub-830794_ses-ecephys-830794-2026-01-26-12-02-05_ecephys/ProbeD/trial_0/phase_1/lib_ab4a70858e/lib_ab4a70858e__delay_0.05__dur_0.15000000000000002.h5
a71c6d84-6fac-4d59-9f92-9e1aea5b4fff,0.1,0.2,ab4a70858e,0.06790970265865326,-27.761194029850742,-27.78301886792453,157.4840764271708,7.16,18,42,7,2.199114857512855,0,2.0,9,0.1,/mnt/ceph-ssd/workspaces/ws/cidbn_wibral_neuro_nonhuman/u19361-workspace/allen/rf/zebra/rawresults/ephys/sub-830794_ses-ecephys-830794-2026-01-26-12-02-05_ecephys/ProbeD/trial_0/phase_1/lib_ab4a70858e/lib_ab4a70858e__delay_0.1__dur_0.2.h5
a7826832-922b-4cc7-9f74-113c97c254ca,0.0,0.05,ab4a70858e,0.20825964212417603,-25.970149253731343,6.273584905660378,0.0,7.16,19,23,0,0.0,0,2.0,4,0.05,/mnt/ceph-ssd/workspaces/ws/cidbn_wibral_neuro_nonhuman/u19361-workspace/allen/rf/zebra/rawresults/ephys/sub-830794_ses-ecephys-830794-2026-01-26-12-02-05_ecephys/ProbeD/trial_0/phase_1/lib_ab4a70858e/lib_ab4a70858e__delay_0.0__dur_0.05.h5
a797e4e3-d4a4-473f-8166-e7a7a274cd18,0.01,0.25,ab4a70858e,0.08712568134069443,49.25373134328359,9.858490566037737,157.4840764271708,14.32,61,21,7,2.199114857512855,2,4.0,9,0.1,/mnt/ceph-ssd/workspaces/ws/cidbn_wibral_neuro_nonhuman/u19361-workspace/allen/rf/zebra/rawresults/ephys/sub-830794_ses-ecephys-830794-2026-01-26-12-02-05_ecephys/ProbeD/trial_0/phase_1/lib_ab4a70858e/lib_ab4a70858e__delay_0.01__dur_0.25.h5
a8151b7c-759f-4e77-a5d2-9ce4e797771b,0.0,0.1,ab4a70858e,0.07967866212129593,-34.92537313432835,22.405660377358487,157.4840764271708,14.32,14,14,7,2.199114857512855,2,4.0,4,0.05,/mnt/ceph-ssd/workspaces/ws/cidbn_wibral_neuro_nonhuman/u19361-workspace/allen/rf/zebra/rawresults/ephys/sub-830794_ses-ecephys-830794-2026-01-26-12-02-05_ecephys/ProbeD/trial_0/phase_1/lib_ab4a70858e/lib_ab4a70858e__delay_0.0__dur_0.1.h5
a81956fd-c861-431c-b556-0e6eb7bfb6fa,0.0,0.1,ab4a70858e,0.31141501665115356,-9.850746268656714,-13.443396226415096,22.515923572829163,10.74,28,34,9,2.827433388230814,1,3.0,2,0.03,/mnt/ceph-ssd/workspaces/ws/cidbn_wibral_neuro_nonhuman/u19361-workspace/allen/rf/zebra/rawresults/ephys/sub-830794_ses-ecephys-830794-2026-01-26-12-02-05_ecephys/ProbeD/trial_0/phase_1/lib_ab4a70858e/lib_ab4a70858e__delay_0.0__dur_0.1.h5
a81ea6fd-ed35-48d7-a465-a42cfe18911f,0.01,0.15000000000000002,ab4a70858e,0.22142022848129272,-42.089552238805965,18.820754716981128,0.0,14.32,10,16,0,0.0,2,4.0,0,0.01,/mnt/ceph-ssd/workspaces/ws/cidbn_wibral_neuro_nonhuman/u19361-workspace/allen/rf/zebra/rawresults/ephys/sub-830794_ses-ecephys-830794-2026-01-26-12-02-05_ecephys/ProbeD/trial_0/phase_1/lib_ab4a70858e/lib_ab4a70858e__delay_0.01__dur_0.15000000000000002.h5
a980b609-df91-40bd-850b-e3a3f76981fa,0.0,0.1,ab4a70858e,0.3884398639202118,42.08955223880598,-4.481132075471699,22.515923572829195,14.32,57,29,1,0.3141592653589793,2,4.0,1,0.02,/mnt/ceph-ssd/workspaces/ws/cidbn_wibral_neuro_nonhuman/u19361-workspace/allen/rf/zebra/rawresults/ephys/sub-830794_ses-ecephys-830794-2026-01-26-12-02-05_ecephys/ProbeD/trial_0/phase_1/lib_ab4a70858e/lib_ab4a70858e__delay_0.0__dur_0.1.h5
a9b1d376-6652-4d3a-9505-7e96adfb923a,0.02,0.1,ab4a70858e,0.09579408913850784,-38.507462686567166,-2.6886792452830193,112.48408527317332,17.91,12,28,5,1.5707963267948966,3,5.0,7,0.08,/mnt/ceph-ssd/workspaces/ws/cidbn_wibral_neuro_nonhuman/u19361-workspace/allen/rf/zebra/rawresults/ephys/sub-830794_ses-ecephys-830794-2026-01-26-12-02-05_ecephys/ProbeD/trial_0/phase_1/lib_ab4a70858e/lib_ab4a70858e__delay_0.02__dur_0.1.h5
aa07dc99-a0b8-4ee9-b0ce-c67b649dfd81,0.1,0.15000000000000002,ab4a70858e,0.09346465766429901,-29.55223880597015,-0.8962264150943398,90.0,28.65,17,27,4,1.2566370614359172,5,8.0,8,0.09,/mnt/ceph-ssd/workspaces/ws/cidbn_wibral_neuro_nonhuman/u19361-workspace/allen/rf/zebra/rawresults/ephys/sub-830794_ses-ecephys-830794-2026-01-26-12-02-05_ecephys/ProbeD/trial_0/phase_1/lib_ab4a70858e/lib_ab4a70858e__delay_0.1__dur_0.15000000000000002.h5
aa36aa79-2d48-41fb-bd9c-7d38200afbf1,0.05,0.15000000000000002,ab4a70858e,0.06789107620716095,20.59701492537313,-20.61320754716981,22.515923572829163,28.65,45,38,9,2.827433388230814,5,8.0,8,0.09,/mnt/ceph-ssd/workspaces/ws/cidbn_wibral_neuro_nonhuman/u19361-workspace/allen/rf/zebra/rawresults/ephys/sub-830794_ses-ecephys-830794-2026-01-26-12-02-05_ecephys/ProbeD/trial_0/phase_1/lib_ab4a70858e/lib_ab4a70858e__delay_0.05__dur_0.15000000000000002.h5
aac8221b-744e-4166-b655-c2ae0371ee62,0.0,0.25,ab4a70858e,0.15480494499206543,-31.34328358208955,11.650943396226417,45.02251307527088,7.16,16,20,2,0.6283185307179586,0,2.0,4,0.05,/mnt/ceph-ssd/workspaces/ws/cidbn_wibral_neuro_nonhuman/u19361-workspace/allen/rf/zebra/rawresults/ephys/sub-830794_ses-ecephys-830794-2026-01-26-12-02-05_ecephys/ProbeD/trial_0/phase_1/lib_ab4a70858e/lib_ab4a70858e__delay_0.0__dur_0.25.h5
ab52a354-91de-47b5-bc74-112b6a9ce627,0.08,0.15000000000000002,ab4a70858e,0.07224226742982864,-27.761194029850742,11.650943396226417,22.515923572829163,14.32,18,20,9,2.827433388230814,2,4.0,9,0.1,/mnt/ceph-ssd/workspaces/ws/cidbn_wibral_neuro_nonhuman/u19361-workspace/allen/rf/zebra/rawresults/ephys/sub-830794_ses-ecephys-830794-2026-01-26-12-02-05_ecephys/ProbeD/trial_0/phase_1/lib_ab4a70858e/lib_ab4a70858e__delay_0.08__dur_0.15000000000000002.h5
ab5d6fff-d7bd-4d60-b84b-afa4d633e1ef,0.11,0.25,ab4a70858e,0.07889323681592941,6.268656716417908,17.02830188679245,157.4840764271708,7.16,37,17,7,2.199114857512855,0,2.0,12,1.3,/mnt/ceph-ssd/workspaces/ws/cidbn_wibral_neuro_nonhuman/u19361-workspace/allen/rf/zebra/rawresults/ephys/sub-830794_ses-ecephys-830794-2026-01-26-12-02-05_ecephys/ProbeD/trial_0/phase_1/lib_ab4a70858e/lib_ab4a70858e__delay_0.11__dur_0.25.h5
abb746be-61a3-4970-9453-e8faac9ccea6,0.12,0.1,ab4a70858e,0.07430555671453476,-17.014925373134325,-6.273584905660378,67.51591472682667,7.16,24,30,3,0.9424777960769379,0,2.0,12,1.3,/mnt/ceph-ssd/workspaces/ws/cidbn_wibral_neuro_nonhuman/u19361-workspace/allen/rf/zebra/rawresults/ephys/sub-830794_ses-ecephys-830794-2026-01-26-12-02-05_ecephys/ProbeD/trial_0/phase_1/lib_ab4a70858e/lib_ab4a70858e__delay_0.12__dur_0.1.h5
abba3455-8e80-460b-8031-129c1ee62c90,0.05,0.25,ab4a70858e,0.08052607625722885,-43.88059701492537,45.70754716981132,90.0,28.65,9,1,4,1.2566370614359172,5,8.0,7,0.08,/mnt/ceph-ssd/workspaces/ws/cidbn_wibral_neuro_nonhuman/u19361-workspace/allen/rf/zebra/rawresults/ephys/sub-830794_ses-ecephys-830794-2026-01-26-12-02-05_ecephys/ProbeD/trial_0/phase_1/lib_ab4a70858e/lib_ab4a70858e__delay_0.05__dur_0.25.h5
ac0d0490-eeef-4c11-a3cd-ce97b27ceaf6,0.03,0.25,ab4a70858e,0.07293913513422012,18.80597014925374,0.8962264150943398,22.515923572829163,14.32,44,26,9,2.827433388230814,2,4.0,8,0.09,/mnt/ceph-ssd/workspaces/ws/cidbn_wibral_neuro_nonhuman/u19361-workspace/allen/rf/zebra/rawresults/ephys/sub-830794_ses-ecephys-830794-2026-01-26-12-02-05_ecephys/ProbeD/trial_0/phase_1/lib_ab4a70858e/lib_ab4a70858e__delay_0.03__dur_0.25.h5
ac227735-3c9d-4d10-b3f2-6d1f9524fa08,0.0,0.1,ab4a70858e,0.20304548740386963,20.59701492537313,-9.858490566037737,22.515923572829195,7.16,45,32,1,0.3141592653589793,0,2.0,8,0.09,/mnt/ceph-ssd/workspaces/ws/cidbn_wibral_neuro_nonhuman/u19361-workspace/allen/rf/zebra/rawresults/ephys/sub-830794_ses-ecephys-830794-2026-01-26-12-02-05_ecephys/ProbeD/trial_0/phase_1/lib_ab4a70858e/lib_ab4a70858e__delay_0.0__dur_0.1.h5
ac4ca7eb-4c3d-4030-b9ac-9bc87b4c7150,0.01,0.05,ab4a70858e,0.0,-60.0,47.5,0.0,7.16,0,0,0,0.0,0,2.0,0,0.01,/mnt/ceph-ssd/workspaces/ws/cidbn_wibral_neuro_nonhuman/u19361-workspace/allen/rf/zebra/rawresults/ephys/sub-830794_ses-ecephys-830794-2026-01-26-12-02-05_ecephys/ProbeD/trial_0/phase_1/lib_ab4a70858e/lib_ab4a70858e__delay_0.01__dur_0.05.h5
ac4d61f3-c202-44e1-916e-895ff336b2c3,0.03,0.15000000000000002,ab4a70858e,0.12240418791770935,-43.88059701492537,20.613207547169807,0.0,14.32,9,15,0,0.0,2,4.0,2,0.03,/mnt/ceph-ssd/workspaces/ws/cidbn_wibral_neuro_nonhuman/u19361-workspace/allen/rf/zebra/rawresults/ephys/sub-830794_ses-ecephys-830794-2026-01-26-12-02-05_ecephys/ProbeD/trial_0/phase_1/lib_ab4a70858e/lib_ab4a70858e__delay_0.03__dur_0.15000000000000002.h5
ac91972a-be67-4e8e-90c6-177859ae2c97,0.0,0.1,ab4a70858e,0.29112279415130615,-24.179104477611936,9.858490566037737,45.02251307527088,14.32,20,21,2,0.6283185307179586,2,4.0,0,0.01,/mnt/ceph-ssd/workspaces/ws/cidbn_wibral_neuro_nonhuman/u19361-workspace/allen/rf/zebra/rawresults/ephys/sub-830794_ses-ecephys-830794-2026-01-26-12-02-05_ecephys/ProbeD/trial_0/phase_1/lib_ab4a70858e/lib_ab4a70858e__delay_0.0__dur_0.1.h5
ace9b4db-8242-4a19-8e00-527472ee9def,0.01,0.2,ab4a70858e,0.08188679814338684,2.6865671641791096,-2.6886792452830193,157.4840764271708,28.65,35,28,7,2.199114857512855,5,8.0,2,0.03,/mnt/ceph-ssd/workspaces/ws/cidbn_wibral_neuro_nonhuman/u19361-workspace/allen/rf/zebra/rawresults/ephys/sub-830794_ses-ecephys-830794-2026-01-26-12-02-05_ecephys/ProbeD/trial_0/phase_1/lib_ab4a70858e/lib_ab4a70858e__delay_0.01__dur_0.2.h5
adf80262-6b35-43a8-925f-f8afdef9d4b1,0.04,0.25,ab4a70858e,0.07771036028862,33.13432835820896,-43.91509433962264,22.515923572829163,14.32,52,51,9,2.827433388230814,2,4.0,9,0.1,/mnt/ceph-ssd/workspaces/ws/cidbn_wibral_neuro_nonhuman/u19361-workspace/allen/rf/zebra/rawresults/ephys/sub-830794_ses-ecephys-830794-2026-01-26-12-02-05_ecephys/ProbeD/trial_0/phase_1/lib_ab4a70858e/lib_ab4a70858e__delay_0.04__dur_0.25.h5
ae977c7e-9cd5-4ead-9583-18bacb048844,0.01,0.2,ab4a70858e,0.11633007228374481,-45.67164179104478,20.613207547169807,0.0,14.32,8,15,0,0.0,2,4.0,1,0.02,/mnt/ceph-ssd/workspaces/ws/cidbn_wibral_neuro_nonhuman/u19361-workspace/allen/rf/zebra/rawresults/ephys/sub-830794_ses-ecephys-830794-2026-01-26-12-02-05_ecephys/ProbeD/trial_0/phase_1/lib_ab4a70858e/lib_ab4a70858e__delay_0.01__dur_0.2.h5
aeee5ba2-835e-4d9c-97be-e10cae9933b5,0.12,0.25,ab4a70858e,0.07701753824949265,-4.477611940298509,-9.858490566037737,112.48408527317332,28.65,31,32,5,1.5707963267948966,5,8.0,9,0.1,/mnt/ceph-ssd/workspaces/ws/cidbn_wibral_neuro_nonhuman/u19361-workspace/allen/rf/zebra/rawresults/ephys/sub-830794_ses-ecephys-830794-2026-01-26-12-02-05_ecephys/ProbeD/trial_0/phase_1/lib_ab4a70858e/lib_ab4a70858e__delay_0.12__dur_0.25.h5
af4a4cd4-3129-47f6-a9ab-6e74687ead88,0.01,0.05,ab4a70858e,0.55857253074646,-15.223880597014926,-9.858490566037737,180.0,10.74,25,32,8,2.5132741228718345,1,3.0,2,0.03,/mnt/ceph-ssd/workspaces/ws/cidbn_wibral_neuro_nonhuman/u19361-workspace/allen/rf/zebra/rawresults/ephys/sub-830794_ses-ecephys-830794-2026-01-26-12-02-05_ecephys/ProbeD/trial_0/phase_1/lib_ab4a70858e/lib_ab4a70858e__delay_0.01__dur_0.05.h5
af9f7c32-00d9-4402-ab16-b3991ea89c0a,0.0,0.15000000000000002,ab4a70858e,0.14218954741954803,56.4179104477612,-18.82075471698113,67.51591472682667,10.74,65,37,3,0.9424777960769379,1,3.0,12,1.3,/mnt/ceph-ssd/workspaces/ws/cidbn_wibral_neuro_nonhuman/u19361-workspace/allen/rf/zebra/rawresults/ephys/sub-830794_ses-ecephys-830794-2026-01-26-12-02-05_ecephys/ProbeD/trial_0/phase_1/lib_ab4a70858e/lib_ab4a70858e__delay_0.0__dur_0.15000000000000002.h5
aff68ef6-44c9-4d75-9d82-0e403f40b0bc,0.08,0.25,ab4a70858e,0.07529541850090027,-24.179104477611936,-33.160377358490564,180.0,14.32,20,45,8,2.5132741228718345,2,4.0,9,0.1,/mnt/ceph-ssd/workspaces/ws/cidbn_wibral_neuro_nonhuman/u19361-workspace/allen/rf/zebra/rawresults/ephys/sub-830794_ses-ecephys-830794-2026-01-26-12-02-05_ecephys/ProbeD/trial_0/phase_1/lib_ab4a70858e/lib_ab4a70858e__delay_0.08__dur_0.25.h5
b0032c5f-6153-48ae-b734-e666de566a03,0.11,0.2,ab4a70858e,0.07034976780414581,-13.43283582089552,13.443396226415096,112.48408527317332,7.16,26,19,5,1.5707963267948966,0,2.0,11,1.2,/mnt/ceph-ssd/workspaces/ws/cidbn_wibral_neuro_nonhuman/u19361-workspace/allen/rf/zebra/rawresults/ephys/sub-830794_ses-ecephys-830794-2026-01-26-12-02-05_ecephys/ProbeD/trial_0/phase_1/lib_ab4a70858e/lib_ab4a70858e__delay_0.11__dur_0.2.h5
b02aee86-5e17-4bc1-826c-14ff8d6cf591,0.08,0.1,ab4a70858e,0.07527967542409897,-34.92537313432835,15.235849056603776,112.48408527317332,21.49,14,18,5,1.5707963267948966,4,6.0,4,0.05,/mnt/ceph-ssd/workspaces/ws/cidbn_wibral_neuro_nonhuman/u19361-workspace/allen/rf/zebra/rawresults/ephys/sub-830794_ses-ecephys-830794-2026-01-26-12-02-05_ecephys/ProbeD/trial_0/phase_1/lib_ab4a70858e/lib_ab4a70858e__delay_0.08__dur_0.1.h5
b103e4ab-20b4-45c9-b068-1e6d5542aa23,0.0,0.1,ab4a70858e,0.10479111224412918,-22.388059701492537,-0.8962264150943398,22.515923572829163,21.49,21,27,9,2.827433388230814,4,6.0,0,0.01,/mnt/ceph-ssd/workspaces/ws/cidbn_wibral_neuro_nonhuman/u19361-workspace/allen/rf/zebra/rawresults/ephys/sub-830794_ses-ecephys-830794-2026-01-26-12-02-05_ecephys/ProbeD/trial_0/phase_1/lib_ab4a70858e/lib_ab4a70858e__delay_0.0__dur_0.1.h5
b1202744-181c-4a58-a2c2-23ba0a190ef0,0.06,0.15000000000000002,ab4a70858e,0.07542089372873306,-27.761194029850742,34.95283018867924,180.0,14.32,18,7,8,2.5132741228718345,2,4.0,9,0.1,/mnt/ceph-ssd/workspaces/ws/cidbn_wibral_neuro_nonhuman/u19361-workspace/allen/rf/zebra/rawresults/ephys/sub-830794_ses-ecephys-830794-2026-01-26-12-02-05_ecephys/ProbeD/trial_0/phase_1/lib_ab4a70858e/lib_ab4a70858e__delay_0.06__dur_0.15000000000000002.h5
b124b28b-0581-4292-9d6e-e03b28cedc08,0.03,0.1,ab4a70858e,0.14137934148311615,2.6865671641791096,6.273584905660378,0.0,28.65,35,23,0,0.0,5,8.0,3,0.04,/mnt/ceph-ssd/workspaces/ws/cidbn_wibral_neuro_nonhuman/u19361-workspace/allen/rf/zebra/rawresults/ephys/sub-830794_ses-ecephys-830794-2026-01-26-12-02-05_ecephys/ProbeD/trial_0/phase_1/lib_ab4a70858e/lib_ab4a70858e__delay_0.03__dur_0.1.h5
b18a1840-aeae-4955-a402-ca3129878a80,0.06,0.15000000000000002,ab4a70858e,0.10181570053100586,-17.014925373134325,-9.858490566037737,67.51591472682667,21.49,24,32,3,0.9424777960769379,4,6.0,9,0.1,/mnt/ceph-ssd/workspaces/ws/cidbn_wibral_neuro_nonhuman/u19361-workspace/allen/rf/zebra/rawresults/ephys/sub-830794_ses-ecephys-830794-2026-01-26-12-02-05_ecephys/ProbeD/trial_0/phase_1/lib_ab4a70858e/lib_ab4a70858e__delay_0.06__dur_0.15000000000000002.h5
b1b87c9c-bc49-4fdf-ad0c-63ae8a5a3688,0.06,0.25,ab4a70858e,0.13362179696559906,-15.223880597014926,-9.858490566037737,0.0,17.91,25,32,0,0.0,3,5.0,11,1.2,/mnt/ceph-ssd/workspaces/ws/cidbn_wibral_neuro_nonhuman/u19361-workspace/allen/rf/zebra/rawresults/ephys/sub-830794_ses-ecephys-830794-2026-01-26-12-02-05_ecephys/ProbeD/trial_0/phase_1/lib_ab4a70858e/lib_ab4a70858e__delay_0.06__dur_0.25.h5
b1e9059b-2924-4df2-935a-a2b8406966db,0.12,0.1,ab4a70858e,0.07996530830860138,-8.059701492537314,-0.8962264150943398,157.4840764271708,17.91,29,27,7,2.199114857512855,3,5.0,12,1.3,/mnt/ceph-ssd/workspaces/ws/cidbn_wibral_neuro_nonhuman/u19361-workspace/allen/rf/zebra/rawresults/ephys/sub-830794_ses-ecephys-830794-2026-01-26-12-02-05_ecephys/ProbeD/trial_0/phase_1/lib_ab4a70858e/lib_ab4a70858e__delay_0.12__dur_0.1.h5
b224dd34-906c-4596-b5d2-da1d9e89318f,0.1,0.25,ab4a70858e,0.09890635311603546,-27.761194029850742,22.405660377358487,112.48408527317332,21.49,18,14,5,1.5707963267948966,4,6.0,11,1.2,/mnt/ceph-ssd/workspaces/ws/cidbn_wibral_neuro_nonhuman/u19361-workspace/allen/rf/zebra/rawresults/ephys/sub-830794_ses-ecephys-830794-2026-01-26-12-02-05_ecephys/ProbeD/trial_0/phase_1/lib_ab4a70858e/lib_ab4a70858e__delay_0.1__dur_0.25.h5
b2497f19-daf0-491f-b909-392177e67b6b,0.05,0.15000000000000002,ab4a70858e,0.09138643741607666,-33.134328358208954,4.481132075471699,0.0,14.32,15,24,0,0.0,2,4.0,8,0.09,/mnt/ceph-ssd/workspaces/ws/cidbn_wibral_neuro_nonhuman/u19361-workspace/allen/rf/zebra/rawresults/ephys/sub-830794_ses-ecephys-830794-2026-01-26-12-02-05_ecephys/ProbeD/trial_0/phase_1/lib_ab4a70858e/lib_ab4a70858e__delay_0.05__dur_0.15000000000000002.h5
b2dbdfa0-5d4e-4b67-8e0e-228f783b9ac4,0.09,0.25,ab4a70858e,0.07636483013629913,17.014925373134332,-4.481132075471699,67.51591472682667,14.32,43,29,3,0.9424777960769379,2,4.0,2,0.03,/mnt/ceph-ssd/workspaces/ws/cidbn_wibral_neuro_nonhuman/u19361-workspace/allen/rf/zebra/rawresults/ephys/sub-830794_ses-ecephys-830794-2026-01-26-12-02-05_ecephys/ProbeD/trial_0/phase_1/lib_ab4a70858e/lib_ab4a70858e__delay_0.09__dur_0.25.h5
b2e43ccf-72d9-42b8-aa31-88cd68448541,0.01,0.05,ab4a70858e,0.0,-60.0,47.5,0.0,7.16,0,0,0,0.0,0,2.0,0,0.01,/mnt/ceph-ssd/workspaces/ws/cidbn_wibral_neuro_nonhuman/u19361-workspace/allen/rf/zebra/rawresults/ephys/sub-830794_ses-ecephys-830794-2026-01-26-12-02-05_ecephys/ProbeD/trial_0/phase_1/lib_ab4a70858e/lib_ab4a70858e__delay_0.01__dur_0.05.h5
b3364f16-5ebd-4363-aff1-c898d25d024e,0.01,0.1,ab4a70858e,0.09154552966356277,-11.64179104477612,0.8962264150943398,0.0,21.49,27,26,0,0.0,4,6.0,7,0.08,/mnt/ceph-ssd/workspaces/ws/cidbn_wibral_neuro_nonhuman/u19361-workspace/allen/rf/zebra/rawresults/ephys/sub-830794_ses-ecephys-830794-2026-01-26-12-02-05_ecephys/ProbeD/trial_0/phase_1/lib_ab4a70858e/lib_ab4a70858e__delay_0.01__dur_0.1.h5
b3cf6a35-acec-4231-b2c8-5ad4f90daac3,0.03,0.1,ab4a70858e,0.11248944699764252,-20.59701492537313,-6.273584905660378,67.51591472682667,14.32,22,30,3,0.9424777960769379,2,4.0,0,0.01,/mnt/ceph-ssd/workspaces/ws/cidbn_wibral_neuro_nonhuman/u19361-workspace/allen/rf/zebra/rawresults/ephys/sub-830794_ses-ecephys-830794-2026-01-26-12-02-05_ecephys/ProbeD/trial_0/phase_1/lib_ab4a70858e/lib_ab4a70858e__delay_0.03__dur_0.1.h5
b43136ec-6aec-4bca-8e07-a48eaa358d6f,0.02,0.2,ab4a70858e,0.08121993392705917,-29.55223880597015,0.8962264150943398,180.0,14.32,17,26,8,2.5132741228718345,2,4.0,9,0.1,/mnt/ceph-ssd/workspaces/ws/cidbn_wibral_neuro_nonhuman/u19361-workspace/allen/rf/zebra/rawresults/ephys/sub-830794_ses-ecephys-830794-2026-01-26-12-02-05_ecephys/ProbeD/trial_0/phase_1/lib_ab4a70858e/lib_ab4a70858e__delay_0.02__dur_0.2.h5
b480ebc7-db6c-41e4-946a-2186e07bed8e,0.05,0.15000000000000002,ab4a70858e,0.0715847909450531,-11.64179104477612,9.858490566037737,157.4840764271708,7.16,27,21,7,2.199114857512855,0,2.0,9,0.1,/mnt/ceph-ssd/workspaces/ws/cidbn_wibral_neuro_nonhuman/u19361-workspace/allen/rf/zebra/rawresults/ephys/sub-830794_ses-ecephys-830794-2026-01-26-12-02-05_ecephys/ProbeD/trial_0/phase_1/lib_ab4a70858e/lib_ab4a70858e__delay_0.05__dur_0.15000000000000002.h5
b4c46839-4694-4df4-bff0-0a14bf6dcacc,0.05,0.25,ab4a70858e,0.08868032693862915,56.4179104477612,-27.78301886792453,180.0,28.65,65,42,8,2.5132741228718345,5,8.0,8,0.09,/mnt/ceph-ssd/workspaces/ws/cidbn_wibral_neuro_nonhuman/u19361-workspace/allen/rf/zebra/rawresults/ephys/sub-830794_ses-ecephys-830794-2026-01-26-12-02-05_ecephys/ProbeD/trial_0/phase_1/lib_ab4a70858e/lib_ab4a70858e__delay_0.05__dur_0.25.h5
b590aec6-776f-46eb-af16-39ad25520d25,0.0,0.1,ab4a70858e,0.17635825276374817,6.268656716417908,-8.066037735849058,22.515923572829195,10.74,37,31,1,0.3141592653589793,1,3.0,2,0.03,/mnt/ceph-ssd/workspaces/ws/cidbn_wibral_neuro_nonhuman/u19361-workspace/allen/rf/zebra/rawresults/ephys/sub-830794_ses-ecephys-830794-2026-01-26-12-02-05_ecephys/ProbeD/trial_0/phase_1/lib_ab4a70858e/lib_ab4a70858e__delay_0.0__dur_0.1.h5
b653e443-8f1f-45c3-92d1-68316d55531f,0.02,0.1,ab4a70858e,0.09475193172693253,-36.71641791044776,-8.066037735849058,22.515923572829163,28.65,13,31,9,2.827433388230814,5,8.0,0,0.01,/mnt/ceph-ssd/workspaces/ws/cidbn_wibral_neuro_nonhuman/u19361-workspace/allen/rf/zebra/rawresults/ephys/sub-830794_ses-ecephys-830794-2026-01-26-12-02-05_ecephys/ProbeD/trial_0/phase_1/lib_ab4a70858e/lib_ab4a70858e__delay_0.02__dur_0.1.h5
b671b649-91a0-4ee2-a902-4a63a335e2d3,0.0,0.1,ab4a70858e,0.13194267451763153,-2.6865671641791025,-8.066037735849058,157.4840764271708,7.16,32,31,7,2.199114857512855,0,2.0,8,0.09,/mnt/ceph-ssd/workspaces/ws/cidbn_wibral_neuro_nonhuman/u19361-workspace/allen/rf/zebra/rawresults/ephys/sub-830794_ses-ecephys-830794-2026-01-26-12-02-05_ecephys/ProbeD/trial_0/phase_1/lib_ab4a70858e/lib_ab4a70858e__delay_0.0__dur_0.1.h5
b69dfab0-c36b-4b61-980a-2769c81c8ba2,0.03,0.25,ab4a70858e,0.07186931371688843,-60.0,-2.6886792452830193,157.4840764271708,21.49,0,28,7,2.199114857512855,4,6.0,9,0.1,/mnt/ceph-ssd/workspaces/ws/cidbn_wibral_neuro_nonhuman/u19361-workspace/allen/rf/zebra/rawresults/ephys/sub-830794_ses-ecephys-830794-2026-01-26-12-02-05_ecephys/ProbeD/trial_0/phase_1/lib_ab4a70858e/lib_ab4a70858e__delay_0.03__dur_0.25.h5
b6f0c127-ef13-4ae1-8ba9-b48953d6e390,0.12,0.25,ab4a70858e,0.07460632175207138,13.43283582089552,22.405660377358487,180.0,7.16,41,14,8,2.5132741228718345,0,2.0,12,1.3,/mnt/ceph-ssd/workspaces/ws/cidbn_wibral_neuro_nonhuman/u19361-workspace/allen/rf/zebra/rawresults/ephys/sub-830794_ses-ecephys-830794-2026-01-26-12-02-05_ecephys/ProbeD/trial_0/phase_1/lib_ab4a70858e/lib_ab4a70858e__delay_0.12__dur_0.25.h5
b6f7099c-f04c-4176-9c55-2718e4a7dd24,0.12,0.15000000000000002,ab4a70858e,0.07676848769187927,6.268656716417908,-40.33018867924528,134.9774869247291,7.16,37,49,6,1.8849555921538759,0,2.0,9,0.1,/mnt/ceph-ssd/workspaces/ws/cidbn_wibral_neuro_nonhuman/u19361-workspace/allen/rf/zebra/rawresults/ephys/sub-830794_ses-ecephys-830794-2026-01-26-12-02-05_ecephys/ProbeD/trial_0/phase_1/lib_ab4a70858e/lib_ab4a70858e__delay_0.12__dur_0.15000000000000002.h5
b7b54e66-a37d-4fa3-863b-2146fc272f53,0.01,0.1,ab4a70858e,0.07699280977249146,-51.04477611940298,-36.74528301886792,180.0,7.16,5,47,8,2.5132741228718345,0,2.0,12,1.3,/mnt/ceph-ssd/workspaces/ws/cidbn_wibral_neuro_nonhuman/u19361-workspace/allen/rf/zebra/rawresults/ephys/sub-830794_ses-ecephys-830794-2026-01-26-12-02-05_ecephys/ProbeD/trial_0/phase_1/lib_ab4a70858e/lib_ab4a70858e__delay_0.01__dur_0.1.h5
b8052b11-3948-40f9-9abb-7a785db29c8a,0.05,0.15000000000000002,ab4a70858e,0.09854205697774887,0.8955223880597032,-2.6886792452830193,22.515923572829163,17.91,34,28,9,2.827433388230814,3,5.0,7,0.08,/mnt/ceph-ssd/workspaces/ws/cidbn_wibral_neuro_nonhuman/u19361-workspace/allen/rf/zebra/rawresults/ephys/sub-830794_ses-ecephys-830794-2026-01-26-12-02-05_ecephys/ProbeD/trial_0/phase_1/lib_ab4a70858e/lib_ab4a70858e__delay_0.05__dur_0.15000000000000002.h5
b896612c-2d1a-4229-a119-8d06f30aee18,0.0,0.1,ab4a70858e,0.10043979436159134,-24.179104477611936,-0.8962264150943398,157.4840764271708,21.49,20,27,7,2.199114857512855,4,6.0,5,0.06,/mnt/ceph-ssd/workspaces/ws/cidbn_wibral_neuro_nonhuman/u19361-workspace/allen/rf/zebra/rawresults/ephys/sub-830794_ses-ecephys-830794-2026-01-26-12-02-05_ecephys/ProbeD/trial_0/phase_1/lib_ab4a70858e/lib_ab4a70858e__delay_0.0__dur_0.1.h5
b9f187bb-1a86-4aa8-aa1d-4f80386b1196,0.06,0.2,ab4a70858e,0.07988051325082779,-17.014925373134325,18.820754716981128,112.48408527317332,10.74,24,16,5,1.5707963267948966,1,3.0,11,1.2,/mnt/ceph-ssd/workspaces/ws/cidbn_wibral_neuro_nonhuman/u19361-workspace/allen/rf/zebra/rawresults/ephys/sub-830794_ses-ecephys-830794-2026-01-26-12-02-05_ecephys/ProbeD/trial_0/phase_1/lib_ab4a70858e/lib_ab4a70858e__delay_0.06__dur_0.2.h5
b9f7b4d5-54c7-46b1-aaf8-db6ca5370b54,0.0,0.15000000000000002,ab4a70858e,0.18607868254184723,-40.298507462686565,8.066037735849058,22.515923572829163,14.32,11,22,9,2.827433388230814,2,4.0,2,0.03,/mnt/ceph-ssd/workspaces/ws/cidbn_wibral_neuro_nonhuman/u19361-workspace/allen/rf/zebra/rawresults/ephys/sub-830794_ses-ecephys-830794-2026-01-26-12-02-05_ecephys/ProbeD/trial_0/phase_1/lib_ab4a70858e/lib_ab4a70858e__delay_0.0__dur_0.15000000000000002.h5
ba416bc9-8c6b-49dc-8aaa-8b3e83e3a074,0.05,0.15000000000000002,ab4a70858e,0.0781005248427391,-36.71641791044776,8.066037735849058,134.9774869247291,7.16,13,22,6,1.8849555921538759,0,2.0,9,0.1,/mnt/ceph-ssd/workspaces/ws/cidbn_wibral_neuro_nonhuman/u19361-workspace/allen/rf/zebra/rawresults/ephys/sub-830794_ses-ecephys-830794-2026-01-26-12-02-05_ecephys/ProbeD/trial_0/phase_1/lib_ab4a70858e/lib_ab4a70858e__delay_0.05__dur_0.15000000000000002.h5
ba8a28ad-795f-4408-8f01-9df86c382b21,0.01,0.25,ab4a70858e,0.08427025377750397,-31.34328358208955,11.650943396226417,22.515923572829163,7.16,16,20,9,2.827433388230814,0,2.0,9,0.1,/mnt/ceph-ssd/workspaces/ws/cidbn_wibral_neuro_nonhuman/u19361-workspace/allen/rf/zebra/rawresults/ephys/sub-830794_ses-ecephys-830794-2026-01-26-12-02-05_ecephys/ProbeD/trial_0/phase_1/lib_ab4a70858e/lib_ab4a70858e__delay_0.01__dur_0.25.h5
ba8ffd79-faa1-4e27-8e1d-06b5e4b2857b,0.0,0.1,ab4a70858e,0.18676428496837616,-45.67164179104478,9.858490566037737,157.4840764271708,14.32,8,21,7,2.199114857512855,2,4.0,2,0.03,/mnt/ceph-ssd/workspaces/ws/cidbn_wibral_neuro_nonhuman/u19361-workspace/allen/rf/zebra/rawresults/ephys/sub-830794_ses-ecephys-830794-2026-01-26-12-02-05_ecephys/ProbeD/trial_0/phase_1/lib_ab4a70858e/lib_ab4a70858e__delay_0.0__dur_0.1.h5
bae90539-63fd-456c-a5e2-1470ede42db1,0.11,0.1,ab4a70858e,0.07508405297994614,-47.46268656716418,-38.5377358490566,22.515923572829163,10.74,7,48,9,2.827433388230814,1,3.0,11,1.2,/mnt/ceph-ssd/workspaces/ws/cidbn_wibral_neuro_nonhuman/u19361-workspace/allen/rf/zebra/rawresults/ephys/sub-830794_ses-ecephys-830794-2026-01-26-12-02-05_ecephys/ProbeD/trial_0/phase_1/lib_ab4a70858e/lib_ab4a70858e__delay_0.11__dur_0.1.h5
bb1bd054-0aa6-442e-8828-08c46ac7332b,0.03,0.15000000000000002,ab4a70858e,0.07671564072370529,34.92537313432837,-9.858490566037737,0.0,21.49,53,32,0,0.0,4,6.0,11,1.2,/mnt/ceph-ssd/workspaces/ws/cidbn_wibral_neuro_nonhuman/u19361-workspace/allen/rf/zebra/rawresults/ephys/sub-830794_ses-ecephys-830794-2026-01-26-12-02-05_ecephys/ProbeD/trial_0/phase_1/lib_ab4a70858e/lib_ab4a70858e__delay_0.03__dur_0.15000000000000002.h5
bb3971ba-484b-4172-b33e-82174ea16bfc,0.01,0.05,ab4a70858e,0.391852468252182,-25.970149253731343,-0.8962264150943398,22.515923572829163,10.74,19,27,9,2.827433388230814,1,3.0,2,0.03,/mnt/ceph-ssd/workspaces/ws/cidbn_wibral_neuro_nonhuman/u19361-workspace/allen/rf/zebra/rawresults/ephys/sub-830794_ses-ecephys-830794-2026-01-26-12-02-05_ecephys/ProbeD/trial_0/phase_1/lib_ab4a70858e/lib_ab4a70858e__delay_0.01__dur_0.05.h5
bb856b79-fd08-483f-b458-2f0f1255f15d,0.12,0.25,ab4a70858e,0.09580851346254349,-38.507462686567166,18.820754716981128,45.02251307527088,28.65,12,16,2,0.6283185307179586,5,8.0,0,0.01,/mnt/ceph-ssd/workspaces/ws/cidbn_wibral_neuro_nonhuman/u19361-workspace/allen/rf/zebra/rawresults/ephys/sub-830794_ses-ecephys-830794-2026-01-26-12-02-05_ecephys/ProbeD/trial_0/phase_1/lib_ab4a70858e/lib_ab4a70858e__delay_0.12__dur_0.25.h5
bc98f502-3517-44cf-afec-277c5d40663f,0.05,0.2,ab4a70858e,0.077238067984581,-27.761194029850742,-4.481132075471699,134.9774869247291,17.91,18,29,6,1.8849555921538759,3,5.0,8,0.09,/mnt/ceph-ssd/workspaces/ws/cidbn_wibral_neuro_nonhuman/u19361-workspace/allen/rf/zebra/rawresults/ephys/sub-830794_ses-ecephys-830794-2026-01-26-12-02-05_ecephys/ProbeD/trial_0/phase_1/lib_ab4a70858e/lib_ab4a70858e__delay_0.05__dur_0.2.h5
bcfc53d6-3402-4c1a-b6d2-be508013ea11,0.01,0.15000000000000002,ab4a70858e,0.07841892540454865,49.25373134328359,-18.82075471698113,134.9774869247291,28.65,61,37,6,1.8849555921538759,5,8.0,5,0.06,/mnt/ceph-ssd/workspaces/ws/cidbn_wibral_neuro_nonhuman/u19361-workspace/allen/rf/zebra/rawresults/ephys/sub-830794_ses-ecephys-830794-2026-01-26-12-02-05_ecephys/ProbeD/trial_0/phase_1/lib_ab4a70858e/lib_ab4a70858e__delay_0.01__dur_0.15000000000000002.h5
bd586f86-27e1-4d42-981f-389c17333205,0.0,0.2,ab4a70858e,0.06701519340276718,-40.298507462686565,29.575471698113205,67.51591472682667,21.49,11,10,3,0.9424777960769379,4,6.0,8,0.09,/mnt/ceph-ssd/workspaces/ws/cidbn_wibral_neuro_nonhuman/u19361-workspace/allen/rf/zebra/rawresults/ephys/sub-830794_ses-ecephys-830794-2026-01-26-12-02-05_ecephys/ProbeD/trial_0/phase_1/lib_ab4a70858e/lib_ab4a70858e__delay_0.0__dur_0.2.h5
bd6463db-f0d4-4b0e-9ef8-a1e865fe8291,0.08,0.1,ab4a70858e,0.08854146301746368,-54.62686567164179,2.6886792452830193,67.51591472682667,21.49,3,25,3,0.9424777960769379,4,6.0,4,0.05,/mnt/ceph-ssd/workspaces/ws/cidbn_wibral_neuro_nonhuman/u19361-workspace/allen/rf/zebra/rawresults/ephys/sub-830794_ses-ecephys-830794-2026-01-26-12-02-05_ecephys/ProbeD/trial_0/phase_1/lib_ab4a70858e/lib_ab4a70858e__delay_0.08__dur_0.1.h5
bd694be4-a124-4153-8faf-776696fe1b09,0.0,0.2,ab4a70858e,0.07166348397731781,-22.388059701492537,6.273584905660378,0.0,17.91,21,23,0,0.0,3,5.0,11,1.2,/mnt/ceph-ssd/workspaces/ws/cidbn_wibral_neuro_nonhuman/u19361-workspace/allen/rf/zebra/rawresults/ephys/sub-830794_ses-ecephys-830794-2026-01-26-12-02-05_ecephys/ProbeD/trial_0/phase_1/lib_ab4a70858e/lib_ab4a70858e__delay_0.0__dur_0.2.h5
bd6f4165-a427-47a8-b279-d862b85c56be,0.0,0.1,ab4a70858e,0.08676633983850479,-6.268656716417908,0.8962264150943398,90.0,21.49,30,26,4,1.2566370614359172,4,6.0,5,0.06,/mnt/ceph-ssd/workspaces/ws/cidbn_wibral_neuro_nonhuman/u19361-workspace/allen/rf/zebra/rawresults/ephys/sub-830794_ses-ecephys-830794-2026-01-26-12-02-05_ecephys/ProbeD/trial_0/phase_1/lib_ab4a70858e/lib_ab4a70858e__delay_0.0__dur_0.1.h5
bd8ce76f-7e90-48b7-b163-6c91c9128d19,0.02,0.25,ab4a70858e,0.07230744510889053,-17.014925373134325,2.6886792452830193,157.4840764271708,17.91,24,25,7,2.199114857512855,3,5.0,12,1.3,/mnt/ceph-ssd/workspaces/ws/cidbn_wibral_neuro_nonhuman/u19361-workspace/allen/rf/zebra/rawresults/ephys/sub-830794_ses-ecephys-830794-2026-01-26-12-02-05_ecephys/ProbeD/trial_0/phase_1/lib_ab4a70858e/lib_ab4a70858e__delay_0.02__dur_0.25.h5
be7583ce-4d55-4356-8496-9d7cad574f13,0.12,0.25,ab4a70858e,0.07336849719285965,56.4179104477612,0.8962264150943398,45.02251307527088,7.16,65,26,2,0.6283185307179586,0,2.0,12,1.3,/mnt/ceph-ssd/workspaces/ws/cidbn_wibral_neuro_nonhuman/u19361-workspace/allen/rf/zebra/rawresults/ephys/sub-830794_ses-ecephys-830794-2026-01-26-12-02-05_ecephys/ProbeD/trial_0/phase_1/lib_ab4a70858e/lib_ab4a70858e__delay_0.12__dur_0.25.h5
bea7e190-c0d7-408b-9945-9f634c5bcf36,0.0,0.2,ab4a70858e,0.11589125543832779,-27.761194029850742,-38.5377358490566,22.515923572829195,17.91,18,48,1,0.3141592653589793,3,5.0,12,1.3,/mnt/ceph-ssd/workspaces/ws/cidbn_wibral_neuro_nonhuman/u19361-workspace/allen/rf/zebra/rawresults/ephys/sub-830794_ses-ecephys-830794-2026-01-26-12-02-05_ecephys/ProbeD/trial_0/phase_1/lib_ab4a70858e/lib_ab4a70858e__delay_0.0__dur_0.2.h5
c0e0a840-35b7-476c-8d4d-5eaa8dd6638d,0.12,0.25,ab4a70858e,0.07343501597642899,-29.55223880597015,45.70754716981132,22.515923572829163,14.32,17,1,9,2.827433388230814,2,4.0,3,0.04,/mnt/ceph-ssd/workspaces/ws/cidbn_wibral_neuro_nonhuman/u19361-workspace/allen/rf/zebra/rawresults/ephys/sub-830794_ses-ecephys-830794-2026-01-26-12-02-05_ecephys/ProbeD/trial_0/phase_1/lib_ab4a70858e/lib_ab4a70858e__delay_0.12__dur_0.25.h5
c0e543b7-d4f5-4785-937c-e0fe00126cc3,0.11,0.1,ab4a70858e,0.1263759732246399,-29.55223880597015,-6.273584905660378,180.0,21.49,17,30,8,2.5132741228718345,4,6.0,1,0.02,/mnt/ceph-ssd/workspaces/ws/cidbn_wibral_neuro_nonhuman/u19361-workspace/allen/rf/zebra/rawresults/ephys/sub-830794_ses-ecephys-830794-2026-01-26-12-02-05_ecephys/ProbeD/trial_0/phase_1/lib_ab4a70858e/lib_ab4a70858e__delay_0.11__dur_0.1.h5
c0ec5bcd-f7e2-45de-b093-2e9e2fa41b6c,0.12,0.2,ab4a70858e,0.07895297557115555,-22.388059701492537,24.198113207547166,180.0,17.91,21,13,8,2.5132741228718345,3,5.0,8,0.09,/mnt/ceph-ssd/workspaces/ws/cidbn_wibral_neuro_nonhuman/u19361-workspace/allen/rf/zebra/rawresults/ephys/sub-830794_ses-ecephys-830794-2026-01-26-12-02-05_ecephys/ProbeD/trial_0/phase_1/lib_ab4a70858e/lib_ab4a70858e__delay_0.12__dur_0.2.h5
c1a6a339-11b5-4802-8b8e-6e561dd0c2a4,0.0,0.1,ab4a70858e,0.09259682893753052,-27.761194029850742,-2.6886792452830193,22.515923572829163,7.16,18,28,9,2.827433388230814,0,2.0,4,0.05,/mnt/ceph-ssd/workspaces/ws/cidbn_wibral_neuro_nonhuman/u19361-workspace/allen/rf/zebra/rawresults/ephys/sub-830794_ses-ecephys-830794-2026-01-26-12-02-05_ecephys/ProbeD/trial_0/phase_1/lib_ab4a70858e/lib_ab4a70858e__delay_0.0__dur_0.1.h5
c25c637a-bc3c-40ec-a0c3-06ed33e927b3,0.08,0.25,ab4a70858e,0.08323291689157486,-20.59701492537313,25.990566037735846,157.4840764271708,28.65,22,12,7,2.199114857512855,5,8.0,4,0.05,/mnt/ceph-ssd/workspaces/ws/cidbn_wibral_neuro_nonhuman/u19361-workspace/allen/rf/zebra/rawresults/ephys/sub-830794_ses-ecephys-830794-2026-01-26-12-02-05_ecephys/ProbeD/trial_0/phase_1/lib_ab4a70858e/lib_ab4a70858e__delay_0.08__dur_0.25.h5
c2eb210b-79cb-4371-899e-c51762a48486,0.01,0.05,ab4a70858e,0.46089303493499756,9.85074626865672,-15.235849056603776,22.515923572829163,10.74,39,35,9,2.827433388230814,1,3.0,2,0.03,/mnt/ceph-ssd/workspaces/ws/cidbn_wibral_neuro_nonhuman/u19361-workspace/allen/rf/zebra/rawresults/ephys/sub-830794_ses-ecephys-830794-2026-01-26-12-02-05_ecephys/ProbeD/trial_0/phase_1/lib_ab4a70858e/lib_ab4a70858e__delay_0.01__dur_0.05.h5
c35d4549-c564-47fb-8c0a-3fe5fe3f84ce,0.0,0.25,ab4a70858e,0.08205122500658035,-24.179104477611936,2.6886792452830193,67.51591472682667,14.32,20,25,3,0.9424777960769379,2,4.0,12,1.3,/mnt/ceph-ssd/workspaces/ws/cidbn_wibral_neuro_nonhuman/u19361-workspace/allen/rf/zebra/rawresults/ephys/sub-830794_ses-ecephys-830794-2026-01-26-12-02-05_ecephys/ProbeD/trial_0/phase_1/lib_ab4a70858e/lib_ab4a70858e__delay_0.0__dur_0.25.h5
c3979bd3-d30e-4697-b4cd-462ce6c5bcb1,0.08,0.2,ab4a70858e,0.14625729620456696,-6.268656716417908,-11.650943396226417,134.9774869247291,21.49,30,33,6,1.8849555921538759,4,6.0,1,0.02,/mnt/ceph-ssd/workspaces/ws/cidbn_wibral_neuro_nonhuman/u19361-workspace/allen/rf/zebra/rawresults/ephys/sub-830794_ses-ecephys-830794-2026-01-26-12-02-05_ecephys/ProbeD/trial_0/phase_1/lib_ab4a70858e/lib_ab4a70858e__delay_0.08__dur_0.2.h5
c4488609-e418-4463-af3b-fbb7aa3ec08c,0.06,0.2,ab4a70858e,0.07320583611726761,-4.477611940298509,-8.066037735849058,45.02251307527088,10.74,31,31,2,0.6283185307179586,1,3.0,9,0.1,/mnt/ceph-ssd/workspaces/ws/cidbn_wibral_neuro_nonhuman/u19361-workspace/allen/rf/zebra/rawresults/ephys/sub-830794_ses-ecephys-830794-2026-01-26-12-02-05_ecephys/ProbeD/trial_0/phase_1/lib_ab4a70858e/lib_ab4a70858e__delay_0.06__dur_0.2.h5
c44c3330-e9ec-451f-9ecd-155376b07189,0.09,0.15000000000000002,ab4a70858e,0.08181357383728027,-4.477611940298509,-34.95283018867924,112.48408527317332,14.32,31,46,5,1.5707963267948966,2,4.0,11,1.2,/mnt/ceph-ssd/workspaces/ws/cidbn_wibral_neuro_nonhuman/u19361-workspace/allen/rf/zebra/rawresults/ephys/sub-830794_ses-ecephys-830794-2026-01-26-12-02-05_ecephys/ProbeD/trial_0/phase_1/lib_ab4a70858e/lib_ab4a70858e__delay_0.09__dur_0.15000000000000002.h5
c4e74689-3f2b-4274-9c52-7f92bc3ab86b,0.0,0.2,ab4a70858e,0.08152953535318375,-4.477611940298509,-6.273584905660378,180.0,7.16,31,30,8,2.5132741228718345,0,2.0,12,1.3,/mnt/ceph-ssd/workspaces/ws/cidbn_wibral_neuro_nonhuman/u19361-workspace/allen/rf/zebra/rawresults/ephys/sub-830794_ses-ecephys-830794-2026-01-26-12-02-05_ecephys/ProbeD/trial_0/phase_1/lib_ab4a70858e/lib_ab4a70858e__delay_0.0__dur_0.2.h5
c64d68a2-eea2-43d1-b529-74f917c4bcdd,0.0,0.1,ab4a70858e,0.12585954368114471,-24.179104477611936,-0.8962264150943398,45.02251307527088,14.32,20,27,2,0.6283185307179586,2,4.0,2,0.03,/mnt/ceph-ssd/workspaces/ws/cidbn_wibral_neuro_nonhuman/u19361-workspace/allen/rf/zebra/rawresults/ephys/sub-830794_ses-ecephys-830794-2026-01-26-12-02-05_ecephys/ProbeD/trial_0/phase_1/lib_ab4a70858e/lib_ab4a70858e__delay_0.0__dur_0.1.h5
c6c1dee3-0579-4bc0-9754-7c34300c059b,0.0,0.1,ab4a70858e,0.13976553082466125,-52.83582089552239,4.481132075471699,134.9774869247291,21.49,4,24,6,1.8849555921538759,4,6.0,5,0.06,/mnt/ceph-ssd/workspaces/ws/cidbn_wibral_neuro_nonhuman/u19361-workspace/allen/rf/zebra/rawresults/ephys/sub-830794_ses-ecephys-830794-2026-01-26-12-02-05_ecephys/ProbeD/trial_0/phase_1/lib_ab4a70858e/lib_ab4a70858e__delay_0.0__dur_0.1.h5
c766d26f-a56c-41f7-900a-6691078a55df,0.11,0.15000000000000002,ab4a70858e,0.0900893285870552,-9.850746268656714,17.02830188679245,45.02251307527088,14.32,28,17,2,0.6283185307179586,2,4.0,12,1.3,/mnt/ceph-ssd/workspaces/ws/cidbn_wibral_neuro_nonhuman/u19361-workspace/allen/rf/zebra/rawresults/ephys/sub-830794_ses-ecephys-830794-2026-01-26-12-02-05_ecephys/ProbeD/trial_0/phase_1/lib_ab4a70858e/lib_ab4a70858e__delay_0.11__dur_0.15000000000000002.h5
c7ed82e0-006c-48f9-9cbf-56119978d724,0.12,0.2,ab4a70858e,0.08688970655202866,-2.6865671641791025,11.650943396226417,45.02251307527088,28.65,32,20,2,0.6283185307179586,5,8.0,7,0.08,/mnt/ceph-ssd/workspaces/ws/cidbn_wibral_neuro_nonhuman/u19361-workspace/allen/rf/zebra/rawresults/ephys/sub-830794_ses-ecephys-830794-2026-01-26-12-02-05_ecephys/ProbeD/trial_0/phase_1/lib_ab4a70858e/lib_ab4a70858e__delay_0.12__dur_0.2.h5
c8552526-b4b6-448e-9385-5c5bc97ac9b4,0.12,0.2,ab4a70858e,0.1634061485528946,-8.059701492537314,-11.650943396226417,180.0,17.91,29,33,8,2.5132741228718345,3,5.0,12,1.3,/mnt/ceph-ssd/workspaces/ws/cidbn_wibral_neuro_nonhuman/u19361-workspace/allen/rf/zebra/rawresults/ephys/sub-830794_ses-ecephys-830794-2026-01-26-12-02-05_ecephys/ProbeD/trial_0/phase_1/lib_ab4a70858e/lib_ab4a70858e__delay_0.12__dur_0.2.h5
c85a46c2-f875-4b91-a987-c6f05f7e2aa2,0.0,0.1,ab4a70858e,0.11362363398075104,-13.43283582089552,4.481132075471699,22.515923572829163,21.49,26,24,9,2.827433388230814,4,6.0,3,0.04,/mnt/ceph-ssd/workspaces/ws/cidbn_wibral_neuro_nonhuman/u19361-workspace/allen/rf/zebra/rawresults/ephys/sub-830794_ses-ecephys-830794-2026-01-26-12-02-05_ecephys/ProbeD/trial_0/phase_1/lib_ab4a70858e/lib_ab4a70858e__delay_0.0__dur_0.1.h5
c871b1a7-6f0a-4081-b38d-8f93b473d76a,0.0,0.05,ab4a70858e,0.45000243186950684,-0.8955223880596961,-9.858490566037737,22.515923572829163,7.16,33,32,9,2.827433388230814,0,2.0,3,0.04,/mnt/ceph-ssd/workspaces/ws/cidbn_wibral_neuro_nonhuman/u19361-workspace/allen/rf/zebra/rawresults/ephys/sub-830794_ses-ecephys-830794-2026-01-26-12-02-05_ecephys/ProbeD/trial_0/phase_1/lib_ab4a70858e/lib_ab4a70858e__delay_0.0__dur_0.05.h5
c8f570c6-3108-439a-ac6a-90e1bdaa9794,0.0,0.2,ab4a70858e,0.08840949833393097,40.29850746268657,-43.91509433962264,45.02251307527088,17.91,56,51,2,0.6283185307179586,3,5.0,9,0.1,/mnt/ceph-ssd/workspaces/ws/cidbn_wibral_neuro_nonhuman/u19361-workspace/allen/rf/zebra/rawresults/ephys/sub-830794_ses-ecephys-830794-2026-01-26-12-02-05_ecephys/ProbeD/trial_0/phase_1/lib_ab4a70858e/lib_ab4a70858e__delay_0.0__dur_0.2.h5
ca22ac94-0749-402a-bbbc-137c5b1a4bd6,0.0,0.15000000000000002,ab4a70858e,0.1054326742887497,-17.014925373134325,-2.6886792452830193,0.0,17.91,24,28,0,0.0,3,5.0,1,0.02,/mnt/ceph-ssd/workspaces/ws/cidbn_wibral_neuro_nonhuman/u19361-workspace/allen/rf/zebra/rawresults/ephys/sub-830794_ses-ecephys-830794-2026-01-26-12-02-05_ecephys/ProbeD/trial_0/phase_1/lib_ab4a70858e/lib_ab4a70858e__delay_0.0__dur_0.15000000000000002.h5
caddf7bc-c054-4364-ab1f-546d845cd619,0.03,0.25,ab4a70858e,0.07740722596645355,45.67164179104478,20.613207547169807,134.9774869247291,28.65,59,15,6,1.8849555921538759,5,8.0,9,0.1,/mnt/ceph-ssd/workspaces/ws/cidbn_wibral_neuro_nonhuman/u19361-workspace/allen/rf/zebra/rawresults/ephys/sub-830794_ses-ecephys-830794-2026-01-26-12-02-05_ecephys/ProbeD/trial_0/phase_1/lib_ab4a70858e/lib_ab4a70858e__delay_0.03__dur_0.25.h5
cb01daf1-700d-4c4e-817b-8e225e8c80fb,0.02,0.15000000000000002,ab4a70858e,0.07184866815805435,52.83582089552239,-27.78301886792453,157.4840764271708,7.16,63,42,7,2.199114857512855,0,2.0,12,1.3,/mnt/ceph-ssd/workspaces/ws/cidbn_wibral_neuro_nonhuman/u19361-workspace/allen/rf/zebra/rawresults/ephys/sub-830794_ses-ecephys-830794-2026-01-26-12-02-05_ecephys/ProbeD/trial_0/phase_1/lib_ab4a70858e/lib_ab4a70858e__delay_0.02__dur_0.15000000000000002.h5
cbc8072e-5ebf-46ee-aa25-3dff9d95aa38,0.01,0.1,ab4a70858e,0.0862092450261116,-6.268656716417908,2.6886792452830193,90.0,28.65,30,25,4,1.2566370614359172,5,8.0,8,0.09,/mnt/ceph-ssd/workspaces/ws/cidbn_wibral_neuro_nonhuman/u19361-workspace/allen/rf/zebra/rawresults/ephys/sub-830794_ses-ecephys-830794-2026-01-26-12-02-05_ecephys/ProbeD/trial_0/phase_1/lib_ab4a70858e/lib_ab4a70858e__delay_0.01__dur_0.1.h5
cbf07783-0f3a-4c8f-8892-377d61d49163,0.0,0.1,ab4a70858e,0.08878437429666519,-9.850746268656714,0.8962264150943398,22.515923572829163,14.32,28,26,9,2.827433388230814,2,4.0,9,0.1,/mnt/ceph-ssd/workspaces/ws/cidbn_wibral_neuro_nonhuman/u19361-workspace/allen/rf/zebra/rawresults/ephys/sub-830794_ses-ecephys-830794-2026-01-26-12-02-05_ecephys/ProbeD/trial_0/phase_1/lib_ab4a70858e/lib_ab4a70858e__delay_0.0__dur_0.1.h5
cc9de4ed-1219-44fb-82e6-b0f96c2a9d58,0.1,0.25,ab4a70858e,0.09608061611652374,-17.014925373134325,-9.858490566037737,0.0,14.32,24,32,0,0.0,2,4.0,11,1.2,/mnt/ceph-ssd/workspaces/ws/cidbn_wibral_neuro_nonhuman/u19361-workspace/allen/rf/zebra/rawresults/ephys/sub-830794_ses-ecephys-830794-2026-01-26-12-02-05_ecephys/ProbeD/trial_0/phase_1/lib_ab4a70858e/lib_ab4a70858e__delay_0.1__dur_0.25.h5
ccc74635-1ff1-46e8-9fc3-dd24dccbfa4f,0.0,0.1,ab4a70858e,0.0743669793009758,6.268656716417908,33.160377358490564,90.0,28.65,37,8,4,1.2566370614359172,5,8.0,9,0.1,/mnt/ceph-ssd/workspaces/ws/cidbn_wibral_neuro_nonhuman/u19361-workspace/allen/rf/zebra/rawresults/ephys/sub-830794_ses-ecephys-830794-2026-01-26-12-02-05_ecephys/ProbeD/trial_0/phase_1/lib_ab4a70858e/lib_ab4a70858e__delay_0.0__dur_0.1.h5
cd4659b4-bae7-4883-80bd-1416f6d149c8,0.01,0.05,ab4a70858e,0.4340849220752716,-38.507462686567166,4.481132075471699,180.0,10.74,12,24,8,2.5132741228718345,1,3.0,2,0.03,/mnt/ceph-ssd/workspaces/ws/cidbn_wibral_neuro_nonhuman/u19361-workspace/allen/rf/zebra/rawresults/ephys/sub-830794_ses-ecephys-830794-2026-01-26-12-02-05_ecephys/ProbeD/trial_0/phase_1/lib_ab4a70858e/lib_ab4a70858e__delay_0.01__dur_0.05.h5
cd6fe13a-3799-4119-8610-e0f04fe08ab1,0.0,0.15000000000000002,ab4a70858e,0.06950737535953522,-4.477611940298509,6.273584905660378,180.0,7.16,31,23,8,2.5132741228718345,0,2.0,12,1.3,/mnt/ceph-ssd/workspaces/ws/cidbn_wibral_neuro_nonhuman/u19361-workspace/allen/rf/zebra/rawresults/ephys/sub-830794_ses-ecephys-830794-2026-01-26-12-02-05_ecephys/ProbeD/trial_0/phase_1/lib_ab4a70858e/lib_ab4a70858e__delay_0.0__dur_0.15000000000000002.h5
cdc9cf89-5b26-4d89-9511-3efa2a588974,0.12,0.15000000000000002,ab4a70858e,0.10212206095457077,-31.34328358208955,0.8962264150943398,0.0,17.91,16,26,0,0.0,3,5.0,11,1.2,/mnt/ceph-ssd/workspaces/ws/cidbn_wibral_neuro_nonhuman/u19361-workspace/allen/rf/zebra/rawresults/ephys/sub-830794_ses-ecephys-830794-2026-01-26-12-02-05_ecephys/ProbeD/trial_0/phase_1/lib_ab4a70858e/lib_ab4a70858e__delay_0.12__dur_0.15000000000000002.h5
ce619400-293e-4ecd-9192-5641866da809,0.04,0.25,ab4a70858e,0.08959756046533585,-36.71641791044776,31.367924528301884,157.4840764271708,10.74,13,9,7,2.199114857512855,1,3.0,6,0.07,/mnt/ceph-ssd/workspaces/ws/cidbn_wibral_neuro_nonhuman/u19361-workspace/allen/rf/zebra/rawresults/ephys/sub-830794_ses-ecephys-830794-2026-01-26-12-02-05_ecephys/ProbeD/trial_0/phase_1/lib_ab4a70858e/lib_ab4a70858e__delay_0.04__dur_0.25.h5
ce7b6276-9769-4568-9544-869c2485dda3,0.0,0.1,ab4a70858e,0.25680992007255554,-25.970149253731343,-4.481132075471699,112.48408527317332,21.49,19,29,5,1.5707963267948966,4,6.0,1,0.02,/mnt/ceph-ssd/workspaces/ws/cidbn_wibral_neuro_nonhuman/u19361-workspace/allen/rf/zebra/rawresults/ephys/sub-830794_ses-ecephys-830794-2026-01-26-12-02-05_ecephys/ProbeD/trial_0/phase_1/lib_ab4a70858e/lib_ab4a70858e__delay_0.0__dur_0.1.h5
ce8616bc-5761-4da9-ab93-ea6dd11f5c73,0.0,0.05,ab4a70858e,0.2970145046710968,-40.298507462686565,11.650943396226417,22.515923572829163,7.16,11,20,9,2.827433388230814,0,2.0,9,0.1,/mnt/ceph-ssd/workspaces/ws/cidbn_wibral_neuro_nonhuman/u19361-workspace/allen/rf/zebra/rawresults/ephys/sub-830794_ses-ecephys-830794-2026-01-26-12-02-05_ecephys/ProbeD/trial_0/phase_1/lib_ab4a70858e/lib_ab4a70858e__delay_0.0__dur_0.05.h5
ce9182e4-4f95-4f7c-91a5-576624fad968,0.05,0.15000000000000002,ab4a70858e,0.08449169993400574,34.92537313432837,24.198113207547166,0.0,28.65,53,13,0,0.0,5,8.0,8,0.09,/mnt/ceph-ssd/workspaces/ws/cidbn_wibral_neuro_nonhuman/u19361-workspace/allen/rf/zebra/rawresults/ephys/sub-830794_ses-ecephys-830794-2026-01-26-12-02-05_ecephys/ProbeD/trial_0/phase_1/lib_ab4a70858e/lib_ab4a70858e__delay_0.05__dur_0.15000000000000002.h5
cff27d46-c792-4826-bbf7-a423fdf63079,0.12,0.25,ab4a70858e,0.07422535866498947,40.29850746268657,-42.12264150943396,67.51591472682667,17.91,56,50,3,0.9424777960769379,3,5.0,9,0.1,/mnt/ceph-ssd/workspaces/ws/cidbn_wibral_neuro_nonhuman/u19361-workspace/allen/rf/zebra/rawresults/ephys/sub-830794_ses-ecephys-830794-2026-01-26-12-02-05_ecephys/ProbeD/trial_0/phase_1/lib_ab4a70858e/lib_ab4a70858e__delay_0.12__dur_0.25.h5
d0228720-fe96-4a49-aebf-fda97790e31a,0.0,0.2,ab4a70858e,0.07103714346885681,-34.92537313432835,-33.160377358490564,45.02251307527088,10.74,14,45,2,0.6283185307179586,1,3.0,9,0.1,/mnt/ceph-ssd/workspaces/ws/cidbn_wibral_neuro_nonhuman/u19361-workspace/allen/rf/zebra/rawresults/ephys/sub-830794_ses-ecephys-830794-2026-01-26-12-02-05_ecephys/ProbeD/trial_0/phase_1/lib_ab4a70858e/lib_ab4a70858e__delay_0.0__dur_0.2.h5
d0c0a191-b46c-474c-a82f-f51f6238aa1a,0.12,0.2,ab4a70858e,0.07821957021951675,-24.179104477611936,11.650943396226417,157.4840764271708,21.49,20,20,7,2.199114857512855,4,6.0,9,0.1,/mnt/ceph-ssd/workspaces/ws/cidbn_wibral_neuro_nonhuman/u19361-workspace/allen/rf/zebra/rawresults/ephys/sub-830794_ses-ecephys-830794-2026-01-26-12-02-05_ecephys/ProbeD/trial_0/phase_1/lib_ab4a70858e/lib_ab4a70858e__delay_0.12__dur_0.2.h5
d0ddd100-5204-4a51-a144-7bd41cd17305,0.07,0.15000000000000002,ab4a70858e,0.08171869814395905,-8.059701492537314,-31.367924528301888,45.02251307527088,10.74,29,44,2,0.6283185307179586,1,3.0,12,1.3,/mnt/ceph-ssd/workspaces/ws/cidbn_wibral_neuro_nonhuman/u19361-workspace/allen/rf/zebra/rawresults/ephys/sub-830794_ses-ecephys-830794-2026-01-26-12-02-05_ecephys/ProbeD/trial_0/phase_1/lib_ab4a70858e/lib_ab4a70858e__delay_0.07__dur_0.15000000000000002.h5
d0f14001-c29f-43ad-9928-413c05b68dee,0.0,0.2,ab4a70858e,0.07625223696231842,45.67164179104478,2.6886792452830193,22.515923572829163,28.65,59,25,9,2.827433388230814,5,8.0,3,0.04,/mnt/ceph-ssd/workspaces/ws/cidbn_wibral_neuro_nonhuman/u19361-workspace/allen/rf/zebra/rawresults/ephys/sub-830794_ses-ecephys-830794-2026-01-26-12-02-05_ecephys/ProbeD/trial_0/phase_1/lib_ab4a70858e/lib_ab4a70858e__delay_0.0__dur_0.2.h5
d15564b7-788a-4055-9035-8158cdf9d277,0.11,0.25,ab4a70858e,0.07525482773780823,56.4179104477612,2.6886792452830193,0.0,7.16,65,25,0,0.0,0,2.0,9,0.1,/mnt/ceph-ssd/workspaces/ws/cidbn_wibral_neuro_nonhuman/u19361-workspace/allen/rf/zebra/rawresults/ephys/sub-830794_ses-ecephys-830794-2026-01-26-12-02-05_ecephys/ProbeD/trial_0/phase_1/lib_ab4a70858e/lib_ab4a70858e__delay_0.11__dur_0.25.h5
d1c4b842-1c19-4fc1-a8e4-ac4efddf62be,0.01,0.1,ab4a70858e,0.10983096063137054,-58.208955223880594,15.235849056603776,0.0,28.65,1,18,0,0.0,5,8.0,3,0.04,/mnt/ceph-ssd/workspaces/ws/cidbn_wibral_neuro_nonhuman/u19361-workspace/allen/rf/zebra/rawresults/ephys/sub-830794_ses-ecephys-830794-2026-01-26-12-02-05_ecephys/ProbeD/trial_0/phase_1/lib_ab4a70858e/lib_ab4a70858e__delay_0.01__dur_0.1.h5
d286af94-a72f-43df-943f-26254f027c85,0.0,0.1,ab4a70858e,0.11754565685987473,-42.089552238805965,22.405660377358487,134.9774869247291,7.16,10,14,6,1.8849555921538759,0,2.0,5,0.06,/mnt/ceph-ssd/workspaces/ws/cidbn_wibral_neuro_nonhuman/u19361-workspace/allen/rf/zebra/rawresults/ephys/sub-830794_ses-ecephys-830794-2026-01-26-12-02-05_ecephys/ProbeD/trial_0/phase_1/lib_ab4a70858e/lib_ab4a70858e__delay_0.0__dur_0.1.h5
d29951af-4aa8-4ee4-ab70-7518d5b0f078,0.09,0.1,ab4a70858e,0.0708974078297615,4.477611940298516,-0.8962264150943398,45.02251307527088,28.65,36,27,2,0.6283185307179586,5,8.0,3,0.04,/mnt/ceph-ssd/workspaces/ws/cidbn_wibral_neuro_nonhuman/u19361-workspace/allen/rf/zebra/rawresults/ephys/sub-830794_ses-ecephys-830794-2026-01-26-12-02-05_ecephys/ProbeD/trial_0/phase_1/lib_ab4a70858e/lib_ab4a70858e__delay_0.09__dur_0.1.h5
d315b0b8-ec0f-44d8-8ee2-57c0c9ff1689,0.03,0.25,ab4a70858e,0.11115255951881409,-25.970149253731343,11.650943396226417,45.02251307527088,10.74,19,20,2,0.6283185307179586,1,3.0,12,1.3,/mnt/ceph-ssd/workspaces/ws/cidbn_wibral_neuro_nonhuman/u19361-workspace/allen/rf/zebra/rawresults/ephys/sub-830794_ses-ecephys-830794-2026-01-26-12-02-05_ecephys/ProbeD/trial_0/phase_1/lib_ab4a70858e/lib_ab4a70858e__delay_0.03__dur_0.25.h5
d343442f-6710-4109-921d-b2a5f3438234,0.0,0.1,ab4a70858e,0.1588405817747116,-60.0,-22.40566037735849,180.0,7.16,0,39,8,2.5132741228718345,0,2.0,9,0.1,/mnt/ceph-ssd/workspaces/ws/cidbn_wibral_neuro_nonhuman/u19361-workspace/allen/rf/zebra/rawresults/ephys/sub-830794_ses-ecephys-830794-2026-01-26-12-02-05_ecephys/ProbeD/trial_0/phase_1/lib_ab4a70858e/lib_ab4a70858e__delay_0.0__dur_0.1.h5
d372f510-75c4-459d-a6fb-484bdd8bbf24,0.0,0.1,ab4a70858e,0.16823093593120575,-17.014925373134325,-6.273584905660378,22.515923572829195,17.91,24,30,1,0.3141592653589793,3,5.0,5,0.06,/mnt/ceph-ssd/workspaces/ws/cidbn_wibral_neuro_nonhuman/u19361-workspace/allen/rf/zebra/rawresults/ephys/sub-830794_ses-ecephys-830794-2026-01-26-12-02-05_ecephys/ProbeD/trial_0/phase_1/lib_ab4a70858e/lib_ab4a70858e__delay_0.0__dur_0.1.h5
d386e189-8e2d-4e32-b751-a4720cc6ca43,0.09,0.25,ab4a70858e,0.0718928724527359,-11.64179104477612,17.02830188679245,157.4840764271708,7.16,27,17,7,2.199114857512855,0,2.0,12,1.3,/mnt/ceph-ssd/workspaces/ws/cidbn_wibral_neuro_nonhuman/u19361-workspace/allen/rf/zebra/rawresults/ephys/sub-830794_ses-ecephys-830794-2026-01-26-12-02-05_ecephys/ProbeD/trial_0/phase_1/lib_ab4a70858e/lib_ab4a70858e__delay_0.09__dur_0.25.h5
d3a41e30-4c7e-4e3e-bbcf-2dad4555d2d9,0.08,0.25,ab4a70858e,0.07635855674743652,20.59701492537313,20.613207547169807,45.02251307527088,10.74,45,15,2,0.6283185307179586,1,3.0,12,1.3,/mnt/ceph-ssd/workspaces/ws/cidbn_wibral_neuro_nonhuman/u19361-workspace/allen/rf/zebra/rawresults/ephys/sub-830794_ses-ecephys-830794-2026-01-26-12-02-05_ecephys/ProbeD/trial_0/phase_1/lib_ab4a70858e/lib_ab4a70858e__delay_0.08__dur_0.25.h5
d3cf15ab-e9fa-482d-83ee-e8f23d82ece5,0.01,0.25,ab4a70858e,0.07629115134477615,4.477611940298516,40.33018867924528,22.515923572829195,21.49,36,4,1,0.3141592653589793,4,6.0,3,0.04,/mnt/ceph-ssd/workspaces/ws/cidbn_wibral_neuro_nonhuman/u19361-workspace/allen/rf/zebra/rawresults/ephys/sub-830794_ses-ecephys-830794-2026-01-26-12-02-05_ecephys/ProbeD/trial_0/phase_1/lib_ab4a70858e/lib_ab4a70858e__delay_0.01__dur_0.25.h5
d3d39a58-8d14-462e-b9b2-0b90e6b5744f,0.12,0.25,ab4a70858e,0.08849938213825226,56.4179104477612,-0.8962264150943398,67.51591472682667,7.16,65,27,3,0.9424777960769379,0,2.0,12,1.3,/mnt/ceph-ssd/workspaces/ws/cidbn_wibral_neuro_nonhuman/u19361-workspace/allen/rf/zebra/rawresults/ephys/sub-830794_ses-ecephys-830794-2026-01-26-12-02-05_ecephys/ProbeD/trial_0/phase_1/lib_ab4a70858e/lib_ab4a70858e__delay_0.12__dur_0.25.h5
d41895ff-b2f9-41e1-afd4-56814aee3001,0.05,0.1,ab4a70858e,0.14764384925365448,-18.80597014925373,-4.481132075471699,22.515923572829163,28.65,23,29,9,2.827433388230814,5,8.0,0,0.01,/mnt/ceph-ssd/workspaces/ws/cidbn_wibral_neuro_nonhuman/u19361-workspace/allen/rf/zebra/rawresults/ephys/sub-830794_ses-ecephys-830794-2026-01-26-12-02-05_ecephys/ProbeD/trial_0/phase_1/lib_ab4a70858e/lib_ab4a70858e__delay_0.05__dur_0.1.h5
d5e4baf4-bab6-48b4-8ac1-fb19d27dc786,0.1,0.1,ab4a70858e,0.17588430643081665,-6.268656716417908,-11.650943396226417,22.515923572829163,21.49,30,33,9,2.827433388230814,4,6.0,0,0.01,/mnt/ceph-ssd/workspaces/ws/cidbn_wibral_neuro_nonhuman/u19361-workspace/allen/rf/zebra/rawresults/ephys/sub-830794_ses-ecephys-830794-2026-01-26-12-02-05_ecephys/ProbeD/trial_0/phase_1/lib_ab4a70858e/lib_ab4a70858e__delay_0.1__dur_0.1.h5
d6029785-c25e-4c5d-b7a4-959eb1cddf44,0.11,0.2,ab4a70858e,0.08838284015655518,36.71641791044776,20.613207547169807,157.4840764271708,10.74,54,15,7,2.199114857512855,1,3.0,9,0.1,/mnt/ceph-ssd/workspaces/ws/cidbn_wibral_neuro_nonhuman/u19361-workspace/allen/rf/zebra/rawresults/ephys/sub-830794_ses-ecephys-830794-2026-01-26-12-02-05_ecephys/ProbeD/trial_0/phase_1/lib_ab4a70858e/lib_ab4a70858e__delay_0.11__dur_0.2.h5
d683c91b-ad47-4477-8f19-79b8007e00f4,0.0,0.05,ab4a70858e,0.3544743061065674,38.507462686567166,-9.858490566037737,22.515923572829163,10.74,55,32,9,2.827433388230814,1,3.0,2,0.03,/mnt/ceph-ssd/workspaces/ws/cidbn_wibral_neuro_nonhuman/u19361-workspace/allen/rf/zebra/rawresults/ephys/sub-830794_ses-ecephys-830794-2026-01-26-12-02-05_ecephys/ProbeD/trial_0/phase_1/lib_ab4a70858e/lib_ab4a70858e__delay_0.0__dur_0.05.h5
d6b45c89-c901-4cce-8c07-fb5e3bf3491f,0.01,0.15000000000000002,ab4a70858e,0.08492403477430344,-20.59701492537313,27.783018867924525,90.0,10.74,22,11,4,1.2566370614359172,1,3.0,8,0.09,/mnt/ceph-ssd/workspaces/ws/cidbn_wibral_neuro_nonhuman/u19361-workspace/allen/rf/zebra/rawresults/ephys/sub-830794_ses-ecephys-830794-2026-01-26-12-02-05_ecephys/ProbeD/trial_0/phase_1/lib_ab4a70858e/lib_ab4a70858e__delay_0.01__dur_0.15000000000000002.h5
d86b54f1-7b15-4d79-a5d3-6ef540b2db98,0.0,0.05,ab4a70858e,0.14082065224647522,-27.761194029850742,6.273584905660378,90.0,28.65,18,23,4,1.2566370614359172,5,8.0,6,0.07,/mnt/ceph-ssd/workspaces/ws/cidbn_wibral_neuro_nonhuman/u19361-workspace/allen/rf/zebra/rawresults/ephys/sub-830794_ses-ecephys-830794-2026-01-26-12-02-05_ecephys/ProbeD/trial_0/phase_1/lib_ab4a70858e/lib_ab4a70858e__delay_0.0__dur_0.05.h5
d89ae2d3-78e3-4e4e-b122-b0f0d9a8b194,0.0,0.1,ab4a70858e,0.4019560217857361,13.43283582089552,-17.028301886792452,0.0,14.32,41,36,0,0.0,2,4.0,1,0.02,/mnt/ceph-ssd/workspaces/ws/cidbn_wibral_neuro_nonhuman/u19361-workspace/allen/rf/zebra/rawresults/ephys/sub-830794_ses-ecephys-830794-2026-01-26-12-02-05_ecephys/ProbeD/trial_0/phase_1/lib_ab4a70858e/lib_ab4a70858e__delay_0.0__dur_0.1.h5
d8b42b3f-ceeb-4f10-a1e8-6a6d9331b0f3,0.0,0.1,ab4a70858e,0.12293180078268051,-15.223880597014926,8.066037735849058,134.9774869247291,21.49,25,22,6,1.8849555921538759,4,6.0,3,0.04,/mnt/ceph-ssd/workspaces/ws/cidbn_wibral_neuro_nonhuman/u19361-workspace/allen/rf/zebra/rawresults/ephys/sub-830794_ses-ecephys-830794-2026-01-26-12-02-05_ecephys/ProbeD/trial_0/phase_1/lib_ab4a70858e/lib_ab4a70858e__delay_0.0__dur_0.1.h5
d8ccacb9-0084-4811-a606-9b61bc0dd1cd,0.0,0.1,ab4a70858e,0.40008026361465454,-20.59701492537313,4.481132075471699,0.0,10.74,22,24,0,0.0,1,3.0,2,0.03,/mnt/ceph-ssd/workspaces/ws/cidbn_wibral_neuro_nonhuman/u19361-workspace/allen/rf/zebra/rawresults/ephys/sub-830794_ses-ecephys-830794-2026-01-26-12-02-05_ecephys/ProbeD/trial_0/phase_1/lib_ab4a70858e/lib_ab4a70858e__delay_0.0__dur_0.1.h5
d9b920be-039a-4d30-a66b-777c726ce94d,0.01,0.25,ab4a70858e,0.25099360942840576,33.13432835820896,22.405660377358487,157.4840764271708,17.91,52,14,7,2.199114857512855,3,5.0,12,1.3,/mnt/ceph-ssd/workspaces/ws/cidbn_wibral_neuro_nonhuman/u19361-workspace/allen/rf/zebra/rawresults/ephys/sub-830794_ses-ecephys-830794-2026-01-26-12-02-05_ecephys/ProbeD/trial_0/phase_1/lib_ab4a70858e/lib_ab4a70858e__delay_0.01__dur_0.25.h5
d9ec7da9-057f-4198-8ba9-a05986930e8c,0.0,0.05,ab4a70858e,0.1312478631734848,-20.59701492537313,-0.8962264150943398,112.48408527317332,21.49,22,27,5,1.5707963267948966,4,6.0,5,0.06,/mnt/ceph-ssd/workspaces/ws/cidbn_wibral_neuro_nonhuman/u19361-workspace/allen/rf/zebra/rawresults/ephys/sub-830794_ses-ecephys-830794-2026-01-26-12-02-05_ecephys/ProbeD/trial_0/phase_1/lib_ab4a70858e/lib_ab4a70858e__delay_0.0__dur_0.05.h5
da05b86d-194e-4afd-a66b-f8af1a67e0b6,0.05,0.25,ab4a70858e,0.10027582198381424,-22.388059701492537,2.6886792452830193,67.51591472682667,17.91,21,25,3,0.9424777960769379,3,5.0,12,1.3,/mnt/ceph-ssd/workspaces/ws/cidbn_wibral_neuro_nonhuman/u19361-workspace/allen/rf/zebra/rawresults/ephys/sub-830794_ses-ecephys-830794-2026-01-26-12-02-05_ecephys/ProbeD/trial_0/phase_1/lib_ab4a70858e/lib_ab4a70858e__delay_0.05__dur_0.25.h5
da24ad7e-9861-4a2c-bee5-6b24c55bf55b,0.04,0.1,ab4a70858e,0.1399720460176468,-24.179104477611936,-11.650943396226417,180.0,28.65,20,33,8,2.5132741228718345,5,8.0,0,0.01,/mnt/ceph-ssd/workspaces/ws/cidbn_wibral_neuro_nonhuman/u19361-workspace/allen/rf/zebra/rawresults/ephys/sub-830794_ses-ecephys-830794-2026-01-26-12-02-05_ecephys/ProbeD/trial_0/phase_1/lib_ab4a70858e/lib_ab4a70858e__delay_0.04__dur_0.1.h5
da710ca5-dc92-43c6-be56-6096436d1b03,0.12,0.25,ab4a70858e,0.09184051305055618,-47.46268656716418,4.481132075471699,22.515923572829163,10.74,7,24,9,2.827433388230814,1,3.0,4,0.05,/mnt/ceph-ssd/workspaces/ws/cidbn_wibral_neuro_nonhuman/u19361-workspace/allen/rf/zebra/rawresults/ephys/sub-830794_ses-ecephys-830794-2026-01-26-12-02-05_ecephys/ProbeD/trial_0/phase_1/lib_ab4a70858e/lib_ab4a70858e__delay_0.12__dur_0.25.h5
da917b67-7209-4f34-a66f-9a99f93b8c3d,0.0,0.15000000000000002,ab4a70858e,0.08754146844148636,-47.46268656716418,24.198113207547166,67.51591472682667,7.16,7,13,3,0.9424777960769379,0,2.0,12,1.3,/mnt/ceph-ssd/workspaces/ws/cidbn_wibral_neuro_nonhuman/u19361-workspace/allen/rf/zebra/rawresults/ephys/sub-830794_ses-ecephys-830794-2026-01-26-12-02-05_ecephys/ProbeD/trial_0/phase_1/lib_ab4a70858e/lib_ab4a70858e__delay_0.0__dur_0.15000000000000002.h5
daa76cd7-127b-4517-a4e8-2dd14673ece3,0.0,0.1,ab4a70858e,0.09909377247095108,-24.179104477611936,4.481132075471699,22.515923572829163,14.32,20,24,9,2.827433388230814,2,4.0,4,0.05,/mnt/ceph-ssd/workspaces/ws/cidbn_wibral_neuro_nonhuman/u19361-workspace/allen/rf/zebra/rawresults/ephys/sub-830794_ses-ecephys-830794-2026-01-26-12-02-05_ecephys/ProbeD/trial_0/phase_1/lib_ab4a70858e/lib_ab4a70858e__delay_0.0__dur_0.1.h5
db114ead-199d-4e4b-803f-5c4e400466d7,0.0,0.05,ab4a70858e,0.2294066846370697,-36.71641791044776,-0.8962264150943398,22.515923572829163,10.74,13,27,9,2.827433388230814,1,3.0,3,0.04,/mnt/ceph-ssd/workspaces/ws/cidbn_wibral_neuro_nonhuman/u19361-workspace/allen/rf/zebra/rawresults/ephys/sub-830794_ses-ecephys-830794-2026-01-26-12-02-05_ecephys/ProbeD/trial_0/phase_1/lib_ab4a70858e/lib_ab4a70858e__delay_0.0__dur_0.05.h5
dbc048d9-400f-4021-8a07-83172144d356,0.05,0.15000000000000002,ab4a70858e,0.07656931132078171,58.20895522388061,42.12264150943396,67.51591472682667,7.16,66,3,3,0.9424777960769379,0,2.0,9,0.1,/mnt/ceph-ssd/workspaces/ws/cidbn_wibral_neuro_nonhuman/u19361-workspace/allen/rf/zebra/rawresults/ephys/sub-830794_ses-ecephys-830794-2026-01-26-12-02-05_ecephys/ProbeD/trial_0/phase_1/lib_ab4a70858e/lib_ab4a70858e__delay_0.05__dur_0.15000000000000002.h5
dbfafc43-d017-450c-bf26-73e037aa1337,0.0,0.2,ab4a70858e,0.06819725036621094,-20.59701492537313,-18.82075471698113,180.0,7.16,22,37,8,2.5132741228718345,0,2.0,9,0.1,/mnt/ceph-ssd/workspaces/ws/cidbn_wibral_neuro_nonhuman/u19361-workspace/allen/rf/zebra/rawresults/ephys/sub-830794_ses-ecephys-830794-2026-01-26-12-02-05_ecephys/ProbeD/trial_0/phase_1/lib_ab4a70858e/lib_ab4a70858e__delay_0.0__dur_0.2.h5
dc00e119-d546-4956-a8db-cb04770aaae2,0.0,0.05,ab4a70858e,0.37868279218673706,31.343283582089555,24.198113207547166,112.48408527317332,21.49,51,13,5,1.5707963267948966,4,6.0,1,0.02,/mnt/ceph-ssd/workspaces/ws/cidbn_wibral_neuro_nonhuman/u19361-workspace/allen/rf/zebra/rawresults/ephys/sub-830794_ses-ecephys-830794-2026-01-26-12-02-05_ecephys/ProbeD/trial_0/phase_1/lib_ab4a70858e/lib_ab4a70858e__delay_0.0__dur_0.05.h5
dc0fd6c6-0b2e-404a-ba8d-14e8ea84a302,0.01,0.25,ab4a70858e,0.07030793279409409,-11.64179104477612,-6.273584905660378,67.51591472682667,10.74,27,30,3,0.9424777960769379,1,3.0,7,0.08,/mnt/ceph-ssd/workspaces/ws/cidbn_wibral_neuro_nonhuman/u19361-workspace/allen/rf/zebra/rawresults/ephys/sub-830794_ses-ecephys-830794-2026-01-26-12-02-05_ecephys/ProbeD/trial_0/phase_1/lib_ab4a70858e/lib_ab4a70858e__delay_0.01__dur_0.25.h5
dd2cd144-afee-4204-be1a-5318c9f00c99,0.0,0.1,ab4a70858e,0.1288175731897354,9.85074626865672,-9.858490566037737,0.0,14.32,39,32,0,0.0,2,4.0,7,0.08,/mnt/ceph-ssd/workspaces/ws/cidbn_wibral_neuro_nonhuman/u19361-workspace/allen/rf/zebra/rawresults/ephys/sub-830794_ses-ecephys-830794-2026-01-26-12-02-05_ecephys/ProbeD/trial_0/phase_1/lib_ab4a70858e/lib_ab4a70858e__delay_0.0__dur_0.1.h5
dd61514d-80d6-43b8-83f3-8cd0f5b5fa38,0.08,0.1,ab4a70858e,0.07927323877811432,-11.64179104477612,4.481132075471699,0.0,7.16,27,24,0,0.0,0,2.0,11,1.2,/mnt/ceph-ssd/workspaces/ws/cidbn_wibral_neuro_nonhuman/u19361-workspace/allen/rf/zebra/rawresults/ephys/sub-830794_ses-ecephys-830794-2026-01-26-12-02-05_ecephys/ProbeD/trial_0/phase_1/lib_ab4a70858e/lib_ab4a70858e__delay_0.08__dur_0.1.h5
ddb9847e-e069-4ebc-b897-ab1663f10755,0.01,0.05,ab4a70858e,0.36845508217811584,6.268656716417908,-11.650943396226417,0.0,10.74,37,33,0,0.0,1,3.0,2,0.03,/mnt/ceph-ssd/workspaces/ws/cidbn_wibral_neuro_nonhuman/u19361-workspace/allen/rf/zebra/rawresults/ephys/sub-830794_ses-ecephys-830794-2026-01-26-12-02-05_ecephys/ProbeD/trial_0/phase_1/lib_ab4a70858e/lib_ab4a70858e__delay_0.01__dur_0.05.h5
ddc54c13-6fe3-4061-832f-de21418b77af,0.11,0.25,ab4a70858e,0.08308444172143936,40.29850746268657,33.160377358490564,0.0,17.91,56,8,0,0.0,3,5.0,11,1.2,/mnt/ceph-ssd/workspaces/ws/cidbn_wibral_neuro_nonhuman/u19361-workspace/allen/rf/zebra/rawresults/ephys/sub-830794_ses-ecephys-830794-2026-01-26-12-02-05_ecephys/ProbeD/trial_0/phase_1/lib_ab4a70858e/lib_ab4a70858e__delay_0.11__dur_0.25.h5
de849d3e-9928-44ae-af83-60c967bb7282,0.01,0.25,ab4a70858e,0.08018071949481964,-2.6865671641791025,36.74528301886792,0.0,7.16,32,6,0,0.0,0,2.0,11,1.2,/mnt/ceph-ssd/workspaces/ws/cidbn_wibral_neuro_nonhuman/u19361-workspace/allen/rf/zebra/rawresults/ephys/sub-830794_ses-ecephys-830794-2026-01-26-12-02-05_ecephys/ProbeD/trial_0/phase_1/lib_ab4a70858e/lib_ab4a70858e__delay_0.01__dur_0.25.h5
deef7104-ba98-4e0c-b1d2-7210e1ad0a9d,0.1,0.1,ab4a70858e,0.07615209370851517,-42.089552238805965,-25.99056603773585,22.515923572829195,21.49,10,41,1,0.3141592653589793,4,6.0,4,0.05,/mnt/ceph-ssd/workspaces/ws/cidbn_wibral_neuro_nonhuman/u19361-workspace/allen/rf/zebra/rawresults/ephys/sub-830794_ses-ecephys-830794-2026-01-26-12-02-05_ecephys/ProbeD/trial_0/phase_1/lib_ab4a70858e/lib_ab4a70858e__delay_0.1__dur_0.1.h5
e0111204-491c-4b0f-a01e-a0144819f984,0.1,0.25,ab4a70858e,0.07265302538871765,-25.970149253731343,-2.6886792452830193,157.4840764271708,14.32,19,28,7,2.199114857512855,2,4.0,6,0.07,/mnt/ceph-ssd/workspaces/ws/cidbn_wibral_neuro_nonhuman/u19361-workspace/allen/rf/zebra/rawresults/ephys/sub-830794_ses-ecephys-830794-2026-01-26-12-02-05_ecephys/ProbeD/trial_0/phase_1/lib_ab4a70858e/lib_ab4a70858e__delay_0.1__dur_0.25.h5
e0116a27-1eda-401c-9e07-bddc652beaa7,0.06,0.1,ab4a70858e,0.07193153351545334,24.179104477611943,17.02830188679245,0.0,10.74,47,17,0,0.0,1,3.0,8,0.09,/mnt/ceph-ssd/workspaces/ws/cidbn_wibral_neuro_nonhuman/u19361-workspace/allen/rf/zebra/rawresults/ephys/sub-830794_ses-ecephys-830794-2026-01-26-12-02-05_ecephys/ProbeD/trial_0/phase_1/lib_ab4a70858e/lib_ab4a70858e__delay_0.06__dur_0.1.h5
e0182162-126e-4cd9-8e06-d7e3198e6b24,0.01,0.15000000000000002,ab4a70858e,0.07690000534057617,-42.089552238805965,6.273584905660378,112.48408527317332,14.32,10,23,5,1.5707963267948966,2,4.0,4,0.05,/mnt/ceph-ssd/workspaces/ws/cidbn_wibral_neuro_nonhuman/u19361-workspace/allen/rf/zebra/rawresults/ephys/sub-830794_ses-ecephys-830794-2026-01-26-12-02-05_ecephys/ProbeD/trial_0/phase_1/lib_ab4a70858e/lib_ab4a70858e__delay_0.01__dur_0.15000000000000002.h5
e0366ae3-4c5c-4d30-b14a-048bbd063f00,0.05,0.25,ab4a70858e,0.08502565324306488,-36.71641791044776,34.95283018867924,67.51591472682667,10.74,13,7,3,0.9424777960769379,1,3.0,9,0.1,/mnt/ceph-ssd/workspaces/ws/cidbn_wibral_neuro_nonhuman/u19361-workspace/allen/rf/zebra/rawresults/ephys/sub-830794_ses-ecephys-830794-2026-01-26-12-02-05_ecephys/ProbeD/trial_0/phase_1/lib_ab4a70858e/lib_ab4a70858e__delay_0.05__dur_0.25.h5
e0385387-f12f-458f-bee0-bd10b4a63ac4,0.08,0.15000000000000002,ab4a70858e,0.12292210012674332,-20.59701492537313,4.481132075471699,67.51591472682667,21.49,22,24,3,0.9424777960769379,4,6.0,8,0.09,/mnt/ceph-ssd/workspaces/ws/cidbn_wibral_neuro_nonhuman/u19361-workspace/allen/rf/zebra/rawresults/ephys/sub-830794_ses-ecephys-830794-2026-01-26-12-02-05_ecephys/ProbeD/trial_0/phase_1/lib_ab4a70858e/lib_ab4a70858e__delay_0.08__dur_0.15000000000000002.h5
e10643ff-74d3-4fea-8191-bd55bff181ce,0.0,0.05,ab4a70858e,0.4489901065826416,-49.25373134328358,0.8962264150943398,180.0,10.74,6,26,8,2.5132741228718345,1,3.0,1,0.02,/mnt/ceph-ssd/workspaces/ws/cidbn_wibral_neuro_nonhuman/u19361-workspace/allen/rf/zebra/rawresults/ephys/sub-830794_ses-ecephys-830794-2026-01-26-12-02-05_ecephys/ProbeD/trial_0/phase_1/lib_ab4a70858e/lib_ab4a70858e__delay_0.0__dur_0.05.h5
e18ab93a-2093-42ea-b0d8-99a7a621bdac,0.05,0.1,ab4a70858e,0.11469464004039764,-25.970149253731343,-4.481132075471699,22.515923572829163,14.32,19,29,9,2.827433388230814,2,4.0,3,0.04,/mnt/ceph-ssd/workspaces/ws/cidbn_wibral_neuro_nonhuman/u19361-workspace/allen/rf/zebra/rawresults/ephys/sub-830794_ses-ecephys-830794-2026-01-26-12-02-05_ecephys/ProbeD/trial_0/phase_1/lib_ab4a70858e/lib_ab4a70858e__delay_0.05__dur_0.1.h5
e1c9856d-fed8-4d4a-a5a6-01b5c9346dc3,0.11,0.1,ab4a70858e,0.06706345081329346,13.43283582089552,-8.066037735849058,22.515923572829195,21.49,41,31,1,0.3141592653589793,4,6.0,6,0.07,/mnt/ceph-ssd/workspaces/ws/cidbn_wibral_neuro_nonhuman/u19361-workspace/allen/rf/zebra/rawresults/ephys/sub-830794_ses-ecephys-830794-2026-01-26-12-02-05_ecephys/ProbeD/trial_0/phase_1/lib_ab4a70858e/lib_ab4a70858e__delay_0.11__dur_0.1.h5
e1cc9c5a-a175-4644-9237-3bfb781e2278,0.08,0.25,ab4a70858e,0.07807272672653198,-47.46268656716418,11.650943396226417,134.9774869247291,28.65,7,20,6,1.8849555921538759,5,8.0,7,0.08,/mnt/ceph-ssd/workspaces/ws/cidbn_wibral_neuro_nonhuman/u19361-workspace/allen/rf/zebra/rawresults/ephys/sub-830794_ses-ecephys-830794-2026-01-26-12-02-05_ecephys/ProbeD/trial_0/phase_1/lib_ab4a70858e/lib_ab4a70858e__delay_0.08__dur_0.25.h5
e2157814-6892-4d78-906d-0d04465ff917,0.0,0.15000000000000002,ab4a70858e,0.08644028007984161,-9.850746268656714,-18.82075471698113,67.51591472682667,7.16,28,37,3,0.9424777960769379,0,2.0,12,1.3,/mnt/ceph-ssd/workspaces/ws/cidbn_wibral_neuro_nonhuman/u19361-workspace/allen/rf/zebra/rawresults/ephys/sub-830794_ses-ecephys-830794-2026-01-26-12-02-05_ecephys/ProbeD/trial_0/phase_1/lib_ab4a70858e/lib_ab4a70858e__delay_0.0__dur_0.15000000000000002.h5
e2f9a3b4-93d0-41c0-b7c2-54931730312e,0.02,0.25,ab4a70858e,0.08915231376886368,-6.268656716417908,2.6886792452830193,157.4840764271708,7.16,30,25,7,2.199114857512855,0,2.0,3,0.04,/mnt/ceph-ssd/workspaces/ws/cidbn_wibral_neuro_nonhuman/u19361-workspace/allen/rf/zebra/rawresults/ephys/sub-830794_ses-ecephys-830794-2026-01-26-12-02-05_ecephys/ProbeD/trial_0/phase_1/lib_ab4a70858e/lib_ab4a70858e__delay_0.02__dur_0.25.h5
e30330f1-5667-488d-a783-964355d7ad7d,0.08,0.25,ab4a70858e,0.08649567514657974,-27.761194029850742,40.33018867924528,45.02251307527088,21.49,18,4,2,0.6283185307179586,4,6.0,12,1.3,/mnt/ceph-ssd/workspaces/ws/cidbn_wibral_neuro_nonhuman/u19361-workspace/allen/rf/zebra/rawresults/ephys/sub-830794_ses-ecephys-830794-2026-01-26-12-02-05_ecephys/ProbeD/trial_0/phase_1/lib_ab4a70858e/lib_ab4a70858e__delay_0.08__dur_0.25.h5
e417f4be-59d1-4431-9e1e-851de9ffd0c2,0.08,0.25,ab4a70858e,0.07105977833271027,-8.059701492537314,0.8962264150943398,22.515923572829163,14.32,29,26,9,2.827433388230814,2,4.0,6,0.07,/mnt/ceph-ssd/workspaces/ws/cidbn_wibral_neuro_nonhuman/u19361-workspace/allen/rf/zebra/rawresults/ephys/sub-830794_ses-ecephys-830794-2026-01-26-12-02-05_ecephys/ProbeD/trial_0/phase_1/lib_ab4a70858e/lib_ab4a70858e__delay_0.08__dur_0.25.h5
e42605ef-73c0-4397-843e-89bdb90185ab,0.0,0.1,ab4a70858e,0.24401526153087616,-13.43283582089552,-2.6886792452830193,134.9774869247291,21.49,26,28,6,1.8849555921538759,4,6.0,4,0.05,/mnt/ceph-ssd/workspaces/ws/cidbn_wibral_neuro_nonhuman/u19361-workspace/allen/rf/zebra/rawresults/ephys/sub-830794_ses-ecephys-830794-2026-01-26-12-02-05_ecephys/ProbeD/trial_0/phase_1/lib_ab4a70858e/lib_ab4a70858e__delay_0.0__dur_0.1.h5
e43a3453-838b-4acb-946c-27adcd069503,0.03,0.05,ab4a70858e,0.07034582644701004,-29.55223880597015,20.613207547169807,67.51591472682667,10.74,17,15,3,0.9424777960769379,1,3.0,12,1.3,/mnt/ceph-ssd/workspaces/ws/cidbn_wibral_neuro_nonhuman/u19361-workspace/allen/rf/zebra/rawresults/ephys/sub-830794_ses-ecephys-830794-2026-01-26-12-02-05_ecephys/ProbeD/trial_0/phase_1/lib_ab4a70858e/lib_ab4a70858e__delay_0.03__dur_0.05.h5
e5d1ccaa-0f0a-4fb7-8384-5d2ae5d70b8b,0.03,0.15000000000000002,ab4a70858e,0.21559642255306244,-34.92537313432835,4.481132075471699,90.0,7.16,14,24,4,1.2566370614359172,0,2.0,1,0.02,/mnt/ceph-ssd/workspaces/ws/cidbn_wibral_neuro_nonhuman/u19361-workspace/allen/rf/zebra/rawresults/ephys/sub-830794_ses-ecephys-830794-2026-01-26-12-02-05_ecephys/ProbeD/trial_0/phase_1/lib_ab4a70858e/lib_ab4a70858e__delay_0.03__dur_0.15000000000000002.h5
e5f3dede-200a-4a7e-8b74-9882532a66d5,0.09,0.2,ab4a70858e,0.07732285559177399,-31.34328358208955,31.367924528301884,45.02251307527088,14.32,16,9,2,0.6283185307179586,2,4.0,3,0.04,/mnt/ceph-ssd/workspaces/ws/cidbn_wibral_neuro_nonhuman/u19361-workspace/allen/rf/zebra/rawresults/ephys/sub-830794_ses-ecephys-830794-2026-01-26-12-02-05_ecephys/ProbeD/trial_0/phase_1/lib_ab4a70858e/lib_ab4a70858e__delay_0.09__dur_0.2.h5
e648c596-785d-4d5d-8a53-22ebe324aea0,0.03,0.05,ab4a70858e,0.20245523750782013,-24.179104477611936,-17.028301886792452,134.9774869247291,7.16,20,36,6,1.8849555921538759,0,2.0,9,0.1,/mnt/ceph-ssd/workspaces/ws/cidbn_wibral_neuro_nonhuman/u19361-workspace/allen/rf/zebra/rawresults/ephys/sub-830794_ses-ecephys-830794-2026-01-26-12-02-05_ecephys/ProbeD/trial_0/phase_1/lib_ab4a70858e/lib_ab4a70858e__delay_0.03__dur_0.05.h5
e6c6e992-0106-4950-9d0a-40dfb925e0aa,0.01,0.1,ab4a70858e,0.1746726781129837,-24.179104477611936,-8.066037735849058,180.0,14.32,20,31,8,2.5132741228718345,2,4.0,1,0.02,/mnt/ceph-ssd/workspaces/ws/cidbn_wibral_neuro_nonhuman/u19361-workspace/allen/rf/zebra/rawresults/ephys/sub-830794_ses-ecephys-830794-2026-01-26-12-02-05_ecephys/ProbeD/trial_0/phase_1/lib_ab4a70858e/lib_ab4a70858e__delay_0.01__dur_0.1.h5
e6cc3fc8-c40b-497d-880c-60f32068819d,0.01,0.25,ab4a70858e,0.07398685812950134,-18.80597014925373,-45.70754716981132,157.4840764271708,28.65,23,52,7,2.199114857512855,5,8.0,5,0.06,/mnt/ceph-ssd/workspaces/ws/cidbn_wibral_neuro_nonhuman/u19361-workspace/allen/rf/zebra/rawresults/ephys/sub-830794_ses-ecephys-830794-2026-01-26-12-02-05_ecephys/ProbeD/trial_0/phase_1/lib_ab4a70858e/lib_ab4a70858e__delay_0.01__dur_0.25.h5
e75e6009-f7f2-4567-8590-3185de51ff3b,0.0,0.25,ab4a70858e,0.0713646188378334,-29.55223880597015,47.5,67.51591472682667,21.49,17,0,3,0.9424777960769379,4,6.0,6,0.07,/mnt/ceph-ssd/workspaces/ws/cidbn_wibral_neuro_nonhuman/u19361-workspace/allen/rf/zebra/rawresults/ephys/sub-830794_ses-ecephys-830794-2026-01-26-12-02-05_ecephys/ProbeD/trial_0/phase_1/lib_ab4a70858e/lib_ab4a70858e__delay_0.0__dur_0.25.h5
e7bb90fe-3763-4ea4-a0e7-fac119011a3e,0.12,0.15000000000000002,ab4a70858e,0.06999248266220093,-29.55223880597015,15.235849056603776,67.51591472682667,7.16,17,18,3,0.9424777960769379,0,2.0,12,1.3,/mnt/ceph-ssd/workspaces/ws/cidbn_wibral_neuro_nonhuman/u19361-workspace/allen/rf/zebra/rawresults/ephys/sub-830794_ses-ecephys-830794-2026-01-26-12-02-05_ecephys/ProbeD/trial_0/phase_1/lib_ab4a70858e/lib_ab4a70858e__delay_0.12__dur_0.15000000000000002.h5
e8dd5def-eaf3-4686-b241-ba4b2b1483dd,0.04,0.15000000000000002,ab4a70858e,0.08512968569993973,-40.298507462686565,4.481132075471699,90.0,17.91,11,24,4,1.2566370614359172,3,5.0,9,0.1,/mnt/ceph-ssd/workspaces/ws/cidbn_wibral_neuro_nonhuman/u19361-workspace/allen/rf/zebra/rawresults/ephys/sub-830794_ses-ecephys-830794-2026-01-26-12-02-05_ecephys/ProbeD/trial_0/phase_1/lib_ab4a70858e/lib_ab4a70858e__delay_0.04__dur_0.15000000000000002.h5
e8f1f58e-a280-4a39-9d9f-ad3211ab54cf,0.01,0.05,ab4a70858e,0.0,-60.0,47.5,0.0,7.16,0,0,0,0.0,0,2.0,0,0.01,/mnt/ceph-ssd/workspaces/ws/cidbn_wibral_neuro_nonhuman/u19361-workspace/allen/rf/zebra/rawresults/ephys/sub-830794_ses-ecephys-830794-2026-01-26-12-02-05_ecephys/ProbeD/trial_0/phase_1/lib_ab4a70858e/lib_ab4a70858e__delay_0.01__dur_0.05.h5
e9645d0e-4a73-497c-9222-c73867c29c18,0.02,0.25,ab4a70858e,0.08323930203914642,38.507462686567166,-33.160377358490564,180.0,28.65,55,45,8,2.5132741228718345,5,8.0,5,0.06,/mnt/ceph-ssd/workspaces/ws/cidbn_wibral_neuro_nonhuman/u19361-workspace/allen/rf/zebra/rawresults/ephys/sub-830794_ses-ecephys-830794-2026-01-26-12-02-05_ecephys/ProbeD/trial_0/phase_1/lib_ab4a70858e/lib_ab4a70858e__delay_0.02__dur_0.25.h5
ea5cea49-546f-429b-aa49-342cf0591c54,0.0,0.1,ab4a70858e,0.06959991902112961,-33.134328358208954,-18.82075471698113,157.4840764271708,28.65,15,37,7,2.199114857512855,5,8.0,8,0.09,/mnt/ceph-ssd/workspaces/ws/cidbn_wibral_neuro_nonhuman/u19361-workspace/allen/rf/zebra/rawresults/ephys/sub-830794_ses-ecephys-830794-2026-01-26-12-02-05_ecephys/ProbeD/trial_0/phase_1/lib_ab4a70858e/lib_ab4a70858e__delay_0.0__dur_0.1.h5
ea9e9e00-9bb8-44fd-9afa-9ee01389a97e,0.1,0.25,ab4a70858e,0.07660497725009918,-17.014925373134325,27.783018867924525,0.0,7.16,24,11,0,0.0,0,2.0,11,1.2,/mnt/ceph-ssd/workspaces/ws/cidbn_wibral_neuro_nonhuman/u19361-workspace/allen/rf/zebra/rawresults/ephys/sub-830794_ses-ecephys-830794-2026-01-26-12-02-05_ecephys/ProbeD/trial_0/phase_1/lib_ab4a70858e/lib_ab4a70858e__delay_0.1__dur_0.25.h5
eacd8046-b45b-4459-8014-143af1f3bbf4,0.07,0.1,ab4a70858e,0.07300189882516861,-13.43283582089552,17.02830188679245,0.0,7.16,26,17,0,0.0,0,2.0,7,0.08,/mnt/ceph-ssd/workspaces/ws/cidbn_wibral_neuro_nonhuman/u19361-workspace/allen/rf/zebra/rawresults/ephys/sub-830794_ses-ecephys-830794-2026-01-26-12-02-05_ecephys/ProbeD/trial_0/phase_1/lib_ab4a70858e/lib_ab4a70858e__delay_0.07__dur_0.1.h5
eb593504-c512-4386-8695-7619453d6e53,0.0,0.1,ab4a70858e,0.19599123299121857,-13.43283582089552,-4.481132075471699,22.515923572829163,10.74,26,29,9,2.827433388230814,1,3.0,2,0.03,/mnt/ceph-ssd/workspaces/ws/cidbn_wibral_neuro_nonhuman/u19361-workspace/allen/rf/zebra/rawresults/ephys/sub-830794_ses-ecephys-830794-2026-01-26-12-02-05_ecephys/ProbeD/trial_0/phase_1/lib_ab4a70858e/lib_ab4a70858e__delay_0.0__dur_0.1.h5
ebc11511-36b8-4e7a-9b5a-55f3691d3a29,0.08,0.2,ab4a70858e,0.07515530288219452,-43.88059701492537,38.5377358490566,90.0,7.16,9,5,4,1.2566370614359172,0,2.0,9,0.1,/mnt/ceph-ssd/workspaces/ws/cidbn_wibral_neuro_nonhuman/u19361-workspace/allen/rf/zebra/rawresults/ephys/sub-830794_ses-ecephys-830794-2026-01-26-12-02-05_ecephys/ProbeD/trial_0/phase_1/lib_ab4a70858e/lib_ab4a70858e__delay_0.08__dur_0.2.h5
ec7032ba-9262-4655-8344-ddc8c40d0424,0.0,0.25,ab4a70858e,0.08422402292490005,45.67164179104478,0.8962264150943398,134.9774869247291,21.49,59,26,6,1.8849555921538759,4,6.0,7,0.08,/mnt/ceph-ssd/workspaces/ws/cidbn_wibral_neuro_nonhuman/u19361-workspace/allen/rf/zebra/rawresults/ephys/sub-830794_ses-ecephys-830794-2026-01-26-12-02-05_ecephys/ProbeD/trial_0/phase_1/lib_ab4a70858e/lib_ab4a70858e__delay_0.0__dur_0.25.h5
eca8e722-dc68-4d36-8392-8910cfdb3567,0.04,0.15000000000000002,ab4a70858e,0.08500569313764572,-20.59701492537313,22.405660377358487,112.48408527317332,7.16,22,14,5,1.5707963267948966,0,2.0,12,1.3,/mnt/ceph-ssd/workspaces/ws/cidbn_wibral_neuro_nonhuman/u19361-workspace/allen/rf/zebra/rawresults/ephys/sub-830794_ses-ecephys-830794-2026-01-26-12-02-05_ecephys/ProbeD/trial_0/phase_1/lib_ab4a70858e/lib_ab4a70858e__delay_0.04__dur_0.15000000000000002.h5
ecefcfb4-5af5-4e98-b4c4-2c1a4c7a0ec0,0.0,0.05,ab4a70858e,0.1451406031847,-18.80597014925373,0.8962264150943398,67.51591472682667,21.49,23,26,3,0.9424777960769379,4,6.0,4,0.05,/mnt/ceph-ssd/workspaces/ws/cidbn_wibral_neuro_nonhuman/u19361-workspace/allen/rf/zebra/rawresults/ephys/sub-830794_ses-ecephys-830794-2026-01-26-12-02-05_ecephys/ProbeD/trial_0/phase_1/lib_ab4a70858e/lib_ab4a70858e__delay_0.0__dur_0.05.h5
ed577b16-a05d-4d9c-83c3-99dbfda739b0,0.11,0.2,ab4a70858e,0.07829881459474564,2.6865671641791096,-31.367924528301888,180.0,7.16,35,44,8,2.5132741228718345,0,2.0,6,0.07,/mnt/ceph-ssd/workspaces/ws/cidbn_wibral_neuro_nonhuman/u19361-workspace/allen/rf/zebra/rawresults/ephys/sub-830794_ses-ecephys-830794-2026-01-26-12-02-05_ecephys/ProbeD/trial_0/phase_1/lib_ab4a70858e/lib_ab4a70858e__delay_0.11__dur_0.2.h5
ed6071e5-a6f6-4a18-bd28-1f4e8640e7d8,0.05,0.25,ab4a70858e,0.0837845429778099,-29.55223880597015,11.650943396226417,22.515923572829163,28.65,17,20,9,2.827433388230814,5,8.0,6,0.07,/mnt/ceph-ssd/workspaces/ws/cidbn_wibral_neuro_nonhuman/u19361-workspace/allen/rf/zebra/rawresults/ephys/sub-830794_ses-ecephys-830794-2026-01-26-12-02-05_ecephys/ProbeD/trial_0/phase_1/lib_ab4a70858e/lib_ab4a70858e__delay_0.05__dur_0.25.h5
edc36897-f804-4219-af1a-0f1519531a76,0.01,0.1,ab4a70858e,0.15603606402873993,-20.59701492537313,-2.6886792452830193,22.515923572829163,21.49,22,28,9,2.827433388230814,4,6.0,4,0.05,/mnt/ceph-ssd/workspaces/ws/cidbn_wibral_neuro_nonhuman/u19361-workspace/allen/rf/zebra/rawresults/ephys/sub-830794_ses-ecephys-830794-2026-01-26-12-02-05_ecephys/ProbeD/trial_0/phase_1/lib_ab4a70858e/lib_ab4a70858e__delay_0.01__dur_0.1.h5
ee232413-4814-4dfa-958e-c5f7f2e3de8e,0.01,0.05,ab4a70858e,0.1408395618200302,-24.179104477611936,-0.8962264150943398,90.0,21.49,20,27,4,1.2566370614359172,4,6.0,5,0.06,/mnt/ceph-ssd/workspaces/ws/cidbn_wibral_neuro_nonhuman/u19361-workspace/allen/rf/zebra/rawresults/ephys/sub-830794_ses-ecephys-830794-2026-01-26-12-02-05_ecephys/ProbeD/trial_0/phase_1/lib_ab4a70858e/lib_ab4a70858e__delay_0.01__dur_0.05.h5
ee28cf44-3067-431f-af33-bb68a1d78eab,0.01,0.15000000000000002,ab4a70858e,0.07220300287008286,11.641791044776127,-24.19811320754717,67.51591472682667,10.74,40,40,3,0.9424777960769379,1,3.0,12,1.3,/mnt/ceph-ssd/workspaces/ws/cidbn_wibral_neuro_nonhuman/u19361-workspace/allen/rf/zebra/rawresults/ephys/sub-830794_ses-ecephys-830794-2026-01-26-12-02-05_ecephys/ProbeD/trial_0/phase_1/lib_ab4a70858e/lib_ab4a70858e__delay_0.01__dur_0.15000000000000002.h5
ef0c160a-b2bb-4198-aafc-9b39526c4864,0.03,0.15000000000000002,ab4a70858e,0.12522515654563904,-29.55223880597015,11.650943396226417,134.9774869247291,28.65,17,20,6,1.8849555921538759,5,8.0,5,0.06,/mnt/ceph-ssd/workspaces/ws/cidbn_wibral_neuro_nonhuman/u19361-workspace/allen/rf/zebra/rawresults/ephys/sub-830794_ses-ecephys-830794-2026-01-26-12-02-05_ecephys/ProbeD/trial_0/phase_1/lib_ab4a70858e/lib_ab4a70858e__delay_0.03__dur_0.15000000000000002.h5
ef5489de-eb01-479d-94dc-ef3a5827ea61,0.03,0.15000000000000002,ab4a70858e,0.0824626162648201,-45.67164179104478,38.5377358490566,67.51591472682667,28.65,8,5,3,0.9424777960769379,5,8.0,9,0.1,/mnt/ceph-ssd/workspaces/ws/cidbn_wibral_neuro_nonhuman/u19361-workspace/allen/rf/zebra/rawresults/ephys/sub-830794_ses-ecephys-830794-2026-01-26-12-02-05_ecephys/ProbeD/trial_0/phase_1/lib_ab4a70858e/lib_ab4a70858e__delay_0.03__dur_0.15000000000000002.h5
f08078e4-1aae-4a28-8bce-448844dc5e7a,0.01,0.15000000000000002,ab4a70858e,0.07250393182039261,-0.8955223880596961,-6.273584905660378,22.515923572829163,7.16,33,30,9,2.827433388230814,0,2.0,8,0.09,/mnt/ceph-ssd/workspaces/ws/cidbn_wibral_neuro_nonhuman/u19361-workspace/allen/rf/zebra/rawresults/ephys/sub-830794_ses-ecephys-830794-2026-01-26-12-02-05_ecephys/ProbeD/trial_0/phase_1/lib_ab4a70858e/lib_ab4a70858e__delay_0.01__dur_0.15000000000000002.h5
f1f5b485-f3ca-4b46-aed8-3d1b00cbdec9,0.01,0.1,ab4a70858e,0.15658354759216309,-6.268656716417908,-9.858490566037737,22.515923572829195,21.49,30,32,1,0.3141592653589793,4,6.0,4,0.05,/mnt/ceph-ssd/workspaces/ws/cidbn_wibral_neuro_nonhuman/u19361-workspace/allen/rf/zebra/rawresults/ephys/sub-830794_ses-ecephys-830794-2026-01-26-12-02-05_ecephys/ProbeD/trial_0/phase_1/lib_ab4a70858e/lib_ab4a70858e__delay_0.01__dur_0.1.h5
f29f22b9-e776-4fdf-ab7b-44204971e761,0.08,0.15000000000000002,ab4a70858e,0.08311673253774643,-17.014925373134325,11.650943396226417,45.02251307527088,28.65,24,20,2,0.6283185307179586,5,8.0,5,0.06,/mnt/ceph-ssd/workspaces/ws/cidbn_wibral_neuro_nonhuman/u19361-workspace/allen/rf/zebra/rawresults/ephys/sub-830794_ses-ecephys-830794-2026-01-26-12-02-05_ecephys/ProbeD/trial_0/phase_1/lib_ab4a70858e/lib_ab4a70858e__delay_0.08__dur_0.15000000000000002.h5
f2f9574b-9775-4481-bcce-c5092fc13e9d,0.0,0.15000000000000002,ab4a70858e,0.10950954258441925,-4.477611940298509,0.8962264150943398,180.0,14.32,31,26,8,2.5132741228718345,2,4.0,3,0.04,/mnt/ceph-ssd/workspaces/ws/cidbn_wibral_neuro_nonhuman/u19361-workspace/allen/rf/zebra/rawresults/ephys/sub-830794_ses-ecephys-830794-2026-01-26-12-02-05_ecephys/ProbeD/trial_0/phase_1/lib_ab4a70858e/lib_ab4a70858e__delay_0.0__dur_0.15000000000000002.h5
f3346ca8-2fba-487d-ac7e-d93d842fa97d,0.0,0.25,ab4a70858e,0.08188559114933014,54.626865671641795,15.235849056603776,67.51591472682667,17.91,64,18,3,0.9424777960769379,3,5.0,6,0.07,/mnt/ceph-ssd/workspaces/ws/cidbn_wibral_neuro_nonhuman/u19361-workspace/allen/rf/zebra/rawresults/ephys/sub-830794_ses-ecephys-830794-2026-01-26-12-02-05_ecephys/ProbeD/trial_0/phase_1/lib_ab4a70858e/lib_ab4a70858e__delay_0.0__dur_0.25.h5
f37e7c1c-172a-4c28-b3e9-7e39caa54f15,0.0,0.15000000000000002,ab4a70858e,0.08037968724966049,-11.64179104477612,-36.74528301886792,157.4840764271708,14.32,27,47,7,2.199114857512855,2,4.0,9,0.1,/mnt/ceph-ssd/workspaces/ws/cidbn_wibral_neuro_nonhuman/u19361-workspace/allen/rf/zebra/rawresults/ephys/sub-830794_ses-ecephys-830794-2026-01-26-12-02-05_ecephys/ProbeD/trial_0/phase_1/lib_ab4a70858e/lib_ab4a70858e__delay_0.0__dur_0.15000000000000002.h5
f41588e3-86a8-4a82-b5cb-13d27eaefb41,0.12,0.25,ab4a70858e,0.08865269273519516,-15.223880597014926,-9.858490566037737,0.0,7.16,25,32,0,0.0,0,2.0,11,1.2,/mnt/ceph-ssd/workspaces/ws/cidbn_wibral_neuro_nonhuman/u19361-workspace/allen/rf/zebra/rawresults/ephys/sub-830794_ses-ecephys-830794-2026-01-26-12-02-05_ecephys/ProbeD/trial_0/phase_1/lib_ab4a70858e/lib_ab4a70858e__delay_0.12__dur_0.25.h5
f41b9b0f-f552-4e3a-bb13-1aed1e9976f7,0.02,0.25,ab4a70858e,0.08084730803966522,-45.67164179104478,38.5377358490566,67.51591472682667,21.49,8,5,3,0.9424777960769379,4,6.0,9,0.1,/mnt/ceph-ssd/workspaces/ws/cidbn_wibral_neuro_nonhuman/u19361-workspace/allen/rf/zebra/rawresults/ephys/sub-830794_ses-ecephys-830794-2026-01-26-12-02-05_ecephys/ProbeD/trial_0/phase_1/lib_ab4a70858e/lib_ab4a70858e__delay_0.02__dur_0.25.h5
f4522863-336b-4bad-852b-0cc37ddc7c81,0.0,0.25,ab4a70858e,0.07215578854084015,-0.8955223880596961,-18.82075471698113,180.0,28.65,33,37,8,2.5132741228718345,5,8.0,9,0.1,/mnt/ceph-ssd/workspaces/ws/cidbn_wibral_neuro_nonhuman/u19361-workspace/allen/rf/zebra/rawresults/ephys/sub-830794_ses-ecephys-830794-2026-01-26-12-02-05_ecephys/ProbeD/trial_0/phase_1/lib_ab4a70858e/lib_ab4a70858e__delay_0.0__dur_0.25.h5
f4bce558-5f9e-4026-9a69-c45f21cd5826,0.01,0.15000000000000002,ab4a70858e,0.09148473292589188,31.343283582089555,22.405660377358487,157.4840764271708,21.49,51,14,7,2.199114857512855,4,6.0,12,1.3,/mnt/ceph-ssd/workspaces/ws/cidbn_wibral_neuro_nonhuman/u19361-workspace/allen/rf/zebra/rawresults/ephys/sub-830794_ses-ecephys-830794-2026-01-26-12-02-05_ecephys/ProbeD/trial_0/phase_1/lib_ab4a70858e/lib_ab4a70858e__delay_0.01__dur_0.15000000000000002.h5
f529207c-c5e8-42db-81a8-6bc5fe6acff9,0.0,0.25,ab4a70858e,0.08474761992692947,-18.80597014925373,27.783018867924525,157.4840764271708,28.65,23,11,7,2.199114857512855,5,8.0,9,0.1,/mnt/ceph-ssd/workspaces/ws/cidbn_wibral_neuro_nonhuman/u19361-workspace/allen/rf/zebra/rawresults/ephys/sub-830794_ses-ecephys-830794-2026-01-26-12-02-05_ecephys/ProbeD/trial_0/phase_1/lib_ab4a70858e/lib_ab4a70858e__delay_0.0__dur_0.25.h5
f556a3d8-91a7-42ab-8b49-a7e278c4d19e,0.11,0.15000000000000002,ab4a70858e,0.06958378106355667,13.43283582089552,0.8962264150943398,90.0,14.32,41,26,4,1.2566370614359172,2,4.0,9,0.1,/mnt/ceph-ssd/workspaces/ws/cidbn_wibral_neuro_nonhuman/u19361-workspace/allen/rf/zebra/rawresults/ephys/sub-830794_ses-ecephys-830794-2026-01-26-12-02-05_ecephys/ProbeD/trial_0/phase_1/lib_ab4a70858e/lib_ab4a70858e__delay_0.11__dur_0.15000000000000002.h5
f658871e-5f8d-42f7-b750-66b91b69aa0b,0.01,0.05,ab4a70858e,0.0,-60.0,47.5,0.0,7.16,0,0,0,0.0,0,2.0,0,0.01,/mnt/ceph-ssd/workspaces/ws/cidbn_wibral_neuro_nonhuman/u19361-workspace/allen/rf/zebra/rawresults/ephys/sub-830794_ses-ecephys-830794-2026-01-26-12-02-05_ecephys/ProbeD/trial_0/phase_1/lib_ab4a70858e/lib_ab4a70858e__delay_0.01__dur_0.05.h5
f7cb0393-a75a-4329-8c96-52c562e0576b,0.12,0.25,ab4a70858e,0.13530896604061127,-33.134328358208954,34.95283018867924,45.02251307527088,14.32,15,7,2,0.6283185307179586,2,4.0,12,1.3,/mnt/ceph-ssd/workspaces/ws/cidbn_wibral_neuro_nonhuman/u19361-workspace/allen/rf/zebra/rawresults/ephys/sub-830794_ses-ecephys-830794-2026-01-26-12-02-05_ecephys/ProbeD/trial_0/phase_1/lib_ab4a70858e/lib_ab4a70858e__delay_0.12__dur_0.25.h5
f83843e7-5740-4335-b8a7-f3a2be4a5aba,0.06,0.1,ab4a70858e,0.07854671776294708,-54.62686567164179,22.405660377358487,157.4840764271708,28.65,3,14,7,2.199114857512855,5,8.0,5,0.06,/mnt/ceph-ssd/workspaces/ws/cidbn_wibral_neuro_nonhuman/u19361-workspace/allen/rf/zebra/rawresults/ephys/sub-830794_ses-ecephys-830794-2026-01-26-12-02-05_ecephys/ProbeD/trial_0/phase_1/lib_ab4a70858e/lib_ab4a70858e__delay_0.06__dur_0.1.h5
f84eae24-9490-45c8-84f9-9ce81f143062,0.0,0.25,ab4a70858e,0.07639946043491364,38.507462686567166,9.858490566037737,157.4840764271708,17.91,55,21,7,2.199114857512855,3,5.0,9,0.1,/mnt/ceph-ssd/workspaces/ws/cidbn_wibral_neuro_nonhuman/u19361-workspace/allen/rf/zebra/rawresults/ephys/sub-830794_ses-ecephys-830794-2026-01-26-12-02-05_ecephys/ProbeD/trial_0/phase_1/lib_ab4a70858e/lib_ab4a70858e__delay_0.0__dur_0.25.h5
f876624a-2e24-43a8-89f9-41aa2a5f18e1,0.12,0.25,ab4a70858e,0.07624202966690063,-6.268656716417908,-45.70754716981132,45.02251307527088,7.16,30,52,2,0.6283185307179586,0,2.0,9,0.1,/mnt/ceph-ssd/workspaces/ws/cidbn_wibral_neuro_nonhuman/u19361-workspace/allen/rf/zebra/rawresults/ephys/sub-830794_ses-ecephys-830794-2026-01-26-12-02-05_ecephys/ProbeD/trial_0/phase_1/lib_ab4a70858e/lib_ab4a70858e__delay_0.12__dur_0.25.h5
f8aa8c88-57a3-43bb-bd37-8a5b41dd807e,0.0,0.15000000000000002,ab4a70858e,0.08564285188913345,17.014925373134332,9.858490566037737,22.515923572829195,17.91,43,21,1,0.3141592653589793,3,5.0,9,0.1,/mnt/ceph-ssd/workspaces/ws/cidbn_wibral_neuro_nonhuman/u19361-workspace/allen/rf/zebra/rawresults/ephys/sub-830794_ses-ecephys-830794-2026-01-26-12-02-05_ecephys/ProbeD/trial_0/phase_1/lib_ab4a70858e/lib_ab4a70858e__delay_0.0__dur_0.15000000000000002.h5
f8b4ba25-f0b8-4a2d-ba9f-9b9594583c05,0.0,0.25,ab4a70858e,0.07957123965024948,42.08955223880598,9.858490566037737,22.515923572829195,28.65,57,21,1,0.3141592653589793,5,8.0,8,0.09,/mnt/ceph-ssd/workspaces/ws/cidbn_wibral_neuro_nonhuman/u19361-workspace/allen/rf/zebra/rawresults/ephys/sub-830794_ses-ecephys-830794-2026-01-26-12-02-05_ecephys/ProbeD/trial_0/phase_1/lib_ab4a70858e/lib_ab4a70858e__delay_0.0__dur_0.25.h5
f94f0e95-2c21-4d0e-a475-d4f5ed580d85,0.0,0.25,ab4a70858e,0.06977462023496628,11.641791044776127,17.02830188679245,22.515923572829195,14.32,40,17,1,0.3141592653589793,2,4.0,3,0.04,/mnt/ceph-ssd/workspaces/ws/cidbn_wibral_neuro_nonhuman/u19361-workspace/allen/rf/zebra/rawresults/ephys/sub-830794_ses-ecephys-830794-2026-01-26-12-02-05_ecephys/ProbeD/trial_0/phase_1/lib_ab4a70858e/lib_ab4a70858e__delay_0.0__dur_0.25.h5
f9608905-c426-49d6-9379-b43522b1b1c9,0.03,0.1,ab4a70858e,0.16194283962249756,-25.970149253731343,0.8962264150943398,0.0,17.91,19,26,0,0.0,3,5.0,7,0.08,/mnt/ceph-ssd/workspaces/ws/cidbn_wibral_neuro_nonhuman/u19361-workspace/allen/rf/zebra/rawresults/ephys/sub-830794_ses-ecephys-830794-2026-01-26-12-02-05_ecephys/ProbeD/trial_0/phase_1/lib_ab4a70858e/lib_ab4a70858e__delay_0.03__dur_0.1.h5
f9d6ebba-757d-49f6-bb91-a6a062794a31,0.02,0.25,ab4a70858e,0.08518525213003159,-56.417910447761194,27.783018867924525,45.02251307527088,17.91,2,11,2,0.6283185307179586,3,5.0,8,0.09,/mnt/ceph-ssd/workspaces/ws/cidbn_wibral_neuro_nonhuman/u19361-workspace/allen/rf/zebra/rawresults/ephys/sub-830794_ses-ecephys-830794-2026-01-26-12-02-05_ecephys/ProbeD/trial_0/phase_1/lib_ab4a70858e/lib_ab4a70858e__delay_0.02__dur_0.25.h5
fa3b382d-5479-4347-b296-7180fcebb720,0.02,0.15000000000000002,ab4a70858e,0.12006647884845734,-34.92537313432835,4.481132075471699,45.02251307527088,7.16,14,24,2,0.6283185307179586,0,2.0,9,0.1,/mnt/ceph-ssd/workspaces/ws/cidbn_wibral_neuro_nonhuman/u19361-workspace/allen/rf/zebra/rawresults/ephys/sub-830794_ses-ecephys-830794-2026-01-26-12-02-05_ecephys/ProbeD/trial_0/phase_1/lib_ab4a70858e/lib_ab4a70858e__delay_0.02__dur_0.15000000000000002.h5
fabfe10f-4074-4696-9386-1ad38827479b,0.01,0.25,ab4a70858e,0.08146467059850693,-18.80597014925373,0.8962264150943398,157.4840764271708,10.74,23,26,7,2.199114857512855,1,3.0,12,1.3,/mnt/ceph-ssd/workspaces/ws/cidbn_wibral_neuro_nonhuman/u19361-workspace/allen/rf/zebra/rawresults/ephys/sub-830794_ses-ecephys-830794-2026-01-26-12-02-05_ecephys/ProbeD/trial_0/phase_1/lib_ab4a70858e/lib_ab4a70858e__delay_0.01__dur_0.25.h5
fae3bfa5-bfa0-4796-8a35-663c190a5c1b,0.07,0.1,ab4a70858e,0.08453284204006195,36.71641791044776,18.820754716981128,67.51591472682667,14.32,54,16,3,0.9424777960769379,2,4.0,2,0.03,/mnt/ceph-ssd/workspaces/ws/cidbn_wibral_neuro_nonhuman/u19361-workspace/allen/rf/zebra/rawresults/ephys/sub-830794_ses-ecephys-830794-2026-01-26-12-02-05_ecephys/ProbeD/trial_0/phase_1/lib_ab4a70858e/lib_ab4a70858e__delay_0.07__dur_0.1.h5
fb22b0e4-b2ab-47dd-84aa-55cc8f7c5703,0.01,0.05,ab4a70858e,0.40841788053512573,-31.34328358208955,4.481132075471699,45.02251307527088,10.74,16,24,2,0.6283185307179586,1,3.0,1,0.02,/mnt/ceph-ssd/workspaces/ws/cidbn_wibral_neuro_nonhuman/u19361-workspace/allen/rf/zebra/rawresults/ephys/sub-830794_ses-ecephys-830794-2026-01-26-12-02-05_ecephys/ProbeD/trial_0/phase_1/lib_ab4a70858e/lib_ab4a70858e__delay_0.01__dur_0.05.h5
fbd5d508-78c2-4099-8584-d38e5d85f24f,0.08,0.2,ab4a70858e,0.09328652918338776,-11.64179104477612,-18.82075471698113,180.0,14.32,27,37,8,2.5132741228718345,2,4.0,12,1.3,/mnt/ceph-ssd/workspaces/ws/cidbn_wibral_neuro_nonhuman/u19361-workspace/allen/rf/zebra/rawresults/ephys/sub-830794_ses-ecephys-830794-2026-01-26-12-02-05_ecephys/ProbeD/trial_0/phase_1/lib_ab4a70858e/lib_ab4a70858e__delay_0.08__dur_0.2.h5
fc4961af-d810-48a6-928a-564e0a20d142,0.02,0.25,ab4a70858e,0.07094360142946243,43.88059701492537,-42.12264150943396,45.02251307527088,7.16,58,50,2,0.6283185307179586,0,2.0,9,0.1,/mnt/ceph-ssd/workspaces/ws/cidbn_wibral_neuro_nonhuman/u19361-workspace/allen/rf/zebra/rawresults/ephys/sub-830794_ses-ecephys-830794-2026-01-26-12-02-05_ecephys/ProbeD/trial_0/phase_1/lib_ab4a70858e/lib_ab4a70858e__delay_0.02__dur_0.25.h5
fc87803e-a6d2-4620-a93e-96edfd1da992,0.02,0.15000000000000002,ab4a70858e,0.09722048789262772,13.43283582089552,-38.5377358490566,45.02251307527088,28.65,41,48,2,0.6283185307179586,5,8.0,6,0.07,/mnt/ceph-ssd/workspaces/ws/cidbn_wibral_neuro_nonhuman/u19361-workspace/allen/rf/zebra/rawresults/ephys/sub-830794_ses-ecephys-830794-2026-01-26-12-02-05_ecephys/ProbeD/trial_0/phase_1/lib_ab4a70858e/lib_ab4a70858e__delay_0.02__dur_0.15000000000000002.h5
fd4323f4-8fd8-4864-aaa0-208db0ed8965,0.07,0.25,ab4a70858e,0.08740484714508057,-9.850746268656714,29.575471698113205,157.4840764271708,21.49,28,10,7,2.199114857512855,4,6.0,9,0.1,/mnt/ceph-ssd/workspaces/ws/cidbn_wibral_neuro_nonhuman/u19361-workspace/allen/rf/zebra/rawresults/ephys/sub-830794_ses-ecephys-830794-2026-01-26-12-02-05_ecephys/ProbeD/trial_0/phase_1/lib_ab4a70858e/lib_ab4a70858e__delay_0.07__dur_0.25.h5
fd44a030-50f8-48a5-8c51-f18439fa9ab0,0.12,0.25,ab4a70858e,0.09909629821777344,-22.388059701492537,33.160377358490564,45.02251307527088,10.74,21,8,2,0.6283185307179586,1,3.0,12,1.3,/mnt/ceph-ssd/workspaces/ws/cidbn_wibral_neuro_nonhuman/u19361-workspace/allen/rf/zebra/rawresults/ephys/sub-830794_ses-ecephys-830794-2026-01-26-12-02-05_ecephys/ProbeD/trial_0/phase_1/lib_ab4a70858e/lib_ab4a70858e__delay_0.12__dur_0.25.h5
fd4ea879-85d5-4ee8-ba55-91a5be49bf98,0.08,0.15000000000000002,ab4a70858e,0.10316942632198334,-29.55223880597015,4.481132075471699,67.51591472682667,17.91,17,24,3,0.9424777960769379,3,5.0,12,1.3,/mnt/ceph-ssd/workspaces/ws/cidbn_wibral_neuro_nonhuman/u19361-workspace/allen/rf/zebra/rawresults/ephys/sub-830794_ses-ecephys-830794-2026-01-26-12-02-05_ecephys/ProbeD/trial_0/phase_1/lib_ab4a70858e/lib_ab4a70858e__delay_0.08__dur_0.15000000000000002.h5
fddb3390-86f2-4552-a16b-ddec53ae399b,0.01,0.1,ab4a70858e,0.07375920563936234,-4.477611940298509,-8.066037735849058,0.0,21.49,31,31,0,0.0,4,6.0,11,1.2,/mnt/ceph-ssd/workspaces/ws/cidbn_wibral_neuro_nonhuman/u19361-workspace/allen/rf/zebra/rawresults/ephys/sub-830794_ses-ecephys-830794-2026-01-26-12-02-05_ecephys/ProbeD/trial_0/phase_1/lib_ab4a70858e/lib_ab4a70858e__delay_0.01__dur_0.1.h5
fdf89590-57e7-4f8b-b99b-5e3c5c7d5ada,0.0,0.2,ab4a70858e,0.09349538385868073,-33.134328358208954,11.650943396226417,22.515923572829195,28.65,15,20,1,0.3141592653589793,5,8.0,0,0.01,/mnt/ceph-ssd/workspaces/ws/cidbn_wibral_neuro_nonhuman/u19361-workspace/allen/rf/zebra/rawresults/ephys/sub-830794_ses-ecephys-830794-2026-01-26-12-02-05_ecephys/ProbeD/trial_0/phase_1/lib_ab4a70858e/lib_ab4a70858e__delay_0.0__dur_0.2.h5
fe7d3b3e-7223-4719-b434-da6e8c923add,0.0,0.05,ab4a70858e,0.12594951689243317,38.507462686567166,-15.235849056603776,22.515923572829195,17.91,55,35,1,0.3141592653589793,3,5.0,0,0.01,/mnt/ceph-ssd/workspaces/ws/cidbn_wibral_neuro_nonhuman/u19361-workspace/allen/rf/zebra/rawresults/ephys/sub-830794_ses-ecephys-830794-2026-01-26-12-02-05_ecephys/ProbeD/trial_0/phase_1/lib_ab4a70858e/lib_ab4a70858e__delay_0.0__dur_0.05.h5
fe9bb894-2d71-443a-950b-1aa16cd86f0f,0.08,0.2,ab4a70858e,0.08317575603723526,-34.92537313432835,-8.066037735849058,157.4840764271708,21.49,14,31,7,2.199114857512855,4,6.0,4,0.05,/mnt/ceph-ssd/workspaces/ws/cidbn_wibral_neuro_nonhuman/u19361-workspace/allen/rf/zebra/rawresults/ephys/sub-830794_ses-ecephys-830794-2026-01-26-12-02-05_ecephys/ProbeD/trial_0/phase_1/lib_ab4a70858e/lib_ab4a70858e__delay_0.08__dur_0.2.h5
feff0a5c-d498-46b8-b7a6-36ba7c873e12,0.0,0.1,ab4a70858e,0.4914984703063965,24.179104477611943,-13.443396226415096,45.02251307527088,7.16,47,34,2,0.6283185307179586,0,2.0,2,0.03,/mnt/ceph-ssd/workspaces/ws/cidbn_wibral_neuro_nonhuman/u19361-workspace/allen/rf/zebra/rawresults/ephys/sub-830794_ses-ecephys-830794-2026-01-26-12-02-05_ecephys/ProbeD/trial_0/phase_1/lib_ab4a70858e/lib_ab4a70858e__delay_0.0__dur_0.1.h5
ff0396cb-2d1b-4c7e-94e9-c37716cf66c4,0.03,0.15000000000000002,ab4a70858e,0.10072394460439682,-8.059701492537314,4.481132075471699,112.48408527317332,17.91,29,24,5,1.5707963267948966,3,5.0,11,1.2,/mnt/ceph-ssd/workspaces/ws/cidbn_wibral_neuro_nonhuman/u19361-workspace/allen/rf/zebra/rawresults/ephys/sub-830794_ses-ecephys-830794-2026-01-26-12-02-05_ecephys/ProbeD/trial_0/phase_1/lib_ab4a70858e/lib_ab4a70858e__delay_0.03__dur_0.15000000000000002.h5
ff3e7190-3bcd-47fc-a18b-a1198e6b482e,0.0,0.15000000000000002,ab4a70858e,0.08265849202871323,-36.71641791044776,15.235849056603776,112.48408527317332,14.32,13,18,5,1.5707963267948966,2,4.0,6,0.07,/mnt/ceph-ssd/workspaces/ws/cidbn_wibral_neuro_nonhuman/u19361-workspace/allen/rf/zebra/rawresults/ephys/sub-830794_ses-ecephys-830794-2026-01-26-12-02-05_ecephys/ProbeD/trial_0/phase_1/lib_ab4a70858e/lib_ab4a70858e__delay_0.0__dur_0.15000000000000002.h5
ff7ea3ce-b795-490d-8941-0cf5edbeea41,0.11,0.2,ab4a70858e,0.07388803362846375,-4.477611940298509,47.5,157.4840764271708,17.91,31,0,7,2.199114857512855,3,5.0,3,0.04,/mnt/ceph-ssd/workspaces/ws/cidbn_wibral_neuro_nonhuman/u19361-workspace/allen/rf/zebra/rawresults/ephys/sub-830794_ses-ecephys-830794-2026-01-26-12-02-05_ecephys/ProbeD/trial_0/phase_1/lib_ab4a70858e/lib_ab4a70858e__delay_0.11__dur_0.2.h5
ff9f3014-1131-4bce-adab-f0a72ad1a032,0.01,0.05,ab4a70858e,0.0,-60.0,47.5,0.0,7.16,0,0,0,0.0,0,2.0,0,0.01,/mnt/ceph-ssd/workspaces/ws/cidbn_wibral_neuro_nonhuman/u19361-workspace/allen/rf/zebra/rawresults/ephys/sub-830794_ses-ecephys-830794-2026-01-26-12-02-05_ecephys/ProbeD/trial_0/phase_1/lib_ab4a70858e/lib_ab4a70858e__delay_0.01__dur_0.05.h5
ffac78f4-b88c-4d39-aabf-e77752cd3f19,0.0,0.1,ab4a70858e,0.25687912106513977,-2.6865671641791025,-9.858490566037737,157.4840764271708,14.32,32,32,7,2.199114857512855,2,4.0,7,0.08,/mnt/ceph-ssd/workspaces/ws/cidbn_wibral_neuro_nonhuman/u19361-workspace/allen/rf/zebra/rawresults/ephys/sub-830794_ses-ecephys-830794-2026-01-26-12-02-05_ecephys/ProbeD/trial_0/phase_1/lib_ab4a70858e/lib_ab4a70858e__delay_0.0__dur_0.1.h5
