unit_id,delay,duration,lib_id,abs_max_value,x_deg,y_deg,theta_deg,sigma_deg,xi,yi,theta_idx,theta_rad,sigma_idx,sigma,frequency_idx,frequency,source_file
0,0.09,0.0,ab4a70858e,0.113728828728199,-11.64179104477612,-11.650943396226417,22.515923572829195,21.49,27,33,1,0.3141592653589793,4,6.0,6,0.07,/mnt/ceph-hdd/workspaces/ws/cidbn_wibral_neuro_nonhuman/u19361-allen-hdd/results/zebra/meso/sub-832700_ses-multiplane-ophys-832700-2026-01-24-12-06-12_ophys/events/VISp_3/trial_0/phase_0/lib_ab4a70858e/lib_ab4a70858e__delay_0.09__dur_0.0.h5
1,0.12,0.0,ab4a70858e,0.10671085864305496,-38.507462686567166,-11.650943396226417,0.0,21.49,12,33,0,0.0,4,6.0,7,0.08,/mnt/ceph-hdd/workspaces/ws/cidbn_wibral_neuro_nonhuman/u19361-allen-hdd/results/zebra/meso/sub-832700_ses-multiplane-ophys-832700-2026-01-24-12-06-12_ophys/events/VISp_3/trial_0/phase_0/lib_ab4a70858e/lib_ab4a70858e__delay_0.12__dur_0.0.h5
10,0.15,0.2,ab4a70858e,0.1048857718706131,-27.761194029850742,2.6886792452830193,157.4840764271708,17.91,18,25,7,2.199114857512855,3,5.0,11,1.2,/mnt/ceph-hdd/workspaces/ws/cidbn_wibral_neuro_nonhuman/u19361-allen-hdd/results/zebra/meso/sub-832700_ses-multiplane-ophys-832700-2026-01-24-12-06-12_ophys/events/VISp_3/trial_0/phase_0/lib_ab4a70858e/lib_ab4a70858e__delay_0.15__dur_0.2.h5
100,0.03,0.2,ab4a70858e,0.1317027062177658,27.761194029850756,20.613207547169807,157.4840764271708,17.91,49,15,7,2.199114857512855,3,5.0,12,1.3,/mnt/ceph-hdd/workspaces/ws/cidbn_wibral_neuro_nonhuman/u19361-allen-hdd/results/zebra/meso/sub-832700_ses-multiplane-ophys-832700-2026-01-24-12-06-12_ophys/events/VISp_3/trial_0/phase_0/lib_ab4a70858e/lib_ab4a70858e__delay_0.03__dur_0.2.h5
101,0.09,0.0,ab4a70858e,0.1167554184794426,-0.8955223880596961,-6.273584905660378,134.9774869247291,21.49,33,30,6,1.8849555921538759,4,6.0,4,0.05,/mnt/ceph-hdd/workspaces/ws/cidbn_wibral_neuro_nonhuman/u19361-allen-hdd/results/zebra/meso/sub-832700_ses-multiplane-ophys-832700-2026-01-24-12-06-12_ophys/events/VISp_3/trial_0/phase_0/lib_ab4a70858e/lib_ab4a70858e__delay_0.09__dur_0.0.h5
102,0.09,0.2,ab4a70858e,0.10951287299394608,43.88059701492537,-25.99056603773585,90.0,14.32,58,41,4,1.2566370614359172,2,4.0,12,1.3,/mnt/ceph-hdd/workspaces/ws/cidbn_wibral_neuro_nonhuman/u19361-allen-hdd/results/zebra/meso/sub-832700_ses-multiplane-ophys-832700-2026-01-24-12-06-12_ophys/events/VISp_3/trial_0/phase_0/lib_ab4a70858e/lib_ab4a70858e__delay_0.09__dur_0.2.h5
103,0.0,0.2,ab4a70858e,0.100706085562706,8.059701492537314,-27.78301886792453,22.515923572829195,21.49,38,42,1,0.3141592653589793,4,6.0,6,0.07,/mnt/ceph-hdd/workspaces/ws/cidbn_wibral_neuro_nonhuman/u19361-allen-hdd/results/zebra/meso/sub-832700_ses-multiplane-ophys-832700-2026-01-24-12-06-12_ophys/events/VISp_3/trial_0/phase_0/lib_ab4a70858e/lib_ab4a70858e__delay_0.0__dur_0.2.h5
104,0.15,0.2,ab4a70858e,0.10555393993854523,-11.64179104477612,13.443396226415096,45.02251307527088,10.74,27,19,2,0.6283185307179586,1,3.0,10,1.1,/mnt/ceph-hdd/workspaces/ws/cidbn_wibral_neuro_nonhuman/u19361-allen-hdd/results/zebra/meso/sub-832700_ses-multiplane-ophys-832700-2026-01-24-12-06-12_ophys/events/VISp_3/trial_0/phase_0/lib_ab4a70858e/lib_ab4a70858e__delay_0.15__dur_0.2.h5
105,0.03,0.2,ab4a70858e,0.14488713443279266,-27.761194029850742,31.367924528301884,45.02251307527088,14.32,18,9,2,0.6283185307179586,2,4.0,12,1.3,/mnt/ceph-hdd/workspaces/ws/cidbn_wibral_neuro_nonhuman/u19361-allen-hdd/results/zebra/meso/sub-832700_ses-multiplane-ophys-832700-2026-01-24-12-06-12_ophys/events/VISp_3/trial_0/phase_0/lib_ab4a70858e/lib_ab4a70858e__delay_0.03__dur_0.2.h5
106,0.15,0.0,ab4a70858e,0.14063791930675507,-4.477611940298509,-15.235849056603776,0.0,7.16,31,35,0,0.0,0,2.0,11,1.2,/mnt/ceph-hdd/workspaces/ws/cidbn_wibral_neuro_nonhuman/u19361-allen-hdd/results/zebra/meso/sub-832700_ses-multiplane-ophys-832700-2026-01-24-12-06-12_ophys/events/VISp_3/trial_0/phase_0/lib_ab4a70858e/lib_ab4a70858e__delay_0.15__dur_0.0.h5
107,0.12,0.0,ab4a70858e,0.169017031788826,0.8955223880597032,-2.6886792452830193,22.515923572829195,17.91,34,28,1,0.3141592653589793,3,5.0,8,0.09,/mnt/ceph-hdd/workspaces/ws/cidbn_wibral_neuro_nonhuman/u19361-allen-hdd/results/zebra/meso/sub-832700_ses-multiplane-ophys-832700-2026-01-24-12-06-12_ophys/events/VISp_3/trial_0/phase_0/lib_ab4a70858e/lib_ab4a70858e__delay_0.12__dur_0.0.h5
108,0.03,0.0,ab4a70858e,0.12486875057220459,4.477611940298516,-36.74528301886792,22.515923572829163,14.32,36,47,9,2.827433388230814,2,4.0,10,1.1,/mnt/ceph-hdd/workspaces/ws/cidbn_wibral_neuro_nonhuman/u19361-allen-hdd/results/zebra/meso/sub-832700_ses-multiplane-ophys-832700-2026-01-24-12-06-12_ophys/events/VISp_3/trial_0/phase_0/lib_ab4a70858e/lib_ab4a70858e__delay_0.03__dur_0.0.h5
109,0.09,0.0,ab4a70858e,0.12349852919578552,43.88059701492537,-25.99056603773585,90.0,14.32,58,41,4,1.2566370614359172,2,4.0,12,1.3,/mnt/ceph-hdd/workspaces/ws/cidbn_wibral_neuro_nonhuman/u19361-allen-hdd/results/zebra/meso/sub-832700_ses-multiplane-ophys-832700-2026-01-24-12-06-12_ophys/events/VISp_3/trial_0/phase_0/lib_ab4a70858e/lib_ab4a70858e__delay_0.09__dur_0.0.h5
11,0.12,0.2,ab4a70858e,0.17062602937221527,11.641791044776127,-0.8962264150943398,45.02251307527088,7.16,40,27,2,0.6283185307179586,0,2.0,12,1.3,/mnt/ceph-hdd/workspaces/ws/cidbn_wibral_neuro_nonhuman/u19361-allen-hdd/results/zebra/meso/sub-832700_ses-multiplane-ophys-832700-2026-01-24-12-06-12_ophys/events/VISp_3/trial_0/phase_0/lib_ab4a70858e/lib_ab4a70858e__delay_0.12__dur_0.2.h5
110,0.15,0.0,ab4a70858e,0.12204970419406891,6.268656716417908,6.273584905660378,157.4840764271708,7.16,37,23,7,2.199114857512855,0,2.0,12,1.3,/mnt/ceph-hdd/workspaces/ws/cidbn_wibral_neuro_nonhuman/u19361-allen-hdd/results/zebra/meso/sub-832700_ses-multiplane-ophys-832700-2026-01-24-12-06-12_ophys/events/VISp_3/trial_0/phase_0/lib_ab4a70858e/lib_ab4a70858e__delay_0.15__dur_0.0.h5
111,0.0,0.0,ab4a70858e,0.13596749305725098,52.83582089552239,0.8962264150943398,134.9774869247291,28.65,63,26,6,1.8849555921538759,5,8.0,11,1.2,/mnt/ceph-hdd/workspaces/ws/cidbn_wibral_neuro_nonhuman/u19361-allen-hdd/results/zebra/meso/sub-832700_ses-multiplane-ophys-832700-2026-01-24-12-06-12_ophys/events/VISp_3/trial_0/phase_0/lib_ab4a70858e/lib_ab4a70858e__delay_0.0__dur_0.0.h5
112,0.03,0.2,ab4a70858e,0.12697874009609222,9.85074626865672,-22.40566037735849,0.0,14.32,39,39,0,0.0,2,4.0,11,1.2,/mnt/ceph-hdd/workspaces/ws/cidbn_wibral_neuro_nonhuman/u19361-allen-hdd/results/zebra/meso/sub-832700_ses-multiplane-ophys-832700-2026-01-24-12-06-12_ophys/events/VISp_3/trial_0/phase_0/lib_ab4a70858e/lib_ab4a70858e__delay_0.03__dur_0.2.h5
113,0.0,0.2,ab4a70858e,0.1130516529083252,-0.8955223880596961,-9.858490566037737,90.0,7.16,33,32,4,1.2566370614359172,0,2.0,10,1.1,/mnt/ceph-hdd/workspaces/ws/cidbn_wibral_neuro_nonhuman/u19361-allen-hdd/results/zebra/meso/sub-832700_ses-multiplane-ophys-832700-2026-01-24-12-06-12_ophys/events/VISp_3/trial_0/phase_0/lib_ab4a70858e/lib_ab4a70858e__delay_0.0__dur_0.2.h5
114,0.03,0.2,ab4a70858e,0.14351095259189606,-2.6865671641791025,-9.858490566037737,90.0,14.32,32,32,4,1.2566370614359172,2,4.0,6,0.07,/mnt/ceph-hdd/workspaces/ws/cidbn_wibral_neuro_nonhuman/u19361-allen-hdd/results/zebra/meso/sub-832700_ses-multiplane-ophys-832700-2026-01-24-12-06-12_ophys/events/VISp_3/trial_0/phase_0/lib_ab4a70858e/lib_ab4a70858e__delay_0.03__dur_0.2.h5
115,0.0,0.0,ab4a70858e,0.10020176321268082,22.388059701492537,-13.443396226415096,22.515923572829195,7.16,46,34,1,0.3141592653589793,0,2.0,12,1.3,/mnt/ceph-hdd/workspaces/ws/cidbn_wibral_neuro_nonhuman/u19361-allen-hdd/results/zebra/meso/sub-832700_ses-multiplane-ophys-832700-2026-01-24-12-06-12_ophys/events/VISp_3/trial_0/phase_0/lib_ab4a70858e/lib_ab4a70858e__delay_0.0__dur_0.0.h5
116,0.03,0.2,ab4a70858e,0.14084264636039734,-13.43283582089552,-17.028301886792452,157.4840764271708,14.32,26,36,7,2.199114857512855,2,4.0,9,0.1,/mnt/ceph-hdd/workspaces/ws/cidbn_wibral_neuro_nonhuman/u19361-allen-hdd/results/zebra/meso/sub-832700_ses-multiplane-ophys-832700-2026-01-24-12-06-12_ophys/events/VISp_3/trial_0/phase_0/lib_ab4a70858e/lib_ab4a70858e__delay_0.03__dur_0.2.h5
117,0.03,0.2,ab4a70858e,0.2880490720272064,0.8955223880597032,-4.481132075471699,22.515923572829195,14.32,34,29,1,0.3141592653589793,2,4.0,4,0.05,/mnt/ceph-hdd/workspaces/ws/cidbn_wibral_neuro_nonhuman/u19361-allen-hdd/results/zebra/meso/sub-832700_ses-multiplane-ophys-832700-2026-01-24-12-06-12_ophys/events/VISp_3/trial_0/phase_0/lib_ab4a70858e/lib_ab4a70858e__delay_0.03__dur_0.2.h5
118,0.03,0.0,ab4a70858e,0.09845707565546036,-58.208955223880594,29.575471698113205,90.0,21.49,1,10,4,1.2566370614359172,4,6.0,11,1.2,/mnt/ceph-hdd/workspaces/ws/cidbn_wibral_neuro_nonhuman/u19361-allen-hdd/results/zebra/meso/sub-832700_ses-multiplane-ophys-832700-2026-01-24-12-06-12_ophys/events/VISp_3/trial_0/phase_0/lib_ab4a70858e/lib_ab4a70858e__delay_0.03__dur_0.0.h5
119,0.0,0.2,ab4a70858e,0.0949535071849823,-38.507462686567166,-2.6886792452830193,134.9774869247291,28.65,12,28,6,1.8849555921538759,5,8.0,6,0.07,/mnt/ceph-hdd/workspaces/ws/cidbn_wibral_neuro_nonhuman/u19361-allen-hdd/results/zebra/meso/sub-832700_ses-multiplane-ophys-832700-2026-01-24-12-06-12_ophys/events/VISp_3/trial_0/phase_0/lib_ab4a70858e/lib_ab4a70858e__delay_0.0__dur_0.2.h5
12,0.15,0.0,ab4a70858e,0.13338424265384674,9.85074626865672,6.273584905660378,67.51591472682667,28.65,39,23,3,0.9424777960769379,5,8.0,9,0.1,/mnt/ceph-hdd/workspaces/ws/cidbn_wibral_neuro_nonhuman/u19361-allen-hdd/results/zebra/meso/sub-832700_ses-multiplane-ophys-832700-2026-01-24-12-06-12_ophys/events/VISp_3/trial_0/phase_0/lib_ab4a70858e/lib_ab4a70858e__delay_0.15__dur_0.0.h5
120,0.09,0.2,ab4a70858e,0.09708822518587112,-8.059701492537314,40.33018867924528,180.0,7.16,29,4,8,2.5132741228718345,0,2.0,12,1.3,/mnt/ceph-hdd/workspaces/ws/cidbn_wibral_neuro_nonhuman/u19361-allen-hdd/results/zebra/meso/sub-832700_ses-multiplane-ophys-832700-2026-01-24-12-06-12_ophys/events/VISp_3/trial_0/phase_0/lib_ab4a70858e/lib_ab4a70858e__delay_0.09__dur_0.2.h5
121,0.15,0.0,ab4a70858e,0.1035742536187172,-6.268656716417908,-0.8962264150943398,157.4840764271708,7.16,30,27,7,2.199114857512855,0,2.0,12,1.3,/mnt/ceph-hdd/workspaces/ws/cidbn_wibral_neuro_nonhuman/u19361-allen-hdd/results/zebra/meso/sub-832700_ses-multiplane-ophys-832700-2026-01-24-12-06-12_ophys/events/VISp_3/trial_0/phase_0/lib_ab4a70858e/lib_ab4a70858e__delay_0.15__dur_0.0.h5
122,0.06,0.2,ab4a70858e,0.13094821572303772,-31.34328358208955,31.367924528301884,45.02251307527088,17.91,16,9,2,0.6283185307179586,3,5.0,12,1.3,/mnt/ceph-hdd/workspaces/ws/cidbn_wibral_neuro_nonhuman/u19361-allen-hdd/results/zebra/meso/sub-832700_ses-multiplane-ophys-832700-2026-01-24-12-06-12_ophys/events/VISp_3/trial_0/phase_0/lib_ab4a70858e/lib_ab4a70858e__delay_0.06__dur_0.2.h5
123,0.03,0.0,ab4a70858e,0.12471899390220642,27.761194029850756,-18.82075471698113,67.51591472682667,7.16,49,37,3,0.9424777960769379,0,2.0,10,1.1,/mnt/ceph-hdd/workspaces/ws/cidbn_wibral_neuro_nonhuman/u19361-allen-hdd/results/zebra/meso/sub-832700_ses-multiplane-ophys-832700-2026-01-24-12-06-12_ophys/events/VISp_3/trial_0/phase_0/lib_ab4a70858e/lib_ab4a70858e__delay_0.03__dur_0.0.h5
124,0.06,0.2,ab4a70858e,0.12746083736419678,-17.014925373134325,0.8962264150943398,112.48408527317332,21.49,24,26,5,1.5707963267948966,4,6.0,12,1.3,/mnt/ceph-hdd/workspaces/ws/cidbn_wibral_neuro_nonhuman/u19361-allen-hdd/results/zebra/meso/sub-832700_ses-multiplane-ophys-832700-2026-01-24-12-06-12_ophys/events/VISp_3/trial_0/phase_0/lib_ab4a70858e/lib_ab4a70858e__delay_0.06__dur_0.2.h5
125,0.0,0.2,ab4a70858e,0.14098116755485535,-11.64179104477612,2.6886792452830193,157.4840764271708,14.32,27,25,7,2.199114857512855,2,4.0,12,1.3,/mnt/ceph-hdd/workspaces/ws/cidbn_wibral_neuro_nonhuman/u19361-allen-hdd/results/zebra/meso/sub-832700_ses-multiplane-ophys-832700-2026-01-24-12-06-12_ophys/events/VISp_3/trial_0/phase_0/lib_ab4a70858e/lib_ab4a70858e__delay_0.0__dur_0.2.h5
126,0.03,0.2,ab4a70858e,0.10558102279901505,-43.88059701492537,27.783018867924525,67.51591472682667,28.65,9,11,3,0.9424777960769379,5,8.0,10,1.1,/mnt/ceph-hdd/workspaces/ws/cidbn_wibral_neuro_nonhuman/u19361-allen-hdd/results/zebra/meso/sub-832700_ses-multiplane-ophys-832700-2026-01-24-12-06-12_ophys/events/VISp_3/trial_0/phase_0/lib_ab4a70858e/lib_ab4a70858e__delay_0.03__dur_0.2.h5
127,0.06,0.0,ab4a70858e,0.16763091087341309,36.71641791044776,25.990566037735846,112.48408527317332,28.65,54,12,5,1.5707963267948966,5,8.0,12,1.3,/mnt/ceph-hdd/workspaces/ws/cidbn_wibral_neuro_nonhuman/u19361-allen-hdd/results/zebra/meso/sub-832700_ses-multiplane-ophys-832700-2026-01-24-12-06-12_ophys/events/VISp_3/trial_0/phase_0/lib_ab4a70858e/lib_ab4a70858e__delay_0.06__dur_0.0.h5
128,0.06,0.2,ab4a70858e,0.15892748534679413,-22.388059701492537,4.481132075471699,157.4840764271708,17.91,21,24,7,2.199114857512855,3,5.0,12,1.3,/mnt/ceph-hdd/workspaces/ws/cidbn_wibral_neuro_nonhuman/u19361-allen-hdd/results/zebra/meso/sub-832700_ses-multiplane-ophys-832700-2026-01-24-12-06-12_ophys/events/VISp_3/trial_0/phase_0/lib_ab4a70858e/lib_ab4a70858e__delay_0.06__dur_0.2.h5
129,0.12,0.2,ab4a70858e,0.12116451561450958,34.92537313432837,29.575471698113205,180.0,7.16,53,10,8,2.5132741228718345,0,2.0,10,1.1,/mnt/ceph-hdd/workspaces/ws/cidbn_wibral_neuro_nonhuman/u19361-allen-hdd/results/zebra/meso/sub-832700_ses-multiplane-ophys-832700-2026-01-24-12-06-12_ophys/events/VISp_3/trial_0/phase_0/lib_ab4a70858e/lib_ab4a70858e__delay_0.12__dur_0.2.h5
13,0.15,0.0,ab4a70858e,0.11961181461811066,29.55223880597015,-24.19811320754717,0.0,21.49,50,40,0,0.0,4,6.0,11,1.2,/mnt/ceph-hdd/workspaces/ws/cidbn_wibral_neuro_nonhuman/u19361-allen-hdd/results/zebra/meso/sub-832700_ses-multiplane-ophys-832700-2026-01-24-12-06-12_ophys/events/VISp_3/trial_0/phase_0/lib_ab4a70858e/lib_ab4a70858e__delay_0.15__dur_0.0.h5
130,0.03,0.2,ab4a70858e,0.2301449179649353,-0.8955223880596961,-6.273584905660378,22.515923572829195,17.91,33,30,1,0.3141592653589793,3,5.0,9,0.1,/mnt/ceph-hdd/workspaces/ws/cidbn_wibral_neuro_nonhuman/u19361-allen-hdd/results/zebra/meso/sub-832700_ses-multiplane-ophys-832700-2026-01-24-12-06-12_ophys/events/VISp_3/trial_0/phase_0/lib_ab4a70858e/lib_ab4a70858e__delay_0.03__dur_0.2.h5
131,0.06,0.2,ab4a70858e,0.13108184933662415,-25.970149253731343,0.8962264150943398,90.0,14.32,19,26,4,1.2566370614359172,2,4.0,10,1.1,/mnt/ceph-hdd/workspaces/ws/cidbn_wibral_neuro_nonhuman/u19361-allen-hdd/results/zebra/meso/sub-832700_ses-multiplane-ophys-832700-2026-01-24-12-06-12_ophys/events/VISp_3/trial_0/phase_0/lib_ab4a70858e/lib_ab4a70858e__delay_0.06__dur_0.2.h5
132,0.12,0.2,ab4a70858e,0.12509246170520782,-4.477611940298509,29.575471698113205,0.0,14.32,31,10,0,0.0,2,4.0,11,1.2,/mnt/ceph-hdd/workspaces/ws/cidbn_wibral_neuro_nonhuman/u19361-allen-hdd/results/zebra/meso/sub-832700_ses-multiplane-ophys-832700-2026-01-24-12-06-12_ophys/events/VISp_3/trial_0/phase_0/lib_ab4a70858e/lib_ab4a70858e__delay_0.12__dur_0.2.h5
133,0.12,0.0,ab4a70858e,0.1160058006644249,0.8955223880597032,-8.066037735849058,157.4840764271708,7.16,34,31,7,2.199114857512855,0,2.0,12,1.3,/mnt/ceph-hdd/workspaces/ws/cidbn_wibral_neuro_nonhuman/u19361-allen-hdd/results/zebra/meso/sub-832700_ses-multiplane-ophys-832700-2026-01-24-12-06-12_ophys/events/VISp_3/trial_0/phase_0/lib_ab4a70858e/lib_ab4a70858e__delay_0.12__dur_0.0.h5
134,0.09,0.2,ab4a70858e,0.11332064121961594,-13.43283582089552,-2.6886792452830193,90.0,7.16,26,28,4,1.2566370614359172,0,2.0,12,1.3,/mnt/ceph-hdd/workspaces/ws/cidbn_wibral_neuro_nonhuman/u19361-allen-hdd/results/zebra/meso/sub-832700_ses-multiplane-ophys-832700-2026-01-24-12-06-12_ophys/events/VISp_3/trial_0/phase_0/lib_ab4a70858e/lib_ab4a70858e__delay_0.09__dur_0.2.h5
135,0.15,0.2,ab4a70858e,0.11924289166927338,-6.268656716417908,-11.650943396226417,180.0,17.91,30,33,8,2.5132741228718345,3,5.0,12,1.3,/mnt/ceph-hdd/workspaces/ws/cidbn_wibral_neuro_nonhuman/u19361-allen-hdd/results/zebra/meso/sub-832700_ses-multiplane-ophys-832700-2026-01-24-12-06-12_ophys/events/VISp_3/trial_0/phase_0/lib_ab4a70858e/lib_ab4a70858e__delay_0.15__dur_0.2.h5
136,0.03,0.2,ab4a70858e,0.14776454865932465,-8.059701492537314,-4.481132075471699,0.0,17.91,29,29,0,0.0,3,5.0,7,0.08,/mnt/ceph-hdd/workspaces/ws/cidbn_wibral_neuro_nonhuman/u19361-allen-hdd/results/zebra/meso/sub-832700_ses-multiplane-ophys-832700-2026-01-24-12-06-12_ophys/events/VISp_3/trial_0/phase_0/lib_ab4a70858e/lib_ab4a70858e__delay_0.03__dur_0.2.h5
137,0.09,0.0,ab4a70858e,0.10576517134904861,27.761194029850756,-31.367924528301888,22.515923572829195,28.65,49,44,1,0.3141592653589793,5,8.0,8,0.09,/mnt/ceph-hdd/workspaces/ws/cidbn_wibral_neuro_nonhuman/u19361-allen-hdd/results/zebra/meso/sub-832700_ses-multiplane-ophys-832700-2026-01-24-12-06-12_ophys/events/VISp_3/trial_0/phase_0/lib_ab4a70858e/lib_ab4a70858e__delay_0.09__dur_0.0.h5
138,0.03,0.0,ab4a70858e,0.14670149981975555,52.83582089552239,2.6886792452830193,90.0,14.32,63,25,4,1.2566370614359172,2,4.0,11,1.2,/mnt/ceph-hdd/workspaces/ws/cidbn_wibral_neuro_nonhuman/u19361-allen-hdd/results/zebra/meso/sub-832700_ses-multiplane-ophys-832700-2026-01-24-12-06-12_ophys/events/VISp_3/trial_0/phase_0/lib_ab4a70858e/lib_ab4a70858e__delay_0.03__dur_0.0.h5
139,0.06,0.2,ab4a70858e,0.1042245402932167,38.507462686567166,-11.650943396226417,90.0,7.16,55,33,4,1.2566370614359172,0,2.0,11,1.2,/mnt/ceph-hdd/workspaces/ws/cidbn_wibral_neuro_nonhuman/u19361-allen-hdd/results/zebra/meso/sub-832700_ses-multiplane-ophys-832700-2026-01-24-12-06-12_ophys/events/VISp_3/trial_0/phase_0/lib_ab4a70858e/lib_ab4a70858e__delay_0.06__dur_0.2.h5
14,0.15,0.0,ab4a70858e,0.11845695227384567,4.477611940298516,-2.6886792452830193,45.02251307527088,21.49,36,28,2,0.6283185307179586,4,6.0,2,0.03,/mnt/ceph-hdd/workspaces/ws/cidbn_wibral_neuro_nonhuman/u19361-allen-hdd/results/zebra/meso/sub-832700_ses-multiplane-ophys-832700-2026-01-24-12-06-12_ophys/events/VISp_3/trial_0/phase_0/lib_ab4a70858e/lib_ab4a70858e__delay_0.15__dur_0.0.h5
140,0.03,0.2,ab4a70858e,0.1332208216190338,-0.8955223880596961,-8.066037735849058,134.9774869247291,14.32,33,31,6,1.8849555921538759,2,4.0,3,0.04,/mnt/ceph-hdd/workspaces/ws/cidbn_wibral_neuro_nonhuman/u19361-allen-hdd/results/zebra/meso/sub-832700_ses-multiplane-ophys-832700-2026-01-24-12-06-12_ophys/events/VISp_3/trial_0/phase_0/lib_ab4a70858e/lib_ab4a70858e__delay_0.03__dur_0.2.h5
141,0.09,0.0,ab4a70858e,0.16419287025928497,4.477611940298516,-8.066037735849058,180.0,21.49,36,31,8,2.5132741228718345,4,6.0,7,0.08,/mnt/ceph-hdd/workspaces/ws/cidbn_wibral_neuro_nonhuman/u19361-allen-hdd/results/zebra/meso/sub-832700_ses-multiplane-ophys-832700-2026-01-24-12-06-12_ophys/events/VISp_3/trial_0/phase_0/lib_ab4a70858e/lib_ab4a70858e__delay_0.09__dur_0.0.h5
142,0.09,0.0,ab4a70858e,0.10129603743553162,36.71641791044776,-22.40566037735849,157.4840764271708,17.91,54,39,7,2.199114857512855,3,5.0,12,1.3,/mnt/ceph-hdd/workspaces/ws/cidbn_wibral_neuro_nonhuman/u19361-allen-hdd/results/zebra/meso/sub-832700_ses-multiplane-ophys-832700-2026-01-24-12-06-12_ophys/events/VISp_3/trial_0/phase_0/lib_ab4a70858e/lib_ab4a70858e__delay_0.09__dur_0.0.h5
143,0.15,0.2,ab4a70858e,0.13109521567821503,-22.388059701492537,-4.481132075471699,180.0,21.49,21,29,8,2.5132741228718345,4,6.0,12,1.3,/mnt/ceph-hdd/workspaces/ws/cidbn_wibral_neuro_nonhuman/u19361-allen-hdd/results/zebra/meso/sub-832700_ses-multiplane-ophys-832700-2026-01-24-12-06-12_ophys/events/VISp_3/trial_0/phase_0/lib_ab4a70858e/lib_ab4a70858e__delay_0.15__dur_0.2.h5
144,0.12,0.0,ab4a70858e,0.09803450107574463,29.55223880597015,-13.443396226415096,45.02251307527088,10.74,50,34,2,0.6283185307179586,1,3.0,10,1.1,/mnt/ceph-hdd/workspaces/ws/cidbn_wibral_neuro_nonhuman/u19361-allen-hdd/results/zebra/meso/sub-832700_ses-multiplane-ophys-832700-2026-01-24-12-06-12_ophys/events/VISp_3/trial_0/phase_0/lib_ab4a70858e/lib_ab4a70858e__delay_0.12__dur_0.0.h5
145,0.09,0.2,ab4a70858e,0.11994261294603348,-22.388059701492537,-4.481132075471699,45.02251307527088,7.16,21,29,2,0.6283185307179586,0,2.0,11,1.2,/mnt/ceph-hdd/workspaces/ws/cidbn_wibral_neuro_nonhuman/u19361-allen-hdd/results/zebra/meso/sub-832700_ses-multiplane-ophys-832700-2026-01-24-12-06-12_ophys/events/VISp_3/trial_0/phase_0/lib_ab4a70858e/lib_ab4a70858e__delay_0.09__dur_0.2.h5
146,0.15,0.0,ab4a70858e,0.09635192155838013,-8.059701492537314,-17.028301886792452,67.51591472682667,10.74,29,36,3,0.9424777960769379,1,3.0,10,1.1,/mnt/ceph-hdd/workspaces/ws/cidbn_wibral_neuro_nonhuman/u19361-allen-hdd/results/zebra/meso/sub-832700_ses-multiplane-ophys-832700-2026-01-24-12-06-12_ophys/events/VISp_3/trial_0/phase_0/lib_ab4a70858e/lib_ab4a70858e__delay_0.15__dur_0.0.h5
147,0.15,0.0,ab4a70858e,0.14712436497211456,-25.970149253731343,22.405660377358487,45.02251307527088,17.91,19,14,2,0.6283185307179586,3,5.0,12,1.3,/mnt/ceph-hdd/workspaces/ws/cidbn_wibral_neuro_nonhuman/u19361-allen-hdd/results/zebra/meso/sub-832700_ses-multiplane-ophys-832700-2026-01-24-12-06-12_ophys/events/VISp_3/trial_0/phase_0/lib_ab4a70858e/lib_ab4a70858e__delay_0.15__dur_0.0.h5
148,0.12,0.0,ab4a70858e,0.12410862743854523,-6.268656716417908,-6.273584905660378,90.0,14.32,30,30,4,1.2566370614359172,2,4.0,4,0.05,/mnt/ceph-hdd/workspaces/ws/cidbn_wibral_neuro_nonhuman/u19361-allen-hdd/results/zebra/meso/sub-832700_ses-multiplane-ophys-832700-2026-01-24-12-06-12_ophys/events/VISp_3/trial_0/phase_0/lib_ab4a70858e/lib_ab4a70858e__delay_0.12__dur_0.0.h5
149,0.09,0.2,ab4a70858e,0.1021256223320961,-2.6865671641791025,2.6886792452830193,0.0,7.16,32,25,0,0.0,0,2.0,11,1.2,/mnt/ceph-hdd/workspaces/ws/cidbn_wibral_neuro_nonhuman/u19361-allen-hdd/results/zebra/meso/sub-832700_ses-multiplane-ophys-832700-2026-01-24-12-06-12_ophys/events/VISp_3/trial_0/phase_0/lib_ab4a70858e/lib_ab4a70858e__delay_0.09__dur_0.2.h5
15,0.0,0.2,ab4a70858e,0.22032344341278076,8.059701492537314,-0.8962264150943398,45.02251307527088,17.91,38,27,2,0.6283185307179586,3,5.0,4,0.05,/mnt/ceph-hdd/workspaces/ws/cidbn_wibral_neuro_nonhuman/u19361-allen-hdd/results/zebra/meso/sub-832700_ses-multiplane-ophys-832700-2026-01-24-12-06-12_ophys/events/VISp_3/trial_0/phase_0/lib_ab4a70858e/lib_ab4a70858e__delay_0.0__dur_0.2.h5
150,0.06,0.0,ab4a70858e,0.12505808472633362,-33.134328358208954,-29.57547169811321,157.4840764271708,10.74,15,43,7,2.199114857512855,1,3.0,10,1.1,/mnt/ceph-hdd/workspaces/ws/cidbn_wibral_neuro_nonhuman/u19361-allen-hdd/results/zebra/meso/sub-832700_ses-multiplane-ophys-832700-2026-01-24-12-06-12_ophys/events/VISp_3/trial_0/phase_0/lib_ab4a70858e/lib_ab4a70858e__delay_0.06__dur_0.0.h5
151,0.03,0.2,ab4a70858e,0.12138108164072037,9.85074626865672,-36.74528301886792,45.02251307527088,10.74,39,47,2,0.6283185307179586,1,3.0,12,1.3,/mnt/ceph-hdd/workspaces/ws/cidbn_wibral_neuro_nonhuman/u19361-allen-hdd/results/zebra/meso/sub-832700_ses-multiplane-ophys-832700-2026-01-24-12-06-12_ophys/events/VISp_3/trial_0/phase_0/lib_ab4a70858e/lib_ab4a70858e__delay_0.03__dur_0.2.h5
152,0.0,0.0,ab4a70858e,0.11559095978736877,-24.179104477611936,-6.273584905660378,180.0,7.16,20,30,8,2.5132741228718345,0,2.0,12,1.3,/mnt/ceph-hdd/workspaces/ws/cidbn_wibral_neuro_nonhuman/u19361-allen-hdd/results/zebra/meso/sub-832700_ses-multiplane-ophys-832700-2026-01-24-12-06-12_ophys/events/VISp_3/trial_0/phase_0/lib_ab4a70858e/lib_ab4a70858e__delay_0.0__dur_0.0.h5
153,0.0,0.0,ab4a70858e,0.10629869997501373,-11.64179104477612,24.198113207547166,157.4840764271708,17.91,27,13,7,2.199114857512855,3,5.0,12,1.3,/mnt/ceph-hdd/workspaces/ws/cidbn_wibral_neuro_nonhuman/u19361-allen-hdd/results/zebra/meso/sub-832700_ses-multiplane-ophys-832700-2026-01-24-12-06-12_ophys/events/VISp_3/trial_0/phase_0/lib_ab4a70858e/lib_ab4a70858e__delay_0.0__dur_0.0.h5
154,0.03,0.2,ab4a70858e,0.10678596049547195,-15.223880597014926,22.405660377358487,180.0,14.32,25,14,8,2.5132741228718345,2,4.0,12,1.3,/mnt/ceph-hdd/workspaces/ws/cidbn_wibral_neuro_nonhuman/u19361-allen-hdd/results/zebra/meso/sub-832700_ses-multiplane-ophys-832700-2026-01-24-12-06-12_ophys/events/VISp_3/trial_0/phase_0/lib_ab4a70858e/lib_ab4a70858e__delay_0.03__dur_0.2.h5
155,0.03,0.2,ab4a70858e,0.12009575217962265,-15.223880597014926,-9.858490566037737,112.48408527317332,14.32,25,32,5,1.5707963267948966,2,4.0,9,0.1,/mnt/ceph-hdd/workspaces/ws/cidbn_wibral_neuro_nonhuman/u19361-allen-hdd/results/zebra/meso/sub-832700_ses-multiplane-ophys-832700-2026-01-24-12-06-12_ophys/events/VISp_3/trial_0/phase_0/lib_ab4a70858e/lib_ab4a70858e__delay_0.03__dur_0.2.h5
156,0.03,0.0,ab4a70858e,0.096149742603302,-25.970149253731343,24.198113207547166,180.0,7.16,19,13,8,2.5132741228718345,0,2.0,11,1.2,/mnt/ceph-hdd/workspaces/ws/cidbn_wibral_neuro_nonhuman/u19361-allen-hdd/results/zebra/meso/sub-832700_ses-multiplane-ophys-832700-2026-01-24-12-06-12_ophys/events/VISp_3/trial_0/phase_0/lib_ab4a70858e/lib_ab4a70858e__delay_0.03__dur_0.0.h5
157,0.03,0.2,ab4a70858e,0.1785554438829422,2.6865671641791096,-6.273584905660378,180.0,14.32,35,30,8,2.5132741228718345,2,4.0,9,0.1,/mnt/ceph-hdd/workspaces/ws/cidbn_wibral_neuro_nonhuman/u19361-allen-hdd/results/zebra/meso/sub-832700_ses-multiplane-ophys-832700-2026-01-24-12-06-12_ophys/events/VISp_3/trial_0/phase_0/lib_ab4a70858e/lib_ab4a70858e__delay_0.03__dur_0.2.h5
158,0.06,0.0,ab4a70858e,0.11107932776212692,-4.477611940298509,11.650943396226417,45.02251307527088,28.65,31,20,2,0.6283185307179586,5,8.0,11,1.2,/mnt/ceph-hdd/workspaces/ws/cidbn_wibral_neuro_nonhuman/u19361-allen-hdd/results/zebra/meso/sub-832700_ses-multiplane-ophys-832700-2026-01-24-12-06-12_ophys/events/VISp_3/trial_0/phase_0/lib_ab4a70858e/lib_ab4a70858e__delay_0.06__dur_0.0.h5
159,0.03,0.0,ab4a70858e,0.16546189785003662,-13.43283582089552,-20.61320754716981,180.0,17.91,26,38,8,2.5132741228718345,3,5.0,12,1.3,/mnt/ceph-hdd/workspaces/ws/cidbn_wibral_neuro_nonhuman/u19361-allen-hdd/results/zebra/meso/sub-832700_ses-multiplane-ophys-832700-2026-01-24-12-06-12_ophys/events/VISp_3/trial_0/phase_0/lib_ab4a70858e/lib_ab4a70858e__delay_0.03__dur_0.0.h5
16,0.12,0.0,ab4a70858e,0.13431107997894287,6.268656716417908,-8.066037735849058,112.48408527317332,14.32,37,31,5,1.5707963267948966,2,4.0,9,0.1,/mnt/ceph-hdd/workspaces/ws/cidbn_wibral_neuro_nonhuman/u19361-allen-hdd/results/zebra/meso/sub-832700_ses-multiplane-ophys-832700-2026-01-24-12-06-12_ophys/events/VISp_3/trial_0/phase_0/lib_ab4a70858e/lib_ab4a70858e__delay_0.12__dur_0.0.h5
160,0.03,0.2,ab4a70858e,0.13427813351154327,-2.6865671641791025,-6.273584905660378,22.515923572829195,21.49,32,30,1,0.3141592653589793,4,6.0,3,0.04,/mnt/ceph-hdd/workspaces/ws/cidbn_wibral_neuro_nonhuman/u19361-allen-hdd/results/zebra/meso/sub-832700_ses-multiplane-ophys-832700-2026-01-24-12-06-12_ophys/events/VISp_3/trial_0/phase_0/lib_ab4a70858e/lib_ab4a70858e__delay_0.03__dur_0.2.h5
161,0.03,0.0,ab4a70858e,0.1186692863702774,-2.6865671641791025,38.5377358490566,45.02251307527088,17.91,32,5,2,0.6283185307179586,3,5.0,10,1.1,/mnt/ceph-hdd/workspaces/ws/cidbn_wibral_neuro_nonhuman/u19361-allen-hdd/results/zebra/meso/sub-832700_ses-multiplane-ophys-832700-2026-01-24-12-06-12_ophys/events/VISp_3/trial_0/phase_0/lib_ab4a70858e/lib_ab4a70858e__delay_0.03__dur_0.0.h5
162,0.09,0.0,ab4a70858e,0.14275620877742767,6.268656716417908,-8.066037735849058,22.515923572829163,21.49,37,31,9,2.827433388230814,4,6.0,3,0.04,/mnt/ceph-hdd/workspaces/ws/cidbn_wibral_neuro_nonhuman/u19361-allen-hdd/results/zebra/meso/sub-832700_ses-multiplane-ophys-832700-2026-01-24-12-06-12_ophys/events/VISp_3/trial_0/phase_0/lib_ab4a70858e/lib_ab4a70858e__delay_0.09__dur_0.0.h5
163,0.06,0.2,ab4a70858e,0.11545845121145248,-18.80597014925373,9.858490566037737,67.51591472682667,10.74,23,21,3,0.9424777960769379,1,3.0,10,1.1,/mnt/ceph-hdd/workspaces/ws/cidbn_wibral_neuro_nonhuman/u19361-allen-hdd/results/zebra/meso/sub-832700_ses-multiplane-ophys-832700-2026-01-24-12-06-12_ophys/events/VISp_3/trial_0/phase_0/lib_ab4a70858e/lib_ab4a70858e__delay_0.06__dur_0.2.h5
164,0.15,0.2,ab4a70858e,0.10589779913425446,-17.014925373134325,-29.57547169811321,180.0,10.74,24,43,8,2.5132741228718345,1,3.0,12,1.3,/mnt/ceph-hdd/workspaces/ws/cidbn_wibral_neuro_nonhuman/u19361-allen-hdd/results/zebra/meso/sub-832700_ses-multiplane-ophys-832700-2026-01-24-12-06-12_ophys/events/VISp_3/trial_0/phase_0/lib_ab4a70858e/lib_ab4a70858e__delay_0.15__dur_0.2.h5
165,0.0,0.0,ab4a70858e,0.1018146499991417,-6.268656716417908,-27.78301886792453,45.02251307527088,7.16,30,42,2,0.6283185307179586,0,2.0,12,1.3,/mnt/ceph-hdd/workspaces/ws/cidbn_wibral_neuro_nonhuman/u19361-allen-hdd/results/zebra/meso/sub-832700_ses-multiplane-ophys-832700-2026-01-24-12-06-12_ophys/events/VISp_3/trial_0/phase_0/lib_ab4a70858e/lib_ab4a70858e__delay_0.0__dur_0.0.h5
166,0.0,0.2,ab4a70858e,0.12263881415128708,-8.059701492537314,-9.858490566037737,45.02251307527088,7.16,29,32,2,0.6283185307179586,0,2.0,12,1.3,/mnt/ceph-hdd/workspaces/ws/cidbn_wibral_neuro_nonhuman/u19361-allen-hdd/results/zebra/meso/sub-832700_ses-multiplane-ophys-832700-2026-01-24-12-06-12_ophys/events/VISp_3/trial_0/phase_0/lib_ab4a70858e/lib_ab4a70858e__delay_0.0__dur_0.2.h5
167,0.09,0.2,ab4a70858e,0.1355585902929306,-29.55223880597015,42.12264150943396,45.02251307527088,28.65,17,3,2,0.6283185307179586,5,8.0,12,1.3,/mnt/ceph-hdd/workspaces/ws/cidbn_wibral_neuro_nonhuman/u19361-allen-hdd/results/zebra/meso/sub-832700_ses-multiplane-ophys-832700-2026-01-24-12-06-12_ophys/events/VISp_3/trial_0/phase_0/lib_ab4a70858e/lib_ab4a70858e__delay_0.09__dur_0.2.h5
168,0.0,0.2,ab4a70858e,0.12272782623767853,-0.8955223880596961,-13.443396226415096,90.0,14.32,33,34,4,1.2566370614359172,2,4.0,6,0.07,/mnt/ceph-hdd/workspaces/ws/cidbn_wibral_neuro_nonhuman/u19361-allen-hdd/results/zebra/meso/sub-832700_ses-multiplane-ophys-832700-2026-01-24-12-06-12_ophys/events/VISp_3/trial_0/phase_0/lib_ab4a70858e/lib_ab4a70858e__delay_0.0__dur_0.2.h5
169,0.0,0.2,ab4a70858e,0.11164914816617966,-8.059701492537314,-9.858490566037737,180.0,7.16,29,32,8,2.5132741228718345,0,2.0,9,0.1,/mnt/ceph-hdd/workspaces/ws/cidbn_wibral_neuro_nonhuman/u19361-allen-hdd/results/zebra/meso/sub-832700_ses-multiplane-ophys-832700-2026-01-24-12-06-12_ophys/events/VISp_3/trial_0/phase_0/lib_ab4a70858e/lib_ab4a70858e__delay_0.0__dur_0.2.h5
17,0.12,0.2,ab4a70858e,0.09747739881277084,-33.134328358208954,24.198113207547166,45.02251307527088,28.65,15,13,2,0.6283185307179586,5,8.0,12,1.3,/mnt/ceph-hdd/workspaces/ws/cidbn_wibral_neuro_nonhuman/u19361-allen-hdd/results/zebra/meso/sub-832700_ses-multiplane-ophys-832700-2026-01-24-12-06-12_ophys/events/VISp_3/trial_0/phase_0/lib_ab4a70858e/lib_ab4a70858e__delay_0.12__dur_0.2.h5
170,0.09,0.2,ab4a70858e,0.09370287507772446,-11.64179104477612,0.8962264150943398,22.515923572829195,7.16,27,26,1,0.3141592653589793,0,2.0,11,1.2,/mnt/ceph-hdd/workspaces/ws/cidbn_wibral_neuro_nonhuman/u19361-allen-hdd/results/zebra/meso/sub-832700_ses-multiplane-ophys-832700-2026-01-24-12-06-12_ophys/events/VISp_3/trial_0/phase_0/lib_ab4a70858e/lib_ab4a70858e__delay_0.09__dur_0.2.h5
171,0.12,0.2,ab4a70858e,0.10550752282142639,18.80597014925374,20.613207547169807,134.9774869247291,10.74,44,15,6,1.8849555921538759,1,3.0,11,1.2,/mnt/ceph-hdd/workspaces/ws/cidbn_wibral_neuro_nonhuman/u19361-allen-hdd/results/zebra/meso/sub-832700_ses-multiplane-ophys-832700-2026-01-24-12-06-12_ophys/events/VISp_3/trial_0/phase_0/lib_ab4a70858e/lib_ab4a70858e__delay_0.12__dur_0.2.h5
172,0.12,0.2,ab4a70858e,0.20579880475997925,27.761194029850756,20.613207547169807,157.4840764271708,17.91,49,15,7,2.199114857512855,3,5.0,12,1.3,/mnt/ceph-hdd/workspaces/ws/cidbn_wibral_neuro_nonhuman/u19361-allen-hdd/results/zebra/meso/sub-832700_ses-multiplane-ophys-832700-2026-01-24-12-06-12_ophys/events/VISp_3/trial_0/phase_0/lib_ab4a70858e/lib_ab4a70858e__delay_0.12__dur_0.2.h5
173,0.06,0.0,ab4a70858e,0.1391715109348297,-2.6865671641791025,-6.273584905660378,90.0,14.32,32,30,4,1.2566370614359172,2,4.0,3,0.04,/mnt/ceph-hdd/workspaces/ws/cidbn_wibral_neuro_nonhuman/u19361-allen-hdd/results/zebra/meso/sub-832700_ses-multiplane-ophys-832700-2026-01-24-12-06-12_ophys/events/VISp_3/trial_0/phase_0/lib_ab4a70858e/lib_ab4a70858e__delay_0.06__dur_0.0.h5
174,0.06,0.2,ab4a70858e,0.11652908474206924,-0.8955223880596961,-8.066037735849058,180.0,10.74,33,31,8,2.5132741228718345,1,3.0,6,0.07,/mnt/ceph-hdd/workspaces/ws/cidbn_wibral_neuro_nonhuman/u19361-allen-hdd/results/zebra/meso/sub-832700_ses-multiplane-ophys-832700-2026-01-24-12-06-12_ophys/events/VISp_3/trial_0/phase_0/lib_ab4a70858e/lib_ab4a70858e__delay_0.06__dur_0.2.h5
175,0.0,0.2,ab4a70858e,0.11171920597553253,-0.8955223880596961,-15.235849056603776,45.02251307527088,10.74,33,35,2,0.6283185307179586,1,3.0,6,0.07,/mnt/ceph-hdd/workspaces/ws/cidbn_wibral_neuro_nonhuman/u19361-allen-hdd/results/zebra/meso/sub-832700_ses-multiplane-ophys-832700-2026-01-24-12-06-12_ophys/events/VISp_3/trial_0/phase_0/lib_ab4a70858e/lib_ab4a70858e__delay_0.0__dur_0.2.h5
176,0.12,0.2,ab4a70858e,0.09771803021430969,-56.417910447761194,-42.12264150943396,90.0,7.16,2,50,4,1.2566370614359172,0,2.0,11,1.2,/mnt/ceph-hdd/workspaces/ws/cidbn_wibral_neuro_nonhuman/u19361-allen-hdd/results/zebra/meso/sub-832700_ses-multiplane-ophys-832700-2026-01-24-12-06-12_ophys/events/VISp_3/trial_0/phase_0/lib_ab4a70858e/lib_ab4a70858e__delay_0.12__dur_0.2.h5
177,0.0,0.2,ab4a70858e,0.09787286072969437,2.6865671641791096,-4.481132075471699,67.51591472682667,7.16,35,29,3,0.9424777960769379,0,2.0,12,1.3,/mnt/ceph-hdd/workspaces/ws/cidbn_wibral_neuro_nonhuman/u19361-allen-hdd/results/zebra/meso/sub-832700_ses-multiplane-ophys-832700-2026-01-24-12-06-12_ophys/events/VISp_3/trial_0/phase_0/lib_ab4a70858e/lib_ab4a70858e__delay_0.0__dur_0.2.h5
178,0.0,0.2,ab4a70858e,0.12333020567893982,2.6865671641791096,-24.19811320754717,157.4840764271708,10.74,35,40,7,2.199114857512855,1,3.0,12,1.3,/mnt/ceph-hdd/workspaces/ws/cidbn_wibral_neuro_nonhuman/u19361-allen-hdd/results/zebra/meso/sub-832700_ses-multiplane-ophys-832700-2026-01-24-12-06-12_ophys/events/VISp_3/trial_0/phase_0/lib_ab4a70858e/lib_ab4a70858e__delay_0.0__dur_0.2.h5
179,0.0,0.2,ab4a70858e,0.1293012499809265,-6.268656716417908,-9.858490566037737,112.48408527317332,14.32,30,32,5,1.5707963267948966,2,4.0,4,0.05,/mnt/ceph-hdd/workspaces/ws/cidbn_wibral_neuro_nonhuman/u19361-allen-hdd/results/zebra/meso/sub-832700_ses-multiplane-ophys-832700-2026-01-24-12-06-12_ophys/events/VISp_3/trial_0/phase_0/lib_ab4a70858e/lib_ab4a70858e__delay_0.0__dur_0.2.h5
18,0.06,0.0,ab4a70858e,0.11447326093912125,20.59701492537313,-31.367924528301888,67.51591472682667,17.91,45,44,3,0.9424777960769379,3,5.0,10,1.1,/mnt/ceph-hdd/workspaces/ws/cidbn_wibral_neuro_nonhuman/u19361-allen-hdd/results/zebra/meso/sub-832700_ses-multiplane-ophys-832700-2026-01-24-12-06-12_ophys/events/VISp_3/trial_0/phase_0/lib_ab4a70858e/lib_ab4a70858e__delay_0.06__dur_0.0.h5
180,0.12,0.0,ab4a70858e,0.13359138369560242,13.43283582089552,-8.066037735849058,157.4840764271708,21.49,41,31,7,2.199114857512855,4,6.0,5,0.06,/mnt/ceph-hdd/workspaces/ws/cidbn_wibral_neuro_nonhuman/u19361-allen-hdd/results/zebra/meso/sub-832700_ses-multiplane-ophys-832700-2026-01-24-12-06-12_ophys/events/VISp_3/trial_0/phase_0/lib_ab4a70858e/lib_ab4a70858e__delay_0.12__dur_0.0.h5
181,0.03,0.2,ab4a70858e,0.1054612472653389,-25.970149253731343,-4.481132075471699,180.0,21.49,19,29,8,2.5132741228718345,4,6.0,12,1.3,/mnt/ceph-hdd/workspaces/ws/cidbn_wibral_neuro_nonhuman/u19361-allen-hdd/results/zebra/meso/sub-832700_ses-multiplane-ophys-832700-2026-01-24-12-06-12_ophys/events/VISp_3/trial_0/phase_0/lib_ab4a70858e/lib_ab4a70858e__delay_0.03__dur_0.2.h5
182,0.06,0.0,ab4a70858e,0.13656684756278992,-2.6865671641791025,-11.650943396226417,90.0,28.65,32,33,4,1.2566370614359172,5,8.0,3,0.04,/mnt/ceph-hdd/workspaces/ws/cidbn_wibral_neuro_nonhuman/u19361-allen-hdd/results/zebra/meso/sub-832700_ses-multiplane-ophys-832700-2026-01-24-12-06-12_ophys/events/VISp_3/trial_0/phase_0/lib_ab4a70858e/lib_ab4a70858e__delay_0.06__dur_0.0.h5
183,0.0,0.2,ab4a70858e,0.12798015773296356,8.059701492537314,-2.6886792452830193,67.51591472682667,21.49,38,28,3,0.9424777960769379,4,6.0,6,0.07,/mnt/ceph-hdd/workspaces/ws/cidbn_wibral_neuro_nonhuman/u19361-allen-hdd/results/zebra/meso/sub-832700_ses-multiplane-ophys-832700-2026-01-24-12-06-12_ophys/events/VISp_3/trial_0/phase_0/lib_ab4a70858e/lib_ab4a70858e__delay_0.0__dur_0.2.h5
184,0.06,0.0,ab4a70858e,0.1125793308019638,0.8955223880597032,-17.028301886792452,180.0,17.91,34,36,8,2.5132741228718345,3,5.0,9,0.1,/mnt/ceph-hdd/workspaces/ws/cidbn_wibral_neuro_nonhuman/u19361-allen-hdd/results/zebra/meso/sub-832700_ses-multiplane-ophys-832700-2026-01-24-12-06-12_ophys/events/VISp_3/trial_0/phase_0/lib_ab4a70858e/lib_ab4a70858e__delay_0.06__dur_0.0.h5
185,0.0,0.2,ab4a70858e,0.13039612770080566,-34.92537313432835,18.820754716981128,22.515923572829163,14.32,14,16,9,2.827433388230814,2,4.0,12,1.3,/mnt/ceph-hdd/workspaces/ws/cidbn_wibral_neuro_nonhuman/u19361-allen-hdd/results/zebra/meso/sub-832700_ses-multiplane-ophys-832700-2026-01-24-12-06-12_ophys/events/VISp_3/trial_0/phase_0/lib_ab4a70858e/lib_ab4a70858e__delay_0.0__dur_0.2.h5
186,0.09,0.2,ab4a70858e,0.09967993944883347,2.6865671641791096,-8.066037735849058,157.4840764271708,10.74,35,31,7,2.199114857512855,1,3.0,11,1.2,/mnt/ceph-hdd/workspaces/ws/cidbn_wibral_neuro_nonhuman/u19361-allen-hdd/results/zebra/meso/sub-832700_ses-multiplane-ophys-832700-2026-01-24-12-06-12_ophys/events/VISp_3/trial_0/phase_0/lib_ab4a70858e/lib_ab4a70858e__delay_0.09__dur_0.2.h5
187,0.0,0.2,ab4a70858e,0.1788223385810852,2.6865671641791096,-11.650943396226417,134.9774869247291,17.91,35,33,6,1.8849555921538759,3,5.0,6,0.07,/mnt/ceph-hdd/workspaces/ws/cidbn_wibral_neuro_nonhuman/u19361-allen-hdd/results/zebra/meso/sub-832700_ses-multiplane-ophys-832700-2026-01-24-12-06-12_ophys/events/VISp_3/trial_0/phase_0/lib_ab4a70858e/lib_ab4a70858e__delay_0.0__dur_0.2.h5
188,0.15,0.0,ab4a70858e,0.10226645320653915,0.8955223880597032,24.198113207547166,0.0,10.74,34,13,0,0.0,1,3.0,12,1.3,/mnt/ceph-hdd/workspaces/ws/cidbn_wibral_neuro_nonhuman/u19361-allen-hdd/results/zebra/meso/sub-832700_ses-multiplane-ophys-832700-2026-01-24-12-06-12_ophys/events/VISp_3/trial_0/phase_0/lib_ab4a70858e/lib_ab4a70858e__delay_0.15__dur_0.0.h5
189,0.06,0.0,ab4a70858e,0.2201763391494751,0.8955223880597032,-15.235849056603776,45.02251307527088,14.32,34,35,2,0.6283185307179586,2,4.0,8,0.09,/mnt/ceph-hdd/workspaces/ws/cidbn_wibral_neuro_nonhuman/u19361-allen-hdd/results/zebra/meso/sub-832700_ses-multiplane-ophys-832700-2026-01-24-12-06-12_ophys/events/VISp_3/trial_0/phase_0/lib_ab4a70858e/lib_ab4a70858e__delay_0.06__dur_0.0.h5
19,0.15,0.2,ab4a70858e,0.1663227379322052,9.85074626865672,-4.481132075471699,22.515923572829195,14.32,39,29,1,0.3141592653589793,2,4.0,5,0.06,/mnt/ceph-hdd/workspaces/ws/cidbn_wibral_neuro_nonhuman/u19361-allen-hdd/results/zebra/meso/sub-832700_ses-multiplane-ophys-832700-2026-01-24-12-06-12_ophys/events/VISp_3/trial_0/phase_0/lib_ab4a70858e/lib_ab4a70858e__delay_0.15__dur_0.2.h5
190,0.03,0.2,ab4a70858e,0.10025578737258911,-24.179104477611936,-13.443396226415096,157.4840764271708,28.65,20,34,7,2.199114857512855,5,8.0,12,1.3,/mnt/ceph-hdd/workspaces/ws/cidbn_wibral_neuro_nonhuman/u19361-allen-hdd/results/zebra/meso/sub-832700_ses-multiplane-ophys-832700-2026-01-24-12-06-12_ophys/events/VISp_3/trial_0/phase_0/lib_ab4a70858e/lib_ab4a70858e__delay_0.03__dur_0.2.h5
191,0.0,0.0,ab4a70858e,0.09718575328588486,51.04477611940298,2.6886792452830193,22.515923572829195,10.74,62,25,1,0.3141592653589793,1,3.0,10,1.1,/mnt/ceph-hdd/workspaces/ws/cidbn_wibral_neuro_nonhuman/u19361-allen-hdd/results/zebra/meso/sub-832700_ses-multiplane-ophys-832700-2026-01-24-12-06-12_ophys/events/VISp_3/trial_0/phase_0/lib_ab4a70858e/lib_ab4a70858e__delay_0.0__dur_0.0.h5
192,0.09,0.0,ab4a70858e,0.11349119991064072,-6.268656716417908,31.367924528301884,0.0,28.65,30,9,0,0.0,5,8.0,11,1.2,/mnt/ceph-hdd/workspaces/ws/cidbn_wibral_neuro_nonhuman/u19361-allen-hdd/results/zebra/meso/sub-832700_ses-multiplane-ophys-832700-2026-01-24-12-06-12_ophys/events/VISp_3/trial_0/phase_0/lib_ab4a70858e/lib_ab4a70858e__delay_0.09__dur_0.0.h5
193,0.03,0.0,ab4a70858e,0.10140790790319443,-52.83582089552239,31.367924528301884,67.51591472682667,17.91,4,9,3,0.9424777960769379,3,5.0,12,1.3,/mnt/ceph-hdd/workspaces/ws/cidbn_wibral_neuro_nonhuman/u19361-allen-hdd/results/zebra/meso/sub-832700_ses-multiplane-ophys-832700-2026-01-24-12-06-12_ophys/events/VISp_3/trial_0/phase_0/lib_ab4a70858e/lib_ab4a70858e__delay_0.03__dur_0.0.h5
194,0.09,0.0,ab4a70858e,0.18988488614559174,-4.477611940298509,-17.028301886792452,22.515923572829195,17.91,31,36,1,0.3141592653589793,3,5.0,9,0.1,/mnt/ceph-hdd/workspaces/ws/cidbn_wibral_neuro_nonhuman/u19361-allen-hdd/results/zebra/meso/sub-832700_ses-multiplane-ophys-832700-2026-01-24-12-06-12_ophys/events/VISp_3/trial_0/phase_0/lib_ab4a70858e/lib_ab4a70858e__delay_0.09__dur_0.0.h5
195,0.06,0.0,ab4a70858e,0.14172235131263733,-0.8955223880596961,-8.066037735849058,90.0,17.91,33,31,4,1.2566370614359172,3,5.0,3,0.04,/mnt/ceph-hdd/workspaces/ws/cidbn_wibral_neuro_nonhuman/u19361-allen-hdd/results/zebra/meso/sub-832700_ses-multiplane-ophys-832700-2026-01-24-12-06-12_ophys/events/VISp_3/trial_0/phase_0/lib_ab4a70858e/lib_ab4a70858e__delay_0.06__dur_0.0.h5
196,0.09,0.0,ab4a70858e,0.12771886587142944,-22.388059701492537,24.198113207547166,67.51591472682667,14.32,21,13,3,0.9424777960769379,2,4.0,12,1.3,/mnt/ceph-hdd/workspaces/ws/cidbn_wibral_neuro_nonhuman/u19361-allen-hdd/results/zebra/meso/sub-832700_ses-multiplane-ophys-832700-2026-01-24-12-06-12_ophys/events/VISp_3/trial_0/phase_0/lib_ab4a70858e/lib_ab4a70858e__delay_0.09__dur_0.0.h5
197,0.03,0.2,ab4a70858e,0.1543477326631546,-4.477611940298509,-15.235849056603776,0.0,7.16,31,35,0,0.0,0,2.0,11,1.2,/mnt/ceph-hdd/workspaces/ws/cidbn_wibral_neuro_nonhuman/u19361-allen-hdd/results/zebra/meso/sub-832700_ses-multiplane-ophys-832700-2026-01-24-12-06-12_ophys/events/VISp_3/trial_0/phase_0/lib_ab4a70858e/lib_ab4a70858e__delay_0.03__dur_0.2.h5
198,0.06,0.2,ab4a70858e,0.11732369661331177,-15.223880597014926,9.858490566037737,22.515923572829163,28.65,25,21,9,2.827433388230814,5,8.0,10,1.1,/mnt/ceph-hdd/workspaces/ws/cidbn_wibral_neuro_nonhuman/u19361-allen-hdd/results/zebra/meso/sub-832700_ses-multiplane-ophys-832700-2026-01-24-12-06-12_ophys/events/VISp_3/trial_0/phase_0/lib_ab4a70858e/lib_ab4a70858e__delay_0.06__dur_0.2.h5
199,0.12,0.2,ab4a70858e,0.09568444639444351,51.04477611940298,34.95283018867924,157.4840764271708,10.74,62,7,7,2.199114857512855,1,3.0,11,1.2,/mnt/ceph-hdd/workspaces/ws/cidbn_wibral_neuro_nonhuman/u19361-allen-hdd/results/zebra/meso/sub-832700_ses-multiplane-ophys-832700-2026-01-24-12-06-12_ophys/events/VISp_3/trial_0/phase_0/lib_ab4a70858e/lib_ab4a70858e__delay_0.12__dur_0.2.h5
2,0.0,0.2,ab4a70858e,0.14652693271636963,-6.268656716417908,-18.82075471698113,0.0,14.32,30,37,0,0.0,2,4.0,3,0.04,/mnt/ceph-hdd/workspaces/ws/cidbn_wibral_neuro_nonhuman/u19361-allen-hdd/results/zebra/meso/sub-832700_ses-multiplane-ophys-832700-2026-01-24-12-06-12_ophys/events/VISp_3/trial_0/phase_0/lib_ab4a70858e/lib_ab4a70858e__delay_0.0__dur_0.2.h5
20,0.06,0.2,ab4a70858e,0.1521492451429367,0.8955223880597032,-11.650943396226417,134.9774869247291,14.32,34,33,6,1.8849555921538759,2,4.0,9,0.1,/mnt/ceph-hdd/workspaces/ws/cidbn_wibral_neuro_nonhuman/u19361-allen-hdd/results/zebra/meso/sub-832700_ses-multiplane-ophys-832700-2026-01-24-12-06-12_ophys/events/VISp_3/trial_0/phase_0/lib_ab4a70858e/lib_ab4a70858e__delay_0.06__dur_0.2.h5
200,0.09,0.0,ab4a70858e,0.21382483839988708,-2.6865671641791025,-4.481132075471699,0.0,14.32,32,29,0,0.0,2,4.0,8,0.09,/mnt/ceph-hdd/workspaces/ws/cidbn_wibral_neuro_nonhuman/u19361-allen-hdd/results/zebra/meso/sub-832700_ses-multiplane-ophys-832700-2026-01-24-12-06-12_ophys/events/VISp_3/trial_0/phase_0/lib_ab4a70858e/lib_ab4a70858e__delay_0.09__dur_0.0.h5
201,0.06,0.2,ab4a70858e,0.12377514690160751,-13.43283582089552,-4.481132075471699,180.0,17.91,26,29,8,2.5132741228718345,3,5.0,10,1.1,/mnt/ceph-hdd/workspaces/ws/cidbn_wibral_neuro_nonhuman/u19361-allen-hdd/results/zebra/meso/sub-832700_ses-multiplane-ophys-832700-2026-01-24-12-06-12_ophys/events/VISp_3/trial_0/phase_0/lib_ab4a70858e/lib_ab4a70858e__delay_0.06__dur_0.2.h5
202,0.06,0.2,ab4a70858e,0.1147734522819519,-33.134328358208954,42.12264150943396,180.0,17.91,15,3,8,2.5132741228718345,3,5.0,12,1.3,/mnt/ceph-hdd/workspaces/ws/cidbn_wibral_neuro_nonhuman/u19361-allen-hdd/results/zebra/meso/sub-832700_ses-multiplane-ophys-832700-2026-01-24-12-06-12_ophys/events/VISp_3/trial_0/phase_0/lib_ab4a70858e/lib_ab4a70858e__delay_0.06__dur_0.2.h5
203,0.09,0.2,ab4a70858e,0.12942273914813995,24.179104477611943,24.198113207547166,157.4840764271708,14.32,47,13,7,2.199114857512855,2,4.0,12,1.3,/mnt/ceph-hdd/workspaces/ws/cidbn_wibral_neuro_nonhuman/u19361-allen-hdd/results/zebra/meso/sub-832700_ses-multiplane-ophys-832700-2026-01-24-12-06-12_ophys/events/VISp_3/trial_0/phase_0/lib_ab4a70858e/lib_ab4a70858e__delay_0.09__dur_0.2.h5
204,0.15,0.0,ab4a70858e,0.10844393074512482,22.388059701492537,-13.443396226415096,22.515923572829195,10.74,46,34,1,0.3141592653589793,1,3.0,11,1.2,/mnt/ceph-hdd/workspaces/ws/cidbn_wibral_neuro_nonhuman/u19361-allen-hdd/results/zebra/meso/sub-832700_ses-multiplane-ophys-832700-2026-01-24-12-06-12_ophys/events/VISp_3/trial_0/phase_0/lib_ab4a70858e/lib_ab4a70858e__delay_0.15__dur_0.0.h5
205,0.12,0.2,ab4a70858e,0.10572167485952377,-6.268656716417908,-15.235849056603776,67.51591472682667,7.16,30,35,3,0.9424777960769379,0,2.0,12,1.3,/mnt/ceph-hdd/workspaces/ws/cidbn_wibral_neuro_nonhuman/u19361-allen-hdd/results/zebra/meso/sub-832700_ses-multiplane-ophys-832700-2026-01-24-12-06-12_ophys/events/VISp_3/trial_0/phase_0/lib_ab4a70858e/lib_ab4a70858e__delay_0.12__dur_0.2.h5
206,0.09,0.2,ab4a70858e,0.09867796301841736,9.85074626865672,-24.19811320754717,157.4840764271708,7.16,39,40,7,2.199114857512855,0,2.0,11,1.2,/mnt/ceph-hdd/workspaces/ws/cidbn_wibral_neuro_nonhuman/u19361-allen-hdd/results/zebra/meso/sub-832700_ses-multiplane-ophys-832700-2026-01-24-12-06-12_ophys/events/VISp_3/trial_0/phase_0/lib_ab4a70858e/lib_ab4a70858e__delay_0.09__dur_0.2.h5
207,0.09,0.2,ab4a70858e,0.17049801349639893,-22.388059701492537,4.481132075471699,157.4840764271708,14.32,21,24,7,2.199114857512855,2,4.0,12,1.3,/mnt/ceph-hdd/workspaces/ws/cidbn_wibral_neuro_nonhuman/u19361-allen-hdd/results/zebra/meso/sub-832700_ses-multiplane-ophys-832700-2026-01-24-12-06-12_ophys/events/VISp_3/trial_0/phase_0/lib_ab4a70858e/lib_ab4a70858e__delay_0.09__dur_0.2.h5
208,0.12,0.2,ab4a70858e,0.159512460231781,-24.179104477611936,8.066037735849058,157.4840764271708,21.49,20,22,7,2.199114857512855,4,6.0,12,1.3,/mnt/ceph-hdd/workspaces/ws/cidbn_wibral_neuro_nonhuman/u19361-allen-hdd/results/zebra/meso/sub-832700_ses-multiplane-ophys-832700-2026-01-24-12-06-12_ophys/events/VISp_3/trial_0/phase_0/lib_ab4a70858e/lib_ab4a70858e__delay_0.12__dur_0.2.h5
209,0.03,0.2,ab4a70858e,0.19318659603595734,4.477611940298516,-6.273584905660378,180.0,14.32,36,30,8,2.5132741228718345,2,4.0,2,0.03,/mnt/ceph-hdd/workspaces/ws/cidbn_wibral_neuro_nonhuman/u19361-allen-hdd/results/zebra/meso/sub-832700_ses-multiplane-ophys-832700-2026-01-24-12-06-12_ophys/events/VISp_3/trial_0/phase_0/lib_ab4a70858e/lib_ab4a70858e__delay_0.03__dur_0.2.h5
21,0.03,0.2,ab4a70858e,0.10926391929388046,4.477611940298516,33.160377358490564,0.0,14.32,36,8,0,0.0,2,4.0,11,1.2,/mnt/ceph-hdd/workspaces/ws/cidbn_wibral_neuro_nonhuman/u19361-allen-hdd/results/zebra/meso/sub-832700_ses-multiplane-ophys-832700-2026-01-24-12-06-12_ophys/events/VISp_3/trial_0/phase_0/lib_ab4a70858e/lib_ab4a70858e__delay_0.03__dur_0.2.h5
210,0.06,0.0,ab4a70858e,0.12632638216018677,-6.268656716417908,-8.066037735849058,22.515923572829195,17.91,30,31,1,0.3141592653589793,3,5.0,2,0.03,/mnt/ceph-hdd/workspaces/ws/cidbn_wibral_neuro_nonhuman/u19361-allen-hdd/results/zebra/meso/sub-832700_ses-multiplane-ophys-832700-2026-01-24-12-06-12_ophys/events/VISp_3/trial_0/phase_0/lib_ab4a70858e/lib_ab4a70858e__delay_0.06__dur_0.0.h5
211,0.03,0.2,ab4a70858e,0.2546923756599426,-4.477611940298509,-2.6886792452830193,22.515923572829195,17.91,31,28,1,0.3141592653589793,3,5.0,4,0.05,/mnt/ceph-hdd/workspaces/ws/cidbn_wibral_neuro_nonhuman/u19361-allen-hdd/results/zebra/meso/sub-832700_ses-multiplane-ophys-832700-2026-01-24-12-06-12_ophys/events/VISp_3/trial_0/phase_0/lib_ab4a70858e/lib_ab4a70858e__delay_0.03__dur_0.2.h5
212,0.12,0.0,ab4a70858e,0.13760441541671753,-54.62686567164179,9.858490566037737,67.51591472682667,10.74,3,21,3,0.9424777960769379,1,3.0,12,1.3,/mnt/ceph-hdd/workspaces/ws/cidbn_wibral_neuro_nonhuman/u19361-allen-hdd/results/zebra/meso/sub-832700_ses-multiplane-ophys-832700-2026-01-24-12-06-12_ophys/events/VISp_3/trial_0/phase_0/lib_ab4a70858e/lib_ab4a70858e__delay_0.12__dur_0.0.h5
213,0.0,0.2,ab4a70858e,0.15002186596393585,-24.179104477611936,0.8962264150943398,112.48408527317332,28.65,20,26,5,1.5707963267948966,5,8.0,12,1.3,/mnt/ceph-hdd/workspaces/ws/cidbn_wibral_neuro_nonhuman/u19361-allen-hdd/results/zebra/meso/sub-832700_ses-multiplane-ophys-832700-2026-01-24-12-06-12_ophys/events/VISp_3/trial_0/phase_0/lib_ab4a70858e/lib_ab4a70858e__delay_0.0__dur_0.2.h5
214,0.12,0.2,ab4a70858e,0.13144558668136597,27.761194029850756,27.783018867924525,157.4840764271708,10.74,49,11,7,2.199114857512855,1,3.0,12,1.3,/mnt/ceph-hdd/workspaces/ws/cidbn_wibral_neuro_nonhuman/u19361-allen-hdd/results/zebra/meso/sub-832700_ses-multiplane-ophys-832700-2026-01-24-12-06-12_ophys/events/VISp_3/trial_0/phase_0/lib_ab4a70858e/lib_ab4a70858e__delay_0.12__dur_0.2.h5
215,0.03,0.2,ab4a70858e,0.10177789628505707,-4.477611940298509,34.95283018867924,22.515923572829163,28.65,31,7,9,2.827433388230814,5,8.0,9,0.1,/mnt/ceph-hdd/workspaces/ws/cidbn_wibral_neuro_nonhuman/u19361-allen-hdd/results/zebra/meso/sub-832700_ses-multiplane-ophys-832700-2026-01-24-12-06-12_ophys/events/VISp_3/trial_0/phase_0/lib_ab4a70858e/lib_ab4a70858e__delay_0.03__dur_0.2.h5
216,0.12,0.2,ab4a70858e,0.09744082391262054,40.29850746268657,-45.70754716981132,22.515923572829163,7.16,56,52,9,2.827433388230814,0,2.0,11,1.2,/mnt/ceph-hdd/workspaces/ws/cidbn_wibral_neuro_nonhuman/u19361-allen-hdd/results/zebra/meso/sub-832700_ses-multiplane-ophys-832700-2026-01-24-12-06-12_ophys/events/VISp_3/trial_0/phase_0/lib_ab4a70858e/lib_ab4a70858e__delay_0.12__dur_0.2.h5
217,0.06,0.0,ab4a70858e,0.09578101336956024,24.179104477611943,18.820754716981128,0.0,10.74,47,16,0,0.0,1,3.0,12,1.3,/mnt/ceph-hdd/workspaces/ws/cidbn_wibral_neuro_nonhuman/u19361-allen-hdd/results/zebra/meso/sub-832700_ses-multiplane-ophys-832700-2026-01-24-12-06-12_ophys/events/VISp_3/trial_0/phase_0/lib_ab4a70858e/lib_ab4a70858e__delay_0.06__dur_0.0.h5
218,0.09,0.0,ab4a70858e,0.12763091921806335,-15.223880597014926,-15.235849056603776,67.51591472682667,14.32,25,35,3,0.9424777960769379,2,4.0,9,0.1,/mnt/ceph-hdd/workspaces/ws/cidbn_wibral_neuro_nonhuman/u19361-allen-hdd/results/zebra/meso/sub-832700_ses-multiplane-ophys-832700-2026-01-24-12-06-12_ophys/events/VISp_3/trial_0/phase_0/lib_ab4a70858e/lib_ab4a70858e__delay_0.09__dur_0.0.h5
219,0.06,0.2,ab4a70858e,0.09583505988121033,-27.761194029850742,36.74528301886792,45.02251307527088,17.91,18,6,2,0.6283185307179586,3,5.0,12,1.3,/mnt/ceph-hdd/workspaces/ws/cidbn_wibral_neuro_nonhuman/u19361-allen-hdd/results/zebra/meso/sub-832700_ses-multiplane-ophys-832700-2026-01-24-12-06-12_ophys/events/VISp_3/trial_0/phase_0/lib_ab4a70858e/lib_ab4a70858e__delay_0.06__dur_0.2.h5
22,0.06,0.2,ab4a70858e,0.1302475482225418,8.059701492537314,-2.6886792452830193,112.48408527317332,17.91,38,28,5,1.5707963267948966,3,5.0,9,0.1,/mnt/ceph-hdd/workspaces/ws/cidbn_wibral_neuro_nonhuman/u19361-allen-hdd/results/zebra/meso/sub-832700_ses-multiplane-ophys-832700-2026-01-24-12-06-12_ophys/events/VISp_3/trial_0/phase_0/lib_ab4a70858e/lib_ab4a70858e__delay_0.06__dur_0.2.h5
220,0.09,0.2,ab4a70858e,0.16037625074386597,-4.477611940298509,-8.066037735849058,45.02251307527088,17.91,31,31,2,0.6283185307179586,3,5.0,3,0.04,/mnt/ceph-hdd/workspaces/ws/cidbn_wibral_neuro_nonhuman/u19361-allen-hdd/results/zebra/meso/sub-832700_ses-multiplane-ophys-832700-2026-01-24-12-06-12_ophys/events/VISp_3/trial_0/phase_0/lib_ab4a70858e/lib_ab4a70858e__delay_0.09__dur_0.2.h5
221,0.03,0.2,ab4a70858e,0.12240901589393616,4.477611940298516,-6.273584905660378,157.4840764271708,10.74,36,30,7,2.199114857512855,1,3.0,12,1.3,/mnt/ceph-hdd/workspaces/ws/cidbn_wibral_neuro_nonhuman/u19361-allen-hdd/results/zebra/meso/sub-832700_ses-multiplane-ophys-832700-2026-01-24-12-06-12_ophys/events/VISp_3/trial_0/phase_0/lib_ab4a70858e/lib_ab4a70858e__delay_0.03__dur_0.2.h5
222,0.0,0.2,ab4a70858e,0.1549168974161148,-2.6865671641791025,-8.066037735849058,45.02251307527088,14.32,32,31,2,0.6283185307179586,2,4.0,5,0.06,/mnt/ceph-hdd/workspaces/ws/cidbn_wibral_neuro_nonhuman/u19361-allen-hdd/results/zebra/meso/sub-832700_ses-multiplane-ophys-832700-2026-01-24-12-06-12_ophys/events/VISp_3/trial_0/phase_0/lib_ab4a70858e/lib_ab4a70858e__delay_0.0__dur_0.2.h5
223,0.03,0.2,ab4a70858e,0.15538948774337769,-15.223880597014926,-6.273584905660378,45.02251307527088,14.32,25,30,2,0.6283185307179586,2,4.0,11,1.2,/mnt/ceph-hdd/workspaces/ws/cidbn_wibral_neuro_nonhuman/u19361-allen-hdd/results/zebra/meso/sub-832700_ses-multiplane-ophys-832700-2026-01-24-12-06-12_ophys/events/VISp_3/trial_0/phase_0/lib_ab4a70858e/lib_ab4a70858e__delay_0.03__dur_0.2.h5
224,0.0,0.2,ab4a70858e,0.15279270708560944,-17.014925373134325,-4.481132075471699,112.48408527317332,17.91,24,29,5,1.5707963267948966,3,5.0,12,1.3,/mnt/ceph-hdd/workspaces/ws/cidbn_wibral_neuro_nonhuman/u19361-allen-hdd/results/zebra/meso/sub-832700_ses-multiplane-ophys-832700-2026-01-24-12-06-12_ophys/events/VISp_3/trial_0/phase_0/lib_ab4a70858e/lib_ab4a70858e__delay_0.0__dur_0.2.h5
225,0.03,0.2,ab4a70858e,0.09640339016914368,4.477611940298516,-0.8962264150943398,180.0,14.32,36,27,8,2.5132741228718345,2,4.0,12,1.3,/mnt/ceph-hdd/workspaces/ws/cidbn_wibral_neuro_nonhuman/u19361-allen-hdd/results/zebra/meso/sub-832700_ses-multiplane-ophys-832700-2026-01-24-12-06-12_ophys/events/VISp_3/trial_0/phase_0/lib_ab4a70858e/lib_ab4a70858e__delay_0.03__dur_0.2.h5
226,0.15,0.2,ab4a70858e,0.10077842324972153,-15.223880597014926,17.02830188679245,22.515923572829195,21.49,25,17,1,0.3141592653589793,4,6.0,8,0.09,/mnt/ceph-hdd/workspaces/ws/cidbn_wibral_neuro_nonhuman/u19361-allen-hdd/results/zebra/meso/sub-832700_ses-multiplane-ophys-832700-2026-01-24-12-06-12_ophys/events/VISp_3/trial_0/phase_0/lib_ab4a70858e/lib_ab4a70858e__delay_0.15__dur_0.2.h5
227,0.03,0.0,ab4a70858e,0.10899961739778519,-17.014925373134325,-22.40566037735849,22.515923572829195,7.16,24,39,1,0.3141592653589793,0,2.0,10,1.1,/mnt/ceph-hdd/workspaces/ws/cidbn_wibral_neuro_nonhuman/u19361-allen-hdd/results/zebra/meso/sub-832700_ses-multiplane-ophys-832700-2026-01-24-12-06-12_ophys/events/VISp_3/trial_0/phase_0/lib_ab4a70858e/lib_ab4a70858e__delay_0.03__dur_0.0.h5
228,0.03,0.2,ab4a70858e,0.08935784548521042,-15.223880597014926,4.481132075471699,67.51591472682667,14.32,25,24,3,0.9424777960769379,2,4.0,11,1.2,/mnt/ceph-hdd/workspaces/ws/cidbn_wibral_neuro_nonhuman/u19361-allen-hdd/results/zebra/meso/sub-832700_ses-multiplane-ophys-832700-2026-01-24-12-06-12_ophys/events/VISp_3/trial_0/phase_0/lib_ab4a70858e/lib_ab4a70858e__delay_0.03__dur_0.2.h5
229,0.06,0.2,ab4a70858e,0.15846899151802063,-29.55223880597015,17.02830188679245,45.02251307527088,14.32,17,17,2,0.6283185307179586,2,4.0,12,1.3,/mnt/ceph-hdd/workspaces/ws/cidbn_wibral_neuro_nonhuman/u19361-allen-hdd/results/zebra/meso/sub-832700_ses-multiplane-ophys-832700-2026-01-24-12-06-12_ophys/events/VISp_3/trial_0/phase_0/lib_ab4a70858e/lib_ab4a70858e__delay_0.06__dur_0.2.h5
23,0.0,0.2,ab4a70858e,0.09885522723197937,6.268656716417908,-6.273584905660378,67.51591472682667,28.65,37,30,3,0.9424777960769379,5,8.0,5,0.06,/mnt/ceph-hdd/workspaces/ws/cidbn_wibral_neuro_nonhuman/u19361-allen-hdd/results/zebra/meso/sub-832700_ses-multiplane-ophys-832700-2026-01-24-12-06-12_ophys/events/VISp_3/trial_0/phase_0/lib_ab4a70858e/lib_ab4a70858e__delay_0.0__dur_0.2.h5
230,0.12,0.2,ab4a70858e,0.11937656998634338,-43.88059701492537,-38.5377358490566,22.515923572829163,10.74,9,48,9,2.827433388230814,1,3.0,10,1.1,/mnt/ceph-hdd/workspaces/ws/cidbn_wibral_neuro_nonhuman/u19361-allen-hdd/results/zebra/meso/sub-832700_ses-multiplane-ophys-832700-2026-01-24-12-06-12_ophys/events/VISp_3/trial_0/phase_0/lib_ab4a70858e/lib_ab4a70858e__delay_0.12__dur_0.2.h5
231,0.0,0.2,ab4a70858e,0.12911272048950195,-36.71641791044776,40.33018867924528,45.02251307527088,28.65,13,4,2,0.6283185307179586,5,8.0,12,1.3,/mnt/ceph-hdd/workspaces/ws/cidbn_wibral_neuro_nonhuman/u19361-allen-hdd/results/zebra/meso/sub-832700_ses-multiplane-ophys-832700-2026-01-24-12-06-12_ophys/events/VISp_3/trial_0/phase_0/lib_ab4a70858e/lib_ab4a70858e__delay_0.0__dur_0.2.h5
232,0.0,0.2,ab4a70858e,0.18234720826148987,-6.268656716417908,-9.858490566037737,90.0,10.74,30,32,4,1.2566370614359172,1,3.0,6,0.07,/mnt/ceph-hdd/workspaces/ws/cidbn_wibral_neuro_nonhuman/u19361-allen-hdd/results/zebra/meso/sub-832700_ses-multiplane-ophys-832700-2026-01-24-12-06-12_ophys/events/VISp_3/trial_0/phase_0/lib_ab4a70858e/lib_ab4a70858e__delay_0.0__dur_0.2.h5
233,0.06,0.2,ab4a70858e,0.10233176499605179,-9.850746268656714,33.160377358490564,0.0,14.32,28,8,0,0.0,2,4.0,11,1.2,/mnt/ceph-hdd/workspaces/ws/cidbn_wibral_neuro_nonhuman/u19361-allen-hdd/results/zebra/meso/sub-832700_ses-multiplane-ophys-832700-2026-01-24-12-06-12_ophys/events/VISp_3/trial_0/phase_0/lib_ab4a70858e/lib_ab4a70858e__delay_0.06__dur_0.2.h5
234,0.12,0.2,ab4a70858e,0.13489457964897156,-20.59701492537313,-17.028301886792452,67.51591472682667,14.32,22,36,3,0.9424777960769379,2,4.0,12,1.3,/mnt/ceph-hdd/workspaces/ws/cidbn_wibral_neuro_nonhuman/u19361-allen-hdd/results/zebra/meso/sub-832700_ses-multiplane-ophys-832700-2026-01-24-12-06-12_ophys/events/VISp_3/trial_0/phase_0/lib_ab4a70858e/lib_ab4a70858e__delay_0.12__dur_0.2.h5
235,0.0,0.2,ab4a70858e,0.10789377987384796,-24.179104477611936,4.481132075471699,157.4840764271708,17.91,20,24,7,2.199114857512855,3,5.0,12,1.3,/mnt/ceph-hdd/workspaces/ws/cidbn_wibral_neuro_nonhuman/u19361-allen-hdd/results/zebra/meso/sub-832700_ses-multiplane-ophys-832700-2026-01-24-12-06-12_ophys/events/VISp_3/trial_0/phase_0/lib_ab4a70858e/lib_ab4a70858e__delay_0.0__dur_0.2.h5
236,0.15,0.2,ab4a70858e,0.16274218261241913,-11.64179104477612,-13.443396226415096,180.0,14.32,27,34,8,2.5132741228718345,2,4.0,12,1.3,/mnt/ceph-hdd/workspaces/ws/cidbn_wibral_neuro_nonhuman/u19361-allen-hdd/results/zebra/meso/sub-832700_ses-multiplane-ophys-832700-2026-01-24-12-06-12_ophys/events/VISp_3/trial_0/phase_0/lib_ab4a70858e/lib_ab4a70858e__delay_0.15__dur_0.2.h5
237,0.0,0.2,ab4a70858e,0.1119847297668457,-0.8955223880596961,-4.481132075471699,180.0,28.65,33,29,8,2.5132741228718345,5,8.0,3,0.04,/mnt/ceph-hdd/workspaces/ws/cidbn_wibral_neuro_nonhuman/u19361-allen-hdd/results/zebra/meso/sub-832700_ses-multiplane-ophys-832700-2026-01-24-12-06-12_ophys/events/VISp_3/trial_0/phase_0/lib_ab4a70858e/lib_ab4a70858e__delay_0.0__dur_0.2.h5
238,0.06,0.2,ab4a70858e,0.11518418043851852,33.13432835820896,-2.6886792452830193,112.48408527317332,10.74,52,28,5,1.5707963267948966,1,3.0,12,1.3,/mnt/ceph-hdd/workspaces/ws/cidbn_wibral_neuro_nonhuman/u19361-allen-hdd/results/zebra/meso/sub-832700_ses-multiplane-ophys-832700-2026-01-24-12-06-12_ophys/events/VISp_3/trial_0/phase_0/lib_ab4a70858e/lib_ab4a70858e__delay_0.06__dur_0.2.h5
239,0.15,0.2,ab4a70858e,0.1776171624660492,-6.268656716417908,-9.858490566037737,0.0,14.32,30,32,0,0.0,2,4.0,11,1.2,/mnt/ceph-hdd/workspaces/ws/cidbn_wibral_neuro_nonhuman/u19361-allen-hdd/results/zebra/meso/sub-832700_ses-multiplane-ophys-832700-2026-01-24-12-06-12_ophys/events/VISp_3/trial_0/phase_0/lib_ab4a70858e/lib_ab4a70858e__delay_0.15__dur_0.2.h5
24,0.06,0.0,ab4a70858e,0.20950281620025635,8.059701492537314,-2.6886792452830193,22.515923572829195,17.91,38,28,1,0.3141592653589793,3,5.0,8,0.09,/mnt/ceph-hdd/workspaces/ws/cidbn_wibral_neuro_nonhuman/u19361-allen-hdd/results/zebra/meso/sub-832700_ses-multiplane-ophys-832700-2026-01-24-12-06-12_ophys/events/VISp_3/trial_0/phase_0/lib_ab4a70858e/lib_ab4a70858e__delay_0.06__dur_0.0.h5
240,0.09,0.2,ab4a70858e,0.10903458297252655,-18.80597014925373,22.405660377358487,157.4840764271708,7.16,23,14,7,2.199114857512855,0,2.0,11,1.2,/mnt/ceph-hdd/workspaces/ws/cidbn_wibral_neuro_nonhuman/u19361-allen-hdd/results/zebra/meso/sub-832700_ses-multiplane-ophys-832700-2026-01-24-12-06-12_ophys/events/VISp_3/trial_0/phase_0/lib_ab4a70858e/lib_ab4a70858e__delay_0.09__dur_0.2.h5
241,0.12,0.2,ab4a70858e,0.09782033413648605,13.43283582089552,20.613207547169807,22.515923572829163,10.74,41,15,9,2.827433388230814,1,3.0,10,1.1,/mnt/ceph-hdd/workspaces/ws/cidbn_wibral_neuro_nonhuman/u19361-allen-hdd/results/zebra/meso/sub-832700_ses-multiplane-ophys-832700-2026-01-24-12-06-12_ophys/events/VISp_3/trial_0/phase_0/lib_ab4a70858e/lib_ab4a70858e__delay_0.12__dur_0.2.h5
242,0.0,0.2,ab4a70858e,0.12848711013793945,-34.92537313432835,8.066037735849058,67.51591472682667,14.32,14,22,3,0.9424777960769379,2,4.0,12,1.3,/mnt/ceph-hdd/workspaces/ws/cidbn_wibral_neuro_nonhuman/u19361-allen-hdd/results/zebra/meso/sub-832700_ses-multiplane-ophys-832700-2026-01-24-12-06-12_ophys/events/VISp_3/trial_0/phase_0/lib_ab4a70858e/lib_ab4a70858e__delay_0.0__dur_0.2.h5
243,0.09,0.0,ab4a70858e,0.13078884780406952,-2.6865671641791025,-8.066037735849058,45.02251307527088,10.74,32,31,2,0.6283185307179586,1,3.0,3,0.04,/mnt/ceph-hdd/workspaces/ws/cidbn_wibral_neuro_nonhuman/u19361-allen-hdd/results/zebra/meso/sub-832700_ses-multiplane-ophys-832700-2026-01-24-12-06-12_ophys/events/VISp_3/trial_0/phase_0/lib_ab4a70858e/lib_ab4a70858e__delay_0.09__dur_0.0.h5
244,0.09,0.0,ab4a70858e,0.11007420718669891,0.8955223880597032,-11.650943396226417,67.51591472682667,14.32,34,33,3,0.9424777960769379,2,4.0,9,0.1,/mnt/ceph-hdd/workspaces/ws/cidbn_wibral_neuro_nonhuman/u19361-allen-hdd/results/zebra/meso/sub-832700_ses-multiplane-ophys-832700-2026-01-24-12-06-12_ophys/events/VISp_3/trial_0/phase_0/lib_ab4a70858e/lib_ab4a70858e__delay_0.09__dur_0.0.h5
245,0.06,0.0,ab4a70858e,0.12833717465400696,-9.850746268656714,-20.61320754716981,22.515923572829163,21.49,28,38,9,2.827433388230814,4,6.0,6,0.07,/mnt/ceph-hdd/workspaces/ws/cidbn_wibral_neuro_nonhuman/u19361-allen-hdd/results/zebra/meso/sub-832700_ses-multiplane-ophys-832700-2026-01-24-12-06-12_ophys/events/VISp_3/trial_0/phase_0/lib_ab4a70858e/lib_ab4a70858e__delay_0.06__dur_0.0.h5
246,0.09,0.0,ab4a70858e,0.11420486867427826,-9.850746268656714,-20.61320754716981,22.515923572829163,7.16,28,38,9,2.827433388230814,0,2.0,12,1.3,/mnt/ceph-hdd/workspaces/ws/cidbn_wibral_neuro_nonhuman/u19361-allen-hdd/results/zebra/meso/sub-832700_ses-multiplane-ophys-832700-2026-01-24-12-06-12_ophys/events/VISp_3/trial_0/phase_0/lib_ab4a70858e/lib_ab4a70858e__delay_0.09__dur_0.0.h5
247,0.03,0.2,ab4a70858e,0.13563719391822815,-8.059701492537314,27.783018867924525,0.0,14.32,29,11,0,0.0,2,4.0,11,1.2,/mnt/ceph-hdd/workspaces/ws/cidbn_wibral_neuro_nonhuman/u19361-allen-hdd/results/zebra/meso/sub-832700_ses-multiplane-ophys-832700-2026-01-24-12-06-12_ophys/events/VISp_3/trial_0/phase_0/lib_ab4a70858e/lib_ab4a70858e__delay_0.03__dur_0.2.h5
248,0.09,0.0,ab4a70858e,0.1169174537062645,-2.6865671641791025,-29.57547169811321,45.02251307527088,21.49,32,43,2,0.6283185307179586,4,6.0,12,1.3,/mnt/ceph-hdd/workspaces/ws/cidbn_wibral_neuro_nonhuman/u19361-allen-hdd/results/zebra/meso/sub-832700_ses-multiplane-ophys-832700-2026-01-24-12-06-12_ophys/events/VISp_3/trial_0/phase_0/lib_ab4a70858e/lib_ab4a70858e__delay_0.09__dur_0.0.h5
249,0.09,0.2,ab4a70858e,0.20900049805641174,-4.477611940298509,-15.235849056603776,0.0,14.32,31,35,0,0.0,2,4.0,11,1.2,/mnt/ceph-hdd/workspaces/ws/cidbn_wibral_neuro_nonhuman/u19361-allen-hdd/results/zebra/meso/sub-832700_ses-multiplane-ophys-832700-2026-01-24-12-06-12_ophys/events/VISp_3/trial_0/phase_0/lib_ab4a70858e/lib_ab4a70858e__delay_0.09__dur_0.2.h5
25,0.0,0.0,ab4a70858e,0.10017310082912445,-17.014925373134325,-15.235849056603776,90.0,7.16,24,35,4,1.2566370614359172,0,2.0,12,1.3,/mnt/ceph-hdd/workspaces/ws/cidbn_wibral_neuro_nonhuman/u19361-allen-hdd/results/zebra/meso/sub-832700_ses-multiplane-ophys-832700-2026-01-24-12-06-12_ophys/events/VISp_3/trial_0/phase_0/lib_ab4a70858e/lib_ab4a70858e__delay_0.0__dur_0.0.h5
250,0.12,0.0,ab4a70858e,0.10833446681499481,25.97014925373135,-34.95283018867924,22.515923572829163,10.74,48,46,9,2.827433388230814,1,3.0,12,1.3,/mnt/ceph-hdd/workspaces/ws/cidbn_wibral_neuro_nonhuman/u19361-allen-hdd/results/zebra/meso/sub-832700_ses-multiplane-ophys-832700-2026-01-24-12-06-12_ophys/events/VISp_3/trial_0/phase_0/lib_ab4a70858e/lib_ab4a70858e__delay_0.12__dur_0.0.h5
251,0.0,0.2,ab4a70858e,0.10342464596033096,-8.059701492537314,-11.650943396226417,22.515923572829195,17.91,29,33,1,0.3141592653589793,3,5.0,8,0.09,/mnt/ceph-hdd/workspaces/ws/cidbn_wibral_neuro_nonhuman/u19361-allen-hdd/results/zebra/meso/sub-832700_ses-multiplane-ophys-832700-2026-01-24-12-06-12_ophys/events/VISp_3/trial_0/phase_0/lib_ab4a70858e/lib_ab4a70858e__delay_0.0__dur_0.2.h5
252,0.12,0.0,ab4a70858e,0.251059353351593,-15.223880597014926,-8.066037735849058,180.0,17.91,25,31,8,2.5132741228718345,3,5.0,2,0.03,/mnt/ceph-hdd/workspaces/ws/cidbn_wibral_neuro_nonhuman/u19361-allen-hdd/results/zebra/meso/sub-832700_ses-multiplane-ophys-832700-2026-01-24-12-06-12_ophys/events/VISp_3/trial_0/phase_0/lib_ab4a70858e/lib_ab4a70858e__delay_0.12__dur_0.0.h5
253,0.0,0.2,ab4a70858e,0.1324968934059143,-6.268656716417908,-17.028301886792452,0.0,17.91,30,36,0,0.0,3,5.0,4,0.05,/mnt/ceph-hdd/workspaces/ws/cidbn_wibral_neuro_nonhuman/u19361-allen-hdd/results/zebra/meso/sub-832700_ses-multiplane-ophys-832700-2026-01-24-12-06-12_ophys/events/VISp_3/trial_0/phase_0/lib_ab4a70858e/lib_ab4a70858e__delay_0.0__dur_0.2.h5
254,0.12,0.2,ab4a70858e,0.11039882898330688,-25.970149253731343,4.481132075471699,157.4840764271708,10.74,19,24,7,2.199114857512855,1,3.0,12,1.3,/mnt/ceph-hdd/workspaces/ws/cidbn_wibral_neuro_nonhuman/u19361-allen-hdd/results/zebra/meso/sub-832700_ses-multiplane-ophys-832700-2026-01-24-12-06-12_ophys/events/VISp_3/trial_0/phase_0/lib_ab4a70858e/lib_ab4a70858e__delay_0.12__dur_0.2.h5
255,0.06,0.0,ab4a70858e,0.17717719078063965,-11.64179104477612,-11.650943396226417,112.48408527317332,17.91,27,33,5,1.5707963267948966,3,5.0,8,0.09,/mnt/ceph-hdd/workspaces/ws/cidbn_wibral_neuro_nonhuman/u19361-allen-hdd/results/zebra/meso/sub-832700_ses-multiplane-ophys-832700-2026-01-24-12-06-12_ophys/events/VISp_3/trial_0/phase_0/lib_ab4a70858e/lib_ab4a70858e__delay_0.06__dur_0.0.h5
256,0.06,0.2,ab4a70858e,0.11255697906017303,47.462686567164184,-25.99056603773585,90.0,17.91,60,41,4,1.2566370614359172,3,5.0,12,1.3,/mnt/ceph-hdd/workspaces/ws/cidbn_wibral_neuro_nonhuman/u19361-allen-hdd/results/zebra/meso/sub-832700_ses-multiplane-ophys-832700-2026-01-24-12-06-12_ophys/events/VISp_3/trial_0/phase_0/lib_ab4a70858e/lib_ab4a70858e__delay_0.06__dur_0.2.h5
257,0.0,0.2,ab4a70858e,0.12435392290353775,-0.8955223880596961,40.33018867924528,112.48408527317332,21.49,33,4,5,1.5707963267948966,4,6.0,11,1.2,/mnt/ceph-hdd/workspaces/ws/cidbn_wibral_neuro_nonhuman/u19361-allen-hdd/results/zebra/meso/sub-832700_ses-multiplane-ophys-832700-2026-01-24-12-06-12_ophys/events/VISp_3/trial_0/phase_0/lib_ab4a70858e/lib_ab4a70858e__delay_0.0__dur_0.2.h5
258,0.0,0.2,ab4a70858e,0.16475874185562134,25.97014925373135,24.198113207547166,157.4840764271708,14.32,48,13,7,2.199114857512855,2,4.0,12,1.3,/mnt/ceph-hdd/workspaces/ws/cidbn_wibral_neuro_nonhuman/u19361-allen-hdd/results/zebra/meso/sub-832700_ses-multiplane-ophys-832700-2026-01-24-12-06-12_ophys/events/VISp_3/trial_0/phase_0/lib_ab4a70858e/lib_ab4a70858e__delay_0.0__dur_0.2.h5
259,0.12,0.2,ab4a70858e,0.1075046956539154,-11.64179104477612,2.6886792452830193,112.48408527317332,14.32,27,25,5,1.5707963267948966,2,4.0,12,1.3,/mnt/ceph-hdd/workspaces/ws/cidbn_wibral_neuro_nonhuman/u19361-allen-hdd/results/zebra/meso/sub-832700_ses-multiplane-ophys-832700-2026-01-24-12-06-12_ophys/events/VISp_3/trial_0/phase_0/lib_ab4a70858e/lib_ab4a70858e__delay_0.12__dur_0.2.h5
26,0.06,0.2,ab4a70858e,0.1610775738954544,2.6865671641791096,0.8962264150943398,0.0,17.91,35,26,0,0.0,3,5.0,8,0.09,/mnt/ceph-hdd/workspaces/ws/cidbn_wibral_neuro_nonhuman/u19361-allen-hdd/results/zebra/meso/sub-832700_ses-multiplane-ophys-832700-2026-01-24-12-06-12_ophys/events/VISp_3/trial_0/phase_0/lib_ab4a70858e/lib_ab4a70858e__delay_0.06__dur_0.2.h5
260,0.03,0.0,ab4a70858e,0.1083897277712822,-2.6865671641791025,-15.235849056603776,180.0,21.49,32,35,8,2.5132741228718345,4,6.0,2,0.03,/mnt/ceph-hdd/workspaces/ws/cidbn_wibral_neuro_nonhuman/u19361-allen-hdd/results/zebra/meso/sub-832700_ses-multiplane-ophys-832700-2026-01-24-12-06-12_ophys/events/VISp_3/trial_0/phase_0/lib_ab4a70858e/lib_ab4a70858e__delay_0.03__dur_0.0.h5
261,0.09,0.0,ab4a70858e,0.1321425586938858,-11.64179104477612,-13.443396226415096,67.51591472682667,21.49,27,34,3,0.9424777960769379,4,6.0,7,0.08,/mnt/ceph-hdd/workspaces/ws/cidbn_wibral_neuro_nonhuman/u19361-allen-hdd/results/zebra/meso/sub-832700_ses-multiplane-ophys-832700-2026-01-24-12-06-12_ophys/events/VISp_3/trial_0/phase_0/lib_ab4a70858e/lib_ab4a70858e__delay_0.09__dur_0.0.h5
262,0.12,0.0,ab4a70858e,0.12554462254047394,-8.059701492537314,-36.74528301886792,90.0,10.74,29,47,4,1.2566370614359172,1,3.0,10,1.1,/mnt/ceph-hdd/workspaces/ws/cidbn_wibral_neuro_nonhuman/u19361-allen-hdd/results/zebra/meso/sub-832700_ses-multiplane-ophys-832700-2026-01-24-12-06-12_ophys/events/VISp_3/trial_0/phase_0/lib_ab4a70858e/lib_ab4a70858e__delay_0.12__dur_0.0.h5
263,0.12,0.2,ab4a70858e,0.13203614950180054,-47.46268656716418,6.273584905660378,67.51591472682667,21.49,7,23,3,0.9424777960769379,4,6.0,12,1.3,/mnt/ceph-hdd/workspaces/ws/cidbn_wibral_neuro_nonhuman/u19361-allen-hdd/results/zebra/meso/sub-832700_ses-multiplane-ophys-832700-2026-01-24-12-06-12_ophys/events/VISp_3/trial_0/phase_0/lib_ab4a70858e/lib_ab4a70858e__delay_0.12__dur_0.2.h5
264,0.06,0.0,ab4a70858e,0.11992320418357849,-13.43283582089552,-11.650943396226417,157.4840764271708,10.74,26,33,7,2.199114857512855,1,3.0,9,0.1,/mnt/ceph-hdd/workspaces/ws/cidbn_wibral_neuro_nonhuman/u19361-allen-hdd/results/zebra/meso/sub-832700_ses-multiplane-ophys-832700-2026-01-24-12-06-12_ophys/events/VISp_3/trial_0/phase_0/lib_ab4a70858e/lib_ab4a70858e__delay_0.06__dur_0.0.h5
265,0.09,0.0,ab4a70858e,0.2094237506389618,-11.64179104477612,-11.650943396226417,0.0,17.91,27,33,0,0.0,3,5.0,4,0.05,/mnt/ceph-hdd/workspaces/ws/cidbn_wibral_neuro_nonhuman/u19361-allen-hdd/results/zebra/meso/sub-832700_ses-multiplane-ophys-832700-2026-01-24-12-06-12_ophys/events/VISp_3/trial_0/phase_0/lib_ab4a70858e/lib_ab4a70858e__delay_0.09__dur_0.0.h5
266,0.03,0.2,ab4a70858e,0.19476218521595,-24.179104477611936,4.481132075471699,157.4840764271708,21.49,20,24,7,2.199114857512855,4,6.0,12,1.3,/mnt/ceph-hdd/workspaces/ws/cidbn_wibral_neuro_nonhuman/u19361-allen-hdd/results/zebra/meso/sub-832700_ses-multiplane-ophys-832700-2026-01-24-12-06-12_ophys/events/VISp_3/trial_0/phase_0/lib_ab4a70858e/lib_ab4a70858e__delay_0.03__dur_0.2.h5
267,0.15,0.2,ab4a70858e,0.0990690216422081,40.29850746268657,-13.443396226415096,22.515923572829163,7.16,56,34,9,2.827433388230814,0,2.0,9,0.1,/mnt/ceph-hdd/workspaces/ws/cidbn_wibral_neuro_nonhuman/u19361-allen-hdd/results/zebra/meso/sub-832700_ses-multiplane-ophys-832700-2026-01-24-12-06-12_ophys/events/VISp_3/trial_0/phase_0/lib_ab4a70858e/lib_ab4a70858e__delay_0.15__dur_0.2.h5
268,0.03,0.2,ab4a70858e,0.13298018276691437,-8.059701492537314,-4.481132075471699,90.0,10.74,29,29,4,1.2566370614359172,1,3.0,11,1.2,/mnt/ceph-hdd/workspaces/ws/cidbn_wibral_neuro_nonhuman/u19361-allen-hdd/results/zebra/meso/sub-832700_ses-multiplane-ophys-832700-2026-01-24-12-06-12_ophys/events/VISp_3/trial_0/phase_0/lib_ab4a70858e/lib_ab4a70858e__delay_0.03__dur_0.2.h5
269,0.09,0.2,ab4a70858e,0.16347089409828186,-9.850746268656714,4.481132075471699,45.02251307527088,28.65,28,24,2,0.6283185307179586,5,8.0,11,1.2,/mnt/ceph-hdd/workspaces/ws/cidbn_wibral_neuro_nonhuman/u19361-allen-hdd/results/zebra/meso/sub-832700_ses-multiplane-ophys-832700-2026-01-24-12-06-12_ophys/events/VISp_3/trial_0/phase_0/lib_ab4a70858e/lib_ab4a70858e__delay_0.09__dur_0.2.h5
27,0.06,0.2,ab4a70858e,0.09854614734649658,52.83582089552239,25.990566037735846,45.02251307527088,7.16,63,12,2,0.6283185307179586,0,2.0,12,1.3,/mnt/ceph-hdd/workspaces/ws/cidbn_wibral_neuro_nonhuman/u19361-allen-hdd/results/zebra/meso/sub-832700_ses-multiplane-ophys-832700-2026-01-24-12-06-12_ophys/events/VISp_3/trial_0/phase_0/lib_ab4a70858e/lib_ab4a70858e__delay_0.06__dur_0.2.h5
270,0.09,0.2,ab4a70858e,0.12023762613534927,-6.268656716417908,9.858490566037737,67.51591472682667,7.16,30,21,3,0.9424777960769379,0,2.0,10,1.1,/mnt/ceph-hdd/workspaces/ws/cidbn_wibral_neuro_nonhuman/u19361-allen-hdd/results/zebra/meso/sub-832700_ses-multiplane-ophys-832700-2026-01-24-12-06-12_ophys/events/VISp_3/trial_0/phase_0/lib_ab4a70858e/lib_ab4a70858e__delay_0.09__dur_0.2.h5
271,0.03,0.2,ab4a70858e,0.1452166885137558,-6.268656716417908,-9.858490566037737,22.515923572829163,14.32,30,32,9,2.827433388230814,2,4.0,5,0.06,/mnt/ceph-hdd/workspaces/ws/cidbn_wibral_neuro_nonhuman/u19361-allen-hdd/results/zebra/meso/sub-832700_ses-multiplane-ophys-832700-2026-01-24-12-06-12_ophys/events/VISp_3/trial_0/phase_0/lib_ab4a70858e/lib_ab4a70858e__delay_0.03__dur_0.2.h5
272,0.0,0.2,ab4a70858e,0.09483776241540909,-15.223880597014926,17.02830188679245,134.9774869247291,10.74,25,17,6,1.8849555921538759,1,3.0,12,1.3,/mnt/ceph-hdd/workspaces/ws/cidbn_wibral_neuro_nonhuman/u19361-allen-hdd/results/zebra/meso/sub-832700_ses-multiplane-ophys-832700-2026-01-24-12-06-12_ophys/events/VISp_3/trial_0/phase_0/lib_ab4a70858e/lib_ab4a70858e__delay_0.0__dur_0.2.h5
273,0.06,0.0,ab4a70858e,0.09297164529561996,-52.83582089552239,36.74528301886792,45.02251307527088,7.16,4,6,2,0.6283185307179586,0,2.0,11,1.2,/mnt/ceph-hdd/workspaces/ws/cidbn_wibral_neuro_nonhuman/u19361-allen-hdd/results/zebra/meso/sub-832700_ses-multiplane-ophys-832700-2026-01-24-12-06-12_ophys/events/VISp_3/trial_0/phase_0/lib_ab4a70858e/lib_ab4a70858e__delay_0.06__dur_0.0.h5
274,0.0,0.2,ab4a70858e,0.1191236823797226,-31.34328358208955,-38.5377358490566,90.0,7.16,16,48,4,1.2566370614359172,0,2.0,11,1.2,/mnt/ceph-hdd/workspaces/ws/cidbn_wibral_neuro_nonhuman/u19361-allen-hdd/results/zebra/meso/sub-832700_ses-multiplane-ophys-832700-2026-01-24-12-06-12_ophys/events/VISp_3/trial_0/phase_0/lib_ab4a70858e/lib_ab4a70858e__delay_0.0__dur_0.2.h5
275,0.06,0.2,ab4a70858e,0.15504422783851624,-13.43283582089552,-6.273584905660378,157.4840764271708,10.74,26,30,7,2.199114857512855,1,3.0,12,1.3,/mnt/ceph-hdd/workspaces/ws/cidbn_wibral_neuro_nonhuman/u19361-allen-hdd/results/zebra/meso/sub-832700_ses-multiplane-ophys-832700-2026-01-24-12-06-12_ophys/events/VISp_3/trial_0/phase_0/lib_ab4a70858e/lib_ab4a70858e__delay_0.06__dur_0.2.h5
276,0.09,0.2,ab4a70858e,0.12318933755159378,-33.134328358208954,27.783018867924525,22.515923572829163,17.91,15,11,9,2.827433388230814,3,5.0,11,1.2,/mnt/ceph-hdd/workspaces/ws/cidbn_wibral_neuro_nonhuman/u19361-allen-hdd/results/zebra/meso/sub-832700_ses-multiplane-ophys-832700-2026-01-24-12-06-12_ophys/events/VISp_3/trial_0/phase_0/lib_ab4a70858e/lib_ab4a70858e__delay_0.09__dur_0.2.h5
277,0.0,0.2,ab4a70858e,0.11038414388895035,0.8955223880597032,-0.8962264150943398,157.4840764271708,17.91,34,27,7,2.199114857512855,3,5.0,5,0.06,/mnt/ceph-hdd/workspaces/ws/cidbn_wibral_neuro_nonhuman/u19361-allen-hdd/results/zebra/meso/sub-832700_ses-multiplane-ophys-832700-2026-01-24-12-06-12_ophys/events/VISp_3/trial_0/phase_0/lib_ab4a70858e/lib_ab4a70858e__delay_0.0__dur_0.2.h5
278,0.09,0.0,ab4a70858e,0.12832936644554138,0.8955223880597032,-8.066037735849058,112.48408527317332,21.49,34,31,5,1.5707963267948966,4,6.0,2,0.03,/mnt/ceph-hdd/workspaces/ws/cidbn_wibral_neuro_nonhuman/u19361-allen-hdd/results/zebra/meso/sub-832700_ses-multiplane-ophys-832700-2026-01-24-12-06-12_ophys/events/VISp_3/trial_0/phase_0/lib_ab4a70858e/lib_ab4a70858e__delay_0.09__dur_0.0.h5
279,0.12,0.2,ab4a70858e,0.10632346570491791,49.25373134328359,-11.650943396226417,90.0,17.91,61,33,4,1.2566370614359172,3,5.0,11,1.2,/mnt/ceph-hdd/workspaces/ws/cidbn_wibral_neuro_nonhuman/u19361-allen-hdd/results/zebra/meso/sub-832700_ses-multiplane-ophys-832700-2026-01-24-12-06-12_ophys/events/VISp_3/trial_0/phase_0/lib_ab4a70858e/lib_ab4a70858e__delay_0.12__dur_0.2.h5
28,0.09,0.0,ab4a70858e,0.2316364049911499,8.059701492537314,4.481132075471699,0.0,21.49,38,24,0,0.0,4,6.0,5,0.06,/mnt/ceph-hdd/workspaces/ws/cidbn_wibral_neuro_nonhuman/u19361-allen-hdd/results/zebra/meso/sub-832700_ses-multiplane-ophys-832700-2026-01-24-12-06-12_ophys/events/VISp_3/trial_0/phase_0/lib_ab4a70858e/lib_ab4a70858e__delay_0.09__dur_0.0.h5
280,0.0,0.2,ab4a70858e,0.11312828212976456,-17.014925373134325,4.481132075471699,90.0,10.74,24,24,4,1.2566370614359172,1,3.0,10,1.1,/mnt/ceph-hdd/workspaces/ws/cidbn_wibral_neuro_nonhuman/u19361-allen-hdd/results/zebra/meso/sub-832700_ses-multiplane-ophys-832700-2026-01-24-12-06-12_ophys/events/VISp_3/trial_0/phase_0/lib_ab4a70858e/lib_ab4a70858e__delay_0.0__dur_0.2.h5
281,0.06,0.2,ab4a70858e,0.10531328618526459,-18.80597014925373,20.613207547169807,67.51591472682667,10.74,23,15,3,0.9424777960769379,1,3.0,12,1.3,/mnt/ceph-hdd/workspaces/ws/cidbn_wibral_neuro_nonhuman/u19361-allen-hdd/results/zebra/meso/sub-832700_ses-multiplane-ophys-832700-2026-01-24-12-06-12_ophys/events/VISp_3/trial_0/phase_0/lib_ab4a70858e/lib_ab4a70858e__delay_0.06__dur_0.2.h5
282,0.09,0.2,ab4a70858e,0.0946672335267067,58.20895522388061,-8.066037735849058,134.9774869247291,7.16,66,31,6,1.8849555921538759,0,2.0,10,1.1,/mnt/ceph-hdd/workspaces/ws/cidbn_wibral_neuro_nonhuman/u19361-allen-hdd/results/zebra/meso/sub-832700_ses-multiplane-ophys-832700-2026-01-24-12-06-12_ophys/events/VISp_3/trial_0/phase_0/lib_ab4a70858e/lib_ab4a70858e__delay_0.09__dur_0.2.h5
283,0.12,0.2,ab4a70858e,0.14484433829784393,27.761194029850756,27.783018867924525,157.4840764271708,14.32,49,11,7,2.199114857512855,2,4.0,12,1.3,/mnt/ceph-hdd/workspaces/ws/cidbn_wibral_neuro_nonhuman/u19361-allen-hdd/results/zebra/meso/sub-832700_ses-multiplane-ophys-832700-2026-01-24-12-06-12_ophys/events/VISp_3/trial_0/phase_0/lib_ab4a70858e/lib_ab4a70858e__delay_0.12__dur_0.2.h5
284,0.0,0.2,ab4a70858e,0.10296342521905899,-9.850746268656714,-8.066037735849058,0.0,28.65,28,31,0,0.0,5,8.0,8,0.09,/mnt/ceph-hdd/workspaces/ws/cidbn_wibral_neuro_nonhuman/u19361-allen-hdd/results/zebra/meso/sub-832700_ses-multiplane-ophys-832700-2026-01-24-12-06-12_ophys/events/VISp_3/trial_0/phase_0/lib_ab4a70858e/lib_ab4a70858e__delay_0.0__dur_0.2.h5
285,0.09,0.2,ab4a70858e,0.15635262429714203,-15.223880597014926,-6.273584905660378,67.51591472682667,17.91,25,30,3,0.9424777960769379,3,5.0,3,0.04,/mnt/ceph-hdd/workspaces/ws/cidbn_wibral_neuro_nonhuman/u19361-allen-hdd/results/zebra/meso/sub-832700_ses-multiplane-ophys-832700-2026-01-24-12-06-12_ophys/events/VISp_3/trial_0/phase_0/lib_ab4a70858e/lib_ab4a70858e__delay_0.09__dur_0.2.h5
286,0.15,0.0,ab4a70858e,0.14592991769313812,-6.268656716417908,18.820754716981128,0.0,14.32,30,16,0,0.0,2,4.0,12,1.3,/mnt/ceph-hdd/workspaces/ws/cidbn_wibral_neuro_nonhuman/u19361-allen-hdd/results/zebra/meso/sub-832700_ses-multiplane-ophys-832700-2026-01-24-12-06-12_ophys/events/VISp_3/trial_0/phase_0/lib_ab4a70858e/lib_ab4a70858e__delay_0.15__dur_0.0.h5
287,0.06,0.0,ab4a70858e,0.12951169908046722,-22.388059701492537,-6.273584905660378,180.0,28.65,21,30,8,2.5132741228718345,5,8.0,12,1.3,/mnt/ceph-hdd/workspaces/ws/cidbn_wibral_neuro_nonhuman/u19361-allen-hdd/results/zebra/meso/sub-832700_ses-multiplane-ophys-832700-2026-01-24-12-06-12_ophys/events/VISp_3/trial_0/phase_0/lib_ab4a70858e/lib_ab4a70858e__delay_0.06__dur_0.0.h5
288,0.0,0.0,ab4a70858e,0.10759256780147552,-33.134328358208954,4.481132075471699,45.02251307527088,10.74,15,24,2,0.6283185307179586,1,3.0,11,1.2,/mnt/ceph-hdd/workspaces/ws/cidbn_wibral_neuro_nonhuman/u19361-allen-hdd/results/zebra/meso/sub-832700_ses-multiplane-ophys-832700-2026-01-24-12-06-12_ophys/events/VISp_3/trial_0/phase_0/lib_ab4a70858e/lib_ab4a70858e__delay_0.0__dur_0.0.h5
289,0.09,0.2,ab4a70858e,0.11848488450050354,31.343283582089555,29.575471698113205,157.4840764271708,14.32,51,10,7,2.199114857512855,2,4.0,12,1.3,/mnt/ceph-hdd/workspaces/ws/cidbn_wibral_neuro_nonhuman/u19361-allen-hdd/results/zebra/meso/sub-832700_ses-multiplane-ophys-832700-2026-01-24-12-06-12_ophys/events/VISp_3/trial_0/phase_0/lib_ab4a70858e/lib_ab4a70858e__delay_0.09__dur_0.2.h5
29,0.09,0.2,ab4a70858e,0.10563307255506516,11.641791044776127,-4.481132075471699,45.02251307527088,17.91,40,29,2,0.6283185307179586,3,5.0,6,0.07,/mnt/ceph-hdd/workspaces/ws/cidbn_wibral_neuro_nonhuman/u19361-allen-hdd/results/zebra/meso/sub-832700_ses-multiplane-ophys-832700-2026-01-24-12-06-12_ophys/events/VISp_3/trial_0/phase_0/lib_ab4a70858e/lib_ab4a70858e__delay_0.09__dur_0.2.h5
290,0.09,0.0,ab4a70858e,0.11042217910289764,-45.67164179104478,-45.70754716981132,22.515923572829163,10.74,8,52,9,2.827433388230814,1,3.0,12,1.3,/mnt/ceph-hdd/workspaces/ws/cidbn_wibral_neuro_nonhuman/u19361-allen-hdd/results/zebra/meso/sub-832700_ses-multiplane-ophys-832700-2026-01-24-12-06-12_ophys/events/VISp_3/trial_0/phase_0/lib_ab4a70858e/lib_ab4a70858e__delay_0.09__dur_0.0.h5
291,0.03,0.0,ab4a70858e,0.12573279440402985,-18.80597014925373,-8.066037735849058,67.51591472682667,14.32,23,31,3,0.9424777960769379,2,4.0,12,1.3,/mnt/ceph-hdd/workspaces/ws/cidbn_wibral_neuro_nonhuman/u19361-allen-hdd/results/zebra/meso/sub-832700_ses-multiplane-ophys-832700-2026-01-24-12-06-12_ophys/events/VISp_3/trial_0/phase_0/lib_ab4a70858e/lib_ab4a70858e__delay_0.03__dur_0.0.h5
3,0.03,0.0,ab4a70858e,0.11736411601305008,-24.179104477611936,2.6886792452830193,180.0,17.91,20,25,8,2.5132741228718345,3,5.0,12,1.3,/mnt/ceph-hdd/workspaces/ws/cidbn_wibral_neuro_nonhuman/u19361-allen-hdd/results/zebra/meso/sub-832700_ses-multiplane-ophys-832700-2026-01-24-12-06-12_ophys/events/VISp_3/trial_0/phase_0/lib_ab4a70858e/lib_ab4a70858e__delay_0.03__dur_0.0.h5
30,0.0,0.2,ab4a70858e,0.11843916773796082,20.59701492537313,-6.273584905660378,22.515923572829163,14.32,45,30,9,2.827433388230814,2,4.0,4,0.05,/mnt/ceph-hdd/workspaces/ws/cidbn_wibral_neuro_nonhuman/u19361-allen-hdd/results/zebra/meso/sub-832700_ses-multiplane-ophys-832700-2026-01-24-12-06-12_ophys/events/VISp_3/trial_0/phase_0/lib_ab4a70858e/lib_ab4a70858e__delay_0.0__dur_0.2.h5
31,0.15,0.0,ab4a70858e,0.10844331979751587,51.04477611940298,-8.066037735849058,45.02251307527088,28.65,62,31,2,0.6283185307179586,5,8.0,11,1.2,/mnt/ceph-hdd/workspaces/ws/cidbn_wibral_neuro_nonhuman/u19361-allen-hdd/results/zebra/meso/sub-832700_ses-multiplane-ophys-832700-2026-01-24-12-06-12_ophys/events/VISp_3/trial_0/phase_0/lib_ab4a70858e/lib_ab4a70858e__delay_0.15__dur_0.0.h5
32,0.09,0.0,ab4a70858e,0.21937575936317444,-0.8955223880596961,0.8962264150943398,112.48408527317332,21.49,33,26,5,1.5707963267948966,4,6.0,4,0.05,/mnt/ceph-hdd/workspaces/ws/cidbn_wibral_neuro_nonhuman/u19361-allen-hdd/results/zebra/meso/sub-832700_ses-multiplane-ophys-832700-2026-01-24-12-06-12_ophys/events/VISp_3/trial_0/phase_0/lib_ab4a70858e/lib_ab4a70858e__delay_0.09__dur_0.0.h5
33,0.0,0.2,ab4a70858e,0.11127514392137527,-2.6865671641791025,-0.8962264150943398,90.0,28.65,32,27,4,1.2566370614359172,5,8.0,3,0.04,/mnt/ceph-hdd/workspaces/ws/cidbn_wibral_neuro_nonhuman/u19361-allen-hdd/results/zebra/meso/sub-832700_ses-multiplane-ophys-832700-2026-01-24-12-06-12_ophys/events/VISp_3/trial_0/phase_0/lib_ab4a70858e/lib_ab4a70858e__delay_0.0__dur_0.2.h5
34,0.09,0.2,ab4a70858e,0.1557452380657196,2.6865671641791096,-4.481132075471699,22.515923572829195,17.91,35,29,1,0.3141592653589793,3,5.0,6,0.07,/mnt/ceph-hdd/workspaces/ws/cidbn_wibral_neuro_nonhuman/u19361-allen-hdd/results/zebra/meso/sub-832700_ses-multiplane-ophys-832700-2026-01-24-12-06-12_ophys/events/VISp_3/trial_0/phase_0/lib_ab4a70858e/lib_ab4a70858e__delay_0.09__dur_0.2.h5
35,0.15,0.2,ab4a70858e,0.10222678631544113,-0.8955223880596961,-25.99056603773585,45.02251307527088,7.16,33,41,2,0.6283185307179586,0,2.0,12,1.3,/mnt/ceph-hdd/workspaces/ws/cidbn_wibral_neuro_nonhuman/u19361-allen-hdd/results/zebra/meso/sub-832700_ses-multiplane-ophys-832700-2026-01-24-12-06-12_ophys/events/VISp_3/trial_0/phase_0/lib_ab4a70858e/lib_ab4a70858e__delay_0.15__dur_0.2.h5
36,0.09,0.0,ab4a70858e,0.17933186888694763,6.268656716417908,-6.273584905660378,180.0,14.32,37,30,8,2.5132741228718345,2,4.0,7,0.08,/mnt/ceph-hdd/workspaces/ws/cidbn_wibral_neuro_nonhuman/u19361-allen-hdd/results/zebra/meso/sub-832700_ses-multiplane-ophys-832700-2026-01-24-12-06-12_ophys/events/VISp_3/trial_0/phase_0/lib_ab4a70858e/lib_ab4a70858e__delay_0.09__dur_0.0.h5
37,0.06,0.0,ab4a70858e,0.10371136665344238,8.059701492537314,-9.858490566037737,45.02251307527088,21.49,38,32,2,0.6283185307179586,4,6.0,9,0.1,/mnt/ceph-hdd/workspaces/ws/cidbn_wibral_neuro_nonhuman/u19361-allen-hdd/results/zebra/meso/sub-832700_ses-multiplane-ophys-832700-2026-01-24-12-06-12_ophys/events/VISp_3/trial_0/phase_0/lib_ab4a70858e/lib_ab4a70858e__delay_0.06__dur_0.0.h5
38,0.09,0.2,ab4a70858e,0.134313702583313,6.268656716417908,-6.273584905660378,0.0,17.91,37,30,0,0.0,3,5.0,4,0.05,/mnt/ceph-hdd/workspaces/ws/cidbn_wibral_neuro_nonhuman/u19361-allen-hdd/results/zebra/meso/sub-832700_ses-multiplane-ophys-832700-2026-01-24-12-06-12_ophys/events/VISp_3/trial_0/phase_0/lib_ab4a70858e/lib_ab4a70858e__delay_0.09__dur_0.2.h5
39,0.0,0.2,ab4a70858e,0.14766916632652283,0.8955223880597032,-0.8962264150943398,180.0,14.32,34,27,8,2.5132741228718345,2,4.0,12,1.3,/mnt/ceph-hdd/workspaces/ws/cidbn_wibral_neuro_nonhuman/u19361-allen-hdd/results/zebra/meso/sub-832700_ses-multiplane-ophys-832700-2026-01-24-12-06-12_ophys/events/VISp_3/trial_0/phase_0/lib_ab4a70858e/lib_ab4a70858e__delay_0.0__dur_0.2.h5
4,0.06,0.2,ab4a70858e,0.11889951676130295,-24.179104477611936,11.650943396226417,112.48408527317332,28.65,20,20,5,1.5707963267948966,5,8.0,11,1.2,/mnt/ceph-hdd/workspaces/ws/cidbn_wibral_neuro_nonhuman/u19361-allen-hdd/results/zebra/meso/sub-832700_ses-multiplane-ophys-832700-2026-01-24-12-06-12_ophys/events/VISp_3/trial_0/phase_0/lib_ab4a70858e/lib_ab4a70858e__delay_0.06__dur_0.2.h5
40,0.03,0.2,ab4a70858e,0.14778955280780792,-17.014925373134325,-17.028301886792452,112.48408527317332,21.49,24,36,5,1.5707963267948966,4,6.0,11,1.2,/mnt/ceph-hdd/workspaces/ws/cidbn_wibral_neuro_nonhuman/u19361-allen-hdd/results/zebra/meso/sub-832700_ses-multiplane-ophys-832700-2026-01-24-12-06-12_ophys/events/VISp_3/trial_0/phase_0/lib_ab4a70858e/lib_ab4a70858e__delay_0.03__dur_0.2.h5
41,0.09,0.0,ab4a70858e,0.23038826882839203,0.8955223880597032,-13.443396226415096,0.0,17.91,34,34,0,0.0,3,5.0,6,0.07,/mnt/ceph-hdd/workspaces/ws/cidbn_wibral_neuro_nonhuman/u19361-allen-hdd/results/zebra/meso/sub-832700_ses-multiplane-ophys-832700-2026-01-24-12-06-12_ophys/events/VISp_3/trial_0/phase_0/lib_ab4a70858e/lib_ab4a70858e__delay_0.09__dur_0.0.h5
42,0.03,0.2,ab4a70858e,0.15330255031585693,6.268656716417908,-2.6886792452830193,134.9774869247291,14.32,37,28,6,1.8849555921538759,2,4.0,9,0.1,/mnt/ceph-hdd/workspaces/ws/cidbn_wibral_neuro_nonhuman/u19361-allen-hdd/results/zebra/meso/sub-832700_ses-multiplane-ophys-832700-2026-01-24-12-06-12_ophys/events/VISp_3/trial_0/phase_0/lib_ab4a70858e/lib_ab4a70858e__delay_0.03__dur_0.2.h5
43,0.06,0.0,ab4a70858e,0.10089851170778275,-4.477611940298509,15.235849056603776,112.48408527317332,14.32,31,18,5,1.5707963267948966,2,4.0,12,1.3,/mnt/ceph-hdd/workspaces/ws/cidbn_wibral_neuro_nonhuman/u19361-allen-hdd/results/zebra/meso/sub-832700_ses-multiplane-ophys-832700-2026-01-24-12-06-12_ophys/events/VISp_3/trial_0/phase_0/lib_ab4a70858e/lib_ab4a70858e__delay_0.06__dur_0.0.h5
44,0.03,0.0,ab4a70858e,0.10768812894821167,-52.83582089552239,15.235849056603776,67.51591472682667,14.32,4,18,3,0.9424777960769379,2,4.0,11,1.2,/mnt/ceph-hdd/workspaces/ws/cidbn_wibral_neuro_nonhuman/u19361-allen-hdd/results/zebra/meso/sub-832700_ses-multiplane-ophys-832700-2026-01-24-12-06-12_ophys/events/VISp_3/trial_0/phase_0/lib_ab4a70858e/lib_ab4a70858e__delay_0.03__dur_0.0.h5
45,0.09,0.2,ab4a70858e,0.15256083011627197,6.268656716417908,-15.235849056603776,45.02251307527088,21.49,37,35,2,0.6283185307179586,4,6.0,8,0.09,/mnt/ceph-hdd/workspaces/ws/cidbn_wibral_neuro_nonhuman/u19361-allen-hdd/results/zebra/meso/sub-832700_ses-multiplane-ophys-832700-2026-01-24-12-06-12_ophys/events/VISp_3/trial_0/phase_0/lib_ab4a70858e/lib_ab4a70858e__delay_0.09__dur_0.2.h5
46,0.06,0.0,ab4a70858e,0.12242880463600159,2.6865671641791096,-2.6886792452830193,112.48408527317332,21.49,35,28,5,1.5707963267948966,4,6.0,6,0.07,/mnt/ceph-hdd/workspaces/ws/cidbn_wibral_neuro_nonhuman/u19361-allen-hdd/results/zebra/meso/sub-832700_ses-multiplane-ophys-832700-2026-01-24-12-06-12_ophys/events/VISp_3/trial_0/phase_0/lib_ab4a70858e/lib_ab4a70858e__delay_0.06__dur_0.0.h5
47,0.09,0.2,ab4a70858e,0.10749883949756622,6.268656716417908,-0.8962264150943398,22.515923572829195,14.32,37,27,1,0.3141592653589793,2,4.0,6,0.07,/mnt/ceph-hdd/workspaces/ws/cidbn_wibral_neuro_nonhuman/u19361-allen-hdd/results/zebra/meso/sub-832700_ses-multiplane-ophys-832700-2026-01-24-12-06-12_ophys/events/VISp_3/trial_0/phase_0/lib_ab4a70858e/lib_ab4a70858e__delay_0.09__dur_0.2.h5
48,0.15,0.2,ab4a70858e,0.1280810683965683,-40.298507462686565,0.8962264150943398,67.51591472682667,17.91,11,26,3,0.9424777960769379,3,5.0,12,1.3,/mnt/ceph-hdd/workspaces/ws/cidbn_wibral_neuro_nonhuman/u19361-allen-hdd/results/zebra/meso/sub-832700_ses-multiplane-ophys-832700-2026-01-24-12-06-12_ophys/events/VISp_3/trial_0/phase_0/lib_ab4a70858e/lib_ab4a70858e__delay_0.15__dur_0.2.h5
49,0.09,0.2,ab4a70858e,0.107403963804245,17.014925373134332,9.858490566037737,90.0,7.16,43,21,4,1.2566370614359172,0,2.0,11,1.2,/mnt/ceph-hdd/workspaces/ws/cidbn_wibral_neuro_nonhuman/u19361-allen-hdd/results/zebra/meso/sub-832700_ses-multiplane-ophys-832700-2026-01-24-12-06-12_ophys/events/VISp_3/trial_0/phase_0/lib_ab4a70858e/lib_ab4a70858e__delay_0.09__dur_0.2.h5
5,0.09,0.0,ab4a70858e,0.10037805885076523,17.014925373134332,-38.5377358490566,90.0,7.16,43,48,4,1.2566370614359172,0,2.0,10,1.1,/mnt/ceph-hdd/workspaces/ws/cidbn_wibral_neuro_nonhuman/u19361-allen-hdd/results/zebra/meso/sub-832700_ses-multiplane-ophys-832700-2026-01-24-12-06-12_ophys/events/VISp_3/trial_0/phase_0/lib_ab4a70858e/lib_ab4a70858e__delay_0.09__dur_0.0.h5
50,0.06,0.0,ab4a70858e,0.14351582527160645,-22.388059701492537,-13.443396226415096,45.02251307527088,17.91,21,34,2,0.6283185307179586,3,5.0,12,1.3,/mnt/ceph-hdd/workspaces/ws/cidbn_wibral_neuro_nonhuman/u19361-allen-hdd/results/zebra/meso/sub-832700_ses-multiplane-ophys-832700-2026-01-24-12-06-12_ophys/events/VISp_3/trial_0/phase_0/lib_ab4a70858e/lib_ab4a70858e__delay_0.06__dur_0.0.h5
51,0.15,0.2,ab4a70858e,0.12432809919118881,-2.6865671641791025,27.783018867924525,134.9774869247291,17.91,32,11,6,1.8849555921538759,3,5.0,12,1.3,/mnt/ceph-hdd/workspaces/ws/cidbn_wibral_neuro_nonhuman/u19361-allen-hdd/results/zebra/meso/sub-832700_ses-multiplane-ophys-832700-2026-01-24-12-06-12_ophys/events/VISp_3/trial_0/phase_0/lib_ab4a70858e/lib_ab4a70858e__delay_0.15__dur_0.2.h5
52,0.15,0.2,ab4a70858e,0.1799679398536682,-2.6865671641791025,27.783018867924525,134.9774869247291,17.91,32,11,6,1.8849555921538759,3,5.0,12,1.3,/mnt/ceph-hdd/workspaces/ws/cidbn_wibral_neuro_nonhuman/u19361-allen-hdd/results/zebra/meso/sub-832700_ses-multiplane-ophys-832700-2026-01-24-12-06-12_ophys/events/VISp_3/trial_0/phase_0/lib_ab4a70858e/lib_ab4a70858e__delay_0.15__dur_0.2.h5
53,0.0,0.0,ab4a70858e,0.11502853035926819,-22.388059701492537,-34.95283018867924,112.48408527317332,17.91,21,46,5,1.5707963267948966,3,5.0,11,1.2,/mnt/ceph-hdd/workspaces/ws/cidbn_wibral_neuro_nonhuman/u19361-allen-hdd/results/zebra/meso/sub-832700_ses-multiplane-ophys-832700-2026-01-24-12-06-12_ophys/events/VISp_3/trial_0/phase_0/lib_ab4a70858e/lib_ab4a70858e__delay_0.0__dur_0.0.h5
54,0.12,0.0,ab4a70858e,0.10061656683683395,-24.179104477611936,-22.40566037735849,67.51591472682667,10.74,20,39,3,0.9424777960769379,1,3.0,12,1.3,/mnt/ceph-hdd/workspaces/ws/cidbn_wibral_neuro_nonhuman/u19361-allen-hdd/results/zebra/meso/sub-832700_ses-multiplane-ophys-832700-2026-01-24-12-06-12_ophys/events/VISp_3/trial_0/phase_0/lib_ab4a70858e/lib_ab4a70858e__delay_0.12__dur_0.0.h5
55,0.09,0.0,ab4a70858e,0.2116687148809433,8.059701492537314,-9.858490566037737,67.51591472682667,17.91,38,32,3,0.9424777960769379,3,5.0,8,0.09,/mnt/ceph-hdd/workspaces/ws/cidbn_wibral_neuro_nonhuman/u19361-allen-hdd/results/zebra/meso/sub-832700_ses-multiplane-ophys-832700-2026-01-24-12-06-12_ophys/events/VISp_3/trial_0/phase_0/lib_ab4a70858e/lib_ab4a70858e__delay_0.09__dur_0.0.h5
56,0.06,0.2,ab4a70858e,0.14391006529331207,13.43283582089552,-0.8962264150943398,157.4840764271708,21.49,41,27,7,2.199114857512855,4,6.0,2,0.03,/mnt/ceph-hdd/workspaces/ws/cidbn_wibral_neuro_nonhuman/u19361-allen-hdd/results/zebra/meso/sub-832700_ses-multiplane-ophys-832700-2026-01-24-12-06-12_ophys/events/VISp_3/trial_0/phase_0/lib_ab4a70858e/lib_ab4a70858e__delay_0.06__dur_0.2.h5
57,0.03,0.2,ab4a70858e,0.14277346432209015,17.014925373134332,-4.481132075471699,180.0,28.65,43,29,8,2.5132741228718345,5,8.0,8,0.09,/mnt/ceph-hdd/workspaces/ws/cidbn_wibral_neuro_nonhuman/u19361-allen-hdd/results/zebra/meso/sub-832700_ses-multiplane-ophys-832700-2026-01-24-12-06-12_ophys/events/VISp_3/trial_0/phase_0/lib_ab4a70858e/lib_ab4a70858e__delay_0.03__dur_0.2.h5
58,0.12,0.0,ab4a70858e,0.12905791401863098,25.97014925373135,20.613207547169807,134.9774869247291,10.74,48,15,6,1.8849555921538759,1,3.0,10,1.1,/mnt/ceph-hdd/workspaces/ws/cidbn_wibral_neuro_nonhuman/u19361-allen-hdd/results/zebra/meso/sub-832700_ses-multiplane-ophys-832700-2026-01-24-12-06-12_ophys/events/VISp_3/trial_0/phase_0/lib_ab4a70858e/lib_ab4a70858e__delay_0.12__dur_0.0.h5
59,0.06,0.0,ab4a70858e,0.13960739970207214,8.059701492537314,-2.6886792452830193,45.02251307527088,17.91,38,28,2,0.6283185307179586,3,5.0,3,0.04,/mnt/ceph-hdd/workspaces/ws/cidbn_wibral_neuro_nonhuman/u19361-allen-hdd/results/zebra/meso/sub-832700_ses-multiplane-ophys-832700-2026-01-24-12-06-12_ophys/events/VISp_3/trial_0/phase_0/lib_ab4a70858e/lib_ab4a70858e__delay_0.06__dur_0.0.h5
6,0.03,0.0,ab4a70858e,0.11957623064517975,2.6865671641791096,-24.19811320754717,157.4840764271708,10.74,35,40,7,2.199114857512855,1,3.0,12,1.3,/mnt/ceph-hdd/workspaces/ws/cidbn_wibral_neuro_nonhuman/u19361-allen-hdd/results/zebra/meso/sub-832700_ses-multiplane-ophys-832700-2026-01-24-12-06-12_ophys/events/VISp_3/trial_0/phase_0/lib_ab4a70858e/lib_ab4a70858e__delay_0.03__dur_0.0.h5
60,0.03,0.2,ab4a70858e,0.11616768687963486,25.97014925373135,-18.82075471698113,22.515923572829163,7.16,48,37,9,2.827433388230814,0,2.0,12,1.3,/mnt/ceph-hdd/workspaces/ws/cidbn_wibral_neuro_nonhuman/u19361-allen-hdd/results/zebra/meso/sub-832700_ses-multiplane-ophys-832700-2026-01-24-12-06-12_ophys/events/VISp_3/trial_0/phase_0/lib_ab4a70858e/lib_ab4a70858e__delay_0.03__dur_0.2.h5
61,0.03,0.0,ab4a70858e,0.10428997874259949,-15.223880597014926,33.160377358490564,45.02251307527088,28.65,25,8,2,0.6283185307179586,5,8.0,9,0.1,/mnt/ceph-hdd/workspaces/ws/cidbn_wibral_neuro_nonhuman/u19361-allen-hdd/results/zebra/meso/sub-832700_ses-multiplane-ophys-832700-2026-01-24-12-06-12_ophys/events/VISp_3/trial_0/phase_0/lib_ab4a70858e/lib_ab4a70858e__delay_0.03__dur_0.0.h5
62,0.03,0.2,ab4a70858e,0.11395048350095749,-6.268656716417908,-22.40566037735849,157.4840764271708,10.74,30,39,7,2.199114857512855,1,3.0,12,1.3,/mnt/ceph-hdd/workspaces/ws/cidbn_wibral_neuro_nonhuman/u19361-allen-hdd/results/zebra/meso/sub-832700_ses-multiplane-ophys-832700-2026-01-24-12-06-12_ophys/events/VISp_3/trial_0/phase_0/lib_ab4a70858e/lib_ab4a70858e__delay_0.03__dur_0.2.h5
63,0.03,0.2,ab4a70858e,0.3546770215034485,4.477611940298516,-6.273584905660378,0.0,17.91,36,30,0,0.0,3,5.0,2,0.03,/mnt/ceph-hdd/workspaces/ws/cidbn_wibral_neuro_nonhuman/u19361-allen-hdd/results/zebra/meso/sub-832700_ses-multiplane-ophys-832700-2026-01-24-12-06-12_ophys/events/VISp_3/trial_0/phase_0/lib_ab4a70858e/lib_ab4a70858e__delay_0.03__dur_0.2.h5
64,0.15,0.0,ab4a70858e,0.11484939604997635,-0.8955223880596961,-22.40566037735849,157.4840764271708,7.16,33,39,7,2.199114857512855,0,2.0,11,1.2,/mnt/ceph-hdd/workspaces/ws/cidbn_wibral_neuro_nonhuman/u19361-allen-hdd/results/zebra/meso/sub-832700_ses-multiplane-ophys-832700-2026-01-24-12-06-12_ophys/events/VISp_3/trial_0/phase_0/lib_ab4a70858e/lib_ab4a70858e__delay_0.15__dur_0.0.h5
65,0.06,0.0,ab4a70858e,0.1439923197031021,6.268656716417908,-13.443396226415096,134.9774869247291,17.91,37,34,6,1.8849555921538759,3,5.0,4,0.05,/mnt/ceph-hdd/workspaces/ws/cidbn_wibral_neuro_nonhuman/u19361-allen-hdd/results/zebra/meso/sub-832700_ses-multiplane-ophys-832700-2026-01-24-12-06-12_ophys/events/VISp_3/trial_0/phase_0/lib_ab4a70858e/lib_ab4a70858e__delay_0.06__dur_0.0.h5
66,0.15,0.2,ab4a70858e,0.09945312142372131,36.71641791044776,-11.650943396226417,22.515923572829163,10.74,54,33,9,2.827433388230814,1,3.0,10,1.1,/mnt/ceph-hdd/workspaces/ws/cidbn_wibral_neuro_nonhuman/u19361-allen-hdd/results/zebra/meso/sub-832700_ses-multiplane-ophys-832700-2026-01-24-12-06-12_ophys/events/VISp_3/trial_0/phase_0/lib_ab4a70858e/lib_ab4a70858e__delay_0.15__dur_0.2.h5
67,0.0,0.2,ab4a70858e,0.13572216033935547,-25.970149253731343,8.066037735849058,45.02251307527088,17.91,19,22,2,0.6283185307179586,3,5.0,12,1.3,/mnt/ceph-hdd/workspaces/ws/cidbn_wibral_neuro_nonhuman/u19361-allen-hdd/results/zebra/meso/sub-832700_ses-multiplane-ophys-832700-2026-01-24-12-06-12_ophys/events/VISp_3/trial_0/phase_0/lib_ab4a70858e/lib_ab4a70858e__delay_0.0__dur_0.2.h5
68,0.15,0.2,ab4a70858e,0.18163926899433136,-2.6865671641791025,29.575471698113205,0.0,17.91,32,10,0,0.0,3,5.0,11,1.2,/mnt/ceph-hdd/workspaces/ws/cidbn_wibral_neuro_nonhuman/u19361-allen-hdd/results/zebra/meso/sub-832700_ses-multiplane-ophys-832700-2026-01-24-12-06-12_ophys/events/VISp_3/trial_0/phase_0/lib_ab4a70858e/lib_ab4a70858e__delay_0.15__dur_0.2.h5
69,0.03,0.2,ab4a70858e,0.11280696094036102,9.85074626865672,-8.066037735849058,45.02251307527088,10.74,39,31,2,0.6283185307179586,1,3.0,9,0.1,/mnt/ceph-hdd/workspaces/ws/cidbn_wibral_neuro_nonhuman/u19361-allen-hdd/results/zebra/meso/sub-832700_ses-multiplane-ophys-832700-2026-01-24-12-06-12_ophys/events/VISp_3/trial_0/phase_0/lib_ab4a70858e/lib_ab4a70858e__delay_0.03__dur_0.2.h5
7,0.03,0.2,ab4a70858e,0.09481899440288544,-49.25373134328358,31.367924528301884,0.0,10.74,6,9,0,0.0,1,3.0,12,1.3,/mnt/ceph-hdd/workspaces/ws/cidbn_wibral_neuro_nonhuman/u19361-allen-hdd/results/zebra/meso/sub-832700_ses-multiplane-ophys-832700-2026-01-24-12-06-12_ophys/events/VISp_3/trial_0/phase_0/lib_ab4a70858e/lib_ab4a70858e__delay_0.03__dur_0.2.h5
70,0.0,0.2,ab4a70858e,0.11684883385896683,4.477611940298516,-0.8962264150943398,45.02251307527088,10.74,36,27,2,0.6283185307179586,1,3.0,7,0.08,/mnt/ceph-hdd/workspaces/ws/cidbn_wibral_neuro_nonhuman/u19361-allen-hdd/results/zebra/meso/sub-832700_ses-multiplane-ophys-832700-2026-01-24-12-06-12_ophys/events/VISp_3/trial_0/phase_0/lib_ab4a70858e/lib_ab4a70858e__delay_0.0__dur_0.2.h5
71,0.09,0.2,ab4a70858e,0.13902707397937775,-43.88059701492537,-13.443396226415096,45.02251307527088,10.74,9,34,2,0.6283185307179586,1,3.0,12,1.3,/mnt/ceph-hdd/workspaces/ws/cidbn_wibral_neuro_nonhuman/u19361-allen-hdd/results/zebra/meso/sub-832700_ses-multiplane-ophys-832700-2026-01-24-12-06-12_ophys/events/VISp_3/trial_0/phase_0/lib_ab4a70858e/lib_ab4a70858e__delay_0.09__dur_0.2.h5
72,0.03,0.2,ab4a70858e,0.25312259793281555,4.477611940298516,-6.273584905660378,45.02251307527088,14.32,36,30,2,0.6283185307179586,2,4.0,2,0.03,/mnt/ceph-hdd/workspaces/ws/cidbn_wibral_neuro_nonhuman/u19361-allen-hdd/results/zebra/meso/sub-832700_ses-multiplane-ophys-832700-2026-01-24-12-06-12_ophys/events/VISp_3/trial_0/phase_0/lib_ab4a70858e/lib_ab4a70858e__delay_0.03__dur_0.2.h5
73,0.12,0.2,ab4a70858e,0.15617488324642181,6.268656716417908,-34.95283018867924,112.48408527317332,28.65,37,46,5,1.5707963267948966,5,8.0,11,1.2,/mnt/ceph-hdd/workspaces/ws/cidbn_wibral_neuro_nonhuman/u19361-allen-hdd/results/zebra/meso/sub-832700_ses-multiplane-ophys-832700-2026-01-24-12-06-12_ophys/events/VISp_3/trial_0/phase_0/lib_ab4a70858e/lib_ab4a70858e__delay_0.12__dur_0.2.h5
74,0.0,0.2,ab4a70858e,0.14587384462356567,8.059701492537314,-0.8962264150943398,180.0,17.91,38,27,8,2.5132741228718345,3,5.0,4,0.05,/mnt/ceph-hdd/workspaces/ws/cidbn_wibral_neuro_nonhuman/u19361-allen-hdd/results/zebra/meso/sub-832700_ses-multiplane-ophys-832700-2026-01-24-12-06-12_ophys/events/VISp_3/trial_0/phase_0/lib_ab4a70858e/lib_ab4a70858e__delay_0.0__dur_0.2.h5
75,0.06,0.2,ab4a70858e,0.17008225619792938,8.059701492537314,-0.8962264150943398,45.02251307527088,17.91,38,27,2,0.6283185307179586,3,5.0,3,0.04,/mnt/ceph-hdd/workspaces/ws/cidbn_wibral_neuro_nonhuman/u19361-allen-hdd/results/zebra/meso/sub-832700_ses-multiplane-ophys-832700-2026-01-24-12-06-12_ophys/events/VISp_3/trial_0/phase_0/lib_ab4a70858e/lib_ab4a70858e__delay_0.06__dur_0.2.h5
76,0.09,0.0,ab4a70858e,0.22359368205070496,0.8955223880597032,-8.066037735849058,22.515923572829195,17.91,34,31,1,0.3141592653589793,3,5.0,9,0.1,/mnt/ceph-hdd/workspaces/ws/cidbn_wibral_neuro_nonhuman/u19361-allen-hdd/results/zebra/meso/sub-832700_ses-multiplane-ophys-832700-2026-01-24-12-06-12_ophys/events/VISp_3/trial_0/phase_0/lib_ab4a70858e/lib_ab4a70858e__delay_0.09__dur_0.0.h5
77,0.06,0.2,ab4a70858e,0.20255820453166962,0.8955223880597032,-4.481132075471699,22.515923572829195,17.91,34,29,1,0.3141592653589793,3,5.0,4,0.05,/mnt/ceph-hdd/workspaces/ws/cidbn_wibral_neuro_nonhuman/u19361-allen-hdd/results/zebra/meso/sub-832700_ses-multiplane-ophys-832700-2026-01-24-12-06-12_ophys/events/VISp_3/trial_0/phase_0/lib_ab4a70858e/lib_ab4a70858e__delay_0.06__dur_0.2.h5
78,0.03,0.2,ab4a70858e,0.12578648328781128,29.55223880597015,20.613207547169807,157.4840764271708,21.49,50,15,7,2.199114857512855,4,6.0,12,1.3,/mnt/ceph-hdd/workspaces/ws/cidbn_wibral_neuro_nonhuman/u19361-allen-hdd/results/zebra/meso/sub-832700_ses-multiplane-ophys-832700-2026-01-24-12-06-12_ophys/events/VISp_3/trial_0/phase_0/lib_ab4a70858e/lib_ab4a70858e__delay_0.03__dur_0.2.h5
79,0.0,0.2,ab4a70858e,0.15070757269859314,6.268656716417908,-11.650943396226417,22.515923572829195,17.91,37,33,1,0.3141592653589793,3,5.0,4,0.05,/mnt/ceph-hdd/workspaces/ws/cidbn_wibral_neuro_nonhuman/u19361-allen-hdd/results/zebra/meso/sub-832700_ses-multiplane-ophys-832700-2026-01-24-12-06-12_ophys/events/VISp_3/trial_0/phase_0/lib_ab4a70858e/lib_ab4a70858e__delay_0.0__dur_0.2.h5
8,0.09,0.0,ab4a70858e,0.17469997704029083,9.85074626865672,-8.066037735849058,157.4840764271708,17.91,39,31,7,2.199114857512855,3,5.0,1,0.02,/mnt/ceph-hdd/workspaces/ws/cidbn_wibral_neuro_nonhuman/u19361-allen-hdd/results/zebra/meso/sub-832700_ses-multiplane-ophys-832700-2026-01-24-12-06-12_ophys/events/VISp_3/trial_0/phase_0/lib_ab4a70858e/lib_ab4a70858e__delay_0.09__dur_0.0.h5
80,0.03,0.2,ab4a70858e,0.16105856001377106,-31.34328358208955,29.575471698113205,67.51591472682667,17.91,16,10,3,0.9424777960769379,3,5.0,12,1.3,/mnt/ceph-hdd/workspaces/ws/cidbn_wibral_neuro_nonhuman/u19361-allen-hdd/results/zebra/meso/sub-832700_ses-multiplane-ophys-832700-2026-01-24-12-06-12_ophys/events/VISp_3/trial_0/phase_0/lib_ab4a70858e/lib_ab4a70858e__delay_0.03__dur_0.2.h5
81,0.03,0.2,ab4a70858e,0.10664749145507812,11.641791044776127,-20.61320754716981,22.515923572829163,7.16,40,38,9,2.827433388230814,0,2.0,11,1.2,/mnt/ceph-hdd/workspaces/ws/cidbn_wibral_neuro_nonhuman/u19361-allen-hdd/results/zebra/meso/sub-832700_ses-multiplane-ophys-832700-2026-01-24-12-06-12_ophys/events/VISp_3/trial_0/phase_0/lib_ab4a70858e/lib_ab4a70858e__delay_0.03__dur_0.2.h5
82,0.03,0.0,ab4a70858e,0.10687649250030518,-38.507462686567166,0.8962264150943398,0.0,28.65,12,26,0,0.0,5,8.0,11,1.2,/mnt/ceph-hdd/workspaces/ws/cidbn_wibral_neuro_nonhuman/u19361-allen-hdd/results/zebra/meso/sub-832700_ses-multiplane-ophys-832700-2026-01-24-12-06-12_ophys/events/VISp_3/trial_0/phase_0/lib_ab4a70858e/lib_ab4a70858e__delay_0.03__dur_0.0.h5
83,0.06,0.2,ab4a70858e,0.17724893987178802,27.761194029850756,20.613207547169807,157.4840764271708,17.91,49,15,7,2.199114857512855,3,5.0,12,1.3,/mnt/ceph-hdd/workspaces/ws/cidbn_wibral_neuro_nonhuman/u19361-allen-hdd/results/zebra/meso/sub-832700_ses-multiplane-ophys-832700-2026-01-24-12-06-12_ophys/events/VISp_3/trial_0/phase_0/lib_ab4a70858e/lib_ab4a70858e__delay_0.06__dur_0.2.h5
84,0.03,0.2,ab4a70858e,0.12022452801465988,4.477611940298516,-6.273584905660378,0.0,10.74,36,30,0,0.0,1,3.0,11,1.2,/mnt/ceph-hdd/workspaces/ws/cidbn_wibral_neuro_nonhuman/u19361-allen-hdd/results/zebra/meso/sub-832700_ses-multiplane-ophys-832700-2026-01-24-12-06-12_ophys/events/VISp_3/trial_0/phase_0/lib_ab4a70858e/lib_ab4a70858e__delay_0.03__dur_0.2.h5
85,0.0,0.2,ab4a70858e,0.12141235172748566,17.014925373134332,0.8962264150943398,112.48408527317332,7.16,43,26,5,1.5707963267948966,0,2.0,11,1.2,/mnt/ceph-hdd/workspaces/ws/cidbn_wibral_neuro_nonhuman/u19361-allen-hdd/results/zebra/meso/sub-832700_ses-multiplane-ophys-832700-2026-01-24-12-06-12_ophys/events/VISp_3/trial_0/phase_0/lib_ab4a70858e/lib_ab4a70858e__delay_0.0__dur_0.2.h5
86,0.15,0.0,ab4a70858e,0.11328882724046707,18.80597014925374,-17.028301886792452,22.515923572829195,17.91,44,36,1,0.3141592653589793,3,5.0,11,1.2,/mnt/ceph-hdd/workspaces/ws/cidbn_wibral_neuro_nonhuman/u19361-allen-hdd/results/zebra/meso/sub-832700_ses-multiplane-ophys-832700-2026-01-24-12-06-12_ophys/events/VISp_3/trial_0/phase_0/lib_ab4a70858e/lib_ab4a70858e__delay_0.15__dur_0.0.h5
87,0.0,0.0,ab4a70858e,0.10909903794527054,-2.6865671641791025,-6.273584905660378,67.51591472682667,17.91,32,30,3,0.9424777960769379,3,5.0,6,0.07,/mnt/ceph-hdd/workspaces/ws/cidbn_wibral_neuro_nonhuman/u19361-allen-hdd/results/zebra/meso/sub-832700_ses-multiplane-ophys-832700-2026-01-24-12-06-12_ophys/events/VISp_3/trial_0/phase_0/lib_ab4a70858e/lib_ab4a70858e__delay_0.0__dur_0.0.h5
88,0.06,0.2,ab4a70858e,0.2152392566204071,2.6865671641791096,-13.443396226415096,0.0,10.74,35,34,0,0.0,1,3.0,3,0.04,/mnt/ceph-hdd/workspaces/ws/cidbn_wibral_neuro_nonhuman/u19361-allen-hdd/results/zebra/meso/sub-832700_ses-multiplane-ophys-832700-2026-01-24-12-06-12_ophys/events/VISp_3/trial_0/phase_0/lib_ab4a70858e/lib_ab4a70858e__delay_0.06__dur_0.2.h5
89,0.03,0.0,ab4a70858e,0.12054449319839478,-15.223880597014926,22.405660377358487,22.515923572829195,14.32,25,14,1,0.3141592653589793,2,4.0,11,1.2,/mnt/ceph-hdd/workspaces/ws/cidbn_wibral_neuro_nonhuman/u19361-allen-hdd/results/zebra/meso/sub-832700_ses-multiplane-ophys-832700-2026-01-24-12-06-12_ophys/events/VISp_3/trial_0/phase_0/lib_ab4a70858e/lib_ab4a70858e__delay_0.03__dur_0.0.h5
9,0.09,0.0,ab4a70858e,0.10632681846618652,-58.208955223880594,-20.61320754716981,180.0,7.16,1,38,8,2.5132741228718345,0,2.0,10,1.1,/mnt/ceph-hdd/workspaces/ws/cidbn_wibral_neuro_nonhuman/u19361-allen-hdd/results/zebra/meso/sub-832700_ses-multiplane-ophys-832700-2026-01-24-12-06-12_ophys/events/VISp_3/trial_0/phase_0/lib_ab4a70858e/lib_ab4a70858e__delay_0.09__dur_0.0.h5
90,0.0,0.2,ab4a70858e,0.11756286025047302,-4.477611940298509,8.066037735849058,90.0,28.65,31,22,4,1.2566370614359172,5,8.0,2,0.03,/mnt/ceph-hdd/workspaces/ws/cidbn_wibral_neuro_nonhuman/u19361-allen-hdd/results/zebra/meso/sub-832700_ses-multiplane-ophys-832700-2026-01-24-12-06-12_ophys/events/VISp_3/trial_0/phase_0/lib_ab4a70858e/lib_ab4a70858e__delay_0.0__dur_0.2.h5
91,0.03,0.0,ab4a70858e,0.13089711964130402,4.477611940298516,-6.273584905660378,0.0,14.32,36,30,0,0.0,2,4.0,11,1.2,/mnt/ceph-hdd/workspaces/ws/cidbn_wibral_neuro_nonhuman/u19361-allen-hdd/results/zebra/meso/sub-832700_ses-multiplane-ophys-832700-2026-01-24-12-06-12_ophys/events/VISp_3/trial_0/phase_0/lib_ab4a70858e/lib_ab4a70858e__delay_0.03__dur_0.0.h5
92,0.03,0.2,ab4a70858e,0.10200180113315582,-40.298507462686565,-9.858490566037737,67.51591472682667,14.32,11,32,3,0.9424777960769379,2,4.0,12,1.3,/mnt/ceph-hdd/workspaces/ws/cidbn_wibral_neuro_nonhuman/u19361-allen-hdd/results/zebra/meso/sub-832700_ses-multiplane-ophys-832700-2026-01-24-12-06-12_ophys/events/VISp_3/trial_0/phase_0/lib_ab4a70858e/lib_ab4a70858e__delay_0.03__dur_0.2.h5
93,0.03,0.2,ab4a70858e,0.14022138714790344,-42.089552238805965,2.6886792452830193,157.4840764271708,17.91,10,25,7,2.199114857512855,3,5.0,12,1.3,/mnt/ceph-hdd/workspaces/ws/cidbn_wibral_neuro_nonhuman/u19361-allen-hdd/results/zebra/meso/sub-832700_ses-multiplane-ophys-832700-2026-01-24-12-06-12_ophys/events/VISp_3/trial_0/phase_0/lib_ab4a70858e/lib_ab4a70858e__delay_0.03__dur_0.2.h5
94,0.0,0.2,ab4a70858e,0.14875821769237518,17.014925373134332,-2.6886792452830193,157.4840764271708,21.49,43,28,7,2.199114857512855,4,6.0,3,0.04,/mnt/ceph-hdd/workspaces/ws/cidbn_wibral_neuro_nonhuman/u19361-allen-hdd/results/zebra/meso/sub-832700_ses-multiplane-ophys-832700-2026-01-24-12-06-12_ophys/events/VISp_3/trial_0/phase_0/lib_ab4a70858e/lib_ab4a70858e__delay_0.0__dur_0.2.h5
95,0.15,0.2,ab4a70858e,0.10874685645103455,27.761194029850756,-22.40566037735849,22.515923572829163,14.32,49,39,9,2.827433388230814,2,4.0,12,1.3,/mnt/ceph-hdd/workspaces/ws/cidbn_wibral_neuro_nonhuman/u19361-allen-hdd/results/zebra/meso/sub-832700_ses-multiplane-ophys-832700-2026-01-24-12-06-12_ophys/events/VISp_3/trial_0/phase_0/lib_ab4a70858e/lib_ab4a70858e__delay_0.15__dur_0.2.h5
96,0.15,0.2,ab4a70858e,0.14505136013031006,45.67164179104478,27.783018867924525,157.4840764271708,14.32,59,11,7,2.199114857512855,2,4.0,10,1.1,/mnt/ceph-hdd/workspaces/ws/cidbn_wibral_neuro_nonhuman/u19361-allen-hdd/results/zebra/meso/sub-832700_ses-multiplane-ophys-832700-2026-01-24-12-06-12_ophys/events/VISp_3/trial_0/phase_0/lib_ab4a70858e/lib_ab4a70858e__delay_0.15__dur_0.2.h5
97,0.0,0.2,ab4a70858e,0.13481341302394867,-52.83582089552239,6.273584905660378,67.51591472682667,28.65,4,23,3,0.9424777960769379,5,8.0,12,1.3,/mnt/ceph-hdd/workspaces/ws/cidbn_wibral_neuro_nonhuman/u19361-allen-hdd/results/zebra/meso/sub-832700_ses-multiplane-ophys-832700-2026-01-24-12-06-12_ophys/events/VISp_3/trial_0/phase_0/lib_ab4a70858e/lib_ab4a70858e__delay_0.0__dur_0.2.h5
98,0.12,0.2,ab4a70858e,0.12256371229887009,-34.92537313432835,-6.273584905660378,112.48408527317332,10.74,14,30,5,1.5707963267948966,1,3.0,12,1.3,/mnt/ceph-hdd/workspaces/ws/cidbn_wibral_neuro_nonhuman/u19361-allen-hdd/results/zebra/meso/sub-832700_ses-multiplane-ophys-832700-2026-01-24-12-06-12_ophys/events/VISp_3/trial_0/phase_0/lib_ab4a70858e/lib_ab4a70858e__delay_0.12__dur_0.2.h5
99,0.03,0.2,ab4a70858e,0.14264339208602905,0.8955223880597032,-8.066037735849058,22.515923572829195,21.49,34,31,1,0.3141592653589793,4,6.0,9,0.1,/mnt/ceph-hdd/workspaces/ws/cidbn_wibral_neuro_nonhuman/u19361-allen-hdd/results/zebra/meso/sub-832700_ses-multiplane-ophys-832700-2026-01-24-12-06-12_ophys/events/VISp_3/trial_0/phase_0/lib_ab4a70858e/lib_ab4a70858e__delay_0.03__dur_0.2.h5
