unit_id,delay,duration,lib_id,abs_max_value,x_deg,y_deg,theta_deg,sigma_deg,xi,yi,theta_idx,theta_rad,sigma_idx,sigma,frequency_idx,frequency,source_file
0,0.12,0.0,ab4a70858e,0.11194510012865067,-8.059701492537314,-18.82075471698113,22.515923572829195,21.49,29,37,1,0.3141592653589793,4,6.0,6,0.07,/mnt/ceph-hdd/workspaces/ws/cidbn_wibral_neuro_nonhuman/u19361-allen-hdd/results/zebra/meso/sub-832700_ses-multiplane-ophys-832700-2026-01-24-12-06-12_ophys/events/VISp_3/trial_0/phase_1/lib_ab4a70858e/lib_ab4a70858e__delay_0.12__dur_0.0.h5
1,0.12,0.0,ab4a70858e,0.1083383783698082,-40.298507462686565,-18.82075471698113,0.0,28.65,11,37,0,0.0,5,8.0,8,0.09,/mnt/ceph-hdd/workspaces/ws/cidbn_wibral_neuro_nonhuman/u19361-allen-hdd/results/zebra/meso/sub-832700_ses-multiplane-ophys-832700-2026-01-24-12-06-12_ophys/events/VISp_3/trial_0/phase_1/lib_ab4a70858e/lib_ab4a70858e__delay_0.12__dur_0.0.h5
10,0.15,0.2,ab4a70858e,0.10510915517807007,43.88059701492537,6.273584905660378,0.0,7.16,58,23,0,0.0,0,2.0,11,1.2,/mnt/ceph-hdd/workspaces/ws/cidbn_wibral_neuro_nonhuman/u19361-allen-hdd/results/zebra/meso/sub-832700_ses-multiplane-ophys-832700-2026-01-24-12-06-12_ophys/events/VISp_3/trial_0/phase_1/lib_ab4a70858e/lib_ab4a70858e__delay_0.15__dur_0.2.h5
100,0.12,0.2,ab4a70858e,0.13081596791744232,24.179104477611943,17.02830188679245,157.4840764271708,17.91,47,17,7,2.199114857512855,3,5.0,12,1.3,/mnt/ceph-hdd/workspaces/ws/cidbn_wibral_neuro_nonhuman/u19361-allen-hdd/results/zebra/meso/sub-832700_ses-multiplane-ophys-832700-2026-01-24-12-06-12_ophys/events/VISp_3/trial_0/phase_1/lib_ab4a70858e/lib_ab4a70858e__delay_0.12__dur_0.2.h5
101,0.09,0.0,ab4a70858e,0.11179672926664352,9.85074626865672,-2.6886792452830193,134.9774869247291,21.49,39,28,6,1.8849555921538759,4,6.0,4,0.05,/mnt/ceph-hdd/workspaces/ws/cidbn_wibral_neuro_nonhuman/u19361-allen-hdd/results/zebra/meso/sub-832700_ses-multiplane-ophys-832700-2026-01-24-12-06-12_ophys/events/VISp_3/trial_0/phase_1/lib_ab4a70858e/lib_ab4a70858e__delay_0.09__dur_0.0.h5
102,0.06,0.0,ab4a70858e,0.11504615098237991,4.477611940298516,-22.40566037735849,0.0,10.74,36,39,0,0.0,1,3.0,12,1.3,/mnt/ceph-hdd/workspaces/ws/cidbn_wibral_neuro_nonhuman/u19361-allen-hdd/results/zebra/meso/sub-832700_ses-multiplane-ophys-832700-2026-01-24-12-06-12_ophys/events/VISp_3/trial_0/phase_1/lib_ab4a70858e/lib_ab4a70858e__delay_0.06__dur_0.0.h5
103,0.0,0.2,ab4a70858e,0.1053895428776741,4.477611940298516,-24.19811320754717,22.515923572829195,21.49,36,40,1,0.3141592653589793,4,6.0,6,0.07,/mnt/ceph-hdd/workspaces/ws/cidbn_wibral_neuro_nonhuman/u19361-allen-hdd/results/zebra/meso/sub-832700_ses-multiplane-ophys-832700-2026-01-24-12-06-12_ophys/events/VISp_3/trial_0/phase_1/lib_ab4a70858e/lib_ab4a70858e__delay_0.0__dur_0.2.h5
104,0.15,0.2,ab4a70858e,0.10384255647659302,-13.43283582089552,13.443396226415096,45.02251307527088,10.74,26,19,2,0.6283185307179586,1,3.0,10,1.1,/mnt/ceph-hdd/workspaces/ws/cidbn_wibral_neuro_nonhuman/u19361-allen-hdd/results/zebra/meso/sub-832700_ses-multiplane-ophys-832700-2026-01-24-12-06-12_ophys/events/VISp_3/trial_0/phase_1/lib_ab4a70858e/lib_ab4a70858e__delay_0.15__dur_0.2.h5
105,0.03,0.2,ab4a70858e,0.14541921019554138,-25.970149253731343,31.367924528301884,45.02251307527088,14.32,19,9,2,0.6283185307179586,2,4.0,12,1.3,/mnt/ceph-hdd/workspaces/ws/cidbn_wibral_neuro_nonhuman/u19361-allen-hdd/results/zebra/meso/sub-832700_ses-multiplane-ophys-832700-2026-01-24-12-06-12_ophys/events/VISp_3/trial_0/phase_1/lib_ab4a70858e/lib_ab4a70858e__delay_0.03__dur_0.2.h5
106,0.15,0.0,ab4a70858e,0.1450367420911789,-4.477611940298509,-11.650943396226417,67.51591472682667,7.16,31,33,3,0.9424777960769379,0,2.0,11,1.2,/mnt/ceph-hdd/workspaces/ws/cidbn_wibral_neuro_nonhuman/u19361-allen-hdd/results/zebra/meso/sub-832700_ses-multiplane-ophys-832700-2026-01-24-12-06-12_ophys/events/VISp_3/trial_0/phase_1/lib_ab4a70858e/lib_ab4a70858e__delay_0.15__dur_0.0.h5
107,0.03,0.2,ab4a70858e,0.1696617156267166,2.6865671641791096,0.8962264150943398,22.515923572829195,17.91,35,26,1,0.3141592653589793,3,5.0,9,0.1,/mnt/ceph-hdd/workspaces/ws/cidbn_wibral_neuro_nonhuman/u19361-allen-hdd/results/zebra/meso/sub-832700_ses-multiplane-ophys-832700-2026-01-24-12-06-12_ophys/events/VISp_3/trial_0/phase_1/lib_ab4a70858e/lib_ab4a70858e__delay_0.03__dur_0.2.h5
108,0.03,0.0,ab4a70858e,0.12287960946559906,6.268656716417908,-36.74528301886792,22.515923572829163,10.74,37,47,9,2.827433388230814,1,3.0,10,1.1,/mnt/ceph-hdd/workspaces/ws/cidbn_wibral_neuro_nonhuman/u19361-allen-hdd/results/zebra/meso/sub-832700_ses-multiplane-ophys-832700-2026-01-24-12-06-12_ophys/events/VISp_3/trial_0/phase_1/lib_ab4a70858e/lib_ab4a70858e__delay_0.03__dur_0.0.h5
109,0.12,0.0,ab4a70858e,0.12367774546146393,4.477611940298516,40.33018867924528,112.48408527317332,28.65,36,4,5,1.5707963267948966,5,8.0,11,1.2,/mnt/ceph-hdd/workspaces/ws/cidbn_wibral_neuro_nonhuman/u19361-allen-hdd/results/zebra/meso/sub-832700_ses-multiplane-ophys-832700-2026-01-24-12-06-12_ophys/events/VISp_3/trial_0/phase_1/lib_ab4a70858e/lib_ab4a70858e__delay_0.12__dur_0.0.h5
11,0.12,0.2,ab4a70858e,0.17254801094532013,13.43283582089552,-0.8962264150943398,45.02251307527088,7.16,41,27,2,0.6283185307179586,0,2.0,12,1.3,/mnt/ceph-hdd/workspaces/ws/cidbn_wibral_neuro_nonhuman/u19361-allen-hdd/results/zebra/meso/sub-832700_ses-multiplane-ophys-832700-2026-01-24-12-06-12_ophys/events/VISp_3/trial_0/phase_1/lib_ab4a70858e/lib_ab4a70858e__delay_0.12__dur_0.2.h5
110,0.15,0.0,ab4a70858e,0.12762388586997986,6.268656716417908,8.066037735849058,157.4840764271708,7.16,37,22,7,2.199114857512855,0,2.0,12,1.3,/mnt/ceph-hdd/workspaces/ws/cidbn_wibral_neuro_nonhuman/u19361-allen-hdd/results/zebra/meso/sub-832700_ses-multiplane-ophys-832700-2026-01-24-12-06-12_ophys/events/VISp_3/trial_0/phase_1/lib_ab4a70858e/lib_ab4a70858e__delay_0.15__dur_0.0.h5
111,0.15,0.0,ab4a70858e,0.13892154395580292,9.85074626865672,-6.273584905660378,0.0,14.32,39,30,0,0.0,2,4.0,11,1.2,/mnt/ceph-hdd/workspaces/ws/cidbn_wibral_neuro_nonhuman/u19361-allen-hdd/results/zebra/meso/sub-832700_ses-multiplane-ophys-832700-2026-01-24-12-06-12_ophys/events/VISp_3/trial_0/phase_1/lib_ab4a70858e/lib_ab4a70858e__delay_0.15__dur_0.0.h5
112,0.03,0.2,ab4a70858e,0.12309146672487259,9.85074626865672,-20.61320754716981,0.0,10.74,39,38,0,0.0,1,3.0,11,1.2,/mnt/ceph-hdd/workspaces/ws/cidbn_wibral_neuro_nonhuman/u19361-allen-hdd/results/zebra/meso/sub-832700_ses-multiplane-ophys-832700-2026-01-24-12-06-12_ophys/events/VISp_3/trial_0/phase_1/lib_ab4a70858e/lib_ab4a70858e__delay_0.03__dur_0.2.h5
113,0.0,0.2,ab4a70858e,0.11798619478940964,-0.8955223880596961,-11.650943396226417,90.0,7.16,33,33,4,1.2566370614359172,0,2.0,10,1.1,/mnt/ceph-hdd/workspaces/ws/cidbn_wibral_neuro_nonhuman/u19361-allen-hdd/results/zebra/meso/sub-832700_ses-multiplane-ophys-832700-2026-01-24-12-06-12_ophys/events/VISp_3/trial_0/phase_1/lib_ab4a70858e/lib_ab4a70858e__delay_0.0__dur_0.2.h5
114,0.03,0.2,ab4a70858e,0.15797413885593414,-8.059701492537314,-11.650943396226417,157.4840764271708,10.74,29,33,7,2.199114857512855,1,3.0,5,0.06,/mnt/ceph-hdd/workspaces/ws/cidbn_wibral_neuro_nonhuman/u19361-allen-hdd/results/zebra/meso/sub-832700_ses-multiplane-ophys-832700-2026-01-24-12-06-12_ophys/events/VISp_3/trial_0/phase_1/lib_ab4a70858e/lib_ab4a70858e__delay_0.03__dur_0.2.h5
115,0.0,0.2,ab4a70858e,0.10253959894180298,22.388059701492537,-11.650943396226417,22.515923572829195,7.16,46,33,1,0.3141592653589793,0,2.0,12,1.3,/mnt/ceph-hdd/workspaces/ws/cidbn_wibral_neuro_nonhuman/u19361-allen-hdd/results/zebra/meso/sub-832700_ses-multiplane-ophys-832700-2026-01-24-12-06-12_ophys/events/VISp_3/trial_0/phase_1/lib_ab4a70858e/lib_ab4a70858e__delay_0.0__dur_0.2.h5
116,0.06,0.2,ab4a70858e,0.15629015862941742,-8.059701492537314,-11.650943396226417,157.4840764271708,10.74,29,33,7,2.199114857512855,1,3.0,5,0.06,/mnt/ceph-hdd/workspaces/ws/cidbn_wibral_neuro_nonhuman/u19361-allen-hdd/results/zebra/meso/sub-832700_ses-multiplane-ophys-832700-2026-01-24-12-06-12_ophys/events/VISp_3/trial_0/phase_1/lib_ab4a70858e/lib_ab4a70858e__delay_0.06__dur_0.2.h5
117,0.03,0.2,ab4a70858e,0.2768576741218567,-0.8955223880596961,-0.8962264150943398,0.0,10.74,33,27,0,0.0,1,3.0,2,0.03,/mnt/ceph-hdd/workspaces/ws/cidbn_wibral_neuro_nonhuman/u19361-allen-hdd/results/zebra/meso/sub-832700_ses-multiplane-ophys-832700-2026-01-24-12-06-12_ophys/events/VISp_3/trial_0/phase_1/lib_ab4a70858e/lib_ab4a70858e__delay_0.03__dur_0.2.h5
118,0.12,0.2,ab4a70858e,0.09892204403877258,24.179104477611943,2.6886792452830193,90.0,10.74,47,25,4,1.2566370614359172,1,3.0,11,1.2,/mnt/ceph-hdd/workspaces/ws/cidbn_wibral_neuro_nonhuman/u19361-allen-hdd/results/zebra/meso/sub-832700_ses-multiplane-ophys-832700-2026-01-24-12-06-12_ophys/events/VISp_3/trial_0/phase_1/lib_ab4a70858e/lib_ab4a70858e__delay_0.12__dur_0.2.h5
119,0.0,0.2,ab4a70858e,0.09673754125833511,-31.34328358208955,2.6886792452830193,134.9774869247291,28.65,16,25,6,1.8849555921538759,5,8.0,6,0.07,/mnt/ceph-hdd/workspaces/ws/cidbn_wibral_neuro_nonhuman/u19361-allen-hdd/results/zebra/meso/sub-832700_ses-multiplane-ophys-832700-2026-01-24-12-06-12_ophys/events/VISp_3/trial_0/phase_1/lib_ab4a70858e/lib_ab4a70858e__delay_0.0__dur_0.2.h5
12,0.15,0.0,ab4a70858e,0.13245746493339539,13.43283582089552,0.8962264150943398,67.51591472682667,28.65,41,26,3,0.9424777960769379,5,8.0,9,0.1,/mnt/ceph-hdd/workspaces/ws/cidbn_wibral_neuro_nonhuman/u19361-allen-hdd/results/zebra/meso/sub-832700_ses-multiplane-ophys-832700-2026-01-24-12-06-12_ophys/events/VISp_3/trial_0/phase_1/lib_ab4a70858e/lib_ab4a70858e__delay_0.15__dur_0.0.h5
120,0.09,0.2,ab4a70858e,0.09548920392990112,-6.268656716417908,40.33018867924528,180.0,7.16,30,4,8,2.5132741228718345,0,2.0,12,1.3,/mnt/ceph-hdd/workspaces/ws/cidbn_wibral_neuro_nonhuman/u19361-allen-hdd/results/zebra/meso/sub-832700_ses-multiplane-ophys-832700-2026-01-24-12-06-12_ophys/events/VISp_3/trial_0/phase_1/lib_ab4a70858e/lib_ab4a70858e__delay_0.09__dur_0.2.h5
121,0.15,0.0,ab4a70858e,0.10319796949625015,-6.268656716417908,0.8962264150943398,157.4840764271708,7.16,30,26,7,2.199114857512855,0,2.0,12,1.3,/mnt/ceph-hdd/workspaces/ws/cidbn_wibral_neuro_nonhuman/u19361-allen-hdd/results/zebra/meso/sub-832700_ses-multiplane-ophys-832700-2026-01-24-12-06-12_ophys/events/VISp_3/trial_0/phase_1/lib_ab4a70858e/lib_ab4a70858e__delay_0.15__dur_0.0.h5
122,0.06,0.2,ab4a70858e,0.13111820816993713,-29.55223880597015,29.575471698113205,45.02251307527088,14.32,17,10,2,0.6283185307179586,2,4.0,12,1.3,/mnt/ceph-hdd/workspaces/ws/cidbn_wibral_neuro_nonhuman/u19361-allen-hdd/results/zebra/meso/sub-832700_ses-multiplane-ophys-832700-2026-01-24-12-06-12_ophys/events/VISp_3/trial_0/phase_1/lib_ab4a70858e/lib_ab4a70858e__delay_0.06__dur_0.2.h5
123,0.03,0.0,ab4a70858e,0.1249929666519165,25.97014925373135,-20.61320754716981,67.51591472682667,7.16,48,38,3,0.9424777960769379,0,2.0,10,1.1,/mnt/ceph-hdd/workspaces/ws/cidbn_wibral_neuro_nonhuman/u19361-allen-hdd/results/zebra/meso/sub-832700_ses-multiplane-ophys-832700-2026-01-24-12-06-12_ophys/events/VISp_3/trial_0/phase_1/lib_ab4a70858e/lib_ab4a70858e__delay_0.03__dur_0.0.h5
124,0.0,0.2,ab4a70858e,0.12935945391654968,-2.6865671641791025,-11.650943396226417,45.02251307527088,7.16,32,33,2,0.6283185307179586,0,2.0,11,1.2,/mnt/ceph-hdd/workspaces/ws/cidbn_wibral_neuro_nonhuman/u19361-allen-hdd/results/zebra/meso/sub-832700_ses-multiplane-ophys-832700-2026-01-24-12-06-12_ophys/events/VISp_3/trial_0/phase_1/lib_ab4a70858e/lib_ab4a70858e__delay_0.0__dur_0.2.h5
125,0.12,0.2,ab4a70858e,0.13769958913326263,-22.388059701492537,6.273584905660378,157.4840764271708,10.74,21,23,7,2.199114857512855,1,3.0,12,1.3,/mnt/ceph-hdd/workspaces/ws/cidbn_wibral_neuro_nonhuman/u19361-allen-hdd/results/zebra/meso/sub-832700_ses-multiplane-ophys-832700-2026-01-24-12-06-12_ophys/events/VISp_3/trial_0/phase_1/lib_ab4a70858e/lib_ab4a70858e__delay_0.12__dur_0.2.h5
126,0.03,0.2,ab4a70858e,0.10546834021806717,-38.507462686567166,25.990566037735846,67.51591472682667,28.65,12,12,3,0.9424777960769379,5,8.0,10,1.1,/mnt/ceph-hdd/workspaces/ws/cidbn_wibral_neuro_nonhuman/u19361-allen-hdd/results/zebra/meso/sub-832700_ses-multiplane-ophys-832700-2026-01-24-12-06-12_ophys/events/VISp_3/trial_0/phase_1/lib_ab4a70858e/lib_ab4a70858e__delay_0.03__dur_0.2.h5
127,0.06,0.0,ab4a70858e,0.16522470116615295,38.507462686567166,27.783018867924525,112.48408527317332,28.65,55,11,5,1.5707963267948966,5,8.0,12,1.3,/mnt/ceph-hdd/workspaces/ws/cidbn_wibral_neuro_nonhuman/u19361-allen-hdd/results/zebra/meso/sub-832700_ses-multiplane-ophys-832700-2026-01-24-12-06-12_ophys/events/VISp_3/trial_0/phase_1/lib_ab4a70858e/lib_ab4a70858e__delay_0.06__dur_0.0.h5
128,0.06,0.2,ab4a70858e,0.16114352643489838,-18.80597014925373,2.6886792452830193,157.4840764271708,17.91,23,25,7,2.199114857512855,3,5.0,12,1.3,/mnt/ceph-hdd/workspaces/ws/cidbn_wibral_neuro_nonhuman/u19361-allen-hdd/results/zebra/meso/sub-832700_ses-multiplane-ophys-832700-2026-01-24-12-06-12_ophys/events/VISp_3/trial_0/phase_1/lib_ab4a70858e/lib_ab4a70858e__delay_0.06__dur_0.2.h5
129,0.12,0.2,ab4a70858e,0.12045085430145264,36.71641791044776,27.783018867924525,180.0,7.16,54,11,8,2.5132741228718345,0,2.0,10,1.1,/mnt/ceph-hdd/workspaces/ws/cidbn_wibral_neuro_nonhuman/u19361-allen-hdd/results/zebra/meso/sub-832700_ses-multiplane-ophys-832700-2026-01-24-12-06-12_ophys/events/VISp_3/trial_0/phase_1/lib_ab4a70858e/lib_ab4a70858e__delay_0.12__dur_0.2.h5
13,0.06,0.2,ab4a70858e,0.12809331715106964,11.641791044776127,-8.066037735849058,90.0,14.32,40,31,4,1.2566370614359172,2,4.0,5,0.06,/mnt/ceph-hdd/workspaces/ws/cidbn_wibral_neuro_nonhuman/u19361-allen-hdd/results/zebra/meso/sub-832700_ses-multiplane-ophys-832700-2026-01-24-12-06-12_ophys/events/VISp_3/trial_0/phase_1/lib_ab4a70858e/lib_ab4a70858e__delay_0.06__dur_0.2.h5
130,0.03,0.2,ab4a70858e,0.23534810543060303,0.8955223880597032,-11.650943396226417,22.515923572829195,14.32,34,33,1,0.3141592653589793,2,4.0,9,0.1,/mnt/ceph-hdd/workspaces/ws/cidbn_wibral_neuro_nonhuman/u19361-allen-hdd/results/zebra/meso/sub-832700_ses-multiplane-ophys-832700-2026-01-24-12-06-12_ophys/events/VISp_3/trial_0/phase_1/lib_ab4a70858e/lib_ab4a70858e__delay_0.03__dur_0.2.h5
131,0.03,0.2,ab4a70858e,0.1437196135520935,-11.64179104477612,-17.028301886792452,90.0,7.16,27,36,4,1.2566370614359172,0,2.0,10,1.1,/mnt/ceph-hdd/workspaces/ws/cidbn_wibral_neuro_nonhuman/u19361-allen-hdd/results/zebra/meso/sub-832700_ses-multiplane-ophys-832700-2026-01-24-12-06-12_ophys/events/VISp_3/trial_0/phase_1/lib_ab4a70858e/lib_ab4a70858e__delay_0.03__dur_0.2.h5
132,0.12,0.2,ab4a70858e,0.1295223981142044,-4.477611940298509,31.367924528301884,0.0,14.32,31,9,0,0.0,2,4.0,11,1.2,/mnt/ceph-hdd/workspaces/ws/cidbn_wibral_neuro_nonhuman/u19361-allen-hdd/results/zebra/meso/sub-832700_ses-multiplane-ophys-832700-2026-01-24-12-06-12_ophys/events/VISp_3/trial_0/phase_1/lib_ab4a70858e/lib_ab4a70858e__delay_0.12__dur_0.2.h5
133,0.12,0.0,ab4a70858e,0.10262331366539001,0.8955223880597032,-9.858490566037737,67.51591472682667,7.16,34,32,3,0.9424777960769379,0,2.0,11,1.2,/mnt/ceph-hdd/workspaces/ws/cidbn_wibral_neuro_nonhuman/u19361-allen-hdd/results/zebra/meso/sub-832700_ses-multiplane-ophys-832700-2026-01-24-12-06-12_ophys/events/VISp_3/trial_0/phase_1/lib_ab4a70858e/lib_ab4a70858e__delay_0.12__dur_0.0.h5
134,0.15,0.2,ab4a70858e,0.11095758527517319,-49.25373134328358,29.575471698113205,134.9774869247291,14.32,6,10,6,1.8849555921538759,2,4.0,11,1.2,/mnt/ceph-hdd/workspaces/ws/cidbn_wibral_neuro_nonhuman/u19361-allen-hdd/results/zebra/meso/sub-832700_ses-multiplane-ophys-832700-2026-01-24-12-06-12_ophys/events/VISp_3/trial_0/phase_1/lib_ab4a70858e/lib_ab4a70858e__delay_0.15__dur_0.2.h5
135,0.15,0.2,ab4a70858e,0.11654678732156754,-4.477611940298509,-9.858490566037737,180.0,17.91,31,32,8,2.5132741228718345,3,5.0,12,1.3,/mnt/ceph-hdd/workspaces/ws/cidbn_wibral_neuro_nonhuman/u19361-allen-hdd/results/zebra/meso/sub-832700_ses-multiplane-ophys-832700-2026-01-24-12-06-12_ophys/events/VISp_3/trial_0/phase_1/lib_ab4a70858e/lib_ab4a70858e__delay_0.15__dur_0.2.h5
136,0.03,0.2,ab4a70858e,0.16078822314739227,-6.268656716417908,-0.8962264150943398,0.0,17.91,30,27,0,0.0,3,5.0,6,0.07,/mnt/ceph-hdd/workspaces/ws/cidbn_wibral_neuro_nonhuman/u19361-allen-hdd/results/zebra/meso/sub-832700_ses-multiplane-ophys-832700-2026-01-24-12-06-12_ophys/events/VISp_3/trial_0/phase_1/lib_ab4a70858e/lib_ab4a70858e__delay_0.03__dur_0.2.h5
137,0.06,0.0,ab4a70858e,0.10654683411121368,25.97014925373135,-29.57547169811321,22.515923572829195,21.49,48,43,1,0.3141592653589793,4,6.0,9,0.1,/mnt/ceph-hdd/workspaces/ws/cidbn_wibral_neuro_nonhuman/u19361-allen-hdd/results/zebra/meso/sub-832700_ses-multiplane-ophys-832700-2026-01-24-12-06-12_ophys/events/VISp_3/trial_0/phase_1/lib_ab4a70858e/lib_ab4a70858e__delay_0.06__dur_0.0.h5
138,0.03,0.0,ab4a70858e,0.14450563490390778,51.04477611940298,2.6886792452830193,90.0,14.32,62,25,4,1.2566370614359172,2,4.0,11,1.2,/mnt/ceph-hdd/workspaces/ws/cidbn_wibral_neuro_nonhuman/u19361-allen-hdd/results/zebra/meso/sub-832700_ses-multiplane-ophys-832700-2026-01-24-12-06-12_ophys/events/VISp_3/trial_0/phase_1/lib_ab4a70858e/lib_ab4a70858e__delay_0.03__dur_0.0.h5
139,0.12,0.0,ab4a70858e,0.10585539788007736,25.97014925373135,-11.650943396226417,67.51591472682667,14.32,48,33,3,0.9424777960769379,2,4.0,10,1.1,/mnt/ceph-hdd/workspaces/ws/cidbn_wibral_neuro_nonhuman/u19361-allen-hdd/results/zebra/meso/sub-832700_ses-multiplane-ophys-832700-2026-01-24-12-06-12_ophys/events/VISp_3/trial_0/phase_1/lib_ab4a70858e/lib_ab4a70858e__delay_0.12__dur_0.0.h5
14,0.15,0.0,ab4a70858e,0.11550837755203247,-0.8955223880596961,2.6886792452830193,45.02251307527088,21.49,33,25,2,0.6283185307179586,4,6.0,1,0.02,/mnt/ceph-hdd/workspaces/ws/cidbn_wibral_neuro_nonhuman/u19361-allen-hdd/results/zebra/meso/sub-832700_ses-multiplane-ophys-832700-2026-01-24-12-06-12_ophys/events/VISp_3/trial_0/phase_1/lib_ab4a70858e/lib_ab4a70858e__delay_0.15__dur_0.0.h5
140,0.03,0.2,ab4a70858e,0.135666161775589,-6.268656716417908,-9.858490566037737,157.4840764271708,10.74,30,32,7,2.199114857512855,1,3.0,3,0.04,/mnt/ceph-hdd/workspaces/ws/cidbn_wibral_neuro_nonhuman/u19361-allen-hdd/results/zebra/meso/sub-832700_ses-multiplane-ophys-832700-2026-01-24-12-06-12_ophys/events/VISp_3/trial_0/phase_1/lib_ab4a70858e/lib_ab4a70858e__delay_0.03__dur_0.2.h5
141,0.09,0.0,ab4a70858e,0.17242924869060516,-0.8955223880596961,-9.858490566037737,180.0,21.49,33,32,8,2.5132741228718345,4,6.0,7,0.08,/mnt/ceph-hdd/workspaces/ws/cidbn_wibral_neuro_nonhuman/u19361-allen-hdd/results/zebra/meso/sub-832700_ses-multiplane-ophys-832700-2026-01-24-12-06-12_ophys/events/VISp_3/trial_0/phase_1/lib_ab4a70858e/lib_ab4a70858e__delay_0.09__dur_0.0.h5
142,0.09,0.0,ab4a70858e,0.10164093226194382,31.343283582089555,-22.40566037735849,157.4840764271708,14.32,51,39,7,2.199114857512855,2,4.0,12,1.3,/mnt/ceph-hdd/workspaces/ws/cidbn_wibral_neuro_nonhuman/u19361-allen-hdd/results/zebra/meso/sub-832700_ses-multiplane-ophys-832700-2026-01-24-12-06-12_ophys/events/VISp_3/trial_0/phase_1/lib_ab4a70858e/lib_ab4a70858e__delay_0.09__dur_0.0.h5
143,0.15,0.2,ab4a70858e,0.12821964919567108,20.59701492537313,22.405660377358487,157.4840764271708,10.74,45,14,7,2.199114857512855,1,3.0,12,1.3,/mnt/ceph-hdd/workspaces/ws/cidbn_wibral_neuro_nonhuman/u19361-allen-hdd/results/zebra/meso/sub-832700_ses-multiplane-ophys-832700-2026-01-24-12-06-12_ophys/events/VISp_3/trial_0/phase_1/lib_ab4a70858e/lib_ab4a70858e__delay_0.15__dur_0.2.h5
144,0.0,0.2,ab4a70858e,0.09786141663789749,47.462686567164184,-2.6886792452830193,22.515923572829195,17.91,60,28,1,0.3141592653589793,3,5.0,10,1.1,/mnt/ceph-hdd/workspaces/ws/cidbn_wibral_neuro_nonhuman/u19361-allen-hdd/results/zebra/meso/sub-832700_ses-multiplane-ophys-832700-2026-01-24-12-06-12_ophys/events/VISp_3/trial_0/phase_1/lib_ab4a70858e/lib_ab4a70858e__delay_0.0__dur_0.2.h5
145,0.0,0.2,ab4a70858e,0.11753278970718384,-17.014925373134325,-11.650943396226417,45.02251307527088,10.74,24,33,2,0.6283185307179586,1,3.0,11,1.2,/mnt/ceph-hdd/workspaces/ws/cidbn_wibral_neuro_nonhuman/u19361-allen-hdd/results/zebra/meso/sub-832700_ses-multiplane-ophys-832700-2026-01-24-12-06-12_ophys/events/VISp_3/trial_0/phase_1/lib_ab4a70858e/lib_ab4a70858e__delay_0.0__dur_0.2.h5
146,0.12,0.0,ab4a70858e,0.09499599784612656,-13.43283582089552,-33.160377358490564,22.515923572829163,10.74,26,45,9,2.827433388230814,1,3.0,12,1.3,/mnt/ceph-hdd/workspaces/ws/cidbn_wibral_neuro_nonhuman/u19361-allen-hdd/results/zebra/meso/sub-832700_ses-multiplane-ophys-832700-2026-01-24-12-06-12_ophys/events/VISp_3/trial_0/phase_1/lib_ab4a70858e/lib_ab4a70858e__delay_0.12__dur_0.0.h5
147,0.06,0.2,ab4a70858e,0.1451372355222702,-25.970149253731343,29.575471698113205,45.02251307527088,21.49,19,10,2,0.6283185307179586,4,6.0,12,1.3,/mnt/ceph-hdd/workspaces/ws/cidbn_wibral_neuro_nonhuman/u19361-allen-hdd/results/zebra/meso/sub-832700_ses-multiplane-ophys-832700-2026-01-24-12-06-12_ophys/events/VISp_3/trial_0/phase_1/lib_ab4a70858e/lib_ab4a70858e__delay_0.06__dur_0.2.h5
148,0.12,0.0,ab4a70858e,0.11983193457126617,-9.850746268656714,-6.273584905660378,67.51591472682667,10.74,28,30,3,0.9424777960769379,1,3.0,2,0.03,/mnt/ceph-hdd/workspaces/ws/cidbn_wibral_neuro_nonhuman/u19361-allen-hdd/results/zebra/meso/sub-832700_ses-multiplane-ophys-832700-2026-01-24-12-06-12_ophys/events/VISp_3/trial_0/phase_1/lib_ab4a70858e/lib_ab4a70858e__delay_0.12__dur_0.0.h5
149,0.15,0.0,ab4a70858e,0.09961821883916855,-29.55223880597015,-38.5377358490566,180.0,7.16,17,48,8,2.5132741228718345,0,2.0,10,1.1,/mnt/ceph-hdd/workspaces/ws/cidbn_wibral_neuro_nonhuman/u19361-allen-hdd/results/zebra/meso/sub-832700_ses-multiplane-ophys-832700-2026-01-24-12-06-12_ophys/events/VISp_3/trial_0/phase_1/lib_ab4a70858e/lib_ab4a70858e__delay_0.15__dur_0.0.h5
15,0.0,0.2,ab4a70858e,0.2066618800163269,4.477611940298516,-0.8962264150943398,45.02251307527088,10.74,36,27,2,0.6283185307179586,1,3.0,1,0.02,/mnt/ceph-hdd/workspaces/ws/cidbn_wibral_neuro_nonhuman/u19361-allen-hdd/results/zebra/meso/sub-832700_ses-multiplane-ophys-832700-2026-01-24-12-06-12_ophys/events/VISp_3/trial_0/phase_1/lib_ab4a70858e/lib_ab4a70858e__delay_0.0__dur_0.2.h5
150,0.06,0.0,ab4a70858e,0.1223006471991539,-33.134328358208954,-31.367924528301888,157.4840764271708,10.74,15,44,7,2.199114857512855,1,3.0,10,1.1,/mnt/ceph-hdd/workspaces/ws/cidbn_wibral_neuro_nonhuman/u19361-allen-hdd/results/zebra/meso/sub-832700_ses-multiplane-ophys-832700-2026-01-24-12-06-12_ophys/events/VISp_3/trial_0/phase_1/lib_ab4a70858e/lib_ab4a70858e__delay_0.06__dur_0.0.h5
151,0.03,0.2,ab4a70858e,0.12290835380554199,11.641791044776127,-36.74528301886792,45.02251307527088,10.74,40,47,2,0.6283185307179586,1,3.0,12,1.3,/mnt/ceph-hdd/workspaces/ws/cidbn_wibral_neuro_nonhuman/u19361-allen-hdd/results/zebra/meso/sub-832700_ses-multiplane-ophys-832700-2026-01-24-12-06-12_ophys/events/VISp_3/trial_0/phase_1/lib_ab4a70858e/lib_ab4a70858e__delay_0.03__dur_0.2.h5
152,0.0,0.0,ab4a70858e,0.11688637733459473,-8.059701492537314,25.990566037735846,22.515923572829163,7.16,29,12,9,2.827433388230814,0,2.0,10,1.1,/mnt/ceph-hdd/workspaces/ws/cidbn_wibral_neuro_nonhuman/u19361-allen-hdd/results/zebra/meso/sub-832700_ses-multiplane-ophys-832700-2026-01-24-12-06-12_ophys/events/VISp_3/trial_0/phase_1/lib_ab4a70858e/lib_ab4a70858e__delay_0.0__dur_0.0.h5
153,0.0,0.0,ab4a70858e,0.10683372616767883,-17.014925373134325,20.613207547169807,157.4840764271708,17.91,24,15,7,2.199114857512855,3,5.0,12,1.3,/mnt/ceph-hdd/workspaces/ws/cidbn_wibral_neuro_nonhuman/u19361-allen-hdd/results/zebra/meso/sub-832700_ses-multiplane-ophys-832700-2026-01-24-12-06-12_ophys/events/VISp_3/trial_0/phase_1/lib_ab4a70858e/lib_ab4a70858e__delay_0.0__dur_0.0.h5
154,0.03,0.2,ab4a70858e,0.1046024039387703,-13.43283582089552,24.198113207547166,180.0,14.32,26,13,8,2.5132741228718345,2,4.0,12,1.3,/mnt/ceph-hdd/workspaces/ws/cidbn_wibral_neuro_nonhuman/u19361-allen-hdd/results/zebra/meso/sub-832700_ses-multiplane-ophys-832700-2026-01-24-12-06-12_ophys/events/VISp_3/trial_0/phase_1/lib_ab4a70858e/lib_ab4a70858e__delay_0.03__dur_0.2.h5
155,0.03,0.2,ab4a70858e,0.11430211365222931,-18.80597014925373,-9.858490566037737,112.48408527317332,17.91,23,32,5,1.5707963267948966,3,5.0,9,0.1,/mnt/ceph-hdd/workspaces/ws/cidbn_wibral_neuro_nonhuman/u19361-allen-hdd/results/zebra/meso/sub-832700_ses-multiplane-ophys-832700-2026-01-24-12-06-12_ophys/events/VISp_3/trial_0/phase_1/lib_ab4a70858e/lib_ab4a70858e__delay_0.03__dur_0.2.h5
156,0.03,0.0,ab4a70858e,0.0982438251376152,-27.761194029850742,24.198113207547166,180.0,7.16,18,13,8,2.5132741228718345,0,2.0,11,1.2,/mnt/ceph-hdd/workspaces/ws/cidbn_wibral_neuro_nonhuman/u19361-allen-hdd/results/zebra/meso/sub-832700_ses-multiplane-ophys-832700-2026-01-24-12-06-12_ophys/events/VISp_3/trial_0/phase_1/lib_ab4a70858e/lib_ab4a70858e__delay_0.03__dur_0.0.h5
157,0.03,0.2,ab4a70858e,0.19269618391990662,2.6865671641791096,-9.858490566037737,180.0,14.32,35,32,8,2.5132741228718345,2,4.0,9,0.1,/mnt/ceph-hdd/workspaces/ws/cidbn_wibral_neuro_nonhuman/u19361-allen-hdd/results/zebra/meso/sub-832700_ses-multiplane-ophys-832700-2026-01-24-12-06-12_ophys/events/VISp_3/trial_0/phase_1/lib_ab4a70858e/lib_ab4a70858e__delay_0.03__dur_0.2.h5
158,0.06,0.0,ab4a70858e,0.11090920120477676,2.6865671641791096,11.650943396226417,45.02251307527088,28.65,35,20,2,0.6283185307179586,5,8.0,11,1.2,/mnt/ceph-hdd/workspaces/ws/cidbn_wibral_neuro_nonhuman/u19361-allen-hdd/results/zebra/meso/sub-832700_ses-multiplane-ophys-832700-2026-01-24-12-06-12_ophys/events/VISp_3/trial_0/phase_1/lib_ab4a70858e/lib_ab4a70858e__delay_0.06__dur_0.0.h5
159,0.03,0.0,ab4a70858e,0.16386063396930695,-17.014925373134325,-24.19811320754717,180.0,17.91,24,40,8,2.5132741228718345,3,5.0,12,1.3,/mnt/ceph-hdd/workspaces/ws/cidbn_wibral_neuro_nonhuman/u19361-allen-hdd/results/zebra/meso/sub-832700_ses-multiplane-ophys-832700-2026-01-24-12-06-12_ophys/events/VISp_3/trial_0/phase_1/lib_ab4a70858e/lib_ab4a70858e__delay_0.03__dur_0.0.h5
16,0.09,0.0,ab4a70858e,0.14017602801322937,4.477611940298516,-6.273584905660378,112.48408527317332,14.32,36,30,5,1.5707963267948966,2,4.0,8,0.09,/mnt/ceph-hdd/workspaces/ws/cidbn_wibral_neuro_nonhuman/u19361-allen-hdd/results/zebra/meso/sub-832700_ses-multiplane-ophys-832700-2026-01-24-12-06-12_ophys/events/VISp_3/trial_0/phase_1/lib_ab4a70858e/lib_ab4a70858e__delay_0.09__dur_0.0.h5
160,0.03,0.2,ab4a70858e,0.12641645967960358,-4.477611940298509,-0.8962264150943398,22.515923572829195,17.91,31,27,1,0.3141592653589793,3,5.0,3,0.04,/mnt/ceph-hdd/workspaces/ws/cidbn_wibral_neuro_nonhuman/u19361-allen-hdd/results/zebra/meso/sub-832700_ses-multiplane-ophys-832700-2026-01-24-12-06-12_ophys/events/VISp_3/trial_0/phase_1/lib_ab4a70858e/lib_ab4a70858e__delay_0.03__dur_0.2.h5
161,0.03,0.0,ab4a70858e,0.11816869676113129,-4.477611940298509,38.5377358490566,45.02251307527088,17.91,31,5,2,0.6283185307179586,3,5.0,10,1.1,/mnt/ceph-hdd/workspaces/ws/cidbn_wibral_neuro_nonhuman/u19361-allen-hdd/results/zebra/meso/sub-832700_ses-multiplane-ophys-832700-2026-01-24-12-06-12_ophys/events/VISp_3/trial_0/phase_1/lib_ab4a70858e/lib_ab4a70858e__delay_0.03__dur_0.0.h5
162,0.09,0.0,ab4a70858e,0.15473684668540955,0.8955223880597032,-13.443396226415096,180.0,17.91,34,34,8,2.5132741228718345,3,5.0,3,0.04,/mnt/ceph-hdd/workspaces/ws/cidbn_wibral_neuro_nonhuman/u19361-allen-hdd/results/zebra/meso/sub-832700_ses-multiplane-ophys-832700-2026-01-24-12-06-12_ophys/events/VISp_3/trial_0/phase_1/lib_ab4a70858e/lib_ab4a70858e__delay_0.09__dur_0.0.h5
163,0.06,0.2,ab4a70858e,0.11643246561288834,-18.80597014925373,11.650943396226417,67.51591472682667,10.74,23,20,3,0.9424777960769379,1,3.0,10,1.1,/mnt/ceph-hdd/workspaces/ws/cidbn_wibral_neuro_nonhuman/u19361-allen-hdd/results/zebra/meso/sub-832700_ses-multiplane-ophys-832700-2026-01-24-12-06-12_ophys/events/VISp_3/trial_0/phase_1/lib_ab4a70858e/lib_ab4a70858e__delay_0.06__dur_0.2.h5
164,0.09,0.2,ab4a70858e,0.10387539118528366,6.268656716417908,15.235849056603776,112.48408527317332,10.74,37,18,5,1.5707963267948966,1,3.0,11,1.2,/mnt/ceph-hdd/workspaces/ws/cidbn_wibral_neuro_nonhuman/u19361-allen-hdd/results/zebra/meso/sub-832700_ses-multiplane-ophys-832700-2026-01-24-12-06-12_ophys/events/VISp_3/trial_0/phase_1/lib_ab4a70858e/lib_ab4a70858e__delay_0.09__dur_0.2.h5
165,0.12,0.2,ab4a70858e,0.10607685148715973,0.8955223880597032,-25.99056603773585,45.02251307527088,7.16,34,41,2,0.6283185307179586,0,2.0,11,1.2,/mnt/ceph-hdd/workspaces/ws/cidbn_wibral_neuro_nonhuman/u19361-allen-hdd/results/zebra/meso/sub-832700_ses-multiplane-ophys-832700-2026-01-24-12-06-12_ophys/events/VISp_3/trial_0/phase_1/lib_ab4a70858e/lib_ab4a70858e__delay_0.12__dur_0.2.h5
166,0.0,0.2,ab4a70858e,0.12219731509685516,-9.850746268656714,-13.443396226415096,45.02251307527088,10.74,28,34,2,0.6283185307179586,1,3.0,12,1.3,/mnt/ceph-hdd/workspaces/ws/cidbn_wibral_neuro_nonhuman/u19361-allen-hdd/results/zebra/meso/sub-832700_ses-multiplane-ophys-832700-2026-01-24-12-06-12_ophys/events/VISp_3/trial_0/phase_1/lib_ab4a70858e/lib_ab4a70858e__delay_0.0__dur_0.2.h5
167,0.09,0.2,ab4a70858e,0.13395942747592926,-27.761194029850742,40.33018867924528,45.02251307527088,28.65,18,4,2,0.6283185307179586,5,8.0,12,1.3,/mnt/ceph-hdd/workspaces/ws/cidbn_wibral_neuro_nonhuman/u19361-allen-hdd/results/zebra/meso/sub-832700_ses-multiplane-ophys-832700-2026-01-24-12-06-12_ophys/events/VISp_3/trial_0/phase_1/lib_ab4a70858e/lib_ab4a70858e__delay_0.09__dur_0.2.h5
168,0.0,0.2,ab4a70858e,0.1294029802083969,-4.477611940298509,-11.650943396226417,90.0,10.74,31,33,4,1.2566370614359172,1,3.0,5,0.06,/mnt/ceph-hdd/workspaces/ws/cidbn_wibral_neuro_nonhuman/u19361-allen-hdd/results/zebra/meso/sub-832700_ses-multiplane-ophys-832700-2026-01-24-12-06-12_ophys/events/VISp_3/trial_0/phase_1/lib_ab4a70858e/lib_ab4a70858e__delay_0.0__dur_0.2.h5
169,0.0,0.2,ab4a70858e,0.10767509788274765,-9.850746268656714,-6.273584905660378,0.0,7.16,28,30,0,0.0,0,2.0,7,0.08,/mnt/ceph-hdd/workspaces/ws/cidbn_wibral_neuro_nonhuman/u19361-allen-hdd/results/zebra/meso/sub-832700_ses-multiplane-ophys-832700-2026-01-24-12-06-12_ophys/events/VISp_3/trial_0/phase_1/lib_ab4a70858e/lib_ab4a70858e__delay_0.0__dur_0.2.h5
17,0.15,0.0,ab4a70858e,0.10084037482738495,40.29850746268657,27.783018867924525,45.02251307527088,7.16,56,11,2,0.6283185307179586,0,2.0,12,1.3,/mnt/ceph-hdd/workspaces/ws/cidbn_wibral_neuro_nonhuman/u19361-allen-hdd/results/zebra/meso/sub-832700_ses-multiplane-ophys-832700-2026-01-24-12-06-12_ophys/events/VISp_3/trial_0/phase_1/lib_ab4a70858e/lib_ab4a70858e__delay_0.15__dur_0.0.h5
170,0.09,0.2,ab4a70858e,0.09185397624969482,6.268656716417908,-45.70754716981132,134.9774869247291,28.65,37,52,6,1.8849555921538759,5,8.0,10,1.1,/mnt/ceph-hdd/workspaces/ws/cidbn_wibral_neuro_nonhuman/u19361-allen-hdd/results/zebra/meso/sub-832700_ses-multiplane-ophys-832700-2026-01-24-12-06-12_ophys/events/VISp_3/trial_0/phase_1/lib_ab4a70858e/lib_ab4a70858e__delay_0.09__dur_0.2.h5
171,0.12,0.2,ab4a70858e,0.10561538487672806,17.014925373134332,20.613207547169807,134.9774869247291,10.74,43,15,6,1.8849555921538759,1,3.0,11,1.2,/mnt/ceph-hdd/workspaces/ws/cidbn_wibral_neuro_nonhuman/u19361-allen-hdd/results/zebra/meso/sub-832700_ses-multiplane-ophys-832700-2026-01-24-12-06-12_ophys/events/VISp_3/trial_0/phase_1/lib_ab4a70858e/lib_ab4a70858e__delay_0.12__dur_0.2.h5
172,0.12,0.2,ab4a70858e,0.20123019814491272,29.55223880597015,22.405660377358487,157.4840764271708,17.91,50,14,7,2.199114857512855,3,5.0,12,1.3,/mnt/ceph-hdd/workspaces/ws/cidbn_wibral_neuro_nonhuman/u19361-allen-hdd/results/zebra/meso/sub-832700_ses-multiplane-ophys-832700-2026-01-24-12-06-12_ophys/events/VISp_3/trial_0/phase_1/lib_ab4a70858e/lib_ab4a70858e__delay_0.12__dur_0.2.h5
173,0.06,0.0,ab4a70858e,0.15319935977458954,-9.850746268656714,-6.273584905660378,112.48408527317332,17.91,28,30,5,1.5707963267948966,3,5.0,3,0.04,/mnt/ceph-hdd/workspaces/ws/cidbn_wibral_neuro_nonhuman/u19361-allen-hdd/results/zebra/meso/sub-832700_ses-multiplane-ophys-832700-2026-01-24-12-06-12_ophys/events/VISp_3/trial_0/phase_1/lib_ab4a70858e/lib_ab4a70858e__delay_0.06__dur_0.0.h5
174,0.06,0.2,ab4a70858e,0.12315355986356735,-4.477611940298509,-9.858490566037737,157.4840764271708,14.32,31,32,7,2.199114857512855,2,4.0,4,0.05,/mnt/ceph-hdd/workspaces/ws/cidbn_wibral_neuro_nonhuman/u19361-allen-hdd/results/zebra/meso/sub-832700_ses-multiplane-ophys-832700-2026-01-24-12-06-12_ophys/events/VISp_3/trial_0/phase_1/lib_ab4a70858e/lib_ab4a70858e__delay_0.06__dur_0.2.h5
175,0.0,0.2,ab4a70858e,0.11963881552219391,-4.477611940298509,-13.443396226415096,67.51591472682667,10.74,31,34,3,0.9424777960769379,1,3.0,5,0.06,/mnt/ceph-hdd/workspaces/ws/cidbn_wibral_neuro_nonhuman/u19361-allen-hdd/results/zebra/meso/sub-832700_ses-multiplane-ophys-832700-2026-01-24-12-06-12_ophys/events/VISp_3/trial_0/phase_1/lib_ab4a70858e/lib_ab4a70858e__delay_0.0__dur_0.2.h5
176,0.12,0.2,ab4a70858e,0.10959943383932114,-54.62686567164179,-40.33018867924528,90.0,7.16,3,49,4,1.2566370614359172,0,2.0,11,1.2,/mnt/ceph-hdd/workspaces/ws/cidbn_wibral_neuro_nonhuman/u19361-allen-hdd/results/zebra/meso/sub-832700_ses-multiplane-ophys-832700-2026-01-24-12-06-12_ophys/events/VISp_3/trial_0/phase_1/lib_ab4a70858e/lib_ab4a70858e__delay_0.12__dur_0.2.h5
177,0.06,0.2,ab4a70858e,0.10143457353115082,45.67164179104478,-11.650943396226417,22.515923572829195,7.16,59,33,1,0.3141592653589793,0,2.0,12,1.3,/mnt/ceph-hdd/workspaces/ws/cidbn_wibral_neuro_nonhuman/u19361-allen-hdd/results/zebra/meso/sub-832700_ses-multiplane-ophys-832700-2026-01-24-12-06-12_ophys/events/VISp_3/trial_0/phase_1/lib_ab4a70858e/lib_ab4a70858e__delay_0.06__dur_0.2.h5
178,0.09,0.0,ab4a70858e,0.1240740492939949,-4.477611940298509,-24.19811320754717,157.4840764271708,10.74,31,40,7,2.199114857512855,1,3.0,12,1.3,/mnt/ceph-hdd/workspaces/ws/cidbn_wibral_neuro_nonhuman/u19361-allen-hdd/results/zebra/meso/sub-832700_ses-multiplane-ophys-832700-2026-01-24-12-06-12_ophys/events/VISp_3/trial_0/phase_1/lib_ab4a70858e/lib_ab4a70858e__delay_0.09__dur_0.0.h5
179,0.0,0.2,ab4a70858e,0.12153028696775436,-9.850746268656714,-9.858490566037737,112.48408527317332,10.74,28,32,5,1.5707963267948966,1,3.0,1,0.02,/mnt/ceph-hdd/workspaces/ws/cidbn_wibral_neuro_nonhuman/u19361-allen-hdd/results/zebra/meso/sub-832700_ses-multiplane-ophys-832700-2026-01-24-12-06-12_ophys/events/VISp_3/trial_0/phase_1/lib_ab4a70858e/lib_ab4a70858e__delay_0.0__dur_0.2.h5
18,0.06,0.0,ab4a70858e,0.1117638498544693,20.59701492537313,-34.95283018867924,67.51591472682667,17.91,45,46,3,0.9424777960769379,3,5.0,10,1.1,/mnt/ceph-hdd/workspaces/ws/cidbn_wibral_neuro_nonhuman/u19361-allen-hdd/results/zebra/meso/sub-832700_ses-multiplane-ophys-832700-2026-01-24-12-06-12_ophys/events/VISp_3/trial_0/phase_1/lib_ab4a70858e/lib_ab4a70858e__delay_0.06__dur_0.0.h5
180,0.12,0.0,ab4a70858e,0.14076727628707886,8.059701492537314,-9.858490566037737,134.9774869247291,14.32,38,32,6,1.8849555921538759,2,4.0,5,0.06,/mnt/ceph-hdd/workspaces/ws/cidbn_wibral_neuro_nonhuman/u19361-allen-hdd/results/zebra/meso/sub-832700_ses-multiplane-ophys-832700-2026-01-24-12-06-12_ophys/events/VISp_3/trial_0/phase_1/lib_ab4a70858e/lib_ab4a70858e__delay_0.12__dur_0.0.h5
181,0.03,0.2,ab4a70858e,0.10776066035032272,-22.388059701492537,-9.858490566037737,180.0,17.91,21,32,8,2.5132741228718345,3,5.0,12,1.3,/mnt/ceph-hdd/workspaces/ws/cidbn_wibral_neuro_nonhuman/u19361-allen-hdd/results/zebra/meso/sub-832700_ses-multiplane-ophys-832700-2026-01-24-12-06-12_ophys/events/VISp_3/trial_0/phase_1/lib_ab4a70858e/lib_ab4a70858e__delay_0.03__dur_0.2.h5
182,0.06,0.0,ab4a70858e,0.13942807912826538,-9.850746268656714,-8.066037735849058,90.0,21.49,28,31,4,1.2566370614359172,4,6.0,3,0.04,/mnt/ceph-hdd/workspaces/ws/cidbn_wibral_neuro_nonhuman/u19361-allen-hdd/results/zebra/meso/sub-832700_ses-multiplane-ophys-832700-2026-01-24-12-06-12_ophys/events/VISp_3/trial_0/phase_1/lib_ab4a70858e/lib_ab4a70858e__delay_0.06__dur_0.0.h5
183,0.03,0.2,ab4a70858e,0.13092905282974243,2.6865671641791096,-4.481132075471699,67.51591472682667,17.91,35,29,3,0.9424777960769379,3,5.0,6,0.07,/mnt/ceph-hdd/workspaces/ws/cidbn_wibral_neuro_nonhuman/u19361-allen-hdd/results/zebra/meso/sub-832700_ses-multiplane-ophys-832700-2026-01-24-12-06-12_ophys/events/VISp_3/trial_0/phase_1/lib_ab4a70858e/lib_ab4a70858e__delay_0.03__dur_0.2.h5
184,0.06,0.0,ab4a70858e,0.12228894978761673,0.8955223880597032,-9.858490566037737,180.0,10.74,34,32,8,2.5132741228718345,1,3.0,9,0.1,/mnt/ceph-hdd/workspaces/ws/cidbn_wibral_neuro_nonhuman/u19361-allen-hdd/results/zebra/meso/sub-832700_ses-multiplane-ophys-832700-2026-01-24-12-06-12_ophys/events/VISp_3/trial_0/phase_1/lib_ab4a70858e/lib_ab4a70858e__delay_0.06__dur_0.0.h5
185,0.0,0.2,ab4a70858e,0.12772609293460846,-34.92537313432835,17.02830188679245,22.515923572829163,14.32,14,17,9,2.827433388230814,2,4.0,12,1.3,/mnt/ceph-hdd/workspaces/ws/cidbn_wibral_neuro_nonhuman/u19361-allen-hdd/results/zebra/meso/sub-832700_ses-multiplane-ophys-832700-2026-01-24-12-06-12_ophys/events/VISp_3/trial_0/phase_1/lib_ab4a70858e/lib_ab4a70858e__delay_0.0__dur_0.2.h5
186,0.09,0.2,ab4a70858e,0.10258793830871582,2.6865671641791096,-9.858490566037737,157.4840764271708,10.74,35,32,7,2.199114857512855,1,3.0,11,1.2,/mnt/ceph-hdd/workspaces/ws/cidbn_wibral_neuro_nonhuman/u19361-allen-hdd/results/zebra/meso/sub-832700_ses-multiplane-ophys-832700-2026-01-24-12-06-12_ophys/events/VISp_3/trial_0/phase_1/lib_ab4a70858e/lib_ab4a70858e__delay_0.09__dur_0.2.h5
187,0.0,0.2,ab4a70858e,0.2085704803466797,-0.8955223880596961,-11.650943396226417,134.9774869247291,17.91,33,33,6,1.8849555921538759,3,5.0,5,0.06,/mnt/ceph-hdd/workspaces/ws/cidbn_wibral_neuro_nonhuman/u19361-allen-hdd/results/zebra/meso/sub-832700_ses-multiplane-ophys-832700-2026-01-24-12-06-12_ophys/events/VISp_3/trial_0/phase_1/lib_ab4a70858e/lib_ab4a70858e__delay_0.0__dur_0.2.h5
188,0.12,0.0,ab4a70858e,0.10262080281972885,56.4179104477612,2.6886792452830193,90.0,7.16,65,25,4,1.2566370614359172,0,2.0,12,1.3,/mnt/ceph-hdd/workspaces/ws/cidbn_wibral_neuro_nonhuman/u19361-allen-hdd/results/zebra/meso/sub-832700_ses-multiplane-ophys-832700-2026-01-24-12-06-12_ophys/events/VISp_3/trial_0/phase_1/lib_ab4a70858e/lib_ab4a70858e__delay_0.12__dur_0.0.h5
189,0.06,0.0,ab4a70858e,0.2395649403333664,-0.8955223880596961,-11.650943396226417,67.51591472682667,14.32,33,33,3,0.9424777960769379,2,4.0,7,0.08,/mnt/ceph-hdd/workspaces/ws/cidbn_wibral_neuro_nonhuman/u19361-allen-hdd/results/zebra/meso/sub-832700_ses-multiplane-ophys-832700-2026-01-24-12-06-12_ophys/events/VISp_3/trial_0/phase_1/lib_ab4a70858e/lib_ab4a70858e__delay_0.06__dur_0.0.h5
19,0.15,0.2,ab4a70858e,0.1581452637910843,9.85074626865672,-8.066037735849058,22.515923572829163,10.74,39,31,9,2.827433388230814,1,3.0,2,0.03,/mnt/ceph-hdd/workspaces/ws/cidbn_wibral_neuro_nonhuman/u19361-allen-hdd/results/zebra/meso/sub-832700_ses-multiplane-ophys-832700-2026-01-24-12-06-12_ophys/events/VISp_3/trial_0/phase_1/lib_ab4a70858e/lib_ab4a70858e__delay_0.15__dur_0.2.h5
190,0.03,0.2,ab4a70858e,0.10113897919654846,-22.388059701492537,-11.650943396226417,157.4840764271708,28.65,21,33,7,2.199114857512855,5,8.0,12,1.3,/mnt/ceph-hdd/workspaces/ws/cidbn_wibral_neuro_nonhuman/u19361-allen-hdd/results/zebra/meso/sub-832700_ses-multiplane-ophys-832700-2026-01-24-12-06-12_ophys/events/VISp_3/trial_0/phase_1/lib_ab4a70858e/lib_ab4a70858e__delay_0.03__dur_0.2.h5
191,0.0,0.0,ab4a70858e,0.0911957249045372,47.462686567164184,2.6886792452830193,22.515923572829195,10.74,60,25,1,0.3141592653589793,1,3.0,10,1.1,/mnt/ceph-hdd/workspaces/ws/cidbn_wibral_neuro_nonhuman/u19361-allen-hdd/results/zebra/meso/sub-832700_ses-multiplane-ophys-832700-2026-01-24-12-06-12_ophys/events/VISp_3/trial_0/phase_1/lib_ab4a70858e/lib_ab4a70858e__delay_0.0__dur_0.0.h5
192,0.12,0.0,ab4a70858e,0.11359811574220657,-4.477611940298509,24.198113207547166,0.0,17.91,31,13,0,0.0,3,5.0,11,1.2,/mnt/ceph-hdd/workspaces/ws/cidbn_wibral_neuro_nonhuman/u19361-allen-hdd/results/zebra/meso/sub-832700_ses-multiplane-ophys-832700-2026-01-24-12-06-12_ophys/events/VISp_3/trial_0/phase_1/lib_ab4a70858e/lib_ab4a70858e__delay_0.12__dur_0.0.h5
193,0.03,0.0,ab4a70858e,0.10147147625684738,-49.25373134328358,33.160377358490564,67.51591472682667,17.91,6,8,3,0.9424777960769379,3,5.0,12,1.3,/mnt/ceph-hdd/workspaces/ws/cidbn_wibral_neuro_nonhuman/u19361-allen-hdd/results/zebra/meso/sub-832700_ses-multiplane-ophys-832700-2026-01-24-12-06-12_ophys/events/VISp_3/trial_0/phase_1/lib_ab4a70858e/lib_ab4a70858e__delay_0.03__dur_0.0.h5
194,0.09,0.0,ab4a70858e,0.20285019278526306,-4.477611940298509,-13.443396226415096,22.515923572829195,17.91,31,34,1,0.3141592653589793,3,5.0,9,0.1,/mnt/ceph-hdd/workspaces/ws/cidbn_wibral_neuro_nonhuman/u19361-allen-hdd/results/zebra/meso/sub-832700_ses-multiplane-ophys-832700-2026-01-24-12-06-12_ophys/events/VISp_3/trial_0/phase_1/lib_ab4a70858e/lib_ab4a70858e__delay_0.09__dur_0.0.h5
195,0.06,0.0,ab4a70858e,0.14949287474155426,-6.268656716417908,-4.481132075471699,67.51591472682667,14.32,30,29,3,0.9424777960769379,2,4.0,2,0.03,/mnt/ceph-hdd/workspaces/ws/cidbn_wibral_neuro_nonhuman/u19361-allen-hdd/results/zebra/meso/sub-832700_ses-multiplane-ophys-832700-2026-01-24-12-06-12_ophys/events/VISp_3/trial_0/phase_1/lib_ab4a70858e/lib_ab4a70858e__delay_0.06__dur_0.0.h5
196,0.09,0.0,ab4a70858e,0.12640507519245148,-20.59701492537313,22.405660377358487,67.51591472682667,14.32,22,14,3,0.9424777960769379,2,4.0,12,1.3,/mnt/ceph-hdd/workspaces/ws/cidbn_wibral_neuro_nonhuman/u19361-allen-hdd/results/zebra/meso/sub-832700_ses-multiplane-ophys-832700-2026-01-24-12-06-12_ophys/events/VISp_3/trial_0/phase_1/lib_ab4a70858e/lib_ab4a70858e__delay_0.09__dur_0.0.h5
197,0.03,0.0,ab4a70858e,0.15523968636989594,-4.477611940298509,-18.82075471698113,0.0,10.74,31,37,0,0.0,1,3.0,11,1.2,/mnt/ceph-hdd/workspaces/ws/cidbn_wibral_neuro_nonhuman/u19361-allen-hdd/results/zebra/meso/sub-832700_ses-multiplane-ophys-832700-2026-01-24-12-06-12_ophys/events/VISp_3/trial_0/phase_1/lib_ab4a70858e/lib_ab4a70858e__delay_0.03__dur_0.0.h5
198,0.06,0.2,ab4a70858e,0.11908331513404846,-17.014925373134325,15.235849056603776,22.515923572829163,28.65,24,18,9,2.827433388230814,5,8.0,10,1.1,/mnt/ceph-hdd/workspaces/ws/cidbn_wibral_neuro_nonhuman/u19361-allen-hdd/results/zebra/meso/sub-832700_ses-multiplane-ophys-832700-2026-01-24-12-06-12_ophys/events/VISp_3/trial_0/phase_1/lib_ab4a70858e/lib_ab4a70858e__delay_0.06__dur_0.2.h5
199,0.15,0.0,ab4a70858e,0.09180665761232376,11.641791044776127,29.575471698113205,90.0,7.16,40,10,4,1.2566370614359172,0,2.0,12,1.3,/mnt/ceph-hdd/workspaces/ws/cidbn_wibral_neuro_nonhuman/u19361-allen-hdd/results/zebra/meso/sub-832700_ses-multiplane-ophys-832700-2026-01-24-12-06-12_ophys/events/VISp_3/trial_0/phase_1/lib_ab4a70858e/lib_ab4a70858e__delay_0.15__dur_0.0.h5
2,0.0,0.2,ab4a70858e,0.14297127723693848,-8.059701492537314,-20.61320754716981,22.515923572829163,17.91,29,38,9,2.827433388230814,3,5.0,0,0.01,/mnt/ceph-hdd/workspaces/ws/cidbn_wibral_neuro_nonhuman/u19361-allen-hdd/results/zebra/meso/sub-832700_ses-multiplane-ophys-832700-2026-01-24-12-06-12_ophys/events/VISp_3/trial_0/phase_1/lib_ab4a70858e/lib_ab4a70858e__delay_0.0__dur_0.2.h5
20,0.06,0.2,ab4a70858e,0.1587579995393753,-2.6865671641791025,-11.650943396226417,134.9774869247291,14.32,32,33,6,1.8849555921538759,2,4.0,9,0.1,/mnt/ceph-hdd/workspaces/ws/cidbn_wibral_neuro_nonhuman/u19361-allen-hdd/results/zebra/meso/sub-832700_ses-multiplane-ophys-832700-2026-01-24-12-06-12_ophys/events/VISp_3/trial_0/phase_1/lib_ab4a70858e/lib_ab4a70858e__delay_0.06__dur_0.2.h5
200,0.03,0.2,ab4a70858e,0.24612747132778168,-4.477611940298509,-11.650943396226417,22.515923572829195,14.32,31,33,1,0.3141592653589793,2,4.0,7,0.08,/mnt/ceph-hdd/workspaces/ws/cidbn_wibral_neuro_nonhuman/u19361-allen-hdd/results/zebra/meso/sub-832700_ses-multiplane-ophys-832700-2026-01-24-12-06-12_ophys/events/VISp_3/trial_0/phase_1/lib_ab4a70858e/lib_ab4a70858e__delay_0.03__dur_0.2.h5
201,0.06,0.2,ab4a70858e,0.12287629395723343,-11.64179104477612,0.8962264150943398,180.0,17.91,27,26,8,2.5132741228718345,3,5.0,10,1.1,/mnt/ceph-hdd/workspaces/ws/cidbn_wibral_neuro_nonhuman/u19361-allen-hdd/results/zebra/meso/sub-832700_ses-multiplane-ophys-832700-2026-01-24-12-06-12_ophys/events/VISp_3/trial_0/phase_1/lib_ab4a70858e/lib_ab4a70858e__delay_0.06__dur_0.2.h5
202,0.15,0.2,ab4a70858e,0.11620333790779114,-29.55223880597015,29.575471698113205,45.02251307527088,7.16,17,10,2,0.6283185307179586,0,2.0,11,1.2,/mnt/ceph-hdd/workspaces/ws/cidbn_wibral_neuro_nonhuman/u19361-allen-hdd/results/zebra/meso/sub-832700_ses-multiplane-ophys-832700-2026-01-24-12-06-12_ophys/events/VISp_3/trial_0/phase_1/lib_ab4a70858e/lib_ab4a70858e__delay_0.15__dur_0.2.h5
203,0.09,0.2,ab4a70858e,0.12705381214618683,27.761194029850756,22.405660377358487,157.4840764271708,14.32,49,14,7,2.199114857512855,2,4.0,12,1.3,/mnt/ceph-hdd/workspaces/ws/cidbn_wibral_neuro_nonhuman/u19361-allen-hdd/results/zebra/meso/sub-832700_ses-multiplane-ophys-832700-2026-01-24-12-06-12_ophys/events/VISp_3/trial_0/phase_1/lib_ab4a70858e/lib_ab4a70858e__delay_0.09__dur_0.2.h5
204,0.15,0.0,ab4a70858e,0.11241067200899124,-9.850746268656714,11.650943396226417,22.515923572829195,17.91,28,20,1,0.3141592653589793,3,5.0,9,0.1,/mnt/ceph-hdd/workspaces/ws/cidbn_wibral_neuro_nonhuman/u19361-allen-hdd/results/zebra/meso/sub-832700_ses-multiplane-ophys-832700-2026-01-24-12-06-12_ophys/events/VISp_3/trial_0/phase_1/lib_ab4a70858e/lib_ab4a70858e__delay_0.15__dur_0.0.h5
205,0.12,0.2,ab4a70858e,0.11677618324756622,-6.268656716417908,-11.650943396226417,67.51591472682667,7.16,30,33,3,0.9424777960769379,0,2.0,12,1.3,/mnt/ceph-hdd/workspaces/ws/cidbn_wibral_neuro_nonhuman/u19361-allen-hdd/results/zebra/meso/sub-832700_ses-multiplane-ophys-832700-2026-01-24-12-06-12_ophys/events/VISp_3/trial_0/phase_1/lib_ab4a70858e/lib_ab4a70858e__delay_0.12__dur_0.2.h5
206,0.09,0.2,ab4a70858e,0.09862487018108368,9.85074626865672,-25.99056603773585,157.4840764271708,7.16,39,41,7,2.199114857512855,0,2.0,11,1.2,/mnt/ceph-hdd/workspaces/ws/cidbn_wibral_neuro_nonhuman/u19361-allen-hdd/results/zebra/meso/sub-832700_ses-multiplane-ophys-832700-2026-01-24-12-06-12_ophys/events/VISp_3/trial_0/phase_1/lib_ab4a70858e/lib_ab4a70858e__delay_0.09__dur_0.2.h5
207,0.0,0.2,ab4a70858e,0.17332887649536133,-20.59701492537313,6.273584905660378,157.4840764271708,17.91,22,23,7,2.199114857512855,3,5.0,12,1.3,/mnt/ceph-hdd/workspaces/ws/cidbn_wibral_neuro_nonhuman/u19361-allen-hdd/results/zebra/meso/sub-832700_ses-multiplane-ophys-832700-2026-01-24-12-06-12_ophys/events/VISp_3/trial_0/phase_1/lib_ab4a70858e/lib_ab4a70858e__delay_0.0__dur_0.2.h5
208,0.12,0.2,ab4a70858e,0.1594555675983429,-20.59701492537313,6.273584905660378,157.4840764271708,21.49,22,23,7,2.199114857512855,4,6.0,12,1.3,/mnt/ceph-hdd/workspaces/ws/cidbn_wibral_neuro_nonhuman/u19361-allen-hdd/results/zebra/meso/sub-832700_ses-multiplane-ophys-832700-2026-01-24-12-06-12_ophys/events/VISp_3/trial_0/phase_1/lib_ab4a70858e/lib_ab4a70858e__delay_0.12__dur_0.2.h5
209,0.03,0.2,ab4a70858e,0.1922835409641266,2.6865671641791096,-9.858490566037737,180.0,14.32,35,32,8,2.5132741228718345,2,4.0,0,0.01,/mnt/ceph-hdd/workspaces/ws/cidbn_wibral_neuro_nonhuman/u19361-allen-hdd/results/zebra/meso/sub-832700_ses-multiplane-ophys-832700-2026-01-24-12-06-12_ophys/events/VISp_3/trial_0/phase_1/lib_ab4a70858e/lib_ab4a70858e__delay_0.03__dur_0.2.h5
21,0.03,0.2,ab4a70858e,0.10736405104398727,4.477611940298516,34.95283018867924,0.0,14.32,36,7,0,0.0,2,4.0,11,1.2,/mnt/ceph-hdd/workspaces/ws/cidbn_wibral_neuro_nonhuman/u19361-allen-hdd/results/zebra/meso/sub-832700_ses-multiplane-ophys-832700-2026-01-24-12-06-12_ophys/events/VISp_3/trial_0/phase_1/lib_ab4a70858e/lib_ab4a70858e__delay_0.03__dur_0.2.h5
210,0.06,0.0,ab4a70858e,0.12579560279846191,-8.059701492537314,-4.481132075471699,22.515923572829195,17.91,29,29,1,0.3141592653589793,3,5.0,0,0.01,/mnt/ceph-hdd/workspaces/ws/cidbn_wibral_neuro_nonhuman/u19361-allen-hdd/results/zebra/meso/sub-832700_ses-multiplane-ophys-832700-2026-01-24-12-06-12_ophys/events/VISp_3/trial_0/phase_1/lib_ab4a70858e/lib_ab4a70858e__delay_0.06__dur_0.0.h5
211,0.03,0.2,ab4a70858e,0.23009952902793884,-6.268656716417908,0.8962264150943398,0.0,14.32,30,26,0,0.0,2,4.0,1,0.02,/mnt/ceph-hdd/workspaces/ws/cidbn_wibral_neuro_nonhuman/u19361-allen-hdd/results/zebra/meso/sub-832700_ses-multiplane-ophys-832700-2026-01-24-12-06-12_ophys/events/VISp_3/trial_0/phase_1/lib_ab4a70858e/lib_ab4a70858e__delay_0.03__dur_0.2.h5
212,0.12,0.0,ab4a70858e,0.13442613184452057,-54.62686567164179,8.066037735849058,67.51591472682667,10.74,3,22,3,0.9424777960769379,1,3.0,12,1.3,/mnt/ceph-hdd/workspaces/ws/cidbn_wibral_neuro_nonhuman/u19361-allen-hdd/results/zebra/meso/sub-832700_ses-multiplane-ophys-832700-2026-01-24-12-06-12_ophys/events/VISp_3/trial_0/phase_1/lib_ab4a70858e/lib_ab4a70858e__delay_0.12__dur_0.0.h5
213,0.0,0.2,ab4a70858e,0.1478017121553421,-22.388059701492537,0.8962264150943398,112.48408527317332,28.65,21,26,5,1.5707963267948966,5,8.0,12,1.3,/mnt/ceph-hdd/workspaces/ws/cidbn_wibral_neuro_nonhuman/u19361-allen-hdd/results/zebra/meso/sub-832700_ses-multiplane-ophys-832700-2026-01-24-12-06-12_ophys/events/VISp_3/trial_0/phase_1/lib_ab4a70858e/lib_ab4a70858e__delay_0.0__dur_0.2.h5
214,0.12,0.2,ab4a70858e,0.137203648686409,31.343283582089555,25.990566037735846,157.4840764271708,10.74,51,12,7,2.199114857512855,1,3.0,12,1.3,/mnt/ceph-hdd/workspaces/ws/cidbn_wibral_neuro_nonhuman/u19361-allen-hdd/results/zebra/meso/sub-832700_ses-multiplane-ophys-832700-2026-01-24-12-06-12_ophys/events/VISp_3/trial_0/phase_1/lib_ab4a70858e/lib_ab4a70858e__delay_0.12__dur_0.2.h5
215,0.03,0.2,ab4a70858e,0.10227373242378235,-4.477611940298509,31.367924528301884,22.515923572829163,28.65,31,9,9,2.827433388230814,5,8.0,9,0.1,/mnt/ceph-hdd/workspaces/ws/cidbn_wibral_neuro_nonhuman/u19361-allen-hdd/results/zebra/meso/sub-832700_ses-multiplane-ophys-832700-2026-01-24-12-06-12_ophys/events/VISp_3/trial_0/phase_1/lib_ab4a70858e/lib_ab4a70858e__delay_0.03__dur_0.2.h5
216,0.12,0.2,ab4a70858e,0.09422231465578079,40.29850746268657,-43.91509433962264,180.0,7.16,56,51,8,2.5132741228718345,0,2.0,10,1.1,/mnt/ceph-hdd/workspaces/ws/cidbn_wibral_neuro_nonhuman/u19361-allen-hdd/results/zebra/meso/sub-832700_ses-multiplane-ophys-832700-2026-01-24-12-06-12_ophys/events/VISp_3/trial_0/phase_1/lib_ab4a70858e/lib_ab4a70858e__delay_0.12__dur_0.2.h5
217,0.06,0.0,ab4a70858e,0.10425978899002075,24.179104477611943,20.613207547169807,67.51591472682667,10.74,47,15,3,0.9424777960769379,1,3.0,11,1.2,/mnt/ceph-hdd/workspaces/ws/cidbn_wibral_neuro_nonhuman/u19361-allen-hdd/results/zebra/meso/sub-832700_ses-multiplane-ophys-832700-2026-01-24-12-06-12_ophys/events/VISp_3/trial_0/phase_1/lib_ab4a70858e/lib_ab4a70858e__delay_0.06__dur_0.0.h5
218,0.09,0.0,ab4a70858e,0.12834644317626953,-11.64179104477612,-18.82075471698113,67.51591472682667,17.91,27,37,3,0.9424777960769379,3,5.0,9,0.1,/mnt/ceph-hdd/workspaces/ws/cidbn_wibral_neuro_nonhuman/u19361-allen-hdd/results/zebra/meso/sub-832700_ses-multiplane-ophys-832700-2026-01-24-12-06-12_ophys/events/VISp_3/trial_0/phase_1/lib_ab4a70858e/lib_ab4a70858e__delay_0.09__dur_0.0.h5
219,0.06,0.2,ab4a70858e,0.09439317137002945,-27.761194029850742,42.12264150943396,45.02251307527088,17.91,18,3,2,0.6283185307179586,3,5.0,12,1.3,/mnt/ceph-hdd/workspaces/ws/cidbn_wibral_neuro_nonhuman/u19361-allen-hdd/results/zebra/meso/sub-832700_ses-multiplane-ophys-832700-2026-01-24-12-06-12_ophys/events/VISp_3/trial_0/phase_1/lib_ab4a70858e/lib_ab4a70858e__delay_0.06__dur_0.2.h5
22,0.06,0.2,ab4a70858e,0.12744688987731934,4.477611940298516,-2.6886792452830193,112.48408527317332,14.32,36,28,5,1.5707963267948966,2,4.0,9,0.1,/mnt/ceph-hdd/workspaces/ws/cidbn_wibral_neuro_nonhuman/u19361-allen-hdd/results/zebra/meso/sub-832700_ses-multiplane-ophys-832700-2026-01-24-12-06-12_ophys/events/VISp_3/trial_0/phase_1/lib_ab4a70858e/lib_ab4a70858e__delay_0.06__dur_0.2.h5
220,0.09,0.2,ab4a70858e,0.1495552808046341,-4.477611940298509,-4.481132075471699,22.515923572829195,14.32,31,29,1,0.3141592653589793,2,4.0,0,0.01,/mnt/ceph-hdd/workspaces/ws/cidbn_wibral_neuro_nonhuman/u19361-allen-hdd/results/zebra/meso/sub-832700_ses-multiplane-ophys-832700-2026-01-24-12-06-12_ophys/events/VISp_3/trial_0/phase_1/lib_ab4a70858e/lib_ab4a70858e__delay_0.09__dur_0.2.h5
221,0.12,0.0,ab4a70858e,0.12412316352128983,-0.8955223880596961,-9.858490566037737,157.4840764271708,7.16,33,32,7,2.199114857512855,0,2.0,12,1.3,/mnt/ceph-hdd/workspaces/ws/cidbn_wibral_neuro_nonhuman/u19361-allen-hdd/results/zebra/meso/sub-832700_ses-multiplane-ophys-832700-2026-01-24-12-06-12_ophys/events/VISp_3/trial_0/phase_1/lib_ab4a70858e/lib_ab4a70858e__delay_0.12__dur_0.0.h5
222,0.0,0.2,ab4a70858e,0.1432420015335083,4.477611940298516,-11.650943396226417,67.51591472682667,21.49,36,33,3,0.9424777960769379,4,6.0,6,0.07,/mnt/ceph-hdd/workspaces/ws/cidbn_wibral_neuro_nonhuman/u19361-allen-hdd/results/zebra/meso/sub-832700_ses-multiplane-ophys-832700-2026-01-24-12-06-12_ophys/events/VISp_3/trial_0/phase_1/lib_ab4a70858e/lib_ab4a70858e__delay_0.0__dur_0.2.h5
223,0.03,0.2,ab4a70858e,0.1556795984506607,-17.014925373134325,-4.481132075471699,45.02251307527088,14.32,24,29,2,0.6283185307179586,2,4.0,11,1.2,/mnt/ceph-hdd/workspaces/ws/cidbn_wibral_neuro_nonhuman/u19361-allen-hdd/results/zebra/meso/sub-832700_ses-multiplane-ophys-832700-2026-01-24-12-06-12_ophys/events/VISp_3/trial_0/phase_1/lib_ab4a70858e/lib_ab4a70858e__delay_0.03__dur_0.2.h5
224,0.0,0.2,ab4a70858e,0.14974932372570038,-15.223880597014926,-2.6886792452830193,112.48408527317332,17.91,25,28,5,1.5707963267948966,3,5.0,12,1.3,/mnt/ceph-hdd/workspaces/ws/cidbn_wibral_neuro_nonhuman/u19361-allen-hdd/results/zebra/meso/sub-832700_ses-multiplane-ophys-832700-2026-01-24-12-06-12_ophys/events/VISp_3/trial_0/phase_1/lib_ab4a70858e/lib_ab4a70858e__delay_0.0__dur_0.2.h5
225,0.03,0.2,ab4a70858e,0.095307357609272,4.477611940298516,-6.273584905660378,180.0,14.32,36,30,8,2.5132741228718345,2,4.0,12,1.3,/mnt/ceph-hdd/workspaces/ws/cidbn_wibral_neuro_nonhuman/u19361-allen-hdd/results/zebra/meso/sub-832700_ses-multiplane-ophys-832700-2026-01-24-12-06-12_ophys/events/VISp_3/trial_0/phase_1/lib_ab4a70858e/lib_ab4a70858e__delay_0.03__dur_0.2.h5
226,0.15,0.2,ab4a70858e,0.10482212156057358,-15.223880597014926,20.613207547169807,22.515923572829195,21.49,25,15,1,0.3141592653589793,4,6.0,8,0.09,/mnt/ceph-hdd/workspaces/ws/cidbn_wibral_neuro_nonhuman/u19361-allen-hdd/results/zebra/meso/sub-832700_ses-multiplane-ophys-832700-2026-01-24-12-06-12_ophys/events/VISp_3/trial_0/phase_1/lib_ab4a70858e/lib_ab4a70858e__delay_0.15__dur_0.2.h5
227,0.06,0.0,ab4a70858e,0.10389293730258942,-24.179104477611936,9.858490566037737,22.515923572829163,10.74,20,21,9,2.827433388230814,1,3.0,10,1.1,/mnt/ceph-hdd/workspaces/ws/cidbn_wibral_neuro_nonhuman/u19361-allen-hdd/results/zebra/meso/sub-832700_ses-multiplane-ophys-832700-2026-01-24-12-06-12_ophys/events/VISp_3/trial_0/phase_1/lib_ab4a70858e/lib_ab4a70858e__delay_0.06__dur_0.0.h5
228,0.03,0.2,ab4a70858e,0.08941512554883957,-15.223880597014926,6.273584905660378,67.51591472682667,14.32,25,23,3,0.9424777960769379,2,4.0,11,1.2,/mnt/ceph-hdd/workspaces/ws/cidbn_wibral_neuro_nonhuman/u19361-allen-hdd/results/zebra/meso/sub-832700_ses-multiplane-ophys-832700-2026-01-24-12-06-12_ophys/events/VISp_3/trial_0/phase_1/lib_ab4a70858e/lib_ab4a70858e__delay_0.03__dur_0.2.h5
229,0.06,0.2,ab4a70858e,0.16164053976535797,-31.34328358208955,15.235849056603776,45.02251307527088,14.32,16,18,2,0.6283185307179586,2,4.0,12,1.3,/mnt/ceph-hdd/workspaces/ws/cidbn_wibral_neuro_nonhuman/u19361-allen-hdd/results/zebra/meso/sub-832700_ses-multiplane-ophys-832700-2026-01-24-12-06-12_ophys/events/VISp_3/trial_0/phase_1/lib_ab4a70858e/lib_ab4a70858e__delay_0.06__dur_0.2.h5
23,0.0,0.2,ab4a70858e,0.0961264818906784,2.6865671641791096,-2.6886792452830193,67.51591472682667,28.65,35,28,3,0.9424777960769379,5,8.0,5,0.06,/mnt/ceph-hdd/workspaces/ws/cidbn_wibral_neuro_nonhuman/u19361-allen-hdd/results/zebra/meso/sub-832700_ses-multiplane-ophys-832700-2026-01-24-12-06-12_ophys/events/VISp_3/trial_0/phase_1/lib_ab4a70858e/lib_ab4a70858e__delay_0.0__dur_0.2.h5
230,0.12,0.2,ab4a70858e,0.11282149702310562,-42.089552238805965,-38.5377358490566,22.515923572829163,10.74,10,48,9,2.827433388230814,1,3.0,10,1.1,/mnt/ceph-hdd/workspaces/ws/cidbn_wibral_neuro_nonhuman/u19361-allen-hdd/results/zebra/meso/sub-832700_ses-multiplane-ophys-832700-2026-01-24-12-06-12_ophys/events/VISp_3/trial_0/phase_1/lib_ab4a70858e/lib_ab4a70858e__delay_0.12__dur_0.2.h5
231,0.0,0.2,ab4a70858e,0.1296144276857376,-38.507462686567166,36.74528301886792,45.02251307527088,28.65,12,6,2,0.6283185307179586,5,8.0,12,1.3,/mnt/ceph-hdd/workspaces/ws/cidbn_wibral_neuro_nonhuman/u19361-allen-hdd/results/zebra/meso/sub-832700_ses-multiplane-ophys-832700-2026-01-24-12-06-12_ophys/events/VISp_3/trial_0/phase_1/lib_ab4a70858e/lib_ab4a70858e__delay_0.0__dur_0.2.h5
232,0.0,0.2,ab4a70858e,0.19948671758174896,-9.850746268656714,-8.066037735849058,90.0,10.74,28,31,4,1.2566370614359172,1,3.0,5,0.06,/mnt/ceph-hdd/workspaces/ws/cidbn_wibral_neuro_nonhuman/u19361-allen-hdd/results/zebra/meso/sub-832700_ses-multiplane-ophys-832700-2026-01-24-12-06-12_ophys/events/VISp_3/trial_0/phase_1/lib_ab4a70858e/lib_ab4a70858e__delay_0.0__dur_0.2.h5
233,0.06,0.2,ab4a70858e,0.09935452789068222,-8.059701492537314,34.95283018867924,0.0,14.32,29,7,0,0.0,2,4.0,11,1.2,/mnt/ceph-hdd/workspaces/ws/cidbn_wibral_neuro_nonhuman/u19361-allen-hdd/results/zebra/meso/sub-832700_ses-multiplane-ophys-832700-2026-01-24-12-06-12_ophys/events/VISp_3/trial_0/phase_1/lib_ab4a70858e/lib_ab4a70858e__delay_0.06__dur_0.2.h5
234,0.09,0.2,ab4a70858e,0.1339174062013626,-15.223880597014926,-15.235849056603776,67.51591472682667,14.32,25,35,3,0.9424777960769379,2,4.0,12,1.3,/mnt/ceph-hdd/workspaces/ws/cidbn_wibral_neuro_nonhuman/u19361-allen-hdd/results/zebra/meso/sub-832700_ses-multiplane-ophys-832700-2026-01-24-12-06-12_ophys/events/VISp_3/trial_0/phase_1/lib_ab4a70858e/lib_ab4a70858e__delay_0.09__dur_0.2.h5
235,0.0,0.2,ab4a70858e,0.11139240115880966,-22.388059701492537,6.273584905660378,157.4840764271708,17.91,21,23,7,2.199114857512855,3,5.0,12,1.3,/mnt/ceph-hdd/workspaces/ws/cidbn_wibral_neuro_nonhuman/u19361-allen-hdd/results/zebra/meso/sub-832700_ses-multiplane-ophys-832700-2026-01-24-12-06-12_ophys/events/VISp_3/trial_0/phase_1/lib_ab4a70858e/lib_ab4a70858e__delay_0.0__dur_0.2.h5
236,0.15,0.2,ab4a70858e,0.16222047805786133,-13.43283582089552,-9.858490566037737,180.0,17.91,26,32,8,2.5132741228718345,3,5.0,12,1.3,/mnt/ceph-hdd/workspaces/ws/cidbn_wibral_neuro_nonhuman/u19361-allen-hdd/results/zebra/meso/sub-832700_ses-multiplane-ophys-832700-2026-01-24-12-06-12_ophys/events/VISp_3/trial_0/phase_1/lib_ab4a70858e/lib_ab4a70858e__delay_0.15__dur_0.2.h5
237,0.0,0.2,ab4a70858e,0.12396498769521713,-8.059701492537314,-8.066037735849058,180.0,28.65,29,31,8,2.5132741228718345,5,8.0,3,0.04,/mnt/ceph-hdd/workspaces/ws/cidbn_wibral_neuro_nonhuman/u19361-allen-hdd/results/zebra/meso/sub-832700_ses-multiplane-ophys-832700-2026-01-24-12-06-12_ophys/events/VISp_3/trial_0/phase_1/lib_ab4a70858e/lib_ab4a70858e__delay_0.0__dur_0.2.h5
238,0.06,0.2,ab4a70858e,0.11736290901899338,31.343283582089555,-0.8962264150943398,45.02251307527088,10.74,51,27,2,0.6283185307179586,1,3.0,11,1.2,/mnt/ceph-hdd/workspaces/ws/cidbn_wibral_neuro_nonhuman/u19361-allen-hdd/results/zebra/meso/sub-832700_ses-multiplane-ophys-832700-2026-01-24-12-06-12_ophys/events/VISp_3/trial_0/phase_1/lib_ab4a70858e/lib_ab4a70858e__delay_0.06__dur_0.2.h5
239,0.15,0.2,ab4a70858e,0.18127460777759552,-6.268656716417908,-8.066037735849058,0.0,14.32,30,31,0,0.0,2,4.0,11,1.2,/mnt/ceph-hdd/workspaces/ws/cidbn_wibral_neuro_nonhuman/u19361-allen-hdd/results/zebra/meso/sub-832700_ses-multiplane-ophys-832700-2026-01-24-12-06-12_ophys/events/VISp_3/trial_0/phase_1/lib_ab4a70858e/lib_ab4a70858e__delay_0.15__dur_0.2.h5
24,0.0,0.2,ab4a70858e,0.20972402393817902,9.85074626865672,-8.066037735849058,22.515923572829195,14.32,39,31,1,0.3141592653589793,2,4.0,9,0.1,/mnt/ceph-hdd/workspaces/ws/cidbn_wibral_neuro_nonhuman/u19361-allen-hdd/results/zebra/meso/sub-832700_ses-multiplane-ophys-832700-2026-01-24-12-06-12_ophys/events/VISp_3/trial_0/phase_1/lib_ab4a70858e/lib_ab4a70858e__delay_0.0__dur_0.2.h5
240,0.09,0.2,ab4a70858e,0.10850846767425537,-20.59701492537313,24.198113207547166,157.4840764271708,7.16,22,13,7,2.199114857512855,0,2.0,11,1.2,/mnt/ceph-hdd/workspaces/ws/cidbn_wibral_neuro_nonhuman/u19361-allen-hdd/results/zebra/meso/sub-832700_ses-multiplane-ophys-832700-2026-01-24-12-06-12_ophys/events/VISp_3/trial_0/phase_1/lib_ab4a70858e/lib_ab4a70858e__delay_0.09__dur_0.2.h5
241,0.12,0.2,ab4a70858e,0.10535627603530884,15.223880597014926,20.613207547169807,22.515923572829163,7.16,42,15,9,2.827433388230814,0,2.0,10,1.1,/mnt/ceph-hdd/workspaces/ws/cidbn_wibral_neuro_nonhuman/u19361-allen-hdd/results/zebra/meso/sub-832700_ses-multiplane-ophys-832700-2026-01-24-12-06-12_ophys/events/VISp_3/trial_0/phase_1/lib_ab4a70858e/lib_ab4a70858e__delay_0.12__dur_0.2.h5
242,0.0,0.2,ab4a70858e,0.1278659552335739,-33.134328358208954,6.273584905660378,67.51591472682667,14.32,15,23,3,0.9424777960769379,2,4.0,12,1.3,/mnt/ceph-hdd/workspaces/ws/cidbn_wibral_neuro_nonhuman/u19361-allen-hdd/results/zebra/meso/sub-832700_ses-multiplane-ophys-832700-2026-01-24-12-06-12_ophys/events/VISp_3/trial_0/phase_1/lib_ab4a70858e/lib_ab4a70858e__delay_0.0__dur_0.2.h5
243,0.09,0.0,ab4a70858e,0.13096536695957184,-4.477611940298509,-4.481132075471699,45.02251307527088,10.74,31,29,2,0.6283185307179586,1,3.0,1,0.02,/mnt/ceph-hdd/workspaces/ws/cidbn_wibral_neuro_nonhuman/u19361-allen-hdd/results/zebra/meso/sub-832700_ses-multiplane-ophys-832700-2026-01-24-12-06-12_ophys/events/VISp_3/trial_0/phase_1/lib_ab4a70858e/lib_ab4a70858e__delay_0.09__dur_0.0.h5
244,0.09,0.0,ab4a70858e,0.1108509823679924,-2.6865671641791025,-11.650943396226417,67.51591472682667,10.74,32,33,3,0.9424777960769379,1,3.0,9,0.1,/mnt/ceph-hdd/workspaces/ws/cidbn_wibral_neuro_nonhuman/u19361-allen-hdd/results/zebra/meso/sub-832700_ses-multiplane-ophys-832700-2026-01-24-12-06-12_ophys/events/VISp_3/trial_0/phase_1/lib_ab4a70858e/lib_ab4a70858e__delay_0.09__dur_0.0.h5
245,0.06,0.0,ab4a70858e,0.14220251142978668,-6.268656716417908,-13.443396226415096,22.515923572829163,17.91,30,34,9,2.827433388230814,3,5.0,6,0.07,/mnt/ceph-hdd/workspaces/ws/cidbn_wibral_neuro_nonhuman/u19361-allen-hdd/results/zebra/meso/sub-832700_ses-multiplane-ophys-832700-2026-01-24-12-06-12_ophys/events/VISp_3/trial_0/phase_1/lib_ab4a70858e/lib_ab4a70858e__delay_0.06__dur_0.0.h5
246,0.09,0.0,ab4a70858e,0.11050137877464294,-9.850746268656714,-22.40566037735849,22.515923572829163,7.16,28,39,9,2.827433388230814,0,2.0,12,1.3,/mnt/ceph-hdd/workspaces/ws/cidbn_wibral_neuro_nonhuman/u19361-allen-hdd/results/zebra/meso/sub-832700_ses-multiplane-ophys-832700-2026-01-24-12-06-12_ophys/events/VISp_3/trial_0/phase_1/lib_ab4a70858e/lib_ab4a70858e__delay_0.09__dur_0.0.h5
247,0.03,0.0,ab4a70858e,0.1315225511789322,-9.850746268656714,29.575471698113205,0.0,14.32,28,10,0,0.0,2,4.0,11,1.2,/mnt/ceph-hdd/workspaces/ws/cidbn_wibral_neuro_nonhuman/u19361-allen-hdd/results/zebra/meso/sub-832700_ses-multiplane-ophys-832700-2026-01-24-12-06-12_ophys/events/VISp_3/trial_0/phase_1/lib_ab4a70858e/lib_ab4a70858e__delay_0.03__dur_0.0.h5
248,0.09,0.0,ab4a70858e,0.11605625599622726,-2.6865671641791025,-24.19811320754717,45.02251307527088,28.65,32,40,2,0.6283185307179586,5,8.0,12,1.3,/mnt/ceph-hdd/workspaces/ws/cidbn_wibral_neuro_nonhuman/u19361-allen-hdd/results/zebra/meso/sub-832700_ses-multiplane-ophys-832700-2026-01-24-12-06-12_ophys/events/VISp_3/trial_0/phase_1/lib_ab4a70858e/lib_ab4a70858e__delay_0.09__dur_0.0.h5
249,0.12,0.2,ab4a70858e,0.2135697603225708,-4.477611940298509,-13.443396226415096,0.0,14.32,31,34,0,0.0,2,4.0,11,1.2,/mnt/ceph-hdd/workspaces/ws/cidbn_wibral_neuro_nonhuman/u19361-allen-hdd/results/zebra/meso/sub-832700_ses-multiplane-ophys-832700-2026-01-24-12-06-12_ophys/events/VISp_3/trial_0/phase_1/lib_ab4a70858e/lib_ab4a70858e__delay_0.12__dur_0.2.h5
25,0.12,0.2,ab4a70858e,0.10394072532653809,11.641791044776127,-8.066037735849058,22.515923572829195,14.32,40,31,1,0.3141592653589793,2,4.0,11,1.2,/mnt/ceph-hdd/workspaces/ws/cidbn_wibral_neuro_nonhuman/u19361-allen-hdd/results/zebra/meso/sub-832700_ses-multiplane-ophys-832700-2026-01-24-12-06-12_ophys/events/VISp_3/trial_0/phase_1/lib_ab4a70858e/lib_ab4a70858e__delay_0.12__dur_0.2.h5
250,0.12,0.0,ab4a70858e,0.1158457100391388,27.761194029850756,-34.95283018867924,22.515923572829163,7.16,49,46,9,2.827433388230814,0,2.0,12,1.3,/mnt/ceph-hdd/workspaces/ws/cidbn_wibral_neuro_nonhuman/u19361-allen-hdd/results/zebra/meso/sub-832700_ses-multiplane-ophys-832700-2026-01-24-12-06-12_ophys/events/VISp_3/trial_0/phase_1/lib_ab4a70858e/lib_ab4a70858e__delay_0.12__dur_0.0.h5
251,0.0,0.2,ab4a70858e,0.10641665756702423,-2.6865671641791025,-17.028301886792452,22.515923572829195,17.91,32,36,1,0.3141592653589793,3,5.0,8,0.09,/mnt/ceph-hdd/workspaces/ws/cidbn_wibral_neuro_nonhuman/u19361-allen-hdd/results/zebra/meso/sub-832700_ses-multiplane-ophys-832700-2026-01-24-12-06-12_ophys/events/VISp_3/trial_0/phase_1/lib_ab4a70858e/lib_ab4a70858e__delay_0.0__dur_0.2.h5
252,0.12,0.0,ab4a70858e,0.25346866250038147,-15.223880597014926,-2.6886792452830193,0.0,17.91,25,28,0,0.0,3,5.0,1,0.02,/mnt/ceph-hdd/workspaces/ws/cidbn_wibral_neuro_nonhuman/u19361-allen-hdd/results/zebra/meso/sub-832700_ses-multiplane-ophys-832700-2026-01-24-12-06-12_ophys/events/VISp_3/trial_0/phase_1/lib_ab4a70858e/lib_ab4a70858e__delay_0.12__dur_0.0.h5
253,0.0,0.2,ab4a70858e,0.14314541220664978,-8.059701492537314,-11.650943396226417,0.0,17.91,29,33,0,0.0,3,5.0,5,0.06,/mnt/ceph-hdd/workspaces/ws/cidbn_wibral_neuro_nonhuman/u19361-allen-hdd/results/zebra/meso/sub-832700_ses-multiplane-ophys-832700-2026-01-24-12-06-12_ophys/events/VISp_3/trial_0/phase_1/lib_ab4a70858e/lib_ab4a70858e__delay_0.0__dur_0.2.h5
254,0.12,0.2,ab4a70858e,0.11223345994949341,-25.970149253731343,6.273584905660378,67.51591472682667,7.16,19,23,3,0.9424777960769379,0,2.0,11,1.2,/mnt/ceph-hdd/workspaces/ws/cidbn_wibral_neuro_nonhuman/u19361-allen-hdd/results/zebra/meso/sub-832700_ses-multiplane-ophys-832700-2026-01-24-12-06-12_ophys/events/VISp_3/trial_0/phase_1/lib_ab4a70858e/lib_ab4a70858e__delay_0.12__dur_0.2.h5
255,0.06,0.0,ab4a70858e,0.17916959524154663,-15.223880597014926,-11.650943396226417,112.48408527317332,14.32,25,33,5,1.5707963267948966,2,4.0,9,0.1,/mnt/ceph-hdd/workspaces/ws/cidbn_wibral_neuro_nonhuman/u19361-allen-hdd/results/zebra/meso/sub-832700_ses-multiplane-ophys-832700-2026-01-24-12-06-12_ophys/events/VISp_3/trial_0/phase_1/lib_ab4a70858e/lib_ab4a70858e__delay_0.06__dur_0.0.h5
256,0.06,0.2,ab4a70858e,0.11551482230424881,47.462686567164184,-29.57547169811321,90.0,17.91,60,43,4,1.2566370614359172,3,5.0,12,1.3,/mnt/ceph-hdd/workspaces/ws/cidbn_wibral_neuro_nonhuman/u19361-allen-hdd/results/zebra/meso/sub-832700_ses-multiplane-ophys-832700-2026-01-24-12-06-12_ophys/events/VISp_3/trial_0/phase_1/lib_ab4a70858e/lib_ab4a70858e__delay_0.06__dur_0.2.h5
257,0.15,0.2,ab4a70858e,0.12609778344631195,6.268656716417908,47.5,45.02251307527088,14.32,37,0,2,0.6283185307179586,2,4.0,12,1.3,/mnt/ceph-hdd/workspaces/ws/cidbn_wibral_neuro_nonhuman/u19361-allen-hdd/results/zebra/meso/sub-832700_ses-multiplane-ophys-832700-2026-01-24-12-06-12_ophys/events/VISp_3/trial_0/phase_1/lib_ab4a70858e/lib_ab4a70858e__delay_0.15__dur_0.2.h5
258,0.0,0.2,ab4a70858e,0.17305533587932587,20.59701492537313,24.198113207547166,157.4840764271708,14.32,45,13,7,2.199114857512855,2,4.0,12,1.3,/mnt/ceph-hdd/workspaces/ws/cidbn_wibral_neuro_nonhuman/u19361-allen-hdd/results/zebra/meso/sub-832700_ses-multiplane-ophys-832700-2026-01-24-12-06-12_ophys/events/VISp_3/trial_0/phase_1/lib_ab4a70858e/lib_ab4a70858e__delay_0.0__dur_0.2.h5
259,0.12,0.2,ab4a70858e,0.11134221404790878,-15.223880597014926,2.6886792452830193,112.48408527317332,14.32,25,25,5,1.5707963267948966,2,4.0,12,1.3,/mnt/ceph-hdd/workspaces/ws/cidbn_wibral_neuro_nonhuman/u19361-allen-hdd/results/zebra/meso/sub-832700_ses-multiplane-ophys-832700-2026-01-24-12-06-12_ophys/events/VISp_3/trial_0/phase_1/lib_ab4a70858e/lib_ab4a70858e__delay_0.12__dur_0.2.h5
26,0.06,0.2,ab4a70858e,0.1546756774187088,2.6865671641791096,4.481132075471699,0.0,17.91,35,24,0,0.0,3,5.0,8,0.09,/mnt/ceph-hdd/workspaces/ws/cidbn_wibral_neuro_nonhuman/u19361-allen-hdd/results/zebra/meso/sub-832700_ses-multiplane-ophys-832700-2026-01-24-12-06-12_ophys/events/VISp_3/trial_0/phase_1/lib_ab4a70858e/lib_ab4a70858e__delay_0.06__dur_0.2.h5
260,0.03,0.0,ab4a70858e,0.10808008164167404,-6.268656716417908,-20.61320754716981,157.4840764271708,17.91,30,38,7,2.199114857512855,3,5.0,1,0.02,/mnt/ceph-hdd/workspaces/ws/cidbn_wibral_neuro_nonhuman/u19361-allen-hdd/results/zebra/meso/sub-832700_ses-multiplane-ophys-832700-2026-01-24-12-06-12_ophys/events/VISp_3/trial_0/phase_1/lib_ab4a70858e/lib_ab4a70858e__delay_0.03__dur_0.0.h5
261,0.09,0.0,ab4a70858e,0.13160470128059387,-4.477611940298509,-15.235849056603776,67.51591472682667,21.49,31,35,3,0.9424777960769379,4,6.0,7,0.08,/mnt/ceph-hdd/workspaces/ws/cidbn_wibral_neuro_nonhuman/u19361-allen-hdd/results/zebra/meso/sub-832700_ses-multiplane-ophys-832700-2026-01-24-12-06-12_ophys/events/VISp_3/trial_0/phase_1/lib_ab4a70858e/lib_ab4a70858e__delay_0.09__dur_0.0.h5
262,0.12,0.0,ab4a70858e,0.12936510145664215,-8.059701492537314,-38.5377358490566,90.0,10.74,29,48,4,1.2566370614359172,1,3.0,10,1.1,/mnt/ceph-hdd/workspaces/ws/cidbn_wibral_neuro_nonhuman/u19361-allen-hdd/results/zebra/meso/sub-832700_ses-multiplane-ophys-832700-2026-01-24-12-06-12_ophys/events/VISp_3/trial_0/phase_1/lib_ab4a70858e/lib_ab4a70858e__delay_0.12__dur_0.0.h5
263,0.12,0.2,ab4a70858e,0.13404043018817902,-45.67164179104478,4.481132075471699,67.51591472682667,21.49,8,24,3,0.9424777960769379,4,6.0,12,1.3,/mnt/ceph-hdd/workspaces/ws/cidbn_wibral_neuro_nonhuman/u19361-allen-hdd/results/zebra/meso/sub-832700_ses-multiplane-ophys-832700-2026-01-24-12-06-12_ophys/events/VISp_3/trial_0/phase_1/lib_ab4a70858e/lib_ab4a70858e__delay_0.12__dur_0.2.h5
264,0.06,0.0,ab4a70858e,0.11987552046775818,-17.014925373134325,-11.650943396226417,157.4840764271708,10.74,24,33,7,2.199114857512855,1,3.0,9,0.1,/mnt/ceph-hdd/workspaces/ws/cidbn_wibral_neuro_nonhuman/u19361-allen-hdd/results/zebra/meso/sub-832700_ses-multiplane-ophys-832700-2026-01-24-12-06-12_ophys/events/VISp_3/trial_0/phase_1/lib_ab4a70858e/lib_ab4a70858e__delay_0.06__dur_0.0.h5
265,0.09,0.0,ab4a70858e,0.22521273791790009,-11.64179104477612,-6.273584905660378,0.0,14.32,27,30,0,0.0,2,4.0,4,0.05,/mnt/ceph-hdd/workspaces/ws/cidbn_wibral_neuro_nonhuman/u19361-allen-hdd/results/zebra/meso/sub-832700_ses-multiplane-ophys-832700-2026-01-24-12-06-12_ophys/events/VISp_3/trial_0/phase_1/lib_ab4a70858e/lib_ab4a70858e__delay_0.09__dur_0.0.h5
266,0.03,0.2,ab4a70858e,0.19329304993152618,-22.388059701492537,6.273584905660378,157.4840764271708,21.49,21,23,7,2.199114857512855,4,6.0,12,1.3,/mnt/ceph-hdd/workspaces/ws/cidbn_wibral_neuro_nonhuman/u19361-allen-hdd/results/zebra/meso/sub-832700_ses-multiplane-ophys-832700-2026-01-24-12-06-12_ophys/events/VISp_3/trial_0/phase_1/lib_ab4a70858e/lib_ab4a70858e__delay_0.03__dur_0.2.h5
267,0.15,0.0,ab4a70858e,0.10413233190774918,36.71641791044776,-15.235849056603776,157.4840764271708,7.16,54,35,7,2.199114857512855,0,2.0,9,0.1,/mnt/ceph-hdd/workspaces/ws/cidbn_wibral_neuro_nonhuman/u19361-allen-hdd/results/zebra/meso/sub-832700_ses-multiplane-ophys-832700-2026-01-24-12-06-12_ophys/events/VISp_3/trial_0/phase_1/lib_ab4a70858e/lib_ab4a70858e__delay_0.15__dur_0.0.h5
268,0.03,0.2,ab4a70858e,0.1341073215007782,-8.059701492537314,-6.273584905660378,90.0,10.74,29,30,4,1.2566370614359172,1,3.0,11,1.2,/mnt/ceph-hdd/workspaces/ws/cidbn_wibral_neuro_nonhuman/u19361-allen-hdd/results/zebra/meso/sub-832700_ses-multiplane-ophys-832700-2026-01-24-12-06-12_ophys/events/VISp_3/trial_0/phase_1/lib_ab4a70858e/lib_ab4a70858e__delay_0.03__dur_0.2.h5
269,0.09,0.2,ab4a70858e,0.16266074776649475,-11.64179104477612,6.273584905660378,45.02251307527088,21.49,27,23,2,0.6283185307179586,4,6.0,11,1.2,/mnt/ceph-hdd/workspaces/ws/cidbn_wibral_neuro_nonhuman/u19361-allen-hdd/results/zebra/meso/sub-832700_ses-multiplane-ophys-832700-2026-01-24-12-06-12_ophys/events/VISp_3/trial_0/phase_1/lib_ab4a70858e/lib_ab4a70858e__delay_0.09__dur_0.2.h5
27,0.06,0.0,ab4a70858e,0.10295362770557404,-0.8955223880596961,-2.6886792452830193,0.0,14.32,33,28,0,0.0,2,4.0,4,0.05,/mnt/ceph-hdd/workspaces/ws/cidbn_wibral_neuro_nonhuman/u19361-allen-hdd/results/zebra/meso/sub-832700_ses-multiplane-ophys-832700-2026-01-24-12-06-12_ophys/events/VISp_3/trial_0/phase_1/lib_ab4a70858e/lib_ab4a70858e__delay_0.06__dur_0.0.h5
270,0.09,0.2,ab4a70858e,0.11583143472671509,-8.059701492537314,8.066037735849058,67.51591472682667,7.16,29,22,3,0.9424777960769379,0,2.0,10,1.1,/mnt/ceph-hdd/workspaces/ws/cidbn_wibral_neuro_nonhuman/u19361-allen-hdd/results/zebra/meso/sub-832700_ses-multiplane-ophys-832700-2026-01-24-12-06-12_ophys/events/VISp_3/trial_0/phase_1/lib_ab4a70858e/lib_ab4a70858e__delay_0.09__dur_0.2.h5
271,0.03,0.2,ab4a70858e,0.14510542154312134,-4.477611940298509,-6.273584905660378,0.0,10.74,31,30,0,0.0,1,3.0,3,0.04,/mnt/ceph-hdd/workspaces/ws/cidbn_wibral_neuro_nonhuman/u19361-allen-hdd/results/zebra/meso/sub-832700_ses-multiplane-ophys-832700-2026-01-24-12-06-12_ophys/events/VISp_3/trial_0/phase_1/lib_ab4a70858e/lib_ab4a70858e__delay_0.03__dur_0.2.h5
272,0.12,0.0,ab4a70858e,0.09895021468400955,24.179104477611943,29.575471698113205,22.515923572829195,10.74,47,10,1,0.3141592653589793,1,3.0,10,1.1,/mnt/ceph-hdd/workspaces/ws/cidbn_wibral_neuro_nonhuman/u19361-allen-hdd/results/zebra/meso/sub-832700_ses-multiplane-ophys-832700-2026-01-24-12-06-12_ophys/events/VISp_3/trial_0/phase_1/lib_ab4a70858e/lib_ab4a70858e__delay_0.12__dur_0.0.h5
273,0.0,0.0,ab4a70858e,0.09292524307966232,-9.850746268656714,-15.235849056603776,22.515923572829195,28.65,28,35,1,0.3141592653589793,5,8.0,5,0.06,/mnt/ceph-hdd/workspaces/ws/cidbn_wibral_neuro_nonhuman/u19361-allen-hdd/results/zebra/meso/sub-832700_ses-multiplane-ophys-832700-2026-01-24-12-06-12_ophys/events/VISp_3/trial_0/phase_1/lib_ab4a70858e/lib_ab4a70858e__delay_0.0__dur_0.0.h5
274,0.0,0.2,ab4a70858e,0.12436852604150772,-33.134328358208954,-38.5377358490566,90.0,7.16,15,48,4,1.2566370614359172,0,2.0,11,1.2,/mnt/ceph-hdd/workspaces/ws/cidbn_wibral_neuro_nonhuman/u19361-allen-hdd/results/zebra/meso/sub-832700_ses-multiplane-ophys-832700-2026-01-24-12-06-12_ophys/events/VISp_3/trial_0/phase_1/lib_ab4a70858e/lib_ab4a70858e__delay_0.0__dur_0.2.h5
275,0.06,0.2,ab4a70858e,0.16238489747047424,-13.43283582089552,-4.481132075471699,157.4840764271708,10.74,26,29,7,2.199114857512855,1,3.0,12,1.3,/mnt/ceph-hdd/workspaces/ws/cidbn_wibral_neuro_nonhuman/u19361-allen-hdd/results/zebra/meso/sub-832700_ses-multiplane-ophys-832700-2026-01-24-12-06-12_ophys/events/VISp_3/trial_0/phase_1/lib_ab4a70858e/lib_ab4a70858e__delay_0.06__dur_0.2.h5
276,0.09,0.2,ab4a70858e,0.12368545681238174,-33.134328358208954,25.990566037735846,22.515923572829163,14.32,15,12,9,2.827433388230814,2,4.0,11,1.2,/mnt/ceph-hdd/workspaces/ws/cidbn_wibral_neuro_nonhuman/u19361-allen-hdd/results/zebra/meso/sub-832700_ses-multiplane-ophys-832700-2026-01-24-12-06-12_ophys/events/VISp_3/trial_0/phase_1/lib_ab4a70858e/lib_ab4a70858e__delay_0.09__dur_0.2.h5
277,0.0,0.2,ab4a70858e,0.12852232158184052,-2.6865671641791025,-2.6886792452830193,157.4840764271708,14.32,32,28,7,2.199114857512855,2,4.0,4,0.05,/mnt/ceph-hdd/workspaces/ws/cidbn_wibral_neuro_nonhuman/u19361-allen-hdd/results/zebra/meso/sub-832700_ses-multiplane-ophys-832700-2026-01-24-12-06-12_ophys/events/VISp_3/trial_0/phase_1/lib_ab4a70858e/lib_ab4a70858e__delay_0.0__dur_0.2.h5
278,0.09,0.0,ab4a70858e,0.14187178015708923,-8.059701492537314,-9.858490566037737,134.9774869247291,17.91,29,32,6,1.8849555921538759,3,5.0,2,0.03,/mnt/ceph-hdd/workspaces/ws/cidbn_wibral_neuro_nonhuman/u19361-allen-hdd/results/zebra/meso/sub-832700_ses-multiplane-ophys-832700-2026-01-24-12-06-12_ophys/events/VISp_3/trial_0/phase_1/lib_ab4a70858e/lib_ab4a70858e__delay_0.09__dur_0.0.h5
279,0.12,0.2,ab4a70858e,0.1035357117652893,47.462686567164184,-11.650943396226417,90.0,14.32,60,33,4,1.2566370614359172,2,4.0,11,1.2,/mnt/ceph-hdd/workspaces/ws/cidbn_wibral_neuro_nonhuman/u19361-allen-hdd/results/zebra/meso/sub-832700_ses-multiplane-ophys-832700-2026-01-24-12-06-12_ophys/events/VISp_3/trial_0/phase_1/lib_ab4a70858e/lib_ab4a70858e__delay_0.12__dur_0.2.h5
28,0.09,0.0,ab4a70858e,0.2500115633010864,9.85074626865672,-4.481132075471699,0.0,21.49,39,29,0,0.0,4,6.0,5,0.06,/mnt/ceph-hdd/workspaces/ws/cidbn_wibral_neuro_nonhuman/u19361-allen-hdd/results/zebra/meso/sub-832700_ses-multiplane-ophys-832700-2026-01-24-12-06-12_ophys/events/VISp_3/trial_0/phase_1/lib_ab4a70858e/lib_ab4a70858e__delay_0.09__dur_0.0.h5
280,0.06,0.0,ab4a70858e,0.11394179612398148,-18.80597014925373,-2.6886792452830193,22.515923572829195,14.32,23,28,1,0.3141592653589793,2,4.0,4,0.05,/mnt/ceph-hdd/workspaces/ws/cidbn_wibral_neuro_nonhuman/u19361-allen-hdd/results/zebra/meso/sub-832700_ses-multiplane-ophys-832700-2026-01-24-12-06-12_ophys/events/VISp_3/trial_0/phase_1/lib_ab4a70858e/lib_ab4a70858e__delay_0.06__dur_0.0.h5
281,0.06,0.2,ab4a70858e,0.10367938876152039,-17.014925373134325,18.820754716981128,67.51591472682667,7.16,24,16,3,0.9424777960769379,0,2.0,12,1.3,/mnt/ceph-hdd/workspaces/ws/cidbn_wibral_neuro_nonhuman/u19361-allen-hdd/results/zebra/meso/sub-832700_ses-multiplane-ophys-832700-2026-01-24-12-06-12_ophys/events/VISp_3/trial_0/phase_1/lib_ab4a70858e/lib_ab4a70858e__delay_0.06__dur_0.2.h5
282,0.06,0.0,ab4a70858e,0.09846335649490356,-0.8955223880596961,-2.6886792452830193,90.0,7.16,33,28,4,1.2566370614359172,0,2.0,11,1.2,/mnt/ceph-hdd/workspaces/ws/cidbn_wibral_neuro_nonhuman/u19361-allen-hdd/results/zebra/meso/sub-832700_ses-multiplane-ophys-832700-2026-01-24-12-06-12_ophys/events/VISp_3/trial_0/phase_1/lib_ab4a70858e/lib_ab4a70858e__delay_0.06__dur_0.0.h5
283,0.12,0.2,ab4a70858e,0.1378946155309677,31.343283582089555,25.990566037735846,157.4840764271708,14.32,51,12,7,2.199114857512855,2,4.0,12,1.3,/mnt/ceph-hdd/workspaces/ws/cidbn_wibral_neuro_nonhuman/u19361-allen-hdd/results/zebra/meso/sub-832700_ses-multiplane-ophys-832700-2026-01-24-12-06-12_ophys/events/VISp_3/trial_0/phase_1/lib_ab4a70858e/lib_ab4a70858e__delay_0.12__dur_0.2.h5
284,0.03,0.0,ab4a70858e,0.10192246735095978,49.25373134328359,-25.99056603773585,0.0,17.91,61,41,0,0.0,3,5.0,11,1.2,/mnt/ceph-hdd/workspaces/ws/cidbn_wibral_neuro_nonhuman/u19361-allen-hdd/results/zebra/meso/sub-832700_ses-multiplane-ophys-832700-2026-01-24-12-06-12_ophys/events/VISp_3/trial_0/phase_1/lib_ab4a70858e/lib_ab4a70858e__delay_0.03__dur_0.0.h5
285,0.12,0.2,ab4a70858e,0.15837673842906952,-18.80597014925373,-13.443396226415096,22.515923572829163,14.32,23,34,9,2.827433388230814,2,4.0,2,0.03,/mnt/ceph-hdd/workspaces/ws/cidbn_wibral_neuro_nonhuman/u19361-allen-hdd/results/zebra/meso/sub-832700_ses-multiplane-ophys-832700-2026-01-24-12-06-12_ophys/events/VISp_3/trial_0/phase_1/lib_ab4a70858e/lib_ab4a70858e__delay_0.12__dur_0.2.h5
286,0.15,0.0,ab4a70858e,0.15002606809139252,-9.850746268656714,22.405660377358487,0.0,14.32,28,14,0,0.0,2,4.0,12,1.3,/mnt/ceph-hdd/workspaces/ws/cidbn_wibral_neuro_nonhuman/u19361-allen-hdd/results/zebra/meso/sub-832700_ses-multiplane-ophys-832700-2026-01-24-12-06-12_ophys/events/VISp_3/trial_0/phase_1/lib_ab4a70858e/lib_ab4a70858e__delay_0.15__dur_0.0.h5
287,0.06,0.0,ab4a70858e,0.12980562448501587,-22.388059701492537,-11.650943396226417,180.0,28.65,21,33,8,2.5132741228718345,5,8.0,12,1.3,/mnt/ceph-hdd/workspaces/ws/cidbn_wibral_neuro_nonhuman/u19361-allen-hdd/results/zebra/meso/sub-832700_ses-multiplane-ophys-832700-2026-01-24-12-06-12_ophys/events/VISp_3/trial_0/phase_1/lib_ab4a70858e/lib_ab4a70858e__delay_0.06__dur_0.0.h5
288,0.06,0.2,ab4a70858e,0.1100277453660965,-4.477611940298509,43.91509433962264,180.0,7.16,31,2,8,2.5132741228718345,0,2.0,12,1.3,/mnt/ceph-hdd/workspaces/ws/cidbn_wibral_neuro_nonhuman/u19361-allen-hdd/results/zebra/meso/sub-832700_ses-multiplane-ophys-832700-2026-01-24-12-06-12_ophys/events/VISp_3/trial_0/phase_1/lib_ab4a70858e/lib_ab4a70858e__delay_0.06__dur_0.2.h5
289,0.09,0.2,ab4a70858e,0.1204417273402214,25.97014925373135,25.990566037735846,157.4840764271708,17.91,48,12,7,2.199114857512855,3,5.0,12,1.3,/mnt/ceph-hdd/workspaces/ws/cidbn_wibral_neuro_nonhuman/u19361-allen-hdd/results/zebra/meso/sub-832700_ses-multiplane-ophys-832700-2026-01-24-12-06-12_ophys/events/VISp_3/trial_0/phase_1/lib_ab4a70858e/lib_ab4a70858e__delay_0.09__dur_0.2.h5
29,0.09,0.2,ab4a70858e,0.10408896207809448,11.641791044776127,0.8962264150943398,45.02251307527088,17.91,40,26,2,0.6283185307179586,3,5.0,5,0.06,/mnt/ceph-hdd/workspaces/ws/cidbn_wibral_neuro_nonhuman/u19361-allen-hdd/results/zebra/meso/sub-832700_ses-multiplane-ophys-832700-2026-01-24-12-06-12_ophys/events/VISp_3/trial_0/phase_1/lib_ab4a70858e/lib_ab4a70858e__delay_0.09__dur_0.2.h5
290,0.09,0.0,ab4a70858e,0.1068866029381752,-43.88059701492537,-45.70754716981132,22.515923572829163,7.16,9,52,9,2.827433388230814,0,2.0,12,1.3,/mnt/ceph-hdd/workspaces/ws/cidbn_wibral_neuro_nonhuman/u19361-allen-hdd/results/zebra/meso/sub-832700_ses-multiplane-ophys-832700-2026-01-24-12-06-12_ophys/events/VISp_3/trial_0/phase_1/lib_ab4a70858e/lib_ab4a70858e__delay_0.09__dur_0.0.h5
291,0.03,0.0,ab4a70858e,0.12424249947071075,-18.80597014925373,-9.858490566037737,67.51591472682667,14.32,23,32,3,0.9424777960769379,2,4.0,12,1.3,/mnt/ceph-hdd/workspaces/ws/cidbn_wibral_neuro_nonhuman/u19361-allen-hdd/results/zebra/meso/sub-832700_ses-multiplane-ophys-832700-2026-01-24-12-06-12_ophys/events/VISp_3/trial_0/phase_1/lib_ab4a70858e/lib_ab4a70858e__delay_0.03__dur_0.0.h5
3,0.03,0.2,ab4a70858e,0.1186734065413475,13.43283582089552,-0.8962264150943398,134.9774869247291,14.32,41,27,6,1.8849555921538759,2,4.0,5,0.06,/mnt/ceph-hdd/workspaces/ws/cidbn_wibral_neuro_nonhuman/u19361-allen-hdd/results/zebra/meso/sub-832700_ses-multiplane-ophys-832700-2026-01-24-12-06-12_ophys/events/VISp_3/trial_0/phase_1/lib_ab4a70858e/lib_ab4a70858e__delay_0.03__dur_0.2.h5
30,0.03,0.2,ab4a70858e,0.12022717297077179,20.59701492537313,-0.8962264150943398,0.0,14.32,45,27,0,0.0,2,4.0,2,0.03,/mnt/ceph-hdd/workspaces/ws/cidbn_wibral_neuro_nonhuman/u19361-allen-hdd/results/zebra/meso/sub-832700_ses-multiplane-ophys-832700-2026-01-24-12-06-12_ophys/events/VISp_3/trial_0/phase_1/lib_ab4a70858e/lib_ab4a70858e__delay_0.03__dur_0.2.h5
31,0.15,0.0,ab4a70858e,0.10800012201070786,58.20895522388061,-8.066037735849058,45.02251307527088,28.65,66,31,2,0.6283185307179586,5,8.0,11,1.2,/mnt/ceph-hdd/workspaces/ws/cidbn_wibral_neuro_nonhuman/u19361-allen-hdd/results/zebra/meso/sub-832700_ses-multiplane-ophys-832700-2026-01-24-12-06-12_ophys/events/VISp_3/trial_0/phase_1/lib_ab4a70858e/lib_ab4a70858e__delay_0.15__dur_0.0.h5
32,0.09,0.0,ab4a70858e,0.2117355316877365,-6.268656716417908,0.8962264150943398,112.48408527317332,21.49,30,26,5,1.5707963267948966,4,6.0,4,0.05,/mnt/ceph-hdd/workspaces/ws/cidbn_wibral_neuro_nonhuman/u19361-allen-hdd/results/zebra/meso/sub-832700_ses-multiplane-ophys-832700-2026-01-24-12-06-12_ophys/events/VISp_3/trial_0/phase_1/lib_ab4a70858e/lib_ab4a70858e__delay_0.09__dur_0.0.h5
33,0.12,0.0,ab4a70858e,0.11119227856397629,11.641791044776127,-6.273584905660378,112.48408527317332,21.49,40,30,5,1.5707963267948966,4,6.0,3,0.04,/mnt/ceph-hdd/workspaces/ws/cidbn_wibral_neuro_nonhuman/u19361-allen-hdd/results/zebra/meso/sub-832700_ses-multiplane-ophys-832700-2026-01-24-12-06-12_ophys/events/VISp_3/trial_0/phase_1/lib_ab4a70858e/lib_ab4a70858e__delay_0.12__dur_0.0.h5
34,0.03,0.2,ab4a70858e,0.1684359759092331,-0.8955223880596961,-0.8962264150943398,67.51591472682667,14.32,33,27,3,0.9424777960769379,2,4.0,4,0.05,/mnt/ceph-hdd/workspaces/ws/cidbn_wibral_neuro_nonhuman/u19361-allen-hdd/results/zebra/meso/sub-832700_ses-multiplane-ophys-832700-2026-01-24-12-06-12_ophys/events/VISp_3/trial_0/phase_1/lib_ab4a70858e/lib_ab4a70858e__delay_0.03__dur_0.2.h5
35,0.15,0.2,ab4a70858e,0.09559225291013718,-4.477611940298509,-24.19811320754717,45.02251307527088,7.16,31,40,2,0.6283185307179586,0,2.0,12,1.3,/mnt/ceph-hdd/workspaces/ws/cidbn_wibral_neuro_nonhuman/u19361-allen-hdd/results/zebra/meso/sub-832700_ses-multiplane-ophys-832700-2026-01-24-12-06-12_ophys/events/VISp_3/trial_0/phase_1/lib_ab4a70858e/lib_ab4a70858e__delay_0.15__dur_0.2.h5
36,0.09,0.0,ab4a70858e,0.15833978354930878,4.477611940298516,-9.858490566037737,180.0,17.91,36,32,8,2.5132741228718345,3,5.0,7,0.08,/mnt/ceph-hdd/workspaces/ws/cidbn_wibral_neuro_nonhuman/u19361-allen-hdd/results/zebra/meso/sub-832700_ses-multiplane-ophys-832700-2026-01-24-12-06-12_ophys/events/VISp_3/trial_0/phase_1/lib_ab4a70858e/lib_ab4a70858e__delay_0.09__dur_0.0.h5
37,0.06,0.0,ab4a70858e,0.1004108414053917,6.268656716417908,-8.066037735849058,45.02251307527088,21.49,37,31,2,0.6283185307179586,4,6.0,9,0.1,/mnt/ceph-hdd/workspaces/ws/cidbn_wibral_neuro_nonhuman/u19361-allen-hdd/results/zebra/meso/sub-832700_ses-multiplane-ophys-832700-2026-01-24-12-06-12_ophys/events/VISp_3/trial_0/phase_1/lib_ab4a70858e/lib_ab4a70858e__delay_0.06__dur_0.0.h5
38,0.09,0.2,ab4a70858e,0.1359645277261734,4.477611940298516,-11.650943396226417,22.515923572829163,14.32,36,33,9,2.827433388230814,2,4.0,3,0.04,/mnt/ceph-hdd/workspaces/ws/cidbn_wibral_neuro_nonhuman/u19361-allen-hdd/results/zebra/meso/sub-832700_ses-multiplane-ophys-832700-2026-01-24-12-06-12_ophys/events/VISp_3/trial_0/phase_1/lib_ab4a70858e/lib_ab4a70858e__delay_0.09__dur_0.2.h5
39,0.0,0.2,ab4a70858e,0.1486249566078186,0.8955223880597032,-4.481132075471699,180.0,14.32,34,29,8,2.5132741228718345,2,4.0,12,1.3,/mnt/ceph-hdd/workspaces/ws/cidbn_wibral_neuro_nonhuman/u19361-allen-hdd/results/zebra/meso/sub-832700_ses-multiplane-ophys-832700-2026-01-24-12-06-12_ophys/events/VISp_3/trial_0/phase_1/lib_ab4a70858e/lib_ab4a70858e__delay_0.0__dur_0.2.h5
4,0.12,0.2,ab4a70858e,0.11673197895288467,-0.8955223880596961,-8.066037735849058,180.0,7.16,33,31,8,2.5132741228718345,0,2.0,12,1.3,/mnt/ceph-hdd/workspaces/ws/cidbn_wibral_neuro_nonhuman/u19361-allen-hdd/results/zebra/meso/sub-832700_ses-multiplane-ophys-832700-2026-01-24-12-06-12_ophys/events/VISp_3/trial_0/phase_1/lib_ab4a70858e/lib_ab4a70858e__delay_0.12__dur_0.2.h5
40,0.03,0.2,ab4a70858e,0.145677849650383,-9.850746268656714,-17.028301886792452,112.48408527317332,28.65,28,36,5,1.5707963267948966,5,8.0,11,1.2,/mnt/ceph-hdd/workspaces/ws/cidbn_wibral_neuro_nonhuman/u19361-allen-hdd/results/zebra/meso/sub-832700_ses-multiplane-ophys-832700-2026-01-24-12-06-12_ophys/events/VISp_3/trial_0/phase_1/lib_ab4a70858e/lib_ab4a70858e__delay_0.03__dur_0.2.h5
41,0.09,0.0,ab4a70858e,0.24686922132968903,0.8955223880597032,-8.066037735849058,0.0,14.32,34,31,0,0.0,2,4.0,6,0.07,/mnt/ceph-hdd/workspaces/ws/cidbn_wibral_neuro_nonhuman/u19361-allen-hdd/results/zebra/meso/sub-832700_ses-multiplane-ophys-832700-2026-01-24-12-06-12_ophys/events/VISp_3/trial_0/phase_1/lib_ab4a70858e/lib_ab4a70858e__delay_0.09__dur_0.0.h5
42,0.0,0.2,ab4a70858e,0.1665530949831009,4.477611940298516,-6.273584905660378,134.9774869247291,14.32,36,30,6,1.8849555921538759,2,4.0,8,0.09,/mnt/ceph-hdd/workspaces/ws/cidbn_wibral_neuro_nonhuman/u19361-allen-hdd/results/zebra/meso/sub-832700_ses-multiplane-ophys-832700-2026-01-24-12-06-12_ophys/events/VISp_3/trial_0/phase_1/lib_ab4a70858e/lib_ab4a70858e__delay_0.0__dur_0.2.h5
43,0.06,0.0,ab4a70858e,0.10178151726722717,-6.268656716417908,15.235849056603776,180.0,14.32,30,18,8,2.5132741228718345,2,4.0,11,1.2,/mnt/ceph-hdd/workspaces/ws/cidbn_wibral_neuro_nonhuman/u19361-allen-hdd/results/zebra/meso/sub-832700_ses-multiplane-ophys-832700-2026-01-24-12-06-12_ophys/events/VISp_3/trial_0/phase_1/lib_ab4a70858e/lib_ab4a70858e__delay_0.06__dur_0.0.h5
44,0.03,0.0,ab4a70858e,0.1074943095445633,-54.62686567164179,17.02830188679245,67.51591472682667,17.91,3,17,3,0.9424777960769379,3,5.0,11,1.2,/mnt/ceph-hdd/workspaces/ws/cidbn_wibral_neuro_nonhuman/u19361-allen-hdd/results/zebra/meso/sub-832700_ses-multiplane-ophys-832700-2026-01-24-12-06-12_ophys/events/VISp_3/trial_0/phase_1/lib_ab4a70858e/lib_ab4a70858e__delay_0.03__dur_0.0.h5
45,0.09,0.0,ab4a70858e,0.15808020532131195,6.268656716417908,-9.858490566037737,45.02251307527088,14.32,37,32,2,0.6283185307179586,2,4.0,9,0.1,/mnt/ceph-hdd/workspaces/ws/cidbn_wibral_neuro_nonhuman/u19361-allen-hdd/results/zebra/meso/sub-832700_ses-multiplane-ophys-832700-2026-01-24-12-06-12_ophys/events/VISp_3/trial_0/phase_1/lib_ab4a70858e/lib_ab4a70858e__delay_0.09__dur_0.0.h5
46,0.06,0.0,ab4a70858e,0.11855659633874893,-2.6865671641791025,-4.481132075471699,112.48408527317332,21.49,32,29,5,1.5707963267948966,4,6.0,6,0.07,/mnt/ceph-hdd/workspaces/ws/cidbn_wibral_neuro_nonhuman/u19361-allen-hdd/results/zebra/meso/sub-832700_ses-multiplane-ophys-832700-2026-01-24-12-06-12_ophys/events/VISp_3/trial_0/phase_1/lib_ab4a70858e/lib_ab4a70858e__delay_0.06__dur_0.0.h5
47,0.09,0.2,ab4a70858e,0.10918926447629929,2.6865671641791096,2.6886792452830193,0.0,14.32,35,25,0,0.0,2,4.0,3,0.04,/mnt/ceph-hdd/workspaces/ws/cidbn_wibral_neuro_nonhuman/u19361-allen-hdd/results/zebra/meso/sub-832700_ses-multiplane-ophys-832700-2026-01-24-12-06-12_ophys/events/VISp_3/trial_0/phase_1/lib_ab4a70858e/lib_ab4a70858e__delay_0.09__dur_0.2.h5
48,0.15,0.2,ab4a70858e,0.12670886516571045,-45.67164179104478,0.8962264150943398,67.51591472682667,21.49,8,26,3,0.9424777960769379,4,6.0,12,1.3,/mnt/ceph-hdd/workspaces/ws/cidbn_wibral_neuro_nonhuman/u19361-allen-hdd/results/zebra/meso/sub-832700_ses-multiplane-ophys-832700-2026-01-24-12-06-12_ophys/events/VISp_3/trial_0/phase_1/lib_ab4a70858e/lib_ab4a70858e__delay_0.15__dur_0.2.h5
49,0.09,0.2,ab4a70858e,0.09932063519954681,18.80597014925374,9.858490566037737,67.51591472682667,7.16,44,21,3,0.9424777960769379,0,2.0,10,1.1,/mnt/ceph-hdd/workspaces/ws/cidbn_wibral_neuro_nonhuman/u19361-allen-hdd/results/zebra/meso/sub-832700_ses-multiplane-ophys-832700-2026-01-24-12-06-12_ophys/events/VISp_3/trial_0/phase_1/lib_ab4a70858e/lib_ab4a70858e__delay_0.09__dur_0.2.h5
5,0.09,0.2,ab4a70858e,0.10133296996355057,18.80597014925374,-36.74528301886792,90.0,7.16,44,47,4,1.2566370614359172,0,2.0,10,1.1,/mnt/ceph-hdd/workspaces/ws/cidbn_wibral_neuro_nonhuman/u19361-allen-hdd/results/zebra/meso/sub-832700_ses-multiplane-ophys-832700-2026-01-24-12-06-12_ophys/events/VISp_3/trial_0/phase_1/lib_ab4a70858e/lib_ab4a70858e__delay_0.09__dur_0.2.h5
50,0.06,0.0,ab4a70858e,0.1426549106836319,-22.388059701492537,-8.066037735849058,45.02251307527088,21.49,21,31,2,0.6283185307179586,4,6.0,12,1.3,/mnt/ceph-hdd/workspaces/ws/cidbn_wibral_neuro_nonhuman/u19361-allen-hdd/results/zebra/meso/sub-832700_ses-multiplane-ophys-832700-2026-01-24-12-06-12_ophys/events/VISp_3/trial_0/phase_1/lib_ab4a70858e/lib_ab4a70858e__delay_0.06__dur_0.0.h5
51,0.15,0.2,ab4a70858e,0.1230844035744667,-2.6865671641791025,31.367924528301884,134.9774869247291,17.91,32,9,6,1.8849555921538759,3,5.0,12,1.3,/mnt/ceph-hdd/workspaces/ws/cidbn_wibral_neuro_nonhuman/u19361-allen-hdd/results/zebra/meso/sub-832700_ses-multiplane-ophys-832700-2026-01-24-12-06-12_ophys/events/VISp_3/trial_0/phase_1/lib_ab4a70858e/lib_ab4a70858e__delay_0.15__dur_0.2.h5
52,0.15,0.2,ab4a70858e,0.17878358066082,-2.6865671641791025,31.367924528301884,134.9774869247291,17.91,32,9,6,1.8849555921538759,3,5.0,12,1.3,/mnt/ceph-hdd/workspaces/ws/cidbn_wibral_neuro_nonhuman/u19361-allen-hdd/results/zebra/meso/sub-832700_ses-multiplane-ophys-832700-2026-01-24-12-06-12_ophys/events/VISp_3/trial_0/phase_1/lib_ab4a70858e/lib_ab4a70858e__delay_0.15__dur_0.2.h5
53,0.0,0.0,ab4a70858e,0.11364689469337463,-24.179104477611936,-33.160377358490564,112.48408527317332,17.91,20,45,5,1.5707963267948966,3,5.0,11,1.2,/mnt/ceph-hdd/workspaces/ws/cidbn_wibral_neuro_nonhuman/u19361-allen-hdd/results/zebra/meso/sub-832700_ses-multiplane-ophys-832700-2026-01-24-12-06-12_ophys/events/VISp_3/trial_0/phase_1/lib_ab4a70858e/lib_ab4a70858e__delay_0.0__dur_0.0.h5
54,0.12,0.0,ab4a70858e,0.10216058790683746,-24.179104477611936,-24.19811320754717,67.51591472682667,10.74,20,40,3,0.9424777960769379,1,3.0,12,1.3,/mnt/ceph-hdd/workspaces/ws/cidbn_wibral_neuro_nonhuman/u19361-allen-hdd/results/zebra/meso/sub-832700_ses-multiplane-ophys-832700-2026-01-24-12-06-12_ophys/events/VISp_3/trial_0/phase_1/lib_ab4a70858e/lib_ab4a70858e__delay_0.12__dur_0.0.h5
55,0.06,0.0,ab4a70858e,0.22147512435913086,6.268656716417908,-6.273584905660378,67.51591472682667,17.91,37,30,3,0.9424777960769379,3,5.0,8,0.09,/mnt/ceph-hdd/workspaces/ws/cidbn_wibral_neuro_nonhuman/u19361-allen-hdd/results/zebra/meso/sub-832700_ses-multiplane-ophys-832700-2026-01-24-12-06-12_ophys/events/VISp_3/trial_0/phase_1/lib_ab4a70858e/lib_ab4a70858e__delay_0.06__dur_0.0.h5
56,0.06,0.2,ab4a70858e,0.1425950527191162,8.059701492537314,-4.481132075471699,157.4840764271708,17.91,38,29,7,2.199114857512855,3,5.0,1,0.02,/mnt/ceph-hdd/workspaces/ws/cidbn_wibral_neuro_nonhuman/u19361-allen-hdd/results/zebra/meso/sub-832700_ses-multiplane-ophys-832700-2026-01-24-12-06-12_ophys/events/VISp_3/trial_0/phase_1/lib_ab4a70858e/lib_ab4a70858e__delay_0.06__dur_0.2.h5
57,0.03,0.2,ab4a70858e,0.14273247122764587,13.43283582089552,-6.273584905660378,180.0,28.65,41,30,8,2.5132741228718345,5,8.0,8,0.09,/mnt/ceph-hdd/workspaces/ws/cidbn_wibral_neuro_nonhuman/u19361-allen-hdd/results/zebra/meso/sub-832700_ses-multiplane-ophys-832700-2026-01-24-12-06-12_ophys/events/VISp_3/trial_0/phase_1/lib_ab4a70858e/lib_ab4a70858e__delay_0.03__dur_0.2.h5
58,0.12,0.0,ab4a70858e,0.12992964684963226,25.97014925373135,22.405660377358487,134.9774869247291,10.74,48,14,6,1.8849555921538759,1,3.0,10,1.1,/mnt/ceph-hdd/workspaces/ws/cidbn_wibral_neuro_nonhuman/u19361-allen-hdd/results/zebra/meso/sub-832700_ses-multiplane-ophys-832700-2026-01-24-12-06-12_ophys/events/VISp_3/trial_0/phase_1/lib_ab4a70858e/lib_ab4a70858e__delay_0.12__dur_0.0.h5
59,0.06,0.0,ab4a70858e,0.13903860747814178,2.6865671641791096,0.8962264150943398,67.51591472682667,17.91,35,26,3,0.9424777960769379,3,5.0,1,0.02,/mnt/ceph-hdd/workspaces/ws/cidbn_wibral_neuro_nonhuman/u19361-allen-hdd/results/zebra/meso/sub-832700_ses-multiplane-ophys-832700-2026-01-24-12-06-12_ophys/events/VISp_3/trial_0/phase_1/lib_ab4a70858e/lib_ab4a70858e__delay_0.06__dur_0.0.h5
6,0.03,0.0,ab4a70858e,0.11391791701316833,4.477611940298516,-22.40566037735849,157.4840764271708,10.74,36,39,7,2.199114857512855,1,3.0,12,1.3,/mnt/ceph-hdd/workspaces/ws/cidbn_wibral_neuro_nonhuman/u19361-allen-hdd/results/zebra/meso/sub-832700_ses-multiplane-ophys-832700-2026-01-24-12-06-12_ophys/events/VISp_3/trial_0/phase_1/lib_ab4a70858e/lib_ab4a70858e__delay_0.03__dur_0.0.h5
60,0.03,0.2,ab4a70858e,0.1188141256570816,25.97014925373135,-20.61320754716981,22.515923572829163,7.16,48,38,9,2.827433388230814,0,2.0,12,1.3,/mnt/ceph-hdd/workspaces/ws/cidbn_wibral_neuro_nonhuman/u19361-allen-hdd/results/zebra/meso/sub-832700_ses-multiplane-ophys-832700-2026-01-24-12-06-12_ophys/events/VISp_3/trial_0/phase_1/lib_ab4a70858e/lib_ab4a70858e__delay_0.03__dur_0.2.h5
61,0.03,0.0,ab4a70858e,0.10341329872608185,-13.43283582089552,38.5377358490566,45.02251307527088,28.65,26,5,2,0.6283185307179586,5,8.0,9,0.1,/mnt/ceph-hdd/workspaces/ws/cidbn_wibral_neuro_nonhuman/u19361-allen-hdd/results/zebra/meso/sub-832700_ses-multiplane-ophys-832700-2026-01-24-12-06-12_ophys/events/VISp_3/trial_0/phase_1/lib_ab4a70858e/lib_ab4a70858e__delay_0.03__dur_0.0.h5
62,0.03,0.2,ab4a70858e,0.11560934782028198,-4.477611940298509,-20.61320754716981,157.4840764271708,10.74,31,38,7,2.199114857512855,1,3.0,12,1.3,/mnt/ceph-hdd/workspaces/ws/cidbn_wibral_neuro_nonhuman/u19361-allen-hdd/results/zebra/meso/sub-832700_ses-multiplane-ophys-832700-2026-01-24-12-06-12_ophys/events/VISp_3/trial_0/phase_1/lib_ab4a70858e/lib_ab4a70858e__delay_0.03__dur_0.2.h5
63,0.03,0.2,ab4a70858e,0.35527098178863525,4.477611940298516,0.8962264150943398,0.0,17.91,36,26,0,0.0,3,5.0,1,0.02,/mnt/ceph-hdd/workspaces/ws/cidbn_wibral_neuro_nonhuman/u19361-allen-hdd/results/zebra/meso/sub-832700_ses-multiplane-ophys-832700-2026-01-24-12-06-12_ophys/events/VISp_3/trial_0/phase_1/lib_ab4a70858e/lib_ab4a70858e__delay_0.03__dur_0.2.h5
64,0.15,0.0,ab4a70858e,0.12048427760601044,0.8955223880597032,-20.61320754716981,67.51591472682667,7.16,34,38,3,0.9424777960769379,0,2.0,12,1.3,/mnt/ceph-hdd/workspaces/ws/cidbn_wibral_neuro_nonhuman/u19361-allen-hdd/results/zebra/meso/sub-832700_ses-multiplane-ophys-832700-2026-01-24-12-06-12_ophys/events/VISp_3/trial_0/phase_1/lib_ab4a70858e/lib_ab4a70858e__delay_0.15__dur_0.0.h5
65,0.06,0.0,ab4a70858e,0.1464884877204895,0.8955223880597032,-15.235849056603776,157.4840764271708,14.32,34,35,7,2.199114857512855,2,4.0,2,0.03,/mnt/ceph-hdd/workspaces/ws/cidbn_wibral_neuro_nonhuman/u19361-allen-hdd/results/zebra/meso/sub-832700_ses-multiplane-ophys-832700-2026-01-24-12-06-12_ophys/events/VISp_3/trial_0/phase_1/lib_ab4a70858e/lib_ab4a70858e__delay_0.06__dur_0.0.h5
66,0.06,0.2,ab4a70858e,0.10316765308380127,25.97014925373135,-22.40566037735849,112.48408527317332,10.74,48,39,5,1.5707963267948966,1,3.0,11,1.2,/mnt/ceph-hdd/workspaces/ws/cidbn_wibral_neuro_nonhuman/u19361-allen-hdd/results/zebra/meso/sub-832700_ses-multiplane-ophys-832700-2026-01-24-12-06-12_ophys/events/VISp_3/trial_0/phase_1/lib_ab4a70858e/lib_ab4a70858e__delay_0.06__dur_0.2.h5
67,0.0,0.2,ab4a70858e,0.13496831059455872,-24.179104477611936,6.273584905660378,45.02251307527088,17.91,20,23,2,0.6283185307179586,3,5.0,12,1.3,/mnt/ceph-hdd/workspaces/ws/cidbn_wibral_neuro_nonhuman/u19361-allen-hdd/results/zebra/meso/sub-832700_ses-multiplane-ophys-832700-2026-01-24-12-06-12_ophys/events/VISp_3/trial_0/phase_1/lib_ab4a70858e/lib_ab4a70858e__delay_0.0__dur_0.2.h5
68,0.15,0.2,ab4a70858e,0.18326722085475922,-2.6865671641791025,31.367924528301884,0.0,17.91,32,9,0,0.0,3,5.0,11,1.2,/mnt/ceph-hdd/workspaces/ws/cidbn_wibral_neuro_nonhuman/u19361-allen-hdd/results/zebra/meso/sub-832700_ses-multiplane-ophys-832700-2026-01-24-12-06-12_ophys/events/VISp_3/trial_0/phase_1/lib_ab4a70858e/lib_ab4a70858e__delay_0.15__dur_0.2.h5
69,0.03,0.2,ab4a70858e,0.12249044328927994,6.268656716417908,-6.273584905660378,45.02251307527088,10.74,37,30,2,0.6283185307179586,1,3.0,9,0.1,/mnt/ceph-hdd/workspaces/ws/cidbn_wibral_neuro_nonhuman/u19361-allen-hdd/results/zebra/meso/sub-832700_ses-multiplane-ophys-832700-2026-01-24-12-06-12_ophys/events/VISp_3/trial_0/phase_1/lib_ab4a70858e/lib_ab4a70858e__delay_0.03__dur_0.2.h5
7,0.03,0.2,ab4a70858e,0.09985092282295227,-51.04477611940298,29.575471698113205,0.0,7.16,5,10,0,0.0,0,2.0,12,1.3,/mnt/ceph-hdd/workspaces/ws/cidbn_wibral_neuro_nonhuman/u19361-allen-hdd/results/zebra/meso/sub-832700_ses-multiplane-ophys-832700-2026-01-24-12-06-12_ophys/events/VISp_3/trial_0/phase_1/lib_ab4a70858e/lib_ab4a70858e__delay_0.03__dur_0.2.h5
70,0.09,0.0,ab4a70858e,0.1137169897556305,-17.014925373134325,27.783018867924525,180.0,21.49,24,11,8,2.5132741228718345,4,6.0,8,0.09,/mnt/ceph-hdd/workspaces/ws/cidbn_wibral_neuro_nonhuman/u19361-allen-hdd/results/zebra/meso/sub-832700_ses-multiplane-ophys-832700-2026-01-24-12-06-12_ophys/events/VISp_3/trial_0/phase_1/lib_ab4a70858e/lib_ab4a70858e__delay_0.09__dur_0.0.h5
71,0.09,0.2,ab4a70858e,0.15389050543308258,-45.67164179104478,-17.028301886792452,45.02251307527088,10.74,8,36,2,0.6283185307179586,1,3.0,12,1.3,/mnt/ceph-hdd/workspaces/ws/cidbn_wibral_neuro_nonhuman/u19361-allen-hdd/results/zebra/meso/sub-832700_ses-multiplane-ophys-832700-2026-01-24-12-06-12_ophys/events/VISp_3/trial_0/phase_1/lib_ab4a70858e/lib_ab4a70858e__delay_0.09__dur_0.2.h5
72,0.03,0.2,ab4a70858e,0.25131314992904663,2.6865671641791096,-4.481132075471699,45.02251307527088,14.32,35,29,2,0.6283185307179586,2,4.0,0,0.01,/mnt/ceph-hdd/workspaces/ws/cidbn_wibral_neuro_nonhuman/u19361-allen-hdd/results/zebra/meso/sub-832700_ses-multiplane-ophys-832700-2026-01-24-12-06-12_ophys/events/VISp_3/trial_0/phase_1/lib_ab4a70858e/lib_ab4a70858e__delay_0.03__dur_0.2.h5
73,0.12,0.2,ab4a70858e,0.1536971926689148,4.477611940298516,-34.95283018867924,112.48408527317332,28.65,36,46,5,1.5707963267948966,5,8.0,11,1.2,/mnt/ceph-hdd/workspaces/ws/cidbn_wibral_neuro_nonhuman/u19361-allen-hdd/results/zebra/meso/sub-832700_ses-multiplane-ophys-832700-2026-01-24-12-06-12_ophys/events/VISp_3/trial_0/phase_1/lib_ab4a70858e/lib_ab4a70858e__delay_0.12__dur_0.2.h5
74,0.06,0.0,ab4a70858e,0.16163434088230133,4.477611940298516,-6.273584905660378,157.4840764271708,14.32,36,30,7,2.199114857512855,2,4.0,4,0.05,/mnt/ceph-hdd/workspaces/ws/cidbn_wibral_neuro_nonhuman/u19361-allen-hdd/results/zebra/meso/sub-832700_ses-multiplane-ophys-832700-2026-01-24-12-06-12_ophys/events/VISp_3/trial_0/phase_1/lib_ab4a70858e/lib_ab4a70858e__delay_0.06__dur_0.0.h5
75,0.06,0.2,ab4a70858e,0.16601788997650146,2.6865671641791096,2.6886792452830193,67.51591472682667,17.91,35,25,3,0.9424777960769379,3,5.0,1,0.02,/mnt/ceph-hdd/workspaces/ws/cidbn_wibral_neuro_nonhuman/u19361-allen-hdd/results/zebra/meso/sub-832700_ses-multiplane-ophys-832700-2026-01-24-12-06-12_ophys/events/VISp_3/trial_0/phase_1/lib_ab4a70858e/lib_ab4a70858e__delay_0.06__dur_0.2.h5
76,0.09,0.0,ab4a70858e,0.23739874362945557,0.8955223880597032,-4.481132075471699,22.515923572829195,14.32,34,29,1,0.3141592653589793,2,4.0,9,0.1,/mnt/ceph-hdd/workspaces/ws/cidbn_wibral_neuro_nonhuman/u19361-allen-hdd/results/zebra/meso/sub-832700_ses-multiplane-ophys-832700-2026-01-24-12-06-12_ophys/events/VISp_3/trial_0/phase_1/lib_ab4a70858e/lib_ab4a70858e__delay_0.09__dur_0.0.h5
77,0.06,0.2,ab4a70858e,0.18679484724998474,-0.8955223880596961,0.8962264150943398,22.515923572829195,14.32,33,26,1,0.3141592653589793,2,4.0,1,0.02,/mnt/ceph-hdd/workspaces/ws/cidbn_wibral_neuro_nonhuman/u19361-allen-hdd/results/zebra/meso/sub-832700_ses-multiplane-ophys-832700-2026-01-24-12-06-12_ophys/events/VISp_3/trial_0/phase_1/lib_ab4a70858e/lib_ab4a70858e__delay_0.06__dur_0.2.h5
78,0.0,0.0,ab4a70858e,0.12573422491550446,47.462686567164184,27.783018867924525,157.4840764271708,14.32,60,11,7,2.199114857512855,2,4.0,12,1.3,/mnt/ceph-hdd/workspaces/ws/cidbn_wibral_neuro_nonhuman/u19361-allen-hdd/results/zebra/meso/sub-832700_ses-multiplane-ophys-832700-2026-01-24-12-06-12_ophys/events/VISp_3/trial_0/phase_1/lib_ab4a70858e/lib_ab4a70858e__delay_0.0__dur_0.0.h5
79,0.0,0.2,ab4a70858e,0.13653501868247986,6.268656716417908,-8.066037735849058,22.515923572829195,10.74,37,31,1,0.3141592653589793,1,3.0,1,0.02,/mnt/ceph-hdd/workspaces/ws/cidbn_wibral_neuro_nonhuman/u19361-allen-hdd/results/zebra/meso/sub-832700_ses-multiplane-ophys-832700-2026-01-24-12-06-12_ophys/events/VISp_3/trial_0/phase_1/lib_ab4a70858e/lib_ab4a70858e__delay_0.0__dur_0.2.h5
8,0.09,0.0,ab4a70858e,0.17590078711509705,9.85074626865672,-2.6886792452830193,0.0,17.91,39,28,0,0.0,3,5.0,0,0.01,/mnt/ceph-hdd/workspaces/ws/cidbn_wibral_neuro_nonhuman/u19361-allen-hdd/results/zebra/meso/sub-832700_ses-multiplane-ophys-832700-2026-01-24-12-06-12_ophys/events/VISp_3/trial_0/phase_1/lib_ab4a70858e/lib_ab4a70858e__delay_0.09__dur_0.0.h5
80,0.03,0.2,ab4a70858e,0.16076476871967316,-29.55223880597015,27.783018867924525,67.51591472682667,17.91,17,11,3,0.9424777960769379,3,5.0,12,1.3,/mnt/ceph-hdd/workspaces/ws/cidbn_wibral_neuro_nonhuman/u19361-allen-hdd/results/zebra/meso/sub-832700_ses-multiplane-ophys-832700-2026-01-24-12-06-12_ophys/events/VISp_3/trial_0/phase_1/lib_ab4a70858e/lib_ab4a70858e__delay_0.03__dur_0.2.h5
81,0.03,0.2,ab4a70858e,0.11283346265554428,11.641791044776127,-17.028301886792452,180.0,7.16,40,36,8,2.5132741228718345,0,2.0,10,1.1,/mnt/ceph-hdd/workspaces/ws/cidbn_wibral_neuro_nonhuman/u19361-allen-hdd/results/zebra/meso/sub-832700_ses-multiplane-ophys-832700-2026-01-24-12-06-12_ophys/events/VISp_3/trial_0/phase_1/lib_ab4a70858e/lib_ab4a70858e__delay_0.03__dur_0.2.h5
82,0.12,0.0,ab4a70858e,0.11027052998542786,-24.179104477611936,18.820754716981128,67.51591472682667,7.16,20,16,3,0.9424777960769379,0,2.0,11,1.2,/mnt/ceph-hdd/workspaces/ws/cidbn_wibral_neuro_nonhuman/u19361-allen-hdd/results/zebra/meso/sub-832700_ses-multiplane-ophys-832700-2026-01-24-12-06-12_ophys/events/VISp_3/trial_0/phase_1/lib_ab4a70858e/lib_ab4a70858e__delay_0.12__dur_0.0.h5
83,0.06,0.2,ab4a70858e,0.17424191534519196,29.55223880597015,22.405660377358487,157.4840764271708,17.91,50,14,7,2.199114857512855,3,5.0,12,1.3,/mnt/ceph-hdd/workspaces/ws/cidbn_wibral_neuro_nonhuman/u19361-allen-hdd/results/zebra/meso/sub-832700_ses-multiplane-ophys-832700-2026-01-24-12-06-12_ophys/events/VISp_3/trial_0/phase_1/lib_ab4a70858e/lib_ab4a70858e__delay_0.06__dur_0.2.h5
84,0.09,0.0,ab4a70858e,0.12364274263381958,2.6865671641791096,-4.481132075471699,0.0,7.16,35,29,0,0.0,0,2.0,12,1.3,/mnt/ceph-hdd/workspaces/ws/cidbn_wibral_neuro_nonhuman/u19361-allen-hdd/results/zebra/meso/sub-832700_ses-multiplane-ophys-832700-2026-01-24-12-06-12_ophys/events/VISp_3/trial_0/phase_1/lib_ab4a70858e/lib_ab4a70858e__delay_0.09__dur_0.0.h5
85,0.0,0.2,ab4a70858e,0.1262885332107544,15.223880597014926,0.8962264150943398,112.48408527317332,7.16,42,26,5,1.5707963267948966,0,2.0,11,1.2,/mnt/ceph-hdd/workspaces/ws/cidbn_wibral_neuro_nonhuman/u19361-allen-hdd/results/zebra/meso/sub-832700_ses-multiplane-ophys-832700-2026-01-24-12-06-12_ophys/events/VISp_3/trial_0/phase_1/lib_ab4a70858e/lib_ab4a70858e__delay_0.0__dur_0.2.h5
86,0.15,0.0,ab4a70858e,0.11191576719284058,18.80597014925374,-15.235849056603776,22.515923572829195,17.91,44,35,1,0.3141592653589793,3,5.0,11,1.2,/mnt/ceph-hdd/workspaces/ws/cidbn_wibral_neuro_nonhuman/u19361-allen-hdd/results/zebra/meso/sub-832700_ses-multiplane-ophys-832700-2026-01-24-12-06-12_ophys/events/VISp_3/trial_0/phase_1/lib_ab4a70858e/lib_ab4a70858e__delay_0.15__dur_0.0.h5
87,0.06,0.2,ab4a70858e,0.10910267382860184,45.67164179104478,11.650943396226417,22.515923572829163,10.74,59,20,9,2.827433388230814,1,3.0,10,1.1,/mnt/ceph-hdd/workspaces/ws/cidbn_wibral_neuro_nonhuman/u19361-allen-hdd/results/zebra/meso/sub-832700_ses-multiplane-ophys-832700-2026-01-24-12-06-12_ophys/events/VISp_3/trial_0/phase_1/lib_ab4a70858e/lib_ab4a70858e__delay_0.06__dur_0.2.h5
88,0.06,0.2,ab4a70858e,0.21974167227745056,0.8955223880597032,-17.028301886792452,180.0,10.74,34,36,8,2.5132741228718345,1,3.0,2,0.03,/mnt/ceph-hdd/workspaces/ws/cidbn_wibral_neuro_nonhuman/u19361-allen-hdd/results/zebra/meso/sub-832700_ses-multiplane-ophys-832700-2026-01-24-12-06-12_ophys/events/VISp_3/trial_0/phase_1/lib_ab4a70858e/lib_ab4a70858e__delay_0.06__dur_0.2.h5
89,0.03,0.0,ab4a70858e,0.12363112717866898,-13.43283582089552,22.405660377358487,22.515923572829195,14.32,26,14,1,0.3141592653589793,2,4.0,11,1.2,/mnt/ceph-hdd/workspaces/ws/cidbn_wibral_neuro_nonhuman/u19361-allen-hdd/results/zebra/meso/sub-832700_ses-multiplane-ophys-832700-2026-01-24-12-06-12_ophys/events/VISp_3/trial_0/phase_1/lib_ab4a70858e/lib_ab4a70858e__delay_0.03__dur_0.0.h5
9,0.09,0.0,ab4a70858e,0.10449792444705963,-56.417910447761194,-22.40566037735849,180.0,10.74,2,39,8,2.5132741228718345,1,3.0,10,1.1,/mnt/ceph-hdd/workspaces/ws/cidbn_wibral_neuro_nonhuman/u19361-allen-hdd/results/zebra/meso/sub-832700_ses-multiplane-ophys-832700-2026-01-24-12-06-12_ophys/events/VISp_3/trial_0/phase_1/lib_ab4a70858e/lib_ab4a70858e__delay_0.09__dur_0.0.h5
90,0.0,0.2,ab4a70858e,0.11619991809129715,-11.64179104477612,9.858490566037737,112.48408527317332,21.49,27,21,5,1.5707963267948966,4,6.0,1,0.02,/mnt/ceph-hdd/workspaces/ws/cidbn_wibral_neuro_nonhuman/u19361-allen-hdd/results/zebra/meso/sub-832700_ses-multiplane-ophys-832700-2026-01-24-12-06-12_ophys/events/VISp_3/trial_0/phase_1/lib_ab4a70858e/lib_ab4a70858e__delay_0.0__dur_0.2.h5
91,0.03,0.0,ab4a70858e,0.13141049444675446,6.268656716417908,-4.481132075471699,0.0,10.74,37,29,0,0.0,1,3.0,11,1.2,/mnt/ceph-hdd/workspaces/ws/cidbn_wibral_neuro_nonhuman/u19361-allen-hdd/results/zebra/meso/sub-832700_ses-multiplane-ophys-832700-2026-01-24-12-06-12_ophys/events/VISp_3/trial_0/phase_1/lib_ab4a70858e/lib_ab4a70858e__delay_0.03__dur_0.0.h5
92,0.03,0.2,ab4a70858e,0.10075603425502777,-38.507462686567166,-8.066037735849058,67.51591472682667,17.91,12,31,3,0.9424777960769379,3,5.0,12,1.3,/mnt/ceph-hdd/workspaces/ws/cidbn_wibral_neuro_nonhuman/u19361-allen-hdd/results/zebra/meso/sub-832700_ses-multiplane-ophys-832700-2026-01-24-12-06-12_ophys/events/VISp_3/trial_0/phase_1/lib_ab4a70858e/lib_ab4a70858e__delay_0.03__dur_0.2.h5
93,0.03,0.2,ab4a70858e,0.14153610169887543,-38.507462686567166,0.8962264150943398,157.4840764271708,17.91,12,26,7,2.199114857512855,3,5.0,12,1.3,/mnt/ceph-hdd/workspaces/ws/cidbn_wibral_neuro_nonhuman/u19361-allen-hdd/results/zebra/meso/sub-832700_ses-multiplane-ophys-832700-2026-01-24-12-06-12_ophys/events/VISp_3/trial_0/phase_1/lib_ab4a70858e/lib_ab4a70858e__delay_0.03__dur_0.2.h5
94,0.0,0.2,ab4a70858e,0.16947275400161743,9.85074626865672,-4.481132075471699,134.9774869247291,21.49,39,29,6,1.8849555921538759,4,6.0,3,0.04,/mnt/ceph-hdd/workspaces/ws/cidbn_wibral_neuro_nonhuman/u19361-allen-hdd/results/zebra/meso/sub-832700_ses-multiplane-ophys-832700-2026-01-24-12-06-12_ophys/events/VISp_3/trial_0/phase_1/lib_ab4a70858e/lib_ab4a70858e__delay_0.0__dur_0.2.h5
95,0.15,0.2,ab4a70858e,0.10376617312431335,25.97014925373135,-20.61320754716981,22.515923572829163,10.74,48,38,9,2.827433388230814,1,3.0,12,1.3,/mnt/ceph-hdd/workspaces/ws/cidbn_wibral_neuro_nonhuman/u19361-allen-hdd/results/zebra/meso/sub-832700_ses-multiplane-ophys-832700-2026-01-24-12-06-12_ophys/events/VISp_3/trial_0/phase_1/lib_ab4a70858e/lib_ab4a70858e__delay_0.15__dur_0.2.h5
96,0.15,0.2,ab4a70858e,0.1404515951871872,45.67164179104478,25.990566037735846,157.4840764271708,14.32,59,12,7,2.199114857512855,2,4.0,10,1.1,/mnt/ceph-hdd/workspaces/ws/cidbn_wibral_neuro_nonhuman/u19361-allen-hdd/results/zebra/meso/sub-832700_ses-multiplane-ophys-832700-2026-01-24-12-06-12_ophys/events/VISp_3/trial_0/phase_1/lib_ab4a70858e/lib_ab4a70858e__delay_0.15__dur_0.2.h5
97,0.0,0.2,ab4a70858e,0.13596706092357635,-58.208955223880594,9.858490566037737,67.51591472682667,28.65,1,21,3,0.9424777960769379,5,8.0,12,1.3,/mnt/ceph-hdd/workspaces/ws/cidbn_wibral_neuro_nonhuman/u19361-allen-hdd/results/zebra/meso/sub-832700_ses-multiplane-ophys-832700-2026-01-24-12-06-12_ophys/events/VISp_3/trial_0/phase_1/lib_ab4a70858e/lib_ab4a70858e__delay_0.0__dur_0.2.h5
98,0.12,0.2,ab4a70858e,0.1201188936829567,-33.134328358208954,-6.273584905660378,112.48408527317332,10.74,15,30,5,1.5707963267948966,1,3.0,12,1.3,/mnt/ceph-hdd/workspaces/ws/cidbn_wibral_neuro_nonhuman/u19361-allen-hdd/results/zebra/meso/sub-832700_ses-multiplane-ophys-832700-2026-01-24-12-06-12_ophys/events/VISp_3/trial_0/phase_1/lib_ab4a70858e/lib_ab4a70858e__delay_0.12__dur_0.2.h5
99,0.03,0.2,ab4a70858e,0.13884718716144562,2.6865671641791096,-13.443396226415096,22.515923572829195,21.49,35,34,1,0.3141592653589793,4,6.0,9,0.1,/mnt/ceph-hdd/workspaces/ws/cidbn_wibral_neuro_nonhuman/u19361-allen-hdd/results/zebra/meso/sub-832700_ses-multiplane-ophys-832700-2026-01-24-12-06-12_ophys/events/VISp_3/trial_0/phase_1/lib_ab4a70858e/lib_ab4a70858e__delay_0.03__dur_0.2.h5
