unit_id,delay,duration,lib_id,abs_max_value,x_deg,y_deg,theta_deg,sigma_deg,xi,yi,theta_idx,theta_rad,sigma_idx,sigma,frequency_idx,frequency,source_file
0,0.06,0.0,ab4a70858e,0.13212555646896362,-13.43283582089552,-29.57547169811321,180.0,17.91,26,43,8,2.5132741228718345,3,5.0,12,1.3,/mnt/ceph-hdd/workspaces/ws/cidbn_wibral_neuro_nonhuman/u19361-allen-hdd/results/zebra/meso/sub-832700_ses-multiplane-ophys-832700-2026-01-24-12-06-12_ophys/events/VISp_1/trial_0/phase_0/lib_ab4a70858e/lib_ab4a70858e__delay_0.06__dur_0.0.h5
1,0.15,0.2,ab4a70858e,0.12379015237092972,-29.55223880597015,0.8962264150943398,0.0,14.32,17,26,0,0.0,2,4.0,11,1.2,/mnt/ceph-hdd/workspaces/ws/cidbn_wibral_neuro_nonhuman/u19361-allen-hdd/results/zebra/meso/sub-832700_ses-multiplane-ophys-832700-2026-01-24-12-06-12_ophys/events/VISp_1/trial_0/phase_0/lib_ab4a70858e/lib_ab4a70858e__delay_0.15__dur_0.2.h5
10,0.06,0.2,ab4a70858e,0.11381319910287857,9.85074626865672,-13.443396226415096,45.02251307527088,21.49,39,34,2,0.6283185307179586,4,6.0,9,0.1,/mnt/ceph-hdd/workspaces/ws/cidbn_wibral_neuro_nonhuman/u19361-allen-hdd/results/zebra/meso/sub-832700_ses-multiplane-ophys-832700-2026-01-24-12-06-12_ophys/events/VISp_1/trial_0/phase_0/lib_ab4a70858e/lib_ab4a70858e__delay_0.06__dur_0.2.h5
100,0.06,0.2,ab4a70858e,0.14830362796783447,6.268656716417908,-6.273584905660378,0.0,10.74,37,30,0,0.0,1,3.0,4,0.05,/mnt/ceph-hdd/workspaces/ws/cidbn_wibral_neuro_nonhuman/u19361-allen-hdd/results/zebra/meso/sub-832700_ses-multiplane-ophys-832700-2026-01-24-12-06-12_ophys/events/VISp_1/trial_0/phase_0/lib_ab4a70858e/lib_ab4a70858e__delay_0.06__dur_0.2.h5
101,0.09,0.0,ab4a70858e,0.2211293876171112,-0.8955223880596961,-17.028301886792452,22.515923572829163,14.32,33,36,9,2.827433388230814,2,4.0,8,0.09,/mnt/ceph-hdd/workspaces/ws/cidbn_wibral_neuro_nonhuman/u19361-allen-hdd/results/zebra/meso/sub-832700_ses-multiplane-ophys-832700-2026-01-24-12-06-12_ophys/events/VISp_1/trial_0/phase_0/lib_ab4a70858e/lib_ab4a70858e__delay_0.09__dur_0.0.h5
102,0.0,0.2,ab4a70858e,0.1521424502134323,-0.8955223880596961,-8.066037735849058,67.51591472682667,14.32,33,31,3,0.9424777960769379,2,4.0,9,0.1,/mnt/ceph-hdd/workspaces/ws/cidbn_wibral_neuro_nonhuman/u19361-allen-hdd/results/zebra/meso/sub-832700_ses-multiplane-ophys-832700-2026-01-24-12-06-12_ophys/events/VISp_1/trial_0/phase_0/lib_ab4a70858e/lib_ab4a70858e__delay_0.0__dur_0.2.h5
103,0.0,0.2,ab4a70858e,0.20832182466983795,-0.8955223880596961,-13.443396226415096,134.9774869247291,17.91,33,34,6,1.8849555921538759,3,5.0,9,0.1,/mnt/ceph-hdd/workspaces/ws/cidbn_wibral_neuro_nonhuman/u19361-allen-hdd/results/zebra/meso/sub-832700_ses-multiplane-ophys-832700-2026-01-24-12-06-12_ophys/events/VISp_1/trial_0/phase_0/lib_ab4a70858e/lib_ab4a70858e__delay_0.0__dur_0.2.h5
104,0.12,0.2,ab4a70858e,0.18801851570606232,-2.6865671641791025,-11.650943396226417,67.51591472682667,14.32,32,33,3,0.9424777960769379,2,4.0,9,0.1,/mnt/ceph-hdd/workspaces/ws/cidbn_wibral_neuro_nonhuman/u19361-allen-hdd/results/zebra/meso/sub-832700_ses-multiplane-ophys-832700-2026-01-24-12-06-12_ophys/events/VISp_1/trial_0/phase_0/lib_ab4a70858e/lib_ab4a70858e__delay_0.12__dur_0.2.h5
105,0.03,0.2,ab4a70858e,0.1498061865568161,-0.8955223880596961,-11.650943396226417,0.0,7.16,33,33,0,0.0,0,2.0,11,1.2,/mnt/ceph-hdd/workspaces/ws/cidbn_wibral_neuro_nonhuman/u19361-allen-hdd/results/zebra/meso/sub-832700_ses-multiplane-ophys-832700-2026-01-24-12-06-12_ophys/events/VISp_1/trial_0/phase_0/lib_ab4a70858e/lib_ab4a70858e__delay_0.03__dur_0.2.h5
106,0.06,0.2,ab4a70858e,0.1744471937417984,0.8955223880597032,-15.235849056603776,22.515923572829195,10.74,34,35,1,0.3141592653589793,1,3.0,9,0.1,/mnt/ceph-hdd/workspaces/ws/cidbn_wibral_neuro_nonhuman/u19361-allen-hdd/results/zebra/meso/sub-832700_ses-multiplane-ophys-832700-2026-01-24-12-06-12_ophys/events/VISp_1/trial_0/phase_0/lib_ab4a70858e/lib_ab4a70858e__delay_0.06__dur_0.2.h5
107,0.09,0.0,ab4a70858e,0.22942666709423065,2.6865671641791096,-9.858490566037737,90.0,14.32,35,32,4,1.2566370614359172,2,4.0,8,0.09,/mnt/ceph-hdd/workspaces/ws/cidbn_wibral_neuro_nonhuman/u19361-allen-hdd/results/zebra/meso/sub-832700_ses-multiplane-ophys-832700-2026-01-24-12-06-12_ophys/events/VISp_1/trial_0/phase_0/lib_ab4a70858e/lib_ab4a70858e__delay_0.09__dur_0.0.h5
108,0.12,0.0,ab4a70858e,0.1665201336145401,11.641791044776127,-9.858490566037737,157.4840764271708,10.74,40,32,7,2.199114857512855,1,3.0,9,0.1,/mnt/ceph-hdd/workspaces/ws/cidbn_wibral_neuro_nonhuman/u19361-allen-hdd/results/zebra/meso/sub-832700_ses-multiplane-ophys-832700-2026-01-24-12-06-12_ophys/events/VISp_1/trial_0/phase_0/lib_ab4a70858e/lib_ab4a70858e__delay_0.12__dur_0.0.h5
109,0.06,0.2,ab4a70858e,0.2129315286874771,6.268656716417908,-15.235849056603776,22.515923572829195,21.49,37,35,1,0.3141592653589793,4,6.0,8,0.09,/mnt/ceph-hdd/workspaces/ws/cidbn_wibral_neuro_nonhuman/u19361-allen-hdd/results/zebra/meso/sub-832700_ses-multiplane-ophys-832700-2026-01-24-12-06-12_ophys/events/VISp_1/trial_0/phase_0/lib_ab4a70858e/lib_ab4a70858e__delay_0.06__dur_0.2.h5
11,0.15,0.2,ab4a70858e,0.29186341166496277,-22.388059701492537,4.481132075471699,157.4840764271708,17.91,21,24,7,2.199114857512855,3,5.0,12,1.3,/mnt/ceph-hdd/workspaces/ws/cidbn_wibral_neuro_nonhuman/u19361-allen-hdd/results/zebra/meso/sub-832700_ses-multiplane-ophys-832700-2026-01-24-12-06-12_ophys/events/VISp_1/trial_0/phase_0/lib_ab4a70858e/lib_ab4a70858e__delay_0.15__dur_0.2.h5
110,0.03,0.2,ab4a70858e,0.23091372847557068,2.6865671641791096,-9.858490566037737,45.02251307527088,14.32,35,32,2,0.6283185307179586,2,4.0,7,0.08,/mnt/ceph-hdd/workspaces/ws/cidbn_wibral_neuro_nonhuman/u19361-allen-hdd/results/zebra/meso/sub-832700_ses-multiplane-ophys-832700-2026-01-24-12-06-12_ophys/events/VISp_1/trial_0/phase_0/lib_ab4a70858e/lib_ab4a70858e__delay_0.03__dur_0.2.h5
111,0.03,0.2,ab4a70858e,0.1756730079650879,4.477611940298516,-8.066037735849058,157.4840764271708,14.32,36,31,7,2.199114857512855,2,4.0,4,0.05,/mnt/ceph-hdd/workspaces/ws/cidbn_wibral_neuro_nonhuman/u19361-allen-hdd/results/zebra/meso/sub-832700_ses-multiplane-ophys-832700-2026-01-24-12-06-12_ophys/events/VISp_1/trial_0/phase_0/lib_ab4a70858e/lib_ab4a70858e__delay_0.03__dur_0.2.h5
112,0.09,0.0,ab4a70858e,0.14980565011501312,8.059701492537314,-6.273584905660378,180.0,14.32,38,30,8,2.5132741228718345,2,4.0,9,0.1,/mnt/ceph-hdd/workspaces/ws/cidbn_wibral_neuro_nonhuman/u19361-allen-hdd/results/zebra/meso/sub-832700_ses-multiplane-ophys-832700-2026-01-24-12-06-12_ophys/events/VISp_1/trial_0/phase_0/lib_ab4a70858e/lib_ab4a70858e__delay_0.09__dur_0.0.h5
113,0.15,0.2,ab4a70858e,0.1756156086921692,-24.179104477611936,8.066037735849058,157.4840764271708,17.91,20,22,7,2.199114857512855,3,5.0,12,1.3,/mnt/ceph-hdd/workspaces/ws/cidbn_wibral_neuro_nonhuman/u19361-allen-hdd/results/zebra/meso/sub-832700_ses-multiplane-ophys-832700-2026-01-24-12-06-12_ophys/events/VISp_1/trial_0/phase_0/lib_ab4a70858e/lib_ab4a70858e__delay_0.15__dur_0.2.h5
114,0.09,0.0,ab4a70858e,0.17044579982757568,-8.059701492537314,-8.066037735849058,134.9774869247291,14.32,29,31,6,1.8849555921538759,2,4.0,8,0.09,/mnt/ceph-hdd/workspaces/ws/cidbn_wibral_neuro_nonhuman/u19361-allen-hdd/results/zebra/meso/sub-832700_ses-multiplane-ophys-832700-2026-01-24-12-06-12_ophys/events/VISp_1/trial_0/phase_0/lib_ab4a70858e/lib_ab4a70858e__delay_0.09__dur_0.0.h5
115,0.03,0.2,ab4a70858e,0.13948854804039001,-0.8955223880596961,-8.066037735849058,22.515923572829195,17.91,33,31,1,0.3141592653589793,3,5.0,8,0.09,/mnt/ceph-hdd/workspaces/ws/cidbn_wibral_neuro_nonhuman/u19361-allen-hdd/results/zebra/meso/sub-832700_ses-multiplane-ophys-832700-2026-01-24-12-06-12_ophys/events/VISp_1/trial_0/phase_0/lib_ab4a70858e/lib_ab4a70858e__delay_0.03__dur_0.2.h5
116,0.09,0.2,ab4a70858e,0.11545704305171967,18.80597014925374,-17.028301886792452,67.51591472682667,17.91,44,36,3,0.9424777960769379,3,5.0,9,0.1,/mnt/ceph-hdd/workspaces/ws/cidbn_wibral_neuro_nonhuman/u19361-allen-hdd/results/zebra/meso/sub-832700_ses-multiplane-ophys-832700-2026-01-24-12-06-12_ophys/events/VISp_1/trial_0/phase_0/lib_ab4a70858e/lib_ab4a70858e__delay_0.09__dur_0.2.h5
117,0.0,0.2,ab4a70858e,0.15301109850406647,0.8955223880597032,-2.6886792452830193,180.0,21.49,34,28,8,2.5132741228718345,4,6.0,6,0.07,/mnt/ceph-hdd/workspaces/ws/cidbn_wibral_neuro_nonhuman/u19361-allen-hdd/results/zebra/meso/sub-832700_ses-multiplane-ophys-832700-2026-01-24-12-06-12_ophys/events/VISp_1/trial_0/phase_0/lib_ab4a70858e/lib_ab4a70858e__delay_0.0__dur_0.2.h5
118,0.06,0.0,ab4a70858e,0.20721367001533508,2.6865671641791096,-9.858490566037737,67.51591472682667,17.91,35,32,3,0.9424777960769379,3,5.0,7,0.08,/mnt/ceph-hdd/workspaces/ws/cidbn_wibral_neuro_nonhuman/u19361-allen-hdd/results/zebra/meso/sub-832700_ses-multiplane-ophys-832700-2026-01-24-12-06-12_ophys/events/VISp_1/trial_0/phase_0/lib_ab4a70858e/lib_ab4a70858e__delay_0.06__dur_0.0.h5
119,0.12,0.0,ab4a70858e,0.11509391665458679,0.8955223880597032,8.066037735849058,112.48408527317332,17.91,34,22,5,1.5707963267948966,3,5.0,11,1.2,/mnt/ceph-hdd/workspaces/ws/cidbn_wibral_neuro_nonhuman/u19361-allen-hdd/results/zebra/meso/sub-832700_ses-multiplane-ophys-832700-2026-01-24-12-06-12_ophys/events/VISp_1/trial_0/phase_0/lib_ab4a70858e/lib_ab4a70858e__delay_0.12__dur_0.0.h5
12,0.0,0.2,ab4a70858e,0.12551996111869812,9.85074626865672,-9.858490566037737,67.51591472682667,21.49,39,32,3,0.9424777960769379,4,6.0,4,0.05,/mnt/ceph-hdd/workspaces/ws/cidbn_wibral_neuro_nonhuman/u19361-allen-hdd/results/zebra/meso/sub-832700_ses-multiplane-ophys-832700-2026-01-24-12-06-12_ophys/events/VISp_1/trial_0/phase_0/lib_ab4a70858e/lib_ab4a70858e__delay_0.0__dur_0.2.h5
120,0.03,0.2,ab4a70858e,0.2196304053068161,-4.477611940298509,-4.481132075471699,45.02251307527088,14.32,31,29,2,0.6283185307179586,2,4.0,9,0.1,/mnt/ceph-hdd/workspaces/ws/cidbn_wibral_neuro_nonhuman/u19361-allen-hdd/results/zebra/meso/sub-832700_ses-multiplane-ophys-832700-2026-01-24-12-06-12_ophys/events/VISp_1/trial_0/phase_0/lib_ab4a70858e/lib_ab4a70858e__delay_0.03__dur_0.2.h5
121,0.03,0.2,ab4a70858e,0.11878360062837601,-38.507462686567166,20.613207547169807,22.515923572829195,10.74,12,15,1,0.3141592653589793,1,3.0,12,1.3,/mnt/ceph-hdd/workspaces/ws/cidbn_wibral_neuro_nonhuman/u19361-allen-hdd/results/zebra/meso/sub-832700_ses-multiplane-ophys-832700-2026-01-24-12-06-12_ophys/events/VISp_1/trial_0/phase_0/lib_ab4a70858e/lib_ab4a70858e__delay_0.03__dur_0.2.h5
122,0.0,0.2,ab4a70858e,0.17033140361309052,0.8955223880597032,-13.443396226415096,22.515923572829163,7.16,34,34,9,2.827433388230814,0,2.0,9,0.1,/mnt/ceph-hdd/workspaces/ws/cidbn_wibral_neuro_nonhuman/u19361-allen-hdd/results/zebra/meso/sub-832700_ses-multiplane-ophys-832700-2026-01-24-12-06-12_ophys/events/VISp_1/trial_0/phase_0/lib_ab4a70858e/lib_ab4a70858e__delay_0.0__dur_0.2.h5
123,0.06,0.0,ab4a70858e,0.18178018927574158,-4.477611940298509,-17.028301886792452,0.0,14.32,31,36,0,0.0,2,4.0,11,1.2,/mnt/ceph-hdd/workspaces/ws/cidbn_wibral_neuro_nonhuman/u19361-allen-hdd/results/zebra/meso/sub-832700_ses-multiplane-ophys-832700-2026-01-24-12-06-12_ophys/events/VISp_1/trial_0/phase_0/lib_ab4a70858e/lib_ab4a70858e__delay_0.06__dur_0.0.h5
124,0.06,0.2,ab4a70858e,0.16714635491371155,-6.268656716417908,-0.8962264150943398,22.515923572829195,14.32,30,27,1,0.3141592653589793,2,4.0,9,0.1,/mnt/ceph-hdd/workspaces/ws/cidbn_wibral_neuro_nonhuman/u19361-allen-hdd/results/zebra/meso/sub-832700_ses-multiplane-ophys-832700-2026-01-24-12-06-12_ophys/events/VISp_1/trial_0/phase_0/lib_ab4a70858e/lib_ab4a70858e__delay_0.06__dur_0.2.h5
125,0.09,0.0,ab4a70858e,0.18109261989593506,-8.059701492537314,-6.273584905660378,90.0,17.91,29,30,4,1.2566370614359172,3,5.0,5,0.06,/mnt/ceph-hdd/workspaces/ws/cidbn_wibral_neuro_nonhuman/u19361-allen-hdd/results/zebra/meso/sub-832700_ses-multiplane-ophys-832700-2026-01-24-12-06-12_ophys/events/VISp_1/trial_0/phase_0/lib_ab4a70858e/lib_ab4a70858e__delay_0.09__dur_0.0.h5
126,0.0,0.2,ab4a70858e,0.11494473367929459,-18.80597014925373,-34.95283018867924,134.9774869247291,10.74,23,46,6,1.8849555921538759,1,3.0,12,1.3,/mnt/ceph-hdd/workspaces/ws/cidbn_wibral_neuro_nonhuman/u19361-allen-hdd/results/zebra/meso/sub-832700_ses-multiplane-ophys-832700-2026-01-24-12-06-12_ophys/events/VISp_1/trial_0/phase_0/lib_ab4a70858e/lib_ab4a70858e__delay_0.0__dur_0.2.h5
127,0.03,0.2,ab4a70858e,0.17561528086662292,9.85074626865672,-9.858490566037737,157.4840764271708,10.74,39,32,7,2.199114857512855,1,3.0,8,0.09,/mnt/ceph-hdd/workspaces/ws/cidbn_wibral_neuro_nonhuman/u19361-allen-hdd/results/zebra/meso/sub-832700_ses-multiplane-ophys-832700-2026-01-24-12-06-12_ophys/events/VISp_1/trial_0/phase_0/lib_ab4a70858e/lib_ab4a70858e__delay_0.03__dur_0.2.h5
128,0.06,0.2,ab4a70858e,0.15153658390045166,0.8955223880597032,-4.481132075471699,0.0,7.16,34,29,0,0.0,0,2.0,11,1.2,/mnt/ceph-hdd/workspaces/ws/cidbn_wibral_neuro_nonhuman/u19361-allen-hdd/results/zebra/meso/sub-832700_ses-multiplane-ophys-832700-2026-01-24-12-06-12_ophys/events/VISp_1/trial_0/phase_0/lib_ab4a70858e/lib_ab4a70858e__delay_0.06__dur_0.2.h5
129,0.03,0.2,ab4a70858e,0.24007923901081085,-4.477611940298509,-9.858490566037737,0.0,14.32,31,32,0,0.0,2,4.0,8,0.09,/mnt/ceph-hdd/workspaces/ws/cidbn_wibral_neuro_nonhuman/u19361-allen-hdd/results/zebra/meso/sub-832700_ses-multiplane-ophys-832700-2026-01-24-12-06-12_ophys/events/VISp_1/trial_0/phase_0/lib_ab4a70858e/lib_ab4a70858e__delay_0.03__dur_0.2.h5
13,0.0,0.2,ab4a70858e,0.21694380044937134,-38.507462686567166,-2.6886792452830193,157.4840764271708,10.74,12,28,7,2.199114857512855,1,3.0,11,1.2,/mnt/ceph-hdd/workspaces/ws/cidbn_wibral_neuro_nonhuman/u19361-allen-hdd/results/zebra/meso/sub-832700_ses-multiplane-ophys-832700-2026-01-24-12-06-12_ophys/events/VISp_1/trial_0/phase_0/lib_ab4a70858e/lib_ab4a70858e__delay_0.0__dur_0.2.h5
130,0.03,0.2,ab4a70858e,0.23087865114212036,-0.8955223880596961,-8.066037735849058,67.51591472682667,7.16,33,31,3,0.9424777960769379,0,2.0,12,1.3,/mnt/ceph-hdd/workspaces/ws/cidbn_wibral_neuro_nonhuman/u19361-allen-hdd/results/zebra/meso/sub-832700_ses-multiplane-ophys-832700-2026-01-24-12-06-12_ophys/events/VISp_1/trial_0/phase_0/lib_ab4a70858e/lib_ab4a70858e__delay_0.03__dur_0.2.h5
131,0.06,0.2,ab4a70858e,0.1919810175895691,4.477611940298516,-4.481132075471699,22.515923572829195,14.32,36,29,1,0.3141592653589793,2,4.0,9,0.1,/mnt/ceph-hdd/workspaces/ws/cidbn_wibral_neuro_nonhuman/u19361-allen-hdd/results/zebra/meso/sub-832700_ses-multiplane-ophys-832700-2026-01-24-12-06-12_ophys/events/VISp_1/trial_0/phase_0/lib_ab4a70858e/lib_ab4a70858e__delay_0.06__dur_0.2.h5
132,0.06,0.0,ab4a70858e,0.18881823122501373,0.8955223880597032,-15.235849056603776,0.0,14.32,34,35,0,0.0,2,4.0,9,0.1,/mnt/ceph-hdd/workspaces/ws/cidbn_wibral_neuro_nonhuman/u19361-allen-hdd/results/zebra/meso/sub-832700_ses-multiplane-ophys-832700-2026-01-24-12-06-12_ophys/events/VISp_1/trial_0/phase_0/lib_ab4a70858e/lib_ab4a70858e__delay_0.06__dur_0.0.h5
133,0.0,0.2,ab4a70858e,0.12927807867527008,9.85074626865672,-11.650943396226417,45.02251307527088,14.32,39,33,2,0.6283185307179586,2,4.0,9,0.1,/mnt/ceph-hdd/workspaces/ws/cidbn_wibral_neuro_nonhuman/u19361-allen-hdd/results/zebra/meso/sub-832700_ses-multiplane-ophys-832700-2026-01-24-12-06-12_ophys/events/VISp_1/trial_0/phase_0/lib_ab4a70858e/lib_ab4a70858e__delay_0.0__dur_0.2.h5
134,0.03,0.2,ab4a70858e,0.17281994223594666,-6.268656716417908,-11.650943396226417,180.0,10.74,30,33,8,2.5132741228718345,1,3.0,9,0.1,/mnt/ceph-hdd/workspaces/ws/cidbn_wibral_neuro_nonhuman/u19361-allen-hdd/results/zebra/meso/sub-832700_ses-multiplane-ophys-832700-2026-01-24-12-06-12_ophys/events/VISp_1/trial_0/phase_0/lib_ab4a70858e/lib_ab4a70858e__delay_0.03__dur_0.2.h5
135,0.12,0.0,ab4a70858e,0.2231050431728363,8.059701492537314,-11.650943396226417,112.48408527317332,14.32,38,33,5,1.5707963267948966,2,4.0,6,0.07,/mnt/ceph-hdd/workspaces/ws/cidbn_wibral_neuro_nonhuman/u19361-allen-hdd/results/zebra/meso/sub-832700_ses-multiplane-ophys-832700-2026-01-24-12-06-12_ophys/events/VISp_1/trial_0/phase_0/lib_ab4a70858e/lib_ab4a70858e__delay_0.12__dur_0.0.h5
136,0.15,0.2,ab4a70858e,0.1851700097322464,-8.059701492537314,-4.481132075471699,180.0,10.74,29,29,8,2.5132741228718345,1,3.0,12,1.3,/mnt/ceph-hdd/workspaces/ws/cidbn_wibral_neuro_nonhuman/u19361-allen-hdd/results/zebra/meso/sub-832700_ses-multiplane-ophys-832700-2026-01-24-12-06-12_ophys/events/VISp_1/trial_0/phase_0/lib_ab4a70858e/lib_ab4a70858e__delay_0.15__dur_0.2.h5
137,0.03,0.2,ab4a70858e,0.09077247232198715,-6.268656716417908,-0.8962264150943398,90.0,17.91,30,27,4,1.2566370614359172,3,5.0,10,1.1,/mnt/ceph-hdd/workspaces/ws/cidbn_wibral_neuro_nonhuman/u19361-allen-hdd/results/zebra/meso/sub-832700_ses-multiplane-ophys-832700-2026-01-24-12-06-12_ophys/events/VISp_1/trial_0/phase_0/lib_ab4a70858e/lib_ab4a70858e__delay_0.03__dur_0.2.h5
138,0.12,0.2,ab4a70858e,0.21820157766342163,-40.298507462686565,0.8962264150943398,67.51591472682667,17.91,11,26,3,0.9424777960769379,3,5.0,12,1.3,/mnt/ceph-hdd/workspaces/ws/cidbn_wibral_neuro_nonhuman/u19361-allen-hdd/results/zebra/meso/sub-832700_ses-multiplane-ophys-832700-2026-01-24-12-06-12_ophys/events/VISp_1/trial_0/phase_0/lib_ab4a70858e/lib_ab4a70858e__delay_0.12__dur_0.2.h5
139,0.06,0.2,ab4a70858e,0.171322301030159,13.43283582089552,-8.066037735849058,134.9774869247291,10.74,41,31,6,1.8849555921538759,1,3.0,7,0.08,/mnt/ceph-hdd/workspaces/ws/cidbn_wibral_neuro_nonhuman/u19361-allen-hdd/results/zebra/meso/sub-832700_ses-multiplane-ophys-832700-2026-01-24-12-06-12_ophys/events/VISp_1/trial_0/phase_0/lib_ab4a70858e/lib_ab4a70858e__delay_0.06__dur_0.2.h5
14,0.03,0.2,ab4a70858e,0.13468678295612335,9.85074626865672,-4.481132075471699,180.0,14.32,39,29,8,2.5132741228718345,2,4.0,9,0.1,/mnt/ceph-hdd/workspaces/ws/cidbn_wibral_neuro_nonhuman/u19361-allen-hdd/results/zebra/meso/sub-832700_ses-multiplane-ophys-832700-2026-01-24-12-06-12_ophys/events/VISp_1/trial_0/phase_0/lib_ab4a70858e/lib_ab4a70858e__delay_0.03__dur_0.2.h5
140,0.15,0.2,ab4a70858e,0.13269197940826416,-0.8955223880596961,-15.235849056603776,134.9774869247291,10.74,33,35,6,1.8849555921538759,1,3.0,8,0.09,/mnt/ceph-hdd/workspaces/ws/cidbn_wibral_neuro_nonhuman/u19361-allen-hdd/results/zebra/meso/sub-832700_ses-multiplane-ophys-832700-2026-01-24-12-06-12_ophys/events/VISp_1/trial_0/phase_0/lib_ab4a70858e/lib_ab4a70858e__delay_0.15__dur_0.2.h5
141,0.03,0.2,ab4a70858e,0.17289958894252777,4.477611940298516,-8.066037735849058,45.02251307527088,10.74,36,31,2,0.6283185307179586,1,3.0,9,0.1,/mnt/ceph-hdd/workspaces/ws/cidbn_wibral_neuro_nonhuman/u19361-allen-hdd/results/zebra/meso/sub-832700_ses-multiplane-ophys-832700-2026-01-24-12-06-12_ophys/events/VISp_1/trial_0/phase_0/lib_ab4a70858e/lib_ab4a70858e__delay_0.03__dur_0.2.h5
142,0.03,0.2,ab4a70858e,0.1579003483057022,8.059701492537314,-4.481132075471699,157.4840764271708,10.74,38,29,7,2.199114857512855,1,3.0,9,0.1,/mnt/ceph-hdd/workspaces/ws/cidbn_wibral_neuro_nonhuman/u19361-allen-hdd/results/zebra/meso/sub-832700_ses-multiplane-ophys-832700-2026-01-24-12-06-12_ophys/events/VISp_1/trial_0/phase_0/lib_ab4a70858e/lib_ab4a70858e__delay_0.03__dur_0.2.h5
143,0.03,0.2,ab4a70858e,0.13553284108638763,-0.8955223880596961,-15.235849056603776,180.0,10.74,33,35,8,2.5132741228718345,1,3.0,9,0.1,/mnt/ceph-hdd/workspaces/ws/cidbn_wibral_neuro_nonhuman/u19361-allen-hdd/results/zebra/meso/sub-832700_ses-multiplane-ophys-832700-2026-01-24-12-06-12_ophys/events/VISp_1/trial_0/phase_0/lib_ab4a70858e/lib_ab4a70858e__delay_0.03__dur_0.2.h5
144,0.03,0.2,ab4a70858e,0.15900388360023499,-6.268656716417908,0.8962264150943398,45.02251307527088,14.32,30,26,2,0.6283185307179586,2,4.0,9,0.1,/mnt/ceph-hdd/workspaces/ws/cidbn_wibral_neuro_nonhuman/u19361-allen-hdd/results/zebra/meso/sub-832700_ses-multiplane-ophys-832700-2026-01-24-12-06-12_ophys/events/VISp_1/trial_0/phase_0/lib_ab4a70858e/lib_ab4a70858e__delay_0.03__dur_0.2.h5
145,0.03,0.2,ab4a70858e,0.12198301404714584,0.8955223880597032,-22.40566037735849,157.4840764271708,7.16,34,39,7,2.199114857512855,0,2.0,12,1.3,/mnt/ceph-hdd/workspaces/ws/cidbn_wibral_neuro_nonhuman/u19361-allen-hdd/results/zebra/meso/sub-832700_ses-multiplane-ophys-832700-2026-01-24-12-06-12_ophys/events/VISp_1/trial_0/phase_0/lib_ab4a70858e/lib_ab4a70858e__delay_0.03__dur_0.2.h5
146,0.15,0.0,ab4a70858e,0.15433765947818756,-0.8955223880596961,-13.443396226415096,134.9774869247291,10.74,33,34,6,1.8849555921538759,1,3.0,9,0.1,/mnt/ceph-hdd/workspaces/ws/cidbn_wibral_neuro_nonhuman/u19361-allen-hdd/results/zebra/meso/sub-832700_ses-multiplane-ophys-832700-2026-01-24-12-06-12_ophys/events/VISp_1/trial_0/phase_0/lib_ab4a70858e/lib_ab4a70858e__delay_0.15__dur_0.0.h5
147,0.12,0.0,ab4a70858e,0.22626082599163055,-2.6865671641791025,-9.858490566037737,90.0,14.32,32,32,4,1.2566370614359172,2,4.0,7,0.08,/mnt/ceph-hdd/workspaces/ws/cidbn_wibral_neuro_nonhuman/u19361-allen-hdd/results/zebra/meso/sub-832700_ses-multiplane-ophys-832700-2026-01-24-12-06-12_ophys/events/VISp_1/trial_0/phase_0/lib_ab4a70858e/lib_ab4a70858e__delay_0.12__dur_0.0.h5
148,0.09,0.0,ab4a70858e,0.18975049257278442,-2.6865671641791025,-4.481132075471699,22.515923572829163,10.74,32,29,9,2.827433388230814,1,3.0,9,0.1,/mnt/ceph-hdd/workspaces/ws/cidbn_wibral_neuro_nonhuman/u19361-allen-hdd/results/zebra/meso/sub-832700_ses-multiplane-ophys-832700-2026-01-24-12-06-12_ophys/events/VISp_1/trial_0/phase_0/lib_ab4a70858e/lib_ab4a70858e__delay_0.09__dur_0.0.h5
149,0.0,0.2,ab4a70858e,0.2914370000362396,-0.8955223880596961,-6.273584905660378,22.515923572829195,17.91,33,30,1,0.3141592653589793,3,5.0,2,0.03,/mnt/ceph-hdd/workspaces/ws/cidbn_wibral_neuro_nonhuman/u19361-allen-hdd/results/zebra/meso/sub-832700_ses-multiplane-ophys-832700-2026-01-24-12-06-12_ophys/events/VISp_1/trial_0/phase_0/lib_ab4a70858e/lib_ab4a70858e__delay_0.0__dur_0.2.h5
15,0.03,0.2,ab4a70858e,0.18283799290657043,0.8955223880597032,-6.273584905660378,180.0,17.91,34,30,8,2.5132741228718345,3,5.0,9,0.1,/mnt/ceph-hdd/workspaces/ws/cidbn_wibral_neuro_nonhuman/u19361-allen-hdd/results/zebra/meso/sub-832700_ses-multiplane-ophys-832700-2026-01-24-12-06-12_ophys/events/VISp_1/trial_0/phase_0/lib_ab4a70858e/lib_ab4a70858e__delay_0.03__dur_0.2.h5
150,0.09,0.2,ab4a70858e,0.24471554160118103,-0.8955223880596961,-4.481132075471699,0.0,14.32,33,29,0,0.0,2,4.0,3,0.04,/mnt/ceph-hdd/workspaces/ws/cidbn_wibral_neuro_nonhuman/u19361-allen-hdd/results/zebra/meso/sub-832700_ses-multiplane-ophys-832700-2026-01-24-12-06-12_ophys/events/VISp_1/trial_0/phase_0/lib_ab4a70858e/lib_ab4a70858e__delay_0.09__dur_0.2.h5
151,0.06,0.0,ab4a70858e,0.16481968760490417,4.477611940298516,-15.235849056603776,45.02251307527088,14.32,36,35,2,0.6283185307179586,2,4.0,8,0.09,/mnt/ceph-hdd/workspaces/ws/cidbn_wibral_neuro_nonhuman/u19361-allen-hdd/results/zebra/meso/sub-832700_ses-multiplane-ophys-832700-2026-01-24-12-06-12_ophys/events/VISp_1/trial_0/phase_0/lib_ab4a70858e/lib_ab4a70858e__delay_0.06__dur_0.0.h5
152,0.06,0.2,ab4a70858e,0.10288827866315842,4.477611940298516,-11.650943396226417,90.0,10.74,36,33,4,1.2566370614359172,1,3.0,10,1.1,/mnt/ceph-hdd/workspaces/ws/cidbn_wibral_neuro_nonhuman/u19361-allen-hdd/results/zebra/meso/sub-832700_ses-multiplane-ophys-832700-2026-01-24-12-06-12_ophys/events/VISp_1/trial_0/phase_0/lib_ab4a70858e/lib_ab4a70858e__delay_0.06__dur_0.2.h5
153,0.03,0.2,ab4a70858e,0.21969330310821533,-2.6865671641791025,-6.273584905660378,22.515923572829195,14.32,32,30,1,0.3141592653589793,2,4.0,9,0.1,/mnt/ceph-hdd/workspaces/ws/cidbn_wibral_neuro_nonhuman/u19361-allen-hdd/results/zebra/meso/sub-832700_ses-multiplane-ophys-832700-2026-01-24-12-06-12_ophys/events/VISp_1/trial_0/phase_0/lib_ab4a70858e/lib_ab4a70858e__delay_0.03__dur_0.2.h5
154,0.06,0.0,ab4a70858e,0.18353953957557678,-2.6865671641791025,-2.6886792452830193,90.0,21.49,32,28,4,1.2566370614359172,4,6.0,4,0.05,/mnt/ceph-hdd/workspaces/ws/cidbn_wibral_neuro_nonhuman/u19361-allen-hdd/results/zebra/meso/sub-832700_ses-multiplane-ophys-832700-2026-01-24-12-06-12_ophys/events/VISp_1/trial_0/phase_0/lib_ab4a70858e/lib_ab4a70858e__delay_0.06__dur_0.0.h5
155,0.09,0.0,ab4a70858e,0.1691780984401703,0.8955223880597032,-15.235849056603776,0.0,7.16,34,35,0,0.0,0,2.0,6,0.07,/mnt/ceph-hdd/workspaces/ws/cidbn_wibral_neuro_nonhuman/u19361-allen-hdd/results/zebra/meso/sub-832700_ses-multiplane-ophys-832700-2026-01-24-12-06-12_ophys/events/VISp_1/trial_0/phase_0/lib_ab4a70858e/lib_ab4a70858e__delay_0.09__dur_0.0.h5
156,0.03,0.2,ab4a70858e,0.16229277849197388,-8.059701492537314,-11.650943396226417,180.0,14.32,29,33,8,2.5132741228718345,2,4.0,6,0.07,/mnt/ceph-hdd/workspaces/ws/cidbn_wibral_neuro_nonhuman/u19361-allen-hdd/results/zebra/meso/sub-832700_ses-multiplane-ophys-832700-2026-01-24-12-06-12_ophys/events/VISp_1/trial_0/phase_0/lib_ab4a70858e/lib_ab4a70858e__delay_0.03__dur_0.2.h5
157,0.12,0.0,ab4a70858e,0.2785278558731079,-2.6865671641791025,-6.273584905660378,0.0,14.32,32,30,0,0.0,2,4.0,4,0.05,/mnt/ceph-hdd/workspaces/ws/cidbn_wibral_neuro_nonhuman/u19361-allen-hdd/results/zebra/meso/sub-832700_ses-multiplane-ophys-832700-2026-01-24-12-06-12_ophys/events/VISp_1/trial_0/phase_0/lib_ab4a70858e/lib_ab4a70858e__delay_0.12__dur_0.0.h5
158,0.09,0.2,ab4a70858e,0.1362483650445938,0.8955223880597032,-4.481132075471699,134.9774869247291,17.91,34,29,6,1.8849555921538759,3,5.0,9,0.1,/mnt/ceph-hdd/workspaces/ws/cidbn_wibral_neuro_nonhuman/u19361-allen-hdd/results/zebra/meso/sub-832700_ses-multiplane-ophys-832700-2026-01-24-12-06-12_ophys/events/VISp_1/trial_0/phase_0/lib_ab4a70858e/lib_ab4a70858e__delay_0.09__dur_0.2.h5
159,0.06,0.2,ab4a70858e,0.14554353058338165,-6.268656716417908,-11.650943396226417,45.02251307527088,14.32,30,33,2,0.6283185307179586,2,4.0,9,0.1,/mnt/ceph-hdd/workspaces/ws/cidbn_wibral_neuro_nonhuman/u19361-allen-hdd/results/zebra/meso/sub-832700_ses-multiplane-ophys-832700-2026-01-24-12-06-12_ophys/events/VISp_1/trial_0/phase_0/lib_ab4a70858e/lib_ab4a70858e__delay_0.06__dur_0.2.h5
16,0.0,0.0,ab4a70858e,0.10713236778974533,-27.761194029850742,-9.858490566037737,180.0,14.32,18,32,8,2.5132741228718345,2,4.0,12,1.3,/mnt/ceph-hdd/workspaces/ws/cidbn_wibral_neuro_nonhuman/u19361-allen-hdd/results/zebra/meso/sub-832700_ses-multiplane-ophys-832700-2026-01-24-12-06-12_ophys/events/VISp_1/trial_0/phase_0/lib_ab4a70858e/lib_ab4a70858e__delay_0.0__dur_0.0.h5
160,0.06,0.0,ab4a70858e,0.15945227444171906,0.8955223880597032,-9.858490566037737,157.4840764271708,7.16,34,32,7,2.199114857512855,0,2.0,12,1.3,/mnt/ceph-hdd/workspaces/ws/cidbn_wibral_neuro_nonhuman/u19361-allen-hdd/results/zebra/meso/sub-832700_ses-multiplane-ophys-832700-2026-01-24-12-06-12_ophys/events/VISp_1/trial_0/phase_0/lib_ab4a70858e/lib_ab4a70858e__delay_0.06__dur_0.0.h5
161,0.06,0.2,ab4a70858e,0.1949908435344696,0.8955223880597032,-9.858490566037737,67.51591472682667,14.32,34,32,3,0.9424777960769379,2,4.0,5,0.06,/mnt/ceph-hdd/workspaces/ws/cidbn_wibral_neuro_nonhuman/u19361-allen-hdd/results/zebra/meso/sub-832700_ses-multiplane-ophys-832700-2026-01-24-12-06-12_ophys/events/VISp_1/trial_0/phase_0/lib_ab4a70858e/lib_ab4a70858e__delay_0.06__dur_0.2.h5
162,0.03,0.2,ab4a70858e,0.1479058712720871,-9.850746268656714,38.5377358490566,157.4840764271708,10.74,28,5,7,2.199114857512855,1,3.0,10,1.1,/mnt/ceph-hdd/workspaces/ws/cidbn_wibral_neuro_nonhuman/u19361-allen-hdd/results/zebra/meso/sub-832700_ses-multiplane-ophys-832700-2026-01-24-12-06-12_ophys/events/VISp_1/trial_0/phase_0/lib_ab4a70858e/lib_ab4a70858e__delay_0.03__dur_0.2.h5
163,0.03,0.2,ab4a70858e,0.20368681848049164,-2.6865671641791025,-11.650943396226417,134.9774869247291,17.91,32,33,6,1.8849555921538759,3,5.0,6,0.07,/mnt/ceph-hdd/workspaces/ws/cidbn_wibral_neuro_nonhuman/u19361-allen-hdd/results/zebra/meso/sub-832700_ses-multiplane-ophys-832700-2026-01-24-12-06-12_ophys/events/VISp_1/trial_0/phase_0/lib_ab4a70858e/lib_ab4a70858e__delay_0.03__dur_0.2.h5
164,0.12,0.0,ab4a70858e,0.17945851385593414,-0.8955223880596961,-15.235849056603776,180.0,17.91,33,35,8,2.5132741228718345,3,5.0,9,0.1,/mnt/ceph-hdd/workspaces/ws/cidbn_wibral_neuro_nonhuman/u19361-allen-hdd/results/zebra/meso/sub-832700_ses-multiplane-ophys-832700-2026-01-24-12-06-12_ophys/events/VISp_1/trial_0/phase_0/lib_ab4a70858e/lib_ab4a70858e__delay_0.12__dur_0.0.h5
165,0.06,0.2,ab4a70858e,0.11488839983940125,-20.59701492537313,-17.028301886792452,157.4840764271708,14.32,22,36,7,2.199114857512855,2,4.0,12,1.3,/mnt/ceph-hdd/workspaces/ws/cidbn_wibral_neuro_nonhuman/u19361-allen-hdd/results/zebra/meso/sub-832700_ses-multiplane-ophys-832700-2026-01-24-12-06-12_ophys/events/VISp_1/trial_0/phase_0/lib_ab4a70858e/lib_ab4a70858e__delay_0.06__dur_0.2.h5
166,0.09,0.0,ab4a70858e,0.13335858285427094,-2.6865671641791025,-6.273584905660378,90.0,10.74,32,30,4,1.2566370614359172,1,3.0,9,0.1,/mnt/ceph-hdd/workspaces/ws/cidbn_wibral_neuro_nonhuman/u19361-allen-hdd/results/zebra/meso/sub-832700_ses-multiplane-ophys-832700-2026-01-24-12-06-12_ophys/events/VISp_1/trial_0/phase_0/lib_ab4a70858e/lib_ab4a70858e__delay_0.09__dur_0.0.h5
167,0.0,0.2,ab4a70858e,0.11859606951475143,2.6865671641791096,-8.066037735849058,0.0,10.74,35,31,0,0.0,1,3.0,11,1.2,/mnt/ceph-hdd/workspaces/ws/cidbn_wibral_neuro_nonhuman/u19361-allen-hdd/results/zebra/meso/sub-832700_ses-multiplane-ophys-832700-2026-01-24-12-06-12_ophys/events/VISp_1/trial_0/phase_0/lib_ab4a70858e/lib_ab4a70858e__delay_0.0__dur_0.2.h5
168,0.12,0.0,ab4a70858e,0.1305413544178009,-8.059701492537314,-8.066037735849058,112.48408527317332,14.32,29,31,5,1.5707963267948966,2,4.0,3,0.04,/mnt/ceph-hdd/workspaces/ws/cidbn_wibral_neuro_nonhuman/u19361-allen-hdd/results/zebra/meso/sub-832700_ses-multiplane-ophys-832700-2026-01-24-12-06-12_ophys/events/VISp_1/trial_0/phase_0/lib_ab4a70858e/lib_ab4a70858e__delay_0.12__dur_0.0.h5
169,0.0,0.2,ab4a70858e,0.20701740682125092,0.8955223880597032,-9.858490566037737,0.0,10.74,34,32,0,0.0,1,3.0,11,1.2,/mnt/ceph-hdd/workspaces/ws/cidbn_wibral_neuro_nonhuman/u19361-allen-hdd/results/zebra/meso/sub-832700_ses-multiplane-ophys-832700-2026-01-24-12-06-12_ophys/events/VISp_1/trial_0/phase_0/lib_ab4a70858e/lib_ab4a70858e__delay_0.0__dur_0.2.h5
17,0.09,0.2,ab4a70858e,0.16081082820892334,11.641791044776127,-9.858490566037737,45.02251307527088,10.74,40,32,2,0.6283185307179586,1,3.0,9,0.1,/mnt/ceph-hdd/workspaces/ws/cidbn_wibral_neuro_nonhuman/u19361-allen-hdd/results/zebra/meso/sub-832700_ses-multiplane-ophys-832700-2026-01-24-12-06-12_ophys/events/VISp_1/trial_0/phase_0/lib_ab4a70858e/lib_ab4a70858e__delay_0.09__dur_0.2.h5
170,0.09,0.0,ab4a70858e,0.22187936305999756,2.6865671641791096,-11.650943396226417,0.0,7.16,35,33,0,0.0,0,2.0,3,0.04,/mnt/ceph-hdd/workspaces/ws/cidbn_wibral_neuro_nonhuman/u19361-allen-hdd/results/zebra/meso/sub-832700_ses-multiplane-ophys-832700-2026-01-24-12-06-12_ophys/events/VISp_1/trial_0/phase_0/lib_ab4a70858e/lib_ab4a70858e__delay_0.09__dur_0.0.h5
171,0.15,0.2,ab4a70858e,0.18480847775936127,33.13432835820896,29.575471698113205,0.0,28.65,52,10,0,0.0,5,8.0,11,1.2,/mnt/ceph-hdd/workspaces/ws/cidbn_wibral_neuro_nonhuman/u19361-allen-hdd/results/zebra/meso/sub-832700_ses-multiplane-ophys-832700-2026-01-24-12-06-12_ophys/events/VISp_1/trial_0/phase_0/lib_ab4a70858e/lib_ab4a70858e__delay_0.15__dur_0.2.h5
172,0.06,0.2,ab4a70858e,0.1960849165916443,-2.6865671641791025,-6.273584905660378,157.4840764271708,17.91,32,30,7,2.199114857512855,3,5.0,6,0.07,/mnt/ceph-hdd/workspaces/ws/cidbn_wibral_neuro_nonhuman/u19361-allen-hdd/results/zebra/meso/sub-832700_ses-multiplane-ophys-832700-2026-01-24-12-06-12_ophys/events/VISp_1/trial_0/phase_0/lib_ab4a70858e/lib_ab4a70858e__delay_0.06__dur_0.2.h5
173,0.03,0.2,ab4a70858e,0.2212621420621872,-2.6865671641791025,-8.066037735849058,0.0,10.74,32,31,0,0.0,1,3.0,8,0.09,/mnt/ceph-hdd/workspaces/ws/cidbn_wibral_neuro_nonhuman/u19361-allen-hdd/results/zebra/meso/sub-832700_ses-multiplane-ophys-832700-2026-01-24-12-06-12_ophys/events/VISp_1/trial_0/phase_0/lib_ab4a70858e/lib_ab4a70858e__delay_0.03__dur_0.2.h5
174,0.03,0.0,ab4a70858e,0.11505881696939468,-40.298507462686565,-38.5377358490566,22.515923572829195,10.74,11,48,1,0.3141592653589793,1,3.0,11,1.2,/mnt/ceph-hdd/workspaces/ws/cidbn_wibral_neuro_nonhuman/u19361-allen-hdd/results/zebra/meso/sub-832700_ses-multiplane-ophys-832700-2026-01-24-12-06-12_ophys/events/VISp_1/trial_0/phase_0/lib_ab4a70858e/lib_ab4a70858e__delay_0.03__dur_0.0.h5
175,0.03,0.2,ab4a70858e,0.16719909012317657,-20.59701492537313,0.8962264150943398,157.4840764271708,17.91,22,26,7,2.199114857512855,3,5.0,12,1.3,/mnt/ceph-hdd/workspaces/ws/cidbn_wibral_neuro_nonhuman/u19361-allen-hdd/results/zebra/meso/sub-832700_ses-multiplane-ophys-832700-2026-01-24-12-06-12_ophys/events/VISp_1/trial_0/phase_0/lib_ab4a70858e/lib_ab4a70858e__delay_0.03__dur_0.2.h5
176,0.15,0.2,ab4a70858e,0.13303236663341522,-4.477611940298509,4.481132075471699,180.0,14.32,31,24,8,2.5132741228718345,2,4.0,12,1.3,/mnt/ceph-hdd/workspaces/ws/cidbn_wibral_neuro_nonhuman/u19361-allen-hdd/results/zebra/meso/sub-832700_ses-multiplane-ophys-832700-2026-01-24-12-06-12_ophys/events/VISp_1/trial_0/phase_0/lib_ab4a70858e/lib_ab4a70858e__delay_0.15__dur_0.2.h5
177,0.03,0.2,ab4a70858e,0.12826284766197205,-2.6865671641791025,-4.481132075471699,22.515923572829163,14.32,32,29,9,2.827433388230814,2,4.0,6,0.07,/mnt/ceph-hdd/workspaces/ws/cidbn_wibral_neuro_nonhuman/u19361-allen-hdd/results/zebra/meso/sub-832700_ses-multiplane-ophys-832700-2026-01-24-12-06-12_ophys/events/VISp_1/trial_0/phase_0/lib_ab4a70858e/lib_ab4a70858e__delay_0.03__dur_0.2.h5
178,0.09,0.2,ab4a70858e,0.1445089429616928,-0.8955223880596961,-9.858490566037737,112.48408527317332,10.74,33,32,5,1.5707963267948966,1,3.0,7,0.08,/mnt/ceph-hdd/workspaces/ws/cidbn_wibral_neuro_nonhuman/u19361-allen-hdd/results/zebra/meso/sub-832700_ses-multiplane-ophys-832700-2026-01-24-12-06-12_ophys/events/VISp_1/trial_0/phase_0/lib_ab4a70858e/lib_ab4a70858e__delay_0.09__dur_0.2.h5
179,0.09,0.2,ab4a70858e,0.12240435183048248,24.179104477611943,15.235849056603776,157.4840764271708,17.91,47,18,7,2.199114857512855,3,5.0,10,1.1,/mnt/ceph-hdd/workspaces/ws/cidbn_wibral_neuro_nonhuman/u19361-allen-hdd/results/zebra/meso/sub-832700_ses-multiplane-ophys-832700-2026-01-24-12-06-12_ophys/events/VISp_1/trial_0/phase_0/lib_ab4a70858e/lib_ab4a70858e__delay_0.09__dur_0.2.h5
18,0.12,0.0,ab4a70858e,0.14305497705936432,8.059701492537314,-6.273584905660378,22.515923572829163,14.32,38,30,9,2.827433388230814,2,4.0,9,0.1,/mnt/ceph-hdd/workspaces/ws/cidbn_wibral_neuro_nonhuman/u19361-allen-hdd/results/zebra/meso/sub-832700_ses-multiplane-ophys-832700-2026-01-24-12-06-12_ophys/events/VISp_1/trial_0/phase_0/lib_ab4a70858e/lib_ab4a70858e__delay_0.12__dur_0.0.h5
180,0.03,0.2,ab4a70858e,0.1492873728275299,8.059701492537314,-13.443396226415096,0.0,10.74,38,34,0,0.0,1,3.0,8,0.09,/mnt/ceph-hdd/workspaces/ws/cidbn_wibral_neuro_nonhuman/u19361-allen-hdd/results/zebra/meso/sub-832700_ses-multiplane-ophys-832700-2026-01-24-12-06-12_ophys/events/VISp_1/trial_0/phase_0/lib_ab4a70858e/lib_ab4a70858e__delay_0.03__dur_0.2.h5
181,0.03,0.0,ab4a70858e,0.10734429955482483,47.462686567164184,40.33018867924528,22.515923572829163,10.74,60,4,9,2.827433388230814,1,3.0,12,1.3,/mnt/ceph-hdd/workspaces/ws/cidbn_wibral_neuro_nonhuman/u19361-allen-hdd/results/zebra/meso/sub-832700_ses-multiplane-ophys-832700-2026-01-24-12-06-12_ophys/events/VISp_1/trial_0/phase_0/lib_ab4a70858e/lib_ab4a70858e__delay_0.03__dur_0.0.h5
182,0.0,0.0,ab4a70858e,0.15752102434635162,22.388059701492537,-27.78301886792453,0.0,17.91,46,42,0,0.0,3,5.0,11,1.2,/mnt/ceph-hdd/workspaces/ws/cidbn_wibral_neuro_nonhuman/u19361-allen-hdd/results/zebra/meso/sub-832700_ses-multiplane-ophys-832700-2026-01-24-12-06-12_ophys/events/VISp_1/trial_0/phase_0/lib_ab4a70858e/lib_ab4a70858e__delay_0.0__dur_0.0.h5
183,0.03,0.2,ab4a70858e,0.16211239993572235,-0.8955223880596961,-9.858490566037737,45.02251307527088,14.32,33,32,2,0.6283185307179586,2,4.0,9,0.1,/mnt/ceph-hdd/workspaces/ws/cidbn_wibral_neuro_nonhuman/u19361-allen-hdd/results/zebra/meso/sub-832700_ses-multiplane-ophys-832700-2026-01-24-12-06-12_ophys/events/VISp_1/trial_0/phase_0/lib_ab4a70858e/lib_ab4a70858e__delay_0.03__dur_0.2.h5
184,0.09,0.2,ab4a70858e,0.1278916746377945,51.04477611940298,29.575471698113205,45.02251307527088,14.32,62,10,2,0.6283185307179586,2,4.0,12,1.3,/mnt/ceph-hdd/workspaces/ws/cidbn_wibral_neuro_nonhuman/u19361-allen-hdd/results/zebra/meso/sub-832700_ses-multiplane-ophys-832700-2026-01-24-12-06-12_ophys/events/VISp_1/trial_0/phase_0/lib_ab4a70858e/lib_ab4a70858e__delay_0.09__dur_0.2.h5
185,0.12,0.0,ab4a70858e,0.10845114290714264,2.6865671641791096,9.858490566037737,134.9774869247291,7.16,35,21,6,1.8849555921538759,0,2.0,10,1.1,/mnt/ceph-hdd/workspaces/ws/cidbn_wibral_neuro_nonhuman/u19361-allen-hdd/results/zebra/meso/sub-832700_ses-multiplane-ophys-832700-2026-01-24-12-06-12_ophys/events/VISp_1/trial_0/phase_0/lib_ab4a70858e/lib_ab4a70858e__delay_0.12__dur_0.0.h5
186,0.15,0.2,ab4a70858e,0.10605138540267944,-0.8955223880596961,-4.481132075471699,180.0,10.74,33,29,8,2.5132741228718345,1,3.0,9,0.1,/mnt/ceph-hdd/workspaces/ws/cidbn_wibral_neuro_nonhuman/u19361-allen-hdd/results/zebra/meso/sub-832700_ses-multiplane-ophys-832700-2026-01-24-12-06-12_ophys/events/VISp_1/trial_0/phase_0/lib_ab4a70858e/lib_ab4a70858e__delay_0.15__dur_0.2.h5
187,0.0,0.2,ab4a70858e,0.167930468916893,-2.6865671641791025,-9.858490566037737,0.0,7.16,32,32,0,0.0,0,2.0,11,1.2,/mnt/ceph-hdd/workspaces/ws/cidbn_wibral_neuro_nonhuman/u19361-allen-hdd/results/zebra/meso/sub-832700_ses-multiplane-ophys-832700-2026-01-24-12-06-12_ophys/events/VISp_1/trial_0/phase_0/lib_ab4a70858e/lib_ab4a70858e__delay_0.0__dur_0.2.h5
188,0.15,0.0,ab4a70858e,0.17787747085094452,2.6865671641791096,-8.066037735849058,90.0,14.32,35,31,4,1.2566370614359172,2,4.0,5,0.06,/mnt/ceph-hdd/workspaces/ws/cidbn_wibral_neuro_nonhuman/u19361-allen-hdd/results/zebra/meso/sub-832700_ses-multiplane-ophys-832700-2026-01-24-12-06-12_ophys/events/VISp_1/trial_0/phase_0/lib_ab4a70858e/lib_ab4a70858e__delay_0.15__dur_0.0.h5
189,0.09,0.0,ab4a70858e,0.15320967137813568,-0.8955223880596961,-13.443396226415096,67.51591472682667,10.74,33,34,3,0.9424777960769379,1,3.0,9,0.1,/mnt/ceph-hdd/workspaces/ws/cidbn_wibral_neuro_nonhuman/u19361-allen-hdd/results/zebra/meso/sub-832700_ses-multiplane-ophys-832700-2026-01-24-12-06-12_ophys/events/VISp_1/trial_0/phase_0/lib_ab4a70858e/lib_ab4a70858e__delay_0.09__dur_0.0.h5
19,0.0,0.2,ab4a70858e,0.14946655929088593,-15.223880597014926,-6.273584905660378,180.0,17.91,25,30,8,2.5132741228718345,3,5.0,12,1.3,/mnt/ceph-hdd/workspaces/ws/cidbn_wibral_neuro_nonhuman/u19361-allen-hdd/results/zebra/meso/sub-832700_ses-multiplane-ophys-832700-2026-01-24-12-06-12_ophys/events/VISp_1/trial_0/phase_0/lib_ab4a70858e/lib_ab4a70858e__delay_0.0__dur_0.2.h5
190,0.0,0.2,ab4a70858e,0.1073046624660492,-0.8955223880596961,-6.273584905660378,134.9774869247291,10.74,33,30,6,1.8849555921538759,1,3.0,11,1.2,/mnt/ceph-hdd/workspaces/ws/cidbn_wibral_neuro_nonhuman/u19361-allen-hdd/results/zebra/meso/sub-832700_ses-multiplane-ophys-832700-2026-01-24-12-06-12_ophys/events/VISp_1/trial_0/phase_0/lib_ab4a70858e/lib_ab4a70858e__delay_0.0__dur_0.2.h5
191,0.09,0.0,ab4a70858e,0.22539889812469482,-2.6865671641791025,-9.858490566037737,67.51591472682667,10.74,32,32,3,0.9424777960769379,1,3.0,9,0.1,/mnt/ceph-hdd/workspaces/ws/cidbn_wibral_neuro_nonhuman/u19361-allen-hdd/results/zebra/meso/sub-832700_ses-multiplane-ophys-832700-2026-01-24-12-06-12_ophys/events/VISp_1/trial_0/phase_0/lib_ab4a70858e/lib_ab4a70858e__delay_0.09__dur_0.0.h5
192,0.15,0.0,ab4a70858e,0.15714994072914124,-8.059701492537314,-11.650943396226417,157.4840764271708,14.32,29,33,7,2.199114857512855,2,4.0,5,0.06,/mnt/ceph-hdd/workspaces/ws/cidbn_wibral_neuro_nonhuman/u19361-allen-hdd/results/zebra/meso/sub-832700_ses-multiplane-ophys-832700-2026-01-24-12-06-12_ophys/events/VISp_1/trial_0/phase_0/lib_ab4a70858e/lib_ab4a70858e__delay_0.15__dur_0.0.h5
193,0.06,0.2,ab4a70858e,0.18572938442230225,-6.268656716417908,-6.273584905660378,112.48408527317332,17.91,30,30,5,1.5707963267948966,3,5.0,9,0.1,/mnt/ceph-hdd/workspaces/ws/cidbn_wibral_neuro_nonhuman/u19361-allen-hdd/results/zebra/meso/sub-832700_ses-multiplane-ophys-832700-2026-01-24-12-06-12_ophys/events/VISp_1/trial_0/phase_0/lib_ab4a70858e/lib_ab4a70858e__delay_0.06__dur_0.2.h5
194,0.09,0.2,ab4a70858e,0.13189710676670074,4.477611940298516,-4.481132075471699,45.02251307527088,10.74,36,29,2,0.6283185307179586,1,3.0,6,0.07,/mnt/ceph-hdd/workspaces/ws/cidbn_wibral_neuro_nonhuman/u19361-allen-hdd/results/zebra/meso/sub-832700_ses-multiplane-ophys-832700-2026-01-24-12-06-12_ophys/events/VISp_1/trial_0/phase_0/lib_ab4a70858e/lib_ab4a70858e__delay_0.09__dur_0.2.h5
195,0.09,0.0,ab4a70858e,0.10142931342124939,2.6865671641791096,-11.650943396226417,0.0,21.49,35,33,0,0.0,4,6.0,9,0.1,/mnt/ceph-hdd/workspaces/ws/cidbn_wibral_neuro_nonhuman/u19361-allen-hdd/results/zebra/meso/sub-832700_ses-multiplane-ophys-832700-2026-01-24-12-06-12_ophys/events/VISp_1/trial_0/phase_0/lib_ab4a70858e/lib_ab4a70858e__delay_0.09__dur_0.0.h5
196,0.03,0.0,ab4a70858e,0.11596418172121048,40.29850746268657,-11.650943396226417,67.51591472682667,17.91,56,33,3,0.9424777960769379,3,5.0,10,1.1,/mnt/ceph-hdd/workspaces/ws/cidbn_wibral_neuro_nonhuman/u19361-allen-hdd/results/zebra/meso/sub-832700_ses-multiplane-ophys-832700-2026-01-24-12-06-12_ophys/events/VISp_1/trial_0/phase_0/lib_ab4a70858e/lib_ab4a70858e__delay_0.03__dur_0.0.h5
197,0.12,0.0,ab4a70858e,0.16834430396556854,-0.8955223880596961,-8.066037735849058,67.51591472682667,14.32,33,31,3,0.9424777960769379,2,4.0,9,0.1,/mnt/ceph-hdd/workspaces/ws/cidbn_wibral_neuro_nonhuman/u19361-allen-hdd/results/zebra/meso/sub-832700_ses-multiplane-ophys-832700-2026-01-24-12-06-12_ophys/events/VISp_1/trial_0/phase_0/lib_ab4a70858e/lib_ab4a70858e__delay_0.12__dur_0.0.h5
198,0.12,0.0,ab4a70858e,0.15340062975883484,-0.8955223880596961,-11.650943396226417,0.0,17.91,33,33,0,0.0,3,5.0,3,0.04,/mnt/ceph-hdd/workspaces/ws/cidbn_wibral_neuro_nonhuman/u19361-allen-hdd/results/zebra/meso/sub-832700_ses-multiplane-ophys-832700-2026-01-24-12-06-12_ophys/events/VISp_1/trial_0/phase_0/lib_ab4a70858e/lib_ab4a70858e__delay_0.12__dur_0.0.h5
199,0.09,0.0,ab4a70858e,0.16174006462097168,-4.477611940298509,-13.443396226415096,134.9774869247291,21.49,31,34,6,1.8849555921538759,4,6.0,4,0.05,/mnt/ceph-hdd/workspaces/ws/cidbn_wibral_neuro_nonhuman/u19361-allen-hdd/results/zebra/meso/sub-832700_ses-multiplane-ophys-832700-2026-01-24-12-06-12_ophys/events/VISp_1/trial_0/phase_0/lib_ab4a70858e/lib_ab4a70858e__delay_0.09__dur_0.0.h5
2,0.06,0.2,ab4a70858e,0.1428954005241394,-11.64179104477612,20.613207547169807,157.4840764271708,10.74,27,15,7,2.199114857512855,1,3.0,11,1.2,/mnt/ceph-hdd/workspaces/ws/cidbn_wibral_neuro_nonhuman/u19361-allen-hdd/results/zebra/meso/sub-832700_ses-multiplane-ophys-832700-2026-01-24-12-06-12_ophys/events/VISp_1/trial_0/phase_0/lib_ab4a70858e/lib_ab4a70858e__delay_0.06__dur_0.2.h5
20,0.06,0.2,ab4a70858e,0.17284610867500305,6.268656716417908,-6.273584905660378,180.0,14.32,37,30,8,2.5132741228718345,2,4.0,9,0.1,/mnt/ceph-hdd/workspaces/ws/cidbn_wibral_neuro_nonhuman/u19361-allen-hdd/results/zebra/meso/sub-832700_ses-multiplane-ophys-832700-2026-01-24-12-06-12_ophys/events/VISp_1/trial_0/phase_0/lib_ab4a70858e/lib_ab4a70858e__delay_0.06__dur_0.2.h5
200,0.12,0.2,ab4a70858e,0.11855408549308777,31.343283582089555,-0.8962264150943398,22.515923572829195,7.16,51,27,1,0.3141592653589793,0,2.0,11,1.2,/mnt/ceph-hdd/workspaces/ws/cidbn_wibral_neuro_nonhuman/u19361-allen-hdd/results/zebra/meso/sub-832700_ses-multiplane-ophys-832700-2026-01-24-12-06-12_ophys/events/VISp_1/trial_0/phase_0/lib_ab4a70858e/lib_ab4a70858e__delay_0.12__dur_0.2.h5
201,0.09,0.2,ab4a70858e,0.16737964749336243,-4.477611940298509,-11.650943396226417,22.515923572829163,7.16,31,33,9,2.827433388230814,0,2.0,9,0.1,/mnt/ceph-hdd/workspaces/ws/cidbn_wibral_neuro_nonhuman/u19361-allen-hdd/results/zebra/meso/sub-832700_ses-multiplane-ophys-832700-2026-01-24-12-06-12_ophys/events/VISp_1/trial_0/phase_0/lib_ab4a70858e/lib_ab4a70858e__delay_0.09__dur_0.2.h5
202,0.06,0.2,ab4a70858e,0.1559407263994217,-0.8955223880596961,-8.066037735849058,22.515923572829195,17.91,33,31,1,0.3141592653589793,3,5.0,9,0.1,/mnt/ceph-hdd/workspaces/ws/cidbn_wibral_neuro_nonhuman/u19361-allen-hdd/results/zebra/meso/sub-832700_ses-multiplane-ophys-832700-2026-01-24-12-06-12_ophys/events/VISp_1/trial_0/phase_0/lib_ab4a70858e/lib_ab4a70858e__delay_0.06__dur_0.2.h5
203,0.09,0.0,ab4a70858e,0.1804492026567459,-2.6865671641791025,-11.650943396226417,22.515923572829163,14.32,32,33,9,2.827433388230814,2,4.0,8,0.09,/mnt/ceph-hdd/workspaces/ws/cidbn_wibral_neuro_nonhuman/u19361-allen-hdd/results/zebra/meso/sub-832700_ses-multiplane-ophys-832700-2026-01-24-12-06-12_ophys/events/VISp_1/trial_0/phase_0/lib_ab4a70858e/lib_ab4a70858e__delay_0.09__dur_0.0.h5
204,0.15,0.0,ab4a70858e,0.14022770524024963,9.85074626865672,-11.650943396226417,90.0,28.65,39,33,4,1.2566370614359172,5,8.0,4,0.05,/mnt/ceph-hdd/workspaces/ws/cidbn_wibral_neuro_nonhuman/u19361-allen-hdd/results/zebra/meso/sub-832700_ses-multiplane-ophys-832700-2026-01-24-12-06-12_ophys/events/VISp_1/trial_0/phase_0/lib_ab4a70858e/lib_ab4a70858e__delay_0.15__dur_0.0.h5
205,0.0,0.2,ab4a70858e,0.21962279081344604,0.8955223880597032,-6.273584905660378,112.48408527317332,17.91,34,30,5,1.5707963267948966,3,5.0,8,0.09,/mnt/ceph-hdd/workspaces/ws/cidbn_wibral_neuro_nonhuman/u19361-allen-hdd/results/zebra/meso/sub-832700_ses-multiplane-ophys-832700-2026-01-24-12-06-12_ophys/events/VISp_1/trial_0/phase_0/lib_ab4a70858e/lib_ab4a70858e__delay_0.0__dur_0.2.h5
206,0.06,0.2,ab4a70858e,0.16279342770576477,-6.268656716417908,-13.443396226415096,0.0,7.16,30,34,0,0.0,0,2.0,9,0.1,/mnt/ceph-hdd/workspaces/ws/cidbn_wibral_neuro_nonhuman/u19361-allen-hdd/results/zebra/meso/sub-832700_ses-multiplane-ophys-832700-2026-01-24-12-06-12_ophys/events/VISp_1/trial_0/phase_0/lib_ab4a70858e/lib_ab4a70858e__delay_0.06__dur_0.2.h5
207,0.09,0.0,ab4a70858e,0.1325734406709671,2.6865671641791096,-4.481132075471699,90.0,21.49,35,29,4,1.2566370614359172,4,6.0,8,0.09,/mnt/ceph-hdd/workspaces/ws/cidbn_wibral_neuro_nonhuman/u19361-allen-hdd/results/zebra/meso/sub-832700_ses-multiplane-ophys-832700-2026-01-24-12-06-12_ophys/events/VISp_1/trial_0/phase_0/lib_ab4a70858e/lib_ab4a70858e__delay_0.09__dur_0.0.h5
208,0.09,0.0,ab4a70858e,0.21107344329357147,2.6865671641791096,-13.443396226415096,0.0,7.16,35,34,0,0.0,0,2.0,11,1.2,/mnt/ceph-hdd/workspaces/ws/cidbn_wibral_neuro_nonhuman/u19361-allen-hdd/results/zebra/meso/sub-832700_ses-multiplane-ophys-832700-2026-01-24-12-06-12_ophys/events/VISp_1/trial_0/phase_0/lib_ab4a70858e/lib_ab4a70858e__delay_0.09__dur_0.0.h5
209,0.06,0.2,ab4a70858e,0.16565221548080444,2.6865671641791096,-8.066037735849058,134.9774869247291,14.32,35,31,6,1.8849555921538759,2,4.0,4,0.05,/mnt/ceph-hdd/workspaces/ws/cidbn_wibral_neuro_nonhuman/u19361-allen-hdd/results/zebra/meso/sub-832700_ses-multiplane-ophys-832700-2026-01-24-12-06-12_ophys/events/VISp_1/trial_0/phase_0/lib_ab4a70858e/lib_ab4a70858e__delay_0.06__dur_0.2.h5
21,0.15,0.2,ab4a70858e,0.1159035861492157,-0.8955223880596961,-18.82075471698113,22.515923572829195,21.49,33,37,1,0.3141592653589793,4,6.0,7,0.08,/mnt/ceph-hdd/workspaces/ws/cidbn_wibral_neuro_nonhuman/u19361-allen-hdd/results/zebra/meso/sub-832700_ses-multiplane-ophys-832700-2026-01-24-12-06-12_ophys/events/VISp_1/trial_0/phase_0/lib_ab4a70858e/lib_ab4a70858e__delay_0.15__dur_0.2.h5
210,0.06,0.2,ab4a70858e,0.24619804322719574,-6.268656716417908,-2.6886792452830193,22.515923572829195,14.32,30,28,1,0.3141592653589793,2,4.0,9,0.1,/mnt/ceph-hdd/workspaces/ws/cidbn_wibral_neuro_nonhuman/u19361-allen-hdd/results/zebra/meso/sub-832700_ses-multiplane-ophys-832700-2026-01-24-12-06-12_ophys/events/VISp_1/trial_0/phase_0/lib_ab4a70858e/lib_ab4a70858e__delay_0.06__dur_0.2.h5
211,0.12,0.0,ab4a70858e,0.21989619731903076,-4.477611940298509,-8.066037735849058,157.4840764271708,7.16,31,31,7,2.199114857512855,0,2.0,12,1.3,/mnt/ceph-hdd/workspaces/ws/cidbn_wibral_neuro_nonhuman/u19361-allen-hdd/results/zebra/meso/sub-832700_ses-multiplane-ophys-832700-2026-01-24-12-06-12_ophys/events/VISp_1/trial_0/phase_0/lib_ab4a70858e/lib_ab4a70858e__delay_0.12__dur_0.0.h5
212,0.09,0.0,ab4a70858e,0.1454370617866516,2.6865671641791096,-6.273584905660378,0.0,7.16,35,30,0,0.0,0,2.0,11,1.2,/mnt/ceph-hdd/workspaces/ws/cidbn_wibral_neuro_nonhuman/u19361-allen-hdd/results/zebra/meso/sub-832700_ses-multiplane-ophys-832700-2026-01-24-12-06-12_ophys/events/VISp_1/trial_0/phase_0/lib_ab4a70858e/lib_ab4a70858e__delay_0.09__dur_0.0.h5
213,0.0,0.2,ab4a70858e,0.1239987164735794,-13.43283582089552,4.481132075471699,45.02251307527088,14.32,26,24,2,0.6283185307179586,2,4.0,11,1.2,/mnt/ceph-hdd/workspaces/ws/cidbn_wibral_neuro_nonhuman/u19361-allen-hdd/results/zebra/meso/sub-832700_ses-multiplane-ophys-832700-2026-01-24-12-06-12_ophys/events/VISp_1/trial_0/phase_0/lib_ab4a70858e/lib_ab4a70858e__delay_0.0__dur_0.2.h5
214,0.09,0.0,ab4a70858e,0.2238074094057083,-4.477611940298509,-13.443396226415096,0.0,17.91,31,34,0,0.0,3,5.0,6,0.07,/mnt/ceph-hdd/workspaces/ws/cidbn_wibral_neuro_nonhuman/u19361-allen-hdd/results/zebra/meso/sub-832700_ses-multiplane-ophys-832700-2026-01-24-12-06-12_ophys/events/VISp_1/trial_0/phase_0/lib_ab4a70858e/lib_ab4a70858e__delay_0.09__dur_0.0.h5
215,0.12,0.0,ab4a70858e,0.10963539779186249,24.179104477611943,20.613207547169807,22.515923572829163,28.65,47,15,9,2.827433388230814,5,8.0,10,1.1,/mnt/ceph-hdd/workspaces/ws/cidbn_wibral_neuro_nonhuman/u19361-allen-hdd/results/zebra/meso/sub-832700_ses-multiplane-ophys-832700-2026-01-24-12-06-12_ophys/events/VISp_1/trial_0/phase_0/lib_ab4a70858e/lib_ab4a70858e__delay_0.12__dur_0.0.h5
216,0.06,0.2,ab4a70858e,0.11678269505500793,-6.268656716417908,-4.481132075471699,157.4840764271708,7.16,30,29,7,2.199114857512855,0,2.0,12,1.3,/mnt/ceph-hdd/workspaces/ws/cidbn_wibral_neuro_nonhuman/u19361-allen-hdd/results/zebra/meso/sub-832700_ses-multiplane-ophys-832700-2026-01-24-12-06-12_ophys/events/VISp_1/trial_0/phase_0/lib_ab4a70858e/lib_ab4a70858e__delay_0.06__dur_0.2.h5
217,0.03,0.0,ab4a70858e,0.12168426811695099,20.59701492537313,18.820754716981128,67.51591472682667,17.91,45,16,3,0.9424777960769379,3,5.0,12,1.3,/mnt/ceph-hdd/workspaces/ws/cidbn_wibral_neuro_nonhuman/u19361-allen-hdd/results/zebra/meso/sub-832700_ses-multiplane-ophys-832700-2026-01-24-12-06-12_ophys/events/VISp_1/trial_0/phase_0/lib_ab4a70858e/lib_ab4a70858e__delay_0.03__dur_0.0.h5
218,0.06,0.2,ab4a70858e,0.14447608590126038,6.268656716417908,-8.066037735849058,112.48408527317332,14.32,37,31,5,1.5707963267948966,2,4.0,9,0.1,/mnt/ceph-hdd/workspaces/ws/cidbn_wibral_neuro_nonhuman/u19361-allen-hdd/results/zebra/meso/sub-832700_ses-multiplane-ophys-832700-2026-01-24-12-06-12_ophys/events/VISp_1/trial_0/phase_0/lib_ab4a70858e/lib_ab4a70858e__delay_0.06__dur_0.2.h5
219,0.15,0.2,ab4a70858e,0.28560614585876465,-2.6865671641791025,-0.8962264150943398,180.0,17.91,32,27,8,2.5132741228718345,3,5.0,12,1.3,/mnt/ceph-hdd/workspaces/ws/cidbn_wibral_neuro_nonhuman/u19361-allen-hdd/results/zebra/meso/sub-832700_ses-multiplane-ophys-832700-2026-01-24-12-06-12_ophys/events/VISp_1/trial_0/phase_0/lib_ab4a70858e/lib_ab4a70858e__delay_0.15__dur_0.2.h5
22,0.09,0.0,ab4a70858e,0.19047828018665314,6.268656716417908,-2.6886792452830193,112.48408527317332,10.74,37,28,5,1.5707963267948966,1,3.0,9,0.1,/mnt/ceph-hdd/workspaces/ws/cidbn_wibral_neuro_nonhuman/u19361-allen-hdd/results/zebra/meso/sub-832700_ses-multiplane-ophys-832700-2026-01-24-12-06-12_ophys/events/VISp_1/trial_0/phase_0/lib_ab4a70858e/lib_ab4a70858e__delay_0.09__dur_0.0.h5
220,0.06,0.2,ab4a70858e,0.16575010120868683,-4.477611940298509,-6.273584905660378,0.0,7.16,31,30,0,0.0,0,2.0,11,1.2,/mnt/ceph-hdd/workspaces/ws/cidbn_wibral_neuro_nonhuman/u19361-allen-hdd/results/zebra/meso/sub-832700_ses-multiplane-ophys-832700-2026-01-24-12-06-12_ophys/events/VISp_1/trial_0/phase_0/lib_ab4a70858e/lib_ab4a70858e__delay_0.06__dur_0.2.h5
221,0.15,0.0,ab4a70858e,0.13903820514678955,0.8955223880597032,-8.066037735849058,22.515923572829163,14.32,34,31,9,2.827433388230814,2,4.0,9,0.1,/mnt/ceph-hdd/workspaces/ws/cidbn_wibral_neuro_nonhuman/u19361-allen-hdd/results/zebra/meso/sub-832700_ses-multiplane-ophys-832700-2026-01-24-12-06-12_ophys/events/VISp_1/trial_0/phase_0/lib_ab4a70858e/lib_ab4a70858e__delay_0.15__dur_0.0.h5
222,0.06,0.2,ab4a70858e,0.25481805205345154,-6.268656716417908,-8.066037735849058,112.48408527317332,14.32,30,31,5,1.5707963267948966,2,4.0,6,0.07,/mnt/ceph-hdd/workspaces/ws/cidbn_wibral_neuro_nonhuman/u19361-allen-hdd/results/zebra/meso/sub-832700_ses-multiplane-ophys-832700-2026-01-24-12-06-12_ophys/events/VISp_1/trial_0/phase_0/lib_ab4a70858e/lib_ab4a70858e__delay_0.06__dur_0.2.h5
223,0.12,0.2,ab4a70858e,0.16565054655075073,-22.388059701492537,9.858490566037737,0.0,17.91,21,21,0,0.0,3,5.0,11,1.2,/mnt/ceph-hdd/workspaces/ws/cidbn_wibral_neuro_nonhuman/u19361-allen-hdd/results/zebra/meso/sub-832700_ses-multiplane-ophys-832700-2026-01-24-12-06-12_ophys/events/VISp_1/trial_0/phase_0/lib_ab4a70858e/lib_ab4a70858e__delay_0.12__dur_0.2.h5
224,0.03,0.2,ab4a70858e,0.1068320944905281,-38.507462686567166,-45.70754716981132,45.02251307527088,10.74,12,52,2,0.6283185307179586,1,3.0,12,1.3,/mnt/ceph-hdd/workspaces/ws/cidbn_wibral_neuro_nonhuman/u19361-allen-hdd/results/zebra/meso/sub-832700_ses-multiplane-ophys-832700-2026-01-24-12-06-12_ophys/events/VISp_1/trial_0/phase_0/lib_ab4a70858e/lib_ab4a70858e__delay_0.03__dur_0.2.h5
225,0.09,0.2,ab4a70858e,0.12359419465065002,-6.268656716417908,-15.235849056603776,134.9774869247291,14.32,30,35,6,1.8849555921538759,2,4.0,7,0.08,/mnt/ceph-hdd/workspaces/ws/cidbn_wibral_neuro_nonhuman/u19361-allen-hdd/results/zebra/meso/sub-832700_ses-multiplane-ophys-832700-2026-01-24-12-06-12_ophys/events/VISp_1/trial_0/phase_0/lib_ab4a70858e/lib_ab4a70858e__delay_0.09__dur_0.2.h5
226,0.03,0.2,ab4a70858e,0.12365856766700745,-11.64179104477612,-4.481132075471699,112.48408527317332,21.49,27,29,5,1.5707963267948966,4,6.0,5,0.06,/mnt/ceph-hdd/workspaces/ws/cidbn_wibral_neuro_nonhuman/u19361-allen-hdd/results/zebra/meso/sub-832700_ses-multiplane-ophys-832700-2026-01-24-12-06-12_ophys/events/VISp_1/trial_0/phase_0/lib_ab4a70858e/lib_ab4a70858e__delay_0.03__dur_0.2.h5
227,0.15,0.2,ab4a70858e,0.10975239425897598,47.462686567164184,-27.78301886792453,134.9774869247291,7.16,60,42,6,1.8849555921538759,0,2.0,10,1.1,/mnt/ceph-hdd/workspaces/ws/cidbn_wibral_neuro_nonhuman/u19361-allen-hdd/results/zebra/meso/sub-832700_ses-multiplane-ophys-832700-2026-01-24-12-06-12_ophys/events/VISp_1/trial_0/phase_0/lib_ab4a70858e/lib_ab4a70858e__delay_0.15__dur_0.2.h5
228,0.06,0.2,ab4a70858e,0.1636640727519989,-0.8955223880596961,-4.481132075471699,0.0,7.16,33,29,0,0.0,0,2.0,11,1.2,/mnt/ceph-hdd/workspaces/ws/cidbn_wibral_neuro_nonhuman/u19361-allen-hdd/results/zebra/meso/sub-832700_ses-multiplane-ophys-832700-2026-01-24-12-06-12_ophys/events/VISp_1/trial_0/phase_0/lib_ab4a70858e/lib_ab4a70858e__delay_0.06__dur_0.2.h5
229,0.06,0.2,ab4a70858e,0.18278567492961884,-2.6865671641791025,-17.028301886792452,0.0,10.74,32,36,0,0.0,1,3.0,11,1.2,/mnt/ceph-hdd/workspaces/ws/cidbn_wibral_neuro_nonhuman/u19361-allen-hdd/results/zebra/meso/sub-832700_ses-multiplane-ophys-832700-2026-01-24-12-06-12_ophys/events/VISp_1/trial_0/phase_0/lib_ab4a70858e/lib_ab4a70858e__delay_0.06__dur_0.2.h5
23,0.03,0.0,ab4a70858e,0.13520218431949615,-17.014925373134325,6.273584905660378,112.48408527317332,28.65,24,23,5,1.5707963267948966,5,8.0,11,1.2,/mnt/ceph-hdd/workspaces/ws/cidbn_wibral_neuro_nonhuman/u19361-allen-hdd/results/zebra/meso/sub-832700_ses-multiplane-ophys-832700-2026-01-24-12-06-12_ophys/events/VISp_1/trial_0/phase_0/lib_ab4a70858e/lib_ab4a70858e__delay_0.03__dur_0.0.h5
230,0.06,0.0,ab4a70858e,0.21994957327842712,-6.268656716417908,-8.066037735849058,90.0,21.49,30,31,4,1.2566370614359172,4,6.0,4,0.05,/mnt/ceph-hdd/workspaces/ws/cidbn_wibral_neuro_nonhuman/u19361-allen-hdd/results/zebra/meso/sub-832700_ses-multiplane-ophys-832700-2026-01-24-12-06-12_ophys/events/VISp_1/trial_0/phase_0/lib_ab4a70858e/lib_ab4a70858e__delay_0.06__dur_0.0.h5
231,0.0,0.2,ab4a70858e,0.10926948487758636,-2.6865671641791025,-17.028301886792452,22.515923572829195,14.32,32,36,1,0.3141592653589793,2,4.0,9,0.1,/mnt/ceph-hdd/workspaces/ws/cidbn_wibral_neuro_nonhuman/u19361-allen-hdd/results/zebra/meso/sub-832700_ses-multiplane-ophys-832700-2026-01-24-12-06-12_ophys/events/VISp_1/trial_0/phase_0/lib_ab4a70858e/lib_ab4a70858e__delay_0.0__dur_0.2.h5
232,0.09,0.0,ab4a70858e,0.25093021988868713,-0.8955223880596961,-9.858490566037737,180.0,14.32,33,32,8,2.5132741228718345,2,4.0,9,0.1,/mnt/ceph-hdd/workspaces/ws/cidbn_wibral_neuro_nonhuman/u19361-allen-hdd/results/zebra/meso/sub-832700_ses-multiplane-ophys-832700-2026-01-24-12-06-12_ophys/events/VISp_1/trial_0/phase_0/lib_ab4a70858e/lib_ab4a70858e__delay_0.09__dur_0.0.h5
233,0.03,0.2,ab4a70858e,0.19416917860507965,-4.477611940298509,0.8962264150943398,157.4840764271708,14.32,31,26,7,2.199114857512855,2,4.0,9,0.1,/mnt/ceph-hdd/workspaces/ws/cidbn_wibral_neuro_nonhuman/u19361-allen-hdd/results/zebra/meso/sub-832700_ses-multiplane-ophys-832700-2026-01-24-12-06-12_ophys/events/VISp_1/trial_0/phase_0/lib_ab4a70858e/lib_ab4a70858e__delay_0.03__dur_0.2.h5
234,0.06,0.0,ab4a70858e,0.14497657120227814,0.8955223880597032,-13.443396226415096,22.515923572829163,17.91,34,34,9,2.827433388230814,3,5.0,9,0.1,/mnt/ceph-hdd/workspaces/ws/cidbn_wibral_neuro_nonhuman/u19361-allen-hdd/results/zebra/meso/sub-832700_ses-multiplane-ophys-832700-2026-01-24-12-06-12_ophys/events/VISp_1/trial_0/phase_0/lib_ab4a70858e/lib_ab4a70858e__delay_0.06__dur_0.0.h5
235,0.0,0.2,ab4a70858e,0.12259739637374878,-9.850746268656714,-4.481132075471699,67.51591472682667,14.32,28,29,3,0.9424777960769379,2,4.0,7,0.08,/mnt/ceph-hdd/workspaces/ws/cidbn_wibral_neuro_nonhuman/u19361-allen-hdd/results/zebra/meso/sub-832700_ses-multiplane-ophys-832700-2026-01-24-12-06-12_ophys/events/VISp_1/trial_0/phase_0/lib_ab4a70858e/lib_ab4a70858e__delay_0.0__dur_0.2.h5
236,0.15,0.2,ab4a70858e,0.16628600656986237,-8.059701492537314,-9.858490566037737,22.515923572829195,17.91,29,32,1,0.3141592653589793,3,5.0,9,0.1,/mnt/ceph-hdd/workspaces/ws/cidbn_wibral_neuro_nonhuman/u19361-allen-hdd/results/zebra/meso/sub-832700_ses-multiplane-ophys-832700-2026-01-24-12-06-12_ophys/events/VISp_1/trial_0/phase_0/lib_ab4a70858e/lib_ab4a70858e__delay_0.15__dur_0.2.h5
237,0.0,0.2,ab4a70858e,0.15792101621627808,-2.6865671641791025,-11.650943396226417,45.02251307527088,10.74,32,33,2,0.6283185307179586,1,3.0,9,0.1,/mnt/ceph-hdd/workspaces/ws/cidbn_wibral_neuro_nonhuman/u19361-allen-hdd/results/zebra/meso/sub-832700_ses-multiplane-ophys-832700-2026-01-24-12-06-12_ophys/events/VISp_1/trial_0/phase_0/lib_ab4a70858e/lib_ab4a70858e__delay_0.0__dur_0.2.h5
238,0.03,0.2,ab4a70858e,0.2139950692653656,-6.268656716417908,-11.650943396226417,112.48408527317332,17.91,30,33,5,1.5707963267948966,3,5.0,6,0.07,/mnt/ceph-hdd/workspaces/ws/cidbn_wibral_neuro_nonhuman/u19361-allen-hdd/results/zebra/meso/sub-832700_ses-multiplane-ophys-832700-2026-01-24-12-06-12_ophys/events/VISp_1/trial_0/phase_0/lib_ab4a70858e/lib_ab4a70858e__delay_0.03__dur_0.2.h5
239,0.09,0.0,ab4a70858e,0.13368640840053558,0.8955223880597032,-13.443396226415096,134.9774869247291,10.74,34,34,6,1.8849555921538759,1,3.0,7,0.08,/mnt/ceph-hdd/workspaces/ws/cidbn_wibral_neuro_nonhuman/u19361-allen-hdd/results/zebra/meso/sub-832700_ses-multiplane-ophys-832700-2026-01-24-12-06-12_ophys/events/VISp_1/trial_0/phase_0/lib_ab4a70858e/lib_ab4a70858e__delay_0.09__dur_0.0.h5
24,0.03,0.2,ab4a70858e,0.2179965227842331,2.6865671641791096,-8.066037735849058,22.515923572829195,14.32,35,31,1,0.3141592653589793,2,4.0,4,0.05,/mnt/ceph-hdd/workspaces/ws/cidbn_wibral_neuro_nonhuman/u19361-allen-hdd/results/zebra/meso/sub-832700_ses-multiplane-ophys-832700-2026-01-24-12-06-12_ophys/events/VISp_1/trial_0/phase_0/lib_ab4a70858e/lib_ab4a70858e__delay_0.03__dur_0.2.h5
240,0.06,0.0,ab4a70858e,0.20921523869037628,-2.6865671641791025,-11.650943396226417,157.4840764271708,7.16,32,33,7,2.199114857512855,0,2.0,12,1.3,/mnt/ceph-hdd/workspaces/ws/cidbn_wibral_neuro_nonhuman/u19361-allen-hdd/results/zebra/meso/sub-832700_ses-multiplane-ophys-832700-2026-01-24-12-06-12_ophys/events/VISp_1/trial_0/phase_0/lib_ab4a70858e/lib_ab4a70858e__delay_0.06__dur_0.0.h5
241,0.03,0.2,ab4a70858e,0.20960479974746704,-0.8955223880596961,-6.273584905660378,134.9774869247291,14.32,33,30,6,1.8849555921538759,2,4.0,9,0.1,/mnt/ceph-hdd/workspaces/ws/cidbn_wibral_neuro_nonhuman/u19361-allen-hdd/results/zebra/meso/sub-832700_ses-multiplane-ophys-832700-2026-01-24-12-06-12_ophys/events/VISp_1/trial_0/phase_0/lib_ab4a70858e/lib_ab4a70858e__delay_0.03__dur_0.2.h5
242,0.0,0.2,ab4a70858e,0.1602332442998886,-4.477611940298509,-2.6886792452830193,22.515923572829163,10.74,31,28,9,2.827433388230814,1,3.0,8,0.09,/mnt/ceph-hdd/workspaces/ws/cidbn_wibral_neuro_nonhuman/u19361-allen-hdd/results/zebra/meso/sub-832700_ses-multiplane-ophys-832700-2026-01-24-12-06-12_ophys/events/VISp_1/trial_0/phase_0/lib_ab4a70858e/lib_ab4a70858e__delay_0.0__dur_0.2.h5
243,0.06,0.2,ab4a70858e,0.1857149600982666,-6.268656716417908,-6.273584905660378,67.51591472682667,17.91,30,30,3,0.9424777960769379,3,5.0,9,0.1,/mnt/ceph-hdd/workspaces/ws/cidbn_wibral_neuro_nonhuman/u19361-allen-hdd/results/zebra/meso/sub-832700_ses-multiplane-ophys-832700-2026-01-24-12-06-12_ophys/events/VISp_1/trial_0/phase_0/lib_ab4a70858e/lib_ab4a70858e__delay_0.06__dur_0.2.h5
244,0.09,0.2,ab4a70858e,0.14140111207962036,-8.059701492537314,-9.858490566037737,90.0,10.74,29,32,4,1.2566370614359172,1,3.0,9,0.1,/mnt/ceph-hdd/workspaces/ws/cidbn_wibral_neuro_nonhuman/u19361-allen-hdd/results/zebra/meso/sub-832700_ses-multiplane-ophys-832700-2026-01-24-12-06-12_ophys/events/VISp_1/trial_0/phase_0/lib_ab4a70858e/lib_ab4a70858e__delay_0.09__dur_0.2.h5
245,0.03,0.2,ab4a70858e,0.15786944329738617,-4.477611940298509,-11.650943396226417,112.48408527317332,7.16,31,33,5,1.5707963267948966,0,2.0,9,0.1,/mnt/ceph-hdd/workspaces/ws/cidbn_wibral_neuro_nonhuman/u19361-allen-hdd/results/zebra/meso/sub-832700_ses-multiplane-ophys-832700-2026-01-24-12-06-12_ophys/events/VISp_1/trial_0/phase_0/lib_ab4a70858e/lib_ab4a70858e__delay_0.03__dur_0.2.h5
246,0.0,0.2,ab4a70858e,0.13923782110214233,-2.6865671641791025,-0.8962264150943398,180.0,14.32,32,27,8,2.5132741228718345,2,4.0,7,0.08,/mnt/ceph-hdd/workspaces/ws/cidbn_wibral_neuro_nonhuman/u19361-allen-hdd/results/zebra/meso/sub-832700_ses-multiplane-ophys-832700-2026-01-24-12-06-12_ophys/events/VISp_1/trial_0/phase_0/lib_ab4a70858e/lib_ab4a70858e__delay_0.0__dur_0.2.h5
247,0.0,0.2,ab4a70858e,0.11585283279418945,13.43283582089552,-27.78301886792453,67.51591472682667,10.74,41,42,3,0.9424777960769379,1,3.0,12,1.3,/mnt/ceph-hdd/workspaces/ws/cidbn_wibral_neuro_nonhuman/u19361-allen-hdd/results/zebra/meso/sub-832700_ses-multiplane-ophys-832700-2026-01-24-12-06-12_ophys/events/VISp_1/trial_0/phase_0/lib_ab4a70858e/lib_ab4a70858e__delay_0.0__dur_0.2.h5
248,0.09,0.0,ab4a70858e,0.14919666945934296,-8.059701492537314,-15.235849056603776,22.515923572829163,14.32,29,35,9,2.827433388230814,2,4.0,9,0.1,/mnt/ceph-hdd/workspaces/ws/cidbn_wibral_neuro_nonhuman/u19361-allen-hdd/results/zebra/meso/sub-832700_ses-multiplane-ophys-832700-2026-01-24-12-06-12_ophys/events/VISp_1/trial_0/phase_0/lib_ab4a70858e/lib_ab4a70858e__delay_0.09__dur_0.0.h5
249,0.09,0.2,ab4a70858e,0.1658129245042801,6.268656716417908,-11.650943396226417,0.0,10.74,37,33,0,0.0,1,3.0,11,1.2,/mnt/ceph-hdd/workspaces/ws/cidbn_wibral_neuro_nonhuman/u19361-allen-hdd/results/zebra/meso/sub-832700_ses-multiplane-ophys-832700-2026-01-24-12-06-12_ophys/events/VISp_1/trial_0/phase_0/lib_ab4a70858e/lib_ab4a70858e__delay_0.09__dur_0.2.h5
25,0.12,0.2,ab4a70858e,0.13842691481113434,54.626865671641795,-6.273584905660378,67.51591472682667,14.32,64,30,3,0.9424777960769379,2,4.0,12,1.3,/mnt/ceph-hdd/workspaces/ws/cidbn_wibral_neuro_nonhuman/u19361-allen-hdd/results/zebra/meso/sub-832700_ses-multiplane-ophys-832700-2026-01-24-12-06-12_ophys/events/VISp_1/trial_0/phase_0/lib_ab4a70858e/lib_ab4a70858e__delay_0.12__dur_0.2.h5
250,0.0,0.2,ab4a70858e,0.20902663469314575,-6.268656716417908,-11.650943396226417,90.0,14.32,30,33,4,1.2566370614359172,2,4.0,9,0.1,/mnt/ceph-hdd/workspaces/ws/cidbn_wibral_neuro_nonhuman/u19361-allen-hdd/results/zebra/meso/sub-832700_ses-multiplane-ophys-832700-2026-01-24-12-06-12_ophys/events/VISp_1/trial_0/phase_0/lib_ab4a70858e/lib_ab4a70858e__delay_0.0__dur_0.2.h5
251,0.03,0.2,ab4a70858e,0.1369098573923111,-38.507462686567166,-11.650943396226417,67.51591472682667,10.74,12,33,3,0.9424777960769379,1,3.0,12,1.3,/mnt/ceph-hdd/workspaces/ws/cidbn_wibral_neuro_nonhuman/u19361-allen-hdd/results/zebra/meso/sub-832700_ses-multiplane-ophys-832700-2026-01-24-12-06-12_ophys/events/VISp_1/trial_0/phase_0/lib_ab4a70858e/lib_ab4a70858e__delay_0.03__dur_0.2.h5
252,0.03,0.2,ab4a70858e,0.19017693400382996,-4.477611940298509,-8.066037735849058,0.0,7.16,31,31,0,0.0,0,2.0,11,1.2,/mnt/ceph-hdd/workspaces/ws/cidbn_wibral_neuro_nonhuman/u19361-allen-hdd/results/zebra/meso/sub-832700_ses-multiplane-ophys-832700-2026-01-24-12-06-12_ophys/events/VISp_1/trial_0/phase_0/lib_ab4a70858e/lib_ab4a70858e__delay_0.03__dur_0.2.h5
253,0.03,0.2,ab4a70858e,0.1530890315771103,-0.8955223880596961,-18.82075471698113,67.51591472682667,17.91,33,37,3,0.9424777960769379,3,5.0,6,0.07,/mnt/ceph-hdd/workspaces/ws/cidbn_wibral_neuro_nonhuman/u19361-allen-hdd/results/zebra/meso/sub-832700_ses-multiplane-ophys-832700-2026-01-24-12-06-12_ophys/events/VISp_1/trial_0/phase_0/lib_ab4a70858e/lib_ab4a70858e__delay_0.03__dur_0.2.h5
254,0.06,0.0,ab4a70858e,0.12459346652030945,-40.298507462686565,-20.61320754716981,134.9774869247291,14.32,11,38,6,1.8849555921538759,2,4.0,10,1.1,/mnt/ceph-hdd/workspaces/ws/cidbn_wibral_neuro_nonhuman/u19361-allen-hdd/results/zebra/meso/sub-832700_ses-multiplane-ophys-832700-2026-01-24-12-06-12_ophys/events/VISp_1/trial_0/phase_0/lib_ab4a70858e/lib_ab4a70858e__delay_0.06__dur_0.0.h5
255,0.06,0.2,ab4a70858e,0.12902063131332397,-15.223880597014926,-8.066037735849058,112.48408527317332,7.16,25,31,5,1.5707963267948966,0,2.0,11,1.2,/mnt/ceph-hdd/workspaces/ws/cidbn_wibral_neuro_nonhuman/u19361-allen-hdd/results/zebra/meso/sub-832700_ses-multiplane-ophys-832700-2026-01-24-12-06-12_ophys/events/VISp_1/trial_0/phase_0/lib_ab4a70858e/lib_ab4a70858e__delay_0.06__dur_0.2.h5
256,0.0,0.2,ab4a70858e,0.11294541507959366,-6.268656716417908,-9.858490566037737,180.0,10.74,30,32,8,2.5132741228718345,1,3.0,7,0.08,/mnt/ceph-hdd/workspaces/ws/cidbn_wibral_neuro_nonhuman/u19361-allen-hdd/results/zebra/meso/sub-832700_ses-multiplane-ophys-832700-2026-01-24-12-06-12_ophys/events/VISp_1/trial_0/phase_0/lib_ab4a70858e/lib_ab4a70858e__delay_0.0__dur_0.2.h5
257,0.12,0.0,ab4a70858e,0.169525608420372,-8.059701492537314,-9.858490566037737,67.51591472682667,14.32,29,32,3,0.9424777960769379,2,4.0,7,0.08,/mnt/ceph-hdd/workspaces/ws/cidbn_wibral_neuro_nonhuman/u19361-allen-hdd/results/zebra/meso/sub-832700_ses-multiplane-ophys-832700-2026-01-24-12-06-12_ophys/events/VISp_1/trial_0/phase_0/lib_ab4a70858e/lib_ab4a70858e__delay_0.12__dur_0.0.h5
258,0.09,0.0,ab4a70858e,0.21651674807071686,-8.059701492537314,-4.481132075471699,22.515923572829195,17.91,29,29,1,0.3141592653589793,3,5.0,7,0.08,/mnt/ceph-hdd/workspaces/ws/cidbn_wibral_neuro_nonhuman/u19361-allen-hdd/results/zebra/meso/sub-832700_ses-multiplane-ophys-832700-2026-01-24-12-06-12_ophys/events/VISp_1/trial_0/phase_0/lib_ab4a70858e/lib_ab4a70858e__delay_0.09__dur_0.0.h5
259,0.0,0.2,ab4a70858e,0.12104471772909164,29.55223880597015,20.613207547169807,157.4840764271708,10.74,50,15,7,2.199114857512855,1,3.0,12,1.3,/mnt/ceph-hdd/workspaces/ws/cidbn_wibral_neuro_nonhuman/u19361-allen-hdd/results/zebra/meso/sub-832700_ses-multiplane-ophys-832700-2026-01-24-12-06-12_ophys/events/VISp_1/trial_0/phase_0/lib_ab4a70858e/lib_ab4a70858e__delay_0.0__dur_0.2.h5
26,0.03,0.2,ab4a70858e,0.19276690483093262,2.6865671641791096,-13.443396226415096,134.9774869247291,10.74,35,34,6,1.8849555921538759,1,3.0,7,0.08,/mnt/ceph-hdd/workspaces/ws/cidbn_wibral_neuro_nonhuman/u19361-allen-hdd/results/zebra/meso/sub-832700_ses-multiplane-ophys-832700-2026-01-24-12-06-12_ophys/events/VISp_1/trial_0/phase_0/lib_ab4a70858e/lib_ab4a70858e__delay_0.03__dur_0.2.h5
260,0.06,0.2,ab4a70858e,0.2569121718406677,-6.268656716417908,-6.273584905660378,112.48408527317332,14.32,30,30,5,1.5707963267948966,2,4.0,5,0.06,/mnt/ceph-hdd/workspaces/ws/cidbn_wibral_neuro_nonhuman/u19361-allen-hdd/results/zebra/meso/sub-832700_ses-multiplane-ophys-832700-2026-01-24-12-06-12_ophys/events/VISp_1/trial_0/phase_0/lib_ab4a70858e/lib_ab4a70858e__delay_0.06__dur_0.2.h5
261,0.06,0.0,ab4a70858e,0.17002032697200775,-8.059701492537314,-15.235849056603776,180.0,21.49,29,35,8,2.5132741228718345,4,6.0,5,0.06,/mnt/ceph-hdd/workspaces/ws/cidbn_wibral_neuro_nonhuman/u19361-allen-hdd/results/zebra/meso/sub-832700_ses-multiplane-ophys-832700-2026-01-24-12-06-12_ophys/events/VISp_1/trial_0/phase_0/lib_ab4a70858e/lib_ab4a70858e__delay_0.06__dur_0.0.h5
262,0.0,0.2,ab4a70858e,0.20092341303825378,0.8955223880597032,-11.650943396226417,0.0,10.74,34,33,0,0.0,1,3.0,11,1.2,/mnt/ceph-hdd/workspaces/ws/cidbn_wibral_neuro_nonhuman/u19361-allen-hdd/results/zebra/meso/sub-832700_ses-multiplane-ophys-832700-2026-01-24-12-06-12_ophys/events/VISp_1/trial_0/phase_0/lib_ab4a70858e/lib_ab4a70858e__delay_0.0__dur_0.2.h5
263,0.06,0.2,ab4a70858e,0.2729024887084961,-8.059701492537314,-11.650943396226417,0.0,14.32,29,33,0,0.0,2,4.0,9,0.1,/mnt/ceph-hdd/workspaces/ws/cidbn_wibral_neuro_nonhuman/u19361-allen-hdd/results/zebra/meso/sub-832700_ses-multiplane-ophys-832700-2026-01-24-12-06-12_ophys/events/VISp_1/trial_0/phase_0/lib_ab4a70858e/lib_ab4a70858e__delay_0.06__dur_0.2.h5
264,0.09,0.0,ab4a70858e,0.1737794280052185,0.8955223880597032,-9.858490566037737,134.9774869247291,17.91,34,32,6,1.8849555921538759,3,5.0,9,0.1,/mnt/ceph-hdd/workspaces/ws/cidbn_wibral_neuro_nonhuman/u19361-allen-hdd/results/zebra/meso/sub-832700_ses-multiplane-ophys-832700-2026-01-24-12-06-12_ophys/events/VISp_1/trial_0/phase_0/lib_ab4a70858e/lib_ab4a70858e__delay_0.09__dur_0.0.h5
265,0.09,0.0,ab4a70858e,0.2540246248245239,-8.059701492537314,-8.066037735849058,90.0,17.91,29,31,4,1.2566370614359172,3,5.0,7,0.08,/mnt/ceph-hdd/workspaces/ws/cidbn_wibral_neuro_nonhuman/u19361-allen-hdd/results/zebra/meso/sub-832700_ses-multiplane-ophys-832700-2026-01-24-12-06-12_ophys/events/VISp_1/trial_0/phase_0/lib_ab4a70858e/lib_ab4a70858e__delay_0.09__dur_0.0.h5
266,0.06,0.0,ab4a70858e,0.10731134563684464,-9.850746268656714,-18.82075471698113,157.4840764271708,14.32,28,37,7,2.199114857512855,2,4.0,9,0.1,/mnt/ceph-hdd/workspaces/ws/cidbn_wibral_neuro_nonhuman/u19361-allen-hdd/results/zebra/meso/sub-832700_ses-multiplane-ophys-832700-2026-01-24-12-06-12_ophys/events/VISp_1/trial_0/phase_0/lib_ab4a70858e/lib_ab4a70858e__delay_0.06__dur_0.0.h5
267,0.06,0.0,ab4a70858e,0.13407164812088013,-0.8955223880596961,-15.235849056603776,0.0,17.91,33,35,0,0.0,3,5.0,6,0.07,/mnt/ceph-hdd/workspaces/ws/cidbn_wibral_neuro_nonhuman/u19361-allen-hdd/results/zebra/meso/sub-832700_ses-multiplane-ophys-832700-2026-01-24-12-06-12_ophys/events/VISp_1/trial_0/phase_0/lib_ab4a70858e/lib_ab4a70858e__delay_0.06__dur_0.0.h5
268,0.0,0.2,ab4a70858e,0.18462079763412476,-40.298507462686565,0.8962264150943398,67.51591472682667,21.49,11,26,3,0.9424777960769379,4,6.0,12,1.3,/mnt/ceph-hdd/workspaces/ws/cidbn_wibral_neuro_nonhuman/u19361-allen-hdd/results/zebra/meso/sub-832700_ses-multiplane-ophys-832700-2026-01-24-12-06-12_ophys/events/VISp_1/trial_0/phase_0/lib_ab4a70858e/lib_ab4a70858e__delay_0.0__dur_0.2.h5
269,0.15,0.0,ab4a70858e,0.16333726048469543,-8.059701492537314,-6.273584905660378,45.02251307527088,10.74,29,30,2,0.6283185307179586,1,3.0,5,0.06,/mnt/ceph-hdd/workspaces/ws/cidbn_wibral_neuro_nonhuman/u19361-allen-hdd/results/zebra/meso/sub-832700_ses-multiplane-ophys-832700-2026-01-24-12-06-12_ophys/events/VISp_1/trial_0/phase_0/lib_ab4a70858e/lib_ab4a70858e__delay_0.15__dur_0.0.h5
27,0.15,0.0,ab4a70858e,0.10027638077735901,-49.25373134328358,25.990566037735846,67.51591472682667,10.74,6,12,3,0.9424777960769379,1,3.0,12,1.3,/mnt/ceph-hdd/workspaces/ws/cidbn_wibral_neuro_nonhuman/u19361-allen-hdd/results/zebra/meso/sub-832700_ses-multiplane-ophys-832700-2026-01-24-12-06-12_ophys/events/VISp_1/trial_0/phase_0/lib_ab4a70858e/lib_ab4a70858e__delay_0.15__dur_0.0.h5
270,0.03,0.2,ab4a70858e,0.1646210104227066,-0.8955223880596961,-11.650943396226417,45.02251307527088,10.74,33,33,2,0.6283185307179586,1,3.0,9,0.1,/mnt/ceph-hdd/workspaces/ws/cidbn_wibral_neuro_nonhuman/u19361-allen-hdd/results/zebra/meso/sub-832700_ses-multiplane-ophys-832700-2026-01-24-12-06-12_ophys/events/VISp_1/trial_0/phase_0/lib_ab4a70858e/lib_ab4a70858e__delay_0.03__dur_0.2.h5
271,0.09,0.0,ab4a70858e,0.17392338812351227,-6.268656716417908,-8.066037735849058,112.48408527317332,17.91,30,31,5,1.5707963267948966,3,5.0,9,0.1,/mnt/ceph-hdd/workspaces/ws/cidbn_wibral_neuro_nonhuman/u19361-allen-hdd/results/zebra/meso/sub-832700_ses-multiplane-ophys-832700-2026-01-24-12-06-12_ophys/events/VISp_1/trial_0/phase_0/lib_ab4a70858e/lib_ab4a70858e__delay_0.09__dur_0.0.h5
272,0.0,0.2,ab4a70858e,0.17180612683296204,-0.8955223880596961,-0.8962264150943398,22.515923572829163,14.32,33,27,9,2.827433388230814,2,4.0,8,0.09,/mnt/ceph-hdd/workspaces/ws/cidbn_wibral_neuro_nonhuman/u19361-allen-hdd/results/zebra/meso/sub-832700_ses-multiplane-ophys-832700-2026-01-24-12-06-12_ophys/events/VISp_1/trial_0/phase_0/lib_ab4a70858e/lib_ab4a70858e__delay_0.0__dur_0.2.h5
273,0.03,0.2,ab4a70858e,0.1291092336177826,6.268656716417908,-9.858490566037737,0.0,10.74,37,32,0,0.0,1,3.0,6,0.07,/mnt/ceph-hdd/workspaces/ws/cidbn_wibral_neuro_nonhuman/u19361-allen-hdd/results/zebra/meso/sub-832700_ses-multiplane-ophys-832700-2026-01-24-12-06-12_ophys/events/VISp_1/trial_0/phase_0/lib_ab4a70858e/lib_ab4a70858e__delay_0.03__dur_0.2.h5
274,0.06,0.0,ab4a70858e,0.13562831282615662,4.477611940298516,-13.443396226415096,112.48408527317332,7.16,36,34,5,1.5707963267948966,0,2.0,11,1.2,/mnt/ceph-hdd/workspaces/ws/cidbn_wibral_neuro_nonhuman/u19361-allen-hdd/results/zebra/meso/sub-832700_ses-multiplane-ophys-832700-2026-01-24-12-06-12_ophys/events/VISp_1/trial_0/phase_0/lib_ab4a70858e/lib_ab4a70858e__delay_0.06__dur_0.0.h5
275,0.0,0.2,ab4a70858e,0.11627024412155151,-2.6865671641791025,-8.066037735849058,45.02251307527088,10.74,32,31,2,0.6283185307179586,1,3.0,9,0.1,/mnt/ceph-hdd/workspaces/ws/cidbn_wibral_neuro_nonhuman/u19361-allen-hdd/results/zebra/meso/sub-832700_ses-multiplane-ophys-832700-2026-01-24-12-06-12_ophys/events/VISp_1/trial_0/phase_0/lib_ab4a70858e/lib_ab4a70858e__delay_0.0__dur_0.2.h5
276,0.0,0.2,ab4a70858e,0.13245750963687897,-24.179104477611936,-2.6886792452830193,22.515923572829195,17.91,20,28,1,0.3141592653589793,3,5.0,11,1.2,/mnt/ceph-hdd/workspaces/ws/cidbn_wibral_neuro_nonhuman/u19361-allen-hdd/results/zebra/meso/sub-832700_ses-multiplane-ophys-832700-2026-01-24-12-06-12_ophys/events/VISp_1/trial_0/phase_0/lib_ab4a70858e/lib_ab4a70858e__delay_0.0__dur_0.2.h5
277,0.0,0.0,ab4a70858e,0.12005969136953354,2.6865671641791096,-6.273584905660378,45.02251307527088,7.16,35,30,2,0.6283185307179586,0,2.0,12,1.3,/mnt/ceph-hdd/workspaces/ws/cidbn_wibral_neuro_nonhuman/u19361-allen-hdd/results/zebra/meso/sub-832700_ses-multiplane-ophys-832700-2026-01-24-12-06-12_ophys/events/VISp_1/trial_0/phase_0/lib_ab4a70858e/lib_ab4a70858e__delay_0.0__dur_0.0.h5
278,0.15,0.2,ab4a70858e,0.11442092061042786,-4.477611940298509,-8.066037735849058,45.02251307527088,21.49,31,31,2,0.6283185307179586,4,6.0,6,0.07,/mnt/ceph-hdd/workspaces/ws/cidbn_wibral_neuro_nonhuman/u19361-allen-hdd/results/zebra/meso/sub-832700_ses-multiplane-ophys-832700-2026-01-24-12-06-12_ophys/events/VISp_1/trial_0/phase_0/lib_ab4a70858e/lib_ab4a70858e__delay_0.15__dur_0.2.h5
279,0.06,0.0,ab4a70858e,0.16081759333610535,-4.477611940298509,-9.858490566037737,0.0,17.91,31,32,0,0.0,3,5.0,9,0.1,/mnt/ceph-hdd/workspaces/ws/cidbn_wibral_neuro_nonhuman/u19361-allen-hdd/results/zebra/meso/sub-832700_ses-multiplane-ophys-832700-2026-01-24-12-06-12_ophys/events/VISp_1/trial_0/phase_0/lib_ab4a70858e/lib_ab4a70858e__delay_0.06__dur_0.0.h5
28,0.06,0.0,ab4a70858e,0.1282433569431305,13.43283582089552,-8.066037735849058,112.48408527317332,7.16,41,31,5,1.5707963267948966,0,2.0,8,0.09,/mnt/ceph-hdd/workspaces/ws/cidbn_wibral_neuro_nonhuman/u19361-allen-hdd/results/zebra/meso/sub-832700_ses-multiplane-ophys-832700-2026-01-24-12-06-12_ophys/events/VISp_1/trial_0/phase_0/lib_ab4a70858e/lib_ab4a70858e__delay_0.06__dur_0.0.h5
280,0.0,0.2,ab4a70858e,0.12590378522872925,-25.970149253731343,8.066037735849058,157.4840764271708,21.49,19,22,7,2.199114857512855,4,6.0,12,1.3,/mnt/ceph-hdd/workspaces/ws/cidbn_wibral_neuro_nonhuman/u19361-allen-hdd/results/zebra/meso/sub-832700_ses-multiplane-ophys-832700-2026-01-24-12-06-12_ophys/events/VISp_1/trial_0/phase_0/lib_ab4a70858e/lib_ab4a70858e__delay_0.0__dur_0.2.h5
281,0.0,0.2,ab4a70858e,0.1427062451839447,-2.6865671641791025,-18.82075471698113,112.48408527317332,17.91,32,37,5,1.5707963267948966,3,5.0,6,0.07,/mnt/ceph-hdd/workspaces/ws/cidbn_wibral_neuro_nonhuman/u19361-allen-hdd/results/zebra/meso/sub-832700_ses-multiplane-ophys-832700-2026-01-24-12-06-12_ophys/events/VISp_1/trial_0/phase_0/lib_ab4a70858e/lib_ab4a70858e__delay_0.0__dur_0.2.h5
282,0.12,0.0,ab4a70858e,0.1868957132101059,-8.059701492537314,-6.273584905660378,112.48408527317332,14.32,29,30,5,1.5707963267948966,2,4.0,9,0.1,/mnt/ceph-hdd/workspaces/ws/cidbn_wibral_neuro_nonhuman/u19361-allen-hdd/results/zebra/meso/sub-832700_ses-multiplane-ophys-832700-2026-01-24-12-06-12_ophys/events/VISp_1/trial_0/phase_0/lib_ab4a70858e/lib_ab4a70858e__delay_0.12__dur_0.0.h5
283,0.12,0.0,ab4a70858e,0.15796691179275513,0.8955223880597032,-6.273584905660378,134.9774869247291,10.74,34,30,6,1.8849555921538759,1,3.0,9,0.1,/mnt/ceph-hdd/workspaces/ws/cidbn_wibral_neuro_nonhuman/u19361-allen-hdd/results/zebra/meso/sub-832700_ses-multiplane-ophys-832700-2026-01-24-12-06-12_ophys/events/VISp_1/trial_0/phase_0/lib_ab4a70858e/lib_ab4a70858e__delay_0.12__dur_0.0.h5
284,0.15,0.0,ab4a70858e,0.14354705810546875,-0.8955223880596961,-9.858490566037737,112.48408527317332,14.32,33,32,5,1.5707963267948966,2,4.0,5,0.06,/mnt/ceph-hdd/workspaces/ws/cidbn_wibral_neuro_nonhuman/u19361-allen-hdd/results/zebra/meso/sub-832700_ses-multiplane-ophys-832700-2026-01-24-12-06-12_ophys/events/VISp_1/trial_0/phase_0/lib_ab4a70858e/lib_ab4a70858e__delay_0.15__dur_0.0.h5
285,0.0,0.2,ab4a70858e,0.2095312774181366,-8.059701492537314,-11.650943396226417,134.9774869247291,14.32,29,33,6,1.8849555921538759,2,4.0,7,0.08,/mnt/ceph-hdd/workspaces/ws/cidbn_wibral_neuro_nonhuman/u19361-allen-hdd/results/zebra/meso/sub-832700_ses-multiplane-ophys-832700-2026-01-24-12-06-12_ophys/events/VISp_1/trial_0/phase_0/lib_ab4a70858e/lib_ab4a70858e__delay_0.0__dur_0.2.h5
286,0.0,0.2,ab4a70858e,0.16113197803497314,-6.268656716417908,-15.235849056603776,112.48408527317332,17.91,30,35,5,1.5707963267948966,3,5.0,9,0.1,/mnt/ceph-hdd/workspaces/ws/cidbn_wibral_neuro_nonhuman/u19361-allen-hdd/results/zebra/meso/sub-832700_ses-multiplane-ophys-832700-2026-01-24-12-06-12_ophys/events/VISp_1/trial_0/phase_0/lib_ab4a70858e/lib_ab4a70858e__delay_0.0__dur_0.2.h5
287,0.06,0.0,ab4a70858e,0.22591765224933624,-9.850746268656714,-9.858490566037737,180.0,14.32,28,32,8,2.5132741228718345,2,4.0,9,0.1,/mnt/ceph-hdd/workspaces/ws/cidbn_wibral_neuro_nonhuman/u19361-allen-hdd/results/zebra/meso/sub-832700_ses-multiplane-ophys-832700-2026-01-24-12-06-12_ophys/events/VISp_1/trial_0/phase_0/lib_ab4a70858e/lib_ab4a70858e__delay_0.06__dur_0.0.h5
288,0.09,0.2,ab4a70858e,0.13726601004600525,-20.59701492537313,4.481132075471699,157.4840764271708,17.91,22,24,7,2.199114857512855,3,5.0,12,1.3,/mnt/ceph-hdd/workspaces/ws/cidbn_wibral_neuro_nonhuman/u19361-allen-hdd/results/zebra/meso/sub-832700_ses-multiplane-ophys-832700-2026-01-24-12-06-12_ophys/events/VISp_1/trial_0/phase_0/lib_ab4a70858e/lib_ab4a70858e__delay_0.09__dur_0.2.h5
289,0.15,0.0,ab4a70858e,0.09739400446414948,11.641791044776127,-6.273584905660378,22.515923572829163,7.16,40,30,9,2.827433388230814,0,2.0,12,1.3,/mnt/ceph-hdd/workspaces/ws/cidbn_wibral_neuro_nonhuman/u19361-allen-hdd/results/zebra/meso/sub-832700_ses-multiplane-ophys-832700-2026-01-24-12-06-12_ophys/events/VISp_1/trial_0/phase_0/lib_ab4a70858e/lib_ab4a70858e__delay_0.15__dur_0.0.h5
29,0.0,0.2,ab4a70858e,0.18886402249336243,-2.6865671641791025,-9.858490566037737,0.0,17.91,32,32,0,0.0,3,5.0,9,0.1,/mnt/ceph-hdd/workspaces/ws/cidbn_wibral_neuro_nonhuman/u19361-allen-hdd/results/zebra/meso/sub-832700_ses-multiplane-ophys-832700-2026-01-24-12-06-12_ophys/events/VISp_1/trial_0/phase_0/lib_ab4a70858e/lib_ab4a70858e__delay_0.0__dur_0.2.h5
290,0.15,0.0,ab4a70858e,0.13231422007083893,-6.268656716417908,-9.858490566037737,112.48408527317332,17.91,30,32,5,1.5707963267948966,3,5.0,9,0.1,/mnt/ceph-hdd/workspaces/ws/cidbn_wibral_neuro_nonhuman/u19361-allen-hdd/results/zebra/meso/sub-832700_ses-multiplane-ophys-832700-2026-01-24-12-06-12_ophys/events/VISp_1/trial_0/phase_0/lib_ab4a70858e/lib_ab4a70858e__delay_0.15__dur_0.0.h5
291,0.06,0.2,ab4a70858e,0.18701818585395813,-4.477611940298509,-0.8962264150943398,157.4840764271708,14.32,31,27,7,2.199114857512855,2,4.0,9,0.1,/mnt/ceph-hdd/workspaces/ws/cidbn_wibral_neuro_nonhuman/u19361-allen-hdd/results/zebra/meso/sub-832700_ses-multiplane-ophys-832700-2026-01-24-12-06-12_ophys/events/VISp_1/trial_0/phase_0/lib_ab4a70858e/lib_ab4a70858e__delay_0.06__dur_0.2.h5
292,0.12,0.0,ab4a70858e,0.14710402488708496,-15.223880597014926,-8.066037735849058,90.0,21.49,25,31,4,1.2566370614359172,4,6.0,5,0.06,/mnt/ceph-hdd/workspaces/ws/cidbn_wibral_neuro_nonhuman/u19361-allen-hdd/results/zebra/meso/sub-832700_ses-multiplane-ophys-832700-2026-01-24-12-06-12_ophys/events/VISp_1/trial_0/phase_0/lib_ab4a70858e/lib_ab4a70858e__delay_0.12__dur_0.0.h5
293,0.06,0.0,ab4a70858e,0.19501757621765137,-2.6865671641791025,-8.066037735849058,22.515923572829163,17.91,32,31,9,2.827433388230814,3,5.0,7,0.08,/mnt/ceph-hdd/workspaces/ws/cidbn_wibral_neuro_nonhuman/u19361-allen-hdd/results/zebra/meso/sub-832700_ses-multiplane-ophys-832700-2026-01-24-12-06-12_ophys/events/VISp_1/trial_0/phase_0/lib_ab4a70858e/lib_ab4a70858e__delay_0.06__dur_0.0.h5
294,0.03,0.0,ab4a70858e,0.1420024186372757,-2.6865671641791025,-8.066037735849058,22.515923572829195,10.74,32,31,1,0.3141592653589793,1,3.0,9,0.1,/mnt/ceph-hdd/workspaces/ws/cidbn_wibral_neuro_nonhuman/u19361-allen-hdd/results/zebra/meso/sub-832700_ses-multiplane-ophys-832700-2026-01-24-12-06-12_ophys/events/VISp_1/trial_0/phase_0/lib_ab4a70858e/lib_ab4a70858e__delay_0.03__dur_0.0.h5
295,0.09,0.0,ab4a70858e,0.13546545803546906,-9.850746268656714,-13.443396226415096,112.48408527317332,7.16,28,34,5,1.5707963267948966,0,2.0,11,1.2,/mnt/ceph-hdd/workspaces/ws/cidbn_wibral_neuro_nonhuman/u19361-allen-hdd/results/zebra/meso/sub-832700_ses-multiplane-ophys-832700-2026-01-24-12-06-12_ophys/events/VISp_1/trial_0/phase_0/lib_ab4a70858e/lib_ab4a70858e__delay_0.09__dur_0.0.h5
296,0.06,0.2,ab4a70858e,0.13412904739379883,-11.64179104477612,-15.235849056603776,180.0,10.74,27,35,8,2.5132741228718345,1,3.0,9,0.1,/mnt/ceph-hdd/workspaces/ws/cidbn_wibral_neuro_nonhuman/u19361-allen-hdd/results/zebra/meso/sub-832700_ses-multiplane-ophys-832700-2026-01-24-12-06-12_ophys/events/VISp_1/trial_0/phase_0/lib_ab4a70858e/lib_ab4a70858e__delay_0.06__dur_0.2.h5
297,0.09,0.0,ab4a70858e,0.22297519445419312,-9.850746268656714,-8.066037735849058,180.0,14.32,28,31,8,2.5132741228718345,2,4.0,9,0.1,/mnt/ceph-hdd/workspaces/ws/cidbn_wibral_neuro_nonhuman/u19361-allen-hdd/results/zebra/meso/sub-832700_ses-multiplane-ophys-832700-2026-01-24-12-06-12_ophys/events/VISp_1/trial_0/phase_0/lib_ab4a70858e/lib_ab4a70858e__delay_0.09__dur_0.0.h5
298,0.09,0.0,ab4a70858e,0.16351890563964844,-4.477611940298509,-15.235849056603776,180.0,14.32,31,35,8,2.5132741228718345,2,4.0,9,0.1,/mnt/ceph-hdd/workspaces/ws/cidbn_wibral_neuro_nonhuman/u19361-allen-hdd/results/zebra/meso/sub-832700_ses-multiplane-ophys-832700-2026-01-24-12-06-12_ophys/events/VISp_1/trial_0/phase_0/lib_ab4a70858e/lib_ab4a70858e__delay_0.09__dur_0.0.h5
299,0.0,0.2,ab4a70858e,0.11192324012517929,-13.43283582089552,-9.858490566037737,180.0,14.32,26,32,8,2.5132741228718345,2,4.0,12,1.3,/mnt/ceph-hdd/workspaces/ws/cidbn_wibral_neuro_nonhuman/u19361-allen-hdd/results/zebra/meso/sub-832700_ses-multiplane-ophys-832700-2026-01-24-12-06-12_ophys/events/VISp_1/trial_0/phase_0/lib_ab4a70858e/lib_ab4a70858e__delay_0.0__dur_0.2.h5
3,0.15,0.0,ab4a70858e,0.09950608015060425,-43.88059701492537,6.273584905660378,134.9774869247291,21.49,9,23,6,1.8849555921538759,4,6.0,10,1.1,/mnt/ceph-hdd/workspaces/ws/cidbn_wibral_neuro_nonhuman/u19361-allen-hdd/results/zebra/meso/sub-832700_ses-multiplane-ophys-832700-2026-01-24-12-06-12_ophys/events/VISp_1/trial_0/phase_0/lib_ab4a70858e/lib_ab4a70858e__delay_0.15__dur_0.0.h5
30,0.15,0.0,ab4a70858e,0.2254841923713684,2.6865671641791096,-8.066037735849058,45.02251307527088,17.91,35,31,2,0.6283185307179586,3,5.0,5,0.06,/mnt/ceph-hdd/workspaces/ws/cidbn_wibral_neuro_nonhuman/u19361-allen-hdd/results/zebra/meso/sub-832700_ses-multiplane-ophys-832700-2026-01-24-12-06-12_ophys/events/VISp_1/trial_0/phase_0/lib_ab4a70858e/lib_ab4a70858e__delay_0.15__dur_0.0.h5
300,0.0,0.2,ab4a70858e,0.12640631198883057,0.8955223880597032,-13.443396226415096,90.0,21.49,34,34,4,1.2566370614359172,4,6.0,9,0.1,/mnt/ceph-hdd/workspaces/ws/cidbn_wibral_neuro_nonhuman/u19361-allen-hdd/results/zebra/meso/sub-832700_ses-multiplane-ophys-832700-2026-01-24-12-06-12_ophys/events/VISp_1/trial_0/phase_0/lib_ab4a70858e/lib_ab4a70858e__delay_0.0__dur_0.2.h5
301,0.03,0.2,ab4a70858e,0.15589559078216553,-4.477611940298509,-11.650943396226417,45.02251307527088,10.74,31,33,2,0.6283185307179586,1,3.0,9,0.1,/mnt/ceph-hdd/workspaces/ws/cidbn_wibral_neuro_nonhuman/u19361-allen-hdd/results/zebra/meso/sub-832700_ses-multiplane-ophys-832700-2026-01-24-12-06-12_ophys/events/VISp_1/trial_0/phase_0/lib_ab4a70858e/lib_ab4a70858e__delay_0.03__dur_0.2.h5
302,0.03,0.2,ab4a70858e,0.1917954534292221,-9.850746268656714,-9.858490566037737,45.02251307527088,14.32,28,32,2,0.6283185307179586,2,4.0,9,0.1,/mnt/ceph-hdd/workspaces/ws/cidbn_wibral_neuro_nonhuman/u19361-allen-hdd/results/zebra/meso/sub-832700_ses-multiplane-ophys-832700-2026-01-24-12-06-12_ophys/events/VISp_1/trial_0/phase_0/lib_ab4a70858e/lib_ab4a70858e__delay_0.03__dur_0.2.h5
303,0.0,0.2,ab4a70858e,0.13102073967456818,-9.850746268656714,-8.066037735849058,0.0,10.74,28,31,0,0.0,1,3.0,5,0.06,/mnt/ceph-hdd/workspaces/ws/cidbn_wibral_neuro_nonhuman/u19361-allen-hdd/results/zebra/meso/sub-832700_ses-multiplane-ophys-832700-2026-01-24-12-06-12_ophys/events/VISp_1/trial_0/phase_0/lib_ab4a70858e/lib_ab4a70858e__delay_0.0__dur_0.2.h5
304,0.06,0.0,ab4a70858e,0.20608589053153992,-4.477611940298509,-8.066037735849058,0.0,14.32,31,31,0,0.0,2,4.0,3,0.04,/mnt/ceph-hdd/workspaces/ws/cidbn_wibral_neuro_nonhuman/u19361-allen-hdd/results/zebra/meso/sub-832700_ses-multiplane-ophys-832700-2026-01-24-12-06-12_ophys/events/VISp_1/trial_0/phase_0/lib_ab4a70858e/lib_ab4a70858e__delay_0.06__dur_0.0.h5
305,0.0,0.2,ab4a70858e,0.19249168038368225,-2.6865671641791025,-13.443396226415096,157.4840764271708,7.16,32,34,7,2.199114857512855,0,2.0,12,1.3,/mnt/ceph-hdd/workspaces/ws/cidbn_wibral_neuro_nonhuman/u19361-allen-hdd/results/zebra/meso/sub-832700_ses-multiplane-ophys-832700-2026-01-24-12-06-12_ophys/events/VISp_1/trial_0/phase_0/lib_ab4a70858e/lib_ab4a70858e__delay_0.0__dur_0.2.h5
306,0.15,0.0,ab4a70858e,0.20753908157348633,-2.6865671641791025,-15.235849056603776,22.515923572829195,14.32,32,35,1,0.3141592653589793,2,4.0,9,0.1,/mnt/ceph-hdd/workspaces/ws/cidbn_wibral_neuro_nonhuman/u19361-allen-hdd/results/zebra/meso/sub-832700_ses-multiplane-ophys-832700-2026-01-24-12-06-12_ophys/events/VISp_1/trial_0/phase_0/lib_ab4a70858e/lib_ab4a70858e__delay_0.15__dur_0.0.h5
307,0.12,0.0,ab4a70858e,0.10873647779226303,34.92537313432837,27.783018867924525,0.0,21.49,53,11,0,0.0,4,6.0,11,1.2,/mnt/ceph-hdd/workspaces/ws/cidbn_wibral_neuro_nonhuman/u19361-allen-hdd/results/zebra/meso/sub-832700_ses-multiplane-ophys-832700-2026-01-24-12-06-12_ophys/events/VISp_1/trial_0/phase_0/lib_ab4a70858e/lib_ab4a70858e__delay_0.12__dur_0.0.h5
308,0.09,0.0,ab4a70858e,0.20664075016975403,0.8955223880597032,-11.650943396226417,0.0,7.16,34,33,0,0.0,0,2.0,11,1.2,/mnt/ceph-hdd/workspaces/ws/cidbn_wibral_neuro_nonhuman/u19361-allen-hdd/results/zebra/meso/sub-832700_ses-multiplane-ophys-832700-2026-01-24-12-06-12_ophys/events/VISp_1/trial_0/phase_0/lib_ab4a70858e/lib_ab4a70858e__delay_0.09__dur_0.0.h5
309,0.15,0.2,ab4a70858e,0.1254107654094696,-8.059701492537314,-8.066037735849058,157.4840764271708,17.91,29,31,7,2.199114857512855,3,5.0,4,0.05,/mnt/ceph-hdd/workspaces/ws/cidbn_wibral_neuro_nonhuman/u19361-allen-hdd/results/zebra/meso/sub-832700_ses-multiplane-ophys-832700-2026-01-24-12-06-12_ophys/events/VISp_1/trial_0/phase_0/lib_ab4a70858e/lib_ab4a70858e__delay_0.15__dur_0.2.h5
31,0.09,0.2,ab4a70858e,0.14597725868225098,-6.268656716417908,-8.066037735849058,157.4840764271708,17.91,30,31,7,2.199114857512855,3,5.0,3,0.04,/mnt/ceph-hdd/workspaces/ws/cidbn_wibral_neuro_nonhuman/u19361-allen-hdd/results/zebra/meso/sub-832700_ses-multiplane-ophys-832700-2026-01-24-12-06-12_ophys/events/VISp_1/trial_0/phase_0/lib_ab4a70858e/lib_ab4a70858e__delay_0.09__dur_0.2.h5
310,0.03,0.2,ab4a70858e,0.12025192379951477,-20.59701492537313,-8.066037735849058,112.48408527317332,10.74,22,31,5,1.5707963267948966,1,3.0,11,1.2,/mnt/ceph-hdd/workspaces/ws/cidbn_wibral_neuro_nonhuman/u19361-allen-hdd/results/zebra/meso/sub-832700_ses-multiplane-ophys-832700-2026-01-24-12-06-12_ophys/events/VISp_1/trial_0/phase_0/lib_ab4a70858e/lib_ab4a70858e__delay_0.03__dur_0.2.h5
311,0.03,0.2,ab4a70858e,0.12475612014532089,6.268656716417908,-8.066037735849058,45.02251307527088,14.32,37,31,2,0.6283185307179586,2,4.0,8,0.09,/mnt/ceph-hdd/workspaces/ws/cidbn_wibral_neuro_nonhuman/u19361-allen-hdd/results/zebra/meso/sub-832700_ses-multiplane-ophys-832700-2026-01-24-12-06-12_ophys/events/VISp_1/trial_0/phase_0/lib_ab4a70858e/lib_ab4a70858e__delay_0.03__dur_0.2.h5
312,0.09,0.0,ab4a70858e,0.1907964050769806,-4.477611940298509,-11.650943396226417,45.02251307527088,17.91,31,33,2,0.6283185307179586,3,5.0,9,0.1,/mnt/ceph-hdd/workspaces/ws/cidbn_wibral_neuro_nonhuman/u19361-allen-hdd/results/zebra/meso/sub-832700_ses-multiplane-ophys-832700-2026-01-24-12-06-12_ophys/events/VISp_1/trial_0/phase_0/lib_ab4a70858e/lib_ab4a70858e__delay_0.09__dur_0.0.h5
313,0.03,0.2,ab4a70858e,0.16485731303691864,2.6865671641791096,-13.443396226415096,90.0,7.16,35,34,4,1.2566370614359172,0,2.0,4,0.05,/mnt/ceph-hdd/workspaces/ws/cidbn_wibral_neuro_nonhuman/u19361-allen-hdd/results/zebra/meso/sub-832700_ses-multiplane-ophys-832700-2026-01-24-12-06-12_ophys/events/VISp_1/trial_0/phase_0/lib_ab4a70858e/lib_ab4a70858e__delay_0.03__dur_0.2.h5
314,0.03,0.0,ab4a70858e,0.16000691056251526,-6.268656716417908,-2.6886792452830193,0.0,21.49,30,28,0,0.0,4,6.0,11,1.2,/mnt/ceph-hdd/workspaces/ws/cidbn_wibral_neuro_nonhuman/u19361-allen-hdd/results/zebra/meso/sub-832700_ses-multiplane-ophys-832700-2026-01-24-12-06-12_ophys/events/VISp_1/trial_0/phase_0/lib_ab4a70858e/lib_ab4a70858e__delay_0.03__dur_0.0.h5
315,0.03,0.2,ab4a70858e,0.215498685836792,-40.298507462686565,0.8962264150943398,67.51591472682667,17.91,11,26,3,0.9424777960769379,3,5.0,12,1.3,/mnt/ceph-hdd/workspaces/ws/cidbn_wibral_neuro_nonhuman/u19361-allen-hdd/results/zebra/meso/sub-832700_ses-multiplane-ophys-832700-2026-01-24-12-06-12_ophys/events/VISp_1/trial_0/phase_0/lib_ab4a70858e/lib_ab4a70858e__delay_0.03__dur_0.2.h5
316,0.15,0.0,ab4a70858e,0.18829062581062317,-2.6865671641791025,-11.650943396226417,90.0,17.91,32,33,4,1.2566370614359172,3,5.0,6,0.07,/mnt/ceph-hdd/workspaces/ws/cidbn_wibral_neuro_nonhuman/u19361-allen-hdd/results/zebra/meso/sub-832700_ses-multiplane-ophys-832700-2026-01-24-12-06-12_ophys/events/VISp_1/trial_0/phase_0/lib_ab4a70858e/lib_ab4a70858e__delay_0.15__dur_0.0.h5
317,0.09,0.0,ab4a70858e,0.1639445722103119,-6.268656716417908,-11.650943396226417,67.51591472682667,7.16,30,33,3,0.9424777960769379,0,2.0,12,1.3,/mnt/ceph-hdd/workspaces/ws/cidbn_wibral_neuro_nonhuman/u19361-allen-hdd/results/zebra/meso/sub-832700_ses-multiplane-ophys-832700-2026-01-24-12-06-12_ophys/events/VISp_1/trial_0/phase_0/lib_ab4a70858e/lib_ab4a70858e__delay_0.09__dur_0.0.h5
318,0.06,0.0,ab4a70858e,0.17226551473140717,-4.477611940298509,-11.650943396226417,0.0,14.32,31,33,0,0.0,2,4.0,2,0.03,/mnt/ceph-hdd/workspaces/ws/cidbn_wibral_neuro_nonhuman/u19361-allen-hdd/results/zebra/meso/sub-832700_ses-multiplane-ophys-832700-2026-01-24-12-06-12_ophys/events/VISp_1/trial_0/phase_0/lib_ab4a70858e/lib_ab4a70858e__delay_0.06__dur_0.0.h5
319,0.03,0.2,ab4a70858e,0.1405663639307022,-4.477611940298509,-9.858490566037737,112.48408527317332,7.16,31,32,5,1.5707963267948966,0,2.0,11,1.2,/mnt/ceph-hdd/workspaces/ws/cidbn_wibral_neuro_nonhuman/u19361-allen-hdd/results/zebra/meso/sub-832700_ses-multiplane-ophys-832700-2026-01-24-12-06-12_ophys/events/VISp_1/trial_0/phase_0/lib_ab4a70858e/lib_ab4a70858e__delay_0.03__dur_0.2.h5
32,0.12,0.0,ab4a70858e,0.174834743142128,0.8955223880597032,-2.6886792452830193,22.515923572829195,14.32,34,28,1,0.3141592653589793,2,4.0,9,0.1,/mnt/ceph-hdd/workspaces/ws/cidbn_wibral_neuro_nonhuman/u19361-allen-hdd/results/zebra/meso/sub-832700_ses-multiplane-ophys-832700-2026-01-24-12-06-12_ophys/events/VISp_1/trial_0/phase_0/lib_ab4a70858e/lib_ab4a70858e__delay_0.12__dur_0.0.h5
320,0.15,0.0,ab4a70858e,0.16941681504249573,-8.059701492537314,-13.443396226415096,22.515923572829163,10.74,29,34,9,2.827433388230814,1,3.0,9,0.1,/mnt/ceph-hdd/workspaces/ws/cidbn_wibral_neuro_nonhuman/u19361-allen-hdd/results/zebra/meso/sub-832700_ses-multiplane-ophys-832700-2026-01-24-12-06-12_ophys/events/VISp_1/trial_0/phase_0/lib_ab4a70858e/lib_ab4a70858e__delay_0.15__dur_0.0.h5
321,0.06,0.0,ab4a70858e,0.12071052193641663,-6.268656716417908,-17.028301886792452,22.515923572829195,14.32,30,36,1,0.3141592653589793,2,4.0,5,0.06,/mnt/ceph-hdd/workspaces/ws/cidbn_wibral_neuro_nonhuman/u19361-allen-hdd/results/zebra/meso/sub-832700_ses-multiplane-ophys-832700-2026-01-24-12-06-12_ophys/events/VISp_1/trial_0/phase_0/lib_ab4a70858e/lib_ab4a70858e__delay_0.06__dur_0.0.h5
322,0.12,0.2,ab4a70858e,0.1242109090089798,-4.477611940298509,-13.443396226415096,67.51591472682667,10.74,31,34,3,0.9424777960769379,1,3.0,9,0.1,/mnt/ceph-hdd/workspaces/ws/cidbn_wibral_neuro_nonhuman/u19361-allen-hdd/results/zebra/meso/sub-832700_ses-multiplane-ophys-832700-2026-01-24-12-06-12_ophys/events/VISp_1/trial_0/phase_0/lib_ab4a70858e/lib_ab4a70858e__delay_0.12__dur_0.2.h5
323,0.12,0.0,ab4a70858e,0.13942435383796692,-6.268656716417908,-22.40566037735849,0.0,14.32,30,39,0,0.0,2,4.0,8,0.09,/mnt/ceph-hdd/workspaces/ws/cidbn_wibral_neuro_nonhuman/u19361-allen-hdd/results/zebra/meso/sub-832700_ses-multiplane-ophys-832700-2026-01-24-12-06-12_ophys/events/VISp_1/trial_0/phase_0/lib_ab4a70858e/lib_ab4a70858e__delay_0.12__dur_0.0.h5
324,0.0,0.2,ab4a70858e,0.2254864126443863,-0.8955223880596961,-18.82075471698113,45.02251307527088,17.91,33,37,2,0.6283185307179586,3,5.0,9,0.1,/mnt/ceph-hdd/workspaces/ws/cidbn_wibral_neuro_nonhuman/u19361-allen-hdd/results/zebra/meso/sub-832700_ses-multiplane-ophys-832700-2026-01-24-12-06-12_ophys/events/VISp_1/trial_0/phase_0/lib_ab4a70858e/lib_ab4a70858e__delay_0.0__dur_0.2.h5
325,0.09,0.2,ab4a70858e,0.1557614654302597,-60.0,-8.066037735849058,0.0,21.49,0,31,0,0.0,4,6.0,11,1.2,/mnt/ceph-hdd/workspaces/ws/cidbn_wibral_neuro_nonhuman/u19361-allen-hdd/results/zebra/meso/sub-832700_ses-multiplane-ophys-832700-2026-01-24-12-06-12_ophys/events/VISp_1/trial_0/phase_0/lib_ab4a70858e/lib_ab4a70858e__delay_0.09__dur_0.2.h5
326,0.03,0.2,ab4a70858e,0.2430623322725296,-9.850746268656714,-9.858490566037737,157.4840764271708,14.32,28,32,7,2.199114857512855,2,4.0,8,0.09,/mnt/ceph-hdd/workspaces/ws/cidbn_wibral_neuro_nonhuman/u19361-allen-hdd/results/zebra/meso/sub-832700_ses-multiplane-ophys-832700-2026-01-24-12-06-12_ophys/events/VISp_1/trial_0/phase_0/lib_ab4a70858e/lib_ab4a70858e__delay_0.03__dur_0.2.h5
327,0.0,0.2,ab4a70858e,0.10847629606723785,-8.059701492537314,-8.066037735849058,45.02251307527088,10.74,29,31,2,0.6283185307179586,1,3.0,9,0.1,/mnt/ceph-hdd/workspaces/ws/cidbn_wibral_neuro_nonhuman/u19361-allen-hdd/results/zebra/meso/sub-832700_ses-multiplane-ophys-832700-2026-01-24-12-06-12_ophys/events/VISp_1/trial_0/phase_0/lib_ab4a70858e/lib_ab4a70858e__delay_0.0__dur_0.2.h5
328,0.09,0.0,ab4a70858e,0.14461848139762878,-2.6865671641791025,-11.650943396226417,45.02251307527088,10.74,32,33,2,0.6283185307179586,1,3.0,9,0.1,/mnt/ceph-hdd/workspaces/ws/cidbn_wibral_neuro_nonhuman/u19361-allen-hdd/results/zebra/meso/sub-832700_ses-multiplane-ophys-832700-2026-01-24-12-06-12_ophys/events/VISp_1/trial_0/phase_0/lib_ab4a70858e/lib_ab4a70858e__delay_0.09__dur_0.0.h5
329,0.15,0.0,ab4a70858e,0.11620583385229111,17.014925373134332,27.783018867924525,157.4840764271708,14.32,43,11,7,2.199114857512855,2,4.0,12,1.3,/mnt/ceph-hdd/workspaces/ws/cidbn_wibral_neuro_nonhuman/u19361-allen-hdd/results/zebra/meso/sub-832700_ses-multiplane-ophys-832700-2026-01-24-12-06-12_ophys/events/VISp_1/trial_0/phase_0/lib_ab4a70858e/lib_ab4a70858e__delay_0.15__dur_0.0.h5
33,0.06,0.2,ab4a70858e,0.14720670878887177,4.477611940298516,-6.273584905660378,22.515923572829195,7.16,36,30,1,0.3141592653589793,0,2.0,9,0.1,/mnt/ceph-hdd/workspaces/ws/cidbn_wibral_neuro_nonhuman/u19361-allen-hdd/results/zebra/meso/sub-832700_ses-multiplane-ophys-832700-2026-01-24-12-06-12_ophys/events/VISp_1/trial_0/phase_0/lib_ab4a70858e/lib_ab4a70858e__delay_0.06__dur_0.2.h5
330,0.06,0.0,ab4a70858e,0.152241513133049,31.343283582089555,-6.273584905660378,67.51591472682667,21.49,51,30,3,0.9424777960769379,4,6.0,12,1.3,/mnt/ceph-hdd/workspaces/ws/cidbn_wibral_neuro_nonhuman/u19361-allen-hdd/results/zebra/meso/sub-832700_ses-multiplane-ophys-832700-2026-01-24-12-06-12_ophys/events/VISp_1/trial_0/phase_0/lib_ab4a70858e/lib_ab4a70858e__delay_0.06__dur_0.0.h5
331,0.0,0.2,ab4a70858e,0.13790827989578247,-2.6865671641791025,-15.235849056603776,157.4840764271708,10.74,32,35,7,2.199114857512855,1,3.0,9,0.1,/mnt/ceph-hdd/workspaces/ws/cidbn_wibral_neuro_nonhuman/u19361-allen-hdd/results/zebra/meso/sub-832700_ses-multiplane-ophys-832700-2026-01-24-12-06-12_ophys/events/VISp_1/trial_0/phase_0/lib_ab4a70858e/lib_ab4a70858e__delay_0.0__dur_0.2.h5
332,0.09,0.0,ab4a70858e,0.2177601158618927,-0.8955223880596961,-9.858490566037737,22.515923572829195,17.91,33,32,1,0.3141592653589793,3,5.0,6,0.07,/mnt/ceph-hdd/workspaces/ws/cidbn_wibral_neuro_nonhuman/u19361-allen-hdd/results/zebra/meso/sub-832700_ses-multiplane-ophys-832700-2026-01-24-12-06-12_ophys/events/VISp_1/trial_0/phase_0/lib_ab4a70858e/lib_ab4a70858e__delay_0.09__dur_0.0.h5
333,0.03,0.2,ab4a70858e,0.1588587909936905,-4.477611940298509,-13.443396226415096,90.0,7.16,31,34,4,1.2566370614359172,0,2.0,11,1.2,/mnt/ceph-hdd/workspaces/ws/cidbn_wibral_neuro_nonhuman/u19361-allen-hdd/results/zebra/meso/sub-832700_ses-multiplane-ophys-832700-2026-01-24-12-06-12_ophys/events/VISp_1/trial_0/phase_0/lib_ab4a70858e/lib_ab4a70858e__delay_0.03__dur_0.2.h5
334,0.12,0.2,ab4a70858e,0.138858363032341,-4.477611940298509,-15.235849056603776,45.02251307527088,7.16,31,35,2,0.6283185307179586,0,2.0,7,0.08,/mnt/ceph-hdd/workspaces/ws/cidbn_wibral_neuro_nonhuman/u19361-allen-hdd/results/zebra/meso/sub-832700_ses-multiplane-ophys-832700-2026-01-24-12-06-12_ophys/events/VISp_1/trial_0/phase_0/lib_ab4a70858e/lib_ab4a70858e__delay_0.12__dur_0.2.h5
335,0.12,0.0,ab4a70858e,0.1305420696735382,-6.268656716417908,-9.858490566037737,90.0,21.49,30,32,4,1.2566370614359172,4,6.0,6,0.07,/mnt/ceph-hdd/workspaces/ws/cidbn_wibral_neuro_nonhuman/u19361-allen-hdd/results/zebra/meso/sub-832700_ses-multiplane-ophys-832700-2026-01-24-12-06-12_ophys/events/VISp_1/trial_0/phase_0/lib_ab4a70858e/lib_ab4a70858e__delay_0.12__dur_0.0.h5
336,0.09,0.0,ab4a70858e,0.13693289458751678,-4.477611940298509,-9.858490566037737,134.9774869247291,21.49,31,32,6,1.8849555921538759,4,6.0,4,0.05,/mnt/ceph-hdd/workspaces/ws/cidbn_wibral_neuro_nonhuman/u19361-allen-hdd/results/zebra/meso/sub-832700_ses-multiplane-ophys-832700-2026-01-24-12-06-12_ophys/events/VISp_1/trial_0/phase_0/lib_ab4a70858e/lib_ab4a70858e__delay_0.09__dur_0.0.h5
337,0.15,0.2,ab4a70858e,0.1148720234632492,-0.8955223880596961,-4.481132075471699,112.48408527317332,28.65,33,29,5,1.5707963267948966,5,8.0,5,0.06,/mnt/ceph-hdd/workspaces/ws/cidbn_wibral_neuro_nonhuman/u19361-allen-hdd/results/zebra/meso/sub-832700_ses-multiplane-ophys-832700-2026-01-24-12-06-12_ophys/events/VISp_1/trial_0/phase_0/lib_ab4a70858e/lib_ab4a70858e__delay_0.15__dur_0.2.h5
338,0.0,0.2,ab4a70858e,0.15546485781669617,31.343283582089555,20.613207547169807,157.4840764271708,17.91,51,15,7,2.199114857512855,3,5.0,12,1.3,/mnt/ceph-hdd/workspaces/ws/cidbn_wibral_neuro_nonhuman/u19361-allen-hdd/results/zebra/meso/sub-832700_ses-multiplane-ophys-832700-2026-01-24-12-06-12_ophys/events/VISp_1/trial_0/phase_0/lib_ab4a70858e/lib_ab4a70858e__delay_0.0__dur_0.2.h5
339,0.0,0.2,ab4a70858e,0.14029407501220703,-24.179104477611936,0.8962264150943398,157.4840764271708,17.91,20,26,7,2.199114857512855,3,5.0,12,1.3,/mnt/ceph-hdd/workspaces/ws/cidbn_wibral_neuro_nonhuman/u19361-allen-hdd/results/zebra/meso/sub-832700_ses-multiplane-ophys-832700-2026-01-24-12-06-12_ophys/events/VISp_1/trial_0/phase_0/lib_ab4a70858e/lib_ab4a70858e__delay_0.0__dur_0.2.h5
34,0.03,0.2,ab4a70858e,0.11747173219919205,-20.59701492537313,-0.8962264150943398,180.0,10.74,22,27,8,2.5132741228718345,1,3.0,12,1.3,/mnt/ceph-hdd/workspaces/ws/cidbn_wibral_neuro_nonhuman/u19361-allen-hdd/results/zebra/meso/sub-832700_ses-multiplane-ophys-832700-2026-01-24-12-06-12_ophys/events/VISp_1/trial_0/phase_0/lib_ab4a70858e/lib_ab4a70858e__delay_0.03__dur_0.2.h5
340,0.0,0.2,ab4a70858e,0.13901156187057495,-24.179104477611936,-4.481132075471699,180.0,10.74,20,29,8,2.5132741228718345,1,3.0,12,1.3,/mnt/ceph-hdd/workspaces/ws/cidbn_wibral_neuro_nonhuman/u19361-allen-hdd/results/zebra/meso/sub-832700_ses-multiplane-ophys-832700-2026-01-24-12-06-12_ophys/events/VISp_1/trial_0/phase_0/lib_ab4a70858e/lib_ab4a70858e__delay_0.0__dur_0.2.h5
341,0.03,0.2,ab4a70858e,0.16015222668647766,0.8955223880597032,-18.82075471698113,45.02251307527088,17.91,34,37,2,0.6283185307179586,3,5.0,9,0.1,/mnt/ceph-hdd/workspaces/ws/cidbn_wibral_neuro_nonhuman/u19361-allen-hdd/results/zebra/meso/sub-832700_ses-multiplane-ophys-832700-2026-01-24-12-06-12_ophys/events/VISp_1/trial_0/phase_0/lib_ab4a70858e/lib_ab4a70858e__delay_0.03__dur_0.2.h5
342,0.06,0.2,ab4a70858e,0.1160678043961525,2.6865671641791096,-17.028301886792452,22.515923572829195,14.32,35,36,1,0.3141592653589793,2,4.0,9,0.1,/mnt/ceph-hdd/workspaces/ws/cidbn_wibral_neuro_nonhuman/u19361-allen-hdd/results/zebra/meso/sub-832700_ses-multiplane-ophys-832700-2026-01-24-12-06-12_ophys/events/VISp_1/trial_0/phase_0/lib_ab4a70858e/lib_ab4a70858e__delay_0.06__dur_0.2.h5
343,0.06,0.2,ab4a70858e,0.17781779170036316,0.8955223880597032,-6.273584905660378,45.02251307527088,14.32,34,30,2,0.6283185307179586,2,4.0,6,0.07,/mnt/ceph-hdd/workspaces/ws/cidbn_wibral_neuro_nonhuman/u19361-allen-hdd/results/zebra/meso/sub-832700_ses-multiplane-ophys-832700-2026-01-24-12-06-12_ophys/events/VISp_1/trial_0/phase_0/lib_ab4a70858e/lib_ab4a70858e__delay_0.06__dur_0.2.h5
344,0.06,0.2,ab4a70858e,0.10249825567007065,-24.179104477611936,-20.61320754716981,67.51591472682667,10.74,20,38,3,0.9424777960769379,1,3.0,12,1.3,/mnt/ceph-hdd/workspaces/ws/cidbn_wibral_neuro_nonhuman/u19361-allen-hdd/results/zebra/meso/sub-832700_ses-multiplane-ophys-832700-2026-01-24-12-06-12_ophys/events/VISp_1/trial_0/phase_0/lib_ab4a70858e/lib_ab4a70858e__delay_0.06__dur_0.2.h5
345,0.03,0.2,ab4a70858e,0.1340569406747818,0.8955223880597032,-18.82075471698113,45.02251307527088,17.91,34,37,2,0.6283185307179586,3,5.0,8,0.09,/mnt/ceph-hdd/workspaces/ws/cidbn_wibral_neuro_nonhuman/u19361-allen-hdd/results/zebra/meso/sub-832700_ses-multiplane-ophys-832700-2026-01-24-12-06-12_ophys/events/VISp_1/trial_0/phase_0/lib_ab4a70858e/lib_ab4a70858e__delay_0.03__dur_0.2.h5
346,0.12,0.0,ab4a70858e,0.1602628082036972,-6.268656716417908,-13.443396226415096,90.0,14.32,30,34,4,1.2566370614359172,2,4.0,9,0.1,/mnt/ceph-hdd/workspaces/ws/cidbn_wibral_neuro_nonhuman/u19361-allen-hdd/results/zebra/meso/sub-832700_ses-multiplane-ophys-832700-2026-01-24-12-06-12_ophys/events/VISp_1/trial_0/phase_0/lib_ab4a70858e/lib_ab4a70858e__delay_0.12__dur_0.0.h5
347,0.0,0.2,ab4a70858e,0.10465432703495026,-27.761194029850742,8.066037735849058,67.51591472682667,21.49,18,22,3,0.9424777960769379,4,6.0,12,1.3,/mnt/ceph-hdd/workspaces/ws/cidbn_wibral_neuro_nonhuman/u19361-allen-hdd/results/zebra/meso/sub-832700_ses-multiplane-ophys-832700-2026-01-24-12-06-12_ophys/events/VISp_1/trial_0/phase_0/lib_ab4a70858e/lib_ab4a70858e__delay_0.0__dur_0.2.h5
348,0.12,0.0,ab4a70858e,0.21018487215042114,-11.64179104477612,-13.443396226415096,22.515923572829163,14.32,27,34,9,2.827433388230814,2,4.0,9,0.1,/mnt/ceph-hdd/workspaces/ws/cidbn_wibral_neuro_nonhuman/u19361-allen-hdd/results/zebra/meso/sub-832700_ses-multiplane-ophys-832700-2026-01-24-12-06-12_ophys/events/VISp_1/trial_0/phase_0/lib_ab4a70858e/lib_ab4a70858e__delay_0.12__dur_0.0.h5
349,0.06,0.0,ab4a70858e,0.12047309428453445,-0.8955223880596961,-9.858490566037737,67.51591472682667,10.74,33,32,3,0.9424777960769379,1,3.0,9,0.1,/mnt/ceph-hdd/workspaces/ws/cidbn_wibral_neuro_nonhuman/u19361-allen-hdd/results/zebra/meso/sub-832700_ses-multiplane-ophys-832700-2026-01-24-12-06-12_ophys/events/VISp_1/trial_0/phase_0/lib_ab4a70858e/lib_ab4a70858e__delay_0.06__dur_0.0.h5
35,0.09,0.2,ab4a70858e,0.1538163125514984,4.477611940298516,-0.8962264150943398,45.02251307527088,14.32,36,27,2,0.6283185307179586,2,4.0,4,0.05,/mnt/ceph-hdd/workspaces/ws/cidbn_wibral_neuro_nonhuman/u19361-allen-hdd/results/zebra/meso/sub-832700_ses-multiplane-ophys-832700-2026-01-24-12-06-12_ophys/events/VISp_1/trial_0/phase_0/lib_ab4a70858e/lib_ab4a70858e__delay_0.09__dur_0.2.h5
350,0.03,0.2,ab4a70858e,0.1394052356481552,-4.477611940298509,-11.650943396226417,112.48408527317332,7.16,31,33,5,1.5707963267948966,0,2.0,11,1.2,/mnt/ceph-hdd/workspaces/ws/cidbn_wibral_neuro_nonhuman/u19361-allen-hdd/results/zebra/meso/sub-832700_ses-multiplane-ophys-832700-2026-01-24-12-06-12_ophys/events/VISp_1/trial_0/phase_0/lib_ab4a70858e/lib_ab4a70858e__delay_0.03__dur_0.2.h5
351,0.06,0.2,ab4a70858e,0.1731404811143875,-17.014925373134325,-11.650943396226417,157.4840764271708,21.49,24,33,7,2.199114857512855,4,6.0,12,1.3,/mnt/ceph-hdd/workspaces/ws/cidbn_wibral_neuro_nonhuman/u19361-allen-hdd/results/zebra/meso/sub-832700_ses-multiplane-ophys-832700-2026-01-24-12-06-12_ophys/events/VISp_1/trial_0/phase_0/lib_ab4a70858e/lib_ab4a70858e__delay_0.06__dur_0.2.h5
352,0.06,0.2,ab4a70858e,0.15307655930519104,-15.223880597014926,-2.6886792452830193,45.02251307527088,17.91,25,28,2,0.6283185307179586,3,5.0,5,0.06,/mnt/ceph-hdd/workspaces/ws/cidbn_wibral_neuro_nonhuman/u19361-allen-hdd/results/zebra/meso/sub-832700_ses-multiplane-ophys-832700-2026-01-24-12-06-12_ophys/events/VISp_1/trial_0/phase_0/lib_ab4a70858e/lib_ab4a70858e__delay_0.06__dur_0.2.h5
353,0.12,0.2,ab4a70858e,0.1325571984052658,11.641791044776127,34.95283018867924,22.515923572829195,14.32,40,7,1,0.3141592653589793,2,4.0,12,1.3,/mnt/ceph-hdd/workspaces/ws/cidbn_wibral_neuro_nonhuman/u19361-allen-hdd/results/zebra/meso/sub-832700_ses-multiplane-ophys-832700-2026-01-24-12-06-12_ophys/events/VISp_1/trial_0/phase_0/lib_ab4a70858e/lib_ab4a70858e__delay_0.12__dur_0.2.h5
354,0.06,0.2,ab4a70858e,0.12709632515907288,-15.223880597014926,-2.6886792452830193,67.51591472682667,14.32,25,28,3,0.9424777960769379,2,4.0,12,1.3,/mnt/ceph-hdd/workspaces/ws/cidbn_wibral_neuro_nonhuman/u19361-allen-hdd/results/zebra/meso/sub-832700_ses-multiplane-ophys-832700-2026-01-24-12-06-12_ophys/events/VISp_1/trial_0/phase_0/lib_ab4a70858e/lib_ab4a70858e__delay_0.06__dur_0.2.h5
355,0.06,0.2,ab4a70858e,0.24555976688861847,-8.059701492537314,-9.858490566037737,67.51591472682667,10.74,29,32,3,0.9424777960769379,1,3.0,12,1.3,/mnt/ceph-hdd/workspaces/ws/cidbn_wibral_neuro_nonhuman/u19361-allen-hdd/results/zebra/meso/sub-832700_ses-multiplane-ophys-832700-2026-01-24-12-06-12_ophys/events/VISp_1/trial_0/phase_0/lib_ab4a70858e/lib_ab4a70858e__delay_0.06__dur_0.2.h5
356,0.09,0.0,ab4a70858e,0.11608536541461945,2.6865671641791096,-9.858490566037737,0.0,28.65,35,32,0,0.0,5,8.0,5,0.06,/mnt/ceph-hdd/workspaces/ws/cidbn_wibral_neuro_nonhuman/u19361-allen-hdd/results/zebra/meso/sub-832700_ses-multiplane-ophys-832700-2026-01-24-12-06-12_ophys/events/VISp_1/trial_0/phase_0/lib_ab4a70858e/lib_ab4a70858e__delay_0.09__dur_0.0.h5
357,0.03,0.2,ab4a70858e,0.14442412555217743,-0.8955223880596961,-11.650943396226417,67.51591472682667,10.74,33,33,3,0.9424777960769379,1,3.0,9,0.1,/mnt/ceph-hdd/workspaces/ws/cidbn_wibral_neuro_nonhuman/u19361-allen-hdd/results/zebra/meso/sub-832700_ses-multiplane-ophys-832700-2026-01-24-12-06-12_ophys/events/VISp_1/trial_0/phase_0/lib_ab4a70858e/lib_ab4a70858e__delay_0.03__dur_0.2.h5
358,0.03,0.0,ab4a70858e,0.11512012779712677,-6.268656716417908,-11.650943396226417,157.4840764271708,7.16,30,33,7,2.199114857512855,0,2.0,9,0.1,/mnt/ceph-hdd/workspaces/ws/cidbn_wibral_neuro_nonhuman/u19361-allen-hdd/results/zebra/meso/sub-832700_ses-multiplane-ophys-832700-2026-01-24-12-06-12_ophys/events/VISp_1/trial_0/phase_0/lib_ab4a70858e/lib_ab4a70858e__delay_0.03__dur_0.0.h5
359,0.03,0.2,ab4a70858e,0.25603339076042175,-4.477611940298509,-9.858490566037737,45.02251307527088,14.32,31,32,2,0.6283185307179586,2,4.0,9,0.1,/mnt/ceph-hdd/workspaces/ws/cidbn_wibral_neuro_nonhuman/u19361-allen-hdd/results/zebra/meso/sub-832700_ses-multiplane-ophys-832700-2026-01-24-12-06-12_ophys/events/VISp_1/trial_0/phase_0/lib_ab4a70858e/lib_ab4a70858e__delay_0.03__dur_0.2.h5
36,0.09,0.0,ab4a70858e,0.20052100718021393,9.85074626865672,-9.858490566037737,45.02251307527088,10.74,39,32,2,0.6283185307179586,1,3.0,4,0.05,/mnt/ceph-hdd/workspaces/ws/cidbn_wibral_neuro_nonhuman/u19361-allen-hdd/results/zebra/meso/sub-832700_ses-multiplane-ophys-832700-2026-01-24-12-06-12_ophys/events/VISp_1/trial_0/phase_0/lib_ab4a70858e/lib_ab4a70858e__delay_0.09__dur_0.0.h5
360,0.12,0.0,ab4a70858e,0.11570283025503159,8.059701492537314,-4.481132075471699,157.4840764271708,17.91,38,29,7,2.199114857512855,3,5.0,7,0.08,/mnt/ceph-hdd/workspaces/ws/cidbn_wibral_neuro_nonhuman/u19361-allen-hdd/results/zebra/meso/sub-832700_ses-multiplane-ophys-832700-2026-01-24-12-06-12_ophys/events/VISp_1/trial_0/phase_0/lib_ab4a70858e/lib_ab4a70858e__delay_0.12__dur_0.0.h5
361,0.0,0.2,ab4a70858e,0.1450481414794922,-4.477611940298509,-11.650943396226417,22.515923572829195,10.74,31,33,1,0.3141592653589793,1,3.0,5,0.06,/mnt/ceph-hdd/workspaces/ws/cidbn_wibral_neuro_nonhuman/u19361-allen-hdd/results/zebra/meso/sub-832700_ses-multiplane-ophys-832700-2026-01-24-12-06-12_ophys/events/VISp_1/trial_0/phase_0/lib_ab4a70858e/lib_ab4a70858e__delay_0.0__dur_0.2.h5
362,0.12,0.0,ab4a70858e,0.1765068620443344,-8.059701492537314,-15.235849056603776,180.0,7.16,29,35,8,2.5132741228718345,0,2.0,12,1.3,/mnt/ceph-hdd/workspaces/ws/cidbn_wibral_neuro_nonhuman/u19361-allen-hdd/results/zebra/meso/sub-832700_ses-multiplane-ophys-832700-2026-01-24-12-06-12_ophys/events/VISp_1/trial_0/phase_0/lib_ab4a70858e/lib_ab4a70858e__delay_0.12__dur_0.0.h5
363,0.03,0.2,ab4a70858e,0.16442368924617767,-8.059701492537314,-8.066037735849058,180.0,14.32,29,31,8,2.5132741228718345,2,4.0,9,0.1,/mnt/ceph-hdd/workspaces/ws/cidbn_wibral_neuro_nonhuman/u19361-allen-hdd/results/zebra/meso/sub-832700_ses-multiplane-ophys-832700-2026-01-24-12-06-12_ophys/events/VISp_1/trial_0/phase_0/lib_ab4a70858e/lib_ab4a70858e__delay_0.03__dur_0.2.h5
364,0.0,0.2,ab4a70858e,0.14859965443611145,-4.477611940298509,-11.650943396226417,67.51591472682667,7.16,31,33,3,0.9424777960769379,0,2.0,12,1.3,/mnt/ceph-hdd/workspaces/ws/cidbn_wibral_neuro_nonhuman/u19361-allen-hdd/results/zebra/meso/sub-832700_ses-multiplane-ophys-832700-2026-01-24-12-06-12_ophys/events/VISp_1/trial_0/phase_0/lib_ab4a70858e/lib_ab4a70858e__delay_0.0__dur_0.2.h5
365,0.03,0.2,ab4a70858e,0.11340481787919998,2.6865671641791096,-17.028301886792452,112.48408527317332,14.32,35,36,5,1.5707963267948966,2,4.0,9,0.1,/mnt/ceph-hdd/workspaces/ws/cidbn_wibral_neuro_nonhuman/u19361-allen-hdd/results/zebra/meso/sub-832700_ses-multiplane-ophys-832700-2026-01-24-12-06-12_ophys/events/VISp_1/trial_0/phase_0/lib_ab4a70858e/lib_ab4a70858e__delay_0.03__dur_0.2.h5
366,0.03,0.2,ab4a70858e,0.12182078510522842,2.6865671641791096,-20.61320754716981,157.4840764271708,7.16,35,38,7,2.199114857512855,0,2.0,12,1.3,/mnt/ceph-hdd/workspaces/ws/cidbn_wibral_neuro_nonhuman/u19361-allen-hdd/results/zebra/meso/sub-832700_ses-multiplane-ophys-832700-2026-01-24-12-06-12_ophys/events/VISp_1/trial_0/phase_0/lib_ab4a70858e/lib_ab4a70858e__delay_0.03__dur_0.2.h5
367,0.15,0.2,ab4a70858e,0.1326318234205246,54.626865671641795,29.575471698113205,134.9774869247291,10.74,64,10,6,1.8849555921538759,1,3.0,11,1.2,/mnt/ceph-hdd/workspaces/ws/cidbn_wibral_neuro_nonhuman/u19361-allen-hdd/results/zebra/meso/sub-832700_ses-multiplane-ophys-832700-2026-01-24-12-06-12_ophys/events/VISp_1/trial_0/phase_0/lib_ab4a70858e/lib_ab4a70858e__delay_0.15__dur_0.2.h5
368,0.06,0.0,ab4a70858e,0.10283547639846802,49.25373134328359,4.481132075471699,90.0,10.74,61,24,4,1.2566370614359172,1,3.0,11,1.2,/mnt/ceph-hdd/workspaces/ws/cidbn_wibral_neuro_nonhuman/u19361-allen-hdd/results/zebra/meso/sub-832700_ses-multiplane-ophys-832700-2026-01-24-12-06-12_ophys/events/VISp_1/trial_0/phase_0/lib_ab4a70858e/lib_ab4a70858e__delay_0.06__dur_0.0.h5
369,0.06,0.2,ab4a70858e,0.1375385969877243,-4.477611940298509,-18.82075471698113,180.0,17.91,31,37,8,2.5132741228718345,3,5.0,6,0.07,/mnt/ceph-hdd/workspaces/ws/cidbn_wibral_neuro_nonhuman/u19361-allen-hdd/results/zebra/meso/sub-832700_ses-multiplane-ophys-832700-2026-01-24-12-06-12_ophys/events/VISp_1/trial_0/phase_0/lib_ab4a70858e/lib_ab4a70858e__delay_0.06__dur_0.2.h5
37,0.12,0.0,ab4a70858e,0.18235355615615845,6.268656716417908,-8.066037735849058,180.0,14.32,37,31,8,2.5132741228718345,2,4.0,9,0.1,/mnt/ceph-hdd/workspaces/ws/cidbn_wibral_neuro_nonhuman/u19361-allen-hdd/results/zebra/meso/sub-832700_ses-multiplane-ophys-832700-2026-01-24-12-06-12_ophys/events/VISp_1/trial_0/phase_0/lib_ab4a70858e/lib_ab4a70858e__delay_0.12__dur_0.0.h5
370,0.0,0.0,ab4a70858e,0.11317481100559235,-2.6865671641791025,-8.066037735849058,112.48408527317332,10.74,32,31,5,1.5707963267948966,1,3.0,11,1.2,/mnt/ceph-hdd/workspaces/ws/cidbn_wibral_neuro_nonhuman/u19361-allen-hdd/results/zebra/meso/sub-832700_ses-multiplane-ophys-832700-2026-01-24-12-06-12_ophys/events/VISp_1/trial_0/phase_0/lib_ab4a70858e/lib_ab4a70858e__delay_0.0__dur_0.0.h5
371,0.06,0.2,ab4a70858e,0.20907728374004364,-13.43283582089552,-6.273584905660378,0.0,14.32,26,30,0,0.0,2,4.0,9,0.1,/mnt/ceph-hdd/workspaces/ws/cidbn_wibral_neuro_nonhuman/u19361-allen-hdd/results/zebra/meso/sub-832700_ses-multiplane-ophys-832700-2026-01-24-12-06-12_ophys/events/VISp_1/trial_0/phase_0/lib_ab4a70858e/lib_ab4a70858e__delay_0.06__dur_0.2.h5
372,0.0,0.2,ab4a70858e,0.1324537992477417,-9.850746268656714,-2.6886792452830193,157.4840764271708,14.32,28,28,7,2.199114857512855,2,4.0,9,0.1,/mnt/ceph-hdd/workspaces/ws/cidbn_wibral_neuro_nonhuman/u19361-allen-hdd/results/zebra/meso/sub-832700_ses-multiplane-ophys-832700-2026-01-24-12-06-12_ophys/events/VISp_1/trial_0/phase_0/lib_ab4a70858e/lib_ab4a70858e__delay_0.0__dur_0.2.h5
373,0.0,0.2,ab4a70858e,0.12111704796552658,-6.268656716417908,-9.858490566037737,157.4840764271708,14.32,30,32,7,2.199114857512855,2,4.0,6,0.07,/mnt/ceph-hdd/workspaces/ws/cidbn_wibral_neuro_nonhuman/u19361-allen-hdd/results/zebra/meso/sub-832700_ses-multiplane-ophys-832700-2026-01-24-12-06-12_ophys/events/VISp_1/trial_0/phase_0/lib_ab4a70858e/lib_ab4a70858e__delay_0.0__dur_0.2.h5
374,0.03,0.2,ab4a70858e,0.10799059271812439,-11.64179104477612,-9.858490566037737,22.515923572829195,10.74,27,32,1,0.3141592653589793,1,3.0,7,0.08,/mnt/ceph-hdd/workspaces/ws/cidbn_wibral_neuro_nonhuman/u19361-allen-hdd/results/zebra/meso/sub-832700_ses-multiplane-ophys-832700-2026-01-24-12-06-12_ophys/events/VISp_1/trial_0/phase_0/lib_ab4a70858e/lib_ab4a70858e__delay_0.03__dur_0.2.h5
375,0.15,0.0,ab4a70858e,0.18710191547870636,-6.268656716417908,-9.858490566037737,90.0,14.32,30,32,4,1.2566370614359172,2,4.0,6,0.07,/mnt/ceph-hdd/workspaces/ws/cidbn_wibral_neuro_nonhuman/u19361-allen-hdd/results/zebra/meso/sub-832700_ses-multiplane-ophys-832700-2026-01-24-12-06-12_ophys/events/VISp_1/trial_0/phase_0/lib_ab4a70858e/lib_ab4a70858e__delay_0.15__dur_0.0.h5
376,0.06,0.0,ab4a70858e,0.17159119248390198,-9.850746268656714,-15.235849056603776,45.02251307527088,14.32,28,35,2,0.6283185307179586,2,4.0,4,0.05,/mnt/ceph-hdd/workspaces/ws/cidbn_wibral_neuro_nonhuman/u19361-allen-hdd/results/zebra/meso/sub-832700_ses-multiplane-ophys-832700-2026-01-24-12-06-12_ophys/events/VISp_1/trial_0/phase_0/lib_ab4a70858e/lib_ab4a70858e__delay_0.06__dur_0.0.h5
377,0.03,0.2,ab4a70858e,0.12760421633720398,-4.477611940298509,-11.650943396226417,22.515923572829195,10.74,31,33,1,0.3141592653589793,1,3.0,3,0.04,/mnt/ceph-hdd/workspaces/ws/cidbn_wibral_neuro_nonhuman/u19361-allen-hdd/results/zebra/meso/sub-832700_ses-multiplane-ophys-832700-2026-01-24-12-06-12_ophys/events/VISp_1/trial_0/phase_0/lib_ab4a70858e/lib_ab4a70858e__delay_0.03__dur_0.2.h5
378,0.06,0.2,ab4a70858e,0.12048790603876114,-11.64179104477612,22.405660377358487,67.51591472682667,7.16,27,14,3,0.9424777960769379,0,2.0,12,1.3,/mnt/ceph-hdd/workspaces/ws/cidbn_wibral_neuro_nonhuman/u19361-allen-hdd/results/zebra/meso/sub-832700_ses-multiplane-ophys-832700-2026-01-24-12-06-12_ophys/events/VISp_1/trial_0/phase_0/lib_ab4a70858e/lib_ab4a70858e__delay_0.06__dur_0.2.h5
379,0.15,0.2,ab4a70858e,0.11345071345567703,-11.64179104477612,-11.650943396226417,157.4840764271708,14.32,27,33,7,2.199114857512855,2,4.0,3,0.04,/mnt/ceph-hdd/workspaces/ws/cidbn_wibral_neuro_nonhuman/u19361-allen-hdd/results/zebra/meso/sub-832700_ses-multiplane-ophys-832700-2026-01-24-12-06-12_ophys/events/VISp_1/trial_0/phase_0/lib_ab4a70858e/lib_ab4a70858e__delay_0.15__dur_0.2.h5
38,0.06,0.0,ab4a70858e,0.10686514526605606,6.268656716417908,-9.858490566037737,0.0,14.32,37,32,0,0.0,2,4.0,8,0.09,/mnt/ceph-hdd/workspaces/ws/cidbn_wibral_neuro_nonhuman/u19361-allen-hdd/results/zebra/meso/sub-832700_ses-multiplane-ophys-832700-2026-01-24-12-06-12_ophys/events/VISp_1/trial_0/phase_0/lib_ab4a70858e/lib_ab4a70858e__delay_0.06__dur_0.0.h5
380,0.06,0.0,ab4a70858e,0.13189148902893066,-13.43283582089552,-9.858490566037737,22.515923572829195,14.32,26,32,1,0.3141592653589793,2,4.0,8,0.09,/mnt/ceph-hdd/workspaces/ws/cidbn_wibral_neuro_nonhuman/u19361-allen-hdd/results/zebra/meso/sub-832700_ses-multiplane-ophys-832700-2026-01-24-12-06-12_ophys/events/VISp_1/trial_0/phase_0/lib_ab4a70858e/lib_ab4a70858e__delay_0.06__dur_0.0.h5
381,0.12,0.0,ab4a70858e,0.15633021295070648,-13.43283582089552,-6.273584905660378,134.9774869247291,14.32,26,30,6,1.8849555921538759,2,4.0,9,0.1,/mnt/ceph-hdd/workspaces/ws/cidbn_wibral_neuro_nonhuman/u19361-allen-hdd/results/zebra/meso/sub-832700_ses-multiplane-ophys-832700-2026-01-24-12-06-12_ophys/events/VISp_1/trial_0/phase_0/lib_ab4a70858e/lib_ab4a70858e__delay_0.12__dur_0.0.h5
382,0.12,0.0,ab4a70858e,0.17008936405181885,-11.64179104477612,-9.858490566037737,180.0,14.32,27,32,8,2.5132741228718345,2,4.0,7,0.08,/mnt/ceph-hdd/workspaces/ws/cidbn_wibral_neuro_nonhuman/u19361-allen-hdd/results/zebra/meso/sub-832700_ses-multiplane-ophys-832700-2026-01-24-12-06-12_ophys/events/VISp_1/trial_0/phase_0/lib_ab4a70858e/lib_ab4a70858e__delay_0.12__dur_0.0.h5
383,0.09,0.0,ab4a70858e,0.19140005111694336,0.8955223880597032,-11.650943396226417,112.48408527317332,14.32,34,33,5,1.5707963267948966,2,4.0,9,0.1,/mnt/ceph-hdd/workspaces/ws/cidbn_wibral_neuro_nonhuman/u19361-allen-hdd/results/zebra/meso/sub-832700_ses-multiplane-ophys-832700-2026-01-24-12-06-12_ophys/events/VISp_1/trial_0/phase_0/lib_ab4a70858e/lib_ab4a70858e__delay_0.09__dur_0.0.h5
384,0.06,0.2,ab4a70858e,0.14963163435459137,-17.014925373134325,-13.443396226415096,157.4840764271708,17.91,24,34,7,2.199114857512855,3,5.0,5,0.06,/mnt/ceph-hdd/workspaces/ws/cidbn_wibral_neuro_nonhuman/u19361-allen-hdd/results/zebra/meso/sub-832700_ses-multiplane-ophys-832700-2026-01-24-12-06-12_ophys/events/VISp_1/trial_0/phase_0/lib_ab4a70858e/lib_ab4a70858e__delay_0.06__dur_0.2.h5
385,0.09,0.2,ab4a70858e,0.14250603318214417,-9.850746268656714,-9.858490566037737,112.48408527317332,17.91,28,32,5,1.5707963267948966,3,5.0,9,0.1,/mnt/ceph-hdd/workspaces/ws/cidbn_wibral_neuro_nonhuman/u19361-allen-hdd/results/zebra/meso/sub-832700_ses-multiplane-ophys-832700-2026-01-24-12-06-12_ophys/events/VISp_1/trial_0/phase_0/lib_ab4a70858e/lib_ab4a70858e__delay_0.09__dur_0.2.h5
386,0.06,0.2,ab4a70858e,0.1040358617901802,-13.43283582089552,-17.028301886792452,134.9774869247291,28.65,26,36,6,1.8849555921538759,5,8.0,3,0.04,/mnt/ceph-hdd/workspaces/ws/cidbn_wibral_neuro_nonhuman/u19361-allen-hdd/results/zebra/meso/sub-832700_ses-multiplane-ophys-832700-2026-01-24-12-06-12_ophys/events/VISp_1/trial_0/phase_0/lib_ab4a70858e/lib_ab4a70858e__delay_0.06__dur_0.2.h5
387,0.09,0.2,ab4a70858e,0.10546334832906723,54.626865671641795,-2.6886792452830193,67.51591472682667,14.32,64,28,3,0.9424777960769379,2,4.0,12,1.3,/mnt/ceph-hdd/workspaces/ws/cidbn_wibral_neuro_nonhuman/u19361-allen-hdd/results/zebra/meso/sub-832700_ses-multiplane-ophys-832700-2026-01-24-12-06-12_ophys/events/VISp_1/trial_0/phase_0/lib_ab4a70858e/lib_ab4a70858e__delay_0.09__dur_0.2.h5
388,0.12,0.2,ab4a70858e,0.16051506996154785,54.626865671641795,2.6886792452830193,0.0,21.49,64,25,0,0.0,4,6.0,11,1.2,/mnt/ceph-hdd/workspaces/ws/cidbn_wibral_neuro_nonhuman/u19361-allen-hdd/results/zebra/meso/sub-832700_ses-multiplane-ophys-832700-2026-01-24-12-06-12_ophys/events/VISp_1/trial_0/phase_0/lib_ab4a70858e/lib_ab4a70858e__delay_0.12__dur_0.2.h5
389,0.15,0.0,ab4a70858e,0.17589294910430908,-9.850746268656714,-15.235849056603776,45.02251307527088,14.32,28,35,2,0.6283185307179586,2,4.0,6,0.07,/mnt/ceph-hdd/workspaces/ws/cidbn_wibral_neuro_nonhuman/u19361-allen-hdd/results/zebra/meso/sub-832700_ses-multiplane-ophys-832700-2026-01-24-12-06-12_ophys/events/VISp_1/trial_0/phase_0/lib_ab4a70858e/lib_ab4a70858e__delay_0.15__dur_0.0.h5
39,0.06,0.2,ab4a70858e,0.1418432742357254,8.059701492537314,-4.481132075471699,134.9774869247291,10.74,38,29,6,1.8849555921538759,1,3.0,9,0.1,/mnt/ceph-hdd/workspaces/ws/cidbn_wibral_neuro_nonhuman/u19361-allen-hdd/results/zebra/meso/sub-832700_ses-multiplane-ophys-832700-2026-01-24-12-06-12_ophys/events/VISp_1/trial_0/phase_0/lib_ab4a70858e/lib_ab4a70858e__delay_0.06__dur_0.2.h5
390,0.06,0.0,ab4a70858e,0.16366180777549744,-13.43283582089552,-13.443396226415096,134.9774869247291,14.32,26,34,6,1.8849555921538759,2,4.0,5,0.06,/mnt/ceph-hdd/workspaces/ws/cidbn_wibral_neuro_nonhuman/u19361-allen-hdd/results/zebra/meso/sub-832700_ses-multiplane-ophys-832700-2026-01-24-12-06-12_ophys/events/VISp_1/trial_0/phase_0/lib_ab4a70858e/lib_ab4a70858e__delay_0.06__dur_0.0.h5
391,0.03,0.0,ab4a70858e,0.12868426740169525,-11.64179104477612,-4.481132075471699,22.515923572829163,21.49,27,29,9,2.827433388230814,4,6.0,9,0.1,/mnt/ceph-hdd/workspaces/ws/cidbn_wibral_neuro_nonhuman/u19361-allen-hdd/results/zebra/meso/sub-832700_ses-multiplane-ophys-832700-2026-01-24-12-06-12_ophys/events/VISp_1/trial_0/phase_0/lib_ab4a70858e/lib_ab4a70858e__delay_0.03__dur_0.0.h5
392,0.06,0.0,ab4a70858e,0.14568160474300385,-8.059701492537314,-9.858490566037737,180.0,10.74,29,32,8,2.5132741228718345,1,3.0,9,0.1,/mnt/ceph-hdd/workspaces/ws/cidbn_wibral_neuro_nonhuman/u19361-allen-hdd/results/zebra/meso/sub-832700_ses-multiplane-ophys-832700-2026-01-24-12-06-12_ophys/events/VISp_1/trial_0/phase_0/lib_ab4a70858e/lib_ab4a70858e__delay_0.06__dur_0.0.h5
393,0.12,0.0,ab4a70858e,0.14797087013721466,-0.8955223880596961,-15.235849056603776,0.0,10.74,33,35,0,0.0,1,3.0,11,1.2,/mnt/ceph-hdd/workspaces/ws/cidbn_wibral_neuro_nonhuman/u19361-allen-hdd/results/zebra/meso/sub-832700_ses-multiplane-ophys-832700-2026-01-24-12-06-12_ophys/events/VISp_1/trial_0/phase_0/lib_ab4a70858e/lib_ab4a70858e__delay_0.12__dur_0.0.h5
394,0.09,0.0,ab4a70858e,0.24539856612682343,-9.850746268656714,-2.6886792452830193,22.515923572829195,17.91,28,28,1,0.3141592653589793,3,5.0,9,0.1,/mnt/ceph-hdd/workspaces/ws/cidbn_wibral_neuro_nonhuman/u19361-allen-hdd/results/zebra/meso/sub-832700_ses-multiplane-ophys-832700-2026-01-24-12-06-12_ophys/events/VISp_1/trial_0/phase_0/lib_ab4a70858e/lib_ab4a70858e__delay_0.09__dur_0.0.h5
395,0.03,0.2,ab4a70858e,0.1194910928606987,34.92537313432837,18.820754716981128,134.9774869247291,10.74,53,16,6,1.8849555921538759,1,3.0,12,1.3,/mnt/ceph-hdd/workspaces/ws/cidbn_wibral_neuro_nonhuman/u19361-allen-hdd/results/zebra/meso/sub-832700_ses-multiplane-ophys-832700-2026-01-24-12-06-12_ophys/events/VISp_1/trial_0/phase_0/lib_ab4a70858e/lib_ab4a70858e__delay_0.03__dur_0.2.h5
396,0.09,0.2,ab4a70858e,0.10946863889694214,11.641791044776127,-45.70754716981132,45.02251307527088,7.16,40,52,2,0.6283185307179586,0,2.0,11,1.2,/mnt/ceph-hdd/workspaces/ws/cidbn_wibral_neuro_nonhuman/u19361-allen-hdd/results/zebra/meso/sub-832700_ses-multiplane-ophys-832700-2026-01-24-12-06-12_ophys/events/VISp_1/trial_0/phase_0/lib_ab4a70858e/lib_ab4a70858e__delay_0.09__dur_0.2.h5
397,0.03,0.2,ab4a70858e,0.17524473369121552,-9.850746268656714,-11.650943396226417,0.0,14.32,28,33,0,0.0,2,4.0,9,0.1,/mnt/ceph-hdd/workspaces/ws/cidbn_wibral_neuro_nonhuman/u19361-allen-hdd/results/zebra/meso/sub-832700_ses-multiplane-ophys-832700-2026-01-24-12-06-12_ophys/events/VISp_1/trial_0/phase_0/lib_ab4a70858e/lib_ab4a70858e__delay_0.03__dur_0.2.h5
398,0.06,0.2,ab4a70858e,0.13457347452640533,-25.970149253731343,0.8962264150943398,67.51591472682667,10.74,19,26,3,0.9424777960769379,1,3.0,11,1.2,/mnt/ceph-hdd/workspaces/ws/cidbn_wibral_neuro_nonhuman/u19361-allen-hdd/results/zebra/meso/sub-832700_ses-multiplane-ophys-832700-2026-01-24-12-06-12_ophys/events/VISp_1/trial_0/phase_0/lib_ab4a70858e/lib_ab4a70858e__delay_0.06__dur_0.2.h5
399,0.09,0.0,ab4a70858e,0.1762794852256775,-2.6865671641791025,-8.066037735849058,180.0,17.91,32,31,8,2.5132741228718345,3,5.0,5,0.06,/mnt/ceph-hdd/workspaces/ws/cidbn_wibral_neuro_nonhuman/u19361-allen-hdd/results/zebra/meso/sub-832700_ses-multiplane-ophys-832700-2026-01-24-12-06-12_ophys/events/VISp_1/trial_0/phase_0/lib_ab4a70858e/lib_ab4a70858e__delay_0.09__dur_0.0.h5
4,0.06,0.2,ab4a70858e,0.11253966391086578,-13.43283582089552,-17.028301886792452,90.0,17.91,26,36,4,1.2566370614359172,3,5.0,10,1.1,/mnt/ceph-hdd/workspaces/ws/cidbn_wibral_neuro_nonhuman/u19361-allen-hdd/results/zebra/meso/sub-832700_ses-multiplane-ophys-832700-2026-01-24-12-06-12_ophys/events/VISp_1/trial_0/phase_0/lib_ab4a70858e/lib_ab4a70858e__delay_0.06__dur_0.2.h5
40,0.0,0.0,ab4a70858e,0.12760499119758606,6.268656716417908,-4.481132075471699,0.0,10.74,37,29,0,0.0,1,3.0,11,1.2,/mnt/ceph-hdd/workspaces/ws/cidbn_wibral_neuro_nonhuman/u19361-allen-hdd/results/zebra/meso/sub-832700_ses-multiplane-ophys-832700-2026-01-24-12-06-12_ophys/events/VISp_1/trial_0/phase_0/lib_ab4a70858e/lib_ab4a70858e__delay_0.0__dur_0.0.h5
400,0.09,0.0,ab4a70858e,0.11689315736293793,-4.477611940298509,-15.235849056603776,0.0,7.16,31,35,0,0.0,0,2.0,11,1.2,/mnt/ceph-hdd/workspaces/ws/cidbn_wibral_neuro_nonhuman/u19361-allen-hdd/results/zebra/meso/sub-832700_ses-multiplane-ophys-832700-2026-01-24-12-06-12_ophys/events/VISp_1/trial_0/phase_0/lib_ab4a70858e/lib_ab4a70858e__delay_0.09__dur_0.0.h5
401,0.06,0.2,ab4a70858e,0.17050166428089142,-8.059701492537314,-9.858490566037737,45.02251307527088,10.74,29,32,2,0.6283185307179586,1,3.0,9,0.1,/mnt/ceph-hdd/workspaces/ws/cidbn_wibral_neuro_nonhuman/u19361-allen-hdd/results/zebra/meso/sub-832700_ses-multiplane-ophys-832700-2026-01-24-12-06-12_ophys/events/VISp_1/trial_0/phase_0/lib_ab4a70858e/lib_ab4a70858e__delay_0.06__dur_0.2.h5
402,0.09,0.0,ab4a70858e,0.22877240180969238,-9.850746268656714,-11.650943396226417,22.515923572829195,10.74,28,33,1,0.3141592653589793,1,3.0,9,0.1,/mnt/ceph-hdd/workspaces/ws/cidbn_wibral_neuro_nonhuman/u19361-allen-hdd/results/zebra/meso/sub-832700_ses-multiplane-ophys-832700-2026-01-24-12-06-12_ophys/events/VISp_1/trial_0/phase_0/lib_ab4a70858e/lib_ab4a70858e__delay_0.09__dur_0.0.h5
403,0.06,0.2,ab4a70858e,0.16315379738807678,-13.43283582089552,-2.6886792452830193,67.51591472682667,21.49,26,28,3,0.9424777960769379,4,6.0,6,0.07,/mnt/ceph-hdd/workspaces/ws/cidbn_wibral_neuro_nonhuman/u19361-allen-hdd/results/zebra/meso/sub-832700_ses-multiplane-ophys-832700-2026-01-24-12-06-12_ophys/events/VISp_1/trial_0/phase_0/lib_ab4a70858e/lib_ab4a70858e__delay_0.06__dur_0.2.h5
404,0.15,0.2,ab4a70858e,0.13845379650592804,-4.477611940298509,-8.066037735849058,22.515923572829195,17.91,31,31,1,0.3141592653589793,3,5.0,4,0.05,/mnt/ceph-hdd/workspaces/ws/cidbn_wibral_neuro_nonhuman/u19361-allen-hdd/results/zebra/meso/sub-832700_ses-multiplane-ophys-832700-2026-01-24-12-06-12_ophys/events/VISp_1/trial_0/phase_0/lib_ab4a70858e/lib_ab4a70858e__delay_0.15__dur_0.2.h5
405,0.06,0.2,ab4a70858e,0.14665840566158295,-11.64179104477612,-18.82075471698113,22.515923572829163,21.49,27,37,9,2.827433388230814,4,6.0,9,0.1,/mnt/ceph-hdd/workspaces/ws/cidbn_wibral_neuro_nonhuman/u19361-allen-hdd/results/zebra/meso/sub-832700_ses-multiplane-ophys-832700-2026-01-24-12-06-12_ophys/events/VISp_1/trial_0/phase_0/lib_ab4a70858e/lib_ab4a70858e__delay_0.06__dur_0.2.h5
406,0.09,0.2,ab4a70858e,0.13071207702159882,-33.134328358208954,20.613207547169807,180.0,14.32,15,15,8,2.5132741228718345,2,4.0,12,1.3,/mnt/ceph-hdd/workspaces/ws/cidbn_wibral_neuro_nonhuman/u19361-allen-hdd/results/zebra/meso/sub-832700_ses-multiplane-ophys-832700-2026-01-24-12-06-12_ophys/events/VISp_1/trial_0/phase_0/lib_ab4a70858e/lib_ab4a70858e__delay_0.09__dur_0.2.h5
407,0.06,0.0,ab4a70858e,0.10572705417871475,-13.43283582089552,-15.235849056603776,67.51591472682667,28.65,26,35,3,0.9424777960769379,5,8.0,3,0.04,/mnt/ceph-hdd/workspaces/ws/cidbn_wibral_neuro_nonhuman/u19361-allen-hdd/results/zebra/meso/sub-832700_ses-multiplane-ophys-832700-2026-01-24-12-06-12_ophys/events/VISp_1/trial_0/phase_0/lib_ab4a70858e/lib_ab4a70858e__delay_0.06__dur_0.0.h5
408,0.03,0.0,ab4a70858e,0.13237257301807404,-8.059701492537314,-13.443396226415096,0.0,7.16,29,34,0,0.0,0,2.0,11,1.2,/mnt/ceph-hdd/workspaces/ws/cidbn_wibral_neuro_nonhuman/u19361-allen-hdd/results/zebra/meso/sub-832700_ses-multiplane-ophys-832700-2026-01-24-12-06-12_ophys/events/VISp_1/trial_0/phase_0/lib_ab4a70858e/lib_ab4a70858e__delay_0.03__dur_0.0.h5
409,0.09,0.2,ab4a70858e,0.17021338641643524,-8.059701492537314,-8.066037735849058,45.02251307527088,7.16,29,31,2,0.6283185307179586,0,2.0,12,1.3,/mnt/ceph-hdd/workspaces/ws/cidbn_wibral_neuro_nonhuman/u19361-allen-hdd/results/zebra/meso/sub-832700_ses-multiplane-ophys-832700-2026-01-24-12-06-12_ophys/events/VISp_1/trial_0/phase_0/lib_ab4a70858e/lib_ab4a70858e__delay_0.09__dur_0.2.h5
41,0.06,0.2,ab4a70858e,0.2172718495130539,2.6865671641791096,-6.273584905660378,22.515923572829195,10.74,35,30,1,0.3141592653589793,1,3.0,9,0.1,/mnt/ceph-hdd/workspaces/ws/cidbn_wibral_neuro_nonhuman/u19361-allen-hdd/results/zebra/meso/sub-832700_ses-multiplane-ophys-832700-2026-01-24-12-06-12_ophys/events/VISp_1/trial_0/phase_0/lib_ab4a70858e/lib_ab4a70858e__delay_0.06__dur_0.2.h5
410,0.0,0.2,ab4a70858e,0.10488811880350113,34.92537313432837,-13.443396226415096,22.515923572829163,21.49,53,34,9,2.827433388230814,4,6.0,12,1.3,/mnt/ceph-hdd/workspaces/ws/cidbn_wibral_neuro_nonhuman/u19361-allen-hdd/results/zebra/meso/sub-832700_ses-multiplane-ophys-832700-2026-01-24-12-06-12_ophys/events/VISp_1/trial_0/phase_0/lib_ab4a70858e/lib_ab4a70858e__delay_0.0__dur_0.2.h5
411,0.03,0.2,ab4a70858e,0.2108771950006485,-8.059701492537314,-4.481132075471699,180.0,17.91,29,29,8,2.5132741228718345,3,5.0,7,0.08,/mnt/ceph-hdd/workspaces/ws/cidbn_wibral_neuro_nonhuman/u19361-allen-hdd/results/zebra/meso/sub-832700_ses-multiplane-ophys-832700-2026-01-24-12-06-12_ophys/events/VISp_1/trial_0/phase_0/lib_ab4a70858e/lib_ab4a70858e__delay_0.03__dur_0.2.h5
412,0.06,0.0,ab4a70858e,0.18281672894954681,-4.477611940298509,-11.650943396226417,22.515923572829195,17.91,31,33,1,0.3141592653589793,3,5.0,9,0.1,/mnt/ceph-hdd/workspaces/ws/cidbn_wibral_neuro_nonhuman/u19361-allen-hdd/results/zebra/meso/sub-832700_ses-multiplane-ophys-832700-2026-01-24-12-06-12_ophys/events/VISp_1/trial_0/phase_0/lib_ab4a70858e/lib_ab4a70858e__delay_0.06__dur_0.0.h5
413,0.15,0.0,ab4a70858e,0.18764932453632355,-9.850746268656714,-8.066037735849058,112.48408527317332,14.32,28,31,5,1.5707963267948966,2,4.0,5,0.06,/mnt/ceph-hdd/workspaces/ws/cidbn_wibral_neuro_nonhuman/u19361-allen-hdd/results/zebra/meso/sub-832700_ses-multiplane-ophys-832700-2026-01-24-12-06-12_ophys/events/VISp_1/trial_0/phase_0/lib_ab4a70858e/lib_ab4a70858e__delay_0.15__dur_0.0.h5
414,0.0,0.2,ab4a70858e,0.1244409829378128,-11.64179104477612,-4.481132075471699,0.0,7.16,27,29,0,0.0,0,2.0,11,1.2,/mnt/ceph-hdd/workspaces/ws/cidbn_wibral_neuro_nonhuman/u19361-allen-hdd/results/zebra/meso/sub-832700_ses-multiplane-ophys-832700-2026-01-24-12-06-12_ophys/events/VISp_1/trial_0/phase_0/lib_ab4a70858e/lib_ab4a70858e__delay_0.0__dur_0.2.h5
415,0.12,0.0,ab4a70858e,0.14997561275959015,-11.64179104477612,-11.650943396226417,157.4840764271708,7.16,27,33,7,2.199114857512855,0,2.0,12,1.3,/mnt/ceph-hdd/workspaces/ws/cidbn_wibral_neuro_nonhuman/u19361-allen-hdd/results/zebra/meso/sub-832700_ses-multiplane-ophys-832700-2026-01-24-12-06-12_ophys/events/VISp_1/trial_0/phase_0/lib_ab4a70858e/lib_ab4a70858e__delay_0.12__dur_0.0.h5
416,0.06,0.0,ab4a70858e,0.13893724977970123,-11.64179104477612,-9.858490566037737,45.02251307527088,7.16,27,32,2,0.6283185307179586,0,2.0,12,1.3,/mnt/ceph-hdd/workspaces/ws/cidbn_wibral_neuro_nonhuman/u19361-allen-hdd/results/zebra/meso/sub-832700_ses-multiplane-ophys-832700-2026-01-24-12-06-12_ophys/events/VISp_1/trial_0/phase_0/lib_ab4a70858e/lib_ab4a70858e__delay_0.06__dur_0.0.h5
417,0.09,0.2,ab4a70858e,0.12339948117733002,-9.850746268656714,-15.235849056603776,22.515923572829163,17.91,28,35,9,2.827433388230814,3,5.0,9,0.1,/mnt/ceph-hdd/workspaces/ws/cidbn_wibral_neuro_nonhuman/u19361-allen-hdd/results/zebra/meso/sub-832700_ses-multiplane-ophys-832700-2026-01-24-12-06-12_ophys/events/VISp_1/trial_0/phase_0/lib_ab4a70858e/lib_ab4a70858e__delay_0.09__dur_0.2.h5
418,0.15,0.0,ab4a70858e,0.14858844876289368,-9.850746268656714,-11.650943396226417,0.0,17.91,28,33,0,0.0,3,5.0,9,0.1,/mnt/ceph-hdd/workspaces/ws/cidbn_wibral_neuro_nonhuman/u19361-allen-hdd/results/zebra/meso/sub-832700_ses-multiplane-ophys-832700-2026-01-24-12-06-12_ophys/events/VISp_1/trial_0/phase_0/lib_ab4a70858e/lib_ab4a70858e__delay_0.15__dur_0.0.h5
419,0.06,0.0,ab4a70858e,0.15553921461105347,-6.268656716417908,-9.858490566037737,90.0,10.74,30,32,4,1.2566370614359172,1,3.0,8,0.09,/mnt/ceph-hdd/workspaces/ws/cidbn_wibral_neuro_nonhuman/u19361-allen-hdd/results/zebra/meso/sub-832700_ses-multiplane-ophys-832700-2026-01-24-12-06-12_ophys/events/VISp_1/trial_0/phase_0/lib_ab4a70858e/lib_ab4a70858e__delay_0.06__dur_0.0.h5
42,0.09,0.0,ab4a70858e,0.2234724760055542,6.268656716417908,-9.858490566037737,22.515923572829195,17.91,37,32,1,0.3141592653589793,3,5.0,1,0.02,/mnt/ceph-hdd/workspaces/ws/cidbn_wibral_neuro_nonhuman/u19361-allen-hdd/results/zebra/meso/sub-832700_ses-multiplane-ophys-832700-2026-01-24-12-06-12_ophys/events/VISp_1/trial_0/phase_0/lib_ab4a70858e/lib_ab4a70858e__delay_0.09__dur_0.0.h5
420,0.0,0.2,ab4a70858e,0.19810186326503754,-11.64179104477612,-9.858490566037737,180.0,17.91,27,32,8,2.5132741228718345,3,5.0,12,1.3,/mnt/ceph-hdd/workspaces/ws/cidbn_wibral_neuro_nonhuman/u19361-allen-hdd/results/zebra/meso/sub-832700_ses-multiplane-ophys-832700-2026-01-24-12-06-12_ophys/events/VISp_1/trial_0/phase_0/lib_ab4a70858e/lib_ab4a70858e__delay_0.0__dur_0.2.h5
421,0.15,0.2,ab4a70858e,0.13945402204990387,38.507462686567166,29.575471698113205,0.0,28.65,55,10,0,0.0,5,8.0,11,1.2,/mnt/ceph-hdd/workspaces/ws/cidbn_wibral_neuro_nonhuman/u19361-allen-hdd/results/zebra/meso/sub-832700_ses-multiplane-ophys-832700-2026-01-24-12-06-12_ophys/events/VISp_1/trial_0/phase_0/lib_ab4a70858e/lib_ab4a70858e__delay_0.15__dur_0.2.h5
422,0.03,0.2,ab4a70858e,0.10501962900161743,-58.208955223880594,-36.74528301886792,22.515923572829163,21.49,1,47,9,2.827433388230814,4,6.0,12,1.3,/mnt/ceph-hdd/workspaces/ws/cidbn_wibral_neuro_nonhuman/u19361-allen-hdd/results/zebra/meso/sub-832700_ses-multiplane-ophys-832700-2026-01-24-12-06-12_ophys/events/VISp_1/trial_0/phase_0/lib_ab4a70858e/lib_ab4a70858e__delay_0.03__dur_0.2.h5
423,0.03,0.0,ab4a70858e,0.1314413994550705,-4.477611940298509,-9.858490566037737,0.0,10.74,31,32,0,0.0,1,3.0,11,1.2,/mnt/ceph-hdd/workspaces/ws/cidbn_wibral_neuro_nonhuman/u19361-allen-hdd/results/zebra/meso/sub-832700_ses-multiplane-ophys-832700-2026-01-24-12-06-12_ophys/events/VISp_1/trial_0/phase_0/lib_ab4a70858e/lib_ab4a70858e__delay_0.03__dur_0.0.h5
424,0.06,0.0,ab4a70858e,0.14386451244354248,-9.850746268656714,-2.6886792452830193,67.51591472682667,21.49,28,28,3,0.9424777960769379,4,6.0,4,0.05,/mnt/ceph-hdd/workspaces/ws/cidbn_wibral_neuro_nonhuman/u19361-allen-hdd/results/zebra/meso/sub-832700_ses-multiplane-ophys-832700-2026-01-24-12-06-12_ophys/events/VISp_1/trial_0/phase_0/lib_ab4a70858e/lib_ab4a70858e__delay_0.06__dur_0.0.h5
425,0.06,0.0,ab4a70858e,0.1100596934556961,-36.71641791044776,22.405660377358487,157.4840764271708,14.32,13,14,7,2.199114857512855,2,4.0,12,1.3,/mnt/ceph-hdd/workspaces/ws/cidbn_wibral_neuro_nonhuman/u19361-allen-hdd/results/zebra/meso/sub-832700_ses-multiplane-ophys-832700-2026-01-24-12-06-12_ophys/events/VISp_1/trial_0/phase_0/lib_ab4a70858e/lib_ab4a70858e__delay_0.06__dur_0.0.h5
426,0.09,0.0,ab4a70858e,0.14001958072185516,-2.6865671641791025,-8.066037735849058,112.48408527317332,10.74,32,31,5,1.5707963267948966,1,3.0,8,0.09,/mnt/ceph-hdd/workspaces/ws/cidbn_wibral_neuro_nonhuman/u19361-allen-hdd/results/zebra/meso/sub-832700_ses-multiplane-ophys-832700-2026-01-24-12-06-12_ophys/events/VISp_1/trial_0/phase_0/lib_ab4a70858e/lib_ab4a70858e__delay_0.09__dur_0.0.h5
427,0.09,0.0,ab4a70858e,0.10803407430648804,11.641791044776127,-22.40566037735849,45.02251307527088,28.65,40,39,2,0.6283185307179586,5,8.0,9,0.1,/mnt/ceph-hdd/workspaces/ws/cidbn_wibral_neuro_nonhuman/u19361-allen-hdd/results/zebra/meso/sub-832700_ses-multiplane-ophys-832700-2026-01-24-12-06-12_ophys/events/VISp_1/trial_0/phase_0/lib_ab4a70858e/lib_ab4a70858e__delay_0.09__dur_0.0.h5
428,0.0,0.2,ab4a70858e,0.17096169292926788,-13.43283582089552,-8.066037735849058,90.0,17.91,26,31,4,1.2566370614359172,3,5.0,6,0.07,/mnt/ceph-hdd/workspaces/ws/cidbn_wibral_neuro_nonhuman/u19361-allen-hdd/results/zebra/meso/sub-832700_ses-multiplane-ophys-832700-2026-01-24-12-06-12_ophys/events/VISp_1/trial_0/phase_0/lib_ab4a70858e/lib_ab4a70858e__delay_0.0__dur_0.2.h5
429,0.12,0.0,ab4a70858e,0.14894115924835205,-18.80597014925373,-9.858490566037737,22.515923572829195,10.74,23,32,1,0.3141592653589793,1,3.0,9,0.1,/mnt/ceph-hdd/workspaces/ws/cidbn_wibral_neuro_nonhuman/u19361-allen-hdd/results/zebra/meso/sub-832700_ses-multiplane-ophys-832700-2026-01-24-12-06-12_ophys/events/VISp_1/trial_0/phase_0/lib_ab4a70858e/lib_ab4a70858e__delay_0.12__dur_0.0.h5
43,0.03,0.2,ab4a70858e,0.23437054455280304,4.477611940298516,-8.066037735849058,0.0,7.16,36,31,0,0.0,0,2.0,11,1.2,/mnt/ceph-hdd/workspaces/ws/cidbn_wibral_neuro_nonhuman/u19361-allen-hdd/results/zebra/meso/sub-832700_ses-multiplane-ophys-832700-2026-01-24-12-06-12_ophys/events/VISp_1/trial_0/phase_0/lib_ab4a70858e/lib_ab4a70858e__delay_0.03__dur_0.2.h5
430,0.09,0.0,ab4a70858e,0.14650313556194305,-9.850746268656714,-9.858490566037737,0.0,17.91,28,32,0,0.0,3,5.0,8,0.09,/mnt/ceph-hdd/workspaces/ws/cidbn_wibral_neuro_nonhuman/u19361-allen-hdd/results/zebra/meso/sub-832700_ses-multiplane-ophys-832700-2026-01-24-12-06-12_ophys/events/VISp_1/trial_0/phase_0/lib_ab4a70858e/lib_ab4a70858e__delay_0.09__dur_0.0.h5
431,0.12,0.2,ab4a70858e,0.1535084992647171,-17.014925373134325,-13.443396226415096,180.0,10.74,24,34,8,2.5132741228718345,1,3.0,12,1.3,/mnt/ceph-hdd/workspaces/ws/cidbn_wibral_neuro_nonhuman/u19361-allen-hdd/results/zebra/meso/sub-832700_ses-multiplane-ophys-832700-2026-01-24-12-06-12_ophys/events/VISp_1/trial_0/phase_0/lib_ab4a70858e/lib_ab4a70858e__delay_0.12__dur_0.2.h5
432,0.0,0.2,ab4a70858e,0.10183397680521011,52.83582089552239,25.990566037735846,134.9774869247291,7.16,63,12,6,1.8849555921538759,0,2.0,10,1.1,/mnt/ceph-hdd/workspaces/ws/cidbn_wibral_neuro_nonhuman/u19361-allen-hdd/results/zebra/meso/sub-832700_ses-multiplane-ophys-832700-2026-01-24-12-06-12_ophys/events/VISp_1/trial_0/phase_0/lib_ab4a70858e/lib_ab4a70858e__delay_0.0__dur_0.2.h5
433,0.06,0.0,ab4a70858e,0.11342889070510864,13.43283582089552,-24.19811320754717,22.515923572829195,17.91,41,40,1,0.3141592653589793,3,5.0,10,1.1,/mnt/ceph-hdd/workspaces/ws/cidbn_wibral_neuro_nonhuman/u19361-allen-hdd/results/zebra/meso/sub-832700_ses-multiplane-ophys-832700-2026-01-24-12-06-12_ophys/events/VISp_1/trial_0/phase_0/lib_ab4a70858e/lib_ab4a70858e__delay_0.06__dur_0.0.h5
434,0.12,0.2,ab4a70858e,0.11714524775743484,-15.223880597014926,18.820754716981128,112.48408527317332,21.49,25,16,5,1.5707963267948966,4,6.0,11,1.2,/mnt/ceph-hdd/workspaces/ws/cidbn_wibral_neuro_nonhuman/u19361-allen-hdd/results/zebra/meso/sub-832700_ses-multiplane-ophys-832700-2026-01-24-12-06-12_ophys/events/VISp_1/trial_0/phase_0/lib_ab4a70858e/lib_ab4a70858e__delay_0.12__dur_0.2.h5
435,0.09,0.0,ab4a70858e,0.14563873410224915,-4.477611940298509,-2.6886792452830193,22.515923572829163,21.49,31,28,9,2.827433388230814,4,6.0,5,0.06,/mnt/ceph-hdd/workspaces/ws/cidbn_wibral_neuro_nonhuman/u19361-allen-hdd/results/zebra/meso/sub-832700_ses-multiplane-ophys-832700-2026-01-24-12-06-12_ophys/events/VISp_1/trial_0/phase_0/lib_ab4a70858e/lib_ab4a70858e__delay_0.09__dur_0.0.h5
436,0.03,0.2,ab4a70858e,0.11427485942840576,-13.43283582089552,-11.650943396226417,67.51591472682667,17.91,26,33,3,0.9424777960769379,3,5.0,7,0.08,/mnt/ceph-hdd/workspaces/ws/cidbn_wibral_neuro_nonhuman/u19361-allen-hdd/results/zebra/meso/sub-832700_ses-multiplane-ophys-832700-2026-01-24-12-06-12_ophys/events/VISp_1/trial_0/phase_0/lib_ab4a70858e/lib_ab4a70858e__delay_0.03__dur_0.2.h5
437,0.0,0.2,ab4a70858e,0.1184997409582138,52.83582089552239,-27.78301886792453,157.4840764271708,14.32,63,42,7,2.199114857512855,2,4.0,12,1.3,/mnt/ceph-hdd/workspaces/ws/cidbn_wibral_neuro_nonhuman/u19361-allen-hdd/results/zebra/meso/sub-832700_ses-multiplane-ophys-832700-2026-01-24-12-06-12_ophys/events/VISp_1/trial_0/phase_0/lib_ab4a70858e/lib_ab4a70858e__delay_0.0__dur_0.2.h5
438,0.03,0.2,ab4a70858e,0.16356799006462097,-17.014925373134325,-8.066037735849058,90.0,14.32,24,31,4,1.2566370614359172,2,4.0,9,0.1,/mnt/ceph-hdd/workspaces/ws/cidbn_wibral_neuro_nonhuman/u19361-allen-hdd/results/zebra/meso/sub-832700_ses-multiplane-ophys-832700-2026-01-24-12-06-12_ophys/events/VISp_1/trial_0/phase_0/lib_ab4a70858e/lib_ab4a70858e__delay_0.03__dur_0.2.h5
439,0.06,0.2,ab4a70858e,0.17747634649276733,-13.43283582089552,-11.650943396226417,90.0,14.32,26,33,4,1.2566370614359172,2,4.0,9,0.1,/mnt/ceph-hdd/workspaces/ws/cidbn_wibral_neuro_nonhuman/u19361-allen-hdd/results/zebra/meso/sub-832700_ses-multiplane-ophys-832700-2026-01-24-12-06-12_ophys/events/VISp_1/trial_0/phase_0/lib_ab4a70858e/lib_ab4a70858e__delay_0.06__dur_0.2.h5
44,0.06,0.2,ab4a70858e,0.20734313130378723,8.059701492537314,-11.650943396226417,0.0,7.16,38,33,0,0.0,0,2.0,9,0.1,/mnt/ceph-hdd/workspaces/ws/cidbn_wibral_neuro_nonhuman/u19361-allen-hdd/results/zebra/meso/sub-832700_ses-multiplane-ophys-832700-2026-01-24-12-06-12_ophys/events/VISp_1/trial_0/phase_0/lib_ab4a70858e/lib_ab4a70858e__delay_0.06__dur_0.2.h5
440,0.0,0.2,ab4a70858e,0.13049475848674774,2.6865671641791096,-2.6886792452830193,157.4840764271708,10.74,35,28,7,2.199114857512855,1,3.0,12,1.3,/mnt/ceph-hdd/workspaces/ws/cidbn_wibral_neuro_nonhuman/u19361-allen-hdd/results/zebra/meso/sub-832700_ses-multiplane-ophys-832700-2026-01-24-12-06-12_ophys/events/VISp_1/trial_0/phase_0/lib_ab4a70858e/lib_ab4a70858e__delay_0.0__dur_0.2.h5
441,0.06,0.2,ab4a70858e,0.16647008061408997,-15.223880597014926,31.367924528301884,0.0,14.32,25,9,0,0.0,2,4.0,11,1.2,/mnt/ceph-hdd/workspaces/ws/cidbn_wibral_neuro_nonhuman/u19361-allen-hdd/results/zebra/meso/sub-832700_ses-multiplane-ophys-832700-2026-01-24-12-06-12_ophys/events/VISp_1/trial_0/phase_0/lib_ab4a70858e/lib_ab4a70858e__delay_0.06__dur_0.2.h5
442,0.03,0.2,ab4a70858e,0.19217096269130707,-11.64179104477612,-15.235849056603776,157.4840764271708,14.32,27,35,7,2.199114857512855,2,4.0,9,0.1,/mnt/ceph-hdd/workspaces/ws/cidbn_wibral_neuro_nonhuman/u19361-allen-hdd/results/zebra/meso/sub-832700_ses-multiplane-ophys-832700-2026-01-24-12-06-12_ophys/events/VISp_1/trial_0/phase_0/lib_ab4a70858e/lib_ab4a70858e__delay_0.03__dur_0.2.h5
443,0.0,0.2,ab4a70858e,0.184256911277771,-6.268656716417908,-17.028301886792452,67.51591472682667,17.91,30,36,3,0.9424777960769379,3,5.0,9,0.1,/mnt/ceph-hdd/workspaces/ws/cidbn_wibral_neuro_nonhuman/u19361-allen-hdd/results/zebra/meso/sub-832700_ses-multiplane-ophys-832700-2026-01-24-12-06-12_ophys/events/VISp_1/trial_0/phase_0/lib_ab4a70858e/lib_ab4a70858e__delay_0.0__dur_0.2.h5
444,0.09,0.2,ab4a70858e,0.09390470385551453,20.59701492537313,-6.273584905660378,22.515923572829195,28.65,45,30,1,0.3141592653589793,5,8.0,9,0.1,/mnt/ceph-hdd/workspaces/ws/cidbn_wibral_neuro_nonhuman/u19361-allen-hdd/results/zebra/meso/sub-832700_ses-multiplane-ophys-832700-2026-01-24-12-06-12_ophys/events/VISp_1/trial_0/phase_0/lib_ab4a70858e/lib_ab4a70858e__delay_0.09__dur_0.2.h5
445,0.03,0.2,ab4a70858e,0.1632067859172821,-9.850746268656714,-11.650943396226417,90.0,14.32,28,33,4,1.2566370614359172,2,4.0,8,0.09,/mnt/ceph-hdd/workspaces/ws/cidbn_wibral_neuro_nonhuman/u19361-allen-hdd/results/zebra/meso/sub-832700_ses-multiplane-ophys-832700-2026-01-24-12-06-12_ophys/events/VISp_1/trial_0/phase_0/lib_ab4a70858e/lib_ab4a70858e__delay_0.03__dur_0.2.h5
446,0.06,0.2,ab4a70858e,0.13767723739147186,-9.850746268656714,-9.858490566037737,0.0,10.74,28,32,0,0.0,1,3.0,7,0.08,/mnt/ceph-hdd/workspaces/ws/cidbn_wibral_neuro_nonhuman/u19361-allen-hdd/results/zebra/meso/sub-832700_ses-multiplane-ophys-832700-2026-01-24-12-06-12_ophys/events/VISp_1/trial_0/phase_0/lib_ab4a70858e/lib_ab4a70858e__delay_0.06__dur_0.2.h5
447,0.06,0.0,ab4a70858e,0.15929745137691498,-11.64179104477612,-8.066037735849058,180.0,14.32,27,31,8,2.5132741228718345,2,4.0,7,0.08,/mnt/ceph-hdd/workspaces/ws/cidbn_wibral_neuro_nonhuman/u19361-allen-hdd/results/zebra/meso/sub-832700_ses-multiplane-ophys-832700-2026-01-24-12-06-12_ophys/events/VISp_1/trial_0/phase_0/lib_ab4a70858e/lib_ab4a70858e__delay_0.06__dur_0.0.h5
448,0.0,0.2,ab4a70858e,0.11994447559118271,-36.71641791044776,25.990566037735846,45.02251307527088,10.74,13,12,2,0.6283185307179586,1,3.0,11,1.2,/mnt/ceph-hdd/workspaces/ws/cidbn_wibral_neuro_nonhuman/u19361-allen-hdd/results/zebra/meso/sub-832700_ses-multiplane-ophys-832700-2026-01-24-12-06-12_ophys/events/VISp_1/trial_0/phase_0/lib_ab4a70858e/lib_ab4a70858e__delay_0.0__dur_0.2.h5
449,0.06,0.0,ab4a70858e,0.14780856668949127,-9.850746268656714,-8.066037735849058,134.9774869247291,14.32,28,31,6,1.8849555921538759,2,4.0,9,0.1,/mnt/ceph-hdd/workspaces/ws/cidbn_wibral_neuro_nonhuman/u19361-allen-hdd/results/zebra/meso/sub-832700_ses-multiplane-ophys-832700-2026-01-24-12-06-12_ophys/events/VISp_1/trial_0/phase_0/lib_ab4a70858e/lib_ab4a70858e__delay_0.06__dur_0.0.h5
45,0.03,0.2,ab4a70858e,0.1842898279428482,8.059701492537314,-13.443396226415096,180.0,10.74,38,34,8,2.5132741228718345,1,3.0,8,0.09,/mnt/ceph-hdd/workspaces/ws/cidbn_wibral_neuro_nonhuman/u19361-allen-hdd/results/zebra/meso/sub-832700_ses-multiplane-ophys-832700-2026-01-24-12-06-12_ophys/events/VISp_1/trial_0/phase_0/lib_ab4a70858e/lib_ab4a70858e__delay_0.03__dur_0.2.h5
450,0.06,0.2,ab4a70858e,0.15816836059093475,-6.268656716417908,-9.858490566037737,90.0,10.74,30,32,4,1.2566370614359172,1,3.0,8,0.09,/mnt/ceph-hdd/workspaces/ws/cidbn_wibral_neuro_nonhuman/u19361-allen-hdd/results/zebra/meso/sub-832700_ses-multiplane-ophys-832700-2026-01-24-12-06-12_ophys/events/VISp_1/trial_0/phase_0/lib_ab4a70858e/lib_ab4a70858e__delay_0.06__dur_0.2.h5
451,0.09,0.0,ab4a70858e,0.1459789276123047,-2.6865671641791025,-9.858490566037737,112.48408527317332,14.32,32,32,5,1.5707963267948966,2,4.0,9,0.1,/mnt/ceph-hdd/workspaces/ws/cidbn_wibral_neuro_nonhuman/u19361-allen-hdd/results/zebra/meso/sub-832700_ses-multiplane-ophys-832700-2026-01-24-12-06-12_ophys/events/VISp_1/trial_0/phase_0/lib_ab4a70858e/lib_ab4a70858e__delay_0.09__dur_0.0.h5
452,0.12,0.0,ab4a70858e,0.09891945123672485,-34.92537313432835,36.74528301886792,157.4840764271708,10.74,14,6,7,2.199114857512855,1,3.0,10,1.1,/mnt/ceph-hdd/workspaces/ws/cidbn_wibral_neuro_nonhuman/u19361-allen-hdd/results/zebra/meso/sub-832700_ses-multiplane-ophys-832700-2026-01-24-12-06-12_ophys/events/VISp_1/trial_0/phase_0/lib_ab4a70858e/lib_ab4a70858e__delay_0.12__dur_0.0.h5
453,0.0,0.2,ab4a70858e,0.15878112614154816,-9.850746268656714,-11.650943396226417,90.0,14.32,28,33,4,1.2566370614359172,2,4.0,7,0.08,/mnt/ceph-hdd/workspaces/ws/cidbn_wibral_neuro_nonhuman/u19361-allen-hdd/results/zebra/meso/sub-832700_ses-multiplane-ophys-832700-2026-01-24-12-06-12_ophys/events/VISp_1/trial_0/phase_0/lib_ab4a70858e/lib_ab4a70858e__delay_0.0__dur_0.2.h5
454,0.0,0.2,ab4a70858e,0.10979257524013519,-49.25373134328358,-29.57547169811321,22.515923572829195,7.16,6,43,1,0.3141592653589793,0,2.0,12,1.3,/mnt/ceph-hdd/workspaces/ws/cidbn_wibral_neuro_nonhuman/u19361-allen-hdd/results/zebra/meso/sub-832700_ses-multiplane-ophys-832700-2026-01-24-12-06-12_ophys/events/VISp_1/trial_0/phase_0/lib_ab4a70858e/lib_ab4a70858e__delay_0.0__dur_0.2.h5
455,0.15,0.2,ab4a70858e,0.10415450483560562,29.55223880597015,-15.235849056603776,180.0,17.91,50,35,8,2.5132741228718345,3,5.0,11,1.2,/mnt/ceph-hdd/workspaces/ws/cidbn_wibral_neuro_nonhuman/u19361-allen-hdd/results/zebra/meso/sub-832700_ses-multiplane-ophys-832700-2026-01-24-12-06-12_ophys/events/VISp_1/trial_0/phase_0/lib_ab4a70858e/lib_ab4a70858e__delay_0.15__dur_0.2.h5
456,0.03,0.0,ab4a70858e,0.10563027858734131,-2.6865671641791025,-17.028301886792452,22.515923572829195,14.32,32,36,1,0.3141592653589793,2,4.0,9,0.1,/mnt/ceph-hdd/workspaces/ws/cidbn_wibral_neuro_nonhuman/u19361-allen-hdd/results/zebra/meso/sub-832700_ses-multiplane-ophys-832700-2026-01-24-12-06-12_ophys/events/VISp_1/trial_0/phase_0/lib_ab4a70858e/lib_ab4a70858e__delay_0.03__dur_0.0.h5
457,0.06,0.0,ab4a70858e,0.17632120847702026,-6.268656716417908,-13.443396226415096,0.0,14.32,30,34,0,0.0,2,4.0,9,0.1,/mnt/ceph-hdd/workspaces/ws/cidbn_wibral_neuro_nonhuman/u19361-allen-hdd/results/zebra/meso/sub-832700_ses-multiplane-ophys-832700-2026-01-24-12-06-12_ophys/events/VISp_1/trial_0/phase_0/lib_ab4a70858e/lib_ab4a70858e__delay_0.06__dur_0.0.h5
458,0.09,0.2,ab4a70858e,0.1218874529004097,47.462686567164184,34.95283018867924,0.0,28.65,60,7,0,0.0,5,8.0,11,1.2,/mnt/ceph-hdd/workspaces/ws/cidbn_wibral_neuro_nonhuman/u19361-allen-hdd/results/zebra/meso/sub-832700_ses-multiplane-ophys-832700-2026-01-24-12-06-12_ophys/events/VISp_1/trial_0/phase_0/lib_ab4a70858e/lib_ab4a70858e__delay_0.09__dur_0.2.h5
459,0.03,0.2,ab4a70858e,0.17318454384803772,-9.850746268656714,-17.028301886792452,157.4840764271708,14.32,28,36,7,2.199114857512855,2,4.0,8,0.09,/mnt/ceph-hdd/workspaces/ws/cidbn_wibral_neuro_nonhuman/u19361-allen-hdd/results/zebra/meso/sub-832700_ses-multiplane-ophys-832700-2026-01-24-12-06-12_ophys/events/VISp_1/trial_0/phase_0/lib_ab4a70858e/lib_ab4a70858e__delay_0.03__dur_0.2.h5
46,0.0,0.2,ab4a70858e,0.20299874246120453,2.6865671641791096,-6.273584905660378,22.515923572829195,17.91,35,30,1,0.3141592653589793,3,5.0,3,0.04,/mnt/ceph-hdd/workspaces/ws/cidbn_wibral_neuro_nonhuman/u19361-allen-hdd/results/zebra/meso/sub-832700_ses-multiplane-ophys-832700-2026-01-24-12-06-12_ophys/events/VISp_1/trial_0/phase_0/lib_ab4a70858e/lib_ab4a70858e__delay_0.0__dur_0.2.h5
460,0.03,0.2,ab4a70858e,0.1817474216222763,-15.223880597014926,-4.481132075471699,45.02251307527088,14.32,25,29,2,0.6283185307179586,2,4.0,9,0.1,/mnt/ceph-hdd/workspaces/ws/cidbn_wibral_neuro_nonhuman/u19361-allen-hdd/results/zebra/meso/sub-832700_ses-multiplane-ophys-832700-2026-01-24-12-06-12_ophys/events/VISp_1/trial_0/phase_0/lib_ab4a70858e/lib_ab4a70858e__delay_0.03__dur_0.2.h5
461,0.03,0.2,ab4a70858e,0.16886447370052338,-8.059701492537314,-9.858490566037737,22.515923572829195,14.32,29,32,1,0.3141592653589793,2,4.0,9,0.1,/mnt/ceph-hdd/workspaces/ws/cidbn_wibral_neuro_nonhuman/u19361-allen-hdd/results/zebra/meso/sub-832700_ses-multiplane-ophys-832700-2026-01-24-12-06-12_ophys/events/VISp_1/trial_0/phase_0/lib_ab4a70858e/lib_ab4a70858e__delay_0.03__dur_0.2.h5
462,0.09,0.2,ab4a70858e,0.10523892939090729,38.507462686567166,38.5377358490566,22.515923572829163,10.74,55,5,9,2.827433388230814,1,3.0,10,1.1,/mnt/ceph-hdd/workspaces/ws/cidbn_wibral_neuro_nonhuman/u19361-allen-hdd/results/zebra/meso/sub-832700_ses-multiplane-ophys-832700-2026-01-24-12-06-12_ophys/events/VISp_1/trial_0/phase_0/lib_ab4a70858e/lib_ab4a70858e__delay_0.09__dur_0.2.h5
463,0.06,0.0,ab4a70858e,0.16307087242603302,-13.43283582089552,-11.650943396226417,180.0,21.49,26,33,8,2.5132741228718345,4,6.0,4,0.05,/mnt/ceph-hdd/workspaces/ws/cidbn_wibral_neuro_nonhuman/u19361-allen-hdd/results/zebra/meso/sub-832700_ses-multiplane-ophys-832700-2026-01-24-12-06-12_ophys/events/VISp_1/trial_0/phase_0/lib_ab4a70858e/lib_ab4a70858e__delay_0.06__dur_0.0.h5
464,0.12,0.2,ab4a70858e,0.1706896722316742,40.29850746268657,33.160377358490564,0.0,21.49,56,8,0,0.0,4,6.0,11,1.2,/mnt/ceph-hdd/workspaces/ws/cidbn_wibral_neuro_nonhuman/u19361-allen-hdd/results/zebra/meso/sub-832700_ses-multiplane-ophys-832700-2026-01-24-12-06-12_ophys/events/VISp_1/trial_0/phase_0/lib_ab4a70858e/lib_ab4a70858e__delay_0.12__dur_0.2.h5
465,0.0,0.0,ab4a70858e,0.12029588967561722,0.8955223880597032,-17.028301886792452,45.02251307527088,17.91,34,36,2,0.6283185307179586,3,5.0,8,0.09,/mnt/ceph-hdd/workspaces/ws/cidbn_wibral_neuro_nonhuman/u19361-allen-hdd/results/zebra/meso/sub-832700_ses-multiplane-ophys-832700-2026-01-24-12-06-12_ophys/events/VISp_1/trial_0/phase_0/lib_ab4a70858e/lib_ab4a70858e__delay_0.0__dur_0.0.h5
466,0.0,0.2,ab4a70858e,0.17580083012580872,33.13432835820896,17.02830188679245,157.4840764271708,17.91,52,17,7,2.199114857512855,3,5.0,12,1.3,/mnt/ceph-hdd/workspaces/ws/cidbn_wibral_neuro_nonhuman/u19361-allen-hdd/results/zebra/meso/sub-832700_ses-multiplane-ophys-832700-2026-01-24-12-06-12_ophys/events/VISp_1/trial_0/phase_0/lib_ab4a70858e/lib_ab4a70858e__delay_0.0__dur_0.2.h5
467,0.06,0.2,ab4a70858e,0.13341164588928223,45.67164179104478,-38.5377358490566,22.515923572829195,14.32,59,48,1,0.3141592653589793,2,4.0,10,1.1,/mnt/ceph-hdd/workspaces/ws/cidbn_wibral_neuro_nonhuman/u19361-allen-hdd/results/zebra/meso/sub-832700_ses-multiplane-ophys-832700-2026-01-24-12-06-12_ophys/events/VISp_1/trial_0/phase_0/lib_ab4a70858e/lib_ab4a70858e__delay_0.06__dur_0.2.h5
468,0.12,0.2,ab4a70858e,0.1690613031387329,-20.59701492537313,2.6886792452830193,67.51591472682667,17.91,22,25,3,0.9424777960769379,3,5.0,12,1.3,/mnt/ceph-hdd/workspaces/ws/cidbn_wibral_neuro_nonhuman/u19361-allen-hdd/results/zebra/meso/sub-832700_ses-multiplane-ophys-832700-2026-01-24-12-06-12_ophys/events/VISp_1/trial_0/phase_0/lib_ab4a70858e/lib_ab4a70858e__delay_0.12__dur_0.2.h5
469,0.06,0.0,ab4a70858e,0.20842577517032623,-13.43283582089552,-13.443396226415096,22.515923572829163,14.32,26,34,9,2.827433388230814,2,4.0,9,0.1,/mnt/ceph-hdd/workspaces/ws/cidbn_wibral_neuro_nonhuman/u19361-allen-hdd/results/zebra/meso/sub-832700_ses-multiplane-ophys-832700-2026-01-24-12-06-12_ophys/events/VISp_1/trial_0/phase_0/lib_ab4a70858e/lib_ab4a70858e__delay_0.06__dur_0.0.h5
47,0.09,0.0,ab4a70858e,0.12947949767112732,-8.059701492537314,-11.650943396226417,112.48408527317332,17.91,29,33,5,1.5707963267948966,3,5.0,5,0.06,/mnt/ceph-hdd/workspaces/ws/cidbn_wibral_neuro_nonhuman/u19361-allen-hdd/results/zebra/meso/sub-832700_ses-multiplane-ophys-832700-2026-01-24-12-06-12_ophys/events/VISp_1/trial_0/phase_0/lib_ab4a70858e/lib_ab4a70858e__delay_0.09__dur_0.0.h5
470,0.09,0.0,ab4a70858e,0.12099392712116241,-20.59701492537313,-13.443396226415096,67.51591472682667,14.32,22,34,3,0.9424777960769379,2,4.0,9,0.1,/mnt/ceph-hdd/workspaces/ws/cidbn_wibral_neuro_nonhuman/u19361-allen-hdd/results/zebra/meso/sub-832700_ses-multiplane-ophys-832700-2026-01-24-12-06-12_ophys/events/VISp_1/trial_0/phase_0/lib_ab4a70858e/lib_ab4a70858e__delay_0.09__dur_0.0.h5
471,0.0,0.2,ab4a70858e,0.11910121142864227,0.8955223880597032,-20.61320754716981,22.515923572829195,17.91,34,38,1,0.3141592653589793,3,5.0,9,0.1,/mnt/ceph-hdd/workspaces/ws/cidbn_wibral_neuro_nonhuman/u19361-allen-hdd/results/zebra/meso/sub-832700_ses-multiplane-ophys-832700-2026-01-24-12-06-12_ophys/events/VISp_1/trial_0/phase_0/lib_ab4a70858e/lib_ab4a70858e__delay_0.0__dur_0.2.h5
472,0.0,0.2,ab4a70858e,0.13043230772018433,-17.014925373134325,-9.858490566037737,134.9774869247291,17.91,24,32,6,1.8849555921538759,3,5.0,9,0.1,/mnt/ceph-hdd/workspaces/ws/cidbn_wibral_neuro_nonhuman/u19361-allen-hdd/results/zebra/meso/sub-832700_ses-multiplane-ophys-832700-2026-01-24-12-06-12_ophys/events/VISp_1/trial_0/phase_0/lib_ab4a70858e/lib_ab4a70858e__delay_0.0__dur_0.2.h5
473,0.12,0.0,ab4a70858e,0.174745112657547,-9.850746268656714,-13.443396226415096,67.51591472682667,7.16,28,34,3,0.9424777960769379,0,2.0,12,1.3,/mnt/ceph-hdd/workspaces/ws/cidbn_wibral_neuro_nonhuman/u19361-allen-hdd/results/zebra/meso/sub-832700_ses-multiplane-ophys-832700-2026-01-24-12-06-12_ophys/events/VISp_1/trial_0/phase_0/lib_ab4a70858e/lib_ab4a70858e__delay_0.12__dur_0.0.h5
474,0.06,0.2,ab4a70858e,0.1392108052968979,-34.92537313432835,4.481132075471699,45.02251307527088,10.74,14,24,2,0.6283185307179586,1,3.0,12,1.3,/mnt/ceph-hdd/workspaces/ws/cidbn_wibral_neuro_nonhuman/u19361-allen-hdd/results/zebra/meso/sub-832700_ses-multiplane-ophys-832700-2026-01-24-12-06-12_ophys/events/VISp_1/trial_0/phase_0/lib_ab4a70858e/lib_ab4a70858e__delay_0.06__dur_0.2.h5
475,0.06,0.0,ab4a70858e,0.16459448635578156,-9.850746268656714,-9.858490566037737,157.4840764271708,14.32,28,32,7,2.199114857512855,2,4.0,6,0.07,/mnt/ceph-hdd/workspaces/ws/cidbn_wibral_neuro_nonhuman/u19361-allen-hdd/results/zebra/meso/sub-832700_ses-multiplane-ophys-832700-2026-01-24-12-06-12_ophys/events/VISp_1/trial_0/phase_0/lib_ab4a70858e/lib_ab4a70858e__delay_0.06__dur_0.0.h5
476,0.03,0.2,ab4a70858e,0.11593935638666153,-6.268656716417908,-15.235849056603776,157.4840764271708,14.32,30,35,7,2.199114857512855,2,4.0,9,0.1,/mnt/ceph-hdd/workspaces/ws/cidbn_wibral_neuro_nonhuman/u19361-allen-hdd/results/zebra/meso/sub-832700_ses-multiplane-ophys-832700-2026-01-24-12-06-12_ophys/events/VISp_1/trial_0/phase_0/lib_ab4a70858e/lib_ab4a70858e__delay_0.03__dur_0.2.h5
477,0.03,0.2,ab4a70858e,0.20302996039390564,-2.6865671641791025,-18.82075471698113,67.51591472682667,17.91,32,37,3,0.9424777960769379,3,5.0,5,0.06,/mnt/ceph-hdd/workspaces/ws/cidbn_wibral_neuro_nonhuman/u19361-allen-hdd/results/zebra/meso/sub-832700_ses-multiplane-ophys-832700-2026-01-24-12-06-12_ophys/events/VISp_1/trial_0/phase_0/lib_ab4a70858e/lib_ab4a70858e__delay_0.03__dur_0.2.h5
478,0.0,0.2,ab4a70858e,0.16078467667102814,-13.43283582089552,-6.273584905660378,0.0,17.91,26,30,0,0.0,3,5.0,5,0.06,/mnt/ceph-hdd/workspaces/ws/cidbn_wibral_neuro_nonhuman/u19361-allen-hdd/results/zebra/meso/sub-832700_ses-multiplane-ophys-832700-2026-01-24-12-06-12_ophys/events/VISp_1/trial_0/phase_0/lib_ab4a70858e/lib_ab4a70858e__delay_0.0__dur_0.2.h5
479,0.06,0.0,ab4a70858e,0.13919980823993683,-11.64179104477612,-11.650943396226417,180.0,10.74,27,33,8,2.5132741228718345,1,3.0,12,1.3,/mnt/ceph-hdd/workspaces/ws/cidbn_wibral_neuro_nonhuman/u19361-allen-hdd/results/zebra/meso/sub-832700_ses-multiplane-ophys-832700-2026-01-24-12-06-12_ophys/events/VISp_1/trial_0/phase_0/lib_ab4a70858e/lib_ab4a70858e__delay_0.06__dur_0.0.h5
48,0.15,0.2,ab4a70858e,0.0960543230175972,51.04477611940298,8.066037735849058,22.515923572829195,14.32,62,22,1,0.3141592653589793,2,4.0,4,0.05,/mnt/ceph-hdd/workspaces/ws/cidbn_wibral_neuro_nonhuman/u19361-allen-hdd/results/zebra/meso/sub-832700_ses-multiplane-ophys-832700-2026-01-24-12-06-12_ophys/events/VISp_1/trial_0/phase_0/lib_ab4a70858e/lib_ab4a70858e__delay_0.15__dur_0.2.h5
480,0.0,0.2,ab4a70858e,0.16290155053138733,-13.43283582089552,-4.481132075471699,0.0,14.32,26,29,0,0.0,2,4.0,6,0.07,/mnt/ceph-hdd/workspaces/ws/cidbn_wibral_neuro_nonhuman/u19361-allen-hdd/results/zebra/meso/sub-832700_ses-multiplane-ophys-832700-2026-01-24-12-06-12_ophys/events/VISp_1/trial_0/phase_0/lib_ab4a70858e/lib_ab4a70858e__delay_0.0__dur_0.2.h5
481,0.09,0.0,ab4a70858e,0.2906591594219208,-15.223880597014926,-8.066037735849058,0.0,14.32,25,31,0,0.0,2,4.0,2,0.03,/mnt/ceph-hdd/workspaces/ws/cidbn_wibral_neuro_nonhuman/u19361-allen-hdd/results/zebra/meso/sub-832700_ses-multiplane-ophys-832700-2026-01-24-12-06-12_ophys/events/VISp_1/trial_0/phase_0/lib_ab4a70858e/lib_ab4a70858e__delay_0.09__dur_0.0.h5
482,0.09,0.0,ab4a70858e,0.12521448731422424,-4.477611940298509,-15.235849056603776,45.02251307527088,14.32,31,35,2,0.6283185307179586,2,4.0,5,0.06,/mnt/ceph-hdd/workspaces/ws/cidbn_wibral_neuro_nonhuman/u19361-allen-hdd/results/zebra/meso/sub-832700_ses-multiplane-ophys-832700-2026-01-24-12-06-12_ophys/events/VISp_1/trial_0/phase_0/lib_ab4a70858e/lib_ab4a70858e__delay_0.09__dur_0.0.h5
483,0.09,0.0,ab4a70858e,0.14748859405517578,-9.850746268656714,-9.858490566037737,67.51591472682667,10.74,28,32,3,0.9424777960769379,1,3.0,9,0.1,/mnt/ceph-hdd/workspaces/ws/cidbn_wibral_neuro_nonhuman/u19361-allen-hdd/results/zebra/meso/sub-832700_ses-multiplane-ophys-832700-2026-01-24-12-06-12_ophys/events/VISp_1/trial_0/phase_0/lib_ab4a70858e/lib_ab4a70858e__delay_0.09__dur_0.0.h5
484,0.12,0.0,ab4a70858e,0.13631220161914825,-15.223880597014926,-9.858490566037737,90.0,17.91,25,32,4,1.2566370614359172,3,5.0,4,0.05,/mnt/ceph-hdd/workspaces/ws/cidbn_wibral_neuro_nonhuman/u19361-allen-hdd/results/zebra/meso/sub-832700_ses-multiplane-ophys-832700-2026-01-24-12-06-12_ophys/events/VISp_1/trial_0/phase_0/lib_ab4a70858e/lib_ab4a70858e__delay_0.12__dur_0.0.h5
485,0.0,0.0,ab4a70858e,0.09394014626741409,-43.88059701492537,-0.8962264150943398,134.9774869247291,28.65,9,27,6,1.8849555921538759,5,8.0,9,0.1,/mnt/ceph-hdd/workspaces/ws/cidbn_wibral_neuro_nonhuman/u19361-allen-hdd/results/zebra/meso/sub-832700_ses-multiplane-ophys-832700-2026-01-24-12-06-12_ophys/events/VISp_1/trial_0/phase_0/lib_ab4a70858e/lib_ab4a70858e__delay_0.0__dur_0.0.h5
486,0.09,0.0,ab4a70858e,0.20447993278503418,-9.850746268656714,-17.028301886792452,22.515923572829195,14.32,28,36,1,0.3141592653589793,2,4.0,9,0.1,/mnt/ceph-hdd/workspaces/ws/cidbn_wibral_neuro_nonhuman/u19361-allen-hdd/results/zebra/meso/sub-832700_ses-multiplane-ophys-832700-2026-01-24-12-06-12_ophys/events/VISp_1/trial_0/phase_0/lib_ab4a70858e/lib_ab4a70858e__delay_0.09__dur_0.0.h5
487,0.09,0.2,ab4a70858e,0.11028099805116653,-6.268656716417908,4.481132075471699,0.0,17.91,30,24,0,0.0,3,5.0,11,1.2,/mnt/ceph-hdd/workspaces/ws/cidbn_wibral_neuro_nonhuman/u19361-allen-hdd/results/zebra/meso/sub-832700_ses-multiplane-ophys-832700-2026-01-24-12-06-12_ophys/events/VISp_1/trial_0/phase_0/lib_ab4a70858e/lib_ab4a70858e__delay_0.09__dur_0.2.h5
488,0.0,0.2,ab4a70858e,0.11725491285324097,-8.059701492537314,-9.858490566037737,0.0,14.32,29,32,0,0.0,2,4.0,6,0.07,/mnt/ceph-hdd/workspaces/ws/cidbn_wibral_neuro_nonhuman/u19361-allen-hdd/results/zebra/meso/sub-832700_ses-multiplane-ophys-832700-2026-01-24-12-06-12_ophys/events/VISp_1/trial_0/phase_0/lib_ab4a70858e/lib_ab4a70858e__delay_0.0__dur_0.2.h5
489,0.12,0.0,ab4a70858e,0.19780297577381134,-13.43283582089552,-9.858490566037737,67.51591472682667,14.32,26,32,3,0.9424777960769379,2,4.0,9,0.1,/mnt/ceph-hdd/workspaces/ws/cidbn_wibral_neuro_nonhuman/u19361-allen-hdd/results/zebra/meso/sub-832700_ses-multiplane-ophys-832700-2026-01-24-12-06-12_ophys/events/VISp_1/trial_0/phase_0/lib_ab4a70858e/lib_ab4a70858e__delay_0.12__dur_0.0.h5
49,0.09,0.0,ab4a70858e,0.26444026827812195,2.6865671641791096,-13.443396226415096,0.0,10.74,35,34,0,0.0,1,3.0,11,1.2,/mnt/ceph-hdd/workspaces/ws/cidbn_wibral_neuro_nonhuman/u19361-allen-hdd/results/zebra/meso/sub-832700_ses-multiplane-ophys-832700-2026-01-24-12-06-12_ophys/events/VISp_1/trial_0/phase_0/lib_ab4a70858e/lib_ab4a70858e__delay_0.09__dur_0.0.h5
490,0.0,0.2,ab4a70858e,0.16774488985538483,-8.059701492537314,-15.235849056603776,67.51591472682667,14.32,29,35,3,0.9424777960769379,2,4.0,3,0.04,/mnt/ceph-hdd/workspaces/ws/cidbn_wibral_neuro_nonhuman/u19361-allen-hdd/results/zebra/meso/sub-832700_ses-multiplane-ophys-832700-2026-01-24-12-06-12_ophys/events/VISp_1/trial_0/phase_0/lib_ab4a70858e/lib_ab4a70858e__delay_0.0__dur_0.2.h5
491,0.03,0.2,ab4a70858e,0.13485898077487946,-8.059701492537314,-9.858490566037737,180.0,7.16,29,32,8,2.5132741228718345,0,2.0,9,0.1,/mnt/ceph-hdd/workspaces/ws/cidbn_wibral_neuro_nonhuman/u19361-allen-hdd/results/zebra/meso/sub-832700_ses-multiplane-ophys-832700-2026-01-24-12-06-12_ophys/events/VISp_1/trial_0/phase_0/lib_ab4a70858e/lib_ab4a70858e__delay_0.03__dur_0.2.h5
492,0.06,0.2,ab4a70858e,0.17002101242542267,-15.223880597014926,-2.6886792452830193,45.02251307527088,14.32,25,28,2,0.6283185307179586,2,4.0,12,1.3,/mnt/ceph-hdd/workspaces/ws/cidbn_wibral_neuro_nonhuman/u19361-allen-hdd/results/zebra/meso/sub-832700_ses-multiplane-ophys-832700-2026-01-24-12-06-12_ophys/events/VISp_1/trial_0/phase_0/lib_ab4a70858e/lib_ab4a70858e__delay_0.06__dur_0.2.h5
493,0.15,0.0,ab4a70858e,0.11163187026977539,-9.850746268656714,-18.82075471698113,67.51591472682667,7.16,28,37,3,0.9424777960769379,0,2.0,12,1.3,/mnt/ceph-hdd/workspaces/ws/cidbn_wibral_neuro_nonhuman/u19361-allen-hdd/results/zebra/meso/sub-832700_ses-multiplane-ophys-832700-2026-01-24-12-06-12_ophys/events/VISp_1/trial_0/phase_0/lib_ab4a70858e/lib_ab4a70858e__delay_0.15__dur_0.0.h5
494,0.0,0.2,ab4a70858e,0.15133774280548096,-11.64179104477612,-15.235849056603776,157.4840764271708,17.91,27,35,7,2.199114857512855,3,5.0,9,0.1,/mnt/ceph-hdd/workspaces/ws/cidbn_wibral_neuro_nonhuman/u19361-allen-hdd/results/zebra/meso/sub-832700_ses-multiplane-ophys-832700-2026-01-24-12-06-12_ophys/events/VISp_1/trial_0/phase_0/lib_ab4a70858e/lib_ab4a70858e__delay_0.0__dur_0.2.h5
495,0.06,0.0,ab4a70858e,0.14311137795448303,-18.80597014925373,22.405660377358487,157.4840764271708,10.74,23,14,7,2.199114857512855,1,3.0,12,1.3,/mnt/ceph-hdd/workspaces/ws/cidbn_wibral_neuro_nonhuman/u19361-allen-hdd/results/zebra/meso/sub-832700_ses-multiplane-ophys-832700-2026-01-24-12-06-12_ophys/events/VISp_1/trial_0/phase_0/lib_ab4a70858e/lib_ab4a70858e__delay_0.06__dur_0.0.h5
496,0.06,0.0,ab4a70858e,0.1608806699514389,-4.477611940298509,-9.858490566037737,22.515923572829195,17.91,31,32,1,0.3141592653589793,3,5.0,9,0.1,/mnt/ceph-hdd/workspaces/ws/cidbn_wibral_neuro_nonhuman/u19361-allen-hdd/results/zebra/meso/sub-832700_ses-multiplane-ophys-832700-2026-01-24-12-06-12_ophys/events/VISp_1/trial_0/phase_0/lib_ab4a70858e/lib_ab4a70858e__delay_0.06__dur_0.0.h5
497,0.06,0.2,ab4a70858e,0.12340047955513,6.268656716417908,22.405660377358487,157.4840764271708,21.49,37,14,7,2.199114857512855,4,6.0,10,1.1,/mnt/ceph-hdd/workspaces/ws/cidbn_wibral_neuro_nonhuman/u19361-allen-hdd/results/zebra/meso/sub-832700_ses-multiplane-ophys-832700-2026-01-24-12-06-12_ophys/events/VISp_1/trial_0/phase_0/lib_ab4a70858e/lib_ab4a70858e__delay_0.06__dur_0.2.h5
498,0.0,0.2,ab4a70858e,0.18516670167446136,-15.223880597014926,-9.858490566037737,157.4840764271708,21.49,25,32,7,2.199114857512855,4,6.0,3,0.04,/mnt/ceph-hdd/workspaces/ws/cidbn_wibral_neuro_nonhuman/u19361-allen-hdd/results/zebra/meso/sub-832700_ses-multiplane-ophys-832700-2026-01-24-12-06-12_ophys/events/VISp_1/trial_0/phase_0/lib_ab4a70858e/lib_ab4a70858e__delay_0.0__dur_0.2.h5
499,0.12,0.0,ab4a70858e,0.1191190555691719,-9.850746268656714,-9.858490566037737,67.51591472682667,28.65,28,32,3,0.9424777960769379,5,8.0,5,0.06,/mnt/ceph-hdd/workspaces/ws/cidbn_wibral_neuro_nonhuman/u19361-allen-hdd/results/zebra/meso/sub-832700_ses-multiplane-ophys-832700-2026-01-24-12-06-12_ophys/events/VISp_1/trial_0/phase_0/lib_ab4a70858e/lib_ab4a70858e__delay_0.12__dur_0.0.h5
5,0.09,0.2,ab4a70858e,0.1444322168827057,-34.92537313432835,11.650943396226417,67.51591472682667,14.32,14,20,3,0.9424777960769379,2,4.0,12,1.3,/mnt/ceph-hdd/workspaces/ws/cidbn_wibral_neuro_nonhuman/u19361-allen-hdd/results/zebra/meso/sub-832700_ses-multiplane-ophys-832700-2026-01-24-12-06-12_ophys/events/VISp_1/trial_0/phase_0/lib_ab4a70858e/lib_ab4a70858e__delay_0.09__dur_0.2.h5
50,0.06,0.2,ab4a70858e,0.16646172106266022,4.477611940298516,-8.066037735849058,112.48408527317332,10.74,36,31,5,1.5707963267948966,1,3.0,9,0.1,/mnt/ceph-hdd/workspaces/ws/cidbn_wibral_neuro_nonhuman/u19361-allen-hdd/results/zebra/meso/sub-832700_ses-multiplane-ophys-832700-2026-01-24-12-06-12_ophys/events/VISp_1/trial_0/phase_0/lib_ab4a70858e/lib_ab4a70858e__delay_0.06__dur_0.2.h5
500,0.09,0.2,ab4a70858e,0.1259719580411911,-2.6865671641791025,34.95283018867924,134.9774869247291,10.74,32,7,6,1.8849555921538759,1,3.0,12,1.3,/mnt/ceph-hdd/workspaces/ws/cidbn_wibral_neuro_nonhuman/u19361-allen-hdd/results/zebra/meso/sub-832700_ses-multiplane-ophys-832700-2026-01-24-12-06-12_ophys/events/VISp_1/trial_0/phase_0/lib_ab4a70858e/lib_ab4a70858e__delay_0.09__dur_0.2.h5
501,0.09,0.2,ab4a70858e,0.13054710626602173,8.059701492537314,-11.650943396226417,90.0,10.74,38,33,4,1.2566370614359172,1,3.0,12,1.3,/mnt/ceph-hdd/workspaces/ws/cidbn_wibral_neuro_nonhuman/u19361-allen-hdd/results/zebra/meso/sub-832700_ses-multiplane-ophys-832700-2026-01-24-12-06-12_ophys/events/VISp_1/trial_0/phase_0/lib_ab4a70858e/lib_ab4a70858e__delay_0.09__dur_0.2.h5
502,0.15,0.0,ab4a70858e,0.16480770707130432,-8.059701492537314,-15.235849056603776,90.0,17.91,29,35,4,1.2566370614359172,3,5.0,6,0.07,/mnt/ceph-hdd/workspaces/ws/cidbn_wibral_neuro_nonhuman/u19361-allen-hdd/results/zebra/meso/sub-832700_ses-multiplane-ophys-832700-2026-01-24-12-06-12_ophys/events/VISp_1/trial_0/phase_0/lib_ab4a70858e/lib_ab4a70858e__delay_0.15__dur_0.0.h5
503,0.09,0.2,ab4a70858e,0.12915176153182983,-24.179104477611936,13.443396226415096,45.02251307527088,10.74,20,19,2,0.6283185307179586,1,3.0,12,1.3,/mnt/ceph-hdd/workspaces/ws/cidbn_wibral_neuro_nonhuman/u19361-allen-hdd/results/zebra/meso/sub-832700_ses-multiplane-ophys-832700-2026-01-24-12-06-12_ophys/events/VISp_1/trial_0/phase_0/lib_ab4a70858e/lib_ab4a70858e__delay_0.09__dur_0.2.h5
504,0.06,0.2,ab4a70858e,0.11925572901964188,-17.014925373134325,-13.443396226415096,180.0,7.16,24,34,8,2.5132741228718345,0,2.0,12,1.3,/mnt/ceph-hdd/workspaces/ws/cidbn_wibral_neuro_nonhuman/u19361-allen-hdd/results/zebra/meso/sub-832700_ses-multiplane-ophys-832700-2026-01-24-12-06-12_ophys/events/VISp_1/trial_0/phase_0/lib_ab4a70858e/lib_ab4a70858e__delay_0.06__dur_0.2.h5
505,0.03,0.2,ab4a70858e,0.13412481546401978,-8.059701492537314,-9.858490566037737,134.9774869247291,17.91,29,32,6,1.8849555921538759,3,5.0,7,0.08,/mnt/ceph-hdd/workspaces/ws/cidbn_wibral_neuro_nonhuman/u19361-allen-hdd/results/zebra/meso/sub-832700_ses-multiplane-ophys-832700-2026-01-24-12-06-12_ophys/events/VISp_1/trial_0/phase_0/lib_ab4a70858e/lib_ab4a70858e__delay_0.03__dur_0.2.h5
506,0.0,0.2,ab4a70858e,0.14012570679187775,-9.850746268656714,-9.858490566037737,22.515923572829195,17.91,28,32,1,0.3141592653589793,3,5.0,9,0.1,/mnt/ceph-hdd/workspaces/ws/cidbn_wibral_neuro_nonhuman/u19361-allen-hdd/results/zebra/meso/sub-832700_ses-multiplane-ophys-832700-2026-01-24-12-06-12_ophys/events/VISp_1/trial_0/phase_0/lib_ab4a70858e/lib_ab4a70858e__delay_0.0__dur_0.2.h5
507,0.09,0.2,ab4a70858e,0.20890358090400696,-31.34328358208955,-9.858490566037737,157.4840764271708,10.74,16,32,7,2.199114857512855,1,3.0,12,1.3,/mnt/ceph-hdd/workspaces/ws/cidbn_wibral_neuro_nonhuman/u19361-allen-hdd/results/zebra/meso/sub-832700_ses-multiplane-ophys-832700-2026-01-24-12-06-12_ophys/events/VISp_1/trial_0/phase_0/lib_ab4a70858e/lib_ab4a70858e__delay_0.09__dur_0.2.h5
508,0.0,0.2,ab4a70858e,0.16948166489601135,-17.014925373134325,-6.273584905660378,67.51591472682667,7.16,24,30,3,0.9424777960769379,0,2.0,12,1.3,/mnt/ceph-hdd/workspaces/ws/cidbn_wibral_neuro_nonhuman/u19361-allen-hdd/results/zebra/meso/sub-832700_ses-multiplane-ophys-832700-2026-01-24-12-06-12_ophys/events/VISp_1/trial_0/phase_0/lib_ab4a70858e/lib_ab4a70858e__delay_0.0__dur_0.2.h5
509,0.03,0.2,ab4a70858e,0.18099625408649445,-18.80597014925373,-9.858490566037737,180.0,21.49,23,32,8,2.5132741228718345,4,6.0,6,0.07,/mnt/ceph-hdd/workspaces/ws/cidbn_wibral_neuro_nonhuman/u19361-allen-hdd/results/zebra/meso/sub-832700_ses-multiplane-ophys-832700-2026-01-24-12-06-12_ophys/events/VISp_1/trial_0/phase_0/lib_ab4a70858e/lib_ab4a70858e__delay_0.03__dur_0.2.h5
51,0.09,0.0,ab4a70858e,0.18867620825767517,4.477611940298516,-11.650943396226417,22.515923572829163,10.74,36,33,9,2.827433388230814,1,3.0,9,0.1,/mnt/ceph-hdd/workspaces/ws/cidbn_wibral_neuro_nonhuman/u19361-allen-hdd/results/zebra/meso/sub-832700_ses-multiplane-ophys-832700-2026-01-24-12-06-12_ophys/events/VISp_1/trial_0/phase_0/lib_ab4a70858e/lib_ab4a70858e__delay_0.09__dur_0.0.h5
510,0.15,0.0,ab4a70858e,0.13867470622062683,-13.43283582089552,-15.235849056603776,22.515923572829195,17.91,26,35,1,0.3141592653589793,3,5.0,9,0.1,/mnt/ceph-hdd/workspaces/ws/cidbn_wibral_neuro_nonhuman/u19361-allen-hdd/results/zebra/meso/sub-832700_ses-multiplane-ophys-832700-2026-01-24-12-06-12_ophys/events/VISp_1/trial_0/phase_0/lib_ab4a70858e/lib_ab4a70858e__delay_0.15__dur_0.0.h5
511,0.09,0.0,ab4a70858e,0.15366226434707642,-2.6865671641791025,-9.858490566037737,157.4840764271708,14.32,32,32,7,2.199114857512855,2,4.0,6,0.07,/mnt/ceph-hdd/workspaces/ws/cidbn_wibral_neuro_nonhuman/u19361-allen-hdd/results/zebra/meso/sub-832700_ses-multiplane-ophys-832700-2026-01-24-12-06-12_ophys/events/VISp_1/trial_0/phase_0/lib_ab4a70858e/lib_ab4a70858e__delay_0.09__dur_0.0.h5
512,0.09,0.2,ab4a70858e,0.16257543861865997,-9.850746268656714,-11.650943396226417,67.51591472682667,14.32,28,33,3,0.9424777960769379,2,4.0,12,1.3,/mnt/ceph-hdd/workspaces/ws/cidbn_wibral_neuro_nonhuman/u19361-allen-hdd/results/zebra/meso/sub-832700_ses-multiplane-ophys-832700-2026-01-24-12-06-12_ophys/events/VISp_1/trial_0/phase_0/lib_ab4a70858e/lib_ab4a70858e__delay_0.09__dur_0.2.h5
513,0.0,0.2,ab4a70858e,0.12174754589796066,-31.34328358208955,-34.95283018867924,22.515923572829195,7.16,16,46,1,0.3141592653589793,0,2.0,12,1.3,/mnt/ceph-hdd/workspaces/ws/cidbn_wibral_neuro_nonhuman/u19361-allen-hdd/results/zebra/meso/sub-832700_ses-multiplane-ophys-832700-2026-01-24-12-06-12_ophys/events/VISp_1/trial_0/phase_0/lib_ab4a70858e/lib_ab4a70858e__delay_0.0__dur_0.2.h5
52,0.03,0.2,ab4a70858e,0.11221925914287567,0.8955223880597032,-13.443396226415096,112.48408527317332,28.65,34,34,5,1.5707963267948966,5,8.0,9,0.1,/mnt/ceph-hdd/workspaces/ws/cidbn_wibral_neuro_nonhuman/u19361-allen-hdd/results/zebra/meso/sub-832700_ses-multiplane-ophys-832700-2026-01-24-12-06-12_ophys/events/VISp_1/trial_0/phase_0/lib_ab4a70858e/lib_ab4a70858e__delay_0.03__dur_0.2.h5
53,0.15,0.0,ab4a70858e,0.1705644577741623,-2.6865671641791025,-9.858490566037737,180.0,14.32,32,32,8,2.5132741228718345,2,4.0,4,0.05,/mnt/ceph-hdd/workspaces/ws/cidbn_wibral_neuro_nonhuman/u19361-allen-hdd/results/zebra/meso/sub-832700_ses-multiplane-ophys-832700-2026-01-24-12-06-12_ophys/events/VISp_1/trial_0/phase_0/lib_ab4a70858e/lib_ab4a70858e__delay_0.15__dur_0.0.h5
54,0.09,0.2,ab4a70858e,0.10356485843658447,56.4179104477612,-20.61320754716981,22.515923572829195,7.16,65,38,1,0.3141592653589793,0,2.0,11,1.2,/mnt/ceph-hdd/workspaces/ws/cidbn_wibral_neuro_nonhuman/u19361-allen-hdd/results/zebra/meso/sub-832700_ses-multiplane-ophys-832700-2026-01-24-12-06-12_ophys/events/VISp_1/trial_0/phase_0/lib_ab4a70858e/lib_ab4a70858e__delay_0.09__dur_0.2.h5
55,0.12,0.0,ab4a70858e,0.26528361439704895,4.477611940298516,-11.650943396226417,45.02251307527088,17.91,36,33,2,0.6283185307179586,3,5.0,8,0.09,/mnt/ceph-hdd/workspaces/ws/cidbn_wibral_neuro_nonhuman/u19361-allen-hdd/results/zebra/meso/sub-832700_ses-multiplane-ophys-832700-2026-01-24-12-06-12_ophys/events/VISp_1/trial_0/phase_0/lib_ab4a70858e/lib_ab4a70858e__delay_0.12__dur_0.0.h5
56,0.09,0.0,ab4a70858e,0.3223457336425781,6.268656716417908,-13.443396226415096,67.51591472682667,17.91,37,34,3,0.9424777960769379,3,5.0,9,0.1,/mnt/ceph-hdd/workspaces/ws/cidbn_wibral_neuro_nonhuman/u19361-allen-hdd/results/zebra/meso/sub-832700_ses-multiplane-ophys-832700-2026-01-24-12-06-12_ophys/events/VISp_1/trial_0/phase_0/lib_ab4a70858e/lib_ab4a70858e__delay_0.09__dur_0.0.h5
57,0.03,0.2,ab4a70858e,0.22603125870227814,-0.8955223880596961,-8.066037735849058,45.02251307527088,14.32,33,31,2,0.6283185307179586,2,4.0,9,0.1,/mnt/ceph-hdd/workspaces/ws/cidbn_wibral_neuro_nonhuman/u19361-allen-hdd/results/zebra/meso/sub-832700_ses-multiplane-ophys-832700-2026-01-24-12-06-12_ophys/events/VISp_1/trial_0/phase_0/lib_ab4a70858e/lib_ab4a70858e__delay_0.03__dur_0.2.h5
58,0.0,0.2,ab4a70858e,0.1644810289144516,0.8955223880597032,0.8962264150943398,0.0,14.32,34,26,0,0.0,2,4.0,6,0.07,/mnt/ceph-hdd/workspaces/ws/cidbn_wibral_neuro_nonhuman/u19361-allen-hdd/results/zebra/meso/sub-832700_ses-multiplane-ophys-832700-2026-01-24-12-06-12_ophys/events/VISp_1/trial_0/phase_0/lib_ab4a70858e/lib_ab4a70858e__delay_0.0__dur_0.2.h5
59,0.03,0.2,ab4a70858e,0.16979289054870605,0.8955223880597032,-8.066037735849058,45.02251307527088,7.16,34,31,2,0.6283185307179586,0,2.0,12,1.3,/mnt/ceph-hdd/workspaces/ws/cidbn_wibral_neuro_nonhuman/u19361-allen-hdd/results/zebra/meso/sub-832700_ses-multiplane-ophys-832700-2026-01-24-12-06-12_ophys/events/VISp_1/trial_0/phase_0/lib_ab4a70858e/lib_ab4a70858e__delay_0.03__dur_0.2.h5
6,0.09,0.0,ab4a70858e,0.1482367217540741,-17.014925373134325,-6.273584905660378,0.0,14.32,24,30,0,0.0,2,4.0,7,0.08,/mnt/ceph-hdd/workspaces/ws/cidbn_wibral_neuro_nonhuman/u19361-allen-hdd/results/zebra/meso/sub-832700_ses-multiplane-ophys-832700-2026-01-24-12-06-12_ophys/events/VISp_1/trial_0/phase_0/lib_ab4a70858e/lib_ab4a70858e__delay_0.09__dur_0.0.h5
60,0.09,0.0,ab4a70858e,0.1400141716003418,0.8955223880597032,-9.858490566037737,157.4840764271708,7.16,34,32,7,2.199114857512855,0,2.0,12,1.3,/mnt/ceph-hdd/workspaces/ws/cidbn_wibral_neuro_nonhuman/u19361-allen-hdd/results/zebra/meso/sub-832700_ses-multiplane-ophys-832700-2026-01-24-12-06-12_ophys/events/VISp_1/trial_0/phase_0/lib_ab4a70858e/lib_ab4a70858e__delay_0.09__dur_0.0.h5
61,0.06,0.0,ab4a70858e,0.10816200077533722,34.92537313432837,13.443396226415096,180.0,7.16,53,19,8,2.5132741228718345,0,2.0,10,1.1,/mnt/ceph-hdd/workspaces/ws/cidbn_wibral_neuro_nonhuman/u19361-allen-hdd/results/zebra/meso/sub-832700_ses-multiplane-ophys-832700-2026-01-24-12-06-12_ophys/events/VISp_1/trial_0/phase_0/lib_ab4a70858e/lib_ab4a70858e__delay_0.06__dur_0.0.h5
62,0.09,0.0,ab4a70858e,0.2880435585975647,-0.8955223880596961,-9.858490566037737,0.0,17.91,33,32,0,0.0,3,5.0,4,0.05,/mnt/ceph-hdd/workspaces/ws/cidbn_wibral_neuro_nonhuman/u19361-allen-hdd/results/zebra/meso/sub-832700_ses-multiplane-ophys-832700-2026-01-24-12-06-12_ophys/events/VISp_1/trial_0/phase_0/lib_ab4a70858e/lib_ab4a70858e__delay_0.09__dur_0.0.h5
63,0.06,0.2,ab4a70858e,0.195569708943367,8.059701492537314,-9.858490566037737,180.0,10.74,38,32,8,2.5132741228718345,1,3.0,9,0.1,/mnt/ceph-hdd/workspaces/ws/cidbn_wibral_neuro_nonhuman/u19361-allen-hdd/results/zebra/meso/sub-832700_ses-multiplane-ophys-832700-2026-01-24-12-06-12_ophys/events/VISp_1/trial_0/phase_0/lib_ab4a70858e/lib_ab4a70858e__delay_0.06__dur_0.2.h5
64,0.12,0.0,ab4a70858e,0.17867112159729004,17.014925373134332,-9.858490566037737,90.0,14.32,43,32,4,1.2566370614359172,2,4.0,9,0.1,/mnt/ceph-hdd/workspaces/ws/cidbn_wibral_neuro_nonhuman/u19361-allen-hdd/results/zebra/meso/sub-832700_ses-multiplane-ophys-832700-2026-01-24-12-06-12_ophys/events/VISp_1/trial_0/phase_0/lib_ab4a70858e/lib_ab4a70858e__delay_0.12__dur_0.0.h5
65,0.06,0.0,ab4a70858e,0.09037017822265625,34.92537313432837,25.990566037735846,134.9774869247291,7.16,53,12,6,1.8849555921538759,0,2.0,11,1.2,/mnt/ceph-hdd/workspaces/ws/cidbn_wibral_neuro_nonhuman/u19361-allen-hdd/results/zebra/meso/sub-832700_ses-multiplane-ophys-832700-2026-01-24-12-06-12_ophys/events/VISp_1/trial_0/phase_0/lib_ab4a70858e/lib_ab4a70858e__delay_0.06__dur_0.0.h5
66,0.06,0.0,ab4a70858e,0.19646425545215607,2.6865671641791096,-9.858490566037737,22.515923572829195,10.74,35,32,1,0.3141592653589793,1,3.0,5,0.06,/mnt/ceph-hdd/workspaces/ws/cidbn_wibral_neuro_nonhuman/u19361-allen-hdd/results/zebra/meso/sub-832700_ses-multiplane-ophys-832700-2026-01-24-12-06-12_ophys/events/VISp_1/trial_0/phase_0/lib_ab4a70858e/lib_ab4a70858e__delay_0.06__dur_0.0.h5
67,0.06,0.2,ab4a70858e,0.30086246132850647,2.6865671641791096,-8.066037735849058,0.0,14.32,35,31,0,0.0,2,4.0,3,0.04,/mnt/ceph-hdd/workspaces/ws/cidbn_wibral_neuro_nonhuman/u19361-allen-hdd/results/zebra/meso/sub-832700_ses-multiplane-ophys-832700-2026-01-24-12-06-12_ophys/events/VISp_1/trial_0/phase_0/lib_ab4a70858e/lib_ab4a70858e__delay_0.06__dur_0.2.h5
68,0.0,0.2,ab4a70858e,0.16439029574394226,0.8955223880597032,-9.858490566037737,112.48408527317332,10.74,34,32,5,1.5707963267948966,1,3.0,9,0.1,/mnt/ceph-hdd/workspaces/ws/cidbn_wibral_neuro_nonhuman/u19361-allen-hdd/results/zebra/meso/sub-832700_ses-multiplane-ophys-832700-2026-01-24-12-06-12_ophys/events/VISp_1/trial_0/phase_0/lib_ab4a70858e/lib_ab4a70858e__delay_0.0__dur_0.2.h5
69,0.12,0.2,ab4a70858e,0.13387463986873627,-31.34328358208955,33.160377358490564,45.02251307527088,21.49,16,8,2,0.6283185307179586,4,6.0,12,1.3,/mnt/ceph-hdd/workspaces/ws/cidbn_wibral_neuro_nonhuman/u19361-allen-hdd/results/zebra/meso/sub-832700_ses-multiplane-ophys-832700-2026-01-24-12-06-12_ophys/events/VISp_1/trial_0/phase_0/lib_ab4a70858e/lib_ab4a70858e__delay_0.12__dur_0.2.h5
7,0.0,0.0,ab4a70858e,0.11081749200820923,8.059701492537314,-25.99056603773585,0.0,14.32,38,41,0,0.0,2,4.0,12,1.3,/mnt/ceph-hdd/workspaces/ws/cidbn_wibral_neuro_nonhuman/u19361-allen-hdd/results/zebra/meso/sub-832700_ses-multiplane-ophys-832700-2026-01-24-12-06-12_ophys/events/VISp_1/trial_0/phase_0/lib_ab4a70858e/lib_ab4a70858e__delay_0.0__dur_0.0.h5
70,0.12,0.0,ab4a70858e,0.20982196927070618,2.6865671641791096,-11.650943396226417,0.0,14.32,35,33,0,0.0,2,4.0,4,0.05,/mnt/ceph-hdd/workspaces/ws/cidbn_wibral_neuro_nonhuman/u19361-allen-hdd/results/zebra/meso/sub-832700_ses-multiplane-ophys-832700-2026-01-24-12-06-12_ophys/events/VISp_1/trial_0/phase_0/lib_ab4a70858e/lib_ab4a70858e__delay_0.12__dur_0.0.h5
71,0.06,0.2,ab4a70858e,0.19100339710712433,2.6865671641791096,-6.273584905660378,22.515923572829163,17.91,35,30,9,2.827433388230814,3,5.0,9,0.1,/mnt/ceph-hdd/workspaces/ws/cidbn_wibral_neuro_nonhuman/u19361-allen-hdd/results/zebra/meso/sub-832700_ses-multiplane-ophys-832700-2026-01-24-12-06-12_ophys/events/VISp_1/trial_0/phase_0/lib_ab4a70858e/lib_ab4a70858e__delay_0.06__dur_0.2.h5
72,0.15,0.0,ab4a70858e,0.10539057850837708,4.477611940298516,-9.858490566037737,157.4840764271708,7.16,36,32,7,2.199114857512855,0,2.0,12,1.3,/mnt/ceph-hdd/workspaces/ws/cidbn_wibral_neuro_nonhuman/u19361-allen-hdd/results/zebra/meso/sub-832700_ses-multiplane-ophys-832700-2026-01-24-12-06-12_ophys/events/VISp_1/trial_0/phase_0/lib_ab4a70858e/lib_ab4a70858e__delay_0.15__dur_0.0.h5
73,0.09,0.0,ab4a70858e,0.17740972340106964,8.059701492537314,-11.650943396226417,112.48408527317332,14.32,38,33,5,1.5707963267948966,2,4.0,9,0.1,/mnt/ceph-hdd/workspaces/ws/cidbn_wibral_neuro_nonhuman/u19361-allen-hdd/results/zebra/meso/sub-832700_ses-multiplane-ophys-832700-2026-01-24-12-06-12_ophys/events/VISp_1/trial_0/phase_0/lib_ab4a70858e/lib_ab4a70858e__delay_0.09__dur_0.0.h5
74,0.09,0.0,ab4a70858e,0.20739294588565826,11.641791044776127,-8.066037735849058,157.4840764271708,21.49,40,31,7,2.199114857512855,4,6.0,9,0.1,/mnt/ceph-hdd/workspaces/ws/cidbn_wibral_neuro_nonhuman/u19361-allen-hdd/results/zebra/meso/sub-832700_ses-multiplane-ophys-832700-2026-01-24-12-06-12_ophys/events/VISp_1/trial_0/phase_0/lib_ab4a70858e/lib_ab4a70858e__delay_0.09__dur_0.0.h5
75,0.03,0.2,ab4a70858e,0.11099009215831757,-18.80597014925373,-38.5377358490566,134.9774869247291,17.91,23,48,6,1.8849555921538759,3,5.0,12,1.3,/mnt/ceph-hdd/workspaces/ws/cidbn_wibral_neuro_nonhuman/u19361-allen-hdd/results/zebra/meso/sub-832700_ses-multiplane-ophys-832700-2026-01-24-12-06-12_ophys/events/VISp_1/trial_0/phase_0/lib_ab4a70858e/lib_ab4a70858e__delay_0.03__dur_0.2.h5
76,0.12,0.0,ab4a70858e,0.16820991039276123,0.8955223880597032,-8.066037735849058,90.0,14.32,34,31,4,1.2566370614359172,2,4.0,9,0.1,/mnt/ceph-hdd/workspaces/ws/cidbn_wibral_neuro_nonhuman/u19361-allen-hdd/results/zebra/meso/sub-832700_ses-multiplane-ophys-832700-2026-01-24-12-06-12_ophys/events/VISp_1/trial_0/phase_0/lib_ab4a70858e/lib_ab4a70858e__delay_0.12__dur_0.0.h5
77,0.03,0.2,ab4a70858e,0.1567850559949875,0.8955223880597032,-11.650943396226417,180.0,10.74,34,33,8,2.5132741228718345,1,3.0,9,0.1,/mnt/ceph-hdd/workspaces/ws/cidbn_wibral_neuro_nonhuman/u19361-allen-hdd/results/zebra/meso/sub-832700_ses-multiplane-ophys-832700-2026-01-24-12-06-12_ophys/events/VISp_1/trial_0/phase_0/lib_ab4a70858e/lib_ab4a70858e__delay_0.03__dur_0.2.h5
78,0.03,0.2,ab4a70858e,0.14373356103897095,-4.477611940298509,0.8962264150943398,45.02251307527088,14.32,31,26,2,0.6283185307179586,2,4.0,8,0.09,/mnt/ceph-hdd/workspaces/ws/cidbn_wibral_neuro_nonhuman/u19361-allen-hdd/results/zebra/meso/sub-832700_ses-multiplane-ophys-832700-2026-01-24-12-06-12_ophys/events/VISp_1/trial_0/phase_0/lib_ab4a70858e/lib_ab4a70858e__delay_0.03__dur_0.2.h5
79,0.15,0.2,ab4a70858e,0.1503155678510666,-18.80597014925373,-9.858490566037737,180.0,17.91,23,32,8,2.5132741228718345,3,5.0,12,1.3,/mnt/ceph-hdd/workspaces/ws/cidbn_wibral_neuro_nonhuman/u19361-allen-hdd/results/zebra/meso/sub-832700_ses-multiplane-ophys-832700-2026-01-24-12-06-12_ophys/events/VISp_1/trial_0/phase_0/lib_ab4a70858e/lib_ab4a70858e__delay_0.15__dur_0.2.h5
8,0.03,0.0,ab4a70858e,0.1255388706922531,47.462686567164184,-29.57547169811321,157.4840764271708,10.74,60,43,7,2.199114857512855,1,3.0,12,1.3,/mnt/ceph-hdd/workspaces/ws/cidbn_wibral_neuro_nonhuman/u19361-allen-hdd/results/zebra/meso/sub-832700_ses-multiplane-ophys-832700-2026-01-24-12-06-12_ophys/events/VISp_1/trial_0/phase_0/lib_ab4a70858e/lib_ab4a70858e__delay_0.03__dur_0.0.h5
80,0.06,0.2,ab4a70858e,0.16410872340202332,4.477611940298516,-13.443396226415096,22.515923572829195,10.74,36,34,1,0.3141592653589793,1,3.0,7,0.08,/mnt/ceph-hdd/workspaces/ws/cidbn_wibral_neuro_nonhuman/u19361-allen-hdd/results/zebra/meso/sub-832700_ses-multiplane-ophys-832700-2026-01-24-12-06-12_ophys/events/VISp_1/trial_0/phase_0/lib_ab4a70858e/lib_ab4a70858e__delay_0.06__dur_0.2.h5
81,0.0,0.2,ab4a70858e,0.14206238090991974,-24.179104477611936,4.481132075471699,157.4840764271708,17.91,20,24,7,2.199114857512855,3,5.0,12,1.3,/mnt/ceph-hdd/workspaces/ws/cidbn_wibral_neuro_nonhuman/u19361-allen-hdd/results/zebra/meso/sub-832700_ses-multiplane-ophys-832700-2026-01-24-12-06-12_ophys/events/VISp_1/trial_0/phase_0/lib_ab4a70858e/lib_ab4a70858e__delay_0.0__dur_0.2.h5
82,0.0,0.2,ab4a70858e,0.1488940566778183,11.641791044776127,-9.858490566037737,157.4840764271708,14.32,40,32,7,2.199114857512855,2,4.0,9,0.1,/mnt/ceph-hdd/workspaces/ws/cidbn_wibral_neuro_nonhuman/u19361-allen-hdd/results/zebra/meso/sub-832700_ses-multiplane-ophys-832700-2026-01-24-12-06-12_ophys/events/VISp_1/trial_0/phase_0/lib_ab4a70858e/lib_ab4a70858e__delay_0.0__dur_0.2.h5
83,0.06,0.0,ab4a70858e,0.1890818327665329,2.6865671641791096,-11.650943396226417,22.515923572829163,14.32,35,33,9,2.827433388230814,2,4.0,4,0.05,/mnt/ceph-hdd/workspaces/ws/cidbn_wibral_neuro_nonhuman/u19361-allen-hdd/results/zebra/meso/sub-832700_ses-multiplane-ophys-832700-2026-01-24-12-06-12_ophys/events/VISp_1/trial_0/phase_0/lib_ab4a70858e/lib_ab4a70858e__delay_0.06__dur_0.0.h5
84,0.03,0.2,ab4a70858e,0.15870797634124756,-0.8955223880596961,-15.235849056603776,0.0,21.49,33,35,0,0.0,4,6.0,5,0.06,/mnt/ceph-hdd/workspaces/ws/cidbn_wibral_neuro_nonhuman/u19361-allen-hdd/results/zebra/meso/sub-832700_ses-multiplane-ophys-832700-2026-01-24-12-06-12_ophys/events/VISp_1/trial_0/phase_0/lib_ab4a70858e/lib_ab4a70858e__delay_0.03__dur_0.2.h5
85,0.06,0.2,ab4a70858e,0.19119574129581451,4.477611940298516,-4.481132075471699,22.515923572829163,14.32,36,29,9,2.827433388230814,2,4.0,8,0.09,/mnt/ceph-hdd/workspaces/ws/cidbn_wibral_neuro_nonhuman/u19361-allen-hdd/results/zebra/meso/sub-832700_ses-multiplane-ophys-832700-2026-01-24-12-06-12_ophys/events/VISp_1/trial_0/phase_0/lib_ab4a70858e/lib_ab4a70858e__delay_0.06__dur_0.2.h5
86,0.09,0.0,ab4a70858e,0.1611977219581604,6.268656716417908,-13.443396226415096,134.9774869247291,14.32,37,34,6,1.8849555921538759,2,4.0,9,0.1,/mnt/ceph-hdd/workspaces/ws/cidbn_wibral_neuro_nonhuman/u19361-allen-hdd/results/zebra/meso/sub-832700_ses-multiplane-ophys-832700-2026-01-24-12-06-12_ophys/events/VISp_1/trial_0/phase_0/lib_ab4a70858e/lib_ab4a70858e__delay_0.09__dur_0.0.h5
87,0.09,0.0,ab4a70858e,0.17835240066051483,-0.8955223880596961,-6.273584905660378,45.02251307527088,7.16,33,30,2,0.6283185307179586,0,2.0,12,1.3,/mnt/ceph-hdd/workspaces/ws/cidbn_wibral_neuro_nonhuman/u19361-allen-hdd/results/zebra/meso/sub-832700_ses-multiplane-ophys-832700-2026-01-24-12-06-12_ophys/events/VISp_1/trial_0/phase_0/lib_ab4a70858e/lib_ab4a70858e__delay_0.09__dur_0.0.h5
88,0.0,0.2,ab4a70858e,0.11380195617675781,-0.8955223880596961,0.8962264150943398,157.4840764271708,21.49,33,26,7,2.199114857512855,4,6.0,9,0.1,/mnt/ceph-hdd/workspaces/ws/cidbn_wibral_neuro_nonhuman/u19361-allen-hdd/results/zebra/meso/sub-832700_ses-multiplane-ophys-832700-2026-01-24-12-06-12_ophys/events/VISp_1/trial_0/phase_0/lib_ab4a70858e/lib_ab4a70858e__delay_0.0__dur_0.2.h5
89,0.09,0.0,ab4a70858e,0.13495281338691711,8.059701492537314,-11.650943396226417,45.02251307527088,10.74,38,33,2,0.6283185307179586,1,3.0,9,0.1,/mnt/ceph-hdd/workspaces/ws/cidbn_wibral_neuro_nonhuman/u19361-allen-hdd/results/zebra/meso/sub-832700_ses-multiplane-ophys-832700-2026-01-24-12-06-12_ophys/events/VISp_1/trial_0/phase_0/lib_ab4a70858e/lib_ab4a70858e__delay_0.09__dur_0.0.h5
9,0.0,0.2,ab4a70858e,0.13768191635608673,-22.388059701492537,6.273584905660378,180.0,14.32,21,23,8,2.5132741228718345,2,4.0,12,1.3,/mnt/ceph-hdd/workspaces/ws/cidbn_wibral_neuro_nonhuman/u19361-allen-hdd/results/zebra/meso/sub-832700_ses-multiplane-ophys-832700-2026-01-24-12-06-12_ophys/events/VISp_1/trial_0/phase_0/lib_ab4a70858e/lib_ab4a70858e__delay_0.0__dur_0.2.h5
90,0.03,0.2,ab4a70858e,0.12150323390960693,11.641791044776127,-11.650943396226417,67.51591472682667,14.32,40,33,3,0.9424777960769379,2,4.0,5,0.06,/mnt/ceph-hdd/workspaces/ws/cidbn_wibral_neuro_nonhuman/u19361-allen-hdd/results/zebra/meso/sub-832700_ses-multiplane-ophys-832700-2026-01-24-12-06-12_ophys/events/VISp_1/trial_0/phase_0/lib_ab4a70858e/lib_ab4a70858e__delay_0.03__dur_0.2.h5
91,0.09,0.0,ab4a70858e,0.11811992526054382,4.477611940298516,-13.443396226415096,112.48408527317332,14.32,36,34,5,1.5707963267948966,2,4.0,9,0.1,/mnt/ceph-hdd/workspaces/ws/cidbn_wibral_neuro_nonhuman/u19361-allen-hdd/results/zebra/meso/sub-832700_ses-multiplane-ophys-832700-2026-01-24-12-06-12_ophys/events/VISp_1/trial_0/phase_0/lib_ab4a70858e/lib_ab4a70858e__delay_0.09__dur_0.0.h5
92,0.06,0.2,ab4a70858e,0.11466868221759796,-4.477611940298509,-9.858490566037737,157.4840764271708,21.49,31,32,7,2.199114857512855,4,6.0,9,0.1,/mnt/ceph-hdd/workspaces/ws/cidbn_wibral_neuro_nonhuman/u19361-allen-hdd/results/zebra/meso/sub-832700_ses-multiplane-ophys-832700-2026-01-24-12-06-12_ophys/events/VISp_1/trial_0/phase_0/lib_ab4a70858e/lib_ab4a70858e__delay_0.06__dur_0.2.h5
93,0.15,0.2,ab4a70858e,0.11355771124362946,0.8955223880597032,-8.066037735849058,45.02251307527088,10.74,34,31,2,0.6283185307179586,1,3.0,8,0.09,/mnt/ceph-hdd/workspaces/ws/cidbn_wibral_neuro_nonhuman/u19361-allen-hdd/results/zebra/meso/sub-832700_ses-multiplane-ophys-832700-2026-01-24-12-06-12_ophys/events/VISp_1/trial_0/phase_0/lib_ab4a70858e/lib_ab4a70858e__delay_0.15__dur_0.2.h5
94,0.12,0.0,ab4a70858e,0.21798956394195557,-4.477611940298509,-4.481132075471699,67.51591472682667,17.91,31,29,3,0.9424777960769379,3,5.0,7,0.08,/mnt/ceph-hdd/workspaces/ws/cidbn_wibral_neuro_nonhuman/u19361-allen-hdd/results/zebra/meso/sub-832700_ses-multiplane-ophys-832700-2026-01-24-12-06-12_ophys/events/VISp_1/trial_0/phase_0/lib_ab4a70858e/lib_ab4a70858e__delay_0.12__dur_0.0.h5
95,0.09,0.0,ab4a70858e,0.16201342642307281,6.268656716417908,-6.273584905660378,180.0,14.32,37,30,8,2.5132741228718345,2,4.0,9,0.1,/mnt/ceph-hdd/workspaces/ws/cidbn_wibral_neuro_nonhuman/u19361-allen-hdd/results/zebra/meso/sub-832700_ses-multiplane-ophys-832700-2026-01-24-12-06-12_ophys/events/VISp_1/trial_0/phase_0/lib_ab4a70858e/lib_ab4a70858e__delay_0.09__dur_0.0.h5
96,0.03,0.2,ab4a70858e,0.11964922398328781,4.477611940298516,-9.858490566037737,134.9774869247291,10.74,36,32,6,1.8849555921538759,1,3.0,9,0.1,/mnt/ceph-hdd/workspaces/ws/cidbn_wibral_neuro_nonhuman/u19361-allen-hdd/results/zebra/meso/sub-832700_ses-multiplane-ophys-832700-2026-01-24-12-06-12_ophys/events/VISp_1/trial_0/phase_0/lib_ab4a70858e/lib_ab4a70858e__delay_0.03__dur_0.2.h5
97,0.0,0.2,ab4a70858e,0.2302275151014328,-2.6865671641791025,-13.443396226415096,67.51591472682667,7.16,32,34,3,0.9424777960769379,0,2.0,12,1.3,/mnt/ceph-hdd/workspaces/ws/cidbn_wibral_neuro_nonhuman/u19361-allen-hdd/results/zebra/meso/sub-832700_ses-multiplane-ophys-832700-2026-01-24-12-06-12_ophys/events/VISp_1/trial_0/phase_0/lib_ab4a70858e/lib_ab4a70858e__delay_0.0__dur_0.2.h5
98,0.09,0.2,ab4a70858e,0.11812625080347061,0.8955223880597032,-9.858490566037737,112.48408527317332,7.16,34,32,5,1.5707963267948966,0,2.0,11,1.2,/mnt/ceph-hdd/workspaces/ws/cidbn_wibral_neuro_nonhuman/u19361-allen-hdd/results/zebra/meso/sub-832700_ses-multiplane-ophys-832700-2026-01-24-12-06-12_ophys/events/VISp_1/trial_0/phase_0/lib_ab4a70858e/lib_ab4a70858e__delay_0.09__dur_0.2.h5
99,0.06,0.2,ab4a70858e,0.16934695839881897,4.477611940298516,-8.066037735849058,67.51591472682667,10.74,36,31,3,0.9424777960769379,1,3.0,5,0.06,/mnt/ceph-hdd/workspaces/ws/cidbn_wibral_neuro_nonhuman/u19361-allen-hdd/results/zebra/meso/sub-832700_ses-multiplane-ophys-832700-2026-01-24-12-06-12_ophys/events/VISp_1/trial_0/phase_0/lib_ab4a70858e/lib_ab4a70858e__delay_0.06__dur_0.2.h5
