unit_id,delay,duration,abs_max_value
0,0.0,0.0,0.0883694514632225
0,0.0,0.1,0.0883694514632225
0,0.0,0.2,0.08219937980175018
0,0.03,0.0,0.0798993706703186
0,0.03,0.1,0.0798993706703186
0,0.03,0.2,0.0868050828576088
0,0.06,0.0,0.09221205860376358
0,0.06,0.1,0.09221205860376358
0,0.06,0.2,0.08632270991802216
0,0.09,0.0,0.08979267627000809
0,0.09,0.1,0.08979267627000809
0,0.09,0.2,0.09008894860744476
0,0.12,0.0,0.10095667093992233
0,0.12,0.1,0.10095667093992233
0,0.12,0.2,0.09886043518781662
0,0.15,0.0,0.10162852704524994
0,0.15,0.1,0.10162852704524994
0,0.15,0.2,0.10706720501184464
1,0.0,0.0,0.09167712181806564
1,0.0,0.1,0.09167712181806564
1,0.0,0.2,0.07906901091337204
1,0.03,0.0,0.08390958607196808
1,0.03,0.1,0.08390958607196808
1,0.03,0.2,0.07930420339107513
1,0.06,0.0,0.09150999784469604
1,0.06,0.1,0.09150999784469604
1,0.06,0.2,0.08345946669578552
1,0.09,0.0,0.08338668942451477
1,0.09,0.1,0.08338668942451477
1,0.09,0.2,0.090457983314991
1,0.12,0.0,0.08312813937664032
1,0.12,0.1,0.08312813937664032
1,0.12,0.2,0.08275696635246277
1,0.15,0.0,0.08033248037099838
1,0.15,0.1,0.08033248037099838
1,0.15,0.2,0.08418606221675873
10,0.0,0.0,0.08585464954376221
10,0.0,0.1,0.08585464954376221
10,0.0,0.2,0.09069795906543732
10,0.03,0.0,0.08943723142147064
10,0.03,0.1,0.08943723142147064
10,0.03,0.2,0.09123022109270096
10,0.06,0.0,0.08155468851327896
10,0.06,0.1,0.08155468851327896
10,0.06,0.2,0.10281910747289658
10,0.09,0.0,0.10465563833713531
10,0.09,0.1,0.10465563833713531
10,0.09,0.2,0.10628470778465271
10,0.12,0.0,0.09873418509960175
10,0.12,0.1,0.09873418509960175
10,0.12,0.2,0.10943644493818283
10,0.15,0.0,0.10459738969802856
10,0.15,0.1,0.10459738969802856
10,0.15,0.2,0.1029919907450676
100,0.0,0.0,0.0895303264260292
100,0.0,0.1,0.0895303264260292
100,0.0,0.2,0.10042676329612732
100,0.03,0.0,0.093702033162117
100,0.03,0.1,0.093702033162117
100,0.03,0.2,0.10697624087333679
100,0.06,0.0,0.09395668655633926
100,0.06,0.1,0.09395668655633926
100,0.06,0.2,0.13185903429985046
100,0.09,0.0,0.10820400714874268
100,0.09,0.1,0.10820400714874268
100,0.09,0.2,0.143500417470932
100,0.12,0.0,0.12310768663883209
100,0.12,0.1,0.12310768663883209
100,0.12,0.2,0.1415749490261078
100,0.15,0.0,0.14206859469413757
100,0.15,0.1,0.14206859469413757
100,0.15,0.2,0.1404390186071396
101,0.0,0.0,0.09172976016998291
101,0.0,0.1,0.09172976016998291
101,0.0,0.2,0.13532805442810059
101,0.03,0.0,0.10104505717754364
101,0.03,0.1,0.10104505717754364
101,0.03,0.2,0.1446666419506073
101,0.06,0.0,0.16013002395629883
101,0.06,0.1,0.16013002395629883
101,0.06,0.2,0.16205811500549316
101,0.09,0.0,0.1951151043176651
101,0.09,0.1,0.1951151043176651
101,0.09,0.2,0.16914872825145721
101,0.12,0.0,0.20866337418556213
101,0.12,0.1,0.20866337418556213
101,0.12,0.2,0.1824071854352951
101,0.15,0.0,0.17611156404018402
101,0.15,0.1,0.17611156404018402
101,0.15,0.2,0.16499477624893188
102,0.0,0.0,0.08532853424549103
102,0.0,0.1,0.08532853424549103
102,0.0,0.2,0.08966851234436035
102,0.03,0.0,0.08541423827409744
102,0.03,0.1,0.08541423827409744
102,0.03,0.2,0.10589822381734848
102,0.06,0.0,0.10581959784030914
102,0.06,0.1,0.10581959784030914
102,0.06,0.2,0.1325768381357193
102,0.09,0.0,0.12908269464969635
102,0.09,0.1,0.12908269464969635
102,0.09,0.2,0.15067075192928314
102,0.12,0.0,0.14361123740673065
102,0.12,0.1,0.14361123740673065
102,0.12,0.2,0.14629226922988892
102,0.15,0.0,0.14963926374912262
102,0.15,0.1,0.14963926374912262
102,0.15,0.2,0.1371677964925766
103,0.0,0.0,0.0995538979768753
103,0.0,0.1,0.0995538979768753
103,0.0,0.2,0.14188028872013092
103,0.03,0.0,0.12027458846569061
103,0.03,0.1,0.12027458846569061
103,0.03,0.2,0.16735199093818665
103,0.06,0.0,0.15303589403629303
103,0.06,0.1,0.15303589403629303
103,0.06,0.2,0.18102151155471802
103,0.09,0.0,0.1733497977256775
103,0.09,0.1,0.1733497977256775
103,0.09,0.2,0.1806010752916336
103,0.12,0.0,0.1875963807106018
103,0.12,0.1,0.1875963807106018
103,0.12,0.2,0.18133170902729034
103,0.15,0.0,0.18728099763393402
103,0.15,0.1,0.18728099763393402
103,0.15,0.2,0.17128077149391174
104,0.0,0.0,0.11541066318750381
104,0.0,0.1,0.11541066318750381
104,0.0,0.2,0.16486872732639313
104,0.03,0.0,0.14711183309555054
104,0.03,0.1,0.14711183309555054
104,0.03,0.2,0.17714373767375946
104,0.06,0.0,0.16860724985599518
104,0.06,0.1,0.16860724985599518
104,0.06,0.2,0.17976580560207367
104,0.09,0.0,0.19154299795627594
104,0.09,0.1,0.19154299795627594
104,0.09,0.2,0.18709753453731537
104,0.12,0.0,0.18732908368110657
104,0.12,0.1,0.18732908368110657
104,0.12,0.2,0.17968010902404785
104,0.15,0.0,0.20460407435894012
104,0.15,0.1,0.20460407435894012
104,0.15,0.2,0.18656080961227417
105,0.0,0.0,0.09059572219848633
105,0.0,0.1,0.09059572219848633
105,0.0,0.2,0.09418029338121414
105,0.03,0.0,0.09340973198413849
105,0.03,0.1,0.09340973198413849
105,0.03,0.2,0.1385985016822815
105,0.06,0.0,0.09790235757827759
105,0.06,0.1,0.09790235757827759
105,0.06,0.2,0.14774087071418762
105,0.09,0.0,0.11925624310970306
105,0.09,0.1,0.11925624310970306
105,0.09,0.2,0.14351388812065125
105,0.12,0.0,0.1489066779613495
105,0.12,0.1,0.1489066779613495
105,0.12,0.2,0.1600009948015213
105,0.15,0.0,0.16496169567108154
105,0.15,0.1,0.16496169567108154
105,0.15,0.2,0.15932093560695648
106,0.0,0.0,0.08226917684078217
106,0.0,0.1,0.08226917684078217
106,0.0,0.2,0.09373635798692703
106,0.03,0.0,0.08528787642717361
106,0.03,0.1,0.08528787642717361
106,0.03,0.2,0.11736848950386047
106,0.06,0.0,0.08882839977741241
106,0.06,0.1,0.08882839977741241
106,0.06,0.2,0.12045757472515106
106,0.09,0.0,0.0964948832988739
106,0.09,0.1,0.0964948832988739
106,0.09,0.2,0.12253376096487045
106,0.12,0.0,0.1336524784564972
106,0.12,0.1,0.1336524784564972
106,0.12,0.2,0.15053410828113556
106,0.15,0.0,0.15500394999980927
106,0.15,0.1,0.15500394999980927
106,0.15,0.2,0.15197381377220154
107,0.0,0.0,0.11388304829597473
107,0.0,0.1,0.11388304829597473
107,0.0,0.2,0.15673047304153442
107,0.03,0.0,0.11200494319200516
107,0.03,0.1,0.11200494319200516
107,0.03,0.2,0.17272493243217468
107,0.06,0.0,0.1577436327934265
107,0.06,0.1,0.1577436327934265
107,0.06,0.2,0.1857793778181076
107,0.09,0.0,0.1993461698293686
107,0.09,0.1,0.1993461698293686
107,0.09,0.2,0.1995687633752823
107,0.12,0.0,0.22336150705814362
107,0.12,0.1,0.22336150705814362
107,0.12,0.2,0.20887671411037445
107,0.15,0.0,0.19873261451721191
107,0.15,0.1,0.19873261451721191
107,0.15,0.2,0.1901107281446457
108,0.0,0.0,0.10268833488225937
108,0.0,0.1,0.10268833488225937
108,0.0,0.2,0.09969469904899597
108,0.03,0.0,0.09570058435201645
108,0.03,0.1,0.09570058435201645
108,0.03,0.2,0.09509369730949402
108,0.06,0.0,0.08952121436595917
108,0.06,0.1,0.08952121436595917
108,0.06,0.2,0.10931172221899033
108,0.09,0.0,0.109767846763134
108,0.09,0.1,0.109767846763134
108,0.09,0.2,0.12542060017585754
108,0.12,0.0,0.1285427212715149
108,0.12,0.1,0.1285427212715149
108,0.12,0.2,0.12696856260299683
108,0.15,0.0,0.136297345161438
108,0.15,0.1,0.136297345161438
108,0.15,0.2,0.12934456765651703
109,0.0,0.0,0.08274468034505844
109,0.0,0.1,0.08274468034505844
109,0.0,0.2,0.09411818534135818
109,0.03,0.0,0.09812164306640625
109,0.03,0.1,0.09812164306640625
109,0.03,0.2,0.12939812242984772
109,0.06,0.0,0.13447412848472595
109,0.06,0.1,0.13447412848472595
109,0.06,0.2,0.15126240253448486
109,0.09,0.0,0.13423973321914673
109,0.09,0.1,0.13423973321914673
109,0.09,0.2,0.14666485786437988
109,0.12,0.0,0.15430845320224762
109,0.12,0.1,0.15430845320224762
109,0.12,0.2,0.15010783076286316
109,0.15,0.0,0.1797497421503067
109,0.15,0.1,0.1797497421503067
109,0.15,0.2,0.16490575671195984
11,0.0,0.0,0.10512994229793549
11,0.0,0.1,0.10512994229793549
11,0.0,0.2,0.1292906105518341
11,0.03,0.0,0.1157059594988823
11,0.03,0.1,0.1157059594988823
11,0.03,0.2,0.13918504118919373
11,0.06,0.0,0.12900450825691223
11,0.06,0.1,0.12900450825691223
11,0.06,0.2,0.15466918051242828
11,0.09,0.0,0.13535022735595703
11,0.09,0.1,0.13535022735595703
11,0.09,0.2,0.16744264960289001
11,0.12,0.0,0.14229470491409302
11,0.12,0.1,0.14229470491409302
11,0.12,0.2,0.17616097629070282
11,0.15,0.0,0.13955511152744293
11,0.15,0.1,0.13955511152744293
11,0.15,0.2,0.1810828149318695
110,0.0,0.0,0.135614275932312
110,0.0,0.1,0.135614275932312
110,0.0,0.2,0.14704470336437225
110,0.03,0.0,0.14456504583358765
110,0.03,0.1,0.14456504583358765
110,0.03,0.2,0.1860426664352417
110,0.06,0.0,0.14573544263839722
110,0.06,0.1,0.14573544263839722
110,0.06,0.2,0.19853410124778748
110,0.09,0.0,0.17691588401794434
110,0.09,0.1,0.17691588401794434
110,0.09,0.2,0.2062360644340515
110,0.12,0.0,0.21815583109855652
110,0.12,0.1,0.21815583109855652
110,0.12,0.2,0.21828843653202057
110,0.15,0.0,0.23207685351371765
110,0.15,0.1,0.23207685351371765
110,0.15,0.2,0.21358142793178558
111,0.0,0.0,0.07795322686433792
111,0.0,0.1,0.07795322686433792
111,0.0,0.2,0.11439761519432068
111,0.03,0.0,0.08929146081209183
111,0.03,0.1,0.08929146081209183
111,0.03,0.2,0.1453436315059662
111,0.06,0.0,0.13745132088661194
111,0.06,0.1,0.13745132088661194
111,0.06,0.2,0.15912964940071106
111,0.09,0.0,0.16497312486171722
111,0.09,0.1,0.16497312486171722
111,0.09,0.2,0.16735051572322845
111,0.12,0.0,0.18281003832817078
111,0.12,0.1,0.18281003832817078
111,0.12,0.2,0.16835936903953552
111,0.15,0.0,0.17501112818717957
111,0.15,0.1,0.17501112818717957
111,0.15,0.2,0.14739243686199188
112,0.0,0.0,0.08937834203243256
112,0.0,0.1,0.08937834203243256
112,0.0,0.2,0.11057830601930618
112,0.03,0.0,0.08997274935245514
112,0.03,0.1,0.08997274935245514
112,0.03,0.2,0.12173337489366531
112,0.06,0.0,0.11811874806880951
112,0.06,0.1,0.11811874806880951
112,0.06,0.2,0.13841846585273743
112,0.09,0.0,0.1413099765777588
112,0.09,0.1,0.1413099765777588
112,0.09,0.2,0.14149045944213867
112,0.12,0.0,0.13974468410015106
112,0.12,0.1,0.13974468410015106
112,0.12,0.2,0.13252480328083038
112,0.15,0.0,0.13972656428813934
112,0.15,0.1,0.13972656428813934
112,0.15,0.2,0.134090855717659
113,0.0,0.0,0.08613879233598709
113,0.0,0.1,0.08613879233598709
113,0.0,0.2,0.11700282990932465
113,0.03,0.0,0.09856320917606354
113,0.03,0.1,0.09856320917606354
113,0.03,0.2,0.12124275416135788
113,0.06,0.0,0.14081567525863647
113,0.06,0.1,0.14081567525863647
113,0.06,0.2,0.13010050356388092
113,0.09,0.0,0.17058350145816803
113,0.09,0.1,0.17058350145816803
113,0.09,0.2,0.12648946046829224
113,0.12,0.0,0.16285642981529236
113,0.12,0.1,0.16285642981529236
113,0.12,0.2,0.12230947613716125
113,0.15,0.0,0.140987828373909
113,0.15,0.1,0.140987828373909
113,0.15,0.2,0.1368812620639801
114,0.0,0.0,0.09054510295391083
114,0.0,0.1,0.09054510295391083
114,0.0,0.2,0.10740108042955399
114,0.03,0.0,0.10330741107463837
114,0.03,0.1,0.10330741107463837
114,0.03,0.2,0.13092289865016937
114,0.06,0.0,0.11970388144254684
114,0.06,0.1,0.11970388144254684
114,0.06,0.2,0.1352531462907791
114,0.09,0.0,0.12768131494522095
114,0.09,0.1,0.12768131494522095
114,0.09,0.2,0.12767453491687775
114,0.12,0.0,0.15046627819538116
114,0.12,0.1,0.15046627819538116
114,0.12,0.2,0.12750163674354553
114,0.15,0.0,0.13232281804084778
114,0.15,0.1,0.13232281804084778
114,0.15,0.2,0.11439835280179977
115,0.0,0.0,0.09602183103561401
115,0.0,0.1,0.09602183103561401
115,0.0,0.2,0.1265919804573059
115,0.03,0.0,0.0988864153623581
115,0.03,0.1,0.0988864153623581
115,0.03,0.2,0.14717189967632294
115,0.06,0.0,0.11606026440858841
115,0.06,0.1,0.11606026440858841
115,0.06,0.2,0.1502317488193512
115,0.09,0.0,0.14128263294696808
115,0.09,0.1,0.14128263294696808
115,0.09,0.2,0.15836209058761597
115,0.12,0.0,0.16428206861019135
115,0.12,0.1,0.16428206861019135
115,0.12,0.2,0.1692611426115036
115,0.15,0.0,0.171121746301651
115,0.15,0.1,0.171121746301651
115,0.15,0.2,0.1642071008682251
116,0.0,0.0,0.07563559710979462
116,0.0,0.1,0.07563559710979462
116,0.0,0.2,0.07886382937431335
116,0.03,0.0,0.07696712017059326
116,0.03,0.1,0.07696712017059326
116,0.03,0.2,0.0933694913983345
116,0.06,0.0,0.08549105376005173
116,0.06,0.1,0.08549105376005173
116,0.06,0.2,0.10967696458101273
116,0.09,0.0,0.09191324561834335
116,0.09,0.1,0.09191324561834335
116,0.09,0.2,0.10542688518762589
116,0.12,0.0,0.10948767513036728
116,0.12,0.1,0.10948767513036728
116,0.12,0.2,0.10580159723758698
116,0.15,0.0,0.1292431503534317
116,0.15,0.1,0.1292431503534317
116,0.15,0.2,0.11485499143600464
117,0.0,0.0,0.11797206103801727
117,0.0,0.1,0.11797206103801727
117,0.0,0.2,0.15544642508029938
117,0.03,0.0,0.12170149385929108
117,0.03,0.1,0.12170149385929108
117,0.03,0.2,0.15790987014770508
117,0.06,0.0,0.14211434125900269
117,0.06,0.1,0.14211434125900269
117,0.06,0.2,0.16161243617534637
117,0.09,0.0,0.166599303483963
117,0.09,0.1,0.166599303483963
117,0.09,0.2,0.16189348697662354
117,0.12,0.0,0.17004843056201935
117,0.12,0.1,0.17004843056201935
117,0.12,0.2,0.15983951091766357
117,0.15,0.0,0.15455427765846252
117,0.15,0.1,0.15455427765846252
117,0.15,0.2,0.1441923826932907
118,0.0,0.0,0.10225462168455124
118,0.0,0.1,0.10225462168455124
118,0.0,0.2,0.13179416954517365
118,0.03,0.0,0.12886247038841248
118,0.03,0.1,0.12886247038841248
118,0.03,0.2,0.15207596123218536
118,0.06,0.0,0.18330711126327515
118,0.06,0.1,0.18330711126327515
118,0.06,0.2,0.1428637057542801
118,0.09,0.0,0.1951923817396164
118,0.09,0.1,0.1951923817396164
118,0.09,0.2,0.1357092559337616
118,0.12,0.0,0.17799676954746246
118,0.12,0.1,0.17799676954746246
118,0.12,0.2,0.1351948380470276
118,0.15,0.0,0.14677409827709198
118,0.15,0.1,0.14677409827709198
118,0.15,0.2,0.12395134568214417
119,0.0,0.0,0.0881774052977562
119,0.0,0.1,0.0881774052977562
119,0.0,0.2,0.09033117443323135
119,0.03,0.0,0.11139461398124695
119,0.03,0.1,0.11139461398124695
119,0.03,0.2,0.1114373505115509
119,0.06,0.0,0.10685904324054718
119,0.06,0.1,0.10685904324054718
119,0.06,0.2,0.09632930904626846
119,0.09,0.0,0.10075980424880981
119,0.09,0.1,0.10075980424880981
119,0.09,0.2,0.08955219388008118
119,0.12,0.0,0.09913134574890137
119,0.12,0.1,0.09913134574890137
119,0.12,0.2,0.10423224419355392
119,0.15,0.0,0.09317745268344879
119,0.15,0.1,0.09317745268344879
119,0.15,0.2,0.09063898026943207
12,0.0,0.0,0.092129185795784
12,0.0,0.1,0.092129185795784
12,0.0,0.2,0.10166016966104507
12,0.03,0.0,0.0987977683544159
12,0.03,0.1,0.0987977683544159
12,0.03,0.2,0.0955127701163292
12,0.06,0.0,0.10068900138139725
12,0.06,0.1,0.10068900138139725
12,0.06,0.2,0.1008000522851944
12,0.09,0.0,0.0954352468252182
12,0.09,0.1,0.0954352468252182
12,0.09,0.2,0.09443721920251846
12,0.12,0.0,0.12436366826295853
12,0.12,0.1,0.12436366826295853
12,0.12,0.2,0.12717382609844208
12,0.15,0.0,0.11510074883699417
12,0.15,0.1,0.11510074883699417
12,0.15,0.2,0.11574221402406693
120,0.0,0.0,0.10340919345617294
120,0.0,0.1,0.10340919345617294
120,0.0,0.2,0.14005103707313538
120,0.03,0.0,0.11616706103086472
120,0.03,0.1,0.11616706103086472
120,0.03,0.2,0.16570250689983368
120,0.06,0.0,0.15148338675498962
120,0.06,0.1,0.15148338675498962
120,0.06,0.2,0.1768607348203659
120,0.09,0.0,0.17337578535079956
120,0.09,0.1,0.17337578535079956
120,0.09,0.2,0.1773313581943512
120,0.12,0.0,0.19386087357997894
120,0.12,0.1,0.19386087357997894
120,0.12,0.2,0.18123769760131836
120,0.15,0.0,0.1790710687637329
120,0.15,0.1,0.1790710687637329
120,0.15,0.2,0.16823706030845642
121,0.0,0.0,0.08757729828357697
121,0.0,0.1,0.08757729828357697
121,0.0,0.2,0.12678490579128265
121,0.03,0.0,0.1099662259221077
121,0.03,0.1,0.1099662259221077
121,0.03,0.2,0.13793280720710754
121,0.06,0.0,0.12109488248825073
121,0.06,0.1,0.12109488248825073
121,0.06,0.2,0.12109195441007614
121,0.09,0.0,0.143839493393898
121,0.09,0.1,0.143839493393898
121,0.09,0.2,0.12747493386268616
121,0.12,0.0,0.14246079325675964
121,0.12,0.1,0.14246079325675964
121,0.12,0.2,0.11988872289657593
121,0.15,0.0,0.11975481361150742
121,0.15,0.1,0.11975481361150742
121,0.15,0.2,0.10605459660291672
122,0.0,0.0,0.0842842385172844
122,0.0,0.1,0.0842842385172844
122,0.0,0.2,0.12515491247177124
122,0.03,0.0,0.09971856325864792
122,0.03,0.1,0.09971856325864792
122,0.03,0.2,0.14459571242332458
122,0.06,0.0,0.10713095217943192
122,0.06,0.1,0.10713095217943192
122,0.06,0.2,0.16500306129455566
122,0.09,0.0,0.1418815553188324
122,0.09,0.1,0.1418815553188324
122,0.09,0.2,0.17012812197208405
122,0.12,0.0,0.17287154495716095
122,0.12,0.1,0.17287154495716095
122,0.12,0.2,0.18466903269290924
122,0.15,0.0,0.17645329236984253
122,0.15,0.1,0.17645329236984253
122,0.15,0.2,0.18853163719177246
123,0.0,0.0,0.11893109977245331
123,0.0,0.1,0.11893109977245331
123,0.0,0.2,0.1386909782886505
123,0.03,0.0,0.11346758157014847
123,0.03,0.1,0.11346758157014847
123,0.03,0.2,0.12660643458366394
123,0.06,0.0,0.11533625423908234
123,0.06,0.1,0.11533625423908234
123,0.06,0.2,0.11558860540390015
123,0.09,0.0,0.12749594449996948
123,0.09,0.1,0.12749594449996948
123,0.09,0.2,0.13070082664489746
123,0.12,0.0,0.1340809017419815
123,0.12,0.1,0.1340809017419815
123,0.12,0.2,0.12325102835893631
123,0.15,0.0,0.11697425693273544
123,0.15,0.1,0.11697425693273544
123,0.15,0.2,0.1091347262263298
124,0.0,0.0,0.08147165179252625
124,0.0,0.1,0.08147165179252625
124,0.0,0.2,0.10139381140470505
124,0.03,0.0,0.09697765111923218
124,0.03,0.1,0.09697765111923218
124,0.03,0.2,0.125359445810318
124,0.06,0.0,0.1289375275373459
124,0.06,0.1,0.1289375275373459
124,0.06,0.2,0.15223166346549988
124,0.09,0.0,0.13990356028079987
124,0.09,0.1,0.13990356028079987
124,0.09,0.2,0.15604548156261444
124,0.12,0.0,0.12704838812351227
124,0.12,0.1,0.12704838812351227
124,0.12,0.2,0.14128181338310242
124,0.15,0.0,0.14074896275997162
124,0.15,0.1,0.14074896275997162
124,0.15,0.2,0.15190985798835754
125,0.0,0.0,0.08986157178878784
125,0.0,0.1,0.08986157178878784
125,0.0,0.2,0.1205354630947113
125,0.03,0.0,0.09596792608499527
125,0.03,0.1,0.09596792608499527
125,0.03,0.2,0.12657533586025238
125,0.06,0.0,0.13978268206119537
125,0.06,0.1,0.13978268206119537
125,0.06,0.2,0.12736216187477112
125,0.09,0.0,0.17920058965682983
125,0.09,0.1,0.17920058965682983
125,0.09,0.2,0.1322575807571411
125,0.12,0.0,0.14560069143772125
125,0.12,0.1,0.14560069143772125
125,0.12,0.2,0.08839774876832962
125,0.15,0.0,0.11508341878652573
125,0.15,0.1,0.11508341878652573
125,0.15,0.2,0.09288202971220016
126,0.0,0.0,0.0845230370759964
126,0.0,0.1,0.0845230370759964
126,0.0,0.2,0.09698782116174698
126,0.03,0.0,0.085222527384758
126,0.03,0.1,0.085222527384758
126,0.03,0.2,0.08738874644041061
126,0.06,0.0,0.09021233022212982
126,0.06,0.1,0.09021233022212982
126,0.06,0.2,0.1110415905714035
126,0.09,0.0,0.10492675751447678
126,0.09,0.1,0.10492675751447678
126,0.09,0.2,0.10972196608781815
126,0.12,0.0,0.11645928025245667
126,0.12,0.1,0.11645928025245667
126,0.12,0.2,0.1141192838549614
126,0.15,0.0,0.10315626114606857
126,0.15,0.1,0.10315626114606857
126,0.15,0.2,0.11014072597026825
127,0.0,0.0,0.07977898418903351
127,0.0,0.1,0.07977898418903351
127,0.0,0.2,0.13835552334785461
127,0.03,0.0,0.09185664355754852
127,0.03,0.1,0.09185664355754852
127,0.03,0.2,0.1566905379295349
127,0.06,0.0,0.13550825417041779
127,0.06,0.1,0.13550825417041779
127,0.06,0.2,0.17184573411941528
127,0.09,0.0,0.17427191138267517
127,0.09,0.1,0.17427191138267517
127,0.09,0.2,0.18273963034152985
127,0.12,0.0,0.2039663940668106
127,0.12,0.1,0.2039663940668106
127,0.12,0.2,0.18810367584228516
127,0.15,0.0,0.19053824245929718
127,0.15,0.1,0.19053824245929718
127,0.15,0.2,0.15581199526786804
128,0.0,0.0,0.0822242796421051
128,0.0,0.1,0.0822242796421051
128,0.0,0.2,0.08682624250650406
128,0.03,0.0,0.09081856906414032
128,0.03,0.1,0.09081856906414032
128,0.03,0.2,0.09587207436561584
128,0.06,0.0,0.11395977437496185
128,0.06,0.1,0.11395977437496185
128,0.06,0.2,0.10969466716051102
128,0.09,0.0,0.10900451242923737
128,0.09,0.1,0.10900451242923737
128,0.09,0.2,0.10434567928314209
128,0.12,0.0,0.08428456634283066
128,0.12,0.1,0.08428456634283066
128,0.12,0.2,0.0875793844461441
128,0.15,0.0,0.09691102057695389
128,0.15,0.1,0.09691102057695389
128,0.15,0.2,0.0920475497841835
129,0.0,0.0,0.10096591711044312
129,0.0,0.1,0.10096591711044312
129,0.0,0.2,0.18085283041000366
129,0.03,0.0,0.13408079743385315
129,0.03,0.1,0.13408079743385315
129,0.03,0.2,0.1958361268043518
129,0.06,0.0,0.17861756682395935
129,0.06,0.1,0.17861756682395935
129,0.06,0.2,0.20735135674476624
129,0.09,0.0,0.21765989065170288
129,0.09,0.1,0.21765989065170288
129,0.09,0.2,0.20458781719207764
129,0.12,0.0,0.23039834201335907
129,0.12,0.1,0.23039834201335907
129,0.12,0.2,0.1845548152923584
129,0.15,0.0,0.21983176469802856
129,0.15,0.1,0.21983176469802856
129,0.15,0.2,0.16269326210021973
13,0.0,0.0,0.18154814839363098
13,0.0,0.1,0.18154814839363098
13,0.0,0.2,0.19212555885314941
13,0.03,0.0,0.18252986669540405
13,0.03,0.1,0.18252986669540405
13,0.03,0.2,0.19083061814308167
13,0.06,0.0,0.1861717700958252
13,0.06,0.1,0.1861717700958252
13,0.06,0.2,0.19722650945186615
13,0.09,0.0,0.19027753174304962
13,0.09,0.1,0.19027753174304962
13,0.09,0.2,0.20550483465194702
13,0.12,0.0,0.19327355921268463
13,0.12,0.1,0.19327355921268463
13,0.12,0.2,0.20109474658966064
13,0.15,0.0,0.18553103506565094
13,0.15,0.1,0.18553103506565094
13,0.15,0.2,0.19663609564304352
130,0.0,0.0,0.0827086791396141
130,0.0,0.1,0.0827086791396141
130,0.0,0.2,0.11814893037080765
130,0.03,0.0,0.12305649369955063
130,0.03,0.1,0.12305649369955063
130,0.03,0.2,0.14530880749225616
130,0.06,0.0,0.12183713167905807
130,0.06,0.1,0.12183713167905807
130,0.06,0.2,0.14671127498149872
130,0.09,0.0,0.14870983362197876
130,0.09,0.1,0.14870983362197876
130,0.09,0.2,0.1712513566017151
130,0.12,0.0,0.15602222084999084
130,0.12,0.1,0.15602222084999084
130,0.12,0.2,0.1629444807767868
130,0.15,0.0,0.17907603085041046
130,0.15,0.1,0.17907603085041046
130,0.15,0.2,0.1660437136888504
131,0.0,0.0,0.10127217322587967
131,0.0,0.1,0.10127217322587967
131,0.0,0.2,0.12422717362642288
131,0.03,0.0,0.10240187495946884
131,0.03,0.1,0.10240187495946884
131,0.03,0.2,0.11472174525260925
131,0.06,0.0,0.11719559878110886
131,0.06,0.1,0.11719559878110886
131,0.06,0.2,0.14099131524562836
131,0.09,0.0,0.10559709370136261
131,0.09,0.1,0.10559709370136261
131,0.09,0.2,0.15015916526317596
131,0.12,0.0,0.13539288938045502
131,0.12,0.1,0.13539288938045502
131,0.12,0.2,0.1633124053478241
131,0.15,0.0,0.16003793478012085
131,0.15,0.1,0.16003793478012085
131,0.15,0.2,0.16820745170116425
132,0.0,0.0,0.09604308754205704
132,0.0,0.1,0.09604308754205704
132,0.0,0.2,0.09876514226198196
132,0.03,0.0,0.10551495850086212
132,0.03,0.1,0.10551495850086212
132,0.03,0.2,0.08419765532016754
132,0.06,0.0,0.15246881544589996
132,0.06,0.1,0.15246881544589996
132,0.06,0.2,0.0938887819647789
132,0.09,0.0,0.16002950072288513
132,0.09,0.1,0.16002950072288513
132,0.09,0.2,0.08724610507488251
132,0.12,0.0,0.09913000464439392
132,0.12,0.1,0.09913000464439392
132,0.12,0.2,0.08590123802423477
132,0.15,0.0,0.07978808134794235
132,0.15,0.1,0.07978808134794235
132,0.15,0.2,0.0870763435959816
133,0.0,0.0,0.08798350393772125
133,0.0,0.1,0.08798350393772125
133,0.0,0.2,0.1312849372625351
133,0.03,0.0,0.1086987555027008
133,0.03,0.1,0.1086987555027008
133,0.03,0.2,0.13194797933101654
133,0.06,0.0,0.13800330460071564
133,0.06,0.1,0.13800330460071564
133,0.06,0.2,0.13877783715724945
133,0.09,0.0,0.14540040493011475
133,0.09,0.1,0.14540040493011475
133,0.09,0.2,0.13248194754123688
133,0.12,0.0,0.12378332018852234
133,0.12,0.1,0.12378332018852234
133,0.12,0.2,0.11160938441753387
133,0.15,0.0,0.10988412797451019
133,0.15,0.1,0.10988412797451019
133,0.15,0.2,0.11341199278831482
134,0.0,0.0,0.0940733402967453
134,0.0,0.1,0.0940733402967453
134,0.0,0.2,0.11574464291334152
134,0.03,0.0,0.09734790772199631
134,0.03,0.1,0.09734790772199631
134,0.03,0.2,0.15531769394874573
134,0.06,0.0,0.10678774118423462
134,0.06,0.1,0.10678774118423462
134,0.06,0.2,0.16256311535835266
134,0.09,0.0,0.14523380994796753
134,0.09,0.1,0.14523380994796753
134,0.09,0.2,0.1644182801246643
134,0.12,0.0,0.18454723060131073
134,0.12,0.1,0.18454723060131073
134,0.12,0.2,0.18034322559833527
134,0.15,0.0,0.1932244449853897
134,0.15,0.1,0.1932244449853897
134,0.15,0.2,0.1859414130449295
135,0.0,0.0,0.0891314446926117
135,0.0,0.1,0.0891314446926117
135,0.0,0.2,0.12083303928375244
135,0.03,0.0,0.10618507117033005
135,0.03,0.1,0.10618507117033005
135,0.03,0.2,0.13119639456272125
135,0.06,0.0,0.13287974894046783
135,0.06,0.1,0.13287974894046783
135,0.06,0.2,0.1498059332370758
135,0.09,0.0,0.1629025638103485
135,0.09,0.1,0.1629025638103485
135,0.09,0.2,0.17827332019805908
135,0.12,0.0,0.17052336037158966
135,0.12,0.1,0.17052336037158966
135,0.12,0.2,0.18351280689239502
135,0.15,0.0,0.18474267423152924
135,0.15,0.1,0.18474267423152924
135,0.15,0.2,0.17946062982082367
136,0.0,0.0,0.11365082114934921
136,0.0,0.1,0.11365082114934921
136,0.0,0.2,0.11903845518827438
136,0.03,0.0,0.0948701724410057
136,0.03,0.1,0.0948701724410057
136,0.03,0.2,0.1032763123512268
136,0.06,0.0,0.08484984189271927
136,0.06,0.1,0.08484984189271927
136,0.06,0.2,0.1001056432723999
136,0.09,0.0,0.0992661640048027
136,0.09,0.1,0.0992661640048027
136,0.09,0.2,0.11771867424249649
136,0.12,0.0,0.09589433670043945
136,0.12,0.1,0.09589433670043945
136,0.12,0.2,0.10464701801538467
136,0.15,0.0,0.11028227210044861
136,0.15,0.1,0.11028227210044861
136,0.15,0.2,0.10864312201738358
137,0.0,0.0,0.09563247114419937
137,0.0,0.1,0.09563247114419937
137,0.0,0.2,0.09127978980541229
137,0.03,0.0,0.09131501615047455
137,0.03,0.1,0.09131501615047455
137,0.03,0.2,0.09471803158521652
137,0.06,0.0,0.08499831706285477
137,0.06,0.1,0.08499831706285477
137,0.06,0.2,0.0829235091805458
137,0.09,0.0,0.09090786427259445
137,0.09,0.1,0.09090786427259445
137,0.09,0.2,0.09524856507778168
137,0.12,0.0,0.08272910863161087
137,0.12,0.1,0.08272910863161087
137,0.12,0.2,0.08292147517204285
137,0.15,0.0,0.07791412621736526
137,0.15,0.1,0.07791412621736526
137,0.15,0.2,0.07743990421295166
138,0.0,0.0,0.13873609900474548
138,0.0,0.1,0.13873609900474548
138,0.0,0.2,0.16949453949928284
138,0.03,0.0,0.13994386792182922
138,0.03,0.1,0.13994386792182922
138,0.03,0.2,0.1626521199941635
138,0.06,0.0,0.14877906441688538
138,0.06,0.1,0.14877906441688538
138,0.06,0.2,0.16608987748622894
138,0.09,0.0,0.181293785572052
138,0.09,0.1,0.181293785572052
138,0.09,0.2,0.18205395340919495
138,0.12,0.0,0.1763894408941269
138,0.12,0.1,0.1763894408941269
138,0.12,0.2,0.19569608569145203
138,0.15,0.0,0.17106570303440094
138,0.15,0.1,0.17106570303440094
138,0.15,0.2,0.16606834530830383
139,0.0,0.0,0.07802760601043701
139,0.0,0.1,0.07802760601043701
139,0.0,0.2,0.1026042103767395
139,0.03,0.0,0.08232783526182175
139,0.03,0.1,0.08232783526182175
139,0.03,0.2,0.12526622414588928
139,0.06,0.0,0.1032402291893959
139,0.06,0.1,0.1032402291893959
139,0.06,0.2,0.14113089442253113
139,0.09,0.0,0.13256049156188965
139,0.09,0.1,0.13256049156188965
139,0.09,0.2,0.14424923062324524
139,0.12,0.0,0.1461959034204483
139,0.12,0.1,0.1461959034204483
139,0.12,0.2,0.13963888585567474
139,0.15,0.0,0.17026196420192719
139,0.15,0.1,0.17026196420192719
139,0.15,0.2,0.15918612480163574
14,0.0,0.0,0.09852583706378937
14,0.0,0.1,0.09852583706378937
14,0.0,0.2,0.10201983153820038
14,0.03,0.0,0.09366219490766525
14,0.03,0.1,0.09366219490766525
14,0.03,0.2,0.09831339865922928
14,0.06,0.0,0.11393693834543228
14,0.06,0.1,0.11393693834543228
14,0.06,0.2,0.10343337059020996
14,0.09,0.0,0.09388691931962967
14,0.09,0.1,0.09388691931962967
14,0.09,0.2,0.09314358979463577
14,0.12,0.0,0.11653535813093185
14,0.12,0.1,0.11653535813093185
14,0.12,0.2,0.10818415135145187
14,0.15,0.0,0.11596323549747467
14,0.15,0.1,0.11596323549747467
14,0.15,0.2,0.10601086914539337
140,0.0,0.0,0.08416606485843658
140,0.0,0.1,0.08416606485843658
140,0.0,0.2,0.09171801805496216
140,0.03,0.0,0.08547907322645187
140,0.03,0.1,0.08547907322645187
140,0.03,0.2,0.09685054421424866
140,0.06,0.0,0.09838300943374634
140,0.06,0.1,0.09838300943374634
140,0.06,0.2,0.09412979334592819
140,0.09,0.0,0.11526419967412949
140,0.09,0.1,0.11526419967412949
140,0.09,0.2,0.09673000872135162
140,0.12,0.0,0.12298829853534698
140,0.12,0.1,0.12298829853534698
140,0.12,0.2,0.11222048103809357
140,0.15,0.0,0.0986773818731308
140,0.15,0.1,0.0986773818731308
140,0.15,0.2,0.11233511567115784
141,0.0,0.0,0.09207099676132202
141,0.0,0.1,0.09207099676132202
141,0.0,0.2,0.13522057235240936
141,0.03,0.0,0.10490334033966064
141,0.03,0.1,0.10490334033966064
141,0.03,0.2,0.14942988753318787
141,0.06,0.0,0.14705651998519897
141,0.06,0.1,0.14705651998519897
141,0.06,0.2,0.17456325888633728
141,0.09,0.0,0.16873036324977875
141,0.09,0.1,0.16873036324977875
141,0.09,0.2,0.18079297244548798
141,0.12,0.0,0.17468321323394775
141,0.12,0.1,0.17468321323394775
141,0.12,0.2,0.16913458704948425
141,0.15,0.0,0.1717987358570099
141,0.15,0.1,0.1717987358570099
141,0.15,0.2,0.15522973239421844
142,0.0,0.0,0.07972661405801773
142,0.0,0.1,0.07972661405801773
142,0.0,0.2,0.09475663304328918
142,0.03,0.0,0.0935184508562088
142,0.03,0.1,0.0935184508562088
142,0.03,0.2,0.10579275339841843
142,0.06,0.0,0.10416693240404129
142,0.06,0.1,0.10416693240404129
142,0.06,0.2,0.12688101828098297
142,0.09,0.0,0.11821024119853973
142,0.09,0.1,0.11821024119853973
142,0.09,0.2,0.13033226132392883
142,0.12,0.0,0.1316520869731903
142,0.12,0.1,0.1316520869731903
142,0.12,0.2,0.14559490978717804
142,0.15,0.0,0.12593768537044525
142,0.15,0.1,0.12593768537044525
142,0.15,0.2,0.14454136788845062
143,0.0,0.0,0.08740195631980896
143,0.0,0.1,0.08740195631980896
143,0.0,0.2,0.11087159812450409
143,0.03,0.0,0.11190693825483322
143,0.03,0.1,0.11190693825483322
143,0.03,0.2,0.1431405246257782
143,0.06,0.0,0.1178024634718895
143,0.06,0.1,0.1178024634718895
143,0.06,0.2,0.13779616355895996
143,0.09,0.0,0.13278517127037048
143,0.09,0.1,0.13278517127037048
143,0.09,0.2,0.1414833813905716
143,0.12,0.0,0.14254525303840637
143,0.12,0.1,0.14254525303840637
143,0.12,0.2,0.15545563399791718
143,0.15,0.0,0.130242720246315
143,0.15,0.1,0.130242720246315
143,0.15,0.2,0.1473270058631897
144,0.0,0.0,0.08106426149606705
144,0.0,0.1,0.08106426149606705
144,0.0,0.2,0.10414229333400726
144,0.03,0.0,0.09626304358243942
144,0.03,0.1,0.09626304358243942
144,0.03,0.2,0.1209106519818306
144,0.06,0.0,0.11992446333169937
144,0.06,0.1,0.11992446333169937
144,0.06,0.2,0.12577387690544128
144,0.09,0.0,0.13086354732513428
144,0.09,0.1,0.13086354732513428
144,0.09,0.2,0.130231574177742
144,0.12,0.0,0.1414070576429367
144,0.12,0.1,0.1414070576429367
144,0.12,0.2,0.14657729864120483
144,0.15,0.0,0.14909236133098602
144,0.15,0.1,0.14909236133098602
144,0.15,0.2,0.1554677039384842
145,0.0,0.0,0.08548161387443542
145,0.0,0.1,0.08548161387443542
145,0.0,0.2,0.09997159987688065
145,0.03,0.0,0.08621074259281158
145,0.03,0.1,0.08621074259281158
145,0.03,0.2,0.13048285245895386
145,0.06,0.0,0.09576527029275894
145,0.06,0.1,0.09576527029275894
145,0.06,0.2,0.12769141793251038
145,0.09,0.0,0.1100819855928421
145,0.09,0.1,0.1100819855928421
145,0.09,0.2,0.12401305139064789
145,0.12,0.0,0.11002136766910553
145,0.12,0.1,0.11002136766910553
145,0.12,0.2,0.10514403879642487
145,0.15,0.0,0.1146010011434555
145,0.15,0.1,0.1146010011434555
145,0.15,0.2,0.10749393701553345
146,0.0,0.0,0.10795144736766815
146,0.0,0.1,0.10795144736766815
146,0.0,0.2,0.12076704949140549
146,0.03,0.0,0.10131783038377762
146,0.03,0.1,0.10131783038377762
146,0.03,0.2,0.11442498862743378
146,0.06,0.0,0.1149546205997467
146,0.06,0.1,0.1149546205997467
146,0.06,0.2,0.10852357000112534
146,0.09,0.0,0.1373850405216217
146,0.09,0.1,0.1373850405216217
146,0.09,0.2,0.1116466224193573
146,0.12,0.0,0.13860078155994415
146,0.12,0.1,0.13860078155994415
146,0.12,0.2,0.11033811420202255
146,0.15,0.0,0.1189846321940422
146,0.15,0.1,0.1189846321940422
146,0.15,0.2,0.12108247727155685
147,0.0,0.0,0.08020047098398209
147,0.0,0.1,0.08020047098398209
147,0.0,0.2,0.15077754855155945
147,0.03,0.0,0.1364341378211975
147,0.03,0.1,0.1364341378211975
147,0.03,0.2,0.16686402261257172
147,0.06,0.0,0.1768965721130371
147,0.06,0.1,0.1768965721130371
147,0.06,0.2,0.1717006266117096
147,0.09,0.0,0.21636225283145905
147,0.09,0.1,0.21636225283145905
147,0.09,0.2,0.18926887214183807
147,0.12,0.0,0.20832698047161102
147,0.12,0.1,0.20832698047161102
147,0.12,0.2,0.19009816646575928
147,0.15,0.0,0.19049860537052155
147,0.15,0.1,0.19049860537052155
147,0.15,0.2,0.17739126086235046
148,0.0,0.0,0.0855177640914917
148,0.0,0.1,0.0855177640914917
148,0.0,0.2,0.11254439502954483
148,0.03,0.0,0.10655836015939713
148,0.03,0.1,0.10655836015939713
148,0.03,0.2,0.13195961713790894
148,0.06,0.0,0.13407456874847412
148,0.06,0.1,0.13407456874847412
148,0.06,0.2,0.15634788572788239
148,0.09,0.0,0.15109799802303314
148,0.09,0.1,0.15109799802303314
148,0.09,0.2,0.15496273338794708
148,0.12,0.0,0.143463596701622
148,0.12,0.1,0.143463596701622
148,0.12,0.2,0.1408727467060089
148,0.15,0.0,0.14287807047367096
148,0.15,0.1,0.14287807047367096
148,0.15,0.2,0.13021494448184967
149,0.0,0.0,0.1048598662018776
149,0.0,0.1,0.1048598662018776
149,0.0,0.2,0.17455337941646576
149,0.03,0.0,0.11100601404905319
149,0.03,0.1,0.11100601404905319
149,0.03,0.2,0.20958976447582245
149,0.06,0.0,0.17115511000156403
149,0.06,0.1,0.17115511000156403
149,0.06,0.2,0.24920989573001862
149,0.09,0.0,0.2193128913640976
149,0.09,0.1,0.2193128913640976
149,0.09,0.2,0.260675847530365
149,0.12,0.0,0.25638389587402344
149,0.12,0.1,0.25638389587402344
149,0.12,0.2,0.25853779911994934
149,0.15,0.0,0.271648108959198
149,0.15,0.1,0.271648108959198
149,0.15,0.2,0.2576848864555359
15,0.0,0.0,0.08701248466968536
15,0.0,0.1,0.08701248466968536
15,0.0,0.2,0.1231548935174942
15,0.03,0.0,0.08513680100440979
15,0.03,0.1,0.08513680100440979
15,0.03,0.2,0.12801489233970642
15,0.06,0.0,0.12336026132106781
15,0.06,0.1,0.12336026132106781
15,0.06,0.2,0.1439194232225418
15,0.09,0.0,0.15915176272392273
15,0.09,0.1,0.15915176272392273
15,0.09,0.2,0.15010489523410797
15,0.12,0.0,0.15032173693180084
15,0.12,0.1,0.15032173693180084
15,0.12,0.2,0.14659476280212402
15,0.15,0.0,0.1279398798942566
15,0.15,0.1,0.1279398798942566
15,0.15,0.2,0.12834812700748444
150,0.0,0.0,0.09390052407979965
150,0.0,0.1,0.09390052407979965
150,0.0,0.2,0.09239903837442398
150,0.03,0.0,0.07965447753667831
150,0.03,0.1,0.07965447753667831
150,0.03,0.2,0.09074432402849197
150,0.06,0.0,0.08889888226985931
150,0.06,0.1,0.08889888226985931
150,0.06,0.2,0.12284809350967407
150,0.09,0.0,0.09016329795122147
150,0.09,0.1,0.09016329795122147
150,0.09,0.2,0.14121848344802856
150,0.12,0.0,0.12685053050518036
150,0.12,0.1,0.12685053050518036
150,0.12,0.2,0.15523937344551086
150,0.15,0.0,0.16992661356925964
150,0.15,0.1,0.16992661356925964
150,0.15,0.2,0.16473035514354706
151,0.0,0.0,0.08618953078985214
151,0.0,0.1,0.08618953078985214
151,0.0,0.2,0.15577329695224762
151,0.03,0.0,0.13480184972286224
151,0.03,0.1,0.13480184972286224
151,0.03,0.2,0.1655176877975464
151,0.06,0.0,0.19065548479557037
151,0.06,0.1,0.19065548479557037
151,0.06,0.2,0.16921867430210114
151,0.09,0.0,0.20592814683914185
151,0.09,0.1,0.20592814683914185
151,0.09,0.2,0.1656910628080368
151,0.12,0.0,0.17975592613220215
151,0.12,0.1,0.17975592613220215
151,0.12,0.2,0.14694862067699432
151,0.15,0.0,0.14722323417663574
151,0.15,0.1,0.14722323417663574
151,0.15,0.2,0.1288667768239975
152,0.0,0.0,0.10375984013080597
152,0.0,0.1,0.10375984013080597
152,0.0,0.2,0.11237532645463943
152,0.03,0.0,0.09132727980613708
152,0.03,0.1,0.09132727980613708
152,0.03,0.2,0.09886431694030762
152,0.06,0.0,0.09577514231204987
152,0.06,0.1,0.09577514231204987
152,0.06,0.2,0.09538964182138443
152,0.09,0.0,0.08558715879917145
152,0.09,0.1,0.08558715879917145
152,0.09,0.2,0.09087687730789185
152,0.12,0.0,0.10554570704698563
152,0.12,0.1,0.10554570704698563
152,0.12,0.2,0.10821952670812607
152,0.15,0.0,0.10920464247465134
152,0.15,0.1,0.10920464247465134
152,0.15,0.2,0.11399192363023758
153,0.0,0.0,0.0988730639219284
153,0.0,0.1,0.0988730639219284
153,0.0,0.2,0.15496620535850525
153,0.03,0.0,0.10391340404748917
153,0.03,0.1,0.10391340404748917
153,0.03,0.2,0.1873522251844406
153,0.06,0.0,0.14734286069869995
153,0.06,0.1,0.14734286069869995
153,0.06,0.2,0.2013552486896515
153,0.09,0.0,0.18473485112190247
153,0.09,0.1,0.18473485112190247
153,0.09,0.2,0.1980043202638626
153,0.12,0.0,0.2217436581850052
153,0.12,0.1,0.2217436581850052
153,0.12,0.2,0.20287568867206573
153,0.15,0.0,0.2184566706418991
153,0.15,0.1,0.2184566706418991
153,0.15,0.2,0.18728706240653992
154,0.0,0.0,0.12449237704277039
154,0.0,0.1,0.12449237704277039
154,0.0,0.2,0.13176311552524567
154,0.03,0.0,0.10570158064365387
154,0.03,0.1,0.10570158064365387
154,0.03,0.2,0.14508558809757233
154,0.06,0.0,0.16780401766300201
154,0.06,0.1,0.16780401766300201
154,0.06,0.2,0.1702975630760193
154,0.09,0.0,0.18934319913387299
154,0.09,0.1,0.18934319913387299
154,0.09,0.2,0.17490877211093903
154,0.12,0.0,0.1864578276872635
154,0.12,0.1,0.1864578276872635
154,0.12,0.2,0.15546752512454987
154,0.15,0.0,0.15436865389347076
154,0.15,0.1,0.15436865389347076
154,0.15,0.2,0.12506434321403503
155,0.0,0.0,0.08516322821378708
155,0.0,0.1,0.08516322821378708
155,0.0,0.2,0.10003069043159485
155,0.03,0.0,0.09826682507991791
155,0.03,0.1,0.09826682507991791
155,0.03,0.2,0.11453574150800705
155,0.06,0.0,0.10761762410402298
155,0.06,0.1,0.10761762410402298
155,0.06,0.2,0.1296578049659729
155,0.09,0.0,0.1331215798854828
155,0.09,0.1,0.1331215798854828
155,0.09,0.2,0.13146553933620453
155,0.12,0.0,0.1548430323600769
155,0.12,0.1,0.1548430323600769
155,0.12,0.2,0.13053682446479797
155,0.15,0.0,0.1567467302083969
155,0.15,0.1,0.1567467302083969
155,0.15,0.2,0.1281316876411438
156,0.0,0.0,0.08835598826408386
156,0.0,0.1,0.08835598826408386
156,0.0,0.2,0.10312781482934952
156,0.03,0.0,0.09977332502603531
156,0.03,0.1,0.09977332502603531
156,0.03,0.2,0.12274373322725296
156,0.06,0.0,0.11953269690275192
156,0.06,0.1,0.11953269690275192
156,0.06,0.2,0.13143038749694824
156,0.09,0.0,0.12885625660419464
156,0.09,0.1,0.12885625660419464
156,0.09,0.2,0.13331755995750427
156,0.12,0.0,0.1297333687543869
156,0.12,0.1,0.1297333687543869
156,0.12,0.2,0.13968029618263245
156,0.15,0.0,0.15138298273086548
156,0.15,0.1,0.15138298273086548
156,0.15,0.2,0.1597735434770584
157,0.0,0.0,0.08736871927976608
157,0.0,0.1,0.08736871927976608
157,0.0,0.2,0.1349930763244629
157,0.03,0.0,0.09355896711349487
157,0.03,0.1,0.09355896711349487
157,0.03,0.2,0.17024728655815125
157,0.06,0.0,0.15434932708740234
157,0.06,0.1,0.15434932708740234
157,0.06,0.2,0.20427754521369934
157,0.09,0.0,0.20806659758090973
157,0.09,0.1,0.20806659758090973
157,0.09,0.2,0.2112780660390854
157,0.12,0.0,0.23133690655231476
157,0.12,0.1,0.23133690655231476
157,0.12,0.2,0.20008476078510284
157,0.15,0.0,0.24827075004577637
157,0.15,0.1,0.24827075004577637
157,0.15,0.2,0.18905127048492432
158,0.0,0.0,0.08384774625301361
158,0.0,0.1,0.08384774625301361
158,0.0,0.2,0.08991024643182755
158,0.03,0.0,0.08450602740049362
158,0.03,0.1,0.08450602740049362
158,0.03,0.2,0.08598353713750839
158,0.06,0.0,0.09271717816591263
158,0.06,0.1,0.09271717816591263
158,0.06,0.2,0.10843794792890549
158,0.09,0.0,0.08722253888845444
158,0.09,0.1,0.08722253888845444
158,0.09,0.2,0.12006416916847229
158,0.12,0.0,0.09085949510335922
158,0.12,0.1,0.09085949510335922
158,0.12,0.2,0.12048101425170898
158,0.15,0.0,0.11215675622224808
158,0.15,0.1,0.11215675622224808
158,0.15,0.2,0.12288730591535568
159,0.0,0.0,0.09859964996576309
159,0.0,0.1,0.09859964996576309
159,0.0,0.2,0.11840593814849854
159,0.03,0.0,0.11251280456781387
159,0.03,0.1,0.11251280456781387
159,0.03,0.2,0.12456675618886948
159,0.06,0.0,0.14320944249629974
159,0.06,0.1,0.14320944249629974
159,0.06,0.2,0.13667048513889313
159,0.09,0.0,0.1495235413312912
159,0.09,0.1,0.1495235413312912
159,0.09,0.2,0.13361260294914246
159,0.12,0.0,0.13924820721149445
159,0.12,0.1,0.13924820721149445
159,0.12,0.2,0.12227310985326767
159,0.15,0.0,0.12716801464557648
159,0.15,0.1,0.12716801464557648
159,0.15,0.2,0.11701734364032745
16,0.0,0.0,0.09373828768730164
16,0.0,0.1,0.09373828768730164
16,0.0,0.2,0.09275514632463455
16,0.03,0.0,0.08523960411548615
16,0.03,0.1,0.08523960411548615
16,0.03,0.2,0.08991407603025436
16,0.06,0.0,0.09034089744091034
16,0.06,0.1,0.09034089744091034
16,0.06,0.2,0.08887656778097153
16,0.09,0.0,0.09560438990592957
16,0.09,0.1,0.09560438990592957
16,0.09,0.2,0.10004211962223053
16,0.12,0.0,0.0872284546494484
16,0.12,0.1,0.0872284546494484
16,0.12,0.2,0.09190084040164948
16,0.15,0.0,0.09262153506278992
16,0.15,0.1,0.09262153506278992
16,0.15,0.2,0.09980974346399307
160,0.0,0.0,0.09003646671772003
160,0.0,0.1,0.09003646671772003
160,0.0,0.2,0.10239741206169128
160,0.03,0.0,0.09398487955331802
160,0.03,0.1,0.09398487955331802
160,0.03,0.2,0.0996677353978157
160,0.06,0.0,0.10856638103723526
160,0.06,0.1,0.10856638103723526
160,0.06,0.2,0.1136198341846466
160,0.09,0.0,0.13373678922653198
160,0.09,0.1,0.13373678922653198
160,0.09,0.2,0.11311779171228409
160,0.12,0.0,0.1261281967163086
160,0.12,0.1,0.1261281967163086
160,0.12,0.2,0.12054856866598129
160,0.15,0.0,0.11986192315816879
160,0.15,0.1,0.11986192315816879
160,0.15,0.2,0.12268948554992676
161,0.0,0.0,0.09400282055139542
161,0.0,0.1,0.09400282055139542
161,0.0,0.2,0.14356550574302673
161,0.03,0.0,0.12347964197397232
161,0.03,0.1,0.12347964197397232
161,0.03,0.2,0.16224965453147888
161,0.06,0.0,0.15498478710651398
161,0.06,0.1,0.15498478710651398
161,0.06,0.2,0.18148596584796906
161,0.09,0.0,0.16954147815704346
161,0.09,0.1,0.16954147815704346
161,0.09,0.2,0.17893388867378235
161,0.12,0.0,0.18601326644420624
161,0.12,0.1,0.18601326644420624
161,0.12,0.2,0.18634940683841705
161,0.15,0.0,0.18339748680591583
161,0.15,0.1,0.18339748680591583
161,0.15,0.2,0.19178196787834167
162,0.0,0.0,0.08523516356945038
162,0.0,0.1,0.08523516356945038
162,0.0,0.2,0.09172449260950089
162,0.03,0.0,0.07895169407129288
162,0.03,0.1,0.07895169407129288
162,0.03,0.2,0.0975455567240715
162,0.06,0.0,0.08190933614969254
162,0.06,0.1,0.08190933614969254
162,0.06,0.2,0.1075468510389328
162,0.09,0.0,0.09622213989496231
162,0.09,0.1,0.09622213989496231
162,0.09,0.2,0.0982242003083229
162,0.12,0.0,0.09541331976652145
162,0.12,0.1,0.09541331976652145
162,0.12,0.2,0.09552617371082306
162,0.15,0.0,0.11741374433040619
162,0.15,0.1,0.11741374433040619
162,0.15,0.2,0.09324118494987488
163,0.0,0.0,0.09228183329105377
163,0.0,0.1,0.09228183329105377
163,0.0,0.2,0.15956710278987885
163,0.03,0.0,0.1256454735994339
163,0.03,0.1,0.1256454735994339
163,0.03,0.2,0.189033642411232
163,0.06,0.0,0.16482041776180267
163,0.06,0.1,0.16482041776180267
163,0.06,0.2,0.20848070085048676
163,0.09,0.0,0.1967502385377884
163,0.09,0.1,0.1967502385377884
163,0.09,0.2,0.21580840647220612
163,0.12,0.0,0.20082306861877441
163,0.12,0.1,0.20082306861877441
163,0.12,0.2,0.21312664449214935
163,0.15,0.0,0.19592204689979553
163,0.15,0.1,0.19592204689979553
163,0.15,0.2,0.19901126623153687
164,0.0,0.0,0.08819179236888885
164,0.0,0.1,0.08819179236888885
164,0.0,0.2,0.12762993574142456
164,0.03,0.0,0.09864403307437897
164,0.03,0.1,0.09864403307437897
164,0.03,0.2,0.1506105214357376
164,0.06,0.0,0.12260502576828003
164,0.06,0.1,0.12260502576828003
164,0.06,0.2,0.15636087954044342
164,0.09,0.0,0.16449344158172607
164,0.09,0.1,0.16449344158172607
164,0.09,0.2,0.16721096634864807
164,0.12,0.0,0.1780494898557663
164,0.12,0.1,0.1780494898557663
164,0.12,0.2,0.16309481859207153
164,0.15,0.0,0.1835026741027832
164,0.15,0.1,0.1835026741027832
164,0.15,0.2,0.151678204536438
165,0.0,0.0,0.0843694880604744
165,0.0,0.1,0.0843694880604744
165,0.0,0.2,0.08404499292373657
165,0.03,0.0,0.08038686215877533
165,0.03,0.1,0.08038686215877533
165,0.03,0.2,0.09613433480262756
165,0.06,0.0,0.08803176134824753
165,0.06,0.1,0.08803176134824753
165,0.06,0.2,0.0906561017036438
165,0.09,0.0,0.08638740330934525
165,0.09,0.1,0.08638740330934525
165,0.09,0.2,0.08172476291656494
165,0.12,0.0,0.10370582342147827
165,0.12,0.1,0.10370582342147827
165,0.12,0.2,0.09779896587133408
165,0.15,0.0,0.09890712052583694
165,0.15,0.1,0.09890712052583694
165,0.15,0.2,0.09764739871025085
166,0.0,0.0,0.1017131507396698
166,0.0,0.1,0.1017131507396698
166,0.0,0.2,0.1143629252910614
166,0.03,0.0,0.09255471080541611
166,0.03,0.1,0.09255471080541611
166,0.03,0.2,0.12725207209587097
166,0.06,0.0,0.11176903545856476
166,0.06,0.1,0.11176903545856476
166,0.06,0.2,0.1187710091471672
166,0.09,0.0,0.1435818076133728
166,0.09,0.1,0.1435818076133728
166,0.09,0.2,0.12705916166305542
166,0.12,0.0,0.14271146059036255
166,0.12,0.1,0.14271146059036255
166,0.12,0.2,0.12407279014587402
166,0.15,0.0,0.12240566313266754
166,0.15,0.1,0.12240566313266754
166,0.15,0.2,0.100946344435215
167,0.0,0.0,0.08707481622695923
167,0.0,0.1,0.08707481622695923
167,0.0,0.2,0.10578152537345886
167,0.03,0.0,0.08732181042432785
167,0.03,0.1,0.08732181042432785
167,0.03,0.2,0.09447549283504486
167,0.06,0.0,0.08109115809202194
167,0.06,0.1,0.08109115809202194
167,0.06,0.2,0.0953870639204979
167,0.09,0.0,0.09832243621349335
167,0.09,0.1,0.09832243621349335
167,0.09,0.2,0.09986929595470428
167,0.12,0.0,0.0925758108496666
167,0.12,0.1,0.0925758108496666
167,0.12,0.2,0.09505997598171234
167,0.15,0.0,0.08338594436645508
167,0.15,0.1,0.08338594436645508
167,0.15,0.2,0.08886552602052689
168,0.0,0.0,0.08638005703687668
168,0.0,0.1,0.08638005703687668
168,0.0,0.2,0.09457233548164368
168,0.03,0.0,0.08471266180276871
168,0.03,0.1,0.08471266180276871
168,0.03,0.2,0.11130432039499283
168,0.06,0.0,0.0926763191819191
168,0.06,0.1,0.0926763191819191
168,0.06,0.2,0.11442604660987854
168,0.09,0.0,0.11315378546714783
168,0.09,0.1,0.11315378546714783
168,0.09,0.2,0.12117522209882736
168,0.12,0.0,0.1466110646724701
168,0.12,0.1,0.1466110646724701
168,0.12,0.2,0.13065306842327118
168,0.15,0.0,0.15843603014945984
168,0.15,0.1,0.15843603014945984
168,0.15,0.2,0.1286657303571701
169,0.0,0.0,0.09680748730897903
169,0.0,0.1,0.09680748730897903
169,0.0,0.2,0.14553488790988922
169,0.03,0.0,0.1230689138174057
169,0.03,0.1,0.1230689138174057
169,0.03,0.2,0.16295431554317474
169,0.06,0.0,0.15306277573108673
169,0.06,0.1,0.15306277573108673
169,0.06,0.2,0.15885932743549347
169,0.09,0.0,0.16561295092105865
169,0.09,0.1,0.16561295092105865
169,0.09,0.2,0.16379670798778534
169,0.12,0.0,0.16010472178459167
169,0.12,0.1,0.16010472178459167
169,0.12,0.2,0.1500488519668579
169,0.15,0.0,0.17045193910598755
169,0.15,0.1,0.17045193910598755
169,0.15,0.2,0.1463109254837036
17,0.0,0.0,0.0936036929488182
17,0.0,0.1,0.0936036929488182
17,0.0,0.2,0.10546883940696716
17,0.03,0.0,0.09490260481834412
17,0.03,0.1,0.09490260481834412
17,0.03,0.2,0.10757338255643845
17,0.06,0.0,0.10357516258955002
17,0.06,0.1,0.10357516258955002
17,0.06,0.2,0.12170925736427307
17,0.09,0.0,0.1179884523153305
17,0.09,0.1,0.1179884523153305
17,0.09,0.2,0.131443053483963
17,0.12,0.0,0.12358113378286362
17,0.12,0.1,0.12358113378286362
17,0.12,0.2,0.12930433452129364
17,0.15,0.0,0.15203168988227844
17,0.15,0.1,0.15203168988227844
17,0.15,0.2,0.14274875819683075
170,0.0,0.0,0.08792530745267868
170,0.0,0.1,0.08792530745267868
170,0.0,0.2,0.13050693273544312
170,0.03,0.0,0.08703404664993286
170,0.03,0.1,0.08703404664993286
170,0.03,0.2,0.15110889077186584
170,0.06,0.0,0.14333182573318481
170,0.06,0.1,0.14333182573318481
170,0.06,0.2,0.1653434932231903
170,0.09,0.0,0.18465735018253326
170,0.09,0.1,0.18465735018253326
170,0.09,0.2,0.16861261427402496
170,0.12,0.0,0.19441869854927063
170,0.12,0.1,0.19441869854927063
170,0.12,0.2,0.1710890233516693
170,0.15,0.0,0.1635105460882187
170,0.15,0.1,0.1635105460882187
170,0.15,0.2,0.14587339758872986
171,0.0,0.0,0.08225307613611221
171,0.0,0.1,0.08225307613611221
171,0.0,0.2,0.09902764856815338
171,0.03,0.0,0.09858974814414978
171,0.03,0.1,0.09858974814414978
171,0.03,0.2,0.10500065237283707
171,0.06,0.0,0.1010911613702774
171,0.06,0.1,0.1010911613702774
171,0.06,0.2,0.10863179713487625
171,0.09,0.0,0.1157706156373024
171,0.09,0.1,0.1157706156373024
171,0.09,0.2,0.11962112039327621
171,0.12,0.0,0.12207405269145966
171,0.12,0.1,0.12207405269145966
171,0.12,0.2,0.11021509766578674
171,0.15,0.0,0.12088899314403534
171,0.15,0.1,0.12088899314403534
171,0.15,0.2,0.14092828333377838
172,0.0,0.0,0.08453158289194107
172,0.0,0.1,0.08453158289194107
172,0.0,0.2,0.11479787528514862
172,0.03,0.0,0.08757370710372925
172,0.03,0.1,0.08757370710372925
172,0.03,0.2,0.14522114396095276
172,0.06,0.0,0.1074003055691719
172,0.06,0.1,0.1074003055691719
172,0.06,0.2,0.16522233188152313
172,0.09,0.0,0.13881820440292358
172,0.09,0.1,0.13881820440292358
172,0.09,0.2,0.17539308965206146
172,0.12,0.0,0.1702132374048233
172,0.12,0.1,0.1702132374048233
172,0.12,0.2,0.17589639127254486
172,0.15,0.0,0.189603790640831
172,0.15,0.1,0.189603790640831
172,0.15,0.2,0.18301871418952942
173,0.0,0.0,0.09302887320518494
173,0.0,0.1,0.09302887320518494
173,0.0,0.2,0.17589645087718964
173,0.03,0.0,0.10887715220451355
173,0.03,0.1,0.10887715220451355
173,0.03,0.2,0.21176908910274506
173,0.06,0.0,0.17854101955890656
173,0.06,0.1,0.17854101955890656
173,0.06,0.2,0.25475117564201355
173,0.09,0.0,0.23013804852962494
173,0.09,0.1,0.23013804852962494
173,0.09,0.2,0.27177324891090393
173,0.12,0.0,0.2513168454170227
173,0.12,0.1,0.2513168454170227
173,0.12,0.2,0.25501951575279236
173,0.15,0.0,0.2511395215988159
173,0.15,0.1,0.2511395215988159
173,0.15,0.2,0.2347334921360016
174,0.0,0.0,0.09172295778989792
174,0.0,0.1,0.09172295778989792
174,0.0,0.2,0.09526389092206955
174,0.03,0.0,0.09139528125524521
174,0.03,0.1,0.09139528125524521
174,0.03,0.2,0.09296692162752151
174,0.06,0.0,0.1208488866686821
174,0.06,0.1,0.1208488866686821
174,0.06,0.2,0.10203715413808823
174,0.09,0.0,0.12097188085317612
174,0.09,0.1,0.12097188085317612
174,0.09,0.2,0.09469301253557205
174,0.12,0.0,0.11693906038999557
174,0.12,0.1,0.11693906038999557
174,0.12,0.2,0.09735744446516037
174,0.15,0.0,0.11143709719181061
174,0.15,0.1,0.11143709719181061
174,0.15,0.2,0.10854905098676682
175,0.0,0.0,0.08773817867040634
175,0.0,0.1,0.08773817867040634
175,0.0,0.2,0.09068267792463303
175,0.03,0.0,0.08487551659345627
175,0.03,0.1,0.08487551659345627
175,0.03,0.2,0.09482289850711823
175,0.06,0.0,0.08181102573871613
175,0.06,0.1,0.08181102573871613
175,0.06,0.2,0.09043817222118378
175,0.09,0.0,0.0880151018500328
175,0.09,0.1,0.0880151018500328
175,0.09,0.2,0.11845820397138596
175,0.12,0.0,0.08398961275815964
175,0.12,0.1,0.08398961275815964
175,0.12,0.2,0.10347511619329453
175,0.15,0.0,0.08866135030984879
175,0.15,0.1,0.08866135030984879
175,0.15,0.2,0.1241738349199295
176,0.0,0.0,0.10140945017337799
176,0.0,0.1,0.10140945017337799
176,0.0,0.2,0.10504785180091858
176,0.03,0.0,0.10266561061143875
176,0.03,0.1,0.10266561061143875
176,0.03,0.2,0.10865344107151031
176,0.06,0.0,0.1060076355934143
176,0.06,0.1,0.1060076355934143
176,0.06,0.2,0.11662151664495468
176,0.09,0.0,0.11622796207666397
176,0.09,0.1,0.11622796207666397
176,0.09,0.2,0.11039089411497116
176,0.12,0.0,0.11759476363658905
176,0.12,0.1,0.11759476363658905
176,0.12,0.2,0.11282652616500854
176,0.15,0.0,0.10596694052219391
176,0.15,0.1,0.10596694052219391
176,0.15,0.2,0.11295336484909058
177,0.0,0.0,0.08729925006628036
177,0.0,0.1,0.08729925006628036
177,0.0,0.2,0.08579864352941513
177,0.03,0.0,0.08618661761283875
177,0.03,0.1,0.08618661761283875
177,0.03,0.2,0.09886296093463898
177,0.06,0.0,0.09828350692987442
177,0.06,0.1,0.09828350692987442
177,0.06,0.2,0.10054460912942886
177,0.09,0.0,0.09473499655723572
177,0.09,0.1,0.09473499655723572
177,0.09,0.2,0.09402193874120712
177,0.12,0.0,0.10631023347377777
177,0.12,0.1,0.10631023347377777
177,0.12,0.2,0.11638528853654861
177,0.15,0.0,0.10107850283384323
177,0.15,0.1,0.10107850283384323
177,0.15,0.2,0.09731054306030273
178,0.0,0.0,0.08647650480270386
178,0.0,0.1,0.08647650480270386
178,0.0,0.2,0.09395577758550644
178,0.03,0.0,0.07942909747362137
178,0.03,0.1,0.07942909747362137
178,0.03,0.2,0.10827445238828659
178,0.06,0.0,0.08298462629318237
178,0.06,0.1,0.08298462629318237
178,0.06,0.2,0.1357758790254593
178,0.09,0.0,0.10323351621627808
178,0.09,0.1,0.10323351621627808
178,0.09,0.2,0.15929365158081055
178,0.12,0.0,0.14444532990455627
178,0.12,0.1,0.14444532990455627
178,0.12,0.2,0.17825329303741455
178,0.15,0.0,0.1680150032043457
178,0.15,0.1,0.1680150032043457
178,0.15,0.2,0.18044926226139069
179,0.0,0.0,0.07912670075893402
179,0.0,0.1,0.07912670075893402
179,0.0,0.2,0.0873100534081459
179,0.03,0.0,0.08800134062767029
179,0.03,0.1,0.08800134062767029
179,0.03,0.2,0.09480106085538864
179,0.06,0.0,0.10498800128698349
179,0.06,0.1,0.10498800128698349
179,0.06,0.2,0.11529650539159775
179,0.09,0.0,0.1089431568980217
179,0.09,0.1,0.1089431568980217
179,0.09,0.2,0.11038117855787277
179,0.12,0.0,0.08782267570495605
179,0.12,0.1,0.08782267570495605
179,0.12,0.2,0.08833303302526474
179,0.15,0.0,0.09244778752326965
179,0.15,0.1,0.09244778752326965
179,0.15,0.2,0.07977735996246338
18,0.0,0.0,0.08867999166250229
18,0.0,0.1,0.08867999166250229
18,0.0,0.2,0.10532955825328827
18,0.03,0.0,0.08912936598062515
18,0.03,0.1,0.08912936598062515
18,0.03,0.2,0.1266227513551712
18,0.06,0.0,0.11767477542161942
18,0.06,0.1,0.11767477542161942
18,0.06,0.2,0.13898256421089172
18,0.09,0.0,0.1383906751871109
18,0.09,0.1,0.1383906751871109
18,0.09,0.2,0.1454683542251587
18,0.12,0.0,0.14369580149650574
18,0.12,0.1,0.14369580149650574
18,0.12,0.2,0.13762299716472626
18,0.15,0.0,0.14773786067962646
18,0.15,0.1,0.14773786067962646
18,0.15,0.2,0.1328837126493454
180,0.0,0.0,0.08317434042692184
180,0.0,0.1,0.08317434042692184
180,0.0,0.2,0.10610643774271011
180,0.03,0.0,0.07877913862466812
180,0.03,0.1,0.07877913862466812
180,0.03,0.2,0.11919863522052765
180,0.06,0.0,0.09515205025672913
180,0.06,0.1,0.09515205025672913
180,0.06,0.2,0.12995576858520508
180,0.09,0.0,0.11019390821456909
180,0.09,0.1,0.11019390821456909
180,0.09,0.2,0.14400237798690796
180,0.12,0.0,0.1277502179145813
180,0.12,0.1,0.1277502179145813
180,0.12,0.2,0.1444636434316635
180,0.15,0.0,0.14613577723503113
180,0.15,0.1,0.14613577723503113
180,0.15,0.2,0.1515037566423416
181,0.0,0.0,0.08098134398460388
181,0.0,0.1,0.08098134398460388
181,0.0,0.2,0.09390990436077118
181,0.03,0.0,0.10264676809310913
181,0.03,0.1,0.10264676809310913
181,0.03,0.2,0.10328030586242676
181,0.06,0.0,0.11944631487131119
181,0.06,0.1,0.11944631487131119
181,0.06,0.2,0.09669659286737442
181,0.09,0.0,0.12278201431035995
181,0.09,0.1,0.12278201431035995
181,0.09,0.2,0.08881120383739471
181,0.12,0.0,0.09603113681077957
181,0.12,0.1,0.09603113681077957
181,0.12,0.2,0.0910707339644432
181,0.15,0.0,0.08181846141815186
181,0.15,0.1,0.08181846141815186
181,0.15,0.2,0.07991155236959457
182,0.0,0.0,0.11169050633907318
182,0.0,0.1,0.11169050633907318
182,0.0,0.2,0.1300642341375351
182,0.03,0.0,0.1041196957230568
182,0.03,0.1,0.1041196957230568
182,0.03,0.2,0.10178843140602112
182,0.06,0.0,0.10513234883546829
182,0.06,0.1,0.10513234883546829
182,0.06,0.2,0.10716624557971954
182,0.09,0.0,0.10347829759120941
182,0.09,0.1,0.10347829759120941
182,0.09,0.2,0.09810134023427963
182,0.12,0.0,0.11720168590545654
182,0.12,0.1,0.11720168590545654
182,0.12,0.2,0.11510904878377914
182,0.15,0.0,0.10873576253652573
182,0.15,0.1,0.10873576253652573
182,0.15,0.2,0.11294829845428467
183,0.0,0.0,0.08694599568843842
183,0.0,0.1,0.08694599568843842
183,0.0,0.2,0.12163153290748596
183,0.03,0.0,0.09013191610574722
183,0.03,0.1,0.09013191610574722
183,0.03,0.2,0.15106311440467834
183,0.06,0.0,0.1362425535917282
183,0.06,0.1,0.1362425535917282
183,0.06,0.2,0.16317260265350342
183,0.09,0.0,0.16931012272834778
183,0.09,0.1,0.16931012272834778
183,0.09,0.2,0.1748223751783371
183,0.12,0.0,0.17293943464756012
183,0.12,0.1,0.17293943464756012
183,0.12,0.2,0.1715763956308365
183,0.15,0.0,0.1616944670677185
183,0.15,0.1,0.1616944670677185
183,0.15,0.2,0.15076538920402527
184,0.0,0.0,0.09117919206619263
184,0.0,0.1,0.09117919206619263
184,0.0,0.2,0.09404406696557999
184,0.03,0.0,0.07938672602176666
184,0.03,0.1,0.07938672602176666
184,0.03,0.2,0.10490567982196808
184,0.06,0.0,0.09651143103837967
184,0.06,0.1,0.09651143103837967
184,0.06,0.2,0.10204490274190903
184,0.09,0.0,0.1103464812040329
184,0.09,0.1,0.1103464812040329
184,0.09,0.2,0.0922885611653328
184,0.12,0.0,0.1127508357167244
184,0.12,0.1,0.1127508357167244
184,0.12,0.2,0.09534699469804764
184,0.15,0.0,0.09385395050048828
184,0.15,0.1,0.09385395050048828
184,0.15,0.2,0.0860908031463623
185,0.0,0.0,0.08328694105148315
185,0.0,0.1,0.08328694105148315
185,0.0,0.2,0.09102876484394073
185,0.03,0.0,0.09335745126008987
185,0.03,0.1,0.09335745126008987
185,0.03,0.2,0.09415491670370102
185,0.06,0.0,0.09636295586824417
185,0.06,0.1,0.09636295586824417
185,0.06,0.2,0.10134614259004593
185,0.09,0.0,0.101340152323246
185,0.09,0.1,0.101340152323246
185,0.09,0.2,0.10101660341024399
185,0.12,0.0,0.09421374648809433
185,0.12,0.1,0.09421374648809433
185,0.12,0.2,0.09751782566308975
185,0.15,0.0,0.09425892680883408
185,0.15,0.1,0.09425892680883408
185,0.15,0.2,0.10682935267686844
186,0.0,0.0,0.09167439490556717
186,0.0,0.1,0.09167439490556717
186,0.0,0.2,0.09879032522439957
186,0.03,0.0,0.09845093637704849
186,0.03,0.1,0.09845093637704849
186,0.03,0.2,0.10397768020629883
186,0.06,0.0,0.0966188982129097
186,0.06,0.1,0.0966188982129097
186,0.06,0.2,0.09819579869508743
186,0.09,0.0,0.09807904809713364
186,0.09,0.1,0.09807904809713364
186,0.09,0.2,0.09603678435087204
186,0.12,0.0,0.0995575338602066
186,0.12,0.1,0.0995575338602066
186,0.12,0.2,0.09457407891750336
186,0.15,0.0,0.10140660405158997
186,0.15,0.1,0.10140660405158997
186,0.15,0.2,0.1014566496014595
187,0.0,0.0,0.08926425874233246
187,0.0,0.1,0.08926425874233246
187,0.0,0.2,0.13676388561725616
187,0.03,0.0,0.13234180212020874
187,0.03,0.1,0.13234180212020874
187,0.03,0.2,0.16809360682964325
187,0.06,0.0,0.1645120531320572
187,0.06,0.1,0.1645120531320572
187,0.06,0.2,0.1628943532705307
187,0.09,0.0,0.1749783754348755
187,0.09,0.1,0.1749783754348755
187,0.09,0.2,0.1513052135705948
187,0.12,0.0,0.1842738538980484
187,0.12,0.1,0.1842738538980484
187,0.12,0.2,0.17123840749263763
187,0.15,0.0,0.15991902351379395
187,0.15,0.1,0.15991902351379395
187,0.15,0.2,0.16546988487243652
188,0.0,0.0,0.09925363212823868
188,0.0,0.1,0.09925363212823868
188,0.0,0.2,0.13419592380523682
188,0.03,0.0,0.11882266402244568
188,0.03,0.1,0.11882266402244568
188,0.03,0.2,0.11945545673370361
188,0.06,0.0,0.1669996678829193
188,0.06,0.1,0.1669996678829193
188,0.06,0.2,0.13253208994865417
188,0.09,0.0,0.18386469781398773
188,0.09,0.1,0.18386469781398773
188,0.09,0.2,0.14382559061050415
188,0.12,0.0,0.159024178981781
188,0.12,0.1,0.159024178981781
188,0.12,0.2,0.1312231868505478
188,0.15,0.0,0.14100852608680725
188,0.15,0.1,0.14100852608680725
188,0.15,0.2,0.13689681887626648
189,0.0,0.0,0.09243488311767578
189,0.0,0.1,0.09243488311767578
189,0.0,0.2,0.0910777673125267
189,0.03,0.0,0.09217958897352219
189,0.03,0.1,0.09217958897352219
189,0.03,0.2,0.09193451702594757
189,0.06,0.0,0.11533645540475845
189,0.06,0.1,0.11533645540475845
189,0.06,0.2,0.11608390510082245
189,0.09,0.0,0.13437464833259583
189,0.09,0.1,0.13437464833259583
189,0.09,0.2,0.12119955569505692
189,0.12,0.0,0.12964032590389252
189,0.12,0.1,0.12964032590389252
189,0.12,0.2,0.12139313668012619
189,0.15,0.0,0.12711766362190247
189,0.15,0.1,0.12711766362190247
189,0.15,0.2,0.10815400630235672
19,0.0,0.0,0.07910284399986267
19,0.0,0.1,0.07910284399986267
19,0.0,0.2,0.09930635988712311
19,0.03,0.0,0.08652288466691971
19,0.03,0.1,0.08652288466691971
19,0.03,0.2,0.08770782500505447
19,0.06,0.0,0.08213071525096893
19,0.06,0.1,0.08213071525096893
19,0.06,0.2,0.0858573466539383
19,0.09,0.0,0.09001225978136063
19,0.09,0.1,0.09001225978136063
19,0.09,0.2,0.0958859845995903
19,0.12,0.0,0.09870694577693939
19,0.12,0.1,0.09870694577693939
19,0.12,0.2,0.10879437625408173
19,0.15,0.0,0.09717436134815216
19,0.15,0.1,0.09717436134815216
19,0.15,0.2,0.09188415110111237
190,0.0,0.0,0.08894160389900208
190,0.0,0.1,0.08894160389900208
190,0.0,0.2,0.08694279193878174
190,0.03,0.0,0.09457582980394363
190,0.03,0.1,0.09457582980394363
190,0.03,0.2,0.08206843584775925
190,0.06,0.0,0.09464390575885773
190,0.06,0.1,0.09464390575885773
190,0.06,0.2,0.10555451363325119
190,0.09,0.0,0.08434849977493286
190,0.09,0.1,0.08434849977493286
190,0.09,0.2,0.08567643910646439
190,0.12,0.0,0.08817625790834427
190,0.12,0.1,0.08817625790834427
190,0.12,0.2,0.08538056910037994
190,0.15,0.0,0.08812399208545685
190,0.15,0.1,0.08812399208545685
190,0.15,0.2,0.10069102793931961
191,0.0,0.0,0.0841929167509079
191,0.0,0.1,0.0841929167509079
191,0.0,0.2,0.1375572383403778
191,0.03,0.0,0.09760662168264389
191,0.03,0.1,0.09760662168264389
191,0.03,0.2,0.1572684943675995
191,0.06,0.0,0.15172886848449707
191,0.06,0.1,0.15172886848449707
191,0.06,0.2,0.17896254360675812
191,0.09,0.0,0.19214607775211334
191,0.09,0.1,0.19214607775211334
191,0.09,0.2,0.1910843551158905
191,0.12,0.0,0.2119002342224121
191,0.12,0.1,0.2119002342224121
191,0.12,0.2,0.1926136314868927
191,0.15,0.0,0.19263103604316711
191,0.15,0.1,0.19263103604316711
191,0.15,0.2,0.1714702844619751
192,0.0,0.0,0.09833202511072159
192,0.0,0.1,0.09833202511072159
192,0.0,0.2,0.11482200771570206
192,0.03,0.0,0.11664454638957977
192,0.03,0.1,0.11664454638957977
192,0.03,0.2,0.10987117141485214
192,0.06,0.0,0.13087525963783264
192,0.06,0.1,0.13087525963783264
192,0.06,0.2,0.11840341240167618
192,0.09,0.0,0.12637963891029358
192,0.09,0.1,0.12637963891029358
192,0.09,0.2,0.12194564938545227
192,0.12,0.0,0.1281222105026245
192,0.12,0.1,0.1281222105026245
192,0.12,0.2,0.1183311939239502
192,0.15,0.0,0.1251843422651291
192,0.15,0.1,0.1251843422651291
192,0.15,0.2,0.10465653240680695
193,0.0,0.0,0.13200673460960388
193,0.0,0.1,0.13200673460960388
193,0.0,0.2,0.14138098061084747
193,0.03,0.0,0.16970913112163544
193,0.03,0.1,0.16970913112163544
193,0.03,0.2,0.1720966100692749
193,0.06,0.0,0.13487018644809723
193,0.06,0.1,0.13487018644809723
193,0.06,0.2,0.1406373679637909
193,0.09,0.0,0.1252494901418686
193,0.09,0.1,0.1252494901418686
193,0.09,0.2,0.12960270047187805
193,0.12,0.0,0.13877946138381958
193,0.12,0.1,0.13877946138381958
193,0.12,0.2,0.14482370018959045
193,0.15,0.0,0.1500268131494522
193,0.15,0.1,0.1500268131494522
193,0.15,0.2,0.15153931081295013
194,0.0,0.0,0.0811896026134491
194,0.0,0.1,0.0811896026134491
194,0.0,0.2,0.11316606402397156
194,0.03,0.0,0.08171562850475311
194,0.03,0.1,0.08171562850475311
194,0.03,0.2,0.1422043889760971
194,0.06,0.0,0.0880490094423294
194,0.06,0.1,0.0880490094423294
194,0.06,0.2,0.15045878291130066
194,0.09,0.0,0.11100791394710541
194,0.09,0.1,0.11100791394710541
194,0.09,0.2,0.16015665233135223
194,0.12,0.0,0.15983106195926666
194,0.12,0.1,0.15983106195926666
194,0.12,0.2,0.1642521172761917
194,0.15,0.0,0.18655908107757568
194,0.15,0.1,0.18655908107757568
194,0.15,0.2,0.15744078159332275
195,0.0,0.0,0.07584453374147415
195,0.0,0.1,0.07584453374147415
195,0.0,0.2,0.0807802751660347
195,0.03,0.0,0.08522985130548477
195,0.03,0.1,0.08522985130548477
195,0.03,0.2,0.09271855652332306
195,0.06,0.0,0.08366143703460693
195,0.06,0.1,0.08366143703460693
195,0.06,0.2,0.09549432247877121
195,0.09,0.0,0.09802313148975372
195,0.09,0.1,0.09802313148975372
195,0.09,0.2,0.0872785896062851
195,0.12,0.0,0.10491509735584259
195,0.12,0.1,0.10491509735584259
195,0.12,0.2,0.09369318932294846
195,0.15,0.0,0.11020343750715256
195,0.15,0.1,0.11020343750715256
195,0.15,0.2,0.09799975156784058
196,0.0,0.0,0.09228409826755524
196,0.0,0.1,0.09228409826755524
196,0.0,0.2,0.08452166616916656
196,0.03,0.0,0.08107118308544159
196,0.03,0.1,0.08107118308544159
196,0.03,0.2,0.10331859439611435
196,0.06,0.0,0.08016544580459595
196,0.06,0.1,0.08016544580459595
196,0.06,0.2,0.11140628159046173
196,0.09,0.0,0.09736793488264084
196,0.09,0.1,0.09736793488264084
196,0.09,0.2,0.12656724452972412
196,0.12,0.0,0.10594705492258072
196,0.12,0.1,0.10594705492258072
196,0.12,0.2,0.113646000623703
196,0.15,0.0,0.11657913029193878
196,0.15,0.1,0.11657913029193878
196,0.15,0.2,0.11222296208143234
197,0.0,0.0,0.08566876500844955
197,0.0,0.1,0.08566876500844955
197,0.0,0.2,0.09197983890771866
197,0.03,0.0,0.09245330095291138
197,0.03,0.1,0.09245330095291138
197,0.03,0.2,0.10358963161706924
197,0.06,0.0,0.0924493670463562
197,0.06,0.1,0.0924493670463562
197,0.06,0.2,0.10539083927869797
197,0.09,0.0,0.11390076577663422
197,0.09,0.1,0.11390076577663422
197,0.09,0.2,0.11409015953540802
197,0.12,0.0,0.11735502630472183
197,0.12,0.1,0.11735502630472183
197,0.12,0.2,0.10714641213417053
197,0.15,0.0,0.11415857076644897
197,0.15,0.1,0.11415857076644897
197,0.15,0.2,0.10768600553274155
198,0.0,0.0,0.09763042628765106
198,0.0,0.1,0.09763042628765106
198,0.0,0.2,0.09825413674116135
198,0.03,0.0,0.08864173293113708
198,0.03,0.1,0.08864173293113708
198,0.03,0.2,0.11348680406808853
198,0.06,0.0,0.09296748787164688
198,0.06,0.1,0.09296748787164688
198,0.06,0.2,0.1258780062198639
198,0.09,0.0,0.11776092648506165
198,0.09,0.1,0.11776092648506165
198,0.09,0.2,0.13126352429389954
198,0.12,0.0,0.1325806975364685
198,0.12,0.1,0.1325806975364685
198,0.12,0.2,0.12738747894763947
198,0.15,0.0,0.14451102912425995
198,0.15,0.1,0.14451102912425995
198,0.15,0.2,0.12706172466278076
199,0.0,0.0,0.10020044445991516
199,0.0,0.1,0.10020044445991516
199,0.0,0.2,0.14324809610843658
199,0.03,0.0,0.10762336850166321
199,0.03,0.1,0.10762336850166321
199,0.03,0.2,0.15725749731063843
199,0.06,0.0,0.14726018905639648
199,0.06,0.1,0.14726018905639648
199,0.06,0.2,0.17332644760608673
199,0.09,0.0,0.19474101066589355
199,0.09,0.1,0.19474101066589355
199,0.09,0.2,0.1707468181848526
199,0.12,0.0,0.18921801447868347
199,0.12,0.1,0.18921801447868347
199,0.12,0.2,0.14651188254356384
199,0.15,0.0,0.159108966588974
199,0.15,0.1,0.159108966588974
199,0.15,0.2,0.13563069701194763
2,0.0,0.0,0.08932145684957504
2,0.0,0.1,0.08932145684957504
2,0.0,0.2,0.10173829644918442
2,0.03,0.0,0.08288747817277908
2,0.03,0.1,0.08288747817277908
2,0.03,0.2,0.10991457849740982
2,0.06,0.0,0.10308095812797546
2,0.06,0.1,0.10308095812797546
2,0.06,0.2,0.12784506380558014
2,0.09,0.0,0.11729514598846436
2,0.09,0.1,0.11729514598846436
2,0.09,0.2,0.13060690462589264
2,0.12,0.0,0.11198709160089493
2,0.12,0.1,0.11198709160089493
2,0.12,0.2,0.10871852934360504
2,0.15,0.0,0.10429112613201141
2,0.15,0.1,0.10429112613201141
2,0.15,0.2,0.0890137180685997
20,0.0,0.0,0.08654708415269852
20,0.0,0.1,0.08654708415269852
20,0.0,0.2,0.11878827214241028
20,0.03,0.0,0.09641492366790771
20,0.03,0.1,0.09641492366790771
20,0.03,0.2,0.13616061210632324
20,0.06,0.0,0.12230239808559418
20,0.06,0.1,0.12230239808559418
20,0.06,0.2,0.15124556422233582
20,0.09,0.0,0.14383713901042938
20,0.09,0.1,0.14383713901042938
20,0.09,0.2,0.16620346903800964
20,0.12,0.0,0.16100604832172394
20,0.12,0.1,0.16100604832172394
20,0.12,0.2,0.16411851346492767
20,0.15,0.0,0.16060376167297363
20,0.15,0.1,0.16060376167297363
20,0.15,0.2,0.14809463918209076
200,0.0,0.0,0.08272133022546768
200,0.0,0.1,0.08272133022546768
200,0.0,0.2,0.08574306219816208
200,0.03,0.0,0.08540692180395126
200,0.03,0.1,0.08540692180395126
200,0.03,0.2,0.08057697862386703
200,0.06,0.0,0.08562418818473816
200,0.06,0.1,0.08562418818473816
200,0.06,0.2,0.08760514855384827
200,0.09,0.0,0.09087870270013809
200,0.09,0.1,0.09087870270013809
200,0.09,0.2,0.10645580291748047
200,0.12,0.0,0.0847615972161293
200,0.12,0.1,0.0847615972161293
200,0.12,0.2,0.08690222352743149
200,0.15,0.0,0.0920051857829094
200,0.15,0.1,0.0920051857829094
200,0.15,0.2,0.08210509270429611
201,0.0,0.0,0.08237235993146896
201,0.0,0.1,0.08237235993146896
201,0.0,0.2,0.08795095235109329
201,0.03,0.0,0.08570162206888199
201,0.03,0.1,0.08570162206888199
201,0.03,0.2,0.10144259035587311
201,0.06,0.0,0.0892404094338417
201,0.06,0.1,0.0892404094338417
201,0.06,0.2,0.11439235508441925
201,0.09,0.0,0.10573334246873856
201,0.09,0.1,0.10573334246873856
201,0.09,0.2,0.1372155100107193
201,0.12,0.0,0.12092124670743942
201,0.12,0.1,0.12092124670743942
201,0.12,0.2,0.16806825995445251
201,0.15,0.0,0.11615530401468277
201,0.15,0.1,0.11615530401468277
201,0.15,0.2,0.1711910516023636
202,0.0,0.0,0.08550408482551575
202,0.0,0.1,0.08550408482551575
202,0.0,0.2,0.09713952243328094
202,0.03,0.0,0.09339295327663422
202,0.03,0.1,0.09339295327663422
202,0.03,0.2,0.12374026328325272
202,0.06,0.0,0.10532534867525101
202,0.06,0.1,0.10532534867525101
202,0.06,0.2,0.12219225615262985
202,0.09,0.0,0.11074123531579971
202,0.09,0.1,0.11074123531579971
202,0.09,0.2,0.13395121693611145
202,0.12,0.0,0.11276416480541229
202,0.12,0.1,0.11276416480541229
202,0.12,0.2,0.13379240036010742
202,0.15,0.0,0.11328655481338501
202,0.15,0.1,0.11328655481338501
202,0.15,0.2,0.13522613048553467
203,0.0,0.0,0.10139072686433792
203,0.0,0.1,0.10139072686433792
203,0.0,0.2,0.11099676787853241
203,0.03,0.0,0.09354128688573837
203,0.03,0.1,0.09354128688573837
203,0.03,0.2,0.13503074645996094
203,0.06,0.0,0.11513879895210266
203,0.06,0.1,0.11513879895210266
203,0.06,0.2,0.1487685889005661
203,0.09,0.0,0.15465831756591797
203,0.09,0.1,0.15465831756591797
203,0.09,0.2,0.1766940802335739
203,0.12,0.0,0.16897635161876678
203,0.12,0.1,0.16897635161876678
203,0.12,0.2,0.17072610557079315
203,0.15,0.0,0.1758251190185547
203,0.15,0.1,0.1758251190185547
203,0.15,0.2,0.16283538937568665
204,0.0,0.0,0.08986829221248627
204,0.0,0.1,0.08986829221248627
204,0.0,0.2,0.09314516186714172
204,0.03,0.0,0.07932540774345398
204,0.03,0.1,0.07932540774345398
204,0.03,0.2,0.09844125062227249
204,0.06,0.0,0.10018865019083023
204,0.06,0.1,0.10018865019083023
204,0.06,0.2,0.1113123744726181
204,0.09,0.0,0.12152042239904404
204,0.09,0.1,0.12152042239904404
204,0.09,0.2,0.11832471191883087
204,0.12,0.0,0.12362644821405411
204,0.12,0.1,0.12362644821405411
204,0.12,0.2,0.12129834294319153
204,0.15,0.0,0.12050960958003998
204,0.15,0.1,0.12050960958003998
204,0.15,0.2,0.12089978158473969
205,0.0,0.0,0.08763095736503601
205,0.0,0.1,0.08763095736503601
205,0.0,0.2,0.15007320046424866
205,0.03,0.0,0.11462005227804184
205,0.03,0.1,0.11462005227804184
205,0.03,0.2,0.17168745398521423
205,0.06,0.0,0.1650913655757904
205,0.06,0.1,0.1650913655757904
205,0.06,0.2,0.19719327986240387
205,0.09,0.0,0.19546042382717133
205,0.09,0.1,0.19546042382717133
205,0.09,0.2,0.20204202830791473
205,0.12,0.0,0.2080353945493698
205,0.12,0.1,0.2080353945493698
205,0.12,0.2,0.20080767571926117
205,0.15,0.0,0.19358685612678528
205,0.15,0.1,0.19358685612678528
205,0.15,0.2,0.18407440185546875
206,0.0,0.0,0.07950267195701599
206,0.0,0.1,0.07950267195701599
206,0.0,0.2,0.13220345973968506
206,0.03,0.0,0.10919134318828583
206,0.03,0.1,0.10919134318828583
206,0.03,0.2,0.1658460944890976
206,0.06,0.0,0.12716667354106903
206,0.06,0.1,0.12716667354106903
206,0.06,0.2,0.18800781667232513
206,0.09,0.0,0.1563626378774643
206,0.09,0.1,0.1563626378774643
206,0.09,0.2,0.19927453994750977
206,0.12,0.0,0.1728953719139099
206,0.12,0.1,0.1728953719139099
206,0.12,0.2,0.20348814129829407
206,0.15,0.0,0.18842601776123047
206,0.15,0.1,0.18842601776123047
206,0.15,0.2,0.2061205953359604
207,0.0,0.0,0.07728634774684906
207,0.0,0.1,0.07728634774684906
207,0.0,0.2,0.0810757502913475
207,0.03,0.0,0.08808120340108871
207,0.03,0.1,0.08808120340108871
207,0.03,0.2,0.09240951389074326
207,0.06,0.0,0.10613618791103363
207,0.06,0.1,0.10613618791103363
207,0.06,0.2,0.08754351735115051
207,0.09,0.0,0.11147147417068481
207,0.09,0.1,0.11147147417068481
207,0.09,0.2,0.0959157794713974
207,0.12,0.0,0.10012254863977432
207,0.12,0.1,0.10012254863977432
207,0.12,0.2,0.08307604491710663
207,0.15,0.0,0.08775690197944641
207,0.15,0.1,0.08775690197944641
207,0.15,0.2,0.08315151184797287
208,0.0,0.0,0.0851035863161087
208,0.0,0.1,0.0851035863161087
208,0.0,0.2,0.12773984670639038
208,0.03,0.0,0.08845318853855133
208,0.03,0.1,0.08845318853855133
208,0.03,0.2,0.14939767122268677
208,0.06,0.0,0.138615220785141
208,0.06,0.1,0.138615220785141
208,0.06,0.2,0.16470637917518616
208,0.09,0.0,0.1683235466480255
208,0.09,0.1,0.1683235466480255
208,0.09,0.2,0.17144875228405
208,0.12,0.0,0.19156581163406372
208,0.12,0.1,0.19156581163406372
208,0.12,0.2,0.18350182473659515
208,0.15,0.0,0.17066408693790436
208,0.15,0.1,0.17066408693790436
208,0.15,0.2,0.16743454337120056
209,0.0,0.0,0.09257822483778
209,0.0,0.1,0.09257822483778
209,0.0,0.2,0.09194590896368027
209,0.03,0.0,0.08535682410001755
209,0.03,0.1,0.08535682410001755
209,0.03,0.2,0.10151626914739609
209,0.06,0.0,0.0945248082280159
209,0.06,0.1,0.0945248082280159
209,0.06,0.2,0.12089575827121735
209,0.09,0.0,0.08655165135860443
209,0.09,0.1,0.08655165135860443
209,0.09,0.2,0.1244804710149765
209,0.12,0.0,0.13496333360671997
209,0.12,0.1,0.13496333360671997
209,0.12,0.2,0.14057397842407227
209,0.15,0.0,0.15394535660743713
209,0.15,0.1,0.15394535660743713
209,0.15,0.2,0.13609011471271515
21,0.0,0.0,0.09512252360582352
21,0.0,0.1,0.09512252360582352
21,0.0,0.2,0.09581881761550903
21,0.03,0.0,0.08902989327907562
21,0.03,0.1,0.08902989327907562
21,0.03,0.2,0.08625151962041855
21,0.06,0.0,0.08273093402385712
21,0.06,0.1,0.08273093402385712
21,0.06,0.2,0.09248371422290802
21,0.09,0.0,0.09873978048563004
21,0.09,0.1,0.09873978048563004
21,0.09,0.2,0.11381538957357407
21,0.12,0.0,0.10933876037597656
21,0.12,0.1,0.10933876037597656
21,0.12,0.2,0.1198040321469307
21,0.15,0.0,0.10614180564880371
21,0.15,0.1,0.10614180564880371
21,0.15,0.2,0.11826571077108383
210,0.0,0.0,0.10162711143493652
210,0.0,0.1,0.10162711143493652
210,0.0,0.2,0.17695719003677368
210,0.03,0.0,0.16125692427158356
210,0.03,0.1,0.16125692427158356
210,0.03,0.2,0.20221693813800812
210,0.06,0.0,0.1945715695619583
210,0.06,0.1,0.1945715695619583
210,0.06,0.2,0.21317079663276672
210,0.09,0.0,0.2179321050643921
210,0.09,0.1,0.2179321050643921
210,0.09,0.2,0.2098536640405655
210,0.12,0.0,0.21375373005867004
210,0.12,0.1,0.21375373005867004
210,0.12,0.2,0.19554643332958221
210,0.15,0.0,0.2068791538476944
210,0.15,0.1,0.2068791538476944
210,0.15,0.2,0.1968812644481659
211,0.0,0.0,0.10614536702632904
211,0.0,0.1,0.10614536702632904
211,0.0,0.2,0.13605134189128876
211,0.03,0.0,0.11024101078510284
211,0.03,0.1,0.11024101078510284
211,0.03,0.2,0.15352576971054077
211,0.06,0.0,0.14610698819160461
211,0.06,0.1,0.14610698819160461
211,0.06,0.2,0.17451991140842438
211,0.09,0.0,0.18555408716201782
211,0.09,0.1,0.18555408716201782
211,0.09,0.2,0.1940148025751114
211,0.12,0.0,0.19211921095848083
211,0.12,0.1,0.19211921095848083
211,0.12,0.2,0.1914762556552887
211,0.15,0.0,0.19412314891815186
211,0.15,0.1,0.19412314891815186
211,0.15,0.2,0.1864539086818695
212,0.0,0.0,0.09040050953626633
212,0.0,0.1,0.09040050953626633
212,0.0,0.2,0.08813939988613129
212,0.03,0.0,0.09724099189043045
212,0.03,0.1,0.09724099189043045
212,0.03,0.2,0.0917249321937561
212,0.06,0.0,0.10162272304296494
212,0.06,0.1,0.10162272304296494
212,0.06,0.2,0.10423213243484497
212,0.09,0.0,0.09548050165176392
212,0.09,0.1,0.09548050165176392
212,0.09,0.2,0.10987567901611328
212,0.12,0.0,0.104087233543396
212,0.12,0.1,0.104087233543396
212,0.12,0.2,0.09922434389591217
212,0.15,0.0,0.11698613315820694
212,0.15,0.1,0.11698613315820694
212,0.15,0.2,0.09534243494272232
213,0.0,0.0,0.08134379237890244
213,0.0,0.1,0.08134379237890244
213,0.0,0.2,0.0923423022031784
213,0.03,0.0,0.07650869339704514
213,0.03,0.1,0.07650869339704514
213,0.03,0.2,0.088901586830616
213,0.06,0.0,0.10863679647445679
213,0.06,0.1,0.10863679647445679
213,0.06,0.2,0.0880407765507698
213,0.09,0.0,0.12811581790447235
213,0.09,0.1,0.12811581790447235
213,0.09,0.2,0.09298167377710342
213,0.12,0.0,0.11249307543039322
213,0.12,0.1,0.11249307543039322
213,0.12,0.2,0.08802392333745956
213,0.15,0.0,0.08504179865121841
213,0.15,0.1,0.08504179865121841
213,0.15,0.2,0.08850715309381485
214,0.0,0.0,0.12322703748941422
214,0.0,0.1,0.12322703748941422
214,0.0,0.2,0.15882830321788788
214,0.03,0.0,0.16888132691383362
214,0.03,0.1,0.16888132691383362
214,0.03,0.2,0.16013909876346588
214,0.06,0.0,0.20040808618068695
214,0.06,0.1,0.20040808618068695
214,0.06,0.2,0.16755980253219604
214,0.09,0.0,0.21327146887779236
214,0.09,0.1,0.21327146887779236
214,0.09,0.2,0.18219368159770966
214,0.12,0.0,0.21325626969337463
214,0.12,0.1,0.21325626969337463
214,0.12,0.2,0.1778438240289688
214,0.15,0.0,0.19267812371253967
214,0.15,0.1,0.19267812371253967
214,0.15,0.2,0.16274245083332062
215,0.0,0.0,0.07865981757640839
215,0.0,0.1,0.07865981757640839
215,0.0,0.2,0.08729925006628036
215,0.03,0.0,0.09081502258777618
215,0.03,0.1,0.09081502258777618
215,0.03,0.2,0.08332782238721848
215,0.06,0.0,0.08163125813007355
215,0.06,0.1,0.08163125813007355
215,0.06,0.2,0.08363047987222672
215,0.09,0.0,0.0821511521935463
215,0.09,0.1,0.0821511521935463
215,0.09,0.2,0.08663763105869293
215,0.12,0.0,0.08655793964862823
215,0.12,0.1,0.08655793964862823
215,0.12,0.2,0.08484933525323868
215,0.15,0.0,0.08671922981739044
215,0.15,0.1,0.08671922981739044
215,0.15,0.2,0.09507247805595398
216,0.0,0.0,0.09741368144750595
216,0.0,0.1,0.09741368144750595
216,0.0,0.2,0.09598755091428757
216,0.03,0.0,0.08184189349412918
216,0.03,0.1,0.08184189349412918
216,0.03,0.2,0.0877528041601181
216,0.06,0.0,0.08467942476272583
216,0.06,0.1,0.08467942476272583
216,0.06,0.2,0.1095130518078804
216,0.09,0.0,0.1080685555934906
216,0.09,0.1,0.1080685555934906
216,0.09,0.2,0.1177910640835762
216,0.12,0.0,0.11734742671251297
216,0.12,0.1,0.11734742671251297
216,0.12,0.2,0.13416820764541626
216,0.15,0.0,0.12113310396671295
216,0.15,0.1,0.12113310396671295
216,0.15,0.2,0.11448826640844345
217,0.0,0.0,0.09230923652648926
217,0.0,0.1,0.09230923652648926
217,0.0,0.2,0.08957426249980927
217,0.03,0.0,0.092129647731781
217,0.03,0.1,0.092129647731781
217,0.03,0.2,0.09642543643712997
217,0.06,0.0,0.10279479622840881
217,0.06,0.1,0.10279479622840881
217,0.06,0.2,0.10000115633010864
217,0.09,0.0,0.10116105526685715
217,0.09,0.1,0.10116105526685715
217,0.09,0.2,0.09884809702634811
217,0.12,0.0,0.1002776250243187
217,0.12,0.1,0.1002776250243187
217,0.12,0.2,0.11058121174573898
217,0.15,0.0,0.09717893600463867
217,0.15,0.1,0.09717893600463867
217,0.15,0.2,0.10329315066337585
218,0.0,0.0,0.09494388103485107
218,0.0,0.1,0.09494388103485107
218,0.0,0.2,0.10577955842018127
218,0.03,0.0,0.08988218009471893
218,0.03,0.1,0.08988218009471893
218,0.03,0.2,0.11008810251951218
218,0.06,0.0,0.09658314287662506
218,0.06,0.1,0.09658314287662506
218,0.06,0.2,0.11104505509138107
218,0.09,0.0,0.11382237821817398
218,0.09,0.1,0.11382237821817398
218,0.09,0.2,0.12246063351631165
218,0.12,0.0,0.12848109006881714
218,0.12,0.1,0.12848109006881714
218,0.12,0.2,0.12447749823331833
218,0.15,0.0,0.1324254870414734
218,0.15,0.1,0.1324254870414734
218,0.15,0.2,0.11821179836988449
219,0.0,0.0,0.09382376074790955
219,0.0,0.1,0.09382376074790955
219,0.0,0.2,0.11190446466207504
219,0.03,0.0,0.09144636243581772
219,0.03,0.1,0.09144636243581772
219,0.03,0.2,0.0979563295841217
219,0.06,0.0,0.09855081140995026
219,0.06,0.1,0.09855081140995026
219,0.06,0.2,0.11846485733985901
219,0.09,0.0,0.1042020246386528
219,0.09,0.1,0.1042020246386528
219,0.09,0.2,0.13036304712295532
219,0.12,0.0,0.11180175095796585
219,0.12,0.1,0.11180175095796585
219,0.12,0.2,0.12986916303634644
219,0.15,0.0,0.1180376410484314
219,0.15,0.1,0.1180376410484314
219,0.15,0.2,0.15557332336902618
22,0.0,0.0,0.10031667351722717
22,0.0,0.1,0.10031667351722717
22,0.0,0.2,0.12957856059074402
22,0.03,0.0,0.10250141471624374
22,0.03,0.1,0.10250141471624374
22,0.03,0.2,0.14909784495830536
22,0.06,0.0,0.14067918062210083
22,0.06,0.1,0.14067918062210083
22,0.06,0.2,0.1610804945230484
22,0.09,0.0,0.1735081821680069
22,0.09,0.1,0.1735081821680069
22,0.09,0.2,0.16368232667446136
22,0.12,0.0,0.19055381417274475
22,0.12,0.1,0.19055381417274475
22,0.12,0.2,0.1601192206144333
22,0.15,0.0,0.18650314211845398
22,0.15,0.1,0.18650314211845398
22,0.15,0.2,0.15673872828483582
220,0.0,0.0,0.08457128703594208
220,0.0,0.1,0.08457128703594208
220,0.0,0.2,0.11496789753437042
220,0.03,0.0,0.11075714975595474
220,0.03,0.1,0.11075714975595474
220,0.03,0.2,0.13889175653457642
220,0.06,0.0,0.14365485310554504
220,0.06,0.1,0.14365485310554504
220,0.06,0.2,0.1656152904033661
220,0.09,0.0,0.15628862380981445
220,0.09,0.1,0.15628862380981445
220,0.09,0.2,0.1609746217727661
220,0.12,0.0,0.15521271526813507
220,0.12,0.1,0.15521271526813507
220,0.12,0.2,0.14708352088928223
220,0.15,0.0,0.16133446991443634
220,0.15,0.1,0.16133446991443634
220,0.15,0.2,0.146670401096344
221,0.0,0.0,0.10849453508853912
221,0.0,0.1,0.10849453508853912
221,0.0,0.2,0.11815887689590454
221,0.03,0.0,0.11132505536079407
221,0.03,0.1,0.11132505536079407
221,0.03,0.2,0.12455839663743973
221,0.06,0.0,0.10731278359889984
221,0.06,0.1,0.10731278359889984
221,0.06,0.2,0.10301992297172546
221,0.09,0.0,0.10789109766483307
221,0.09,0.1,0.10789109766483307
221,0.09,0.2,0.10714937746524811
221,0.12,0.0,0.1111193299293518
221,0.12,0.1,0.1111193299293518
221,0.12,0.2,0.11303263902664185
221,0.15,0.0,0.10822529345750809
221,0.15,0.1,0.10822529345750809
221,0.15,0.2,0.10752543807029724
222,0.0,0.0,0.0838954970240593
222,0.0,0.1,0.0838954970240593
222,0.0,0.2,0.147735133767128
222,0.03,0.0,0.12329438328742981
222,0.03,0.1,0.12329438328742981
222,0.03,0.2,0.18671216070652008
222,0.06,0.0,0.18488673865795135
222,0.06,0.1,0.18488673865795135
222,0.06,0.2,0.2134670913219452
222,0.09,0.0,0.22461342811584473
222,0.09,0.1,0.22461342811584473
222,0.09,0.2,0.2197168618440628
222,0.12,0.0,0.23726129531860352
222,0.12,0.1,0.23726129531860352
222,0.12,0.2,0.2129567712545395
222,0.15,0.0,0.2302548885345459
222,0.15,0.1,0.2302548885345459
222,0.15,0.2,0.2006903439760208
223,0.0,0.0,0.07902373373508453
223,0.0,0.1,0.07902373373508453
223,0.0,0.2,0.09761492908000946
223,0.03,0.0,0.08109843730926514
223,0.03,0.1,0.08109843730926514
223,0.03,0.2,0.09994872659444809
223,0.06,0.0,0.10147551447153091
223,0.06,0.1,0.10147551447153091
223,0.06,0.2,0.08440142869949341
223,0.09,0.0,0.0941273644566536
223,0.09,0.1,0.0941273644566536
223,0.09,0.2,0.09070190042257309
223,0.12,0.0,0.09387523680925369
223,0.12,0.1,0.09387523680925369
223,0.12,0.2,0.11933143436908722
223,0.15,0.0,0.0903526172041893
223,0.15,0.1,0.0903526172041893
223,0.15,0.2,0.12847715616226196
224,0.0,0.0,0.09010812640190125
224,0.0,0.1,0.09010812640190125
224,0.0,0.2,0.10189921408891678
224,0.03,0.0,0.08104491233825684
224,0.03,0.1,0.08104491233825684
224,0.03,0.2,0.09440676122903824
224,0.06,0.0,0.08807134628295898
224,0.06,0.1,0.08807134628295898
224,0.06,0.2,0.09428045898675919
224,0.09,0.0,0.10161831229925156
224,0.09,0.1,0.10161831229925156
224,0.09,0.2,0.09444619715213776
224,0.12,0.0,0.09939783066511154
224,0.12,0.1,0.09939783066511154
224,0.12,0.2,0.09657121449708939
224,0.15,0.0,0.08788340538740158
224,0.15,0.1,0.08788340538740158
224,0.15,0.2,0.08574999868869781
225,0.0,0.0,0.09854506701231003
225,0.0,0.1,0.09854506701231003
225,0.0,0.2,0.11385013908147812
225,0.03,0.0,0.08414149284362793
225,0.03,0.1,0.08414149284362793
225,0.03,0.2,0.13877002894878387
225,0.06,0.0,0.09894771873950958
225,0.06,0.1,0.09894771873950958
225,0.06,0.2,0.14587488770484924
225,0.09,0.0,0.12505222856998444
225,0.09,0.1,0.12505222856998444
225,0.09,0.2,0.15121474862098694
225,0.12,0.0,0.16453857719898224
225,0.12,0.1,0.16453857719898224
225,0.12,0.2,0.1646796464920044
225,0.15,0.0,0.16986806690692902
225,0.15,0.1,0.16986806690692902
225,0.15,0.2,0.15317773818969727
226,0.0,0.0,0.08896180987358093
226,0.0,0.1,0.08896180987358093
226,0.0,0.2,0.08853615820407867
226,0.03,0.0,0.08139524608850479
226,0.03,0.1,0.08139524608850479
226,0.03,0.2,0.09441287815570831
226,0.06,0.0,0.0898129940032959
226,0.06,0.1,0.0898129940032959
226,0.06,0.2,0.10891755670309067
226,0.09,0.0,0.09365672618150711
226,0.09,0.1,0.09365672618150711
226,0.09,0.2,0.1127479299902916
226,0.12,0.0,0.10107167810201645
226,0.12,0.1,0.10107167810201645
226,0.12,0.2,0.11395562440156937
226,0.15,0.0,0.11350816488265991
226,0.15,0.1,0.11350816488265991
226,0.15,0.2,0.11092033982276917
227,0.0,0.0,0.0831356942653656
227,0.0,0.1,0.0831356942653656
227,0.0,0.2,0.0894126445055008
227,0.03,0.0,0.09291479736566544
227,0.03,0.1,0.09291479736566544
227,0.03,0.2,0.08900585025548935
227,0.06,0.0,0.1080574244260788
227,0.06,0.1,0.1080574244260788
227,0.06,0.2,0.08593316376209259
227,0.09,0.0,0.08518866449594498
227,0.09,0.1,0.08518866449594498
227,0.09,0.2,0.0936862900853157
227,0.12,0.0,0.0798824280500412
227,0.12,0.1,0.0798824280500412
227,0.12,0.2,0.08116139471530914
227,0.15,0.0,0.0925246924161911
227,0.15,0.1,0.0925246924161911
227,0.15,0.2,0.08595271408557892
228,0.0,0.0,0.10223179310560226
228,0.0,0.1,0.10223179310560226
228,0.0,0.2,0.09956094622612
228,0.03,0.0,0.08322408050298691
228,0.03,0.1,0.08322408050298691
228,0.03,0.2,0.09006983786821365
228,0.06,0.0,0.08983692526817322
228,0.06,0.1,0.08983692526817322
228,0.06,0.2,0.12807399034500122
228,0.09,0.0,0.10134095698595047
228,0.09,0.1,0.10134095698595047
228,0.09,0.2,0.13900226354599
228,0.12,0.0,0.11398196220397949
228,0.12,0.1,0.11398196220397949
228,0.12,0.2,0.13814176619052887
228,0.15,0.0,0.14156031608581543
228,0.15,0.1,0.14156031608581543
228,0.15,0.2,0.1502433717250824
229,0.0,0.0,0.09502674639225006
229,0.0,0.1,0.09502674639225006
229,0.0,0.2,0.10354547947645187
229,0.03,0.0,0.10208077728748322
229,0.03,0.1,0.10208077728748322
229,0.03,0.2,0.1138593852519989
229,0.06,0.0,0.12276151031255722
229,0.06,0.1,0.12276151031255722
229,0.06,0.2,0.11833910644054413
229,0.09,0.0,0.13384349644184113
229,0.09,0.1,0.13384349644184113
229,0.09,0.2,0.12651218473911285
229,0.12,0.0,0.11603918671607971
229,0.12,0.1,0.11603918671607971
229,0.12,0.2,0.10673744231462479
229,0.15,0.0,0.11480505764484406
229,0.15,0.1,0.11480505764484406
229,0.15,0.2,0.10890528559684753
23,0.0,0.0,0.09394267201423645
23,0.0,0.1,0.09394267201423645
23,0.0,0.2,0.09322436898946762
23,0.03,0.0,0.08882869780063629
23,0.03,0.1,0.08882869780063629
23,0.03,0.2,0.10014627873897552
23,0.06,0.0,0.09728735685348511
23,0.06,0.1,0.09728735685348511
23,0.06,0.2,0.11729515343904495
23,0.09,0.0,0.10203754156827927
23,0.09,0.1,0.10203754156827927
23,0.09,0.2,0.11792656034231186
23,0.12,0.0,0.10450851172208786
23,0.12,0.1,0.10450851172208786
23,0.12,0.2,0.11749611794948578
23,0.15,0.0,0.10975337773561478
23,0.15,0.1,0.10975337773561478
23,0.15,0.2,0.11585206538438797
230,0.0,0.0,0.08497264981269836
230,0.0,0.1,0.08497264981269836
230,0.0,0.2,0.15094971656799316
230,0.03,0.0,0.12268571555614471
230,0.03,0.1,0.12268571555614471
230,0.03,0.2,0.1846456229686737
230,0.06,0.0,0.1761385053396225
230,0.06,0.1,0.1761385053396225
230,0.06,0.2,0.2062084823846817
230,0.09,0.0,0.2127125859260559
230,0.09,0.1,0.2127125859260559
230,0.09,0.2,0.19974973797798157
230,0.12,0.0,0.22957532107830048
230,0.12,0.1,0.22957532107830048
230,0.12,0.2,0.1899581104516983
230,0.15,0.0,0.21556200087070465
230,0.15,0.1,0.21556200087070465
230,0.15,0.2,0.17658910155296326
231,0.0,0.0,0.08306528627872467
231,0.0,0.1,0.08306528627872467
231,0.0,0.2,0.08445513993501663
231,0.03,0.0,0.07931005209684372
231,0.03,0.1,0.07931005209684372
231,0.03,0.2,0.08748695254325867
231,0.06,0.0,0.09577134251594543
231,0.06,0.1,0.09577134251594543
231,0.06,0.2,0.08977226912975311
231,0.09,0.0,0.08002861589193344
231,0.09,0.1,0.08002861589193344
231,0.09,0.2,0.09029038995504379
231,0.12,0.0,0.09389059245586395
231,0.12,0.1,0.09389059245586395
231,0.12,0.2,0.09507988393306732
231,0.15,0.0,0.09565754979848862
231,0.15,0.1,0.09565754979848862
231,0.15,0.2,0.09495824575424194
232,0.0,0.0,0.0853167176246643
232,0.0,0.1,0.0853167176246643
232,0.0,0.2,0.12985803186893463
232,0.03,0.0,0.07848247140645981
232,0.03,0.1,0.07848247140645981
232,0.03,0.2,0.14256972074508667
232,0.06,0.0,0.14370760321617126
232,0.06,0.1,0.14370760321617126
232,0.06,0.2,0.1618850827217102
232,0.09,0.0,0.1840452253818512
232,0.09,0.1,0.1840452253818512
232,0.09,0.2,0.16256500780582428
232,0.12,0.0,0.2032075971364975
232,0.12,0.1,0.2032075971364975
232,0.12,0.2,0.15992367267608643
232,0.15,0.0,0.17750029265880585
232,0.15,0.1,0.17750029265880585
232,0.15,0.2,0.1399330496788025
233,0.0,0.0,0.10188543796539307
233,0.0,0.1,0.10188543796539307
233,0.0,0.2,0.16784480214118958
233,0.03,0.0,0.1479991227388382
233,0.03,0.1,0.1479991227388382
233,0.03,0.2,0.19024525582790375
233,0.06,0.0,0.17835837602615356
233,0.06,0.1,0.17835837602615356
233,0.06,0.2,0.19524191319942474
233,0.09,0.0,0.2072909027338028
233,0.09,0.1,0.2072909027338028
233,0.09,0.2,0.2090577632188797
233,0.12,0.0,0.20333604514598846
233,0.12,0.1,0.20333604514598846
233,0.12,0.2,0.19526900351047516
233,0.15,0.0,0.18158049881458282
233,0.15,0.1,0.18158049881458282
233,0.15,0.2,0.1715763509273529
234,0.0,0.0,0.09073587507009506
234,0.0,0.1,0.09073587507009506
234,0.0,0.2,0.10149341821670532
234,0.03,0.0,0.09293965995311737
234,0.03,0.1,0.09293965995311737
234,0.03,0.2,0.11494355648756027
234,0.06,0.0,0.11583244055509567
234,0.06,0.1,0.11583244055509567
234,0.06,0.2,0.11113835126161575
234,0.09,0.0,0.12006566673517227
234,0.09,0.1,0.12006566673517227
234,0.09,0.2,0.10684699565172195
234,0.12,0.0,0.12721799314022064
234,0.12,0.1,0.12721799314022064
234,0.12,0.2,0.09563572704792023
234,0.15,0.0,0.12042621523141861
234,0.15,0.1,0.12042621523141861
234,0.15,0.2,0.08610081672668457
235,0.0,0.0,0.09606887400150299
235,0.0,0.1,0.09606887400150299
235,0.0,0.2,0.09477224200963974
235,0.03,0.0,0.07958163321018219
235,0.03,0.1,0.07958163321018219
235,0.03,0.2,0.09326596558094025
235,0.06,0.0,0.09031520038843155
235,0.06,0.1,0.09031520038843155
235,0.06,0.2,0.08757442981004715
235,0.09,0.0,0.09528736025094986
235,0.09,0.1,0.09528736025094986
235,0.09,0.2,0.08738129585981369
235,0.12,0.0,0.10772807151079178
235,0.12,0.1,0.10772807151079178
235,0.12,0.2,0.1049160286784172
235,0.15,0.0,0.10508864372968674
235,0.15,0.1,0.10508864372968674
235,0.15,0.2,0.10271584242582321
236,0.0,0.0,0.07834693044424057
236,0.0,0.1,0.07834693044424057
236,0.0,0.2,0.09183833003044128
236,0.03,0.0,0.09549826383590698
236,0.03,0.1,0.09549826383590698
236,0.03,0.2,0.11229649186134338
236,0.06,0.0,0.09556479007005692
236,0.06,0.1,0.09556479007005692
236,0.06,0.2,0.11000092327594757
236,0.09,0.0,0.10045451670885086
236,0.09,0.1,0.10045451670885086
236,0.09,0.2,0.11077368259429932
236,0.12,0.0,0.1065220907330513
236,0.12,0.1,0.1065220907330513
236,0.12,0.2,0.09977410733699799
236,0.15,0.0,0.11273963004350662
236,0.15,0.1,0.11273963004350662
236,0.15,0.2,0.12491603195667267
237,0.0,0.0,0.09249335527420044
237,0.0,0.1,0.09249335527420044
237,0.0,0.2,0.14127467572689056
237,0.03,0.0,0.10819312185049057
237,0.03,0.1,0.10819312185049057
237,0.03,0.2,0.14241541922092438
237,0.06,0.0,0.15093903243541718
237,0.06,0.1,0.15093903243541718
237,0.06,0.2,0.14762163162231445
237,0.09,0.0,0.17586897313594818
237,0.09,0.1,0.17586897313594818
237,0.09,0.2,0.15801917016506195
237,0.12,0.0,0.17432406544685364
237,0.12,0.1,0.17432406544685364
237,0.12,0.2,0.15076929330825806
237,0.15,0.0,0.15502654016017914
237,0.15,0.1,0.15502654016017914
237,0.15,0.2,0.13130713999271393
238,0.0,0.0,0.07987360656261444
238,0.0,0.1,0.07987360656261444
238,0.0,0.2,0.1608368307352066
238,0.03,0.0,0.10894308239221573
238,0.03,0.1,0.10894308239221573
238,0.03,0.2,0.19756565988063812
238,0.06,0.0,0.15751612186431885
238,0.06,0.1,0.15751612186431885
238,0.06,0.2,0.2118280529975891
238,0.09,0.0,0.19881322979927063
238,0.09,0.1,0.19881322979927063
238,0.09,0.2,0.21605969965457916
238,0.12,0.0,0.22912411391735077
238,0.12,0.1,0.22912411391735077
238,0.12,0.2,0.22375692427158356
238,0.15,0.0,0.22315123677253723
238,0.15,0.1,0.22315123677253723
238,0.15,0.2,0.2091618925333023
239,0.0,0.0,0.09341468662023544
239,0.0,0.1,0.09341468662023544
239,0.0,0.2,0.09880594164133072
239,0.03,0.0,0.09200354665517807
239,0.03,0.1,0.09200354665517807
239,0.03,0.2,0.12466596812009811
239,0.06,0.0,0.11401253193616867
239,0.06,0.1,0.11401253193616867
239,0.06,0.2,0.13023200631141663
239,0.09,0.0,0.1396399289369583
239,0.09,0.1,0.1396399289369583
239,0.09,0.2,0.13473735749721527
239,0.12,0.0,0.1520063579082489
239,0.12,0.1,0.1520063579082489
239,0.12,0.2,0.1196342185139656
239,0.15,0.0,0.15423834323883057
239,0.15,0.1,0.15423834323883057
239,0.15,0.2,0.12236520648002625
24,0.0,0.0,0.09555833786725998
24,0.0,0.1,0.09555833786725998
24,0.0,0.2,0.15287435054779053
24,0.03,0.0,0.12930116057395935
24,0.03,0.1,0.12930116057395935
24,0.03,0.2,0.18219387531280518
24,0.06,0.0,0.16324609518051147
24,0.06,0.1,0.16324609518051147
24,0.06,0.2,0.1871090680360794
24,0.09,0.0,0.19227097928524017
24,0.09,0.1,0.19227097928524017
24,0.09,0.2,0.19025066494941711
24,0.12,0.0,0.20833854377269745
24,0.12,0.1,0.20833854377269745
24,0.12,0.2,0.19536474347114563
24,0.15,0.0,0.19406485557556152
24,0.15,0.1,0.19406485557556152
24,0.15,0.2,0.1758686602115631
240,0.0,0.0,0.09551945328712463
240,0.0,0.1,0.09551945328712463
240,0.0,0.2,0.12059902399778366
240,0.03,0.0,0.10288449376821518
240,0.03,0.1,0.10288449376821518
240,0.03,0.2,0.13622181117534637
240,0.06,0.0,0.1383342295885086
240,0.06,0.1,0.1383342295885086
240,0.06,0.2,0.1532692015171051
240,0.09,0.0,0.1592775285243988
240,0.09,0.1,0.1592775285243988
240,0.09,0.2,0.15105469524860382
240,0.12,0.0,0.16672289371490479
240,0.12,0.1,0.16672289371490479
240,0.12,0.2,0.15919283032417297
240,0.15,0.0,0.18287327885627747
240,0.15,0.1,0.18287327885627747
240,0.15,0.2,0.1467355638742447
241,0.0,0.0,0.09112896770238876
241,0.0,0.1,0.09112896770238876
241,0.0,0.2,0.12931999564170837
241,0.03,0.0,0.09355785697698593
241,0.03,0.1,0.09355785697698593
241,0.03,0.2,0.1489408165216446
241,0.06,0.0,0.11970837414264679
241,0.06,0.1,0.11970837414264679
241,0.06,0.2,0.16168557107448578
241,0.09,0.0,0.14981582760810852
241,0.09,0.1,0.14981582760810852
241,0.09,0.2,0.18641364574432373
241,0.12,0.0,0.16207356750965118
241,0.12,0.1,0.16207356750965118
241,0.12,0.2,0.18838675320148468
241,0.15,0.0,0.18106241524219513
241,0.15,0.1,0.18106241524219513
241,0.15,0.2,0.1821805238723755
242,0.0,0.0,0.07983052730560303
242,0.0,0.1,0.07983052730560303
242,0.0,0.2,0.0903649553656578
242,0.03,0.0,0.09417328983545303
242,0.03,0.1,0.09417328983545303
242,0.03,0.2,0.10263986885547638
242,0.06,0.0,0.09843147546052933
242,0.06,0.1,0.09843147546052933
242,0.06,0.2,0.12995541095733643
242,0.09,0.0,0.13395585119724274
242,0.09,0.1,0.13395585119724274
242,0.09,0.2,0.1365278661251068
242,0.12,0.0,0.1354643851518631
242,0.12,0.1,0.1354643851518631
242,0.12,0.2,0.13812656700611115
242,0.15,0.0,0.11830544471740723
242,0.15,0.1,0.11830544471740723
242,0.15,0.2,0.12595613300800323
243,0.0,0.0,0.08730848878622055
243,0.0,0.1,0.08730848878622055
243,0.0,0.2,0.10778748989105225
243,0.03,0.0,0.08552678674459457
243,0.03,0.1,0.08552678674459457
243,0.03,0.2,0.12211157381534576
243,0.06,0.0,0.11079654842615128
243,0.06,0.1,0.11079654842615128
243,0.06,0.2,0.14714133739471436
243,0.09,0.0,0.13253407180309296
243,0.09,0.1,0.13253407180309296
243,0.09,0.2,0.15057523548603058
243,0.12,0.0,0.14611275494098663
243,0.12,0.1,0.14611275494098663
243,0.12,0.2,0.14510050415992737
243,0.15,0.0,0.16469840705394745
243,0.15,0.1,0.16469840705394745
243,0.15,0.2,0.1583574414253235
244,0.0,0.0,0.09722184389829636
244,0.0,0.1,0.09722184389829636
244,0.0,0.2,0.09794272482395172
244,0.03,0.0,0.0832984521985054
244,0.03,0.1,0.0832984521985054
244,0.03,0.2,0.10384974628686905
244,0.06,0.0,0.09036964178085327
244,0.06,0.1,0.09036964178085327
244,0.06,0.2,0.13108552992343903
244,0.09,0.0,0.09325884282588959
244,0.09,0.1,0.09325884282588959
244,0.09,0.2,0.13004350662231445
244,0.12,0.0,0.10476984083652496
244,0.12,0.1,0.10476984083652496
244,0.12,0.2,0.12193015217781067
244,0.15,0.0,0.1322617083787918
244,0.15,0.1,0.1322617083787918
244,0.15,0.2,0.13190560042858124
245,0.0,0.0,0.08785968273878098
245,0.0,0.1,0.08785968273878098
245,0.0,0.2,0.1255183070898056
245,0.03,0.0,0.09666496515274048
245,0.03,0.1,0.09666496515274048
245,0.03,0.2,0.15281254053115845
245,0.06,0.0,0.1276971846818924
245,0.06,0.1,0.1276971846818924
245,0.06,0.2,0.16527679562568665
245,0.09,0.0,0.16162748634815216
245,0.09,0.1,0.16162748634815216
245,0.09,0.2,0.1770179718732834
245,0.12,0.0,0.17786924540996552
245,0.12,0.1,0.17786924540996552
245,0.12,0.2,0.1748599261045456
245,0.15,0.0,0.18685270845890045
245,0.15,0.1,0.18685270845890045
245,0.15,0.2,0.18000751733779907
246,0.0,0.0,0.12114479392766953
246,0.0,0.1,0.12114479392766953
246,0.0,0.2,0.17404483258724213
246,0.03,0.0,0.13531593978405
246,0.03,0.1,0.13531593978405
246,0.03,0.2,0.15441620349884033
246,0.06,0.0,0.16407707333564758
246,0.06,0.1,0.16407707333564758
246,0.06,0.2,0.16395621001720428
246,0.09,0.0,0.17732879519462585
246,0.09,0.1,0.17732879519462585
246,0.09,0.2,0.16459500789642334
246,0.12,0.0,0.15674157440662384
246,0.12,0.1,0.15674157440662384
246,0.12,0.2,0.1620367467403412
246,0.15,0.0,0.1402042657136917
246,0.15,0.1,0.1402042657136917
246,0.15,0.2,0.15975572168827057
247,0.0,0.0,0.07805156707763672
247,0.0,0.1,0.07805156707763672
247,0.0,0.2,0.09213779121637344
247,0.03,0.0,0.08224335312843323
247,0.03,0.1,0.08224335312843323
247,0.03,0.2,0.07955553382635117
247,0.06,0.0,0.11481017619371414
247,0.06,0.1,0.11481017619371414
247,0.06,0.2,0.09145546704530716
247,0.09,0.0,0.1250104159116745
247,0.09,0.1,0.1250104159116745
247,0.09,0.2,0.09320826828479767
247,0.12,0.0,0.09676413238048553
247,0.12,0.1,0.09676413238048553
247,0.12,0.2,0.09580975025892258
247,0.15,0.0,0.0778847262263298
247,0.15,0.1,0.0778847262263298
247,0.15,0.2,0.08100136369466782
248,0.0,0.0,0.09726223349571228
248,0.0,0.1,0.09726223349571228
248,0.0,0.2,0.11522924154996872
248,0.03,0.0,0.10115896165370941
248,0.03,0.1,0.10115896165370941
248,0.03,0.2,0.12081168591976166
248,0.06,0.0,0.11809097230434418
248,0.06,0.1,0.11809097230434418
248,0.06,0.2,0.13876432180404663
248,0.09,0.0,0.1537889540195465
248,0.09,0.1,0.1537889540195465
248,0.09,0.2,0.15069599449634552
248,0.12,0.0,0.15237145125865936
248,0.12,0.1,0.15237145125865936
248,0.12,0.2,0.1411105990409851
248,0.15,0.0,0.13873586058616638
248,0.15,0.1,0.13873586058616638
248,0.15,0.2,0.12100347131490707
249,0.0,0.0,0.08151690661907196
249,0.0,0.1,0.08151690661907196
249,0.0,0.2,0.08810960501432419
249,0.03,0.0,0.08562663942575455
249,0.03,0.1,0.08562663942575455
249,0.03,0.2,0.0954175665974617
249,0.06,0.0,0.09458216279745102
249,0.06,0.1,0.09458216279745102
249,0.06,0.2,0.09098303318023682
249,0.09,0.0,0.08578848838806152
249,0.09,0.1,0.08578848838806152
249,0.09,0.2,0.11164342612028122
249,0.12,0.0,0.12265250831842422
249,0.12,0.1,0.12265250831842422
249,0.12,0.2,0.13518334925174713
249,0.15,0.0,0.13485905528068542
249,0.15,0.1,0.13485905528068542
249,0.15,0.2,0.1409633606672287
25,0.0,0.0,0.08816095441579819
25,0.0,0.1,0.08816095441579819
25,0.0,0.2,0.09016473591327667
25,0.03,0.0,0.08872432261705399
25,0.03,0.1,0.08872432261705399
25,0.03,0.2,0.10066238045692444
25,0.06,0.0,0.09404098987579346
25,0.06,0.1,0.09404098987579346
25,0.06,0.2,0.10352195054292679
25,0.09,0.0,0.12330921739339828
25,0.09,0.1,0.12330921739339828
25,0.09,0.2,0.11146300286054611
25,0.12,0.0,0.11364495754241943
25,0.12,0.1,0.11364495754241943
25,0.12,0.2,0.10424954444169998
25,0.15,0.0,0.11069454252719879
25,0.15,0.1,0.11069454252719879
25,0.15,0.2,0.10004761070013046
250,0.0,0.0,0.09078610688447952
250,0.0,0.1,0.09078610688447952
250,0.0,0.2,0.1521349847316742
250,0.03,0.0,0.12418460845947266
250,0.03,0.1,0.12418460845947266
250,0.03,0.2,0.18009209632873535
250,0.06,0.0,0.15782250463962555
250,0.06,0.1,0.15782250463962555
250,0.06,0.2,0.18493850529193878
250,0.09,0.0,0.19852888584136963
250,0.09,0.1,0.19852888584136963
250,0.09,0.2,0.19381742179393768
250,0.12,0.0,0.21520598232746124
250,0.12,0.1,0.21520598232746124
250,0.12,0.2,0.19204255938529968
250,0.15,0.0,0.18836623430252075
250,0.15,0.1,0.18836623430252075
250,0.15,0.2,0.16273829340934753
251,0.0,0.0,0.09466202557086945
251,0.0,0.1,0.09466202557086945
251,0.0,0.2,0.11075190454721451
251,0.03,0.0,0.08983033895492554
251,0.03,0.1,0.08983033895492554
251,0.03,0.2,0.10084464401006699
251,0.06,0.0,0.09854445606470108
251,0.06,0.1,0.09854445606470108
251,0.06,0.2,0.10059044510126114
251,0.09,0.0,0.10577568411827087
251,0.09,0.1,0.10577568411827087
251,0.09,0.2,0.09856899082660675
251,0.12,0.0,0.11438242346048355
251,0.12,0.1,0.11438242346048355
251,0.12,0.2,0.10265456140041351
251,0.15,0.0,0.10179974883794785
251,0.15,0.1,0.10179974883794785
251,0.15,0.2,0.09498990327119827
252,0.0,0.0,0.08642391115427017
252,0.0,0.1,0.08642391115427017
252,0.0,0.2,0.13099908828735352
252,0.03,0.0,0.09513489156961441
252,0.03,0.1,0.09513489156961441
252,0.03,0.2,0.1438049077987671
252,0.06,0.0,0.13472549617290497
252,0.06,0.1,0.13472549617290497
252,0.06,0.2,0.15499864518642426
252,0.09,0.0,0.14598773419857025
252,0.09,0.1,0.14598773419857025
252,0.09,0.2,0.1575375497341156
252,0.12,0.0,0.17710785567760468
252,0.12,0.1,0.17710785567760468
252,0.12,0.2,0.16984519362449646
252,0.15,0.0,0.16888836026191711
252,0.15,0.1,0.16888836026191711
252,0.15,0.2,0.168097123503685
253,0.0,0.0,0.08888443559408188
253,0.0,0.1,0.08888443559408188
253,0.0,0.2,0.08985792100429535
253,0.03,0.0,0.09274318069219589
253,0.03,0.1,0.09274318069219589
253,0.03,0.2,0.1153189018368721
253,0.06,0.0,0.09444063901901245
253,0.06,0.1,0.09444063901901245
253,0.06,0.2,0.12414812296628952
253,0.09,0.0,0.11001481860876083
253,0.09,0.1,0.11001481860876083
253,0.09,0.2,0.12117630988359451
253,0.12,0.0,0.1314280778169632
253,0.12,0.1,0.1314280778169632
253,0.12,0.2,0.1262986660003662
253,0.15,0.0,0.13717001676559448
253,0.15,0.1,0.13717001676559448
253,0.15,0.2,0.12897662818431854
254,0.0,0.0,0.08432546257972717
254,0.0,0.1,0.08432546257972717
254,0.0,0.2,0.10652992129325867
254,0.03,0.0,0.09640149027109146
254,0.03,0.1,0.09640149027109146
254,0.03,0.2,0.12676653265953064
254,0.06,0.0,0.11177411675453186
254,0.06,0.1,0.11177411675453186
254,0.06,0.2,0.13445967435836792
254,0.09,0.0,0.12705877423286438
254,0.09,0.1,0.12705877423286438
254,0.09,0.2,0.12716054916381836
254,0.12,0.0,0.13285958766937256
254,0.12,0.1,0.13285958766937256
254,0.12,0.2,0.12335623800754547
254,0.15,0.0,0.12574385106563568
254,0.15,0.1,0.12574385106563568
254,0.15,0.2,0.11083845049142838
255,0.0,0.0,0.08621016889810562
255,0.0,0.1,0.08621016889810562
255,0.0,0.2,0.08943311125040054
255,0.03,0.0,0.09982363134622574
255,0.03,0.1,0.09982363134622574
255,0.03,0.2,0.09569453448057175
255,0.06,0.0,0.12444605678319931
255,0.06,0.1,0.12444605678319931
255,0.06,0.2,0.10895007848739624
255,0.09,0.0,0.107460618019104
255,0.09,0.1,0.107460618019104
255,0.09,0.2,0.10972253233194351
255,0.12,0.0,0.0948837473988533
255,0.12,0.1,0.0948837473988533
255,0.12,0.2,0.10648787766695023
255,0.15,0.0,0.0881270095705986
255,0.15,0.1,0.0881270095705986
255,0.15,0.2,0.09065523743629456
256,0.0,0.0,0.0851479172706604
256,0.0,0.1,0.0851479172706604
256,0.0,0.2,0.10313477367162704
256,0.03,0.0,0.0810578390955925
256,0.03,0.1,0.0810578390955925
256,0.03,0.2,0.11382114142179489
256,0.06,0.0,0.09784939885139465
256,0.06,0.1,0.09784939885139465
256,0.06,0.2,0.12644566595554352
256,0.09,0.0,0.12554168701171875
256,0.09,0.1,0.12554168701171875
256,0.09,0.2,0.14133240282535553
256,0.12,0.0,0.14008033275604248
256,0.12,0.1,0.14008033275604248
256,0.12,0.2,0.13445602357387543
256,0.15,0.0,0.131353497505188
256,0.15,0.1,0.131353497505188
256,0.15,0.2,0.12673676013946533
257,0.0,0.0,0.08545214682817459
257,0.0,0.1,0.08545214682817459
257,0.0,0.2,0.09490753710269928
257,0.03,0.0,0.09060600399971008
257,0.03,0.1,0.09060600399971008
257,0.03,0.2,0.09705393761396408
257,0.06,0.0,0.11253859847784042
257,0.06,0.1,0.11253859847784042
257,0.06,0.2,0.12114940583705902
257,0.09,0.0,0.13108395040035248
257,0.09,0.1,0.13108395040035248
257,0.09,0.2,0.12492136657238007
257,0.12,0.0,0.15144579112529755
257,0.12,0.1,0.15144579112529755
257,0.12,0.2,0.13745847344398499
257,0.15,0.0,0.14661434292793274
257,0.15,0.1,0.14661434292793274
257,0.15,0.2,0.13648585975170135
258,0.0,0.0,0.10706024616956711
258,0.0,0.1,0.10706024616956711
258,0.0,0.2,0.14908529818058014
258,0.03,0.0,0.12479692697525024
258,0.03,0.1,0.12479692697525024
258,0.03,0.2,0.14820334315299988
258,0.06,0.0,0.15001936256885529
258,0.06,0.1,0.15001936256885529
258,0.06,0.2,0.14723439514636993
258,0.09,0.0,0.17829419672489166
258,0.09,0.1,0.17829419672489166
258,0.09,0.2,0.15935148298740387
258,0.12,0.0,0.16581003367900848
258,0.12,0.1,0.16581003367900848
258,0.12,0.2,0.14964456856250763
258,0.15,0.0,0.1525067836046219
258,0.15,0.1,0.1525067836046219
258,0.15,0.2,0.13898541033267975
259,0.0,0.0,0.09351933747529984
259,0.0,0.1,0.09351933747529984
259,0.0,0.2,0.10611835867166519
259,0.03,0.0,0.091966912150383
259,0.03,0.1,0.091966912150383
259,0.03,0.2,0.10559052973985672
259,0.06,0.0,0.09034303575754166
259,0.06,0.1,0.09034303575754166
259,0.06,0.2,0.09188389778137207
259,0.09,0.0,0.11338155716657639
259,0.09,0.1,0.11338155716657639
259,0.09,0.2,0.1031680479645729
259,0.12,0.0,0.09756509959697723
259,0.12,0.1,0.09756509959697723
259,0.12,0.2,0.08464208245277405
259,0.15,0.0,0.08440300822257996
259,0.15,0.1,0.08440300822257996
259,0.15,0.2,0.09634440392255783
26,0.0,0.0,0.07774990797042847
26,0.0,0.1,0.07774990797042847
26,0.0,0.2,0.11817960441112518
26,0.03,0.0,0.08698323369026184
26,0.03,0.1,0.08698323369026184
26,0.03,0.2,0.1502109318971634
26,0.06,0.0,0.12871067225933075
26,0.06,0.1,0.12871067225933075
26,0.06,0.2,0.1747044175863266
26,0.09,0.0,0.16549034416675568
26,0.09,0.1,0.16549034416675568
26,0.09,0.2,0.18316394090652466
26,0.12,0.0,0.1984725147485733
26,0.12,0.1,0.1984725147485733
26,0.12,0.2,0.1993599385023117
26,0.15,0.0,0.20093309879302979
26,0.15,0.1,0.20093309879302979
26,0.15,0.2,0.1882442831993103
260,0.0,0.0,0.10366697609424591
260,0.0,0.1,0.10366697609424591
260,0.0,0.2,0.1376499980688095
260,0.03,0.0,0.09957210719585419
260,0.03,0.1,0.09957210719585419
260,0.03,0.2,0.16787752509117126
260,0.06,0.0,0.14849843084812164
260,0.06,0.1,0.14849843084812164
260,0.06,0.2,0.19265322387218475
260,0.09,0.0,0.19585056602954865
260,0.09,0.1,0.19585056602954865
260,0.09,0.2,0.21314552426338196
260,0.12,0.0,0.2179291993379593
260,0.12,0.1,0.2179291993379593
260,0.12,0.2,0.2170536369085312
260,0.15,0.0,0.216348335146904
260,0.15,0.1,0.216348335146904
260,0.15,0.2,0.2119956910610199
261,0.0,0.0,0.08911914378404617
261,0.0,0.1,0.08911914378404617
261,0.0,0.2,0.10192617028951645
261,0.03,0.0,0.10259373486042023
261,0.03,0.1,0.10259373486042023
261,0.03,0.2,0.1291811168193817
261,0.06,0.0,0.11808473616838455
261,0.06,0.1,0.11808473616838455
261,0.06,0.2,0.1234683021903038
261,0.09,0.0,0.12412627041339874
261,0.09,0.1,0.12412627041339874
261,0.09,0.2,0.11205653846263885
261,0.12,0.0,0.12954328954219818
261,0.12,0.1,0.12954328954219818
261,0.12,0.2,0.10704111307859421
261,0.15,0.0,0.12135584652423859
261,0.15,0.1,0.12135584652423859
261,0.15,0.2,0.11393178254365921
262,0.0,0.0,0.0949070081114769
262,0.0,0.1,0.0949070081114769
262,0.0,0.2,0.12417105585336685
262,0.03,0.0,0.11620037257671356
262,0.03,0.1,0.11620037257671356
262,0.03,0.2,0.14925862848758698
262,0.06,0.0,0.12508705258369446
262,0.06,0.1,0.12508705258369446
262,0.06,0.2,0.14823834598064423
262,0.09,0.0,0.1369040608406067
262,0.09,0.1,0.1369040608406067
262,0.09,0.2,0.1522855907678604
262,0.12,0.0,0.13651639223098755
262,0.12,0.1,0.13651639223098755
262,0.12,0.2,0.13262243568897247
262,0.15,0.0,0.13334642350673676
262,0.15,0.1,0.13334642350673676
262,0.15,0.2,0.14361920952796936
263,0.0,0.0,0.08193241059780121
263,0.0,0.1,0.08193241059780121
263,0.0,0.2,0.13042253255844116
263,0.03,0.0,0.08890940994024277
263,0.03,0.1,0.08890940994024277
263,0.03,0.2,0.17102426290512085
263,0.06,0.0,0.13803806900978088
263,0.06,0.1,0.13803806900978088
263,0.06,0.2,0.20713654160499573
263,0.09,0.0,0.18130932748317719
263,0.09,0.1,0.18130932748317719
263,0.09,0.2,0.230683833360672
263,0.12,0.0,0.22580410540103912
263,0.12,0.1,0.22580410540103912
263,0.12,0.2,0.24326758086681366
263,0.15,0.0,0.24753883481025696
263,0.15,0.1,0.24753883481025696
263,0.15,0.2,0.23124389350414276
264,0.0,0.0,0.08744187653064728
264,0.0,0.1,0.08744187653064728
264,0.0,0.2,0.13841111958026886
264,0.03,0.0,0.11011786013841629
264,0.03,0.1,0.11011786013841629
264,0.03,0.2,0.149251326918602
264,0.06,0.0,0.14891867339611053
264,0.06,0.1,0.14891867339611053
264,0.06,0.2,0.153066024184227
264,0.09,0.0,0.19559067487716675
264,0.09,0.1,0.19559067487716675
264,0.09,0.2,0.1622897833585739
264,0.12,0.0,0.186778262257576
264,0.12,0.1,0.186778262257576
264,0.12,0.2,0.1478140652179718
264,0.15,0.0,0.14261646568775177
264,0.15,0.1,0.14261646568775177
264,0.15,0.2,0.10907503962516785
265,0.0,0.0,0.09552468359470367
265,0.0,0.1,0.09552468359470367
265,0.0,0.2,0.12889547646045685
265,0.03,0.0,0.10084831714630127
265,0.03,0.1,0.10084831714630127
265,0.03,0.2,0.1820548176765442
265,0.06,0.0,0.13850918412208557
265,0.06,0.1,0.13850918412208557
265,0.06,0.2,0.19478267431259155
265,0.09,0.0,0.19410942494869232
265,0.09,0.1,0.19410942494869232
265,0.09,0.2,0.1953471302986145
265,0.12,0.0,0.23957058787345886
265,0.12,0.1,0.23957058787345886
265,0.12,0.2,0.1900320202112198
265,0.15,0.0,0.2411804497241974
265,0.15,0.1,0.2411804497241974
265,0.15,0.2,0.1922769695520401
266,0.0,0.0,0.08104215562343597
266,0.0,0.1,0.08104215562343597
266,0.0,0.2,0.07968969643115997
266,0.03,0.0,0.09427206963300705
266,0.03,0.1,0.09427206963300705
266,0.03,0.2,0.09897054731845856
266,0.06,0.0,0.10716578364372253
266,0.06,0.1,0.10716578364372253
266,0.06,0.2,0.09701233357191086
266,0.09,0.0,0.12116558104753494
266,0.09,0.1,0.12116558104753494
266,0.09,0.2,0.08511726558208466
266,0.12,0.0,0.0814562663435936
266,0.12,0.1,0.0814562663435936
266,0.12,0.2,0.08714009821414948
266,0.15,0.0,0.08204791694879532
266,0.15,0.1,0.08204791694879532
266,0.15,0.2,0.0965208187699318
267,0.0,0.0,0.09587977826595306
267,0.0,0.1,0.09587977826595306
267,0.0,0.2,0.10108304023742676
267,0.03,0.0,0.09074950963258743
267,0.03,0.1,0.09074950963258743
267,0.03,0.2,0.1091979444026947
267,0.06,0.0,0.1365043669939041
267,0.06,0.1,0.1365043669939041
267,0.06,0.2,0.11759044975042343
267,0.09,0.0,0.16219444572925568
267,0.09,0.1,0.16219444572925568
267,0.09,0.2,0.12316092103719711
267,0.12,0.0,0.13488814234733582
267,0.12,0.1,0.13488814234733582
267,0.12,0.2,0.09945781528949738
267,0.15,0.0,0.09464158862829208
267,0.15,0.1,0.09464158862829208
267,0.15,0.2,0.09364230930805206
268,0.0,0.0,0.14573638141155243
268,0.0,0.1,0.14573638141155243
268,0.0,0.2,0.16564056277275085
268,0.03,0.0,0.12954993546009064
268,0.03,0.1,0.12954993546009064
268,0.03,0.2,0.14316925406455994
268,0.06,0.0,0.15757660567760468
268,0.06,0.1,0.15757660567760468
268,0.06,0.2,0.15910129249095917
268,0.09,0.0,0.1590636968612671
268,0.09,0.1,0.1590636968612671
268,0.09,0.2,0.1677505522966385
268,0.12,0.0,0.1541585475206375
268,0.12,0.1,0.1541585475206375
268,0.12,0.2,0.16827961802482605
268,0.15,0.0,0.13565419614315033
268,0.15,0.1,0.13565419614315033
268,0.15,0.2,0.1517036110162735
269,0.0,0.0,0.11069609969854355
269,0.0,0.1,0.11069609969854355
269,0.0,0.2,0.13570530712604523
269,0.03,0.0,0.1281972974538803
269,0.03,0.1,0.1281972974538803
269,0.03,0.2,0.1361464411020279
269,0.06,0.0,0.16053079068660736
269,0.06,0.1,0.16053079068660736
269,0.06,0.2,0.17750604450702667
269,0.09,0.0,0.15694259107112885
269,0.09,0.1,0.15694259107112885
269,0.09,0.2,0.16216187179088593
269,0.12,0.0,0.14162658154964447
269,0.12,0.1,0.14162658154964447
269,0.12,0.2,0.1645481139421463
269,0.15,0.0,0.135115385055542
269,0.15,0.1,0.135115385055542
269,0.15,0.2,0.13827472925186157
27,0.0,0.0,0.07880821824073792
27,0.0,0.1,0.07880821824073792
27,0.0,0.2,0.08378206938505173
27,0.03,0.0,0.08243467658758163
27,0.03,0.1,0.08243467658758163
27,0.03,0.2,0.08018726855516434
27,0.06,0.0,0.08990035951137543
27,0.06,0.1,0.08990035951137543
27,0.06,0.2,0.08830267190933228
27,0.09,0.0,0.09549489617347717
27,0.09,0.1,0.09549489617347717
27,0.09,0.2,0.08715914189815521
27,0.12,0.0,0.09417436271905899
27,0.12,0.1,0.09417436271905899
27,0.12,0.2,0.0793243870139122
27,0.15,0.0,0.09317731112241745
27,0.15,0.1,0.09317731112241745
27,0.15,0.2,0.10449228435754776
270,0.0,0.0,0.084650419652462
270,0.0,0.1,0.084650419652462
270,0.0,0.2,0.11066585779190063
270,0.03,0.0,0.09217114001512527
270,0.03,0.1,0.09217114001512527
270,0.03,0.2,0.12920355796813965
270,0.06,0.0,0.10619904845952988
270,0.06,0.1,0.10619904845952988
270,0.06,0.2,0.1436985731124878
270,0.09,0.0,0.1367725133895874
270,0.09,0.1,0.1367725133895874
270,0.09,0.2,0.14619110524654388
270,0.12,0.0,0.14755286276340485
270,0.12,0.1,0.14755286276340485
270,0.12,0.2,0.1509438008069992
270,0.15,0.0,0.15390154719352722
270,0.15,0.1,0.15390154719352722
270,0.15,0.2,0.14800339937210083
271,0.0,0.0,0.10773171484470367
271,0.0,0.1,0.10773171484470367
271,0.0,0.2,0.1138899102807045
271,0.03,0.0,0.11248884350061417
271,0.03,0.1,0.11248884350061417
271,0.03,0.2,0.13129448890686035
271,0.06,0.0,0.12336667627096176
271,0.06,0.1,0.12336667627096176
271,0.06,0.2,0.1428827941417694
271,0.09,0.0,0.14576134085655212
271,0.09,0.1,0.14576134085655212
271,0.09,0.2,0.14608325064182281
271,0.12,0.0,0.14770685136318207
271,0.12,0.1,0.14770685136318207
271,0.12,0.2,0.14087232947349548
271,0.15,0.0,0.14831387996673584
271,0.15,0.1,0.14831387996673584
271,0.15,0.2,0.13222134113311768
272,0.0,0.0,0.08630339801311493
272,0.0,0.1,0.08630339801311493
272,0.0,0.2,0.12708120048046112
272,0.03,0.0,0.08544435352087021
272,0.03,0.1,0.08544435352087021
272,0.03,0.2,0.12694168090820312
272,0.06,0.0,0.12683728337287903
272,0.06,0.1,0.12683728337287903
272,0.06,0.2,0.149143248796463
272,0.09,0.0,0.15361563861370087
272,0.09,0.1,0.15361563861370087
272,0.09,0.2,0.15954910218715668
272,0.12,0.0,0.15693458914756775
272,0.12,0.1,0.15693458914756775
272,0.12,0.2,0.15854063630104065
272,0.15,0.0,0.15202675759792328
272,0.15,0.1,0.15202675759792328
272,0.15,0.2,0.14555080235004425
273,0.0,0.0,0.08325207233428955
273,0.0,0.1,0.08325207233428955
273,0.0,0.2,0.12045498192310333
273,0.03,0.0,0.08695666491985321
273,0.03,0.1,0.08695666491985321
273,0.03,0.2,0.1270967721939087
273,0.06,0.0,0.10266079008579254
273,0.06,0.1,0.10266079008579254
273,0.06,0.2,0.1389731913805008
273,0.09,0.0,0.148755744099617
273,0.09,0.1,0.148755744099617
273,0.09,0.2,0.1486441045999527
273,0.12,0.0,0.16286516189575195
273,0.12,0.1,0.16286516189575195
273,0.12,0.2,0.14676165580749512
273,0.15,0.0,0.14917202293872833
273,0.15,0.1,0.14917202293872833
273,0.15,0.2,0.14318549633026123
274,0.0,0.0,0.09885378181934357
274,0.0,0.1,0.09885378181934357
274,0.0,0.2,0.1334838718175888
274,0.03,0.0,0.09235627204179764
274,0.03,0.1,0.09235627204179764
274,0.03,0.2,0.132053941488266
274,0.06,0.0,0.11294137686491013
274,0.06,0.1,0.11294137686491013
274,0.06,0.2,0.12158170342445374
274,0.09,0.0,0.14510411024093628
274,0.09,0.1,0.14510411024093628
274,0.09,0.2,0.1394236981868744
274,0.12,0.0,0.15283240377902985
274,0.12,0.1,0.15283240377902985
274,0.12,0.2,0.15189893543720245
274,0.15,0.0,0.11831051856279373
274,0.15,0.1,0.11831051856279373
274,0.15,0.2,0.1205248013138771
275,0.0,0.0,0.09798941761255264
275,0.0,0.1,0.09798941761255264
275,0.0,0.2,0.11325733363628387
275,0.03,0.0,0.07995416224002838
275,0.03,0.1,0.07995416224002838
275,0.03,0.2,0.10526667535305023
275,0.06,0.0,0.09896492958068848
275,0.06,0.1,0.09896492958068848
275,0.06,0.2,0.11917871981859207
275,0.09,0.0,0.12353578209877014
275,0.09,0.1,0.12353578209877014
275,0.09,0.2,0.13394559919834137
275,0.12,0.0,0.1288023144006729
275,0.12,0.1,0.1288023144006729
275,0.12,0.2,0.12740319967269897
275,0.15,0.0,0.12202513217926025
275,0.15,0.1,0.12202513217926025
275,0.15,0.2,0.10700211673974991
276,0.0,0.0,0.09373742341995239
276,0.0,0.1,0.09373742341995239
276,0.0,0.2,0.10408920794725418
276,0.03,0.0,0.08536181598901749
276,0.03,0.1,0.08536181598901749
276,0.03,0.2,0.09304770827293396
276,0.06,0.0,0.08274368196725845
276,0.06,0.1,0.08274368196725845
276,0.06,0.2,0.09140779078006744
276,0.09,0.0,0.08990736305713654
276,0.09,0.1,0.08990736305713654
276,0.09,0.2,0.09738247841596603
276,0.12,0.0,0.09225067496299744
276,0.12,0.1,0.09225067496299744
276,0.12,0.2,0.09088515490293503
276,0.15,0.0,0.09207095950841904
276,0.15,0.1,0.09207095950841904
276,0.15,0.2,0.08479706943035126
277,0.0,0.0,0.10242095589637756
277,0.0,0.1,0.10242095589637756
277,0.0,0.2,0.11774904280900955
277,0.03,0.0,0.0954829677939415
277,0.03,0.1,0.0954829677939415
277,0.03,0.2,0.11341153085231781
277,0.06,0.0,0.091684989631176
277,0.06,0.1,0.091684989631176
277,0.06,0.2,0.10649145394563675
277,0.09,0.0,0.10984007269144058
277,0.09,0.1,0.10984007269144058
277,0.09,0.2,0.11457560211420059
277,0.12,0.0,0.12576092779636383
277,0.12,0.1,0.12576092779636383
277,0.12,0.2,0.11191955953836441
277,0.15,0.0,0.11465432494878769
277,0.15,0.1,0.11465432494878769
277,0.15,0.2,0.10584406554698944
278,0.0,0.0,0.09951168298721313
278,0.0,0.1,0.09951168298721313
278,0.0,0.2,0.09434535354375839
278,0.03,0.0,0.08439470827579498
278,0.03,0.1,0.08439470827579498
278,0.03,0.2,0.09061571955680847
278,0.06,0.0,0.08330079913139343
278,0.06,0.1,0.08330079913139343
278,0.06,0.2,0.09068469703197479
278,0.09,0.0,0.0920339822769165
278,0.09,0.1,0.0920339822769165
278,0.09,0.2,0.09854356944561005
278,0.12,0.0,0.10634920001029968
278,0.12,0.1,0.10634920001029968
278,0.12,0.2,0.11919484287500381
278,0.15,0.0,0.12121983617544174
278,0.15,0.1,0.12121983617544174
278,0.15,0.2,0.14103639125823975
279,0.0,0.0,0.09157920628786087
279,0.0,0.1,0.09157920628786087
279,0.0,0.2,0.10875678062438965
279,0.03,0.0,0.09336432814598083
279,0.03,0.1,0.09336432814598083
279,0.03,0.2,0.10526012629270554
279,0.06,0.0,0.14010456204414368
279,0.06,0.1,0.14010456204414368
279,0.06,0.2,0.10392157733440399
279,0.09,0.0,0.1637357622385025
279,0.09,0.1,0.1637357622385025
279,0.09,0.2,0.09883660823106766
279,0.12,0.0,0.12381251156330109
279,0.12,0.1,0.12381251156330109
279,0.12,0.2,0.08661966025829315
279,0.15,0.0,0.09305423498153687
279,0.15,0.1,0.09305423498153687
279,0.15,0.2,0.08425665646791458
28,0.0,0.0,0.08563713729381561
28,0.0,0.1,0.08563713729381561
28,0.0,0.2,0.11817430704832077
28,0.03,0.0,0.0925525352358818
28,0.03,0.1,0.0925525352358818
28,0.03,0.2,0.12360705435276031
28,0.06,0.0,0.11804216355085373
28,0.06,0.1,0.11804216355085373
28,0.06,0.2,0.11815381795167923
28,0.09,0.0,0.1521449089050293
28,0.09,0.1,0.1521449089050293
28,0.09,0.2,0.1306656301021576
28,0.12,0.0,0.15753969550132751
28,0.12,0.1,0.15753969550132751
28,0.12,0.2,0.13157331943511963
28,0.15,0.0,0.12748290598392487
28,0.15,0.1,0.12748290598392487
28,0.15,0.2,0.10746683925390244
280,0.0,0.0,0.08323930203914642
280,0.0,0.1,0.08323930203914642
280,0.0,0.2,0.08578622341156006
280,0.03,0.0,0.08711116015911102
280,0.03,0.1,0.08711116015911102
280,0.03,0.2,0.08704707026481628
280,0.06,0.0,0.08354033529758453
280,0.06,0.1,0.08354033529758453
280,0.06,0.2,0.08146742731332779
280,0.09,0.0,0.09651672095060349
280,0.09,0.1,0.09651672095060349
280,0.09,0.2,0.10140248388051987
280,0.12,0.0,0.08980782330036163
280,0.12,0.1,0.08980782330036163
280,0.12,0.2,0.09788434207439423
280,0.15,0.0,0.08118970692157745
280,0.15,0.1,0.08118970692157745
280,0.15,0.2,0.08720380067825317
281,0.0,0.0,0.0836486667394638
281,0.0,0.1,0.0836486667394638
281,0.0,0.2,0.10419376194477081
281,0.03,0.0,0.08135990053415298
281,0.03,0.1,0.08135990053415298
281,0.03,0.2,0.10740181803703308
281,0.06,0.0,0.11076238006353378
281,0.06,0.1,0.11076238006353378
281,0.06,0.2,0.1348329335451126
281,0.09,0.0,0.11900879442691803
281,0.09,0.1,0.11900879442691803
281,0.09,0.2,0.12196453660726547
281,0.12,0.0,0.13860008120536804
281,0.12,0.1,0.13860008120536804
281,0.12,0.2,0.12846234440803528
281,0.15,0.0,0.12353301793336868
281,0.15,0.1,0.12353301793336868
281,0.15,0.2,0.11116602271795273
282,0.0,0.0,0.08857395499944687
282,0.0,0.1,0.08857395499944687
282,0.0,0.2,0.12272431701421738
282,0.03,0.0,0.1240902841091156
282,0.03,0.1,0.1240902841091156
282,0.03,0.2,0.14484447240829468
282,0.06,0.0,0.15605996549129486
282,0.06,0.1,0.15605996549129486
282,0.06,0.2,0.14637909829616547
282,0.09,0.0,0.17747542262077332
282,0.09,0.1,0.17747542262077332
282,0.09,0.2,0.15123823285102844
282,0.12,0.0,0.17076469957828522
282,0.12,0.1,0.17076469957828522
282,0.12,0.2,0.13633909821510315
282,0.15,0.0,0.14636659622192383
282,0.15,0.1,0.14636659622192383
282,0.15,0.2,0.11798376590013504
283,0.0,0.0,0.08869455009698868
283,0.0,0.1,0.08869455009698868
283,0.0,0.2,0.11962874233722687
283,0.03,0.0,0.09447205066680908
283,0.03,0.1,0.09447205066680908
283,0.03,0.2,0.13173919916152954
283,0.06,0.0,0.13393013179302216
283,0.06,0.1,0.13393013179302216
283,0.06,0.2,0.14830194413661957
283,0.09,0.0,0.15546879172325134
283,0.09,0.1,0.15546879172325134
283,0.09,0.2,0.14640939235687256
283,0.12,0.0,0.16714005172252655
283,0.12,0.1,0.16714005172252655
283,0.12,0.2,0.1521812379360199
283,0.15,0.0,0.15635474026203156
283,0.15,0.1,0.15635474026203156
283,0.15,0.2,0.15602941811084747
284,0.0,0.0,0.094346784055233
284,0.0,0.1,0.094346784055233
284,0.0,0.2,0.1500939577817917
284,0.03,0.0,0.13752536475658417
284,0.03,0.1,0.13752536475658417
284,0.03,0.2,0.14755848050117493
284,0.06,0.0,0.17410556972026825
284,0.06,0.1,0.17410556972026825
284,0.06,0.2,0.13341914117336273
284,0.09,0.0,0.1873789280653
284,0.09,0.1,0.1873789280653
284,0.09,0.2,0.1269124448299408
284,0.12,0.0,0.17380830645561218
284,0.12,0.1,0.17380830645561218
284,0.12,0.2,0.13734880089759827
284,0.15,0.0,0.14053964614868164
284,0.15,0.1,0.14053964614868164
284,0.15,0.2,0.12649473547935486
285,0.0,0.0,0.09136927872896194
285,0.0,0.1,0.09136927872896194
285,0.0,0.2,0.14366933703422546
285,0.03,0.0,0.09430662542581558
285,0.03,0.1,0.09430662542581558
285,0.03,0.2,0.14761944115161896
285,0.06,0.0,0.13982589542865753
285,0.06,0.1,0.13982589542865753
285,0.06,0.2,0.160093292593956
285,0.09,0.0,0.17294375598430634
285,0.09,0.1,0.17294375598430634
285,0.09,0.2,0.174073725938797
285,0.12,0.0,0.18035389482975006
285,0.12,0.1,0.18035389482975006
285,0.12,0.2,0.16702716052532196
285,0.15,0.0,0.15963026881217957
285,0.15,0.1,0.15963026881217957
285,0.15,0.2,0.1415613293647766
286,0.0,0.0,0.08887974917888641
286,0.0,0.1,0.08887974917888641
286,0.0,0.2,0.08797010034322739
286,0.03,0.0,0.09508717805147171
286,0.03,0.1,0.09508717805147171
286,0.03,0.2,0.0904359221458435
286,0.06,0.0,0.07719747722148895
286,0.06,0.1,0.07719747722148895
286,0.06,0.2,0.0827464759349823
286,0.09,0.0,0.0939250960946083
286,0.09,0.1,0.0939250960946083
286,0.09,0.2,0.09953758865594864
286,0.12,0.0,0.12633638083934784
286,0.12,0.1,0.12633638083934784
286,0.12,0.2,0.12004071474075317
286,0.15,0.0,0.10870437324047089
286,0.15,0.1,0.10870437324047089
286,0.15,0.2,0.09764567017555237
287,0.0,0.0,0.10174031555652618
287,0.0,0.1,0.10174031555652618
287,0.0,0.2,0.15413381159305573
287,0.03,0.0,0.1317243129014969
287,0.03,0.1,0.1317243129014969
287,0.03,0.2,0.17721237242221832
287,0.06,0.0,0.1766524314880371
287,0.06,0.1,0.1766524314880371
287,0.06,0.2,0.2032802551984787
287,0.09,0.0,0.2070852518081665
287,0.09,0.1,0.2070852518081665
287,0.09,0.2,0.214285746216774
287,0.12,0.0,0.20469294488430023
287,0.12,0.1,0.20469294488430023
287,0.12,0.2,0.19418592751026154
287,0.15,0.0,0.19662824273109436
287,0.15,0.1,0.19662824273109436
287,0.15,0.2,0.17841151356697083
288,0.0,0.0,0.0982242226600647
288,0.0,0.1,0.0982242226600647
288,0.0,0.2,0.10418874770402908
288,0.03,0.0,0.0941762626171112
288,0.03,0.1,0.0941762626171112
288,0.03,0.2,0.10135366022586823
288,0.06,0.0,0.10090921819210052
288,0.06,0.1,0.10090921819210052
288,0.06,0.2,0.10987992584705353
288,0.09,0.0,0.10736183077096939
288,0.09,0.1,0.10736183077096939
288,0.09,0.2,0.10583360493183136
288,0.12,0.0,0.12337508797645569
288,0.12,0.1,0.12337508797645569
288,0.12,0.2,0.11146295070648193
288,0.15,0.0,0.13259348273277283
288,0.15,0.1,0.13259348273277283
288,0.15,0.2,0.12023648619651794
289,0.0,0.0,0.09056200832128525
289,0.0,0.1,0.09056200832128525
289,0.0,0.2,0.09277459233999252
289,0.03,0.0,0.10293388366699219
289,0.03,0.1,0.10293388366699219
289,0.03,0.2,0.10319101065397263
289,0.06,0.0,0.1026359274983406
289,0.06,0.1,0.1026359274983406
289,0.06,0.2,0.08661768585443497
289,0.09,0.0,0.08332766592502594
289,0.09,0.1,0.08332766592502594
289,0.09,0.2,0.08732106536626816
289,0.12,0.0,0.0963454470038414
289,0.12,0.1,0.0963454470038414
289,0.12,0.2,0.0970190092921257
289,0.15,0.0,0.08027484267950058
289,0.15,0.1,0.08027484267950058
289,0.15,0.2,0.0833340585231781
29,0.0,0.0,0.08183471113443375
29,0.0,0.1,0.08183471113443375
29,0.0,0.2,0.14073602855205536
29,0.03,0.0,0.08902136236429214
29,0.03,0.1,0.08902136236429214
29,0.03,0.2,0.13940423727035522
29,0.06,0.0,0.11236055195331573
29,0.06,0.1,0.11236055195331573
29,0.06,0.2,0.15492774546146393
29,0.09,0.0,0.16512683033943176
29,0.09,0.1,0.16512683033943176
29,0.09,0.2,0.17563842236995697
29,0.12,0.0,0.1775827556848526
29,0.12,0.1,0.1775827556848526
29,0.12,0.2,0.15726009011268616
29,0.15,0.0,0.1758541613817215
29,0.15,0.1,0.1758541613817215
29,0.15,0.2,0.16269586980342865
290,0.0,0.0,0.08802996575832367
290,0.0,0.1,0.08802996575832367
290,0.0,0.2,0.09151310473680496
290,0.03,0.0,0.08696829527616501
290,0.03,0.1,0.08696829527616501
290,0.03,0.2,0.09387574344873428
290,0.06,0.0,0.08694680035114288
290,0.06,0.1,0.08694680035114288
290,0.06,0.2,0.08701510727405548
290,0.09,0.0,0.0947471335530281
290,0.09,0.1,0.0947471335530281
290,0.09,0.2,0.09035662561655045
290,0.12,0.0,0.08044861257076263
290,0.12,0.1,0.08044861257076263
290,0.12,0.2,0.08205819875001907
290,0.15,0.0,0.08247940987348557
290,0.15,0.1,0.08247940987348557
290,0.15,0.2,0.09371664375066757
291,0.0,0.0,0.09667932242155075
291,0.0,0.1,0.09667932242155075
291,0.0,0.2,0.14416247606277466
291,0.03,0.0,0.12424501031637192
291,0.03,0.1,0.12424501031637192
291,0.03,0.2,0.16049252450466156
291,0.06,0.0,0.15440760552883148
291,0.06,0.1,0.15440760552883148
291,0.06,0.2,0.17896313965320587
291,0.09,0.0,0.1654796004295349
291,0.09,0.1,0.1654796004295349
291,0.09,0.2,0.19782115519046783
291,0.12,0.0,0.17088240385055542
291,0.12,0.1,0.17088240385055542
291,0.12,0.2,0.2032647430896759
291,0.15,0.0,0.18116530776023865
291,0.15,0.1,0.18116530776023865
291,0.15,0.2,0.1923423856496811
292,0.0,0.0,0.08186596632003784
292,0.0,0.1,0.08186596632003784
292,0.0,0.2,0.10972817987203598
292,0.03,0.0,0.09257075935602188
292,0.03,0.1,0.09257075935602188
292,0.03,0.2,0.1229858249425888
292,0.06,0.0,0.1063367947936058
292,0.06,0.1,0.1063367947936058
292,0.06,0.2,0.1340208500623703
292,0.09,0.0,0.12166038900613785
292,0.09,0.1,0.12166038900613785
292,0.09,0.2,0.12817449867725372
292,0.12,0.0,0.14561128616333008
292,0.12,0.1,0.14561128616333008
292,0.12,0.2,0.14083331823349
292,0.15,0.0,0.15311384201049805
292,0.15,0.1,0.15311384201049805
292,0.15,0.2,0.14332516491413116
293,0.0,0.0,0.0910971462726593
293,0.0,0.1,0.0910971462726593
293,0.0,0.2,0.10545647144317627
293,0.03,0.0,0.10586714744567871
293,0.03,0.1,0.10586714744567871
293,0.03,0.2,0.11928590387105942
293,0.06,0.0,0.14681240916252136
293,0.06,0.1,0.14681240916252136
293,0.06,0.2,0.11453333497047424
293,0.09,0.0,0.16193942725658417
293,0.09,0.1,0.16193942725658417
293,0.09,0.2,0.10503390431404114
293,0.12,0.0,0.11415280401706696
293,0.12,0.1,0.11415280401706696
293,0.12,0.2,0.08849063515663147
293,0.15,0.0,0.09338006377220154
293,0.15,0.1,0.09338006377220154
293,0.15,0.2,0.09017567336559296
294,0.0,0.0,0.08463740348815918
294,0.0,0.1,0.08463740348815918
294,0.0,0.2,0.12833963334560394
294,0.03,0.0,0.10007563978433609
294,0.03,0.1,0.10007563978433609
294,0.03,0.2,0.11955563724040985
294,0.06,0.0,0.14934654533863068
294,0.06,0.1,0.14934654533863068
294,0.06,0.2,0.11611497402191162
294,0.09,0.0,0.16920256614685059
294,0.09,0.1,0.16920256614685059
294,0.09,0.2,0.10942962020635605
294,0.12,0.0,0.14093954861164093
294,0.12,0.1,0.14093954861164093
294,0.12,0.2,0.09737804532051086
294,0.15,0.0,0.10061120241880417
294,0.15,0.1,0.10061120241880417
294,0.15,0.2,0.08637556433677673
295,0.0,0.0,0.0945255234837532
295,0.0,0.1,0.0945255234837532
295,0.0,0.2,0.11086948961019516
295,0.03,0.0,0.12083560228347778
295,0.03,0.1,0.12083560228347778
295,0.03,0.2,0.10987867414951324
295,0.06,0.0,0.1288340985774994
295,0.06,0.1,0.1288340985774994
295,0.06,0.2,0.11181067675352097
295,0.09,0.0,0.12896394729614258
295,0.09,0.1,0.12896394729614258
295,0.09,0.2,0.11200520396232605
295,0.12,0.0,0.1117536798119545
295,0.12,0.1,0.1117536798119545
295,0.12,0.2,0.11623280495405197
295,0.15,0.0,0.11166001111268997
295,0.15,0.1,0.11166001111268997
295,0.15,0.2,0.09624162316322327
296,0.0,0.0,0.09205464273691177
296,0.0,0.1,0.09205464273691177
296,0.0,0.2,0.10587000846862793
296,0.03,0.0,0.09585975110530853
296,0.03,0.1,0.09585975110530853
296,0.03,0.2,0.12873706221580505
296,0.06,0.0,0.12555940449237823
296,0.06,0.1,0.12555940449237823
296,0.06,0.2,0.15651553869247437
296,0.09,0.0,0.13893452286720276
296,0.09,0.1,0.13893452286720276
296,0.09,0.2,0.15606029331684113
296,0.12,0.0,0.13586822152137756
296,0.12,0.1,0.13586822152137756
296,0.12,0.2,0.14009706676006317
296,0.15,0.0,0.13696257770061493
296,0.15,0.1,0.13696257770061493
296,0.15,0.2,0.1462116241455078
297,0.0,0.0,0.12150106579065323
297,0.0,0.1,0.12150106579065323
297,0.0,0.2,0.16571348905563354
297,0.03,0.0,0.15521414577960968
297,0.03,0.1,0.15521414577960968
297,0.03,0.2,0.19153983891010284
297,0.06,0.0,0.18729659914970398
297,0.06,0.1,0.18729659914970398
297,0.06,0.2,0.20377251505851746
297,0.09,0.0,0.2075163722038269
297,0.09,0.1,0.2075163722038269
297,0.09,0.2,0.21412555873394012
297,0.12,0.0,0.21922723948955536
297,0.12,0.1,0.21922723948955536
297,0.12,0.2,0.20712846517562866
297,0.15,0.0,0.20618414878845215
297,0.15,0.1,0.20618414878845215
297,0.15,0.2,0.186186283826828
298,0.0,0.0,0.08166567981243134
298,0.0,0.1,0.08166567981243134
298,0.0,0.2,0.12702740728855133
298,0.03,0.0,0.09393783658742905
298,0.03,0.1,0.09393783658742905
298,0.03,0.2,0.1268436163663864
298,0.06,0.0,0.14321205019950867
298,0.06,0.1,0.14321205019950867
298,0.06,0.2,0.15553203225135803
298,0.09,0.0,0.15063446760177612
298,0.09,0.1,0.15063446760177612
298,0.09,0.2,0.16417557001113892
298,0.12,0.0,0.1504109501838684
298,0.12,0.1,0.1504109501838684
298,0.12,0.2,0.16182439029216766
298,0.15,0.0,0.15098455548286438
298,0.15,0.1,0.15098455548286438
298,0.15,0.2,0.1425429731607437
299,0.0,0.0,0.08055351674556732
299,0.0,0.1,0.08055351674556732
299,0.0,0.2,0.09007204324007034
299,0.03,0.0,0.08941423147916794
299,0.03,0.1,0.08941423147916794
299,0.03,0.2,0.10549057275056839
299,0.06,0.0,0.09596608579158783
299,0.06,0.1,0.09596608579158783
299,0.06,0.2,0.10908571630716324
299,0.09,0.0,0.10569000244140625
299,0.09,0.1,0.10569000244140625
299,0.09,0.2,0.10545698553323746
299,0.12,0.0,0.09064046293497086
299,0.12,0.1,0.09064046293497086
299,0.12,0.2,0.10831688344478607
299,0.15,0.0,0.08580433577299118
299,0.15,0.1,0.08580433577299118
299,0.15,0.2,0.10051274299621582
3,0.0,0.0,0.08986783027648926
3,0.0,0.1,0.08986783027648926
3,0.0,0.2,0.10225916653871536
3,0.03,0.0,0.10542935878038406
3,0.03,0.1,0.10542935878038406
3,0.03,0.2,0.09218479692935944
3,0.06,0.0,0.09978984296321869
3,0.06,0.1,0.09978984296321869
3,0.06,0.2,0.10677924007177353
3,0.09,0.0,0.08912871778011322
3,0.09,0.1,0.08912871778011322
3,0.09,0.2,0.09856618940830231
3,0.12,0.0,0.08806003630161285
3,0.12,0.1,0.08806003630161285
3,0.12,0.2,0.09481330960988998
3,0.15,0.0,0.08804523199796677
3,0.15,0.1,0.08804523199796677
3,0.15,0.2,0.09864149242639542
30,0.0,0.0,0.08280760794878006
30,0.0,0.1,0.08280760794878006
30,0.0,0.2,0.09361597895622253
30,0.03,0.0,0.08165708929300308
30,0.03,0.1,0.08165708929300308
30,0.03,0.2,0.10643206536769867
30,0.06,0.0,0.1067616418004036
30,0.06,0.1,0.1067616418004036
30,0.06,0.2,0.12418898195028305
30,0.09,0.0,0.15478920936584473
30,0.09,0.1,0.15478920936584473
30,0.09,0.2,0.14021560549736023
30,0.12,0.0,0.16948319971561432
30,0.12,0.1,0.16948319971561432
30,0.12,0.2,0.13300888240337372
30,0.15,0.0,0.1801849901676178
30,0.15,0.1,0.1801849901676178
30,0.15,0.2,0.13290122151374817
300,0.0,0.0,0.10932771861553192
300,0.0,0.1,0.10932771861553192
300,0.0,0.2,0.11283764243125916
300,0.03,0.0,0.10619954019784927
300,0.03,0.1,0.10619954019784927
300,0.03,0.2,0.1332227885723114
300,0.06,0.0,0.12169169634580612
300,0.06,0.1,0.12169169634580612
300,0.06,0.2,0.12132886797189713
300,0.09,0.0,0.12809857726097107
300,0.09,0.1,0.12809857726097107
300,0.09,0.2,0.11308512836694717
300,0.12,0.0,0.14598359167575836
300,0.12,0.1,0.14598359167575836
300,0.12,0.2,0.13672897219657898
300,0.15,0.0,0.11764732748270035
300,0.15,0.1,0.11764732748270035
300,0.15,0.2,0.10680612921714783
301,0.0,0.0,0.08264335989952087
301,0.0,0.1,0.08264335989952087
301,0.0,0.2,0.12332014739513397
301,0.03,0.0,0.09622909128665924
301,0.03,0.1,0.09622909128665924
301,0.03,0.2,0.13408127427101135
301,0.06,0.0,0.11651843786239624
301,0.06,0.1,0.11651843786239624
301,0.06,0.2,0.1436677724123001
301,0.09,0.0,0.1320226490497589
301,0.09,0.1,0.1320226490497589
301,0.09,0.2,0.15593379735946655
301,0.12,0.0,0.155598983168602
301,0.12,0.1,0.155598983168602
301,0.12,0.2,0.17081134021282196
301,0.15,0.0,0.1630088835954666
301,0.15,0.1,0.1630088835954666
301,0.15,0.2,0.16856864094734192
302,0.0,0.0,0.10340810567140579
302,0.0,0.1,0.10340810567140579
302,0.0,0.2,0.14353547990322113
302,0.03,0.0,0.12920822203159332
302,0.03,0.1,0.12920822203159332
302,0.03,0.2,0.1533770114183426
302,0.06,0.0,0.1501045823097229
302,0.06,0.1,0.1501045823097229
302,0.06,0.2,0.15610286593437195
302,0.09,0.0,0.1583804488182068
302,0.09,0.1,0.1583804488182068
302,0.09,0.2,0.14828096330165863
302,0.12,0.0,0.15479587018489838
302,0.12,0.1,0.15479587018489838
302,0.12,0.2,0.14527654647827148
302,0.15,0.0,0.14806470274925232
302,0.15,0.1,0.14806470274925232
302,0.15,0.2,0.1519003063440323
303,0.0,0.0,0.10655542463064194
303,0.0,0.1,0.10655542463064194
303,0.0,0.2,0.148126482963562
303,0.03,0.0,0.1300426870584488
303,0.03,0.1,0.1300426870584488
303,0.03,0.2,0.15768122673034668
303,0.06,0.0,0.15582437813282013
303,0.06,0.1,0.15582437813282013
303,0.06,0.2,0.16206352412700653
303,0.09,0.0,0.15439417958259583
303,0.09,0.1,0.15439417958259583
303,0.09,0.2,0.15703101456165314
303,0.12,0.0,0.1325751096010208
303,0.12,0.1,0.1325751096010208
303,0.12,0.2,0.13271869719028473
303,0.15,0.0,0.11705876886844635
303,0.15,0.1,0.11705876886844635
303,0.15,0.2,0.11434181779623032
304,0.0,0.0,0.11823572963476181
304,0.0,0.1,0.11823572963476181
304,0.0,0.2,0.17064233124256134
304,0.03,0.0,0.16740188002586365
304,0.03,0.1,0.16740188002586365
304,0.03,0.2,0.1650732457637787
304,0.06,0.0,0.2030545473098755
304,0.06,0.1,0.2030545473098755
304,0.06,0.2,0.14825277030467987
304,0.09,0.0,0.21116119623184204
304,0.09,0.1,0.21116119623184204
304,0.09,0.2,0.14864347875118256
304,0.12,0.0,0.18429870903491974
304,0.12,0.1,0.18429870903491974
304,0.12,0.2,0.13649499416351318
304,0.15,0.0,0.10965941846370697
304,0.15,0.1,0.10965941846370697
304,0.15,0.2,0.08806566148996353
305,0.0,0.0,0.12368718534708023
305,0.0,0.1,0.12368718534708023
305,0.0,0.2,0.1473529040813446
305,0.03,0.0,0.14457453787326813
305,0.03,0.1,0.14457453787326813
305,0.03,0.2,0.16547991335391998
305,0.06,0.0,0.14984500408172607
305,0.06,0.1,0.14984500408172607
305,0.06,0.2,0.16638518869876862
305,0.09,0.0,0.15910685062408447
305,0.09,0.1,0.15910685062408447
305,0.09,0.2,0.1606379896402359
305,0.12,0.0,0.1712767630815506
305,0.12,0.1,0.1712767630815506
305,0.12,0.2,0.13861630856990814
305,0.15,0.0,0.17138895392417908
305,0.15,0.1,0.17138895392417908
305,0.15,0.2,0.139672189950943
306,0.0,0.0,0.09572660177946091
306,0.0,0.1,0.09572660177946091
306,0.0,0.2,0.10169493407011032
306,0.03,0.0,0.1202278882265091
306,0.03,0.1,0.1202278882265091
306,0.03,0.2,0.09731462597846985
306,0.06,0.0,0.15259258449077606
306,0.06,0.1,0.15259258449077606
306,0.06,0.2,0.08696842193603516
306,0.09,0.0,0.14289590716362
306,0.09,0.1,0.14289590716362
306,0.09,0.2,0.09115447103977203
306,0.12,0.0,0.09509174525737762
306,0.12,0.1,0.09509174525737762
306,0.12,0.2,0.08832958340644836
306,0.15,0.0,0.09353794157505035
306,0.15,0.1,0.09353794157505035
306,0.15,0.2,0.0861896499991417
307,0.0,0.0,0.08325276523828506
307,0.0,0.1,0.08325276523828506
307,0.0,0.2,0.08461722731590271
307,0.03,0.0,0.07391459494829178
307,0.03,0.1,0.07391459494829178
307,0.03,0.2,0.08111732453107834
307,0.06,0.0,0.08912871778011322
307,0.06,0.1,0.08912871778011322
307,0.06,0.2,0.09042983502149582
307,0.09,0.0,0.09761445969343185
307,0.09,0.1,0.09761445969343185
307,0.09,0.2,0.08947848528623581
307,0.12,0.0,0.08885166049003601
307,0.12,0.1,0.08885166049003601
307,0.12,0.2,0.08313480019569397
307,0.15,0.0,0.0942889079451561
307,0.15,0.1,0.0942889079451561
307,0.15,0.2,0.08577464520931244
308,0.0,0.0,0.0913020521402359
308,0.0,0.1,0.0913020521402359
308,0.0,0.2,0.12198451161384583
308,0.03,0.0,0.08193203061819077
308,0.03,0.1,0.08193203061819077
308,0.03,0.2,0.11882226914167404
308,0.06,0.0,0.10957255214452744
308,0.06,0.1,0.10957255214452744
308,0.06,0.2,0.13277840614318848
308,0.09,0.0,0.14865289628505707
308,0.09,0.1,0.14865289628505707
308,0.09,0.2,0.14214351773262024
308,0.12,0.0,0.1665375977754593
308,0.12,0.1,0.1665375977754593
308,0.12,0.2,0.14599254727363586
308,0.15,0.0,0.1569807231426239
308,0.15,0.1,0.1569807231426239
308,0.15,0.2,0.12911657989025116
309,0.0,0.0,0.08213630318641663
309,0.0,0.1,0.08213630318641663
309,0.0,0.2,0.09548836946487427
309,0.03,0.0,0.09115519374608994
309,0.03,0.1,0.09115519374608994
309,0.03,0.2,0.09012873470783234
309,0.06,0.0,0.09835860878229141
309,0.06,0.1,0.09835860878229141
309,0.06,0.2,0.08645369112491608
309,0.09,0.0,0.09280434250831604
309,0.09,0.1,0.09280434250831604
309,0.09,0.2,0.0906839370727539
309,0.12,0.0,0.08331810683012009
309,0.12,0.1,0.08331810683012009
309,0.12,0.2,0.09160345792770386
309,0.15,0.0,0.09142911434173584
309,0.15,0.1,0.09142911434173584
309,0.15,0.2,0.10815570503473282
31,0.0,0.0,0.08631763607263565
31,0.0,0.1,0.08631763607263565
31,0.0,0.2,0.09293519705533981
31,0.03,0.0,0.08927512168884277
31,0.03,0.1,0.08927512168884277
31,0.03,0.2,0.10320770740509033
31,0.06,0.0,0.0953921303153038
31,0.06,0.1,0.0953921303153038
31,0.06,0.2,0.12400354444980621
31,0.09,0.0,0.11933358013629913
31,0.09,0.1,0.11933358013629913
31,0.09,0.2,0.13120366632938385
31,0.12,0.0,0.12467315047979355
31,0.12,0.1,0.12467315047979355
31,0.12,0.2,0.1397179663181305
31,0.15,0.0,0.13405197858810425
31,0.15,0.1,0.13405197858810425
31,0.15,0.2,0.13262367248535156
310,0.0,0.0,0.08852183818817139
310,0.0,0.1,0.08852183818817139
310,0.0,0.2,0.08398377895355225
310,0.03,0.0,0.0867011696100235
310,0.03,0.1,0.0867011696100235
310,0.03,0.2,0.08971438556909561
310,0.06,0.0,0.09607791900634766
310,0.06,0.1,0.09607791900634766
310,0.06,0.2,0.08801042288541794
310,0.09,0.0,0.10430346429347992
310,0.09,0.1,0.10430346429347992
310,0.09,0.2,0.09520995616912842
310,0.12,0.0,0.10432194918394089
310,0.12,0.1,0.10432194918394089
310,0.12,0.2,0.09320007264614105
310,0.15,0.0,0.07856136560440063
310,0.15,0.1,0.07856136560440063
310,0.15,0.2,0.08146544545888901
311,0.0,0.0,0.09320427477359772
311,0.0,0.1,0.09320427477359772
311,0.0,0.2,0.10400789231061935
311,0.03,0.0,0.09431183338165283
311,0.03,0.1,0.09431183338165283
311,0.03,0.2,0.10493551194667816
311,0.06,0.0,0.08722563832998276
311,0.06,0.1,0.08722563832998276
311,0.06,0.2,0.12173464149236679
311,0.09,0.0,0.09346882998943329
311,0.09,0.1,0.09346882998943329
311,0.09,0.2,0.12286005914211273
311,0.12,0.0,0.11459864675998688
311,0.12,0.1,0.11459864675998688
311,0.12,0.2,0.11997420340776443
311,0.15,0.0,0.13105222582817078
311,0.15,0.1,0.13105222582817078
311,0.15,0.2,0.12737497687339783
312,0.0,0.0,0.10552337765693665
312,0.0,0.1,0.10552337765693665
312,0.0,0.2,0.1478312462568283
312,0.03,0.0,0.16429822146892548
312,0.03,0.1,0.16429822146892548
312,0.03,0.2,0.17093080282211304
312,0.06,0.0,0.2013048380613327
312,0.06,0.1,0.2013048380613327
312,0.06,0.2,0.18530628085136414
312,0.09,0.0,0.20210054516792297
312,0.09,0.1,0.20210054516792297
312,0.09,0.2,0.16860361397266388
312,0.12,0.0,0.17669937014579773
312,0.12,0.1,0.17669937014579773
312,0.12,0.2,0.16396261751651764
312,0.15,0.0,0.16966328024864197
312,0.15,0.1,0.16966328024864197
312,0.15,0.2,0.15463104844093323
313,0.0,0.0,0.08384788781404495
313,0.0,0.1,0.08384788781404495
313,0.0,0.2,0.12499161064624786
313,0.03,0.0,0.0993741974234581
313,0.03,0.1,0.0993741974234581
313,0.03,0.2,0.15392948687076569
313,0.06,0.0,0.1316593438386917
313,0.06,0.1,0.1316593438386917
313,0.06,0.2,0.1753663271665573
313,0.09,0.0,0.15832246840000153
313,0.09,0.1,0.15832246840000153
313,0.09,0.2,0.1806391328573227
313,0.12,0.0,0.16435609757900238
313,0.12,0.1,0.16435609757900238
313,0.12,0.2,0.17669358849525452
313,0.15,0.0,0.16986921429634094
313,0.15,0.1,0.16986921429634094
313,0.15,0.2,0.17660972476005554
314,0.0,0.0,0.09196315705776215
314,0.0,0.1,0.09196315705776215
314,0.0,0.2,0.11346101760864258
314,0.03,0.0,0.08752966672182083
314,0.03,0.1,0.08752966672182083
314,0.03,0.2,0.08920262008905411
314,0.06,0.0,0.08525209128856659
314,0.06,0.1,0.08525209128856659
314,0.06,0.2,0.08641105890274048
314,0.09,0.0,0.09075501561164856
314,0.09,0.1,0.09075501561164856
314,0.09,0.2,0.08531410247087479
314,0.12,0.0,0.08495791256427765
314,0.12,0.1,0.08495791256427765
314,0.12,0.2,0.09767143428325653
314,0.15,0.0,0.09184510260820389
314,0.15,0.1,0.09184510260820389
314,0.15,0.2,0.09703406691551208
315,0.0,0.0,0.1750459372997284
315,0.0,0.1,0.1750459372997284
315,0.0,0.2,0.19776758551597595
315,0.03,0.0,0.16834773123264313
315,0.03,0.1,0.16834773123264313
315,0.03,0.2,0.18747562170028687
315,0.06,0.0,0.18135589361190796
315,0.06,0.1,0.18135589361190796
315,0.06,0.2,0.192482590675354
315,0.09,0.0,0.16463854908943176
315,0.09,0.1,0.16463854908943176
315,0.09,0.2,0.1713760793209076
315,0.12,0.0,0.15693619847297668
315,0.12,0.1,0.15693619847297668
315,0.12,0.2,0.16991615295410156
315,0.15,0.0,0.1578923463821411
315,0.15,0.1,0.1578923463821411
315,0.15,0.2,0.1640913337469101
316,0.0,0.0,0.08400162309408188
316,0.0,0.1,0.08400162309408188
316,0.0,0.2,0.08471311628818512
316,0.03,0.0,0.08111116290092468
316,0.03,0.1,0.08111116290092468
316,0.03,0.2,0.0873328149318695
316,0.06,0.0,0.08943916112184525
316,0.06,0.1,0.08943916112184525
316,0.06,0.2,0.10050421208143234
316,0.09,0.0,0.10227877646684647
316,0.09,0.1,0.10227877646684647
316,0.09,0.2,0.10921885818243027
316,0.12,0.0,0.12462269514799118
316,0.12,0.1,0.12462269514799118
316,0.12,0.2,0.13109692931175232
316,0.15,0.0,0.13562142848968506
316,0.15,0.1,0.13562142848968506
316,0.15,0.2,0.13827109336853027
317,0.0,0.0,0.12153451144695282
317,0.0,0.1,0.12153451144695282
317,0.0,0.2,0.12361165881156921
317,0.03,0.0,0.1205405592918396
317,0.03,0.1,0.1205405592918396
317,0.03,0.2,0.11759433895349503
317,0.06,0.0,0.129793182015419
317,0.06,0.1,0.129793182015419
317,0.06,0.2,0.12827283143997192
317,0.09,0.0,0.1500563621520996
317,0.09,0.1,0.1500563621520996
317,0.09,0.2,0.13775832951068878
317,0.12,0.0,0.1390245407819748
317,0.12,0.1,0.1390245407819748
317,0.12,0.2,0.12804289162158966
317,0.15,0.0,0.1438203603029251
317,0.15,0.1,0.1438203603029251
317,0.15,0.2,0.1314706653356552
318,0.0,0.0,0.11117520928382874
318,0.0,0.1,0.11117520928382874
318,0.0,0.2,0.11877378821372986
318,0.03,0.0,0.13056842982769012
318,0.03,0.1,0.13056842982769012
318,0.03,0.2,0.11136998236179352
318,0.06,0.0,0.1474602222442627
318,0.06,0.1,0.1474602222442627
318,0.06,0.2,0.10817701369524002
318,0.09,0.0,0.1415945589542389
318,0.09,0.1,0.1415945589542389
318,0.09,0.2,0.1090882420539856
318,0.12,0.0,0.0987090915441513
318,0.12,0.1,0.0987090915441513
318,0.12,0.2,0.08730069547891617
318,0.15,0.0,0.09660116583108902
318,0.15,0.1,0.09660116583108902
318,0.15,0.2,0.09955304861068726
319,0.0,0.0,0.09308759868144989
319,0.0,0.1,0.09308759868144989
319,0.0,0.2,0.09435231983661652
319,0.03,0.0,0.09123818576335907
319,0.03,0.1,0.09123818576335907
319,0.03,0.2,0.09406216442584991
319,0.06,0.0,0.0847812071442604
319,0.06,0.1,0.0847812071442604
319,0.06,0.2,0.09982740134000778
319,0.09,0.0,0.09774976223707199
319,0.09,0.1,0.09774976223707199
319,0.09,0.2,0.12222816795110703
319,0.12,0.0,0.10976520925760269
319,0.12,0.1,0.10976520925760269
319,0.12,0.2,0.12528538703918457
319,0.15,0.0,0.10552585124969482
319,0.15,0.1,0.10552585124969482
319,0.15,0.2,0.11292415112257004
32,0.0,0.0,0.08742702752351761
32,0.0,0.1,0.08742702752351761
32,0.0,0.2,0.10168669372797012
32,0.03,0.0,0.10525255650281906
32,0.03,0.1,0.10525255650281906
32,0.03,0.2,0.1128610149025917
32,0.06,0.0,0.14628177881240845
32,0.06,0.1,0.14628177881240845
32,0.06,0.2,0.12888512015342712
32,0.09,0.0,0.1626841127872467
32,0.09,0.1,0.1626841127872467
32,0.09,0.2,0.12004640698432922
32,0.12,0.0,0.15082506835460663
32,0.12,0.1,0.15082506835460663
32,0.12,0.2,0.11061340570449829
32,0.15,0.0,0.12127223610877991
32,0.15,0.1,0.12127223610877991
32,0.15,0.2,0.10423649102449417
320,0.0,0.0,0.08173741400241852
320,0.0,0.1,0.08173741400241852
320,0.0,0.2,0.08330615609884262
320,0.03,0.0,0.1041620522737503
320,0.03,0.1,0.1041620522737503
320,0.03,0.2,0.08667591959238052
320,0.06,0.0,0.12436530739068985
320,0.06,0.1,0.12436530739068985
320,0.06,0.2,0.09570471197366714
320,0.09,0.0,0.11628349870443344
320,0.09,0.1,0.11628349870443344
320,0.09,0.2,0.12183549255132675
320,0.12,0.0,0.10370108485221863
320,0.12,0.1,0.10370108485221863
320,0.12,0.2,0.13049519062042236
320,0.15,0.0,0.14179202914237976
320,0.15,0.1,0.14179202914237976
320,0.15,0.2,0.15038646757602692
321,0.0,0.0,0.08763778209686279
321,0.0,0.1,0.08763778209686279
321,0.0,0.2,0.11206770688295364
321,0.03,0.0,0.12319141626358032
321,0.03,0.1,0.12319141626358032
321,0.03,0.2,0.1194327175617218
321,0.06,0.0,0.16464796662330627
321,0.06,0.1,0.16464796662330627
321,0.06,0.2,0.11606937646865845
321,0.09,0.0,0.13916227221488953
321,0.09,0.1,0.13916227221488953
321,0.09,0.2,0.08904556930065155
321,0.12,0.0,0.09610311686992645
321,0.12,0.1,0.09610311686992645
321,0.12,0.2,0.09561704844236374
321,0.15,0.0,0.0833243802189827
321,0.15,0.1,0.0833243802189827
321,0.15,0.2,0.08535201102495193
322,0.0,0.0,0.08059962838888168
322,0.0,0.1,0.08059962838888168
322,0.0,0.2,0.08533154428005219
322,0.03,0.0,0.08796489238739014
322,0.03,0.1,0.08796489238739014
322,0.03,0.2,0.09372978657484055
322,0.06,0.0,0.08665258437395096
322,0.06,0.1,0.08665258437395096
322,0.06,0.2,0.09613440930843353
322,0.09,0.0,0.10676909983158112
322,0.09,0.1,0.10676909983158112
322,0.09,0.2,0.11384649574756622
322,0.12,0.0,0.11910991370677948
322,0.12,0.1,0.11910991370677948
322,0.12,0.2,0.12153314054012299
322,0.15,0.0,0.11723937094211578
322,0.15,0.1,0.11723937094211578
322,0.15,0.2,0.11625569313764572
323,0.0,0.0,0.08847852796316147
323,0.0,0.1,0.08847852796316147
323,0.0,0.2,0.11168181151151657
323,0.03,0.0,0.10922721028327942
323,0.03,0.1,0.10922721028327942
323,0.03,0.2,0.10699876397848129
323,0.06,0.0,0.12870283424854279
323,0.06,0.1,0.12870283424854279
323,0.06,0.2,0.09933989495038986
323,0.09,0.0,0.11677569895982742
323,0.09,0.1,0.11677569895982742
323,0.09,0.2,0.10806036740541458
323,0.12,0.0,0.11600632965564728
323,0.12,0.1,0.11600632965564728
323,0.12,0.2,0.1094721332192421
323,0.15,0.0,0.09513242542743683
323,0.15,0.1,0.09513242542743683
323,0.15,0.2,0.09461752325296402
324,0.0,0.0,0.09573911130428314
324,0.0,0.1,0.09573911130428314
324,0.0,0.2,0.15477772057056427
324,0.03,0.0,0.11981598287820816
324,0.03,0.1,0.11981598287820816
324,0.03,0.2,0.17623686790466309
324,0.06,0.0,0.1495828479528427
324,0.06,0.1,0.1495828479528427
324,0.06,0.2,0.18089480698108673
324,0.09,0.0,0.1809810847043991
324,0.09,0.1,0.1809810847043991
324,0.09,0.2,0.18488089740276337
324,0.12,0.0,0.19289827346801758
324,0.12,0.1,0.19289827346801758
324,0.12,0.2,0.17514212429523468
324,0.15,0.0,0.17751801013946533
324,0.15,0.1,0.17751801013946533
324,0.15,0.2,0.16177041828632355
325,0.0,0.0,0.08366631716489792
325,0.0,0.1,0.08366631716489792
325,0.0,0.2,0.07770390808582306
325,0.03,0.0,0.09428009390830994
325,0.03,0.1,0.09428009390830994
325,0.03,0.2,0.08467182517051697
325,0.06,0.0,0.08934225887060165
325,0.06,0.1,0.08934225887060165
325,0.06,0.2,0.08316726237535477
325,0.09,0.0,0.10238834470510483
325,0.09,0.1,0.10238834470510483
325,0.09,0.2,0.08839207887649536
325,0.12,0.0,0.09204911440610886
325,0.12,0.1,0.09204911440610886
325,0.12,0.2,0.08667240291833878
325,0.15,0.0,0.08753249794244766
325,0.15,0.1,0.08753249794244766
325,0.15,0.2,0.08974247425794601
326,0.0,0.0,0.10790424048900604
326,0.0,0.1,0.10790424048900604
326,0.0,0.2,0.13627839088439941
326,0.03,0.0,0.09209906309843063
326,0.03,0.1,0.09209906309843063
326,0.03,0.2,0.16604797542095184
326,0.06,0.0,0.1329612284898758
326,0.06,0.1,0.1329612284898758
326,0.06,0.2,0.19793029129505157
326,0.09,0.0,0.1815042495727539
326,0.09,0.1,0.1815042495727539
326,0.09,0.2,0.21101602911949158
326,0.12,0.0,0.22205348312854767
326,0.12,0.1,0.22205348312854767
326,0.12,0.2,0.2190735936164856
326,0.15,0.0,0.2347375601530075
326,0.15,0.1,0.2347375601530075
326,0.15,0.2,0.21423743665218353
327,0.0,0.0,0.09056515246629715
327,0.0,0.1,0.09056515246629715
327,0.0,0.2,0.12156212329864502
327,0.03,0.0,0.10482482612133026
327,0.03,0.1,0.10482482612133026
327,0.03,0.2,0.1334557682275772
327,0.06,0.0,0.11770426481962204
327,0.06,0.1,0.11770426481962204
327,0.06,0.2,0.14257019758224487
327,0.09,0.0,0.11792682111263275
327,0.09,0.1,0.11792682111263275
327,0.09,0.2,0.1427135318517685
327,0.12,0.0,0.13181374967098236
327,0.12,0.1,0.13181374967098236
327,0.12,0.2,0.13925804197788239
327,0.15,0.0,0.1395442634820938
327,0.15,0.1,0.1395442634820938
327,0.15,0.2,0.1422617882490158
328,0.0,0.0,0.08600594103336334
328,0.0,0.1,0.08600594103336334
328,0.0,0.2,0.0863468274474144
328,0.03,0.0,0.08680051565170288
328,0.03,0.1,0.08680051565170288
328,0.03,0.2,0.10775759816169739
328,0.06,0.0,0.09528908878564835
328,0.06,0.1,0.09528908878564835
328,0.06,0.2,0.11125390976667404
328,0.09,0.0,0.10321547091007233
328,0.09,0.1,0.10321547091007233
328,0.09,0.2,0.11623146384954453
328,0.12,0.0,0.12693116068840027
328,0.12,0.1,0.12693116068840027
328,0.12,0.2,0.12301012128591537
328,0.15,0.0,0.14554549753665924
328,0.15,0.1,0.14554549753665924
328,0.15,0.2,0.14020180702209473
329,0.0,0.0,0.08470477163791656
329,0.0,0.1,0.08470477163791656
329,0.0,0.2,0.09972790628671646
329,0.03,0.0,0.09051067382097244
329,0.03,0.1,0.09051067382097244
329,0.03,0.2,0.11020458489656448
329,0.06,0.0,0.11773981899023056
329,0.06,0.1,0.11773981899023056
329,0.06,0.2,0.11291240900754929
329,0.09,0.0,0.13206322491168976
329,0.09,0.1,0.13206322491168976
329,0.09,0.2,0.11243192106485367
329,0.12,0.0,0.13588805496692657
329,0.12,0.1,0.13588805496692657
329,0.12,0.2,0.11985530704259872
329,0.15,0.0,0.11584177613258362
329,0.15,0.1,0.11584177613258362
329,0.15,0.2,0.10398665815591812
33,0.0,0.0,0.10413966327905655
33,0.0,0.1,0.10413966327905655
33,0.0,0.2,0.12931114435195923
33,0.03,0.0,0.08619903773069382
33,0.03,0.1,0.08619903773069382
33,0.03,0.2,0.13475225865840912
33,0.06,0.0,0.12516190111637115
33,0.06,0.1,0.12516190111637115
33,0.06,0.2,0.15879026055335999
33,0.09,0.0,0.15906353294849396
33,0.09,0.1,0.15906353294849396
33,0.09,0.2,0.17461194097995758
33,0.12,0.0,0.17305797338485718
33,0.12,0.1,0.17305797338485718
33,0.12,0.2,0.162383034825325
33,0.15,0.0,0.18151745200157166
33,0.15,0.1,0.18151745200157166
33,0.15,0.2,0.15625441074371338
330,0.0,0.0,0.10032648593187332
330,0.0,0.1,0.10032648593187332
330,0.0,0.2,0.14035101234912872
330,0.03,0.0,0.1219392865896225
330,0.03,0.1,0.1219392865896225
330,0.03,0.2,0.10998816043138504
330,0.06,0.0,0.14699722826480865
330,0.06,0.1,0.14699722826480865
330,0.06,0.2,0.11109702289104462
330,0.09,0.0,0.13687607645988464
330,0.09,0.1,0.13687607645988464
330,0.09,0.2,0.10016082972288132
330,0.12,0.0,0.11745177954435349
330,0.12,0.1,0.11745177954435349
330,0.12,0.2,0.10134760290384293
330,0.15,0.0,0.10783911496400833
330,0.15,0.1,0.10783911496400833
330,0.15,0.2,0.11799976229667664
331,0.0,0.0,0.07803559303283691
331,0.0,0.1,0.07803559303283691
331,0.0,0.2,0.11338549107313156
331,0.03,0.0,0.08374030888080597
331,0.03,0.1,0.08374030888080597
331,0.03,0.2,0.1295364946126938
331,0.06,0.0,0.0986928716301918
331,0.06,0.1,0.0986928716301918
331,0.06,0.2,0.1346624344587326
331,0.09,0.0,0.13176463544368744
331,0.09,0.1,0.13176463544368744
331,0.09,0.2,0.14741051197052002
331,0.12,0.0,0.15039709210395813
331,0.12,0.1,0.15039709210395813
331,0.12,0.2,0.16029828786849976
331,0.15,0.0,0.14048205316066742
331,0.15,0.1,0.14048205316066742
331,0.15,0.2,0.16324584186077118
332,0.0,0.0,0.08041374385356903
332,0.0,0.1,0.08041374385356903
332,0.0,0.2,0.12297872453927994
332,0.03,0.0,0.11024713516235352
332,0.03,0.1,0.11024713516235352
332,0.03,0.2,0.156877800822258
332,0.06,0.0,0.14147990942001343
332,0.06,0.1,0.14147990942001343
332,0.06,0.2,0.16787853837013245
332,0.09,0.0,0.1885944902896881
332,0.09,0.1,0.1885944902896881
332,0.09,0.2,0.1740315705537796
332,0.12,0.0,0.20357228815555573
332,0.12,0.1,0.20357228815555573
332,0.12,0.2,0.16387733817100525
332,0.15,0.0,0.18766197562217712
332,0.15,0.1,0.18766197562217712
332,0.15,0.2,0.15885087847709656
333,0.0,0.0,0.09324658662080765
333,0.0,0.1,0.09324658662080765
333,0.0,0.2,0.09161727130413055
333,0.03,0.0,0.10126662254333496
333,0.03,0.1,0.10126662254333496
333,0.03,0.2,0.11269836872816086
333,0.06,0.0,0.0967983826994896
333,0.06,0.1,0.0967983826994896
333,0.06,0.2,0.1152719110250473
333,0.09,0.0,0.0854043960571289
333,0.09,0.1,0.0854043960571289
333,0.09,0.2,0.10235587507486343
333,0.12,0.0,0.09923012554645538
333,0.12,0.1,0.09923012554645538
333,0.12,0.2,0.0972147136926651
333,0.15,0.0,0.09649188816547394
333,0.15,0.1,0.09649188816547394
333,0.15,0.2,0.1090458333492279
334,0.0,0.0,0.09008851647377014
334,0.0,0.1,0.09008851647377014
334,0.0,0.2,0.08788438141345978
334,0.03,0.0,0.07601767033338547
334,0.03,0.1,0.07601767033338547
334,0.03,0.2,0.10552547127008438
334,0.06,0.0,0.08048777282238007
334,0.06,0.1,0.08048777282238007
334,0.06,0.2,0.12344931811094284
334,0.09,0.0,0.09686540812253952
334,0.09,0.1,0.09686540812253952
334,0.09,0.2,0.13348791003227234
334,0.12,0.0,0.12369917333126068
334,0.12,0.1,0.12369917333126068
334,0.12,0.2,0.15246905386447906
334,0.15,0.0,0.14635853469371796
334,0.15,0.1,0.14635853469371796
334,0.15,0.2,0.16765545308589935
335,0.0,0.0,0.08909404277801514
335,0.0,0.1,0.08909404277801514
335,0.0,0.2,0.09372854232788086
335,0.03,0.0,0.08761131763458252
335,0.03,0.1,0.08761131763458252
335,0.03,0.2,0.08791113644838333
335,0.06,0.0,0.09546488523483276
335,0.06,0.1,0.09546488523483276
335,0.06,0.2,0.10825749486684799
335,0.09,0.0,0.10056588053703308
335,0.09,0.1,0.10056588053703308
335,0.09,0.2,0.10412927716970444
335,0.12,0.0,0.1199198067188263
335,0.12,0.1,0.1199198067188263
335,0.12,0.2,0.10609583556652069
335,0.15,0.0,0.12435894459486008
335,0.15,0.1,0.12435894459486008
335,0.15,0.2,0.1102062314748764
336,0.0,0.0,0.07950202375650406
336,0.0,0.1,0.07950202375650406
336,0.0,0.2,0.08526775985956192
336,0.03,0.0,0.08760151267051697
336,0.03,0.1,0.08760151267051697
336,0.03,0.2,0.09438438713550568
336,0.06,0.0,0.09376704692840576
336,0.06,0.1,0.09376704692840576
336,0.06,0.2,0.087656170129776
336,0.09,0.0,0.10828398913145065
336,0.09,0.1,0.10828398913145065
336,0.09,0.2,0.10755930840969086
336,0.12,0.0,0.10756651312112808
336,0.12,0.1,0.10756651312112808
336,0.12,0.2,0.09676600247621536
336,0.15,0.0,0.10199615359306335
336,0.15,0.1,0.10199615359306335
336,0.15,0.2,0.08877542614936829
337,0.0,0.0,0.07721899449825287
337,0.0,0.1,0.07721899449825287
337,0.0,0.2,0.07871579378843307
337,0.03,0.0,0.0897589772939682
337,0.03,0.1,0.0897589772939682
337,0.03,0.2,0.07847415655851364
337,0.06,0.0,0.09079563617706299
337,0.06,0.1,0.09079563617706299
337,0.06,0.2,0.08416672050952911
337,0.09,0.0,0.08446706086397171
337,0.09,0.1,0.08446706086397171
337,0.09,0.2,0.08471469581127167
337,0.12,0.0,0.087546207010746
337,0.12,0.1,0.087546207010746
337,0.12,0.2,0.08523668348789215
337,0.15,0.0,0.09263022989034653
337,0.15,0.1,0.09263022989034653
337,0.15,0.2,0.09895896166563034
338,0.0,0.0,0.08317223936319351
338,0.0,0.1,0.08317223936319351
338,0.0,0.2,0.09751272201538086
338,0.03,0.0,0.08813172578811646
338,0.03,0.1,0.08813172578811646
338,0.03,0.2,0.08478473871946335
338,0.06,0.0,0.0932784378528595
338,0.06,0.1,0.0932784378528595
338,0.06,0.2,0.09411900490522385
338,0.09,0.0,0.08809248358011246
338,0.09,0.1,0.08809248358011246
338,0.09,0.2,0.08942446112632751
338,0.12,0.0,0.08781849592924118
338,0.12,0.1,0.08781849592924118
338,0.12,0.2,0.09262323379516602
338,0.15,0.0,0.08339348435401917
338,0.15,0.1,0.08339348435401917
338,0.15,0.2,0.09856981784105301
339,0.0,0.0,0.09270778298377991
339,0.0,0.1,0.09270778298377991
339,0.0,0.2,0.11290213465690613
339,0.03,0.0,0.0881478562951088
339,0.03,0.1,0.0881478562951088
339,0.03,0.2,0.11775559186935425
339,0.06,0.0,0.1005486473441124
339,0.06,0.1,0.1005486473441124
339,0.06,0.2,0.12433737516403198
339,0.09,0.0,0.11050331592559814
339,0.09,0.1,0.11050331592559814
339,0.09,0.2,0.12625575065612793
339,0.12,0.0,0.1220352053642273
339,0.12,0.1,0.1220352053642273
339,0.12,0.2,0.12532970309257507
339,0.15,0.0,0.12161684036254883
339,0.15,0.1,0.12161684036254883
339,0.15,0.2,0.11420123279094696
34,0.0,0.0,0.09628652781248093
34,0.0,0.1,0.09628652781248093
34,0.0,0.2,0.09465228021144867
34,0.03,0.0,0.08887583762407303
34,0.03,0.1,0.08887583762407303
34,0.03,0.2,0.09736202657222748
34,0.06,0.0,0.10846605896949768
34,0.06,0.1,0.10846605896949768
34,0.06,0.2,0.0995195135474205
34,0.09,0.0,0.08538267761468887
34,0.09,0.1,0.08538267761468887
34,0.09,0.2,0.10918086767196655
34,0.12,0.0,0.09519816190004349
34,0.12,0.1,0.09519816190004349
34,0.12,0.2,0.11491125822067261
34,0.15,0.0,0.11258328706026077
34,0.15,0.1,0.11258328706026077
34,0.15,0.2,0.1161588728427887
340,0.0,0.0,0.09176544845104218
340,0.0,0.1,0.09176544845104218
340,0.0,0.2,0.10206848382949829
340,0.03,0.0,0.08415400236845016
340,0.03,0.1,0.08415400236845016
340,0.03,0.2,0.10767846554517746
340,0.06,0.0,0.0938345417380333
340,0.06,0.1,0.0938345417380333
340,0.06,0.2,0.12387829273939133
340,0.09,0.0,0.10916024446487427
340,0.09,0.1,0.10916024446487427
340,0.09,0.2,0.12423772364854813
340,0.12,0.0,0.11987194418907166
340,0.12,0.1,0.11987194418907166
340,0.12,0.2,0.12408256530761719
340,0.15,0.0,0.12452303618192673
340,0.15,0.1,0.12452303618192673
340,0.15,0.2,0.12375255674123764
341,0.0,0.0,0.079927459359169
341,0.0,0.1,0.079927459359169
341,0.0,0.2,0.10391896963119507
341,0.03,0.0,0.09742336720228195
341,0.03,0.1,0.09742336720228195
341,0.03,0.2,0.13130156695842743
341,0.06,0.0,0.10664457827806473
341,0.06,0.1,0.10664457827806473
341,0.06,0.2,0.1476912498474121
341,0.09,0.0,0.1279965341091156
341,0.09,0.1,0.1279965341091156
341,0.09,0.2,0.1455630213022232
341,0.12,0.0,0.1513122022151947
341,0.12,0.1,0.1513122022151947
341,0.12,0.2,0.1458512842655182
341,0.15,0.0,0.1551145613193512
341,0.15,0.1,0.1551145613193512
341,0.15,0.2,0.1306329369544983
342,0.0,0.0,0.08942005038261414
342,0.0,0.1,0.08942005038261414
342,0.0,0.2,0.09343059360980988
342,0.03,0.0,0.11490122973918915
342,0.03,0.1,0.11490122973918915
342,0.03,0.2,0.10565055906772614
342,0.06,0.0,0.08761130273342133
342,0.06,0.1,0.08761130273342133
342,0.06,0.2,0.11886696517467499
342,0.09,0.0,0.10500963032245636
342,0.09,0.1,0.10500963032245636
342,0.09,0.2,0.1276254951953888
342,0.12,0.0,0.12322758138179779
342,0.12,0.1,0.12322758138179779
342,0.12,0.2,0.126458078622818
342,0.15,0.0,0.13580483198165894
342,0.15,0.1,0.13580483198165894
342,0.15,0.2,0.12769809365272522
343,0.0,0.0,0.083824522793293
343,0.0,0.1,0.083824522793293
343,0.0,0.2,0.1145336702466011
343,0.03,0.0,0.11223679780960083
343,0.03,0.1,0.11223679780960083
343,0.03,0.2,0.12598446011543274
343,0.06,0.0,0.11221203207969666
343,0.06,0.1,0.11221203207969666
343,0.06,0.2,0.1386491060256958
343,0.09,0.0,0.1302529275417328
343,0.09,0.1,0.1302529275417328
343,0.09,0.2,0.15795549750328064
343,0.12,0.0,0.14307595789432526
343,0.12,0.1,0.14307595789432526
343,0.12,0.2,0.16195952892303467
343,0.15,0.0,0.14037546515464783
343,0.15,0.1,0.14037546515464783
343,0.15,0.2,0.170639306306839
344,0.0,0.0,0.07743847370147705
344,0.0,0.1,0.07743847370147705
344,0.0,0.2,0.09114343672990799
344,0.03,0.0,0.0808158814907074
344,0.03,0.1,0.0808158814907074
344,0.03,0.2,0.10545317083597183
344,0.06,0.0,0.09261513501405716
344,0.06,0.1,0.09261513501405716
344,0.06,0.2,0.11480985581874847
344,0.09,0.0,0.10073796659708023
344,0.09,0.1,0.10073796659708023
344,0.09,0.2,0.11006193608045578
344,0.12,0.0,0.10756378620862961
344,0.12,0.1,0.10756378620862961
344,0.12,0.2,0.11316731572151184
344,0.15,0.0,0.1201118677854538
344,0.15,0.1,0.1201118677854538
344,0.15,0.2,0.11790002137422562
345,0.0,0.0,0.08776943385601044
345,0.0,0.1,0.08776943385601044
345,0.0,0.2,0.1234525740146637
345,0.03,0.0,0.10768818855285645
345,0.03,0.1,0.10768818855285645
345,0.03,0.2,0.1420273333787918
345,0.06,0.0,0.12185212969779968
345,0.06,0.1,0.12185212969779968
345,0.06,0.2,0.15542466938495636
345,0.09,0.0,0.1458342969417572
345,0.09,0.1,0.1458342969417572
345,0.09,0.2,0.1521308869123459
345,0.12,0.0,0.15096275508403778
345,0.12,0.1,0.15096275508403778
345,0.12,0.2,0.1484954059123993
345,0.15,0.0,0.15666773915290833
345,0.15,0.1,0.15666773915290833
345,0.15,0.2,0.13460785150527954
346,0.0,0.0,0.08694352954626083
346,0.0,0.1,0.08694352954626083
346,0.0,0.2,0.08192989975214005
346,0.03,0.0,0.08550123125314713
346,0.03,0.1,0.08550123125314713
346,0.03,0.2,0.08063577115535736
346,0.06,0.0,0.10034587979316711
346,0.06,0.1,0.10034587979316711
346,0.06,0.2,0.08950725942850113
346,0.09,0.0,0.11109182983636856
346,0.09,0.1,0.11109182983636856
346,0.09,0.2,0.09246928989887238
346,0.12,0.0,0.10102967917919159
346,0.12,0.1,0.10102967917919159
346,0.12,0.2,0.08376774191856384
346,0.15,0.0,0.09048324823379517
346,0.15,0.1,0.09048324823379517
346,0.15,0.2,0.08329223841428757
347,0.0,0.0,0.08354868739843369
347,0.0,0.1,0.08354868739843369
347,0.0,0.2,0.09118548780679703
347,0.03,0.0,0.09142017364501953
347,0.03,0.1,0.09142017364501953
347,0.03,0.2,0.09617146104574203
347,0.06,0.0,0.09977904707193375
347,0.06,0.1,0.09977904707193375
347,0.06,0.2,0.09352204948663712
347,0.09,0.0,0.0888085663318634
347,0.09,0.1,0.0888085663318634
347,0.09,0.2,0.09041386097669601
347,0.12,0.0,0.10010652989149094
347,0.12,0.1,0.10010652989149094
347,0.12,0.2,0.08629921078681946
347,0.15,0.0,0.09910324215888977
347,0.15,0.1,0.09910324215888977
347,0.15,0.2,0.08824367076158524
348,0.0,0.0,0.10029327869415283
348,0.0,0.1,0.10029327869415283
348,0.0,0.2,0.11409753561019897
348,0.03,0.0,0.12761376798152924
348,0.03,0.1,0.12761376798152924
348,0.03,0.2,0.12064475566148758
348,0.06,0.0,0.14452628791332245
348,0.06,0.1,0.14452628791332245
348,0.06,0.2,0.14415527880191803
348,0.09,0.0,0.13421370089054108
348,0.09,0.1,0.13421370089054108
348,0.09,0.2,0.1419292688369751
348,0.12,0.0,0.1281895786523819
348,0.12,0.1,0.1281895786523819
348,0.12,0.2,0.14662496745586395
348,0.15,0.0,0.1601572334766388
348,0.15,0.1,0.1601572334766388
348,0.15,0.2,0.15339992940425873
349,0.0,0.0,0.086200051009655
349,0.0,0.1,0.086200051009655
349,0.0,0.2,0.09157358855009079
349,0.03,0.0,0.09743978828191757
349,0.03,0.1,0.09743978828191757
349,0.03,0.2,0.11060560494661331
349,0.06,0.0,0.09025237709283829
349,0.06,0.1,0.09025237709283829
349,0.06,0.2,0.11520787328481674
349,0.09,0.0,0.1146499440073967
349,0.09,0.1,0.1146499440073967
349,0.09,0.2,0.13031917810440063
349,0.12,0.0,0.10425402224063873
349,0.12,0.1,0.10425402224063873
349,0.12,0.2,0.11859298497438431
349,0.15,0.0,0.09610231965780258
349,0.15,0.1,0.09610231965780258
349,0.15,0.2,0.10751286894083023
35,0.0,0.0,0.081747867166996
35,0.0,0.1,0.081747867166996
35,0.0,0.2,0.08540380746126175
35,0.03,0.0,0.09620552510023117
35,0.03,0.1,0.09620552510023117
35,0.03,0.2,0.09919383376836777
35,0.06,0.0,0.08526492118835449
35,0.06,0.1,0.08526492118835449
35,0.06,0.2,0.09322861582040787
35,0.09,0.0,0.10086707770824432
35,0.09,0.1,0.10086707770824432
35,0.09,0.2,0.09172260761260986
35,0.12,0.0,0.10301477462053299
35,0.12,0.1,0.10301477462053299
35,0.12,0.2,0.09762248396873474
35,0.15,0.0,0.08716493844985962
35,0.15,0.1,0.08716493844985962
35,0.15,0.2,0.08774545043706894
350,0.0,0.0,0.08077283203601837
350,0.0,0.1,0.08077283203601837
350,0.0,0.2,0.09341629594564438
350,0.03,0.0,0.10387777537107468
350,0.03,0.1,0.10387777537107468
350,0.03,0.2,0.1104433536529541
350,0.06,0.0,0.10521534085273743
350,0.06,0.1,0.10521534085273743
350,0.06,0.2,0.10421009361743927
350,0.09,0.0,0.0926787480711937
350,0.09,0.1,0.0926787480711937
350,0.09,0.2,0.10933632403612137
350,0.12,0.0,0.10905613005161285
350,0.12,0.1,0.10905613005161285
350,0.12,0.2,0.11789868772029877
350,0.15,0.0,0.11640527099370956
350,0.15,0.1,0.11640527099370956
350,0.15,0.2,0.11889897286891937
351,0.0,0.0,0.08113916963338852
351,0.0,0.1,0.08113916963338852
351,0.0,0.2,0.08756240457296371
351,0.03,0.0,0.08765631169080734
351,0.03,0.1,0.08765631169080734
351,0.03,0.2,0.07844596356153488
351,0.06,0.0,0.08314880728721619
351,0.06,0.1,0.08314880728721619
351,0.06,0.2,0.09999646991491318
351,0.09,0.0,0.09352906793355942
351,0.09,0.1,0.09352906793355942
351,0.09,0.2,0.10664907842874527
351,0.12,0.0,0.08654966205358505
351,0.12,0.1,0.08654966205358505
351,0.12,0.2,0.08866743743419647
351,0.15,0.0,0.10231738537549973
351,0.15,0.1,0.10231738537549973
351,0.15,0.2,0.10395379364490509
352,0.0,0.0,0.087157242000103
352,0.0,0.1,0.087157242000103
352,0.0,0.2,0.0834980234503746
352,0.03,0.0,0.08388528972864151
352,0.03,0.1,0.08388528972864151
352,0.03,0.2,0.08485288918018341
352,0.06,0.0,0.09699787199497223
352,0.06,0.1,0.09699787199497223
352,0.06,0.2,0.11010562628507614
352,0.09,0.0,0.08834818750619888
352,0.09,0.1,0.08834818750619888
352,0.09,0.2,0.10349917411804199
352,0.12,0.0,0.0985662117600441
352,0.12,0.1,0.0985662117600441
352,0.12,0.2,0.10217548906803131
352,0.15,0.0,0.10949766635894775
352,0.15,0.1,0.10949766635894775
352,0.15,0.2,0.11118950694799423
353,0.0,0.0,0.0929919183254242
353,0.0,0.1,0.0929919183254242
353,0.0,0.2,0.0961383730173111
353,0.03,0.0,0.08412142843008041
353,0.03,0.1,0.08412142843008041
353,0.03,0.2,0.09344959259033203
353,0.06,0.0,0.0833113044500351
353,0.06,0.1,0.0833113044500351
353,0.06,0.2,0.09498146176338196
353,0.09,0.0,0.10044976323843002
353,0.09,0.1,0.10044976323843002
353,0.09,0.2,0.08182784169912338
353,0.12,0.0,0.07859519124031067
353,0.12,0.1,0.07859519124031067
353,0.12,0.2,0.08003321290016174
353,0.15,0.0,0.07772141695022583
353,0.15,0.1,0.07772141695022583
353,0.15,0.2,0.08745783567428589
354,0.0,0.0,0.0929785817861557
354,0.0,0.1,0.0929785817861557
354,0.0,0.2,0.0826345831155777
354,0.03,0.0,0.08843524754047394
354,0.03,0.1,0.08843524754047394
354,0.03,0.2,0.09417502582073212
354,0.06,0.0,0.09065258502960205
354,0.06,0.1,0.09065258502960205
354,0.06,0.2,0.10770347714424133
354,0.09,0.0,0.08282962441444397
354,0.09,0.1,0.08282962441444397
354,0.09,0.2,0.09194226562976837
354,0.12,0.0,0.0981796532869339
354,0.12,0.1,0.0981796532869339
354,0.12,0.2,0.09318400174379349
354,0.15,0.0,0.10296934843063354
354,0.15,0.1,0.10296934843063354
354,0.15,0.2,0.11583083868026733
355,0.0,0.0,0.11253372579813004
355,0.0,0.1,0.11253372579813004
355,0.0,0.2,0.15834031999111176
355,0.03,0.0,0.1467408984899521
355,0.03,0.1,0.1467408984899521
355,0.03,0.2,0.1903713345527649
355,0.06,0.0,0.1562640219926834
355,0.06,0.1,0.1562640219926834
355,0.06,0.2,0.20676861703395844
355,0.09,0.0,0.15618039667606354
355,0.09,0.1,0.15618039667606354
355,0.09,0.2,0.1930057555437088
355,0.12,0.0,0.1761339008808136
355,0.12,0.1,0.1761339008808136
355,0.12,0.2,0.20260095596313477
355,0.15,0.0,0.19130666553974152
355,0.15,0.1,0.19130666553974152
355,0.15,0.2,0.20690666139125824
356,0.0,0.0,0.09757594019174576
356,0.0,0.1,0.09757594019174576
356,0.0,0.2,0.1537383645772934
356,0.03,0.0,0.13438135385513306
356,0.03,0.1,0.13438135385513306
356,0.03,0.2,0.15021434426307678
356,0.06,0.0,0.18885628879070282
356,0.06,0.1,0.18885628879070282
356,0.06,0.2,0.15327122807502747
356,0.09,0.0,0.19269008934497833
356,0.09,0.1,0.19269008934497833
356,0.09,0.2,0.13724030554294586
356,0.12,0.0,0.15849503874778748
356,0.12,0.1,0.15849503874778748
356,0.12,0.2,0.11961681395769119
356,0.15,0.0,0.11787881702184677
356,0.15,0.1,0.11787881702184677
356,0.15,0.2,0.10431243479251862
357,0.0,0.0,0.08438677340745926
357,0.0,0.1,0.08438677340745926
357,0.0,0.2,0.09951692074537277
357,0.03,0.0,0.0917683020234108
357,0.03,0.1,0.0917683020234108
357,0.03,0.2,0.12518416345119476
357,0.06,0.0,0.11495696008205414
357,0.06,0.1,0.11495696008205414
357,0.06,0.2,0.13603255152702332
357,0.09,0.0,0.12888312339782715
357,0.09,0.1,0.12888312339782715
357,0.09,0.2,0.141374409198761
357,0.12,0.0,0.13018344342708588
357,0.12,0.1,0.13018344342708588
357,0.12,0.2,0.13630099594593048
357,0.15,0.0,0.12884099781513214
357,0.15,0.1,0.12884099781513214
357,0.15,0.2,0.13131390511989594
358,0.0,0.0,0.08650104701519012
358,0.0,0.1,0.08650104701519012
358,0.0,0.2,0.11662434786558151
358,0.03,0.0,0.11797753721475601
358,0.03,0.1,0.11797753721475601
358,0.03,0.2,0.11824090778827667
358,0.06,0.0,0.1539313644170761
358,0.06,0.1,0.1539313644170761
358,0.06,0.2,0.12576375901699066
358,0.09,0.0,0.1622914969921112
358,0.09,0.1,0.1622914969921112
358,0.09,0.2,0.10532630980014801
358,0.12,0.0,0.1339760720729828
358,0.12,0.1,0.1339760720729828
358,0.12,0.2,0.08785505592823029
358,0.15,0.0,0.09274668246507645
358,0.15,0.1,0.09274668246507645
358,0.15,0.2,0.08936804533004761
359,0.0,0.0,0.09138887375593185
359,0.0,0.1,0.09138887375593185
359,0.0,0.2,0.15277010202407837
359,0.03,0.0,0.12038916349411011
359,0.03,0.1,0.12038916349411011
359,0.03,0.2,0.18626555800437927
359,0.06,0.0,0.18408353626728058
359,0.06,0.1,0.18408353626728058
359,0.06,0.2,0.21906720101833344
359,0.09,0.0,0.2188582569360733
359,0.09,0.1,0.2188582569360733
359,0.09,0.2,0.2230142205953598
359,0.12,0.0,0.2336440533399582
359,0.12,0.1,0.2336440533399582
359,0.12,0.2,0.20840799808502197
359,0.15,0.0,0.22000713646411896
359,0.15,0.1,0.22000713646411896
359,0.15,0.2,0.19039280712604523
36,0.0,0.0,0.09001658111810684
36,0.0,0.1,0.09001658111810684
36,0.0,0.2,0.1388292908668518
36,0.03,0.0,0.08838857710361481
36,0.03,0.1,0.08838857710361481
36,0.03,0.2,0.1674601137638092
36,0.06,0.0,0.13383953273296356
36,0.06,0.1,0.13383953273296356
36,0.06,0.2,0.17260268330574036
36,0.09,0.0,0.19405128061771393
36,0.09,0.1,0.19405128061771393
36,0.09,0.2,0.18851619958877563
36,0.12,0.0,0.22709259390830994
36,0.12,0.1,0.22709259390830994
36,0.12,0.2,0.191475972533226
36,0.15,0.0,0.21505390107631683
36,0.15,0.1,0.21505390107631683
36,0.15,0.2,0.15963353216648102
360,0.0,0.0,0.08247344940900803
360,0.0,0.1,0.08247344940900803
360,0.0,0.2,0.08668334782123566
360,0.03,0.0,0.0877951979637146
360,0.03,0.1,0.0877951979637146
360,0.03,0.2,0.0903201699256897
360,0.06,0.0,0.0984593853354454
360,0.06,0.1,0.0984593853354454
360,0.06,0.2,0.09489288181066513
360,0.09,0.0,0.10271090269088745
360,0.09,0.1,0.10271090269088745
360,0.09,0.2,0.09900588542222977
360,0.12,0.0,0.1000015065073967
360,0.12,0.1,0.1000015065073967
360,0.12,0.2,0.11038832366466522
360,0.15,0.0,0.10292274504899979
360,0.15,0.1,0.10292274504899979
360,0.15,0.2,0.09160138666629791
361,0.0,0.0,0.0878697857260704
361,0.0,0.1,0.0878697857260704
361,0.0,0.2,0.10263016074895859
361,0.03,0.0,0.09147068858146667
361,0.03,0.1,0.09147068858146667
361,0.03,0.2,0.12172377109527588
361,0.06,0.0,0.13512207567691803
361,0.06,0.1,0.13512207567691803
361,0.06,0.2,0.15052346885204315
361,0.09,0.0,0.14416474103927612
361,0.09,0.1,0.14416474103927612
361,0.09,0.2,0.14989963173866272
361,0.12,0.0,0.13073304295539856
361,0.12,0.1,0.13073304295539856
361,0.12,0.2,0.12810295820236206
361,0.15,0.0,0.11380470544099808
361,0.15,0.1,0.11380470544099808
361,0.15,0.2,0.10356893390417099
362,0.0,0.0,0.08396156877279282
362,0.0,0.1,0.08396156877279282
362,0.0,0.2,0.09831947088241577
362,0.03,0.0,0.08675188571214676
362,0.03,0.1,0.08675188571214676
362,0.03,0.2,0.11329416930675507
362,0.06,0.0,0.10559158027172089
362,0.06,0.1,0.10559158027172089
362,0.06,0.2,0.12744446098804474
362,0.09,0.0,0.13850200176239014
362,0.09,0.1,0.13850200176239014
362,0.09,0.2,0.13080045580863953
362,0.12,0.0,0.16043435037136078
362,0.12,0.1,0.16043435037136078
362,0.12,0.2,0.13329969346523285
362,0.15,0.0,0.14514894783496857
362,0.15,0.1,0.14514894783496857
362,0.15,0.2,0.12104181200265884
363,0.0,0.0,0.0867501050233841
363,0.0,0.1,0.0867501050233841
363,0.0,0.2,0.12871171534061432
363,0.03,0.0,0.09856767952442169
363,0.03,0.1,0.09856767952442169
363,0.03,0.2,0.15266215801239014
363,0.06,0.0,0.11638224124908447
363,0.06,0.1,0.11638224124908447
363,0.06,0.2,0.14751985669136047
363,0.09,0.0,0.12131359428167343
363,0.09,0.1,0.12131359428167343
363,0.09,0.2,0.13166217505931854
363,0.12,0.0,0.13402791321277618
363,0.12,0.1,0.13402791321277618
363,0.12,0.2,0.12764529883861542
363,0.15,0.0,0.14123035967350006
363,0.15,0.1,0.14123035967350006
363,0.15,0.2,0.14130984246730804
364,0.0,0.0,0.10105263441801071
364,0.0,0.1,0.10105263441801071
364,0.0,0.2,0.10472632199525833
364,0.03,0.0,0.08704528957605362
364,0.03,0.1,0.08704528957605362
364,0.03,0.2,0.12455058842897415
364,0.06,0.0,0.11860893666744232
364,0.06,0.1,0.11860893666744232
364,0.06,0.2,0.13259318470954895
364,0.09,0.0,0.1283101886510849
364,0.09,0.1,0.1283101886510849
364,0.09,0.2,0.1268787980079651
364,0.12,0.0,0.14107295870780945
364,0.12,0.1,0.14107295870780945
364,0.12,0.2,0.12957805395126343
364,0.15,0.0,0.12579268217086792
364,0.15,0.1,0.12579268217086792
364,0.15,0.2,0.11907936632633209
365,0.0,0.0,0.09584171324968338
365,0.0,0.1,0.09584171324968338
365,0.0,0.2,0.08973964303731918
365,0.03,0.0,0.07965105026960373
365,0.03,0.1,0.07965105026960373
365,0.03,0.2,0.08813361823558807
365,0.06,0.0,0.08676813542842865
365,0.06,0.1,0.08676813542842865
365,0.06,0.2,0.08611844480037689
365,0.09,0.0,0.08044380694627762
365,0.09,0.1,0.08044380694627762
365,0.09,0.2,0.08557374775409698
365,0.12,0.0,0.08732251077890396
365,0.12,0.1,0.08732251077890396
365,0.12,0.2,0.09008828550577164
365,0.15,0.0,0.09878406673669815
365,0.15,0.1,0.09878406673669815
365,0.15,0.2,0.09917651861906052
366,0.0,0.0,0.07829921692609787
366,0.0,0.1,0.07829921692609787
366,0.0,0.2,0.08551645278930664
366,0.03,0.0,0.08804136514663696
366,0.03,0.1,0.08804136514663696
366,0.03,0.2,0.08385920524597168
366,0.06,0.0,0.08420614153146744
366,0.06,0.1,0.08420614153146744
366,0.06,0.2,0.08940016478300095
366,0.09,0.0,0.085298553109169
366,0.09,0.1,0.085298553109169
366,0.09,0.2,0.08069003373384476
366,0.12,0.0,0.08331029117107391
366,0.12,0.1,0.08331029117107391
366,0.12,0.2,0.0871206670999527
366,0.15,0.0,0.0859333872795105
366,0.15,0.1,0.0859333872795105
366,0.15,0.2,0.08083121478557587
367,0.0,0.0,0.07833895087242126
367,0.0,0.1,0.07833895087242126
367,0.0,0.2,0.09071554243564606
367,0.03,0.0,0.08035162836313248
367,0.03,0.1,0.08035162836313248
367,0.03,0.2,0.08751600235700607
367,0.06,0.0,0.09867256134748459
367,0.06,0.1,0.09867256134748459
367,0.06,0.2,0.10169905424118042
367,0.09,0.0,0.08626771718263626
367,0.09,0.1,0.08626771718263626
367,0.09,0.2,0.09619780629873276
367,0.12,0.0,0.10519452393054962
367,0.12,0.1,0.10519452393054962
367,0.12,0.2,0.10726794600486755
367,0.15,0.0,0.10983151197433472
367,0.15,0.1,0.10983151197433472
367,0.15,0.2,0.11333727836608887
368,0.0,0.0,0.08248728513717651
368,0.0,0.1,0.08248728513717651
368,0.0,0.2,0.08748042583465576
368,0.03,0.0,0.08932992815971375
368,0.03,0.1,0.08932992815971375
368,0.03,0.2,0.10026519745588303
368,0.06,0.0,0.09108272194862366
368,0.06,0.1,0.09108272194862366
368,0.06,0.2,0.10893257707357407
368,0.09,0.0,0.1018529087305069
368,0.09,0.1,0.1018529087305069
368,0.09,0.2,0.10003899037837982
368,0.12,0.0,0.10064233094453812
368,0.12,0.1,0.10064233094453812
368,0.12,0.2,0.09839436411857605
368,0.15,0.0,0.08657033741474152
368,0.15,0.1,0.08657033741474152
368,0.15,0.2,0.09502949565649033
369,0.0,0.0,0.08987664431333542
369,0.0,0.1,0.08987664431333542
369,0.0,0.2,0.10424970090389252
369,0.03,0.0,0.10269400477409363
369,0.03,0.1,0.10269400477409363
369,0.03,0.2,0.10450094938278198
369,0.06,0.0,0.11686570942401886
369,0.06,0.1,0.11686570942401886
369,0.06,0.2,0.10675904899835587
369,0.09,0.0,0.1144200935959816
369,0.09,0.1,0.1144200935959816
369,0.09,0.2,0.11695750057697296
369,0.12,0.0,0.09532984346151352
369,0.12,0.1,0.09532984346151352
369,0.12,0.2,0.10088562220335007
369,0.15,0.0,0.0911509245634079
369,0.15,0.1,0.0911509245634079
369,0.15,0.2,0.0963890552520752
37,0.0,0.0,0.09871727973222733
37,0.0,0.1,0.09871727973222733
37,0.0,0.2,0.11278004199266434
37,0.03,0.0,0.11403381824493408
37,0.03,0.1,0.11403381824493408
37,0.03,0.2,0.12220931798219681
37,0.06,0.0,0.13683593273162842
37,0.06,0.1,0.13683593273162842
37,0.06,0.2,0.13375069200992584
37,0.09,0.0,0.145657479763031
37,0.09,0.1,0.145657479763031
37,0.09,0.2,0.12661360204219818
37,0.12,0.0,0.1500495970249176
37,0.12,0.1,0.1500495970249176
37,0.12,0.2,0.11587385088205338
37,0.15,0.0,0.14661379158496857
37,0.15,0.1,0.14661379158496857
37,0.15,0.2,0.11323259770870209
370,0.0,0.0,0.09459435939788818
370,0.0,0.1,0.09459435939788818
370,0.0,0.2,0.09437628835439682
370,0.03,0.0,0.08358463644981384
370,0.03,0.1,0.08358463644981384
370,0.03,0.2,0.09956546872854233
370,0.06,0.0,0.07265951484441757
370,0.06,0.1,0.07265951484441757
370,0.06,0.2,0.08492021262645721
370,0.09,0.0,0.09588353335857391
370,0.09,0.1,0.09588353335857391
370,0.09,0.2,0.10332490503787994
370,0.12,0.0,0.09628491848707199
370,0.12,0.1,0.09628491848707199
370,0.12,0.2,0.10301627218723297
370,0.15,0.0,0.09442981332540512
370,0.15,0.1,0.09442981332540512
370,0.15,0.2,0.08922787010669708
371,0.0,0.0,0.08569637686014175
371,0.0,0.1,0.08569637686014175
371,0.0,0.2,0.11807204782962799
371,0.03,0.0,0.09938757866621017
371,0.03,0.1,0.09938757866621017
371,0.03,0.2,0.14116676151752472
371,0.06,0.0,0.1085795909166336
371,0.06,0.1,0.1085795909166336
371,0.06,0.2,0.17531132698059082
371,0.09,0.0,0.14375001192092896
371,0.09,0.1,0.14375001192092896
371,0.09,0.2,0.1945805847644806
371,0.12,0.0,0.17490310966968536
371,0.12,0.1,0.17490310966968536
371,0.12,0.2,0.2054307460784912
371,0.15,0.0,0.1911034882068634
371,0.15,0.1,0.1911034882068634
371,0.15,0.2,0.2003573626279831
372,0.0,0.0,0.08612298965454102
372,0.0,0.1,0.08612298965454102
372,0.0,0.2,0.10077652335166931
372,0.03,0.0,0.10701324045658112
372,0.03,0.1,0.10701324045658112
372,0.03,0.2,0.08689242601394653
372,0.06,0.0,0.11777478456497192
372,0.06,0.1,0.11777478456497192
372,0.06,0.2,0.08479364216327667
372,0.09,0.0,0.1012737900018692
372,0.09,0.1,0.1012737900018692
372,0.09,0.2,0.08203986287117004
372,0.12,0.0,0.102812759578228
372,0.12,0.1,0.102812759578228
372,0.12,0.2,0.08531519025564194
372,0.15,0.0,0.08293513208627701
372,0.15,0.1,0.08293513208627701
372,0.15,0.2,0.08506131172180176
373,0.0,0.0,0.08646268397569656
373,0.0,0.1,0.08646268397569656
373,0.0,0.2,0.08360368013381958
373,0.03,0.0,0.09687865525484085
373,0.03,0.1,0.09687865525484085
373,0.03,0.2,0.09575776755809784
373,0.06,0.0,0.10983239859342575
373,0.06,0.1,0.10983239859342575
373,0.06,0.2,0.08787286281585693
373,0.09,0.0,0.09141556173563004
373,0.09,0.1,0.09141556173563004
373,0.09,0.2,0.10751679539680481
373,0.12,0.0,0.09655127674341202
373,0.12,0.1,0.09655127674341202
373,0.12,0.2,0.10332175344228745
373,0.15,0.0,0.09950913488864899
373,0.15,0.1,0.09950913488864899
373,0.15,0.2,0.09994334727525711
374,0.0,0.0,0.08329417556524277
374,0.0,0.1,0.08329417556524277
374,0.0,0.2,0.08558764308691025
374,0.03,0.0,0.09495566040277481
374,0.03,0.1,0.09495566040277481
374,0.03,0.2,0.08943808078765869
374,0.06,0.0,0.10132750868797302
374,0.06,0.1,0.10132750868797302
374,0.06,0.2,0.09422827512025833
374,0.09,0.0,0.10413175076246262
374,0.09,0.1,0.10413175076246262
374,0.09,0.2,0.09483928233385086
374,0.12,0.0,0.09439254552125931
374,0.12,0.1,0.09439254552125931
374,0.12,0.2,0.08828625828027725
374,0.15,0.0,0.08666691184043884
374,0.15,0.1,0.08666691184043884
374,0.15,0.2,0.08058300614356995
375,0.0,0.0,0.09566116333007812
375,0.0,0.1,0.09566116333007812
375,0.0,0.2,0.11455293744802475
375,0.03,0.0,0.11874967068433762
375,0.03,0.1,0.11874967068433762
375,0.03,0.2,0.12254229187965393
375,0.06,0.0,0.13945840299129486
375,0.06,0.1,0.13945840299129486
375,0.06,0.2,0.1224299967288971
375,0.09,0.0,0.1413901001214981
375,0.09,0.1,0.1413901001214981
375,0.09,0.2,0.12313275784254074
375,0.12,0.0,0.14831390976905823
375,0.12,0.1,0.14831390976905823
375,0.12,0.2,0.13659390807151794
375,0.15,0.0,0.1587730348110199
375,0.15,0.1,0.1587730348110199
375,0.15,0.2,0.15024884045124054
376,0.0,0.0,0.09169486910104752
376,0.0,0.1,0.09169486910104752
376,0.0,0.2,0.1337362825870514
376,0.03,0.0,0.11917424947023392
376,0.03,0.1,0.11917424947023392
376,0.03,0.2,0.1603492945432663
376,0.06,0.0,0.1634397655725479
376,0.06,0.1,0.1634397655725479
376,0.06,0.2,0.167746901512146
376,0.09,0.0,0.18308337032794952
376,0.09,0.1,0.18308337032794952
376,0.09,0.2,0.15774554014205933
376,0.12,0.0,0.18455800414085388
376,0.12,0.1,0.18455800414085388
376,0.12,0.2,0.14255481958389282
376,0.15,0.0,0.14455707371234894
376,0.15,0.1,0.14455707371234894
376,0.15,0.2,0.1167822852730751
377,0.0,0.0,0.07981431484222412
377,0.0,0.1,0.07981431484222412
377,0.0,0.2,0.12540468573570251
377,0.03,0.0,0.08468707650899887
377,0.03,0.1,0.08468707650899887
377,0.03,0.2,0.12045267224311829
377,0.06,0.0,0.10068998485803604
377,0.06,0.1,0.10068998485803604
377,0.06,0.2,0.14075399935245514
377,0.09,0.0,0.1334226429462433
377,0.09,0.1,0.1334226429462433
377,0.09,0.2,0.15093493461608887
377,0.12,0.0,0.1461920440196991
377,0.12,0.1,0.1461920440196991
377,0.12,0.2,0.14250297844409943
377,0.15,0.0,0.13664394617080688
377,0.15,0.1,0.13664394617080688
377,0.15,0.2,0.12490721791982651
378,0.0,0.0,0.0871925950050354
378,0.0,0.1,0.0871925950050354
378,0.0,0.2,0.08508390188217163
378,0.03,0.0,0.08858586102724075
378,0.03,0.1,0.08858586102724075
378,0.03,0.2,0.09822660684585571
378,0.06,0.0,0.08215902745723724
378,0.06,0.1,0.08215902745723724
378,0.06,0.2,0.09984853118658066
378,0.09,0.0,0.08874326944351196
378,0.09,0.1,0.08874326944351196
378,0.09,0.2,0.10847856849431992
378,0.12,0.0,0.10350397229194641
378,0.12,0.1,0.10350397229194641
378,0.12,0.2,0.11100930720567703
378,0.15,0.0,0.11234298348426819
378,0.15,0.1,0.11234298348426819
378,0.15,0.2,0.11001156270503998
379,0.0,0.0,0.08179359883069992
379,0.0,0.1,0.08179359883069992
379,0.0,0.2,0.09065043926239014
379,0.03,0.0,0.09461840987205505
379,0.03,0.1,0.09461840987205505
379,0.03,0.2,0.08934177458286285
379,0.06,0.0,0.08543381094932556
379,0.06,0.1,0.08543381094932556
379,0.06,0.2,0.08100321888923645
379,0.09,0.0,0.08450185507535934
379,0.09,0.1,0.08450185507535934
379,0.09,0.2,0.08580691367387772
379,0.12,0.0,0.09562446922063828
379,0.12,0.1,0.09562446922063828
379,0.12,0.2,0.08703742921352386
379,0.15,0.0,0.08914276957511902
379,0.15,0.1,0.08914276957511902
379,0.15,0.2,0.09086085110902786
38,0.0,0.0,0.07948315143585205
38,0.0,0.1,0.07948315143585205
38,0.0,0.2,0.07968612760305405
38,0.03,0.0,0.07895036786794662
38,0.03,0.1,0.07895036786794662
38,0.03,0.2,0.0815754383802414
38,0.06,0.0,0.07685890793800354
38,0.06,0.1,0.07685890793800354
38,0.06,0.2,0.07788602262735367
38,0.09,0.0,0.08428414911031723
38,0.09,0.1,0.08428414911031723
38,0.09,0.2,0.08772006630897522
38,0.12,0.0,0.08932653814554214
38,0.12,0.1,0.08932653814554214
38,0.12,0.2,0.09544727951288223
38,0.15,0.0,0.07889463752508163
38,0.15,0.1,0.07889463752508163
38,0.15,0.2,0.08599568158388138
380,0.0,0.0,0.09210480749607086
380,0.0,0.1,0.09210480749607086
380,0.0,0.2,0.10059072822332382
380,0.03,0.0,0.12257740646600723
380,0.03,0.1,0.12257740646600723
380,0.03,0.2,0.09846485406160355
380,0.06,0.0,0.14678041636943817
380,0.06,0.1,0.14678041636943817
380,0.06,0.2,0.08396372199058533
380,0.09,0.0,0.10406195372343063
380,0.09,0.1,0.10406195372343063
380,0.09,0.2,0.08595128357410431
380,0.12,0.0,0.09773251414299011
380,0.12,0.1,0.09773251414299011
380,0.12,0.2,0.09154552966356277
380,0.15,0.0,0.08135702461004257
380,0.15,0.1,0.08135702461004257
380,0.15,0.2,0.11112380772829056
381,0.0,0.0,0.08952437341213226
381,0.0,0.1,0.08952437341213226
381,0.0,0.2,0.08575978875160217
381,0.03,0.0,0.07983385771512985
381,0.03,0.1,0.07983385771512985
381,0.03,0.2,0.09077358990907669
381,0.06,0.0,0.08862624317407608
381,0.06,0.1,0.08862624317407608
381,0.06,0.2,0.09082479029893875
381,0.09,0.0,0.1067519411444664
381,0.09,0.1,0.1067519411444664
381,0.09,0.2,0.1120721697807312
381,0.12,0.0,0.11975535750389099
381,0.12,0.1,0.11975535750389099
381,0.12,0.2,0.12500694394111633
381,0.15,0.0,0.10076995939016342
381,0.15,0.1,0.10076995939016342
381,0.15,0.2,0.10986790060997009
382,0.0,0.0,0.09911012649536133
382,0.0,0.1,0.09911012649536133
382,0.0,0.2,0.1519467532634735
382,0.03,0.0,0.13370749354362488
382,0.03,0.1,0.13370749354362488
382,0.03,0.2,0.16095846891403198
382,0.06,0.0,0.17534075677394867
382,0.06,0.1,0.17534075677394867
382,0.06,0.2,0.17354823648929596
382,0.09,0.0,0.18899863958358765
382,0.09,0.1,0.18899863958358765
382,0.09,0.2,0.1855192482471466
382,0.12,0.0,0.1738925576210022
382,0.12,0.1,0.1738925576210022
382,0.12,0.2,0.17216821014881134
382,0.15,0.0,0.16834568977355957
382,0.15,0.1,0.16834568977355957
382,0.15,0.2,0.15528933703899384
383,0.0,0.0,0.0947876051068306
383,0.0,0.1,0.0947876051068306
383,0.0,0.2,0.10799957066774368
383,0.03,0.0,0.13906429708003998
383,0.03,0.1,0.13906429708003998
383,0.03,0.2,0.10618897527456284
383,0.06,0.0,0.18484264612197876
383,0.06,0.1,0.18484264612197876
383,0.06,0.2,0.11164875328540802
383,0.09,0.0,0.1546848863363266
383,0.09,0.1,0.1546848863363266
383,0.09,0.2,0.09667376428842545
383,0.12,0.0,0.11184781044721603
383,0.12,0.1,0.11184781044721603
383,0.12,0.2,0.0956527441740036
383,0.15,0.0,0.11703917384147644
383,0.15,0.1,0.11703917384147644
383,0.15,0.2,0.10380742698907852
384,0.0,0.0,0.08261231333017349
384,0.0,0.1,0.08261231333017349
384,0.0,0.2,0.09728159010410309
384,0.03,0.0,0.09681231528520584
384,0.03,0.1,0.09681231528520584
384,0.03,0.2,0.11151023209095001
384,0.06,0.0,0.10714514553546906
384,0.06,0.1,0.10714514553546906
384,0.06,0.2,0.12620918452739716
384,0.09,0.0,0.10084981471300125
384,0.09,0.1,0.10084981471300125
384,0.09,0.2,0.11690405011177063
384,0.12,0.0,0.11620914936065674
384,0.12,0.1,0.11620914936065674
384,0.12,0.2,0.12227959930896759
384,0.15,0.0,0.11839563399553299
384,0.15,0.1,0.11839563399553299
384,0.15,0.2,0.11840898543596268
385,0.0,0.0,0.08085142821073532
385,0.0,0.1,0.08085142821073532
385,0.0,0.2,0.09324523061513901
385,0.03,0.0,0.0825362429022789
385,0.03,0.1,0.0825362429022789
385,0.03,0.2,0.09137336164712906
385,0.06,0.0,0.08891278505325317
385,0.06,0.1,0.08891278505325317
385,0.06,0.2,0.07982135564088821
385,0.09,0.0,0.08914578706026077
385,0.09,0.1,0.08914578706026077
385,0.09,0.2,0.0934336856007576
385,0.12,0.0,0.08147203177213669
385,0.12,0.1,0.08147203177213669
385,0.12,0.2,0.10430192202329636
385,0.15,0.0,0.09948353469371796
385,0.15,0.1,0.09948353469371796
385,0.15,0.2,0.11292778700590134
386,0.0,0.0,0.0922156274318695
386,0.0,0.1,0.0922156274318695
386,0.0,0.2,0.09433066099882126
386,0.03,0.0,0.08667820692062378
386,0.03,0.1,0.08667820692062378
386,0.03,0.2,0.0922452062368393
386,0.06,0.0,0.08831319212913513
386,0.06,0.1,0.08831319212913513
386,0.06,0.2,0.0895107239484787
386,0.09,0.0,0.09040100872516632
386,0.09,0.1,0.09040100872516632
386,0.09,0.2,0.08940204977989197
386,0.12,0.0,0.08814525604248047
386,0.12,0.1,0.08814525604248047
386,0.12,0.2,0.08968456834554672
386,0.15,0.0,0.09803824126720428
386,0.15,0.1,0.09803824126720428
386,0.15,0.2,0.09694954007863998
387,0.0,0.0,0.08684375137090683
387,0.0,0.1,0.08684375137090683
387,0.0,0.2,0.08298083394765854
387,0.03,0.0,0.08371537923812866
387,0.03,0.1,0.08371537923812866
387,0.03,0.2,0.08620639890432358
387,0.06,0.0,0.083873450756073
387,0.06,0.1,0.083873450756073
387,0.06,0.2,0.08963259309530258
387,0.09,0.0,0.08058126270771027
387,0.09,0.1,0.08058126270771027
387,0.09,0.2,0.08844363689422607
387,0.12,0.0,0.09394251555204391
387,0.12,0.1,0.09394251555204391
387,0.12,0.2,0.1028895229101181
387,0.15,0.0,0.09181755781173706
387,0.15,0.1,0.09181755781173706
387,0.15,0.2,0.10263729840517044
388,0.0,0.0,0.0914669930934906
388,0.0,0.1,0.0914669930934906
388,0.0,0.2,0.08281482756137848
388,0.03,0.0,0.08482030034065247
388,0.03,0.1,0.08482030034065247
388,0.03,0.2,0.08535528182983398
388,0.06,0.0,0.081290103495121
388,0.06,0.1,0.081290103495121
388,0.06,0.2,0.08653679490089417
388,0.09,0.0,0.08675623685121536
388,0.09,0.1,0.08675623685121536
388,0.09,0.2,0.08812660723924637
388,0.12,0.0,0.09437818825244904
388,0.12,0.1,0.09437818825244904
388,0.12,0.2,0.09910394251346588
388,0.15,0.0,0.09377994388341904
388,0.15,0.1,0.09377994388341904
388,0.15,0.2,0.0867391973733902
389,0.0,0.0,0.09132470935583115
389,0.0,0.1,0.09132470935583115
389,0.0,0.2,0.13380487263202667
389,0.03,0.0,0.10659128427505493
389,0.03,0.1,0.10659128427505493
389,0.03,0.2,0.14171752333641052
389,0.06,0.0,0.14614474773406982
389,0.06,0.1,0.14614474773406982
389,0.06,0.2,0.15916548669338226
389,0.09,0.0,0.15853562951087952
389,0.09,0.1,0.15853562951087952
389,0.09,0.2,0.1677674651145935
389,0.12,0.0,0.17557448148727417
389,0.12,0.1,0.17557448148727417
389,0.12,0.2,0.1760290265083313
389,0.15,0.0,0.1692618876695633
389,0.15,0.1,0.1692618876695633
389,0.15,0.2,0.1675194650888443
39,0.0,0.0,0.08367348462343216
39,0.0,0.1,0.08367348462343216
39,0.0,0.2,0.10726285725831985
39,0.03,0.0,0.09967263042926788
39,0.03,0.1,0.09967263042926788
39,0.03,0.2,0.12530826032161713
39,0.06,0.0,0.11654569208621979
39,0.06,0.1,0.11654569208621979
39,0.06,0.2,0.1426541805267334
39,0.09,0.0,0.13005280494689941
39,0.09,0.1,0.13005280494689941
39,0.09,0.2,0.1453511267900467
39,0.12,0.0,0.13444939255714417
39,0.12,0.1,0.13444939255714417
39,0.12,0.2,0.15037447214126587
39,0.15,0.0,0.1452220380306244
39,0.15,0.1,0.1452220380306244
39,0.15,0.2,0.15409426391124725
390,0.0,0.0,0.07868220657110214
390,0.0,0.1,0.07868220657110214
390,0.0,0.2,0.10847089439630508
390,0.03,0.0,0.11962365359067917
390,0.03,0.1,0.11962365359067917
390,0.03,0.2,0.11744419485330582
390,0.06,0.0,0.15733200311660767
390,0.06,0.1,0.15733200311660767
390,0.06,0.2,0.13958241045475006
390,0.09,0.0,0.14619384706020355
390,0.09,0.1,0.14619384706020355
390,0.09,0.2,0.1315780133008957
390,0.12,0.0,0.14060205221176147
390,0.12,0.1,0.14060205221176147
390,0.12,0.2,0.1308719366788864
390,0.15,0.0,0.14022581279277802
390,0.15,0.1,0.14022581279277802
390,0.15,0.2,0.11967366933822632
391,0.0,0.0,0.08046193420886993
391,0.0,0.1,0.08046193420886993
391,0.0,0.2,0.10708164423704147
391,0.03,0.0,0.09974005073308945
391,0.03,0.1,0.09974005073308945
391,0.03,0.2,0.11147269606590271
391,0.06,0.0,0.11872871965169907
391,0.06,0.1,0.11872871965169907
391,0.06,0.2,0.10598470270633698
391,0.09,0.0,0.12850846350193024
391,0.09,0.1,0.12850846350193024
391,0.09,0.2,0.09535425901412964
391,0.12,0.0,0.11832264065742493
391,0.12,0.1,0.11832264065742493
391,0.12,0.2,0.0902658998966217
391,0.15,0.0,0.0990375354886055
391,0.15,0.1,0.0990375354886055
391,0.15,0.2,0.09795742481946945
392,0.0,0.0,0.12738138437271118
392,0.0,0.1,0.12738138437271118
392,0.0,0.2,0.13910360634326935
392,0.03,0.0,0.10305391252040863
392,0.03,0.1,0.10305391252040863
392,0.03,0.2,0.14164075255393982
392,0.06,0.0,0.1536548137664795
392,0.06,0.1,0.1536548137664795
392,0.06,0.2,0.15602806210517883
392,0.09,0.0,0.16694042086601257
392,0.09,0.1,0.16694042086601257
392,0.09,0.2,0.1563749462366104
392,0.12,0.0,0.1576901227235794
392,0.12,0.1,0.1576901227235794
392,0.12,0.2,0.14198125898838043
392,0.15,0.0,0.13709233701229095
392,0.15,0.1,0.13709233701229095
392,0.15,0.2,0.11660393327474594
393,0.0,0.0,0.09191355854272842
393,0.0,0.1,0.09191355854272842
393,0.0,0.2,0.08556777983903885
393,0.03,0.0,0.09777973592281342
393,0.03,0.1,0.09777973592281342
393,0.03,0.2,0.10166337341070175
393,0.06,0.0,0.09802640974521637
393,0.06,0.1,0.09802640974521637
393,0.06,0.2,0.09020289033651352
393,0.09,0.0,0.10575985163450241
393,0.09,0.1,0.10575985163450241
393,0.09,0.2,0.11738968640565872
393,0.12,0.0,0.08966397494077682
393,0.12,0.1,0.08966397494077682
393,0.12,0.2,0.10651195049285889
393,0.15,0.0,0.08935347199440002
393,0.15,0.1,0.08935347199440002
393,0.15,0.2,0.09350703656673431
394,0.0,0.0,0.08425306528806686
394,0.0,0.1,0.08425306528806686
394,0.0,0.2,0.12700389325618744
394,0.03,0.0,0.11101911216974258
394,0.03,0.1,0.11101911216974258
394,0.03,0.2,0.16564908623695374
394,0.06,0.0,0.14652609825134277
394,0.06,0.1,0.14652609825134277
394,0.06,0.2,0.1689794957637787
394,0.09,0.0,0.17737247049808502
394,0.09,0.1,0.17737247049808502
394,0.09,0.2,0.1693442314863205
394,0.12,0.0,0.18358375132083893
394,0.12,0.1,0.18358375132083893
394,0.12,0.2,0.16124413907527924
394,0.15,0.0,0.17844107747077942
394,0.15,0.1,0.17844107747077942
394,0.15,0.2,0.15720687806606293
395,0.0,0.0,0.09661679714918137
395,0.0,0.1,0.09661679714918137
395,0.0,0.2,0.11295171827077866
395,0.03,0.0,0.1051211878657341
395,0.03,0.1,0.1051211878657341
395,0.03,0.2,0.11564256250858307
395,0.06,0.0,0.10698768496513367
395,0.06,0.1,0.10698768496513367
395,0.06,0.2,0.11037970334291458
395,0.09,0.0,0.10490977019071579
395,0.09,0.1,0.10490977019071579
395,0.09,0.2,0.10872168838977814
395,0.12,0.0,0.10165545344352722
395,0.12,0.1,0.10165545344352722
395,0.12,0.2,0.10716702044010162
395,0.15,0.0,0.09263168275356293
395,0.15,0.1,0.09263168275356293
395,0.15,0.2,0.09316461533308029
396,0.0,0.0,0.08982767164707184
396,0.0,0.1,0.08982767164707184
396,0.0,0.2,0.08956140279769897
396,0.03,0.0,0.07899925112724304
396,0.03,0.1,0.07899925112724304
396,0.03,0.2,0.09304486960172653
396,0.06,0.0,0.08888251334428787
396,0.06,0.1,0.08888251334428787
396,0.06,0.2,0.08599940687417984
396,0.09,0.0,0.08768948167562485
396,0.09,0.1,0.08768948167562485
396,0.09,0.2,0.08665181696414948
396,0.12,0.0,0.08887769281864166
396,0.12,0.1,0.08887769281864166
396,0.12,0.2,0.0803317204117775
396,0.15,0.0,0.0888279527425766
396,0.15,0.1,0.0888279527425766
396,0.15,0.2,0.08021131157875061
397,0.0,0.0,0.0987832322716713
397,0.0,0.1,0.0987832322716713
397,0.0,0.2,0.10622513294219971
397,0.03,0.0,0.08027800172567368
397,0.03,0.1,0.08027800172567368
397,0.03,0.2,0.1300891637802124
397,0.06,0.0,0.12301435321569443
397,0.06,0.1,0.12301435321569443
397,0.06,0.2,0.14749778807163239
397,0.09,0.0,0.14450325071811676
397,0.09,0.1,0.14450325071811676
397,0.09,0.2,0.1628189980983734
397,0.12,0.0,0.14552997052669525
397,0.12,0.1,0.14552997052669525
397,0.12,0.2,0.14903460443019867
397,0.15,0.0,0.16569924354553223
397,0.15,0.1,0.16569924354553223
397,0.15,0.2,0.14650869369506836
398,0.0,0.0,0.09733661264181137
398,0.0,0.1,0.09733661264181137
398,0.0,0.2,0.11513407528400421
398,0.03,0.0,0.09944303333759308
398,0.03,0.1,0.09944303333759308
398,0.03,0.2,0.10490667074918747
398,0.06,0.0,0.10234525799751282
398,0.06,0.1,0.10234525799751282
398,0.06,0.2,0.1089666336774826
398,0.09,0.0,0.10683237761259079
398,0.09,0.1,0.10683237761259079
398,0.09,0.2,0.12390580028295517
398,0.12,0.0,0.10514303296804428
398,0.12,0.1,0.10514303296804428
398,0.12,0.2,0.11673953384160995
398,0.15,0.0,0.09806398302316666
398,0.15,0.1,0.09806398302316666
398,0.15,0.2,0.10853961855173111
399,0.0,0.0,0.08330928534269333
399,0.0,0.1,0.08330928534269333
399,0.0,0.2,0.13479799032211304
399,0.03,0.0,0.08101101964712143
399,0.03,0.1,0.08101101964712143
399,0.03,0.2,0.14305682480335236
399,0.06,0.0,0.13127543032169342
399,0.06,0.1,0.13127543032169342
399,0.06,0.2,0.1679764986038208
399,0.09,0.0,0.17145615816116333
399,0.09,0.1,0.17145615816116333
399,0.09,0.2,0.18136945366859436
399,0.12,0.0,0.18997032940387726
399,0.12,0.1,0.18997032940387726
399,0.12,0.2,0.18217426538467407
399,0.15,0.0,0.17374727129936218
399,0.15,0.1,0.17374727129936218
399,0.15,0.2,0.15588727593421936
4,0.0,0.0,0.08104915916919708
4,0.0,0.1,0.08104915916919708
4,0.0,0.2,0.08627399802207947
4,0.03,0.0,0.08686235547065735
4,0.03,0.1,0.08686235547065735
4,0.03,0.2,0.08902374655008316
4,0.06,0.0,0.09222085773944855
4,0.06,0.1,0.09222085773944855
4,0.06,0.2,0.0919363722205162
4,0.09,0.0,0.085281141102314
4,0.09,0.1,0.085281141102314
4,0.09,0.2,0.08663282543420792
4,0.12,0.0,0.09884310513734818
4,0.12,0.1,0.09884310513734818
4,0.12,0.2,0.08702614158391953
4,0.15,0.0,0.09491722285747528
4,0.15,0.1,0.09491722285747528
4,0.15,0.2,0.09114097058773041
40,0.0,0.0,0.0878218412399292
40,0.0,0.1,0.0878218412399292
40,0.0,0.2,0.08465331792831421
40,0.03,0.0,0.09088640660047531
40,0.03,0.1,0.09088640660047531
40,0.03,0.2,0.08527778089046478
40,0.06,0.0,0.08690834045410156
40,0.06,0.1,0.08690834045410156
40,0.06,0.2,0.09541431814432144
40,0.09,0.0,0.08513990044593811
40,0.09,0.1,0.08513990044593811
40,0.09,0.2,0.08142566680908203
40,0.12,0.0,0.08476819097995758
40,0.12,0.1,0.08476819097995758
40,0.12,0.2,0.09932626038789749
40,0.15,0.0,0.08076126128435135
40,0.15,0.1,0.08076126128435135
40,0.15,0.2,0.10783082991838455
400,0.0,0.0,0.07679451256990433
400,0.0,0.1,0.07679451256990433
400,0.0,0.2,0.08163225650787354
400,0.03,0.0,0.07868390530347824
400,0.03,0.1,0.07868390530347824
400,0.03,0.2,0.09284068644046783
400,0.06,0.0,0.09333188086748123
400,0.06,0.1,0.09333188086748123
400,0.06,0.2,0.0988803431391716
400,0.09,0.0,0.09393692016601562
400,0.09,0.1,0.09393692016601562
400,0.09,0.2,0.1070416197180748
400,0.12,0.0,0.08710966259241104
400,0.12,0.1,0.08710966259241104
400,0.12,0.2,0.09989066421985626
400,0.15,0.0,0.10189340263605118
400,0.15,0.1,0.10189340263605118
400,0.15,0.2,0.10543494671583176
401,0.0,0.0,0.08771984279155731
401,0.0,0.1,0.08771984279155731
401,0.0,0.2,0.0940593034029007
401,0.03,0.0,0.0802975669503212
401,0.03,0.1,0.0802975669503212
401,0.03,0.2,0.09785746037960052
401,0.06,0.0,0.09426984935998917
401,0.06,0.1,0.09426984935998917
401,0.06,0.2,0.129354327917099
401,0.09,0.0,0.12288913130760193
401,0.09,0.1,0.12288913130760193
401,0.09,0.2,0.14509542286396027
401,0.12,0.0,0.14783470332622528
401,0.12,0.1,0.14783470332622528
401,0.12,0.2,0.14998386800289154
401,0.15,0.0,0.16646620631217957
401,0.15,0.1,0.16646620631217957
401,0.15,0.2,0.1499132215976715
402,0.0,0.0,0.08118587732315063
402,0.0,0.1,0.08118587732315063
402,0.0,0.2,0.16678453981876373
402,0.03,0.0,0.09569884091615677
402,0.03,0.1,0.09569884091615677
402,0.03,0.2,0.19292037189006805
402,0.06,0.0,0.17071746289730072
402,0.06,0.1,0.17071746289730072
402,0.06,0.2,0.22628283500671387
402,0.09,0.0,0.23778745532035828
402,0.09,0.1,0.23778745532035828
402,0.09,0.2,0.23995165526866913
402,0.12,0.0,0.25562429428100586
402,0.12,0.1,0.25562429428100586
402,0.12,0.2,0.22305691242218018
402,0.15,0.0,0.24771945178508759
402,0.15,0.1,0.24771945178508759
402,0.15,0.2,0.19892480969429016
403,0.0,0.0,0.08647966384887695
403,0.0,0.1,0.08647966384887695
403,0.0,0.2,0.09215744584798813
403,0.03,0.0,0.08421000838279724
403,0.03,0.1,0.08421000838279724
403,0.03,0.2,0.10999251902103424
403,0.06,0.0,0.11859668791294098
403,0.06,0.1,0.11859668791294098
403,0.06,0.2,0.1361386924982071
403,0.09,0.0,0.124290831387043
403,0.09,0.1,0.124290831387043
403,0.09,0.2,0.1323918253183365
403,0.12,0.0,0.11280494183301926
403,0.12,0.1,0.11280494183301926
403,0.12,0.2,0.12782259285449982
403,0.15,0.0,0.1120377853512764
403,0.15,0.1,0.1120377853512764
403,0.15,0.2,0.11513025313615799
404,0.0,0.0,0.08750475198030472
404,0.0,0.1,0.08750475198030472
404,0.0,0.2,0.10941404849290848
404,0.03,0.0,0.1309632807970047
404,0.03,0.1,0.1309632807970047
404,0.03,0.2,0.09478277713060379
404,0.06,0.0,0.17195037007331848
404,0.06,0.1,0.17195037007331848
404,0.06,0.2,0.11049190163612366
404,0.09,0.0,0.1379016786813736
404,0.09,0.1,0.1379016786813736
404,0.09,0.2,0.08861909061670303
404,0.12,0.0,0.0885949581861496
404,0.12,0.1,0.0885949581861496
404,0.12,0.2,0.08576061576604843
404,0.15,0.0,0.0853981152176857
404,0.15,0.1,0.0853981152176857
404,0.15,0.2,0.07805166393518448
405,0.0,0.0,0.08166851103305817
405,0.0,0.1,0.08166851103305817
405,0.0,0.2,0.09075858443975449
405,0.03,0.0,0.08608710765838623
405,0.03,0.1,0.08608710765838623
405,0.03,0.2,0.08167416602373123
405,0.06,0.0,0.08996362239122391
405,0.06,0.1,0.08996362239122391
405,0.06,0.2,0.08682630956172943
405,0.09,0.0,0.09047294408082962
405,0.09,0.1,0.09047294408082962
405,0.09,0.2,0.08820866793394089
405,0.12,0.0,0.09364239126443863
405,0.12,0.1,0.09364239126443863
405,0.12,0.2,0.0876651182770729
405,0.15,0.0,0.11236818879842758
405,0.15,0.1,0.11236818879842758
405,0.15,0.2,0.09220299124717712
406,0.0,0.0,0.09189045429229736
406,0.0,0.1,0.09189045429229736
406,0.0,0.2,0.1220397874712944
406,0.03,0.0,0.09865152090787888
406,0.03,0.1,0.09865152090787888
406,0.03,0.2,0.13177824020385742
406,0.06,0.0,0.13811181485652924
406,0.06,0.1,0.13811181485652924
406,0.06,0.2,0.14144253730773926
406,0.09,0.0,0.15000668168067932
406,0.09,0.1,0.15000668168067932
406,0.09,0.2,0.13573016226291656
406,0.12,0.0,0.14350204169750214
406,0.12,0.1,0.14350204169750214
406,0.12,0.2,0.13345661759376526
406,0.15,0.0,0.12929417192935944
406,0.15,0.1,0.12929417192935944
406,0.15,0.2,0.1096307784318924
407,0.0,0.0,0.08873707056045532
407,0.0,0.1,0.08873707056045532
407,0.0,0.2,0.0926956832408905
407,0.03,0.0,0.1011267825961113
407,0.03,0.1,0.1011267825961113
407,0.03,0.2,0.10860061645507812
407,0.06,0.0,0.12177460640668869
407,0.06,0.1,0.12177460640668869
407,0.06,0.2,0.10417358577251434
407,0.09,0.0,0.10643243789672852
407,0.09,0.1,0.10643243789672852
407,0.09,0.2,0.08354876935482025
407,0.12,0.0,0.08424050360918045
407,0.12,0.1,0.08424050360918045
407,0.12,0.2,0.08057667315006256
407,0.15,0.0,0.07889687269926071
407,0.15,0.1,0.07889687269926071
407,0.15,0.2,0.08075673133134842
408,0.0,0.0,0.09455417841672897
408,0.0,0.1,0.09455417841672897
408,0.0,0.2,0.1262102574110031
408,0.03,0.0,0.11283760517835617
408,0.03,0.1,0.11283760517835617
408,0.03,0.2,0.11553867161273956
408,0.06,0.0,0.11270613223314285
408,0.06,0.1,0.11270613223314285
408,0.06,0.2,0.1061851978302002
408,0.09,0.0,0.132111594080925
408,0.09,0.1,0.132111594080925
408,0.09,0.2,0.11655375361442566
408,0.12,0.0,0.11474184691905975
408,0.12,0.1,0.11474184691905975
408,0.12,0.2,0.10788678377866745
408,0.15,0.0,0.0931495651602745
408,0.15,0.1,0.0931495651602745
408,0.15,0.2,0.09261344373226166
409,0.0,0.0,0.0913911759853363
409,0.0,0.1,0.0913911759853363
409,0.0,0.2,0.10605759918689728
409,0.03,0.0,0.08861492574214935
409,0.03,0.1,0.08861492574214935
409,0.03,0.2,0.12613987922668457
409,0.06,0.0,0.11928190290927887
409,0.06,0.1,0.11928190290927887
409,0.06,0.2,0.10876026004552841
409,0.09,0.0,0.12407522648572922
409,0.09,0.1,0.12407522648572922
409,0.09,0.2,0.12554050981998444
409,0.12,0.0,0.1279178112745285
409,0.12,0.1,0.1279178112745285
409,0.12,0.2,0.12369173020124435
409,0.15,0.0,0.13292649388313293
409,0.15,0.1,0.13292649388313293
409,0.15,0.2,0.1403801590204239
41,0.0,0.0,0.0795171782374382
41,0.0,0.1,0.0795171782374382
41,0.0,0.2,0.12140112370252609
41,0.03,0.0,0.09620273858308792
41,0.03,0.1,0.09620273858308792
41,0.03,0.2,0.14054886996746063
41,0.06,0.0,0.12189852446317673
41,0.06,0.1,0.12189852446317673
41,0.06,0.2,0.18021854758262634
41,0.09,0.0,0.16803193092346191
41,0.09,0.1,0.16803193092346191
41,0.09,0.2,0.20529797673225403
41,0.12,0.0,0.1926123946905136
41,0.12,0.1,0.1926123946905136
41,0.12,0.2,0.20465531945228577
41,0.15,0.0,0.21551105380058289
41,0.15,0.1,0.21551105380058289
41,0.15,0.2,0.2043042629957199
410,0.0,0.0,0.09067372977733612
410,0.0,0.1,0.09067372977733612
410,0.0,0.2,0.08043020963668823
410,0.03,0.0,0.08231625705957413
410,0.03,0.1,0.08231625705957413
410,0.03,0.2,0.08992455899715424
410,0.06,0.0,0.0889817327260971
410,0.06,0.1,0.0889817327260971
410,0.06,0.2,0.08652659505605698
410,0.09,0.0,0.09800752997398376
410,0.09,0.1,0.09800752997398376
410,0.09,0.2,0.07865791022777557
410,0.12,0.0,0.08535555005073547
410,0.12,0.1,0.08535555005073547
410,0.12,0.2,0.08955670893192291
410,0.15,0.0,0.07999888062477112
410,0.15,0.1,0.07999888062477112
410,0.15,0.2,0.08751479536294937
411,0.0,0.0,0.09876295179128647
411,0.0,0.1,0.09876295179128647
411,0.0,0.2,0.15668334066867828
411,0.03,0.0,0.1408262699842453
411,0.03,0.1,0.1408262699842453
411,0.03,0.2,0.1849285364151001
411,0.06,0.0,0.13790644705295563
411,0.06,0.1,0.13790644705295563
411,0.06,0.2,0.1722506582736969
411,0.09,0.0,0.14412787556648254
411,0.09,0.1,0.14412787556648254
411,0.09,0.2,0.17801721394062042
411,0.12,0.0,0.17655624449253082
411,0.12,0.1,0.17655624449253082
411,0.12,0.2,0.18835094571113586
411,0.15,0.0,0.19657723605632782
411,0.15,0.1,0.19657723605632782
411,0.15,0.2,0.19486118853092194
412,0.0,0.0,0.09654458612203598
412,0.0,0.1,0.09654458612203598
412,0.0,0.2,0.12714917957782745
412,0.03,0.0,0.1103227436542511
412,0.03,0.1,0.1103227436542511
412,0.03,0.2,0.11975330114364624
412,0.06,0.0,0.13339580595493317
412,0.06,0.1,0.13339580595493317
412,0.06,0.2,0.11659962683916092
412,0.09,0.0,0.14495648443698883
412,0.09,0.1,0.14495648443698883
412,0.09,0.2,0.12256056070327759
412,0.12,0.0,0.13039354979991913
412,0.12,0.1,0.13039354979991913
412,0.12,0.2,0.11992675065994263
412,0.15,0.0,0.09387911111116409
412,0.15,0.1,0.09387911111116409
412,0.15,0.2,0.09470190107822418
413,0.0,0.0,0.08377556502819061
413,0.0,0.1,0.08377556502819061
413,0.0,0.2,0.10958652943372726
413,0.03,0.0,0.10190556198358536
413,0.03,0.1,0.10190556198358536
413,0.03,0.2,0.12678994238376617
413,0.06,0.0,0.14612576365470886
413,0.06,0.1,0.14612576365470886
413,0.06,0.2,0.12260589003562927
413,0.09,0.0,0.1524328589439392
413,0.09,0.1,0.1524328589439392
413,0.09,0.2,0.1288105994462967
413,0.12,0.0,0.143949955701828
413,0.12,0.1,0.143949955701828
413,0.12,0.2,0.13179685175418854
413,0.15,0.0,0.14268581569194794
413,0.15,0.1,0.14268581569194794
413,0.15,0.2,0.11524268984794617
414,0.0,0.0,0.09051011502742767
414,0.0,0.1,0.09051011502742767
414,0.0,0.2,0.12136492878198624
414,0.03,0.0,0.08959244936704636
414,0.03,0.1,0.08959244936704636
414,0.03,0.2,0.11851996928453445
414,0.06,0.0,0.11030787229537964
414,0.06,0.1,0.11030787229537964
414,0.06,0.2,0.1241917833685875
414,0.09,0.0,0.12162311375141144
414,0.09,0.1,0.12162311375141144
414,0.09,0.2,0.11757287383079529
414,0.12,0.0,0.1178210973739624
414,0.12,0.1,0.1178210973739624
414,0.12,0.2,0.10314768552780151
414,0.15,0.0,0.0984782800078392
414,0.15,0.1,0.0984782800078392
414,0.15,0.2,0.09931658208370209
415,0.0,0.0,0.08790550380945206
415,0.0,0.1,0.08790550380945206
415,0.0,0.2,0.1223527193069458
415,0.03,0.0,0.08732423931360245
415,0.03,0.1,0.08732423931360245
415,0.03,0.2,0.1045658066868782
415,0.06,0.0,0.10198598355054855
415,0.06,0.1,0.10198598355054855
415,0.06,0.2,0.11150752007961273
415,0.09,0.0,0.11939673125743866
415,0.09,0.1,0.11939673125743866
415,0.09,0.2,0.12282878160476685
415,0.12,0.0,0.11907760798931122
415,0.12,0.1,0.11907760798931122
415,0.12,0.2,0.11522587388753891
415,0.15,0.0,0.13336029648780823
415,0.15,0.1,0.13336029648780823
415,0.15,0.2,0.1412758082151413
416,0.0,0.0,0.11373249441385269
416,0.0,0.1,0.11373249441385269
416,0.0,0.2,0.12959569692611694
416,0.03,0.0,0.09809563308954239
416,0.03,0.1,0.09809563308954239
416,0.03,0.2,0.13848359882831573
416,0.06,0.0,0.11371078342199326
416,0.06,0.1,0.11371078342199326
416,0.06,0.2,0.11054974049329758
416,0.09,0.0,0.13828109204769135
416,0.09,0.1,0.13828109204769135
416,0.09,0.2,0.12929560244083405
416,0.12,0.0,0.1434331238269806
416,0.12,0.1,0.1434331238269806
416,0.12,0.2,0.12867414951324463
416,0.15,0.0,0.11033701151609421
416,0.15,0.1,0.11033701151609421
416,0.15,0.2,0.1045636236667633
417,0.0,0.0,0.0848006159067154
417,0.0,0.1,0.0848006159067154
417,0.0,0.2,0.08223725855350494
417,0.03,0.0,0.08440688997507095
417,0.03,0.1,0.08440688997507095
417,0.03,0.2,0.08058543503284454
417,0.06,0.0,0.08472049981355667
417,0.06,0.1,0.08472049981355667
417,0.06,0.2,0.08775120228528976
417,0.09,0.0,0.0827740877866745
417,0.09,0.1,0.0827740877866745
417,0.09,0.2,0.0844796746969223
417,0.12,0.0,0.106526218354702
417,0.12,0.1,0.106526218354702
417,0.12,0.2,0.10367948561906815
417,0.15,0.0,0.09858185052871704
417,0.15,0.1,0.09858185052871704
417,0.15,0.2,0.09622834622859955
418,0.0,0.0,0.09981950372457504
418,0.0,0.1,0.09981950372457504
418,0.0,0.2,0.08849550783634186
418,0.03,0.0,0.09958241134881973
418,0.03,0.1,0.09958241134881973
418,0.03,0.2,0.09392189979553223
418,0.06,0.0,0.10342005640268326
418,0.06,0.1,0.10342005640268326
418,0.06,0.2,0.09252678602933884
418,0.09,0.0,0.10270810127258301
418,0.09,0.1,0.10270810127258301
418,0.09,0.2,0.09170901775360107
418,0.12,0.0,0.0939006358385086
418,0.12,0.1,0.0939006358385086
418,0.12,0.2,0.08761066198348999
418,0.15,0.0,0.09662267565727234
418,0.15,0.1,0.09662267565727234
418,0.15,0.2,0.08392906934022903
419,0.0,0.0,0.1070311889052391
419,0.0,0.1,0.1070311889052391
419,0.0,0.2,0.15251106023788452
419,0.03,0.0,0.1440190076828003
419,0.03,0.1,0.1440190076828003
419,0.03,0.2,0.16968142986297607
419,0.06,0.0,0.17617887258529663
419,0.06,0.1,0.17617887258529663
419,0.06,0.2,0.17170976102352142
419,0.09,0.0,0.18189801275730133
419,0.09,0.1,0.18189801275730133
419,0.09,0.2,0.1641111522912979
419,0.12,0.0,0.1621590256690979
419,0.12,0.1,0.1621590256690979
419,0.12,0.2,0.149673193693161
419,0.15,0.0,0.1425095945596695
419,0.15,0.1,0.1425095945596695
419,0.15,0.2,0.14029505848884583
42,0.0,0.0,0.0917942002415657
42,0.0,0.1,0.0917942002415657
42,0.0,0.2,0.14278823137283325
42,0.03,0.0,0.09685911983251572
42,0.03,0.1,0.09685911983251572
42,0.03,0.2,0.18100231885910034
42,0.06,0.0,0.14313755929470062
42,0.06,0.1,0.14313755929470062
42,0.06,0.2,0.1988694667816162
42,0.09,0.0,0.19499672949314117
42,0.09,0.1,0.19499672949314117
42,0.09,0.2,0.20739835500717163
42,0.12,0.0,0.2259078025817871
42,0.12,0.1,0.2259078025817871
42,0.12,0.2,0.20079296827316284
42,0.15,0.0,0.21381738781929016
42,0.15,0.1,0.21381738781929016
42,0.15,0.2,0.19113367795944214
420,0.0,0.0,0.09874646365642548
420,0.0,0.1,0.09874646365642548
420,0.0,0.2,0.1123579815030098
420,0.03,0.0,0.09088105708360672
420,0.03,0.1,0.09088105708360672
420,0.03,0.2,0.09328844398260117
420,0.06,0.0,0.08576926589012146
420,0.06,0.1,0.08576926589012146
420,0.06,0.2,0.08733011037111282
420,0.09,0.0,0.09589539468288422
420,0.09,0.1,0.09589539468288422
420,0.09,0.2,0.08564787358045578
420,0.12,0.0,0.08892569690942764
420,0.12,0.1,0.08892569690942764
420,0.12,0.2,0.08502709120512009
420,0.15,0.0,0.07439273595809937
420,0.15,0.1,0.07439273595809937
420,0.15,0.2,0.08445561677217484
421,0.0,0.0,0.07925325632095337
421,0.0,0.1,0.07925325632095337
421,0.0,0.2,0.08239161968231201
421,0.03,0.0,0.08353320509195328
421,0.03,0.1,0.08353320509195328
421,0.03,0.2,0.08565541356801987
421,0.06,0.0,0.08722176402807236
421,0.06,0.1,0.08722176402807236
421,0.06,0.2,0.09957661479711533
421,0.09,0.0,0.08710968494415283
421,0.09,0.1,0.08710968494415283
421,0.09,0.2,0.10240115225315094
421,0.12,0.0,0.08866552263498306
421,0.12,0.1,0.08866552263498306
421,0.12,0.2,0.1058463379740715
421,0.15,0.0,0.09393370896577835
421,0.15,0.1,0.09393370896577835
421,0.15,0.2,0.10960036516189575
422,0.0,0.0,0.08682730793952942
422,0.0,0.1,0.08682730793952942
422,0.0,0.2,0.085181824862957
422,0.03,0.0,0.08398369699716568
422,0.03,0.1,0.08398369699716568
422,0.03,0.2,0.08362624794244766
422,0.06,0.0,0.0830950140953064
422,0.06,0.1,0.0830950140953064
422,0.06,0.2,0.08675232529640198
422,0.09,0.0,0.09935252368450165
422,0.09,0.1,0.09935252368450165
422,0.09,0.2,0.09305021911859512
422,0.12,0.0,0.0924576073884964
422,0.12,0.1,0.0924576073884964
422,0.12,0.2,0.08873716741800308
422,0.15,0.0,0.08455962687730789
422,0.15,0.1,0.08455962687730789
422,0.15,0.2,0.08583272248506546
423,0.0,0.0,0.09438584744930267
423,0.0,0.1,0.09438584744930267
423,0.0,0.2,0.09342323243618011
423,0.03,0.0,0.10291954129934311
423,0.03,0.1,0.10291954129934311
423,0.03,0.2,0.10892193764448166
423,0.06,0.0,0.13341458141803741
423,0.06,0.1,0.13341458141803741
423,0.06,0.2,0.12757721543312073
423,0.09,0.0,0.12079455703496933
423,0.09,0.1,0.12079455703496933
423,0.09,0.2,0.11748095601797104
423,0.12,0.0,0.10802608728408813
423,0.12,0.1,0.10802608728408813
423,0.12,0.2,0.1107640340924263
423,0.15,0.0,0.09994450211524963
423,0.15,0.1,0.09994450211524963
423,0.15,0.2,0.08975469321012497
424,0.0,0.0,0.12251663208007812
424,0.0,0.1,0.12251663208007812
424,0.0,0.2,0.13319019973278046
424,0.03,0.0,0.15829263627529144
424,0.03,0.1,0.15829263627529144
424,0.03,0.2,0.12865573167800903
424,0.06,0.0,0.17134438455104828
424,0.06,0.1,0.17134438455104828
424,0.06,0.2,0.1089634969830513
424,0.09,0.0,0.15169917047023773
424,0.09,0.1,0.15169917047023773
424,0.09,0.2,0.1072811707854271
424,0.12,0.0,0.12201768159866333
424,0.12,0.1,0.12201768159866333
424,0.12,0.2,0.09554135799407959
424,0.15,0.0,0.11605820059776306
424,0.15,0.1,0.11605820059776306
424,0.15,0.2,0.08598805218935013
425,0.0,0.0,0.08226983994245529
425,0.0,0.1,0.08226983994245529
425,0.0,0.2,0.08296976238489151
425,0.03,0.0,0.08925075829029083
425,0.03,0.1,0.08925075829029083
425,0.03,0.2,0.09931674599647522
425,0.06,0.0,0.0871424525976181
425,0.06,0.1,0.0871424525976181
425,0.06,0.2,0.07998005300760269
425,0.09,0.0,0.08635389059782028
425,0.09,0.1,0.08635389059782028
425,0.09,0.2,0.08465392887592316
425,0.12,0.0,0.08546082675457001
425,0.12,0.1,0.08546082675457001
425,0.12,0.2,0.0814257264137268
425,0.15,0.0,0.07821342349052429
425,0.15,0.1,0.07821342349052429
425,0.15,0.2,0.08221638202667236
426,0.0,0.0,0.09730851650238037
426,0.0,0.1,0.09730851650238037
426,0.0,0.2,0.1142350509762764
426,0.03,0.0,0.12476541846990585
426,0.03,0.1,0.12476541846990585
426,0.03,0.2,0.11712180078029633
426,0.06,0.0,0.1529303938150406
426,0.06,0.1,0.1529303938150406
426,0.06,0.2,0.1276904046535492
426,0.09,0.0,0.1534155011177063
426,0.09,0.1,0.1534155011177063
426,0.09,0.2,0.12821616232395172
426,0.12,0.0,0.14288169145584106
426,0.12,0.1,0.14288169145584106
426,0.12,0.2,0.12069820612668991
426,0.15,0.0,0.09984837472438812
426,0.15,0.1,0.09984837472438812
426,0.15,0.2,0.09621623903512955
427,0.0,0.0,0.08606034517288208
427,0.0,0.1,0.08606034517288208
427,0.0,0.2,0.08032307028770447
427,0.03,0.0,0.08979106694459915
427,0.03,0.1,0.08979106694459915
427,0.03,0.2,0.09458111226558685
427,0.06,0.0,0.08577471226453781
427,0.06,0.1,0.08577471226453781
427,0.06,0.2,0.10133853554725647
427,0.09,0.0,0.10802658647298813
427,0.09,0.1,0.10802658647298813
427,0.09,0.2,0.10284777730703354
427,0.12,0.0,0.11023243516683578
427,0.12,0.1,0.11023243516683578
427,0.12,0.2,0.10851054638624191
427,0.15,0.0,0.1051352247595787
427,0.15,0.1,0.1051352247595787
427,0.15,0.2,0.09090916067361832
428,0.0,0.0,0.09619109332561493
428,0.0,0.1,0.09619109332561493
428,0.0,0.2,0.13825926184654236
428,0.03,0.0,0.10022963583469391
428,0.03,0.1,0.10022963583469391
428,0.03,0.2,0.1434648036956787
428,0.06,0.0,0.13995897769927979
428,0.06,0.1,0.13995897769927979
428,0.06,0.2,0.16673880815505981
428,0.09,0.0,0.16562889516353607
428,0.09,0.1,0.16562889516353607
428,0.09,0.2,0.17537365853786469
428,0.12,0.0,0.16496139764785767
428,0.12,0.1,0.16496139764785767
428,0.12,0.2,0.16429869830608368
428,0.15,0.0,0.14716637134552002
428,0.15,0.1,0.14716637134552002
428,0.15,0.2,0.14992670714855194
429,0.0,0.0,0.09572723507881165
429,0.0,0.1,0.09572723507881165
429,0.0,0.2,0.09878166019916534
429,0.03,0.0,0.08958933502435684
429,0.03,0.1,0.08958933502435684
429,0.03,0.2,0.11729844659566879
429,0.06,0.0,0.1163034588098526
429,0.06,0.1,0.1163034588098526
429,0.06,0.2,0.10167834162712097
429,0.09,0.0,0.1334189623594284
429,0.09,0.1,0.1334189623594284
429,0.09,0.2,0.12222164124250412
429,0.12,0.0,0.15722458064556122
429,0.12,0.1,0.15722458064556122
429,0.12,0.2,0.14521898329257965
429,0.15,0.0,0.1256812959909439
429,0.15,0.1,0.1256812959909439
429,0.15,0.2,0.11840494722127914
43,0.0,0.0,0.08488751202821732
43,0.0,0.1,0.08488751202821732
43,0.0,0.2,0.13897278904914856
43,0.03,0.0,0.11432895809412003
43,0.03,0.1,0.11432895809412003
43,0.03,0.2,0.1654748022556305
43,0.06,0.0,0.14403614401817322
43,0.06,0.1,0.14403614401817322
43,0.06,0.2,0.183572918176651
43,0.09,0.0,0.19184809923171997
43,0.09,0.1,0.19184809923171997
43,0.09,0.2,0.20746684074401855
43,0.12,0.0,0.2075396478176117
43,0.12,0.1,0.2075396478176117
43,0.12,0.2,0.20068107545375824
43,0.15,0.0,0.20579113066196442
43,0.15,0.1,0.20579113066196442
43,0.15,0.2,0.1981126219034195
430,0.0,0.0,0.08167331665754318
430,0.0,0.1,0.08167331665754318
430,0.0,0.2,0.10434114187955856
430,0.03,0.0,0.08347586542367935
430,0.03,0.1,0.08347586542367935
430,0.03,0.2,0.10324504226446152
430,0.06,0.0,0.10702185332775116
430,0.06,0.1,0.10702185332775116
430,0.06,0.2,0.11724149435758591
430,0.09,0.0,0.12795202434062958
430,0.09,0.1,0.12795202434062958
430,0.09,0.2,0.12450580298900604
430,0.12,0.0,0.12482450157403946
430,0.12,0.1,0.12482450157403946
430,0.12,0.2,0.11534929275512695
430,0.15,0.0,0.11429677158594131
430,0.15,0.1,0.11429677158594131
430,0.15,0.2,0.10261302441358566
431,0.0,0.0,0.10503184050321579
431,0.0,0.1,0.10503184050321579
431,0.0,0.2,0.11902497708797455
431,0.03,0.0,0.09313341975212097
431,0.03,0.1,0.09313341975212097
431,0.03,0.2,0.12276583909988403
431,0.06,0.0,0.10509628057479858
431,0.06,0.1,0.10509628057479858
431,0.06,0.2,0.1142408475279808
431,0.09,0.0,0.12106798589229584
431,0.09,0.1,0.12106798589229584
431,0.09,0.2,0.11467353999614716
431,0.12,0.0,0.12845471501350403
431,0.12,0.1,0.12845471501350403
431,0.12,0.2,0.09748691320419312
431,0.15,0.0,0.10582346469163895
431,0.15,0.1,0.10582346469163895
431,0.15,0.2,0.10551871359348297
432,0.0,0.0,0.08061008900403976
432,0.0,0.1,0.08061008900403976
432,0.0,0.2,0.08996843546628952
432,0.03,0.0,0.0921291634440422
432,0.03,0.1,0.0921291634440422
432,0.03,0.2,0.08857586234807968
432,0.06,0.0,0.08778718113899231
432,0.06,0.1,0.08778718113899231
432,0.06,0.2,0.09439310431480408
432,0.09,0.0,0.09223365038633347
432,0.09,0.1,0.09223365038633347
432,0.09,0.2,0.08112528920173645
432,0.12,0.0,0.08454278856515884
432,0.12,0.1,0.08454278856515884
432,0.12,0.2,0.09775842726230621
432,0.15,0.0,0.08712882548570633
432,0.15,0.1,0.08712882548570633
432,0.15,0.2,0.08170104026794434
433,0.0,0.0,0.07921517640352249
433,0.0,0.1,0.07921517640352249
433,0.0,0.2,0.08812658488750458
433,0.03,0.0,0.08387306332588196
433,0.03,0.1,0.08387306332588196
433,0.03,0.2,0.08547179400920868
433,0.06,0.0,0.10751461237668991
433,0.06,0.1,0.10751461237668991
433,0.06,0.2,0.08853737264871597
433,0.09,0.0,0.11813683062791824
433,0.09,0.1,0.11813683062791824
433,0.09,0.2,0.0949774757027626
433,0.12,0.0,0.08843949437141418
433,0.12,0.1,0.08843949437141418
433,0.12,0.2,0.10102496296167374
433,0.15,0.0,0.0802045613527298
433,0.15,0.1,0.0802045613527298
433,0.15,0.2,0.08767957240343094
434,0.0,0.0,0.09484535455703735
434,0.0,0.1,0.09484535455703735
434,0.0,0.2,0.09855177998542786
434,0.03,0.0,0.09271060675382614
434,0.03,0.1,0.09271060675382614
434,0.03,0.2,0.10190609842538834
434,0.06,0.0,0.10386496782302856
434,0.06,0.1,0.10386496782302856
434,0.06,0.2,0.11232144385576248
434,0.09,0.0,0.10259745270013809
434,0.09,0.1,0.10259745270013809
434,0.09,0.2,0.10421373695135117
434,0.12,0.0,0.10836581140756607
434,0.12,0.1,0.10836581140756607
434,0.12,0.2,0.0832306444644928
434,0.15,0.0,0.09980811923742294
434,0.15,0.1,0.09980811923742294
434,0.15,0.2,0.085098497569561
435,0.0,0.0,0.09285184741020203
435,0.0,0.1,0.09285184741020203
435,0.0,0.2,0.11252205818891525
435,0.03,0.0,0.11413846909999847
435,0.03,0.1,0.11413846909999847
435,0.03,0.2,0.11469860374927521
435,0.06,0.0,0.14052844047546387
435,0.06,0.1,0.14052844047546387
435,0.06,0.2,0.11238157004117966
435,0.09,0.0,0.14606808125972748
435,0.09,0.1,0.14606808125972748
435,0.09,0.2,0.11876535415649414
435,0.12,0.0,0.12091371417045593
435,0.12,0.1,0.12091371417045593
435,0.12,0.2,0.1098155528306961
435,0.15,0.0,0.10011738538742065
435,0.15,0.1,0.10011738538742065
435,0.15,0.2,0.10753395408391953
436,0.0,0.0,0.08597516268491745
436,0.0,0.1,0.08597516268491745
436,0.0,0.2,0.08284416794776917
436,0.03,0.0,0.08270280808210373
436,0.03,0.1,0.08270280808210373
436,0.03,0.2,0.09168663620948792
436,0.06,0.0,0.09314756840467453
436,0.06,0.1,0.09314756840467453
436,0.06,0.2,0.09322480112314224
436,0.09,0.0,0.08485785871744156
436,0.09,0.1,0.08485785871744156
436,0.09,0.2,0.0874766930937767
436,0.12,0.0,0.08726779371500015
436,0.12,0.1,0.08726779371500015
436,0.12,0.2,0.08092561364173889
436,0.15,0.0,0.08678358793258667
436,0.15,0.1,0.08678358793258667
436,0.15,0.2,0.08736817538738251
437,0.0,0.0,0.07723291963338852
437,0.0,0.1,0.07723291963338852
437,0.0,0.2,0.07981332391500473
437,0.03,0.0,0.08878210932016373
437,0.03,0.1,0.08878210932016373
437,0.03,0.2,0.09539894759654999
437,0.06,0.0,0.08490115404129028
437,0.06,0.1,0.08490115404129028
437,0.06,0.2,0.09778871387243271
437,0.09,0.0,0.09465358406305313
437,0.09,0.1,0.09465358406305313
437,0.09,0.2,0.09455672651529312
437,0.12,0.0,0.09515196830034256
437,0.12,0.1,0.09515196830034256
437,0.12,0.2,0.09161770343780518
437,0.15,0.0,0.09439090639352798
437,0.15,0.1,0.09439090639352798
437,0.15,0.2,0.09418633580207825
438,0.0,0.0,0.0994584783911705
438,0.0,0.1,0.0994584783911705
438,0.0,0.2,0.1236659437417984
438,0.03,0.0,0.09965336322784424
438,0.03,0.1,0.09965336322784424
438,0.03,0.2,0.12796816229820251
438,0.06,0.0,0.1185910552740097
438,0.06,0.1,0.1185910552740097
438,0.06,0.2,0.12606275081634521
438,0.09,0.0,0.13535410165786743
438,0.09,0.1,0.13535410165786743
438,0.09,0.2,0.12887659668922424
438,0.12,0.0,0.12871859967708588
438,0.12,0.1,0.12871859967708588
438,0.12,0.2,0.12457616627216339
438,0.15,0.0,0.12167592346668243
438,0.15,0.1,0.12167592346668243
438,0.15,0.2,0.11189740896224976
439,0.0,0.0,0.08421064168214798
439,0.0,0.1,0.08421064168214798
439,0.0,0.2,0.12439427524805069
439,0.03,0.0,0.11025000363588333
439,0.03,0.1,0.11025000363588333
439,0.03,0.2,0.1340629756450653
439,0.06,0.0,0.14450284838676453
439,0.06,0.1,0.14450284838676453
439,0.06,0.2,0.14173483848571777
439,0.09,0.0,0.16829301416873932
439,0.09,0.1,0.16829301416873932
439,0.09,0.2,0.14762471616268158
439,0.12,0.0,0.1545458436012268
439,0.12,0.1,0.1545458436012268
439,0.12,0.2,0.1409393697977066
439,0.15,0.0,0.15259875357151031
439,0.15,0.1,0.15259875357151031
439,0.15,0.2,0.1350606083869934
44,0.0,0.0,0.10024626553058624
44,0.0,0.1,0.10024626553058624
44,0.0,0.2,0.12209758907556534
44,0.03,0.0,0.11052268743515015
44,0.03,0.1,0.11052268743515015
44,0.03,0.2,0.1369227021932602
44,0.06,0.0,0.11275017261505127
44,0.06,0.1,0.11275017261505127
44,0.06,0.2,0.1554436832666397
44,0.09,0.0,0.14539740979671478
44,0.09,0.1,0.14539740979671478
44,0.09,0.2,0.1763031929731369
44,0.12,0.0,0.17002609372138977
44,0.12,0.1,0.17002609372138977
44,0.12,0.2,0.18011826276779175
44,0.15,0.0,0.2017635852098465
44,0.15,0.1,0.2017635852098465
44,0.15,0.2,0.18928208947181702
440,0.0,0.0,0.09075373411178589
440,0.0,0.1,0.09075373411178589
440,0.0,0.2,0.08604112267494202
440,0.03,0.0,0.07747455686330795
440,0.03,0.1,0.07747455686330795
440,0.03,0.2,0.07855851203203201
440,0.06,0.0,0.08991146087646484
440,0.06,0.1,0.08991146087646484
440,0.06,0.2,0.08990482985973358
440,0.09,0.0,0.08648642152547836
440,0.09,0.1,0.08648642152547836
440,0.09,0.2,0.09033526480197906
440,0.12,0.0,0.09577690809965134
440,0.12,0.1,0.09577690809965134
440,0.12,0.2,0.08459759503602982
440,0.15,0.0,0.08706077933311462
440,0.15,0.1,0.08706077933311462
440,0.15,0.2,0.09052896499633789
441,0.0,0.0,0.08596432209014893
441,0.0,0.1,0.08596432209014893
441,0.0,0.2,0.09964831173419952
441,0.03,0.0,0.0925808846950531
441,0.03,0.1,0.0925808846950531
441,0.03,0.2,0.10785463452339172
441,0.06,0.0,0.08986571431159973
441,0.06,0.1,0.08986571431159973
441,0.06,0.2,0.10250290483236313
441,0.09,0.0,0.09484869986772537
441,0.09,0.1,0.09484869986772537
441,0.09,0.2,0.11176543682813644
441,0.12,0.0,0.10669364035129547
441,0.12,0.1,0.10669364035129547
441,0.12,0.2,0.11322671175003052
441,0.15,0.0,0.10134083032608032
441,0.15,0.1,0.10134083032608032
441,0.15,0.2,0.1084761694073677
442,0.0,0.0,0.09388415515422821
442,0.0,0.1,0.09388415515422821
442,0.0,0.2,0.1310509443283081
442,0.03,0.0,0.11407667398452759
442,0.03,0.1,0.11407667398452759
442,0.03,0.2,0.1399921178817749
442,0.06,0.0,0.1479882001876831
442,0.06,0.1,0.1479882001876831
442,0.06,0.2,0.1730918437242508
442,0.09,0.0,0.15290576219558716
442,0.09,0.1,0.15290576219558716
442,0.09,0.2,0.16632507741451263
442,0.12,0.0,0.14477741718292236
442,0.12,0.1,0.14477741718292236
442,0.12,0.2,0.15196140110492706
442,0.15,0.0,0.15068010985851288
442,0.15,0.1,0.15068010985851288
442,0.15,0.2,0.1467965692281723
443,0.0,0.0,0.08918806165456772
443,0.0,0.1,0.08918806165456772
443,0.0,0.2,0.12215610593557358
443,0.03,0.0,0.08557506650686264
443,0.03,0.1,0.08557506650686264
443,0.03,0.2,0.12188687175512314
443,0.06,0.0,0.1095203384757042
443,0.06,0.1,0.1095203384757042
443,0.06,0.2,0.13241787254810333
443,0.09,0.0,0.16258560121059418
443,0.09,0.1,0.16258560121059418
443,0.09,0.2,0.15317970514297485
443,0.12,0.0,0.16787120699882507
443,0.12,0.1,0.16787120699882507
443,0.12,0.2,0.14732830226421356
443,0.15,0.0,0.15208937227725983
443,0.15,0.1,0.15208937227725983
443,0.15,0.2,0.14133384823799133
444,0.0,0.0,0.09277136623859406
444,0.0,0.1,0.09277136623859406
444,0.0,0.2,0.0885518491268158
444,0.03,0.0,0.0813254788517952
444,0.03,0.1,0.0813254788517952
444,0.03,0.2,0.08628598600625992
444,0.06,0.0,0.07698321342468262
444,0.06,0.1,0.07698321342468262
444,0.06,0.2,0.08321194350719452
444,0.09,0.0,0.08005791902542114
444,0.09,0.1,0.08005791902542114
444,0.09,0.2,0.0861353799700737
444,0.12,0.0,0.07590906322002411
444,0.12,0.1,0.07590906322002411
444,0.12,0.2,0.07654512673616409
444,0.15,0.0,0.08682136982679367
444,0.15,0.1,0.08682136982679367
444,0.15,0.2,0.07764731347560883
445,0.0,0.0,0.0813046544790268
445,0.0,0.1,0.0813046544790268
445,0.0,0.2,0.10523107647895813
445,0.03,0.0,0.0931793749332428
445,0.03,0.1,0.0931793749332428
445,0.03,0.2,0.11869597434997559
445,0.06,0.0,0.10290151834487915
445,0.06,0.1,0.10290151834487915
445,0.06,0.2,0.13316980004310608
445,0.09,0.0,0.11160874366760254
445,0.09,0.1,0.11160874366760254
445,0.09,0.2,0.1303425431251526
445,0.12,0.0,0.12286090105772018
445,0.12,0.1,0.12286090105772018
445,0.12,0.2,0.13678479194641113
445,0.15,0.0,0.11593098193407059
445,0.15,0.1,0.11593098193407059
445,0.15,0.2,0.12396147102117538
446,0.0,0.0,0.08337883651256561
446,0.0,0.1,0.08337883651256561
446,0.0,0.2,0.10026900470256805
446,0.03,0.0,0.08307963609695435
446,0.03,0.1,0.08307963609695435
446,0.03,0.2,0.09986601769924164
446,0.06,0.0,0.0781998261809349
446,0.06,0.1,0.0781998261809349
446,0.06,0.2,0.11630122363567352
446,0.09,0.0,0.08257497102022171
446,0.09,0.1,0.08257497102022171
446,0.09,0.2,0.12837128341197968
446,0.12,0.0,0.1058330237865448
446,0.12,0.1,0.1058330237865448
446,0.12,0.2,0.15757185220718384
446,0.15,0.0,0.113204225897789
446,0.15,0.1,0.113204225897789
446,0.15,0.2,0.1473773568868637
447,0.0,0.0,0.08003249764442444
447,0.0,0.1,0.08003249764442444
447,0.0,0.2,0.10738483816385269
447,0.03,0.0,0.14373107254505157
447,0.03,0.1,0.14373107254505157
447,0.03,0.2,0.1429317742586136
447,0.06,0.0,0.17973625659942627
447,0.06,0.1,0.17973625659942627
447,0.06,0.2,0.1373055875301361
447,0.09,0.0,0.1593707799911499
447,0.09,0.1,0.1593707799911499
447,0.09,0.2,0.11738422513008118
447,0.12,0.0,0.14421793818473816
447,0.12,0.1,0.14421793818473816
447,0.12,0.2,0.11374609917402267
447,0.15,0.0,0.12170962244272232
447,0.15,0.1,0.12170962244272232
447,0.15,0.2,0.10519645363092422
448,0.0,0.0,0.08422063291072845
448,0.0,0.1,0.08422063291072845
448,0.0,0.2,0.10209184885025024
448,0.03,0.0,0.08521811664104462
448,0.03,0.1,0.08521811664104462
448,0.03,0.2,0.11273304373025894
448,0.06,0.0,0.09060973674058914
448,0.06,0.1,0.09060973674058914
448,0.06,0.2,0.11200416833162308
448,0.09,0.0,0.10782663524150848
448,0.09,0.1,0.10782663524150848
448,0.09,0.2,0.12306861579418182
448,0.12,0.0,0.10895274579524994
448,0.12,0.1,0.10895274579524994
448,0.12,0.2,0.10562162846326828
448,0.15,0.0,0.10159517824649811
448,0.15,0.1,0.10159517824649811
448,0.15,0.2,0.0913965255022049
449,0.0,0.0,0.10231968760490417
449,0.0,0.1,0.10231968760490417
449,0.0,0.2,0.10961387306451797
449,0.03,0.0,0.0876881554722786
449,0.03,0.1,0.0876881554722786
449,0.03,0.2,0.1025933176279068
449,0.06,0.0,0.1179027184844017
449,0.06,0.1,0.1179027184844017
449,0.06,0.2,0.1164805069565773
449,0.09,0.0,0.11962302029132843
449,0.09,0.1,0.11962302029132843
449,0.09,0.2,0.12543542683124542
449,0.12,0.0,0.12595616281032562
449,0.12,0.1,0.12595616281032562
449,0.12,0.2,0.11950339376926422
449,0.15,0.0,0.12260710448026657
449,0.15,0.1,0.12260710448026657
449,0.15,0.2,0.10650422424077988
45,0.0,0.0,0.08778773993253708
45,0.0,0.1,0.08778773993253708
45,0.0,0.2,0.08517128974199295
45,0.03,0.0,0.08451017737388611
45,0.03,0.1,0.08451017737388611
45,0.03,0.2,0.10355615615844727
45,0.06,0.0,0.1002005785703659
45,0.06,0.1,0.1002005785703659
45,0.06,0.2,0.12338977307081223
45,0.09,0.0,0.1305043250322342
45,0.09,0.1,0.1305043250322342
45,0.09,0.2,0.13900749385356903
45,0.12,0.0,0.15155984461307526
45,0.12,0.1,0.15155984461307526
45,0.12,0.2,0.14300546050071716
45,0.15,0.0,0.15290102362632751
45,0.15,0.1,0.15290102362632751
45,0.15,0.2,0.1284455955028534
450,0.0,0.0,0.08875046670436859
450,0.0,0.1,0.08875046670436859
450,0.0,0.2,0.07984716445207596
450,0.03,0.0,0.08453619480133057
450,0.03,0.1,0.08453619480133057
450,0.03,0.2,0.10670763999223709
450,0.06,0.0,0.09759257733821869
450,0.06,0.1,0.09759257733821869
450,0.06,0.2,0.11366807669401169
450,0.09,0.0,0.09951172769069672
450,0.09,0.1,0.09951172769069672
450,0.09,0.2,0.13309895992279053
450,0.12,0.0,0.11360044777393341
450,0.12,0.1,0.11360044777393341
450,0.12,0.2,0.1447543203830719
450,0.15,0.0,0.12336891889572144
450,0.15,0.1,0.12336891889572144
450,0.15,0.2,0.1530316025018692
451,0.0,0.0,0.08346317708492279
451,0.0,0.1,0.08346317708492279
451,0.0,0.2,0.08921404927968979
451,0.03,0.0,0.10109525918960571
451,0.03,0.1,0.10109525918960571
451,0.03,0.2,0.09636104851961136
451,0.06,0.0,0.15338502824306488
451,0.06,0.1,0.15338502824306488
451,0.06,0.2,0.1114770770072937
451,0.09,0.0,0.15968722105026245
451,0.09,0.1,0.15968722105026245
451,0.09,0.2,0.10711763054132462
451,0.12,0.0,0.09992597252130508
451,0.12,0.1,0.09992597252130508
451,0.12,0.2,0.08251038938760757
451,0.15,0.0,0.09513257443904877
451,0.15,0.1,0.09513257443904877
451,0.15,0.2,0.0871213749051094
452,0.0,0.0,0.09834708273410797
452,0.0,0.1,0.09834708273410797
452,0.0,0.2,0.0910356268286705
452,0.03,0.0,0.07889857143163681
452,0.03,0.1,0.07889857143163681
452,0.03,0.2,0.08826791495084763
452,0.06,0.0,0.0819605141878128
452,0.06,0.1,0.0819605141878128
452,0.06,0.2,0.10355094075202942
452,0.09,0.0,0.07798928022384644
452,0.09,0.1,0.07798928022384644
452,0.09,0.2,0.10568615049123764
452,0.12,0.0,0.09410783648490906
452,0.12,0.1,0.09410783648490906
452,0.12,0.2,0.11705310642719269
452,0.15,0.0,0.11246756464242935
452,0.15,0.1,0.11246756464242935
452,0.15,0.2,0.11565440893173218
453,0.0,0.0,0.08354075253009796
453,0.0,0.1,0.08354075253009796
453,0.0,0.2,0.11727803945541382
453,0.03,0.0,0.09759461879730225
453,0.03,0.1,0.09759461879730225
453,0.03,0.2,0.1165943592786789
453,0.06,0.0,0.10711175948381424
453,0.06,0.1,0.10711175948381424
453,0.06,0.2,0.12380193173885345
453,0.09,0.0,0.13918384909629822
453,0.09,0.1,0.13918384909629822
453,0.09,0.2,0.12820091843605042
453,0.12,0.0,0.13594159483909607
453,0.12,0.1,0.13594159483909607
453,0.12,0.2,0.12382441759109497
453,0.15,0.0,0.12759943306446075
453,0.15,0.1,0.12759943306446075
453,0.15,0.2,0.11257670819759369
454,0.0,0.0,0.09019740670919418
454,0.0,0.1,0.09019740670919418
454,0.0,0.2,0.08938704431056976
454,0.03,0.0,0.0813729539513588
454,0.03,0.1,0.0813729539513588
454,0.03,0.2,0.08443165570497513
454,0.06,0.0,0.09102170914411545
454,0.06,0.1,0.09102170914411545
454,0.06,0.2,0.09085532277822495
454,0.09,0.0,0.07444839179515839
454,0.09,0.1,0.07444839179515839
454,0.09,0.2,0.08320854604244232
454,0.12,0.0,0.091085284948349
454,0.12,0.1,0.091085284948349
454,0.12,0.2,0.09261950850486755
454,0.15,0.0,0.10455115139484406
454,0.15,0.1,0.10455115139484406
454,0.15,0.2,0.11144037544727325
455,0.0,0.0,0.08668248355388641
455,0.0,0.1,0.08668248355388641
455,0.0,0.2,0.08112655580043793
455,0.03,0.0,0.08232101052999496
455,0.03,0.1,0.08232101052999496
455,0.03,0.2,0.0857221707701683
455,0.06,0.0,0.07904820889234543
455,0.06,0.1,0.07904820889234543
455,0.06,0.2,0.09862054884433746
455,0.09,0.0,0.10642556846141815
455,0.09,0.1,0.10642556846141815
455,0.09,0.2,0.09491720795631409
455,0.12,0.0,0.09986716508865356
455,0.12,0.1,0.09986716508865356
455,0.12,0.2,0.09387746453285217
455,0.15,0.0,0.08503391593694687
455,0.15,0.1,0.08503391593694687
455,0.15,0.2,0.08972727507352829
456,0.0,0.0,0.07989394664764404
456,0.0,0.1,0.07989394664764404
456,0.0,0.2,0.0786256417632103
456,0.03,0.0,0.08893021941184998
456,0.03,0.1,0.08893021941184998
456,0.03,0.2,0.08710941672325134
456,0.06,0.0,0.09649398177862167
456,0.06,0.1,0.09649398177862167
456,0.06,0.2,0.08391331136226654
456,0.09,0.0,0.08302050083875656
456,0.09,0.1,0.08302050083875656
456,0.09,0.2,0.08644145727157593
456,0.12,0.0,0.0792287066578865
456,0.12,0.1,0.0792287066578865
456,0.12,0.2,0.08093706518411636
456,0.15,0.0,0.0909976065158844
456,0.15,0.1,0.0909976065158844
456,0.15,0.2,0.07995795458555222
457,0.0,0.0,0.08234386146068573
457,0.0,0.1,0.08234386146068573
457,0.0,0.2,0.08873084932565689
457,0.03,0.0,0.08427557349205017
457,0.03,0.1,0.08427557349205017
457,0.03,0.2,0.10411226004362106
457,0.06,0.0,0.0986771285533905
457,0.06,0.1,0.0986771285533905
457,0.06,0.2,0.11421601474285126
457,0.09,0.0,0.12884202599525452
457,0.09,0.1,0.12884202599525452
457,0.09,0.2,0.12594297528266907
457,0.12,0.0,0.13038775324821472
457,0.12,0.1,0.13038775324821472
457,0.12,0.2,0.1417999267578125
457,0.15,0.0,0.12200185656547546
457,0.15,0.1,0.12200185656547546
457,0.15,0.2,0.1309228092432022
458,0.0,0.0,0.0850687101483345
458,0.0,0.1,0.0850687101483345
458,0.0,0.2,0.0900203213095665
458,0.03,0.0,0.09851764142513275
458,0.03,0.1,0.09851764142513275
458,0.03,0.2,0.10336884111166
458,0.06,0.0,0.0983787477016449
458,0.06,0.1,0.0983787477016449
458,0.06,0.2,0.10216743499040604
458,0.09,0.0,0.0871102586388588
458,0.09,0.1,0.0871102586388588
458,0.09,0.2,0.09661303460597992
458,0.12,0.0,0.09139467775821686
458,0.12,0.1,0.09139467775821686
458,0.12,0.2,0.10830356180667877
458,0.15,0.0,0.09500695765018463
458,0.15,0.1,0.09500695765018463
458,0.15,0.2,0.09536132216453552
459,0.0,0.0,0.09696872532367706
459,0.0,0.1,0.09696872532367706
459,0.0,0.2,0.12965944409370422
459,0.03,0.0,0.11847778409719467
459,0.03,0.1,0.11847778409719467
459,0.03,0.2,0.14858296513557434
459,0.06,0.0,0.13390663266181946
459,0.06,0.1,0.13390663266181946
459,0.06,0.2,0.16189686954021454
459,0.09,0.0,0.1635797917842865
459,0.09,0.1,0.1635797917842865
459,0.09,0.2,0.17058350145816803
459,0.12,0.0,0.1799420863389969
459,0.12,0.1,0.1799420863389969
459,0.12,0.2,0.17735008895397186
459,0.15,0.0,0.17514416575431824
459,0.15,0.1,0.17514416575431824
459,0.15,0.2,0.16700999438762665
46,0.0,0.0,0.08929676562547684
46,0.0,0.1,0.08929676562547684
46,0.0,0.2,0.1303654909133911
46,0.03,0.0,0.09768576920032501
46,0.03,0.1,0.09768576920032501
46,0.03,0.2,0.15982535481452942
46,0.06,0.0,0.1322452872991562
46,0.06,0.1,0.1322452872991562
46,0.06,0.2,0.16032572090625763
46,0.09,0.0,0.18933910131454468
46,0.09,0.1,0.18933910131454468
46,0.09,0.2,0.17401066422462463
46,0.12,0.0,0.21063633263111115
46,0.12,0.1,0.21063633263111115
46,0.12,0.2,0.17636795341968536
46,0.15,0.0,0.1911536306142807
46,0.15,0.1,0.1911536306142807
46,0.15,0.2,0.1607428342103958
460,0.0,0.0,0.08624310791492462
460,0.0,0.1,0.08624310791492462
460,0.0,0.2,0.1202210932970047
460,0.03,0.0,0.1027587354183197
460,0.03,0.1,0.1027587354183197
460,0.03,0.2,0.14549370110034943
460,0.06,0.0,0.12557198107242584
460,0.06,0.1,0.12557198107242584
460,0.06,0.2,0.15580721199512482
460,0.09,0.0,0.13608242571353912
460,0.09,0.1,0.13608242571353912
460,0.09,0.2,0.1640549898147583
460,0.12,0.0,0.15476977825164795
460,0.12,0.1,0.15476977825164795
460,0.12,0.2,0.16482558846473694
460,0.15,0.0,0.15302254259586334
460,0.15,0.1,0.15302254259586334
460,0.15,0.2,0.15693624317646027
461,0.0,0.0,0.08503948152065277
461,0.0,0.1,0.08503948152065277
461,0.0,0.2,0.1054152175784111
461,0.03,0.0,0.0784161314368248
461,0.03,0.1,0.0784161314368248
461,0.03,0.2,0.11961326748132706
461,0.06,0.0,0.10939478129148483
461,0.06,0.1,0.10939478129148483
461,0.06,0.2,0.133433997631073
461,0.09,0.0,0.13121914863586426
461,0.09,0.1,0.13121914863586426
461,0.09,0.2,0.13021762669086456
461,0.12,0.0,0.12350784242153168
461,0.12,0.1,0.12350784242153168
461,0.12,0.2,0.12510822713375092
461,0.15,0.0,0.11073469370603561
461,0.15,0.1,0.11073469370603561
461,0.15,0.2,0.10855742543935776
462,0.0,0.0,0.0795120820403099
462,0.0,0.1,0.0795120820403099
462,0.0,0.2,0.0844411551952362
462,0.03,0.0,0.08216588944196701
462,0.03,0.1,0.08216588944196701
462,0.03,0.2,0.08363103121519089
462,0.06,0.0,0.07936017215251923
462,0.06,0.1,0.07936017215251923
462,0.06,0.2,0.07918589562177658
462,0.09,0.0,0.08240580558776855
462,0.09,0.1,0.08240580558776855
462,0.09,0.2,0.08871221542358398
462,0.12,0.0,0.07821320742368698
462,0.12,0.1,0.07821320742368698
462,0.12,0.2,0.08125852793455124
462,0.15,0.0,0.086720310151577
462,0.15,0.1,0.086720310151577
462,0.15,0.2,0.08496416360139847
463,0.0,0.0,0.10267088562250137
463,0.0,0.1,0.10267088562250137
463,0.0,0.2,0.08942391723394394
463,0.03,0.0,0.09327281266450882
463,0.03,0.1,0.09327281266450882
463,0.03,0.2,0.09205367416143417
463,0.06,0.0,0.13314110040664673
463,0.06,0.1,0.13314110040664673
463,0.06,0.2,0.09493877738714218
463,0.09,0.0,0.1531994342803955
463,0.09,0.1,0.1531994342803955
463,0.09,0.2,0.10183855891227722
463,0.12,0.0,0.10898949205875397
463,0.12,0.1,0.10898949205875397
463,0.12,0.2,0.0975409522652626
463,0.15,0.0,0.09200222790241241
463,0.15,0.1,0.09200222790241241
463,0.15,0.2,0.09273654222488403
464,0.0,0.0,0.08732286840677261
464,0.0,0.1,0.08732286840677261
464,0.0,0.2,0.1277458518743515
464,0.03,0.0,0.1124122366309166
464,0.03,0.1,0.1124122366309166
464,0.03,0.2,0.14412465691566467
464,0.06,0.0,0.12260045856237411
464,0.06,0.1,0.12260045856237411
464,0.06,0.2,0.13753817975521088
464,0.09,0.0,0.1439971774816513
464,0.09,0.1,0.1439971774816513
464,0.09,0.2,0.13856565952301025
464,0.12,0.0,0.15287892520427704
464,0.12,0.1,0.15287892520427704
464,0.12,0.2,0.13407255709171295
464,0.15,0.0,0.1422404646873474
464,0.15,0.1,0.1422404646873474
464,0.15,0.2,0.12112316489219666
465,0.0,0.0,0.08774524182081223
465,0.0,0.1,0.08774524182081223
465,0.0,0.2,0.12377645820379257
465,0.03,0.0,0.08986110985279083
465,0.03,0.1,0.08986110985279083
465,0.03,0.2,0.12090609222650528
465,0.06,0.0,0.12740512192249298
465,0.06,0.1,0.12740512192249298
465,0.06,0.2,0.13144834339618683
465,0.09,0.0,0.15001702308654785
465,0.09,0.1,0.15001702308654785
465,0.09,0.2,0.13791918754577637
465,0.12,0.0,0.13013143837451935
465,0.12,0.1,0.13013143837451935
465,0.12,0.2,0.1112217977643013
465,0.15,0.0,0.10946940630674362
465,0.15,0.1,0.10946940630674362
465,0.15,0.2,0.10434019565582275
466,0.0,0.0,0.09189122915267944
466,0.0,0.1,0.09189122915267944
466,0.0,0.2,0.10199092328548431
466,0.03,0.0,0.10117089748382568
466,0.03,0.1,0.10117089748382568
466,0.03,0.2,0.11403653770685196
466,0.06,0.0,0.08948087692260742
466,0.06,0.1,0.08948087692260742
466,0.06,0.2,0.08779382705688477
466,0.09,0.0,0.0901481956243515
466,0.09,0.1,0.0901481956243515
466,0.09,0.2,0.08306021988391876
466,0.12,0.0,0.08464396744966507
466,0.12,0.1,0.08464396744966507
466,0.12,0.2,0.10073049366474152
466,0.15,0.0,0.09006157517433167
466,0.15,0.1,0.09006157517433167
466,0.15,0.2,0.09424921870231628
467,0.0,0.0,0.07283913344144821
467,0.0,0.1,0.07283913344144821
467,0.0,0.2,0.09364890307188034
467,0.03,0.0,0.07102653384208679
467,0.03,0.1,0.07102653384208679
467,0.03,0.2,0.08947581797838211
467,0.06,0.0,0.08870363980531693
467,0.06,0.1,0.08870363980531693
467,0.06,0.2,0.08672603219747543
467,0.09,0.0,0.09198461472988129
467,0.09,0.1,0.09198461472988129
467,0.09,0.2,0.08552228659391403
467,0.12,0.0,0.09086735546588898
467,0.12,0.1,0.09086735546588898
467,0.12,0.2,0.08575938642024994
467,0.15,0.0,0.08145598322153091
467,0.15,0.1,0.08145598322153091
467,0.15,0.2,0.09414363652467728
468,0.0,0.0,0.0865858644247055
468,0.0,0.1,0.0865858644247055
468,0.0,0.2,0.093455970287323
468,0.03,0.0,0.10083378106355667
468,0.03,0.1,0.10083378106355667
468,0.03,0.2,0.0907643660902977
468,0.06,0.0,0.08476369082927704
468,0.06,0.1,0.08476369082927704
468,0.06,0.2,0.09819743782281876
468,0.09,0.0,0.09895390272140503
468,0.09,0.1,0.09895390272140503
468,0.09,0.2,0.10291153937578201
468,0.12,0.0,0.0918591320514679
468,0.12,0.1,0.0918591320514679
468,0.12,0.2,0.10884679108858109
468,0.15,0.0,0.10986342281103134
468,0.15,0.1,0.10986342281103134
468,0.15,0.2,0.1290181577205658
469,0.0,0.0,0.11318731307983398
469,0.0,0.1,0.11318731307983398
469,0.0,0.2,0.16338518261909485
469,0.03,0.0,0.15308183431625366
469,0.03,0.1,0.15308183431625366
469,0.03,0.2,0.17364326119422913
469,0.06,0.0,0.19083495438098907
469,0.06,0.1,0.19083495438098907
469,0.06,0.2,0.17382873594760895
469,0.09,0.0,0.19133040308952332
469,0.09,0.1,0.19133040308952332
469,0.09,0.2,0.154888316988945
469,0.12,0.0,0.18445733189582825
469,0.12,0.1,0.18445733189582825
469,0.12,0.2,0.15658213198184967
469,0.15,0.0,0.1638813614845276
469,0.15,0.1,0.1638813614845276
469,0.15,0.2,0.1457844227552414
47,0.0,0.0,0.08490467071533203
47,0.0,0.1,0.08490467071533203
47,0.0,0.2,0.08112003654241562
47,0.03,0.0,0.08906687051057816
47,0.03,0.1,0.08906687051057816
47,0.03,0.2,0.08502256125211716
47,0.06,0.0,0.08218784630298615
47,0.06,0.1,0.08218784630298615
47,0.06,0.2,0.1076093465089798
47,0.09,0.0,0.10190900415182114
47,0.09,0.1,0.10190900415182114
47,0.09,0.2,0.11751621216535568
47,0.12,0.0,0.12087595462799072
47,0.12,0.1,0.12087595462799072
47,0.12,0.2,0.10623960942029953
47,0.15,0.0,0.13302908837795258
47,0.15,0.1,0.13302908837795258
47,0.15,0.2,0.10754702985286713
470,0.0,0.0,0.08202631026506424
470,0.0,0.1,0.08202631026506424
470,0.0,0.2,0.08188416063785553
470,0.03,0.0,0.07620792835950851
470,0.03,0.1,0.07620792835950851
470,0.03,0.2,0.09699985384941101
470,0.06,0.0,0.08521291613578796
470,0.06,0.1,0.08521291613578796
470,0.06,0.2,0.0930706262588501
470,0.09,0.0,0.089283786714077
470,0.09,0.1,0.089283786714077
470,0.09,0.2,0.09640359878540039
470,0.12,0.0,0.09446163475513458
470,0.12,0.1,0.09446163475513458
470,0.12,0.2,0.10350441187620163
470,0.15,0.0,0.09403692930936813
470,0.15,0.1,0.09403692930936813
470,0.15,0.2,0.09752045571804047
471,0.0,0.0,0.08899886906147003
471,0.0,0.1,0.08899886906147003
471,0.0,0.2,0.11269745975732803
471,0.03,0.0,0.10374132543802261
471,0.03,0.1,0.10374132543802261
471,0.03,0.2,0.10951735079288483
471,0.06,0.0,0.1059858649969101
471,0.06,0.1,0.1059858649969101
471,0.06,0.2,0.11948046833276749
471,0.09,0.0,0.12466010451316833
471,0.09,0.1,0.12466010451316833
471,0.09,0.2,0.12571018934249878
471,0.12,0.0,0.13436613976955414
471,0.12,0.1,0.13436613976955414
471,0.12,0.2,0.13139380514621735
471,0.15,0.0,0.12494844198226929
471,0.15,0.1,0.12494844198226929
471,0.15,0.2,0.11403094232082367
472,0.0,0.0,0.10601893812417984
472,0.0,0.1,0.10601893812417984
472,0.0,0.2,0.10364487767219543
472,0.03,0.0,0.0889587476849556
472,0.03,0.1,0.0889587476849556
472,0.03,0.2,0.1151958703994751
472,0.06,0.0,0.10423877090215683
472,0.06,0.1,0.10423877090215683
472,0.06,0.2,0.1394481062889099
472,0.09,0.0,0.11243698000907898
472,0.09,0.1,0.11243698000907898
472,0.09,0.2,0.13982801139354706
472,0.12,0.0,0.11250393092632294
472,0.12,0.1,0.11250393092632294
472,0.12,0.2,0.13876543939113617
472,0.15,0.0,0.12345138192176819
472,0.15,0.1,0.12345138192176819
472,0.15,0.2,0.1435253620147705
473,0.0,0.0,0.08307390660047531
473,0.0,0.1,0.08307390660047531
473,0.0,0.2,0.1001838818192482
473,0.03,0.0,0.08942566812038422
473,0.03,0.1,0.08942566812038422
473,0.03,0.2,0.1160130724310875
473,0.06,0.0,0.10544329881668091
473,0.06,0.1,0.10544329881668091
473,0.06,0.2,0.1148548349738121
473,0.09,0.0,0.13030120730400085
473,0.09,0.1,0.13030120730400085
473,0.09,0.2,0.13273370265960693
473,0.12,0.0,0.13655264675617218
473,0.12,0.1,0.13655264675617218
473,0.12,0.2,0.13935545086860657
473,0.15,0.0,0.12313000857830048
473,0.15,0.1,0.12313000857830048
473,0.15,0.2,0.12476209551095963
474,0.0,0.0,0.08344395458698273
474,0.0,0.1,0.08344395458698273
474,0.0,0.2,0.09997482597827911
474,0.03,0.0,0.08672778308391571
474,0.03,0.1,0.08672778308391571
474,0.03,0.2,0.11018981039524078
474,0.06,0.0,0.10832720249891281
474,0.06,0.1,0.10832720249891281
474,0.06,0.2,0.12361031025648117
474,0.09,0.0,0.12458456307649612
474,0.09,0.1,0.12458456307649612
474,0.09,0.2,0.12040434777736664
474,0.12,0.0,0.12680822610855103
474,0.12,0.1,0.12680822610855103
474,0.12,0.2,0.12153039872646332
474,0.15,0.0,0.11364569514989853
474,0.15,0.1,0.11364569514989853
474,0.15,0.2,0.11478374153375626
475,0.0,0.0,0.09556467831134796
475,0.0,0.1,0.09556467831134796
475,0.0,0.2,0.11064228415489197
475,0.03,0.0,0.1268564909696579
475,0.03,0.1,0.1268564909696579
475,0.03,0.2,0.1252041459083557
475,0.06,0.0,0.14698415994644165
475,0.06,0.1,0.14698415994644165
475,0.06,0.2,0.1279532015323639
475,0.09,0.0,0.13953770697116852
475,0.09,0.1,0.13953770697116852
475,0.09,0.2,0.11777603626251221
475,0.12,0.0,0.13764624297618866
475,0.12,0.1,0.13764624297618866
475,0.12,0.2,0.12084082514047623
475,0.15,0.0,0.11565481126308441
475,0.15,0.1,0.11565481126308441
475,0.15,0.2,0.1074121817946434
476,0.0,0.0,0.08579172194004059
476,0.0,0.1,0.08579172194004059
476,0.0,0.2,0.10324680060148239
476,0.03,0.0,0.0902080163359642
476,0.03,0.1,0.0902080163359642
476,0.03,0.2,0.11506767570972443
476,0.06,0.0,0.09414609521627426
476,0.06,0.1,0.09414609521627426
476,0.06,0.2,0.12545424699783325
476,0.09,0.0,0.10908768326044083
476,0.09,0.1,0.10908768326044083
476,0.09,0.2,0.12646101415157318
476,0.12,0.0,0.11785135418176651
476,0.12,0.1,0.11785135418176651
476,0.12,0.2,0.12235874682664871
476,0.15,0.0,0.11270018666982651
476,0.15,0.1,0.11270018666982651
476,0.15,0.2,0.09969642013311386
477,0.0,0.0,0.09734867513179779
477,0.0,0.1,0.09734867513179779
477,0.0,0.2,0.12701602280139923
477,0.03,0.0,0.09374217689037323
477,0.03,0.1,0.09374217689037323
477,0.03,0.2,0.14687798917293549
477,0.06,0.0,0.13288694620132446
477,0.06,0.1,0.13288694620132446
477,0.06,0.2,0.1696760058403015
477,0.09,0.0,0.1490013748407364
477,0.09,0.1,0.1490013748407364
477,0.09,0.2,0.17060886323451996
477,0.12,0.0,0.17293387651443481
477,0.12,0.1,0.17293387651443481
477,0.12,0.2,0.18298998475074768
477,0.15,0.0,0.1834699809551239
477,0.15,0.1,0.1834699809551239
477,0.15,0.2,0.18393518030643463
478,0.0,0.0,0.0848364606499672
478,0.0,0.1,0.0848364606499672
478,0.0,0.2,0.10676461458206177
478,0.03,0.0,0.08094552159309387
478,0.03,0.1,0.08094552159309387
478,0.03,0.2,0.11957831680774689
478,0.06,0.0,0.10149950534105301
478,0.06,0.1,0.10149950534105301
478,0.06,0.2,0.1247640922665596
478,0.09,0.0,0.12899149954319
478,0.09,0.1,0.12899149954319
478,0.09,0.2,0.13640156388282776
478,0.12,0.0,0.13623136281967163
478,0.12,0.1,0.13623136281967163
478,0.12,0.2,0.13010242581367493
478,0.15,0.0,0.1200542002916336
478,0.15,0.1,0.1200542002916336
478,0.15,0.2,0.1052117720246315
479,0.0,0.0,0.09007702767848969
479,0.0,0.1,0.09007702767848969
479,0.0,0.2,0.09379640221595764
479,0.03,0.0,0.1263522356748581
479,0.03,0.1,0.1263522356748581
479,0.03,0.2,0.12088227272033691
479,0.06,0.0,0.09451524913311005
479,0.06,0.1,0.09451524913311005
479,0.06,0.2,0.09061471372842789
479,0.09,0.0,0.10776681452989578
479,0.09,0.1,0.10776681452989578
479,0.09,0.2,0.12278342992067337
479,0.12,0.0,0.08771109580993652
479,0.12,0.1,0.08771109580993652
479,0.12,0.2,0.0898565798997879
479,0.15,0.0,0.09993711113929749
479,0.15,0.1,0.09993711113929749
479,0.15,0.2,0.09970134496688843
48,0.0,0.0,0.08466985076665878
48,0.0,0.1,0.08466985076665878
48,0.0,0.2,0.08582131564617157
48,0.03,0.0,0.08311443775892258
48,0.03,0.1,0.08311443775892258
48,0.03,0.2,0.08404388278722763
48,0.06,0.0,0.086688332259655
48,0.06,0.1,0.086688332259655
48,0.06,0.2,0.08044261485338211
48,0.09,0.0,0.10107442736625671
48,0.09,0.1,0.10107442736625671
48,0.09,0.2,0.10254418104887009
48,0.12,0.0,0.0779372975230217
48,0.12,0.1,0.0779372975230217
48,0.12,0.2,0.08786409348249435
48,0.15,0.0,0.08745036274194717
48,0.15,0.1,0.08745036274194717
48,0.15,0.2,0.07858822494745255
480,0.0,0.0,0.08278050273656845
480,0.0,0.1,0.08278050273656845
480,0.0,0.2,0.14371415972709656
480,0.03,0.0,0.12525103986263275
480,0.03,0.1,0.12525103986263275
480,0.03,0.2,0.15903279185295105
480,0.06,0.0,0.16986669600009918
480,0.06,0.1,0.16986669600009918
480,0.06,0.2,0.18038944900035858
480,0.09,0.0,0.17612192034721375
480,0.09,0.1,0.17612192034721375
480,0.09,0.2,0.17797572910785675
480,0.12,0.0,0.15896661579608917
480,0.12,0.1,0.15896661579608917
480,0.12,0.2,0.1435309797525406
480,0.15,0.0,0.13950732350349426
480,0.15,0.1,0.13950732350349426
480,0.15,0.2,0.12214608490467072
481,0.0,0.0,0.08310215175151825
481,0.0,0.1,0.08310215175151825
481,0.0,0.2,0.17512719333171844
481,0.03,0.0,0.11883778125047684
481,0.03,0.1,0.11883778125047684
481,0.03,0.2,0.1917690634727478
481,0.06,0.0,0.16933636367321014
481,0.06,0.1,0.16933636367321014
481,0.06,0.2,0.1964409202337265
481,0.09,0.0,0.22183974087238312
481,0.09,0.1,0.22183974087238312
481,0.09,0.2,0.2064964473247528
481,0.12,0.0,0.25022661685943604
481,0.12,0.1,0.25022661685943604
481,0.12,0.2,0.2107536494731903
481,0.15,0.0,0.21113693714141846
481,0.15,0.1,0.21113693714141846
481,0.15,0.2,0.168968066573143
482,0.0,0.0,0.07509124279022217
482,0.0,0.1,0.07509124279022217
482,0.0,0.2,0.08293593674898148
482,0.03,0.0,0.09118999540805817
482,0.03,0.1,0.09118999540805817
482,0.03,0.2,0.09466401487588882
482,0.06,0.0,0.12455716729164124
482,0.06,0.1,0.12455716729164124
482,0.06,0.2,0.08343102782964706
482,0.09,0.0,0.1028970330953598
482,0.09,0.1,0.1028970330953598
482,0.09,0.2,0.08773217350244522
482,0.12,0.0,0.09165992587804794
482,0.12,0.1,0.09165992587804794
482,0.12,0.2,0.07883093506097794
482,0.15,0.0,0.09327884018421173
482,0.15,0.1,0.09327884018421173
482,0.15,0.2,0.07719293981790543
483,0.0,0.0,0.09677886962890625
483,0.0,0.1,0.09677886962890625
483,0.0,0.2,0.09765828400850296
483,0.03,0.0,0.10124645382165909
483,0.03,0.1,0.10124645382165909
483,0.03,0.2,0.12395600974559784
483,0.06,0.0,0.10637912154197693
483,0.06,0.1,0.10637912154197693
483,0.06,0.2,0.11988871544599533
483,0.09,0.0,0.1282598227262497
483,0.09,0.1,0.1282598227262497
483,0.09,0.2,0.1222832202911377
483,0.12,0.0,0.1312444508075714
483,0.12,0.1,0.1312444508075714
483,0.12,0.2,0.11546929180622101
483,0.15,0.0,0.10780920088291168
483,0.15,0.1,0.10780920088291168
483,0.15,0.2,0.09394194185733795
484,0.0,0.0,0.08407165110111237
484,0.0,0.1,0.08407165110111237
484,0.0,0.2,0.11299336701631546
484,0.03,0.0,0.08347903937101364
484,0.03,0.1,0.08347903937101364
484,0.03,0.2,0.11296281963586807
484,0.06,0.0,0.09857480973005295
484,0.06,0.1,0.09857480973005295
484,0.06,0.2,0.11732602119445801
484,0.09,0.0,0.12402283400297165
484,0.09,0.1,0.12402283400297165
484,0.09,0.2,0.13333670794963837
484,0.12,0.0,0.13898731768131256
484,0.12,0.1,0.13898731768131256
484,0.12,0.2,0.13146249949932098
484,0.15,0.0,0.1235307827591896
484,0.15,0.1,0.1235307827591896
484,0.15,0.2,0.11442279815673828
485,0.0,0.0,0.081792913377285
485,0.0,0.1,0.081792913377285
485,0.0,0.2,0.08806364983320236
485,0.03,0.0,0.08703339099884033
485,0.03,0.1,0.08703339099884033
485,0.03,0.2,0.0833868682384491
485,0.06,0.0,0.08034932613372803
485,0.06,0.1,0.08034932613372803
485,0.06,0.2,0.08385108411312103
485,0.09,0.0,0.08867847174406052
485,0.09,0.1,0.08867847174406052
485,0.09,0.2,0.08981938660144806
485,0.12,0.0,0.08267370611429214
485,0.12,0.1,0.08267370611429214
485,0.12,0.2,0.08184493333101273
485,0.15,0.0,0.07999982684850693
485,0.15,0.1,0.07999982684850693
485,0.15,0.2,0.08698176592588425
486,0.0,0.0,0.09710396826267242
486,0.0,0.1,0.09710396826267242
486,0.0,0.2,0.10286448895931244
486,0.03,0.0,0.1052757278084755
486,0.03,0.1,0.1052757278084755
486,0.03,0.2,0.11525840312242508
486,0.06,0.0,0.13981719315052032
486,0.06,0.1,0.13981719315052032
486,0.06,0.2,0.12396875768899918
486,0.09,0.0,0.17074570059776306
486,0.09,0.1,0.17074570059776306
486,0.09,0.2,0.13949623703956604
486,0.12,0.0,0.15424150228500366
486,0.12,0.1,0.15424150228500366
486,0.12,0.2,0.11940867453813553
486,0.15,0.0,0.11785151809453964
486,0.15,0.1,0.11785151809453964
486,0.15,0.2,0.10066575556993484
487,0.0,0.0,0.08090992271900177
487,0.0,0.1,0.08090992271900177
487,0.0,0.2,0.08521214127540588
487,0.03,0.0,0.09685727208852768
487,0.03,0.1,0.09685727208852768
487,0.03,0.2,0.07782486081123352
487,0.06,0.0,0.0808873325586319
487,0.06,0.1,0.0808873325586319
487,0.06,0.2,0.08319878578186035
487,0.09,0.0,0.10832470655441284
487,0.09,0.1,0.10832470655441284
487,0.09,0.2,0.08956065773963928
487,0.12,0.0,0.07923182100057602
487,0.12,0.1,0.07923182100057602
487,0.12,0.2,0.08254173398017883
487,0.15,0.0,0.08105941116809845
487,0.15,0.1,0.08105941116809845
487,0.15,0.2,0.08296879380941391
488,0.0,0.0,0.08064550906419754
488,0.0,0.1,0.08064550906419754
488,0.0,0.2,0.1322203427553177
488,0.03,0.0,0.10306794941425323
488,0.03,0.1,0.10306794941425323
488,0.03,0.2,0.13262179493904114
488,0.06,0.0,0.12069647759199142
488,0.06,0.1,0.12069647759199142
488,0.06,0.2,0.13720616698265076
488,0.09,0.0,0.13453181087970734
488,0.09,0.1,0.13453181087970734
488,0.09,0.2,0.15155653655529022
488,0.12,0.0,0.1282680183649063
488,0.12,0.1,0.1282680183649063
488,0.12,0.2,0.14483773708343506
488,0.15,0.0,0.11225157976150513
488,0.15,0.1,0.11225157976150513
488,0.15,0.2,0.11707691103219986
489,0.0,0.0,0.09632736444473267
489,0.0,0.1,0.09632736444473267
489,0.0,0.2,0.11888007819652557
489,0.03,0.0,0.1313399374485016
489,0.03,0.1,0.1313399374485016
489,0.03,0.2,0.1268942952156067
489,0.06,0.0,0.15391047298908234
489,0.06,0.1,0.15391047298908234
489,0.06,0.2,0.11871414631605148
489,0.09,0.0,0.14721575379371643
489,0.09,0.1,0.14721575379371643
489,0.09,0.2,0.10409128665924072
489,0.12,0.0,0.14464282989501953
489,0.12,0.1,0.14464282989501953
489,0.12,0.2,0.11507666110992432
489,0.15,0.0,0.13313359022140503
489,0.15,0.1,0.13313359022140503
489,0.15,0.2,0.10667231678962708
49,0.0,0.0,0.1077762097120285
49,0.0,0.1,0.1077762097120285
49,0.0,0.2,0.15218620002269745
49,0.03,0.0,0.11092888563871384
49,0.03,0.1,0.11092888563871384
49,0.03,0.2,0.14959636330604553
49,0.06,0.0,0.14950013160705566
49,0.06,0.1,0.14950013160705566
49,0.06,0.2,0.18304385244846344
49,0.09,0.0,0.1928631067276001
49,0.09,0.1,0.1928631067276001
49,0.09,0.2,0.19375205039978027
49,0.12,0.0,0.21100017428398132
49,0.12,0.1,0.21100017428398132
49,0.12,0.2,0.18890316784381866
49,0.15,0.0,0.1888773888349533
49,0.15,0.1,0.1888773888349533
49,0.15,0.2,0.16575342416763306
490,0.0,0.0,0.09668063372373581
490,0.0,0.1,0.09668063372373581
490,0.0,0.2,0.1542339324951172
490,0.03,0.0,0.10875562578439713
490,0.03,0.1,0.10875562578439713
490,0.03,0.2,0.16782571375370026
490,0.06,0.0,0.16192269325256348
490,0.06,0.1,0.16192269325256348
490,0.06,0.2,0.18040071427822113
490,0.09,0.0,0.19712665677070618
490,0.09,0.1,0.19712665677070618
490,0.09,0.2,0.1922442764043808
490,0.12,0.0,0.1844818890094757
490,0.12,0.1,0.1844818890094757
490,0.12,0.2,0.17207811772823334
490,0.15,0.0,0.16608671844005585
490,0.15,0.1,0.16608671844005585
490,0.15,0.2,0.15174531936645508
491,0.0,0.0,0.08750186860561371
491,0.0,0.1,0.08750186860561371
491,0.0,0.2,0.12412042915821075
491,0.03,0.0,0.09866917133331299
491,0.03,0.1,0.09866917133331299
491,0.03,0.2,0.13532032072544098
491,0.06,0.0,0.11996912211179733
491,0.06,0.1,0.11996912211179733
491,0.06,0.2,0.1501242220401764
491,0.09,0.0,0.1371861696243286
491,0.09,0.1,0.1371861696243286
491,0.09,0.2,0.15015409886837006
491,0.12,0.0,0.1291385293006897
491,0.12,0.1,0.1291385293006897
491,0.12,0.2,0.13652829825878143
491,0.15,0.0,0.12606294453144073
491,0.15,0.1,0.12606294453144073
491,0.15,0.2,0.13824363052845
492,0.0,0.0,0.08731923997402191
492,0.0,0.1,0.08731923997402191
492,0.0,0.2,0.10765696316957474
492,0.03,0.0,0.08815620839595795
492,0.03,0.1,0.08815620839595795
492,0.03,0.2,0.1072748601436615
492,0.06,0.0,0.09701678156852722
492,0.06,0.1,0.09701678156852722
492,0.06,0.2,0.10966450721025467
492,0.09,0.0,0.12969478964805603
492,0.09,0.1,0.12969478964805603
492,0.09,0.2,0.1332717388868332
492,0.12,0.0,0.1102662906050682
492,0.12,0.1,0.1102662906050682
492,0.12,0.2,0.1068434938788414
492,0.15,0.0,0.10179971158504486
492,0.15,0.1,0.10179971158504486
492,0.15,0.2,0.1087505966424942
493,0.0,0.0,0.08787239342927933
493,0.0,0.1,0.08787239342927933
493,0.0,0.2,0.09093533456325531
493,0.03,0.0,0.0824369564652443
493,0.03,0.1,0.0824369564652443
493,0.03,0.2,0.12293311208486557
493,0.06,0.0,0.10312172025442123
493,0.06,0.1,0.10312172025442123
493,0.06,0.2,0.10432197898626328
493,0.09,0.0,0.10868055373430252
493,0.09,0.1,0.10868055373430252
493,0.09,0.2,0.11903831362724304
493,0.12,0.0,0.1027887687087059
493,0.12,0.1,0.1027887687087059
493,0.12,0.2,0.09433569759130478
493,0.15,0.0,0.09672246128320694
493,0.15,0.1,0.09672246128320694
493,0.15,0.2,0.10178487002849579
494,0.0,0.0,0.0929444432258606
494,0.0,0.1,0.0929444432258606
494,0.0,0.2,0.14220501482486725
494,0.03,0.0,0.10794884711503983
494,0.03,0.1,0.10794884711503983
494,0.03,0.2,0.14001241326332092
494,0.06,0.0,0.12938827276229858
494,0.06,0.1,0.12938827276229858
494,0.06,0.2,0.12169167399406433
494,0.09,0.0,0.1453516185283661
494,0.09,0.1,0.1453516185283661
494,0.09,0.2,0.12353352457284927
494,0.12,0.0,0.13978953659534454
494,0.12,0.1,0.13978953659534454
494,0.12,0.2,0.10732842981815338
494,0.15,0.0,0.10233951359987259
494,0.15,0.1,0.10233951359987259
494,0.15,0.2,0.08515757322311401
495,0.0,0.0,0.09653420746326447
495,0.0,0.1,0.09653420746326447
495,0.0,0.2,0.08485141396522522
495,0.03,0.0,0.08434835076332092
495,0.03,0.1,0.08434835076332092
495,0.03,0.2,0.08555082231760025
495,0.06,0.0,0.10452783107757568
495,0.06,0.1,0.10452783107757568
495,0.06,0.2,0.09171227365732193
495,0.09,0.0,0.10364378243684769
495,0.09,0.1,0.10364378243684769
495,0.09,0.2,0.09005430340766907
495,0.12,0.0,0.07919137924909592
495,0.12,0.1,0.07919137924909592
495,0.12,0.2,0.10466572642326355
495,0.15,0.0,0.10313434898853302
495,0.15,0.1,0.10313434898853302
495,0.15,0.2,0.1159321591258049
496,0.0,0.0,0.08010755479335785
496,0.0,0.1,0.08010755479335785
496,0.0,0.2,0.10381902754306793
496,0.03,0.0,0.09234372526407242
496,0.03,0.1,0.09234372526407242
496,0.03,0.2,0.11455020308494568
496,0.06,0.0,0.10869387537240982
496,0.06,0.1,0.10869387537240982
496,0.06,0.2,0.12922005355358124
496,0.09,0.0,0.11223750561475754
496,0.09,0.1,0.11223750561475754
496,0.09,0.2,0.13140444457530975
496,0.12,0.0,0.11546818166971207
496,0.12,0.1,0.11546818166971207
496,0.12,0.2,0.11878804862499237
496,0.15,0.0,0.11056207865476608
496,0.15,0.1,0.11056207865476608
496,0.15,0.2,0.11934266239404678
497,0.0,0.0,0.07872285693883896
497,0.0,0.1,0.07872285693883896
497,0.0,0.2,0.08030366152524948
497,0.03,0.0,0.08396603912115097
497,0.03,0.1,0.08396603912115097
497,0.03,0.2,0.0879642590880394
497,0.06,0.0,0.08199337124824524
497,0.06,0.1,0.08199337124824524
497,0.06,0.2,0.0893125981092453
497,0.09,0.0,0.08222676813602448
497,0.09,0.1,0.08222676813602448
497,0.09,0.2,0.08856997638940811
497,0.12,0.0,0.08561450988054276
497,0.12,0.1,0.08561450988054276
497,0.12,0.2,0.08426148444414139
497,0.15,0.0,0.07631658017635345
497,0.15,0.1,0.07631658017635345
497,0.15,0.2,0.08316817879676819
498,0.0,0.0,0.11878309398889542
498,0.0,0.1,0.11878309398889542
498,0.0,0.2,0.1503067910671234
498,0.03,0.0,0.11369927227497101
498,0.03,0.1,0.11369927227497101
498,0.03,0.2,0.14257511496543884
498,0.06,0.0,0.12222180515527725
498,0.06,0.1,0.12222180515527725
498,0.06,0.2,0.15188872814178467
498,0.09,0.0,0.14755749702453613
498,0.09,0.1,0.14755749702453613
498,0.09,0.2,0.1630191057920456
498,0.12,0.0,0.16370195150375366
498,0.12,0.1,0.16370195150375366
498,0.12,0.2,0.17162272334098816
498,0.15,0.0,0.15827108919620514
498,0.15,0.1,0.15827108919620514
498,0.15,0.2,0.16096505522727966
499,0.0,0.0,0.07980746030807495
499,0.0,0.1,0.07980746030807495
499,0.0,0.2,0.08569050580263138
499,0.03,0.0,0.08757947385311127
499,0.03,0.1,0.08757947385311127
499,0.03,0.2,0.07616892457008362
499,0.06,0.0,0.08132001757621765
499,0.06,0.1,0.08132001757621765
499,0.06,0.2,0.08671464025974274
499,0.09,0.0,0.0999111607670784
499,0.09,0.1,0.0999111607670784
499,0.09,0.2,0.08645538240671158
499,0.12,0.0,0.09270606935024261
499,0.12,0.1,0.09270606935024261
499,0.12,0.2,0.08781971782445908
499,0.15,0.0,0.08404824882745743
499,0.15,0.1,0.08404824882745743
499,0.15,0.2,0.08784614503383636
5,0.0,0.0,0.09114077687263489
5,0.0,0.1,0.09114077687263489
5,0.0,0.2,0.1031976267695427
5,0.03,0.0,0.08456849306821823
5,0.03,0.1,0.08456849306821823
5,0.03,0.2,0.09428945928812027
5,0.06,0.0,0.10390586405992508
5,0.06,0.1,0.10390586405992508
5,0.06,0.2,0.08892998099327087
5,0.09,0.0,0.0858563557267189
5,0.09,0.1,0.0858563557267189
5,0.09,0.2,0.09754595905542374
5,0.12,0.0,0.08823375403881073
5,0.12,0.1,0.08823375403881073
5,0.12,0.2,0.08874799311161041
5,0.15,0.0,0.0837053433060646
5,0.15,0.1,0.0837053433060646
5,0.15,0.2,0.08377034962177277
50,0.0,0.0,0.09650285542011261
50,0.0,0.1,0.09650285542011261
50,0.0,0.2,0.1185990646481514
50,0.03,0.0,0.09284447133541107
50,0.03,0.1,0.09284447133541107
50,0.03,0.2,0.13423305749893188
50,0.06,0.0,0.12115351855754852
50,0.06,0.1,0.12115351855754852
50,0.06,0.2,0.15018759667873383
50,0.09,0.0,0.15251822769641876
50,0.09,0.1,0.15251822769641876
50,0.09,0.2,0.15893813967704773
50,0.12,0.0,0.17737294733524323
50,0.12,0.1,0.17737294733524323
50,0.12,0.2,0.16997456550598145
50,0.15,0.0,0.17323662340641022
50,0.15,0.1,0.17323662340641022
50,0.15,0.2,0.1557220220565796
500,0.0,0.0,0.08850835263729095
500,0.0,0.1,0.08850835263729095
500,0.0,0.2,0.10114168375730515
500,0.03,0.0,0.08009456098079681
500,0.03,0.1,0.08009456098079681
500,0.03,0.2,0.08893771469593048
500,0.06,0.0,0.08289384096860886
500,0.06,0.1,0.08289384096860886
500,0.06,0.2,0.09182513505220413
500,0.09,0.0,0.08331912755966187
500,0.09,0.1,0.08331912755966187
500,0.09,0.2,0.10049737244844437
500,0.12,0.0,0.08382921665906906
500,0.12,0.1,0.08382921665906906
500,0.12,0.2,0.09698037803173065
500,0.15,0.0,0.08113721013069153
500,0.15,0.1,0.08113721013069153
500,0.15,0.2,0.09971190989017487
501,0.0,0.0,0.07537073642015457
501,0.0,0.1,0.07537073642015457
501,0.0,0.2,0.07904597371816635
501,0.03,0.0,0.08591047674417496
501,0.03,0.1,0.08591047674417496
501,0.03,0.2,0.07890626788139343
501,0.06,0.0,0.08171113580465317
501,0.06,0.1,0.08171113580465317
501,0.06,0.2,0.08096332103013992
501,0.09,0.0,0.08024083822965622
501,0.09,0.1,0.08024083822965622
501,0.09,0.2,0.08451497554779053
501,0.12,0.0,0.08116867393255234
501,0.12,0.1,0.08116867393255234
501,0.12,0.2,0.08477722853422165
501,0.15,0.0,0.08608116954565048
501,0.15,0.1,0.08608116954565048
501,0.15,0.2,0.07984424382448196
502,0.0,0.0,0.09008446335792542
502,0.0,0.1,0.09008446335792542
502,0.0,0.2,0.10824308544397354
502,0.03,0.0,0.1359848976135254
502,0.03,0.1,0.1359848976135254
502,0.03,0.2,0.11763768643140793
502,0.06,0.0,0.16146455705165863
502,0.06,0.1,0.16146455705165863
502,0.06,0.2,0.10695826262235641
502,0.09,0.0,0.14082884788513184
502,0.09,0.1,0.14082884788513184
502,0.09,0.2,0.09840872883796692
502,0.12,0.0,0.12317609786987305
502,0.12,0.1,0.12317609786987305
502,0.12,0.2,0.11343181878328323
502,0.15,0.0,0.12272646278142929
502,0.15,0.1,0.12272646278142929
502,0.15,0.2,0.11178918182849884
503,0.0,0.0,0.08404584974050522
503,0.0,0.1,0.08404584974050522
503,0.0,0.2,0.09931804984807968
503,0.03,0.0,0.09075655043125153
503,0.03,0.1,0.09075655043125153
503,0.03,0.2,0.10341136902570724
503,0.06,0.0,0.08793525397777557
503,0.06,0.1,0.08793525397777557
503,0.06,0.2,0.10284001380205154
503,0.09,0.0,0.09302158653736115
503,0.09,0.1,0.09302158653736115
503,0.09,0.2,0.10640808939933777
503,0.12,0.0,0.1013375073671341
503,0.12,0.1,0.1013375073671341
503,0.12,0.2,0.09397836029529572
503,0.15,0.0,0.08713934570550919
503,0.15,0.1,0.08713934570550919
503,0.15,0.2,0.0905645340681076
504,0.0,0.0,0.09354917705059052
504,0.0,0.1,0.09354917705059052
504,0.0,0.2,0.08782131969928741
504,0.03,0.0,0.08573711663484573
504,0.03,0.1,0.08573711663484573
504,0.03,0.2,0.08647716790437698
504,0.06,0.0,0.10088100284337997
504,0.06,0.1,0.10088100284337997
504,0.06,0.2,0.08969349414110184
504,0.09,0.0,0.09059293568134308
504,0.09,0.1,0.09059293568134308
504,0.09,0.2,0.08197874575853348
504,0.12,0.0,0.09261520206928253
504,0.12,0.1,0.09261520206928253
504,0.12,0.2,0.08356162160634995
504,0.15,0.0,0.08859914541244507
504,0.15,0.1,0.08859914541244507
504,0.15,0.2,0.0936211571097374
505,0.0,0.0,0.0857265517115593
505,0.0,0.1,0.0857265517115593
505,0.0,0.2,0.11674602329730988
505,0.03,0.0,0.09561511129140854
505,0.03,0.1,0.09561511129140854
505,0.03,0.2,0.13368652760982513
505,0.06,0.0,0.10820090770721436
505,0.06,0.1,0.10820090770721436
505,0.06,0.2,0.12535594403743744
505,0.09,0.0,0.13090182840824127
505,0.09,0.1,0.13090182840824127
505,0.09,0.2,0.1275932788848877
505,0.12,0.0,0.13217072188854218
505,0.12,0.1,0.13217072188854218
505,0.12,0.2,0.12250502407550812
505,0.15,0.0,0.11925867199897766
505,0.15,0.1,0.11925867199897766
505,0.15,0.2,0.10705164074897766
506,0.0,0.0,0.13218097388744354
506,0.0,0.1,0.13218097388744354
506,0.0,0.2,0.16887983679771423
506,0.03,0.0,0.14439062774181366
506,0.03,0.1,0.14439062774181366
506,0.03,0.2,0.16878613829612732
506,0.06,0.0,0.160954549908638
506,0.06,0.1,0.160954549908638
506,0.06,0.2,0.15067829191684723
506,0.09,0.0,0.15666069090366364
506,0.09,0.1,0.15666069090366364
506,0.09,0.2,0.12866918742656708
506,0.12,0.0,0.1481339931488037
506,0.12,0.1,0.1481339931488037
506,0.12,0.2,0.12137541174888611
506,0.15,0.0,0.11644198000431061
506,0.15,0.1,0.11644198000431061
506,0.15,0.2,0.12161452323198318
507,0.0,0.0,0.09759237617254257
507,0.0,0.1,0.09759237617254257
507,0.0,0.2,0.14353397488594055
507,0.03,0.0,0.09391894191503525
507,0.03,0.1,0.09391894191503525
507,0.03,0.2,0.11574683338403702
507,0.06,0.0,0.1061178594827652
507,0.06,0.1,0.1061178594827652
507,0.06,0.2,0.10886064171791077
507,0.09,0.0,0.15320618450641632
507,0.09,0.1,0.15320618450641632
507,0.09,0.2,0.1776910126209259
507,0.12,0.0,0.13366203010082245
507,0.12,0.1,0.13366203010082245
507,0.12,0.2,0.1443990170955658
507,0.15,0.0,0.11090665310621262
507,0.15,0.1,0.11090665310621262
507,0.15,0.2,0.11902055889368057
508,0.0,0.0,0.07919643074274063
508,0.0,0.1,0.07919643074274063
508,0.0,0.2,0.10408122837543488
508,0.03,0.0,0.10017954558134079
508,0.03,0.1,0.10017954558134079
508,0.03,0.2,0.1289610117673874
508,0.06,0.0,0.1369415819644928
508,0.06,0.1,0.1369415819644928
508,0.06,0.2,0.1483730524778366
508,0.09,0.0,0.11976005882024765
508,0.09,0.1,0.11976005882024765
508,0.09,0.2,0.1301867514848709
508,0.12,0.0,0.12544980645179749
508,0.12,0.1,0.12544980645179749
508,0.12,0.2,0.14191129803657532
508,0.15,0.0,0.12213895469903946
508,0.15,0.1,0.12213895469903946
508,0.15,0.2,0.12389253079891205
509,0.0,0.0,0.10148090869188309
509,0.0,0.1,0.10148090869188309
509,0.0,0.2,0.10880020260810852
509,0.03,0.0,0.08302798122167587
509,0.03,0.1,0.08302798122167587
509,0.03,0.2,0.12555456161499023
509,0.06,0.0,0.10638022422790527
509,0.06,0.1,0.10638022422790527
509,0.06,0.2,0.13814428448677063
509,0.09,0.0,0.14567215740680695
509,0.09,0.1,0.14567215740680695
509,0.09,0.2,0.1537858545780182
509,0.12,0.0,0.1578848958015442
509,0.12,0.1,0.1578848958015442
509,0.12,0.2,0.15489141643047333
509,0.15,0.0,0.14310018718242645
509,0.15,0.1,0.14310018718242645
509,0.15,0.2,0.1380062997341156
51,0.0,0.0,0.09638774394989014
51,0.0,0.1,0.09638774394989014
51,0.0,0.2,0.127364844083786
51,0.03,0.0,0.09390519559383392
51,0.03,0.1,0.09390519559383392
51,0.03,0.2,0.14261093735694885
51,0.06,0.0,0.1350158154964447
51,0.06,0.1,0.1350158154964447
51,0.06,0.2,0.16186298429965973
51,0.09,0.0,0.17217989265918732
51,0.09,0.1,0.17217989265918732
51,0.09,0.2,0.16104687750339508
51,0.12,0.0,0.19356893002986908
51,0.12,0.1,0.19356893002986908
51,0.12,0.2,0.16265137493610382
51,0.15,0.0,0.19148345291614532
51,0.15,0.1,0.19148345291614532
51,0.15,0.2,0.15870721638202667
510,0.0,0.0,0.07956743985414505
510,0.0,0.1,0.07956743985414505
510,0.0,0.2,0.08502998948097229
510,0.03,0.0,0.08207812905311584
510,0.03,0.1,0.08207812905311584
510,0.03,0.2,0.09011171758174896
510,0.06,0.0,0.10393639653921127
510,0.06,0.1,0.10393639653921127
510,0.06,0.2,0.09463836252689362
510,0.09,0.0,0.10491374135017395
510,0.09,0.1,0.10491374135017395
510,0.09,0.2,0.09624035656452179
510,0.12,0.0,0.10434845834970474
510,0.12,0.1,0.10434845834970474
510,0.12,0.2,0.10338199138641357
510,0.15,0.0,0.08662910014390945
510,0.15,0.1,0.08662910014390945
510,0.15,0.2,0.09393777698278427
511,0.0,0.0,0.08200783282518387
511,0.0,0.1,0.08200783282518387
511,0.0,0.2,0.14553308486938477
511,0.03,0.0,0.11034653335809708
511,0.03,0.1,0.11034653335809708
511,0.03,0.2,0.16652490198612213
511,0.06,0.0,0.11955393850803375
511,0.06,0.1,0.11955393850803375
511,0.06,0.2,0.15734975039958954
511,0.09,0.0,0.16419127583503723
511,0.09,0.1,0.16419127583503723
511,0.09,0.2,0.172981858253479
511,0.12,0.0,0.16315622627735138
511,0.12,0.1,0.16315622627735138
511,0.12,0.2,0.15527355670928955
511,0.15,0.0,0.13408854603767395
511,0.15,0.1,0.13408854603767395
511,0.15,0.2,0.1372791826725006
512,0.0,0.0,0.08427706360816956
512,0.0,0.1,0.08427706360816956
512,0.0,0.2,0.087969571352005
512,0.03,0.0,0.08558483421802521
512,0.03,0.1,0.08558483421802521
512,0.03,0.2,0.08474723994731903
512,0.06,0.0,0.09052660316228867
512,0.06,0.1,0.09052660316228867
512,0.06,0.2,0.0923367291688919
512,0.09,0.0,0.08581675589084625
512,0.09,0.1,0.08581675589084625
512,0.09,0.2,0.08395245671272278
512,0.12,0.0,0.08605340868234634
512,0.12,0.1,0.08605340868234634
512,0.12,0.2,0.10113399475812912
512,0.15,0.0,0.08897038549184799
512,0.15,0.1,0.08897038549184799
512,0.15,0.2,0.09032143652439117
513,0.0,0.0,0.08079507946968079
513,0.0,0.1,0.08079507946968079
513,0.0,0.2,0.08850964158773422
513,0.03,0.0,0.08381210267543793
513,0.03,0.1,0.08381210267543793
513,0.03,0.2,0.09548099339008331
513,0.06,0.0,0.08901071548461914
513,0.06,0.1,0.08901071548461914
513,0.06,0.2,0.0871381163597107
513,0.09,0.0,0.0763203352689743
513,0.09,0.1,0.0763203352689743
513,0.09,0.2,0.08256654441356659
513,0.12,0.0,0.0972650945186615
513,0.12,0.1,0.0972650945186615
513,0.12,0.2,0.08886222541332245
513,0.15,0.0,0.09386885911226273
513,0.15,0.1,0.09386885911226273
513,0.15,0.2,0.09359990805387497
52,0.0,0.0,0.0874009057879448
52,0.0,0.1,0.0874009057879448
52,0.0,0.2,0.09244928508996964
52,0.03,0.0,0.09015636891126633
52,0.03,0.1,0.09015636891126633
52,0.03,0.2,0.08393462002277374
52,0.06,0.0,0.08626817166805267
52,0.06,0.1,0.08626817166805267
52,0.06,0.2,0.08661787211894989
52,0.09,0.0,0.09199196845293045
52,0.09,0.1,0.09199196845293045
52,0.09,0.2,0.08879833668470383
52,0.12,0.0,0.08912942558526993
52,0.12,0.1,0.08912942558526993
52,0.12,0.2,0.08941730111837387
52,0.15,0.0,0.0977819412946701
52,0.15,0.1,0.0977819412946701
52,0.15,0.2,0.09505219012498856
53,0.0,0.0,0.10334499925374985
53,0.0,0.1,0.10334499925374985
53,0.0,0.2,0.12120454758405685
53,0.03,0.0,0.09813258796930313
53,0.03,0.1,0.09813258796930313
53,0.03,0.2,0.1236235573887825
53,0.06,0.0,0.12420757114887238
53,0.06,0.1,0.12420757114887238
53,0.06,0.2,0.12679287791252136
53,0.09,0.0,0.1565869152545929
53,0.09,0.1,0.1565869152545929
53,0.09,0.2,0.1532096117734909
53,0.12,0.0,0.1609615981578827
53,0.12,0.1,0.1609615981578827
53,0.12,0.2,0.15262584388256073
53,0.15,0.0,0.13086311519145966
53,0.15,0.1,0.13086311519145966
53,0.15,0.2,0.1274901032447815
54,0.0,0.0,0.08587006479501724
54,0.0,0.1,0.08587006479501724
54,0.0,0.2,0.08890052884817123
54,0.03,0.0,0.0879821851849556
54,0.03,0.1,0.0879821851849556
54,0.03,0.2,0.09708189964294434
54,0.06,0.0,0.08527649194002151
54,0.06,0.1,0.08527649194002151
54,0.06,0.2,0.09114573150873184
54,0.09,0.0,0.08890063315629959
54,0.09,0.1,0.08890063315629959
54,0.09,0.2,0.08880463242530823
54,0.12,0.0,0.08649327605962753
54,0.12,0.1,0.08649327605962753
54,0.12,0.2,0.08608933538198471
54,0.15,0.0,0.08447342365980148
54,0.15,0.1,0.08447342365980148
54,0.15,0.2,0.08916039019823074
55,0.0,0.0,0.08143769204616547
55,0.0,0.1,0.08143769204616547
55,0.0,0.2,0.1353330761194229
55,0.03,0.0,0.09069651365280151
55,0.03,0.1,0.09069651365280151
55,0.03,0.2,0.16183988749980927
55,0.06,0.0,0.12039244174957275
55,0.06,0.1,0.12039244174957275
55,0.06,0.2,0.16159376502037048
55,0.09,0.0,0.20177172124385834
55,0.09,0.1,0.20177172124385834
55,0.09,0.2,0.17622576653957367
55,0.12,0.0,0.2536642849445343
55,0.12,0.1,0.2536642849445343
55,0.12,0.2,0.18540021777153015
55,0.15,0.0,0.21609827876091003
55,0.15,0.1,0.21609827876091003
55,0.15,0.2,0.1496775895357132
56,0.0,0.0,0.08056025207042694
56,0.0,0.1,0.08056025207042694
56,0.0,0.2,0.17235802114009857
56,0.03,0.0,0.12089148908853531
56,0.03,0.1,0.12089148908853531
56,0.03,0.2,0.20824594795703888
56,0.06,0.0,0.1995738446712494
56,0.06,0.1,0.1995738446712494
56,0.06,0.2,0.23405957221984863
56,0.09,0.0,0.2715626060962677
56,0.09,0.1,0.2715626060962677
56,0.09,0.2,0.254197359085083
56,0.12,0.0,0.27314862608909607
56,0.12,0.1,0.27314862608909607
56,0.12,0.2,0.24032287299633026
56,0.15,0.0,0.25106945633888245
56,0.15,0.1,0.25106945633888245
56,0.15,0.2,0.21636909246444702
57,0.0,0.0,0.0907708927989006
57,0.0,0.1,0.0907708927989006
57,0.0,0.2,0.137870654463768
57,0.03,0.0,0.1025390774011612
57,0.03,0.1,0.1025390774011612
57,0.03,0.2,0.1560548096895218
57,0.06,0.0,0.13604193925857544
57,0.06,0.1,0.13604193925857544
57,0.06,0.2,0.18420593440532684
57,0.09,0.0,0.17497758567333221
57,0.09,0.1,0.17497758567333221
57,0.09,0.2,0.2035687416791916
57,0.12,0.0,0.18700666725635529
57,0.12,0.1,0.18700666725635529
57,0.12,0.2,0.20069877803325653
57,0.15,0.0,0.1963105946779251
57,0.15,0.1,0.1963105946779251
57,0.15,0.2,0.197934091091156
58,0.0,0.0,0.07860209047794342
58,0.0,0.1,0.07860209047794342
58,0.0,0.2,0.0968313068151474
58,0.03,0.0,0.08945547044277191
58,0.03,0.1,0.08945547044277191
58,0.03,0.2,0.11546750366687775
58,0.06,0.0,0.10665016621351242
58,0.06,0.1,0.10665016621351242
58,0.06,0.2,0.1388508677482605
58,0.09,0.0,0.14304719865322113
58,0.09,0.1,0.14304719865322113
58,0.09,0.2,0.15901362895965576
58,0.12,0.0,0.14769190549850464
58,0.12,0.1,0.14769190549850464
58,0.12,0.2,0.15788516402244568
58,0.15,0.0,0.13235130906105042
58,0.15,0.1,0.13235130906105042
58,0.15,0.2,0.13772940635681152
59,0.0,0.0,0.08156520873308182
59,0.0,0.1,0.08156520873308182
59,0.0,0.2,0.11587899923324585
59,0.03,0.0,0.09900043904781342
59,0.03,0.1,0.09900043904781342
59,0.03,0.2,0.12579789757728577
59,0.06,0.0,0.126631498336792
59,0.06,0.1,0.126631498336792
59,0.06,0.2,0.13385117053985596
59,0.09,0.0,0.14547136425971985
59,0.09,0.1,0.14547136425971985
59,0.09,0.2,0.15852728486061096
59,0.12,0.0,0.1378493309020996
59,0.12,0.1,0.1378493309020996
59,0.12,0.2,0.14850865304470062
59,0.15,0.0,0.13470730185508728
59,0.15,0.1,0.13470730185508728
59,0.15,0.2,0.143644317984581
6,0.0,0.0,0.09346094727516174
6,0.0,0.1,0.09346094727516174
6,0.0,0.2,0.09522855281829834
6,0.03,0.0,0.08919606357812881
6,0.03,0.1,0.08919606357812881
6,0.03,0.2,0.12003558874130249
6,0.06,0.0,0.09760700166225433
6,0.06,0.1,0.09760700166225433
6,0.06,0.2,0.14982588589191437
6,0.09,0.0,0.13635055720806122
6,0.09,0.1,0.13635055720806122
6,0.09,0.2,0.1632898598909378
6,0.12,0.0,0.15700273215770721
6,0.12,0.1,0.15700273215770721
6,0.12,0.2,0.14713257551193237
6,0.15,0.0,0.1726749837398529
6,0.15,0.1,0.1726749837398529
6,0.15,0.2,0.15063783526420593
60,0.0,0.0,0.08960947394371033
60,0.0,0.1,0.08960947394371033
60,0.0,0.2,0.10339543968439102
60,0.03,0.0,0.09399127215147018
60,0.03,0.1,0.09399127215147018
60,0.03,0.2,0.09011659026145935
60,0.06,0.0,0.11532172560691833
60,0.06,0.1,0.11532172560691833
60,0.06,0.2,0.11477160453796387
60,0.09,0.0,0.1336132436990738
60,0.09,0.1,0.1336132436990738
60,0.09,0.2,0.11301559954881668
60,0.12,0.0,0.12200964987277985
60,0.12,0.1,0.12200964987277985
60,0.12,0.2,0.10456088185310364
60,0.15,0.0,0.12090779095888138
60,0.15,0.1,0.12090779095888138
60,0.15,0.2,0.10679399967193604
61,0.0,0.0,0.08801750093698502
61,0.0,0.1,0.08801750093698502
61,0.0,0.2,0.08784818649291992
61,0.03,0.0,0.08978293836116791
61,0.03,0.1,0.08978293836116791
61,0.03,0.2,0.07807724922895432
61,0.06,0.0,0.09419160336256027
61,0.06,0.1,0.09419160336256027
61,0.06,0.2,0.10014168173074722
61,0.09,0.0,0.0756932944059372
61,0.09,0.1,0.0756932944059372
61,0.09,0.2,0.08250942826271057
61,0.12,0.0,0.08978968858718872
61,0.12,0.1,0.08978968858718872
61,0.12,0.2,0.10114957392215729
61,0.15,0.0,0.09618281573057175
61,0.15,0.1,0.09618281573057175
61,0.15,0.2,0.08912570029497147
62,0.0,0.0,0.094901442527771
62,0.0,0.1,0.094901442527771
62,0.0,0.2,0.19253140687942505
62,0.03,0.0,0.14427083730697632
62,0.03,0.1,0.14427083730697632
62,0.03,0.2,0.22196033596992493
62,0.06,0.0,0.20312362909317017
62,0.06,0.1,0.20312362909317017
62,0.06,0.2,0.24081149697303772
62,0.09,0.0,0.2480863332748413
62,0.09,0.1,0.2480863332748413
62,0.09,0.2,0.24683378636837006
62,0.12,0.0,0.2773924767971039
62,0.12,0.1,0.2773924767971039
62,0.12,0.2,0.25138193368911743
62,0.15,0.0,0.26882120966911316
62,0.15,0.1,0.26882120966911316
62,0.15,0.2,0.2341073453426361
63,0.0,0.0,0.08555757999420166
63,0.0,0.1,0.08555757999420166
63,0.0,0.2,0.11690428853034973
63,0.03,0.0,0.08530797809362411
63,0.03,0.1,0.08530797809362411
63,0.03,0.2,0.13417620956897736
63,0.06,0.0,0.12317251414060593
63,0.06,0.1,0.12317251414060593
63,0.06,0.2,0.15771831572055817
63,0.09,0.0,0.15489430725574493
63,0.09,0.1,0.15489430725574493
63,0.09,0.2,0.17009364068508148
63,0.12,0.0,0.17373965680599213
63,0.12,0.1,0.17373965680599213
63,0.12,0.2,0.16947944462299347
63,0.15,0.0,0.17929533123970032
63,0.15,0.1,0.17929533123970032
63,0.15,0.2,0.1627379059791565
64,0.0,0.0,0.07653205841779709
64,0.0,0.1,0.07653205841779709
64,0.0,0.2,0.08424455672502518
64,0.03,0.0,0.09248196333646774
64,0.03,0.1,0.09248196333646774
64,0.03,0.2,0.10221607238054276
64,0.06,0.0,0.10091246664524078
64,0.06,0.1,0.10091246664524078
64,0.06,0.2,0.12166804820299149
64,0.09,0.0,0.11832927912473679
64,0.09,0.1,0.11832927912473679
64,0.09,0.2,0.14323173463344574
64,0.12,0.0,0.15498308837413788
64,0.12,0.1,0.15498308837413788
64,0.12,0.2,0.15846426784992218
64,0.15,0.0,0.1644880622625351
64,0.15,0.1,0.1644880622625351
64,0.15,0.2,0.15091443061828613
65,0.0,0.0,0.08353013545274734
65,0.0,0.1,0.08353013545274734
65,0.0,0.2,0.08327944576740265
65,0.03,0.0,0.07616505026817322
65,0.03,0.1,0.07616505026817322
65,0.03,0.2,0.08490492403507233
65,0.06,0.0,0.08806100487709045
65,0.06,0.1,0.08806100487709045
65,0.06,0.2,0.08680780231952667
65,0.09,0.0,0.0815010592341423
65,0.09,0.1,0.0815010592341423
65,0.09,0.2,0.08979447931051254
65,0.12,0.0,0.08199352771043777
65,0.12,0.1,0.08199352771043777
65,0.12,0.2,0.07918474823236465
65,0.15,0.0,0.10084443539381027
65,0.15,0.1,0.10084443539381027
65,0.15,0.2,0.09740510582923889
66,0.0,0.0,0.09742788225412369
66,0.0,0.1,0.09742788225412369
66,0.0,0.2,0.16856077313423157
66,0.03,0.0,0.1557106226682663
66,0.03,0.1,0.1557106226682663
66,0.03,0.2,0.16878916323184967
66,0.06,0.0,0.23053176701068878
66,0.06,0.1,0.23053176701068878
66,0.06,0.2,0.1709522306919098
66,0.09,0.0,0.24132779240608215
66,0.09,0.1,0.24132779240608215
66,0.09,0.2,0.13955555856227875
66,0.12,0.0,0.20139139890670776
66,0.12,0.1,0.20139139890670776
66,0.12,0.2,0.11711474508047104
66,0.15,0.0,0.13272656500339508
66,0.15,0.1,0.13272656500339508
66,0.15,0.2,0.08979009091854095
67,0.0,0.0,0.088150255382061
67,0.0,0.1,0.088150255382061
67,0.0,0.2,0.14949961006641388
67,0.03,0.0,0.09363827109336853
67,0.03,0.1,0.09363827109336853
67,0.03,0.2,0.1896139681339264
67,0.06,0.0,0.1424928456544876
67,0.06,0.1,0.1424928456544876
67,0.06,0.2,0.22437261044979095
67,0.09,0.0,0.2047737091779709
67,0.09,0.1,0.2047737091779709
67,0.09,0.2,0.24035707116127014
67,0.12,0.0,0.2591218650341034
67,0.12,0.1,0.2591218650341034
67,0.12,0.2,0.25210705399513245
67,0.15,0.0,0.27888917922973633
67,0.15,0.1,0.27888917922973633
67,0.15,0.2,0.24295063316822052
68,0.0,0.0,0.08636195212602615
68,0.0,0.1,0.08636195212602615
68,0.0,0.2,0.13526375591754913
68,0.03,0.0,0.09190577268600464
68,0.03,0.1,0.09190577268600464
68,0.03,0.2,0.15938512980937958
68,0.06,0.0,0.13314636051654816
68,0.06,0.1,0.13314636051654816
68,0.06,0.2,0.18123537302017212
68,0.09,0.0,0.1845605969429016
68,0.09,0.1,0.1845605969429016
68,0.09,0.2,0.18664585053920746
68,0.12,0.0,0.1995188295841217
68,0.12,0.1,0.1995188295841217
68,0.12,0.2,0.17071014642715454
68,0.15,0.0,0.18797416985034943
68,0.15,0.1,0.18797416985034943
68,0.15,0.2,0.14537709951400757
69,0.0,0.0,0.10208773612976074
69,0.0,0.1,0.10208773612976074
69,0.0,0.2,0.11234579235315323
69,0.03,0.0,0.08438951522111893
69,0.03,0.1,0.08438951522111893
69,0.03,0.2,0.11483905464410782
69,0.06,0.0,0.09597952663898468
69,0.06,0.1,0.09597952663898468
69,0.06,0.2,0.12256084382534027
69,0.09,0.0,0.1162104457616806
69,0.09,0.1,0.1162104457616806
69,0.09,0.2,0.1084262952208519
69,0.12,0.0,0.1341901570558548
69,0.12,0.1,0.1341901570558548
69,0.12,0.2,0.11317124217748642
69,0.15,0.0,0.13988327980041504
69,0.15,0.1,0.13988327980041504
69,0.15,0.2,0.11012310534715652
7,0.0,0.0,0.13071174919605255
7,0.0,0.1,0.13071174919605255
7,0.0,0.2,0.13339756429195404
7,0.03,0.0,0.13017918169498444
7,0.03,0.1,0.13017918169498444
7,0.03,0.2,0.12593716382980347
7,0.06,0.0,0.10968928039073944
7,0.06,0.1,0.10968928039073944
7,0.06,0.2,0.11267349869012833
7,0.09,0.0,0.10889054089784622
7,0.09,0.1,0.10889054089784622
7,0.09,0.2,0.12285661697387695
7,0.12,0.0,0.09906797856092453
7,0.12,0.1,0.09906797856092453
7,0.12,0.2,0.0966489240527153
7,0.15,0.0,0.10117616504430771
7,0.15,0.1,0.10117616504430771
7,0.15,0.2,0.0899541974067688
70,0.0,0.0,0.08460941165685654
70,0.0,0.1,0.08460941165685654
70,0.0,0.2,0.14269424974918365
70,0.03,0.0,0.08973478525876999
70,0.03,0.1,0.08973478525876999
70,0.03,0.2,0.1693631410598755
70,0.06,0.0,0.1291656345129013
70,0.06,0.1,0.1291656345129013
70,0.06,0.2,0.18938030302524567
70,0.09,0.0,0.1768641322851181
70,0.09,0.1,0.1768641322851181
70,0.09,0.2,0.20913752913475037
70,0.12,0.0,0.21706852316856384
70,0.12,0.1,0.21706852316856384
70,0.12,0.2,0.22611230611801147
70,0.15,0.0,0.2218717783689499
70,0.15,0.1,0.2218717783689499
70,0.15,0.2,0.2121475487947464
71,0.0,0.0,0.08192003518342972
71,0.0,0.1,0.08192003518342972
71,0.0,0.2,0.09661712497472763
71,0.03,0.0,0.08943715691566467
71,0.03,0.1,0.08943715691566467
71,0.03,0.2,0.12965092062950134
71,0.06,0.0,0.09754205495119095
71,0.06,0.1,0.09754205495119095
71,0.06,0.2,0.15570133924484253
71,0.09,0.0,0.143825963139534
71,0.09,0.1,0.143825963139534
71,0.09,0.2,0.15993300080299377
71,0.12,0.0,0.19161346554756165
71,0.12,0.1,0.19161346554756165
71,0.12,0.2,0.1780654639005661
71,0.15,0.0,0.18372219800949097
71,0.15,0.1,0.18372219800949097
71,0.15,0.2,0.16361960768699646
72,0.0,0.0,0.08313107490539551
72,0.0,0.1,0.08313107490539551
72,0.0,0.2,0.08737727254629135
72,0.03,0.0,0.08166048675775528
72,0.03,0.1,0.08166048675775528
72,0.03,0.2,0.08220343291759491
72,0.06,0.0,0.1164609044790268
72,0.06,0.1,0.1164609044790268
72,0.06,0.2,0.10232087969779968
72,0.09,0.0,0.09021008759737015
72,0.09,0.1,0.09021008759737015
72,0.09,0.2,0.09886816889047623
72,0.12,0.0,0.10243126004934311
72,0.12,0.1,0.10243126004934311
72,0.12,0.2,0.09942038357257843
72,0.15,0.0,0.09305089712142944
72,0.15,0.1,0.09305089712142944
72,0.15,0.2,0.08566025644540787
73,0.0,0.0,0.08323758095502853
73,0.0,0.1,0.08323758095502853
73,0.0,0.2,0.11171818524599075
73,0.03,0.0,0.1070057600736618
73,0.03,0.1,0.1070057600736618
73,0.03,0.2,0.10180063545703888
73,0.06,0.0,0.15703631937503815
73,0.06,0.1,0.15703631937503815
73,0.06,0.2,0.10118955373764038
73,0.09,0.0,0.18392449617385864
73,0.09,0.1,0.18392449617385864
73,0.09,0.2,0.11579818278551102
73,0.12,0.0,0.1422940343618393
73,0.12,0.1,0.1422940343618393
73,0.12,0.2,0.09348928928375244
73,0.15,0.0,0.09458386152982712
73,0.15,0.1,0.09458386152982712
73,0.15,0.2,0.10314037650823593
74,0.0,0.0,0.08587297797203064
74,0.0,0.1,0.08587297797203064
74,0.0,0.2,0.11877982318401337
74,0.03,0.0,0.10923249274492264
74,0.03,0.1,0.10923249274492264
74,0.03,0.2,0.14386476576328278
74,0.06,0.0,0.11887335777282715
74,0.06,0.1,0.11887335777282715
74,0.06,0.2,0.1501024067401886
74,0.09,0.0,0.15633611381053925
74,0.09,0.1,0.15633611381053925
74,0.09,0.2,0.16315367817878723
74,0.12,0.0,0.19160598516464233
74,0.12,0.1,0.19160598516464233
74,0.12,0.2,0.18466782569885254
74,0.15,0.0,0.17351138591766357
74,0.15,0.1,0.17351138591766357
74,0.15,0.2,0.15609969198703766
75,0.0,0.0,0.08404912799596786
75,0.0,0.1,0.08404912799596786
75,0.0,0.2,0.09069166332483292
75,0.03,0.0,0.09008754789829254
75,0.03,0.1,0.09008754789829254
75,0.03,0.2,0.09456191956996918
75,0.06,0.0,0.11023382097482681
75,0.06,0.1,0.11023382097482681
75,0.06,0.2,0.11137174814939499
75,0.09,0.0,0.10355542600154877
75,0.09,0.1,0.10355542600154877
75,0.09,0.2,0.0938442200422287
75,0.12,0.0,0.09659885615110397
75,0.12,0.1,0.09659885615110397
75,0.12,0.2,0.08768166601657867
75,0.15,0.0,0.108636774122715
75,0.15,0.1,0.108636774122715
75,0.15,0.2,0.10414838045835495
76,0.0,0.0,0.08187388628721237
76,0.0,0.1,0.08187388628721237
76,0.0,0.2,0.08927246183156967
76,0.03,0.0,0.0886807069182396
76,0.03,0.1,0.0886807069182396
76,0.03,0.2,0.10757516324520111
76,0.06,0.0,0.0849532037973404
76,0.06,0.1,0.0849532037973404
76,0.06,0.2,0.12219221144914627
76,0.09,0.0,0.1186835914850235
76,0.09,0.1,0.1186835914850235
76,0.09,0.2,0.1626211255788803
76,0.12,0.0,0.14845462143421173
76,0.12,0.1,0.14845462143421173
76,0.12,0.2,0.17353945970535278
76,0.15,0.0,0.1541767120361328
76,0.15,0.1,0.1541767120361328
76,0.15,0.2,0.15886005759239197
77,0.0,0.0,0.0844942107796669
77,0.0,0.1,0.0844942107796669
77,0.0,0.2,0.10099686682224274
77,0.03,0.0,0.08643130213022232
77,0.03,0.1,0.08643130213022232
77,0.03,0.2,0.12928788363933563
77,0.06,0.0,0.10735280066728592
77,0.06,0.1,0.10735280066728592
77,0.06,0.2,0.14517351984977722
77,0.09,0.0,0.12787625193595886
77,0.09,0.1,0.12787625193595886
77,0.09,0.2,0.15420782566070557
77,0.12,0.0,0.15580342710018158
77,0.12,0.1,0.15580342710018158
77,0.12,0.2,0.16291967034339905
77,0.15,0.0,0.17373590171337128
77,0.15,0.1,0.17373590171337128
77,0.15,0.2,0.15986604988574982
78,0.0,0.0,0.0931965708732605
78,0.0,0.1,0.0931965708732605
78,0.0,0.2,0.10106907039880753
78,0.03,0.0,0.08900202065706253
78,0.03,0.1,0.08900202065706253
78,0.03,0.2,0.12524522840976715
78,0.06,0.0,0.09215395897626877
78,0.06,0.1,0.09215395897626877
78,0.06,0.2,0.12130281329154968
78,0.09,0.0,0.12571755051612854
78,0.09,0.1,0.12571755051612854
78,0.09,0.2,0.1378854215145111
78,0.12,0.0,0.14390438795089722
78,0.12,0.1,0.14390438795089722
78,0.12,0.2,0.1392890363931656
78,0.15,0.0,0.1417931467294693
78,0.15,0.1,0.1417931467294693
78,0.15,0.2,0.12316419184207916
79,0.0,0.0,0.09630513936281204
79,0.0,0.1,0.09630513936281204
79,0.0,0.2,0.10991386324167252
79,0.03,0.0,0.0985710620880127
79,0.03,0.1,0.0985710620880127
79,0.03,0.2,0.1136009469628334
79,0.06,0.0,0.0969296395778656
79,0.06,0.1,0.0969296395778656
79,0.06,0.2,0.10214899480342865
79,0.09,0.0,0.10672654956579208
79,0.09,0.1,0.10672654956579208
79,0.09,0.2,0.10768355429172516
79,0.12,0.0,0.12167750298976898
79,0.12,0.1,0.12167750298976898
79,0.12,0.2,0.10470303148031235
79,0.15,0.0,0.1059451624751091
79,0.15,0.1,0.1059451624751091
79,0.15,0.2,0.1084723100066185
8,0.0,0.0,0.1297072172164917
8,0.0,0.1,0.1297072172164917
8,0.0,0.2,0.13426350057125092
8,0.03,0.0,0.13135594129562378
8,0.03,0.1,0.13135594129562378
8,0.03,0.2,0.1262720376253128
8,0.06,0.0,0.13911688327789307
8,0.06,0.1,0.13911688327789307
8,0.06,0.2,0.14422042667865753
8,0.09,0.0,0.13168364763259888
8,0.09,0.1,0.13168364763259888
8,0.09,0.2,0.14064417779445648
8,0.12,0.0,0.1174001693725586
8,0.12,0.1,0.1174001693725586
8,0.12,0.2,0.12423701584339142
8,0.15,0.0,0.11545053124427795
8,0.15,0.1,0.11545053124427795
8,0.15,0.2,0.12731975317001343
80,0.0,0.0,0.08699946105480194
80,0.0,0.1,0.08699946105480194
80,0.0,0.2,0.08146496117115021
80,0.03,0.0,0.08081220090389252
80,0.03,0.1,0.08081220090389252
80,0.03,0.2,0.1078256294131279
80,0.06,0.0,0.10588394105434418
80,0.06,0.1,0.10588394105434418
80,0.06,0.2,0.12280655652284622
80,0.09,0.0,0.0993768572807312
80,0.09,0.1,0.0993768572807312
80,0.09,0.2,0.1382276713848114
80,0.12,0.0,0.1271272599697113
80,0.12,0.1,0.1271272599697113
80,0.12,0.2,0.14023791253566742
80,0.15,0.0,0.15415364503860474
80,0.15,0.1,0.15415364503860474
80,0.15,0.2,0.14288674294948578
81,0.0,0.0,0.10613197833299637
81,0.0,0.1,0.10613197833299637
81,0.0,0.2,0.1352410912513733
81,0.03,0.0,0.10929727554321289
81,0.03,0.1,0.10929727554321289
81,0.03,0.2,0.12637218832969666
81,0.06,0.0,0.11708027869462967
81,0.06,0.1,0.11708027869462967
81,0.06,0.2,0.14197756350040436
81,0.09,0.0,0.12367098778486252
81,0.09,0.1,0.12367098778486252
81,0.09,0.2,0.14138558506965637
81,0.12,0.0,0.12120962888002396
81,0.12,0.1,0.12120962888002396
81,0.12,0.2,0.12355177849531174
81,0.15,0.0,0.11871067434549332
81,0.15,0.1,0.11871067434549332
81,0.15,0.2,0.12203169614076614
82,0.0,0.0,0.0826825499534607
82,0.0,0.1,0.0826825499534607
82,0.0,0.2,0.1309388279914856
82,0.03,0.0,0.1017703264951706
82,0.03,0.1,0.1017703264951706
82,0.03,0.2,0.14571556448936462
82,0.06,0.0,0.13633011281490326
82,0.06,0.1,0.13633011281490326
82,0.06,0.2,0.15908794105052948
82,0.09,0.0,0.1676289439201355
82,0.09,0.1,0.1676289439201355
82,0.09,0.2,0.16357949376106262
82,0.12,0.0,0.16713090240955353
82,0.12,0.1,0.16713090240955353
82,0.12,0.2,0.16026179492473602
82,0.15,0.0,0.15083783864974976
82,0.15,0.1,0.15083783864974976
82,0.15,0.2,0.13984878361225128
83,0.0,0.0,0.07784825563430786
83,0.0,0.1,0.07784825563430786
83,0.0,0.2,0.13557736575603485
83,0.03,0.0,0.11317941546440125
83,0.03,0.1,0.11317941546440125
83,0.03,0.2,0.1408066600561142
83,0.06,0.0,0.17064234614372253
83,0.06,0.1,0.17064234614372253
83,0.06,0.2,0.1312214583158493
83,0.09,0.0,0.2077036201953888
83,0.09,0.1,0.2077036201953888
83,0.09,0.2,0.12535156309604645
83,0.12,0.0,0.17291244864463806
83,0.12,0.1,0.17291244864463806
83,0.12,0.2,0.09831658750772476
83,0.15,0.0,0.12304023653268814
83,0.15,0.1,0.12304023653268814
83,0.15,0.2,0.08269011974334717
84,0.0,0.0,0.09646132588386536
84,0.0,0.1,0.09646132588386536
84,0.0,0.2,0.11322442442178726
84,0.03,0.0,0.08888927102088928
84,0.03,0.1,0.08888927102088928
84,0.03,0.2,0.12913955748081207
84,0.06,0.0,0.0941486582159996
84,0.06,0.1,0.0941486582159996
84,0.06,0.2,0.14032430946826935
84,0.09,0.0,0.13290169835090637
84,0.09,0.1,0.13290169835090637
84,0.09,0.2,0.15797924995422363
84,0.12,0.0,0.1476803421974182
84,0.12,0.1,0.1476803421974182
84,0.12,0.2,0.1627846658229828
84,0.15,0.0,0.14586518704891205
84,0.15,0.1,0.14586518704891205
84,0.15,0.2,0.15229837596416473
85,0.0,0.0,0.0857551246881485
85,0.0,0.1,0.0857551246881485
85,0.0,0.2,0.11043719202280045
85,0.03,0.0,0.0825163796544075
85,0.03,0.1,0.0825163796544075
85,0.03,0.2,0.12585265934467316
85,0.06,0.0,0.09655576944351196
85,0.06,0.1,0.09655576944351196
85,0.06,0.2,0.13863661885261536
85,0.09,0.0,0.1379072517156601
85,0.09,0.1,0.1379072517156601
85,0.09,0.2,0.16694480180740356
85,0.12,0.0,0.18035991489887238
85,0.12,0.1,0.18035991489887238
85,0.12,0.2,0.18427148461341858
85,0.15,0.0,0.16914981603622437
85,0.15,0.1,0.16914981603622437
85,0.15,0.2,0.16545794904232025
86,0.0,0.0,0.08100582659244537
86,0.0,0.1,0.08100582659244537
86,0.0,0.2,0.08056005090475082
86,0.03,0.0,0.0878184512257576
86,0.03,0.1,0.0878184512257576
86,0.03,0.2,0.09075850993394852
86,0.06,0.0,0.09180951118469238
86,0.06,0.1,0.09180951118469238
86,0.06,0.2,0.10250161588191986
86,0.09,0.0,0.11136051267385483
86,0.09,0.1,0.11136051267385483
86,0.09,0.2,0.10297396034002304
86,0.12,0.0,0.12808354198932648
86,0.12,0.1,0.12808354198932648
86,0.12,0.2,0.1097625195980072
86,0.15,0.0,0.12051224708557129
86,0.15,0.1,0.12051224708557129
86,0.15,0.2,0.10643281042575836
87,0.0,0.0,0.08379548788070679
87,0.0,0.1,0.08379548788070679
87,0.0,0.2,0.0860295221209526
87,0.03,0.0,0.08565253764390945
87,0.03,0.1,0.08565253764390945
87,0.03,0.2,0.10199063271284103
87,0.06,0.0,0.11160504072904587
87,0.06,0.1,0.11160504072904587
87,0.06,0.2,0.12239713221788406
87,0.09,0.0,0.139655202627182
87,0.09,0.1,0.139655202627182
87,0.09,0.2,0.13551542162895203
87,0.12,0.0,0.11733806878328323
87,0.12,0.1,0.11733806878328323
87,0.12,0.2,0.12076516449451447
87,0.15,0.0,0.11516241729259491
87,0.15,0.1,0.11516241729259491
87,0.15,0.2,0.12171380966901779
88,0.0,0.0,0.10630885511636734
88,0.0,0.1,0.10630885511636734
88,0.0,0.2,0.09440552443265915
88,0.03,0.0,0.10987410694360733
88,0.03,0.1,0.10987410694360733
88,0.03,0.2,0.10564365983009338
88,0.06,0.0,0.11242809891700745
88,0.06,0.1,0.11242809891700745
88,0.06,0.2,0.11027347296476364
88,0.09,0.0,0.11262515187263489
88,0.09,0.1,0.11262515187263489
88,0.09,0.2,0.10096212476491928
88,0.12,0.0,0.08762962371110916
88,0.12,0.1,0.08762962371110916
88,0.12,0.2,0.09132444858551025
88,0.15,0.0,0.09407463669776917
88,0.15,0.1,0.09407463669776917
88,0.15,0.2,0.09033256024122238
89,0.0,0.0,0.09040551632642746
89,0.0,0.1,0.09040551632642746
89,0.0,0.2,0.12012014538049698
89,0.03,0.0,0.09040649235248566
89,0.03,0.1,0.09040649235248566
89,0.03,0.2,0.12381136417388916
89,0.06,0.0,0.11530902236700058
89,0.06,0.1,0.11530902236700058
89,0.06,0.2,0.1216714084148407
89,0.09,0.0,0.16003091633319855
89,0.09,0.1,0.16003091633319855
89,0.09,0.2,0.12915651500225067
89,0.12,0.0,0.16579687595367432
89,0.12,0.1,0.16579687595367432
89,0.12,0.2,0.1287403553724289
89,0.15,0.0,0.13173671066761017
89,0.15,0.1,0.13173671066761017
89,0.15,0.2,0.11480922996997833
9,0.0,0.0,0.13360343873500824
9,0.0,0.1,0.13360343873500824
9,0.0,0.2,0.1415986716747284
9,0.03,0.0,0.10989287495613098
9,0.03,0.1,0.10989287495613098
9,0.03,0.2,0.11739780753850937
9,0.06,0.0,0.13091202080249786
9,0.06,0.1,0.13091202080249786
9,0.06,0.2,0.12848353385925293
9,0.09,0.0,0.11129355430603027
9,0.09,0.1,0.11129355430603027
9,0.09,0.2,0.11744152009487152
9,0.12,0.0,0.11226939409971237
9,0.12,0.1,0.11226939409971237
9,0.12,0.2,0.11842057853937149
9,0.15,0.0,0.11215415596961975
9,0.15,0.1,0.11215415596961975
9,0.15,0.2,0.10969407856464386
90,0.0,0.0,0.09009601920843124
90,0.0,0.1,0.09009601920843124
90,0.0,0.2,0.08155557513237
90,0.03,0.0,0.07986913621425629
90,0.03,0.1,0.07986913621425629
90,0.03,0.2,0.0929383635520935
90,0.06,0.0,0.08250629901885986
90,0.06,0.1,0.08250629901885986
90,0.06,0.2,0.10051921010017395
90,0.09,0.0,0.09179367870092392
90,0.09,0.1,0.09179367870092392
90,0.09,0.2,0.10084669291973114
90,0.12,0.0,0.10637764632701874
90,0.12,0.1,0.10637764632701874
90,0.12,0.2,0.10125141590833664
90,0.15,0.0,0.12115432322025299
90,0.15,0.1,0.12115432322025299
90,0.15,0.2,0.10496550798416138
91,0.0,0.0,0.08800648152828217
91,0.0,0.1,0.08800648152828217
91,0.0,0.2,0.10503063350915909
91,0.03,0.0,0.08365785330533981
91,0.03,0.1,0.08365785330533981
91,0.03,0.2,0.09665577113628387
91,0.06,0.0,0.09780612587928772
91,0.06,0.1,0.09780612587928772
91,0.06,0.2,0.10015004873275757
91,0.09,0.0,0.13075381517410278
91,0.09,0.1,0.13075381517410278
91,0.09,0.2,0.10573677718639374
91,0.12,0.0,0.13171809911727905
91,0.12,0.1,0.13171809911727905
91,0.12,0.2,0.10618383437395096
91,0.15,0.0,0.11678830534219742
91,0.15,0.1,0.11678830534219742
91,0.15,0.2,0.095256507396698
92,0.0,0.0,0.08439600467681885
92,0.0,0.1,0.08439600467681885
92,0.0,0.2,0.0894363522529602
92,0.03,0.0,0.08557593077421188
92,0.03,0.1,0.08557593077421188
92,0.03,0.2,0.0995742455124855
92,0.06,0.0,0.07721409201622009
92,0.06,0.1,0.07721409201622009
92,0.06,0.2,0.1019001230597496
92,0.09,0.0,0.08957935869693756
92,0.09,0.1,0.08957935869693756
92,0.09,0.2,0.10089732706546783
92,0.12,0.0,0.08709996938705444
92,0.12,0.1,0.08709996938705444
92,0.12,0.2,0.0942530632019043
92,0.15,0.0,0.09951743483543396
92,0.15,0.1,0.09951743483543396
92,0.15,0.2,0.09604426473379135
93,0.0,0.0,0.08553377538919449
93,0.0,0.1,0.08553377538919449
93,0.0,0.2,0.08615195006132126
93,0.03,0.0,0.08968845009803772
93,0.03,0.1,0.08968845009803772
93,0.03,0.2,0.07853440940380096
93,0.06,0.0,0.09172161668539047
93,0.06,0.1,0.09172161668539047
93,0.06,0.2,0.08940926939249039
93,0.09,0.0,0.08290628343820572
93,0.09,0.1,0.08290628343820572
93,0.09,0.2,0.0886463075876236
93,0.12,0.0,0.07583436369895935
93,0.12,0.1,0.07583436369895935
93,0.12,0.2,0.08855876326560974
93,0.15,0.0,0.09121586382389069
93,0.15,0.1,0.09121586382389069
93,0.15,0.2,0.09516751021146774
94,0.0,0.0,0.11141417175531387
94,0.0,0.1,0.11141417175531387
94,0.0,0.2,0.14559699594974518
94,0.03,0.0,0.1369595229625702
94,0.03,0.1,0.1369595229625702
94,0.03,0.2,0.15996912121772766
94,0.06,0.0,0.1778217852115631
94,0.06,0.1,0.1778217852115631
94,0.06,0.2,0.16973276436328888
94,0.09,0.0,0.2036546766757965
94,0.09,0.1,0.2036546766757965
94,0.09,0.2,0.17792841792106628
94,0.12,0.0,0.19028723239898682
94,0.12,0.1,0.19028723239898682
94,0.12,0.2,0.16509073972702026
94,0.15,0.0,0.17463238537311554
94,0.15,0.1,0.17463238537311554
94,0.15,0.2,0.15593579411506653
95,0.0,0.0,0.08621955662965775
95,0.0,0.1,0.08621955662965775
95,0.0,0.2,0.11029823124408722
95,0.03,0.0,0.09453269839286804
95,0.03,0.1,0.09453269839286804
95,0.03,0.2,0.11946998536586761
95,0.06,0.0,0.1260768622159958
95,0.06,0.1,0.1260768622159958
95,0.06,0.2,0.13782623410224915
95,0.09,0.0,0.14323288202285767
95,0.09,0.1,0.14323288202285767
95,0.09,0.2,0.13819164037704468
95,0.12,0.0,0.14112280309200287
95,0.12,0.1,0.14112280309200287
95,0.12,0.2,0.1463862508535385
95,0.15,0.0,0.14794251322746277
95,0.15,0.1,0.14794251322746277
95,0.15,0.2,0.1444561928510666
96,0.0,0.0,0.09689383953809738
96,0.0,0.1,0.09689383953809738
96,0.0,0.2,0.1190270483493805
96,0.03,0.0,0.0801900252699852
96,0.03,0.1,0.0801900252699852
96,0.03,0.2,0.11215025931596756
96,0.06,0.0,0.09854108095169067
96,0.06,0.1,0.09854108095169067
96,0.06,0.2,0.12083840370178223
96,0.09,0.0,0.1301363706588745
96,0.09,0.1,0.1301363706588745
96,0.09,0.2,0.1426636278629303
96,0.12,0.0,0.1479642391204834
96,0.12,0.1,0.1479642391204834
96,0.12,0.2,0.16053153574466705
96,0.15,0.0,0.12835180759429932
96,0.15,0.1,0.12835180759429932
96,0.15,0.2,0.13740241527557373
97,0.0,0.0,0.08951810747385025
97,0.0,0.1,0.08951810747385025
97,0.0,0.2,0.1476864516735077
97,0.03,0.0,0.1253180354833603
97,0.03,0.1,0.1253180354833603
97,0.03,0.2,0.16877976059913635
97,0.06,0.0,0.1830691546201706
97,0.06,0.1,0.1830691546201706
97,0.06,0.2,0.18213674426078796
97,0.09,0.0,0.21487295627593994
97,0.09,0.1,0.21487295627593994
97,0.09,0.2,0.17214269936084747
97,0.12,0.0,0.2031257599592209
97,0.12,0.1,0.2031257599592209
97,0.12,0.2,0.1644490361213684
97,0.15,0.0,0.16553090512752533
97,0.15,0.1,0.16553090512752533
97,0.15,0.2,0.1458280235528946
98,0.0,0.0,0.09380100667476654
98,0.0,0.1,0.09380100667476654
98,0.0,0.2,0.09226273745298386
98,0.03,0.0,0.08351608365774155
98,0.03,0.1,0.08351608365774155
98,0.03,0.2,0.09023500233888626
98,0.06,0.0,0.08651772886514664
98,0.06,0.1,0.08651772886514664
98,0.06,0.2,0.10033823549747467
98,0.09,0.0,0.10804720968008041
98,0.09,0.1,0.10804720968008041
98,0.09,0.2,0.09859339892864227
98,0.12,0.0,0.12203695625066757
98,0.12,0.1,0.12203695625066757
98,0.12,0.2,0.1015675738453865
98,0.15,0.0,0.10009104758501053
98,0.15,0.1,0.10009104758501053
98,0.15,0.2,0.09206445515155792
99,0.0,0.0,0.09251268208026886
99,0.0,0.1,0.09251268208026886
99,0.0,0.2,0.09471363574266434
99,0.03,0.0,0.07790524512529373
99,0.03,0.1,0.07790524512529373
99,0.03,0.2,0.12164700776338577
99,0.06,0.0,0.09150762110948563
99,0.06,0.1,0.09150762110948563
99,0.06,0.2,0.14097163081169128
99,0.09,0.0,0.12240144610404968
99,0.09,0.1,0.12240144610404968
99,0.09,0.2,0.16707149147987366
99,0.12,0.0,0.1697283536195755
99,0.12,0.1,0.1697283536195755
99,0.12,0.2,0.18419815599918365
99,0.15,0.0,0.199860081076622
99,0.15,0.1,0.199860081076622
99,0.15,0.2,0.1948373168706894
