unit_id,delay,duration,abs_max_value
0,0.0,0.0,0.08277974277734756
0,0.0,0.1,0.08277974277734756
0,0.0,0.2,0.09087999165058136
0,0.03,0.0,0.08687088638544083
0,0.03,0.1,0.08687088638544083
0,0.03,0.2,0.09355805069208145
0,0.06,0.0,0.09505278617143631
0,0.06,0.1,0.09505278617143631
0,0.06,0.2,0.08813440054655075
0,0.09,0.0,0.10876649618148804
0,0.09,0.1,0.10876649618148804
0,0.09,0.2,0.09566175192594528
0,0.12,0.0,0.09909918159246445
0,0.12,0.1,0.09909918159246445
0,0.12,0.2,0.09737808257341385
0,0.15,0.0,0.08143523335456848
0,0.15,0.1,0.08143523335456848
0,0.15,0.2,0.07814598828554153
1,0.0,0.0,0.10123167186975479
1,0.0,0.1,0.10123167186975479
1,0.0,0.2,0.09828628599643707
1,0.03,0.0,0.0884973332285881
1,0.03,0.1,0.0884973332285881
1,0.03,0.2,0.08377592265605927
1,0.06,0.0,0.09769881516695023
1,0.06,0.1,0.09769881516695023
1,0.06,0.2,0.10084958374500275
1,0.09,0.0,0.10479659587144852
1,0.09,0.1,0.10479659587144852
1,0.09,0.2,0.10375949740409851
1,0.12,0.0,0.0920928418636322
1,0.12,0.1,0.0920928418636322
1,0.12,0.2,0.0899553894996643
1,0.15,0.0,0.08655120432376862
1,0.15,0.1,0.08655120432376862
1,0.15,0.2,0.10348916798830032
10,0.0,0.0,0.09414701163768768
10,0.0,0.1,0.09414701163768768
10,0.0,0.2,0.11142134666442871
10,0.03,0.0,0.08743683248758316
10,0.03,0.1,0.08743683248758316
10,0.03,0.2,0.1038065254688263
10,0.06,0.0,0.09034726023674011
10,0.06,0.1,0.09034726023674011
10,0.06,0.2,0.10807230323553085
10,0.09,0.0,0.0937119796872139
10,0.09,0.1,0.0937119796872139
10,0.09,0.2,0.1111089363694191
10,0.12,0.0,0.10697679966688156
10,0.12,0.1,0.10697679966688156
10,0.12,0.2,0.10472976416349411
10,0.15,0.0,0.10940615832805634
10,0.15,0.1,0.10940615832805634
10,0.15,0.2,0.10191366076469421
100,0.0,0.0,0.07905123382806778
100,0.0,0.1,0.07905123382806778
100,0.0,0.2,0.09279997646808624
100,0.03,0.0,0.09156270325183868
100,0.03,0.1,0.09156270325183868
100,0.03,0.2,0.10918299108743668
100,0.06,0.0,0.09077883511781693
100,0.06,0.1,0.09077883511781693
100,0.06,0.2,0.1332951933145523
100,0.09,0.0,0.10880475491285324
100,0.09,0.1,0.10880475491285324
100,0.09,0.2,0.1496945321559906
100,0.12,0.0,0.12978573143482208
100,0.12,0.1,0.12978573143482208
100,0.12,0.2,0.1454566866159439
100,0.15,0.0,0.149539515376091
100,0.15,0.1,0.149539515376091
100,0.15,0.2,0.1490946263074875
101,0.0,0.0,0.11298191547393799
101,0.0,0.1,0.11298191547393799
101,0.0,0.2,0.10540842264890671
101,0.03,0.0,0.09347811341285706
101,0.03,0.1,0.09347811341285706
101,0.03,0.2,0.09119217842817307
101,0.06,0.0,0.09151242673397064
101,0.06,0.1,0.09151242673397064
101,0.06,0.2,0.09073712676763535
101,0.09,0.0,0.10424293577671051
101,0.09,0.1,0.10424293577671051
101,0.09,0.2,0.1051497608423233
101,0.12,0.0,0.09934453666210175
101,0.12,0.1,0.09934453666210175
101,0.12,0.2,0.1083177775144577
101,0.15,0.0,0.09180314838886261
101,0.15,0.1,0.09180314838886261
101,0.15,0.2,0.0992942750453949
102,0.0,0.0,0.08508153259754181
102,0.0,0.1,0.08508153259754181
102,0.0,0.2,0.08335483074188232
102,0.03,0.0,0.08542262017726898
102,0.03,0.1,0.08542262017726898
102,0.03,0.2,0.08349408209323883
102,0.06,0.0,0.09565124660730362
102,0.06,0.1,0.09565124660730362
102,0.06,0.2,0.0950140655040741
102,0.09,0.0,0.0805901363492012
102,0.09,0.1,0.0805901363492012
102,0.09,0.2,0.08617573231458664
102,0.12,0.0,0.08040021359920502
102,0.12,0.1,0.08040021359920502
102,0.12,0.2,0.08169214427471161
102,0.15,0.0,0.08073806762695312
102,0.15,0.1,0.08073806762695312
102,0.15,0.2,0.08410728722810745
103,0.0,0.0,0.08140190690755844
103,0.0,0.1,0.08140190690755844
103,0.0,0.2,0.11580651998519897
103,0.03,0.0,0.09106955677270889
103,0.03,0.1,0.09106955677270889
103,0.03,0.2,0.11051681637763977
103,0.06,0.0,0.11270030587911606
103,0.06,0.1,0.11270030587911606
103,0.06,0.2,0.12018600851297379
103,0.09,0.0,0.11135652661323547
103,0.09,0.1,0.11135652661323547
103,0.09,0.2,0.1259288787841797
103,0.12,0.0,0.10482403635978699
103,0.12,0.1,0.10482403635978699
103,0.12,0.2,0.12765365839004517
103,0.15,0.0,0.11347470432519913
103,0.15,0.1,0.11347470432519913
103,0.15,0.2,0.1277056485414505
104,0.0,0.0,0.0942678228020668
104,0.0,0.1,0.0942678228020668
104,0.0,0.2,0.08302222937345505
104,0.03,0.0,0.08646097779273987
104,0.03,0.1,0.08646097779273987
104,0.03,0.2,0.08374987542629242
104,0.06,0.0,0.07681086659431458
104,0.06,0.1,0.07681086659431458
104,0.06,0.2,0.08956509828567505
104,0.09,0.0,0.07915779203176498
104,0.09,0.1,0.07915779203176498
104,0.09,0.2,0.08170917630195618
104,0.12,0.0,0.07890668511390686
104,0.12,0.1,0.07890668511390686
104,0.12,0.2,0.09143383055925369
104,0.15,0.0,0.08294016122817993
104,0.15,0.1,0.08294016122817993
104,0.15,0.2,0.08222529292106628
105,0.0,0.0,0.08625447750091553
105,0.0,0.1,0.08625447750091553
105,0.0,0.2,0.09305455535650253
105,0.03,0.0,0.08478791266679764
105,0.03,0.1,0.08478791266679764
105,0.03,0.2,0.09202918410301208
105,0.06,0.0,0.08547718822956085
105,0.06,0.1,0.08547718822956085
105,0.06,0.2,0.07890025526285172
105,0.09,0.0,0.08626187592744827
105,0.09,0.1,0.08626187592744827
105,0.09,0.2,0.0798431783914566
105,0.12,0.0,0.08434699475765228
105,0.12,0.1,0.08434699475765228
105,0.12,0.2,0.08896010369062424
105,0.15,0.0,0.08688026666641235
105,0.15,0.1,0.08688026666641235
105,0.15,0.2,0.08162535727024078
106,0.0,0.0,0.10192614793777466
106,0.0,0.1,0.10192614793777466
106,0.0,0.2,0.12493119388818741
106,0.03,0.0,0.08340734988451004
106,0.03,0.1,0.08340734988451004
106,0.03,0.2,0.14214012026786804
106,0.06,0.0,0.11435411125421524
106,0.06,0.1,0.11435411125421524
106,0.06,0.2,0.16516701877117157
106,0.09,0.0,0.14082874357700348
106,0.09,0.1,0.14082874357700348
106,0.09,0.2,0.1642555147409439
106,0.12,0.0,0.1846151351928711
106,0.12,0.1,0.1846151351928711
106,0.12,0.2,0.18275712430477142
106,0.15,0.0,0.18846607208251953
106,0.15,0.1,0.18846607208251953
106,0.15,0.2,0.17305850982666016
107,0.0,0.0,0.0837310403585434
107,0.0,0.1,0.0837310403585434
107,0.0,0.2,0.12341902405023575
107,0.03,0.0,0.08914131671190262
107,0.03,0.1,0.08914131671190262
107,0.03,0.2,0.11385786533355713
107,0.06,0.0,0.13154931366443634
107,0.06,0.1,0.13154931366443634
107,0.06,0.2,0.12700830399990082
107,0.09,0.0,0.17341993749141693
107,0.09,0.1,0.17341993749141693
107,0.09,0.2,0.14154767990112305
107,0.12,0.0,0.13372306525707245
107,0.12,0.1,0.13372306525707245
107,0.12,0.2,0.10594724863767624
107,0.15,0.0,0.1265622228384018
107,0.15,0.1,0.1265622228384018
107,0.15,0.2,0.11372639983892441
108,0.0,0.0,0.09270746260881424
108,0.0,0.1,0.09270746260881424
108,0.0,0.2,0.09451393038034439
108,0.03,0.0,0.08924411982297897
108,0.03,0.1,0.08924411982297897
108,0.03,0.2,0.08536045253276825
108,0.06,0.0,0.09654641151428223
108,0.06,0.1,0.09654641151428223
108,0.06,0.2,0.09292571991682053
108,0.09,0.0,0.09251531213521957
108,0.09,0.1,0.09251531213521957
108,0.09,0.2,0.09789694845676422
108,0.12,0.0,0.08105401694774628
108,0.12,0.1,0.08105401694774628
108,0.12,0.2,0.0884326621890068
108,0.15,0.0,0.08654554933309555
108,0.15,0.1,0.08654554933309555
108,0.15,0.2,0.08732196688652039
109,0.0,0.0,0.07936213165521622
109,0.0,0.1,0.07936213165521622
109,0.0,0.2,0.08159030973911285
109,0.03,0.0,0.07785875350236893
109,0.03,0.1,0.07785875350236893
109,0.03,0.2,0.07944764196872711
109,0.06,0.0,0.08280688524246216
109,0.06,0.1,0.08280688524246216
109,0.06,0.2,0.0750892236828804
109,0.09,0.0,0.08613542467355728
109,0.09,0.1,0.08613542467355728
109,0.09,0.2,0.08703169971704483
109,0.12,0.0,0.08328863978385925
109,0.12,0.1,0.08328863978385925
109,0.12,0.2,0.08288698643445969
109,0.15,0.0,0.08131983131170273
109,0.15,0.1,0.08131983131170273
109,0.15,0.2,0.08178180456161499
11,0.0,0.0,0.08661705255508423
11,0.0,0.1,0.08661705255508423
11,0.0,0.2,0.10815607011318207
11,0.03,0.0,0.08689907193183899
11,0.03,0.1,0.08689907193183899
11,0.03,0.2,0.13780322670936584
11,0.06,0.0,0.11519550532102585
11,0.06,0.1,0.11519550532102585
11,0.06,0.2,0.16103950142860413
11,0.09,0.0,0.13988719880580902
11,0.09,0.1,0.13988719880580902
11,0.09,0.2,0.16965804994106293
11,0.12,0.0,0.16906613111495972
11,0.12,0.1,0.16906613111495972
11,0.12,0.2,0.1742662787437439
11,0.15,0.0,0.16717685759067535
11,0.15,0.1,0.16717685759067535
11,0.15,0.2,0.160086527466774
110,0.0,0.0,0.08751378953456879
110,0.0,0.1,0.08751378953456879
110,0.0,0.2,0.08462356775999069
110,0.03,0.0,0.0865541398525238
110,0.03,0.1,0.0865541398525238
110,0.03,0.2,0.08319011330604553
110,0.06,0.0,0.08370055258274078
110,0.06,0.1,0.08370055258274078
110,0.06,0.2,0.08207011967897415
110,0.09,0.0,0.0928027480840683
110,0.09,0.1,0.0928027480840683
110,0.09,0.2,0.08976230770349503
110,0.12,0.0,0.10654382407665253
110,0.12,0.1,0.10654382407665253
110,0.12,0.2,0.10953918099403381
110,0.15,0.0,0.09992951154708862
110,0.15,0.1,0.09992951154708862
110,0.15,0.2,0.10634564608335495
111,0.0,0.0,0.0890876054763794
111,0.0,0.1,0.0890876054763794
111,0.0,0.2,0.0935322716832161
111,0.03,0.0,0.0886407420039177
111,0.03,0.1,0.0886407420039177
111,0.03,0.2,0.09416322410106659
111,0.06,0.0,0.08296290040016174
111,0.06,0.1,0.08296290040016174
111,0.06,0.2,0.09163575619459152
111,0.09,0.0,0.09747724235057831
111,0.09,0.1,0.09747724235057831
111,0.09,0.2,0.09787455946207047
111,0.12,0.0,0.10107380896806717
111,0.12,0.1,0.10107380896806717
111,0.12,0.2,0.09811145067214966
111,0.15,0.0,0.0844588577747345
111,0.15,0.1,0.0844588577747345
111,0.15,0.2,0.08715326339006424
112,0.0,0.0,0.09193865954875946
112,0.0,0.1,0.09193865954875946
112,0.0,0.2,0.10076287388801575
112,0.03,0.0,0.10798990726470947
112,0.03,0.1,0.10798990726470947
112,0.03,0.2,0.10401470959186554
112,0.06,0.0,0.0977398008108139
112,0.06,0.1,0.0977398008108139
112,0.06,0.2,0.08400045335292816
112,0.09,0.0,0.08619900792837143
112,0.09,0.1,0.08619900792837143
112,0.09,0.2,0.08130301535129547
112,0.12,0.0,0.09212572127580643
112,0.12,0.1,0.09212572127580643
112,0.12,0.2,0.08734408766031265
112,0.15,0.0,0.0904635637998581
112,0.15,0.1,0.0904635637998581
112,0.15,0.2,0.09544272720813751
113,0.0,0.0,0.07890196889638901
113,0.0,0.1,0.07890196889638901
113,0.0,0.2,0.0784941017627716
113,0.03,0.0,0.07941991835832596
113,0.03,0.1,0.07941991835832596
113,0.03,0.2,0.08237820118665695
113,0.06,0.0,0.07547320425510406
113,0.06,0.1,0.07547320425510406
113,0.06,0.2,0.08483852446079254
113,0.09,0.0,0.08556848764419556
113,0.09,0.1,0.08556848764419556
113,0.09,0.2,0.09149033576250076
113,0.12,0.0,0.0779590904712677
113,0.12,0.1,0.0779590904712677
113,0.12,0.2,0.08219042420387268
113,0.15,0.0,0.08423083275556564
113,0.15,0.1,0.08423083275556564
113,0.15,0.2,0.08412157744169235
114,0.0,0.0,0.08381467312574387
114,0.0,0.1,0.08381467312574387
114,0.0,0.2,0.08593794703483582
114,0.03,0.0,0.08329901099205017
114,0.03,0.1,0.08329901099205017
114,0.03,0.2,0.08710862696170807
114,0.06,0.0,0.08877351880073547
114,0.06,0.1,0.08877351880073547
114,0.06,0.2,0.08983457833528519
114,0.09,0.0,0.0885673388838768
114,0.09,0.1,0.0885673388838768
114,0.09,0.2,0.0885925143957138
114,0.12,0.0,0.08350111544132233
114,0.12,0.1,0.08350111544132233
114,0.12,0.2,0.08763619512319565
114,0.15,0.0,0.09954982995986938
114,0.15,0.1,0.09954982995986938
114,0.15,0.2,0.09595564007759094
115,0.0,0.0,0.08581104129552841
115,0.0,0.1,0.08581104129552841
115,0.0,0.2,0.09274937212467194
115,0.03,0.0,0.07883802056312561
115,0.03,0.1,0.07883802056312561
115,0.03,0.2,0.07891777157783508
115,0.06,0.0,0.081417977809906
115,0.06,0.1,0.081417977809906
115,0.06,0.2,0.08760476112365723
115,0.09,0.0,0.0799606591463089
115,0.09,0.1,0.0799606591463089
115,0.09,0.2,0.0851340964436531
115,0.12,0.0,0.0841786116361618
115,0.12,0.1,0.0841786116361618
115,0.12,0.2,0.08611758798360825
115,0.15,0.0,0.08428993821144104
115,0.15,0.1,0.08428993821144104
115,0.15,0.2,0.07484245300292969
116,0.0,0.0,0.07643464207649231
116,0.0,0.1,0.07643464207649231
116,0.0,0.2,0.08440613746643066
116,0.03,0.0,0.08111807703971863
116,0.03,0.1,0.08111807703971863
116,0.03,0.2,0.08207324892282486
116,0.06,0.0,0.08623285591602325
116,0.06,0.1,0.08623285591602325
116,0.06,0.2,0.09930853545665741
116,0.09,0.0,0.09853516519069672
116,0.09,0.1,0.09853516519069672
116,0.09,0.2,0.10539164394140244
116,0.12,0.0,0.11424701660871506
116,0.12,0.1,0.11424701660871506
116,0.12,0.2,0.10335929691791534
116,0.15,0.0,0.11682238429784775
116,0.15,0.1,0.11682238429784775
116,0.15,0.2,0.10712561756372452
117,0.0,0.0,0.09501121938228607
117,0.0,0.1,0.09501121938228607
117,0.0,0.2,0.1364297866821289
117,0.03,0.0,0.11766421049833298
117,0.03,0.1,0.11766421049833298
117,0.03,0.2,0.15359045565128326
117,0.06,0.0,0.1278001368045807
117,0.06,0.1,0.1278001368045807
117,0.06,0.2,0.19420291483402252
117,0.09,0.0,0.20156581699848175
117,0.09,0.1,0.20156581699848175
117,0.09,0.2,0.2273963987827301
117,0.12,0.0,0.2311350405216217
117,0.12,0.1,0.2311350405216217
117,0.12,0.2,0.21269284188747406
117,0.15,0.0,0.24714241921901703
117,0.15,0.1,0.24714241921901703
117,0.15,0.2,0.21210575103759766
118,0.0,0.0,0.09303295612335205
118,0.0,0.1,0.09303295612335205
118,0.0,0.2,0.08212092518806458
118,0.03,0.0,0.09340321272611618
118,0.03,0.1,0.09340321272611618
118,0.03,0.2,0.08621116727590561
118,0.06,0.0,0.09225728362798691
118,0.06,0.1,0.09225728362798691
118,0.06,0.2,0.09269660711288452
118,0.09,0.0,0.08942107856273651
118,0.09,0.1,0.08942107856273651
118,0.09,0.2,0.09216706454753876
118,0.12,0.0,0.08191259205341339
118,0.12,0.1,0.08191259205341339
118,0.12,0.2,0.08747279644012451
118,0.15,0.0,0.10863155871629715
118,0.15,0.1,0.10863155871629715
118,0.15,0.2,0.1045316606760025
119,0.0,0.0,0.07826130837202072
119,0.0,0.1,0.07826130837202072
119,0.0,0.2,0.07852429151535034
119,0.03,0.0,0.0828482136130333
119,0.03,0.1,0.0828482136130333
119,0.03,0.2,0.08919880539178848
119,0.06,0.0,0.08314371854066849
119,0.06,0.1,0.08314371854066849
119,0.06,0.2,0.09119421988725662
119,0.09,0.0,0.08303564041852951
119,0.09,0.1,0.08303564041852951
119,0.09,0.2,0.09611409902572632
119,0.12,0.0,0.09038946777582169
119,0.12,0.1,0.09038946777582169
119,0.12,0.2,0.10259238630533218
119,0.15,0.0,0.10126573592424393
119,0.15,0.1,0.10126573592424393
119,0.15,0.2,0.10406157374382019
12,0.0,0.0,0.09079193323850632
12,0.0,0.1,0.09079193323850632
12,0.0,0.2,0.11524424701929092
12,0.03,0.0,0.09352032840251923
12,0.03,0.1,0.09352032840251923
12,0.03,0.2,0.13569624722003937
12,0.06,0.0,0.12711603939533234
12,0.06,0.1,0.12711603939533234
12,0.06,0.2,0.15713931620121002
12,0.09,0.0,0.14364127814769745
12,0.09,0.1,0.14364127814769745
12,0.09,0.2,0.16388675570487976
12,0.12,0.0,0.1659567803144455
12,0.12,0.1,0.1659567803144455
12,0.12,0.2,0.16886115074157715
12,0.15,0.0,0.17717820405960083
12,0.15,0.1,0.17717820405960083
12,0.15,0.2,0.17408616840839386
120,0.0,0.0,0.0871119424700737
120,0.0,0.1,0.0871119424700737
120,0.0,0.2,0.09048448503017426
120,0.03,0.0,0.08908290416002274
120,0.03,0.1,0.08908290416002274
120,0.03,0.2,0.08888756483793259
120,0.06,0.0,0.08315364271402359
120,0.06,0.1,0.08315364271402359
120,0.06,0.2,0.08237727731466293
120,0.09,0.0,0.09203136712312698
120,0.09,0.1,0.09203136712312698
120,0.09,0.2,0.08579055219888687
120,0.12,0.0,0.09339242428541183
120,0.12,0.1,0.09339242428541183
120,0.12,0.2,0.09211231023073196
120,0.15,0.0,0.0964888334274292
120,0.15,0.1,0.0964888334274292
120,0.15,0.2,0.08636516332626343
121,0.0,0.0,0.07741475105285645
121,0.0,0.1,0.07741475105285645
121,0.0,0.2,0.08285697549581528
121,0.03,0.0,0.08489392697811127
121,0.03,0.1,0.08489392697811127
121,0.03,0.2,0.08923469483852386
121,0.06,0.0,0.08687165379524231
121,0.06,0.1,0.08687165379524231
121,0.06,0.2,0.08199016004800797
121,0.09,0.0,0.08135517686605453
121,0.09,0.1,0.08135517686605453
121,0.09,0.2,0.10057710111141205
121,0.12,0.0,0.09543811529874802
121,0.12,0.1,0.09543811529874802
121,0.12,0.2,0.1085321456193924
121,0.15,0.0,0.10531759262084961
121,0.15,0.1,0.10531759262084961
121,0.15,0.2,0.10153469443321228
122,0.0,0.0,0.08589722961187363
122,0.0,0.1,0.08589722961187363
122,0.0,0.2,0.11165627092123032
122,0.03,0.0,0.10488452762365341
122,0.03,0.1,0.10488452762365341
122,0.03,0.2,0.10371691733598709
122,0.06,0.0,0.12961512804031372
122,0.06,0.1,0.12961512804031372
122,0.06,0.2,0.10339062660932541
122,0.09,0.0,0.15664133429527283
122,0.09,0.1,0.15664133429527283
122,0.09,0.2,0.10718676447868347
122,0.12,0.0,0.13505592942237854
122,0.12,0.1,0.13505592942237854
122,0.12,0.2,0.11678716540336609
122,0.15,0.0,0.11379081010818481
122,0.15,0.1,0.11379081010818481
122,0.15,0.2,0.1109398677945137
123,0.0,0.0,0.10009098052978516
123,0.0,0.1,0.10009098052978516
123,0.0,0.2,0.09231835603713989
123,0.03,0.0,0.08273450285196304
123,0.03,0.1,0.08273450285196304
123,0.03,0.2,0.08475632220506668
123,0.06,0.0,0.08586587756872177
123,0.06,0.1,0.08586587756872177
123,0.06,0.2,0.1121940165758133
123,0.09,0.0,0.08633152395486832
123,0.09,0.1,0.08633152395486832
123,0.09,0.2,0.11198855936527252
123,0.12,0.0,0.10654422640800476
123,0.12,0.1,0.10654422640800476
123,0.12,0.2,0.09853319823741913
123,0.15,0.0,0.11685298383235931
123,0.15,0.1,0.11685298383235931
123,0.15,0.2,0.09543438255786896
124,0.0,0.0,0.08170948922634125
124,0.0,0.1,0.08170948922634125
124,0.0,0.2,0.08757304400205612
124,0.03,0.0,0.08300121873617172
124,0.03,0.1,0.08300121873617172
124,0.03,0.2,0.08325935900211334
124,0.06,0.0,0.08530988544225693
124,0.06,0.1,0.08530988544225693
124,0.06,0.2,0.08917367458343506
124,0.09,0.0,0.10224766284227371
124,0.09,0.1,0.10224766284227371
124,0.09,0.2,0.08284007757902145
124,0.12,0.0,0.09228596091270447
124,0.12,0.1,0.09228596091270447
124,0.12,0.2,0.08118832856416702
124,0.15,0.0,0.0902995616197586
124,0.15,0.1,0.0902995616197586
124,0.15,0.2,0.08260573446750641
125,0.0,0.0,0.0851183831691742
125,0.0,0.1,0.0851183831691742
125,0.0,0.2,0.08531370759010315
125,0.03,0.0,0.08784715831279755
125,0.03,0.1,0.08784715831279755
125,0.03,0.2,0.1066533774137497
125,0.06,0.0,0.08763912320137024
125,0.06,0.1,0.08763912320137024
125,0.06,0.2,0.10053691267967224
125,0.09,0.0,0.10583259910345078
125,0.09,0.1,0.10583259910345078
125,0.09,0.2,0.10222820937633514
125,0.12,0.0,0.14106230437755585
125,0.12,0.1,0.14106230437755585
125,0.12,0.2,0.1282617449760437
125,0.15,0.0,0.12114021182060242
125,0.15,0.1,0.12114021182060242
125,0.15,0.2,0.09835775196552277
126,0.0,0.0,0.07994499057531357
126,0.0,0.1,0.07994499057531357
126,0.0,0.2,0.07787691801786423
126,0.03,0.0,0.08618398010730743
126,0.03,0.1,0.08618398010730743
126,0.03,0.2,0.08747266232967377
126,0.06,0.0,0.09985221922397614
126,0.06,0.1,0.09985221922397614
126,0.06,0.2,0.08816076070070267
126,0.09,0.0,0.09553413838148117
126,0.09,0.1,0.09553413838148117
126,0.09,0.2,0.09745057672262192
126,0.12,0.0,0.09491049498319626
126,0.12,0.1,0.09491049498319626
126,0.12,0.2,0.08656840026378632
126,0.15,0.0,0.08870817720890045
126,0.15,0.1,0.08870817720890045
126,0.15,0.2,0.09324050694704056
127,0.0,0.0,0.09135632961988449
127,0.0,0.1,0.09135632961988449
127,0.0,0.2,0.0910201221704483
127,0.03,0.0,0.09733770787715912
127,0.03,0.1,0.09733770787715912
127,0.03,0.2,0.11758480966091156
127,0.06,0.0,0.12216158211231232
127,0.06,0.1,0.12216158211231232
127,0.06,0.2,0.13094642758369446
127,0.09,0.0,0.13586583733558655
127,0.09,0.1,0.13586583733558655
127,0.09,0.2,0.12830522656440735
127,0.12,0.0,0.15347112715244293
127,0.12,0.1,0.15347112715244293
127,0.12,0.2,0.11781903356313705
127,0.15,0.0,0.13271799683570862
127,0.15,0.1,0.13271799683570862
127,0.15,0.2,0.09398562461137772
128,0.0,0.0,0.08405037224292755
128,0.0,0.1,0.08405037224292755
128,0.0,0.2,0.08307398855686188
128,0.03,0.0,0.08847687393426895
128,0.03,0.1,0.08847687393426895
128,0.03,0.2,0.09598252922296524
128,0.06,0.0,0.09419994056224823
128,0.06,0.1,0.09419994056224823
128,0.06,0.2,0.1113409772515297
128,0.09,0.0,0.10120973736047745
128,0.09,0.1,0.10120973736047745
128,0.09,0.2,0.10149655491113663
128,0.12,0.0,0.09498170018196106
128,0.12,0.1,0.09498170018196106
128,0.12,0.2,0.0921967625617981
128,0.15,0.0,0.09738876670598984
128,0.15,0.1,0.09738876670598984
128,0.15,0.2,0.0899650827050209
129,0.0,0.0,0.08182287216186523
129,0.0,0.1,0.08182287216186523
129,0.0,0.2,0.08985991775989532
129,0.03,0.0,0.08729059994220734
129,0.03,0.1,0.08729059994220734
129,0.03,0.2,0.08297236263751984
129,0.06,0.0,0.08850329369306564
129,0.06,0.1,0.08850329369306564
129,0.06,0.2,0.08299180120229721
129,0.09,0.0,0.0867382138967514
129,0.09,0.1,0.0867382138967514
129,0.09,0.2,0.07784687727689743
129,0.12,0.0,0.07961245626211166
129,0.12,0.1,0.07961245626211166
129,0.12,0.2,0.09527814388275146
129,0.15,0.0,0.08282535523176193
129,0.15,0.1,0.08282535523176193
129,0.15,0.2,0.08463816344738007
13,0.0,0.0,0.08746091276407242
13,0.0,0.1,0.08746091276407242
13,0.0,0.2,0.08128251135349274
13,0.03,0.0,0.08298245072364807
13,0.03,0.1,0.08298245072364807
13,0.03,0.2,0.1037621796131134
13,0.06,0.0,0.10138868540525436
13,0.06,0.1,0.10138868540525436
13,0.06,0.2,0.11597973853349686
13,0.09,0.0,0.11313135921955109
13,0.09,0.1,0.11313135921955109
13,0.09,0.2,0.1021459698677063
13,0.12,0.0,0.1310400515794754
13,0.12,0.1,0.1310400515794754
13,0.12,0.2,0.09648607671260834
13,0.15,0.0,0.12780798971652985
13,0.15,0.1,0.12780798971652985
13,0.15,0.2,0.08985842019319534
130,0.0,0.0,0.08217724412679672
130,0.0,0.1,0.08217724412679672
130,0.0,0.2,0.0881059318780899
130,0.03,0.0,0.0810575857758522
130,0.03,0.1,0.0810575857758522
130,0.03,0.2,0.08004550635814667
130,0.06,0.0,0.08357064425945282
130,0.06,0.1,0.08357064425945282
130,0.06,0.2,0.08270412683486938
130,0.09,0.0,0.0895952507853508
130,0.09,0.1,0.0895952507853508
130,0.09,0.2,0.08102693408727646
130,0.12,0.0,0.08368774503469467
130,0.12,0.1,0.08368774503469467
130,0.12,0.2,0.08741333335638046
130,0.15,0.0,0.08555368334054947
130,0.15,0.1,0.08555368334054947
130,0.15,0.2,0.08865755796432495
131,0.0,0.0,0.08809066563844681
131,0.0,0.1,0.08809066563844681
131,0.0,0.2,0.08620995283126831
131,0.03,0.0,0.08852925896644592
131,0.03,0.1,0.08852925896644592
131,0.03,0.2,0.08729297667741776
131,0.06,0.0,0.08918142318725586
131,0.06,0.1,0.08918142318725586
131,0.06,0.2,0.0857158899307251
131,0.09,0.0,0.09316804260015488
131,0.09,0.1,0.09316804260015488
131,0.09,0.2,0.09121628105640411
131,0.12,0.0,0.08631203323602676
131,0.12,0.1,0.08631203323602676
131,0.12,0.2,0.08600500226020813
131,0.15,0.0,0.08825337886810303
131,0.15,0.1,0.08825337886810303
131,0.15,0.2,0.09781123697757721
132,0.0,0.0,0.07676129043102264
132,0.0,0.1,0.07676129043102264
132,0.0,0.2,0.08284060657024384
132,0.03,0.0,0.08124570548534393
132,0.03,0.1,0.08124570548534393
132,0.03,0.2,0.09739852696657181
132,0.06,0.0,0.07776077091693878
132,0.06,0.1,0.07776077091693878
132,0.06,0.2,0.07826409488916397
132,0.09,0.0,0.08658627420663834
132,0.09,0.1,0.08658627420663834
132,0.09,0.2,0.08384084701538086
132,0.12,0.0,0.09433776140213013
132,0.12,0.1,0.09433776140213013
132,0.12,0.2,0.08016614615917206
132,0.15,0.0,0.09059064090251923
132,0.15,0.1,0.09059064090251923
132,0.15,0.2,0.08370167016983032
133,0.0,0.0,0.0915379524230957
133,0.0,0.1,0.0915379524230957
133,0.0,0.2,0.09139372408390045
133,0.03,0.0,0.08705107122659683
133,0.03,0.1,0.08705107122659683
133,0.03,0.2,0.09458603709936142
133,0.06,0.0,0.10763449966907501
133,0.06,0.1,0.10763449966907501
133,0.06,0.2,0.1146215870976448
133,0.09,0.0,0.1072058156132698
133,0.09,0.1,0.1072058156132698
133,0.09,0.2,0.10320861637592316
133,0.12,0.0,0.09426561743021011
133,0.12,0.1,0.09426561743021011
133,0.12,0.2,0.09921129792928696
133,0.15,0.0,0.08617093414068222
133,0.15,0.1,0.08617093414068222
133,0.15,0.2,0.09593984484672546
134,0.0,0.0,0.09263088554143906
134,0.0,0.1,0.09263088554143906
134,0.0,0.2,0.12061446160078049
134,0.03,0.0,0.10135631263256073
134,0.03,0.1,0.10135631263256073
134,0.03,0.2,0.1121278926730156
134,0.06,0.0,0.1266804188489914
134,0.06,0.1,0.1266804188489914
134,0.06,0.2,0.11272367835044861
134,0.09,0.0,0.14805124700069427
134,0.09,0.1,0.14805124700069427
134,0.09,0.2,0.10415159165859222
134,0.12,0.0,0.12616124749183655
134,0.12,0.1,0.12616124749183655
134,0.12,0.2,0.08313196152448654
134,0.15,0.0,0.10690680891275406
134,0.15,0.1,0.10690680891275406
134,0.15,0.2,0.08294869214296341
135,0.0,0.0,0.08905935287475586
135,0.0,0.1,0.08905935287475586
135,0.0,0.2,0.07857616245746613
135,0.03,0.0,0.08124803006649017
135,0.03,0.1,0.08124803006649017
135,0.03,0.2,0.08569102734327316
135,0.06,0.0,0.08372452855110168
135,0.06,0.1,0.08372452855110168
135,0.06,0.2,0.08918362110853195
135,0.09,0.0,0.09069819748401642
135,0.09,0.1,0.09069819748401642
135,0.09,0.2,0.10795772820711136
135,0.12,0.0,0.09019104391336441
135,0.12,0.1,0.09019104391336441
135,0.12,0.2,0.08598500490188599
135,0.15,0.0,0.09516672044992447
135,0.15,0.1,0.09516672044992447
135,0.15,0.2,0.09180419892072678
136,0.0,0.0,0.08820236474275589
136,0.0,0.1,0.08820236474275589
136,0.0,0.2,0.09484130144119263
136,0.03,0.0,0.0880899429321289
136,0.03,0.1,0.0880899429321289
136,0.03,0.2,0.08799347281455994
136,0.06,0.0,0.12338428944349289
136,0.06,0.1,0.12338428944349289
136,0.06,0.2,0.09602419286966324
136,0.09,0.0,0.13653381168842316
136,0.09,0.1,0.13653381168842316
136,0.09,0.2,0.11221444606781006
136,0.12,0.0,0.09345868229866028
136,0.12,0.1,0.09345868229866028
136,0.12,0.2,0.0854061171412468
136,0.15,0.0,0.08433973044157028
136,0.15,0.1,0.08433973044157028
136,0.15,0.2,0.09028885513544083
137,0.0,0.0,0.1257089376449585
137,0.0,0.1,0.1257089376449585
137,0.0,0.2,0.13135305047035217
137,0.03,0.0,0.10193460434675217
137,0.03,0.1,0.10193460434675217
137,0.03,0.2,0.10184168815612793
137,0.06,0.0,0.09650938212871552
137,0.06,0.1,0.09650938212871552
137,0.06,0.2,0.09955910593271255
137,0.09,0.0,0.14768432080745697
137,0.09,0.1,0.14768432080745697
137,0.09,0.2,0.1484915167093277
137,0.12,0.0,0.11722195893526077
137,0.12,0.1,0.11722195893526077
137,0.12,0.2,0.11683417856693268
137,0.15,0.0,0.08844427019357681
137,0.15,0.1,0.08844427019357681
137,0.15,0.2,0.09400380402803421
138,0.0,0.0,0.08818836510181427
138,0.0,0.1,0.08818836510181427
138,0.0,0.2,0.09512210637331009
138,0.03,0.0,0.08703622221946716
138,0.03,0.1,0.08703622221946716
138,0.03,0.2,0.10616303980350494
138,0.06,0.0,0.10008604824542999
138,0.06,0.1,0.10008604824542999
138,0.06,0.2,0.11387275159358978
138,0.09,0.0,0.10700341314077377
138,0.09,0.1,0.10700341314077377
138,0.09,0.2,0.11664559692144394
138,0.12,0.0,0.10934463888406754
138,0.12,0.1,0.10934463888406754
138,0.12,0.2,0.12068168818950653
138,0.15,0.0,0.11700057238340378
138,0.15,0.1,0.11700057238340378
138,0.15,0.2,0.12213360518217087
139,0.0,0.0,0.07709646970033646
139,0.0,0.1,0.07709646970033646
139,0.0,0.2,0.1211007758975029
139,0.03,0.0,0.0864531621336937
139,0.03,0.1,0.0864531621336937
139,0.03,0.2,0.1362258493900299
139,0.06,0.0,0.12098179757595062
139,0.06,0.1,0.12098179757595062
139,0.06,0.2,0.1636473834514618
139,0.09,0.0,0.16125494241714478
139,0.09,0.1,0.16125494241714478
139,0.09,0.2,0.1780136376619339
139,0.12,0.0,0.19624148309230804
139,0.12,0.1,0.19624148309230804
139,0.12,0.2,0.1935053914785385
139,0.15,0.0,0.18489378690719604
139,0.15,0.1,0.18489378690719604
139,0.15,0.2,0.166680246591568
14,0.0,0.0,0.08315307646989822
14,0.0,0.1,0.08315307646989822
14,0.0,0.2,0.12413844466209412
14,0.03,0.0,0.099504753947258
14,0.03,0.1,0.099504753947258
14,0.03,0.2,0.14932137727737427
14,0.06,0.0,0.11347021907567978
14,0.06,0.1,0.11347021907567978
14,0.06,0.2,0.15159587562084198
14,0.09,0.0,0.15158742666244507
14,0.09,0.1,0.15158742666244507
14,0.09,0.2,0.1630353480577469
14,0.12,0.0,0.16580992937088013
14,0.12,0.1,0.16580992937088013
14,0.12,0.2,0.17171424627304077
14,0.15,0.0,0.17367708683013916
14,0.15,0.1,0.17367708683013916
14,0.15,0.2,0.16430701315402985
140,0.0,0.0,0.08169326186180115
140,0.0,0.1,0.08169326186180115
140,0.0,0.2,0.10589741915464401
140,0.03,0.0,0.08742576092481613
140,0.03,0.1,0.08742576092481613
140,0.03,0.2,0.1031796932220459
140,0.06,0.0,0.09040261059999466
140,0.06,0.1,0.09040261059999466
140,0.06,0.2,0.10380183905363083
140,0.09,0.0,0.1015065461397171
140,0.09,0.1,0.1015065461397171
140,0.09,0.2,0.10765033960342407
140,0.12,0.0,0.09825189411640167
140,0.12,0.1,0.09825189411640167
140,0.12,0.2,0.11111392080783844
140,0.15,0.0,0.11712845414876938
140,0.15,0.1,0.11712845414876938
140,0.15,0.2,0.12201803922653198
141,0.0,0.0,0.10147852450609207
141,0.0,0.1,0.10147852450609207
141,0.0,0.2,0.0930340439081192
141,0.03,0.0,0.09691140055656433
141,0.03,0.1,0.09691140055656433
141,0.03,0.2,0.09172426909208298
141,0.06,0.0,0.09024090319871902
141,0.06,0.1,0.09024090319871902
141,0.06,0.2,0.10479559749364853
141,0.09,0.0,0.0956529825925827
141,0.09,0.1,0.0956529825925827
141,0.09,0.2,0.10627368092536926
141,0.12,0.0,0.094858318567276
141,0.12,0.1,0.094858318567276
141,0.12,0.2,0.09674946218729019
141,0.15,0.0,0.10305780172348022
141,0.15,0.1,0.10305780172348022
141,0.15,0.2,0.11210473626852036
142,0.0,0.0,0.08341088891029358
142,0.0,0.1,0.08341088891029358
142,0.0,0.2,0.0872001200914383
142,0.03,0.0,0.0817803144454956
142,0.03,0.1,0.0817803144454956
142,0.03,0.2,0.09935566037893295
142,0.06,0.0,0.08772838115692139
142,0.06,0.1,0.08772838115692139
142,0.06,0.2,0.10557802021503448
142,0.09,0.0,0.09597936272621155
142,0.09,0.1,0.09597936272621155
142,0.09,0.2,0.11163867264986038
142,0.12,0.0,0.10477709025144577
142,0.12,0.1,0.10477709025144577
142,0.12,0.2,0.10493158549070358
142,0.15,0.0,0.100741446018219
142,0.15,0.1,0.100741446018219
142,0.15,0.2,0.10307426750659943
143,0.0,0.0,0.09423830360174179
143,0.0,0.1,0.09423830360174179
143,0.0,0.2,0.08648239821195602
143,0.03,0.0,0.08594131469726562
143,0.03,0.1,0.08594131469726562
143,0.03,0.2,0.08102808892726898
143,0.06,0.0,0.09023215621709824
143,0.06,0.1,0.09023215621709824
143,0.06,0.2,0.1010206788778305
143,0.09,0.0,0.08484052866697311
143,0.09,0.1,0.08484052866697311
143,0.09,0.2,0.08823757618665695
143,0.12,0.0,0.08462141454219818
143,0.12,0.1,0.08462141454219818
143,0.12,0.2,0.0831097885966301
143,0.15,0.0,0.08718997985124588
143,0.15,0.1,0.08718997985124588
143,0.15,0.2,0.08602119982242584
144,0.0,0.0,0.09743110835552216
144,0.0,0.1,0.09743110835552216
144,0.0,0.2,0.09167438745498657
144,0.03,0.0,0.10000553727149963
144,0.03,0.1,0.10000553727149963
144,0.03,0.2,0.10211604833602905
144,0.06,0.0,0.09451497346162796
144,0.06,0.1,0.09451497346162796
144,0.06,0.2,0.09458430111408234
144,0.09,0.0,0.08967532962560654
144,0.09,0.1,0.08967532962560654
144,0.09,0.2,0.08685734868049622
144,0.12,0.0,0.09564178436994553
144,0.12,0.1,0.09564178436994553
144,0.12,0.2,0.08520296961069107
144,0.15,0.0,0.07998570054769516
144,0.15,0.1,0.07998570054769516
144,0.15,0.2,0.08070408552885056
145,0.0,0.0,0.0875837430357933
145,0.0,0.1,0.0875837430357933
145,0.0,0.2,0.140289306640625
145,0.03,0.0,0.10526388883590698
145,0.03,0.1,0.10526388883590698
145,0.03,0.2,0.18454992771148682
145,0.06,0.0,0.14115501940250397
145,0.06,0.1,0.14115501940250397
145,0.06,0.2,0.20614230632781982
145,0.09,0.0,0.21772955358028412
145,0.09,0.1,0.21772955358028412
145,0.09,0.2,0.22012260556221008
145,0.12,0.0,0.28162890672683716
145,0.12,0.1,0.28162890672683716
145,0.12,0.2,0.24010255932807922
145,0.15,0.0,0.27714040875434875
145,0.15,0.1,0.27714040875434875
145,0.15,0.2,0.21264398097991943
146,0.0,0.0,0.07892557978630066
146,0.0,0.1,0.07892557978630066
146,0.0,0.2,0.08242709934711456
146,0.03,0.0,0.09499925374984741
146,0.03,0.1,0.09499925374984741
146,0.03,0.2,0.09968208521604538
146,0.06,0.0,0.09186230599880219
146,0.06,0.1,0.09186230599880219
146,0.06,0.2,0.09735387563705444
146,0.09,0.0,0.09542728215456009
146,0.09,0.1,0.09542728215456009
146,0.09,0.2,0.09484744817018509
146,0.12,0.0,0.09519876539707184
146,0.12,0.1,0.09519876539707184
146,0.12,0.2,0.10399875044822693
146,0.15,0.0,0.08555017411708832
146,0.15,0.1,0.08555017411708832
146,0.15,0.2,0.08223520219326019
147,0.0,0.0,0.08362612873315811
147,0.0,0.1,0.08362612873315811
147,0.0,0.2,0.13901971280574799
147,0.03,0.0,0.12419295310974121
147,0.03,0.1,0.12419295310974121
147,0.03,0.2,0.13028724491596222
147,0.06,0.0,0.17605805397033691
147,0.06,0.1,0.17605805397033691
147,0.06,0.2,0.1545422226190567
147,0.09,0.0,0.16963939368724823
147,0.09,0.1,0.16963939368724823
147,0.09,0.2,0.14346863329410553
147,0.12,0.0,0.17060309648513794
147,0.12,0.1,0.17060309648513794
147,0.12,0.2,0.15288470685482025
147,0.15,0.0,0.17205004394054413
147,0.15,0.1,0.17205004394054413
147,0.15,0.2,0.14898627996444702
148,0.0,0.0,0.07663678377866745
148,0.0,0.1,0.07663678377866745
148,0.0,0.2,0.1154014840722084
148,0.03,0.0,0.08979657292366028
148,0.03,0.1,0.08979657292366028
148,0.03,0.2,0.12764449417591095
148,0.06,0.0,0.09708919376134872
148,0.06,0.1,0.09708919376134872
148,0.06,0.2,0.16387832164764404
148,0.09,0.0,0.1546763777732849
148,0.09,0.1,0.1546763777732849
148,0.09,0.2,0.19142836332321167
148,0.12,0.0,0.19970032572746277
148,0.12,0.1,0.19970032572746277
148,0.12,0.2,0.2019660919904709
148,0.15,0.0,0.20174412429332733
148,0.15,0.1,0.20174412429332733
148,0.15,0.2,0.18381430208683014
149,0.0,0.0,0.10434024780988693
149,0.0,0.1,0.10434024780988693
149,0.0,0.2,0.12125951051712036
149,0.03,0.0,0.0938817635178566
149,0.03,0.1,0.0938817635178566
149,0.03,0.2,0.09143269807100296
149,0.06,0.0,0.10371904075145721
149,0.06,0.1,0.10371904075145721
149,0.06,0.2,0.09302181005477905
149,0.09,0.0,0.10753970593214035
149,0.09,0.1,0.10753970593214035
149,0.09,0.2,0.09330061078071594
149,0.12,0.0,0.08805162459611893
149,0.12,0.1,0.08805162459611893
149,0.12,0.2,0.09373098611831665
149,0.15,0.0,0.09502935409545898
149,0.15,0.1,0.09502935409545898
149,0.15,0.2,0.08256970345973969
15,0.0,0.0,0.0868409052491188
15,0.0,0.1,0.0868409052491188
15,0.0,0.2,0.0819438174366951
15,0.03,0.0,0.09145426005125046
15,0.03,0.1,0.09145426005125046
15,0.03,0.2,0.08229340612888336
15,0.06,0.0,0.08374810963869095
15,0.06,0.1,0.08374810963869095
15,0.06,0.2,0.09016148000955582
15,0.09,0.0,0.07670997828245163
15,0.09,0.1,0.07670997828245163
15,0.09,0.2,0.07825873047113419
15,0.12,0.0,0.08855180442333221
15,0.12,0.1,0.08855180442333221
15,0.12,0.2,0.07700222730636597
15,0.15,0.0,0.0767560601234436
15,0.15,0.1,0.0767560601234436
15,0.15,0.2,0.07794881612062454
150,0.0,0.0,0.09366358071565628
150,0.0,0.1,0.09366358071565628
150,0.0,0.2,0.09599555283784866
150,0.03,0.0,0.08579286932945251
150,0.03,0.1,0.08579286932945251
150,0.03,0.2,0.08564523607492447
150,0.06,0.0,0.09819184243679047
150,0.06,0.1,0.09819184243679047
150,0.06,0.2,0.10675469040870667
150,0.09,0.0,0.10301811248064041
150,0.09,0.1,0.10301811248064041
150,0.09,0.2,0.10855915397405624
150,0.12,0.0,0.08832798153162003
150,0.12,0.1,0.08832798153162003
150,0.12,0.2,0.09480011463165283
150,0.15,0.0,0.0944678783416748
150,0.15,0.1,0.0944678783416748
150,0.15,0.2,0.0980433002114296
151,0.0,0.0,0.09396227449178696
151,0.0,0.1,0.09396227449178696
151,0.0,0.2,0.08730794489383698
151,0.03,0.0,0.09021833539009094
151,0.03,0.1,0.09021833539009094
151,0.03,0.2,0.10505382716655731
151,0.06,0.0,0.09460069984197617
151,0.06,0.1,0.09460069984197617
151,0.06,0.2,0.11275488138198853
151,0.09,0.0,0.09057348966598511
151,0.09,0.1,0.09057348966598511
151,0.09,0.2,0.10289507359266281
151,0.12,0.0,0.1035478338599205
151,0.12,0.1,0.1035478338599205
151,0.12,0.2,0.11421096324920654
151,0.15,0.0,0.11489801108837128
151,0.15,0.1,0.11489801108837128
151,0.15,0.2,0.12784504890441895
152,0.0,0.0,0.08455438166856766
152,0.0,0.1,0.08455438166856766
152,0.0,0.2,0.08377276360988617
152,0.03,0.0,0.07825062423944473
152,0.03,0.1,0.07825062423944473
152,0.03,0.2,0.09252217411994934
152,0.06,0.0,0.07989610731601715
152,0.06,0.1,0.07989610731601715
152,0.06,0.2,0.11090584844350815
152,0.09,0.0,0.09638438373804092
152,0.09,0.1,0.09638438373804092
152,0.09,0.2,0.11626681685447693
152,0.12,0.0,0.11813025176525116
152,0.12,0.1,0.11813025176525116
152,0.12,0.2,0.12757843732833862
152,0.15,0.0,0.14342474937438965
152,0.15,0.1,0.14342474937438965
152,0.15,0.2,0.14182259142398834
153,0.0,0.0,0.09234515577554703
153,0.0,0.1,0.09234515577554703
153,0.0,0.2,0.08478385955095291
153,0.03,0.0,0.11003584414720535
153,0.03,0.1,0.11003584414720535
153,0.03,0.2,0.108331598341465
153,0.06,0.0,0.08644328266382217
153,0.06,0.1,0.08644328266382217
153,0.06,0.2,0.09850946813821793
153,0.09,0.0,0.08795316517353058
153,0.09,0.1,0.08795316517353058
153,0.09,0.2,0.09716697037220001
153,0.12,0.0,0.08891778439283371
153,0.12,0.1,0.08891778439283371
153,0.12,0.2,0.09080515056848526
153,0.15,0.0,0.10756753385066986
153,0.15,0.1,0.10756753385066986
153,0.15,0.2,0.09892596304416656
154,0.0,0.0,0.0882931649684906
154,0.0,0.1,0.0882931649684906
154,0.0,0.2,0.09697668254375458
154,0.03,0.0,0.09943615645170212
154,0.03,0.1,0.09943615645170212
154,0.03,0.2,0.09794619679450989
154,0.06,0.0,0.08511952310800552
154,0.06,0.1,0.08511952310800552
154,0.06,0.2,0.0891246348619461
154,0.09,0.0,0.08865219354629517
154,0.09,0.1,0.08865219354629517
154,0.09,0.2,0.08246815949678421
154,0.12,0.0,0.08477529883384705
154,0.12,0.1,0.08477529883384705
154,0.12,0.2,0.08703505992889404
154,0.15,0.0,0.10188817232847214
154,0.15,0.1,0.10188817232847214
154,0.15,0.2,0.09065812826156616
155,0.0,0.0,0.0833449512720108
155,0.0,0.1,0.0833449512720108
155,0.0,0.2,0.09864528477191925
155,0.03,0.0,0.08975232392549515
155,0.03,0.1,0.08975232392549515
155,0.03,0.2,0.1276959776878357
155,0.06,0.0,0.11147440969944
155,0.06,0.1,0.11147440969944
155,0.06,0.2,0.1429881751537323
155,0.09,0.0,0.13104286789894104
155,0.09,0.1,0.13104286789894104
155,0.09,0.2,0.14636459946632385
155,0.12,0.0,0.15639010071754456
155,0.12,0.1,0.15639010071754456
155,0.12,0.2,0.14971299469470978
155,0.15,0.0,0.16463978588581085
155,0.15,0.1,0.16463978588581085
155,0.15,0.2,0.14861249923706055
156,0.0,0.0,0.08847406506538391
156,0.0,0.1,0.08847406506538391
156,0.0,0.2,0.146274134516716
156,0.03,0.0,0.10494740307331085
156,0.03,0.1,0.10494740307331085
156,0.03,0.2,0.16338452696800232
156,0.06,0.0,0.14353738725185394
156,0.06,0.1,0.14353738725185394
156,0.06,0.2,0.18288810551166534
156,0.09,0.0,0.17375655472278595
156,0.09,0.1,0.17375655472278595
156,0.09,0.2,0.17424455285072327
156,0.12,0.0,0.17168410122394562
156,0.12,0.1,0.17168410122394562
156,0.12,0.2,0.14473359286785126
156,0.15,0.0,0.16242840886116028
156,0.15,0.1,0.16242840886116028
156,0.15,0.2,0.12866511940956116
157,0.0,0.0,0.11166257411241531
157,0.0,0.1,0.11166257411241531
157,0.0,0.2,0.1214606761932373
157,0.03,0.0,0.11440926790237427
157,0.03,0.1,0.11440926790237427
157,0.03,0.2,0.12351037561893463
157,0.06,0.0,0.13053831458091736
157,0.06,0.1,0.13053831458091736
157,0.06,0.2,0.1279381960630417
157,0.09,0.0,0.1261473000049591
157,0.09,0.1,0.1261473000049591
157,0.09,0.2,0.1373370736837387
157,0.12,0.0,0.11903171986341476
157,0.12,0.1,0.11903171986341476
157,0.12,0.2,0.1375860571861267
157,0.15,0.0,0.12960542738437653
157,0.15,0.1,0.12960542738437653
157,0.15,0.2,0.14485394954681396
158,0.0,0.0,0.10169301927089691
158,0.0,0.1,0.10169301927089691
158,0.0,0.2,0.08421812206506729
158,0.03,0.0,0.0936107411980629
158,0.03,0.1,0.0936107411980629
158,0.03,0.2,0.08783692121505737
158,0.06,0.0,0.09884519129991531
158,0.06,0.1,0.09884519129991531
158,0.06,0.2,0.08849532157182693
158,0.09,0.0,0.09247952699661255
158,0.09,0.1,0.09247952699661255
158,0.09,0.2,0.08769892901182175
158,0.12,0.0,0.08249969780445099
158,0.12,0.1,0.08249969780445099
158,0.12,0.2,0.08411683142185211
158,0.15,0.0,0.08753416687250137
158,0.15,0.1,0.08753416687250137
158,0.15,0.2,0.08257877081632614
159,0.0,0.0,0.08529918640851974
159,0.0,0.1,0.08529918640851974
159,0.0,0.2,0.10708270967006683
159,0.03,0.0,0.09193909913301468
159,0.03,0.1,0.09193909913301468
159,0.03,0.2,0.08984160423278809
159,0.06,0.0,0.08008592575788498
159,0.06,0.1,0.08008592575788498
159,0.06,0.2,0.08335892856121063
159,0.09,0.0,0.1003333032131195
159,0.09,0.1,0.1003333032131195
159,0.09,0.2,0.10451152175664902
159,0.12,0.0,0.08564336597919464
159,0.12,0.1,0.08564336597919464
159,0.12,0.2,0.09993214160203934
159,0.15,0.0,0.08891387283802032
159,0.15,0.1,0.08891387283802032
159,0.15,0.2,0.09358205646276474
16,0.0,0.0,0.08124591410160065
16,0.0,0.1,0.08124591410160065
16,0.0,0.2,0.0869704857468605
16,0.03,0.0,0.09476479142904282
16,0.03,0.1,0.09476479142904282
16,0.03,0.2,0.09347742050886154
16,0.06,0.0,0.08633045107126236
16,0.06,0.1,0.08633045107126236
16,0.06,0.2,0.07864715903997421
16,0.09,0.0,0.08083368837833405
16,0.09,0.1,0.08083368837833405
16,0.09,0.2,0.0826973095536232
16,0.12,0.0,0.08910341560840607
16,0.12,0.1,0.08910341560840607
16,0.12,0.2,0.08546505123376846
16,0.15,0.0,0.07875796407461166
16,0.15,0.1,0.07875796407461166
16,0.15,0.2,0.08261535316705704
160,0.0,0.0,0.08480941504240036
160,0.0,0.1,0.08480941504240036
160,0.0,0.2,0.10144644230604172
160,0.03,0.0,0.10057000815868378
160,0.03,0.1,0.10057000815868378
160,0.03,0.2,0.13617321848869324
160,0.06,0.0,0.11045227199792862
160,0.06,0.1,0.11045227199792862
160,0.06,0.2,0.1663549244403839
160,0.09,0.0,0.12877419590950012
160,0.09,0.1,0.12877419590950012
160,0.09,0.2,0.16785088181495667
160,0.12,0.0,0.17683708667755127
160,0.12,0.1,0.17683708667755127
160,0.12,0.2,0.1906954050064087
160,0.15,0.0,0.2013905644416809
160,0.15,0.1,0.2013905644416809
160,0.15,0.2,0.19319555163383484
161,0.0,0.0,0.1116010844707489
161,0.0,0.1,0.1116010844707489
161,0.0,0.2,0.11330704391002655
161,0.03,0.0,0.09540220350027084
161,0.03,0.1,0.09540220350027084
161,0.03,0.2,0.10309711843729019
161,0.06,0.0,0.10026524215936661
161,0.06,0.1,0.10026524215936661
161,0.06,0.2,0.10123025625944138
161,0.09,0.0,0.10076287388801575
161,0.09,0.1,0.10076287388801575
161,0.09,0.2,0.1020711213350296
161,0.12,0.0,0.10942310839891434
161,0.12,0.1,0.10942310839891434
161,0.12,0.2,0.10086710005998611
161,0.15,0.0,0.09612715989351273
161,0.15,0.1,0.09612715989351273
161,0.15,0.2,0.10100650787353516
162,0.0,0.0,0.09037104994058609
162,0.0,0.1,0.09037104994058609
162,0.0,0.2,0.09174779802560806
162,0.03,0.0,0.08618387579917908
162,0.03,0.1,0.08618387579917908
162,0.03,0.2,0.09030453115701675
162,0.06,0.0,0.09714862704277039
162,0.06,0.1,0.09714862704277039
162,0.06,0.2,0.10328814387321472
162,0.09,0.0,0.1070115938782692
162,0.09,0.1,0.1070115938782692
162,0.09,0.2,0.10377391427755356
162,0.12,0.0,0.10483486950397491
162,0.12,0.1,0.10483486950397491
162,0.12,0.2,0.09917965531349182
162,0.15,0.0,0.09000209718942642
162,0.15,0.1,0.09000209718942642
162,0.15,0.2,0.09468165785074234
163,0.0,0.0,0.1109580248594284
163,0.0,0.1,0.1109580248594284
163,0.0,0.2,0.11342903971672058
163,0.03,0.0,0.09899876266717911
163,0.03,0.1,0.09899876266717911
163,0.03,0.2,0.10274432599544525
163,0.06,0.0,0.08905257284641266
163,0.06,0.1,0.08905257284641266
163,0.06,0.2,0.09691618382930756
163,0.09,0.0,0.10412455350160599
163,0.09,0.1,0.10412455350160599
163,0.09,0.2,0.10390052944421768
163,0.12,0.0,0.08865384757518768
163,0.12,0.1,0.08865384757518768
163,0.12,0.2,0.10179924964904785
163,0.15,0.0,0.11167560517787933
163,0.15,0.1,0.11167560517787933
163,0.15,0.2,0.12823213636875153
164,0.0,0.0,0.09132427722215652
164,0.0,0.1,0.09132427722215652
164,0.0,0.2,0.09435930848121643
164,0.03,0.0,0.08075667172670364
164,0.03,0.1,0.08075667172670364
164,0.03,0.2,0.08195307850837708
164,0.06,0.0,0.08653628826141357
164,0.06,0.1,0.08653628826141357
164,0.06,0.2,0.08781430125236511
164,0.09,0.0,0.08181155472993851
164,0.09,0.1,0.08181155472993851
164,0.09,0.2,0.08923813700675964
164,0.12,0.0,0.08695366978645325
164,0.12,0.1,0.08695366978645325
164,0.12,0.2,0.09492523968219757
164,0.15,0.0,0.08548516035079956
164,0.15,0.1,0.08548516035079956
164,0.15,0.2,0.09554272890090942
165,0.0,0.0,0.0996420681476593
165,0.0,0.1,0.0996420681476593
165,0.0,0.2,0.11056246608495712
165,0.03,0.0,0.08495994657278061
165,0.03,0.1,0.08495994657278061
165,0.03,0.2,0.09510064125061035
165,0.06,0.0,0.09294889867305756
165,0.06,0.1,0.09294889867305756
165,0.06,0.2,0.09574463963508606
165,0.09,0.0,0.09743264317512512
165,0.09,0.1,0.09743264317512512
165,0.09,0.2,0.0927686020731926
165,0.12,0.0,0.10501674562692642
165,0.12,0.1,0.10501674562692642
165,0.12,0.2,0.09790121018886566
165,0.15,0.0,0.08688142895698547
165,0.15,0.1,0.08688142895698547
165,0.15,0.2,0.09084466099739075
166,0.0,0.0,0.08113864809274673
166,0.0,0.1,0.08113864809274673
166,0.0,0.2,0.08666843175888062
166,0.03,0.0,0.09581893682479858
166,0.03,0.1,0.09581893682479858
166,0.03,0.2,0.1000528335571289
166,0.06,0.0,0.07954077422618866
166,0.06,0.1,0.07954077422618866
166,0.06,0.2,0.08421017974615097
166,0.09,0.0,0.07618214935064316
166,0.09,0.1,0.07618214935064316
166,0.09,0.2,0.07925466448068619
166,0.12,0.0,0.08701304346323013
166,0.12,0.1,0.08701304346323013
166,0.12,0.2,0.08653660118579865
166,0.15,0.0,0.08756700158119202
166,0.15,0.1,0.08756700158119202
166,0.15,0.2,0.08790529519319534
167,0.0,0.0,0.09084833413362503
167,0.0,0.1,0.09084833413362503
167,0.0,0.2,0.09218171238899231
167,0.03,0.0,0.09794934839010239
167,0.03,0.1,0.09794934839010239
167,0.03,0.2,0.08970654755830765
167,0.06,0.0,0.08081004023551941
167,0.06,0.1,0.08081004023551941
167,0.06,0.2,0.07703405618667603
167,0.09,0.0,0.08434928208589554
167,0.09,0.1,0.08434928208589554
167,0.09,0.2,0.08254989981651306
167,0.12,0.0,0.08330000191926956
167,0.12,0.1,0.08330000191926956
167,0.12,0.2,0.08464009314775467
167,0.15,0.0,0.08195579051971436
167,0.15,0.1,0.08195579051971436
167,0.15,0.2,0.08588297665119171
168,0.0,0.0,0.08842317014932632
168,0.0,0.1,0.08842317014932632
168,0.0,0.2,0.0935559943318367
168,0.03,0.0,0.09111353754997253
168,0.03,0.1,0.09111353754997253
168,0.03,0.2,0.12184266746044159
168,0.06,0.0,0.0907803401350975
168,0.06,0.1,0.0907803401350975
168,0.06,0.2,0.11800111830234528
168,0.09,0.0,0.12635739147663116
168,0.09,0.1,0.12635739147663116
168,0.09,0.2,0.14454472064971924
168,0.12,0.0,0.1416681706905365
168,0.12,0.1,0.1416681706905365
168,0.12,0.2,0.1393677145242691
168,0.15,0.0,0.1422710120677948
168,0.15,0.1,0.1422710120677948
168,0.15,0.2,0.13440702855587006
169,0.0,0.0,0.08765741437673569
169,0.0,0.1,0.08765741437673569
169,0.0,0.2,0.08249076455831528
169,0.03,0.0,0.09180032461881638
169,0.03,0.1,0.09180032461881638
169,0.03,0.2,0.09134311228990555
169,0.06,0.0,0.09170211851596832
169,0.06,0.1,0.09170211851596832
169,0.06,0.2,0.08319192379713058
169,0.09,0.0,0.08808865398168564
169,0.09,0.1,0.08808865398168564
169,0.09,0.2,0.09219972044229507
169,0.12,0.0,0.08139517903327942
169,0.12,0.1,0.08139517903327942
169,0.12,0.2,0.07661451399326324
169,0.15,0.0,0.07739285379648209
169,0.15,0.1,0.07739285379648209
169,0.15,0.2,0.08622758090496063
17,0.0,0.0,0.09083212167024612
17,0.0,0.1,0.09083212167024612
17,0.0,0.2,0.08596136420965195
17,0.03,0.0,0.08810688555240631
17,0.03,0.1,0.08810688555240631
17,0.03,0.2,0.08280398696660995
17,0.06,0.0,0.10681596398353577
17,0.06,0.1,0.10681596398353577
17,0.06,0.2,0.10793418437242508
17,0.09,0.0,0.11598870158195496
17,0.09,0.1,0.11598870158195496
17,0.09,0.2,0.10867109149694443
17,0.12,0.0,0.10338126868009567
17,0.12,0.1,0.10338126868009567
17,0.12,0.2,0.0958128497004509
17,0.15,0.0,0.0815960168838501
17,0.15,0.1,0.0815960168838501
17,0.15,0.2,0.09985437989234924
170,0.0,0.0,0.09709930419921875
170,0.0,0.1,0.09709930419921875
170,0.0,0.2,0.093956358730793
170,0.03,0.0,0.09688577800989151
170,0.03,0.1,0.09688577800989151
170,0.03,0.2,0.10595659166574478
170,0.06,0.0,0.09236414730548859
170,0.06,0.1,0.09236414730548859
170,0.06,0.2,0.1054467037320137
170,0.09,0.0,0.08997981995344162
170,0.09,0.1,0.08997981995344162
170,0.09,0.2,0.10861997306346893
170,0.12,0.0,0.09772957116365433
170,0.12,0.1,0.09772957116365433
170,0.12,0.2,0.10347192734479904
170,0.15,0.0,0.11511513590812683
170,0.15,0.1,0.11511513590812683
170,0.15,0.2,0.11478590220212936
171,0.0,0.0,0.07967296242713928
171,0.0,0.1,0.07967296242713928
171,0.0,0.2,0.10901648551225662
171,0.03,0.0,0.08357399702072144
171,0.03,0.1,0.08357399702072144
171,0.03,0.2,0.12347330898046494
171,0.06,0.0,0.10944877564907074
171,0.06,0.1,0.10944877564907074
171,0.06,0.2,0.13896915316581726
171,0.09,0.0,0.13659097254276276
171,0.09,0.1,0.13659097254276276
171,0.09,0.2,0.14179329574108124
171,0.12,0.0,0.15841934084892273
171,0.12,0.1,0.15841934084892273
171,0.12,0.2,0.14341777563095093
171,0.15,0.0,0.1545543670654297
171,0.15,0.1,0.1545543670654297
171,0.15,0.2,0.14719533920288086
172,0.0,0.0,0.07764040678739548
172,0.0,0.1,0.07764040678739548
172,0.0,0.2,0.08280640840530396
172,0.03,0.0,0.0853617861866951
172,0.03,0.1,0.0853617861866951
172,0.03,0.2,0.1086353063583374
172,0.06,0.0,0.08822382241487503
172,0.06,0.1,0.08822382241487503
172,0.06,0.2,0.0847148448228836
172,0.09,0.0,0.08943857997655869
172,0.09,0.1,0.08943857997655869
172,0.09,0.2,0.09535859525203705
172,0.12,0.0,0.09242375195026398
172,0.12,0.1,0.09242375195026398
172,0.12,0.2,0.09074412286281586
172,0.15,0.0,0.08476902544498444
172,0.15,0.1,0.08476902544498444
172,0.15,0.2,0.08154980838298798
173,0.0,0.0,0.08966685831546783
173,0.0,0.1,0.08966685831546783
173,0.0,0.2,0.08496510982513428
173,0.03,0.0,0.08839123696088791
173,0.03,0.1,0.08839123696088791
173,0.03,0.2,0.07866392284631729
173,0.06,0.0,0.08778517693281174
173,0.06,0.1,0.08778517693281174
173,0.06,0.2,0.08058245480060577
173,0.09,0.0,0.08106815069913864
173,0.09,0.1,0.08106815069913864
173,0.09,0.2,0.08931387960910797
173,0.12,0.0,0.0866009071469307
173,0.12,0.1,0.0866009071469307
173,0.12,0.2,0.0955716073513031
173,0.15,0.0,0.08252163231372833
173,0.15,0.1,0.08252163231372833
173,0.15,0.2,0.08875046670436859
174,0.0,0.0,0.0950208306312561
174,0.0,0.1,0.0950208306312561
174,0.0,0.2,0.13274160027503967
174,0.03,0.0,0.11487701535224915
174,0.03,0.1,0.11487701535224915
174,0.03,0.2,0.16134598851203918
174,0.06,0.0,0.16586928069591522
174,0.06,0.1,0.16586928069591522
174,0.06,0.2,0.16816554963588715
174,0.09,0.0,0.18035784363746643
174,0.09,0.1,0.18035784363746643
174,0.09,0.2,0.15557248890399933
174,0.12,0.0,0.19770033657550812
174,0.12,0.1,0.19770033657550812
174,0.12,0.2,0.1530495584011078
174,0.15,0.0,0.18139882385730743
174,0.15,0.1,0.18139882385730743
174,0.15,0.2,0.1450268030166626
175,0.0,0.0,0.12708404660224915
175,0.0,0.1,0.12708404660224915
175,0.0,0.2,0.12418253719806671
175,0.03,0.0,0.11631450802087784
175,0.03,0.1,0.11631450802087784
175,0.03,0.2,0.12132556736469269
175,0.06,0.0,0.09887930005788803
175,0.06,0.1,0.09887930005788803
175,0.06,0.2,0.1286020427942276
175,0.09,0.0,0.10880342870950699
175,0.09,0.1,0.10880342870950699
175,0.09,0.2,0.1367855668067932
175,0.12,0.0,0.1328059881925583
175,0.12,0.1,0.1328059881925583
175,0.12,0.2,0.14259204268455505
175,0.15,0.0,0.15108267962932587
175,0.15,0.1,0.15108267962932587
175,0.15,0.2,0.15190614759922028
176,0.0,0.0,0.08456355333328247
176,0.0,0.1,0.08456355333328247
176,0.0,0.2,0.0816730186343193
176,0.03,0.0,0.08328860998153687
176,0.03,0.1,0.08328860998153687
176,0.03,0.2,0.08063746243715286
176,0.06,0.0,0.0852915421128273
176,0.06,0.1,0.0852915421128273
176,0.06,0.2,0.08547217398881912
176,0.09,0.0,0.08195008337497711
176,0.09,0.1,0.08195008337497711
176,0.09,0.2,0.08044354617595673
176,0.12,0.0,0.09659480303525925
176,0.12,0.1,0.09659480303525925
176,0.12,0.2,0.10681553184986115
176,0.15,0.0,0.08843019604682922
176,0.15,0.1,0.08843019604682922
176,0.15,0.2,0.08432909846305847
177,0.0,0.0,0.09418372809886932
177,0.0,0.1,0.09418372809886932
177,0.0,0.2,0.09666898846626282
177,0.03,0.0,0.08927758038043976
177,0.03,0.1,0.08927758038043976
177,0.03,0.2,0.08811314404010773
177,0.06,0.0,0.08450324088335037
177,0.06,0.1,0.08450324088335037
177,0.06,0.2,0.08686463534832001
177,0.09,0.0,0.07640207558870316
177,0.09,0.1,0.07640207558870316
177,0.09,0.2,0.08042167127132416
177,0.12,0.0,0.08058439940214157
177,0.12,0.1,0.08058439940214157
177,0.12,0.2,0.07973799854516983
177,0.15,0.0,0.09231243282556534
177,0.15,0.1,0.09231243282556534
177,0.15,0.2,0.09666728228330612
178,0.0,0.0,0.08723554760217667
178,0.0,0.1,0.08723554760217667
178,0.0,0.2,0.17455634474754333
178,0.03,0.0,0.14871567487716675
178,0.03,0.1,0.14871567487716675
178,0.03,0.2,0.19691428542137146
178,0.06,0.0,0.21601399779319763
178,0.06,0.1,0.21601399779319763
178,0.06,0.2,0.21048960089683533
178,0.09,0.0,0.24924004077911377
178,0.09,0.1,0.24924004077911377
178,0.09,0.2,0.20898382365703583
178,0.12,0.0,0.26377588510513306
178,0.12,0.1,0.26377588510513306
178,0.12,0.2,0.20914828777313232
178,0.15,0.0,0.20657873153686523
178,0.15,0.1,0.20657873153686523
178,0.15,0.2,0.15983635187149048
179,0.0,0.0,0.10245305299758911
179,0.0,0.1,0.10245305299758911
179,0.0,0.2,0.08454819023609161
179,0.03,0.0,0.08649270236492157
179,0.03,0.1,0.08649270236492157
179,0.03,0.2,0.08542482554912567
179,0.06,0.0,0.07764144241809845
179,0.06,0.1,0.07764144241809845
179,0.06,0.2,0.08546146005392075
179,0.09,0.0,0.08787261694669724
179,0.09,0.1,0.08787261694669724
179,0.09,0.2,0.08979640156030655
179,0.12,0.0,0.08522281795740128
179,0.12,0.1,0.08522281795740128
179,0.12,0.2,0.08137410879135132
179,0.15,0.0,0.08777792751789093
179,0.15,0.1,0.08777792751789093
179,0.15,0.2,0.08447115868330002
18,0.0,0.0,0.07993896305561066
18,0.0,0.1,0.07993896305561066
18,0.0,0.2,0.09083141386508942
18,0.03,0.0,0.07966155558824539
18,0.03,0.1,0.07966155558824539
18,0.03,0.2,0.08309286832809448
18,0.06,0.0,0.09188231080770493
18,0.06,0.1,0.09188231080770493
18,0.06,0.2,0.09608201682567596
18,0.09,0.0,0.08086460828781128
18,0.09,0.1,0.08086460828781128
18,0.09,0.2,0.08741658180952072
18,0.12,0.0,0.09658285975456238
18,0.12,0.1,0.09658285975456238
18,0.12,0.2,0.09461652487516403
18,0.15,0.0,0.09069877117872238
18,0.15,0.1,0.09069877117872238
18,0.15,0.2,0.08748975396156311
180,0.0,0.0,0.0805010199546814
180,0.0,0.1,0.0805010199546814
180,0.0,0.2,0.08392024785280228
180,0.03,0.0,0.07709331065416336
180,0.03,0.1,0.07709331065416336
180,0.03,0.2,0.07817291468381882
180,0.06,0.0,0.09265682101249695
180,0.06,0.1,0.09265682101249695
180,0.06,0.2,0.0953860953450203
180,0.09,0.0,0.09138112515211105
180,0.09,0.1,0.09138112515211105
180,0.09,0.2,0.09831354022026062
180,0.12,0.0,0.08982428163290024
180,0.12,0.1,0.08982428163290024
180,0.12,0.2,0.11508488655090332
180,0.15,0.0,0.0877806544303894
180,0.15,0.1,0.0877806544303894
180,0.15,0.2,0.12939953804016113
181,0.0,0.0,0.08686436712741852
181,0.0,0.1,0.08686436712741852
181,0.0,0.2,0.09820786863565445
181,0.03,0.0,0.09082283824682236
181,0.03,0.1,0.09082283824682236
181,0.03,0.2,0.1206439882516861
181,0.06,0.0,0.0967886820435524
181,0.06,0.1,0.0967886820435524
181,0.06,0.2,0.13144105672836304
181,0.09,0.0,0.12527884542942047
181,0.09,0.1,0.12527884542942047
181,0.09,0.2,0.13573023676872253
181,0.12,0.0,0.1545630693435669
181,0.12,0.1,0.1545630693435669
181,0.12,0.2,0.1490185409784317
181,0.15,0.0,0.15406940877437592
181,0.15,0.1,0.15406940877437592
181,0.15,0.2,0.15232543647289276
182,0.0,0.0,0.09265082329511642
182,0.0,0.1,0.09265082329511642
182,0.0,0.2,0.09107548743486404
182,0.03,0.0,0.0961301252245903
182,0.03,0.1,0.0961301252245903
182,0.03,0.2,0.09837261587381363
182,0.06,0.0,0.08960116654634476
182,0.06,0.1,0.08960116654634476
182,0.06,0.2,0.10177435725927353
182,0.09,0.0,0.08823096007108688
182,0.09,0.1,0.08823096007108688
182,0.09,0.2,0.0907273143529892
182,0.12,0.0,0.1110752522945404
182,0.12,0.1,0.1110752522945404
182,0.12,0.2,0.11768946051597595
182,0.15,0.0,0.09373992681503296
182,0.15,0.1,0.09373992681503296
182,0.15,0.2,0.10037397593259811
183,0.0,0.0,0.10475368797779083
183,0.0,0.1,0.10475368797779083
183,0.0,0.2,0.11785925179719925
183,0.03,0.0,0.11028991639614105
183,0.03,0.1,0.11028991639614105
183,0.03,0.2,0.11808350682258606
183,0.06,0.0,0.10119133442640305
183,0.06,0.1,0.10119133442640305
183,0.06,0.2,0.1190473660826683
183,0.09,0.0,0.12012531608343124
183,0.09,0.1,0.12012531608343124
183,0.09,0.2,0.1343110054731369
183,0.12,0.0,0.12782254815101624
183,0.12,0.1,0.12782254815101624
183,0.12,0.2,0.14314910769462585
183,0.15,0.0,0.13314224779605865
183,0.15,0.1,0.13314224779605865
183,0.15,0.2,0.13520711660385132
184,0.0,0.0,0.08319953083992004
184,0.0,0.1,0.08319953083992004
184,0.0,0.2,0.08896729350090027
184,0.03,0.0,0.08556998521089554
184,0.03,0.1,0.08556998521089554
184,0.03,0.2,0.07853534817695618
184,0.06,0.0,0.07852857559919357
184,0.06,0.1,0.07852857559919357
184,0.06,0.2,0.08371390402317047
184,0.09,0.0,0.0815901979804039
184,0.09,0.1,0.0815901979804039
184,0.09,0.2,0.08716347068548203
184,0.12,0.0,0.08003203570842743
184,0.12,0.1,0.08003203570842743
184,0.12,0.2,0.0874791070818901
184,0.15,0.0,0.08683254569768906
184,0.15,0.1,0.08683254569768906
184,0.15,0.2,0.0824207067489624
185,0.0,0.0,0.09745490550994873
185,0.0,0.1,0.09745490550994873
185,0.0,0.2,0.0836206004023552
185,0.03,0.0,0.08199776709079742
185,0.03,0.1,0.08199776709079742
185,0.03,0.2,0.0894811823964119
185,0.06,0.0,0.087297722697258
185,0.06,0.1,0.087297722697258
185,0.06,0.2,0.0846715122461319
185,0.09,0.0,0.08592617511749268
185,0.09,0.1,0.08592617511749268
185,0.09,0.2,0.09037657827138901
185,0.12,0.0,0.10003014653921127
185,0.12,0.1,0.10003014653921127
185,0.12,0.2,0.104106105864048
185,0.15,0.0,0.09452486783266068
185,0.15,0.1,0.09452486783266068
185,0.15,0.2,0.10369111597537994
186,0.0,0.0,0.08287911862134933
186,0.0,0.1,0.08287911862134933
186,0.0,0.2,0.10863333940505981
186,0.03,0.0,0.0859183818101883
186,0.03,0.1,0.0859183818101883
186,0.03,0.2,0.08820898085832596
186,0.06,0.0,0.10538671165704727
186,0.06,0.1,0.10538671165704727
186,0.06,0.2,0.08606630563735962
186,0.09,0.0,0.151750385761261
186,0.09,0.1,0.151750385761261
186,0.09,0.2,0.11245013028383255
186,0.12,0.0,0.1134830191731453
186,0.12,0.1,0.1134830191731453
186,0.12,0.2,0.09067778289318085
186,0.15,0.0,0.08860448002815247
186,0.15,0.1,0.08860448002815247
186,0.15,0.2,0.08448071032762527
187,0.0,0.0,0.09986653178930283
187,0.0,0.1,0.09986653178930283
187,0.0,0.2,0.11372411251068115
187,0.03,0.0,0.09370078891515732
187,0.03,0.1,0.09370078891515732
187,0.03,0.2,0.10928385704755783
187,0.06,0.0,0.11955420672893524
187,0.06,0.1,0.11955420672893524
187,0.06,0.2,0.10995656996965408
187,0.09,0.0,0.13573935627937317
187,0.09,0.1,0.13573935627937317
187,0.09,0.2,0.0953979566693306
187,0.12,0.0,0.1414652168750763
187,0.12,0.1,0.1414652168750763
187,0.12,0.2,0.0946691557765007
187,0.15,0.0,0.11957988888025284
187,0.15,0.1,0.11957988888025284
187,0.15,0.2,0.08457999676465988
188,0.0,0.0,0.08347752690315247
188,0.0,0.1,0.08347752690315247
188,0.0,0.2,0.08770263195037842
188,0.03,0.0,0.09229059517383575
188,0.03,0.1,0.09229059517383575
188,0.03,0.2,0.09453077614307404
188,0.06,0.0,0.09503322839736938
188,0.06,0.1,0.09503322839736938
188,0.06,0.2,0.10550511628389359
188,0.09,0.0,0.09063607454299927
188,0.09,0.1,0.09063607454299927
188,0.09,0.2,0.09346287697553635
188,0.12,0.0,0.09444572776556015
188,0.12,0.1,0.09444572776556015
188,0.12,0.2,0.08850128203630447
188,0.15,0.0,0.0997864231467247
188,0.15,0.1,0.0997864231467247
188,0.15,0.2,0.09695766866207123
189,0.0,0.0,0.09454170614480972
189,0.0,0.1,0.09454170614480972
189,0.0,0.2,0.08928767591714859
189,0.03,0.0,0.0798763856291771
189,0.03,0.1,0.0798763856291771
189,0.03,0.2,0.08790779858827591
189,0.06,0.0,0.09202457964420319
189,0.06,0.1,0.09202457964420319
189,0.06,0.2,0.09870291501283646
189,0.09,0.0,0.12802788615226746
189,0.09,0.1,0.12802788615226746
189,0.09,0.2,0.12017572671175003
189,0.12,0.0,0.11482643336057663
189,0.12,0.1,0.11482643336057663
189,0.12,0.2,0.10162843763828278
189,0.15,0.0,0.1148795560002327
189,0.15,0.1,0.1148795560002327
189,0.15,0.2,0.10379913449287415
19,0.0,0.0,0.10069089382886887
19,0.0,0.1,0.10069089382886887
19,0.0,0.2,0.09805352985858917
19,0.03,0.0,0.09226448833942413
19,0.03,0.1,0.09226448833942413
19,0.03,0.2,0.08642981201410294
19,0.06,0.0,0.08963935077190399
19,0.06,0.1,0.08963935077190399
19,0.06,0.2,0.0915282666683197
19,0.09,0.0,0.10610204935073853
19,0.09,0.1,0.10610204935073853
19,0.09,0.2,0.09422223269939423
19,0.12,0.0,0.07863406836986542
19,0.12,0.1,0.07863406836986542
19,0.12,0.2,0.0794844850897789
19,0.15,0.0,0.10487837344408035
19,0.15,0.1,0.10487837344408035
19,0.15,0.2,0.10201816260814667
190,0.0,0.0,0.09835898131132126
190,0.0,0.1,0.09835898131132126
190,0.0,0.2,0.09251262247562408
190,0.03,0.0,0.08606656640768051
190,0.03,0.1,0.08606656640768051
190,0.03,0.2,0.088404580950737
190,0.06,0.0,0.09339281171560287
190,0.06,0.1,0.09339281171560287
190,0.06,0.2,0.0999036431312561
190,0.09,0.0,0.10215068608522415
190,0.09,0.1,0.10215068608522415
190,0.09,0.2,0.09883435070514679
190,0.12,0.0,0.08460056781768799
190,0.12,0.1,0.08460056781768799
190,0.12,0.2,0.10676505416631699
190,0.15,0.0,0.08545856922864914
190,0.15,0.1,0.08545856922864914
190,0.15,0.2,0.09929515421390533
191,0.0,0.0,0.08827604353427887
191,0.0,0.1,0.08827604353427887
191,0.0,0.2,0.09343153983354568
191,0.03,0.0,0.08338545262813568
191,0.03,0.1,0.08338545262813568
191,0.03,0.2,0.11020345240831375
191,0.06,0.0,0.11123573035001755
191,0.06,0.1,0.11123573035001755
191,0.06,0.2,0.11881762742996216
191,0.09,0.0,0.12489021569490433
191,0.09,0.1,0.12489021569490433
191,0.09,0.2,0.1260654628276825
191,0.12,0.0,0.13871239125728607
191,0.12,0.1,0.13871239125728607
191,0.12,0.2,0.1276341676712036
191,0.15,0.0,0.13627636432647705
191,0.15,0.1,0.13627636432647705
191,0.15,0.2,0.1267080157995224
192,0.0,0.0,0.08380509912967682
192,0.0,0.1,0.08380509912967682
192,0.0,0.2,0.07738684862852097
192,0.03,0.0,0.08199206739664078
192,0.03,0.1,0.08199206739664078
192,0.03,0.2,0.08789509534835815
192,0.06,0.0,0.08875232934951782
192,0.06,0.1,0.08875232934951782
192,0.06,0.2,0.08838050812482834
192,0.09,0.0,0.08930692821741104
192,0.09,0.1,0.08930692821741104
192,0.09,0.2,0.08873144537210464
192,0.12,0.0,0.09171692281961441
192,0.12,0.1,0.09171692281961441
192,0.12,0.2,0.07737591862678528
192,0.15,0.0,0.08493068814277649
192,0.15,0.1,0.08493068814277649
192,0.15,0.2,0.08897994458675385
193,0.0,0.0,0.08091934770345688
193,0.0,0.1,0.08091934770345688
193,0.0,0.2,0.0811847373843193
193,0.03,0.0,0.0942702665925026
193,0.03,0.1,0.0942702665925026
193,0.03,0.2,0.10097832977771759
193,0.06,0.0,0.07818974554538727
193,0.06,0.1,0.07818974554538727
193,0.06,0.2,0.09126754105091095
193,0.09,0.0,0.08804156631231308
193,0.09,0.1,0.08804156631231308
193,0.09,0.2,0.10649877786636353
193,0.12,0.0,0.10697925090789795
193,0.12,0.1,0.10697925090789795
193,0.12,0.2,0.12045314162969589
193,0.15,0.0,0.11450966447591782
193,0.15,0.1,0.11450966447591782
193,0.15,0.2,0.11891546845436096
194,0.0,0.0,0.10369349271059036
194,0.0,0.1,0.10369349271059036
194,0.0,0.2,0.09179051220417023
194,0.03,0.0,0.08664808422327042
194,0.03,0.1,0.08664808422327042
194,0.03,0.2,0.0837256982922554
194,0.06,0.0,0.10554834455251694
194,0.06,0.1,0.10554834455251694
194,0.06,0.2,0.10688180476427078
194,0.09,0.0,0.08535484224557877
194,0.09,0.1,0.08535484224557877
194,0.09,0.2,0.09055111557245255
194,0.12,0.0,0.0936754047870636
194,0.12,0.1,0.0936754047870636
194,0.12,0.2,0.09278995543718338
194,0.15,0.0,0.08840455859899521
194,0.15,0.1,0.08840455859899521
194,0.15,0.2,0.09145867079496384
195,0.0,0.0,0.10391007363796234
195,0.0,0.1,0.10391007363796234
195,0.0,0.2,0.09215117245912552
195,0.03,0.0,0.07768922299146652
195,0.03,0.1,0.07768922299146652
195,0.03,0.2,0.08544152230024338
195,0.06,0.0,0.10509998351335526
195,0.06,0.1,0.10509998351335526
195,0.06,0.2,0.10804349929094315
195,0.09,0.0,0.0942494347691536
195,0.09,0.1,0.0942494347691536
195,0.09,0.2,0.10545491427183151
195,0.12,0.0,0.09282602369785309
195,0.12,0.1,0.09282602369785309
195,0.12,0.2,0.09082245826721191
195,0.15,0.0,0.08912736177444458
195,0.15,0.1,0.08912736177444458
195,0.15,0.2,0.08968338370323181
196,0.0,0.0,0.09231946617364883
196,0.0,0.1,0.09231946617364883
196,0.0,0.2,0.09113489091396332
196,0.03,0.0,0.0853370726108551
196,0.03,0.1,0.0853370726108551
196,0.03,0.2,0.08157763630151749
196,0.06,0.0,0.09189218282699585
196,0.06,0.1,0.09189218282699585
196,0.06,0.2,0.10355761647224426
196,0.09,0.0,0.09863556921482086
196,0.09,0.1,0.09863556921482086
196,0.09,0.2,0.09991931915283203
196,0.12,0.0,0.0943964347243309
196,0.12,0.1,0.0943964347243309
196,0.12,0.2,0.09214884042739868
196,0.15,0.0,0.09269063919782639
196,0.15,0.1,0.09269063919782639
196,0.15,0.2,0.09522148966789246
197,0.0,0.0,0.09750070422887802
197,0.0,0.1,0.09750070422887802
197,0.0,0.2,0.08747538179159164
197,0.03,0.0,0.08741506934165955
197,0.03,0.1,0.08741506934165955
197,0.03,0.2,0.09711162000894547
197,0.06,0.0,0.08178962767124176
197,0.06,0.1,0.08178962767124176
197,0.06,0.2,0.08960582315921783
197,0.09,0.0,0.08453362435102463
197,0.09,0.1,0.08453362435102463
197,0.09,0.2,0.08798964321613312
197,0.12,0.0,0.08708683401346207
197,0.12,0.1,0.08708683401346207
197,0.12,0.2,0.0924285277724266
197,0.15,0.0,0.10170414298772812
197,0.15,0.1,0.10170414298772812
197,0.15,0.2,0.10786276310682297
198,0.0,0.0,0.17252090573310852
198,0.0,0.1,0.17252090573310852
198,0.0,0.2,0.1732965111732483
198,0.03,0.0,0.15477722883224487
198,0.03,0.1,0.15477722883224487
198,0.03,0.2,0.1549711972475052
198,0.06,0.0,0.14609810709953308
198,0.06,0.1,0.14609810709953308
198,0.06,0.2,0.14156079292297363
198,0.09,0.0,0.14450064301490784
198,0.09,0.1,0.14450064301490784
198,0.09,0.2,0.1408311426639557
198,0.12,0.0,0.151694193482399
198,0.12,0.1,0.151694193482399
198,0.12,0.2,0.14112530648708344
198,0.15,0.0,0.12138492614030838
198,0.15,0.1,0.12138492614030838
198,0.15,0.2,0.11259350925683975
199,0.0,0.0,0.08365850150585175
199,0.0,0.1,0.08365850150585175
199,0.0,0.2,0.12069164961576462
199,0.03,0.0,0.13926611840724945
199,0.03,0.1,0.13926611840724945
199,0.03,0.2,0.13857866823673248
199,0.06,0.0,0.19731907546520233
199,0.06,0.1,0.19731907546520233
199,0.06,0.2,0.15232929587364197
199,0.09,0.0,0.19418597221374512
199,0.09,0.1,0.19418597221374512
199,0.09,0.2,0.13685466349124908
199,0.12,0.0,0.1455482840538025
199,0.12,0.1,0.1455482840538025
199,0.12,0.2,0.10064361989498138
199,0.15,0.0,0.12517298758029938
199,0.15,0.1,0.12517298758029938
199,0.15,0.2,0.11721454560756683
2,0.0,0.0,0.07854263484477997
2,0.0,0.1,0.07854263484477997
2,0.0,0.2,0.0858321338891983
2,0.03,0.0,0.08356477320194244
2,0.03,0.1,0.08356477320194244
2,0.03,0.2,0.09228610247373581
2,0.06,0.0,0.0860435962677002
2,0.06,0.1,0.0860435962677002
2,0.06,0.2,0.09079726785421371
2,0.09,0.0,0.0783204659819603
2,0.09,0.1,0.0783204659819603
2,0.09,0.2,0.08862985670566559
2,0.12,0.0,0.08889859914779663
2,0.12,0.1,0.08889859914779663
2,0.12,0.2,0.09695158898830414
2,0.15,0.0,0.09196770936250687
2,0.15,0.1,0.09196770936250687
2,0.15,0.2,0.08564001321792603
20,0.0,0.0,0.12698422372341156
20,0.0,0.1,0.12698422372341156
20,0.0,0.2,0.15494024753570557
20,0.03,0.0,0.13802647590637207
20,0.03,0.1,0.13802647590637207
20,0.03,0.2,0.15043267607688904
20,0.06,0.0,0.14520864188671112
20,0.06,0.1,0.14520864188671112
20,0.06,0.2,0.15927045047283173
20,0.09,0.0,0.14064045250415802
20,0.09,0.1,0.14064045250415802
20,0.09,0.2,0.168386310338974
20,0.12,0.0,0.18421652913093567
20,0.12,0.1,0.18421652913093567
20,0.12,0.2,0.1724424809217453
20,0.15,0.0,0.20077942311763763
20,0.15,0.1,0.20077942311763763
20,0.15,0.2,0.17465725541114807
200,0.0,0.0,0.07880260050296783
200,0.0,0.1,0.07880260050296783
200,0.0,0.2,0.08898734301328659
200,0.03,0.0,0.08679915964603424
200,0.03,0.1,0.08679915964603424
200,0.03,0.2,0.08282574266195297
200,0.06,0.0,0.09399488568305969
200,0.06,0.1,0.09399488568305969
200,0.06,0.2,0.09740782529115677
200,0.09,0.0,0.0849127471446991
200,0.09,0.1,0.0849127471446991
200,0.09,0.2,0.08712762594223022
200,0.12,0.0,0.09815236926078796
200,0.12,0.1,0.09815236926078796
200,0.12,0.2,0.09652344137430191
200,0.15,0.0,0.09730681777000427
200,0.15,0.1,0.09730681777000427
200,0.15,0.2,0.08223982900381088
201,0.0,0.0,0.07874596863985062
201,0.0,0.1,0.07874596863985062
201,0.0,0.2,0.08409275114536285
201,0.03,0.0,0.09804216027259827
201,0.03,0.1,0.09804216027259827
201,0.03,0.2,0.10119560360908508
201,0.06,0.0,0.08540462702512741
201,0.06,0.1,0.08540462702512741
201,0.06,0.2,0.08659674227237701
201,0.09,0.0,0.09929750859737396
201,0.09,0.1,0.09929750859737396
201,0.09,0.2,0.10530921071767807
201,0.12,0.0,0.09592975676059723
201,0.12,0.1,0.09592975676059723
201,0.12,0.2,0.10296984761953354
201,0.15,0.0,0.08413729071617126
201,0.15,0.1,0.08413729071617126
201,0.15,0.2,0.09469584375619888
202,0.0,0.0,0.07969364523887634
202,0.0,0.1,0.07969364523887634
202,0.0,0.2,0.08349739015102386
202,0.03,0.0,0.08206029236316681
202,0.03,0.1,0.08206029236316681
202,0.03,0.2,0.08150790631771088
202,0.06,0.0,0.08724728971719742
202,0.06,0.1,0.08724728971719742
202,0.06,0.2,0.09006337076425552
202,0.09,0.0,0.08919728547334671
202,0.09,0.1,0.08919728547334671
202,0.09,0.2,0.08357267081737518
202,0.12,0.0,0.08342031389474869
202,0.12,0.1,0.08342031389474869
202,0.12,0.2,0.08301758766174316
202,0.15,0.0,0.09861785918474197
202,0.15,0.1,0.09861785918474197
202,0.15,0.2,0.09623630344867706
203,0.0,0.0,0.08195339143276215
203,0.0,0.1,0.08195339143276215
203,0.0,0.2,0.10280536115169525
203,0.03,0.0,0.12605680525302887
203,0.03,0.1,0.12605680525302887
203,0.03,0.2,0.08474284410476685
203,0.06,0.0,0.16376712918281555
203,0.06,0.1,0.16376712918281555
203,0.06,0.2,0.0876305028796196
203,0.09,0.0,0.1467137187719345
203,0.09,0.1,0.1467137187719345
203,0.09,0.2,0.07724003493785858
203,0.12,0.0,0.09307299554347992
203,0.12,0.1,0.09307299554347992
203,0.12,0.2,0.07472925633192062
203,0.15,0.0,0.09027821570634842
203,0.15,0.1,0.09027821570634842
203,0.15,0.2,0.0970737487077713
204,0.0,0.0,0.09688489884138107
204,0.0,0.1,0.09688489884138107
204,0.0,0.2,0.10148294270038605
204,0.03,0.0,0.10711006820201874
204,0.03,0.1,0.10711006820201874
204,0.03,0.2,0.12650859355926514
204,0.06,0.0,0.10766728222370148
204,0.06,0.1,0.10766728222370148
204,0.06,0.2,0.13146112859249115
204,0.09,0.0,0.11507482081651688
204,0.09,0.1,0.11507482081651688
204,0.09,0.2,0.12614060938358307
204,0.12,0.0,0.1470666229724884
204,0.12,0.1,0.1470666229724884
204,0.12,0.2,0.14215241372585297
204,0.15,0.0,0.14003215730190277
204,0.15,0.1,0.14003215730190277
204,0.15,0.2,0.12782619893550873
205,0.0,0.0,0.08106662333011627
205,0.0,0.1,0.08106662333011627
205,0.0,0.2,0.0869467481970787
205,0.03,0.0,0.08478932082653046
205,0.03,0.1,0.08478932082653046
205,0.03,0.2,0.09458569437265396
205,0.06,0.0,0.1129315048456192
205,0.06,0.1,0.1129315048456192
205,0.06,0.2,0.1124347522854805
205,0.09,0.0,0.11983634531497955
205,0.09,0.1,0.11983634531497955
205,0.09,0.2,0.12184283137321472
205,0.12,0.0,0.11417123675346375
205,0.12,0.1,0.11417123675346375
205,0.12,0.2,0.12209195643663406
205,0.15,0.0,0.11249405890703201
205,0.15,0.1,0.11249405890703201
205,0.15,0.2,0.11939723044633865
206,0.0,0.0,0.10891405493021011
206,0.0,0.1,0.10891405493021011
206,0.0,0.2,0.15612156689167023
206,0.03,0.0,0.10091868788003922
206,0.03,0.1,0.10091868788003922
206,0.03,0.2,0.17725640535354614
206,0.06,0.0,0.15709535777568817
206,0.06,0.1,0.15709535777568817
206,0.06,0.2,0.20185941457748413
206,0.09,0.0,0.2031477689743042
206,0.09,0.1,0.2031477689743042
206,0.09,0.2,0.21083076298236847
206,0.12,0.0,0.2348409742116928
206,0.12,0.1,0.2348409742116928
206,0.12,0.2,0.21415767073631287
206,0.15,0.0,0.21883483231067657
206,0.15,0.1,0.21883483231067657
206,0.15,0.2,0.1920386701822281
207,0.0,0.0,0.09473114460706711
207,0.0,0.1,0.09473114460706711
207,0.0,0.2,0.09370038658380508
207,0.03,0.0,0.08114821463823318
207,0.03,0.1,0.08114821463823318
207,0.03,0.2,0.10446632653474808
207,0.06,0.0,0.10018802434206009
207,0.06,0.1,0.10018802434206009
207,0.06,0.2,0.12868577241897583
207,0.09,0.0,0.13169923424720764
207,0.09,0.1,0.13169923424720764
207,0.09,0.2,0.14232099056243896
207,0.12,0.0,0.15517717599868774
207,0.12,0.1,0.15517717599868774
207,0.12,0.2,0.15395894646644592
207,0.15,0.0,0.15323442220687866
207,0.15,0.1,0.15323442220687866
207,0.15,0.2,0.1454629898071289
208,0.0,0.0,0.09481669217348099
208,0.0,0.1,0.09481669217348099
208,0.0,0.2,0.11755787581205368
208,0.03,0.0,0.09822841733694077
208,0.03,0.1,0.09822841733694077
208,0.03,0.2,0.12752196192741394
208,0.06,0.0,0.1198180541396141
208,0.06,0.1,0.1198180541396141
208,0.06,0.2,0.12933431565761566
208,0.09,0.0,0.1407056599855423
208,0.09,0.1,0.1407056599855423
208,0.09,0.2,0.13053441047668457
208,0.12,0.0,0.15261010825634003
208,0.12,0.1,0.15261010825634003
208,0.12,0.2,0.1401689499616623
208,0.15,0.0,0.13731397688388824
208,0.15,0.1,0.13731397688388824
208,0.15,0.2,0.12568087875843048
209,0.0,0.0,0.08501803129911423
209,0.0,0.1,0.08501803129911423
209,0.0,0.2,0.1125762090086937
209,0.03,0.0,0.10592536628246307
209,0.03,0.1,0.10592536628246307
209,0.03,0.2,0.12287566810846329
209,0.06,0.0,0.14123308658599854
209,0.06,0.1,0.14123308658599854
209,0.06,0.2,0.13195262849330902
209,0.09,0.0,0.14363573491573334
209,0.09,0.1,0.14363573491573334
209,0.09,0.2,0.12871097028255463
209,0.12,0.0,0.1350826472043991
209,0.12,0.1,0.1350826472043991
209,0.12,0.2,0.12109483033418655
209,0.15,0.0,0.10812363773584366
209,0.15,0.1,0.10812363773584366
209,0.15,0.2,0.09583920985460281
21,0.0,0.0,0.08960912376642227
21,0.0,0.1,0.08960912376642227
21,0.0,0.2,0.09699541330337524
21,0.03,0.0,0.1001824140548706
21,0.03,0.1,0.1001824140548706
21,0.03,0.2,0.09718506038188934
21,0.06,0.0,0.09042459726333618
21,0.06,0.1,0.09042459726333618
21,0.06,0.2,0.09045743197202682
21,0.09,0.0,0.09118106961250305
21,0.09,0.1,0.09118106961250305
21,0.09,0.2,0.09732671827077866
21,0.12,0.0,0.09376581013202667
21,0.12,0.1,0.09376581013202667
21,0.12,0.2,0.10090573877096176
21,0.15,0.0,0.09319362044334412
21,0.15,0.1,0.09319362044334412
21,0.15,0.2,0.09796129167079926
210,0.0,0.0,0.08800409734249115
210,0.0,0.1,0.08800409734249115
210,0.0,0.2,0.13227902352809906
210,0.03,0.0,0.09446339309215546
210,0.03,0.1,0.09446339309215546
210,0.03,0.2,0.15859736502170563
210,0.06,0.0,0.12866103649139404
210,0.06,0.1,0.12866103649139404
210,0.06,0.2,0.1736437827348709
210,0.09,0.0,0.17508462071418762
210,0.09,0.1,0.17508462071418762
210,0.09,0.2,0.1797226220369339
210,0.12,0.0,0.17708741128444672
210,0.12,0.1,0.17708741128444672
210,0.12,0.2,0.1724068820476532
210,0.15,0.0,0.19035983085632324
210,0.15,0.1,0.19035983085632324
210,0.15,0.2,0.16078625619411469
211,0.0,0.0,0.08443933725357056
211,0.0,0.1,0.08443933725357056
211,0.0,0.2,0.0927262157201767
211,0.03,0.0,0.09328613430261612
211,0.03,0.1,0.09328613430261612
211,0.03,0.2,0.10154056549072266
211,0.06,0.0,0.1342361569404602
211,0.06,0.1,0.1342361569404602
211,0.06,0.2,0.1089697927236557
211,0.09,0.0,0.1406306028366089
211,0.09,0.1,0.1406306028366089
211,0.09,0.2,0.11996893584728241
211,0.12,0.0,0.11166292428970337
211,0.12,0.1,0.11166292428970337
211,0.12,0.2,0.10822483897209167
211,0.15,0.0,0.12336452305316925
211,0.15,0.1,0.12336452305316925
211,0.15,0.2,0.13202351331710815
212,0.0,0.0,0.0876411721110344
212,0.0,0.1,0.0876411721110344
212,0.0,0.2,0.08873631060123444
212,0.03,0.0,0.10002417862415314
212,0.03,0.1,0.10002417862415314
212,0.03,0.2,0.10449489951133728
212,0.06,0.0,0.10537812113761902
212,0.06,0.1,0.10537812113761902
212,0.06,0.2,0.11054642498493195
212,0.09,0.0,0.10983270406723022
212,0.09,0.1,0.10983270406723022
212,0.09,0.2,0.12276792526245117
212,0.12,0.0,0.1265028417110443
212,0.12,0.1,0.1265028417110443
212,0.12,0.2,0.13522064685821533
212,0.15,0.0,0.13255158066749573
212,0.15,0.1,0.13255158066749573
212,0.15,0.2,0.14358270168304443
213,0.0,0.0,0.08961878716945648
213,0.0,0.1,0.08961878716945648
213,0.0,0.2,0.11705679446458817
213,0.03,0.0,0.08934031426906586
213,0.03,0.1,0.08934031426906586
213,0.03,0.2,0.1224031150341034
213,0.06,0.0,0.10120571404695511
213,0.06,0.1,0.10120571404695511
213,0.06,0.2,0.1161966472864151
213,0.09,0.0,0.10846192389726639
213,0.09,0.1,0.10846192389726639
213,0.09,0.2,0.13532833755016327
213,0.12,0.0,0.11523731052875519
213,0.12,0.1,0.11523731052875519
213,0.12,0.2,0.14139346778392792
213,0.15,0.0,0.12133684754371643
213,0.15,0.1,0.12133684754371643
213,0.15,0.2,0.13084107637405396
214,0.0,0.0,0.08469630032777786
214,0.0,0.1,0.08469630032777786
214,0.0,0.2,0.12586499750614166
214,0.03,0.0,0.12742158770561218
214,0.03,0.1,0.12742158770561218
214,0.03,0.2,0.143254354596138
214,0.06,0.0,0.18426966667175293
214,0.06,0.1,0.18426966667175293
214,0.06,0.2,0.16497696936130524
214,0.09,0.0,0.19420289993286133
214,0.09,0.1,0.19420289993286133
214,0.09,0.2,0.15996681153774261
214,0.12,0.0,0.18032987415790558
214,0.12,0.1,0.18032987415790558
214,0.12,0.2,0.1477023959159851
214,0.15,0.0,0.1750859171152115
214,0.15,0.1,0.1750859171152115
214,0.15,0.2,0.14858391880989075
215,0.0,0.0,0.08267246186733246
215,0.0,0.1,0.08267246186733246
215,0.0,0.2,0.07953067123889923
215,0.03,0.0,0.08761724829673767
215,0.03,0.1,0.08761724829673767
215,0.03,0.2,0.10810285061597824
215,0.06,0.0,0.1055842712521553
215,0.06,0.1,0.1055842712521553
215,0.06,0.2,0.10085340589284897
215,0.09,0.0,0.09648839384317398
215,0.09,0.1,0.09648839384317398
215,0.09,0.2,0.0832134559750557
215,0.12,0.0,0.08182850480079651
215,0.12,0.1,0.08182850480079651
215,0.12,0.2,0.08905810117721558
215,0.15,0.0,0.0879596546292305
215,0.15,0.1,0.0879596546292305
215,0.15,0.2,0.09553956985473633
216,0.0,0.0,0.08465220779180527
216,0.0,0.1,0.08465220779180527
216,0.0,0.2,0.10680516064167023
216,0.03,0.0,0.10835214704275131
216,0.03,0.1,0.10835214704275131
216,0.03,0.2,0.14745479822158813
216,0.06,0.0,0.09838307648897171
216,0.06,0.1,0.09838307648897171
216,0.06,0.2,0.1358078420162201
216,0.09,0.0,0.12166006118059158
216,0.09,0.1,0.12166006118059158
216,0.09,0.2,0.14512862265110016
216,0.12,0.0,0.1593572348356247
216,0.12,0.1,0.1593572348356247
216,0.12,0.2,0.1580807864665985
216,0.15,0.0,0.17521655559539795
216,0.15,0.1,0.17521655559539795
216,0.15,0.2,0.16468378901481628
217,0.0,0.0,0.09334038197994232
217,0.0,0.1,0.09334038197994232
217,0.0,0.2,0.0819222703576088
217,0.03,0.0,0.07881088554859161
217,0.03,0.1,0.07881088554859161
217,0.03,0.2,0.0802181139588356
217,0.06,0.0,0.09463442862033844
217,0.06,0.1,0.09463442862033844
217,0.06,0.2,0.08595907688140869
217,0.09,0.0,0.0886826440691948
217,0.09,0.1,0.0886826440691948
217,0.09,0.2,0.0829806923866272
217,0.12,0.0,0.08378473669290543
217,0.12,0.1,0.08378473669290543
217,0.12,0.2,0.08592846989631653
217,0.15,0.0,0.09054677188396454
217,0.15,0.1,0.09054677188396454
217,0.15,0.2,0.0824456661939621
218,0.0,0.0,0.08081679046154022
218,0.0,0.1,0.08081679046154022
218,0.0,0.2,0.08273790776729584
218,0.03,0.0,0.09676191210746765
218,0.03,0.1,0.09676191210746765
218,0.03,0.2,0.1065463125705719
218,0.06,0.0,0.09408440440893173
218,0.06,0.1,0.09408440440893173
218,0.06,0.2,0.08794789016246796
218,0.09,0.0,0.07318800687789917
218,0.09,0.1,0.07318800687789917
218,0.09,0.2,0.09094951301813126
218,0.12,0.0,0.08501652628183365
218,0.12,0.1,0.08501652628183365
218,0.12,0.2,0.09475839138031006
218,0.15,0.0,0.09365537762641907
218,0.15,0.1,0.09365537762641907
218,0.15,0.2,0.09578761458396912
219,0.0,0.0,0.0909079983830452
219,0.0,0.1,0.0909079983830452
219,0.0,0.2,0.09868640452623367
219,0.03,0.0,0.07942702621221542
219,0.03,0.1,0.07942702621221542
219,0.03,0.2,0.0947365015745163
219,0.06,0.0,0.09269136935472488
219,0.06,0.1,0.09269136935472488
219,0.06,0.2,0.10078341513872147
219,0.09,0.0,0.10186837613582611
219,0.09,0.1,0.10186837613582611
219,0.09,0.2,0.09704391658306122
219,0.12,0.0,0.10289766639471054
219,0.12,0.1,0.10289766639471054
219,0.12,0.2,0.09017638862133026
219,0.15,0.0,0.11216128617525101
219,0.15,0.1,0.11216128617525101
219,0.15,0.2,0.09037379920482635
22,0.0,0.0,0.08001542091369629
22,0.0,0.1,0.08001542091369629
22,0.0,0.2,0.08032967150211334
22,0.03,0.0,0.08615945279598236
22,0.03,0.1,0.08615945279598236
22,0.03,0.2,0.08114717155694962
22,0.06,0.0,0.09711774438619614
22,0.06,0.1,0.09711774438619614
22,0.06,0.2,0.08826121687889099
22,0.09,0.0,0.08933823555707932
22,0.09,0.1,0.08933823555707932
22,0.09,0.2,0.08129572868347168
22,0.12,0.0,0.09372589737176895
22,0.12,0.1,0.09372589737176895
22,0.12,0.2,0.10073394328355789
22,0.15,0.0,0.11952853947877884
22,0.15,0.1,0.11952853947877884
22,0.15,0.2,0.10926797986030579
220,0.0,0.0,0.09216368943452835
220,0.0,0.1,0.09216368943452835
220,0.0,0.2,0.09815428406000137
220,0.03,0.0,0.09922684729099274
220,0.03,0.1,0.09922684729099274
220,0.03,0.2,0.10459312051534653
220,0.06,0.0,0.08452320843935013
220,0.06,0.1,0.08452320843935013
220,0.06,0.2,0.08444274216890335
220,0.09,0.0,0.08810819685459137
220,0.09,0.1,0.08810819685459137
220,0.09,0.2,0.09028925746679306
220,0.12,0.0,0.08047255128622055
220,0.12,0.1,0.08047255128622055
220,0.12,0.2,0.10336529463529587
220,0.15,0.0,0.0893145352602005
220,0.15,0.1,0.0893145352602005
220,0.15,0.2,0.10914649069309235
221,0.0,0.0,0.09543498605489731
221,0.0,0.1,0.09543498605489731
221,0.0,0.2,0.08174418658018112
221,0.03,0.0,0.11173206567764282
221,0.03,0.1,0.11173206567764282
221,0.03,0.2,0.08307688683271408
221,0.06,0.0,0.1492130160331726
221,0.06,0.1,0.1492130160331726
221,0.06,0.2,0.09701123833656311
221,0.09,0.0,0.11598271131515503
221,0.09,0.1,0.11598271131515503
221,0.09,0.2,0.08160092681646347
221,0.12,0.0,0.0905374065041542
221,0.12,0.1,0.0905374065041542
221,0.12,0.2,0.09541204571723938
221,0.15,0.0,0.08534139394760132
221,0.15,0.1,0.08534139394760132
221,0.15,0.2,0.09633306413888931
222,0.0,0.0,0.0841153934597969
222,0.0,0.1,0.0841153934597969
222,0.0,0.2,0.09575671702623367
222,0.03,0.0,0.08259037137031555
222,0.03,0.1,0.08259037137031555
222,0.03,0.2,0.10248206555843353
222,0.06,0.0,0.10269127786159515
222,0.06,0.1,0.10269127786159515
222,0.06,0.2,0.10257715731859207
222,0.09,0.0,0.12396856397390366
222,0.09,0.1,0.12396856397390366
222,0.09,0.2,0.11304797232151031
222,0.12,0.0,0.12034165114164352
222,0.12,0.1,0.12034165114164352
222,0.12,0.2,0.09631512314081192
222,0.15,0.0,0.11287456005811691
222,0.15,0.1,0.11287456005811691
222,0.15,0.2,0.09702560305595398
223,0.0,0.0,0.08975472301244736
223,0.0,0.1,0.08975472301244736
223,0.0,0.2,0.1507488340139389
223,0.03,0.0,0.11361131817102432
223,0.03,0.1,0.11361131817102432
223,0.03,0.2,0.18353791534900665
223,0.06,0.0,0.1459955871105194
223,0.06,0.1,0.1459955871105194
223,0.06,0.2,0.18955738842487335
223,0.09,0.0,0.17701973021030426
223,0.09,0.1,0.17701973021030426
223,0.09,0.2,0.18991298973560333
223,0.12,0.0,0.20578113198280334
223,0.12,0.1,0.20578113198280334
223,0.12,0.2,0.20358484983444214
223,0.15,0.0,0.2174002230167389
223,0.15,0.1,0.2174002230167389
223,0.15,0.2,0.20193764567375183
224,0.0,0.0,0.08063191175460815
224,0.0,0.1,0.08063191175460815
224,0.0,0.2,0.07990668714046478
224,0.03,0.0,0.08107228577136993
224,0.03,0.1,0.08107228577136993
224,0.03,0.2,0.08746375143527985
224,0.06,0.0,0.0803639367222786
224,0.06,0.1,0.0803639367222786
224,0.06,0.2,0.09055040031671524
224,0.09,0.0,0.08840969949960709
224,0.09,0.1,0.08840969949960709
224,0.09,0.2,0.08463731408119202
224,0.12,0.0,0.0816156417131424
224,0.12,0.1,0.0816156417131424
224,0.12,0.2,0.0834973156452179
224,0.15,0.0,0.1128620058298111
224,0.15,0.1,0.1128620058298111
224,0.15,0.2,0.08313233405351639
225,0.0,0.0,0.10933583229780197
225,0.0,0.1,0.10933583229780197
225,0.0,0.2,0.10954248160123825
225,0.03,0.0,0.09831825643777847
225,0.03,0.1,0.09831825643777847
225,0.03,0.2,0.10732436180114746
225,0.06,0.0,0.09811603277921677
225,0.06,0.1,0.09811603277921677
225,0.06,0.2,0.1134653314948082
225,0.09,0.0,0.10203171521425247
225,0.09,0.1,0.10203171521425247
225,0.09,0.2,0.1193256750702858
225,0.12,0.0,0.09776453673839569
225,0.12,0.1,0.09776453673839569
225,0.12,0.2,0.10854200273752213
225,0.15,0.0,0.10880948603153229
225,0.15,0.1,0.10880948603153229
225,0.15,0.2,0.12154531478881836
226,0.0,0.0,0.0919354259967804
226,0.0,0.1,0.0919354259967804
226,0.0,0.2,0.0995824784040451
226,0.03,0.0,0.08647027611732483
226,0.03,0.1,0.08647027611732483
226,0.03,0.2,0.11230967193841934
226,0.06,0.0,0.09921339154243469
226,0.06,0.1,0.09921339154243469
226,0.06,0.2,0.11502574384212494
226,0.09,0.0,0.11362773180007935
226,0.09,0.1,0.11362773180007935
226,0.09,0.2,0.1237933561205864
226,0.12,0.0,0.11700694262981415
226,0.12,0.1,0.11700694262981415
226,0.12,0.2,0.11520358175039291
226,0.15,0.0,0.11619564145803452
226,0.15,0.1,0.11619564145803452
226,0.15,0.2,0.11867452412843704
227,0.0,0.0,0.08873647451400757
227,0.0,0.1,0.08873647451400757
227,0.0,0.2,0.09341941028833389
227,0.03,0.0,0.09021389484405518
227,0.03,0.1,0.09021389484405518
227,0.03,0.2,0.0829286128282547
227,0.06,0.0,0.09387002140283585
227,0.06,0.1,0.09387002140283585
227,0.06,0.2,0.08854848146438599
227,0.09,0.0,0.08817001432180405
227,0.09,0.1,0.08817001432180405
227,0.09,0.2,0.08765952289104462
227,0.12,0.0,0.08661828935146332
227,0.12,0.1,0.08661828935146332
227,0.12,0.2,0.10086081176996231
227,0.15,0.0,0.08969295769929886
227,0.15,0.1,0.08969295769929886
227,0.15,0.2,0.08430210500955582
228,0.0,0.0,0.08923285454511642
228,0.0,0.1,0.08923285454511642
228,0.0,0.2,0.09779932349920273
228,0.03,0.0,0.082817442715168
228,0.03,0.1,0.082817442715168
228,0.03,0.2,0.09686759114265442
228,0.06,0.0,0.10036499053239822
228,0.06,0.1,0.10036499053239822
228,0.06,0.2,0.09150105714797974
228,0.09,0.0,0.10573790222406387
228,0.09,0.1,0.10573790222406387
228,0.09,0.2,0.08926638215780258
228,0.12,0.0,0.10087590664625168
228,0.12,0.1,0.10087590664625168
228,0.12,0.2,0.0801532119512558
228,0.15,0.0,0.09143542498350143
228,0.15,0.1,0.09143542498350143
228,0.15,0.2,0.08265064656734467
229,0.0,0.0,0.08283813297748566
229,0.0,0.1,0.08283813297748566
229,0.0,0.2,0.08547419309616089
229,0.03,0.0,0.07906170189380646
229,0.03,0.1,0.07906170189380646
229,0.03,0.2,0.09413290023803711
229,0.06,0.0,0.08517903089523315
229,0.06,0.1,0.08517903089523315
229,0.06,0.2,0.09223297983407974
229,0.09,0.0,0.08816921710968018
229,0.09,0.1,0.08816921710968018
229,0.09,0.2,0.09180840849876404
229,0.12,0.0,0.09158875048160553
229,0.12,0.1,0.09158875048160553
229,0.12,0.2,0.09239663183689117
229,0.15,0.0,0.10384685546159744
229,0.15,0.1,0.10384685546159744
229,0.15,0.2,0.08966302126646042
23,0.0,0.0,0.08063587546348572
23,0.0,0.1,0.08063587546348572
23,0.0,0.2,0.07688084244728088
23,0.03,0.0,0.0845869705080986
23,0.03,0.1,0.0845869705080986
23,0.03,0.2,0.0837276354432106
23,0.06,0.0,0.08632015436887741
23,0.06,0.1,0.08632015436887741
23,0.06,0.2,0.07865430414676666
23,0.09,0.0,0.07949171960353851
23,0.09,0.1,0.07949171960353851
23,0.09,0.2,0.08204535394906998
23,0.12,0.0,0.08771689981222153
23,0.12,0.1,0.08771689981222153
23,0.12,0.2,0.08474701642990112
23,0.15,0.0,0.0882430300116539
23,0.15,0.1,0.0882430300116539
23,0.15,0.2,0.07929785549640656
230,0.0,0.0,0.08691635727882385
230,0.0,0.1,0.08691635727882385
230,0.0,0.2,0.13868454098701477
230,0.03,0.0,0.0978642925620079
230,0.03,0.1,0.0978642925620079
230,0.03,0.2,0.18199573457241058
230,0.06,0.0,0.14252784848213196
230,0.06,0.1,0.14252784848213196
230,0.06,0.2,0.20131391286849976
230,0.09,0.0,0.19762276113033295
230,0.09,0.1,0.19762276113033295
230,0.09,0.2,0.21430262923240662
230,0.12,0.0,0.2344457060098648
230,0.12,0.1,0.2344457060098648
230,0.12,0.2,0.22438564896583557
230,0.15,0.0,0.25189587473869324
230,0.15,0.1,0.25189587473869324
230,0.15,0.2,0.22680802643299103
231,0.0,0.0,0.09161065518856049
231,0.0,0.1,0.09161065518856049
231,0.0,0.2,0.1023571565747261
231,0.03,0.0,0.09242401272058487
231,0.03,0.1,0.09242401272058487
231,0.03,0.2,0.11833683401346207
231,0.06,0.0,0.1021886095404625
231,0.06,0.1,0.1021886095404625
231,0.06,0.2,0.12253431975841522
231,0.09,0.0,0.09305312484502792
231,0.09,0.1,0.09305312484502792
231,0.09,0.2,0.11908414959907532
231,0.12,0.0,0.10125459730625153
231,0.12,0.1,0.10125459730625153
231,0.12,0.2,0.11913274228572845
231,0.15,0.0,0.12116828560829163
231,0.15,0.1,0.12116828560829163
231,0.15,0.2,0.11449794471263885
232,0.0,0.0,0.08523894101381302
232,0.0,0.1,0.08523894101381302
232,0.0,0.2,0.08548691123723984
232,0.03,0.0,0.09047616273164749
232,0.03,0.1,0.09047616273164749
232,0.03,0.2,0.10031042248010635
232,0.06,0.0,0.11537482589483261
232,0.06,0.1,0.11537482589483261
232,0.06,0.2,0.11479213088750839
232,0.09,0.0,0.12537233531475067
232,0.09,0.1,0.12537233531475067
232,0.09,0.2,0.1351918876171112
232,0.12,0.0,0.14181441068649292
232,0.12,0.1,0.14181441068649292
232,0.12,0.2,0.13288509845733643
232,0.15,0.0,0.14105193316936493
232,0.15,0.1,0.14105193316936493
232,0.15,0.2,0.12264642119407654
233,0.0,0.0,0.09585747867822647
233,0.0,0.1,0.09585747867822647
233,0.0,0.2,0.10844734311103821
233,0.03,0.0,0.0969952642917633
233,0.03,0.1,0.0969952642917633
233,0.03,0.2,0.11042717099189758
233,0.06,0.0,0.10936511307954788
233,0.06,0.1,0.10936511307954788
233,0.06,0.2,0.10439679026603699
233,0.09,0.0,0.12542404234409332
233,0.09,0.1,0.12542404234409332
233,0.09,0.2,0.10431884974241257
233,0.12,0.0,0.121469646692276
233,0.12,0.1,0.121469646692276
233,0.12,0.2,0.09651988744735718
233,0.15,0.0,0.09766127914190292
233,0.15,0.1,0.09766127914190292
233,0.15,0.2,0.0834224671125412
234,0.0,0.0,0.09835099428892136
234,0.0,0.1,0.09835099428892136
234,0.0,0.2,0.10067168623209
234,0.03,0.0,0.08476652950048447
234,0.03,0.1,0.08476652950048447
234,0.03,0.2,0.08521684259176254
234,0.06,0.0,0.11027490347623825
234,0.06,0.1,0.11027490347623825
234,0.06,0.2,0.0954020544886589
234,0.09,0.0,0.11925775557756424
234,0.09,0.1,0.11925775557756424
234,0.09,0.2,0.11433012783527374
234,0.12,0.0,0.09010925143957138
234,0.12,0.1,0.09010925143957138
234,0.12,0.2,0.08259622007608414
234,0.15,0.0,0.09621483087539673
234,0.15,0.1,0.09621483087539673
234,0.15,0.2,0.09940770268440247
235,0.0,0.0,0.0903344601392746
235,0.0,0.1,0.0903344601392746
235,0.0,0.2,0.08323352783918381
235,0.03,0.0,0.08435425907373428
235,0.03,0.1,0.08435425907373428
235,0.03,0.2,0.08389827609062195
235,0.06,0.0,0.07793977856636047
235,0.06,0.1,0.07793977856636047
235,0.06,0.2,0.08371839672327042
235,0.09,0.0,0.08493582904338837
235,0.09,0.1,0.08493582904338837
235,0.09,0.2,0.0814700648188591
235,0.12,0.0,0.08600876480340958
235,0.12,0.1,0.08600876480340958
235,0.12,0.2,0.08601467311382294
235,0.15,0.0,0.0930953174829483
235,0.15,0.1,0.0930953174829483
235,0.15,0.2,0.0912582203745842
236,0.0,0.0,0.07881364226341248
236,0.0,0.1,0.07881364226341248
236,0.0,0.2,0.14793603122234344
236,0.03,0.0,0.1046084463596344
236,0.03,0.1,0.1046084463596344
236,0.03,0.2,0.1776062250137329
236,0.06,0.0,0.16389930248260498
236,0.06,0.1,0.16389930248260498
236,0.06,0.2,0.18463993072509766
236,0.09,0.0,0.22030289471149445
236,0.09,0.1,0.22030289471149445
236,0.09,0.2,0.19446827471256256
236,0.12,0.0,0.22488510608673096
236,0.12,0.1,0.22488510608673096
236,0.12,0.2,0.17685727775096893
236,0.15,0.0,0.1938810795545578
236,0.15,0.1,0.1938810795545578
236,0.15,0.2,0.15139518678188324
237,0.0,0.0,0.09198752790689468
237,0.0,0.1,0.09198752790689468
237,0.0,0.2,0.09123032540082932
237,0.03,0.0,0.08660410344600677
237,0.03,0.1,0.08660410344600677
237,0.03,0.2,0.099734365940094
237,0.06,0.0,0.0900159627199173
237,0.06,0.1,0.0900159627199173
237,0.06,0.2,0.12195969372987747
237,0.09,0.0,0.10427781194448471
237,0.09,0.1,0.10427781194448471
237,0.09,0.2,0.12251660972833633
237,0.12,0.0,0.11744268238544464
237,0.12,0.1,0.11744268238544464
237,0.12,0.2,0.12131885439157486
237,0.15,0.0,0.13307872414588928
237,0.15,0.1,0.13307872414588928
237,0.15,0.2,0.11694205552339554
238,0.0,0.0,0.08592002093791962
238,0.0,0.1,0.08592002093791962
238,0.0,0.2,0.10733294486999512
238,0.03,0.0,0.08667290955781937
238,0.03,0.1,0.08667290955781937
238,0.03,0.2,0.14198681712150574
238,0.06,0.0,0.10623151808977127
238,0.06,0.1,0.10623151808977127
238,0.06,0.2,0.16630513966083527
238,0.09,0.0,0.14725586771965027
238,0.09,0.1,0.14725586771965027
238,0.09,0.2,0.17979681491851807
238,0.12,0.0,0.17092475295066833
238,0.12,0.1,0.17092475295066833
238,0.12,0.2,0.1709931641817093
238,0.15,0.0,0.20302553474903107
238,0.15,0.1,0.20302553474903107
238,0.15,0.2,0.17778871953487396
239,0.0,0.0,0.09778019785881042
239,0.0,0.1,0.09778019785881042
239,0.0,0.2,0.0989493578672409
239,0.03,0.0,0.10006776452064514
239,0.03,0.1,0.10006776452064514
239,0.03,0.2,0.09986698627471924
239,0.06,0.0,0.08987396210432053
239,0.06,0.1,0.08987396210432053
239,0.06,0.2,0.08907724916934967
239,0.09,0.0,0.09470067918300629
239,0.09,0.1,0.09470067918300629
239,0.09,0.2,0.09677410870790482
239,0.12,0.0,0.10807792842388153
239,0.12,0.1,0.10807792842388153
239,0.12,0.2,0.11043272912502289
239,0.15,0.0,0.10517928749322891
239,0.15,0.1,0.10517928749322891
239,0.15,0.2,0.10258159786462784
24,0.0,0.0,0.10093386471271515
24,0.0,0.1,0.10093386471271515
24,0.0,0.2,0.09012357890605927
24,0.03,0.0,0.08929953724145889
24,0.03,0.1,0.08929953724145889
24,0.03,0.2,0.09577532857656479
24,0.06,0.0,0.11101402342319489
24,0.06,0.1,0.11101402342319489
24,0.06,0.2,0.08950002491474152
24,0.09,0.0,0.08570833504199982
24,0.09,0.1,0.08570833504199982
24,0.09,0.2,0.0851968452334404
24,0.12,0.0,0.08520053327083588
24,0.12,0.1,0.08520053327083588
24,0.12,0.2,0.09148358553647995
24,0.15,0.0,0.07783106714487076
24,0.15,0.1,0.07783106714487076
24,0.15,0.2,0.10710354894399643
240,0.0,0.0,0.09126604348421097
240,0.0,0.1,0.09126604348421097
240,0.0,0.2,0.11556833237409592
240,0.03,0.0,0.09345705062150955
240,0.03,0.1,0.09345705062150955
240,0.03,0.2,0.131541907787323
240,0.06,0.0,0.11939394474029541
240,0.06,0.1,0.11939394474029541
240,0.06,0.2,0.14103960990905762
240,0.09,0.0,0.14617711305618286
240,0.09,0.1,0.14617711305618286
240,0.09,0.2,0.153649240732193
240,0.12,0.0,0.16202189028263092
240,0.12,0.1,0.16202189028263092
240,0.12,0.2,0.1688479334115982
240,0.15,0.0,0.1572679579257965
240,0.15,0.1,0.1572679579257965
240,0.15,0.2,0.15841832756996155
241,0.0,0.0,0.08568236231803894
241,0.0,0.1,0.08568236231803894
241,0.0,0.2,0.08771514147520065
241,0.03,0.0,0.08671741187572479
241,0.03,0.1,0.08671741187572479
241,0.03,0.2,0.10043066740036011
241,0.06,0.0,0.10148576647043228
241,0.06,0.1,0.10148576647043228
241,0.06,0.2,0.1222027838230133
241,0.09,0.0,0.11413681507110596
241,0.09,0.1,0.11413681507110596
241,0.09,0.2,0.1391315758228302
241,0.12,0.0,0.12066207081079483
241,0.12,0.1,0.12066207081079483
241,0.12,0.2,0.1406865119934082
241,0.15,0.0,0.1402575820684433
241,0.15,0.1,0.1402575820684433
241,0.15,0.2,0.143857941031456
242,0.0,0.0,0.08668296039104462
242,0.0,0.1,0.08668296039104462
242,0.0,0.2,0.07858861237764359
242,0.03,0.0,0.08243758976459503
242,0.03,0.1,0.08243758976459503
242,0.03,0.2,0.08095438778400421
242,0.06,0.0,0.10662199556827545
242,0.06,0.1,0.10662199556827545
242,0.06,0.2,0.0918651595711708
242,0.09,0.0,0.08983823657035828
242,0.09,0.1,0.08983823657035828
242,0.09,0.2,0.10409335047006607
242,0.12,0.0,0.08523990213871002
242,0.12,0.1,0.08523990213871002
242,0.12,0.2,0.07879894971847534
242,0.15,0.0,0.08192453533411026
242,0.15,0.1,0.08192453533411026
242,0.15,0.2,0.07710377126932144
243,0.0,0.0,0.0870356634259224
243,0.0,0.1,0.0870356634259224
243,0.0,0.2,0.09334703534841537
243,0.03,0.0,0.10466466099023819
243,0.03,0.1,0.10466466099023819
243,0.03,0.2,0.1131916493177414
243,0.06,0.0,0.09232780337333679
243,0.06,0.1,0.09232780337333679
243,0.06,0.2,0.10277542471885681
243,0.09,0.0,0.09765858948230743
243,0.09,0.1,0.09765858948230743
243,0.09,0.2,0.11158101260662079
243,0.12,0.0,0.09867960214614868
243,0.12,0.1,0.09867960214614868
243,0.12,0.2,0.11358720809221268
243,0.15,0.0,0.10371585935354233
243,0.15,0.1,0.10371585935354233
243,0.15,0.2,0.1040017306804657
244,0.0,0.0,0.09917103499174118
244,0.0,0.1,0.09917103499174118
244,0.0,0.2,0.12657508254051208
244,0.03,0.0,0.0991610437631607
244,0.03,0.1,0.0991610437631607
244,0.03,0.2,0.15331988036632538
244,0.06,0.0,0.13683195412158966
244,0.06,0.1,0.13683195412158966
244,0.06,0.2,0.17596392333507538
244,0.09,0.0,0.16647596657276154
244,0.09,0.1,0.16647596657276154
244,0.09,0.2,0.19116277992725372
244,0.12,0.0,0.175973579287529
244,0.12,0.1,0.175973579287529
244,0.12,0.2,0.18278875946998596
244,0.15,0.0,0.17737135291099548
244,0.15,0.1,0.17737135291099548
244,0.15,0.2,0.16449451446533203
245,0.0,0.0,0.08553928136825562
245,0.0,0.1,0.08553928136825562
245,0.0,0.2,0.08795490860939026
245,0.03,0.0,0.09553787112236023
245,0.03,0.1,0.09553787112236023
245,0.03,0.2,0.09134132415056229
245,0.06,0.0,0.09610866010189056
245,0.06,0.1,0.09610866010189056
245,0.06,0.2,0.09445629268884659
245,0.09,0.0,0.09504872560501099
245,0.09,0.1,0.09504872560501099
245,0.09,0.2,0.09551795572042465
245,0.12,0.0,0.09289047122001648
245,0.12,0.1,0.09289047122001648
245,0.12,0.2,0.09416650980710983
245,0.15,0.0,0.10250215232372284
245,0.15,0.1,0.10250215232372284
245,0.15,0.2,0.10629630833864212
246,0.0,0.0,0.08942720293998718
246,0.0,0.1,0.08942720293998718
246,0.0,0.2,0.08597281575202942
246,0.03,0.0,0.0799642950296402
246,0.03,0.1,0.0799642950296402
246,0.03,0.2,0.0829099714756012
246,0.06,0.0,0.08067505061626434
246,0.06,0.1,0.08067505061626434
246,0.06,0.2,0.09859716892242432
246,0.09,0.0,0.09323778748512268
246,0.09,0.1,0.09323778748512268
246,0.09,0.2,0.08657259494066238
246,0.12,0.0,0.09191620349884033
246,0.12,0.1,0.09191620349884033
246,0.12,0.2,0.08711794763803482
246,0.15,0.0,0.09151383489370346
246,0.15,0.1,0.09151383489370346
246,0.15,0.2,0.09061548113822937
247,0.0,0.0,0.09528034180402756
247,0.0,0.1,0.09528034180402756
247,0.0,0.2,0.11485552787780762
247,0.03,0.0,0.09650861471891403
247,0.03,0.1,0.09650861471891403
247,0.03,0.2,0.14012613892555237
247,0.06,0.0,0.1210598349571228
247,0.06,0.1,0.1210598349571228
247,0.06,0.2,0.1395847052335739
247,0.09,0.0,0.16221515834331512
247,0.09,0.1,0.16221515834331512
247,0.09,0.2,0.16221272945404053
247,0.12,0.0,0.17892931401729584
247,0.12,0.1,0.17892931401729584
247,0.12,0.2,0.16671554744243622
247,0.15,0.0,0.15823395550251007
247,0.15,0.1,0.15823395550251007
247,0.15,0.2,0.14310984313488007
248,0.0,0.0,0.13455025851726532
248,0.0,0.1,0.13455025851726532
248,0.0,0.2,0.138795867562294
248,0.03,0.0,0.13659965991973877
248,0.03,0.1,0.13659965991973877
248,0.03,0.2,0.13124015927314758
248,0.06,0.0,0.1389530450105667
248,0.06,0.1,0.1389530450105667
248,0.06,0.2,0.13259528577327728
248,0.09,0.0,0.13773024082183838
248,0.09,0.1,0.13773024082183838
248,0.09,0.2,0.12697796523571014
248,0.12,0.0,0.13372491300106049
248,0.12,0.1,0.13372491300106049
248,0.12,0.2,0.1326741725206375
248,0.15,0.0,0.15230146050453186
248,0.15,0.1,0.15230146050453186
248,0.15,0.2,0.12692108750343323
249,0.0,0.0,0.10554473847150803
249,0.0,0.1,0.10554473847150803
249,0.0,0.2,0.12086232751607895
249,0.03,0.0,0.1319524496793747
249,0.03,0.1,0.1319524496793747
249,0.03,0.2,0.1365080624818802
249,0.06,0.0,0.13689813017845154
249,0.06,0.1,0.13689813017845154
249,0.06,0.2,0.13675381243228912
249,0.09,0.0,0.13540834188461304
249,0.09,0.1,0.13540834188461304
249,0.09,0.2,0.12608522176742554
249,0.12,0.0,0.12329493463039398
249,0.12,0.1,0.12329493463039398
249,0.12,0.2,0.1043689027428627
249,0.15,0.0,0.1270664483308792
249,0.15,0.1,0.1270664483308792
249,0.15,0.2,0.12339872866868973
25,0.0,0.0,0.08253085613250732
25,0.0,0.1,0.08253085613250732
25,0.0,0.2,0.13077953457832336
25,0.03,0.0,0.08540221303701401
25,0.03,0.1,0.08540221303701401
25,0.03,0.2,0.13225260376930237
25,0.06,0.0,0.1472335159778595
25,0.06,0.1,0.1472335159778595
25,0.06,0.2,0.15069665014743805
25,0.09,0.0,0.18739211559295654
25,0.09,0.1,0.18739211559295654
25,0.09,0.2,0.157274067401886
25,0.12,0.0,0.19848661124706268
25,0.12,0.1,0.19848661124706268
25,0.12,0.2,0.17165963351726532
25,0.15,0.0,0.16127274930477142
25,0.15,0.1,0.16127274930477142
25,0.15,0.2,0.1321018487215042
250,0.0,0.0,0.11643844097852707
250,0.0,0.1,0.11643844097852707
250,0.0,0.2,0.16504082083702087
250,0.03,0.0,0.12195397168397903
250,0.03,0.1,0.12195397168397903
250,0.03,0.2,0.1714404970407486
250,0.06,0.0,0.16507236659526825
250,0.06,0.1,0.16507236659526825
250,0.06,0.2,0.17607174813747406
250,0.09,0.0,0.20769961178302765
250,0.09,0.1,0.20769961178302765
250,0.09,0.2,0.18914009630680084
250,0.12,0.0,0.19827274978160858
250,0.12,0.1,0.19827274978160858
250,0.12,0.2,0.17169491946697235
250,0.15,0.0,0.17955689132213593
250,0.15,0.1,0.17955689132213593
250,0.15,0.2,0.15732310712337494
251,0.0,0.0,0.09388542920351028
251,0.0,0.1,0.09388542920351028
251,0.0,0.2,0.08884962648153305
251,0.03,0.0,0.09488509595394135
251,0.03,0.1,0.09488509595394135
251,0.03,0.2,0.0944218710064888
251,0.06,0.0,0.09739476442337036
251,0.06,0.1,0.09739476442337036
251,0.06,0.2,0.10828882455825806
251,0.09,0.0,0.1150917187333107
251,0.09,0.1,0.1150917187333107
251,0.09,0.2,0.10589586943387985
251,0.12,0.0,0.12408186495304108
251,0.12,0.1,0.12408186495304108
251,0.12,0.2,0.11130242049694061
251,0.15,0.0,0.13503120839595795
251,0.15,0.1,0.13503120839595795
251,0.15,0.2,0.12066251039505005
252,0.0,0.0,0.09975109994411469
252,0.0,0.1,0.09975109994411469
252,0.0,0.2,0.10894456505775452
252,0.03,0.0,0.11345896869897842
252,0.03,0.1,0.11345896869897842
252,0.03,0.2,0.10810535401105881
252,0.06,0.0,0.10036948323249817
252,0.06,0.1,0.10036948323249817
252,0.06,0.2,0.09680589288473129
252,0.09,0.0,0.1158272996544838
252,0.09,0.1,0.1158272996544838
252,0.09,0.2,0.10778764635324478
252,0.12,0.0,0.10101932287216187
252,0.12,0.1,0.10101932287216187
252,0.12,0.2,0.10400382429361343
252,0.15,0.0,0.09932340681552887
252,0.15,0.1,0.09932340681552887
252,0.15,0.2,0.10488884896039963
253,0.0,0.0,0.0808599665760994
253,0.0,0.1,0.0808599665760994
253,0.0,0.2,0.09080710262060165
253,0.03,0.0,0.08562611788511276
253,0.03,0.1,0.08562611788511276
253,0.03,0.2,0.0828772559762001
253,0.06,0.0,0.08246752619743347
253,0.06,0.1,0.08246752619743347
253,0.06,0.2,0.08816705644130707
253,0.09,0.0,0.07785664498806
253,0.09,0.1,0.07785664498806
253,0.09,0.2,0.08116190135478973
253,0.12,0.0,0.09191303700208664
253,0.12,0.1,0.09191303700208664
253,0.12,0.2,0.09371276199817657
253,0.15,0.0,0.09354785829782486
253,0.15,0.1,0.09354785829782486
253,0.15,0.2,0.08447263389825821
254,0.0,0.0,0.08754753321409225
254,0.0,0.1,0.08754753321409225
254,0.0,0.2,0.09093929827213287
254,0.03,0.0,0.0930035188794136
254,0.03,0.1,0.0930035188794136
254,0.03,0.2,0.10464080423116684
254,0.06,0.0,0.09999673813581467
254,0.06,0.1,0.09999673813581467
254,0.06,0.2,0.1260543316602707
254,0.09,0.0,0.13386143743991852
254,0.09,0.1,0.13386143743991852
254,0.09,0.2,0.12872599065303802
254,0.12,0.0,0.14303287863731384
254,0.12,0.1,0.14303287863731384
254,0.12,0.2,0.11609071493148804
254,0.15,0.0,0.12723751366138458
254,0.15,0.1,0.12723751366138458
254,0.15,0.2,0.09323098510503769
255,0.0,0.0,0.09455665946006775
255,0.0,0.1,0.09455665946006775
255,0.0,0.2,0.10676705092191696
255,0.03,0.0,0.09873508661985397
255,0.03,0.1,0.09873508661985397
255,0.03,0.2,0.12579022347927094
255,0.06,0.0,0.10223817080259323
255,0.06,0.1,0.10223817080259323
255,0.06,0.2,0.13174113631248474
255,0.09,0.0,0.12436850368976593
255,0.09,0.1,0.12436850368976593
255,0.09,0.2,0.14128130674362183
255,0.12,0.0,0.13976359367370605
255,0.12,0.1,0.13976359367370605
255,0.12,0.2,0.13905566930770874
255,0.15,0.0,0.14606721699237823
255,0.15,0.1,0.14606721699237823
255,0.15,0.2,0.14388278126716614
256,0.0,0.0,0.08178436011075974
256,0.0,0.1,0.08178436011075974
256,0.0,0.2,0.10178903490304947
256,0.03,0.0,0.09494030475616455
256,0.03,0.1,0.09494030475616455
256,0.03,0.2,0.12068099528551102
256,0.06,0.0,0.10145335644483566
256,0.06,0.1,0.10145335644483566
256,0.06,0.2,0.1438365876674652
256,0.09,0.0,0.14671404659748077
256,0.09,0.1,0.14671404659748077
256,0.09,0.2,0.16168497502803802
256,0.12,0.0,0.16564087569713593
256,0.12,0.1,0.16564087569713593
256,0.12,0.2,0.15763549506664276
256,0.15,0.0,0.17026130855083466
256,0.15,0.1,0.17026130855083466
256,0.15,0.2,0.15056143701076508
257,0.0,0.0,0.0881030410528183
257,0.0,0.1,0.0881030410528183
257,0.0,0.2,0.09514883905649185
257,0.03,0.0,0.08682993799448013
257,0.03,0.1,0.08682993799448013
257,0.03,0.2,0.09618867933750153
257,0.06,0.0,0.0908723846077919
257,0.06,0.1,0.0908723846077919
257,0.06,0.2,0.09129850566387177
257,0.09,0.0,0.09619423002004623
257,0.09,0.1,0.09619423002004623
257,0.09,0.2,0.08957978338003159
257,0.12,0.0,0.09062603116035461
257,0.12,0.1,0.09062603116035461
257,0.12,0.2,0.09288395196199417
257,0.15,0.0,0.10853439569473267
257,0.15,0.1,0.10853439569473267
257,0.15,0.2,0.11324137449264526
258,0.0,0.0,0.08526083827018738
258,0.0,0.1,0.08526083827018738
258,0.0,0.2,0.0935712456703186
258,0.03,0.0,0.08955948799848557
258,0.03,0.1,0.08955948799848557
258,0.03,0.2,0.09850530326366425
258,0.06,0.0,0.08919297158718109
258,0.06,0.1,0.08919297158718109
258,0.06,0.2,0.09788087010383606
258,0.09,0.0,0.09853527694940567
258,0.09,0.1,0.09853527694940567
258,0.09,0.2,0.11512992531061172
258,0.12,0.0,0.09815816581249237
258,0.12,0.1,0.09815816581249237
258,0.12,0.2,0.09922400861978531
258,0.15,0.0,0.10135810077190399
258,0.15,0.1,0.10135810077190399
258,0.15,0.2,0.10319243371486664
259,0.0,0.0,0.09281139075756073
259,0.0,0.1,0.09281139075756073
259,0.0,0.2,0.09569531679153442
259,0.03,0.0,0.0951455608010292
259,0.03,0.1,0.0951455608010292
259,0.03,0.2,0.10338267683982849
259,0.06,0.0,0.08928076922893524
259,0.06,0.1,0.08928076922893524
259,0.06,0.2,0.120607890188694
259,0.09,0.0,0.10943546891212463
259,0.09,0.1,0.10943546891212463
259,0.09,0.2,0.11257383227348328
259,0.12,0.0,0.1214645579457283
259,0.12,0.1,0.1214645579457283
259,0.12,0.2,0.1276291459798813
259,0.15,0.0,0.12027554959058762
259,0.15,0.1,0.12027554959058762
259,0.15,0.2,0.125594824552536
26,0.0,0.0,0.14170993864536285
26,0.0,0.1,0.14170993864536285
26,0.0,0.2,0.14054898917675018
26,0.03,0.0,0.13743582367897034
26,0.03,0.1,0.13743582367897034
26,0.03,0.2,0.13047252595424652
26,0.06,0.0,0.15407060086727142
26,0.06,0.1,0.15407060086727142
26,0.06,0.2,0.15608368813991547
26,0.09,0.0,0.12928472459316254
26,0.09,0.1,0.12928472459316254
26,0.09,0.2,0.13855256140232086
26,0.12,0.0,0.10982055962085724
26,0.12,0.1,0.10982055962085724
26,0.12,0.2,0.10591613501310349
26,0.15,0.0,0.14261078834533691
26,0.15,0.1,0.14261078834533691
26,0.15,0.2,0.12589986622333527
260,0.0,0.0,0.08960330486297607
260,0.0,0.1,0.08960330486297607
260,0.0,0.2,0.1605377048254013
260,0.03,0.0,0.13446086645126343
260,0.03,0.1,0.13446086645126343
260,0.03,0.2,0.1965511292219162
260,0.06,0.0,0.18397104740142822
260,0.06,0.1,0.18397104740142822
260,0.06,0.2,0.21776439249515533
260,0.09,0.0,0.20209482312202454
260,0.09,0.1,0.20209482312202454
260,0.09,0.2,0.20858238637447357
260,0.12,0.0,0.23025710880756378
260,0.12,0.1,0.23025710880756378
260,0.12,0.2,0.21855482459068298
260,0.15,0.0,0.23676398396492004
260,0.15,0.1,0.23676398396492004
260,0.15,0.2,0.2148870825767517
261,0.0,0.0,0.08701841533184052
261,0.0,0.1,0.08701841533184052
261,0.0,0.2,0.1083279699087143
261,0.03,0.0,0.10498548299074173
261,0.03,0.1,0.10498548299074173
261,0.03,0.2,0.12619449198246002
261,0.06,0.0,0.11072342842817307
261,0.06,0.1,0.11072342842817307
261,0.06,0.2,0.12103115767240524
261,0.09,0.0,0.10943735390901566
261,0.09,0.1,0.10943735390901566
261,0.09,0.2,0.12687836587429047
261,0.12,0.0,0.1270150989294052
261,0.12,0.1,0.1270150989294052
261,0.12,0.2,0.12877056002616882
261,0.15,0.0,0.12481927126646042
261,0.15,0.1,0.12481927126646042
261,0.15,0.2,0.11876141279935837
262,0.0,0.0,0.08769279718399048
262,0.0,0.1,0.08769279718399048
262,0.0,0.2,0.086211659014225
262,0.03,0.0,0.08487638086080551
262,0.03,0.1,0.08487638086080551
262,0.03,0.2,0.10663952678442001
262,0.06,0.0,0.09631351381540298
262,0.06,0.1,0.09631351381540298
262,0.06,0.2,0.11149605363607407
262,0.09,0.0,0.10839353501796722
262,0.09,0.1,0.10839353501796722
262,0.09,0.2,0.1176505759358406
262,0.12,0.0,0.12166186422109604
262,0.12,0.1,0.12166186422109604
262,0.12,0.2,0.13200944662094116
262,0.15,0.0,0.11490632593631744
262,0.15,0.1,0.11490632593631744
262,0.15,0.2,0.11981866508722305
263,0.0,0.0,0.08212756365537643
263,0.0,0.1,0.08212756365537643
263,0.0,0.2,0.08892142027616501
263,0.03,0.0,0.09322698414325714
263,0.03,0.1,0.09322698414325714
263,0.03,0.2,0.09442662447690964
263,0.06,0.0,0.1019410565495491
263,0.06,0.1,0.1019410565495491
263,0.06,0.2,0.09402337670326233
263,0.09,0.0,0.09675290435552597
263,0.09,0.1,0.09675290435552597
263,0.09,0.2,0.08252206444740295
263,0.12,0.0,0.08906329423189163
263,0.12,0.1,0.08906329423189163
263,0.12,0.2,0.08382502943277359
263,0.15,0.0,0.08595360815525055
263,0.15,0.1,0.08595360815525055
263,0.15,0.2,0.08301405608654022
264,0.0,0.0,0.11934683471918106
264,0.0,0.1,0.11934683471918106
264,0.0,0.2,0.1236681416630745
264,0.03,0.0,0.09022555500268936
264,0.03,0.1,0.09022555500268936
264,0.03,0.2,0.15405528247356415
264,0.06,0.0,0.11935805529356003
264,0.06,0.1,0.11935805529356003
264,0.06,0.2,0.16977278888225555
264,0.09,0.0,0.15786176919937134
264,0.09,0.1,0.15786176919937134
264,0.09,0.2,0.17897790670394897
264,0.12,0.0,0.17312926054000854
264,0.12,0.1,0.17312926054000854
264,0.12,0.2,0.16529147326946259
264,0.15,0.0,0.16122928261756897
264,0.15,0.1,0.16122928261756897
264,0.15,0.2,0.1339152306318283
265,0.0,0.0,0.09356999397277832
265,0.0,0.1,0.09356999397277832
265,0.0,0.2,0.13568644225597382
265,0.03,0.0,0.17426635324954987
265,0.03,0.1,0.17426635324954987
265,0.03,0.2,0.15210877358913422
265,0.06,0.0,0.2271650731563568
265,0.06,0.1,0.2271650731563568
265,0.06,0.2,0.1537063717842102
265,0.09,0.0,0.18009597063064575
265,0.09,0.1,0.18009597063064575
265,0.09,0.2,0.10131973773241043
265,0.12,0.0,0.16036365926265717
265,0.12,0.1,0.16036365926265717
265,0.12,0.2,0.13522058725357056
265,0.15,0.0,0.1715697944164276
265,0.15,0.1,0.1715697944164276
265,0.15,0.2,0.14546817541122437
266,0.0,0.0,0.10059123486280441
266,0.0,0.1,0.10059123486280441
266,0.0,0.2,0.10091324895620346
266,0.03,0.0,0.0866798385977745
266,0.03,0.1,0.0866798385977745
266,0.03,0.2,0.08742983639240265
266,0.06,0.0,0.10102054476737976
266,0.06,0.1,0.10102054476737976
266,0.06,0.2,0.09573770314455032
266,0.09,0.0,0.08309313654899597
266,0.09,0.1,0.08309313654899597
266,0.09,0.2,0.09254839271306992
266,0.12,0.0,0.09696939587593079
266,0.12,0.1,0.09696939587593079
266,0.12,0.2,0.09200949966907501
266,0.15,0.0,0.1009107157588005
266,0.15,0.1,0.1009107157588005
266,0.15,0.2,0.09401877224445343
267,0.0,0.0,0.08217741549015045
267,0.0,0.1,0.08217741549015045
267,0.0,0.2,0.14162373542785645
267,0.03,0.0,0.10297207534313202
267,0.03,0.1,0.10297207534313202
267,0.03,0.2,0.15852518379688263
267,0.06,0.0,0.15648353099822998
267,0.06,0.1,0.15648353099822998
267,0.06,0.2,0.18922995030879974
267,0.09,0.0,0.17905567586421967
267,0.09,0.1,0.17905567586421967
267,0.09,0.2,0.19730357825756073
267,0.12,0.0,0.17878735065460205
267,0.12,0.1,0.17878735065460205
267,0.12,0.2,0.19249728322029114
267,0.15,0.0,0.18542888760566711
267,0.15,0.1,0.18542888760566711
267,0.15,0.2,0.18781881034374237
268,0.0,0.0,0.09112583845853806
268,0.0,0.1,0.09112583845853806
268,0.0,0.2,0.10198085755109787
268,0.03,0.0,0.09389777481555939
268,0.03,0.1,0.09389777481555939
268,0.03,0.2,0.08745116740465164
268,0.06,0.0,0.09140931814908981
268,0.06,0.1,0.09140931814908981
268,0.06,0.2,0.09096375852823257
268,0.09,0.0,0.09571866691112518
268,0.09,0.1,0.09571866691112518
268,0.09,0.2,0.09856592118740082
268,0.12,0.0,0.10113265365362167
268,0.12,0.1,0.10113265365362167
268,0.12,0.2,0.0994729995727539
268,0.15,0.0,0.09681401401758194
268,0.15,0.1,0.09681401401758194
268,0.15,0.2,0.09050410240888596
269,0.0,0.0,0.07895571738481522
269,0.0,0.1,0.07895571738481522
269,0.0,0.2,0.08146177977323532
269,0.03,0.0,0.07678661495447159
269,0.03,0.1,0.07678661495447159
269,0.03,0.2,0.08982425928115845
269,0.06,0.0,0.08411909639835358
269,0.06,0.1,0.08411909639835358
269,0.06,0.2,0.08150704950094223
269,0.09,0.0,0.0829055979847908
269,0.09,0.1,0.0829055979847908
269,0.09,0.2,0.07825760543346405
269,0.12,0.0,0.07248570024967194
269,0.12,0.1,0.07248570024967194
269,0.12,0.2,0.07804962247610092
269,0.15,0.0,0.08839216083288193
269,0.15,0.1,0.08839216083288193
269,0.15,0.2,0.09025979787111282
27,0.0,0.0,0.08159017562866211
27,0.0,0.1,0.08159017562866211
27,0.0,0.2,0.10559697449207306
27,0.03,0.0,0.0891098603606224
27,0.03,0.1,0.0891098603606224
27,0.03,0.2,0.0874248743057251
27,0.06,0.0,0.08310241997241974
27,0.06,0.1,0.08310241997241974
27,0.06,0.2,0.09486186504364014
27,0.09,0.0,0.0905388742685318
27,0.09,0.1,0.0905388742685318
27,0.09,0.2,0.08406540006399155
27,0.12,0.0,0.09008718281984329
27,0.12,0.1,0.09008718281984329
27,0.12,0.2,0.09675098210573196
27,0.15,0.0,0.1109468936920166
27,0.15,0.1,0.1109468936920166
27,0.15,0.2,0.12505312263965607
270,0.0,0.0,0.08152010291814804
270,0.0,0.1,0.08152010291814804
270,0.0,0.2,0.08332422375679016
270,0.03,0.0,0.07893635332584381
270,0.03,0.1,0.07893635332584381
270,0.03,0.2,0.09001047164201736
270,0.06,0.0,0.08039426803588867
270,0.06,0.1,0.08039426803588867
270,0.06,0.2,0.09668607264757156
270,0.09,0.0,0.086856409907341
270,0.09,0.1,0.086856409907341
270,0.09,0.2,0.08313355594873428
270,0.12,0.0,0.07846367359161377
270,0.12,0.1,0.07846367359161377
270,0.12,0.2,0.07516863942146301
270,0.15,0.0,0.0826014056801796
270,0.15,0.1,0.0826014056801796
270,0.15,0.2,0.08759237080812454
271,0.0,0.0,0.08244358748197556
271,0.0,0.1,0.08244358748197556
271,0.0,0.2,0.08242828398942947
271,0.03,0.0,0.09651055186986923
271,0.03,0.1,0.09651055186986923
271,0.03,0.2,0.10096412897109985
271,0.06,0.0,0.09170442819595337
271,0.06,0.1,0.09170442819595337
271,0.06,0.2,0.11997314542531967
271,0.09,0.0,0.10234270989894867
271,0.09,0.1,0.10234270989894867
271,0.09,0.2,0.11487219482660294
271,0.12,0.0,0.10909471660852432
271,0.12,0.1,0.10909471660852432
271,0.12,0.2,0.12105216085910797
271,0.15,0.0,0.13482512533664703
271,0.15,0.1,0.13482512533664703
271,0.15,0.2,0.13459281623363495
272,0.0,0.0,0.08528028428554535
272,0.0,0.1,0.08528028428554535
272,0.0,0.2,0.08548343926668167
272,0.03,0.0,0.08334477990865707
272,0.03,0.1,0.08334477990865707
272,0.03,0.2,0.08108797669410706
272,0.06,0.0,0.08130154013633728
272,0.06,0.1,0.08130154013633728
272,0.06,0.2,0.08369463682174683
272,0.09,0.0,0.09368933737277985
272,0.09,0.1,0.09368933737277985
272,0.09,0.2,0.0856553316116333
272,0.12,0.0,0.08677126467227936
272,0.12,0.1,0.08677126467227936
272,0.12,0.2,0.08219093829393387
272,0.15,0.0,0.08201747387647629
272,0.15,0.1,0.08201747387647629
272,0.15,0.2,0.08430975675582886
273,0.0,0.0,0.09644059836864471
273,0.0,0.1,0.09644059836864471
273,0.0,0.2,0.09808748215436935
273,0.03,0.0,0.0795249417424202
273,0.03,0.1,0.0795249417424202
273,0.03,0.2,0.08916965872049332
273,0.06,0.0,0.08823630213737488
273,0.06,0.1,0.08823630213737488
273,0.06,0.2,0.08366000652313232
273,0.09,0.0,0.08146662265062332
273,0.09,0.1,0.08146662265062332
273,0.09,0.2,0.08199214190244675
273,0.12,0.0,0.08662498742341995
273,0.12,0.1,0.08662498742341995
273,0.12,0.2,0.08350317925214767
273,0.15,0.0,0.0891706794500351
273,0.15,0.1,0.0891706794500351
273,0.15,0.2,0.08842968195676804
274,0.0,0.0,0.08759257942438126
274,0.0,0.1,0.08759257942438126
274,0.0,0.2,0.09467677772045135
274,0.03,0.0,0.10029785335063934
274,0.03,0.1,0.10029785335063934
274,0.03,0.2,0.0928502082824707
274,0.06,0.0,0.1046714037656784
274,0.06,0.1,0.1046714037656784
274,0.06,0.2,0.1029968187212944
274,0.09,0.0,0.08552227914333344
274,0.09,0.1,0.08552227914333344
274,0.09,0.2,0.11186227202415466
274,0.12,0.0,0.10244034230709076
274,0.12,0.1,0.10244034230709076
274,0.12,0.2,0.13351789116859436
274,0.15,0.0,0.11230966448783875
274,0.15,0.1,0.11230966448783875
274,0.15,0.2,0.1392471194267273
275,0.0,0.0,0.08837714791297913
275,0.0,0.1,0.08837714791297913
275,0.0,0.2,0.09818211942911148
275,0.03,0.0,0.0968133881688118
275,0.03,0.1,0.0968133881688118
275,0.03,0.2,0.09598192572593689
275,0.06,0.0,0.10001698136329651
275,0.06,0.1,0.10001698136329651
275,0.06,0.2,0.10250315815210342
275,0.09,0.0,0.09329316020011902
275,0.09,0.1,0.09329316020011902
275,0.09,0.2,0.08393435180187225
275,0.12,0.0,0.08797567337751389
275,0.12,0.1,0.08797567337751389
275,0.12,0.2,0.09326285123825073
275,0.15,0.0,0.101502425968647
275,0.15,0.1,0.101502425968647
275,0.15,0.2,0.09246562421321869
276,0.0,0.0,0.08505716174840927
276,0.0,0.1,0.08505716174840927
276,0.0,0.2,0.07846207916736603
276,0.03,0.0,0.08352909982204437
276,0.03,0.1,0.08352909982204437
276,0.03,0.2,0.0826108530163765
276,0.06,0.0,0.0880303680896759
276,0.06,0.1,0.0880303680896759
276,0.06,0.2,0.09319590032100677
276,0.09,0.0,0.07961099594831467
276,0.09,0.1,0.07961099594831467
276,0.09,0.2,0.07864593714475632
276,0.12,0.0,0.10038546472787857
276,0.12,0.1,0.10038546472787857
276,0.12,0.2,0.0783214345574379
276,0.15,0.0,0.08553998172283173
276,0.15,0.1,0.08553998172283173
276,0.15,0.2,0.0896318107843399
277,0.0,0.0,0.10075683146715164
277,0.0,0.1,0.10075683146715164
277,0.0,0.2,0.09675087034702301
277,0.03,0.0,0.0828792005777359
277,0.03,0.1,0.0828792005777359
277,0.03,0.2,0.08841748535633087
277,0.06,0.0,0.09407081454992294
277,0.06,0.1,0.09407081454992294
277,0.06,0.2,0.09488105028867722
277,0.09,0.0,0.10238320380449295
277,0.09,0.1,0.10238320380449295
277,0.09,0.2,0.09631670266389847
277,0.12,0.0,0.09573829174041748
277,0.12,0.1,0.09573829174041748
277,0.12,0.2,0.11776582896709442
277,0.15,0.0,0.11402192711830139
277,0.15,0.1,0.11402192711830139
277,0.15,0.2,0.12787368893623352
278,0.0,0.0,0.08166304230690002
278,0.0,0.1,0.08166304230690002
278,0.0,0.2,0.14178326725959778
278,0.03,0.0,0.11721675843000412
278,0.03,0.1,0.11721675843000412
278,0.03,0.2,0.17363250255584717
278,0.06,0.0,0.16725900769233704
278,0.06,0.1,0.16725900769233704
278,0.06,0.2,0.18767769634723663
278,0.09,0.0,0.20824137330055237
278,0.09,0.1,0.20824137330055237
278,0.09,0.2,0.1856624037027359
278,0.12,0.0,0.21841469407081604
278,0.12,0.1,0.21841469407081604
278,0.12,0.2,0.1797560155391693
278,0.15,0.0,0.2101403921842575
278,0.15,0.1,0.2101403921842575
278,0.15,0.2,0.16186900436878204
279,0.0,0.0,0.09032408893108368
279,0.0,0.1,0.09032408893108368
279,0.0,0.2,0.11504579335451126
279,0.03,0.0,0.09247948229312897
279,0.03,0.1,0.09247948229312897
279,0.03,0.2,0.12629996240139008
279,0.06,0.0,0.11362293362617493
279,0.06,0.1,0.11362293362617493
279,0.06,0.2,0.12663047015666962
279,0.09,0.0,0.13300074636936188
279,0.09,0.1,0.13300074636936188
279,0.09,0.2,0.13960981369018555
279,0.12,0.0,0.14753679931163788
279,0.12,0.1,0.14753679931163788
279,0.12,0.2,0.1544332653284073
279,0.15,0.0,0.14134791493415833
279,0.15,0.1,0.14134791493415833
279,0.15,0.2,0.13775545358657837
28,0.0,0.0,0.0940365269780159
28,0.0,0.1,0.0940365269780159
28,0.0,0.2,0.09656853973865509
28,0.03,0.0,0.09843526780605316
28,0.03,0.1,0.09843526780605316
28,0.03,0.2,0.11391514539718628
28,0.06,0.0,0.09070512652397156
28,0.06,0.1,0.09070512652397156
28,0.06,0.2,0.10126525163650513
28,0.09,0.0,0.09289030730724335
28,0.09,0.1,0.09289030730724335
28,0.09,0.2,0.09872423857450485
28,0.12,0.0,0.0932256206870079
28,0.12,0.1,0.0932256206870079
28,0.12,0.2,0.09521694481372833
28,0.15,0.0,0.10331021994352341
28,0.15,0.1,0.10331021994352341
28,0.15,0.2,0.09861165285110474
280,0.0,0.0,0.1126856654882431
280,0.0,0.1,0.1126856654882431
280,0.0,0.2,0.1302378922700882
280,0.03,0.0,0.12159930169582367
280,0.03,0.1,0.12159930169582367
280,0.03,0.2,0.13796590268611908
280,0.06,0.0,0.14581571519374847
280,0.06,0.1,0.14581571519374847
280,0.06,0.2,0.15425311028957367
280,0.09,0.0,0.16437803208827972
280,0.09,0.1,0.16437803208827972
280,0.09,0.2,0.15450866520404816
280,0.12,0.0,0.15538136661052704
280,0.12,0.1,0.15538136661052704
280,0.12,0.2,0.13857415318489075
280,0.15,0.0,0.14842626452445984
280,0.15,0.1,0.14842626452445984
280,0.15,0.2,0.12506988644599915
281,0.0,0.0,0.07637521624565125
281,0.0,0.1,0.07637521624565125
281,0.0,0.2,0.09714831411838531
281,0.03,0.0,0.08218085020780563
281,0.03,0.1,0.08218085020780563
281,0.03,0.2,0.11575064808130264
281,0.06,0.0,0.09347623586654663
281,0.06,0.1,0.09347623586654663
281,0.06,0.2,0.1283053308725357
281,0.09,0.0,0.12342125922441483
281,0.09,0.1,0.12342125922441483
281,0.09,0.2,0.14299985766410828
281,0.12,0.0,0.16625909507274628
281,0.12,0.1,0.16625909507274628
281,0.12,0.2,0.16987307369709015
281,0.15,0.0,0.15283088386058807
281,0.15,0.1,0.15283088386058807
281,0.15,0.2,0.1470363736152649
282,0.0,0.0,0.08817541599273682
282,0.0,0.1,0.08817541599273682
282,0.0,0.2,0.13692606985569
282,0.03,0.0,0.10339372605085373
282,0.03,0.1,0.10339372605085373
282,0.03,0.2,0.1667831689119339
282,0.06,0.0,0.1506682187318802
282,0.06,0.1,0.1506682187318802
282,0.06,0.2,0.1921396702528
282,0.09,0.0,0.17578372359275818
282,0.09,0.1,0.17578372359275818
282,0.09,0.2,0.19742648303508759
282,0.12,0.0,0.19453510642051697
282,0.12,0.1,0.19453510642051697
282,0.12,0.2,0.2032201588153839
282,0.15,0.0,0.19704227149486542
282,0.15,0.1,0.19704227149486542
282,0.15,0.2,0.19159579277038574
283,0.0,0.0,0.09083779901266098
283,0.0,0.1,0.09083779901266098
283,0.0,0.2,0.1637594848871231
283,0.03,0.0,0.13692806661128998
283,0.03,0.1,0.13692806661128998
283,0.03,0.2,0.1942058950662613
283,0.06,0.0,0.18556123971939087
283,0.06,0.1,0.18556123971939087
283,0.06,0.2,0.21250826120376587
283,0.09,0.0,0.21773479878902435
283,0.09,0.1,0.21773479878902435
283,0.09,0.2,0.21413187682628632
283,0.12,0.0,0.23144999146461487
283,0.12,0.1,0.23144999146461487
283,0.12,0.2,0.2063513696193695
283,0.15,0.0,0.22953107953071594
283,0.15,0.1,0.22953107953071594
283,0.15,0.2,0.19723963737487793
284,0.0,0.0,0.08884087949991226
284,0.0,0.1,0.08884087949991226
284,0.0,0.2,0.08876419812440872
284,0.03,0.0,0.08633487671613693
284,0.03,0.1,0.08633487671613693
284,0.03,0.2,0.10978277772665024
284,0.06,0.0,0.08926360309123993
284,0.06,0.1,0.08926360309123993
284,0.06,0.2,0.1245025172829628
284,0.09,0.0,0.1204100027680397
284,0.09,0.1,0.1204100027680397
284,0.09,0.2,0.13365139067173004
284,0.12,0.0,0.14480680227279663
284,0.12,0.1,0.14480680227279663
284,0.12,0.2,0.12435807287693024
284,0.15,0.0,0.13993801176548004
284,0.15,0.1,0.13993801176548004
284,0.15,0.2,0.10373443365097046
285,0.0,0.0,0.0828472152352333
285,0.0,0.1,0.0828472152352333
285,0.0,0.2,0.07991088926792145
285,0.03,0.0,0.08710204809904099
285,0.03,0.1,0.08710204809904099
285,0.03,0.2,0.08408518135547638
285,0.06,0.0,0.08225663006305695
285,0.06,0.1,0.08225663006305695
285,0.06,0.2,0.08792998641729355
285,0.09,0.0,0.09169236570596695
285,0.09,0.1,0.09169236570596695
285,0.09,0.2,0.08844437450170517
285,0.12,0.0,0.09545823186635971
285,0.12,0.1,0.09545823186635971
285,0.12,0.2,0.11276478320360184
285,0.15,0.0,0.08536873012781143
285,0.15,0.1,0.08536873012781143
285,0.15,0.2,0.09128797799348831
286,0.0,0.0,0.08788912743330002
286,0.0,0.1,0.08788912743330002
286,0.0,0.2,0.09617317467927933
286,0.03,0.0,0.08512675762176514
286,0.03,0.1,0.08512675762176514
286,0.03,0.2,0.10518353432416916
286,0.06,0.0,0.10044843703508377
286,0.06,0.1,0.10044843703508377
286,0.06,0.2,0.1371171474456787
286,0.09,0.0,0.1168970838189125
286,0.09,0.1,0.1168970838189125
286,0.09,0.2,0.1535901576280594
286,0.12,0.0,0.15249982476234436
286,0.12,0.1,0.15249982476234436
286,0.12,0.2,0.17560575902462006
286,0.15,0.0,0.16801729798316956
286,0.15,0.1,0.16801729798316956
286,0.15,0.2,0.17271479964256287
287,0.0,0.0,0.08764293789863586
287,0.0,0.1,0.08764293789863586
287,0.0,0.2,0.10700772702693939
287,0.03,0.0,0.09633514285087585
287,0.03,0.1,0.09633514285087585
287,0.03,0.2,0.09248273074626923
287,0.06,0.0,0.11753155291080475
287,0.06,0.1,0.11753155291080475
287,0.06,0.2,0.11119445413351059
287,0.09,0.0,0.12771183252334595
287,0.09,0.1,0.12771183252334595
287,0.09,0.2,0.10770747065544128
287,0.12,0.0,0.10991522669792175
287,0.12,0.1,0.10991522669792175
287,0.12,0.2,0.10206345468759537
287,0.15,0.0,0.10267273336648941
287,0.15,0.1,0.10267273336648941
287,0.15,0.2,0.09813277423381805
288,0.0,0.0,0.08031247556209564
288,0.0,0.1,0.08031247556209564
288,0.0,0.2,0.11174066364765167
288,0.03,0.0,0.09149348735809326
288,0.03,0.1,0.09149348735809326
288,0.03,0.2,0.14014746248722076
288,0.06,0.0,0.14499910175800323
288,0.06,0.1,0.14499910175800323
288,0.06,0.2,0.16069921851158142
288,0.09,0.0,0.17655856907367706
288,0.09,0.1,0.17655856907367706
288,0.09,0.2,0.15229660272598267
288,0.12,0.0,0.18061698973178864
288,0.12,0.1,0.18061698973178864
288,0.12,0.2,0.13876307010650635
288,0.15,0.0,0.17351751029491425
288,0.15,0.1,0.17351751029491425
288,0.15,0.2,0.14245885610580444
289,0.0,0.0,0.08426671475172043
289,0.0,0.1,0.08426671475172043
289,0.0,0.2,0.11108173429965973
289,0.03,0.0,0.098890520632267
289,0.03,0.1,0.098890520632267
289,0.03,0.2,0.12253662198781967
289,0.06,0.0,0.12036442011594772
289,0.06,0.1,0.12036442011594772
289,0.06,0.2,0.1363227814435959
289,0.09,0.0,0.1463419795036316
289,0.09,0.1,0.1463419795036316
289,0.09,0.2,0.1345241218805313
289,0.12,0.0,0.1445779800415039
289,0.12,0.1,0.1445779800415039
289,0.12,0.2,0.11624334007501602
289,0.15,0.0,0.11975222826004028
289,0.15,0.1,0.11975222826004028
289,0.15,0.2,0.11006174981594086
29,0.0,0.0,0.09456072747707367
29,0.0,0.1,0.09456072747707367
29,0.0,0.2,0.0798686221241951
29,0.03,0.0,0.0837487131357193
29,0.03,0.1,0.0837487131357193
29,0.03,0.2,0.08579190075397491
29,0.06,0.0,0.08426997065544128
29,0.06,0.1,0.08426997065544128
29,0.06,0.2,0.09913421422243118
29,0.09,0.0,0.08661561459302902
29,0.09,0.1,0.08661561459302902
29,0.09,0.2,0.10070610046386719
29,0.12,0.0,0.08751548081636429
29,0.12,0.1,0.08751548081636429
29,0.12,0.2,0.1021595299243927
29,0.15,0.0,0.10986493527889252
29,0.15,0.1,0.10986493527889252
29,0.15,0.2,0.10490424185991287
290,0.0,0.0,0.08820641785860062
290,0.0,0.1,0.08820641785860062
290,0.0,0.2,0.08611222356557846
290,0.03,0.0,0.07614979147911072
290,0.03,0.1,0.07614979147911072
290,0.03,0.2,0.07490354776382446
290,0.06,0.0,0.08009670674800873
290,0.06,0.1,0.08009670674800873
290,0.06,0.2,0.0832420364022255
290,0.09,0.0,0.08939751982688904
290,0.09,0.1,0.08939751982688904
290,0.09,0.2,0.08748818933963776
290,0.12,0.0,0.08236592262983322
290,0.12,0.1,0.08236592262983322
290,0.12,0.2,0.08058437705039978
290,0.15,0.0,0.08109210431575775
290,0.15,0.1,0.08109210431575775
290,0.15,0.2,0.07814165204763412
291,0.0,0.0,0.09010425209999084
291,0.0,0.1,0.09010425209999084
291,0.0,0.2,0.10235362499952316
291,0.03,0.0,0.07771062105894089
291,0.03,0.1,0.07771062105894089
291,0.03,0.2,0.09579429775476456
291,0.06,0.0,0.08512561768293381
291,0.06,0.1,0.08512561768293381
291,0.06,0.2,0.10043380409479141
291,0.09,0.0,0.09138301014900208
291,0.09,0.1,0.09138301014900208
291,0.09,0.2,0.09764516353607178
291,0.12,0.0,0.10002312064170837
291,0.12,0.1,0.10002312064170837
291,0.12,0.2,0.09947524219751358
291,0.15,0.0,0.10290277749300003
291,0.15,0.1,0.10290277749300003
291,0.15,0.2,0.08899819850921631
292,0.0,0.0,0.08518603444099426
292,0.0,0.1,0.08518603444099426
292,0.0,0.2,0.08197659999132156
292,0.03,0.0,0.08753523975610733
292,0.03,0.1,0.08753523975610733
292,0.03,0.2,0.09936081618070602
292,0.06,0.0,0.09719061851501465
292,0.06,0.1,0.09719061851501465
292,0.06,0.2,0.11726849526166916
292,0.09,0.0,0.1142294704914093
292,0.09,0.1,0.1142294704914093
292,0.09,0.2,0.1186513677239418
292,0.12,0.0,0.11386480927467346
292,0.12,0.1,0.11386480927467346
292,0.12,0.2,0.10940411686897278
292,0.15,0.0,0.12415904551744461
292,0.15,0.1,0.12415904551744461
292,0.15,0.2,0.11603295058012009
293,0.0,0.0,0.11135420948266983
293,0.0,0.1,0.11135420948266983
293,0.0,0.2,0.124770388007164
293,0.03,0.0,0.14155150949954987
293,0.03,0.1,0.14155150949954987
293,0.03,0.2,0.08855892717838287
293,0.06,0.0,0.20243510603904724
293,0.06,0.1,0.20243510603904724
293,0.06,0.2,0.1035042256116867
293,0.09,0.0,0.1833033561706543
293,0.09,0.1,0.1833033561706543
293,0.09,0.2,0.09725300967693329
293,0.12,0.0,0.09123945981264114
293,0.12,0.1,0.09123945981264114
293,0.12,0.2,0.0963602364063263
293,0.15,0.0,0.08119036257266998
293,0.15,0.1,0.08119036257266998
293,0.15,0.2,0.08621114492416382
294,0.0,0.0,0.08443756401538849
294,0.0,0.1,0.08443756401538849
294,0.0,0.2,0.15861673653125763
294,0.03,0.0,0.1259700059890747
294,0.03,0.1,0.1259700059890747
294,0.03,0.2,0.20401941239833832
294,0.06,0.0,0.17076531052589417
294,0.06,0.1,0.17076531052589417
294,0.06,0.2,0.2128187119960785
294,0.09,0.0,0.20063330233097076
294,0.09,0.1,0.20063330233097076
294,0.09,0.2,0.19992974400520325
294,0.12,0.0,0.21993088722229004
294,0.12,0.1,0.21993088722229004
294,0.12,0.2,0.19570747017860413
294,0.15,0.0,0.20093701779842377
294,0.15,0.1,0.20093701779842377
294,0.15,0.2,0.16980688273906708
295,0.0,0.0,0.08723756670951843
295,0.0,0.1,0.08723756670951843
295,0.0,0.2,0.08832467347383499
295,0.03,0.0,0.1089395135641098
295,0.03,0.1,0.1089395135641098
295,0.03,0.2,0.10408538579940796
295,0.06,0.0,0.1000833809375763
295,0.06,0.1,0.1000833809375763
295,0.06,0.2,0.09593669325113297
295,0.09,0.0,0.09356579929590225
295,0.09,0.1,0.09356579929590225
295,0.09,0.2,0.09466634690761566
295,0.12,0.0,0.09752490371465683
295,0.12,0.1,0.09752490371465683
295,0.12,0.2,0.09019051492214203
295,0.15,0.0,0.10588385909795761
295,0.15,0.1,0.10588385909795761
295,0.15,0.2,0.10333935916423798
296,0.0,0.0,0.0896342396736145
296,0.0,0.1,0.0896342396736145
296,0.0,0.2,0.09035608917474747
296,0.03,0.0,0.08934289962053299
296,0.03,0.1,0.08934289962053299
296,0.03,0.2,0.09486943483352661
296,0.06,0.0,0.1053929403424263
296,0.06,0.1,0.1053929403424263
296,0.06,0.2,0.10680074989795685
296,0.09,0.0,0.09613428264856339
296,0.09,0.1,0.09613428264856339
296,0.09,0.2,0.10002753883600235
296,0.12,0.0,0.10047109425067902
296,0.12,0.1,0.10047109425067902
296,0.12,0.2,0.10225695371627808
296,0.15,0.0,0.08813267946243286
296,0.15,0.1,0.08813267946243286
296,0.15,0.2,0.09153932332992554
297,0.0,0.0,0.07907792925834656
297,0.0,0.1,0.07907792925834656
297,0.0,0.2,0.0825299546122551
297,0.03,0.0,0.09283049404621124
297,0.03,0.1,0.09283049404621124
297,0.03,0.2,0.09389255940914154
297,0.06,0.0,0.08345616608858109
297,0.06,0.1,0.08345616608858109
297,0.06,0.2,0.10434453934431076
297,0.09,0.0,0.0961698368191719
297,0.09,0.1,0.0961698368191719
297,0.09,0.2,0.11188487708568573
297,0.12,0.0,0.10890215635299683
297,0.12,0.1,0.10890215635299683
297,0.12,0.2,0.11331787705421448
297,0.15,0.0,0.11920751631259918
297,0.15,0.1,0.11920751631259918
297,0.15,0.2,0.11330622434616089
298,0.0,0.0,0.1258353292942047
298,0.0,0.1,0.1258353292942047
298,0.0,0.2,0.11285947263240814
298,0.03,0.0,0.09285273402929306
298,0.03,0.1,0.09285273402929306
298,0.03,0.2,0.09829479455947876
298,0.06,0.0,0.10042766481637955
298,0.06,0.1,0.10042766481637955
298,0.06,0.2,0.1000242605805397
298,0.09,0.0,0.08975321799516678
298,0.09,0.1,0.08975321799516678
298,0.09,0.2,0.10240691900253296
298,0.12,0.0,0.0972013995051384
298,0.12,0.1,0.0972013995051384
298,0.12,0.2,0.11812840402126312
298,0.15,0.0,0.11214553564786911
298,0.15,0.1,0.11214553564786911
298,0.15,0.2,0.11782913655042648
299,0.0,0.0,0.08754732459783554
299,0.0,0.1,0.08754732459783554
299,0.0,0.2,0.1270720511674881
299,0.03,0.0,0.09160672873258591
299,0.03,0.1,0.09160672873258591
299,0.03,0.2,0.15349873900413513
299,0.06,0.0,0.1298917979001999
299,0.06,0.1,0.1298917979001999
299,0.06,0.2,0.16815124452114105
299,0.09,0.0,0.16966040432453156
299,0.09,0.1,0.16966040432453156
299,0.09,0.2,0.1701216697692871
299,0.12,0.0,0.18998341262340546
299,0.12,0.1,0.18998341262340546
299,0.12,0.2,0.17216657102108002
299,0.15,0.0,0.19126801192760468
299,0.15,0.1,0.19126801192760468
299,0.15,0.2,0.16365297138690948
3,0.0,0.0,0.08784987777471542
3,0.0,0.1,0.08784987777471542
3,0.0,0.2,0.09741633385419846
3,0.03,0.0,0.09070252627134323
3,0.03,0.1,0.09070252627134323
3,0.03,0.2,0.09504112601280212
3,0.06,0.0,0.0955924317240715
3,0.06,0.1,0.0955924317240715
3,0.06,0.2,0.11611729115247726
3,0.09,0.0,0.11486279219388962
3,0.09,0.1,0.11486279219388962
3,0.09,0.2,0.12439575046300888
3,0.12,0.0,0.10989869385957718
3,0.12,0.1,0.10989869385957718
3,0.12,0.2,0.118723064661026
3,0.15,0.0,0.11006949841976166
3,0.15,0.1,0.11006949841976166
3,0.15,0.2,0.1154361367225647
30,0.0,0.0,0.08462870121002197
30,0.0,0.1,0.08462870121002197
30,0.0,0.2,0.08192412555217743
30,0.03,0.0,0.08108929544687271
30,0.03,0.1,0.08108929544687271
30,0.03,0.2,0.08167972415685654
30,0.06,0.0,0.0950266495347023
30,0.06,0.1,0.0950266495347023
30,0.06,0.2,0.09875275194644928
30,0.09,0.0,0.0795670822262764
30,0.09,0.1,0.0795670822262764
30,0.09,0.2,0.08384904265403748
30,0.12,0.0,0.08537288010120392
30,0.12,0.1,0.08537288010120392
30,0.12,0.2,0.08752891421318054
30,0.15,0.0,0.08163708448410034
30,0.15,0.1,0.08163708448410034
30,0.15,0.2,0.11026253551244736
300,0.0,0.0,0.07591109722852707
300,0.0,0.1,0.07591109722852707
300,0.0,0.2,0.07771575450897217
300,0.03,0.0,0.08287706971168518
300,0.03,0.1,0.08287706971168518
300,0.03,0.2,0.08863867819309235
300,0.06,0.0,0.08293827623128891
300,0.06,0.1,0.08293827623128891
300,0.06,0.2,0.08667987585067749
300,0.09,0.0,0.08696668595075607
300,0.09,0.1,0.08696668595075607
300,0.09,0.2,0.07851116359233856
300,0.12,0.0,0.08570154756307602
300,0.12,0.1,0.08570154756307602
300,0.12,0.2,0.09841638058423996
300,0.15,0.0,0.07917248457670212
300,0.15,0.1,0.07917248457670212
300,0.15,0.2,0.08681314438581467
301,0.0,0.0,0.08534064888954163
301,0.0,0.1,0.08534064888954163
301,0.0,0.2,0.09854429960250854
301,0.03,0.0,0.09554807096719742
301,0.03,0.1,0.09554807096719742
301,0.03,0.2,0.11402734369039536
301,0.06,0.0,0.10698162019252777
301,0.06,0.1,0.10698162019252777
301,0.06,0.2,0.11359714716672897
301,0.09,0.0,0.11232130974531174
301,0.09,0.1,0.11232130974531174
301,0.09,0.2,0.11741945147514343
301,0.12,0.0,0.1122858077287674
301,0.12,0.1,0.1122858077287674
301,0.12,0.2,0.11828454583883286
301,0.15,0.0,0.13475301861763
301,0.15,0.1,0.13475301861763
301,0.15,0.2,0.14084093272686005
302,0.0,0.0,0.08861555904150009
302,0.0,0.1,0.08861555904150009
302,0.0,0.2,0.08345909416675568
302,0.03,0.0,0.08556971698999405
302,0.03,0.1,0.08556971698999405
302,0.03,0.2,0.0947086364030838
302,0.06,0.0,0.08700218796730042
302,0.06,0.1,0.08700218796730042
302,0.06,0.2,0.11235197633504868
302,0.09,0.0,0.09138990193605423
302,0.09,0.1,0.09138990193605423
302,0.09,0.2,0.1351209282875061
302,0.12,0.0,0.12639692425727844
302,0.12,0.1,0.12639692425727844
302,0.12,0.2,0.13929328322410583
302,0.15,0.0,0.1434766948223114
302,0.15,0.1,0.1434766948223114
302,0.15,0.2,0.14197324216365814
303,0.0,0.0,0.08560976386070251
303,0.0,0.1,0.08560976386070251
303,0.0,0.2,0.10016831010580063
303,0.03,0.0,0.11022190004587173
303,0.03,0.1,0.11022190004587173
303,0.03,0.2,0.09733693301677704
303,0.06,0.0,0.12875023484230042
303,0.06,0.1,0.12875023484230042
303,0.06,0.2,0.09150935709476471
303,0.09,0.0,0.12494560331106186
303,0.09,0.1,0.12494560331106186
303,0.09,0.2,0.08378554880619049
303,0.12,0.0,0.10681730508804321
303,0.12,0.1,0.10681730508804321
303,0.12,0.2,0.09978415817022324
303,0.15,0.0,0.0911034420132637
303,0.15,0.1,0.0911034420132637
303,0.15,0.2,0.09399040043354034
304,0.0,0.0,0.08582803606987
304,0.0,0.1,0.08582803606987
304,0.0,0.2,0.13910356163978577
304,0.03,0.0,0.09605549275875092
304,0.03,0.1,0.09605549275875092
304,0.03,0.2,0.1742478460073471
304,0.06,0.0,0.12500356137752533
304,0.06,0.1,0.12500356137752533
304,0.06,0.2,0.18963895738124847
304,0.09,0.0,0.1831434965133667
304,0.09,0.1,0.1831434965133667
304,0.09,0.2,0.21625027060508728
304,0.12,0.0,0.20519430935382843
304,0.12,0.1,0.20519430935382843
304,0.12,0.2,0.2117772400379181
304,0.15,0.0,0.21444647014141083
304,0.15,0.1,0.21444647014141083
304,0.15,0.2,0.1907798796892166
305,0.0,0.0,0.09513254463672638
305,0.0,0.1,0.09513254463672638
305,0.0,0.2,0.10472186654806137
305,0.03,0.0,0.09385976195335388
305,0.03,0.1,0.09385976195335388
305,0.03,0.2,0.08358485996723175
305,0.06,0.0,0.0916469544172287
305,0.06,0.1,0.0916469544172287
305,0.06,0.2,0.09496083110570908
305,0.09,0.0,0.09022971242666245
305,0.09,0.1,0.09022971242666245
305,0.09,0.2,0.09162712097167969
305,0.12,0.0,0.08966778218746185
305,0.12,0.1,0.08966778218746185
305,0.12,0.2,0.08866650611162186
305,0.15,0.0,0.08175861090421677
305,0.15,0.1,0.08175861090421677
305,0.15,0.2,0.08351731300354004
306,0.0,0.0,0.08751718699932098
306,0.0,0.1,0.08751718699932098
306,0.0,0.2,0.09441692382097244
306,0.03,0.0,0.09883169829845428
306,0.03,0.1,0.09883169829845428
306,0.03,0.2,0.09551150351762772
306,0.06,0.0,0.10172858089208603
306,0.06,0.1,0.10172858089208603
306,0.06,0.2,0.12330508232116699
306,0.09,0.0,0.11153214424848557
306,0.09,0.1,0.11153214424848557
306,0.09,0.2,0.14552034437656403
306,0.12,0.0,0.12341596931219101
306,0.12,0.1,0.12341596931219101
306,0.12,0.2,0.14578856527805328
306,0.15,0.0,0.1593235433101654
306,0.15,0.1,0.1593235433101654
306,0.15,0.2,0.15068039298057556
307,0.0,0.0,0.10651183873414993
307,0.0,0.1,0.10651183873414993
307,0.0,0.2,0.10304522514343262
307,0.03,0.0,0.11042745411396027
307,0.03,0.1,0.11042745411396027
307,0.03,0.2,0.1180630773305893
307,0.06,0.0,0.0933387279510498
307,0.06,0.1,0.0933387279510498
307,0.06,0.2,0.1058405414223671
307,0.09,0.0,0.09253954142332077
307,0.09,0.1,0.09253954142332077
307,0.09,0.2,0.1196526363492012
307,0.12,0.0,0.12899543344974518
307,0.12,0.1,0.12899543344974518
307,0.12,0.2,0.13659361004829407
307,0.15,0.0,0.13925732672214508
307,0.15,0.1,0.13925732672214508
307,0.15,0.2,0.1303638517856598
308,0.0,0.0,0.10261331498622894
308,0.0,0.1,0.10261331498622894
308,0.0,0.2,0.09720129519701004
308,0.03,0.0,0.0917193740606308
308,0.03,0.1,0.0917193740606308
308,0.03,0.2,0.09094014018774033
308,0.06,0.0,0.09818793088197708
308,0.06,0.1,0.09818793088197708
308,0.06,0.2,0.10158298164606094
308,0.09,0.0,0.09540081024169922
308,0.09,0.1,0.09540081024169922
308,0.09,0.2,0.10913850367069244
308,0.12,0.0,0.08746373653411865
308,0.12,0.1,0.08746373653411865
308,0.12,0.2,0.09972783178091049
308,0.15,0.0,0.12409060448408127
308,0.15,0.1,0.12409060448408127
308,0.15,0.2,0.12103283405303955
309,0.0,0.0,0.08029215782880783
309,0.0,0.1,0.08029215782880783
309,0.0,0.2,0.08247876912355423
309,0.03,0.0,0.08965229243040085
309,0.03,0.1,0.08965229243040085
309,0.03,0.2,0.10704590380191803
309,0.06,0.0,0.08659999817609787
309,0.06,0.1,0.08659999817609787
309,0.06,0.2,0.09134609252214432
309,0.09,0.0,0.09629657864570618
309,0.09,0.1,0.09629657864570618
309,0.09,0.2,0.10640209168195724
309,0.12,0.0,0.1189531460404396
309,0.12,0.1,0.1189531460404396
309,0.12,0.2,0.12133197486400604
309,0.15,0.0,0.11428643018007278
309,0.15,0.1,0.11428643018007278
309,0.15,0.2,0.10687544196844101
31,0.0,0.0,0.08426724374294281
31,0.0,0.1,0.08426724374294281
31,0.0,0.2,0.09389933198690414
31,0.03,0.0,0.10267945379018784
31,0.03,0.1,0.10267945379018784
31,0.03,0.2,0.0932379812002182
31,0.06,0.0,0.09196768701076508
31,0.06,0.1,0.09196768701076508
31,0.06,0.2,0.09831830114126205
31,0.09,0.0,0.08755024522542953
31,0.09,0.1,0.08755024522542953
31,0.09,0.2,0.09702673554420471
31,0.12,0.0,0.08779744058847427
31,0.12,0.1,0.08779744058847427
31,0.12,0.2,0.08307948708534241
31,0.15,0.0,0.09080299735069275
31,0.15,0.1,0.09080299735069275
31,0.15,0.2,0.09546651691198349
310,0.0,0.0,0.07370653748512268
310,0.0,0.1,0.07370653748512268
310,0.0,0.2,0.08275491744279861
310,0.03,0.0,0.08639390766620636
310,0.03,0.1,0.08639390766620636
310,0.03,0.2,0.08760038018226624
310,0.06,0.0,0.09071440994739532
310,0.06,0.1,0.09071440994739532
310,0.06,0.2,0.08733892440795898
310,0.09,0.0,0.09232889860868454
310,0.09,0.1,0.09232889860868454
310,0.09,0.2,0.08285249769687653
310,0.12,0.0,0.08467984944581985
310,0.12,0.1,0.08467984944581985
310,0.12,0.2,0.07941658794879913
310,0.15,0.0,0.08966129273176193
310,0.15,0.1,0.08966129273176193
310,0.15,0.2,0.08306974172592163
311,0.0,0.0,0.09769773483276367
311,0.0,0.1,0.09769773483276367
311,0.0,0.2,0.08224424719810486
311,0.03,0.0,0.08773356676101685
311,0.03,0.1,0.08773356676101685
311,0.03,0.2,0.09050089120864868
311,0.06,0.0,0.07863649725914001
311,0.06,0.1,0.07863649725914001
311,0.06,0.2,0.10331287980079651
311,0.09,0.0,0.09235703200101852
311,0.09,0.1,0.09235703200101852
311,0.09,0.2,0.12425410747528076
311,0.12,0.0,0.12151103466749191
311,0.12,0.1,0.12151103466749191
311,0.12,0.2,0.13929936289787292
311,0.15,0.0,0.13097365200519562
311,0.15,0.1,0.13097365200519562
311,0.15,0.2,0.14057813584804535
312,0.0,0.0,0.10309448093175888
312,0.0,0.1,0.10309448093175888
312,0.0,0.2,0.1163729801774025
312,0.03,0.0,0.10014308989048004
312,0.03,0.1,0.10014308989048004
312,0.03,0.2,0.11664405465126038
312,0.06,0.0,0.11342815309762955
312,0.06,0.1,0.11342815309762955
312,0.06,0.2,0.11481942236423492
312,0.09,0.0,0.11572153121232986
312,0.09,0.1,0.11572153121232986
312,0.09,0.2,0.12955518066883087
312,0.12,0.0,0.12004324048757553
312,0.12,0.1,0.12004324048757553
312,0.12,0.2,0.11734684556722641
312,0.15,0.0,0.1279122531414032
312,0.15,0.1,0.1279122531414032
312,0.15,0.2,0.1283012330532074
313,0.0,0.0,0.08757534623146057
313,0.0,0.1,0.08757534623146057
313,0.0,0.2,0.08790775388479233
313,0.03,0.0,0.08687710016965866
313,0.03,0.1,0.08687710016965866
313,0.03,0.2,0.09022536873817444
313,0.06,0.0,0.08323133736848831
313,0.06,0.1,0.08323133736848831
313,0.06,0.2,0.08340972661972046
313,0.09,0.0,0.09108241647481918
313,0.09,0.1,0.09108241647481918
313,0.09,0.2,0.08028901368379593
313,0.12,0.0,0.08558880537748337
313,0.12,0.1,0.08558880537748337
313,0.12,0.2,0.09200853854417801
313,0.15,0.0,0.09159895032644272
313,0.15,0.1,0.09159895032644272
313,0.15,0.2,0.087095707654953
314,0.0,0.0,0.08856795728206635
314,0.0,0.1,0.08856795728206635
314,0.0,0.2,0.10867860913276672
314,0.03,0.0,0.10094340890645981
314,0.03,0.1,0.10094340890645981
314,0.03,0.2,0.13765156269073486
314,0.06,0.0,0.1253156065940857
314,0.06,0.1,0.1253156065940857
314,0.06,0.2,0.15248741209506989
314,0.09,0.0,0.13464058935642242
314,0.09,0.1,0.13464058935642242
314,0.09,0.2,0.154434472322464
314,0.12,0.0,0.13620862364768982
314,0.12,0.1,0.13620862364768982
314,0.12,0.2,0.1353210061788559
314,0.15,0.0,0.13484050333499908
314,0.15,0.1,0.13484050333499908
314,0.15,0.2,0.13256555795669556
315,0.0,0.0,0.08677880465984344
315,0.0,0.1,0.08677880465984344
315,0.0,0.2,0.08344849944114685
315,0.03,0.0,0.09606285393238068
315,0.03,0.1,0.09606285393238068
315,0.03,0.2,0.0923670306801796
315,0.06,0.0,0.08433669060468674
315,0.06,0.1,0.08433669060468674
315,0.06,0.2,0.09439589083194733
315,0.09,0.0,0.08282032608985901
315,0.09,0.1,0.08282032608985901
315,0.09,0.2,0.08571191877126694
315,0.12,0.0,0.08841099590063095
315,0.12,0.1,0.08841099590063095
315,0.12,0.2,0.08820466697216034
315,0.15,0.0,0.10191234946250916
315,0.15,0.1,0.10191234946250916
315,0.15,0.2,0.09739215672016144
316,0.0,0.0,0.09571169316768646
316,0.0,0.1,0.09571169316768646
316,0.0,0.2,0.10400236397981644
316,0.03,0.0,0.10085681080818176
316,0.03,0.1,0.10085681080818176
316,0.03,0.2,0.122732974588871
316,0.06,0.0,0.1020178571343422
316,0.06,0.1,0.1020178571343422
316,0.06,0.2,0.12023225426673889
316,0.09,0.0,0.13300123810768127
316,0.09,0.1,0.13300123810768127
316,0.09,0.2,0.1393103301525116
316,0.12,0.0,0.14242902398109436
316,0.12,0.1,0.14242902398109436
316,0.12,0.2,0.14150027930736542
316,0.15,0.0,0.1423075646162033
316,0.15,0.1,0.1423075646162033
316,0.15,0.2,0.12101154774427414
317,0.0,0.0,0.09240803122520447
317,0.0,0.1,0.09240803122520447
317,0.0,0.2,0.10635943710803986
317,0.03,0.0,0.10342631489038467
317,0.03,0.1,0.10342631489038467
317,0.03,0.2,0.11241695284843445
317,0.06,0.0,0.11071188747882843
317,0.06,0.1,0.11071188747882843
317,0.06,0.2,0.12006185948848724
317,0.09,0.0,0.10773094743490219
317,0.09,0.1,0.10773094743490219
317,0.09,0.2,0.10604654252529144
317,0.12,0.0,0.09437030553817749
317,0.12,0.1,0.09437030553817749
317,0.12,0.2,0.09521245211362839
317,0.15,0.0,0.09048831462860107
317,0.15,0.1,0.09048831462860107
317,0.15,0.2,0.08521510660648346
318,0.0,0.0,0.09735419601202011
318,0.0,0.1,0.09735419601202011
318,0.0,0.2,0.11243484169244766
318,0.03,0.0,0.10115574300289154
318,0.03,0.1,0.10115574300289154
318,0.03,0.2,0.12008751928806305
318,0.06,0.0,0.10172709077596664
318,0.06,0.1,0.10172709077596664
318,0.06,0.2,0.13091662526130676
318,0.09,0.0,0.11093024909496307
318,0.09,0.1,0.11093024909496307
318,0.09,0.2,0.12813429534435272
318,0.12,0.0,0.13120542466640472
318,0.12,0.1,0.13120542466640472
318,0.12,0.2,0.12546920776367188
318,0.15,0.0,0.13624966144561768
318,0.15,0.1,0.13624966144561768
318,0.15,0.2,0.11502497643232346
319,0.0,0.0,0.08048675954341888
319,0.0,0.1,0.08048675954341888
319,0.0,0.2,0.09451043605804443
319,0.03,0.0,0.1009368821978569
319,0.03,0.1,0.1009368821978569
319,0.03,0.2,0.11459369212388992
319,0.06,0.0,0.11065996438264847
319,0.06,0.1,0.11065996438264847
319,0.06,0.2,0.11561966687440872
319,0.09,0.0,0.09638374298810959
319,0.09,0.1,0.09638374298810959
319,0.09,0.2,0.10439396649599075
319,0.12,0.0,0.10596204549074173
319,0.12,0.1,0.10596204549074173
319,0.12,0.2,0.10373984277248383
319,0.15,0.0,0.09614616632461548
319,0.15,0.1,0.09614616632461548
319,0.15,0.2,0.0841018408536911
32,0.0,0.0,0.08701031655073166
32,0.0,0.1,0.08701031655073166
32,0.0,0.2,0.09310389310121536
32,0.03,0.0,0.09001410007476807
32,0.03,0.1,0.09001410007476807
32,0.03,0.2,0.08280684053897858
32,0.06,0.0,0.08387955278158188
32,0.06,0.1,0.08387955278158188
32,0.06,0.2,0.09023720026016235
32,0.09,0.0,0.10356711596250534
32,0.09,0.1,0.10356711596250534
32,0.09,0.2,0.10494117438793182
32,0.12,0.0,0.09946747869253159
32,0.12,0.1,0.09946747869253159
32,0.12,0.2,0.09819798171520233
32,0.15,0.0,0.09145527333021164
32,0.15,0.1,0.09145527333021164
32,0.15,0.2,0.08844005316495895
320,0.0,0.0,0.08449804782867432
320,0.0,0.1,0.08449804782867432
320,0.0,0.2,0.10257723182439804
320,0.03,0.0,0.09579829126596451
320,0.03,0.1,0.09579829126596451
320,0.03,0.2,0.11629504710435867
320,0.06,0.0,0.09860451519489288
320,0.06,0.1,0.09860451519489288
320,0.06,0.2,0.11723466217517853
320,0.09,0.0,0.12347530573606491
320,0.09,0.1,0.12347530573606491
320,0.09,0.2,0.12136510014533997
320,0.12,0.0,0.1252666711807251
320,0.12,0.1,0.1252666711807251
320,0.12,0.2,0.11542367190122604
320,0.15,0.0,0.11517275869846344
320,0.15,0.1,0.11517275869846344
320,0.15,0.2,0.10195507109165192
321,0.0,0.0,0.09113572537899017
321,0.0,0.1,0.09113572537899017
321,0.0,0.2,0.10713803023099899
321,0.03,0.0,0.09673579782247543
321,0.03,0.1,0.09673579782247543
321,0.03,0.2,0.12062787264585495
321,0.06,0.0,0.14047306776046753
321,0.06,0.1,0.14047306776046753
321,0.06,0.2,0.12834449112415314
321,0.09,0.0,0.15643192827701569
321,0.09,0.1,0.15643192827701569
321,0.09,0.2,0.13745106756687164
321,0.12,0.0,0.14334364235401154
321,0.12,0.1,0.14334364235401154
321,0.12,0.2,0.12453260272741318
321,0.15,0.0,0.11725762486457825
321,0.15,0.1,0.11725762486457825
321,0.15,0.2,0.1065979078412056
322,0.0,0.0,0.0924169197678566
322,0.0,0.1,0.0924169197678566
322,0.0,0.2,0.13227014243602753
322,0.03,0.0,0.11327618360519409
322,0.03,0.1,0.11327618360519409
322,0.03,0.2,0.1295245885848999
322,0.06,0.0,0.16348598897457123
322,0.06,0.1,0.16348598897457123
322,0.06,0.2,0.12913866341114044
322,0.09,0.0,0.20834244787693024
322,0.09,0.1,0.20834244787693024
322,0.09,0.2,0.15162676572799683
322,0.12,0.0,0.16343069076538086
322,0.12,0.1,0.16343069076538086
322,0.12,0.2,0.11695709824562073
322,0.15,0.0,0.107752226293087
322,0.15,0.1,0.107752226293087
322,0.15,0.2,0.08287131786346436
323,0.0,0.0,0.09373987466096878
323,0.0,0.1,0.09373987466096878
323,0.0,0.2,0.1251634955406189
323,0.03,0.0,0.10679391771554947
323,0.03,0.1,0.10679391771554947
323,0.03,0.2,0.1503291130065918
323,0.06,0.0,0.12921804189682007
323,0.06,0.1,0.12921804189682007
323,0.06,0.2,0.17105193436145782
323,0.09,0.0,0.16223829984664917
323,0.09,0.1,0.16223829984664917
323,0.09,0.2,0.1775682419538498
323,0.12,0.0,0.1844930499792099
323,0.12,0.1,0.1844930499792099
323,0.12,0.2,0.176045760512352
323,0.15,0.0,0.1942625194787979
323,0.15,0.1,0.1942625194787979
323,0.15,0.2,0.16933713853359222
324,0.0,0.0,0.07866429537534714
324,0.0,0.1,0.07866429537534714
324,0.0,0.2,0.08453081548213959
324,0.03,0.0,0.08117425441741943
324,0.03,0.1,0.08117425441741943
324,0.03,0.2,0.08315612375736237
324,0.06,0.0,0.08474381268024445
324,0.06,0.1,0.08474381268024445
324,0.06,0.2,0.08268512040376663
324,0.09,0.0,0.09634468704462051
324,0.09,0.1,0.09634468704462051
324,0.09,0.2,0.09844452887773514
324,0.12,0.0,0.0891847312450409
324,0.12,0.1,0.0891847312450409
324,0.12,0.2,0.08640607446432114
324,0.15,0.0,0.08548115193843842
324,0.15,0.1,0.08548115193843842
324,0.15,0.2,0.10037693381309509
325,0.0,0.0,0.10258705168962479
325,0.0,0.1,0.10258705168962479
325,0.0,0.2,0.12358113378286362
325,0.03,0.0,0.1294935792684555
325,0.03,0.1,0.1294935792684555
325,0.03,0.2,0.13949167728424072
325,0.06,0.0,0.14308999478816986
325,0.06,0.1,0.14308999478816986
325,0.06,0.2,0.16758254170417786
325,0.09,0.0,0.1606030911207199
325,0.09,0.1,0.1606030911207199
325,0.09,0.2,0.1675165295600891
325,0.12,0.0,0.18753688037395477
325,0.12,0.1,0.18753688037395477
325,0.12,0.2,0.17913560569286346
325,0.15,0.0,0.19591066241264343
325,0.15,0.1,0.19591066241264343
325,0.15,0.2,0.1788274049758911
326,0.0,0.0,0.08637796342372894
326,0.0,0.1,0.08637796342372894
326,0.0,0.2,0.11509568989276886
326,0.03,0.0,0.08696163445711136
326,0.03,0.1,0.08696163445711136
326,0.03,0.2,0.11702800542116165
326,0.06,0.0,0.10242660343647003
326,0.06,0.1,0.10242660343647003
326,0.06,0.2,0.12726743519306183
326,0.09,0.0,0.12238660454750061
326,0.09,0.1,0.12238660454750061
326,0.09,0.2,0.15126821398735046
326,0.12,0.0,0.12356099486351013
326,0.12,0.1,0.12356099486351013
326,0.12,0.2,0.16461148858070374
326,0.15,0.0,0.11835302412509918
326,0.15,0.1,0.11835302412509918
326,0.15,0.2,0.13805709779262543
327,0.0,0.0,0.09104029834270477
327,0.0,0.1,0.09104029834270477
327,0.0,0.2,0.08990615606307983
327,0.03,0.0,0.09547726064920425
327,0.03,0.1,0.09547726064920425
327,0.03,0.2,0.09133804589509964
327,0.06,0.0,0.09517240524291992
327,0.06,0.1,0.09517240524291992
327,0.06,0.2,0.0954747423529625
327,0.09,0.0,0.08951728790998459
327,0.09,0.1,0.08951728790998459
327,0.09,0.2,0.1008191779255867
327,0.12,0.0,0.09272246062755585
327,0.12,0.1,0.09272246062755585
327,0.12,0.2,0.09019285440444946
327,0.15,0.0,0.09495493769645691
327,0.15,0.1,0.09495493769645691
327,0.15,0.2,0.102484330534935
328,0.0,0.0,0.11022783070802689
328,0.0,0.1,0.11022783070802689
328,0.0,0.2,0.10428333282470703
328,0.03,0.0,0.09994285553693771
328,0.03,0.1,0.09994285553693771
328,0.03,0.2,0.10107000172138214
328,0.06,0.0,0.10170513391494751
328,0.06,0.1,0.10170513391494751
328,0.06,0.2,0.10622011125087738
328,0.09,0.0,0.10051682591438293
328,0.09,0.1,0.10051682591438293
328,0.09,0.2,0.0957910567522049
328,0.12,0.0,0.09148090332746506
328,0.12,0.1,0.09148090332746506
328,0.12,0.2,0.10128003358840942
328,0.15,0.0,0.08888611942529678
328,0.15,0.1,0.08888611942529678
328,0.15,0.2,0.11035910993814468
329,0.0,0.0,0.07777656614780426
329,0.0,0.1,0.07777656614780426
329,0.0,0.2,0.08078418672084808
329,0.03,0.0,0.08487749099731445
329,0.03,0.1,0.08487749099731445
329,0.03,0.2,0.08264601975679398
329,0.06,0.0,0.0861179381608963
329,0.06,0.1,0.0861179381608963
329,0.06,0.2,0.08409863710403442
329,0.09,0.0,0.08759328722953796
329,0.09,0.1,0.08759328722953796
329,0.09,0.2,0.08240114897489548
329,0.12,0.0,0.09162311255931854
329,0.12,0.1,0.09162311255931854
329,0.12,0.2,0.08880828320980072
329,0.15,0.0,0.08208075910806656
329,0.15,0.1,0.08208075910806656
329,0.15,0.2,0.08312063664197922
33,0.0,0.0,0.105974480509758
33,0.0,0.1,0.105974480509758
33,0.0,0.2,0.1246042400598526
33,0.03,0.0,0.09076095372438431
33,0.03,0.1,0.09076095372438431
33,0.03,0.2,0.15789617598056793
33,0.06,0.0,0.1131584644317627
33,0.06,0.1,0.1131584644317627
33,0.06,0.2,0.19818516075611115
33,0.09,0.0,0.15599754452705383
33,0.09,0.1,0.15599754452705383
33,0.09,0.2,0.19994276762008667
33,0.12,0.0,0.2005741000175476
33,0.12,0.1,0.2005741000175476
33,0.12,0.2,0.2078997790813446
33,0.15,0.0,0.2136087864637375
33,0.15,0.1,0.2136087864637375
33,0.15,0.2,0.2022509127855301
330,0.0,0.0,0.08274982869625092
330,0.0,0.1,0.08274982869625092
330,0.0,0.2,0.09245269000530243
330,0.03,0.0,0.08330658823251724
330,0.03,0.1,0.08330658823251724
330,0.03,0.2,0.1235918402671814
330,0.06,0.0,0.10240493714809418
330,0.06,0.1,0.10240493714809418
330,0.06,0.2,0.13786184787750244
330,0.09,0.0,0.14691302180290222
330,0.09,0.1,0.14691302180290222
330,0.09,0.2,0.1611330658197403
330,0.12,0.0,0.17422650754451752
330,0.12,0.1,0.17422650754451752
330,0.12,0.2,0.16470922529697418
330,0.15,0.0,0.17229731380939484
330,0.15,0.1,0.17229731380939484
330,0.15,0.2,0.13866117596626282
331,0.0,0.0,0.0976773053407669
331,0.0,0.1,0.0976773053407669
331,0.0,0.2,0.09059315919876099
331,0.03,0.0,0.08625759184360504
331,0.03,0.1,0.08625759184360504
331,0.03,0.2,0.09739513695240021
331,0.06,0.0,0.09329124540090561
331,0.06,0.1,0.09329124540090561
331,0.06,0.2,0.09641164541244507
331,0.09,0.0,0.09734208881855011
331,0.09,0.1,0.09734208881855011
331,0.09,0.2,0.09041663259267807
331,0.12,0.0,0.10537984222173691
331,0.12,0.1,0.10537984222173691
331,0.12,0.2,0.09254042059183121
331,0.15,0.0,0.09807059168815613
331,0.15,0.1,0.09807059168815613
331,0.15,0.2,0.09219413995742798
332,0.0,0.0,0.09377691149711609
332,0.0,0.1,0.09377691149711609
332,0.0,0.2,0.10942628979682922
332,0.03,0.0,0.09377812594175339
332,0.03,0.1,0.09377812594175339
332,0.03,0.2,0.11901170760393143
332,0.06,0.0,0.11555974930524826
332,0.06,0.1,0.11555974930524826
332,0.06,0.2,0.1405314803123474
332,0.09,0.0,0.136221244931221
332,0.09,0.1,0.136221244931221
332,0.09,0.2,0.14426109194755554
332,0.12,0.0,0.13882450759410858
332,0.12,0.1,0.13882450759410858
332,0.12,0.2,0.12344173341989517
332,0.15,0.0,0.146036759018898
332,0.15,0.1,0.146036759018898
332,0.15,0.2,0.126522034406662
333,0.0,0.0,0.0950312465429306
333,0.0,0.1,0.0950312465429306
333,0.0,0.2,0.1059621125459671
333,0.03,0.0,0.08601085096597672
333,0.03,0.1,0.08601085096597672
333,0.03,0.2,0.10821880400180817
333,0.06,0.0,0.09710364788770676
333,0.06,0.1,0.09710364788770676
333,0.06,0.2,0.10009630024433136
333,0.09,0.0,0.10264135152101517
333,0.09,0.1,0.10264135152101517
333,0.09,0.2,0.10537662357091904
333,0.12,0.0,0.11749902367591858
333,0.12,0.1,0.11749902367591858
333,0.12,0.2,0.1191292479634285
333,0.15,0.0,0.10011763870716095
333,0.15,0.1,0.10011763870716095
333,0.15,0.2,0.10607005655765533
334,0.0,0.0,0.09170298278331757
334,0.0,0.1,0.09170298278331757
334,0.0,0.2,0.09580020606517792
334,0.03,0.0,0.08426215499639511
334,0.03,0.1,0.08426215499639511
334,0.03,0.2,0.08765110373497009
334,0.06,0.0,0.08628440648317337
334,0.06,0.1,0.08628440648317337
334,0.06,0.2,0.1020319014787674
334,0.09,0.0,0.08929623663425446
334,0.09,0.1,0.08929623663425446
334,0.09,0.2,0.09285657852888107
334,0.12,0.0,0.085484080016613
334,0.12,0.1,0.085484080016613
334,0.12,0.2,0.08718670904636383
334,0.15,0.0,0.09022921323776245
334,0.15,0.1,0.09022921323776245
334,0.15,0.2,0.09110133349895477
335,0.0,0.0,0.08700287342071533
335,0.0,0.1,0.08700287342071533
335,0.0,0.2,0.11963728070259094
335,0.03,0.0,0.09620694816112518
335,0.03,0.1,0.09620694816112518
335,0.03,0.2,0.13357651233673096
335,0.06,0.0,0.09619063138961792
335,0.06,0.1,0.09619063138961792
335,0.06,0.2,0.14454257488250732
335,0.09,0.0,0.135456845164299
335,0.09,0.1,0.135456845164299
335,0.09,0.2,0.15597914159297943
335,0.12,0.0,0.16133223474025726
335,0.12,0.1,0.16133223474025726
335,0.12,0.2,0.14373649656772614
335,0.15,0.0,0.1811957210302353
335,0.15,0.1,0.1811957210302353
335,0.15,0.2,0.15476199984550476
336,0.0,0.0,0.0850684642791748
336,0.0,0.1,0.0850684642791748
336,0.0,0.2,0.1714051067829132
336,0.03,0.0,0.12323065102100372
336,0.03,0.1,0.12323065102100372
336,0.03,0.2,0.18555986881256104
336,0.06,0.0,0.22099658846855164
336,0.06,0.1,0.22099658846855164
336,0.06,0.2,0.21836823225021362
336,0.09,0.0,0.2597225308418274
336,0.09,0.1,0.2597225308418274
336,0.09,0.2,0.2178516387939453
336,0.12,0.0,0.2392415851354599
336,0.12,0.1,0.2392415851354599
336,0.12,0.2,0.19204935431480408
336,0.15,0.0,0.19663920998573303
336,0.15,0.1,0.19663920998573303
336,0.15,0.2,0.15643291175365448
337,0.0,0.0,0.08684585243463516
337,0.0,0.1,0.08684585243463516
337,0.0,0.2,0.09367013722658157
337,0.03,0.0,0.0814070999622345
337,0.03,0.1,0.0814070999622345
337,0.03,0.2,0.1220637857913971
337,0.06,0.0,0.12682382762432098
337,0.06,0.1,0.12682382762432098
337,0.06,0.2,0.12174932658672333
337,0.09,0.0,0.1363706737756729
337,0.09,0.1,0.1363706737756729
337,0.09,0.2,0.12333660572767258
337,0.12,0.0,0.16448156535625458
337,0.12,0.1,0.16448156535625458
337,0.12,0.2,0.13598047196865082
337,0.15,0.0,0.1682984083890915
337,0.15,0.1,0.1682984083890915
337,0.15,0.2,0.13856151700019836
338,0.0,0.0,0.09220380336046219
338,0.0,0.1,0.09220380336046219
338,0.0,0.2,0.09137026965618134
338,0.03,0.0,0.08868766576051712
338,0.03,0.1,0.08868766576051712
338,0.03,0.2,0.08461804687976837
338,0.06,0.0,0.08816525340080261
338,0.06,0.1,0.08816525340080261
338,0.06,0.2,0.09031659364700317
338,0.09,0.0,0.08847243338823318
338,0.09,0.1,0.08847243338823318
338,0.09,0.2,0.09129512310028076
338,0.12,0.0,0.09342411160469055
338,0.12,0.1,0.09342411160469055
338,0.12,0.2,0.109571173787117
338,0.15,0.0,0.10834729671478271
338,0.15,0.1,0.10834729671478271
338,0.15,0.2,0.11837337911128998
339,0.0,0.0,0.07987455278635025
339,0.0,0.1,0.07987455278635025
339,0.0,0.2,0.08750630915164948
339,0.03,0.0,0.09305912256240845
339,0.03,0.1,0.09305912256240845
339,0.03,0.2,0.08264869451522827
339,0.06,0.0,0.08215545862913132
339,0.06,0.1,0.08215545862913132
339,0.06,0.2,0.09153582155704498
339,0.09,0.0,0.08470548689365387
339,0.09,0.1,0.08470548689365387
339,0.09,0.2,0.09020373970270157
339,0.12,0.0,0.08156514912843704
339,0.12,0.1,0.08156514912843704
339,0.12,0.2,0.08599439263343811
339,0.15,0.0,0.09075453877449036
339,0.15,0.1,0.09075453877449036
339,0.15,0.2,0.09772816300392151
34,0.0,0.0,0.09055361896753311
34,0.0,0.1,0.09055361896753311
34,0.0,0.2,0.08816052228212357
34,0.03,0.0,0.08291609585285187
34,0.03,0.1,0.08291609585285187
34,0.03,0.2,0.0824970230460167
34,0.06,0.0,0.08330139517784119
34,0.06,0.1,0.08330139517784119
34,0.06,0.2,0.08806390315294266
34,0.09,0.0,0.09070765972137451
34,0.09,0.1,0.09070765972137451
34,0.09,0.2,0.0968475341796875
34,0.12,0.0,0.0922325998544693
34,0.12,0.1,0.0922325998544693
34,0.12,0.2,0.09105967730283737
34,0.15,0.0,0.08525297790765762
34,0.15,0.1,0.08525297790765762
34,0.15,0.2,0.0846194326877594
340,0.0,0.0,0.08920641988515854
340,0.0,0.1,0.08920641988515854
340,0.0,0.2,0.10727036744356155
340,0.03,0.0,0.10701432824134827
340,0.03,0.1,0.10701432824134827
340,0.03,0.2,0.11535554379224777
340,0.06,0.0,0.08671043813228607
340,0.06,0.1,0.08671043813228607
340,0.06,0.2,0.09620346128940582
340,0.09,0.0,0.0874435156583786
340,0.09,0.1,0.0874435156583786
340,0.09,0.2,0.0961078330874443
340,0.12,0.0,0.10208415240049362
340,0.12,0.1,0.10208415240049362
340,0.12,0.2,0.11380364000797272
340,0.15,0.0,0.10987987369298935
340,0.15,0.1,0.10987987369298935
340,0.15,0.2,0.11870020627975464
341,0.0,0.0,0.0856824666261673
341,0.0,0.1,0.0856824666261673
341,0.0,0.2,0.09271695464849472
341,0.03,0.0,0.07747254520654678
341,0.03,0.1,0.07747254520654678
341,0.03,0.2,0.13078968226909637
341,0.06,0.0,0.08844910562038422
341,0.06,0.1,0.08844910562038422
341,0.06,0.2,0.1399451643228531
341,0.09,0.0,0.12155971676111221
341,0.09,0.1,0.12155971676111221
341,0.09,0.2,0.1589144766330719
341,0.12,0.0,0.1476369947195053
341,0.12,0.1,0.1476369947195053
341,0.12,0.2,0.1613016128540039
341,0.15,0.0,0.16829630732536316
341,0.15,0.1,0.16829630732536316
341,0.15,0.2,0.175564706325531
342,0.0,0.0,0.08933258801698685
342,0.0,0.1,0.08933258801698685
342,0.0,0.2,0.09342408180236816
342,0.03,0.0,0.08875683695077896
342,0.03,0.1,0.08875683695077896
342,0.03,0.2,0.09253773838281631
342,0.06,0.0,0.09196034073829651
342,0.06,0.1,0.09196034073829651
342,0.06,0.2,0.1000015065073967
342,0.09,0.0,0.10765649378299713
342,0.09,0.1,0.10765649378299713
342,0.09,0.2,0.10179252922534943
342,0.12,0.0,0.11519552767276764
342,0.12,0.1,0.11519552767276764
342,0.12,0.2,0.1004510298371315
342,0.15,0.0,0.09578628838062286
342,0.15,0.1,0.09578628838062286
342,0.15,0.2,0.09050227701663971
343,0.0,0.0,0.08905970305204391
343,0.0,0.1,0.08905970305204391
343,0.0,0.2,0.10901771485805511
343,0.03,0.0,0.0927962139248848
343,0.03,0.1,0.0927962139248848
343,0.03,0.2,0.09926530718803406
343,0.06,0.0,0.09041329473257065
343,0.06,0.1,0.09041329473257065
343,0.06,0.2,0.10291489213705063
343,0.09,0.0,0.10365132242441177
343,0.09,0.1,0.10365132242441177
343,0.09,0.2,0.10193215310573578
343,0.12,0.0,0.11004946380853653
343,0.12,0.1,0.11004946380853653
343,0.12,0.2,0.09981685131788254
343,0.15,0.0,0.10223294049501419
343,0.15,0.1,0.10223294049501419
343,0.15,0.2,0.10021927952766418
344,0.0,0.0,0.08337287604808807
344,0.0,0.1,0.08337287604808807
344,0.0,0.2,0.0837983712553978
344,0.03,0.0,0.08634216338396072
344,0.03,0.1,0.08634216338396072
344,0.03,0.2,0.09012648463249207
344,0.06,0.0,0.08670198917388916
344,0.06,0.1,0.08670198917388916
344,0.06,0.2,0.09223395586013794
344,0.09,0.0,0.10660917311906815
344,0.09,0.1,0.10660917311906815
344,0.09,0.2,0.09715297818183899
344,0.12,0.0,0.1054297611117363
344,0.12,0.1,0.1054297611117363
344,0.12,0.2,0.12880367040634155
344,0.15,0.0,0.11327965557575226
344,0.15,0.1,0.11327965557575226
344,0.15,0.2,0.133718803524971
345,0.0,0.0,0.08584389090538025
345,0.0,0.1,0.08584389090538025
345,0.0,0.2,0.1003582626581192
345,0.03,0.0,0.09456031024456024
345,0.03,0.1,0.09456031024456024
345,0.03,0.2,0.10032955557107925
345,0.06,0.0,0.08717554062604904
345,0.06,0.1,0.08717554062604904
345,0.06,0.2,0.10383941233158112
345,0.09,0.0,0.10646726936101913
345,0.09,0.1,0.10646726936101913
345,0.09,0.2,0.11394014209508896
345,0.12,0.0,0.10875315964221954
345,0.12,0.1,0.10875315964221954
345,0.12,0.2,0.10867360979318619
345,0.15,0.0,0.11709161102771759
345,0.15,0.1,0.11709161102771759
345,0.15,0.2,0.12251471728086472
346,0.0,0.0,0.10281462967395782
346,0.0,0.1,0.10281462967395782
346,0.0,0.2,0.10134388506412506
346,0.03,0.0,0.0973958969116211
346,0.03,0.1,0.0973958969116211
346,0.03,0.2,0.10548801720142365
346,0.06,0.0,0.10319194197654724
346,0.06,0.1,0.10319194197654724
346,0.06,0.2,0.10815628618001938
346,0.09,0.0,0.10055351257324219
346,0.09,0.1,0.10055351257324219
346,0.09,0.2,0.10834299027919769
346,0.12,0.0,0.09911239892244339
346,0.12,0.1,0.09911239892244339
346,0.12,0.2,0.10921193659305573
346,0.15,0.0,0.10531073063611984
346,0.15,0.1,0.10531073063611984
346,0.15,0.2,0.10328027606010437
347,0.0,0.0,0.08628404140472412
347,0.0,0.1,0.08628404140472412
347,0.0,0.2,0.08711916953325272
347,0.03,0.0,0.0945839062333107
347,0.03,0.1,0.0945839062333107
347,0.03,0.2,0.10816121101379395
347,0.06,0.0,0.08402188867330551
347,0.06,0.1,0.08402188867330551
347,0.06,0.2,0.11132736504077911
347,0.09,0.0,0.10656901448965073
347,0.09,0.1,0.10656901448965073
347,0.09,0.2,0.11404997110366821
347,0.12,0.0,0.12733107805252075
347,0.12,0.1,0.12733107805252075
347,0.12,0.2,0.12463207542896271
347,0.15,0.0,0.15315264463424683
347,0.15,0.1,0.15315264463424683
347,0.15,0.2,0.12914885580539703
348,0.0,0.0,0.09140390157699585
348,0.0,0.1,0.09140390157699585
348,0.0,0.2,0.09767365455627441
348,0.03,0.0,0.08001290261745453
348,0.03,0.1,0.08001290261745453
348,0.03,0.2,0.08804751187562943
348,0.06,0.0,0.10375391691923141
348,0.06,0.1,0.10375391691923141
348,0.06,0.2,0.09895239025354385
348,0.09,0.0,0.13231228291988373
348,0.09,0.1,0.13231228291988373
348,0.09,0.2,0.11272161453962326
348,0.12,0.0,0.10189081728458405
348,0.12,0.1,0.10189081728458405
348,0.12,0.2,0.091081902384758
348,0.15,0.0,0.08974441140890121
348,0.15,0.1,0.08974441140890121
348,0.15,0.2,0.08997275680303574
349,0.0,0.0,0.08662202954292297
349,0.0,0.1,0.08662202954292297
349,0.0,0.2,0.09210792928934097
349,0.03,0.0,0.08174284547567368
349,0.03,0.1,0.08174284547567368
349,0.03,0.2,0.08919815719127655
349,0.06,0.0,0.08916962891817093
349,0.06,0.1,0.08916962891817093
349,0.06,0.2,0.09292686730623245
349,0.09,0.0,0.08794060349464417
349,0.09,0.1,0.08794060349464417
349,0.09,0.2,0.09515982866287231
349,0.12,0.0,0.09846149384975433
349,0.12,0.1,0.09846149384975433
349,0.12,0.2,0.09860476851463318
349,0.15,0.0,0.10082738846540451
349,0.15,0.1,0.10082738846540451
349,0.15,0.2,0.09985105693340302
35,0.0,0.0,0.07920367270708084
35,0.0,0.1,0.07920367270708084
35,0.0,0.2,0.07917740941047668
35,0.03,0.0,0.08414790034294128
35,0.03,0.1,0.08414790034294128
35,0.03,0.2,0.08462969958782196
35,0.06,0.0,0.08300945907831192
35,0.06,0.1,0.08300945907831192
35,0.06,0.2,0.08802088350057602
35,0.09,0.0,0.07552074640989304
35,0.09,0.1,0.07552074640989304
35,0.09,0.2,0.08556564897298813
35,0.12,0.0,0.09203270822763443
35,0.12,0.1,0.09203270822763443
35,0.12,0.2,0.08852319419384003
35,0.15,0.0,0.08796174824237823
35,0.15,0.1,0.08796174824237823
35,0.15,0.2,0.08972678333520889
350,0.0,0.0,0.08569365739822388
350,0.0,0.1,0.08569365739822388
350,0.0,0.2,0.096654012799263
350,0.03,0.0,0.08283016085624695
350,0.03,0.1,0.08283016085624695
350,0.03,0.2,0.1111019030213356
350,0.06,0.0,0.09137845039367676
350,0.06,0.1,0.09137845039367676
350,0.06,0.2,0.10455888509750366
350,0.09,0.0,0.10754874348640442
350,0.09,0.1,0.10754874348640442
350,0.09,0.2,0.11576090008020401
350,0.12,0.0,0.12173136323690414
350,0.12,0.1,0.12173136323690414
350,0.12,0.2,0.12211446464061737
350,0.15,0.0,0.12158484756946564
350,0.15,0.1,0.12158484756946564
350,0.15,0.2,0.11665429919958115
351,0.0,0.0,0.07528777420520782
351,0.0,0.1,0.07528777420520782
351,0.0,0.2,0.08104255050420761
351,0.03,0.0,0.08155848830938339
351,0.03,0.1,0.08155848830938339
351,0.03,0.2,0.09765132516622543
351,0.06,0.0,0.08863180130720139
351,0.06,0.1,0.08863180130720139
351,0.06,0.2,0.0906335636973381
351,0.09,0.0,0.10710112750530243
351,0.09,0.1,0.10710112750530243
351,0.09,0.2,0.09319552779197693
351,0.12,0.0,0.08955520391464233
351,0.12,0.1,0.08955520391464233
351,0.12,0.2,0.09041702002286911
351,0.15,0.0,0.10739855468273163
351,0.15,0.1,0.10739855468273163
351,0.15,0.2,0.09427646547555923
352,0.0,0.0,0.12104237079620361
352,0.0,0.1,0.12104237079620361
352,0.0,0.2,0.12127575278282166
352,0.03,0.0,0.14130854606628418
352,0.03,0.1,0.14130854606628418
352,0.03,0.2,0.1363396942615509
352,0.06,0.0,0.12470798939466476
352,0.06,0.1,0.12470798939466476
352,0.06,0.2,0.12812016904354095
352,0.09,0.0,0.11602424085140228
352,0.09,0.1,0.11602424085140228
352,0.09,0.2,0.1146448627114296
352,0.12,0.0,0.13665686547756195
352,0.12,0.1,0.13665686547756195
352,0.12,0.2,0.11624681204557419
352,0.15,0.0,0.12787926197052002
352,0.15,0.1,0.12787926197052002
352,0.15,0.2,0.11098220944404602
353,0.0,0.0,0.07970915734767914
353,0.0,0.1,0.07970915734767914
353,0.0,0.2,0.09108749777078629
353,0.03,0.0,0.07661589235067368
353,0.03,0.1,0.07661589235067368
353,0.03,0.2,0.08700240403413773
353,0.06,0.0,0.08633740246295929
353,0.06,0.1,0.08633740246295929
353,0.06,0.2,0.10036773979663849
353,0.09,0.0,0.10975027829408646
353,0.09,0.1,0.10975027829408646
353,0.09,0.2,0.1164855808019638
353,0.12,0.0,0.09802549332380295
353,0.12,0.1,0.09802549332380295
353,0.12,0.2,0.10166522860527039
353,0.15,0.0,0.09951796382665634
353,0.15,0.1,0.09951796382665634
353,0.15,0.2,0.09780827164649963
354,0.0,0.0,0.09124805778265
354,0.0,0.1,0.09124805778265
354,0.0,0.2,0.09330788254737854
354,0.03,0.0,0.08332593739032745
354,0.03,0.1,0.08332593739032745
354,0.03,0.2,0.08171785622835159
354,0.06,0.0,0.08293430507183075
354,0.06,0.1,0.08293430507183075
354,0.06,0.2,0.08645752817392349
354,0.09,0.0,0.09149038791656494
354,0.09,0.1,0.09149038791656494
354,0.09,0.2,0.09550273418426514
354,0.12,0.0,0.10170792788267136
354,0.12,0.1,0.10170792788267136
354,0.12,0.2,0.09894675016403198
354,0.15,0.0,0.08585641533136368
354,0.15,0.1,0.08585641533136368
354,0.15,0.2,0.0907699465751648
355,0.0,0.0,0.07854887843132019
355,0.0,0.1,0.07854887843132019
355,0.0,0.2,0.08744096010923386
355,0.03,0.0,0.07914341241121292
355,0.03,0.1,0.07914341241121292
355,0.03,0.2,0.08173462748527527
355,0.06,0.0,0.08535467088222504
355,0.06,0.1,0.08535467088222504
355,0.06,0.2,0.08311382681131363
355,0.09,0.0,0.08485868573188782
355,0.09,0.1,0.08485868573188782
355,0.09,0.2,0.08525875210762024
355,0.12,0.0,0.08034658432006836
355,0.12,0.1,0.08034658432006836
355,0.12,0.2,0.09601552039384842
355,0.15,0.0,0.08559296280145645
355,0.15,0.1,0.08559296280145645
355,0.15,0.2,0.09715833514928818
356,0.0,0.0,0.12696470320224762
356,0.0,0.1,0.12696470320224762
356,0.0,0.2,0.10203865170478821
356,0.03,0.0,0.11647552996873856
356,0.03,0.1,0.11647552996873856
356,0.03,0.2,0.10276972502470016
356,0.06,0.0,0.10401628911495209
356,0.06,0.1,0.10401628911495209
356,0.06,0.2,0.09908957034349442
356,0.09,0.0,0.09671270847320557
356,0.09,0.1,0.09671270847320557
356,0.09,0.2,0.09182415902614594
356,0.12,0.0,0.09462850540876389
356,0.12,0.1,0.09462850540876389
356,0.12,0.2,0.10968875885009766
356,0.15,0.0,0.10728699713945389
356,0.15,0.1,0.10728699713945389
356,0.15,0.2,0.10576022416353226
357,0.0,0.0,0.08168770372867584
357,0.0,0.1,0.08168770372867584
357,0.0,0.2,0.15036068856716156
357,0.03,0.0,0.09628485143184662
357,0.03,0.1,0.09628485143184662
357,0.03,0.2,0.1759771704673767
357,0.06,0.0,0.14806678891181946
357,0.06,0.1,0.14806678891181946
357,0.06,0.2,0.19938312470912933
357,0.09,0.0,0.20373913645744324
357,0.09,0.1,0.20373913645744324
357,0.09,0.2,0.2206900417804718
357,0.12,0.0,0.23401306569576263
357,0.12,0.1,0.23401306569576263
357,0.12,0.2,0.21548618376255035
357,0.15,0.0,0.23921097815036774
357,0.15,0.1,0.23921097815036774
357,0.15,0.2,0.20099475979804993
358,0.0,0.0,0.09155087918043137
358,0.0,0.1,0.09155087918043137
358,0.0,0.2,0.19683906435966492
358,0.03,0.0,0.11253853887319565
358,0.03,0.1,0.11253853887319565
358,0.03,0.2,0.2191840559244156
358,0.06,0.0,0.1718645840883255
358,0.06,0.1,0.1718645840883255
358,0.06,0.2,0.2361544668674469
358,0.09,0.0,0.23779116570949554
358,0.09,0.1,0.23779116570949554
358,0.09,0.2,0.2420884370803833
358,0.12,0.0,0.29157206416130066
358,0.12,0.1,0.29157206416130066
358,0.12,0.2,0.25341853499412537
358,0.15,0.0,0.28349757194519043
358,0.15,0.1,0.28349757194519043
358,0.15,0.2,0.2215222418308258
359,0.0,0.0,0.09197066724300385
359,0.0,0.1,0.09197066724300385
359,0.0,0.2,0.08778113126754761
359,0.03,0.0,0.0864199548959732
359,0.03,0.1,0.0864199548959732
359,0.03,0.2,0.08873417973518372
359,0.06,0.0,0.08569730818271637
359,0.06,0.1,0.08569730818271637
359,0.06,0.2,0.08145757764577866
359,0.09,0.0,0.1167747750878334
359,0.09,0.1,0.1167747750878334
359,0.09,0.2,0.09043209999799728
359,0.12,0.0,0.11498032510280609
359,0.12,0.1,0.11498032510280609
359,0.12,0.2,0.10053680837154388
359,0.15,0.0,0.08869321644306183
359,0.15,0.1,0.08869321644306183
359,0.15,0.2,0.08810875564813614
36,0.0,0.0,0.0966455340385437
36,0.0,0.1,0.0966455340385437
36,0.0,0.2,0.10628955066204071
36,0.03,0.0,0.09942451864480972
36,0.03,0.1,0.09942451864480972
36,0.03,0.2,0.09916089475154877
36,0.06,0.0,0.10427074879407883
36,0.06,0.1,0.10427074879407883
36,0.06,0.2,0.10146831721067429
36,0.09,0.0,0.09488838165998459
36,0.09,0.1,0.09488838165998459
36,0.09,0.2,0.0870952159166336
36,0.12,0.0,0.08762145787477493
36,0.12,0.1,0.08762145787477493
36,0.12,0.2,0.09450578689575195
36,0.15,0.0,0.08427734673023224
36,0.15,0.1,0.08427734673023224
36,0.15,0.2,0.09755972027778625
360,0.0,0.0,0.08195313811302185
360,0.0,0.1,0.08195313811302185
360,0.0,0.2,0.09286246448755264
360,0.03,0.0,0.08411312103271484
360,0.03,0.1,0.08411312103271484
360,0.03,0.2,0.10086316615343094
360,0.06,0.0,0.09828656166791916
360,0.06,0.1,0.09828656166791916
360,0.06,0.2,0.11173837631940842
360,0.09,0.0,0.09852950274944305
360,0.09,0.1,0.09852950274944305
360,0.09,0.2,0.09143843501806259
360,0.12,0.0,0.10460187494754791
360,0.12,0.1,0.10460187494754791
360,0.12,0.2,0.09546475112438202
360,0.15,0.0,0.10063042491674423
360,0.15,0.1,0.10063042491674423
360,0.15,0.2,0.09752368181943893
361,0.0,0.0,0.09706339240074158
361,0.0,0.1,0.09706339240074158
361,0.0,0.2,0.1278509497642517
361,0.03,0.0,0.08178029954433441
361,0.03,0.1,0.08178029954433441
361,0.03,0.2,0.15963710844516754
361,0.06,0.0,0.13371321558952332
361,0.06,0.1,0.13371321558952332
361,0.06,0.2,0.20367278158664703
361,0.09,0.0,0.18040043115615845
361,0.09,0.1,0.18040043115615845
361,0.09,0.2,0.2157762497663498
361,0.12,0.0,0.21390491724014282
361,0.12,0.1,0.21390491724014282
361,0.12,0.2,0.20841802656650543
361,0.15,0.0,0.23503321409225464
361,0.15,0.1,0.23503321409225464
361,0.15,0.2,0.19920827448368073
362,0.0,0.0,0.08573149889707565
362,0.0,0.1,0.08573149889707565
362,0.0,0.2,0.08058091253042221
362,0.03,0.0,0.08463907241821289
362,0.03,0.1,0.08463907241821289
362,0.03,0.2,0.08783931285142899
362,0.06,0.0,0.08251223713159561
362,0.06,0.1,0.08251223713159561
362,0.06,0.2,0.07786909490823746
362,0.09,0.0,0.08602903038263321
362,0.09,0.1,0.08602903038263321
362,0.09,0.2,0.0934406965970993
362,0.12,0.0,0.08571600914001465
362,0.12,0.1,0.08571600914001465
362,0.12,0.2,0.10430068522691727
362,0.15,0.0,0.09359683841466904
362,0.15,0.1,0.09359683841466904
362,0.15,0.2,0.08238878846168518
363,0.0,0.0,0.08843400329351425
363,0.0,0.1,0.08843400329351425
363,0.0,0.2,0.08833886682987213
363,0.03,0.0,0.08532293885946274
363,0.03,0.1,0.08532293885946274
363,0.03,0.2,0.08420992642641068
363,0.06,0.0,0.08953734487295151
363,0.06,0.1,0.08953734487295151
363,0.06,0.2,0.097145676612854
363,0.09,0.0,0.09202888607978821
363,0.09,0.1,0.09202888607978821
363,0.09,0.2,0.09496503323316574
363,0.12,0.0,0.0970415323972702
363,0.12,0.1,0.0970415323972702
363,0.12,0.2,0.0955200046300888
363,0.15,0.0,0.09277594089508057
363,0.15,0.1,0.09277594089508057
363,0.15,0.2,0.08666141331195831
364,0.0,0.0,0.08371969312429428
364,0.0,0.1,0.08371969312429428
364,0.0,0.2,0.0831175446510315
364,0.03,0.0,0.09036562591791153
364,0.03,0.1,0.09036562591791153
364,0.03,0.2,0.09239812940359116
364,0.06,0.0,0.0930188000202179
364,0.06,0.1,0.0930188000202179
364,0.06,0.2,0.10413721948862076
364,0.09,0.0,0.09112219512462616
364,0.09,0.1,0.09112219512462616
364,0.09,0.2,0.09684105217456818
364,0.12,0.0,0.10406886786222458
364,0.12,0.1,0.10406886786222458
364,0.12,0.2,0.10271469503641129
364,0.15,0.0,0.09894295036792755
364,0.15,0.1,0.09894295036792755
364,0.15,0.2,0.11076362431049347
365,0.0,0.0,0.0875706821680069
365,0.0,0.1,0.0875706821680069
365,0.0,0.2,0.08547209948301315
365,0.03,0.0,0.08253896236419678
365,0.03,0.1,0.08253896236419678
365,0.03,0.2,0.10398569703102112
365,0.06,0.0,0.07836711406707764
365,0.06,0.1,0.07836711406707764
365,0.06,0.2,0.08214118331670761
365,0.09,0.0,0.08428601175546646
365,0.09,0.1,0.08428601175546646
365,0.09,0.2,0.08559601753950119
365,0.12,0.0,0.07646375894546509
365,0.12,0.1,0.07646375894546509
365,0.12,0.2,0.08235514163970947
365,0.15,0.0,0.07650547474622726
365,0.15,0.1,0.07650547474622726
365,0.15,0.2,0.07873948663473129
366,0.0,0.0,0.08923275023698807
366,0.0,0.1,0.08923275023698807
366,0.0,0.2,0.09125183522701263
366,0.03,0.0,0.08666336536407471
366,0.03,0.1,0.08666336536407471
366,0.03,0.2,0.09529680758714676
366,0.06,0.0,0.10452456772327423
366,0.06,0.1,0.10452456772327423
366,0.06,0.2,0.09921536594629288
366,0.09,0.0,0.11986754089593887
366,0.09,0.1,0.11986754089593887
366,0.09,0.2,0.11731763929128647
366,0.12,0.0,0.123469278216362
366,0.12,0.1,0.123469278216362
366,0.12,0.2,0.12533244490623474
366,0.15,0.0,0.11094687879085541
366,0.15,0.1,0.11094687879085541
366,0.15,0.2,0.10114334523677826
367,0.0,0.0,0.0847739428281784
367,0.0,0.1,0.0847739428281784
367,0.0,0.2,0.0913720428943634
367,0.03,0.0,0.08687379211187363
367,0.03,0.1,0.08687379211187363
367,0.03,0.2,0.08898835629224777
367,0.06,0.0,0.08353959769010544
367,0.06,0.1,0.08353959769010544
367,0.06,0.2,0.09649262577295303
367,0.09,0.0,0.08098282665014267
367,0.09,0.1,0.08098282665014267
367,0.09,0.2,0.08837828040122986
367,0.12,0.0,0.08085399121046066
367,0.12,0.1,0.08085399121046066
367,0.12,0.2,0.08439724147319794
367,0.15,0.0,0.09526751190423965
367,0.15,0.1,0.09526751190423965
367,0.15,0.2,0.09675950556993484
368,0.0,0.0,0.08865920454263687
368,0.0,0.1,0.08865920454263687
368,0.0,0.2,0.1118125468492508
368,0.03,0.0,0.08538555353879929
368,0.03,0.1,0.08538555353879929
368,0.03,0.2,0.14141707122325897
368,0.06,0.0,0.10740519315004349
368,0.06,0.1,0.10740519315004349
368,0.06,0.2,0.15941546857357025
368,0.09,0.0,0.1471801996231079
368,0.09,0.1,0.1471801996231079
368,0.09,0.2,0.1724165827035904
368,0.12,0.0,0.16698333621025085
368,0.12,0.1,0.16698333621025085
368,0.12,0.2,0.1647510826587677
368,0.15,0.0,0.17688006162643433
368,0.15,0.1,0.17688006162643433
368,0.15,0.2,0.1532105654478073
369,0.0,0.0,0.0791623666882515
369,0.0,0.1,0.0791623666882515
369,0.0,0.2,0.0766863226890564
369,0.03,0.0,0.0906069278717041
369,0.03,0.1,0.0906069278717041
369,0.03,0.2,0.08564521372318268
369,0.06,0.0,0.11314267665147781
369,0.06,0.1,0.11314267665147781
369,0.06,0.2,0.09902014583349228
369,0.09,0.0,0.12349041551351547
369,0.09,0.1,0.12349041551351547
369,0.09,0.2,0.08616820722818375
369,0.12,0.0,0.09172305464744568
369,0.12,0.1,0.09172305464744568
369,0.12,0.2,0.08991564810276031
369,0.15,0.0,0.08887623995542526
369,0.15,0.1,0.08887623995542526
369,0.15,0.2,0.09080574661493301
37,0.0,0.0,0.08708896487951279
37,0.0,0.1,0.08708896487951279
37,0.0,0.2,0.11312954127788544
37,0.03,0.0,0.08731433749198914
37,0.03,0.1,0.08731433749198914
37,0.03,0.2,0.11969180405139923
37,0.06,0.0,0.11783942580223083
37,0.06,0.1,0.11783942580223083
37,0.06,0.2,0.13151094317436218
37,0.09,0.0,0.148490771651268
37,0.09,0.1,0.148490771651268
37,0.09,0.2,0.1430913805961609
37,0.12,0.0,0.16606372594833374
37,0.12,0.1,0.16606372594833374
37,0.12,0.2,0.14741818606853485
37,0.15,0.0,0.14012332260608673
37,0.15,0.1,0.14012332260608673
37,0.15,0.2,0.12200455367565155
370,0.0,0.0,0.09679574519395828
370,0.0,0.1,0.09679574519395828
370,0.0,0.2,0.09584581106901169
370,0.03,0.0,0.09106338769197464
370,0.03,0.1,0.09106338769197464
370,0.03,0.2,0.08653854578733444
370,0.06,0.0,0.08656970411539078
370,0.06,0.1,0.08656970411539078
370,0.06,0.2,0.08832239359617233
370,0.09,0.0,0.0861542746424675
370,0.09,0.1,0.0861542746424675
370,0.09,0.2,0.0901118814945221
370,0.12,0.0,0.08816608041524887
370,0.12,0.1,0.08816608041524887
370,0.12,0.2,0.08932176977396011
370,0.15,0.0,0.08963542431592941
370,0.15,0.1,0.08963542431592941
370,0.15,0.2,0.08744870126247406
371,0.0,0.0,0.09294092655181885
371,0.0,0.1,0.09294092655181885
371,0.0,0.2,0.0854545384645462
371,0.03,0.0,0.09318447858095169
371,0.03,0.1,0.09318447858095169
371,0.03,0.2,0.08708144724369049
371,0.06,0.0,0.08878424018621445
371,0.06,0.1,0.08878424018621445
371,0.06,0.2,0.08520946651697159
371,0.09,0.0,0.08467356860637665
371,0.09,0.1,0.08467356860637665
371,0.09,0.2,0.08922914415597916
371,0.12,0.0,0.09501741826534271
371,0.12,0.1,0.09501741826534271
371,0.12,0.2,0.07732484489679337
371,0.15,0.0,0.08732375502586365
371,0.15,0.1,0.08732375502586365
371,0.15,0.2,0.0908799022436142
372,0.0,0.0,0.08674252778291702
372,0.0,0.1,0.08674252778291702
372,0.0,0.2,0.08909730613231659
372,0.03,0.0,0.07940729707479477
372,0.03,0.1,0.07940729707479477
372,0.03,0.2,0.09243631362915039
372,0.06,0.0,0.07846599817276001
372,0.06,0.1,0.07846599817276001
372,0.06,0.2,0.08502941578626633
372,0.09,0.0,0.09626860916614532
372,0.09,0.1,0.09626860916614532
372,0.09,0.2,0.08245024085044861
372,0.12,0.0,0.07875756919384003
372,0.12,0.1,0.07875756919384003
372,0.12,0.2,0.08386081457138062
372,0.15,0.0,0.08379101753234863
372,0.15,0.1,0.08379101753234863
372,0.15,0.2,0.08305726200342178
373,0.0,0.0,0.0823790654540062
373,0.0,0.1,0.0823790654540062
373,0.0,0.2,0.09726326912641525
373,0.03,0.0,0.09694334119558334
373,0.03,0.1,0.09694334119558334
373,0.03,0.2,0.10287649184465408
373,0.06,0.0,0.10324981808662415
373,0.06,0.1,0.10324981808662415
373,0.06,0.2,0.10914875566959381
373,0.09,0.0,0.10021202266216278
373,0.09,0.1,0.10021202266216278
373,0.09,0.2,0.11542345583438873
373,0.12,0.0,0.1094895675778389
373,0.12,0.1,0.1094895675778389
373,0.12,0.2,0.11150038242340088
373,0.15,0.0,0.1060747429728508
373,0.15,0.1,0.1060747429728508
373,0.15,0.2,0.10548948496580124
374,0.0,0.0,0.08431878685951233
374,0.0,0.1,0.08431878685951233
374,0.0,0.2,0.07776162028312683
374,0.03,0.0,0.08447853475809097
374,0.03,0.1,0.08447853475809097
374,0.03,0.2,0.08845731616020203
374,0.06,0.0,0.08696628361940384
374,0.06,0.1,0.08696628361940384
374,0.06,0.2,0.09091585874557495
374,0.09,0.0,0.08656039088964462
374,0.09,0.1,0.08656039088964462
374,0.09,0.2,0.0822564959526062
374,0.12,0.0,0.08277922868728638
374,0.12,0.1,0.08277922868728638
374,0.12,0.2,0.08958693593740463
374,0.15,0.0,0.0851387307047844
374,0.15,0.1,0.0851387307047844
374,0.15,0.2,0.07949182391166687
375,0.0,0.0,0.08470343798398972
375,0.0,0.1,0.08470343798398972
375,0.0,0.2,0.08683357387781143
375,0.03,0.0,0.08251386135816574
375,0.03,0.1,0.08251386135816574
375,0.03,0.2,0.09188409149646759
375,0.06,0.0,0.08440517634153366
375,0.06,0.1,0.08440517634153366
375,0.06,0.2,0.09263560175895691
375,0.09,0.0,0.08430558443069458
375,0.09,0.1,0.08430558443069458
375,0.09,0.2,0.0894889310002327
375,0.12,0.0,0.09138565510511398
375,0.12,0.1,0.09138565510511398
375,0.12,0.2,0.09748998284339905
375,0.15,0.0,0.08762341737747192
375,0.15,0.1,0.08762341737747192
375,0.15,0.2,0.09406565874814987
376,0.0,0.0,0.08699128776788712
376,0.0,0.1,0.08699128776788712
376,0.0,0.2,0.13623905181884766
376,0.03,0.0,0.10230480879545212
376,0.03,0.1,0.10230480879545212
376,0.03,0.2,0.1662820428609848
376,0.06,0.0,0.14379025995731354
376,0.06,0.1,0.14379025995731354
376,0.06,0.2,0.1847623735666275
376,0.09,0.0,0.18675772845745087
376,0.09,0.1,0.18675772845745087
376,0.09,0.2,0.18932697176933289
376,0.12,0.0,0.2195880264043808
376,0.12,0.1,0.2195880264043808
376,0.12,0.2,0.20882153511047363
376,0.15,0.0,0.1938275694847107
376,0.15,0.1,0.1938275694847107
376,0.15,0.2,0.17479375004768372
377,0.0,0.0,0.10391613841056824
377,0.0,0.1,0.10391613841056824
377,0.0,0.2,0.09475874155759811
377,0.03,0.0,0.09362243115901947
377,0.03,0.1,0.09362243115901947
377,0.03,0.2,0.09398748725652695
377,0.06,0.0,0.12478071451187134
377,0.06,0.1,0.12478071451187134
377,0.06,0.2,0.11390835791826248
377,0.09,0.0,0.09714596718549728
377,0.09,0.1,0.09714596718549728
377,0.09,0.2,0.1143270879983902
377,0.12,0.0,0.08823451399803162
377,0.12,0.1,0.08823451399803162
377,0.12,0.2,0.11462511867284775
377,0.15,0.0,0.08593612909317017
377,0.15,0.1,0.08593612909317017
377,0.15,0.2,0.09627219289541245
378,0.0,0.0,0.09446799755096436
378,0.0,0.1,0.09446799755096436
378,0.0,0.2,0.10898122191429138
378,0.03,0.0,0.08868688344955444
378,0.03,0.1,0.08868688344955444
378,0.03,0.2,0.08399589359760284
378,0.06,0.0,0.11549204587936401
378,0.06,0.1,0.11549204587936401
378,0.06,0.2,0.10358618944883347
378,0.09,0.0,0.08186881244182587
378,0.09,0.1,0.08186881244182587
378,0.09,0.2,0.08940523862838745
378,0.12,0.0,0.08880677819252014
378,0.12,0.1,0.08880677819252014
378,0.12,0.2,0.09833566099405289
378,0.15,0.0,0.09030347317457199
378,0.15,0.1,0.09030347317457199
378,0.15,0.2,0.09226252138614655
379,0.0,0.0,0.0878409817814827
379,0.0,0.1,0.0878409817814827
379,0.0,0.2,0.10384165495634079
379,0.03,0.0,0.07614511251449585
379,0.03,0.1,0.07614511251449585
379,0.03,0.2,0.09438042342662811
379,0.06,0.0,0.08866970241069794
379,0.06,0.1,0.08866970241069794
379,0.06,0.2,0.08738025277853012
379,0.09,0.0,0.10622554272413254
379,0.09,0.1,0.10622554272413254
379,0.09,0.2,0.08358876407146454
379,0.12,0.0,0.1069522425532341
379,0.12,0.1,0.1069522425532341
379,0.12,0.2,0.09310648590326309
379,0.15,0.0,0.10648433119058609
379,0.15,0.1,0.10648433119058609
379,0.15,0.2,0.10163334757089615
38,0.0,0.0,0.07929873466491699
38,0.0,0.1,0.07929873466491699
38,0.0,0.2,0.11585547029972076
38,0.03,0.0,0.08288819342851639
38,0.03,0.1,0.08288819342851639
38,0.03,0.2,0.13497723639011383
38,0.06,0.0,0.10413474589586258
38,0.06,0.1,0.10413474589586258
38,0.06,0.2,0.16104881465435028
38,0.09,0.0,0.16553477942943573
38,0.09,0.1,0.16553477942943573
38,0.09,0.2,0.17956306040287018
38,0.12,0.0,0.18697920441627502
38,0.12,0.1,0.18697920441627502
38,0.12,0.2,0.16954733431339264
38,0.15,0.0,0.18845899403095245
38,0.15,0.1,0.18845899403095245
38,0.15,0.2,0.16032710671424866
380,0.0,0.0,0.08521249890327454
380,0.0,0.1,0.08521249890327454
380,0.0,0.2,0.09557601064443588
380,0.03,0.0,0.08602175116539001
380,0.03,0.1,0.08602175116539001
380,0.03,0.2,0.11365506798028946
380,0.06,0.0,0.13161681592464447
380,0.06,0.1,0.13161681592464447
380,0.06,0.2,0.135055273771286
380,0.09,0.0,0.129377543926239
380,0.09,0.1,0.129377543926239
380,0.09,0.2,0.10592441260814667
380,0.12,0.0,0.14091293513774872
380,0.12,0.1,0.14091293513774872
380,0.12,0.2,0.10427339375019073
380,0.15,0.0,0.1251227706670761
380,0.15,0.1,0.1251227706670761
380,0.15,0.2,0.08799462020397186
381,0.0,0.0,0.0799139067530632
381,0.0,0.1,0.0799139067530632
381,0.0,0.2,0.08645549416542053
381,0.03,0.0,0.09518228471279144
381,0.03,0.1,0.09518228471279144
381,0.03,0.2,0.1073831170797348
381,0.06,0.0,0.08907397091388702
381,0.06,0.1,0.08907397091388702
381,0.06,0.2,0.09157069027423859
381,0.09,0.0,0.08743435889482498
381,0.09,0.1,0.08743435889482498
381,0.09,0.2,0.08781131356954575
381,0.12,0.0,0.0957508385181427
381,0.12,0.1,0.0957508385181427
381,0.12,0.2,0.08931203931570053
381,0.15,0.0,0.08968953788280487
381,0.15,0.1,0.08968953788280487
381,0.15,0.2,0.08971171826124191
382,0.0,0.0,0.08569879084825516
382,0.0,0.1,0.08569879084825516
382,0.0,0.2,0.09464994817972183
382,0.03,0.0,0.08464394509792328
382,0.03,0.1,0.08464394509792328
382,0.03,0.2,0.10359840095043182
382,0.06,0.0,0.0867423489689827
382,0.06,0.1,0.0867423489689827
382,0.06,0.2,0.11492409557104111
382,0.09,0.0,0.08984081447124481
382,0.09,0.1,0.08984081447124481
382,0.09,0.2,0.11540263146162033
382,0.12,0.0,0.10671427845954895
382,0.12,0.1,0.10671427845954895
382,0.12,0.2,0.1264982521533966
382,0.15,0.0,0.09788017719984055
382,0.15,0.1,0.09788017719984055
382,0.15,0.2,0.11045650392770767
383,0.0,0.0,0.0855010524392128
383,0.0,0.1,0.0855010524392128
383,0.0,0.2,0.1027342826128006
383,0.03,0.0,0.08652030676603317
383,0.03,0.1,0.08652030676603317
383,0.03,0.2,0.11372038722038269
383,0.06,0.0,0.10437037795782089
383,0.06,0.1,0.10437037795782089
383,0.06,0.2,0.1398819535970688
383,0.09,0.0,0.13539056479930878
383,0.09,0.1,0.13539056479930878
383,0.09,0.2,0.1539372354745865
383,0.12,0.0,0.13603422045707703
383,0.12,0.1,0.13603422045707703
383,0.12,0.2,0.13535672426223755
383,0.15,0.0,0.1401870995759964
383,0.15,0.1,0.1401870995759964
383,0.15,0.2,0.12601183354854584
384,0.0,0.0,0.08931920677423477
384,0.0,0.1,0.08931920677423477
384,0.0,0.2,0.08615141361951828
384,0.03,0.0,0.07902096211910248
384,0.03,0.1,0.07902096211910248
384,0.03,0.2,0.08538956195116043
384,0.06,0.0,0.08080190420150757
384,0.06,0.1,0.08080190420150757
384,0.06,0.2,0.10034329444169998
384,0.09,0.0,0.09408406168222427
384,0.09,0.1,0.09408406168222427
384,0.09,0.2,0.09604064375162125
384,0.12,0.0,0.08697186410427094
384,0.12,0.1,0.08697186410427094
384,0.12,0.2,0.08680539578199387
384,0.15,0.0,0.08415909856557846
384,0.15,0.1,0.08415909856557846
384,0.15,0.2,0.08611124008893967
39,0.0,0.0,0.08413869142532349
39,0.0,0.1,0.08413869142532349
39,0.0,0.2,0.09686022251844406
39,0.03,0.0,0.09722979366779327
39,0.03,0.1,0.09722979366779327
39,0.03,0.2,0.10227615386247635
39,0.06,0.0,0.09488330036401749
39,0.06,0.1,0.09488330036401749
39,0.06,0.2,0.11315898597240448
39,0.09,0.0,0.13338837027549744
39,0.09,0.1,0.13338837027549744
39,0.09,0.2,0.12434617429971695
39,0.12,0.0,0.13543455302715302
39,0.12,0.1,0.13543455302715302
39,0.12,0.2,0.1160186156630516
39,0.15,0.0,0.11857787519693375
39,0.15,0.1,0.11857787519693375
39,0.15,0.2,0.09231578558683395
4,0.0,0.0,0.07609124481678009
4,0.0,0.1,0.07609124481678009
4,0.0,0.2,0.07479977607727051
4,0.03,0.0,0.07819835841655731
4,0.03,0.1,0.07819835841655731
4,0.03,0.2,0.0772772878408432
4,0.06,0.0,0.0796673595905304
4,0.06,0.1,0.0796673595905304
4,0.06,0.2,0.09003107249736786
4,0.09,0.0,0.08344157040119171
4,0.09,0.1,0.08344157040119171
4,0.09,0.2,0.07951778173446655
4,0.12,0.0,0.08444219082593918
4,0.12,0.1,0.08444219082593918
4,0.12,0.2,0.08006536215543747
4,0.15,0.0,0.08393789827823639
4,0.15,0.1,0.08393789827823639
4,0.15,0.2,0.08212187886238098
40,0.0,0.0,0.09729815274477005
40,0.0,0.1,0.09729815274477005
40,0.0,0.2,0.10763945430517197
40,0.03,0.0,0.09359727054834366
40,0.03,0.1,0.09359727054834366
40,0.03,0.2,0.09630278497934341
40,0.06,0.0,0.09909062087535858
40,0.06,0.1,0.09909062087535858
40,0.06,0.2,0.10783787816762924
40,0.09,0.0,0.10063029080629349
40,0.09,0.1,0.10063029080629349
40,0.09,0.2,0.10619781911373138
40,0.12,0.0,0.10614211857318878
40,0.12,0.1,0.10614211857318878
40,0.12,0.2,0.10564260929822922
40,0.15,0.0,0.11198963969945908
40,0.15,0.1,0.11198963969945908
40,0.15,0.2,0.10999562591314316
41,0.0,0.0,0.08988320827484131
41,0.0,0.1,0.08988320827484131
41,0.0,0.2,0.11513572186231613
41,0.03,0.0,0.08245407789945602
41,0.03,0.1,0.08245407789945602
41,0.03,0.2,0.12072449177503586
41,0.06,0.0,0.09342829138040543
41,0.06,0.1,0.09342829138040543
41,0.06,0.2,0.11385899037122726
41,0.09,0.0,0.14746813476085663
41,0.09,0.1,0.14746813476085663
41,0.09,0.2,0.12190575897693634
41,0.12,0.0,0.18189440667629242
41,0.12,0.1,0.18189440667629242
41,0.12,0.2,0.12557324767112732
41,0.15,0.0,0.15440785884857178
41,0.15,0.1,0.15440785884857178
41,0.15,0.2,0.10633891820907593
42,0.0,0.0,0.0830593854188919
42,0.0,0.1,0.0830593854188919
42,0.0,0.2,0.1304377317428589
42,0.03,0.0,0.08786536008119583
42,0.03,0.1,0.08786536008119583
42,0.03,0.2,0.14843101799488068
42,0.06,0.0,0.11849631369113922
42,0.06,0.1,0.11849631369113922
42,0.06,0.2,0.15988723933696747
42,0.09,0.0,0.15632298588752747
42,0.09,0.1,0.15632298588752747
42,0.09,0.2,0.16567571461200714
42,0.12,0.0,0.18162479996681213
42,0.12,0.1,0.18162479996681213
42,0.12,0.2,0.17422644793987274
42,0.15,0.0,0.18075641989707947
42,0.15,0.1,0.18075641989707947
42,0.15,0.2,0.1621531844139099
43,0.0,0.0,0.08658826351165771
43,0.0,0.1,0.08658826351165771
43,0.0,0.2,0.08558685332536697
43,0.03,0.0,0.08115100115537643
43,0.03,0.1,0.08115100115537643
43,0.03,0.2,0.08777309209108353
43,0.06,0.0,0.08261323720216751
43,0.06,0.1,0.08261323720216751
43,0.06,0.2,0.0856422632932663
43,0.09,0.0,0.08574017882347107
43,0.09,0.1,0.08574017882347107
43,0.09,0.2,0.09290280193090439
43,0.12,0.0,0.10484366863965988
43,0.12,0.1,0.10484366863965988
43,0.12,0.2,0.09721057116985321
43,0.15,0.0,0.10136676579713821
43,0.15,0.1,0.10136676579713821
43,0.15,0.2,0.08241616189479828
44,0.0,0.0,0.10058554261922836
44,0.0,0.1,0.10058554261922836
44,0.0,0.2,0.1060916930437088
44,0.03,0.0,0.09555258601903915
44,0.03,0.1,0.09555258601903915
44,0.03,0.2,0.1268744170665741
44,0.06,0.0,0.11549794673919678
44,0.06,0.1,0.11549794673919678
44,0.06,0.2,0.1266898810863495
44,0.09,0.0,0.14270810782909393
44,0.09,0.1,0.14270810782909393
44,0.09,0.2,0.12449566274881363
44,0.12,0.0,0.16403596103191376
44,0.12,0.1,0.16403596103191376
44,0.12,0.2,0.12026575952768326
44,0.15,0.0,0.14294849336147308
44,0.15,0.1,0.14294849336147308
44,0.15,0.2,0.10784133523702621
45,0.0,0.0,0.07833386212587357
45,0.0,0.1,0.07833386212587357
45,0.0,0.2,0.09113705158233643
45,0.03,0.0,0.09166654199361801
45,0.03,0.1,0.09166654199361801
45,0.03,0.2,0.08480485528707504
45,0.06,0.0,0.08343642204999924
45,0.06,0.1,0.08343642204999924
45,0.06,0.2,0.08532610535621643
45,0.09,0.0,0.09481202065944672
45,0.09,0.1,0.09481202065944672
45,0.09,0.2,0.10154558718204498
45,0.12,0.0,0.09537962079048157
45,0.12,0.1,0.09537962079048157
45,0.12,0.2,0.09729661792516708
45,0.15,0.0,0.1341237872838974
45,0.15,0.1,0.1341237872838974
45,0.15,0.2,0.10184861719608307
46,0.0,0.0,0.08331713825464249
46,0.0,0.1,0.08331713825464249
46,0.0,0.2,0.09243959933519363
46,0.03,0.0,0.09110210090875626
46,0.03,0.1,0.09110210090875626
46,0.03,0.2,0.09236910939216614
46,0.06,0.0,0.09396091103553772
46,0.06,0.1,0.09396091103553772
46,0.06,0.2,0.08758550882339478
46,0.09,0.0,0.0961812436580658
46,0.09,0.1,0.0961812436580658
46,0.09,0.2,0.08571968972682953
46,0.12,0.0,0.09133178740739822
46,0.12,0.1,0.09133178740739822
46,0.12,0.2,0.09445331245660782
46,0.15,0.0,0.08240034431219101
46,0.15,0.1,0.08240034431219101
46,0.15,0.2,0.08115723729133606
47,0.0,0.0,0.0877833366394043
47,0.0,0.1,0.0877833366394043
47,0.0,0.2,0.16986873745918274
47,0.03,0.0,0.1208832785487175
47,0.03,0.1,0.1208832785487175
47,0.03,0.2,0.1892753392457962
47,0.06,0.0,0.18190521001815796
47,0.06,0.1,0.18190521001815796
47,0.06,0.2,0.23135529458522797
47,0.09,0.0,0.24004550278186798
47,0.09,0.1,0.24004550278186798
47,0.09,0.2,0.2560177743434906
47,0.12,0.0,0.23539026081562042
47,0.12,0.1,0.23539026081562042
47,0.12,0.2,0.2223663330078125
47,0.15,0.0,0.24856917560100555
47,0.15,0.1,0.24856917560100555
47,0.15,0.2,0.21971282362937927
48,0.0,0.0,0.084410659968853
48,0.0,0.1,0.084410659968853
48,0.0,0.2,0.079171322286129
48,0.03,0.0,0.0959557592868805
48,0.03,0.1,0.0959557592868805
48,0.03,0.2,0.10300067067146301
48,0.06,0.0,0.0867069810628891
48,0.06,0.1,0.0867069810628891
48,0.06,0.2,0.11342769861221313
48,0.09,0.0,0.09471805393695831
48,0.09,0.1,0.09471805393695831
48,0.09,0.2,0.12007799744606018
48,0.12,0.0,0.12233930826187134
48,0.12,0.1,0.12233930826187134
48,0.12,0.2,0.11877235025167465
48,0.15,0.0,0.14148813486099243
48,0.15,0.1,0.14148813486099243
48,0.15,0.2,0.11476049572229385
49,0.0,0.0,0.09759893268346786
49,0.0,0.1,0.09759893268346786
49,0.0,0.2,0.10695544630289078
49,0.03,0.0,0.09040641784667969
49,0.03,0.1,0.09040641784667969
49,0.03,0.2,0.11515720933675766
49,0.06,0.0,0.1005735769867897
49,0.06,0.1,0.1005735769867897
49,0.06,0.2,0.12949815392494202
49,0.09,0.0,0.15542913973331451
49,0.09,0.1,0.15542913973331451
49,0.09,0.2,0.15866845846176147
49,0.12,0.0,0.1699872612953186
49,0.12,0.1,0.1699872612953186
49,0.12,0.2,0.16742558777332306
49,0.15,0.0,0.1620401293039322
49,0.15,0.1,0.1620401293039322
49,0.15,0.2,0.15479524433612823
5,0.0,0.0,0.08829288929700851
5,0.0,0.1,0.08829288929700851
5,0.0,0.2,0.09682662785053253
5,0.03,0.0,0.09725408256053925
5,0.03,0.1,0.09725408256053925
5,0.03,0.2,0.10373474657535553
5,0.06,0.0,0.08204133808612823
5,0.06,0.1,0.08204133808612823
5,0.06,0.2,0.09720718115568161
5,0.09,0.0,0.08603055775165558
5,0.09,0.1,0.08603055775165558
5,0.09,0.2,0.09224692732095718
5,0.12,0.0,0.10312546789646149
5,0.12,0.1,0.10312546789646149
5,0.12,0.2,0.1165367066860199
5,0.15,0.0,0.10431784391403198
5,0.15,0.1,0.10431784391403198
5,0.15,0.2,0.10816116631031036
50,0.0,0.0,0.13019415736198425
50,0.0,0.1,0.13019415736198425
50,0.0,0.2,0.13198915123939514
50,0.03,0.0,0.128429114818573
50,0.03,0.1,0.128429114818573
50,0.03,0.2,0.13129253685474396
50,0.06,0.0,0.11980076134204865
50,0.06,0.1,0.11980076134204865
50,0.06,0.2,0.11468237638473511
50,0.09,0.0,0.10606817156076431
50,0.09,0.1,0.10606817156076431
50,0.09,0.2,0.10605347156524658
50,0.12,0.0,0.11957977712154388
50,0.12,0.1,0.11957977712154388
50,0.12,0.2,0.12175387144088745
50,0.15,0.0,0.10422724485397339
50,0.15,0.1,0.10422724485397339
50,0.15,0.2,0.11145224422216415
51,0.0,0.0,0.09017462283372879
51,0.0,0.1,0.09017462283372879
51,0.0,0.2,0.0783030241727829
51,0.03,0.0,0.08083116263151169
51,0.03,0.1,0.08083116263151169
51,0.03,0.2,0.08557714521884918
51,0.06,0.0,0.08712612092494965
51,0.06,0.1,0.08712612092494965
51,0.06,0.2,0.08316737413406372
51,0.09,0.0,0.09057823568582535
51,0.09,0.1,0.09057823568582535
51,0.09,0.2,0.0892104059457779
51,0.12,0.0,0.09129420667886734
51,0.12,0.1,0.09129420667886734
51,0.12,0.2,0.08589345961809158
51,0.15,0.0,0.08580049872398376
51,0.15,0.1,0.08580049872398376
51,0.15,0.2,0.0901636928319931
52,0.0,0.0,0.09295934438705444
52,0.0,0.1,0.09295934438705444
52,0.0,0.2,0.10123893618583679
52,0.03,0.0,0.08300403505563736
52,0.03,0.1,0.08300403505563736
52,0.03,0.2,0.0877426341176033
52,0.06,0.0,0.09237617999315262
52,0.06,0.1,0.09237617999315262
52,0.06,0.2,0.0975232720375061
52,0.09,0.0,0.09118818491697311
52,0.09,0.1,0.09118818491697311
52,0.09,0.2,0.09206533432006836
52,0.12,0.0,0.09783240407705307
52,0.12,0.1,0.09783240407705307
52,0.12,0.2,0.09440283477306366
52,0.15,0.0,0.11039119958877563
52,0.15,0.1,0.11039119958877563
52,0.15,0.2,0.10127964615821838
53,0.0,0.0,0.08645904064178467
53,0.0,0.1,0.08645904064178467
53,0.0,0.2,0.12439165264368057
53,0.03,0.0,0.08276030421257019
53,0.03,0.1,0.08276030421257019
53,0.03,0.2,0.16571421921253204
53,0.06,0.0,0.12559539079666138
53,0.06,0.1,0.12559539079666138
53,0.06,0.2,0.17840008437633514
53,0.09,0.0,0.18389855325222015
53,0.09,0.1,0.18389855325222015
53,0.09,0.2,0.19204369187355042
53,0.12,0.0,0.21932265162467957
53,0.12,0.1,0.21932265162467957
53,0.12,0.2,0.19578076899051666
53,0.15,0.0,0.2201630175113678
53,0.15,0.1,0.2201630175113678
53,0.15,0.2,0.180288627743721
54,0.0,0.0,0.10208990424871445
54,0.0,0.1,0.10208990424871445
54,0.0,0.2,0.09962436556816101
54,0.03,0.0,0.10075167566537857
54,0.03,0.1,0.10075167566537857
54,0.03,0.2,0.11113991588354111
54,0.06,0.0,0.09250597655773163
54,0.06,0.1,0.09250597655773163
54,0.06,0.2,0.08969554305076599
54,0.09,0.0,0.09680713713169098
54,0.09,0.1,0.09680713713169098
54,0.09,0.2,0.10646576434373856
54,0.12,0.0,0.10428979992866516
54,0.12,0.1,0.10428979992866516
54,0.12,0.2,0.1107209175825119
54,0.15,0.0,0.11019020527601242
54,0.15,0.1,0.11019020527601242
54,0.15,0.2,0.09822215884923935
55,0.0,0.0,0.08830953389406204
55,0.0,0.1,0.08830953389406204
55,0.0,0.2,0.09237901121377945
55,0.03,0.0,0.09469667822122574
55,0.03,0.1,0.09469667822122574
55,0.03,0.2,0.09533774107694626
55,0.06,0.0,0.0870765894651413
55,0.06,0.1,0.0870765894651413
55,0.06,0.2,0.09621144831180573
55,0.09,0.0,0.08412198722362518
55,0.09,0.1,0.08412198722362518
55,0.09,0.2,0.09084530174732208
55,0.12,0.0,0.08985380828380585
55,0.12,0.1,0.08985380828380585
55,0.12,0.2,0.10094724595546722
55,0.15,0.0,0.09063378721475601
55,0.15,0.1,0.09063378721475601
55,0.15,0.2,0.10035935044288635
56,0.0,0.0,0.0857689306139946
56,0.0,0.1,0.0857689306139946
56,0.0,0.2,0.09272806346416473
56,0.03,0.0,0.08104106038808823
56,0.03,0.1,0.08104106038808823
56,0.03,0.2,0.08573107421398163
56,0.06,0.0,0.08899375796318054
56,0.06,0.1,0.08899375796318054
56,0.06,0.2,0.08440427482128143
56,0.09,0.0,0.07760654389858246
56,0.09,0.1,0.07760654389858246
56,0.09,0.2,0.08690176904201508
56,0.12,0.0,0.08569711446762085
56,0.12,0.1,0.08569711446762085
56,0.12,0.2,0.08453377336263657
56,0.15,0.0,0.08175273984670639
56,0.15,0.1,0.08175273984670639
56,0.15,0.2,0.08229189366102219
57,0.0,0.0,0.08720976859331131
57,0.0,0.1,0.08720976859331131
57,0.0,0.2,0.10221976041793823
57,0.03,0.0,0.08513186872005463
57,0.03,0.1,0.08513186872005463
57,0.03,0.2,0.10695707052946091
57,0.06,0.0,0.11049715429544449
57,0.06,0.1,0.11049715429544449
57,0.06,0.2,0.11727191507816315
57,0.09,0.0,0.11835607886314392
57,0.09,0.1,0.11835607886314392
57,0.09,0.2,0.11316099762916565
57,0.12,0.0,0.11146461218595505
57,0.12,0.1,0.11146461218595505
57,0.12,0.2,0.1022324338555336
57,0.15,0.0,0.10847477614879608
57,0.15,0.1,0.10847477614879608
57,0.15,0.2,0.09652458876371384
58,0.0,0.0,0.0866105929017067
58,0.0,0.1,0.0866105929017067
58,0.0,0.2,0.09620241820812225
58,0.03,0.0,0.07757976651191711
58,0.03,0.1,0.07757976651191711
58,0.03,0.2,0.07360760867595673
58,0.06,0.0,0.08193693310022354
58,0.06,0.1,0.08193693310022354
58,0.06,0.2,0.0805145725607872
58,0.09,0.0,0.08823246508836746
58,0.09,0.1,0.08823246508836746
58,0.09,0.2,0.09629646688699722
58,0.12,0.0,0.08494323492050171
58,0.12,0.1,0.08494323492050171
58,0.12,0.2,0.0870785117149353
58,0.15,0.0,0.08210596442222595
58,0.15,0.1,0.08210596442222595
58,0.15,0.2,0.08282414078712463
59,0.0,0.0,0.0861825942993164
59,0.0,0.1,0.0861825942993164
59,0.0,0.2,0.08509866893291473
59,0.03,0.0,0.08160009980201721
59,0.03,0.1,0.08160009980201721
59,0.03,0.2,0.08387860655784607
59,0.06,0.0,0.08198104798793793
59,0.06,0.1,0.08198104798793793
59,0.06,0.2,0.08122709393501282
59,0.09,0.0,0.10156510770320892
59,0.09,0.1,0.10156510770320892
59,0.09,0.2,0.09876465052366257
59,0.12,0.0,0.11376923322677612
59,0.12,0.1,0.11376923322677612
59,0.12,0.2,0.08548891544342041
59,0.15,0.0,0.10556316375732422
59,0.15,0.1,0.10556316375732422
59,0.15,0.2,0.07816915214061737
6,0.0,0.0,0.08692755550146103
6,0.0,0.1,0.08692755550146103
6,0.0,0.2,0.08496715873479843
6,0.03,0.0,0.08644787967205048
6,0.03,0.1,0.08644787967205048
6,0.03,0.2,0.08224932849407196
6,0.06,0.0,0.07500196993350983
6,0.06,0.1,0.07500196993350983
6,0.06,0.2,0.08625857532024384
6,0.09,0.0,0.08426914364099503
6,0.09,0.1,0.08426914364099503
6,0.09,0.2,0.08268897235393524
6,0.12,0.0,0.0912686437368393
6,0.12,0.1,0.0912686437368393
6,0.12,0.2,0.07661999017000198
6,0.15,0.0,0.08662377297878265
6,0.15,0.1,0.08662377297878265
6,0.15,0.2,0.08147883415222168
60,0.0,0.0,0.0828329548239708
60,0.0,0.1,0.0828329548239708
60,0.0,0.2,0.09123465418815613
60,0.03,0.0,0.0829993411898613
60,0.03,0.1,0.0829993411898613
60,0.03,0.2,0.07624975591897964
60,0.06,0.0,0.08593019098043442
60,0.06,0.1,0.08593019098043442
60,0.06,0.2,0.09011940658092499
60,0.09,0.0,0.08613532036542892
60,0.09,0.1,0.08613532036542892
60,0.09,0.2,0.08438689261674881
60,0.12,0.0,0.08463559299707413
60,0.12,0.1,0.08463559299707413
60,0.12,0.2,0.09461065381765366
60,0.15,0.0,0.09836135059595108
60,0.15,0.1,0.09836135059595108
60,0.15,0.2,0.09360428154468536
61,0.0,0.0,0.09136047959327698
61,0.0,0.1,0.09136047959327698
61,0.0,0.2,0.09791397303342819
61,0.03,0.0,0.09304405003786087
61,0.03,0.1,0.09304405003786087
61,0.03,0.2,0.10090453922748566
61,0.06,0.0,0.08320698887109756
61,0.06,0.1,0.08320698887109756
61,0.06,0.2,0.08540263772010803
61,0.09,0.0,0.0956295058131218
61,0.09,0.1,0.0956295058131218
61,0.09,0.2,0.10876519232988358
61,0.12,0.0,0.08203667402267456
61,0.12,0.1,0.08203667402267456
61,0.12,0.2,0.09421646595001221
61,0.15,0.0,0.09075672924518585
61,0.15,0.1,0.09075672924518585
61,0.15,0.2,0.08750476688146591
62,0.0,0.0,0.08999594300985336
62,0.0,0.1,0.08999594300985336
62,0.0,0.2,0.09864912927150726
62,0.03,0.0,0.08608436584472656
62,0.03,0.1,0.08608436584472656
62,0.03,0.2,0.10601021349430084
62,0.06,0.0,0.09555980563163757
62,0.06,0.1,0.09555980563163757
62,0.06,0.2,0.11089950799942017
62,0.09,0.0,0.14760415256023407
62,0.09,0.1,0.14760415256023407
62,0.09,0.2,0.14033401012420654
62,0.12,0.0,0.1544141322374344
62,0.12,0.1,0.1544141322374344
62,0.12,0.2,0.12514947354793549
62,0.15,0.0,0.14086490869522095
62,0.15,0.1,0.14086490869522095
62,0.15,0.2,0.1071011945605278
63,0.0,0.0,0.08506933599710464
63,0.0,0.1,0.08506933599710464
63,0.0,0.2,0.08049026131629944
63,0.03,0.0,0.09339766204357147
63,0.03,0.1,0.09339766204357147
63,0.03,0.2,0.09507666528224945
63,0.06,0.0,0.09003771841526031
63,0.06,0.1,0.09003771841526031
63,0.06,0.2,0.09415919333696365
63,0.09,0.0,0.09448745101690292
63,0.09,0.1,0.09448745101690292
63,0.09,0.2,0.10207788646221161
63,0.12,0.0,0.10557637363672256
63,0.12,0.1,0.10557637363672256
63,0.12,0.2,0.09741796553134918
63,0.15,0.0,0.109763503074646
63,0.15,0.1,0.109763503074646
63,0.15,0.2,0.10358178615570068
64,0.0,0.0,0.09925102442502975
64,0.0,0.1,0.09925102442502975
64,0.0,0.2,0.0977402999997139
64,0.03,0.0,0.10058770328760147
64,0.03,0.1,0.10058770328760147
64,0.03,0.2,0.08902359008789062
64,0.06,0.0,0.09074552357196808
64,0.06,0.1,0.09074552357196808
64,0.06,0.2,0.09529408067464828
64,0.09,0.0,0.08584094792604446
64,0.09,0.1,0.08584094792604446
64,0.09,0.2,0.08851008862257004
64,0.12,0.0,0.0960487425327301
64,0.12,0.1,0.0960487425327301
64,0.12,0.2,0.09450581669807434
64,0.15,0.0,0.09783635288476944
64,0.15,0.1,0.09783635288476944
64,0.15,0.2,0.10201635956764221
65,0.0,0.0,0.08471410721540451
65,0.0,0.1,0.08471410721540451
65,0.0,0.2,0.08897703140974045
65,0.03,0.0,0.08116152137517929
65,0.03,0.1,0.08116152137517929
65,0.03,0.2,0.0853375494480133
65,0.06,0.0,0.0962374284863472
65,0.06,0.1,0.0962374284863472
65,0.06,0.2,0.10170859098434448
65,0.09,0.0,0.09290289133787155
65,0.09,0.1,0.09290289133787155
65,0.09,0.2,0.09976092725992203
65,0.12,0.0,0.09498222172260284
65,0.12,0.1,0.09498222172260284
65,0.12,0.2,0.10137955844402313
65,0.15,0.0,0.09520839899778366
65,0.15,0.1,0.09520839899778366
65,0.15,0.2,0.10207518190145493
66,0.0,0.0,0.08193650096654892
66,0.0,0.1,0.08193650096654892
66,0.0,0.2,0.12639982998371124
66,0.03,0.0,0.09972711652517319
66,0.03,0.1,0.09972711652517319
66,0.03,0.2,0.10590346902608871
66,0.06,0.0,0.10389887541532516
66,0.06,0.1,0.10389887541532516
66,0.06,0.2,0.1234489232301712
66,0.09,0.0,0.16471390426158905
66,0.09,0.1,0.16471390426158905
66,0.09,0.2,0.13018538057804108
66,0.12,0.0,0.15913039445877075
66,0.12,0.1,0.15913039445877075
66,0.12,0.2,0.10663799941539764
66,0.15,0.0,0.1537267118692398
66,0.15,0.1,0.1537267118692398
66,0.15,0.2,0.10429281741380692
67,0.0,0.0,0.1045084297657013
67,0.0,0.1,0.1045084297657013
67,0.0,0.2,0.101052425801754
67,0.03,0.0,0.07977943867444992
67,0.03,0.1,0.07977943867444992
67,0.03,0.2,0.082605741918087
67,0.06,0.0,0.07363937050104141
67,0.06,0.1,0.07363937050104141
67,0.06,0.2,0.08685319125652313
67,0.09,0.0,0.08312229067087173
67,0.09,0.1,0.08312229067087173
67,0.09,0.2,0.09954521059989929
67,0.12,0.0,0.1032106801867485
67,0.12,0.1,0.1032106801867485
67,0.12,0.2,0.10776614397764206
67,0.15,0.0,0.10280144959688187
67,0.15,0.1,0.10280144959688187
67,0.15,0.2,0.10864540934562683
68,0.0,0.0,0.08648229390382767
68,0.0,0.1,0.08648229390382767
68,0.0,0.2,0.09042396396398544
68,0.03,0.0,0.09237966686487198
68,0.03,0.1,0.09237966686487198
68,0.03,0.2,0.09839826077222824
68,0.06,0.0,0.0841565653681755
68,0.06,0.1,0.0841565653681755
68,0.06,0.2,0.08310845494270325
68,0.09,0.0,0.0830155536532402
68,0.09,0.1,0.0830155536532402
68,0.09,0.2,0.08642806112766266
68,0.12,0.0,0.08666978776454926
68,0.12,0.1,0.08666978776454926
68,0.12,0.2,0.0890403687953949
68,0.15,0.0,0.08424223959445953
68,0.15,0.1,0.08424223959445953
68,0.15,0.2,0.0839654877781868
69,0.0,0.0,0.09045135229825974
69,0.0,0.1,0.09045135229825974
69,0.0,0.2,0.08879942446947098
69,0.03,0.0,0.09109160304069519
69,0.03,0.1,0.09109160304069519
69,0.03,0.2,0.08374656736850739
69,0.06,0.0,0.08460674434900284
69,0.06,0.1,0.08460674434900284
69,0.06,0.2,0.08374172449111938
69,0.09,0.0,0.08859600871801376
69,0.09,0.1,0.08859600871801376
69,0.09,0.2,0.08951953798532486
69,0.12,0.0,0.08928078413009644
69,0.12,0.1,0.08928078413009644
69,0.12,0.2,0.10149147361516953
69,0.15,0.0,0.09316255152225494
69,0.15,0.1,0.09316255152225494
69,0.15,0.2,0.09831801056861877
7,0.0,0.0,0.08308576047420502
7,0.0,0.1,0.08308576047420502
7,0.0,0.2,0.0883474200963974
7,0.03,0.0,0.08466283977031708
7,0.03,0.1,0.08466283977031708
7,0.03,0.2,0.09703421592712402
7,0.06,0.0,0.10049617290496826
7,0.06,0.1,0.10049617290496826
7,0.06,0.2,0.10601765662431717
7,0.09,0.0,0.12016218900680542
7,0.09,0.1,0.12016218900680542
7,0.09,0.2,0.12030020356178284
7,0.12,0.0,0.12805186212062836
7,0.12,0.1,0.12805186212062836
7,0.12,0.2,0.10916183143854141
7,0.15,0.0,0.11961318552494049
7,0.15,0.1,0.11961318552494049
7,0.15,0.2,0.0931849405169487
70,0.0,0.0,0.0947924330830574
70,0.0,0.1,0.0947924330830574
70,0.0,0.2,0.09674514830112457
70,0.03,0.0,0.10199721902608871
70,0.03,0.1,0.10199721902608871
70,0.03,0.2,0.09806711971759796
70,0.06,0.0,0.11076200753450394
70,0.06,0.1,0.11076200753450394
70,0.06,0.2,0.10519921779632568
70,0.09,0.0,0.10368692129850388
70,0.09,0.1,0.10368692129850388
70,0.09,0.2,0.10893581807613373
70,0.12,0.0,0.12906712293624878
70,0.12,0.1,0.12906712293624878
70,0.12,0.2,0.1168726235628128
70,0.15,0.0,0.11388508975505829
70,0.15,0.1,0.11388508975505829
70,0.15,0.2,0.1074838638305664
71,0.0,0.0,0.08747824281454086
71,0.0,0.1,0.08747824281454086
71,0.0,0.2,0.11615408957004547
71,0.03,0.0,0.08182142674922943
71,0.03,0.1,0.08182142674922943
71,0.03,0.2,0.11832500249147415
71,0.06,0.0,0.11699465662240982
71,0.06,0.1,0.11699465662240982
71,0.06,0.2,0.15100543200969696
71,0.09,0.0,0.14982803165912628
71,0.09,0.1,0.14982803165912628
71,0.09,0.2,0.1571943461894989
71,0.12,0.0,0.17170532047748566
71,0.12,0.1,0.17170532047748566
71,0.12,0.2,0.15867342054843903
71,0.15,0.0,0.1731550097465515
71,0.15,0.1,0.1731550097465515
71,0.15,0.2,0.15294842422008514
72,0.0,0.0,0.09056513756513596
72,0.0,0.1,0.09056513756513596
72,0.0,0.2,0.08733953535556793
72,0.03,0.0,0.0886598452925682
72,0.03,0.1,0.0886598452925682
72,0.03,0.2,0.08858716487884521
72,0.06,0.0,0.08500512689352036
72,0.06,0.1,0.08500512689352036
72,0.06,0.2,0.11076724529266357
72,0.09,0.0,0.10473164170980453
72,0.09,0.1,0.10473164170980453
72,0.09,0.2,0.1086675152182579
72,0.12,0.0,0.11309424787759781
72,0.12,0.1,0.11309424787759781
72,0.12,0.2,0.12329592555761337
72,0.15,0.0,0.11591547727584839
72,0.15,0.1,0.11591547727584839
72,0.15,0.2,0.12558208405971527
73,0.0,0.0,0.09077897667884827
73,0.0,0.1,0.09077897667884827
73,0.0,0.2,0.11384326964616776
73,0.03,0.0,0.09742511063814163
73,0.03,0.1,0.09742511063814163
73,0.03,0.2,0.12232958525419235
73,0.06,0.0,0.11056724935770035
73,0.06,0.1,0.11056724935770035
73,0.06,0.2,0.13839486241340637
73,0.09,0.0,0.12297068536281586
73,0.09,0.1,0.12297068536281586
73,0.09,0.2,0.14594678580760956
73,0.12,0.0,0.14292891323566437
73,0.12,0.1,0.14292891323566437
73,0.12,0.2,0.152591735124588
73,0.15,0.0,0.1389065384864807
73,0.15,0.1,0.1389065384864807
73,0.15,0.2,0.14616380631923676
74,0.0,0.0,0.0906120166182518
74,0.0,0.1,0.0906120166182518
74,0.0,0.2,0.09539925307035446
74,0.03,0.0,0.08939024060964584
74,0.03,0.1,0.08939024060964584
74,0.03,0.2,0.09068542718887329
74,0.06,0.0,0.10763639211654663
74,0.06,0.1,0.10763639211654663
74,0.06,0.2,0.09103699773550034
74,0.09,0.0,0.11658211052417755
74,0.09,0.1,0.11658211052417755
74,0.09,0.2,0.09466402232646942
74,0.12,0.0,0.08630865812301636
74,0.12,0.1,0.08630865812301636
74,0.12,0.2,0.08657212555408478
74,0.15,0.0,0.08454430848360062
74,0.15,0.1,0.08454430848360062
74,0.15,0.2,0.08150570094585419
75,0.0,0.0,0.08654570579528809
75,0.0,0.1,0.08654570579528809
75,0.0,0.2,0.08869252353906631
75,0.03,0.0,0.08726503700017929
75,0.03,0.1,0.08726503700017929
75,0.03,0.2,0.08738624304533005
75,0.06,0.0,0.0794190987944603
75,0.06,0.1,0.0794190987944603
75,0.06,0.2,0.08410567045211792
75,0.09,0.0,0.07999622821807861
75,0.09,0.1,0.07999622821807861
75,0.09,0.2,0.08038127422332764
75,0.12,0.0,0.08590430021286011
75,0.12,0.1,0.08590430021286011
75,0.12,0.2,0.08925587683916092
75,0.15,0.0,0.08954022824764252
75,0.15,0.1,0.08954022824764252
75,0.15,0.2,0.0892292931675911
76,0.0,0.0,0.09421774744987488
76,0.0,0.1,0.09421774744987488
76,0.0,0.2,0.10084786266088486
76,0.03,0.0,0.08411678671836853
76,0.03,0.1,0.08411678671836853
76,0.03,0.2,0.09896703064441681
76,0.06,0.0,0.1069100871682167
76,0.06,0.1,0.1069100871682167
76,0.06,0.2,0.10655845701694489
76,0.09,0.0,0.11536841094493866
76,0.09,0.1,0.11536841094493866
76,0.09,0.2,0.11918368190526962
76,0.12,0.0,0.13372814655303955
76,0.12,0.1,0.13372814655303955
76,0.12,0.2,0.12337157130241394
76,0.15,0.0,0.1252686083316803
76,0.15,0.1,0.1252686083316803
76,0.15,0.2,0.11036599427461624
77,0.0,0.0,0.08328904956579208
77,0.0,0.1,0.08328904956579208
77,0.0,0.2,0.12482702732086182
77,0.03,0.0,0.08737333863973618
77,0.03,0.1,0.08737333863973618
77,0.03,0.2,0.14028586447238922
77,0.06,0.0,0.13922972977161407
77,0.06,0.1,0.13922972977161407
77,0.06,0.2,0.16025538742542267
77,0.09,0.0,0.17057892680168152
77,0.09,0.1,0.17057892680168152
77,0.09,0.2,0.16896486282348633
77,0.12,0.0,0.17335276305675507
77,0.12,0.1,0.17335276305675507
77,0.12,0.2,0.16898486018180847
77,0.15,0.0,0.14071470499038696
77,0.15,0.1,0.14071470499038696
77,0.15,0.2,0.14327265322208405
78,0.0,0.0,0.07488022744655609
78,0.0,0.1,0.07488022744655609
78,0.0,0.2,0.07827803492546082
78,0.03,0.0,0.0934755876660347
78,0.03,0.1,0.0934755876660347
78,0.03,0.2,0.09329600632190704
78,0.06,0.0,0.08982641249895096
78,0.06,0.1,0.08982641249895096
78,0.06,0.2,0.1019069254398346
78,0.09,0.0,0.11006446927785873
78,0.09,0.1,0.11006446927785873
78,0.09,0.2,0.10453881323337555
78,0.12,0.0,0.11953876912593842
78,0.12,0.1,0.11953876912593842
78,0.12,0.2,0.09940816462039948
78,0.15,0.0,0.12199433892965317
78,0.15,0.1,0.12199433892965317
78,0.15,0.2,0.09806584566831589
79,0.0,0.0,0.08311215043067932
79,0.0,0.1,0.08311215043067932
79,0.0,0.2,0.11287511885166168
79,0.03,0.0,0.09601645916700363
79,0.03,0.1,0.09601645916700363
79,0.03,0.2,0.13514955341815948
79,0.06,0.0,0.1447240561246872
79,0.06,0.1,0.1447240561246872
79,0.06,0.2,0.1543530374765396
79,0.09,0.0,0.16334247589111328
79,0.09,0.1,0.16334247589111328
79,0.09,0.2,0.15497487783432007
79,0.12,0.0,0.1553865671157837
79,0.12,0.1,0.1553865671157837
79,0.12,0.2,0.12931397557258606
79,0.15,0.0,0.13472779095172882
79,0.15,0.1,0.13472779095172882
79,0.15,0.2,0.10298063606023788
8,0.0,0.0,0.10302157700061798
8,0.0,0.1,0.10302157700061798
8,0.0,0.2,0.09793075174093246
8,0.03,0.0,0.09774257242679596
8,0.03,0.1,0.09774257242679596
8,0.03,0.2,0.08806780725717545
8,0.06,0.0,0.10983379185199738
8,0.06,0.1,0.10983379185199738
8,0.06,0.2,0.08625976741313934
8,0.09,0.0,0.09850776195526123
8,0.09,0.1,0.09850776195526123
8,0.09,0.2,0.08537410199642181
8,0.12,0.0,0.08100906014442444
8,0.12,0.1,0.08100906014442444
8,0.12,0.2,0.0893455371260643
8,0.15,0.0,0.08762945234775543
8,0.15,0.1,0.08762945234775543
8,0.15,0.2,0.09056287258863449
80,0.0,0.0,0.09769728034734726
80,0.0,0.1,0.09769728034734726
80,0.0,0.2,0.11298960447311401
80,0.03,0.0,0.0882624164223671
80,0.03,0.1,0.0882624164223671
80,0.03,0.2,0.08881451189517975
80,0.06,0.0,0.0893525704741478
80,0.06,0.1,0.0893525704741478
80,0.06,0.2,0.08557964116334915
80,0.09,0.0,0.11038350313901901
80,0.09,0.1,0.11038350313901901
80,0.09,0.2,0.09101223200559616
80,0.12,0.0,0.10654007643461227
80,0.12,0.1,0.10654007643461227
80,0.12,0.2,0.09500354528427124
80,0.15,0.0,0.08931519836187363
80,0.15,0.1,0.08931519836187363
80,0.15,0.2,0.08635450899600983
81,0.0,0.0,0.08466096222400665
81,0.0,0.1,0.08466096222400665
81,0.0,0.2,0.08644020557403564
81,0.03,0.0,0.08365955948829651
81,0.03,0.1,0.08365955948829651
81,0.03,0.2,0.09139110147953033
81,0.06,0.0,0.08653365820646286
81,0.06,0.1,0.08653365820646286
81,0.06,0.2,0.08916647732257843
81,0.09,0.0,0.0936172604560852
81,0.09,0.1,0.0936172604560852
81,0.09,0.2,0.09950554370880127
81,0.12,0.0,0.1002829372882843
81,0.12,0.1,0.1002829372882843
81,0.12,0.2,0.09453533589839935
81,0.15,0.0,0.10294033586978912
81,0.15,0.1,0.10294033586978912
81,0.15,0.2,0.08444541692733765
82,0.0,0.0,0.09475924074649811
82,0.0,0.1,0.09475924074649811
82,0.0,0.2,0.12429303675889969
82,0.03,0.0,0.08534732460975647
82,0.03,0.1,0.08534732460975647
82,0.03,0.2,0.1475621610879898
82,0.06,0.0,0.09534360468387604
82,0.06,0.1,0.09534360468387604
82,0.06,0.2,0.15955750644207
82,0.09,0.0,0.13728424906730652
82,0.09,0.1,0.13728424906730652
82,0.09,0.2,0.18444576859474182
82,0.12,0.0,0.15112431347370148
82,0.12,0.1,0.15112431347370148
82,0.12,0.2,0.17110377550125122
82,0.15,0.0,0.16659200191497803
82,0.15,0.1,0.16659200191497803
82,0.15,0.2,0.1585879623889923
83,0.0,0.0,0.09126649796962738
83,0.0,0.1,0.09126649796962738
83,0.0,0.2,0.09955423325300217
83,0.03,0.0,0.09360089898109436
83,0.03,0.1,0.09360089898109436
83,0.03,0.2,0.0891016349196434
83,0.06,0.0,0.10286327451467514
83,0.06,0.1,0.10286327451467514
83,0.06,0.2,0.0975116416811943
83,0.09,0.0,0.10315433889627457
83,0.09,0.1,0.10315433889627457
83,0.09,0.2,0.10828883945941925
83,0.12,0.0,0.09210855513811111
83,0.12,0.1,0.09210855513811111
83,0.12,0.2,0.08577599376440048
83,0.15,0.0,0.10090776532888412
83,0.15,0.1,0.10090776532888412
83,0.15,0.2,0.09633037447929382
84,0.0,0.0,0.0830596536397934
84,0.0,0.1,0.0830596536397934
84,0.0,0.2,0.10246453434228897
84,0.03,0.0,0.09709519892930984
84,0.03,0.1,0.09709519892930984
84,0.03,0.2,0.1249530091881752
84,0.06,0.0,0.12375740706920624
84,0.06,0.1,0.12375740706920624
84,0.06,0.2,0.12848523259162903
84,0.09,0.0,0.1477683037519455
84,0.09,0.1,0.1477683037519455
84,0.09,0.2,0.15112297236919403
84,0.12,0.0,0.14620569348335266
84,0.12,0.1,0.14620569348335266
84,0.12,0.2,0.15330715477466583
84,0.15,0.0,0.14242762327194214
84,0.15,0.1,0.14242762327194214
84,0.15,0.2,0.14613816142082214
85,0.0,0.0,0.07517530024051666
85,0.0,0.1,0.07517530024051666
85,0.0,0.2,0.10676351189613342
85,0.03,0.0,0.09356921911239624
85,0.03,0.1,0.09356921911239624
85,0.03,0.2,0.11615482717752457
85,0.06,0.0,0.11079833656549454
85,0.06,0.1,0.11079833656549454
85,0.06,0.2,0.1274438500404358
85,0.09,0.0,0.137091264128685
85,0.09,0.1,0.137091264128685
85,0.09,0.2,0.11941753327846527
85,0.12,0.0,0.14201810956001282
85,0.12,0.1,0.14201810956001282
85,0.12,0.2,0.11473806947469711
85,0.15,0.0,0.12329920381307602
85,0.15,0.1,0.12329920381307602
85,0.15,0.2,0.09917573630809784
86,0.0,0.0,0.09183250367641449
86,0.0,0.1,0.09183250367641449
86,0.0,0.2,0.10547304898500443
86,0.03,0.0,0.0868246778845787
86,0.03,0.1,0.0868246778845787
86,0.03,0.2,0.144431009888649
86,0.06,0.0,0.12242970615625381
86,0.06,0.1,0.12242970615625381
86,0.06,0.2,0.16065381467342377
86,0.09,0.0,0.14681212604045868
86,0.09,0.1,0.14681212604045868
86,0.09,0.2,0.1712341457605362
86,0.12,0.0,0.16733767092227936
86,0.12,0.1,0.16733767092227936
86,0.12,0.2,0.1776179075241089
86,0.15,0.0,0.16614694893360138
86,0.15,0.1,0.16614694893360138
86,0.15,0.2,0.1724506914615631
87,0.0,0.0,0.07890763878822327
87,0.0,0.1,0.07890763878822327
87,0.0,0.2,0.09316381067037582
87,0.03,0.0,0.08579739183187485
87,0.03,0.1,0.08579739183187485
87,0.03,0.2,0.09875527024269104
87,0.06,0.0,0.08733579516410828
87,0.06,0.1,0.08733579516410828
87,0.06,0.2,0.11388932168483734
87,0.09,0.0,0.10382643342018127
87,0.09,0.1,0.10382643342018127
87,0.09,0.2,0.10947572439908981
87,0.12,0.0,0.12721076607704163
87,0.12,0.1,0.12721076607704163
87,0.12,0.2,0.10200723260641098
87,0.15,0.0,0.1286638230085373
87,0.15,0.1,0.1286638230085373
87,0.15,0.2,0.10169871151447296
88,0.0,0.0,0.09321385622024536
88,0.0,0.1,0.09321385622024536
88,0.0,0.2,0.163634791970253
88,0.03,0.0,0.12603898346424103
88,0.03,0.1,0.12603898346424103
88,0.03,0.2,0.20588064193725586
88,0.06,0.0,0.15451456606388092
88,0.06,0.1,0.15451456606388092
88,0.06,0.2,0.21013610064983368
88,0.09,0.0,0.1997864693403244
88,0.09,0.1,0.1997864693403244
88,0.09,0.2,0.22785860300064087
88,0.12,0.0,0.24628408253192902
88,0.12,0.1,0.24628408253192902
88,0.12,0.2,0.2428552508354187
88,0.15,0.0,0.2454029619693756
88,0.15,0.1,0.2454029619693756
88,0.15,0.2,0.22975724935531616
89,0.0,0.0,0.10121238976716995
89,0.0,0.1,0.10121238976716995
89,0.0,0.2,0.09863365441560745
89,0.03,0.0,0.08100573718547821
89,0.03,0.1,0.08100573718547821
89,0.03,0.2,0.08283475786447525
89,0.06,0.0,0.08763314038515091
89,0.06,0.1,0.08763314038515091
89,0.06,0.2,0.08757072687149048
89,0.09,0.0,0.08534884452819824
89,0.09,0.1,0.08534884452819824
89,0.09,0.2,0.09007105231285095
89,0.12,0.0,0.08993783593177795
89,0.12,0.1,0.08993783593177795
89,0.12,0.2,0.08939933776855469
89,0.15,0.0,0.09080130606889725
89,0.15,0.1,0.09080130606889725
89,0.15,0.2,0.08842482417821884
9,0.0,0.0,0.08318950235843658
9,0.0,0.1,0.08318950235843658
9,0.0,0.2,0.07989762723445892
9,0.03,0.0,0.08049573004245758
9,0.03,0.1,0.08049573004245758
9,0.03,0.2,0.08114168047904968
9,0.06,0.0,0.07789791375398636
9,0.06,0.1,0.07789791375398636
9,0.06,0.2,0.0847158432006836
9,0.09,0.0,0.08856682479381561
9,0.09,0.1,0.08856682479381561
9,0.09,0.2,0.09072577208280563
9,0.12,0.0,0.08726917207241058
9,0.12,0.1,0.08726917207241058
9,0.12,0.2,0.08510391414165497
9,0.15,0.0,0.09266824275255203
9,0.15,0.1,0.09266824275255203
9,0.15,0.2,0.08955699950456619
90,0.0,0.0,0.08627482503652573
90,0.0,0.1,0.08627482503652573
90,0.0,0.2,0.08064790815114975
90,0.03,0.0,0.08798211067914963
90,0.03,0.1,0.08798211067914963
90,0.03,0.2,0.09116757661104202
90,0.06,0.0,0.08026204258203506
90,0.06,0.1,0.08026204258203506
90,0.06,0.2,0.08271921426057816
90,0.09,0.0,0.08099231868982315
90,0.09,0.1,0.08099231868982315
90,0.09,0.2,0.09612327814102173
90,0.12,0.0,0.10627184808254242
90,0.12,0.1,0.10627184808254242
90,0.12,0.2,0.11655563861131668
90,0.15,0.0,0.0958419218659401
90,0.15,0.1,0.0958419218659401
90,0.15,0.2,0.10485895723104477
91,0.0,0.0,0.08577334880828857
91,0.0,0.1,0.08577334880828857
91,0.0,0.2,0.08914162963628769
91,0.03,0.0,0.0858786478638649
91,0.03,0.1,0.0858786478638649
91,0.03,0.2,0.08542980253696442
91,0.06,0.0,0.08600199967622757
91,0.06,0.1,0.08600199967622757
91,0.06,0.2,0.08457392454147339
91,0.09,0.0,0.07960442453622818
91,0.09,0.1,0.07960442453622818
91,0.09,0.2,0.09107029438018799
91,0.12,0.0,0.09563718736171722
91,0.12,0.1,0.09563718736171722
91,0.12,0.2,0.10003963857889175
91,0.15,0.0,0.10066965967416763
91,0.15,0.1,0.10066965967416763
91,0.15,0.2,0.10470551997423172
92,0.0,0.0,0.08852444589138031
92,0.0,0.1,0.08852444589138031
92,0.0,0.2,0.09633567184209824
92,0.03,0.0,0.0863630399107933
92,0.03,0.1,0.0863630399107933
92,0.03,0.2,0.1007179543375969
92,0.06,0.0,0.08811542391777039
92,0.06,0.1,0.08811542391777039
92,0.06,0.2,0.10073830932378769
92,0.09,0.0,0.10198388248682022
92,0.09,0.1,0.10198388248682022
92,0.09,0.2,0.09874825924634933
92,0.12,0.0,0.09368295967578888
92,0.12,0.1,0.09368295967578888
92,0.12,0.2,0.09610123932361603
92,0.15,0.0,0.09697943925857544
92,0.15,0.1,0.09697943925857544
92,0.15,0.2,0.1033904105424881
93,0.0,0.0,0.08238275349140167
93,0.0,0.1,0.08238275349140167
93,0.0,0.2,0.08767271041870117
93,0.03,0.0,0.08564277738332748
93,0.03,0.1,0.08564277738332748
93,0.03,0.2,0.08550573885440826
93,0.06,0.0,0.0852612555027008
93,0.06,0.1,0.0852612555027008
93,0.06,0.2,0.09310764074325562
93,0.09,0.0,0.07879363000392914
93,0.09,0.1,0.07879363000392914
93,0.09,0.2,0.09340681880712509
93,0.12,0.0,0.08629900217056274
93,0.12,0.1,0.08629900217056274
93,0.12,0.2,0.09746602177619934
93,0.15,0.0,0.09776835888624191
93,0.15,0.1,0.09776835888624191
93,0.15,0.2,0.1080266535282135
94,0.0,0.0,0.08935829252004623
94,0.0,0.1,0.08935829252004623
94,0.0,0.2,0.09138063341379166
94,0.03,0.0,0.0804806649684906
94,0.03,0.1,0.0804806649684906
94,0.03,0.2,0.0963040143251419
94,0.06,0.0,0.1020883172750473
94,0.06,0.1,0.1020883172750473
94,0.06,0.2,0.12573592364788055
94,0.09,0.0,0.1347111016511917
94,0.09,0.1,0.1347111016511917
94,0.09,0.2,0.15007847547531128
94,0.12,0.0,0.13995380699634552
94,0.12,0.1,0.13995380699634552
94,0.12,0.2,0.13967233896255493
94,0.15,0.0,0.13940083980560303
94,0.15,0.1,0.13940083980560303
94,0.15,0.2,0.14056937396526337
95,0.0,0.0,0.08496257662773132
95,0.0,0.1,0.08496257662773132
95,0.0,0.2,0.10001462697982788
95,0.03,0.0,0.10094620287418365
95,0.03,0.1,0.10094620287418365
95,0.03,0.2,0.10551591962575912
95,0.06,0.0,0.1244291365146637
95,0.06,0.1,0.1244291365146637
95,0.06,0.2,0.1320682168006897
95,0.09,0.0,0.14276421070098877
95,0.09,0.1,0.14276421070098877
95,0.09,0.2,0.13938148319721222
95,0.12,0.0,0.1404675990343094
95,0.12,0.1,0.1404675990343094
95,0.12,0.2,0.12062420696020126
95,0.15,0.0,0.12101557850837708
95,0.15,0.1,0.12101557850837708
95,0.15,0.2,0.10011065006256104
96,0.0,0.0,0.08554881066083908
96,0.0,0.1,0.08554881066083908
96,0.0,0.2,0.07966216653585434
96,0.03,0.0,0.0794808641076088
96,0.03,0.1,0.0794808641076088
96,0.03,0.2,0.0863400474190712
96,0.06,0.0,0.0943756252527237
96,0.06,0.1,0.0943756252527237
96,0.06,0.2,0.08978297561407089
96,0.09,0.0,0.0915270745754242
96,0.09,0.1,0.0915270745754242
96,0.09,0.2,0.08628714829683304
96,0.12,0.0,0.08108506351709366
96,0.12,0.1,0.08108506351709366
96,0.12,0.2,0.09502821415662766
96,0.15,0.0,0.09821824729442596
96,0.15,0.1,0.09821824729442596
96,0.15,0.2,0.10116120427846909
97,0.0,0.0,0.0945819616317749
97,0.0,0.1,0.0945819616317749
97,0.0,0.2,0.08758629113435745
97,0.03,0.0,0.08854213356971741
97,0.03,0.1,0.08854213356971741
97,0.03,0.2,0.09194566309452057
97,0.06,0.0,0.09397249668836594
97,0.06,0.1,0.09397249668836594
97,0.06,0.2,0.09886502474546432
97,0.09,0.0,0.09276222437620163
97,0.09,0.1,0.09276222437620163
97,0.09,0.2,0.09227157384157181
97,0.12,0.0,0.10326559096574783
97,0.12,0.1,0.10326559096574783
97,0.12,0.2,0.09754657745361328
97,0.15,0.0,0.09864026308059692
97,0.15,0.1,0.09864026308059692
97,0.15,0.2,0.10514936596155167
98,0.0,0.0,0.08312973380088806
98,0.0,0.1,0.08312973380088806
98,0.0,0.2,0.12408268451690674
98,0.03,0.0,0.089528389275074
98,0.03,0.1,0.089528389275074
98,0.03,0.2,0.13569386303424835
98,0.06,0.0,0.12346440553665161
98,0.06,0.1,0.12346440553665161
98,0.06,0.2,0.142445906996727
98,0.09,0.0,0.1659902036190033
98,0.09,0.1,0.1659902036190033
98,0.09,0.2,0.16408072412014008
98,0.12,0.0,0.18414795398712158
98,0.12,0.1,0.18414795398712158
98,0.12,0.2,0.16049213707447052
98,0.15,0.0,0.1718737632036209
98,0.15,0.1,0.1718737632036209
98,0.15,0.2,0.14196202158927917
99,0.0,0.0,0.0827542394399643
99,0.0,0.1,0.0827542394399643
99,0.0,0.2,0.0875699445605278
99,0.03,0.0,0.09296909719705582
99,0.03,0.1,0.09296909719705582
99,0.03,0.2,0.08799291402101517
99,0.06,0.0,0.1014653742313385
99,0.06,0.1,0.1014653742313385
99,0.06,0.2,0.08980520814657211
99,0.09,0.0,0.1090758740901947
99,0.09,0.1,0.1090758740901947
99,0.09,0.2,0.10824183374643326
99,0.12,0.0,0.10312671214342117
99,0.12,0.1,0.10312671214342117
99,0.12,0.2,0.0919850766658783
99,0.15,0.0,0.10394566506147385
99,0.15,0.1,0.10394566506147385
99,0.15,0.2,0.09038358926773071
